{
"type": "FeatureCollection",
"name": "LM_07_FMB_20150709_CS_MB_4708_4713_depth",
"crs": { "type": "name", "properties": { "name": "urn:ogc:def:crs:EPSG::26915" } },
"features": [
{ "type": "Feature", "properties": { "depth_bin": "45-50" }, "geometry": { "type": "MultiPolygon", "coordinates": [ [ [ [ 675512.178878272301517, 3616316.405287706758827 ], [ 675497.475926215527579, 3616334.988707113079727 ], [ 675493.561363378306851, 3616362.631746813189238 ], [ 675501.872356459847651, 3616380.203865299001336 ], [ 675524.949574276106432, 3616398.068610810674727 ], [ 675554.502976369694807, 3616405.950694339815527 ], [ 675582.261023623752408, 3616403.203786676283926 ], [ 675611.528010583017021, 3616385.565277392975986 ], [ 675629.392757794586942, 3616362.488056861329824 ], [ 675629.431048670550808, 3616330.349921569693834 ], [ 675604.774574147420935, 3616307.102035151794553 ], [ 675544.413018258870579, 3616303.215972055215389 ], [ 675512.178878272301517, 3616316.405287706758827 ] ] ], [ [ [ 676077.861801111022942, 3616329.347666320390999 ], [ 676048.565384131274186, 3616320.460695387795568 ], [ 676021.565651609911583, 3616334.892353088129312 ], [ 676012.678680677548982, 3616364.188770067878067 ], [ 676027.110338377882726, 3616391.18850258924067 ], [ 676056.406755357631482, 3616400.075473521836102 ], [ 676083.406487878994085, 3616385.643815821502358 ], [ 676092.293458811356686, 3616356.347398841753602 ], [ 676077.861801111022942, 3616329.347666320390999 ] ] ] ] } },
{ "type": "Feature", "properties": { "depth_bin": "50-55" }, "geometry": { "type": "MultiPolygon", "coordinates": [ [ [ [ 675482.526868564425968, 3616310.673000860959291 ], [ 675474.215875482885167, 3616328.245119346771389 ], [ 675473.64150987949688, 3616366.704344437923282 ], [ 675482.431310392566957, 3616390.340882721357048 ], [ 675500.382757590152323, 3616405.073254701215774 ], [ 675528.374305485514924, 3616414.440504777710885 ], [ 675575.214873048826121, 3616411.698304694611579 ], [ 675611.192263870965689, 3616397.120989669580013 ], [ 675629.086430270690471, 3616374.675742463208735 ], [ 675636.507408239878714, 3616328.827654138673097 ], [ 675611.098164353519678, 3616298.114334197714925 ], [ 675537.063754991395399, 3616292.360196377150714 ], [ 675501.835899608791806, 3616297.771118798293173 ], [ 675482.526868564425968, 3616310.673000860959291 ] ] ], [ [ [ 675994.038731553475372, 3616319.030171277467161 ], [ 675982.483633673167787, 3616337.188229205552489 ], [ 675982.368758185999468, 3616364.981497528962791 ], [ 676016.75711262517143, 3616399.694125233683735 ], [ 676070.724191357032396, 3616408.908323996234685 ], [ 676100.249486136832274, 3616397.79593101143837 ], [ 676116.67046723770909, 3616381.374949910677969 ], [ 676118.348797964164987, 3616347.211743142921478 ], [ 676089.738393732928671, 3616320.880331334657967 ], [ 676022.323002800927497, 3616307.314442525152117 ], [ 675994.038731553475372, 3616319.030171277467161 ] ] ] ] } },
{ "type": "Feature", "properties": { "depth_bin": "55-60" }, "geometry": { "type": "MultiPolygon", "coordinates": [ [ [ [ 675476.462961662909947, 3616294.218550831545144 ], [ 675444.23301880271174, 3616333.1086196010001 ], [ 675437.718373031471856, 3616362.590415536891669 ], [ 675448.206541433464736, 3616392.57481681695208 ], [ 675473.790771918138489, 3616410.437854330055416 ], [ 675561.273982534301467, 3616420.494446665979922 ], [ 675615.366045425413176, 3616402.377432432491332 ], [ 675639.634176544845104, 3616377.007144341245294 ], [ 675645.995659693144262, 3616353.619183373637497 ], [ 675641.657125586643815, 3616329.132790234871209 ], [ 675624.151679817936383, 3616303.738322778604925 ], [ 675605.697386025567539, 3616291.94561705738306 ], [ 675522.970953707117587, 3616281.04387631919235 ], [ 675476.462961662909947, 3616294.218550831545144 ] ] ], [ [ [ 675810.123596821213141, 3616423.034699741750956 ], [ 675795.720681802136824, 3616436.088740994688123 ], [ 675788.979466294287704, 3616458.311550315469503 ], [ 675795.149494669400156, 3616480.252637595403939 ], [ 675811.173877768684179, 3616497.779062503483146 ], [ 675861.005419454653747, 3616504.24948813021183 ], [ 675897.20141739747487, 3616484.462004018947482 ], [ 675903.250628112000413, 3616451.388655348215252 ], [ 675886.242026216699742, 3616425.933483737055212 ], [ 675848.937753038713709, 3616412.715496072079986 ], [ 675810.123596821213141, 3616423.034699741750956 ] ] ], [ [ [ 676017.332645678077824, 3616298.136519783642143 ], [ 675986.580465956940316, 3616306.093716378789395 ], [ 675968.96390635415446, 3616329.226287501864135 ], [ 675970.171465740306303, 3616360.715405689086765 ], [ 675992.070546666858718, 3616390.307805330958217 ], [ 676022.363256731885485, 3616407.226991517003626 ], [ 676070.384739432600327, 3616415.962229413446039 ], [ 676132.119184799143113, 3616388.392598785459995 ], [ 676141.044446841115132, 3616357.572716326918453 ], [ 676126.612789140781388, 3616330.57298380555585 ], [ 676059.948165404726751, 3616305.117380483075976 ], [ 676017.332645678077824, 3616298.136519783642143 ] ] ] ] } },
{ "type": "Feature", "properties": { "depth_bin": "60-65" }, "geometry": { "type": "MultiPolygon", "coordinates": [ [ [ [ 675425.264989185030572, 3616317.269625032320619 ], [ 675410.833331484696828, 3616344.269357553683221 ], [ 675416.50441994285211, 3616382.318797322455794 ], [ 675438.469471366959624, 3616406.092215203214437 ], [ 675481.528070769505575, 3616424.980050823185593 ], [ 675560.323102297377773, 3616425.717387985438108 ], [ 675609.415377064142376, 3616414.557253371924162 ], [ 675643.152659173007123, 3616392.797426696866751 ], [ 675657.338176068034954, 3616364.776045728009194 ], [ 675650.836181610124186, 3616327.83907449664548 ], [ 675625.890203636488877, 3616298.170129068661481 ], [ 675547.915533662890084, 3616266.999059878755361 ], [ 675480.509271744755097, 3616272.735242743510753 ], [ 675453.453077419078909, 3616287.489568134304136 ], [ 675439.820886377478018, 3616309.714156053494662 ], [ 675425.264989185030572, 3616317.269625032320619 ] ] ], [ [ [ 675773.502616521320306, 3616420.19724785676226 ], [ 675762.555476552690379, 3616440.677906223572791 ], [ 675764.755122699774802, 3616466.835781702771783 ], [ 675782.222181220189668, 3616493.753631671424955 ], [ 675805.748478475376032, 3616507.262974449433386 ], [ 675872.23904914513696, 3616511.104466535151005 ], [ 675895.259049160638824, 3616499.406634038314223 ], [ 675911.523765176534653, 3616479.338039408903569 ], [ 675907.86566038930323, 3616440.284429459832609 ], [ 675864.398260401561856, 3616409.666362421121448 ], [ 675816.300924928043969, 3616403.039681253489107 ], [ 675773.502616521320306, 3616420.19724785676226 ] ] ], [ [ [ 675969.317301440984011, 3616304.225051169749349 ], [ 675955.367498155683279, 3616324.311273561324924 ], [ 675956.651639433577657, 3616352.753462417982519 ], [ 675978.536045336630195, 3616385.880156382452697 ], [ 676012.496864904649556, 3616408.798324326053262 ], [ 676100.963749239221215, 3616418.814940005540848 ], [ 676118.535867725149728, 3616410.503946923650801 ], [ 676144.20951887499541, 3616380.000834724865854 ], [ 676144.362683295621537, 3616343.292297982610762 ], [ 676121.22966482618358, 3616320.082697375211865 ], [ 676016.000635178410448, 3616290.48090568324551 ], [ 675988.280845744535327, 3616291.704354984685779 ], [ 675969.317301440984011, 3616304.225051169749349 ] ] ] ] } },
{ "type": "Feature", "properties": { "depth_bin": "65-70" }, "geometry": { "type": "MultiPolygon", "coordinates": [ [ [ [ 675413.068345627281815, 3616319.118725181091577 ], [ 675392.328291130485013, 3616345.221627411432564 ], [ 675393.382686280063353, 3616382.804566044826061 ], [ 675417.026067011989653, 3616410.126515096984804 ], [ 675463.169972599484026, 3616427.567475236952305 ], [ 675534.232719476218335, 3616432.683834992349148 ], [ 675626.897763558081351, 3616417.570588372647762 ], [ 675656.772443576366641, 3616404.995541566517204 ], [ 675672.228166755056009, 3616378.870105296839029 ], [ 675668.725230100797489, 3616339.573529379442334 ], [ 675649.859160448308103, 3616312.006572878919542 ], [ 675608.974051279597916, 3616282.881434344220906 ], [ 675543.536605336237699, 3616259.266887532547116 ], [ 675467.02787691319827, 3616263.249870089814067 ], [ 675413.068345627281815, 3616319.118725181091577 ] ], [ [ 675529.105828151688911, 3616344.714802310802042 ], [ 675532.183782253065147, 3616345.842695854138583 ], [ 675532.93242071417626, 3616346.397923977579921 ], [ 675526.286717278067954, 3616345.234646328724921 ], [ 675529.105828151688911, 3616344.714802310802042 ] ] ], [ [ [ 675788.080786098493263, 3616401.479524949099869 ], [ 675762.914864553371444, 3616416.882177196908742 ], [ 675751.391746733919717, 3616441.245762831531465 ], [ 675757.177702060667798, 3616474.724947683513165 ], [ 675780.445456817164086, 3616500.845290531869978 ], [ 675821.402379023144022, 3616518.032520880922675 ], [ 675857.389274964458309, 3616520.367584748193622 ], [ 675888.046121163992211, 3616513.135297928005457 ], [ 675911.391395129146986, 3616497.176918548066169 ], [ 675921.379019902436994, 3616457.94201278872788 ], [ 675900.135775204282254, 3616425.492967302910984 ], [ 675844.898190799402073, 3616399.466480206698179 ], [ 675788.080786098493263, 3616401.479524949099869 ] ] ], [ [ [ 675892.19250716723036, 3616536.38739477051422 ], [ 675879.190048006130382, 3616553.429569847881794 ], [ 675876.337840239633806, 3616572.657592755742371 ], [ 675897.289359833463095, 3616604.013757716398686 ], [ 675927.955180514603853, 3616616.083447116892785 ], [ 675964.016709932475351, 3616618.795581254176795 ], [ 675985.404055021703243, 3616610.800098778679967 ], [ 676000.019853533362038, 3616594.912012710701674 ], [ 676001.774770423071459, 3616557.701877614017576 ], [ 675974.80272496456746, 3616526.838357381522655 ], [ 675935.382844679988921, 3616517.316202037967741 ], [ 675892.19250716723036, 3616536.38739477051422 ] ] ], [ [ [ 675952.61957263527438, 3616294.611860560253263 ], [ 675934.192160147358663, 3616317.681344697251916 ], [ 675935.43801069050096, 3616347.646997633390129 ], [ 675969.333351015811786, 3616385.163043413311243 ], [ 676006.326423462596722, 3616411.692089044954628 ], [ 676097.801944588311017, 3616423.30875358171761 ], [ 676115.37406307423953, 3616414.997760499827564 ], [ 676151.903428982710466, 3616377.145359184592962 ], [ 676148.816505912458524, 3616338.373464518692344 ], [ 676115.327260466176085, 3616312.312105817720294 ], [ 675999.472169414279051, 3616280.918917510192841 ], [ 675974.799309999565594, 3616282.218948946334422 ], [ 675952.61957263527438, 3616294.611860560253263 ] ] ] ] } },
{ "type": "Feature", "properties": { "depth_bin": "70-75" }, "geometry": { "type": "MultiPolygon", "coordinates": [ [ [ [ 675403.11089427920524, 3616319.571505645290017 ], [ 675379.186820357688703, 3616348.723074065055698 ], [ 675387.175683646462858, 3616396.825856713112444 ], [ 675409.575627759331837, 3616417.970379865728319 ], [ 675464.540264533949085, 3616433.69970471970737 ], [ 675538.649934544693679, 3616438.892549512442201 ], [ 675631.314981622388586, 3616423.779305875301361 ], [ 675679.518461654079147, 3616407.984859947115183 ], [ 675696.527063549379818, 3616382.529688335955143 ], [ 675691.240497191087343, 3616348.214608356356621 ], [ 675657.614847759949043, 3616309.638461771421134 ], [ 675615.067894137115218, 3616283.034596790093929 ], [ 675543.651476520812139, 3616254.696506993379444 ], [ 675459.525449908920564, 3616258.488039164338261 ], [ 675429.522428205702454, 3616277.401971227955073 ], [ 675414.502226974000223, 3616316.487203129101545 ], [ 675403.11089427920524, 3616319.571505645290017 ] ], [ [ 675498.010613034362905, 3616344.941054410301149 ], [ 675511.911576407030225, 3616335.617572634480894 ], [ 675553.571033504209481, 3616349.046468998771161 ], [ 675489.236879534902982, 3616351.541240673046559 ], [ 675498.010613034362905, 3616344.941054410301149 ] ] ], [ [ [ 675755.350625893450342, 3616406.36067519010976 ], [ 675739.933191825519316, 3616430.962651125155389 ], [ 675745.036164080607705, 3616467.250713684596121 ], [ 675791.305954135139473, 3616514.457375558558851 ], [ 675827.416448778589256, 3616525.617856051772833 ], [ 675877.304009266663343, 3616522.952259982936084 ], [ 675905.510960242012516, 3616514.27733637066558 ], [ 675924.812023915117607, 3616493.933736226987094 ], [ 675929.688341764034703, 3616468.984012857079506 ], [ 675923.518312995205633, 3616447.042924384120852 ], [ 675878.687618314637803, 3616408.565809791442007 ], [ 675822.051407482591458, 3616390.697659390978515 ], [ 675780.616640341817401, 3616395.194215865805745 ], [ 675755.350625893450342, 3616406.36067519010976 ] ] ], [ [ [ 675804.689575925236568, 3616305.582096328958869 ], [ 675801.650522352312692, 3616337.572815925814211 ], [ 675821.072266308474354, 3616361.238279409240931 ], [ 675851.53952287172433, 3616364.239042264875025 ], [ 675876.766740112216212, 3616343.332125986460596 ], [ 675879.767502967501059, 3616312.864869423210621 ], [ 675860.345759011339396, 3616289.199405939783901 ], [ 675828.355039409012534, 3616286.160352372564375 ], [ 675804.689575925236568, 3616305.582096328958869 ] ] ], [ [ [ 675883.482031909632497, 3616532.720438512507826 ], [ 675867.118912927457131, 3616551.059864103794098 ], [ 675862.319177416851744, 3616572.962660732213408 ], [ 675869.060392924700864, 3616595.185470052994788 ], [ 675884.948478463920765, 3616609.801267952192575 ], [ 675971.55744442215655, 3616622.033975256141275 ], [ 675993.01249017554801, 3616613.147004323545843 ], [ 676007.637174524832517, 3616595.103478195145726 ], [ 676012.398617042810656, 3616574.724144489038736 ], [ 676006.305175610003062, 3616549.736125043593347 ], [ 675967.453457616153173, 3616515.982544517144561 ], [ 675925.597528709098697, 3616510.121588918846101 ], [ 675883.482031909632497, 3616532.720438512507826 ] ] ], [ [ [ 675918.401383970980532, 3616295.78712277719751 ], [ 675906.878266151528805, 3616320.150708411820233 ], [ 675911.408804644481279, 3616342.927263497840613 ], [ 675960.120359762804583, 3616383.525358231272548 ], [ 675959.615499413106591, 3616426.458142699208111 ], [ 675993.830439899000339, 3616450.718323531094939 ], [ 676027.382917195092887, 3616446.270679206121713 ], [ 676047.421866396907717, 3616422.948904945049435 ], [ 676078.268862687400542, 3616431.310601369477808 ], [ 676102.568883078522049, 3616426.81835425645113 ], [ 676143.117645540856756, 3616394.692689962219447 ], [ 676159.472887992742471, 3616367.508710742928088 ], [ 676155.140117073431611, 3616329.385734878480434 ], [ 676124.010489276843145, 3616303.678673673421144 ], [ 675980.584874090040103, 3616269.679149113129824 ], [ 675948.481139149516821, 3616273.826235494576395 ], [ 675918.401383970980532, 3616295.78712277719751 ] ] ], [ [ [ 676720.020196429919451, 3615395.175198882352561 ], [ 676709.034774057683535, 3615432.786554729565978 ], [ 676733.248496499960311, 3615468.359111396130174 ], [ 676773.705916417995468, 3615483.915408926084638 ], [ 676807.711561075644568, 3615467.844233497511595 ], [ 676816.713379683787934, 3615433.977400564588606 ], [ 676797.864436121773906, 3615400.768932664301246 ], [ 676759.880794454715215, 3615382.320021264720708 ], [ 676720.020196429919451, 3615395.175198882352561 ] ] ] ] } },
{ "type": "Feature", "properties": { "depth_bin": "75-80" }, "geometry": { "type": "MultiPolygon", "coordinates": [ [ [ [ 675464.894844001275487, 3616252.435750793199986 ], [ 675438.898842005757615, 3616261.839822601526976 ], [ 675402.378453387063928, 3616297.536713419482112 ], [ 675400.102223471389152, 3616320.647663595154881 ], [ 675411.071634604944848, 3616341.148507369216532 ], [ 675391.493824933539145, 3616354.117714973166585 ], [ 675382.414243068080395, 3616379.493446339853108 ], [ 675388.507686851080507, 3616404.481443423312157 ], [ 675401.561728104250506, 3616418.884358442388475 ], [ 675464.42539054621011, 3616438.270083417650312 ], [ 675533.014331805286929, 3616446.664169765543193 ], [ 675692.138658712618053, 3616429.881343141198158 ], [ 675722.240797653910704, 3616409.940691963303834 ], [ 675728.982013161759824, 3616387.717882642522454 ], [ 675722.240797653910704, 3616365.495073321741074 ], [ 675648.5978262120625, 3616298.006165973376483 ], [ 675549.82190058962442, 3616251.802648053038865 ], [ 675500.961447124136612, 3616246.953300410881639 ], [ 675464.894844001275487, 3616252.435750793199986 ] ], [ [ 675491.738550759502687, 3616356.507816029712558 ], [ 675467.805184016004205, 3616351.849335766863078 ], [ 675489.666306601255201, 3616334.211116128135473 ], [ 675516.556266643805429, 3616330.454409894533455 ], [ 675571.266128543415107, 3616351.569403051398695 ], [ 675491.738550759502687, 3616356.507816029712558 ] ] ], [ [ [ 675735.151369872153737, 3616409.128039581701159 ], [ 675724.128903617849573, 3616426.733667428605258 ], [ 675723.098522266605869, 3616449.195591969415545 ], [ 675747.197225257987157, 3616489.338625958189368 ], [ 675804.452826547785662, 3616525.22862096875906 ], [ 675874.018593628657982, 3616528.403035911731422 ], [ 675857.823264490347356, 3616554.416931150015444 ], [ 675854.586980488966219, 3616577.341585969086736 ], [ 675872.181589933228679, 3616611.38551735971123 ], [ 675896.645269642467611, 3616621.872538104653358 ], [ 675979.098179201246239, 3616625.272369551938027 ], [ 676003.461764835519716, 3616613.749251732602715 ], [ 676019.746741257142276, 3616581.883224142715335 ], [ 676015.562534594209865, 3616554.999586656223983 ], [ 675996.809287378448062, 3616528.30521710542962 ], [ 675991.494688073755242, 3616488.154033617582172 ], [ 676025.30464959028177, 3616472.526277912314981 ], [ 676049.545765280374326, 3616427.785863269120455 ], [ 676092.239178712829016, 3616431.265999632421881 ], [ 676135.005985057214275, 3616402.323392815887928 ], [ 676160.023042759858072, 3616395.671173072885722 ], [ 676176.355462777311914, 3616374.711085315328091 ], [ 676179.32254626089707, 3616350.912564920727164 ], [ 676153.239235464599915, 3616302.277983804699033 ], [ 676101.656187728629448, 3616283.29925749450922 ], [ 675943.831415773136541, 3616250.556244027800858 ], [ 675898.65413736901246, 3616265.846742386929691 ], [ 675830.369168931385502, 3616249.707320182118565 ], [ 675797.278101221774705, 3616250.118739825673401 ], [ 675761.022621756768785, 3616268.891040503513068 ], [ 675748.744108826154843, 3616311.822139602154493 ], [ 675760.563133181771263, 3616337.924154189415276 ], [ 675804.130950772785582, 3616370.760626985691488 ], [ 675811.033243138575926, 3616387.398093713913113 ], [ 675757.08043788431678, 3616392.603296450804919 ], [ 675735.151369872153737, 3616409.128039581701159 ] ] ], [ [ [ 676725.86937043000944, 3615371.039856496267021 ], [ 676710.14951686526183, 3615382.657510322052985 ], [ 676701.262545932899229, 3615404.112556075677276 ], [ 676702.56262780923862, 3615428.785458686761558 ], [ 676716.262895273743197, 3615457.908335689455271 ], [ 676757.447448353981599, 3615485.125115884933621 ], [ 676797.375632482231595, 3615480.259419944602996 ], [ 676819.146063285064884, 3615447.301736147608608 ], [ 676813.403131621307693, 3615408.134481858927757 ], [ 676763.994630737812258, 3615371.269471648614854 ], [ 676725.86937043000944, 3615371.039856496267021 ] ] ] ] } },
{ "type": "Feature", "properties": { "depth_bin": "80-85" }, "geometry": { "type": "MultiPolygon", "coordinates": [ [ [ [ 675258.021132614812814, 3616172.878740105777979 ], [ 675245.097408906556666, 3616202.257874161470681 ], [ 675255.509001084603369, 3616235.289184256922454 ], [ 675283.99390191398561, 3616251.282589364331216 ], [ 675316.33723464992363, 3616242.472197548020631 ], [ 675336.478193811024539, 3616211.89126077760011 ], [ 675326.758611185476184, 3616174.103253220673651 ], [ 675309.660361850401387, 3616160.962055913638324 ], [ 675289.782650840352289, 3616157.802368924953043 ], [ 675258.021132614812814, 3616172.878740105777979 ] ] ], [ [ [ 675330.222614438273013, 3616234.685043383855373 ], [ 675330.069454873795621, 3616256.386103639379144 ], [ 675341.274205430061556, 3616280.128636568319052 ], [ 675363.591863814624958, 3616294.630557262338698 ], [ 675393.777498752926476, 3616293.280656100716442 ], [ 675393.314279061043635, 3616324.874726441223174 ], [ 675418.527866351068951, 3616347.798413794953376 ], [ 675396.985434071626514, 3616358.903053045272827 ], [ 675386.038294102996588, 3616379.383711412083358 ], [ 675388.237939014332369, 3616405.541679800953716 ], [ 675402.970310993958265, 3616423.493126998189837 ], [ 675480.342829252011143, 3616445.246230800636113 ], [ 675575.937720215879381, 3616448.270094378851354 ], [ 675658.854358829325065, 3616466.023312223609537 ], [ 675694.689325624611229, 3616466.415212335065007 ], [ 675787.045711898943409, 3616523.561558760236949 ], [ 675861.677602617652155, 3616534.190556395798922 ], [ 675847.81473812868353, 3616566.299578238744289 ], [ 675848.691949757398106, 3616588.761505072470754 ], [ 675864.549486913951114, 3616614.728345044422895 ], [ 675888.038779089809395, 3616627.275534889660776 ], [ 675982.06852134631481, 3616628.395884500350803 ], [ 676011.11737949308008, 3616612.417253341991454 ], [ 676024.509745169896632, 3616578.077417880762368 ], [ 676010.699710246524774, 3616532.370661444496363 ], [ 676015.126620170194656, 3616507.214308922644705 ], [ 676041.115887376363389, 3616491.290969357825816 ], [ 676074.854315894190222, 3616434.341065195854753 ], [ 676096.709124348592013, 3616431.082849725149572 ], [ 676075.086158035206608, 3616481.394833110738546 ], [ 676076.347887443029322, 3616507.591164920479059 ], [ 676088.045725075993687, 3616530.611180057283491 ], [ 676126.815175164141692, 3616557.722156330011785 ], [ 676166.423326774849556, 3616554.951151555404067 ], [ 676182.844307875726372, 3616538.530170454643667 ], [ 676194.513218134874478, 3616499.870083185844123 ], [ 676228.061920597800054, 3616482.10713526327163 ], [ 676232.450515984324738, 3616446.511554075405002 ], [ 676262.409934139577672, 3616420.631509541068226 ], [ 676270.720927221118473, 3616403.059391055256128 ], [ 676262.409934139577672, 3616369.88004680769518 ], [ 676162.52839274588041, 3616275.452471554279327 ], [ 676069.93642041226849, 3616240.484277853742242 ], [ 676019.345025811926462, 3616247.998829287942499 ], [ 675992.018936310196295, 3616241.181646680925041 ], [ 675912.185049612307921, 3616209.079633981920779 ], [ 675869.115810608491302, 3616216.952045173384249 ], [ 675849.903667522012256, 3616233.787761172745377 ], [ 675763.954509060829878, 3616215.452695968095213 ], [ 675733.37415917031467, 3616219.638073869980872 ], [ 675707.979787612101063, 3616237.143435894977301 ], [ 675693.109737735008821, 3616265.889145817607641 ], [ 675693.109737735008821, 3616289.111919998191297 ], [ 675719.467939341324382, 3616335.366846262477338 ], [ 675747.330208198982291, 3616359.702832408715039 ], [ 675723.657283548731357, 3616350.597256948705763 ], [ 675648.316099174902774, 3616294.54122031852603 ], [ 675562.808826794032939, 3616251.462730122730136 ], [ 675500.20255209156312, 3616242.652112303301692 ], [ 675448.101675815181807, 3616252.212324898689985 ], [ 675419.125521780923009, 3616266.539966757874936 ], [ 675413.223861288861372, 3616226.6277108900249 ], [ 675376.421628544921987, 3616202.757846924476326 ], [ 675347.231216333573684, 3616209.229871772695333 ], [ 675330.222614438273013, 3616234.685043383855373 ] ], [ [ 675776.779191209701821, 3616379.061359209474176 ], [ 675774.440824852092192, 3616375.908437163569033 ], [ 675771.83719942800235, 3616373.035779187455773 ], [ 675775.008630541036837, 3616373.976859689690173 ], [ 675779.534455436514691, 3616383.567549010273069 ], [ 675776.779191209701821, 3616379.061359209474176 ] ], [ [ 675488.576757662231103, 3616361.001612517051399 ], [ 675445.961564981960692, 3616350.732078562024981 ], [ 675481.756003344547935, 3616330.516161114443094 ], [ 675519.551783890463412, 3616327.284479747992009 ], [ 675586.035180744365789, 3616355.82343411911279 ], [ 675541.33494544995483, 3616363.891051461454481 ], [ 675488.576757662231103, 3616361.001612517051399 ] ] ], [ [ [ 675542.252366571105085, 3615907.013333196286112 ], [ 675559.705798427225091, 3615959.391382270026952 ], [ 675594.546902174944989, 3615973.823039970360696 ], [ 675627.008496566559188, 3615953.268112659920007 ], [ 675643.463602784206159, 3615896.885122048668563 ], [ 675626.152937111328356, 3615860.180603069253266 ], [ 675593.947980250697583, 3615848.657485249917954 ], [ 675556.092586729442701, 3615870.438540555071086 ], [ 675542.252366571105085, 3615907.013333196286112 ] ] ], [ [ [ 676722.907065497129224, 3615363.384137759450823 ], [ 676704.208759248140268, 3615376.410494937561452 ], [ 676694.29773016506806, 3615396.991274399217218 ], [ 676694.06803659372963, 3615421.739329646807164 ], [ 676703.810222238418646, 3615445.132588495966047 ], [ 676746.05757351918146, 3615486.658214338123798 ], [ 676793.893844702048227, 3615486.847901922650635 ], [ 676819.792302597197704, 3615448.100848857313395 ], [ 676815.689177132677287, 3615400.837017613928765 ], [ 676762.662570108310319, 3615363.613830837886781 ], [ 676722.907065497129224, 3615363.384137759450823 ] ] ] ] } },
{ "type": "Feature", "properties": { "depth_bin": "85-90" }, "geometry": { "type": "MultiPolygon", "coordinates": [ [ [ [ 675178.222919702064246, 3616137.02543610567227 ], [ 675171.481704194215126, 3616159.24824542645365 ], [ 675176.166564558399841, 3616179.627572055440396 ], [ 675195.557881828513928, 3616199.172045655548573 ], [ 675231.288146080216393, 3616211.429817238822579 ], [ 675252.962140002870001, 3616262.458180350717157 ], [ 675281.857806804007851, 3616275.619725288823247 ], [ 675306.329622924444266, 3616270.073086434975266 ], [ 675329.503222908708267, 3616289.495406090747565 ], [ 675379.981185668497346, 3616304.142770882695913 ], [ 675384.328395841293968, 3616328.155225113965571 ], [ 675400.749376942170784, 3616344.576206214725971 ], [ 675435.026154899271205, 3616348.722219357267022 ], [ 675472.818834609584883, 3616328.474066089838743 ], [ 675516.520054814987816, 3616322.755549201741815 ], [ 675632.766510641085915, 3616378.340889588929713 ], [ 675587.20930960716214, 3616368.120400809217244 ], [ 675494.680329035036266, 3616367.240614452864975 ], [ 675413.543441957910545, 3616353.480188201181591 ], [ 675391.896044555935077, 3616369.534992309752852 ], [ 675385.347439981182106, 3616395.678487243596464 ], [ 675393.304629798047245, 3616418.589279634878039 ], [ 675420.754033829784021, 3616443.757592952810228 ], [ 675442.064784678979777, 3616451.906239750329405 ], [ 675573.686542858136818, 3616459.805008854251355 ], [ 675649.177503893151879, 3616487.122120489832014 ], [ 675727.459818603354506, 3616495.718840589281172 ], [ 675795.158881087903865, 3616531.092718351166695 ], [ 675849.428641317994334, 3616537.613007552921772 ], [ 675841.451250698650256, 3616557.841626227833331 ], [ 675843.729062641737983, 3616599.921599773690104 ], [ 675861.210900173638947, 3616623.305170402862132 ], [ 675886.28555614722427, 3616636.378022675868124 ], [ 675916.840361510985531, 3616631.991539611946791 ], [ 675962.606847447343171, 3616640.393276433926076 ], [ 675992.165259561385028, 3616634.414716053754091 ], [ 676027.365624535595998, 3616598.648217371664941 ], [ 676028.288843721733429, 3616559.679604551754892 ], [ 676062.190188695210963, 3616545.669354444369674 ], [ 676079.769123650272377, 3616561.343113414477557 ], [ 676098.62499312334694, 3616566.066262840759009 ], [ 676168.061670398223214, 3616550.419046437833458 ], [ 676186.160982225555927, 3616530.449533158913255 ], [ 676190.163119937293231, 3616499.766029741149396 ], [ 676230.843232193263248, 3616491.072790903504938 ], [ 676243.745114255929366, 3616471.76375985937193 ], [ 676245.9694678169908, 3616439.518327682744712 ], [ 676281.019953771494329, 3616433.774212096817791 ], [ 676299.590314117609523, 3616406.833865012973547 ], [ 676297.46102225407958, 3616350.556507423054427 ], [ 676303.643765453016385, 3616328.988961730152369 ], [ 676296.902549945167266, 3616306.766152409370989 ], [ 676282.499634926090948, 3616293.712111156433821 ], [ 676231.014994315803051, 3616274.462035966105759 ], [ 676207.961638965294696, 3616251.807773535139859 ], [ 676211.293453774647787, 3616231.286072608083487 ], [ 676202.406482842285186, 3616209.831026854459196 ], [ 676163.659999374998733, 3616191.848313335329294 ], [ 676189.697201550472528, 3616192.855331774335355 ], [ 676211.39235576055944, 3616176.720850245095789 ], [ 676232.060167148825713, 3616191.454835514072329 ], [ 676262.025825270451605, 3616190.208981724455953 ], [ 676280.762418218655512, 3616175.659176307730377 ], [ 676304.359487242996693, 3616134.019156753551215 ], [ 676325.346574010676704, 3616033.632353974040598 ], [ 676314.399434042046778, 3616013.151695607230067 ], [ 676285.579114080057479, 3615994.51021318975836 ], [ 676300.724122169311158, 3615975.386840114369988 ], [ 676303.153503914829344, 3615946.181921667419374 ], [ 676290.72118416975718, 3615924.139508935622871 ], [ 676270.240525802946649, 3615913.192368966992944 ], [ 676238.690636544837616, 3615919.12670840555802 ], [ 676211.703449643100612, 3615951.170460910070688 ], [ 676216.683991191443056, 3615986.528124264441431 ], [ 676248.502043278538622, 3616005.723328464198858 ], [ 676235.876750604249537, 3616039.256604351568967 ], [ 676217.750339470221661, 3616019.211353584192693 ], [ 676188.043924245517701, 3616015.180216474458575 ], [ 676166.001511225476861, 3616027.612534617539495 ], [ 676146.323450239025988, 3616056.539792143274099 ], [ 676134.740664422046393, 3616105.711832322645932 ], [ 676141.212543799891137, 3616171.636628820095211 ], [ 676103.762782782781869, 3616173.265629996545613 ], [ 676072.940418451442383, 3616148.993288020137697 ], [ 676094.843903823988512, 3616140.084286661818624 ], [ 676108.699583673500456, 3616116.967481408268213 ], [ 676102.382401554961689, 3616075.633968470152467 ], [ 676111.07512088783551, 3616033.64011674746871 ], [ 676099.524099288741127, 3615996.873842608649284 ], [ 676068.068834797479212, 3615977.756925612222403 ], [ 676045.292279711226001, 3615982.287464105524123 ], [ 676030.823105548508465, 3615995.45205206098035 ], [ 676013.791880007367581, 3615987.542212527245283 ], [ 675976.133593289414421, 3615986.513090587221086 ], [ 675959.460709132137708, 3615996.506432768888772 ], [ 675948.513569163507782, 3616016.987091135699302 ], [ 675950.789799079182558, 3616040.098041311372072 ], [ 675967.081122959847562, 3616063.619776676408947 ], [ 675955.323427371564321, 3616083.450224801432341 ], [ 675954.331340996548533, 3616104.388689283281565 ], [ 675979.740590835688636, 3616135.102010827045888 ], [ 676006.659315220429562, 3616136.424442955758423 ], [ 676027.230955613777041, 3616122.367439270485193 ], [ 676039.522045480669476, 3616139.969420484267175 ], [ 676059.542653091368265, 3616148.643612618558109 ], [ 676033.509788332274184, 3616162.931849034503102 ], [ 676024.505311570246704, 3616194.442110909614712 ], [ 675985.814348634099588, 3616182.918059455696493 ], [ 675960.783948989701457, 3616191.741525860968977 ], [ 675865.273201899952255, 3616132.242409138474613 ], [ 675803.54456398403272, 3616120.898547382559627 ], [ 675780.335414601489902, 3616138.438525150995702 ], [ 675771.273477374576032, 3616165.875299694016576 ], [ 675732.316406442318112, 3616164.841206672601402 ], [ 675711.95103345438838, 3616179.167400965467095 ], [ 675681.010140421800315, 3616180.211277416907251 ], [ 675649.970994751318358, 3616199.025138369761407 ], [ 675641.084023818955757, 3616220.480184123385698 ], [ 675643.403436693828553, 3616257.344004768878222 ], [ 675660.057656561257318, 3616297.876230429392308 ], [ 675544.71865543059539, 3616243.385942842811346 ], [ 675498.10587880667299, 3616239.259418163914233 ], [ 675459.042640317115001, 3616245.415833583567291 ], [ 675447.821089686709456, 3616223.085248800460249 ], [ 675429.481673051952384, 3616206.722175698261708 ], [ 675408.435769126168452, 3616200.475755382329226 ], [ 675391.072331430972554, 3616172.628475114703178 ], [ 675291.864302450907417, 3616148.796906908042729 ], [ 675277.990783945773728, 3616129.36163197318092 ], [ 675256.685730250086635, 3616118.766076392959803 ], [ 675208.3250409233151, 3616117.084786978550255 ], [ 675178.222919702064246, 3616137.02543610567227 ] ], [ [ 675918.042627756134607, 3616380.210173788014799 ], [ 675847.687528878333978, 3616335.094901462551206 ], [ 675828.136677529662848, 3616312.756624480243772 ], [ 675893.710173793253489, 3616322.81358251767233 ], [ 675924.52090765547473, 3616302.772059735376388 ], [ 676009.842289075721055, 3616330.024396204855293 ], [ 676086.082058089785278, 3616340.467261777725071 ], [ 676070.722229511244223, 3616353.305811969097704 ], [ 676035.076905027963221, 3616345.745782694313675 ], [ 676008.245409880881198, 3616353.895589058753103 ], [ 675987.306005095131695, 3616378.771300591994077 ], [ 675974.111789484508336, 3616416.029924074653536 ], [ 675918.042627756134607, 3616380.210173788014799 ] ] ], [ [ [ 675494.090049861115403, 3615850.587164577562362 ], [ 675472.747392778750509, 3615882.40013901470229 ], [ 675476.706858609104529, 3615941.466659023892134 ], [ 675487.949910802417435, 3615963.685731723438948 ], [ 675510.229285433655605, 3615979.7112080254592 ], [ 675534.522901480435394, 3615980.282764008734375 ], [ 675543.399147628108039, 3616001.665509136859328 ], [ 675562.708178672473878, 3616014.567391199525446 ], [ 675585.930952852824703, 3616014.567391199525446 ], [ 675610.512671122327447, 3616001.384364903904498 ], [ 675650.433410754078068, 3615949.897295790258795 ], [ 675677.820468556135893, 3615853.083565719425678 ], [ 675675.544238640461117, 3615829.972615543752909 ], [ 675656.257760588894598, 3615801.278012818656862 ], [ 675623.813881361857057, 3615786.615458188578486 ], [ 675601.591072041075677, 3615793.356673696544021 ], [ 675588.348029256914742, 3615808.159198878332973 ], [ 675555.413194887572899, 3615803.679426803719252 ], [ 675494.090049861115403, 3615850.587164577562362 ] ] ], [ [ [ 675617.0577957512578, 3616019.818641154095531 ], [ 675612.776713710045442, 3616047.022891550790519 ], [ 675633.752052517025732, 3616090.136237245053053 ], [ 675664.571930880309083, 3616099.06149636534974 ], [ 675691.571663401671685, 3616084.629838665015996 ], [ 675699.882656483212486, 3616067.057720179203898 ], [ 675701.032958075753413, 3616032.481400778982788 ], [ 675683.669241458061151, 3616000.834708189591765 ], [ 675643.635100317304023, 3615993.400934522040188 ], [ 675617.0577957512578, 3616019.818641154095531 ] ] ], [ [ [ 675725.372737201396376, 3615952.667956369463354 ], [ 675722.589178081951104, 3615984.232367892283946 ], [ 675739.597779977251776, 3616009.687539503443986 ], [ 675769.62420217867475, 3616015.660166227724403 ], [ 675795.079373790184036, 3615998.651564332190901 ], [ 675804.981202080845833, 3615960.396945161744952 ], [ 675787.396622334723361, 3615931.05884628277272 ], [ 675752.038963540457189, 3615926.001730030402541 ], [ 675725.372737201396376, 3615952.667956369463354 ] ] ], [ [ [ 676534.585553474957123, 3615727.504343640524894 ], [ 676528.612926751025952, 3615757.530765842180699 ], [ 676550.000511263031512, 3615790.718143799807876 ], [ 676601.359548826701939, 3615816.390773444902152 ], [ 676623.672798077575862, 3615812.091666717547923 ], [ 676641.624245275161229, 3615797.359294737689197 ], [ 676646.681359883048572, 3615762.001627979800105 ], [ 676614.404383154120296, 3615718.604405665304512 ], [ 676570.094103179755621, 3615707.025965579785407 ], [ 676534.585553474957123, 3615727.504343640524894 ] ] ], [ [ [ 676341.805184225086123, 3616068.617318808566779 ], [ 676315.45709215872921, 3616117.736404255032539 ], [ 676301.059956432320178, 3616171.736262912862003 ], [ 676325.747935895225964, 3616231.699191634077579 ], [ 676360.589039642945863, 3616246.130849334411323 ], [ 676382.044085396337323, 3616237.243878401815891 ], [ 676395.185292925336398, 3616220.145619328599423 ], [ 676397.576391797978431, 3616192.464265385642648 ], [ 676386.207458392251283, 3616171.601315731182694 ], [ 676412.79391053749714, 3616126.073294955771416 ], [ 676419.114230406819843, 3616090.163700149394572 ], [ 676410.227259474457242, 3616068.708654395770282 ], [ 676390.918228430091403, 3616055.806772333104163 ], [ 676364.648518001893535, 3616055.730195061303675 ], [ 676341.805184225086123, 3616068.617318808566779 ] ] ], [ [ [ 676703.812688376172446, 3615364.618793244473636 ], [ 676689.071448931121267, 3615384.72572436183691 ], [ 676686.142676790012047, 3615407.000690295826644 ], [ 676712.392527241609059, 3615465.478542699012905 ], [ 676756.49339362909086, 3615493.581425140146166 ], [ 676782.765022750478238, 3615493.849406495224684 ], [ 676800.337141236406751, 3615485.538413413334638 ], [ 676819.916777423582971, 3615454.882025670260191 ], [ 676827.29938042035792, 3615426.164439718239009 ], [ 676817.618044558446854, 3615386.852924795355648 ], [ 676749.332933858968318, 3615350.520170593634248 ], [ 676723.785765278502367, 3615352.84431167319417 ], [ 676703.812688376172446, 3615364.618793244473636 ] ] ] ] } },
{ "type": "Feature", "properties": { "depth_bin": "90-95" }, "geometry": { "type": "MultiPolygon", "coordinates": [ [ [ [ 675177.544320003944449, 3616117.494673782028258 ], [ 675151.837302986648865, 3616148.62426608428359 ], [ 675154.761487694224343, 3616182.138436551205814 ], [ 675197.412975869723596, 3616225.514593000989407 ], [ 675222.489825670956634, 3616234.579491756856441 ], [ 675237.131971009424888, 3616263.746078495401889 ], [ 675257.475557448458858, 3616283.047110101673752 ], [ 675296.806783875101246, 3616283.052296828012913 ], [ 675318.609274569898844, 3616298.368126174900681 ], [ 675372.677029944141395, 3616312.812318155542016 ], [ 675386.688800764619373, 3616336.981403260491788 ], [ 675414.161101723788306, 3616349.068454211112112 ], [ 675479.939884537714534, 3616321.979336195159703 ], [ 675523.376976872328669, 3616320.069042977876961 ], [ 675626.927703488850966, 3616370.617474771104753 ], [ 675682.926857585087419, 3616411.968711636029184 ], [ 675592.309365406632423, 3616380.922355060931295 ], [ 675420.244969227234833, 3616358.696809566114098 ], [ 675399.764310860424303, 3616369.643949534744024 ], [ 675388.241193040972576, 3616394.007535169366747 ], [ 675395.089406694169156, 3616436.202319896314293 ], [ 675411.268654734827578, 3616457.238977038767189 ], [ 675444.575721321976744, 3616473.311255965381861 ], [ 675539.400043320842087, 3616465.099218958523124 ], [ 675626.019151046522893, 3616498.735429044812918 ], [ 675721.01517748076003, 3616510.819607819896191 ], [ 675804.907334393006749, 3616538.293636247515678 ], [ 675838.812389620114118, 3616539.193739331327379 ], [ 675830.635416729841381, 3616598.243676320649683 ], [ 675855.031573069281876, 3616633.031194009352475 ], [ 675890.015307659399696, 3616643.047954468987882 ], [ 675995.969985943287611, 3616647.329690000973642 ], [ 676028.452161924098618, 3616631.22025029733777 ], [ 676037.521616159938276, 3616596.42644092394039 ], [ 676061.450979848857969, 3616610.958712326362729 ], [ 676114.004566331161186, 3616621.332342684268951 ], [ 676132.860435804235749, 3616616.609193257987499 ], [ 676155.857295637251809, 3616596.311866595875472 ], [ 676164.74426656961441, 3616574.856820842251182 ], [ 676161.968644923530519, 3616552.581866595428437 ], [ 676137.077472053235397, 3616526.517634170129895 ], [ 676111.405848013819195, 3616473.693695299793035 ], [ 676155.246804101625457, 3616423.504094234667718 ], [ 676173.716674870345742, 3616380.803679782431573 ], [ 676171.390903119579889, 3616357.587982197292149 ], [ 676240.372540955315344, 3616406.608778879512101 ], [ 676268.890051357448101, 3616409.315790812019259 ], [ 676295.092081807437353, 3616394.013226373121142 ], [ 676312.928357558324933, 3616300.485356589779258 ], [ 676381.675948604708537, 3616243.672059363219887 ], [ 676401.547192110796459, 3616209.634502158500254 ], [ 676425.936753553221934, 3616072.908985512331128 ], [ 676415.563433862058446, 3616038.354156555607915 ], [ 676388.563701340695843, 3616023.922498855274171 ], [ 676362.420206406735815, 3616030.471103430259973 ], [ 676330.516646262258291, 3616064.588172115385532 ], [ 676336.088590111234225, 3616020.800170248374343 ], [ 676357.385826439945959, 3615987.543074543587863 ], [ 676353.815853998530656, 3615955.253031393047422 ], [ 676342.236404064693488, 3615939.639950553420931 ], [ 676321.687918995390646, 3615930.887455195188522 ], [ 676294.51910744199995, 3615897.281037178821862 ], [ 676263.699223337811418, 3615888.355779186822474 ], [ 676198.4551114422502, 3615911.196470321156085 ], [ 676178.941910400171764, 3615927.41402165684849 ], [ 676172.200694892322645, 3615949.63683097762987 ], [ 676178.128856612136588, 3615990.345660889986902 ], [ 676159.659830026561394, 3616011.142007393762469 ], [ 676123.585174850421026, 3616092.437529062852263 ], [ 676117.553542273584753, 3616050.185827016830444 ], [ 676131.915117738302797, 3616004.542207329068333 ], [ 676125.173902230453677, 3615982.319398008286953 ], [ 676111.205859354929999, 3615966.636451069265604 ], [ 676092.608255473314784, 3615960.073330484330654 ], [ 676056.215898142079823, 3615910.374967316165566 ], [ 676033.993088821298443, 3615903.633751808200032 ], [ 676011.770279500517063, 3615910.374967316165566 ], [ 675995.821102409157902, 3615931.727156981360167 ], [ 675969.909171020262875, 3615938.287137543782592 ], [ 675953.576759658637457, 3615959.247226331848651 ], [ 675939.859642436495051, 3616035.263515203259885 ], [ 675950.140527060371824, 3616069.419472774025053 ], [ 675944.315459431381896, 3616101.095907448325306 ], [ 675935.860369319096208, 3616101.568049169611186 ], [ 675916.283660252927803, 3616033.783222234342247 ], [ 675925.832712460425682, 3615943.616524177137762 ], [ 675911.043323226389475, 3615914.391012357547879 ], [ 675868.962104955106042, 3615893.482630331069231 ], [ 675848.210618721903302, 3615896.296551058534533 ], [ 675831.035787524422631, 3615909.361177257727832 ], [ 675822.14881659206003, 3615930.816223011352122 ], [ 675829.289105112082325, 3615960.90768626704812 ], [ 675820.847046014037915, 3615982.614074955694377 ], [ 675823.385905670234933, 3616036.991221078205854 ], [ 675814.024288705782965, 3616036.478321470785886 ], [ 675805.555426985840313, 3616007.68958653183654 ], [ 675817.897536171483807, 3615943.295354228466749 ], [ 675809.862580612301826, 3615911.893482788000256 ], [ 675795.459665593225509, 3615898.839441535063088 ], [ 675774.483804930467159, 3615894.085255381185561 ], [ 675768.354142737807706, 3615865.117480318062007 ], [ 675742.89897112629842, 3615848.108878422528505 ], [ 675714.71602666110266, 3615852.025152481161058 ], [ 675674.359727816539817, 3615887.430618927814066 ], [ 675686.052038856199943, 3615847.868608041666448 ], [ 675686.849733326467685, 3615800.38203396461904 ], [ 675668.213340970803984, 3615763.674338584300131 ], [ 675623.400710679590702, 3615742.396700938697904 ], [ 675578.172744283336215, 3615754.657473770435899 ], [ 675559.579763065208681, 3615781.750398704316467 ], [ 675537.703857369953766, 3615795.507189680822194 ], [ 675507.652937688631937, 3615792.283038035035133 ], [ 675487.172279321821406, 3615803.23017800366506 ], [ 675435.874682519119233, 3615874.588513929862529 ], [ 675435.87876524310559, 3615926.457780363038182 ], [ 675421.945375227252953, 3615959.389789335429668 ], [ 675400.570246981573291, 3615959.852600549347699 ], [ 675384.023394854273647, 3615969.731713957618922 ], [ 675361.48416158661712, 3615952.188971599098295 ], [ 675334.565437201876193, 3615953.51140372781083 ], [ 675308.766972583369352, 3615977.193088718224317 ], [ 675301.949181898846291, 3616002.462814853526652 ], [ 675315.111793830408715, 3616033.832290542777628 ], [ 675347.928152759792283, 3616047.186340656131506 ], [ 675381.234603660996072, 3616029.329623377881944 ], [ 675401.902268005418591, 3616044.063410381320864 ], [ 675425.125042185769416, 3616044.063410381320864 ], [ 675444.434073230135255, 3616031.161528318654746 ], [ 675454.511099941562861, 3616009.461703041568398 ], [ 675493.984516890719533, 3616004.290771492291242 ], [ 675505.457640038686804, 3616055.591277910862118 ], [ 675530.059617624850944, 3616071.008705900516361 ], [ 675556.72718411963433, 3616067.809152690693736 ], [ 675567.586140315281227, 3616091.315648348070681 ], [ 675561.573747966089286, 3616116.564527230802923 ], [ 675577.909437471069396, 3616180.760043903253973 ], [ 675576.232328082318418, 3616208.428670348599553 ], [ 675596.924151198007166, 3616232.694836537353694 ], [ 675602.343197106965818, 3616256.955915617290884 ], [ 675615.753233585623093, 3616274.286333777941763 ], [ 675569.666568626184016, 3616248.29136186465621 ], [ 675501.037159718340263, 3616230.438480185810477 ], [ 675465.543080016737804, 3616206.039381659589708 ], [ 675419.561824259115383, 3616195.568344844970852 ], [ 675396.344528865185566, 3616169.238394472748041 ], [ 675363.171744760940783, 3616157.170491761062294 ], [ 675328.055634299525991, 3616155.933558384422213 ], [ 675309.906917225918733, 3616133.212620783597231 ], [ 675288.640151190920733, 3616121.09360662708059 ], [ 675239.095380436861888, 3616112.32016142969951 ], [ 675177.544320003944449, 3616117.494673782028258 ] ], [ [ 675881.244955895934254, 3616367.470594646409154 ], [ 675745.674157934612595, 3616286.132873582653701 ], [ 675734.570218553300947, 3616263.224211847875267 ], [ 675759.511731960228644, 3616260.768722953274846 ], [ 675808.709374518599361, 3616273.711068985983729 ], [ 675880.980881969677284, 3616257.218858513981104 ], [ 675941.597573762759566, 3616284.767013441305608 ], [ 676012.016688948264346, 3616304.163786272052675 ], [ 676039.949459328316152, 3616300.849473205395043 ], [ 676087.0462972659152, 3616320.435736014973372 ], [ 676121.926601523067802, 3616325.330305772833526 ], [ 676042.949464222067036, 3616366.332032426260412 ], [ 676013.609401064924896, 3616412.654737336561084 ], [ 675992.621364515158348, 3616426.01700549479574 ], [ 675927.575790421105921, 3616399.242110423278064 ], [ 675881.244955895934254, 3616367.470594646409154 ] ], [ [ 675658.298343189875595, 3615923.66853583464399 ], [ 675662.28556697210297, 3615912.103198397438973 ], [ 675665.11881144833751, 3615909.09216983942315 ], [ 675658.187754862359725, 3615926.663726144470274 ], [ 675658.298343189875595, 3615923.66853583464399 ] ], [ [ 676319.815167692140676, 3616078.97810423374176 ], [ 676319.619023769628257, 3616079.392815714236349 ], [ 676319.095867233118042, 3616080.265649664215744 ], [ 676319.292011155514047, 3616079.850938183721155 ], [ 676319.815167692140676, 3616078.97810423374176 ] ] ], [ [ [ 676516.533527219085954, 3615717.904097197577357 ], [ 676508.346596770919859, 3615740.738344919402152 ], [ 676511.198804537416436, 3615759.966367827262729 ], [ 676549.770797970471904, 3615799.858963834587485 ], [ 676605.12709156027995, 3615822.677265631966293 ], [ 676628.051880562212318, 3615819.823878193739802 ], [ 676649.088554302696139, 3615803.644607304595411 ], [ 676654.337097412557341, 3615760.669588402379304 ], [ 676620.498264052905142, 3615718.757547496818006 ], [ 676588.82625748089049, 3615702.538431806955487 ], [ 676555.96276167826727, 3615697.23310816520825 ], [ 676516.533527219085954, 3615717.904097197577357 ] ] ], [ [ [ 676731.251981124514714, 3615345.540931049268693 ], [ 676689.203636867227033, 3615366.886841805651784 ], [ 676678.5635016359156, 3615405.285805341787636 ], [ 676692.66371244576294, 3615441.016533404123038 ], [ 676693.520911214873195, 3615490.607140025123954 ], [ 676714.397458348073997, 3615511.713384375441819 ], [ 676743.229616918019019, 3615517.920526068657637 ], [ 676808.928771959384903, 3615480.070292035583407 ], [ 676825.847908289171755, 3615449.777451044414192 ], [ 676832.75203301559668, 3615402.367211188189685 ], [ 676823.865062083234079, 3615380.912165434565395 ], [ 676805.82147163094487, 3615366.287501007318497 ], [ 676779.487094075302593, 3615362.28471562359482 ], [ 676754.81730793940369, 3615345.418363756965846 ], [ 676731.251981124514714, 3615345.540931049268693 ] ] ] ] } },
{ "type": "Feature", "properties": { "depth_bin": "95-100" }, "geometry": { "type": "MultiPolygon", "coordinates": [ [ [ [ 675169.677664234302938, 3616123.002085069660097 ], [ 675142.265802202397026, 3616153.801033584866673 ], [ 675142.265802202397026, 3616184.415708174463362 ], [ 675167.242338171694428, 3616207.254577209241688 ], [ 675180.372137201949954, 3616239.291869997512549 ], [ 675214.888137567322701, 3616250.736449953168631 ], [ 675234.815142079722136, 3616274.855474044103175 ], [ 675406.658677969477139, 3616344.306624727323651 ], [ 675470.672793662059121, 3616319.685722999740392 ], [ 675514.056635383167304, 3616313.588085849769413 ], [ 675623.131947727175429, 3616366.421598351094872 ], [ 675685.308882734272629, 3616410.771932615432888 ], [ 675729.628875653492287, 3616431.060017590411007 ], [ 675644.239591892925091, 3616421.305795449763536 ], [ 675561.686989613575861, 3616386.250365144107491 ], [ 675464.648735293769278, 3616383.530052929650992 ], [ 675424.711846609134227, 3616401.730250057764351 ], [ 675409.979474629508331, 3616419.681697255000472 ], [ 675408.465581388911232, 3616454.217818199191242 ], [ 675424.520385497366078, 3616475.86521560093388 ], [ 675446.743194818147458, 3616482.606431108899415 ], [ 675528.035383911221288, 3616480.044103778898716 ], [ 675672.787046536337584, 3616518.20402031717822 ], [ 675826.932585139409639, 3616542.446071655489504 ], [ 675817.422058408730663, 3616562.486790774855763 ], [ 675816.309976823977195, 3616595.539573279675096 ], [ 675836.788309862138703, 3616631.04811127576977 ], [ 675879.236083524883725, 3616647.350288767367601 ], [ 675999.775791307445616, 3616651.707472416106611 ], [ 676027.224599300301634, 3616638.737476996146142 ], [ 676040.3504725106759, 3616611.31021292321384 ], [ 676110.116458286647685, 3616628.565593362320215 ], [ 676128.418581994250417, 3616622.016988787334412 ], [ 676147.719658170361072, 3616601.673384536989033 ], [ 676149.397988896816969, 3616567.510177769232541 ], [ 676137.818538962979801, 3616551.89709692960605 ], [ 676115.31060415355023, 3616540.854385979939252 ], [ 676096.434897446306422, 3616483.496977471746504 ], [ 676158.63835846434813, 3616409.869486127048731 ], [ 676171.245721166487783, 3616376.84417008375749 ], [ 676164.697116591734812, 3616350.700675149913877 ], [ 676134.748130154330283, 3616330.530268171802163 ], [ 676100.433028186089359, 3616335.816838544327766 ], [ 675997.065034341532737, 3616430.71301434841007 ], [ 675881.220472987508401, 3616380.650926108472049 ], [ 675739.853930657729506, 3616298.784085156861693 ], [ 675688.887772212852724, 3616242.057356589473784 ], [ 675679.925375561579131, 3616213.260594311635941 ], [ 675730.900703118997626, 3616222.009072246495634 ], [ 675789.023383740801364, 3616207.285232171881944 ], [ 675820.005478604114614, 3616187.880894695874304 ], [ 675853.927598395384848, 3616227.979021276347339 ], [ 675888.938874643645249, 3616227.417251480277628 ], [ 675934.851521497475915, 3616239.78245464945212 ], [ 675956.074548520264216, 3616254.64233855670318 ], [ 675989.188191272551194, 3616254.6036929464899 ], [ 676011.450476793223061, 3616266.038777990266681 ], [ 676056.927622962044552, 3616260.822342723608017 ], [ 676115.955869135214016, 3616295.54195161908865 ], [ 676143.036382476682775, 3616297.243756177835166 ], [ 676171.751122852787375, 3616317.325063681229949 ], [ 676200.809627616312355, 3616314.512358564883471 ], [ 676249.702913939021528, 3616350.66948125930503 ], [ 676280.170170502271503, 3616353.670244114939123 ], [ 676340.161586811416782, 3616299.106734580826014 ], [ 676377.115268068388104, 3616232.122185058891773 ], [ 676406.039312559645623, 3616210.289256565738469 ], [ 676436.569998001446947, 3616070.242459279950708 ], [ 676458.259946439415216, 3616039.973418549168855 ], [ 676494.405388466548175, 3616003.280196416657418 ], [ 676503.222348668379709, 3616024.263268162962049 ], [ 676518.835429508355446, 3616035.842718096915632 ], [ 676559.13080259214621, 3616032.794068779796362 ], [ 676580.275343676214106, 3616010.394072105176747 ], [ 676591.244349883287214, 3615974.059439874719828 ], [ 676575.327509981463663, 3615945.497950018383563 ], [ 676541.770004562567919, 3615937.281681378837675 ], [ 676558.118913991376758, 3615897.005152812693268 ], [ 676537.167394397547469, 3615865.648987852036953 ], [ 676503.004187629907392, 3615863.970657125115395 ], [ 676462.006861380650662, 3615887.521411215420812 ], [ 676436.372189895482734, 3615919.010574349202216 ], [ 676405.010134834679775, 3615919.715533506125212 ], [ 676393.269008596311323, 3615916.050678906030953 ], [ 676374.520010287524201, 3615865.268211860675365 ], [ 676335.113180278567597, 3615845.744888005778193 ], [ 676312.336625192314386, 3615850.275426499079913 ], [ 676286.188642233493738, 3615873.438829027116299 ], [ 676249.61137026338838, 3615870.382140883710235 ], [ 676212.21255180973094, 3615887.8611039086245 ], [ 676185.279832437518053, 3615889.523351934738457 ], [ 676157.172723484341986, 3615912.98423659754917 ], [ 676142.208885469823144, 3615938.242919318377972 ], [ 676122.013190375757404, 3615937.550716379191726 ], [ 676115.130306134116836, 3615931.671464273706079 ], [ 676125.300113088567741, 3615900.06692392192781 ], [ 676119.900206632562913, 3615863.141173106152564 ], [ 676137.881985611631535, 3615843.2421063054353 ], [ 676140.158215527306311, 3615820.13115612976253 ], [ 676123.149613632005639, 3615794.67598451860249 ], [ 676097.006118698045611, 3615788.127379943616688 ], [ 676067.668019819073379, 3615805.711959689855576 ], [ 676061.119415244320408, 3615824.014083397574723 ], [ 676065.482266229460947, 3615846.436093036551028 ], [ 676044.176055074785836, 3615859.83824267424643 ], [ 676035.191026909509674, 3615883.289289258886129 ], [ 675999.821152070886455, 3615898.772427171468735 ], [ 675960.664671974489465, 3615938.697148374747485 ], [ 675924.015824963222258, 3616022.609809649176896 ], [ 675942.753151166019961, 3615888.504897989798337 ], [ 675938.03000173997134, 3615869.64902851684019 ], [ 675917.709115218603984, 3615844.641411447431892 ], [ 675881.621231090510264, 3615833.694271478801966 ], [ 675845.981746753095649, 3615862.251561007462442 ], [ 675820.710617564152926, 3615845.491111592389643 ], [ 675788.788062093430199, 3615852.870006591547281 ], [ 675770.233307634247467, 3615825.442015294451267 ], [ 675742.566350460634567, 3615818.855124399531633 ], [ 675721.111304707243107, 3615827.742095332127064 ], [ 675685.909555563353933, 3615861.487289625220001 ], [ 675702.16851464274805, 3615816.908380709588528 ], [ 675690.029078916995786, 3615738.871023860294372 ], [ 675668.381234911154024, 3615717.22317985445261 ], [ 675618.837128561222926, 3615707.51142143830657 ], [ 675547.712385674589314, 3615751.73631705250591 ], [ 675532.796682971180417, 3615774.33530549146235 ], [ 675496.557519138441421, 3615785.512573966290802 ], [ 675479.699568420997821, 3615809.420021647121757 ], [ 675435.902561519411393, 3615841.576786175835878 ], [ 675412.516621930641122, 3615876.790657826233655 ], [ 675389.422565580229275, 3615890.640639372169971 ], [ 675376.881103039719164, 3615925.648413348011672 ], [ 675351.472854402847588, 3615929.788576979655772 ], [ 675312.347663203487173, 3615957.716408617794514 ], [ 675278.989934598444961, 3616002.426491602789611 ], [ 675281.95240973867476, 3616034.417206338606775 ], [ 675311.405343795777299, 3616056.436681502498686 ], [ 675323.027330433484167, 3616082.81278816703707 ], [ 675405.777420868864283, 3616125.145490209572017 ], [ 675404.467259034747258, 3616146.973002956714481 ], [ 675412.778252116288058, 3616164.545121442526579 ], [ 675463.192749389680102, 3616199.768101331777871 ], [ 675426.717957782675512, 3616193.082384617999196 ], [ 675410.839005236746743, 3616174.649697714950889 ], [ 675378.292761856457219, 3616159.638168819248676 ], [ 675333.893021992756985, 3616152.829895639792085 ], [ 675318.826790942344815, 3616135.750941201113164 ], [ 675279.652560960967094, 3616114.770041498355567 ], [ 675206.343873401754536, 3616107.214910165406764 ], [ 675169.677664234302938, 3616123.002085069660097 ] ], [ [ 675822.798871623468585, 3616460.746319256722927 ], [ 675818.60280772310216, 3616459.734924135264009 ], [ 675816.29570285405498, 3616458.937441994901747 ], [ 675825.147958340472542, 3616460.639400456100702 ], [ 675822.798871623468585, 3616460.746319256722927 ] ], [ [ 675936.399588394211605, 3616550.494081099983305 ], [ 675926.307500859373249, 3616548.8463329304941 ], [ 675925.070632913266309, 3616514.554271357133985 ], [ 675942.68437562067993, 3616523.891934456303716 ], [ 675936.399588394211605, 3616550.494081099983305 ] ], [ [ 676362.072755428613164, 3615994.215250176377594 ], [ 676367.432492526830174, 3616000.356713347136974 ], [ 676362.924339784658514, 3616003.976732017472386 ], [ 676362.15728228201624, 3616000.336037774570286 ], [ 676362.072755428613164, 3615994.215250176377594 ] ] ], [ [ [ 676506.302917894907296, 3615696.474892599973828 ], [ 676489.630033737630583, 3615706.468234781641513 ], [ 676478.682893769000657, 3615726.948893148452044 ], [ 676490.366545038530603, 3615772.363152040634304 ], [ 676572.639071132638492, 3615834.335896907839924 ], [ 676561.612740515731275, 3615861.859534527175128 ], [ 676573.32846926827915, 3615890.143805774860084 ], [ 676604.243798068491742, 3615910.499875866342336 ], [ 676634.270220269914716, 3615904.527249142061919 ], [ 676648.886018468881957, 3615888.63915032800287 ], [ 676653.416556961834431, 3615865.86259524198249 ], [ 676644.52958602947183, 3615844.4075494883582 ], [ 676628.32632698409725, 3615832.151677576825023 ], [ 676652.020637874258682, 3615808.291590108536184 ], [ 676660.169284434872679, 3615779.139440044760704 ], [ 676652.36520933767315, 3615750.134737477172166 ], [ 676618.396683870232664, 3615713.174645017832518 ], [ 676645.021248127450235, 3615708.723471348173916 ], [ 676674.92686442960985, 3615685.387882697861642 ], [ 676683.421258156420663, 3615654.062533854972571 ], [ 676676.756611711811274, 3615628.792783147189766 ], [ 676645.400204475037754, 3615601.528085980564356 ], [ 676610.215118236839771, 3615601.413232789840549 ], [ 676580.997822415665723, 3615632.697771302424371 ], [ 676574.284979948424734, 3615672.490614844951779 ], [ 676585.073819531593472, 3615696.044049290940166 ], [ 676542.442959893727675, 3615689.271191718522459 ], [ 676506.302917894907296, 3615696.474892599973828 ] ] ], [ [ [ 676697.004027536953799, 3615344.683104958385229 ], [ 676673.466696971911006, 3615376.650192860979587 ], [ 676673.045593838440254, 3615409.015603878069669 ], [ 676681.866867944016121, 3615433.279384166002274 ], [ 676672.538351604482159, 3615455.221600202843547 ], [ 676675.313993890071288, 3615477.496565856505185 ], [ 676698.760321682319045, 3615509.138088015839458 ], [ 676717.214703894569539, 3615520.9307797299698 ], [ 676763.565683862543665, 3615522.915374310687184 ], [ 676807.290451827109791, 3615484.602425270248204 ], [ 676824.408900060690939, 3615455.536743872333318 ], [ 676835.913823994342238, 3615405.714730388484895 ], [ 676833.099898422020487, 3615384.96323530934751 ], [ 676813.51539660920389, 3615363.431967687327415 ], [ 676782.746787923853844, 3615358.765598794911057 ], [ 676757.979097328265198, 3615340.924512684345245 ], [ 676697.004027536953799, 3615344.683104958385229 ] ] ] ] } },
{ "type": "Feature", "properties": { "depth_bin": "100-105" }, "geometry": { "type": "Polygon", "coordinates": [ [ [ 675218.427324192249216, 3616049.929747137706727 ], [ 675206.272201845655218, 3616071.50525691267103 ], [ 675205.658208066713996, 3616102.57073480123654 ], [ 675177.348019979544915, 3616112.863519750069827 ], [ 675135.304334319662303, 3616165.760260995011777 ], [ 675139.258894961792976, 3616192.419743348844349 ], [ 675181.748359157005325, 3616248.721885849256068 ], [ 675235.354949054773897, 3616274.933765118010342 ], [ 675259.740947884973139, 3616277.285150148440152 ], [ 675280.561011891928501, 3616295.887415066361427 ], [ 675392.302990105934441, 3616335.845319215673953 ], [ 675419.335284774540924, 3616335.082973316311836 ], [ 675442.232035458320752, 3616321.654570919461548 ], [ 675502.640777818742208, 3616305.938959660939872 ], [ 675669.165646524517797, 3616388.701871807221323 ], [ 675723.40911721449811, 3616425.858393017668277 ], [ 675789.456166647258215, 3616454.728025155607611 ], [ 675816.893732915865257, 3616453.803343656938523 ], [ 675833.35647594591137, 3616462.652005522511899 ], [ 675691.05934305570554, 3616440.792940942104906 ], [ 675541.575573307927698, 3616397.940252833068371 ], [ 675474.968327506212518, 3616397.509230602066964 ], [ 675432.959316848660819, 3616405.689541564323008 ], [ 675411.428052481496707, 3616425.274020954500884 ], [ 675407.24374096270185, 3616461.074259201064706 ], [ 675424.252342858002521, 3616486.529430812224746 ], [ 675442.554466565605253, 3616493.078035387210548 ], [ 675511.02087594056502, 3616491.092096710111946 ], [ 675658.922724898904562, 3616523.95323662692681 ], [ 675808.918540130485781, 3616546.539186173584312 ], [ 675802.904008846729994, 3616571.469229487236589 ], [ 675812.079460049630143, 3616618.144033549819142 ], [ 675832.461344960611314, 3616635.921737102791667 ], [ 675875.276569472858682, 3616649.821237698197365 ], [ 676005.105596123961732, 3616654.216716929338872 ], [ 676030.194941404159181, 3616641.860992859117687 ], [ 676041.927352075465024, 3616618.883308462798595 ], [ 676094.581173290847801, 3616631.421058011241257 ], [ 676118.379592513199896, 3616628.683730040211231 ], [ 676139.910864519421011, 3616609.099246004130691 ], [ 676142.949920619954355, 3616577.108523965347558 ], [ 676126.895116511499509, 3616555.461126563604921 ], [ 676093.671500304481015, 3616544.176309841219336 ], [ 676083.657419843249954, 3616492.732919425703585 ], [ 676157.26975785032846, 3616406.244371181819588 ], [ 676162.975832228548825, 3616367.975346904247999 ], [ 676147.634977928479202, 3616343.296784732956439 ], [ 676122.259246561909094, 3616334.217202867381275 ], [ 676096.989505917532369, 3616340.881835924461484 ], [ 676001.511128781945445, 3616435.392636032309383 ], [ 675734.754752866225317, 3616307.503226703032851 ], [ 675682.333343697013333, 3616271.144577690865844 ], [ 675628.049144090851769, 3616209.321845806203783 ], [ 675584.705250367289409, 3616171.39741717139259 ], [ 675560.366594215855002, 3616162.199956892989576 ], [ 675528.154338881024159, 3616127.920824033208191 ], [ 675563.299753662315197, 3616143.492176631465554 ], [ 675586.410703837522306, 3616141.215946715790778 ], [ 675614.415266495314427, 3616113.143823540769517 ], [ 675647.557463897275738, 3616104.451928691472858 ], [ 675663.622355285915546, 3616074.511926216073334 ], [ 675693.219009585678577, 3616093.477386012207717 ], [ 675703.576496704597957, 3616118.498666998464614 ], [ 675724.370701308362186, 3616132.962299674749374 ], [ 675791.533118440886028, 3616137.580742031335831 ], [ 675825.407110355328768, 3616155.225371058564633 ], [ 675847.629919676110148, 3616148.484155550599098 ], [ 675863.539154350641184, 3616129.861313527449965 ], [ 675885.454582605161704, 3616185.526102841831744 ], [ 675911.595793016371317, 3616204.74270226387307 ], [ 675939.280316511751153, 3616203.729656154289842 ], [ 675966.245955229736865, 3616218.123697139322758 ], [ 675999.889387647039257, 3616205.227137127891183 ], [ 676035.102587808854878, 3616216.608344820328057 ], [ 676056.551943394239061, 3616207.72559400415048 ], [ 676087.127033399883658, 3616210.095102187246084 ], [ 676111.150007134536281, 3616189.917466314509511 ], [ 676134.126987852738239, 3616218.187896274030209 ], [ 676168.630847039516084, 3616220.327733902260661 ], [ 676176.696937422151677, 3616243.152153210248798 ], [ 676212.904336618958041, 3616283.784923579078168 ], [ 676249.301584145985544, 3616291.355211870279163 ], [ 676277.633154276642017, 3616319.128176427911967 ], [ 676309.623878108221106, 3616316.16570394905284 ], [ 676341.585955249960534, 3616287.939889796543866 ], [ 676342.664203860447742, 3616250.903490614145994 ], [ 676353.394752423162572, 3616226.727364332880825 ], [ 676385.309134682756849, 3616233.03227116400376 ], [ 676409.672720317030326, 3616221.509153344668448 ], [ 676421.266109755844809, 3616201.827622445300221 ], [ 676421.53970406355802, 3616175.587997148744762 ], [ 676437.810515616205521, 3616159.257024211343378 ], [ 676470.453579172375612, 3616092.746163403149694 ], [ 676495.971299564116634, 3616101.954436619766057 ], [ 676524.255570811568759, 3616090.238707867451012 ], [ 676537.87465097301174, 3616044.394108751788735 ], [ 676561.484710223507136, 3616042.24289915105328 ], [ 676581.454223502893001, 3616024.143587323371321 ], [ 676603.411877249600366, 3615957.829946813639253 ], [ 676653.887657542829402, 3615906.670116387307644 ], [ 676673.962895875214599, 3615895.824528850615025 ], [ 676696.726293096318841, 3615865.450403567869216 ], [ 676703.049486049683765, 3615843.58587876195088 ], [ 676695.817017478868365, 3615812.92897189874202 ], [ 676649.228329798206687, 3615739.712711081374437 ], [ 676651.207288038451225, 3615720.061087701935321 ], [ 676682.391076824511401, 3615691.673288812395185 ], [ 676709.394029986578971, 3615629.000625852029771 ], [ 676707.270939436275512, 3615599.795691903680563 ], [ 676681.835062436526641, 3615567.678617969155312 ], [ 676707.422922228928655, 3615573.71601549629122 ], [ 676729.325734361889772, 3615569.069432923570275 ], [ 676794.52833139768336, 3615507.148338695522398 ], [ 676830.609737145598046, 3615442.274938025977463 ], [ 676840.522522768122144, 3615404.306104782037437 ], [ 676837.670315001625568, 3615385.07808187417686 ], [ 676819.967562967445701, 3615364.003125928808004 ], [ 676762.626076451619156, 3615337.992415125481784 ], [ 676714.642683505546302, 3615327.733802312985063 ], [ 676684.619971697800793, 3615339.745581282302737 ], [ 676665.503054218832403, 3615371.200882091652602 ], [ 676670.740020909113809, 3615419.738765022251755 ], [ 676659.671066359733231, 3615440.329829689580947 ], [ 676652.379626708920114, 3615525.715825396589935 ], [ 676664.523165092337877, 3615555.960924504790455 ], [ 676632.616890061879531, 3615552.253871825523674 ], [ 676605.927497174823657, 3615567.618287823162973 ], [ 676594.477411489235237, 3615591.489530803170055 ], [ 676543.967128308839165, 3615641.216061927843839 ], [ 676542.50774487212766, 3615680.655442154034972 ], [ 676478.643194543896243, 3615688.321764704305679 ], [ 676406.964556789840572, 3615683.744210291653872 ], [ 676383.658447046414949, 3615673.179532752372324 ], [ 676357.514952112454921, 3615679.728137327358127 ], [ 676341.591476694797166, 3615701.008495626971126 ], [ 676318.700733110657893, 3615707.716897628735751 ], [ 676297.761355336755514, 3615732.592660437338054 ], [ 676293.038205910706893, 3615751.448529910296202 ], [ 676303.170796525431797, 3615777.986077394802123 ], [ 676300.870532462606207, 3615795.973448692820966 ], [ 676274.648506563506089, 3615756.914581616874784 ], [ 676255.792637090431526, 3615752.191432190593332 ], [ 676235.379224626231007, 3615757.848136959131807 ], [ 676220.109888444771059, 3615743.348559326957911 ], [ 676201.254018971696496, 3615738.625409900676459 ], [ 676172.969747724244371, 3615750.341138652991503 ], [ 676153.784954753587954, 3615785.339916332159191 ], [ 676121.136404198012315, 3615753.465742610860616 ], [ 676093.469443714711815, 3615746.878852334339172 ], [ 676066.469711193349212, 3615761.310510034672916 ], [ 676051.058368522091769, 3615797.406018358189613 ], [ 675997.932395215262659, 3615807.668679537251592 ], [ 676003.248445879318751, 3615786.364025630988181 ], [ 675998.113738579791971, 3615732.893408022355288 ], [ 675983.381366600166075, 3615714.941960825119168 ], [ 675961.158557279384695, 3615708.200745317153633 ], [ 675920.41857230826281, 3615730.274540575221181 ], [ 675908.726130437920801, 3615758.084796446375549 ], [ 675880.65577009820845, 3615791.667161577846855 ], [ 675861.280925658880733, 3615778.769557049032301 ], [ 675840.342462487751618, 3615777.777473316993564 ], [ 675804.773912595701404, 3615806.430398108437657 ], [ 675752.431867027771659, 3615769.641515159979463 ], [ 675717.079898680676706, 3615772.032362157013267 ], [ 675695.703162286779843, 3615723.044495019130409 ], [ 675656.563695995602757, 3615677.764854143839329 ], [ 675632.817425480112433, 3615670.985353724099696 ], [ 675606.731005430687219, 3615678.332561313174665 ], [ 675539.322570786112919, 3615729.84395263902843 ], [ 675527.685731416917406, 3615751.06961495289579 ], [ 675475.5914928043494, 3615801.849511344917119 ], [ 675451.82631058327388, 3615814.537374909501523 ], [ 675422.922661225195043, 3615855.052907479461282 ], [ 675397.126817261567339, 3615868.041990244761109 ], [ 675374.433200306608342, 3615907.057373750023544 ], [ 675354.659195455955341, 3615913.678287208545953 ], [ 675330.267553922254592, 3615939.459972663316876 ], [ 675318.147352578584105, 3615968.42119905911386 ], [ 675277.587424935074523, 3616003.545826639514416 ], [ 675251.516049847239628, 3616012.591233720537275 ], [ 675236.245562845258974, 3616039.347803928423673 ], [ 675218.427324192249216, 3616049.929747137706727 ] ], [ [ 675910.65579920494929, 3616565.185255821794271 ], [ 675904.761979700066149, 3616565.670553518924862 ], [ 675913.638592800707556, 3616523.297867960296571 ], [ 675894.80033010954503, 3616494.571961880195886 ], [ 675948.935597322997637, 3616524.045494510326535 ], [ 675955.439109498169273, 3616569.617571095936 ], [ 675910.65579920494929, 3616565.185255821794271 ] ], [ [ 675544.149718649103306, 3615955.919047793839127 ], [ 675508.220108879730105, 3615917.637346799485385 ], [ 675506.587122493656352, 3615895.006046249996871 ], [ 675540.343416557996534, 3615880.084506666753441 ], [ 675558.699583124252968, 3615858.942827857565135 ], [ 675612.186463725054637, 3615824.25809890916571 ], [ 675587.315104006556794, 3615892.05303662782535 ], [ 675583.756064701476134, 3615940.741726977750659 ], [ 675560.141744987224229, 3615957.277144672349095 ], [ 675544.149718649103306, 3615955.919047793839127 ] ], [ [ 676274.447386574465781, 3616175.362337921280414 ], [ 676276.032139049144462, 3616176.105253946501762 ], [ 676274.813374845660292, 3616177.630432068370283 ], [ 676274.51984266738873, 3616175.65159885911271 ], [ 676274.447386574465781, 3616175.362337921280414 ] ], [ [ 676044.98834598925896, 3616079.392126838676631 ], [ 676014.637741665705107, 3616060.315907837357372 ], [ 676011.502914757234976, 3616043.944300314877182 ], [ 676015.853434821823612, 3616012.502950041554868 ], [ 676033.195904269698076, 3616003.926906652748585 ], [ 676049.939773836755194, 3616023.375446910969913 ], [ 676044.98834598925896, 3616079.392126838676631 ] ], [ [ 676242.396259122760966, 3616087.554492547176778 ], [ 676242.172784243244678, 3616089.061037810984999 ], [ 676240.805799092981033, 3616087.518535748124123 ], [ 676242.315911729703657, 3616087.012834420893341 ], [ 676242.396259122760966, 3616087.554492547176778 ] ], [ [ 676326.84973714791704, 3616166.774402598384768 ], [ 676325.563307115226053, 3616166.165966506116092 ], [ 676334.886260511586443, 3616153.790535351261497 ], [ 676334.331335895345546, 3616171.212791042402387 ], [ 676326.84973714791704, 3616166.774402598384768 ] ] ] } },
{ "type": "Feature", "properties": { "depth_bin": "105-110" }, "geometry": { "type": "MultiPolygon", "coordinates": [ [ [ [ 675250.533814323251136, 3616042.870773908216506 ], [ 675248.860207747085951, 3616057.777930467855185 ], [ 675219.668418451328762, 3616066.670041428878903 ], [ 675205.102702661184594, 3616096.398589056450874 ], [ 675179.20139571884647, 3616107.997250279411674 ], [ 675164.845961634302512, 3616135.898894506972283 ], [ 675131.333580295438878, 3616164.197206843644381 ], [ 675131.333580295438878, 3616194.811881433241069 ], [ 675160.802756559918635, 3616232.951260493602604 ], [ 675213.535023360629566, 3616260.370598073583096 ], [ 675245.525737203890458, 3616257.408124864567071 ], [ 675266.477256797719747, 3616226.051959903910756 ], [ 675261.946718304767273, 3616203.275404817890376 ], [ 675244.188341678702272, 3616186.22188274236396 ], [ 675255.755679384921677, 3616187.587219464592636 ], [ 675298.655440621078014, 3616221.580766687635332 ], [ 675368.28010198706761, 3616240.271690514869988 ], [ 675400.959065671195276, 3616263.556780280079693 ], [ 675443.591528876102529, 3616271.881574492901564 ], [ 675660.457481155404821, 3616383.116694988217205 ], [ 675739.033524335944094, 3616413.644015300553292 ], [ 675770.368507043574937, 3616437.709764396771789 ], [ 675853.274714173167013, 3616470.213966444600374 ], [ 675678.427316809887998, 3616446.566145611926913 ], [ 675525.958052302943543, 3616412.792035539168864 ], [ 675482.240997267654166, 3616411.411926335189492 ], [ 675434.825473225326277, 3616416.516492202877998 ], [ 675413.17807582335081, 3616432.57129631144926 ], [ 675407.205449099419639, 3616462.597718513105065 ], [ 675427.107802049256861, 3616494.223311226814985 ], [ 675799.79194626910612, 3616550.706442615482956 ], [ 675790.448153647826985, 3616581.827123046386987 ], [ 675798.406486578751355, 3616616.275928790215403 ], [ 675821.797003697603941, 3616635.653681450989097 ], [ 675872.153055883361958, 3616652.791577605996281 ], [ 675999.622617440880276, 3616657.801330206450075 ], [ 676028.733279096428305, 3616647.582362241577357 ], [ 676042.139848669059575, 3616626.258505716919899 ], [ 676099.18414721742738, 3616638.961798415519297 ], [ 676134.769280986394733, 3616615.436530239880085 ], [ 676141.317885561147705, 3616589.293035306036472 ], [ 676129.794767741695978, 3616564.929449671413749 ], [ 676063.360269453492947, 3616542.344180864281952 ], [ 676063.970875620725565, 3616521.297956482507288 ], [ 676079.658636790234596, 3616490.501866730395705 ], [ 676152.69936094887089, 3616406.129497036803514 ], [ 676154.136667156009935, 3616374.640375813934952 ], [ 676136.59668877045624, 3616351.431221473030746 ], [ 676110.453193836496212, 3616344.882616898044944 ], [ 676084.457159637589939, 3616354.286695923190564 ], [ 676005.458377710077912, 3616439.822361037600785 ], [ 675692.392789588309824, 3616290.611111487727612 ], [ 675596.947680954006501, 3616215.504453815054148 ], [ 675405.168271277216263, 3616121.195861461572349 ], [ 675360.987792213913053, 3616091.362988153006881 ], [ 675370.546613186830655, 3616053.844450371805578 ], [ 675350.171071443823166, 3616026.371212678961456 ], [ 675282.569560852716677, 3616013.765579950995743 ], [ 675262.088902485906146, 3616024.71271991962567 ], [ 675250.533814323251136, 3616042.870773908216506 ] ], [ [ 675930.57053497992456, 3616569.307119035162032 ], [ 675890.247273151297122, 3616571.212095487397164 ], [ 675900.19074721634388, 3616554.594232317991555 ], [ 675901.336008663056418, 3616527.56191632989794 ], [ 675868.822048305999488, 3616477.78481318987906 ], [ 675952.061530626262538, 3616523.257906724698842 ], [ 675961.002215270069428, 3616573.12965884944424 ], [ 675930.57053497992456, 3616569.307119035162032 ] ] ], [ [ [ 675346.921126333880238, 3615924.708348277956247 ], [ 675335.359721364104189, 3615958.43676386680454 ], [ 675354.208606556174345, 3615991.645192935597152 ], [ 675375.663652309565805, 3616000.532163868192583 ], [ 675401.903788195806555, 3615994.877048201393336 ], [ 675413.4452972530853, 3616016.692687674891204 ], [ 675434.239500153344125, 3616031.15631663845852 ], [ 675466.230216107214801, 3616028.193841312080622 ], [ 675487.18173570104409, 3615996.837676351424307 ], [ 675485.958262359723449, 3615969.117828476708382 ], [ 675471.795842224848457, 3615945.118659535888582 ], [ 675475.074885197565891, 3615885.6614960860461 ], [ 675511.512435918906704, 3615874.786687595304102 ], [ 675620.410547747043893, 3615788.238497919868678 ], [ 675628.768970762263052, 3615809.257104517426342 ], [ 675594.433005171827972, 3615893.080474993214011 ], [ 675601.094808564172126, 3615965.934755950700492 ], [ 675609.405801645712927, 3615983.506874436512589 ], [ 675649.775380041101016, 3616007.609010280575603 ], [ 675680.242636604350992, 3616004.60824742494151 ], [ 675698.341948431683704, 3615984.638734146021307 ], [ 675717.841125223203562, 3615921.461655115708709 ], [ 675744.912904154509306, 3615948.740568075329065 ], [ 675753.166928702266887, 3615990.123387738596648 ], [ 675775.612188995350152, 3616008.017547035589814 ], [ 675807.101301335380413, 3616009.454841315280646 ], [ 675857.674295891658403, 3615984.998641026671976 ], [ 675850.243083619978279, 3616022.340273369569331 ], [ 675857.283973201876506, 3616060.614428211469203 ], [ 675893.675564668141305, 3616123.069781824480742 ], [ 675928.015402819029987, 3616136.462128747720271 ], [ 675953.323428540723398, 3616128.274026480969042 ], [ 675967.521197245572694, 3616112.744236582424492 ], [ 675973.286578745231964, 3616080.214124761987478 ], [ 675989.162638685200363, 3616059.022450593765825 ], [ 676006.267362427548505, 3615999.431683312635869 ], [ 676039.961677609360777, 3615966.321672906633466 ], [ 676076.264801066950895, 3616002.876767382025719 ], [ 676058.231817949912511, 3616060.228315379470587 ], [ 676067.935684275813401, 3616110.117093671578914 ], [ 676086.034996103146113, 3616130.086606950499117 ], [ 676111.820193731109612, 3616136.217188228387386 ], [ 676133.275239484501071, 3616127.330217295791954 ], [ 676154.089628461748362, 3616090.139076435938478 ], [ 676173.966302683693357, 3616083.51311915460974 ], [ 676191.249394607380964, 3616066.536434981971979 ], [ 676204.963928229874, 3616005.730312117375433 ], [ 676202.040917409467511, 3615981.539332603570074 ], [ 676233.470693324343301, 3615935.220802383031696 ], [ 676298.429713443038054, 3615936.072366692125797 ], [ 676286.693492207094096, 3615966.033415926154703 ], [ 676286.427633029757999, 3616000.933490238618106 ], [ 676262.804205521009862, 3616040.871732946485281 ], [ 676262.727629027096555, 3616067.141441944986582 ], [ 676283.634552131057717, 3616092.368661114014685 ], [ 676314.028544474276714, 3616097.090643508825451 ], [ 676335.483590227668174, 3616088.203672576230019 ], [ 676358.710389205836691, 3616059.614319663029164 ], [ 676373.56816732569132, 3616060.538106776308268 ], [ 676369.771119368262589, 3616098.658997576218098 ], [ 676352.060420756461099, 3616119.638926331419498 ], [ 676343.152564310701564, 3616145.810997365508229 ], [ 676342.539932822459377, 3616185.793813531752676 ], [ 676360.880555563489906, 3616218.904615370091051 ], [ 676399.934170344378799, 3616222.639301678165793 ], [ 676421.582014350220561, 3616200.991457672324032 ], [ 676440.571194636635482, 3616136.562738317530602 ], [ 676516.670639652642421, 3616095.174932756926864 ], [ 676544.819442191859707, 3616052.849241329822689 ], [ 676575.382882022880949, 3616038.24250991595909 ], [ 676585.293920590193011, 3616017.661739892791957 ], [ 676582.995820887503214, 3615991.295704745221883 ], [ 676634.479208190576173, 3615922.942986783571541 ], [ 676675.037283019046299, 3615894.401273045223206 ], [ 676739.506314159138128, 3615800.974772583227605 ], [ 676744.075138404848985, 3615776.674746254924685 ], [ 676732.552020585397258, 3615752.311160620301962 ], [ 676703.121963539277203, 3615733.516950386110693 ], [ 676662.030000611091964, 3615735.172343451995403 ], [ 676663.405805416987278, 3615721.935954883694649 ], [ 676683.684839164488949, 3615700.852398049086332 ], [ 676715.942734332988039, 3615637.570234345737845 ], [ 676716.095871370867826, 3615608.253576076589525 ], [ 676700.520952323218808, 3615578.61886736843735 ], [ 676741.642185163684189, 3615574.898427072446793 ], [ 676791.875168997677974, 3615520.638757675886154 ], [ 676835.333283383981325, 3615436.295896746683866 ], [ 676839.270351573126391, 3615382.069419605657458 ], [ 676821.171039745793678, 3615362.099906326737255 ], [ 676729.45414080854971, 3615323.438866856042296 ], [ 676699.374841091339476, 3615322.21709640417248 ], [ 676675.670555539312772, 3615331.898433546535671 ], [ 676658.691369484527968, 3615357.985617673024535 ], [ 676661.19763739046175, 3615401.684449896216393 ], [ 676641.657390331849456, 3615429.206140725407749 ], [ 676633.837847587186843, 3615474.94349896395579 ], [ 676640.696310860803351, 3615501.574939011130482 ], [ 676637.267163289478049, 3615525.518653211183846 ], [ 676587.952022301615216, 3615554.971113795414567 ], [ 676576.22128465003334, 3615584.305082283914089 ], [ 676558.727087956154719, 3615601.463250254746526 ], [ 676528.519972604000941, 3615600.993809895124286 ], [ 676502.514848239021376, 3615618.374793940689415 ], [ 676488.2144929143833, 3615650.966640238650143 ], [ 676488.915568142547272, 3615672.725335666444153 ], [ 676448.269867425318807, 3615667.11827934300527 ], [ 676382.938964360044338, 3615641.148315563332289 ], [ 676315.049805590533651, 3615639.582677077036351 ], [ 676207.210624669445679, 3615622.918321921955794 ], [ 676176.314291565213352, 3615637.516016819514334 ], [ 676156.872360067092814, 3615611.801983676850796 ], [ 676131.496628700522706, 3615602.722401811275631 ], [ 676106.120897333952598, 3615611.801983676850796 ], [ 676091.582056379760616, 3615640.983481450937688 ], [ 676057.916307351435535, 3615660.203218640759587 ], [ 676009.043704780866392, 3615648.718084509018809 ], [ 675982.658273870591074, 3615662.471964827738702 ], [ 675959.874896580353379, 3615662.92535110283643 ], [ 675898.747325305244885, 3615684.036789444740862 ], [ 675873.028406883706339, 3615671.018292334396392 ], [ 675833.766814508708194, 3615675.475528122391552 ], [ 675808.600911753950641, 3615690.878202464897186 ], [ 675791.213507856824435, 3615718.336823206860572 ], [ 675773.460721808834933, 3615714.158124939538538 ], [ 675784.558820062433369, 3615696.483948244247586 ], [ 675785.512617849279195, 3615677.068948273081332 ], [ 675774.565477880649269, 3615656.588289906270802 ], [ 675757.892593723372556, 3615646.594947724603117 ], [ 675724.058397312415764, 3615651.613776661921293 ], [ 675690.033128021867014, 3615689.142818593420088 ], [ 675663.550799783552065, 3615666.795714912004769 ], [ 675632.860827953205444, 3615662.804599505383521 ], [ 675545.431173098855652, 3615721.190534052904695 ], [ 675509.538548572338186, 3615763.467080586124212 ], [ 675485.225278568104841, 3615778.716436608228832 ], [ 675474.439658384537324, 3615800.238319301046431 ], [ 675451.902882805443369, 3615811.490455446764827 ], [ 675439.317424757871777, 3615836.503206869587302 ], [ 675442.404739981633611, 3615862.933461816515774 ], [ 675409.128969536279328, 3615869.314460542052984 ], [ 675346.921126333880238, 3615924.708348277956247 ] ] ] ] } },
{ "type": "Feature", "properties": { "depth_bin": "110-115" }, "geometry": { "type": "MultiPolygon", "coordinates": [ [ [ [ 675216.683301581535488, 3616072.35310327494517 ], [ 675184.34610063850414, 3616085.260159306693822 ], [ 675168.066386661375873, 3616141.037044431082904 ], [ 675139.857255128328688, 3616150.663072728551924 ], [ 675123.563137185527012, 3616170.09968731738627 ], [ 675125.241467911982909, 3616204.262894085142761 ], [ 675158.152447824832052, 3616231.769255213905126 ], [ 675180.016941568697803, 3616238.092440289910883 ], [ 675200.396267902106047, 3616233.407580278348178 ], [ 675221.379758139722981, 3616208.256949326023459 ], [ 675219.524008083855733, 3616177.545314549002796 ], [ 675253.193640165263787, 3616183.495193959213793 ], [ 675298.808600322925486, 3616215.486834133975208 ], [ 675443.181478586397134, 3616268.574776927474886 ], [ 675630.987546297255903, 3616364.147527795750648 ], [ 675661.602220886386931, 3616364.147527795750648 ], [ 675681.571734165772796, 3616346.048215968068689 ], [ 675686.178854038822465, 3616320.224738457705826 ], [ 675677.291883106459863, 3616298.769692704081535 ], [ 675587.538887557457201, 3616225.9389374461025 ], [ 675447.093154704780318, 3616164.016236723866314 ], [ 675260.274910123553127, 3616063.682193221990019 ], [ 675237.163959948346019, 3616061.405963306315243 ], [ 675216.683301581535488, 3616072.35310327494517 ] ] ], [ [ [ 675414.548367546871305, 3616438.703425486106426 ], [ 675409.223202728084289, 3616484.725296476390213 ], [ 675435.889429067145102, 3616511.391522815451026 ], [ 675517.82745274703484, 3616513.341614059172571 ], [ 675785.846540484926663, 3616552.969503922387958 ], [ 675770.759161823545583, 3616580.455552252940834 ], [ 675778.716349608032033, 3616611.207728515379131 ], [ 675844.769011142197996, 3616650.578832789324224 ], [ 676008.686817351728678, 3616661.078020251821727 ], [ 676052.304046016419306, 3616634.788573074154556 ], [ 676078.0891939495923, 3616647.2969498061575 ], [ 676101.200144124799408, 3616645.020719890482724 ], [ 676124.622121018706821, 3616626.015312751289457 ], [ 676132.933114100247622, 3616608.443194265477359 ], [ 676132.01760965527501, 3616587.504728924483061 ], [ 676119.115727592608891, 3616568.195697880350053 ], [ 676060.280574555741623, 3616549.197478149086237 ], [ 676075.78803255665116, 3616478.753922037780285 ], [ 676059.678591270116158, 3616446.271746878512204 ], [ 676032.16797846974805, 3616435.70814246032387 ], [ 676005.396028175600804, 3616441.682006877847016 ], [ 675841.093634686432779, 3616368.882345869671553 ], [ 675817.982684511225671, 3616371.158575785346329 ], [ 675798.469482861459255, 3616387.376119211316109 ], [ 675791.728267353610136, 3616409.598928532097489 ], [ 675796.413125263992697, 3616429.978260946460068 ], [ 675815.804449194576591, 3616449.522751031909138 ], [ 675956.883248633588664, 3616523.710937737021595 ], [ 675964.442854823428206, 3616576.714291891548783 ], [ 675879.792550637503155, 3616571.525819865986705 ], [ 675888.201965547748841, 3616542.63821034040302 ], [ 675880.960016623721458, 3616508.021704385522753 ], [ 675865.025992513401434, 3616485.101798175834119 ], [ 675845.344474921002984, 3616473.508408083114773 ], [ 675451.727837652200833, 3616421.118845739867538 ], [ 675432.499814744456671, 3616423.971053506247699 ], [ 675414.548367546871305, 3616438.703425486106426 ] ] ], [ [ [ 675625.065564298303798, 3615654.252920201979578 ], [ 675600.702725655748509, 3615700.512549459002912 ], [ 675623.941816531238146, 3615745.616294115316123 ], [ 675625.068057997850701, 3615777.332717668730766 ], [ 675644.874295833637007, 3615799.66839883569628 ], [ 675641.766842034761794, 3615834.065193313639611 ], [ 675621.520512365619652, 3615865.472940886393189 ], [ 675627.148560534114949, 3615909.210515873506665 ], [ 675648.070357423857786, 3615927.066383890341967 ], [ 675671.181307599064894, 3615929.342613806016743 ], [ 675691.838635599124245, 3615919.584732450079173 ], [ 675724.967157720471732, 3615886.998451074119657 ], [ 675740.639548161299899, 3615907.57707387348637 ], [ 675761.950310185318813, 3615915.725713797379285 ], [ 675783.157976566813886, 3615913.331958384718746 ], [ 675799.068100153002888, 3615941.848203858360648 ], [ 675831.411443071556278, 3615950.811748436186463 ], [ 675882.310018271324225, 3615922.847104925662279 ], [ 675903.774134132545441, 3615894.063883213791996 ], [ 675906.30602353787981, 3615907.989026722498238 ], [ 675882.433291747467592, 3615939.166148383170366 ], [ 675877.405561217106879, 3615972.71676429733634 ], [ 675891.192747742752545, 3616050.181787317618728 ], [ 675912.099667579866946, 3616075.409002776723355 ], [ 675942.566924143116921, 3616078.409765632357448 ], [ 675976.593473599408753, 3616055.04394572833553 ], [ 675991.617523126653396, 3615990.657005145214498 ], [ 676021.282101718243212, 3615973.596988492645323 ], [ 676048.555742786847986, 3615940.085205200593919 ], [ 676044.993859849637374, 3615901.192138745449483 ], [ 676051.662522871163674, 3615866.647838636767119 ], [ 676066.352739253663458, 3615865.604274074081331 ], [ 676063.892019692459144, 3615930.308306743390858 ], [ 676087.761178093031049, 3615979.59203970991075 ], [ 676123.151457833941095, 3615988.632159551139921 ], [ 676186.046480682794936, 3615968.591217653360218 ], [ 676207.749213804956526, 3615936.525050956290215 ], [ 676195.942540439777076, 3615881.053480360191315 ], [ 676215.015191716141999, 3615824.452652191743255 ], [ 676246.957547905971296, 3615838.041570140048862 ], [ 676249.530356992501765, 3615869.704877362120897 ], [ 676278.48877564095892, 3615891.642172747291625 ], [ 676311.668119888170622, 3615883.331179665401578 ], [ 676333.32846422935836, 3615847.581781368236989 ], [ 676342.03039263188839, 3615876.576695035677403 ], [ 676327.335846223402768, 3615906.925963163841516 ], [ 676331.601622970425524, 3615953.804988449439406 ], [ 676353.462345551000908, 3615982.839981485158205 ], [ 676383.929602114250883, 3615985.840744340792298 ], [ 676417.672637582407333, 3615953.654278449714184 ], [ 676439.196986351977102, 3615958.71044958056882 ], [ 676405.244912769761868, 3616005.118646716699004 ], [ 676401.290352127631195, 3616031.778129070531577 ], [ 676426.859570327913389, 3616077.017169166356325 ], [ 676462.947454456007108, 3616087.964309134986252 ], [ 676512.269637751509435, 3616062.571778843645006 ], [ 676554.681079396861605, 3615980.981909490656108 ], [ 676551.867159182205796, 3615960.230417151004076 ], [ 676532.938277257722802, 3615933.761510570533574 ], [ 676515.366158771794289, 3615925.450517488643527 ], [ 676484.480367111624219, 3615926.063494928646833 ], [ 676487.771125190891325, 3615905.908235289622098 ], [ 676479.977566721849144, 3615877.4678052845411 ], [ 676498.851068636402488, 3615899.601034907624125 ], [ 676529.318325199652463, 3615902.601797763258219 ], [ 676554.54554466099944, 3615881.694870814681053 ], [ 676557.546307516284287, 3615851.227614251431078 ], [ 676530.880081177223474, 3615824.561387912370265 ], [ 676511.465081206406467, 3615823.607590125408024 ], [ 676492.124532656744123, 3615833.521394789218903 ], [ 676474.879809859325178, 3615811.137449458241463 ], [ 676449.854513219674118, 3615802.806320696137846 ], [ 676433.026598509284668, 3615778.072492762003094 ], [ 676410.803789188503288, 3615771.331277254037559 ], [ 676389.791475097299553, 3615776.395531995687634 ], [ 676372.455634642625228, 3615750.472475915215909 ], [ 676411.986893966794014, 3615746.057150584179908 ], [ 676454.99925676791463, 3615756.308606078848243 ], [ 676530.981213354039937, 3615751.216920462436974 ], [ 676573.968358290148899, 3615756.32808897504583 ], [ 676586.723372456268407, 3615797.383869472891092 ], [ 676611.148440010147169, 3615820.16844998113811 ], [ 676660.21759509597905, 3615818.533380945213139 ], [ 676691.773693458759226, 3615832.476914943195879 ], [ 676720.196367103722878, 3615823.473904788959771 ], [ 676743.66651981708128, 3615793.369497576262802 ], [ 676767.870310572674498, 3615779.352578658610582 ], [ 676791.197132707922719, 3615732.992813176475465 ], [ 676784.4559172000736, 3615710.770003855694085 ], [ 676763.534097226103768, 3615692.914117932785302 ], [ 676695.156622661044821, 3615690.33125084079802 ], [ 676721.3138079730561, 3615639.971197250299156 ], [ 676712.747831411194056, 3615584.508836650289595 ], [ 676747.659503947361372, 3615578.098504054825753 ], [ 676779.113146953168325, 3615543.184568124357611 ], [ 676833.85772147460375, 3615446.085735648404807 ], [ 676846.078716074232943, 3615391.211462776176631 ], [ 676821.285886163939722, 3615357.529489632230252 ], [ 676734.139400576124899, 3615318.983297833707184 ], [ 676692.13515009265393, 3615313.448333574924618 ], [ 676673.279280619579367, 3615318.17148300120607 ], [ 676654.191106810234487, 3615335.681092543527484 ], [ 676649.511677377857268, 3615383.507647580932826 ], [ 676634.766106993891299, 3615390.498063457198441 ], [ 676591.463223856058903, 3615376.469338526017964 ], [ 676556.937803552951664, 3615387.474805971607566 ], [ 676518.623013712232932, 3615426.217103177681565 ], [ 676479.456638601608574, 3615444.009858146309853 ], [ 676463.093545707408339, 3615462.349379208870232 ], [ 676458.370396281359717, 3615481.20524868182838 ], [ 676467.449978146818466, 3615506.580980048514903 ], [ 676510.315842230222188, 3615543.552136191632599 ], [ 676559.756935276906006, 3615560.733999250922352 ], [ 676555.435255409451202, 3615574.010008301120251 ], [ 676524.673751720576547, 3615573.258675708435476 ], [ 676498.959425869281404, 3615582.091733752284199 ], [ 676468.19201726524625, 3615608.291603119578212 ], [ 676458.794873827253468, 3615629.562080453615636 ], [ 676427.882132886326872, 3615616.174394065514207 ], [ 676400.301513524958864, 3615614.581946145743132 ], [ 676373.496486932388507, 3615596.514530437532812 ], [ 676339.810930687584914, 3615599.507472424767911 ], [ 676322.615486302529462, 3615585.794452235568315 ], [ 676253.787688461015932, 3615571.218526676762849 ], [ 676207.672801440348849, 3615551.854076905641705 ], [ 676163.420747368480079, 3615545.596274080686271 ], [ 676134.813762296922505, 3615551.293601389043033 ], [ 676091.016543701873161, 3615523.007302456535399 ], [ 676055.411681999685243, 3615532.097584238275886 ], [ 676029.248546011396684, 3615512.936428431421518 ], [ 676006.471990925143473, 3615508.405889938119799 ], [ 675937.61371779255569, 3615538.457541273441166 ], [ 675915.860104959341697, 3615535.09307952132076 ], [ 675896.430694878799841, 3615542.477736650500447 ], [ 675884.806779784499668, 3615516.06237535038963 ], [ 675856.522508537047543, 3615504.346646598074585 ], [ 675828.238237289595418, 3615516.06237535038963 ], [ 675808.941939285025001, 3615551.028753346763551 ], [ 675783.730796871823259, 3615528.338945872616023 ], [ 675748.373137945542112, 3615533.319491230417043 ], [ 675716.402373049873859, 3615557.386373418848962 ], [ 675663.952668530517258, 3615628.163290344644338 ], [ 675625.065564298303798, 3615654.252920201979578 ] ], [ [ 676732.532097174203955, 3615459.383989977650344 ], [ 676736.376171268057078, 3615455.380648692604154 ], [ 676740.974876582040451, 3615448.348543843720108 ], [ 676732.495578163536265, 3615463.88979045720771 ], [ 676727.618444003164768, 3615467.319489892572165 ], [ 676732.532097174203955, 3615459.383989977650344 ] ], [ [ 676745.475755119347014, 3615428.109338736627251 ], [ 676745.208108316874132, 3615416.805471423547715 ], [ 676755.380686945747584, 3615421.248733945190907 ], [ 676743.89785422408022, 3615440.959632862359285 ], [ 676745.475755119347014, 3615428.109338736627251 ] ] ], [ [ [ 676855.281741943676025, 3615487.725215038750321 ], [ 676827.808504250366241, 3615508.100756782107055 ], [ 676816.462990767904557, 3615567.322577747050673 ], [ 676844.872436400735751, 3615597.31163430865854 ], [ 676893.544899835134856, 3615603.818750244565308 ], [ 676938.580364387715235, 3615567.009578155353665 ], [ 676943.599193324800581, 3615533.175381744280457 ], [ 676921.16878660407383, 3615507.909877989906818 ], [ 676855.281741943676025, 3615487.725215038750321 ] ] ] ] } },
{ "type": "Feature", "properties": { "depth_bin": "115-120" }, "geometry": { "type": "MultiPolygon", "coordinates": [ [ [ [ 675218.467028916697018, 3616069.145490399096161 ], [ 675185.946135039674118, 3616082.251533554401249 ], [ 675172.668660503695719, 3616112.020973379723728 ], [ 675181.748242369154468, 3616137.396704746410251 ], [ 675218.893786765635014, 3616165.812188318464905 ], [ 675309.434518434340134, 3616217.278317278716713 ], [ 675443.727759279310703, 3616265.969107335433364 ], [ 675617.506139904609881, 3616354.662144972011447 ], [ 675644.424864289350808, 3616355.984577100723982 ], [ 675666.072261691326275, 3616339.929772992152721 ], [ 675672.620866266079247, 3616321.627649284433573 ], [ 675668.090327773126774, 3616298.851094198413193 ], [ 675620.762396969017573, 3616253.098177483305335 ], [ 675490.994494178332388, 3616185.401779492851347 ], [ 675364.068503616726957, 3616131.441040516365319 ], [ 675258.713164135930128, 3616065.167362176813185 ], [ 675218.467028916697018, 3616069.145490399096161 ] ] ], [ [ [ 675485.21530016628094, 3616434.089485995471478 ], [ 675439.658911228179932, 3616435.405957489274442 ], [ 675416.542105974280275, 3616449.261637338902801 ], [ 675407.387090293923393, 3616489.22226953599602 ], [ 675421.818747994257137, 3616516.222002057358623 ], [ 675443.273793747648597, 3616525.108972989954054 ], [ 675535.802716540405527, 3616525.988796031568199 ], [ 675747.61100311903283, 3616554.177973072975874 ], [ 675757.393625245778821, 3616562.659652343019843 ], [ 675768.79042821994517, 3616617.101230263244361 ], [ 675833.989889495889656, 3616654.881167948246002 ], [ 675898.008569168392569, 3616663.160471331793815 ], [ 675927.316641748067923, 3616657.783921379595995 ], [ 675988.690211915643886, 3616668.19752365257591 ], [ 676055.151450565899722, 3616657.5830989186652 ], [ 676078.121726700570434, 3616632.239304708316922 ], [ 676077.172665650141425, 3616586.126164268236607 ], [ 676058.413103437167592, 3616562.857597247697413 ], [ 676059.481558882631361, 3616520.276712225750089 ], [ 676072.473057196242735, 3616489.341591362375766 ], [ 676063.546644385671243, 3616457.872000733856112 ], [ 676035.974321384099312, 3616439.331049861386418 ], [ 676004.876048765610904, 3616444.06347439577803 ], [ 675862.915024483692832, 3616380.959886042866856 ], [ 675838.1687871866161, 3616380.921594439540058 ], [ 675818.859756142250262, 3616393.823476502206177 ], [ 675809.972785209887661, 3616415.278522255830467 ], [ 675814.503323702840135, 3616438.055077341850847 ], [ 675832.409476309665479, 3616456.037813166622072 ], [ 675967.214696870767511, 3616526.045407972298563 ], [ 675965.873072138871066, 3616580.138654831796885 ], [ 675871.226371388300322, 3616574.306997303385288 ], [ 675871.666068449150771, 3616513.885800877120346 ], [ 675860.225848506786861, 3616494.127698276657611 ], [ 675840.582623637514189, 3616481.010845164768398 ], [ 675485.21530016628094, 3616434.089485995471478 ] ] ], [ [ [ 675668.632172174635343, 3615605.440917707048357 ], [ 675638.985241335001774, 3615636.398415464442223 ], [ 675614.989338546176441, 3615681.701713282614946 ], [ 675619.519877039128914, 3615704.478268368635327 ], [ 675635.352413421031088, 3615724.334767209365964 ], [ 675634.744923658086918, 3615756.233870986383408 ], [ 675655.776300430181436, 3615780.850439358968288 ], [ 675684.231700700707734, 3615785.331409021280706 ], [ 675709.102733377600089, 3615801.111609318293631 ], [ 675739.220252889790572, 3615798.902347303926945 ], [ 675757.505491478601471, 3615787.367992247454822 ], [ 675778.421250167884864, 3615801.995514158159494 ], [ 675802.406638172571547, 3615803.064168249256909 ], [ 675827.085191563353874, 3615787.723311120644212 ], [ 675836.189036840689369, 3615760.365395965054631 ], [ 675865.563088938826695, 3615770.554135388694704 ], [ 675884.418958411901258, 3615765.830985962413251 ], [ 675899.984967457829043, 3615750.836439559236169 ], [ 675938.419403135194443, 3615758.175445639993995 ], [ 675985.621785953640938, 3615721.970010689925402 ], [ 675982.557947317371145, 3615742.988595217466354 ], [ 675990.400305035756901, 3615770.469793302938342 ], [ 676025.237435530289076, 3615804.970409941393882 ], [ 676047.460244851070456, 3615811.711625449359417 ], [ 676069.683054171851836, 3615804.970409941393882 ], [ 676085.737858280306682, 3615783.323012539651245 ], [ 676088.521405110601336, 3615751.758577390573919 ], [ 676072.150492086657323, 3615721.238246202934533 ], [ 676095.473768580588512, 3615687.750237543601543 ], [ 676130.94593856704887, 3615667.441881393548101 ], [ 676244.817133196629584, 3615671.832495526876301 ], [ 676284.750088991015218, 3615679.941387424245477 ], [ 676309.326653368887492, 3615695.765324603766203 ], [ 676391.288177389767952, 3615698.079015609808266 ], [ 676463.916743913083337, 3615731.663306501694024 ], [ 676530.409468485740945, 3615736.664482047781348 ], [ 676554.773054120014422, 3615725.141364228446037 ], [ 676565.720194088644348, 3615704.660705861635506 ], [ 676564.919535901979543, 3615679.151827531401068 ], [ 676548.88994719798211, 3615656.145362679380924 ], [ 676593.474501640885137, 3615647.396807989571244 ], [ 676633.45618616999127, 3615600.102609531022608 ], [ 676638.514643711736426, 3615630.412168510258198 ], [ 676623.407690465333872, 3615653.213828412350267 ], [ 676586.642541628796607, 3615667.746412819717079 ], [ 676574.81195800518617, 3615700.601095321122557 ], [ 676586.272052557324059, 3615730.092134911101311 ], [ 676581.243650075164624, 3615759.558243003673851 ], [ 676592.855540166608989, 3615796.013541797641665 ], [ 676609.276521267485805, 3615812.434522898402065 ], [ 676635.100017441320233, 3615817.041632792912424 ], [ 676685.243830771534704, 3615783.32952147629112 ], [ 676724.300492905429564, 3615787.071476293727756 ], [ 676774.661702627316117, 3615766.861047933343798 ], [ 676806.054924356867559, 3615743.311947207897902 ], [ 676819.079557749209926, 3615728.277024774346501 ], [ 676837.371917614364065, 3615679.431528257671744 ], [ 676874.873973557841964, 3615646.366641730535775 ], [ 676899.886838767677546, 3615604.769111312460154 ], [ 676940.142121123615652, 3615565.524388530757278 ], [ 676948.329049480496906, 3615534.848757536150515 ], [ 676933.897391780163161, 3615507.849025014787912 ], [ 676835.558157744817436, 3615447.04591644834727 ], [ 676851.378239407320507, 3615389.115347310900688 ], [ 676844.829634832567535, 3615370.813223603181541 ], [ 676827.814616796327755, 3615355.053703167010099 ], [ 676768.477476237923838, 3615333.485620225779712 ], [ 676747.052843446377665, 3615317.488479963503778 ], [ 676698.382161828456447, 3615307.507575455121696 ], [ 676660.886358929565176, 3615315.389445364940912 ], [ 676637.311180016724393, 3615350.205108768306673 ], [ 676617.693536312668584, 3615346.672065024729818 ], [ 676591.847648795461282, 3615335.695375186856836 ], [ 676587.788352746865712, 3615309.741961590945721 ], [ 676563.111914390465245, 3615279.0128612103872 ], [ 676527.836462303064764, 3615265.40235599828884 ], [ 676455.624359355424531, 3615307.446627234108746 ], [ 676407.281828949926421, 3615283.330284842755646 ], [ 676366.690170717658475, 3615282.784716277848929 ], [ 676345.042326711816713, 3615304.432560283690691 ], [ 676343.212261913344264, 3615332.677293672692031 ], [ 676323.288987219682895, 3615341.337047832552344 ], [ 676310.387105157016777, 3615360.646078876685351 ], [ 676310.387105157016777, 3615383.868853057269007 ], [ 676327.74206199508626, 3615426.535920429509133 ], [ 676370.215748140937649, 3615493.466591713484377 ], [ 676422.870668428950012, 3615553.644924654625356 ], [ 676436.449379522586241, 3615575.686291246674955 ], [ 676429.427511307643726, 3615584.02394212083891 ], [ 676350.472530731349252, 3615547.391612387262285 ], [ 676319.333982055773959, 3615509.96406856412068 ], [ 676256.809921944397502, 3615483.925920319743454 ], [ 676238.138492715894245, 3615465.239590913522989 ], [ 676166.556087967008352, 3615426.380768535193056 ], [ 676102.788677138392814, 3615423.315288603771478 ], [ 676071.015318356803618, 3615388.602083302102983 ], [ 676053.443199870875105, 3615380.291090220212936 ], [ 676006.851474231458269, 3615390.671488649677485 ], [ 675954.231505856849253, 3615377.225562986917794 ], [ 675876.789922401541844, 3615395.667794096749276 ], [ 675846.774185944115743, 3615437.294479771051556 ], [ 675790.955506420577876, 3615483.112566138152033 ], [ 675753.898107556160539, 3615525.007943713106215 ], [ 675716.106446505524218, 3615549.83087931573391 ], [ 675668.632172174635343, 3615605.440917707048357 ] ], [ [ 676709.7613137596054, 3615500.103528995532542 ], [ 676699.380182654596865, 3615503.159171647857875 ], [ 676687.872214061208069, 3615458.865700230002403 ], [ 676717.282242893008515, 3615452.331326195504516 ], [ 676738.082432103925385, 3615416.65962942596525 ], [ 676755.153364581055939, 3615415.63837403524667 ], [ 676742.389058880275115, 3615452.804891757667065 ], [ 676709.7613137596054, 3615500.103528995532542 ] ], [ [ 676596.144563572946936, 3615464.564526210073382 ], [ 676610.368679380975664, 3615470.00877258181572 ], [ 676607.13064168591518, 3615478.159067408647388 ], [ 676588.653876000433229, 3615481.030590755399317 ], [ 676596.144563572946936, 3615464.564526210073382 ] ] ], [ [ [ 676341.388439276488498, 3615063.419049735181034 ], [ 676347.361066000419669, 3615093.445471936836839 ], [ 676389.432898665661924, 3615143.372022145893425 ], [ 676419.459320867084898, 3615149.344648870173842 ], [ 676444.914492478594184, 3615132.33604697464034 ], [ 676451.463097053347155, 3615114.033923266921192 ], [ 676447.202258808771148, 3615090.197215183172375 ], [ 676410.460001602070406, 3615038.155273257754743 ], [ 676365.312513198005036, 3615034.267481315415353 ], [ 676341.388439276488498, 3615063.419049735181034 ] ] ] ] } },
{ "type": "Feature", "properties": { "depth_bin": "120-125" }, "geometry": { "type": "MultiPolygon", "coordinates": [ [ [ [ 675183.483919588150457, 3616090.811250159516931 ], [ 675181.092823940096423, 3616118.492572074756026 ], [ 675193.525132553069852, 3616140.534976300783455 ], [ 675311.034555235994048, 3616214.269690036773682 ], [ 675445.789970770012587, 3616263.056289522442967 ], [ 675589.592315724934451, 3616339.945866464171559 ], [ 675621.955854918458499, 3616340.175609218422323 ], [ 675645.621318402234465, 3616320.75386526202783 ], [ 675647.299649128690362, 3616286.590658494271338 ], [ 675616.192014722735621, 3616252.983306549489498 ], [ 675482.875583283836022, 3616183.608579745981842 ], [ 675361.117486790055409, 3616132.635876534041017 ], [ 675263.670288152061403, 3616071.45435386011377 ], [ 675212.635488007916138, 3616066.887176238000393 ], [ 675183.483919588150457, 3616090.811250159516931 ] ] ], [ [ [ 675479.225420291069895, 3616444.58225973835215 ], [ 675441.715221796068363, 3616445.653679756447673 ], [ 675403.971408166689798, 3616464.189990371931344 ], [ 675394.892976081930101, 3616501.103703339584172 ], [ 675410.77150842291303, 3616531.188646545168012 ], [ 675436.147239789483137, 3616540.268228410743177 ], [ 675547.72236659983173, 3616536.959461851976812 ], [ 675722.885825016885065, 3616562.700170618016273 ], [ 675721.701916894526221, 3616599.259238553699106 ], [ 675730.588887826888822, 3616620.714284307323396 ], [ 675757.581710737897083, 3616643.186135063879192 ], [ 675800.320433126762509, 3616660.132560479454696 ], [ 675975.552153304684907, 3616671.207301563117653 ], [ 676043.573331070132554, 3616668.05263098096475 ], [ 676065.028376823524013, 3616659.165660048369318 ], [ 676077.930258886190131, 3616639.856629004236311 ], [ 676076.761001036968082, 3616606.844045182690024 ], [ 676056.310754883685149, 3616585.762622776906937 ], [ 676057.99638678249903, 3616518.714954705908895 ], [ 676069.265498103341088, 3616499.391221361700445 ], [ 676070.25758816068992, 3616478.45275658974424 ], [ 676059.310448192059994, 3616457.97209822293371 ], [ 676038.182046417961828, 3616443.293484979774803 ], [ 676006.11731440864969, 3616446.300315919797868 ], [ 675930.55517507402692, 3616414.860998115502298 ], [ 675893.779826803365722, 3616426.269240091554821 ], [ 675882.256708983913995, 3616450.632825726177543 ], [ 675888.805313558666967, 3616476.776320660021156 ], [ 675970.332876826985739, 3616525.2509207110852 ], [ 675971.290429345564917, 3616544.41332675749436 ], [ 675968.804525689571165, 3616582.565800425130874 ], [ 675913.396379179903306, 3616577.44955194927752 ], [ 675891.147796986973844, 3616583.0061727873981 ], [ 675859.054481001803651, 3616577.694133181124926 ], [ 675859.97265104088001, 3616535.668788139242679 ], [ 675844.684879017528147, 3616505.93247483484447 ], [ 675790.269963356899098, 3616481.270651595201343 ], [ 675571.430403217324056, 3616450.042742630466819 ], [ 675479.225420291069895, 3616444.58225973835215 ] ] ], [ [ [ 675794.160996197955683, 3615488.058447595220059 ], [ 675776.495667437906377, 3615502.655495632439852 ], [ 675764.923587774392217, 3615531.395338947419077 ], [ 675769.904133343021385, 3615566.752998173702508 ], [ 675795.359304954530671, 3615583.76160006923601 ], [ 675825.503687330870889, 3615578.669682589359581 ], [ 675838.487252152292058, 3615592.9550147857517 ], [ 675873.244488369091414, 3615607.727164261043072 ], [ 675908.282135737477802, 3615604.841252280399203 ], [ 675934.435951165156439, 3615576.492161048110574 ], [ 675949.049811722012237, 3615571.17993851704523 ], [ 675979.426809992291965, 3615581.046291243284941 ], [ 676010.407491558347829, 3615560.721227846574038 ], [ 676036.058689114055596, 3615559.919576914981008 ], [ 676074.993028899538331, 3615586.88160502538085 ], [ 676159.669684189255349, 3615580.096394343767315 ], [ 676205.133836512686685, 3615595.583337296266109 ], [ 676226.353192828362808, 3615593.983930485788733 ], [ 676252.588063166011125, 3615617.259823306463659 ], [ 676288.044916200567968, 3615613.17124112136662 ], [ 676307.423106869449839, 3615631.063378124963492 ], [ 676358.776520460029133, 3615645.21851766621694 ], [ 676385.619855890399776, 3615661.762552217114717 ], [ 676464.908007662859745, 3615674.0410819593817 ], [ 676486.363053416251205, 3615665.154111026786268 ], [ 676513.686465008184314, 3615630.169635417871177 ], [ 676555.750009677722119, 3615638.213017642963678 ], [ 676594.116460476652719, 3615623.653293340001255 ], [ 676619.828263738425449, 3615591.626596659887582 ], [ 676631.140065212501213, 3615539.073548061773181 ], [ 676622.253094280138612, 3615517.618502308148891 ], [ 676602.944063235772774, 3615504.716620245482773 ], [ 676573.589124778867699, 3615506.086956440936774 ], [ 676550.489846645854414, 3615523.478800685610622 ], [ 676534.845411287387833, 3615511.857074077706784 ], [ 676513.160827380488627, 3615509.104976478498429 ], [ 676489.425761505961418, 3615481.435454251244664 ], [ 676457.48625939222984, 3615463.125342499930412 ], [ 676459.831495646853, 3615432.601553482469171 ], [ 676433.610922557185404, 3615400.741711584385484 ], [ 676432.473203337402083, 3615384.570967717561871 ], [ 676490.386953946086578, 3615388.08768471237272 ], [ 676512.103016799548641, 3615379.459403274580836 ], [ 676578.559846056392416, 3615418.422985990531743 ], [ 676674.801670292508788, 3615441.700643283780664 ], [ 676706.719052044209093, 3615437.399797897785902 ], [ 676726.565518996445462, 3615412.038745168130845 ], [ 676757.30517729674466, 3615414.06548852706328 ], [ 676759.010792049928568, 3615423.754508965183049 ], [ 676716.453688267385587, 3615499.834275662899017 ], [ 676685.107362826704048, 3615529.898584259673953 ], [ 676655.38000845850911, 3615575.416258168872446 ], [ 676642.655153257655911, 3615632.878501758445054 ], [ 676591.577624362427741, 3615696.989910845179111 ], [ 676588.637594440602697, 3615776.542909607756883 ], [ 676605.918457501917146, 3615803.584250182844698 ], [ 676631.294188868487254, 3615812.663832048419863 ], [ 676671.546861267066561, 3615790.651824177242815 ], [ 676715.522931855986826, 3615715.051179581321776 ], [ 676737.639099158230238, 3615739.438456600531936 ], [ 676768.106355721480213, 3615742.439219456166029 ], [ 676788.977143549360335, 3615728.052150669507682 ], [ 676797.569413780234754, 3615708.583815669175237 ], [ 676823.923382029752247, 3615699.552291499916464 ], [ 676849.100614284281619, 3615669.947202170733362 ], [ 676857.249360149842687, 3615648.636420829687268 ], [ 676854.512005781871267, 3615624.837980926502496 ], [ 676825.239788723178208, 3615582.378991706296802 ], [ 676802.516938176238909, 3615571.099253946449608 ], [ 676821.185266452957876, 3615530.327014324255288 ], [ 676910.045133626437746, 3615578.807726655621082 ], [ 676938.329404873889871, 3615567.091997903306037 ], [ 676951.645173839991912, 3615535.799063698854297 ], [ 676937.09747213695664, 3615501.831699093338102 ], [ 676841.438519038376398, 3615437.774367532227188 ], [ 676854.463466186658479, 3615387.668439208064228 ], [ 676834.129329564166255, 3615352.898216802161187 ], [ 676808.787281401338987, 3615343.820289686322212 ], [ 676784.04119017382618, 3615323.055953015573323 ], [ 676747.28132226341404, 3615310.833243841305375 ], [ 676672.597897407365963, 3615302.286371502559632 ], [ 676649.138426503399387, 3615309.944757749326527 ], [ 676642.559880610089749, 3615291.033164501190186 ], [ 676607.943423618446104, 3615254.224028489552438 ], [ 676553.679866650258191, 3615233.815634211525321 ], [ 676538.328483805176802, 3615192.374692159239203 ], [ 676432.11497471597977, 3615059.642417312134057 ], [ 676380.905818152124994, 3614965.851960916537791 ], [ 676365.017713344772346, 3614951.236173413693905 ], [ 676346.161843871697783, 3614946.513023987412453 ], [ 676311.751290908781812, 3614952.948013728950173 ], [ 676279.724776583723724, 3614991.806946357246488 ], [ 676277.2954303935403, 3615021.011867420282215 ], [ 676298.240709758130834, 3615073.658501540776342 ], [ 676255.541050524800085, 3615060.384035829920322 ], [ 676189.910282389027998, 3615080.409589699469507 ], [ 676093.532163247582503, 3615182.255858690943569 ], [ 676091.817296274472028, 3615220.449582782108337 ], [ 676120.149357393966056, 3615278.29030245076865 ], [ 676157.052808824228123, 3615316.261044111102819 ], [ 676157.588500060373917, 3615337.345218997914344 ], [ 676171.096029879292473, 3615359.230411369353533 ], [ 676163.110009034862742, 3615361.700431007426232 ], [ 676146.370398082537577, 3615349.838580655865371 ], [ 676126.888890833593905, 3615327.885146986227483 ], [ 676044.23667428130284, 3615292.500896223820746 ], [ 675993.438306605792604, 3615297.905687500722706 ], [ 675945.506852320977487, 3615330.319683731533587 ], [ 675900.511538368999027, 3615380.90200217301026 ], [ 675875.519693085225299, 3615393.771831925027072 ], [ 675850.579413479776122, 3615438.33436461398378 ], [ 675794.160996197955683, 3615488.058447595220059 ] ] ] ] } },
{ "type": "Feature", "properties": { "depth_bin": "125-130" }, "geometry": { "type": "MultiPolygon", "coordinates": [ [ [ [ 675193.716575444675982, 3616076.349147501867265 ], [ 675182.000846692128107, 3616104.63341874955222 ], [ 675191.042140008765273, 3616131.532607378903776 ], [ 675306.579048216226511, 3616209.584447598084807 ], [ 675449.713126010727137, 3616262.739249049685895 ], [ 675583.689824798493646, 3616332.175398444756866 ], [ 675612.13200992916245, 3616330.891256698407233 ], [ 675632.101523208548315, 3616312.791944870725274 ], [ 675633.779853935004212, 3616278.628738102968782 ], [ 675609.739863133872859, 3616252.412120543420315 ], [ 675493.888254575547762, 3616191.572197328321636 ], [ 675342.904642565525137, 3616125.360354717820883 ], [ 675260.083467400399968, 3616071.299480606801808 ], [ 675218.080161078949459, 3616064.826029682531953 ], [ 675193.716575444675982, 3616076.349147501867265 ] ] ], [ [ [ 675396.564864561427385, 3616487.033004809170961 ], [ 675368.872266563004814, 3616498.783094844315201 ], [ 675355.970384500338696, 3616518.092125888448209 ], [ 675357.292816629167646, 3616545.010850273538381 ], [ 675375.392128456500359, 3616564.980363552458584 ], [ 675464.259857572149485, 3616583.641009347047657 ], [ 675540.841942326398566, 3616612.450843336526304 ], [ 675691.47746292676311, 3616641.182722342666239 ], [ 675740.867005911190063, 3616660.162574409041554 ], [ 675788.777266670833342, 3616667.942916148807853 ], [ 676041.820104373735376, 3616677.155126431491226 ], [ 676066.183690008008853, 3616665.632008612155914 ], [ 676078.769175812369213, 3616640.619249364361167 ], [ 676074.891202424885705, 3616610.912837297655642 ], [ 676054.626950238249265, 3616592.708066202700138 ], [ 676056.475853993673809, 3616517.19221172016114 ], [ 676067.710051887086593, 3616493.147400100715458 ], [ 676061.161447312333621, 3616467.003905166871846 ], [ 676040.239655153127387, 3616449.148019121959805 ], [ 676006.017814771505073, 3616449.336406652349979 ], [ 675947.957817393355072, 3616423.398923293221742 ], [ 675911.869933265261352, 3616434.346063261851668 ], [ 675900.346815445809625, 3616466.551020122598857 ], [ 675916.263645070022903, 3616495.112508635502309 ], [ 675973.343570191645995, 3616523.25383290136233 ], [ 675971.674307907116599, 3616589.637647326570004 ], [ 675811.481864179251716, 3616581.174058390781283 ], [ 675793.138008652371354, 3616516.670954565983266 ], [ 675770.182384589454159, 3616494.664402794092894 ], [ 675745.175438776263036, 3616485.376801248174161 ], [ 675562.059884741902351, 3616458.953851431142539 ], [ 675481.965999328996986, 3616456.846621151082218 ], [ 675424.49756039690692, 3616463.514074190054089 ], [ 675396.564864561427385, 3616487.033004809170961 ] ] ], [ [ [ 675959.423789901891723, 3615317.009115005843341 ], [ 675928.527680263738148, 3615356.406854410655797 ], [ 675930.803910179412924, 3615379.517804586328566 ], [ 675945.536282159038819, 3615397.469251783564687 ], [ 675978.270315579837188, 3615410.572299751918763 ], [ 676018.104967706021853, 3615409.084163504652679 ], [ 676035.335786959622055, 3615401.026295185089111 ], [ 676074.851089755538851, 3615403.284452141262591 ], [ 676133.396122171892785, 3615446.06970539689064 ], [ 676173.474545252742246, 3615487.040568983182311 ], [ 676202.319686531205662, 3615493.682701586280018 ], [ 676278.258736505405977, 3615532.254295189399272 ], [ 676325.112151554320008, 3615563.125285343267024 ], [ 676343.099961645901203, 3615591.915608676150441 ], [ 676396.059115929412656, 3615614.579522990621626 ], [ 676448.184114661766216, 3615598.983690801076591 ], [ 676459.131254630396143, 3615578.503032434266061 ], [ 676461.607233150280081, 3615543.929813556838781 ], [ 676445.051374335191213, 3615507.113155103754252 ], [ 676373.528041946003214, 3615431.08670543693006 ], [ 676343.626509046298452, 3615382.564472968690097 ], [ 676312.979100774275139, 3615366.041039766743779 ], [ 676293.988684274023399, 3615344.39433030737564 ], [ 676293.57266275875736, 3615328.02227624040097 ], [ 676306.462074744165875, 3615344.826625161804259 ], [ 676328.566315456759185, 3615354.775930005125701 ], [ 676388.971784529741853, 3615342.522649358026683 ], [ 676411.716425651684403, 3615317.113986279815435 ], [ 676414.556697595282458, 3615271.934220991097391 ], [ 676433.238049013423733, 3615250.136579633690417 ], [ 676467.648835796979256, 3615260.462660407181829 ], [ 676491.759118327521719, 3615311.371835184283555 ], [ 676547.002927704597823, 3615323.484158442355692 ], [ 676574.425282178912312, 3615361.192334488034248 ], [ 676645.70749787800014, 3615415.536983343306929 ], [ 676681.394175557652488, 3615413.896934577729553 ], [ 676705.78625763731543, 3615384.637803028803319 ], [ 676743.321219760808162, 3615392.908549807034433 ], [ 676762.575181323220022, 3615420.387044166214764 ], [ 676614.536645815824158, 3615684.149251268710941 ], [ 676593.476004824857228, 3615742.770698227919638 ], [ 676592.968682046281174, 3615781.838901529554278 ], [ 676623.605435411212966, 3615807.324731615372002 ], [ 676651.788388334796764, 3615803.408456590026617 ], [ 676674.038369873422198, 3615781.405019526835531 ], [ 676814.842927712597884, 3615515.520929416641593 ], [ 676909.324528400669806, 3615572.597789746709168 ], [ 676938.620945380418561, 3615563.710818814113736 ], [ 676955.638422052958049, 3615536.100160628557205 ], [ 676954.722907669260167, 3615515.161687375977635 ], [ 676943.244378114934079, 3615496.926946588791907 ], [ 676845.503732942743227, 3615432.206690524704754 ], [ 676860.941376999369822, 3615384.124891232233495 ], [ 676843.323168736766092, 3615348.070130071602762 ], [ 676775.541208069073036, 3615309.352605245541781 ], [ 676670.51415379322134, 3615294.630368928890675 ], [ 676509.268854514579289, 3615140.69260614970699 ], [ 676435.011057838913985, 3615046.95000321418047 ], [ 676381.767500719404779, 3614956.68172312527895 ], [ 676358.650695465505123, 3614942.826043275650591 ], [ 676335.539745290298015, 3614945.102273191325366 ], [ 676296.242695709923282, 3614969.880597639363259 ], [ 676246.056074653519318, 3615036.005727161187679 ], [ 676219.974702680134214, 3615051.734011417254806 ], [ 676192.654800843680277, 3615097.79265280533582 ], [ 676200.965793925221078, 3615130.971997052896768 ], [ 676247.748996751266532, 3615164.548320906702429 ], [ 676277.976254129316658, 3615207.397684438619763 ], [ 676305.489454019931145, 3615225.353251474443823 ], [ 676288.533649637247436, 3615286.182569098193198 ], [ 676290.461346414755099, 3615314.557643383741379 ], [ 676256.741054875194095, 3615277.412285812199116 ], [ 676230.388377606170252, 3615268.321271570865065 ], [ 676217.653512502321973, 3615239.151372667402029 ], [ 676197.256240475224331, 3615224.095779000781476 ], [ 676192.61237770144362, 3615202.248462696559727 ], [ 676169.47415796702262, 3615168.023419895209372 ], [ 676133.610836792038754, 3615154.592824366874993 ], [ 676114.754967318964191, 3615159.315973793156445 ], [ 676077.368154488038272, 3615186.94812815124169 ], [ 675959.423789901891723, 3615317.009115005843341 ] ] ] ] } },
{ "type": "Feature", "properties": { "depth_bin": "130-135" }, "geometry": { "type": "MultiPolygon", "coordinates": [ [ [ [ 675202.742453573970124, 3616081.149250810034573 ], [ 675191.219335754518397, 3616105.512836444657296 ], [ 675197.729651732835919, 3616133.179788724053651 ], [ 675288.603863774216734, 3616196.93731264071539 ], [ 675426.325005785096437, 3616255.905878628604114 ], [ 675457.889390466036275, 3616256.781857253052294 ], [ 675481.554853949812241, 3616237.360113296657801 ], [ 675484.593906447524205, 3616205.369397384580225 ], [ 675465.172162491362542, 3616181.703933901153505 ], [ 675344.180581816704944, 3616128.869625435676426 ], [ 675258.483432743116282, 3616074.308106951415539 ], [ 675227.106039208243601, 3616069.626132990699261 ], [ 675202.742453573970124, 3616081.149250810034573 ] ] ], [ [ [ 675343.581587953260168, 3616514.051540108863264 ], [ 675343.284807507065125, 3616560.813620008528233 ], [ 675362.706551463226788, 3616584.479083491954952 ], [ 675462.233850331627764, 3616599.538233031053096 ], [ 675662.978788787848316, 3616665.826909597031772 ], [ 675736.138180417125113, 3616674.335970918647945 ], [ 675920.445405213278718, 3616673.488512482494116 ], [ 676033.137555715511553, 3616684.850180292502046 ], [ 676063.121975276735611, 3616674.362014854792506 ], [ 676076.977655126247555, 3616651.245209601242095 ], [ 676068.781543203978799, 3616613.495470838155597 ], [ 676023.119116027373821, 3616586.877668565604836 ], [ 675978.07391794025898, 3616597.396020588465035 ], [ 675803.114733541966416, 3616589.937320158351213 ], [ 675751.597972062882036, 3616580.318514081183821 ], [ 675734.512409771676175, 3616572.06996019044891 ], [ 675736.112493898021057, 3616550.848710902966559 ], [ 675725.165353929391131, 3616530.368052536156029 ], [ 675681.783112388569862, 3616493.966888871043921 ], [ 675655.252811113605276, 3616484.640999098308384 ], [ 675513.460953981033526, 3616477.455740661825985 ], [ 675451.546298184199259, 3616494.303018746431917 ], [ 675376.616083640488796, 3616489.551488336641341 ], [ 675358.313959932886064, 3616496.100092911627144 ], [ 675343.581587953260168, 3616514.051540108863264 ] ] ], [ [ [ 676364.859402297413908, 3614938.408751662354916 ], [ 676341.7484521222068, 3614940.684981578029692 ], [ 676321.488410689169541, 3614955.196533236186951 ], [ 676314.054659029003233, 3614995.230587836820632 ], [ 676368.766181951737963, 3615090.934441303834319 ], [ 676443.49613261106424, 3615185.847821018658578 ], [ 676629.161339976359159, 3615370.438800895120949 ], [ 676736.699575465638191, 3615380.776060248725116 ], [ 676771.758781255339272, 3615398.414828495588154 ], [ 676713.211232537985779, 3615527.785265724174678 ], [ 676713.211232537985779, 3615551.008039904758334 ], [ 676723.300230467342772, 3615567.767621377948672 ], [ 676700.942260840092786, 3615570.155545406974852 ], [ 676685.329180000117049, 3615581.734995340928435 ], [ 676677.018186918576248, 3615599.307113826740533 ], [ 676679.197572531877086, 3615622.147402309346944 ], [ 676652.628335674759001, 3615640.52905004657805 ], [ 676622.008753296569921, 3615699.279082938097417 ], [ 676621.054955509724095, 3615718.69408290926367 ], [ 676632.002095478354022, 3615739.174741276074201 ], [ 676652.482753845164552, 3615750.121881244704127 ], [ 676675.593704020371661, 3615747.845651329029351 ], [ 676693.545151217957027, 3615733.113279349170625 ], [ 676722.687441839370877, 3615681.646013475488871 ], [ 676724.500901497201994, 3615646.229997295886278 ], [ 676753.204779435065575, 3615622.418064002413303 ], [ 676755.481009350740351, 3615599.307113826740533 ], [ 676744.438213634537533, 3615578.739758144132793 ], [ 676779.77311721467413, 3615567.680924062151462 ], [ 676814.04327044216916, 3615506.637872602790594 ], [ 676899.112898054881953, 3615562.08820843603462 ], [ 676917.968767527956516, 3615566.811357862316072 ], [ 676951.227552020107396, 3615549.034167183097452 ], [ 676959.376299141556956, 3615527.723282798193395 ], [ 676956.52409137506038, 3615508.495259890332818 ], [ 676944.944641441223212, 3615492.882179050706327 ], [ 676848.907710129627958, 3615426.340518336743116 ], [ 676865.665022301953286, 3615378.145850057713687 ], [ 676849.570188534329645, 3615342.12926832633093 ], [ 676766.668348491075449, 3615298.458612574264407 ], [ 676702.402587860124186, 3615295.857191140763462 ], [ 676627.210673904395662, 3615250.654602919705212 ], [ 676453.887306632124819, 3615059.512198557145894 ], [ 676390.314573908923194, 3614955.417353557888418 ], [ 676364.859402297413908, 3614938.408751662354916 ] ] ] ] } },
{ "type": "Feature", "properties": { "depth_bin": "135-140" }, "geometry": { "type": "MultiPolygon", "coordinates": [ [ [ [ 675243.484447820228525, 3616083.956189227756113 ], [ 675216.818221481167711, 3616110.622415566816926 ], [ 675215.864423694321886, 3616130.037415537983179 ], [ 675225.622296895715408, 3616150.694737904705107 ], [ 675285.413774424116127, 3616190.52930160658434 ], [ 675322.400892880861647, 3616183.172106311656535 ], [ 675336.832550581195392, 3616156.172373790293932 ], [ 675327.945579648832791, 3616126.875956810545176 ], [ 675273.9517043834785, 3616086.956952083390206 ], [ 675243.484447820228525, 3616083.956189227756113 ] ] ], [ [ [ 675359.301318862242624, 3616517.466907113790512 ], [ 675341.524128183024004, 3616550.725691605824977 ], [ 675346.247277609072626, 3616569.581561078783125 ], [ 675362.271650713402778, 3616587.107979048974812 ], [ 675523.29758620262146, 3616626.476579014211893 ], [ 675573.58263815601822, 3616649.50448124948889 ], [ 675585.723532088682987, 3616666.686692947987467 ], [ 675603.2956505746115, 3616674.997686029877514 ], [ 675735.908418527804315, 3616683.476742936298251 ], [ 675939.006614375975914, 3616677.895296269562095 ], [ 676037.554775024298579, 3616691.058920898009092 ], [ 676062.930506390868686, 3616681.979339032433927 ], [ 676076.78618624038063, 3616658.862533778883517 ], [ 676068.628368296311237, 3616619.589330188930035 ], [ 676024.297937907860614, 3616600.627143911551684 ], [ 675746.55506130901631, 3616596.137766151688993 ], [ 675599.866325368755497, 3616564.113055157940835 ], [ 675477.497104744892567, 3616521.332564138341695 ], [ 675404.376110062235966, 3616511.300085596274585 ], [ 675359.301318862242624, 3616517.466907113790512 ] ] ], [ [ [ 676350.775644660228863, 3614938.447029805742204 ], [ 676330.294986293418333, 3614949.394169774372131 ], [ 676318.771868473966606, 3614973.757755408994853 ], [ 676321.547519927029498, 3614996.032714576460421 ], [ 676343.55916584818624, 3615039.727417541667819 ], [ 676392.050318189896643, 3615109.857956691645086 ], [ 676554.781076208106242, 3615293.623505462892354 ], [ 676672.75506050651893, 3615370.483544567134231 ], [ 676706.878936589346267, 3615378.480389671400189 ], [ 676744.470061667147093, 3615374.87358152680099 ], [ 676777.415324509609491, 3615390.945013968273997 ], [ 676754.959157538367435, 3615451.194984742440283 ], [ 676757.811365304864012, 3615470.42300765030086 ], [ 676772.543737284489907, 3615488.374454847536981 ], [ 676806.213952780351974, 3615493.854251476936042 ], [ 676906.472233075764962, 3615560.518451438751072 ], [ 676927.410806316416711, 3615561.510535091627389 ], [ 676947.891464683227241, 3615550.563395122997463 ], [ 676959.414582502678968, 3615526.19980948837474 ], [ 676952.904261274146847, 3615498.532841240987182 ], [ 676854.762767059262842, 3615420.109059262089431 ], [ 676870.312003668397665, 3615375.213751020375639 ], [ 676857.225932649453171, 3615340.797207914292812 ], [ 676787.997055008076131, 3615298.994557309895754 ], [ 676712.688559574424289, 3615293.201111333444715 ], [ 676616.309543420094997, 3615234.780529790557921 ], [ 676469.515033799689263, 3615069.158992936369032 ], [ 676392.470055649057031, 3614955.426202258095145 ], [ 676373.886594835435972, 3614940.72325972141698 ], [ 676350.775644660228863, 3614938.447029805742204 ] ] ] ] } },
{ "type": "Feature", "properties": { "depth_bin": "140-145" }, "geometry": { "type": "MultiPolygon", "coordinates": [ [ [ [ 675580.140551715623587, 3616611.914004276506603 ], [ 675571.253580783260986, 3616633.369050030130893 ], [ 675574.029201297322288, 3616655.643994596786797 ], [ 675588.761573276948184, 3616673.595441794022918 ], [ 675607.063696984550916, 3616680.14404636900872 ], [ 675729.737980718258768, 3616686.370592026971281 ], [ 675870.601629079785198, 3616679.300463580526412 ], [ 676029.249448606977239, 3616692.083424200303853 ], [ 676061.407041564001702, 3616681.941045221406966 ], [ 676075.838699264335446, 3616654.941312700044364 ], [ 676069.290094689582475, 3616628.797817766200751 ], [ 676051.338647491997108, 3616614.065445786342025 ], [ 675959.438042907626368, 3616600.042879945132881 ], [ 675838.21036679064855, 3616596.901648877188563 ], [ 675727.528124662465416, 3616604.80968384584412 ], [ 675611.060969850164838, 3616597.289735643193126 ], [ 675580.140551715623587, 3616611.914004276506603 ] ] ], [ [ [ 676355.231214619940147, 3614943.132268753368407 ], [ 676334.750556253129616, 3614954.079408721998334 ], [ 676323.80341628449969, 3614974.560067088808864 ], [ 676336.439446893287823, 3615019.730837625451386 ], [ 676404.085051594185643, 3615116.258067805320024 ], [ 676502.99075381970033, 3615231.344784307759255 ], [ 676536.990838748402894, 3615256.370429954957217 ], [ 676560.913237969623879, 3615292.25315875094384 ], [ 676680.487261090776883, 3615366.104538565035909 ], [ 676703.946838570875116, 3615373.833412426058203 ], [ 676749.32557141489815, 3615370.478926985524595 ], [ 676783.184259826899506, 3615385.239718774333596 ], [ 676767.4137157141231, 3615437.140264778397977 ], [ 676782.061541363131255, 3615470.071517994627357 ], [ 676902.85284955019597, 3615556.149072712752968 ], [ 676927.487372996285558, 3615558.463588465470821 ], [ 676947.968031363096088, 3615547.516448496840894 ], [ 676959.491149182547815, 3615523.152862862218171 ], [ 676952.942544607794844, 3615497.009367928374559 ], [ 676857.110685690422542, 3615420.127454677596688 ], [ 676874.997269548592158, 3615370.758079305756837 ], [ 676872.105578399030492, 3615349.356851841323078 ], [ 676860.464286973234266, 3615333.256409137975425 ], [ 676786.626709267380647, 3615292.862387785222381 ], [ 676721.590443089487962, 3615291.439926942344755 ], [ 676625.966269706143066, 3615235.319436379242688 ], [ 676580.702617965755053, 3615199.918208159971982 ], [ 676552.105258242925629, 3615154.564772868528962 ], [ 676410.980261729797348, 3614991.525030301418155 ], [ 676392.804288732237183, 3614955.641155095770955 ], [ 676374.646214590757154, 3614944.086066540330648 ], [ 676355.231214619940147, 3614943.132268753368407 ] ] ] ] } },
{ "type": "Feature", "properties": { "depth_bin": "145-150" }, "geometry": { "type": "MultiPolygon", "coordinates": [ [ [ [ 676518.02246010361705, 3615115.597498861141503 ], [ 676494.905654849717394, 3615101.741819011513144 ], [ 676471.794704674510285, 3615104.01804892718792 ], [ 676453.843257476924919, 3615118.750420907046646 ], [ 676447.294652902171947, 3615144.893915840890259 ], [ 676458.817770721623674, 3615169.257501475512981 ], [ 676482.7089240453206, 3615180.71054058149457 ], [ 676495.870947967050597, 3615211.348274929448962 ], [ 676528.07590482768137, 3615222.871392748784274 ], [ 676555.075637349043973, 3615208.43973504845053 ], [ 676564.000888374517672, 3615177.619848416186869 ], [ 676552.477770555065945, 3615153.256262781564146 ], [ 676527.067236506962217, 3615141.681711684912443 ], [ 676518.02246010361705, 3615115.597498861141503 ] ] ], [ [ [ 676616.925170955131762, 3615238.676731766201556 ], [ 676598.62304724752903, 3615245.225336341187358 ], [ 676583.890675267903134, 3615263.176783538423479 ], [ 676581.614445352228358, 3615286.287733714096248 ], [ 676592.561585320858285, 3615306.768392080906779 ], [ 676683.649048045743257, 3615361.610687758307904 ], [ 676726.875573534867726, 3615371.360695117618889 ], [ 676752.344480803003535, 3615366.327892870176584 ], [ 676788.628388266428374, 3615380.08039661962539 ], [ 676774.197890140931122, 3615413.567469021305442 ], [ 676782.970013953745365, 3615447.434303009416908 ], [ 676809.969746475107968, 3615461.865960709750652 ], [ 676842.174703335738741, 3615450.342842890415341 ], [ 676876.328131164540537, 3615374.717046835459769 ], [ 676873.667332803364843, 3615347.871661140117794 ], [ 676859.093941662460566, 3615327.12423729384318 ], [ 676785.217981859226711, 3615288.253687824122608 ], [ 676723.755354139953852, 3615291.755469319876283 ], [ 676666.818049481255002, 3615256.084097505547106 ], [ 676616.925170955131762, 3615238.676731766201556 ] ] ] ] } }
]
}
