{
"type": "FeatureCollection",
"name": "LM_04_GGK_20160817_CS_4018_4058_depth",
"crs": { "type": "name", "properties": { "name": "urn:ogc:def:crs:EPSG::26915" } },
"features": [
{ "type": "Feature", "properties": { "depth_bin": "10-15" }, "geometry": { "type": "Polygon", "coordinates": [ [ [ 680274.895813601789996, 3542507.681574050802737 ], [ 680263.180084849242121, 3542479.397302803117782 ], [ 680234.895813601789996, 3542467.681574050802737 ], [ 680206.611542354337871, 3542479.397302803117782 ], [ 680194.895813601789996, 3542507.681574050802737 ], [ 680206.611542354337871, 3542535.965845298487693 ], [ 680234.895813601789996, 3542547.681574050802737 ], [ 680263.180084849242121, 3542535.965845298487693 ], [ 680274.895813601789996, 3542507.681574050802737 ] ] ] } },
{ "type": "Feature", "properties": { "depth_bin": "15-20" }, "geometry": { "type": "Polygon", "coordinates": [ [ [ 680262.281797743053176, 3542516.483459756709635 ], [ 680250.5660689905053, 3542488.19918850902468 ], [ 680222.281797743053176, 3542476.483459756709635 ], [ 680193.997526495601051, 3542488.19918850902468 ], [ 680182.281797743053176, 3542516.483459756709635 ], [ 680193.997526495601051, 3542544.767731004394591 ], [ 680222.281797743053176, 3542556.483459756709635 ], [ 680250.5660689905053, 3542544.767731004394591 ], [ 680262.281797743053176, 3542516.483459756709635 ] ] ] } },
{ "type": "Feature", "properties": { "depth_bin": "20-25" }, "geometry": { "type": "MultiPolygon", "coordinates": [ [ [ [ 680284.998904329841025, 3542492.041959112510085 ], [ 680270.567246629507281, 3542465.042226591147482 ], [ 680241.270829649758525, 3542456.155255658552051 ], [ 680214.271097128395922, 3542470.586913358885795 ], [ 680205.384126196033321, 3542499.883330338634551 ], [ 680219.815783896367066, 3542526.883062859997153 ], [ 680249.112200876115821, 3542535.770033792592585 ], [ 680276.111933397478424, 3542521.338376092258841 ], [ 680284.998904329841025, 3542492.041959112510085 ] ] ], [ [ [ 681692.94336079643108, 3542684.573434017598629 ], [ 681675.934758901130408, 3542659.118262406438589 ], [ 681642.100562490173616, 3542654.099433469120413 ], [ 681608.098264772910625, 3542679.075418492313474 ], [ 681603.079435835825279, 3542712.909614903386682 ], [ 681622.501179791986942, 3542736.575078386813402 ], [ 681652.968436355236918, 3542739.575841242447495 ], [ 681686.970734072499909, 3542714.599856219254434 ], [ 681692.94336079643108, 3542684.573434017598629 ] ] ] ] } },
{ "type": "Feature", "properties": { "depth_bin": "25-30" }, "geometry": { "type": "MultiPolygon", "coordinates": [ [ [ [ 677711.353768581408076, 3539867.865553417243063 ], [ 677691.932024625246413, 3539844.200089933816344 ], [ 677661.464768061996438, 3539841.19932707818225 ], [ 677637.799304578220472, 3539860.621071034576744 ], [ 677634.798541722935624, 3539891.088327597826719 ], [ 677654.220285679097287, 3539914.753791081253439 ], [ 677684.687542242347263, 3539917.754553936887532 ], [ 677708.353005726123229, 3539898.332809980493039 ], [ 677711.353768581408076, 3539867.865553417243063 ] ] ], [ [ [ 678058.008031369419768, 3539878.862369063775986 ], [ 678038.586287413258106, 3539855.196905580349267 ], [ 678008.11903085000813, 3539852.196142724715173 ], [ 677984.453567366232164, 3539871.617886681109667 ], [ 677981.452804510947317, 3539902.085143244359642 ], [ 678000.87454846710898, 3539925.750606727786362 ], [ 678031.341805030358955, 3539928.751369583420455 ], [ 678055.007268514134921, 3539909.329625627025962 ], [ 678058.008031369419768, 3539878.862369063775986 ] ] ], [ [ [ 681109.604083582758904, 3541910.474194488953799 ], [ 681086.633807448088191, 3541885.130400278605521 ], [ 681056.019132858957164, 3541885.130400278605521 ], [ 681012.73412502266001, 3541917.046400025021285 ], [ 681009.037728214403614, 3541954.576546640601009 ], [ 681030.685572220245376, 3541976.224390646442771 ], [ 681061.300246809376404, 3541976.224390646442771 ], [ 681104.585254645673558, 3541944.308390900027007 ], [ 681109.604083582758904, 3541910.474194488953799 ] ] ], [ [ [ 680497.500757055124268, 3542338.221456906758249 ], [ 680478.079013098962605, 3542314.555993423331529 ], [ 680447.61175653571263, 3542311.555230567697436 ], [ 680423.946293051936664, 3542330.976974524091929 ], [ 680420.945530196651816, 3542361.444231087341905 ], [ 680440.367274152813479, 3542385.109694570768625 ], [ 680470.834530716063455, 3542388.110457426402718 ], [ 680494.499994199839421, 3542368.688713470008224 ], [ 680497.500757055124268, 3542338.221456906758249 ] ] ], [ [ [ 681529.806043588905595, 3542406.940146894194186 ], [ 681510.384299632743932, 3542383.274683410767466 ], [ 681479.917043069493957, 3542380.273920555133373 ], [ 681456.251579585717991, 3542399.695664511527866 ], [ 681453.250816730433144, 3542430.162921074777842 ], [ 681472.672560686594807, 3542453.828384558204561 ], [ 681503.139817249844782, 3542456.829147413838655 ], [ 681526.805280733620748, 3542437.407403457444161 ], [ 681529.806043588905595, 3542406.940146894194186 ] ] ], [ [ [ 680247.114041306544095, 3542512.150303754024208 ], [ 680227.692297350382432, 3542488.484840270597488 ], [ 680197.225040787132457, 3542485.484077414963394 ], [ 680173.559577303356491, 3542504.905821371357888 ], [ 680170.558814448071644, 3542535.373077934607863 ], [ 680189.980558404233307, 3542559.038541418034583 ], [ 680220.447814967483282, 3542562.039304273668677 ], [ 680244.113278451259248, 3542542.617560317274183 ], [ 680247.114041306544095, 3542512.150303754024208 ] ] ], [ [ [ 681663.726238000672311, 3542691.795892264693975 ], [ 681642.078393994830549, 3542670.148048258852214 ], [ 681607.915187227190472, 3542671.826378985773772 ], [ 681579.109459399711341, 3542702.983419832773507 ], [ 681580.787790126167238, 3542737.146626600529999 ], [ 681604.453253609943204, 3542756.568370556924492 ], [ 681634.920510173193179, 3542753.567607701290399 ], [ 681663.726238000672311, 3542722.410566854290664 ], [ 681663.726238000672311, 3542691.795892264693975 ] ] ] ] } },
{ "type": "Feature", "properties": { "depth_bin": "30-35" }, "geometry": { "type": "MultiPolygon", "coordinates": [ [ [ [ 676406.745369264157489, 3539769.128943591378629 ], [ 676379.272131570847705, 3539748.753401848021895 ], [ 676343.184247442753986, 3539759.700541816651821 ], [ 676329.677365723415278, 3539803.12980032293126 ], [ 676341.393094475963153, 3539831.414071570616215 ], [ 676369.677365723415278, 3539843.12980032293126 ], [ 676397.961636970867403, 3539831.414071570616215 ], [ 676409.48475479031913, 3539807.050485935993493 ], [ 676406.745369264157489, 3539769.128943591378629 ] ] ], [ [ [ 676720.199944963329472, 3539767.300547997001559 ], [ 676702.248497765744105, 3539752.568176017142832 ], [ 676679.137547590536997, 3539750.291946101468056 ], [ 676658.656889223726466, 3539761.239086070097983 ], [ 676647.70974925509654, 3539781.719744436908513 ], [ 676647.155081539880484, 3539961.215411670040339 ], [ 676658.678199359332211, 3539985.578997304663062 ], [ 676679.158857726142742, 3539996.526137273292989 ], [ 676709.185279927565716, 3539990.553510549012572 ], [ 676726.193881822866388, 3539965.098338937852532 ], [ 676730.256522015668452, 3539820.133028287440538 ], [ 676720.199944963329472, 3539767.300547997001559 ] ] ], [ [ [ 676971.91017108631786, 3539825.545080113690346 ], [ 676972.787314523593523, 3539856.411920188460499 ], [ 676988.842118632048368, 3539878.059317590203136 ], [ 677014.985613566008396, 3539884.607922165188938 ], [ 677039.349199200281873, 3539873.084804345853627 ], [ 677050.2963391689118, 3539852.604145979043096 ], [ 677052.991831912309863, 3539814.140226267743856 ], [ 677051.049111392581835, 3539776.057158975861967 ], [ 677040.101971423951909, 3539755.576500609051436 ], [ 677011.817700176499784, 3539743.860771856736392 ], [ 676983.533428929047659, 3539755.576500609051436 ], [ 676972.586288960417733, 3539776.057158975861967 ], [ 676971.91017108631786, 3539825.545080113690346 ] ] ], [ [ [ 676402.720478460891172, 3539872.488235290627927 ], [ 676384.769031263305806, 3539857.7558633107692 ], [ 676365.541008355561644, 3539854.903655544389039 ], [ 676334.184843394788913, 3539875.855175138451159 ], [ 676329.924969112500548, 3539948.273052897304296 ], [ 676350.300510855508037, 3539975.746290590148419 ], [ 676380.767767418758012, 3539978.747053445782512 ], [ 676404.433230902533978, 3539959.325309489388019 ], [ 676409.461693968740292, 3539894.711044611409307 ], [ 676402.720478460891172, 3539872.488235290627927 ] ] ], [ [ [ 677377.164310241118073, 3539804.684618058148772 ], [ 677359.212863043532707, 3539789.952246078290045 ], [ 677339.984840135788545, 3539787.100038311909884 ], [ 677321.682716428185813, 3539793.648642886895686 ], [ 677306.950344448559918, 3539811.600090084131807 ], [ 677301.050853103981353, 3539907.172039593104273 ], [ 677309.937824036343955, 3539928.627085346728563 ], [ 677325.550904876319692, 3539940.206535280682147 ], [ 677356.165579465450719, 3539940.206535280682147 ], [ 677377.813423471292481, 3539918.558691274840385 ], [ 677385.369886503904127, 3539857.529493499081582 ], [ 677377.164310241118073, 3539804.684618058148772 ] ] ], [ [ [ 677704.402314210426994, 3539872.322631742805243 ], [ 677686.450867012841627, 3539857.590259762946516 ], [ 677667.222844105097465, 3539854.738051996566355 ], [ 677648.920720397494733, 3539861.286656571552157 ], [ 677634.188348417868838, 3539879.238103768788278 ], [ 677624.713180723018013, 3539974.289209725800902 ], [ 677633.600151655380614, 3539995.744255479425192 ], [ 677649.213232495356351, 3540007.323705413378775 ], [ 677679.827907084487379, 3540007.323705413378775 ], [ 677701.47575109032914, 3539985.675861407537013 ], [ 677711.012833544402383, 3539925.192252809647471 ], [ 677704.402314210426994, 3539872.322631742805243 ] ] ], [ [ [ 678051.372281655203551, 3539883.501113540492952 ], [ 678025.917110043694265, 3539866.49251164495945 ], [ 677995.890687842271291, 3539872.465138369239867 ], [ 677978.882085946970619, 3539897.920309980399907 ], [ 677984.85471267090179, 3539927.946732182055712 ], [ 678010.309884282411076, 3539944.955334077589214 ], [ 678040.336306483834051, 3539938.982707353308797 ], [ 678057.344908379134722, 3539913.527535742148757 ], [ 678051.372281655203551, 3539883.501113540492952 ] ] ], [ [ [ 678364.984012990142219, 3539970.041810713708401 ], [ 678341.318549506366253, 3539950.620066757313907 ], [ 678310.851292943116277, 3539953.620829612948 ], [ 678291.429548986954615, 3539977.28629309637472 ], [ 678294.430311842239462, 3540007.753549659624696 ], [ 678318.095775326015428, 3540027.175293616019189 ], [ 678348.563031889265403, 3540024.174530760385096 ], [ 678367.984775845427066, 3540000.509067276958376 ], [ 678364.984012990142219, 3539970.041810713708401 ] ] ], [ [ [ 680504.721923913457431, 3542318.768384557683021 ], [ 680479.266752301948145, 3542301.759782662149519 ], [ 680449.240330100525171, 3542307.732409386429936 ], [ 680432.231728205224499, 3542333.187580997589976 ], [ 680438.20435492915567, 3542363.214003199245781 ], [ 680463.659526540664956, 3542380.222605094779283 ], [ 680493.68594874208793, 3542374.249978370498866 ], [ 680510.694550637388602, 3542348.794806759338826 ], [ 680504.721923913457431, 3542318.768384557683021 ] ] ], [ [ [ 680355.029605098534375, 3542423.69157415535301 ], [ 680337.078157900949009, 3542408.959202175494283 ], [ 680310.159433516208082, 3542407.636770046781749 ], [ 680286.493970032432117, 3542427.058514003176242 ], [ 680283.184407850028947, 3542456.29297454841435 ], [ 680258.02877154678572, 3542447.3766263066791 ], [ 680235.80596222600434, 3542454.117841814644635 ], [ 680218.797360330703668, 3542479.573013425804675 ], [ 680224.769987054634839, 3542509.59943562746048 ], [ 680242.721434252220206, 3542524.331807607319206 ], [ 680269.640158636961132, 3542525.654239736031741 ], [ 680293.305622120737098, 3542506.232495779637247 ], [ 680296.615184303140268, 3542476.99803523439914 ], [ 680321.770820606383495, 3542485.91438347613439 ], [ 680343.993629927164875, 3542479.173167968168855 ], [ 680361.002231822465546, 3542453.717996357008815 ], [ 680355.029605098534375, 3542423.69157415535301 ] ] ], [ [ [ 680904.504479043185711, 3541640.937053530476987 ], [ 680879.049307431676425, 3541623.928451634943485 ], [ 680849.022885230253451, 3541629.901078359223902 ], [ 680776.905801205313765, 3541686.508190798573196 ], [ 680770.164585697464645, 3541708.731000119354576 ], [ 680776.905801205313765, 3541730.953809440135956 ], [ 680810.164585697464645, 3541748.731000119354576 ], [ 680844.843880520085804, 3541733.27234298363328 ], [ 680904.504479043185711, 3541685.382672172039747 ], [ 680911.245694551034831, 3541663.159862851258367 ], [ 680904.504479043185711, 3541640.937053530476987 ] ] ], [ [ [ 681117.217155083082616, 3541891.326512479223311 ], [ 681099.26570788549725, 3541876.594140499364585 ], [ 681072.346983500756323, 3541875.27170837065205 ], [ 681053.037952456390485, 3541888.173590433318168 ], [ 681044.151396865257993, 3541909.625836183782667 ], [ 681018.343181105563417, 3541911.226436242461205 ], [ 680985.634513840777799, 3541931.088913762010634 ], [ 680958.426805504830554, 3541957.77873429749161 ], [ 680962.123202313086949, 3541995.308880913071334 ], [ 680980.074649510672316, 3542010.041252892930061 ], [ 680999.302672418416478, 3542012.893460659310222 ], [ 681055.873327720910311, 3541981.440402035135776 ], [ 681073.457492125802673, 3541952.105103159323335 ], [ 681099.26570788549725, 3541950.504503100644797 ], [ 681117.217155083082616, 3541935.772131120786071 ], [ 681123.958370590931736, 3541913.549321800004691 ], [ 681117.217155083082616, 3541891.326512479223311 ] ] ], [ [ [ 681355.325101315858774, 3542120.546648397110403 ], [ 681329.869929704349488, 3542103.5380465015769 ], [ 681299.843507502926514, 3542109.510673225857317 ], [ 681282.834905607625842, 3542134.965844837017357 ], [ 681288.807532331557013, 3542164.992267038673162 ], [ 681314.262703943066299, 3542182.000868934206665 ], [ 681344.289126144489273, 3542176.028242209926248 ], [ 681361.297728039789945, 3542150.573070598766208 ], [ 681355.325101315858774, 3542120.546648397110403 ] ] ], [ [ [ 681512.570108995307237, 3542405.47588359285146 ], [ 681487.114937383797951, 3542388.467281697317958 ], [ 681457.088515182374977, 3542394.439908421598375 ], [ 681419.294708810164593, 3542426.791095915716141 ], [ 681414.76417031721212, 3542449.567651001736522 ], [ 681421.312774891965091, 3542467.869774709455669 ], [ 681454.571559384115972, 3542485.646965388674289 ], [ 681489.677060147048905, 3542470.586060546338558 ], [ 681517.588937932392582, 3542439.310080003924668 ], [ 681512.570108995307237, 3542405.47588359285146 ] ] ], [ [ [ 681637.310212455689907, 3542705.476200420409441 ], [ 681611.855040844180621, 3542688.467598524875939 ], [ 681581.828618642757647, 3542694.440225249156356 ], [ 681554.923900209018029, 3542721.57643065508455 ], [ 681558.620297017274424, 3542759.106577270664275 ], [ 681584.07546862878371, 3542776.115179166197777 ], [ 681614.101890830206685, 3542770.14255244191736 ], [ 681641.006609263946302, 3542743.006347035989165 ], [ 681637.310212455689907, 3542705.476200420409441 ] ] ] ] } },
{ "type": "Feature", "properties": { "depth_bin": "35-40" }, "geometry": { "type": "MultiPolygon", "coordinates": [ [ [ [ 676406.158003535005264, 3539750.647638060618192 ], [ 676388.206556337419897, 3539735.915266080759466 ], [ 676365.095606162212789, 3539733.63903616508469 ], [ 676344.614947795402259, 3539744.586176133714616 ], [ 676333.667807826772332, 3539765.066834500525147 ], [ 676338.217482897220179, 3539792.719205293804407 ], [ 676329.054406466777436, 3539814.478886520024389 ], [ 676331.007097061607055, 3539887.210521120112389 ], [ 676339.318090143147856, 3539904.782639605924487 ], [ 676357.423203186015598, 3539917.253752919845283 ], [ 676333.23971867095679, 3539936.80525438953191 ], [ 676328.47248080431018, 3539974.740823011379689 ], [ 676339.995598623761907, 3539999.104408646002412 ], [ 676360.476256990572438, 3540010.051548614632338 ], [ 676390.502679191995412, 3540004.078921890351921 ], [ 676407.511281087296084, 3539978.623750279191881 ], [ 676405.471750545315444, 3539940.353786567691714 ], [ 676381.331874336581677, 3539917.814279181882739 ], [ 676398.522779525141232, 3539907.69117948692292 ], [ 676409.469919493771158, 3539887.210521120112389 ], [ 676403.543531679315493, 3539798.550814220681787 ], [ 676412.899219042854384, 3539772.870447381399572 ], [ 676406.158003535005264, 3539750.647638060618192 ] ] ], [ [ [ 677042.335956238326617, 3539834.634968800004572 ], [ 677026.72287539835088, 3539823.055518866050988 ], [ 677003.611925223143771, 3539820.779288950376213 ], [ 676983.131266856333241, 3539831.726428919006139 ], [ 676973.13792467454914, 3539848.399313076399267 ], [ 676970.394351840019226, 3539943.850701011717319 ], [ 676981.341491808649153, 3539964.33135937852785 ], [ 676998.014375965925865, 3539974.324701560195535 ], [ 677028.48163252917584, 3539971.323938704561442 ], [ 677047.903376485337503, 3539947.658475221134722 ], [ 677052.110038558021188, 3539871.176174860913306 ], [ 677042.335956238326617, 3539834.634968800004572 ] ] ], [ [ [ 677371.884578814497218, 3539862.5761549603194 ], [ 677337.043475066777319, 3539848.144497259985656 ], [ 677305.687310106004588, 3539869.096016854047775 ], [ 677298.409432491404004, 3539937.503903055563569 ], [ 677319.360952085233293, 3539968.860068016219884 ], [ 677349.828208648483269, 3539971.860830871853977 ], [ 677373.493672132259235, 3539952.439086915459484 ], [ 677380.964160679955967, 3539887.951886327005923 ], [ 677371.884578814497218, 3539862.5761549603194 ] ] ], [ [ [ 676720.415758014074527, 3539889.353409668430686 ], [ 676702.46431081648916, 3539874.62103768857196 ], [ 676679.353360641282052, 3539872.344807772897184 ], [ 676658.872702274471521, 3539883.29194774152711 ], [ 676648.879360092687421, 3539899.964831898920238 ], [ 676648.879360092687421, 3539923.187606079503894 ], [ 676661.663311151438393, 3539942.38975069206208 ], [ 676649.607562618679367, 3539960.931891006883234 ], [ 676643.528282757499255, 3540010.653880201745778 ], [ 676654.475422726129182, 3540031.134538568556309 ], [ 676671.148306883405894, 3540041.127880750223994 ], [ 676701.615563446655869, 3540038.127117894589901 ], [ 676721.037307402817532, 3540014.461654411163181 ], [ 676727.692565114819445, 3539968.622592484112829 ], [ 676713.378838418400846, 3539941.729746394325048 ], [ 676726.964362588827498, 3539915.496904602274299 ], [ 676720.415758014074527, 3539889.353409668430686 ] ] ], [ [ [ 677971.407125790254213, 3539958.46601454121992 ], [ 677965.038746457430534, 3540011.602139852009714 ], [ 677971.779961965279654, 3540033.824949172791094 ], [ 677997.23513357678894, 3540050.833551068324596 ], [ 678027.261555778211914, 3540044.860924344044179 ], [ 678044.270157673512585, 3540019.405752732884139 ], [ 678055.98005358199589, 3539924.798262496013194 ], [ 678051.24872507120017, 3539901.686709503643215 ], [ 678060.948880707030185, 3539879.334452691022307 ], [ 678056.418342214077711, 3539856.557897605001926 ], [ 678039.997361113200895, 3539840.136916504241526 ], [ 678009.53010454995092, 3539837.136153648607433 ], [ 677985.864641066174954, 3539856.557897605001926 ], [ 677986.065431084018201, 3539894.604634457267821 ], [ 677971.407125790254213, 3539958.46601454121992 ] ] ], [ [ [ 677696.537958893110044, 3539963.374499596189708 ], [ 677678.586511695524678, 3539948.642127616330981 ], [ 677659.358488787780516, 3539945.78991984995082 ], [ 677628.002323827007785, 3539966.74143944401294 ], [ 677617.071637517772615, 3540034.912993011530489 ], [ 677638.023157111601904, 3540066.269157972186804 ], [ 677668.490413674851879, 3540069.269920827820897 ], [ 677692.155877158627845, 3540049.848176871426404 ], [ 677703.086563467863016, 3539989.51799453003332 ], [ 677696.537958893110044, 3539963.374499596189708 ] ] ], [ [ [ 678365.620745127438568, 3539951.746052780654281 ], [ 678332.361960635287687, 3539933.968862101435661 ], [ 678299.103176143136807, 3539951.746052780654281 ], [ 678287.70156620698981, 3540007.898682659026235 ], [ 678305.286145953112282, 3540037.236781537998468 ], [ 678335.312568154535256, 3540043.209408262278885 ], [ 678360.767739766044542, 3540026.200806366745383 ], [ 678372.169349702191539, 3539977.889547714497894 ], [ 678365.620745127438568, 3539951.746052780654281 ] ] ], [ [ [ 678695.331438307766803, 3540019.527438006363809 ], [ 678664.411020173225552, 3540004.903169373050332 ], [ 678633.490602038684301, 3540019.527438006363809 ], [ 678622.030437848996371, 3540059.963815222028643 ], [ 678636.654706482426263, 3540090.884233356453478 ], [ 678665.951123462175019, 3540099.77120428904891 ], [ 678692.950855983537622, 3540085.339546588715166 ], [ 678704.411020173225552, 3540044.903169373050332 ], [ 678695.331438307766803, 3540019.527438006363809 ] ] ], [ [ [ 679016.838684338377789, 3540185.881654002703726 ], [ 678985.918266203836538, 3540171.257385369390249 ], [ 678954.997848069295287, 3540185.881654002703726 ], [ 678941.976509140338749, 3540226.07519911415875 ], [ 678956.600777773768641, 3540256.995617248583585 ], [ 678985.897194753517397, 3540265.882588181179017 ], [ 679012.896927274879999, 3540251.450930480845273 ], [ 679025.72565527074039, 3540215.178070982452482 ], [ 679016.838684338377789, 3540185.881654002703726 ] ] ], [ [ [ 680674.959179638070054, 3541378.540994996204972 ], [ 680649.504008026560768, 3541361.53239310067147 ], [ 680619.477585825137794, 3541367.505019824951887 ], [ 680560.630453629884869, 3541416.286837520077825 ], [ 680553.889238122035749, 3541438.509646840859205 ], [ 680560.630453629884869, 3541460.732456161640584 ], [ 680586.085625241394155, 3541477.741058057174087 ], [ 680616.112047442817129, 3541471.76843133289367 ], [ 680674.959179638070054, 3541422.986613637767732 ], [ 680681.700395145919174, 3541400.763804316986352 ], [ 680674.959179638070054, 3541378.540994996204972 ] ] ], [ [ [ 680831.336956775397994, 3541695.798827746417373 ], [ 680805.881785163888708, 3541678.790225850883871 ], [ 680775.855362962465733, 3541684.762852575164288 ], [ 680716.038350876653567, 3541732.566406510770321 ], [ 680709.297135368804447, 3541754.789215831551701 ], [ 680716.038350876653567, 3541777.012025152333081 ], [ 680741.493522488162853, 3541794.020627047866583 ], [ 680771.519944689585827, 3541788.048000323586166 ], [ 680831.336956775397994, 3541740.244446387980133 ], [ 680838.078172283247113, 3541718.021637067198753 ], [ 680831.336956775397994, 3541695.798827746417373 ] ] ], [ [ [ 681129.604020118364133, 3541882.58604679768905 ], [ 681104.148848506854847, 3541865.577444902155548 ], [ 681074.122426305431873, 3541871.550071626435965 ], [ 681057.113824410131201, 3541897.005243237596005 ], [ 681063.086451134062372, 3541927.03166543925181 ], [ 681088.541622745571658, 3541944.040267334785312 ], [ 681118.568044946994632, 3541938.067640610504895 ], [ 681135.576646842295304, 3541912.612468999344856 ], [ 681129.604020118364133, 3541882.58604679768905 ] ] ], [ [ [ 681013.285719233914278, 3541955.657724995631725 ], [ 680982.365301099373028, 3541941.033456362318248 ], [ 680943.961196039686911, 3541958.282799240201712 ], [ 680929.529538339353167, 3541985.282531761564314 ], [ 680938.416509271715768, 3542014.57894874131307 ], [ 680969.336927406257018, 3542029.203217374626547 ], [ 681007.741032465943135, 3542011.953874496743083 ], [ 681022.17269016627688, 3541984.95414197538048 ], [ 681013.285719233914278, 3541955.657724995631725 ] ] ], [ [ [ 680380.810628113802522, 3542407.400304524693638 ], [ 680362.859180916217156, 3542392.667932544834912 ], [ 680343.631158008472994, 3542389.815724778454751 ], [ 680286.403804280329496, 3542420.453521821182221 ], [ 680236.039896828355268, 3542461.195924015250057 ], [ 680231.509358335402794, 3542483.972479101270437 ], [ 680238.057962910155766, 3542502.274602808989584 ], [ 680256.009410107741132, 3542517.006974788848311 ], [ 680282.928134492482059, 3542518.329406917560846 ], [ 680369.774652942433022, 3542462.881898337509483 ], [ 680386.783254837733693, 3542437.426726726349443 ], [ 680380.810628113802522, 3542407.400304524693638 ] ] ], [ [ [ 681339.953665950568393, 3542125.383423115126789 ], [ 681320.644634906202555, 3542112.48154105246067 ], [ 681297.42186072585173, 3542112.48154105246067 ], [ 681211.322861980064772, 3542169.13099155947566 ], [ 681183.274552482413128, 3542200.132225795648992 ], [ 681188.293381419498473, 3542233.9664222067222 ], [ 681206.24482861708384, 3542248.698794186580926 ], [ 681233.163553001824766, 3542250.021226315293461 ], [ 681319.349784192978404, 3542193.541686550248414 ], [ 681347.310861245263368, 3542162.370541572105139 ], [ 681339.953665950568393, 3542125.383423115126789 ] ] ], [ [ [ 681535.015600626124069, 3542384.68366374541074 ], [ 681511.898795372224413, 3542370.827983895782381 ], [ 681488.787845197017305, 3542373.104213811457157 ], [ 681467.140001191175543, 3542394.752057817298919 ], [ 681466.172875269432552, 3542422.663796528242528 ], [ 681430.798328311531805, 3542416.50256576621905 ], [ 681367.011192544945516, 3542451.774649693164974 ], [ 681340.059221702278592, 3542478.848776021040976 ], [ 681343.755618510534987, 3542516.3789226366207 ], [ 681361.707065708120354, 3542531.111294616479427 ], [ 681384.818015883327462, 3542533.387524532154202 ], [ 681464.632524722488597, 3542488.038963687606156 ], [ 681480.687328830943443, 3542466.391566285863519 ], [ 681480.332022623857483, 3542442.175777779426426 ], [ 681511.898795372224413, 3542449.290806328412145 ], [ 681537.353966983733699, 3542432.282204432878643 ], [ 681543.90257155848667, 3542406.138709499035031 ], [ 681535.015600626124069, 3542384.68366374541074 ] ] ], [ [ [ 681609.592187029425986, 3542719.389869202394038 ], [ 681582.592454508063383, 3542704.958211502060294 ], [ 681553.296037528314628, 3542713.845182434655726 ], [ 681528.967489072936587, 3542743.256840682122856 ], [ 681536.324684367631562, 3542780.243959139101207 ], [ 681563.324416888994165, 3542794.675616839434952 ], [ 681592.62083386874292, 3542785.78864590683952 ], [ 681616.949382324120961, 3542756.376987659372389 ], [ 681609.592187029425986, 3542719.389869202394038 ] ] ], [ [ [ 681897.966292893630452, 3542956.990527272224426 ], [ 681880.014845696045086, 3542942.2581552923657 ], [ 681853.096121311304159, 3542940.935723163653165 ], [ 681764.904891331680119, 3542994.130618629511446 ], [ 681747.896289436379448, 3543019.585790240671486 ], [ 681753.868916160310619, 3543049.612212442327291 ], [ 681771.820363357895985, 3543064.344584422186017 ], [ 681794.931313533103094, 3543066.620814337860793 ], [ 681861.799304064363241, 3543029.715489978436381 ], [ 681899.984358975430951, 3542998.069206065963954 ], [ 681904.514897468383424, 3542975.292650979943573 ], [ 681897.966292893630452, 3542956.990527272224426 ] ] ], [ [ [ 681598.945943095604889, 3543139.961070781107992 ], [ 681569.607844216632657, 3543122.376491034869105 ], [ 681532.770835960283875, 3543132.910913532599807 ], [ 681503.135085019632243, 3543157.146286258473992 ], [ 681503.135085019632243, 3543194.858025204390287 ], [ 681516.189126272802241, 3543209.260940223466605 ], [ 681538.411935593583621, 3543216.00215573143214 ], [ 681584.543028076528572, 3543197.46073067560792 ], [ 681604.91856981953606, 3543169.987492982763797 ], [ 681598.945943095604889, 3543139.961070781107992 ] ] ] ] } },
{ "type": "Feature", "properties": { "depth_bin": "40-45" }, "geometry": { "type": "MultiPolygon", "coordinates": [ [ [ [ 677376.637800978380255, 3539789.561507066711783 ], [ 677351.18262936687097, 3539772.552905171178281 ], [ 677321.156207165447995, 3539778.525531895458698 ], [ 677304.147605270147324, 3539803.980703506618738 ], [ 677310.120231994078495, 3539834.007125708274543 ], [ 677335.57540360558778, 3539851.015727603808045 ], [ 677365.601825807010755, 3539845.043100879527628 ], [ 677382.610427702311426, 3539819.587929268367589 ], [ 677376.637800978380255, 3539789.561507066711783 ] ] ], [ [ [ 677707.246662370860577, 3539839.016383877955377 ], [ 677680.246929849497974, 3539824.584726177621633 ], [ 677650.950512869749218, 3539833.471697110217065 ], [ 677636.518855169415474, 3539860.471429631579667 ], [ 677645.405826101778075, 3539889.767846611328423 ], [ 677672.405558623140678, 3539904.199504311662167 ], [ 677701.701975602889434, 3539895.312533379066736 ], [ 677716.133633303223178, 3539868.312800857704133 ], [ 677707.246662370860577, 3539839.016383877955377 ] ] ], [ [ [ 677369.428894180920906, 3539923.333808091469109 ], [ 677353.815813340945169, 3539911.754358157515526 ], [ 677330.704863165738061, 3539909.47812824184075 ], [ 677310.224204798927531, 3539920.425268210470676 ], [ 677300.23086261714343, 3539937.098152367863804 ], [ 677299.85601914068684, 3540017.723745511379093 ], [ 677310.803159109316766, 3540038.204403878189623 ], [ 677327.476043266593479, 3540048.197746059857309 ], [ 677357.943299829843454, 3540045.196983204223216 ], [ 677377.365043786005117, 3540021.531519720796496 ], [ 677378.315865113283508, 3539944.788853845093399 ], [ 677369.428894180920906, 3539923.333808091469109 ] ] ], [ [ [ 677041.167159327422269, 3539926.043633820489049 ], [ 677025.554078487446532, 3539914.464183886535466 ], [ 677002.443128312239423, 3539912.18795397086069 ], [ 676981.962469945428893, 3539923.135093939490616 ], [ 676971.015329976798967, 3539943.615752306301147 ], [ 676969.898370741982944, 3540065.834543162491173 ], [ 676980.845510710612871, 3540086.315201529301703 ], [ 677001.326169077423401, 3540097.262341497931629 ], [ 677031.352591278846376, 3540091.289714773651212 ], [ 677048.361193174147047, 3540065.834543162491173 ], [ 677050.05413025978487, 3539947.498679574113339 ], [ 677041.167159327422269, 3539926.043633820489049 ] ] ], [ [ [ 676398.413690158748068, 3539960.775808130390942 ], [ 676367.493272024206817, 3539946.151539497077465 ], [ 676336.572853889665566, 3539960.775808130390942 ], [ 676326.386061345692724, 3540005.317850853316486 ], [ 676340.817719046026468, 3540032.317583374679089 ], [ 676370.114136025775224, 3540041.20455430727452 ], [ 676397.113868547137827, 3540026.772896606940776 ], [ 676407.493272024206817, 3539986.151539497077465 ], [ 676398.413690158748068, 3539960.775808130390942 ] ] ], [ [ [ 676718.077190338168293, 3539995.928532026708126 ], [ 676700.125743140582927, 3539981.1961600468494 ], [ 676680.897720232838765, 3539978.343952280469239 ], [ 676662.595596525236033, 3539984.892556855455041 ], [ 676647.863224545610137, 3540002.844004052691162 ], [ 676645.711403826135211, 3540087.047361400909722 ], [ 676669.635477747651748, 3540116.198929820675403 ], [ 676700.250152336782776, 3540116.198929820675403 ], [ 676721.897996342624538, 3540094.551085814833641 ], [ 676726.856922854902223, 3540033.52493742806837 ], [ 676718.077190338168293, 3539995.928532026708126 ] ] ], [ [ [ 678032.585907416651025, 3540001.113070635125041 ], [ 678016.972826576675288, 3539989.533620701171458 ], [ 677993.86187640146818, 3539987.257390785496682 ], [ 677973.38121803465765, 3539998.204530754126608 ], [ 677963.387875852873549, 3540014.877414911519736 ], [ 677964.710307981702499, 3540041.796139296609908 ], [ 677984.549240124411881, 3540062.58843170851469 ], [ 677955.67186892486643, 3540083.172256981953979 ], [ 677946.303432016749866, 3540135.961253324989229 ], [ 677955.190402949112467, 3540157.41629907861352 ], [ 677974.499433993478306, 3540170.318181141279638 ], [ 678004.966690556728281, 3540167.317418285645545 ], [ 678024.388434512889944, 3540143.651954802218825 ], [ 678030.18013071489986, 3540094.224513574037701 ], [ 678008.064968656515703, 3540065.928496748209 ], [ 678027.041220648679882, 3540057.409220136236399 ], [ 678038.62067058251705, 3540041.796139296609908 ], [ 678041.472878349013627, 3540022.568116388749331 ], [ 678032.585907416651025, 3540001.113070635125041 ] ] ], [ [ [ 677686.324622359010391, 3540020.790889780968428 ], [ 677651.483518611290492, 3540006.359232080634683 ], [ 677620.127353650517762, 3540027.310751674696803 ], [ 677616.080434392322786, 3540084.541768069844693 ], [ 677636.455976135330275, 3540112.015005762688816 ], [ 677666.92323269858025, 3540115.015768618322909 ], [ 677690.588696182356216, 3540095.594024661928415 ], [ 677695.211593291372992, 3540042.245935534592718 ], [ 677686.324622359010391, 3540020.790889780968428 ] ] ], [ [ [ 678271.009460008819588, 3540101.479853329714388 ], [ 678276.982086732750759, 3540131.506275531370193 ], [ 678298.629484134726226, 3540147.561079639941454 ], [ 678325.548208519467153, 3540146.238647511228919 ], [ 678347.196052525308914, 3540124.590803505387157 ], [ 678365.841743178782053, 3540023.063962909858674 ], [ 678356.128977628075518, 3539992.856421974021941 ], [ 678370.423223921097815, 3539977.710156660992652 ], [ 678375.146373347146437, 3539958.854287188034505 ], [ 678368.405157839297317, 3539936.631477867253125 ], [ 678350.45371064171195, 3539921.899105887394398 ], [ 678319.839036052580923, 3539921.899105887394398 ], [ 678298.191192046739161, 3539943.54694989323616 ], [ 678295.914962131064385, 3539966.65790006890893 ], [ 678305.05174983094912, 3539985.141142510809004 ], [ 678287.756740682641976, 3540007.531890206504613 ], [ 678271.009460008819588, 3540101.479853329714388 ] ] ], [ [ [ 678688.179460642626509, 3540049.050016249995679 ], [ 678653.33835689490661, 3540034.618358549661934 ], [ 678621.98219193413388, 3540055.569878143724054 ], [ 678617.451653441181406, 3540078.346433229744434 ], [ 678624.796533770044334, 3540097.722210504114628 ], [ 678607.104774578125216, 3540114.74422487989068 ], [ 678599.858383199200034, 3540148.632811940740794 ], [ 678606.599598707049154, 3540170.855621261522174 ], [ 678621.002513726125471, 3540183.909662514459342 ], [ 678651.469770289375447, 3540186.910425370093435 ], [ 678675.135233773151413, 3540167.488681413698941 ], [ 678682.381625152076595, 3540133.600094352848828 ], [ 678674.844133890117519, 3540110.303631465416402 ], [ 678690.517827000236139, 3540096.648556937463582 ], [ 678697.06643157498911, 3540078.346433229744434 ], [ 678688.179460642626509, 3540049.050016249995679 ] ] ], [ [ [ 679033.862105189124122, 3540143.537967867217958 ], [ 678999.021001441404223, 3540129.106310166884214 ], [ 678967.664836480631493, 3540150.057829760946333 ], [ 678953.540286510018632, 3540185.553261445369571 ], [ 678953.202681981609203, 3540207.428242797963321 ], [ 678939.120889531681314, 3540224.897187331691384 ], [ 678926.498287300695665, 3540265.162625819910318 ], [ 678931.028825793648139, 3540287.939180905930698 ], [ 678947.449806894524954, 3540304.360162006691098 ], [ 678977.91706345777493, 3540307.360924862325191 ], [ 679001.582526941550896, 3540287.939180905930698 ], [ 679014.691288789734244, 3540229.940930364187807 ], [ 679042.173098270664923, 3540176.717312114778906 ], [ 679033.862105189124122, 3540143.537967867217958 ] ] ], [ [ [ 679349.866921792156063, 3540300.613546221517026 ], [ 679315.025818044436164, 3540286.181888521183282 ], [ 679285.687719165463932, 3540303.766468267422169 ], [ 679237.274675255408511, 3540399.284785518888384 ], [ 679239.550905171083286, 3540422.395735694561154 ], [ 679254.283277150709182, 3540440.347182891797274 ], [ 679284.309699352132156, 3540446.319809616077691 ], [ 679309.764870963641442, 3540429.311207720544189 ], [ 679357.224117086851038, 3540337.600664678495377 ], [ 679349.866921792156063, 3540300.613546221517026 ] ] ], [ [ [ 679657.264349043252878, 3540457.474232485052198 ], [ 679626.343930908711627, 3540442.849963851738721 ], [ 679595.423512774170376, 3540457.474232485052198 ], [ 679571.958795078564435, 3540492.494726642034948 ], [ 679570.276866507949308, 3540517.978260782081634 ], [ 679548.529575323220342, 3540526.879588812123984 ], [ 679535.627693260554224, 3540546.188619856256992 ], [ 679535.627693260554224, 3540569.411394036840647 ], [ 679548.529575323220342, 3540588.720425080973655 ], [ 679577.825992302969098, 3540597.607396013569087 ], [ 679604.825724824331701, 3540583.175738313235343 ], [ 679612.542416560812853, 3540547.623810101300478 ], [ 679637.198247626423836, 3540536.086335184518248 ], [ 679663.299112209118903, 3540498.157301146537066 ], [ 679666.151319975615479, 3540478.929278238676488 ], [ 679657.264349043252878, 3540457.474232485052198 ] ] ], [ [ [ 680224.123533543781377, 3540880.808927272446454 ], [ 680197.123801022418775, 3540866.377269572112709 ], [ 680167.827384042670019, 3540875.264240504708141 ], [ 680143.620158888748847, 3540904.709437093697488 ], [ 680150.977354183443822, 3540941.696555550675839 ], [ 680177.977086704806425, 3540956.128213251009583 ], [ 680207.27350368455518, 3540947.241242318414152 ], [ 680231.480728838476352, 3540917.796045729424804 ], [ 680224.123533543781377, 3540880.808927272446454 ] ] ], [ [ [ 680230.846099141752347, 3542511.99041680758819 ], [ 680205.390927530243061, 3542494.981814912054688 ], [ 680175.364505328820087, 3542500.954441636335105 ], [ 680158.355903433519416, 3542526.409613247495145 ], [ 680164.328530157450587, 3542556.43603544915095 ], [ 680189.783701768959872, 3542573.444637344684452 ], [ 680219.810123970382847, 3542567.472010620404035 ], [ 680236.818725865683518, 3542542.016839009243995 ], [ 680230.846099141752347, 3542511.99041680758819 ] ] ], [ [ [ 680460.272187091642991, 3541121.478333723265678 ], [ 680433.272454570280388, 3541107.046676022931933 ], [ 680403.976037590531632, 3541115.933646955527365 ], [ 680349.277808660874143, 3541169.391756076831371 ], [ 680344.74727016792167, 3541192.168311162851751 ], [ 680353.634241100284271, 3541213.623356916476041 ], [ 680380.633973621646874, 3541228.055014616809785 ], [ 680409.930390601395629, 3541219.168043684214354 ], [ 680464.628619531053118, 3541165.709934562910348 ], [ 680469.159158024005592, 3541142.933379476889968 ], [ 680460.272187091642991, 3541121.478333723265678 ] ] ], [ [ [ 680685.017549335141666, 3541366.492291557602584 ], [ 680658.017816813779064, 3541352.06063385726884 ], [ 680628.721399834030308, 3541360.947604789864272 ], [ 680614.289742133696564, 3541387.947337311226875 ], [ 680623.176713066059165, 3541417.24375429097563 ], [ 680650.176445587421767, 3541431.675411991309375 ], [ 680679.472862567170523, 3541422.788441058713943 ], [ 680693.904520267504267, 3541395.78870853735134 ], [ 680685.017549335141666, 3541366.492291557602584 ] ] ], [ [ [ 680613.360869588213973, 3541423.275734757538885 ], [ 680594.051838543848135, 3541410.373852694872767 ], [ 680570.829064363497309, 3541410.373852694872767 ], [ 680509.599341406836174, 3541456.171393832657486 ], [ 680495.16768370650243, 3541483.171126354020089 ], [ 680504.054654638865031, 3541512.467543333768845 ], [ 680519.667735478840768, 3541524.046993267722428 ], [ 680542.778685654047877, 3541526.323223183397204 ], [ 680585.140201613889076, 3541500.138266559690237 ], [ 680619.395632754079998, 3541463.958803419023752 ], [ 680622.247840520576574, 3541444.730780511163175 ], [ 680613.360869588213973, 3541423.275734757538885 ] ] ], [ [ [ 680913.934700133861043, 3541628.150245838798583 ], [ 680886.93496761249844, 3541613.718588138464838 ], [ 680857.638550632749684, 3541622.60555907106027 ], [ 680843.20689293241594, 3541649.605291592422873 ], [ 680852.093863864778541, 3541678.901708572171628 ], [ 680879.093596386141144, 3541693.333366272505373 ], [ 680908.390013365889899, 3541684.446395339909941 ], [ 680922.821671066223644, 3541657.446662818547338 ], [ 680913.934700133861043, 3541628.150245838798583 ] ] ], [ [ [ 680769.0766080848407, 3541739.681722085457295 ], [ 680745.959802830941044, 3541725.826042235828936 ], [ 680722.848852655733936, 3541728.102272151503712 ], [ 680639.110585162066855, 3541788.355237235315144 ], [ 680614.321327811689116, 3541817.414032706990838 ], [ 680621.678523106384091, 3541854.401151163969189 ], [ 680644.795328360283747, 3541868.256831013597548 ], [ 680667.906278535490856, 3541865.980601097922772 ], [ 680763.531921316869557, 3541795.977871586568654 ], [ 680777.963579017203301, 3541768.978139065206051 ], [ 680769.0766080848407, 3541739.681722085457295 ] ] ], [ [ [ 680922.63221918232739, 3541973.950989698059857 ], [ 680848.817560743889771, 3542034.402382748201489 ], [ 680845.816797888604924, 3542064.869639311451465 ], [ 680865.238541844766587, 3542088.535102794878185 ], [ 680902.950280790915713, 3542088.535102794878185 ], [ 680992.310100756352767, 3542017.012053802609444 ], [ 680996.26466139848344, 3541990.352571448776871 ], [ 680979.256059503182769, 3541964.897399837616831 ], [ 680949.229637301759794, 3541958.924773113336414 ], [ 680922.63221918232739, 3541973.950989698059857 ] ] ], [ [ [ 680514.078771349508315, 3542305.745070637669414 ], [ 680490.961966095608659, 3542291.889390788041055 ], [ 680467.851015920401551, 3542294.165620703715831 ], [ 680449.899568722816184, 3542308.897992683574557 ], [ 680443.271042141015641, 3542328.826966218650341 ], [ 680419.336102205328643, 3542330.896797444205731 ], [ 680393.757866113097407, 3542348.348622816149145 ], [ 680382.253965668496676, 3542372.582655433099717 ], [ 680346.480079578817822, 3542380.243749615736306 ], [ 680321.619969877996482, 3542409.084272456355393 ], [ 680328.977165172691457, 3542446.071390913333744 ], [ 680352.093970426591113, 3542459.927070762962103 ], [ 680375.204920601798221, 3542457.650840847287327 ], [ 680402.77622907992918, 3542436.539899116847664 ], [ 680411.643982637440786, 3542415.214406380895525 ], [ 680440.898006833624095, 3542411.909744637552649 ], [ 680465.563857634435408, 3542393.22771011153236 ], [ 680474.53075057384558, 3542370.145814530551434 ], [ 680508.534084581537172, 3542362.041220138780773 ], [ 680522.965742281870916, 3542335.04148761741817 ], [ 680514.078771349508315, 3542305.745070637669414 ] ] ], [ [ [ 681365.290463643032126, 3542108.19687751494348 ], [ 681338.290731121669523, 3542093.765219814609736 ], [ 681308.994314141920768, 3542102.652190747205168 ], [ 681294.562656441587023, 3542129.651923268567771 ], [ 681303.449627373949625, 3542158.948340248316526 ], [ 681330.449359895312227, 3542173.379997948650271 ], [ 681359.745776875060983, 3542164.493027016054839 ], [ 681374.177434575394727, 3542137.493294494692236 ], [ 681365.290463643032126, 3542108.19687751494348 ] ] ], [ [ [ 681239.763034240459092, 3542194.835190106648952 ], [ 681208.842616105917841, 3542180.210921473335475 ], [ 681172.977850413764827, 3542193.920698136091232 ], [ 681113.22930955037009, 3542241.655764633323997 ], [ 681106.48809404252097, 3542263.878573954105377 ], [ 681113.22930955037009, 3542286.101383274886757 ], [ 681131.180756747955456, 3542300.833755254745483 ], [ 681158.099481132696383, 3542302.156187383458018 ], [ 681231.065425426699221, 3542253.46970596536994 ], [ 681248.650005172821693, 3542224.131607086397707 ], [ 681239.763034240459092, 3542194.835190106648952 ] ] ], [ [ [ 681396.671304754330777, 3542479.313866792712361 ], [ 681381.05822391435504, 3542467.734416858758777 ], [ 681357.947273739147931, 3542465.458186943084002 ], [ 681315.617638046853244, 3542491.573746906593442 ], [ 681301.1859803465195, 3542518.573479427956045 ], [ 681310.072951278882101, 3542547.8698964077048 ], [ 681340.993369413423352, 3542562.494165041018277 ], [ 681379.301717309397645, 3542545.175361659377813 ], [ 681404.028500049025752, 3542516.300985249690711 ], [ 681396.671304754330777, 3542479.313866792712361 ] ] ], [ [ [ 681584.438595351297408, 3542736.687601146753877 ], [ 681568.825514511321671, 3542725.108151212800294 ], [ 681545.714564336114563, 3542722.831921297125518 ], [ 681493.430897584767081, 3542754.252428302541375 ], [ 681476.422295689466409, 3542779.707599913701415 ], [ 681482.39492241339758, 3542809.73402211535722 ], [ 681500.346369610982947, 3542824.466394095215946 ], [ 681519.574392518727109, 3542827.318601861596107 ], [ 681564.120041822316125, 3542805.267501237336546 ], [ 681591.795790645992383, 3542773.674719603732228 ], [ 681584.438595351297408, 3542736.687601146753877 ] ] ], [ [ [ 681908.581149559700862, 3542945.62940930435434 ], [ 681881.581417038338259, 3542931.197751604020596 ], [ 681852.285000058589503, 3542940.084722536616027 ], [ 681837.853342358255759, 3542967.08445505797863 ], [ 681846.74031329061836, 3542996.380872037727386 ], [ 681873.740045811980963, 3543010.81252973806113 ], [ 681903.036462791729718, 3543001.925558805465698 ], [ 681917.468120492063463, 3542974.925826284103096 ], [ 681908.581149559700862, 3542945.62940930435434 ] ] ], [ [ [ 681804.816182303824462, 3543009.907087020110339 ], [ 681789.203101463848725, 3542998.327637086156756 ], [ 681766.092151288641617, 3542996.05140717048198 ], [ 681712.016575332032517, 3543024.589108885265887 ], [ 681661.53593838843517, 3543065.472080060280859 ], [ 681657.005399895482697, 3543088.24863514630124 ], [ 681663.554004470235668, 3543106.550758854020387 ], [ 681681.505451667821035, 3543121.283130833879113 ], [ 681708.424176052561961, 3543122.605562962591648 ], [ 681796.118573490064591, 3543068.541602878831327 ], [ 681813.703153236187063, 3543039.203503999859095 ], [ 681804.816182303824462, 3543009.907087020110339 ] ] ], [ [ [ 681609.830479297670536, 3543128.911530587822199 ], [ 681590.521448253304698, 3543116.009648525156081 ], [ 681567.298674072953872, 3543116.009648525156081 ], [ 681547.989643028588034, 3543128.911530587822199 ], [ 681539.526583489379846, 3543147.508797860704362 ], [ 681510.895940830931067, 3543148.218695836607367 ], [ 681450.927120845997706, 3543181.89676526049152 ], [ 681433.918518950697035, 3543207.35193687165156 ], [ 681439.891145674628206, 3543237.378359073307365 ], [ 681457.842592872213572, 3543252.110731053166091 ], [ 681484.761317256954499, 3543253.433163181878626 ], [ 681551.579009492066689, 3543216.094295271672308 ], [ 681565.586755799246021, 3543191.952341231051832 ], [ 681601.132870483910665, 3543187.546046446543187 ], [ 681618.717450230033137, 3543158.207947567570955 ], [ 681609.830479297670536, 3543128.911530587822199 ] ] ] ] } },
{ "type": "Feature", "properties": { "depth_bin": "45-50" }, "geometry": { "type": "MultiPolygon", "coordinates": [ [ [ [ 676396.739217968890443, 3539991.091622388921678 ], [ 676381.126137128914706, 3539979.512172454968095 ], [ 676358.015186953707598, 3539977.235942539293319 ], [ 676337.534528586897068, 3539988.183082507923245 ], [ 676326.587388618267141, 3540008.663740874733776 ], [ 676328.507842027931474, 3540115.88968910695985 ], [ 676339.454981996561401, 3540136.37034747377038 ], [ 676359.935640363371931, 3540147.317487442400306 ], [ 676389.962062564794905, 3540141.344860718119889 ], [ 676406.970664460095577, 3540115.88968910695985 ], [ 676405.626188901253045, 3540012.546668142545968 ], [ 676396.739217968890443, 3539991.091622388921678 ] ] ], [ [ [ 677368.829514335957356, 3539999.564452751539648 ], [ 677353.216433495981619, 3539987.985002817586064 ], [ 677330.105483320774511, 3539985.708772901911288 ], [ 677300.953914901008829, 3540009.632846823427826 ], [ 677297.884224664187059, 3540078.517737710382789 ], [ 677321.808298585703596, 3540107.66930613014847 ], [ 677352.422973174834624, 3540107.66930613014847 ], [ 677374.070817180676386, 3540086.021462124306709 ], [ 677377.716485268319957, 3540021.019498505163938 ], [ 677368.829514335957356, 3539999.564452751539648 ] ] ], [ [ [ 678698.785957090440206, 3540004.68843132769689 ], [ 678683.172876250464469, 3539993.108981393743306 ], [ 678660.061926075257361, 3539990.832751478068531 ], [ 678639.581267708446831, 3540001.779891446698457 ], [ 678629.58792552666273, 3540018.452775604091585 ], [ 678635.713026314973831, 3540053.778606932610273 ], [ 678615.544766568462364, 3540077.797146089375019 ], [ 678606.526370343752205, 3540114.935001019854099 ], [ 678609.67181820247788, 3540134.783028010744601 ], [ 678598.986697400105186, 3540152.082903762347996 ], [ 678583.949365179869346, 3540219.158571255393326 ], [ 678590.497969754622318, 3540245.302066189236939 ], [ 678612.145367156597786, 3540261.3568702978082 ], [ 678642.612623719847761, 3540258.356107442174107 ], [ 678662.034367676009424, 3540234.690643958747387 ], [ 678677.071699896245264, 3540167.614976465702057 ], [ 678673.926252037519589, 3540147.766949474811554 ], [ 678693.629769064602442, 3540093.32921879272908 ], [ 678685.974892638623714, 3540065.694088941439986 ], [ 678707.096950171981007, 3540037.867775575257838 ], [ 678698.785957090440206, 3540004.68843132769689 ] ] ], [ [ [ 678031.16886344330851, 3540016.288841913919896 ], [ 678015.555782603332773, 3540004.709391979966313 ], [ 677992.444832428125665, 3540002.433162064291537 ], [ 677963.293264008359984, 3540026.357235985808074 ], [ 677953.171223429730162, 3540086.948441520798951 ], [ 677962.56982608337421, 3540112.676158085931093 ], [ 677947.692995137884282, 3540128.171611201483756 ], [ 677942.96984571183566, 3540147.027480674441904 ], [ 677949.71106121968478, 3540169.250289995223284 ], [ 677967.662508417270146, 3540183.98266197508201 ], [ 677998.277183006401174, 3540183.98266197508201 ], [ 678019.925027012242936, 3540162.334817969240248 ], [ 678022.201256927917711, 3540139.223867793567479 ], [ 678013.571243058191612, 3540121.299764109309763 ], [ 678031.448836858966388, 3540098.559828611090779 ], [ 678040.055834375671111, 3540045.585258893668652 ], [ 678031.16886344330851, 3540016.288841913919896 ] ] ], [ [ [ 677039.068840434774756, 3540047.844621645752341 ], [ 677008.148422300233506, 3540033.220353012438864 ], [ 676977.228004165692255, 3540047.844621645752341 ], [ 676968.774934248183854, 3540092.554415236692876 ], [ 676983.206591948517598, 3540119.554147758055478 ], [ 677012.503008928266354, 3540128.44111869065091 ], [ 677039.502741449628957, 3540114.009460990317166 ], [ 677048.582323315087706, 3540088.633729623630643 ], [ 677039.068840434774756, 3540047.844621645752341 ] ] ], [ [ [ 677683.461173857212998, 3540066.43154882080853 ], [ 677656.461441335850395, 3540051.999891120474786 ], [ 677627.16502435610164, 3540060.886862053070217 ], [ 677612.733366655767895, 3540087.88659457443282 ], [ 677621.620337588130496, 3540117.183011554181576 ], [ 677648.620070109493099, 3540131.61466925451532 ], [ 677677.916487089241855, 3540122.727698321919888 ], [ 677692.348144789575599, 3540095.727965800557286 ], [ 677683.461173857212998, 3540066.43154882080853 ] ] ], [ [ [ 678338.981465128948912, 3540098.9885019431822 ], [ 678323.368384288973175, 3540087.409052009228617 ], [ 678300.257434113766067, 3540085.132822093553841 ], [ 678271.105865694000386, 3540109.056896015070379 ], [ 678266.299456098116934, 3540147.108935882803053 ], [ 678287.087853349163197, 3540174.777439688332379 ], [ 678261.260971130803227, 3540189.035121480934322 ], [ 678252.181389265344478, 3540214.410852847620845 ], [ 678258.922604773193598, 3540236.633662168402225 ], [ 678276.874051970778964, 3540251.366034148260951 ], [ 678307.488726559909992, 3540251.366034148260951 ], [ 678329.136570565751754, 3540229.718190142419189 ], [ 678329.136570565751754, 3540199.1035155528225 ], [ 678310.624403230380267, 3540178.938736161217093 ], [ 678330.906598680769093, 3540170.225741136353463 ], [ 678343.808480743435211, 3540150.916710092220455 ], [ 678347.868436061311513, 3540120.44354769680649 ], [ 678338.981465128948912, 3540098.9885019431822 ] ] ], [ [ [ 676382.944679890759289, 3541165.449841556604952 ], [ 676348.10357614303939, 3541151.018183856271207 ], [ 676318.765477264067158, 3541168.602763602510095 ], [ 676314.222618306986988, 3541213.835310867521912 ], [ 676331.231220202287659, 3541239.290482478681952 ], [ 676361.257642403710634, 3541245.263109202962369 ], [ 676386.712814015219919, 3541228.254507307428867 ], [ 676393.261418589972891, 3541202.111012373585254 ], [ 676382.944679890759289, 3541165.449841556604952 ] ] ], [ [ [ 679039.337478036177345, 3540129.33723729243502 ], [ 679012.337745514814742, 3540114.905579592101276 ], [ 678983.041328535065986, 3540123.792550524696708 ], [ 678968.609670834732242, 3540150.79228304605931 ], [ 678977.496641767094843, 3540180.088700025808066 ], [ 679004.496374288457446, 3540194.52035772614181 ], [ 679033.792791268206201, 3540185.633386793546379 ], [ 679048.224448968539946, 3540158.633654272183776 ], [ 679039.337478036177345, 3540129.33723729243502 ] ] ], [ [ [ 678991.558624890632927, 3540257.909667383879423 ], [ 678956.717521142913029, 3540243.478009683545679 ], [ 678925.361356182140298, 3540264.429529277607799 ], [ 678915.530205386807211, 3540293.524032591376454 ], [ 678920.732415677863173, 3540317.421204371843487 ], [ 678901.442846436286345, 3540332.632364074699581 ], [ 678890.010573853156529, 3540365.372361976187676 ], [ 678894.541112346109003, 3540388.148917062208056 ], [ 678910.962093446985818, 3540404.569898162968457 ], [ 678941.429350010235794, 3540407.57066101860255 ], [ 678965.09481349401176, 3540388.148917062208056 ], [ 678974.509019995341077, 3540358.775859008543193 ], [ 678969.306809704285115, 3540334.87868722807616 ], [ 678988.596378945861943, 3540319.667527525220066 ], [ 678999.869617972173728, 3540291.089011631440371 ], [ 678991.558624890632927, 3540257.909667383879423 ] ] ], [ [ [ 679357.82845518796239, 3540287.596028904430568 ], [ 679330.828722666599788, 3540273.164371204096824 ], [ 679301.532305686851032, 3540282.051342136692256 ], [ 679287.100647986517288, 3540309.051074658054858 ], [ 679295.987618918879889, 3540338.347491637803614 ], [ 679322.987351440242492, 3540352.779149338137358 ], [ 679352.283768419991247, 3540343.892178405541927 ], [ 679366.715426120324992, 3540316.892445884179324 ], [ 679357.82845518796239, 3540287.596028904430568 ] ] ], [ [ [ 679301.30095323023852, 3540395.571184828877449 ], [ 679274.301220708875917, 3540381.139527128543705 ], [ 679245.004803729127161, 3540390.026498061139137 ], [ 679230.573146028793417, 3540417.026230582501739 ], [ 679239.460116961156018, 3540446.322647562250495 ], [ 679266.459849482518621, 3540460.754305262584239 ], [ 679295.756266462267376, 3540451.867334329988807 ], [ 679310.187924162601121, 3540424.867601808626205 ], [ 679301.30095323023852, 3540395.571184828877449 ] ] ], [ [ [ 679666.470437169889919, 3540445.301526919472963 ], [ 679635.550019035348669, 3540430.677258286159486 ], [ 679604.629600900807418, 3540445.301526919472963 ], [ 679596.799373701913282, 3540480.400196158327162 ], [ 679571.740323557867669, 3540491.957479957956821 ], [ 679527.990795367746614, 3540554.799588647671044 ], [ 679525.714565452071838, 3540577.910538823343813 ], [ 679539.570245301583782, 3540601.027344076894224 ], [ 679568.866662281332538, 3540609.914315009489655 ], [ 679595.86639480269514, 3540595.482657309155911 ], [ 679635.301445379271172, 3540539.097620678599924 ], [ 679638.77524013875518, 3540510.5188133334741 ], [ 679657.772828356130049, 3540503.936042778193951 ], [ 679672.505200335755944, 3540485.98459558095783 ], [ 679675.357408102252521, 3540466.756572673097253 ], [ 679666.470437169889919, 3540445.301526919472963 ] ] ], [ [ [ 679955.797571706934832, 3540656.426410364918411 ], [ 679920.956467959214933, 3540641.994752664584666 ], [ 679885.23385937907733, 3540663.735033637378365 ], [ 679795.575780577026308, 3540762.694705756381154 ], [ 679791.045242084073834, 3540785.471260842401534 ], [ 679802.568359903525561, 3540809.834846477024257 ], [ 679838.656244031619281, 3540820.781986445654184 ], [ 679870.003883799770847, 3540799.175634094979614 ], [ 679958.135938064544462, 3540704.024951052386314 ], [ 679964.684542639297433, 3540677.881456118542701 ], [ 679955.797571706934832, 3540656.426410364918411 ] ] ], [ [ [ 678761.976900921668857, 3540887.917737049981952 ], [ 678734.977168400306255, 3540873.486079349648207 ], [ 678705.680751420557499, 3540882.373050282243639 ], [ 678691.249093720223755, 3540909.372782803606242 ], [ 678700.136064652586356, 3540938.669199783354998 ], [ 678727.135797173948959, 3540953.100857483688742 ], [ 678756.432214153697714, 3540944.21388655109331 ], [ 678770.863871854031458, 3540917.214154029730707 ], [ 678761.976900921668857, 3540887.917737049981952 ] ] ], [ [ [ 680201.82579092530068, 3540901.622531477361917 ], [ 680186.212710085324943, 3540890.043081543408334 ], [ 680163.101759910117835, 3540887.766851627733558 ], [ 680120.027800378738903, 3540918.776283151004463 ], [ 680079.309995916089974, 3540964.631702844984829 ], [ 680077.033766000415199, 3540987.742653020657599 ], [ 680087.980905969045125, 3541008.223311387468129 ], [ 680120.185862829675898, 3541019.746429206803441 ], [ 680156.171833864646032, 3540998.21080863289535 ], [ 680207.860554091166705, 3540942.305600138846785 ], [ 680210.712761857663281, 3540923.077577230986208 ], [ 680201.82579092530068, 3540901.622531477361917 ] ] ], [ [ [ 680247.804249435081147, 3541255.670510485302657 ], [ 680207.76819349383004, 3541290.954479583073407 ], [ 680196.821053525200114, 3541311.435137949883938 ], [ 680202.793680249131285, 3541341.461560151539743 ], [ 680228.248851860640571, 3541358.470162047073245 ], [ 680258.275274062063545, 3541352.497535322792828 ], [ 680391.98067529767286, 3541238.929751227609813 ], [ 680412.001209115143865, 3541210.66536360187456 ], [ 680410.678776986314915, 3541183.746639216784388 ], [ 680389.030932980473153, 3541162.098795210942626 ], [ 680358.416258391342126, 3541162.098795210942626 ], [ 680247.804249435081147, 3541255.670510485302657 ] ] ], [ [ [ 680471.387783704674803, 3541111.1241246573627 ], [ 680444.3880511833122, 3541096.692466957028955 ], [ 680415.091634203563444, 3541105.579437889624387 ], [ 680400.6599765032297, 3541132.57917041098699 ], [ 680409.546947435592301, 3541161.875587390735745 ], [ 680436.546679956954904, 3541176.30724509106949 ], [ 680465.84309693670366, 3541167.420274158474058 ], [ 680480.274754637037404, 3541140.420541637111455 ], [ 680471.387783704674803, 3541111.1241246573627 ] ] ], [ [ [ 680553.828233852400444, 3541470.973579991143197 ], [ 680526.828501331037842, 3541456.541922290809453 ], [ 680497.532084351289086, 3541465.428893223404884 ], [ 680440.826701516867615, 3541516.444014028180391 ], [ 680436.296163023915142, 3541539.220569114200771 ], [ 680445.183133956277743, 3541560.675614867825061 ], [ 680460.79621479625348, 3541572.255064801778644 ], [ 680483.907164971460588, 3541574.53129471745342 ], [ 680525.359524647239596, 3541547.384847649373114 ], [ 680559.862997018266469, 3541511.656648652628064 ], [ 680562.715204784763046, 3541492.428625744767487 ], [ 680553.828233852400444, 3541470.973579991143197 ] ] ], [ [ [ 680671.474367236136459, 3541812.871208446566015 ], [ 680636.63326348841656, 3541798.439550746232271 ], [ 680603.001935167936608, 3541816.675839558243752 ], [ 680588.570277467602864, 3541843.675572079606354 ], [ 680597.457248399965465, 3541872.97198905935511 ], [ 680632.298352147685364, 3541887.403646759688854 ], [ 680665.929680468165316, 3541869.167357947677374 ], [ 680680.36133816849906, 3541842.167625426314771 ], [ 680671.474367236136459, 3541812.871208446566015 ] ] ], [ [ [ 681139.911179535673, 3541870.839281232561916 ], [ 681112.911447014310397, 3541856.407623532228172 ], [ 681083.615030034561642, 3541865.294594464823604 ], [ 681069.183372334227897, 3541892.294326986186206 ], [ 681078.070343266590498, 3541921.590743965934962 ], [ 681105.070075787953101, 3541936.022401666268706 ], [ 681134.366492767701857, 3541927.135430733673275 ], [ 681148.798150468035601, 3541900.135698212310672 ], [ 681139.911179535673, 3541870.839281232561916 ] ] ], [ [ [ 680964.025420846533962, 3541991.578097571153194 ], [ 680940.908615592634305, 3541977.722417721524835 ], [ 680917.797665417427197, 3541979.99864763719961 ], [ 680896.149821411585435, 3542001.646491643041372 ], [ 680895.233546717790887, 3542029.700350014958531 ], [ 680863.66155376820825, 3542022.581449901219457 ], [ 680823.88456303300336, 3542045.483987863641232 ], [ 680806.875961137702689, 3542070.939159474801272 ], [ 680812.84858786163386, 3542100.965581676457077 ], [ 680830.800035059219226, 3542115.697953656315804 ], [ 680850.028057966963388, 3542118.550161422695965 ], [ 680893.687975969631225, 3542095.071645609568805 ], [ 680909.742780078086071, 3542073.424248207826167 ], [ 680909.336622643051669, 3542049.066340040415525 ], [ 680940.908615592634305, 3542056.185240154154599 ], [ 680966.363787204143591, 3542039.176638258621097 ], [ 680972.912391778896563, 3542013.033143324777484 ], [ 680964.025420846533962, 3541991.578097571153194 ] ] ], [ [ [ 681083.644118805998005, 3542259.162782266270369 ], [ 680998.975607088417746, 3542323.817671796772629 ], [ 680995.974844233132899, 3542354.284928360022604 ], [ 681015.396588189294562, 3542377.950391843449324 ], [ 681053.108327135443687, 3542377.950391843449324 ], [ 681111.830836509237997, 3542341.874589730519801 ], [ 681162.602577114827, 3542301.372080832254142 ], [ 681172.5959192966111, 3542284.699196674861014 ], [ 681169.595156441326253, 3542254.231940111611038 ], [ 681145.929692957550287, 3542234.810196155216545 ], [ 681119.010968572809361, 3542236.13262828392908 ], [ 681083.644118805998005, 3542259.162782266270369 ] ] ], [ [ [ 680527.219652949715964, 3542297.709277297835797 ], [ 680504.102847695816308, 3542283.853597448207438 ], [ 680480.9918975206092, 3542286.129827363882214 ], [ 680463.040450323023833, 3542300.86219934374094 ], [ 680456.485016225837171, 3542319.303341173566878 ], [ 680427.335082734469324, 3542322.634076280985028 ], [ 680408.009250361006707, 3542346.03148484788835 ], [ 680362.221804661909118, 3542369.136368585750461 ], [ 680345.213202766608447, 3542394.591540196910501 ], [ 680351.185829490539618, 3542424.617962398566306 ], [ 680369.137276688124985, 3542439.350334378425032 ], [ 680388.365299595869146, 3542442.202542144805193 ], [ 680432.181221461622044, 3542419.194513162132353 ], [ 680448.140113987377845, 3542397.815170676913112 ], [ 680474.475223454996012, 3542386.195198102388531 ], [ 680486.00517079688143, 3542361.692594345659018 ], [ 680507.910621905350126, 3542361.362622093874961 ], [ 680527.219652949715964, 3542348.460740031208843 ], [ 680536.299234815174714, 3542323.08500866452232 ], [ 680527.219652949715964, 3542297.709277297835797 ] ] ], [ [ [ 681358.963513279566541, 3542505.21387533750385 ], [ 681339.654482235200703, 3542492.311993274837732 ], [ 681316.431708054849878, 3542492.311993274837732 ], [ 681230.755912224762142, 3542549.471668255049735 ], [ 681213.74731032946147, 3542574.926839866209775 ], [ 681219.719937053392641, 3542604.95326206786558 ], [ 681237.671384250978008, 3542619.685634047724307 ], [ 681260.782334426185116, 3542621.961863963399082 ], [ 681313.458556102472357, 3542590.941356704104692 ], [ 681363.319945718976669, 3542549.445476177148521 ], [ 681367.850484211929142, 3542526.668921091128141 ], [ 681358.963513279566541, 3542505.21387533750385 ] ] ], [ [ [ 681697.460505803464912, 3542658.668084828648716 ], [ 681670.460773282102309, 3542644.236427128314972 ], [ 681641.164356302353553, 3542653.123398060910404 ], [ 681626.732698602019809, 3542680.123130582273006 ], [ 681635.61966953438241, 3542709.419547562021762 ], [ 681662.619402055745013, 3542723.851205262355506 ], [ 681691.915819035493769, 3542714.964234329760075 ], [ 681706.347476735827513, 3542687.964501808397472 ], [ 681697.460505803464912, 3542658.668084828648716 ] ] ], [ [ [ 681533.604536802857183, 3542770.145009190309793 ], [ 681510.487731548957527, 3542756.289329340681434 ], [ 681487.376781373750418, 3542758.56555925635621 ], [ 681354.577871809946373, 3542848.235576698090881 ], [ 681327.606099145952612, 3542875.126229568384588 ], [ 681331.302495954209007, 3542912.656376183964312 ], [ 681352.949893356184475, 3542928.711180292535573 ], [ 681379.868617740925401, 3542927.388748163823038 ], [ 681513.300667376257479, 3542838.871709910687059 ], [ 681540.961732097552158, 3542807.132127647288144 ], [ 681533.604536802857183, 3542770.145009190309793 ] ] ], [ [ [ 681714.136482502915896, 3543065.937050599604845 ], [ 681698.523401662940159, 3543054.357600665651262 ], [ 681675.412451487733051, 3543052.081370749976486 ], [ 681594.564292778726667, 3543095.568777737673372 ], [ 681556.513257259968668, 3543127.346457162871957 ], [ 681551.982718767016195, 3543150.123012248892337 ], [ 681558.531323341769166, 3543168.425135956611484 ], [ 681576.482770539354533, 3543183.157507936470211 ], [ 681603.401494924095459, 3543184.479940065182745 ], [ 681705.438873689156026, 3543124.571566458325833 ], [ 681723.023453435278498, 3543095.233467579353601 ], [ 681714.136482502915896, 3543065.937050599604845 ] ] ], [ [ [ 681491.46930469002109, 3543198.423493341077119 ], [ 681456.628200942301191, 3543183.991835640743375 ], [ 681412.413821190828457, 3543206.70342705771327 ], [ 681395.405219295527786, 3543232.15859866887331 ], [ 681401.377846019458957, 3543262.185020870529115 ], [ 681419.329293217044324, 3543276.917392850387841 ], [ 681438.557316124788485, 3543279.769600616768003 ], [ 681482.771695876261219, 3543257.058009199798107 ], [ 681500.356275622383691, 3543227.719910320825875 ], [ 681491.46930469002109, 3543198.423493341077119 ] ] ], [ [ [ 681385.047122055897489, 3543259.663738184142858 ], [ 681352.842165195266716, 3543248.140620364807546 ], [ 681317.341364247375168, 3543263.178162578493357 ], [ 681302.909706547041424, 3543290.177895099855959 ], [ 681311.796677479404025, 3543319.474312079604715 ], [ 681342.717095613945276, 3543334.098580712918192 ], [ 681382.138582175015472, 3543318.868427566252649 ], [ 681396.570239875349216, 3543291.868695044890046 ], [ 681385.047122055897489, 3543259.663738184142858 ] ] ] ] } },
{ "type": "Feature", "properties": { "depth_bin": "50-55" }, "geometry": { "type": "MultiPolygon", "coordinates": [ [ [ [ 676403.297332187532447, 3539732.201154594775289 ], [ 676376.297599666169845, 3539717.769496894441545 ], [ 676347.001182686421089, 3539726.656467827036977 ], [ 676332.569524986087345, 3539753.65620034839958 ], [ 676341.456495918449946, 3539782.952617328148335 ], [ 676368.456228439812548, 3539797.38427502848208 ], [ 676397.752645419561304, 3539788.497304095886648 ], [ 676412.184303119895048, 3539761.497571574524045 ], [ 676403.297332187532447, 3539732.201154594775289 ] ] ], [ [ [ 677041.676941019366495, 3539740.173052914906293 ], [ 677013.39266977191437, 3539728.457324162591249 ], [ 676985.108398524462245, 3539740.173052914906293 ], [ 676973.39266977191437, 3539768.457324162591249 ], [ 676985.108398524462245, 3539796.741595410276204 ], [ 677013.39266977191437, 3539808.457324162591249 ], [ 677041.676941019366495, 3539796.741595410276204 ], [ 677053.39266977191437, 3539768.457324162591249 ], [ 677041.676941019366495, 3539740.173052914906293 ] ] ], [ [ [ 676716.04327122180257, 3539746.002948974259198 ], [ 676687.758999974350445, 3539734.287220221944153 ], [ 676659.47472872689832, 3539746.002948974259198 ], [ 676647.758999974350445, 3539774.287220221944153 ], [ 676659.47472872689832, 3539802.571491469629109 ], [ 676687.758999974350445, 3539814.287220221944153 ], [ 676716.04327122180257, 3539802.571491469629109 ], [ 676727.758999974350445, 3539774.287220221944153 ], [ 676716.04327122180257, 3539746.002948974259198 ] ] ], [ [ [ 677377.006520593189634, 3539771.215973516926169 ], [ 677350.006788071827032, 3539756.784315816592425 ], [ 677320.710371092078276, 3539765.671286749187857 ], [ 677306.278713391744532, 3539792.67101927055046 ], [ 677315.165684324107133, 3539821.967436250299215 ], [ 677342.165416845469736, 3539836.39909395063296 ], [ 677371.461833825218491, 3539827.512123018037528 ], [ 677385.893491525552236, 3539800.512390496674925 ], [ 677377.006520593189634, 3539771.215973516926169 ] ] ], [ [ [ 678052.902129638125189, 3539832.141643082723022 ], [ 678024.617858390673064, 3539820.425914330407977 ], [ 677996.333587143220939, 3539832.141643082723022 ], [ 677984.617858390673064, 3539860.425914330407977 ], [ 677996.333587143220939, 3539888.710185578092933 ], [ 678024.617858390673064, 3539900.425914330407977 ], [ 678052.902129638125189, 3539888.710185578092933 ], [ 678064.617858390673064, 3539860.425914330407977 ], [ 678052.902129638125189, 3539832.141643082723022 ] ] ], [ [ [ 677364.522351442836225, 3540057.737798938527703 ], [ 677328.434467314742506, 3540046.790658969897777 ], [ 677307.953808947931975, 3540057.737798938527703 ], [ 677297.960466766147874, 3540074.410683095920831 ], [ 677289.587743211071938, 3540196.312594932503998 ], [ 677298.474714143434539, 3540217.767640686128289 ], [ 677317.783745187800378, 3540230.669522748794407 ], [ 677348.251001751050353, 3540227.668759893160313 ], [ 677367.672745707212016, 3540204.003296409733593 ], [ 677376.2380801953841, 3540086.022070186212659 ], [ 677364.522351442836225, 3540057.737798938527703 ] ] ], [ [ [ 676717.088376731495373, 3540069.093520516529679 ], [ 676690.08864421013277, 3540054.661862816195935 ], [ 676660.792227230384015, 3540063.548833748791367 ], [ 676646.36056953005027, 3540090.54856627015397 ], [ 676655.247540462412871, 3540119.844983249902725 ], [ 676682.247272983775474, 3540134.27664095023647 ], [ 676711.54368996352423, 3540125.389670017641038 ], [ 676725.975347663857974, 3540098.389937496278435 ], [ 676717.088376731495373, 3540069.093520516529679 ] ] ], [ [ [ 677037.859520212979987, 3540075.47183904517442 ], [ 677001.771636084886268, 3540064.524699076544493 ], [ 676972.620067665120587, 3540088.448772998061031 ], [ 676967.690936560742557, 3540157.196288277860731 ], [ 676991.615010482259095, 3540186.347856697626412 ], [ 677022.229685071390122, 3540186.347856697626412 ], [ 677043.877529077231884, 3540164.70001269178465 ], [ 677049.382638032431714, 3540099.835424679797143 ], [ 677037.859520212979987, 3540075.47183904517442 ] ] ], [ [ [ 677681.971431894227862, 3540081.468356111552566 ], [ 677666.358351054252125, 3540069.888906177598983 ], [ 677643.247400879045017, 3540067.612676261924207 ], [ 677622.766742512234487, 3540078.559816230554134 ], [ 677612.773400330450386, 3540095.232700387947261 ], [ 677601.867526541580446, 3540201.788542361930013 ], [ 677610.754497473943047, 3540223.243588115554303 ], [ 677630.063528518308885, 3540236.145470178220421 ], [ 677660.530785081558861, 3540233.144707322586328 ], [ 677679.952529037720524, 3540209.479243839159608 ], [ 677691.051013759686612, 3540106.844087478239089 ], [ 677681.971431894227862, 3540081.468356111552566 ] ] ], [ [ [ 676395.436305825249292, 3540094.961276611778885 ], [ 676359.348421697155572, 3540084.014136643148959 ], [ 676330.196853277389891, 3540107.938210564665496 ], [ 676328.337852171272971, 3540176.806971738114953 ], [ 676352.261926092789508, 3540205.958540157880634 ], [ 676382.876600681920536, 3540205.958540157880634 ], [ 676404.524444687762298, 3540184.310696152038872 ], [ 676406.959423644701019, 3540119.324862246401608 ], [ 676395.436305825249292, 3540094.961276611778885 ] ] ], [ [ [ 678009.567603284027427, 3540133.845313964877278 ], [ 677973.479719155933708, 3540122.898173996247351 ], [ 677946.006481462623924, 3540143.273715739604086 ], [ 677938.491926529211923, 3540200.178407950792462 ], [ 677958.867468272219412, 3540227.651645643636584 ], [ 677989.334724835469387, 3540230.652408499270678 ], [ 678013.000188319245353, 3540211.230664542876184 ], [ 678021.283332036575302, 3540162.129585212562233 ], [ 678009.567603284027427, 3540133.845313964877278 ] ] ], [ [ [ 678250.300052990205586, 3540221.584984857589006 ], [ 678242.82390236062929, 3540274.760880163870752 ], [ 678249.56511786847841, 3540296.983689484652132 ], [ 678275.020289479987696, 3540313.992291380185634 ], [ 678305.04671168141067, 3540308.019664655905217 ], [ 678322.055313576711342, 3540282.564493044745177 ], [ 678342.452531860093586, 3540158.371688969898969 ], [ 678328.020874159759842, 3540123.530585222411901 ], [ 678298.724457180011086, 3540114.643614289816469 ], [ 678271.724724658648483, 3540129.075271990150213 ], [ 678250.300052990205586, 3540221.584984857589006 ] ] ], [ [ [ 677990.367111118976027, 3540269.658449443988502 ], [ 677962.082839871523902, 3540257.942720691673458 ], [ 677933.798568624071777, 3540269.658449443988502 ], [ 677922.082839871523902, 3540297.942720691673458 ], [ 677933.798568624071777, 3540326.226991939358413 ], [ 677962.082839871523902, 3540337.942720691673458 ], [ 677990.367111118976027, 3540326.226991939358413 ], [ 678002.082839871523902, 3540297.942720691673458 ], [ 677990.367111118976027, 3540269.658449443988502 ] ] ], [ [ [ 676383.682083861087449, 3541150.138535308185965 ], [ 676368.069003021111712, 3541138.559085374232382 ], [ 676344.958052845904604, 3541136.282855458557606 ], [ 676324.477394479094073, 3541147.229995427187532 ], [ 676314.484052297309972, 3541163.90287958458066 ], [ 676320.164822797290981, 3541198.629600873216987 ], [ 676310.466668386245146, 3541232.514713048003614 ], [ 676312.455650492222048, 3541259.63387400098145 ], [ 676323.402790460851975, 3541280.114532367791981 ], [ 676340.075674618128687, 3541290.107874549459666 ], [ 676370.542931181378663, 3541287.107111693825573 ], [ 676389.964675137540326, 3541263.441648210398853 ], [ 676392.963120490196161, 3541217.292913374491036 ], [ 676385.752574352547526, 3541198.09826478920877 ], [ 676392.56905479345005, 3541171.593581061810255 ], [ 676383.682083861087449, 3541150.138535308185965 ] ] ], [ [ [ 678649.074424804886803, 3540209.755748795811087 ], [ 678612.986540676793084, 3540198.80860882718116 ], [ 678585.5133029834833, 3540219.184150570537895 ], [ 678566.152949306298979, 3540297.23856956185773 ], [ 678572.894164814148098, 3540319.46137888263911 ], [ 678587.297079833224416, 3540332.515420135576278 ], [ 678617.764336396474391, 3540335.516182991210371 ], [ 678641.429799880250357, 3540316.094439034815878 ], [ 678660.59754262433853, 3540241.960705656558275 ], [ 678649.074424804886803, 3540209.755748795811087 ] ] ], [ [ [ 679365.857585027697496, 3540274.680806185118854 ], [ 679338.857852506334893, 3540260.24914848478511 ], [ 679309.561435526586138, 3540269.136119417380542 ], [ 679295.129777826252393, 3540296.135851938743144 ], [ 679304.016748758614995, 3540325.4322689184919 ], [ 679331.016481279977597, 3540339.863926618825644 ], [ 679360.312898259726353, 3540330.976955686230212 ], [ 679374.744555960060097, 3540303.97722316486761 ], [ 679365.857585027697496, 3540274.680806185118854 ] ] ], [ [ [ 678977.657349304761738, 3540283.166252794675529 ], [ 678941.569465176668018, 3540272.219112826045603 ], [ 678912.417896756902337, 3540296.14318674756214 ], [ 678900.562291318434291, 3540351.342377174180001 ], [ 678887.289246069034562, 3540368.211513904854655 ], [ 678854.12919746118132, 3540461.702976804226637 ], [ 678858.083758103311993, 3540488.36245915805921 ], [ 678878.053271382697858, 3540506.461770985741168 ], [ 678908.667945971828885, 3540506.461770985741168 ], [ 678930.315789977670647, 3540484.813926979899406 ], [ 678962.522040798678063, 3540395.130238289944828 ], [ 678962.658091193530709, 3540372.450607731472701 ], [ 678988.604489273391664, 3540319.25413692323491 ], [ 678977.657349304761738, 3540283.166252794675529 ] ] ], [ [ [ 679290.893570038257167, 3540405.876900759525597 ], [ 679258.688613177626394, 3540394.353782940190285 ], [ 679229.350514298654161, 3540411.938362686429173 ], [ 679201.049594217562117, 3540477.305871889460832 ], [ 679184.373140297248028, 3540491.435216959565878 ], [ 679136.308660809649155, 3540578.490506467409432 ], [ 679134.986228680820204, 3540605.409230852499604 ], [ 679151.04103278927505, 3540627.056628254242241 ], [ 679184.875229200231843, 3540632.075457191560417 ], [ 679217.076736124698073, 3540604.320262218359858 ], [ 679257.484446705551818, 3540510.656040919944644 ], [ 679274.160900625865906, 3540496.526695849839598 ], [ 679299.564480091212317, 3540449.468509302008897 ], [ 679301.840710006887093, 3540426.357559126336128 ], [ 679290.893570038257167, 3540405.876900759525597 ] ] ], [ [ [ 678597.795275140553713, 3540416.953922184184194 ], [ 678569.511003893101588, 3540405.238193431869149 ], [ 678541.226732645649463, 3540416.953922184184194 ], [ 678529.511003893101588, 3540445.238193431869149 ], [ 678541.226732645649463, 3540473.522464679554105 ], [ 678569.511003893101588, 3540485.238193431869149 ], [ 678597.795275140553713, 3540473.522464679554105 ], [ 678609.511003893101588, 3540445.238193431869149 ], [ 678597.795275140553713, 3540416.953922184184194 ] ] ], [ [ [ 678569.748710675747134, 3540535.628193864133209 ], [ 678541.464439428295009, 3540523.912465111818165 ], [ 678513.180168180842884, 3540535.628193864133209 ], [ 678501.464439428295009, 3540563.912465111818165 ], [ 678513.180168180842884, 3540592.19673635950312 ], [ 678541.464439428295009, 3540603.912465111818165 ], [ 678569.748710675747134, 3540592.19673635950312 ], [ 678581.464439428295009, 3540563.912465111818165 ], [ 678569.748710675747134, 3540535.628193864133209 ] ] ], [ [ [ 679479.391216168529354, 3540617.968448141124099 ], [ 679456.08252418844495, 3540653.212218640372157 ], [ 679454.760092059615999, 3540680.130943025462329 ], [ 679474.181836015777662, 3540703.796406508889049 ], [ 679504.649092579027638, 3540706.797169364523143 ], [ 679523.958123623393476, 3540693.895287301857024 ], [ 679588.941319875186309, 3540604.35777419898659 ], [ 679592.637716683442704, 3540566.827627583406866 ], [ 679570.989872677600943, 3540545.179783577565104 ], [ 679540.375198088469915, 3540545.179783577565104 ], [ 679479.391216168529354, 3540617.968448141124099 ] ] ], [ [ [ 679406.373739816132002, 3540801.640028872061521 ], [ 679374.168782955501229, 3540790.116911052726209 ], [ 679347.169050434138626, 3540804.548568753059953 ], [ 679312.061728998785838, 3540859.192607699427754 ], [ 679314.337958914460614, 3540882.303557875100523 ], [ 679325.917408848297782, 3540897.916638714727014 ], [ 679355.213825828046538, 3540906.803609647322446 ], [ 679382.213558349409141, 3540892.371951946988702 ], [ 679416.367081997916102, 3540841.535687210038304 ], [ 679417.320879784761928, 3540822.120687238872051 ], [ 679406.373739816132002, 3540801.640028872061521 ] ] ], [ [ [ 678765.828515507047996, 3540871.049947428051382 ], [ 678733.623558646417223, 3540859.526829608716071 ], [ 678704.285459767444991, 3540877.111409354954958 ], [ 678686.331049381406046, 3540927.616378436330706 ], [ 678704.108240060624667, 3540960.875162928365171 ], [ 678734.134662262047641, 3540966.847789652645588 ], [ 678759.589833873556927, 3540949.839187757112086 ], [ 678777.351633326499723, 3540903.254904288798571 ], [ 678765.828515507047996, 3540871.049947428051382 ] ] ], [ [ [ 679962.966806686483324, 3540641.771453504916281 ], [ 679934.682535439031199, 3540630.055724752601236 ], [ 679906.398264191579074, 3540641.771453504916281 ], [ 679894.682535439031199, 3540670.055724752601236 ], [ 679906.398264191579074, 3540698.339996000286192 ], [ 679934.682535439031199, 3540710.055724752601236 ], [ 679962.966806686483324, 3540698.339996000286192 ], [ 679974.682535439031199, 3540670.055724752601236 ], [ 679962.966806686483324, 3540641.771453504916281 ] ] ], [ [ [ 679849.894608799600974, 3540765.550947170238942 ], [ 679813.806724671507254, 3540754.603807201609015 ], [ 679782.370338159496896, 3540776.223172032739967 ], [ 679770.965530337067321, 3540809.225710107479244 ], [ 679743.698061125120148, 3540818.21235685236752 ], [ 679722.809007494477555, 3540845.74870831053704 ], [ 679720.532777578802779, 3540868.85965848620981 ], [ 679731.479917547432706, 3540889.34031685302034 ], [ 679759.764188794884831, 3540901.056045605335385 ], [ 679788.048460042336956, 3540889.34031685302034 ], [ 679806.028973792097531, 3540864.4401122815907 ], [ 679808.762871561571956, 3540844.414508159738034 ], [ 679832.877418727730401, 3540837.766227772459388 ], [ 679856.887188126100227, 3540812.691087890882045 ], [ 679861.417726619052701, 3540789.914532804861665 ], [ 679849.894608799600974, 3540765.550947170238942 ] ] ], [ [ [ 680234.429886591620743, 3540869.516989311203361 ], [ 680207.430154070258141, 3540855.085331610869616 ], [ 680178.133737090509385, 3540863.972302543465048 ], [ 680163.702079390175641, 3540890.972035064827651 ], [ 680172.589050322538242, 3540920.268452044576406 ], [ 680199.588782843900844, 3540934.700109744910151 ], [ 680228.8851998236496, 3540925.813138812314719 ], [ 680243.316857523983344, 3540898.813406290952116 ], [ 680234.429886591620743, 3540869.516989311203361 ] ] ], [ [ [ 680133.069935997133143, 3540961.807934312615544 ], [ 680108.706350362859666, 3540950.284816493280232 ], [ 680082.562855428899638, 3540956.833421068266034 ], [ 680030.793624029727653, 3541007.72571069188416 ], [ 680021.813504479709081, 3541035.126044 ], [ 679998.348582026781514, 3541039.554472840391099 ], [ 679977.859057449968532, 3541057.167857877444476 ], [ 679936.092574857524596, 3541106.497157864272594 ], [ 679935.138777070678771, 3541125.912157835438848 ], [ 679946.085917039308697, 3541146.392816202249378 ], [ 679978.29087389993947, 3541157.91593402158469 ], [ 680014.605499263503589, 3541137.022623316384852 ], [ 680050.463235992006958, 3541097.054132734891027 ], [ 680057.104989184415899, 3541072.806721472647041 ], [ 680087.089773530839011, 3541064.021860192995518 ], [ 680138.044449241831899, 3541012.315014881081879 ], [ 680144.59305381658487, 3540986.171519947238266 ], [ 680133.069935997133143, 3540961.807934312615544 ] ] ], [ [ [ 680251.66821359610185, 3541299.620872681494802 ], [ 680219.463256735471077, 3541288.097754862159491 ], [ 680182.725627928040922, 3541308.709249795414507 ], [ 680171.009899175493047, 3541336.993521043099463 ], [ 680182.725627928040922, 3541365.277792290784419 ], [ 680214.930584788671695, 3541376.80091011011973 ], [ 680251.66821359610185, 3541356.189415176864713 ], [ 680263.383942348649725, 3541327.905143929179758 ], [ 680251.66821359610185, 3541299.620872681494802 ] ] ], [ [ [ 679752.847484080935828, 3541336.142196327447891 ], [ 679725.847751559573226, 3541321.710538627114147 ], [ 679696.55133457982447, 3541330.597509559709579 ], [ 679682.039336534333415, 3541363.803248012904078 ], [ 679655.56493799504824, 3541370.302767674904317 ], [ 679609.91594744916074, 3541411.333423884119838 ], [ 679603.367342874407768, 3541437.476918817963451 ], [ 679612.254313806770369, 3541458.931964571587741 ], [ 679647.095417554490268, 3541473.363622271921486 ], [ 679680.927324410062283, 3541455.272551095113158 ], [ 679711.0465318079805, 3541425.784361487720162 ], [ 679717.675476727890782, 3541401.276231848169118 ], [ 679737.234403240960091, 3541398.47310899477452 ], [ 679755.185850438545458, 3541383.740737014915794 ], [ 679761.73445501329843, 3541357.597242081072181 ], [ 679752.847484080935828, 3541336.142196327447891 ] ] ], [ [ [ 680160.488677877816372, 3541380.667358979117125 ], [ 680132.204406630364247, 3541368.951630226802081 ], [ 680103.920135382912122, 3541380.667358979117125 ], [ 680092.204406630364247, 3541408.951630226802081 ], [ 680103.920135382912122, 3541437.235901474487036 ], [ 680132.204406630364247, 3541448.951630226802081 ], [ 680160.488677877816372, 3541437.235901474487036 ], [ 680172.204406630364247, 3541408.951630226802081 ], [ 680160.488677877816372, 3541380.667358979117125 ] ] ], [ [ [ 680035.845493539585732, 3541492.592369993682951 ], [ 680008.845761018223129, 3541478.160712293349206 ], [ 679979.549344038474374, 3541487.047683225944638 ], [ 679944.254971547285095, 3541528.677765316795558 ], [ 679925.465559809003025, 3541535.250308817718178 ], [ 679870.697126758983359, 3541582.891492404974997 ], [ 679861.61754489352461, 3541608.26722377166152 ], [ 679870.697126758983359, 3541633.642955138348043 ], [ 679886.310207598959096, 3541645.222405072301626 ], [ 679909.421157774166204, 3541647.498634987976402 ], [ 679950.399574923561886, 3541619.785815166775137 ], [ 679986.246243947069161, 3541579.001614220906049 ], [ 680008.188577731139958, 3541570.090704362373799 ], [ 680038.183859897195362, 3541540.190910681150854 ], [ 680044.732464471948333, 3541514.047415747307241 ], [ 680035.845493539585732, 3541492.592369993682951 ] ] ], [ [ [ 680198.478254330228083, 3541713.848709370475262 ], [ 680122.718588523333892, 3541777.38652752712369 ], [ 680119.717825668049045, 3541807.853784090373665 ], [ 680139.139569624210708, 3541831.519247573800385 ], [ 680161.916124710463919, 3541836.049786067102104 ], [ 680180.218248418066651, 3541829.501181492116302 ], [ 680257.682943712221459, 3541767.508711984846741 ], [ 680288.617235843325034, 3541729.049069114495069 ], [ 680324.383454501628876, 3541710.960567164234817 ], [ 680445.036376152071171, 3541605.959140881430358 ], [ 680490.150483668898232, 3541576.441188990138471 ], [ 680504.582141369231977, 3541549.441456468775868 ], [ 680498.033536794479005, 3541523.297961534932256 ], [ 680472.578365182969719, 3541506.289359639398754 ], [ 680442.551942981546745, 3541512.261986363679171 ], [ 680388.961921941372566, 3541549.418388321064413 ], [ 680198.478254330228083, 3541713.848709370475262 ] ] ], [ [ [ 680646.823844755068421, 3541830.794265651144087 ], [ 680619.824112233705819, 3541816.362607950810343 ], [ 680590.527695253957063, 3541825.249578883405775 ], [ 680566.008825112483464, 3541854.348649679683149 ], [ 680573.366020407178439, 3541891.3357681366615 ], [ 680600.365752928541042, 3541905.767425836995244 ], [ 680629.662169908289798, 3541896.880454904399812 ], [ 680654.181040049763396, 3541867.781384108122438 ], [ 680646.823844755068421, 3541830.794265651144087 ] ] ], [ [ [ 680461.707715809578076, 3541965.556701590307057 ], [ 680441.227057442767546, 3541954.60956162167713 ], [ 680414.567575089051388, 3541958.564122264273465 ], [ 680390.665703907841817, 3541978.039362022653222 ], [ 680381.699608137481846, 3542001.105030855629593 ], [ 680350.448851991910487, 3542006.770977891981602 ], [ 680287.480093716178089, 3542064.958210155833513 ], [ 680262.770873850327916, 3542074.005048410966992 ], [ 680248.339216149994172, 3542101.004780932329595 ], [ 680257.226187082356773, 3542130.301197912078351 ], [ 680280.34299233625643, 3542144.15687776170671 ], [ 680307.002474689972587, 3542140.202317119110376 ], [ 680325.820018817321397, 3542118.225479034241289 ], [ 680347.376316637382843, 3542111.517007136717439 ], [ 680400.955932560143992, 3542068.314033631701022 ], [ 680412.558175217593089, 3542042.339824917726219 ], [ 680446.961853408953175, 3542034.33551152376458 ], [ 680472.654855778208002, 3542001.644585718866438 ], [ 680461.707715809578076, 3541965.556701590307057 ] ] ], [ [ [ 680862.323508210829459, 3542059.996537022758275 ], [ 680841.842849844018929, 3542049.049397054128349 ], [ 680815.183367490302771, 3542053.003957696724683 ], [ 680794.228359808097593, 3542084.431124328635633 ], [ 680765.191945996368304, 3542087.790294635575265 ], [ 680683.161934748990461, 3542143.587472535669804 ], [ 680668.725948736188002, 3542170.675309880636632 ], [ 680636.165456506423652, 3542176.013185106683522 ], [ 680609.302171421353705, 3542203.20531108463183 ], [ 680612.9985682296101, 3542240.735457700211555 ], [ 680638.453739841119386, 3542257.744059595745057 ], [ 680665.113222194835544, 3542253.789498953148723 ], [ 680689.308683961746283, 3542234.64770096540451 ], [ 680698.199983206577599, 3542213.104550388175994 ], [ 680727.393535588635132, 3542209.784741243813187 ], [ 680809.423546836012974, 3542153.987563343718648 ], [ 680823.858692624722607, 3542126.91682915110141 ], [ 680856.262046284158714, 3542121.539592762477696 ], [ 680873.846626030281186, 3542092.201493883505464 ], [ 680862.323508210829459, 3542059.996537022758275 ] ] ], [ [ [ 680540.017205071519129, 3542289.500362540129572 ], [ 680513.017472550156526, 3542275.068704839795828 ], [ 680483.721055570407771, 3542283.95567577239126 ], [ 680469.289397870074026, 3542310.955408293753862 ], [ 680478.176368802436627, 3542340.251825273502618 ], [ 680505.17610132379923, 3542354.683482973836362 ], [ 680534.472518303547986, 3542345.796512041240931 ], [ 680548.90417600388173, 3542318.796779519878328 ], [ 680540.017205071519129, 3542289.500362540129572 ] ] ], [ [ [ 680426.261498425388709, 3542367.002534272149205 ], [ 680397.977227177936584, 3542355.286805519834161 ], [ 680369.692955930484459, 3542367.002534272149205 ], [ 680357.977227177936584, 3542395.286805519834161 ], [ 680369.692955930484459, 3542423.571076767519116 ], [ 680397.977227177936584, 3542435.286805519834161 ], [ 680426.261498425388709, 3542423.571076767519116 ], [ 680437.977227177936584, 3542395.286805519834161 ], [ 680426.261498425388709, 3542367.002534272149205 ] ] ], [ [ [ 680918.933733877027407, 3542376.183375117834657 ], [ 680897.711511299479753, 3542397.640595006290823 ], [ 680896.389079170650803, 3542424.559319391380996 ], [ 680912.443883279105648, 3542446.206716793123633 ], [ 680942.470305480528623, 3542452.17934351740405 ], [ 680999.764320105081424, 3542414.264453577809036 ], [ 681011.295457733678631, 3542389.737620976753533 ], [ 681033.26709346997086, 3542389.424227111041546 ], [ 681049.939977627247572, 3542379.43088492937386 ], [ 681060.887117595877498, 3542343.34300080081448 ], [ 681043.878515700576827, 3542317.88782918965444 ], [ 681013.852093499153852, 3542311.915202465374023 ], [ 680990.735288245254196, 3542325.770882315002382 ], [ 680981.840297503746115, 3542347.389175035059452 ], [ 680956.172711563063785, 3542349.025001029483974 ], [ 680918.933733877027407, 3542376.183375117834657 ] ] ], [ [ [ 681376.111032344633713, 3542098.043810612522066 ], [ 681347.826761097181588, 3542086.328081860207021 ], [ 681319.542489849729463, 3542098.043810612522066 ], [ 681307.826761097181588, 3542126.328081860207021 ], [ 681319.542489849729463, 3542154.612353107891977 ], [ 681347.826761097181588, 3542166.328081860207021 ], [ 681376.111032344633713, 3542154.612353107891977 ], [ 681387.826761097181588, 3542126.328081860207021 ], [ 681376.111032344633713, 3542098.043810612522066 ] ] ], [ [ [ 681545.462558193248697, 3542373.862794982735068 ], [ 681517.178286945796572, 3542362.147066230420023 ], [ 681488.894015698344447, 3542373.862794982735068 ], [ 681477.178286945796572, 3542402.147066230420023 ], [ 681488.894015698344447, 3542430.431337478104979 ], [ 681517.178286945796572, 3542442.147066230420023 ], [ 681545.462558193248697, 3542430.431337478104979 ], [ 681557.178286945796572, 3542402.147066230420023 ], [ 681545.462558193248697, 3542373.862794982735068 ] ] ], [ [ [ 681335.006779834628105, 3542524.050396696198732 ], [ 681311.889974580728449, 3542510.194716846570373 ], [ 681288.779024405521341, 3542512.470946762245148 ], [ 681268.809511126135476, 3542530.570258589927107 ], [ 681265.672524235094897, 3542560.493678317870945 ], [ 681244.439706043456681, 3542551.771522577852011 ], [ 681225.211683135712519, 3542554.623730344232172 ], [ 681142.923020474379882, 3542609.883125352207571 ], [ 681115.839095415314659, 3542636.990581317804754 ], [ 681119.535492223571055, 3542674.520727933384478 ], [ 681141.182889625546522, 3542690.575532041955739 ], [ 681168.101614010287449, 3542689.253099913243204 ], [ 681268.803291677730158, 3542619.863182892557234 ], [ 681278.796633859514259, 3542603.190298735164106 ], [ 681278.93285789526999, 3542580.511361389886588 ], [ 681304.086361700086854, 3542589.426128062885255 ], [ 681326.309171020868234, 3542582.68491255491972 ], [ 681343.893750766990706, 3542553.346813675947487 ], [ 681335.006779834628105, 3542524.050396696198732 ] ] ], [ [ [ 681493.591127750114538, 3542793.699457310605794 ], [ 681465.306856502662413, 3542781.98372855829075 ], [ 681437.022585255210288, 3542793.699457310605794 ], [ 681425.306856502662413, 3542821.98372855829075 ], [ 681437.022585255210288, 3542850.267999805975705 ], [ 681465.306856502662413, 3542861.98372855829075 ], [ 681493.591127750114538, 3542850.267999805975705 ], [ 681505.306856502662413, 3542821.98372855829075 ], [ 681493.591127750114538, 3542793.699457310605794 ] ] ], [ [ [ 681382.789518776466139, 3542873.565140009392053 ], [ 681359.672713522566482, 3542859.709460159763694 ], [ 681336.561763347359374, 3542861.98569007543847 ], [ 681238.3609116676962, 3542928.204921840690076 ], [ 681224.090312820626423, 3542954.118883768562227 ], [ 681190.372705094516277, 3542959.166916651185602 ], [ 681174.873697952600196, 3542979.260965591762215 ], [ 681153.432367231696844, 3542985.963789517991245 ], [ 681140.378325978526846, 3543000.366704537067562 ], [ 681135.847787485574372, 3543023.143259623087943 ], [ 681142.396392060327344, 3543041.44538333080709 ], [ 681164.043789462302811, 3543057.500187439378351 ], [ 681190.962513847043738, 3543056.177755310665816 ], [ 681213.376993015175685, 3543032.387309561483562 ], [ 681240.879785662749782, 3543020.709972390905023 ], [ 681252.241844628937542, 3542997.432157349772751 ], [ 681282.592512507340871, 3542994.40219054883346 ], [ 681374.091909962706268, 3542932.199655868113041 ], [ 681391.67648970882874, 3542902.861556989140809 ], [ 681382.789518776466139, 3542873.565140009392053 ] ] ], [ [ [ 681919.411615922464989, 3542935.577259997371584 ], [ 681891.127344675012864, 3542923.86153124505654 ], [ 681862.843073427560739, 3542935.577259997371584 ], [ 681851.127344675012864, 3542963.86153124505654 ], [ 681862.843073427560739, 3542992.145802492741495 ], [ 681891.127344675012864, 3543003.86153124505654 ], [ 681919.411615922464989, 3542992.145802492741495 ], [ 681931.127344675012864, 3542963.86153124505654 ], [ 681919.411615922464989, 3542935.577259997371584 ] ] ], [ [ [ 681684.45535989664495, 3543077.398355516605079 ], [ 681656.171088649192825, 3543065.682626764290035 ], [ 681627.8868174017407, 3543077.398355516605079 ], [ 681616.171088649192825, 3543105.682626764290035 ], [ 681627.8868174017407, 3543133.96689801197499 ], [ 681656.171088649192825, 3543145.682626764290035 ], [ 681684.45535989664495, 3543133.96689801197499 ], [ 681696.171088649192825, 3543105.682626764290035 ], [ 681684.45535989664495, 3543077.398355516605079 ] ] ], [ [ [ 681449.607349222060293, 3543219.044848958961666 ], [ 681429.126690855249763, 3543208.097708990331739 ], [ 681406.015740680042654, 3543210.373938906006515 ], [ 681335.214384245104156, 3543262.093440499156713 ], [ 681310.6502102217637, 3543266.358810772188008 ], [ 681228.811082534492016, 3543315.408662781585008 ], [ 681211.802480639191344, 3543340.863834392745048 ], [ 681217.775107363122515, 3543370.890256594400853 ], [ 681235.726554560707882, 3543385.622628574259579 ], [ 681262.645278945448808, 3543386.945060702972114 ], [ 681339.239932149881497, 3543343.69021715875715 ], [ 681364.735048889881, 3543320.571416073478758 ], [ 681392.666162760928273, 3543314.287979718763381 ], [ 681456.599928548559546, 3543266.184989679604769 ], [ 681461.13046704151202, 3543243.408434593584388 ], [ 681449.607349222060293, 3543219.044848958961666 ] ] ] ] } },
{ "type": "Feature", "properties": { "depth_bin": "55-60" }, "geometry": { "type": "MultiPolygon", "coordinates": [ [ [ [ 677705.563040803885087, 3539820.975562311243266 ], [ 677677.278769556432962, 3539809.259833558928221 ], [ 677648.994498308980837, 3539820.975562311243266 ], [ 677637.278769556432962, 3539849.259833558928221 ], [ 677648.994498308980837, 3539877.544104806613177 ], [ 677677.278769556432962, 3539889.259833558928221 ], [ 677705.563040803885087, 3539877.544104806613177 ], [ 677717.278769556432962, 3539849.259833558928221 ], [ 677705.563040803885087, 3539820.975562311243266 ] ] ], [ [ [ 678366.529913048376329, 3539915.789296224247664 ], [ 678338.245641800924204, 3539904.07356747193262 ], [ 678309.961370553472079, 3539915.789296224247664 ], [ 678298.245641800924204, 3539944.07356747193262 ], [ 678309.961370553472079, 3539972.357838719617575 ], [ 678338.245641800924204, 3539984.07356747193262 ], [ 678366.529913048376329, 3539972.357838719617575 ], [ 678378.245641800924204, 3539944.07356747193262 ], [ 678366.529913048376329, 3539915.789296224247664 ] ] ], [ [ [ 678699.86209667508956, 3539986.86801873287186 ], [ 678671.577825427637435, 3539975.152289980556816 ], [ 678643.293554180185311, 3539986.86801873287186 ], [ 678631.577825427637435, 3540015.152289980556816 ], [ 678643.293554180185311, 3540043.436561228241771 ], [ 678671.577825427637435, 3540055.152289980556816 ], [ 678699.86209667508956, 3540043.436561228241771 ], [ 678711.577825427637435, 3540015.152289980556816 ], [ 678699.86209667508956, 3539986.86801873287186 ] ] ], [ [ [ 676712.853803094127215, 3540081.301339126657695 ], [ 676676.765918966033496, 3540070.354199158027768 ], [ 676649.292681272723712, 3540090.729740901384503 ], [ 676643.703322261804715, 3540147.952941671479493 ], [ 676664.078864004812203, 3540175.426179364323616 ], [ 676694.546120568062179, 3540178.426942219957709 ], [ 676718.211584051838145, 3540159.005198263563216 ], [ 676724.376920913578942, 3540105.664924761280417 ], [ 676712.853803094127215, 3540081.301339126657695 ] ] ], [ [ [ 677035.256417728960514, 3540136.52141074417159 ], [ 676999.168533600866795, 3540125.574270775541663 ], [ 676978.687875234056264, 3540136.52141074417159 ], [ 676968.694533052272163, 3540153.194294901564717 ], [ 676968.082943115034141, 3540248.728870626073331 ], [ 676979.030083083664067, 3540269.209528992883861 ], [ 676995.702967240940779, 3540279.202871174551547 ], [ 677026.170223804190755, 3540276.202108318917453 ], [ 677045.591967760352418, 3540252.536644835490733 ], [ 677046.779535548412241, 3540160.884996378794312 ], [ 677035.256417728960514, 3540136.52141074417159 ] ] ], [ [ [ 676391.012892970466055, 3540153.376989139709622 ], [ 676361.716475990717299, 3540144.49001820711419 ], [ 676334.716743469354697, 3540158.921675907447934 ], [ 676325.829772536992095, 3540188.21809288719669 ], [ 676340.26143023732584, 3540215.217825408559293 ], [ 676369.557847217074595, 3540224.104796341154724 ], [ 676396.557579738437198, 3540209.67313864082098 ], [ 676405.444550670799799, 3540180.376721661072224 ], [ 676391.012892970466055, 3540153.376989139709622 ] ] ], [ [ [ 678003.197892337106168, 3540179.119113928172737 ], [ 677967.110008209012449, 3540168.171973959542811 ], [ 677946.629349842201918, 3540179.119113928172737 ], [ 677936.636007660417818, 3540195.791998085565865 ], [ 677917.052616951055825, 3540331.912056363653392 ], [ 677925.939587883418426, 3540353.367102117277682 ], [ 677945.248618927784264, 3540366.2689841799438 ], [ 677975.71587549103424, 3540363.268221324309707 ], [ 677995.137619447195902, 3540339.602757840882987 ], [ 678014.721010156557895, 3540211.324070788919926 ], [ 678003.197892337106168, 3540179.119113928172737 ] ] ], [ [ [ 677358.672936493880115, 3540179.452525515109301 ], [ 677330.38866524642799, 3540167.736796762794256 ], [ 677302.104393998975866, 3540179.452525515109301 ], [ 677290.38866524642799, 3540207.736796762794256 ], [ 677302.104393998975866, 3540236.021068010479212 ], [ 677330.38866524642799, 3540247.736796762794256 ], [ 677358.672936493880115, 3540236.021068010479212 ], [ 677370.38866524642799, 3540207.736796762794256 ], [ 677358.672936493880115, 3540179.452525515109301 ] ] ], [ [ [ 677669.831344413687475, 3540184.906948496121913 ], [ 677633.743460285593756, 3540173.959808527491987 ], [ 677604.591891865828075, 3540197.883882449008524 ], [ 677595.104792605503462, 3540277.708683982957155 ], [ 677603.991763537866063, 3540299.163729736581445 ], [ 677619.6048443778418, 3540310.743179670535028 ], [ 677650.219518966972828, 3540310.743179670535028 ], [ 677671.86736297281459, 3540289.095335664693266 ], [ 677681.54707316623535, 3540213.191219743806869 ], [ 677669.831344413687475, 3540184.906948496121913 ] ] ], [ [ [ 678307.775356153026223, 3540261.202744486741722 ], [ 678271.687472024932504, 3540250.255604518111795 ], [ 678244.21423433162272, 3540270.63114626146853 ], [ 678235.104354390059598, 3540323.694843834266067 ], [ 678256.055873983888887, 3540355.051008794922382 ], [ 678286.523130547138862, 3540358.051771650556475 ], [ 678310.188594030914828, 3540338.630027694161981 ], [ 678319.491084905574098, 3540289.487015734426677 ], [ 678307.775356153026223, 3540261.202744486741722 ] ] ], [ [ [ 678628.144091187627055, 3540281.167974650394171 ], [ 678591.156972730881535, 3540273.810779355466366 ], [ 678564.490746391820721, 3540300.477005694527179 ], [ 678492.392456289497204, 3540604.703485679347068 ], [ 678498.941060864250176, 3540630.846980613190681 ], [ 678520.588458266225643, 3540646.901784721761942 ], [ 678551.055714829475619, 3540643.901021866127849 ], [ 678570.477458785637282, 3540620.235558382701129 ], [ 678641.999771037138999, 3540319.892005665693432 ], [ 678639.723541121464223, 3540296.781055490020663 ], [ 678628.144091187627055, 3540281.167974650394171 ] ] ], [ [ [ 678285.060094433953054, 3540378.904309344943613 ], [ 678251.880750186741352, 3540370.593316263053566 ], [ 678224.407512493431568, 3540390.968858006410301 ], [ 678213.240406345808879, 3540443.628211382310838 ], [ 678234.191925939638168, 3540474.984376342967153 ], [ 678264.659182502888143, 3540477.985139198601246 ], [ 678288.324645986664109, 3540458.563395242206752 ], [ 678299.684363067382947, 3540409.824727479368448 ], [ 678285.060094433953054, 3540378.904309344943613 ] ] ], [ [ [ 678916.673507154686376, 3540455.630614819005132 ], [ 678880.585623026592657, 3540444.683474850375205 ], [ 678853.112385333282873, 3540465.05901659373194 ], [ 678811.42936467891559, 3540580.080716577824205 ], [ 678815.959903171868064, 3540602.857271663844585 ], [ 678832.380884272744879, 3540619.278252764604986 ], [ 678862.848140835994855, 3540622.279015620239079 ], [ 678886.51360431977082, 3540602.857271663844585 ], [ 678927.620647123316303, 3540491.718498947564512 ], [ 678916.673507154686376, 3540455.630614819005132 ] ] ], [ [ [ 679262.174033653689548, 3540459.612285867799073 ], [ 679233.889762406237423, 3540447.896557115484029 ], [ 679205.605491158785298, 3540459.612285867799073 ], [ 679184.95063719083555, 3540496.476671832613647 ], [ 679196.473755010287277, 3540528.681628693360835 ], [ 679224.758026257739402, 3540540.39735744567588 ], [ 679253.042297505191527, 3540528.681628693360835 ], [ 679273.697151473141275, 3540491.817242728546262 ], [ 679262.174033653689548, 3540459.612285867799073 ] ] ], [ [ [ 679194.90495831030421, 3540579.094032577704638 ], [ 679158.81707418221049, 3540568.146892609074712 ], [ 679131.343836488900706, 3540588.522434352431446 ], [ 679126.813297995948233, 3540611.298989438451827 ], [ 679137.5871886536479, 3540634.83593028690666 ], [ 679114.417792260181159, 3540637.097520187031478 ], [ 679096.466345062595792, 3540651.829892166890204 ], [ 679083.290691867121495, 3540679.785223741084337 ], [ 679085.226831875625066, 3540701.945686300285161 ], [ 679067.953713078168221, 3540710.181783859152347 ], [ 679051.951466277241707, 3540731.734336766414344 ], [ 678981.831602775957435, 3540854.223869687411934 ], [ 678977.28187785029877, 3540876.609875964466482 ], [ 678960.991706945816986, 3540890.556522774510086 ], [ 678938.230370118282735, 3540944.910351601429284 ], [ 678920.994910663808696, 3540964.362091694027185 ], [ 678920.994910663808696, 3540994.976766283623874 ], [ 678939.094222491141409, 3541014.946279562544078 ], [ 678976.805961437290534, 3541014.946279562544078 ], [ 679012.087400461314246, 3540974.169695626478642 ], [ 679034.077066937577911, 3540909.249195291195065 ], [ 679058.579087803373113, 3540882.397986411117017 ], [ 679128.606295018689707, 3540759.95807146653533 ], [ 679130.624715652316809, 3540726.745352315250784 ], [ 679150.806374330655672, 3540715.873107869643718 ], [ 679166.680310855153948, 3540689.360038782469928 ], [ 679168.956540770828724, 3540666.249088606797159 ], [ 679158.758627963950858, 3540646.595075026154518 ], [ 679185.476556535926647, 3540642.655154399108142 ], [ 679203.57586836325936, 3540622.685641120187938 ], [ 679205.852098278934136, 3540599.574690944515169 ], [ 679194.90495831030421, 3540579.094032577704638 ] ] ], [ [ [ 678842.378636275185272, 3540655.761239489074796 ], [ 678806.290752147091553, 3540644.81409952044487 ], [ 678777.139183727325872, 3540668.738173441961408 ], [ 678715.430506588891149, 3540828.811908971518278 ], [ 678704.104102360433899, 3540881.51832845248282 ], [ 678708.389166634064168, 3540903.775871908292174 ], [ 678689.857001768192276, 3540916.399786807596684 ], [ 678681.546008686651476, 3540933.971905293408781 ], [ 678685.500569328782149, 3540960.631387647241354 ], [ 678705.470082608168013, 3540978.730699474923313 ], [ 678736.084757197299041, 3540978.730699474923313 ], [ 678757.732601203140803, 3540957.082855469081551 ], [ 678756.29974469600711, 3540923.438660331536084 ], [ 678780.866672727745026, 3540900.746351360343397 ], [ 678790.974693165393546, 3540854.860351445619017 ], [ 678852.371978456969373, 3540695.65689782705158 ], [ 678853.325776243815199, 3540676.241897855885327 ], [ 678842.378636275185272, 3540655.761239489074796 ] ] ], [ [ [ 679220.293387459241785, 3540980.741857877466828 ], [ 679161.705698270350695, 3541070.08499976946041 ], [ 679167.678324994281866, 3541100.111421971116215 ], [ 679193.133496605791152, 3541117.120023866649717 ], [ 679216.24444678099826, 3541114.843793950974941 ], [ 679231.857527620973997, 3541103.264344017021358 ], [ 679331.302030817023478, 3540963.554341346025467 ], [ 679336.847333505633287, 3540931.821945967152715 ], [ 679364.728089489624836, 3540917.347006359603256 ], [ 679381.948096121195704, 3540879.943388067185879 ], [ 679400.020065677003004, 3540867.484133682679385 ], [ 679518.074608788476326, 3540703.680237052030861 ], [ 679524.623213363229297, 3540677.536742118187249 ], [ 679510.191555662895553, 3540650.537009596824646 ], [ 679480.895138683146797, 3540641.650038664229214 ], [ 679453.895406161784194, 3540656.081696364562958 ], [ 679335.840863050310872, 3540819.885592995211482 ], [ 679329.150682934443466, 3540841.069553046487272 ], [ 679308.740347021026537, 3540856.681729476898909 ], [ 679295.530057925847359, 3540880.359887902624905 ], [ 679295.003584174322896, 3540901.480861051008105 ], [ 679269.758975077420473, 3540913.047260777559131 ], [ 679220.293387459241785, 3540980.741857877466828 ] ] ], [ [ [ 679670.587133157532662, 3540427.784316889476031 ], [ 679641.290716177783906, 3540418.897345956880599 ], [ 679614.290983656421304, 3540433.329003657214344 ], [ 679605.404012724058703, 3540462.625420636963099 ], [ 679619.835670424392447, 3540489.625153158325702 ], [ 679649.132087404141203, 3540498.512124090921134 ], [ 679676.131819925503805, 3540484.080466390587389 ], [ 679685.018790857866406, 3540454.784049410838634 ], [ 679670.587133157532662, 3540427.784316889476031 ] ] ], [ [ [ 679567.085799294873141, 3540579.163811654783785 ], [ 679538.801528047421016, 3540567.448082902468741 ], [ 679510.517256799968891, 3540579.163811654783785 ], [ 679498.801528047421016, 3540607.448082902468741 ], [ 679510.517256799968891, 3540635.732354150153697 ], [ 679538.801528047421016, 3540647.448082902468741 ], [ 679567.085799294873141, 3540635.732354150153697 ], [ 679578.801528047421016, 3540607.448082902468741 ], [ 679567.085799294873141, 3540579.163811654783785 ] ] ], [ [ [ 679716.453216469613835, 3540849.881507232319564 ], [ 679699.444614574313164, 3540875.336678843479604 ], [ 679703.399175216443837, 3540901.996161197312176 ], [ 679723.368688495829701, 3540920.095473024994135 ], [ 679753.983363084960729, 3540920.095473024994135 ], [ 679833.97379895648919, 3540838.110537186730653 ], [ 679837.670195764745586, 3540800.580390571150929 ], [ 679816.022351758903824, 3540778.932546565309167 ], [ 679785.407677169772796, 3540778.932546565309167 ], [ 679748.62598906934727, 3540812.524149639997631 ], [ 679739.734440937521867, 3540834.07236642902717 ], [ 679716.453216469613835, 3540849.881507232319564 ] ] ], [ [ [ 679705.155871282331645, 3540922.242355438880622 ], [ 679676.871600034879521, 3540910.526626686565578 ], [ 679648.587328787427396, 3540922.242355438880622 ], [ 679626.989874227903783, 3540958.132226546760648 ], [ 679638.51299204735551, 3540990.337183407507837 ], [ 679666.797263294807635, 3541002.052912159822881 ], [ 679695.08153454225976, 3540990.337183407507837 ], [ 679716.678989101783372, 3540954.447312299627811 ], [ 679705.155871282331645, 3540922.242355438880622 ] ] ], [ [ [ 679633.840834283037111, 3541001.784698354545981 ], [ 679613.360175916226581, 3540990.837558385916054 ], [ 679586.700693562510423, 3540994.792119028512388 ], [ 679524.600020902929828, 3541056.776969228871167 ], [ 679386.393513789749704, 3541209.501822360325605 ], [ 679379.844909214996733, 3541235.645317294169217 ], [ 679391.36802703444846, 3541260.00890292879194 ], [ 679411.84868540125899, 3541270.956042897421867 ], [ 679434.959635576466098, 3541268.679812981747091 ], [ 679480.221776975900866, 3541227.478089063428342 ], [ 679638.815347527735867, 3541052.291778923012316 ], [ 679645.363952102488838, 3541026.148283989168704 ], [ 679633.840834283037111, 3541001.784698354545981 ] ] ], [ [ [ 679707.687146368669346, 3541320.164537756238133 ], [ 679655.296465498511679, 3541370.512580113951117 ], [ 679648.747860923758708, 3541388.814703821670264 ], [ 679652.136775048682466, 3541409.177496982738376 ], [ 679631.607067973469384, 3541403.451087906956673 ], [ 679612.751198500394821, 3541408.174237333238125 ], [ 679568.02088884706609, 3541455.716030901297927 ], [ 679562.048262123134919, 3541485.742453102953732 ], [ 679579.05686401843559, 3541511.197624714113772 ], [ 679605.200358952395618, 3541517.746229289099574 ], [ 679626.655404705787078, 3541508.859258356504142 ], [ 679666.883918547420762, 3541462.30695737991482 ], [ 679668.025542915449478, 3541427.008980358950794 ], [ 679692.475935603841208, 3541432.542778501752764 ], [ 679713.930981357232668, 3541423.655807569157332 ], [ 679895.472856989130378, 3541249.151021583937109 ], [ 679904.359827921492979, 3541227.695975830312818 ], [ 679900.535847497172654, 3541206.413312265649438 ], [ 679923.517459556693211, 3541211.066757178865373 ], [ 679947.881045190966688, 3541199.543639359530061 ], [ 679999.265102352481335, 3541143.008944641798735 ], [ 680002.117310118977912, 3541123.780921733938158 ], [ 679993.230339186615311, 3541102.325875980313867 ], [ 679966.230606665252708, 3541087.894218279980123 ], [ 679936.934189685503952, 3541096.781189212575555 ], [ 679884.319923369563185, 3541152.403498638886958 ], [ 679883.613365300931036, 3541188.621346063446254 ], [ 679860.631753241410479, 3541183.967901150230318 ], [ 679839.176707488019019, 3541192.85487208282575 ], [ 679707.687146368669346, 3541320.164537756238133 ] ] ], [ [ [ 679973.608380412566476, 3540630.728657598141581 ], [ 679945.324109165114351, 3540619.012928845826536 ], [ 679917.039837917662226, 3540630.728657598141581 ], [ 679905.324109165114351, 3540659.012928845826536 ], [ 679917.039837917662226, 3540687.297200093511492 ], [ 679945.324109165114351, 3540699.012928845826536 ], [ 679973.608380412566476, 3540687.297200093511492 ], [ 679985.324109165114351, 3540659.012928845826536 ], [ 679973.608380412566476, 3540630.728657598141581 ] ] ], [ [ [ 680075.829925735713914, 3541012.577469707466662 ], [ 680038.842807278968394, 3541005.220274412538856 ], [ 679999.659592726966366, 3541035.744458726607263 ], [ 679987.943863974418491, 3541064.028729974292219 ], [ 679999.659592726966366, 3541092.313001221977174 ], [ 680020.140251093776897, 3541103.260141190607101 ], [ 680039.555251064593904, 3541102.30634340364486 ], [ 680078.738465616595931, 3541071.782159089576453 ], [ 680090.261583436047658, 3541039.577202228829265 ], [ 680075.829925735713914, 3541012.577469707466662 ] ] ], [ [ [ 680118.459693082491867, 3541368.290330331772566 ], [ 679987.393117638421245, 3541478.854176469147205 ], [ 679975.771305947913788, 3541509.050173433963209 ], [ 679948.567908158758655, 3541515.441556272096932 ], [ 679908.463820270262659, 3541550.641311473678797 ], [ 679896.767645246349275, 3541578.527557430323213 ], [ 679870.932532891398296, 3541582.604401810560375 ], [ 679826.495848224963993, 3541619.298424583859742 ], [ 679814.780119472416118, 3541647.582695831544697 ], [ 679826.495848224963993, 3541675.866967079229653 ], [ 679858.700805085594766, 3541687.390084898564965 ], [ 679892.250158420181833, 3541668.88952983636409 ], [ 679923.047186856623739, 3541640.104061705060303 ], [ 679929.768848635838367, 3541618.279277675319463 ], [ 679955.603960990789346, 3541614.202433295082301 ], [ 679999.07498872699216, 3541576.984612011816353 ], [ 680010.696800417499617, 3541546.788615047000349 ], [ 680037.90019820665475, 3541540.397232208866626 ], [ 680184.442775124916807, 3541418.493719667196274 ], [ 680232.599757608841173, 3541369.261174323502928 ], [ 680237.618586545926519, 3541335.42697791242972 ], [ 680218.196842589764856, 3541311.761514429003 ], [ 680187.72958602651488, 3541308.760751573368907 ], [ 680118.459693082491867, 3541368.290330331772566 ] ] ], [ [ [ 680171.567000356852077, 3541775.159190806094557 ], [ 680150.111954603460617, 3541766.272219873499125 ], [ 680127.335399517207406, 3541770.802758366800845 ], [ 680046.72268278291449, 3541835.208849063143134 ], [ 680035.006954030366614, 3541863.49312031082809 ], [ 680046.72268278291449, 3541891.777391558513045 ], [ 680067.20334114972502, 3541902.724531527142972 ], [ 680090.314291324932128, 3541900.448301611468196 ], [ 680174.475540237734094, 3541834.363880188204348 ], [ 680185.998658057185821, 3541802.15892332745716 ], [ 680171.567000356852077, 3541775.159190806094557 ] ] ], [ [ [ 680480.349755947478116, 3541098.324409200344235 ], [ 680452.065484700025991, 3541086.60868044802919 ], [ 680423.781213452573866, 3541098.324409200344235 ], [ 680412.065484700025991, 3541126.60868044802919 ], [ 680423.781213452573866, 3541154.892951695714146 ], [ 680452.065484700025991, 3541166.60868044802919 ], [ 680480.349755947478116, 3541154.892951695714146 ], [ 680492.065484700025991, 3541126.60868044802919 ], [ 680480.349755947478116, 3541098.324409200344235 ] ] ], [ [ [ 680694.075758411665447, 3541353.87190655618906 ], [ 680665.791487164213322, 3541342.156177803874016 ], [ 680637.507215916761197, 3541353.87190655618906 ], [ 680625.791487164213322, 3541382.156177803874016 ], [ 680637.507215916761197, 3541410.440449051558971 ], [ 680665.791487164213322, 3541422.156177803874016 ], [ 680694.075758411665447, 3541410.440449051558971 ], [ 680705.791487164213322, 3541382.156177803874016 ], [ 680694.075758411665447, 3541353.87190655618906 ] ] ], [ [ [ 680303.327978996443562, 3541670.403162533883005 ], [ 680271.123022135812789, 3541658.880044714547694 ], [ 680234.147291093482636, 3541679.135038220323622 ], [ 680222.557349811657332, 3541709.979772257152945 ], [ 680199.496198914712295, 3541714.468094949610531 ], [ 680181.396887087379582, 3541734.437608228530735 ], [ 680179.120657171704806, 3541757.548558404203504 ], [ 680190.067797140334733, 3541778.029216771014035 ], [ 680210.548455507145263, 3541788.976356739643961 ], [ 680233.659405682352372, 3541786.700126823969185 ], [ 680251.610852879937738, 3541771.967754844110459 ], [ 680258.226280917064287, 3541747.184482734184712 ], [ 680277.738899635500275, 3541744.374490768648684 ], [ 680303.327978996443562, 3541726.971705029252917 ], [ 680315.043707748991437, 3541698.687433781567961 ], [ 680303.327978996443562, 3541670.403162533883005 ] ] ], [ [ [ 680617.547771980520338, 3541844.353848383296281 ], [ 680596.092726227128878, 3541835.466877450700849 ], [ 680569.94923129316885, 3541842.015482025686651 ], [ 680440.439710718812421, 3541945.158075446728617 ], [ 680420.155567317269742, 3541953.871359422802925 ], [ 680407.287737733800896, 3541973.085220163222402 ], [ 680360.03496607101988, 3542000.676405162084848 ], [ 680345.603308370686136, 3542027.67613768344745 ], [ 680354.490279303048737, 3542056.972554663196206 ], [ 680377.607084556948394, 3542070.828234512824565 ], [ 680404.266566910664551, 3542066.873673870228231 ], [ 680447.819014088250697, 3542024.679389306344092 ], [ 680494.481303358683363, 3542002.58128607692197 ], [ 680617.547771980520338, 3541906.194684652145952 ], [ 680632.17204061395023, 3541875.274266517721117 ], [ 680617.547771980520338, 3541844.353848383296281 ] ] ], [ [ [ 680341.404892562772147, 3542059.19573239190504 ], [ 680320.924234195961617, 3542048.248592423275113 ], [ 680301.50923422514461, 3542049.202390210237354 ], [ 680238.274165394483134, 3542092.12077514687553 ], [ 680214.373256323626265, 3542127.310315718408674 ], [ 680222.684249405167066, 3542160.489659965969622 ], [ 680245.801054659066722, 3542174.345339815597981 ], [ 680268.91200483427383, 3542172.069109899923205 ], [ 680338.49635268189013, 3542118.400421774014831 ], [ 680352.928010382223874, 3542091.400689252652228 ], [ 680341.404892562772147, 3542059.19573239190504 ] ] ], [ [ [ 680782.406202135956846, 3542076.605259470175952 ], [ 680761.116253607324325, 3542095.177030584774911 ], [ 680758.431209990521893, 3542126.526663308031857 ], [ 680738.184467575978488, 3542118.53583120694384 ], [ 680715.407912489725277, 3542123.066369700245559 ], [ 680697.276648694649339, 3542143.125182746443897 ], [ 680660.340115362079814, 3542157.480858140159398 ], [ 680632.055062558385544, 3542187.079258386511356 ], [ 680571.041071394341998, 3542222.565061698202044 ], [ 680558.574524814030156, 3542240.657411575783044 ], [ 680495.068278388818726, 3542273.732191793620586 ], [ 680480.636620688484982, 3542300.731924314983189 ], [ 680489.523591620847583, 3542330.028341294731945 ], [ 680512.640396874747239, 3542343.884021144360304 ], [ 680539.299879228463396, 3542339.92946050176397 ], [ 680584.829068953287788, 3542311.534656407311559 ], [ 680597.29561553359963, 3542293.442306529730558 ], [ 680658.987133572343737, 3542257.92321845702827 ], [ 680671.627100590616465, 3542239.346190924290568 ], [ 680718.07040513085667, 3542216.313762372359633 ], [ 680732.834729078225791, 3542198.273015407845378 ], [ 680759.639513329369947, 3542189.263638408388942 ], [ 680772.541395392036065, 3542169.954607364255935 ], [ 680772.22567615355365, 3542145.849457023665309 ], [ 680808.004491271451116, 3542152.3105134870857 ], [ 680856.934718533651903, 3542116.023693582974374 ], [ 680859.935481388936751, 3542085.556437019724399 ], [ 680840.513737432775088, 3542061.890973536297679 ], [ 680810.046480869525112, 3542058.890210680663586 ], [ 680782.406202135956846, 3542076.605259470175952 ] ] ], [ [ [ 680783.965618465910666, 3542468.768004348967224 ], [ 680742.977753988816403, 3542497.038723529316485 ], [ 680732.030614020186476, 3542517.519381896127015 ], [ 680738.003240744117647, 3542547.54580409778282 ], [ 680763.458412355626933, 3542564.554405993316323 ], [ 680790.117894709343091, 3542560.599845350719988 ], [ 680847.243730377056636, 3542522.00902448548004 ], [ 680860.145612439722754, 3542502.699993441347033 ], [ 680860.054321047733538, 3542479.222076912410557 ], [ 680896.220556542626582, 3542485.970463910140097 ], [ 680947.410449921386316, 3542452.53259964985773 ], [ 680960.312331984052435, 3542433.223568605724722 ], [ 680959.859062765608542, 3542408.733991824090481 ], [ 680991.51963081327267, 3542415.918583707883954 ], [ 681034.672251462237909, 3542391.043012290727347 ], [ 681048.527931311749853, 3542367.926207037176937 ], [ 681044.57337066961918, 3542341.266724683344364 ], [ 681020.907907185843214, 3542321.844980726949871 ], [ 680990.440650622593239, 3542324.845743582583964 ], [ 680950.457233440480195, 3542354.464363170787692 ], [ 680945.891673721838742, 3542389.565362182911485 ], [ 680910.423331464640796, 3542383.334568086080253 ], [ 680856.324898204999045, 3542419.4085792331025 ], [ 680845.377758236369118, 3542439.889237599913031 ], [ 680846.42284741520416, 3542459.559379919432104 ], [ 680817.94731339730788, 3542451.281217284034938 ], [ 680783.965618465910666, 3542468.768004348967224 ] ] ], [ [ [ 680213.135702880215831, 3542514.480857176240534 ], [ 680184.851431632763706, 3542502.765128423925489 ], [ 680156.567160385311581, 3542514.480857176240534 ], [ 680144.851431632763706, 3542542.765128423925489 ], [ 680156.567160385311581, 3542571.049399671610445 ], [ 680184.851431632763706, 3542582.765128423925489 ], [ 680213.135702880215831, 3542571.049399671610445 ], [ 680224.851431632763706, 3542542.765128423925489 ], [ 680213.135702880215831, 3542514.480857176240534 ] ] ], [ [ [ 680923.370901126181707, 3541615.904998656827956 ], [ 680895.086629878729582, 3541604.189269904512912 ], [ 680866.802358631277457, 3541615.904998656827956 ], [ 680855.086629878729582, 3541644.189269904512912 ], [ 680866.802358631277457, 3541672.473541152197868 ], [ 680895.086629878729582, 3541684.189269904512912 ], [ 680923.370901126181707, 3541672.473541152197868 ], [ 680935.086629878729582, 3541644.189269904512912 ], [ 680923.370901126181707, 3541615.904998656827956 ] ] ], [ [ [ 681168.233127806917764, 3542632.059840986505151 ], [ 681147.752469440107234, 3542621.112701017875224 ], [ 681124.641519264900126, 3542623.38893093355 ], [ 680989.212532033096068, 3542716.093020801898092 ], [ 680974.780874332762323, 3542743.092753323260695 ], [ 680983.667845265124924, 3542772.38917030300945 ], [ 681006.784650519024581, 3542786.24485015263781 ], [ 681029.895600694231689, 3542783.968620236963034 ], [ 681165.324587926035747, 3542691.264530368614942 ], [ 681179.756245626369491, 3542664.264797847252339 ], [ 681168.233127806917764, 3542632.059840986505151 ] ] ], [ [ [ 681706.748089927015826, 3542646.150917590595782 ], [ 681678.463818679563701, 3542634.435188838280737 ], [ 681650.179547432111576, 3542646.150917590595782 ], [ 681638.463818679563701, 3542674.435188838280737 ], [ 681650.179547432111576, 3542702.719460085965693 ], [ 681678.463818679563701, 3542714.435188838280737 ], [ 681706.748089927015826, 3542702.719460085965693 ], [ 681718.463818679563701, 3542674.435188838280737 ], [ 681706.748089927015826, 3542646.150917590595782 ] ] ], [ [ [ 680967.582044424023479, 3542770.64786465279758 ], [ 680947.101386057212949, 3542759.700724684167653 ], [ 680923.990435882005841, 3542761.976954599842429 ], [ 680893.085049201035872, 3542784.953978975769132 ], [ 680888.052249599364586, 3542818.732401367276907 ], [ 680863.769880526117049, 3542810.463712243828923 ], [ 680838.394149159546942, 3542819.543294109404087 ], [ 680823.962491459213197, 3542846.54302663076669 ], [ 680832.849462391575798, 3542875.839443610515445 ], [ 680852.158493435941637, 3542888.741325673181564 ], [ 680875.381267616292462, 3542888.741325673181564 ], [ 680899.046731100068428, 3542869.31958171678707 ], [ 680902.061464619939215, 3542838.908099173102528 ], [ 680930.264519306365401, 3542846.98417736357078 ], [ 680964.673504543141462, 3542829.852554034907371 ], [ 680979.105162243475206, 3542802.852821513544768 ], [ 680967.582044424023479, 3542770.64786465279758 ] ] ], [ [ [ 681929.793380733230151, 3542925.649807982612401 ], [ 681900.496963753481396, 3542916.762837050016969 ], [ 681873.497231232118793, 3542931.194494750350714 ], [ 681864.610260299756192, 3542960.490911730099469 ], [ 681879.041918000089936, 3542987.490644251462072 ], [ 681908.338334979838692, 3542996.377615184057504 ], [ 681935.338067501201294, 3542981.94595748372376 ], [ 681944.225038433563896, 3542952.649540503975004 ], [ 681929.793380733230151, 3542925.649807982612401 ] ] ], [ [ [ 681275.941217195126228, 3542936.105817383620888 ], [ 681254.486171441734768, 3542927.218846451025456 ], [ 681231.709616355481558, 3542931.749384944327176 ], [ 681088.636446460848674, 3543026.253590318839997 ], [ 681061.280639667413197, 3543055.199445039965212 ], [ 681025.762712580035441, 3543069.331811794545501 ], [ 680997.797754919738509, 3543100.411349195055664 ], [ 681002.816583856823854, 3543134.245545606128871 ], [ 681028.27175546833314, 3543151.254147501662374 ], [ 681054.931237822049297, 3543147.299586859066039 ], [ 681086.870684541063383, 3543126.109334626700729 ], [ 681099.056982398964465, 3543108.800227457657456 ], [ 681121.065478212665766, 3543102.06954049738124 ], [ 681272.7882951493375, 3543000.285020010080189 ], [ 681290.372874895459972, 3542970.946921131107956 ], [ 681275.941217195126228, 3542936.105817383620888 ] ] ], [ [ [ 681329.621389007661492, 3543287.8943907241337 ], [ 681312.049270521732979, 3543279.583397642243654 ], [ 681288.93832034652587, 3543281.859627557918429 ], [ 681268.968807067140006, 3543299.958939385600388 ], [ 681265.404974501929246, 3543328.17829566122964 ], [ 681246.669606316252612, 3543318.812994507141411 ], [ 681227.254606345435604, 3543319.766792294103652 ], [ 681177.643716727267019, 3543357.738530290313065 ], [ 681138.166288892389275, 3543371.640383502468467 ], [ 681121.157686997088604, 3543397.095555113628507 ], [ 681127.130313721019775, 3543427.121977315284312 ], [ 681148.777711122995242, 3543443.176781423855573 ], [ 681175.696435507736169, 3543441.854349295143038 ], [ 681209.766095609171316, 3543414.974082761909813 ], [ 681256.736588895786554, 3543398.502051923424006 ], [ 681275.821174736018293, 3543373.351743018254638 ], [ 681277.706676574773155, 3543348.680918920785189 ], [ 681300.324972027912736, 3543358.622197925578803 ], [ 681326.468466961872764, 3543352.073593350593001 ], [ 681344.053046707995236, 3543322.735494471620768 ], [ 681329.621389007661492, 3543287.8943907241337 ] ] ] ] } },
{ "type": "Feature", "properties": { "depth_bin": "60-65" }, "geometry": { "type": "MultiPolygon", "coordinates": [ [ [ [ 676403.52601512032561, 3539716.993230308871716 ], [ 676376.526282598963007, 3539702.561572608537972 ], [ 676347.229865619214252, 3539711.448543541133404 ], [ 676332.798207918880507, 3539738.448276062496006 ], [ 676341.685178851243109, 3539767.744693042244762 ], [ 676368.684911372605711, 3539782.176350742578506 ], [ 676397.981328352354467, 3539773.289379809983075 ], [ 676412.412986052688211, 3539746.289647288620472 ], [ 676403.52601512032561, 3539716.993230308871716 ] ] ], [ [ [ 676716.121492857346311, 3539715.629405093379319 ], [ 676683.916535996715538, 3539704.106287274044007 ], [ 676654.578437117743306, 3539721.690867020282894 ], [ 676646.966530449921265, 3539763.009631337597966 ], [ 676664.551110196043737, 3539792.347730216570199 ], [ 676694.577532397466712, 3539798.320356940850616 ], [ 676720.032704008975998, 3539781.311755045317113 ], [ 676727.644610676798038, 3539739.992990728002042 ], [ 676716.121492857346311, 3539715.629405093379319 ] ] ], [ [ [ 677042.675515614566393, 3539725.026664813049138 ], [ 677014.391244367114268, 3539713.310936060734093 ], [ 676986.106973119662143, 3539725.026664813049138 ], [ 676974.391244367114268, 3539753.310936060734093 ], [ 676986.106973119662143, 3539781.595207308419049 ], [ 677014.391244367114268, 3539793.310936060734093 ], [ 677042.675515614566393, 3539781.595207308419049 ], [ 677054.391244367114268, 3539753.310936060734093 ], [ 677042.675515614566393, 3539725.026664813049138 ] ] ], [ [ [ 677707.165728238178417, 3539805.807399274781346 ], [ 677678.881456990726292, 3539794.091670522466302 ], [ 677650.597185743274167, 3539805.807399274781346 ], [ 677638.881456990726292, 3539834.091670522466302 ], [ 677650.597185743274167, 3539862.375941770151258 ], [ 677678.881456990726292, 3539874.091670522466302 ], [ 677707.165728238178417, 3539862.375941770151258 ], [ 677718.881456990726292, 3539834.091670522466302 ], [ 677707.165728238178417, 3539805.807399274781346 ] ] ], [ [ [ 676711.632417969987728, 3540126.997522698249668 ], [ 676675.544533841894008, 3540116.050382729619741 ], [ 676646.392965422128327, 3540139.974456651136279 ], [ 676644.515211714431643, 3540208.861150505952537 ], [ 676668.439285635948181, 3540238.012718925718218 ], [ 676699.053960225079209, 3540238.012718925718218 ], [ 676720.70180423092097, 3540216.364874919876456 ], [ 676723.155535789439455, 3540151.361108332872391 ], [ 676711.632417969987728, 3540126.997522698249668 ] ] ], [ [ [ 676393.903912780573592, 3540171.186657572165132 ], [ 676365.619641533121467, 3540159.470928819850087 ], [ 676337.335370285669342, 3540171.186657572165132 ], [ 676325.619641533121467, 3540199.470928819850087 ], [ 676337.335370285669342, 3540227.755200067535043 ], [ 676365.619641533121467, 3540239.470928819850087 ], [ 676393.903912780573592, 3540227.755200067535043 ], [ 676405.619641533121467, 3540199.470928819850087 ], [ 676393.903912780573592, 3540171.186657572165132 ] ] ], [ [ [ 677036.758276139735244, 3540182.184320690575987 ], [ 677000.670392011641525, 3540171.237180721946061 ], [ 676971.518823591875844, 3540195.161254643462598 ], [ 676975.23011307651177, 3540232.71148170856759 ], [ 676968.379011526354589, 3540263.922390095423907 ], [ 676992.303085447871126, 3540293.073958515189588 ], [ 677022.917760037002154, 3540293.073958515189588 ], [ 677044.565604042843916, 3540271.426114509347826 ], [ 677040.854314558207989, 3540233.875887444242835 ], [ 677048.281393959186971, 3540206.54790632519871 ], [ 677036.758276139735244, 3540182.184320690575987 ] ] ], [ [ [ 677358.520919307833537, 3540194.88809349713847 ], [ 677322.433035179739818, 3540183.940953528508544 ], [ 677301.952376812929288, 3540194.88809349713847 ], [ 677291.959034631145187, 3540211.560977654531598 ], [ 677294.959797486430034, 3540242.028234217781574 ], [ 677316.714994426001795, 3540260.766473875381052 ], [ 677291.192697243881412, 3540283.781462676823139 ], [ 677288.35723732446786, 3540322.153292704839259 ], [ 677299.304377293097787, 3540342.63395107164979 ], [ 677315.977261450374499, 3540352.627293253317475 ], [ 677346.444518013624474, 3540349.626530397683382 ], [ 677365.866261969786137, 3540325.961066914256662 ], [ 677365.103059844695963, 3540283.781462676823139 ], [ 677341.669532178668305, 3540261.494690841063857 ], [ 677368.514261489617638, 3540234.783751835115254 ], [ 677369.468059276463464, 3540215.368751863949001 ], [ 677358.520919307833537, 3540194.88809349713847 ] ] ], [ [ [ 677660.646667630993761, 3540260.627118838950992 ], [ 677624.558783502900042, 3540249.679978870321065 ], [ 677604.078125136089511, 3540260.627118838950992 ], [ 677594.08478295430541, 3540277.300002996344119 ], [ 677597.909376865718514, 3540309.141738639213145 ], [ 677581.35060323390644, 3540398.890281198080629 ], [ 677590.237574166269042, 3540420.345326951704919 ], [ 677609.54660521063488, 3540433.247209014371037 ], [ 677640.013861773884855, 3540430.246446158736944 ], [ 677659.435605730046518, 3540406.580982675310224 ], [ 677668.86989175574854, 3540334.463405789807439 ], [ 677663.322911273571663, 3540314.233057237230241 ], [ 677672.362396383541636, 3540288.911390086635947 ], [ 677660.646667630993761, 3540260.627118838950992 ] ] ], [ [ [ 677983.482640393660404, 3540314.785407004877925 ], [ 677947.394756265566684, 3540303.838267036247998 ], [ 677926.914097898756154, 3540314.785407004877925 ], [ 677916.920755716972053, 3540331.458291162271053 ], [ 677899.875521824229509, 3540452.927248454652727 ], [ 677908.76249275659211, 3540474.382294208277017 ], [ 677928.071523800957948, 3540487.284176270943135 ], [ 677958.538780364207923, 3540484.283413415309042 ], [ 677977.960524320369586, 3540460.617949931882322 ], [ 677995.198369146208279, 3540343.069678252562881 ], [ 677983.482640393660404, 3540314.785407004877925 ] ] ], [ [ [ 678191.928677997319028, 3540563.310532442294061 ], [ 678180.145922601688653, 3540661.890874419827014 ], [ 678199.567666557850316, 3540685.556337903253734 ], [ 678230.034923121100292, 3540688.557100758887827 ], [ 678246.707807278377004, 3540678.563758577220142 ], [ 678257.65494724700693, 3540658.083100210409611 ], [ 678275.672996955341659, 3540548.899102278053761 ], [ 678272.092035917798057, 3540528.130260036326945 ], [ 678282.076442667283118, 3540511.467234609182924 ], [ 678290.42396769777406, 3540458.635650555603206 ], [ 678281.373460358008742, 3540429.158798955380917 ], [ 678299.441885973326862, 3540406.30448326934129 ], [ 678312.24714292306453, 3540338.628160523250699 ], [ 678305.698538348311558, 3540312.484665589407086 ], [ 678284.051140946336091, 3540296.429861480835825 ], [ 678253.583884383086115, 3540299.430624336469918 ], [ 678234.162140426924452, 3540323.096087819896638 ], [ 678221.164272544090636, 3540394.693096179049462 ], [ 678230.407390816952102, 3540420.249262166209519 ], [ 678212.338965201633982, 3540443.103577852249146 ], [ 678207.572401208686642, 3540516.704004147555679 ], [ 678191.928677997319028, 3540563.310532442294061 ] ] ], [ [ [ 677322.975705663091503, 3541202.234923864714801 ], [ 677286.887821534997784, 3541191.287783896084875 ], [ 677259.414583841688, 3541211.663325639441609 ], [ 677252.557118950178847, 3541268.620690871030092 ], [ 677272.932660693186335, 3541296.093928563874215 ], [ 677303.399917256436311, 3541299.094691419508308 ], [ 677327.065380740212277, 3541279.672947463113815 ], [ 677334.49882348254323, 3541226.598509499337524 ], [ 677322.975705663091503, 3541202.234923864714801 ] ] ], [ [ [ 676381.085771717480384, 3541238.802352261263877 ], [ 676352.801500470028259, 3541227.086623508948833 ], [ 676324.517229222576134, 3541238.802352261263877 ], [ 676312.801500470028259, 3541267.086623508948833 ], [ 676324.517229222576134, 3541295.370894756633788 ], [ 676352.801500470028259, 3541307.086623508948833 ], [ 676381.085771717480384, 3541295.370894756633788 ], [ 676392.801500470028259, 3541267.086623508948833 ], [ 676381.085771717480384, 3541238.802352261263877 ] ] ], [ [ [ 678372.230948075419292, 3539903.709010118618608 ], [ 678345.231215554056689, 3539889.277352418284863 ], [ 678315.934798574307933, 3539898.164323350880295 ], [ 678301.503140873974189, 3539925.164055872242898 ], [ 678310.39011180633679, 3539954.460472851991653 ], [ 678337.389844327699393, 3539968.892130552325398 ], [ 678366.686261307448149, 3539960.005159619729966 ], [ 678381.117919007781893, 3539933.005427098367363 ], [ 678372.230948075419292, 3539903.709010118618608 ] ] ], [ [ [ 678614.455037956708111, 3540358.329728714190423 ], [ 678586.170766709255986, 3540346.613999961875379 ], [ 678557.886495461803861, 3540358.329728714190423 ], [ 678546.170766709255986, 3540386.613999961875379 ], [ 678557.886495461803861, 3540414.898271209560335 ], [ 678586.170766709255986, 3540426.613999961875379 ], [ 678614.455037956708111, 3540414.898271209560335 ], [ 678626.170766709255986, 3540386.613999961875379 ], [ 678614.455037956708111, 3540358.329728714190423 ] ] ], [ [ [ 678579.6142653003335, 3540491.025831744074821 ], [ 678551.329994052881375, 3540479.310102991759777 ], [ 678523.04572280542925, 3540491.025831744074821 ], [ 678511.329994052881375, 3540519.310102991759777 ], [ 678523.04572280542925, 3540547.594374239444733 ], [ 678551.329994052881375, 3540559.310102991759777 ], [ 678579.6142653003335, 3540547.594374239444733 ], [ 678591.329994052881375, 3540519.310102991759777 ], [ 678579.6142653003335, 3540491.025831744074821 ] ] ], [ [ [ 678885.510442553670146, 3540541.440680602099746 ], [ 678849.422558425576426, 3540530.49354063346982 ], [ 678820.270990005810745, 3540554.417614554986358 ], [ 678780.081068623927422, 3540661.717765322420746 ], [ 678782.357298539602198, 3540684.828715498093516 ], [ 678795.454761126544327, 3540701.567631251178682 ], [ 678768.770373169681989, 3540710.582922941073775 ], [ 678754.914693320170045, 3540733.699728194624186 ], [ 678758.869253962300718, 3540760.359210548456758 ], [ 678778.838767241686583, 3540778.458522376138717 ], [ 678809.45344183081761, 3540778.458522376138717 ], [ 678831.101285836659372, 3540756.810678370296955 ], [ 678832.423717965488322, 3540729.891953985206783 ], [ 678818.003823249717243, 3540709.4570880276151 ], [ 678841.535289160790853, 3540702.780162695329636 ], [ 678856.267661140416749, 3540684.828715498093516 ], [ 678896.457582522300072, 3540577.528564730659127 ], [ 678885.510442553670146, 3540541.440680602099746 ] ] ], [ [ [ 678556.869621028192341, 3540595.238955543842167 ], [ 678520.781736900098622, 3540584.29181557521224 ], [ 678491.630168480332941, 3540608.215889496728778 ], [ 678464.775749316555448, 3540727.52110235625878 ], [ 678471.516964824404567, 3540749.74391167704016 ], [ 678489.468412021989934, 3540764.476283656898886 ], [ 678520.083086611120962, 3540764.476283656898886 ], [ 678541.730930616962723, 3540742.828439651057124 ], [ 678568.392738847644068, 3540627.443912404589355 ], [ 678556.869621028192341, 3540595.238955543842167 ] ] ], [ [ [ 678963.678295631892979, 3540883.43391578597948 ], [ 678961.402065716218203, 3540906.544865961652249 ], [ 678973.815633496269584, 3540928.354617023840547 ], [ 678953.008942276821472, 3540930.972651467192918 ], [ 678937.395861436845735, 3540942.552101401146501 ], [ 678898.015165847260505, 3541012.5972017836757 ], [ 678903.987792571191676, 3541042.623623985331506 ], [ 678929.442964182700962, 3541059.632225880865008 ], [ 678952.55391435790807, 3541057.355995965190232 ], [ 678970.505361555493437, 3541042.623623985331506 ], [ 679007.547690787469037, 3540975.731445648707449 ], [ 679006.593893000623211, 3540956.316445677541196 ], [ 678995.134123007417656, 3540938.314468824770302 ], [ 679028.91774817975238, 3540927.02552432846278 ], [ 679047.292379515478387, 3540885.017866258509457 ], [ 679035.576650762930512, 3540856.733595010824502 ], [ 679007.292379515478387, 3540845.017866258509457 ], [ 678981.91664814890828, 3540854.097448124084622 ], [ 678963.678295631892979, 3540883.43391578597948 ] ] ], [ [ [ 678738.3955858835252, 3540942.213716418016702 ], [ 678702.307701755431481, 3540931.266576449386775 ], [ 678674.834464062121697, 3540951.64211819274351 ], [ 678641.369041332858615, 3541037.197855485603213 ], [ 678645.899579825811088, 3541059.974410571623594 ], [ 678662.320560926687904, 3541076.395391672383994 ], [ 678692.787817489937879, 3541079.396154528018087 ], [ 678716.453280973713845, 3541059.974410571623594 ], [ 678749.342725852155127, 3540978.301600546576083 ], [ 678738.3955858835252, 3540942.213716418016702 ] ] ], [ [ [ 679043.997881632996723, 3540114.805418860167265 ], [ 679016.99814911163412, 3540100.373761159833521 ], [ 678987.701732131885365, 3540109.260732092428952 ], [ 678973.27007443155162, 3540136.260464613791555 ], [ 678982.157045363914222, 3540165.556881593540311 ], [ 679009.156777885276824, 3540179.988539293874055 ], [ 679038.45319486502558, 3540171.101568361278623 ], [ 679052.884852565359324, 3540144.101835839916021 ], [ 679043.997881632996723, 3540114.805418860167265 ] ] ], [ [ [ 679188.093227278091945, 3540592.716146668419242 ], [ 679155.888270417461172, 3540581.19302884908393 ], [ 679126.550171538488939, 3540598.777608595322818 ], [ 679099.797745374031365, 3540645.390858705155551 ], [ 679097.094854855793528, 3540665.625496735330671 ], [ 679062.674033759394661, 3540716.260707799810916 ], [ 679063.996465888223611, 3540743.179432184901088 ], [ 679078.728837867849506, 3540761.130879382137209 ], [ 679108.755260069272481, 3540767.103506106417626 ], [ 679134.210431680781767, 3540750.094904210884124 ], [ 679155.191228094743565, 3540696.17254155408591 ], [ 679198.086569459876046, 3540632.611805006396025 ], [ 679199.040367246721871, 3540613.196805035229772 ], [ 679188.093227278091945, 3540592.716146668419242 ] ] ], [ [ [ 679355.564846605062485, 3540878.766258731018752 ], [ 679328.565114083699882, 3540864.334601030685008 ], [ 679296.360157223069109, 3540875.857718850020319 ], [ 679267.72097382764332, 3540921.155784450937063 ], [ 679278.668113796273246, 3540957.243668579496443 ], [ 679306.952385043725371, 3540968.959397331811488 ], [ 679335.236656291177496, 3540957.243668579496443 ], [ 679362.92204189975746, 3540915.753377187997103 ], [ 679355.564846605062485, 3540878.766258731018752 ] ] ], [ [ [ 679600.43431834562216, 3540976.165701059624553 ], [ 679578.170078746625222, 3541007.683264176361263 ], [ 679581.099020966328681, 3541037.998668764252216 ], [ 679547.760800748015754, 3541036.710527615621686 ], [ 679526.112956742173992, 3541058.358371621463448 ], [ 679526.112956742173992, 3541088.973046211060137 ], [ 679547.760800748015754, 3541110.620890216901898 ], [ 679570.871750923222862, 3541112.897120132576674 ], [ 679588.443869409151375, 3541104.586127050686628 ], [ 679602.299549258663319, 3541081.469321797136217 ], [ 679598.416809252114035, 3541054.961691418662667 ], [ 679620.368377789040096, 3541059.102040333673358 ], [ 679641.823423542431556, 3541050.215069401077926 ], [ 679688.099230285384692, 3540999.264958918094635 ], [ 679696.792514226748608, 3540979.115644795820117 ], [ 679718.816380564123392, 3540965.533731893170625 ], [ 679764.642523861955851, 3540908.975688119418919 ], [ 679760.946127053699456, 3540871.445541503839195 ], [ 679735.49095544219017, 3540854.436939608305693 ], [ 679705.464533240767196, 3540860.40956633258611 ], [ 679656.975544295040891, 3540914.782269159797579 ], [ 679648.282260353676975, 3540934.931583282072097 ], [ 679600.43431834562216, 3540976.165701059624553 ] ] ], [ [ [ 679273.330553354695439, 3540987.391663509886712 ], [ 679245.046282107243314, 3540975.675934757571667 ], [ 679216.762010859791189, 3540987.391663509886712 ], [ 679205.046282107243314, 3541015.675934757571667 ], [ 679216.762010859791189, 3541043.960206005256623 ], [ 679245.046282107243314, 3541055.675934757571667 ], [ 679273.330553354695439, 3541043.960206005256623 ], [ 679285.046282107243314, 3541015.675934757571667 ], [ 679273.330553354695439, 3540987.391663509886712 ] ] ], [ [ [ 679219.539394604973495, 3541061.417741664219648 ], [ 679187.334437744342722, 3541049.894623844884336 ], [ 679160.334705222980119, 3541064.32628154521808 ], [ 679134.517322175321169, 3541111.120625217445195 ], [ 679148.948979875654913, 3541145.961728964932263 ], [ 679178.245396855403669, 3541154.848699897527695 ], [ 679205.245129376766272, 3541140.41704219719395 ], [ 679230.486534573603421, 3541097.505625792779028 ], [ 679219.539394604973495, 3541061.417741664219648 ] ] ], [ [ [ 679534.291628589504398, 3541117.496561537962407 ], [ 679507.291896068141796, 3541103.064903837628663 ], [ 679477.99547908839304, 3541111.951874770224094 ], [ 679463.563821388059296, 3541138.951607291586697 ], [ 679472.450792320421897, 3541168.248024271335453 ], [ 679499.4505248417845, 3541182.679681971669197 ], [ 679528.746941821533255, 3541173.792711039073765 ], [ 679543.178599521867, 3541146.792978517711163 ], [ 679534.291628589504398, 3541117.496561537962407 ] ] ], [ [ [ 679437.700093059334904, 3541214.743147406727076 ], [ 679409.415821811882779, 3541203.027418654412031 ], [ 679381.131550564430654, 3541214.743147406727076 ], [ 679321.849007676704787, 3541284.583170447964221 ], [ 679319.572777761030011, 3541307.694120623636991 ], [ 679330.519917729659937, 3541328.174778990447521 ], [ 679366.607801857753657, 3541339.121918959077448 ], [ 679397.879033017437905, 3541317.275979846250266 ], [ 679446.371003112290055, 3541258.334755949210376 ], [ 679448.64723302796483, 3541235.223805773537606 ], [ 679437.700093059334904, 3541214.743147406727076 ] ] ], [ [ [ 679643.622018719092011, 3541442.396385998930782 ], [ 679620.505213465192355, 3541428.540706149302423 ], [ 679593.845731111476198, 3541432.495266791898757 ], [ 679484.782650042208843, 3541533.670272277668118 ], [ 679473.371249323827215, 3541566.628364658448845 ], [ 679449.060229221126065, 3541573.266992948949337 ], [ 679402.509700806578621, 3541618.746955052018166 ], [ 679397.979162313626148, 3541641.523510138038546 ], [ 679409.502280133077875, 3541665.887095772661269 ], [ 679429.982938499888405, 3541676.834235741291195 ], [ 679449.397938470705412, 3541675.880437954328954 ], [ 679499.56730978935957, 3541634.810048688668758 ], [ 679510.978710507741198, 3541601.851956307888031 ], [ 679538.442652656231076, 3541592.87496165977791 ], [ 679643.622018719092011, 3541493.147848732303828 ], [ 679652.701600584550761, 3541467.772117365617305 ], [ 679643.622018719092011, 3541442.396385998930782 ] ] ], [ [ [ 679174.696227860986255, 3541511.443161041010171 ], [ 679147.696495339623652, 3541497.011503340676427 ], [ 679118.400078359874897, 3541505.898474273271859 ], [ 679103.968420659541152, 3541532.898206794634461 ], [ 679112.855391591903754, 3541562.194623774383217 ], [ 679139.855124113266356, 3541576.626281474716961 ], [ 679169.151541093015112, 3541567.73931054212153 ], [ 679183.583198793348856, 3541540.739578020758927 ], [ 679174.696227860986255, 3541511.443161041010171 ] ] ], [ [ [ 680254.437598193646409, 3540846.224096544552594 ], [ 680222.232641333015636, 3540834.700978725217283 ], [ 680186.384577828575857, 3540856.209505152888596 ], [ 680174.668849076027982, 3540884.493776400573552 ], [ 680186.384577828575857, 3540912.778047648258507 ], [ 680218.58953468920663, 3540924.301165467593819 ], [ 680254.437598193646409, 3540902.792639039922506 ], [ 680266.153326946194284, 3540874.50836779223755 ], [ 680254.437598193646409, 3540846.224096544552594 ] ] ], [ [ [ 680498.1097142562503, 3541095.374098929576576 ], [ 680471.109981734887697, 3541080.942441229242831 ], [ 680441.813564755138941, 3541089.829412161838263 ], [ 680427.381907054805197, 3541116.829144683200866 ], [ 680436.268877987167798, 3541146.125561662949622 ], [ 680463.268610508530401, 3541160.557219363283366 ], [ 680492.565027488279156, 3541151.670248430687934 ], [ 680506.996685188612901, 3541124.670515909325331 ], [ 680498.1097142562503, 3541095.374098929576576 ] ] ], [ [ [ 679936.787677849526517, 3541153.29320672666654 ], [ 679916.307019482715987, 3541142.346066758036613 ], [ 679896.89201951189898, 3541143.299864544998854 ], [ 679857.047095064190216, 3541173.338252210058272 ], [ 679835.233176016598009, 3541204.346964837051928 ], [ 679846.180315985227935, 3541240.434848965611309 ], [ 679866.660974352038465, 3541251.381988934241235 ], [ 679886.075974322855473, 3541250.428191147278994 ], [ 679936.787677849526517, 3541209.861749222036451 ], [ 679948.503406602074392, 3541181.577477974351496 ], [ 679936.787677849526517, 3541153.29320672666654 ] ] ], [ [ [ 679804.965852116467431, 3541280.10690424637869 ], [ 679776.681580869015306, 3541268.391175494063646 ], [ 679748.397309621563181, 3541280.10690424637869 ], [ 679736.681580869015306, 3541308.391175494063646 ], [ 679748.397309621563181, 3541336.675446741748601 ], [ 679776.681580869015306, 3541348.391175494063646 ], [ 679804.965852116467431, 3541336.675446741748601 ], [ 679816.681580869015306, 3541308.391175494063646 ], [ 679804.965852116467431, 3541280.10690424637869 ] ] ], [ [ [ 679874.416080758091994, 3541632.111805661115795 ], [ 679847.416348236729391, 3541617.680147960782051 ], [ 679818.119931256980635, 3541626.567118893377483 ], [ 679773.625796554144472, 3541674.018680561333895 ], [ 679770.773588787647896, 3541693.246703469194472 ], [ 679779.660559720010497, 3541714.701749222818762 ], [ 679806.660292241373099, 3541729.133406923152506 ], [ 679835.956709221121855, 3541720.246435990557075 ], [ 679880.450843923958018, 3541672.794874322600663 ], [ 679883.303051690454595, 3541653.566851414740086 ], [ 679874.416080758091994, 3541632.111805661115795 ] ] ], [ [ [ 680091.946767636225559, 3541845.322670327033848 ], [ 680071.466109269415028, 3541834.375530358403921 ], [ 680052.051109298598021, 3541835.329328145366162 ], [ 680000.929644986637868, 3541869.342026326339692 ], [ 679976.632409714744426, 3541898.601970306131989 ], [ 679983.989605009439401, 3541935.58908876311034 ], [ 680003.298636053805239, 3541948.490970825776458 ], [ 680026.521410234156065, 3541948.490970825776458 ], [ 680089.038227755343542, 3541904.527359709143639 ], [ 680103.469885455677286, 3541877.527627187781036 ], [ 680091.946767636225559, 3541845.322670327033848 ] ] ], [ [ [ 680489.915135638089851, 3541952.022270899731666 ], [ 680462.915403116727248, 3541937.590613199397922 ], [ 680433.618986136978492, 3541946.477584131993353 ], [ 680419.187328436644748, 3541973.477316653355956 ], [ 680428.074299369007349, 3542002.773733633104712 ], [ 680455.074031890369952, 3542017.205391333438456 ], [ 680484.370448870118707, 3542008.318420400843024 ], [ 680498.802106570452452, 3541981.318687879480422 ], [ 680489.915135638089851, 3541952.022270899731666 ] ] ], [ [ [ 680271.661392552661709, 3542118.507678821217269 ], [ 680235.57350842456799, 3542107.560538852587342 ], [ 680191.935207057395019, 3542132.106984486803412 ], [ 680177.503549357061274, 3542159.106717008166015 ], [ 680186.390520289423876, 3542188.403133987914771 ], [ 680221.231624037143774, 3542202.834791688248515 ], [ 680268.752852671779692, 3542177.71236820332706 ], [ 680283.184510372113436, 3542150.712635681964457 ], [ 680271.661392552661709, 3542118.507678821217269 ] ] ], [ [ [ 680611.815536524401978, 3542233.517794013023376 ], [ 680579.610579663771205, 3542221.994676193688065 ], [ 680545.682471041684039, 3542239.528503069188446 ], [ 680531.250813341350295, 3542266.528235590551049 ], [ 680540.137784273712896, 3542295.824652570299804 ], [ 680571.058202408254147, 3542310.448921203613281 ], [ 680608.90699664351996, 3542292.722483395133168 ], [ 680623.338654343853705, 3542265.722750873770565 ], [ 680611.815536524401978, 3542233.517794013023376 ] ] ], [ [ [ 680718.458961011841893, 3542515.059471653774381 ], [ 680685.299320128862746, 3542546.898004210554063 ], [ 680662.011526883114129, 3542553.586900413502008 ], [ 680603.86635808495339, 3542597.068261195439845 ], [ 680594.979387152590789, 3542626.364678175188601 ], [ 680609.411044852924533, 3542653.364410696551204 ], [ 680630.866090606315993, 3542662.251381629146636 ], [ 680653.642645692569204, 3542657.720843135844916 ], [ 680721.37721904728096, 3542601.628431530669332 ], [ 680761.147702281363308, 3542585.063988246489316 ], [ 680794.303983699530363, 3542553.185292351990938 ], [ 680797.30474655481521, 3542522.718035788740963 ], [ 680777.883002598653547, 3542499.052572305314243 ], [ 680747.415746035403572, 3542496.05180944968015 ], [ 680718.458961011841893, 3542515.059471653774381 ] ] ], [ [ [ 681389.49691795243416, 3542090.459133653901517 ], [ 681361.212646704982035, 3542078.743404901586473 ], [ 681332.92837545752991, 3542090.459133653901517 ], [ 681321.212646704982035, 3542118.743404901586473 ], [ 681332.92837545752991, 3542147.027676149271429 ], [ 681361.212646704982035, 3542158.743404901586473 ], [ 681389.49691795243416, 3542147.027676149271429 ], [ 681401.212646704982035, 3542118.743404901586473 ], [ 681389.49691795243416, 3542090.459133653901517 ] ] ], [ [ [ 680903.049663820420392, 3542431.36632755305618 ], [ 680887.436582980444655, 3542419.786877619102597 ], [ 680864.325632805237547, 3542417.510647703427821 ], [ 680811.976074734702706, 3542448.889774550683796 ], [ 680794.967472839402035, 3542474.344946161843836 ], [ 680800.940099563333206, 3542504.371368363499641 ], [ 680818.891546760918573, 3542519.103740343358368 ], [ 680842.002496936125681, 3542521.379970259033144 ], [ 680894.352055006660521, 3542490.000843411777169 ], [ 680911.936634752782993, 3542460.662744532804936 ], [ 680903.049663820420392, 3542431.36632755305618 ] ] ], [ [ [ 681079.593158670817502, 3542691.570133838336915 ], [ 681059.112500304006971, 3542680.622993869706988 ], [ 681032.453017950290814, 3542684.577554512303323 ], [ 681018.050102931214496, 3542697.63159576524049 ], [ 681011.446275081019849, 3542717.057815068867058 ], [ 680986.78366871655453, 3542718.945375342387706 ], [ 680941.663526275428012, 3542747.547609000932425 ], [ 680914.322078135097399, 3542776.558114925399423 ], [ 680895.435885811573826, 3542781.279774685390294 ], [ 680813.207902556750923, 3542836.684677754528821 ], [ 680798.854963770601898, 3542863.153730462305248 ], [ 680765.748134381254204, 3542868.354755353648216 ], [ 680738.012142050196417, 3542900.043620201293379 ], [ 680743.030970987281762, 3542933.877816612366587 ], [ 680768.486142598791048, 3542950.886418507900089 ], [ 680795.145624952507205, 3542946.931857865303755 ], [ 680818.891361836576834, 3542926.989271212369204 ], [ 680827.699613854754716, 3542906.064905272331089 ], [ 680857.439503396395594, 3542902.881946462672204 ], [ 680939.667486651218496, 3542847.477043393533677 ], [ 680951.817123903660104, 3542830.270395752973855 ], [ 680970.703316227183677, 3542825.548735992982984 ], [ 681024.313815331901424, 3542789.159341135062277 ], [ 681041.953618353465572, 3542758.697146660182625 ], [ 681066.616224717930891, 3542756.809586386661977 ], [ 681086.585737997316755, 3542738.710274558980018 ], [ 681091.116276490269229, 3542715.933719472959638 ], [ 681079.593158670817502, 3542691.570133838336915 ] ] ], [ [ [ 681114.307531659607776, 3543048.750137472059578 ], [ 681093.826873292797245, 3543037.802997503429651 ], [ 681067.167390939081088, 3543041.757558146025985 ], [ 681043.334305074997246, 3543061.655183186288923 ], [ 681034.552138108992949, 3543082.403697988949716 ], [ 681004.729973112931475, 3543085.56604787055403 ], [ 680886.62159705045633, 3543162.889674628153443 ], [ 680869.612995155155659, 3543188.344846239313483 ], [ 680875.58562187908683, 3543218.371268440969288 ], [ 680897.233019281062298, 3543234.42607254954055 ], [ 680924.151743665803224, 3543233.103640420828015 ], [ 681048.961573952576146, 3543151.763316578697413 ], [ 681063.288427686551586, 3543125.470115008298308 ], [ 681096.477532530319877, 3543120.289699045009911 ], [ 681125.254671628237702, 3543084.838021600618958 ], [ 681114.307531659607776, 3543048.750137472059578 ] ] ], [ [ [ 681228.276633895351551, 3543353.600446115247905 ], [ 681207.795975528541021, 3543342.653306146617979 ], [ 681188.380975557724014, 3543343.60710393358022 ], [ 681160.88992135389708, 3543357.656289545819163 ], [ 681149.678040898987092, 3543372.492210018448532 ], [ 681084.685071427607909, 3543401.047284606378525 ], [ 681067.676469532307237, 3543426.502456217538565 ], [ 681073.649096256238408, 3543456.528878419194371 ], [ 681091.600543453823775, 3543471.261250399053097 ], [ 681118.519267838564701, 3543472.583682527765632 ], [ 681169.393357327440754, 3543445.627809283789247 ], [ 681183.758159828139469, 3543428.453522453550249 ], [ 681222.215171968680806, 3543415.143501854967326 ], [ 681239.799751714803278, 3543385.805402975995094 ], [ 681228.276633895351551, 3543353.600446115247905 ] ] ] ] } },
{ "type": "Feature", "properties": { "depth_bin": "65-70" }, "geometry": { "type": "MultiPolygon", "coordinates": [ [ [ [ 676404.415873734047636, 3539701.801510263234377 ], [ 676377.416141212685034, 3539687.369852562900633 ], [ 676348.119724232936278, 3539696.256823495496064 ], [ 676333.688066532602534, 3539723.256556016858667 ], [ 676342.575037464965135, 3539752.552972996607423 ], [ 676369.574769986327738, 3539766.984630696941167 ], [ 676398.871186966076493, 3539758.097659764345735 ], [ 676413.302844666410238, 3539731.097927242983133 ], [ 676404.415873734047636, 3539701.801510263234377 ] ] ], [ [ [ 676723.361815388198011, 3539703.434787510894239 ], [ 676696.362082866835408, 3539689.003129810560495 ], [ 676667.065665887086652, 3539697.890100743155926 ], [ 676652.634008186752908, 3539724.889833264518529 ], [ 676661.520979119115509, 3539754.186250244267285 ], [ 676688.520711640478112, 3539768.617907944601029 ], [ 676717.817128620226867, 3539759.730937012005597 ], [ 676732.248786320560612, 3539732.731204490642995 ], [ 676723.361815388198011, 3539703.434787510894239 ] ] ], [ [ [ 677382.617385989287868, 3539756.088766463566571 ], [ 677355.617653467925265, 3539741.657108763232827 ], [ 677326.32123648817651, 3539750.544079695828259 ], [ 677311.889578787842765, 3539777.543812217190862 ], [ 677320.776549720205367, 3539806.840229196939617 ], [ 677347.776282241567969, 3539821.271886897273362 ], [ 677377.072699221316725, 3539812.38491596467793 ], [ 677391.504356921650469, 3539785.385183443315327 ], [ 677382.617385989287868, 3539756.088766463566571 ] ] ], [ [ [ 676397.323193343938328, 3540189.194039965979755 ], [ 676381.710112503962591, 3540177.614590032026172 ], [ 676358.599162328755483, 3540175.338360116351396 ], [ 676329.447593908989802, 3540199.262434037867934 ], [ 676325.268898189184256, 3540268.238629839383066 ], [ 676349.192972110700794, 3540297.390198259148747 ], [ 676379.807646699831821, 3540297.390198259148747 ], [ 676401.455490705673583, 3540275.742354253306985 ], [ 676406.402775209397078, 3540214.569771332666278 ], [ 676397.323193343938328, 3540189.194039965979755 ] ] ], [ [ [ 676713.7355970001081, 3540190.95175016997382 ], [ 676698.122516160132363, 3540179.372300236020237 ], [ 676675.011565984925255, 3540177.096070320345461 ], [ 676654.530907618114725, 3540188.043210288975388 ], [ 676644.537565436330624, 3540204.716094446368515 ], [ 676642.499052392551675, 3540300.376769016496837 ], [ 676653.446192361181602, 3540320.857427383307368 ], [ 676670.119076518458314, 3540330.850769564975053 ], [ 676700.58633308170829, 3540327.85000670934096 ], [ 676720.008077037869953, 3540304.18454322591424 ], [ 676722.622567932470702, 3540212.406795923598111 ], [ 676713.7355970001081, 3540190.95175016997382 ] ] ], [ [ [ 677360.717342310934328, 3540212.783085035160184 ], [ 677345.104261470958591, 3540201.203635101206601 ], [ 677321.993311295751482, 3540198.927405185531825 ], [ 677301.512652928940952, 3540209.874545154161751 ], [ 677290.565512960311025, 3540230.355203520972282 ], [ 677288.709152994561009, 3540287.81402489868924 ], [ 677295.202005911967717, 3540306.023132585454732 ], [ 677287.642688009305857, 3540325.688045457471162 ], [ 677285.31450655288063, 3540409.753931800834835 ], [ 677296.837624372332357, 3540434.117517435457557 ], [ 677317.318282739142887, 3540445.064657404087484 ], [ 677347.344704940565862, 3540439.092030679807067 ], [ 677364.353306835866533, 3540413.636859068647027 ], [ 677367.450077076209709, 3540329.608731070533395 ], [ 677360.764613225706853, 3540307.47893777070567 ], [ 677369.796924176393077, 3540238.158816401846707 ], [ 677360.717342310934328, 3540212.783085035160184 ] ] ], [ [ [ 677039.140176980872639, 3540245.965597275644541 ], [ 677023.527096140896901, 3540234.386147341690958 ], [ 677000.416145965689793, 3540232.109917426016182 ], [ 676971.264577545924112, 3540256.033991347532719 ], [ 676967.594517967896536, 3540324.904082473833114 ], [ 676991.518591889413074, 3540354.055650893598795 ], [ 677022.133266478544101, 3540354.055650893598795 ], [ 677043.781110484385863, 3540332.407806887757033 ], [ 677048.02714791323524, 3540267.420643029268831 ], [ 677039.140176980872639, 3540245.965597275644541 ] ] ], [ [ [ 677575.284568036906421, 3540463.009864986408502 ], [ 677575.229045396321453, 3540497.635059918742627 ], [ 677591.283849504776299, 3540519.282457320485264 ], [ 677621.310271706199273, 3540525.255084044765681 ], [ 677644.42707696009893, 3540511.399404195137322 ], [ 677652.73807004163973, 3540493.827285709325224 ], [ 677662.382977935951203, 3540410.326422833837569 ], [ 677647.758709302521311, 3540379.406004699412733 ], [ 677618.462292322772555, 3540370.519033766817302 ], [ 677591.462559801409952, 3540384.950691467151046 ], [ 677575.284568036906421, 3540463.009864986408502 ] ] ], [ [ [ 676392.267508347635157, 3540478.737739069852978 ], [ 676361.347090213093907, 3540464.113470436539501 ], [ 676330.426672078552656, 3540478.737739069852978 ], [ 676320.2201091327006, 3540523.337206445634365 ], [ 676334.651766833034344, 3540550.336938966996968 ], [ 676363.9481838127831, 3540559.2239098995924 ], [ 676390.947916334145702, 3540544.792252199258655 ], [ 676401.347090213093907, 3540504.113470436539501 ], [ 676392.267508347635157, 3540478.737739069852978 ] ] ], [ [ [ 677343.348590951296501, 3540700.299975018016994 ], [ 677316.348858429933898, 3540685.86831731768325 ], [ 677287.052441450185142, 3540694.755288250278682 ], [ 677272.620783749851398, 3540721.755020771641284 ], [ 677281.507754682213999, 3540751.05143775139004 ], [ 677308.507487203576602, 3540765.483095451723784 ], [ 677337.803904183325358, 3540756.596124519128352 ], [ 677352.235561883659102, 3540729.59639199776575 ], [ 677343.348590951296501, 3540700.299975018016994 ] ] ], [ [ [ 676385.313969412934966, 3541135.032243303023279 ], [ 676358.314236891572364, 3541120.600585602689534 ], [ 676329.017819911823608, 3541129.487556535284966 ], [ 676314.586162211489864, 3541156.487289056647569 ], [ 676323.473133143852465, 3541185.783706036396325 ], [ 676350.472865665215068, 3541200.215363736730069 ], [ 676379.769282644963823, 3541191.328392804134637 ], [ 676394.200940345297568, 3541164.328660282772034 ], [ 676385.313969412934966, 3541135.032243303023279 ] ] ], [ [ [ 677321.870649056858383, 3541250.63742238888517 ], [ 677294.87091653549578, 3541236.205764688551426 ], [ 677265.574499555747025, 3541245.092735621146858 ], [ 677251.14284185541328, 3541272.09246814250946 ], [ 677260.029812787775882, 3541301.388885122258216 ], [ 677287.029545309138484, 3541315.82054282259196 ], [ 677316.32596228888724, 3541306.933571889996529 ], [ 677330.757619989220984, 3541279.933839368633926 ], [ 677321.870649056858383, 3541250.63742238888517 ] ] ], [ [ [ 677664.525328758754767, 3540278.920325753744692 ], [ 677633.604910624213517, 3540264.296057120431215 ], [ 677602.684492489672266, 3540278.920325753744692 ], [ 677592.068914800765924, 3540323.293268308974802 ], [ 677606.500572501099668, 3540350.293000830337405 ], [ 677635.796989480848424, 3540359.179971762932837 ], [ 677662.796722002211027, 3540344.748314062599093 ], [ 677673.604910624213517, 3540304.296057120431215 ], [ 677664.525328758754767, 3540278.920325753744692 ] ] ], [ [ [ 677967.077598686679266, 3540438.269751489162445 ], [ 677951.464517846703529, 3540426.690301555208862 ], [ 677928.353567671496421, 3540424.414071639534086 ], [ 677907.872909304685891, 3540435.361211608164012 ], [ 677897.87956712290179, 3540452.03409576555714 ], [ 677875.83781561627984, 3540614.650869084056467 ], [ 677884.91739748173859, 3540640.02660045074299 ], [ 677904.226428526104428, 3540652.928482513409108 ], [ 677934.693685089354403, 3540649.927719657775015 ], [ 677954.115429045516066, 3540626.262256174348295 ], [ 677975.964569619041868, 3540467.566168468911201 ], [ 677967.077598686679266, 3540438.269751489162445 ] ] ], [ [ [ 678277.215266625629738, 3540459.562701121438295 ], [ 678242.374162877909839, 3540445.13104342110455 ], [ 678211.017997917137109, 3540466.08256301516667 ], [ 678198.971707133343443, 3540533.991885155439377 ], [ 678219.923226727172732, 3540565.348050116095692 ], [ 678250.390483290422708, 3540568.348812971729785 ], [ 678274.055946774198674, 3540548.927069015335292 ], [ 678286.294848491088487, 3540484.938432488124818 ], [ 678277.215266625629738, 3540459.562701121438295 ] ] ], [ [ [ 678247.784413618617691, 3540630.901972270105034 ], [ 678212.943309870897792, 3540616.47031456977129 ], [ 678181.587144910125062, 3540637.42183416383341 ], [ 678167.115361452684738, 3540720.351018052082509 ], [ 678188.066881046514027, 3540751.707183012738824 ], [ 678218.534137609764002, 3540754.707945868372917 ], [ 678242.199601093539968, 3540735.286201911978424 ], [ 678256.671384550980292, 3540660.19838924985379 ], [ 678247.784413618617691, 3540630.901972270105034 ] ] ], [ [ [ 677912.356437335838564, 3540815.294585513882339 ], [ 677881.436019201297313, 3540800.670316880568862 ], [ 677850.515601066756062, 3540815.294585513882339 ], [ 677840.041418105247431, 3540859.744255171623081 ], [ 677854.473075805581175, 3540886.743987692985684 ], [ 677883.76949278532993, 3540895.630958625581115 ], [ 677910.769225306692533, 3540881.199300925247371 ], [ 677921.436019201297313, 3540840.670316880568862 ], [ 677912.356437335838564, 3540815.294585513882339 ] ] ], [ [ [ 678456.073880093172193, 3541043.586716984398663 ], [ 678440.460799253196456, 3541032.00726705044508 ], [ 678417.349849077989347, 3541029.731037134770304 ], [ 678388.198280658223666, 3541053.655111056286842 ], [ 678364.725557260331698, 3541158.098036103881896 ], [ 678371.466772768180817, 3541180.320845424663275 ], [ 678389.418219965766184, 3541195.053217404522002 ], [ 678420.032894554897211, 3541195.053217404522002 ], [ 678441.680738560738973, 3541173.40537339868024 ], [ 678445.18457250285428, 3541136.040513165295124 ], [ 678464.960851025534794, 3541072.883133964147419 ], [ 678456.073880093172193, 3541043.586716984398663 ] ] ], [ [ [ 678708.179228914435953, 3539975.519906291738153 ], [ 678681.17949639307335, 3539961.088248591404408 ], [ 678651.883079413324594, 3539969.97521952399984 ], [ 678637.45142171299085, 3539996.974952045362443 ], [ 678646.338392645353451, 3540026.271369025111198 ], [ 678673.338125166716054, 3540040.703026725444943 ], [ 678702.63454214646481, 3540031.816055792849511 ], [ 678717.066199846798554, 3540004.816323271486908 ], [ 678708.179228914435953, 3539975.519906291738153 ] ] ], [ [ [ 679374.507873354712501, 3540262.046177515760064 ], [ 679347.508140833349898, 3540247.61451981542632 ], [ 679318.211723853601143, 3540256.501490748021752 ], [ 679303.780066153267398, 3540283.501223269384354 ], [ 679312.66703708563, 3540312.79764024913311 ], [ 679339.666769606992602, 3540327.229297949466854 ], [ 679368.963186586741358, 3540318.342327016871423 ], [ 679383.394844287075102, 3540291.34259449550882 ], [ 679374.507873354712501, 3540262.046177515760064 ] ] ], [ [ [ 679985.282485316158272, 3540621.728607601486146 ], [ 679958.28275279479567, 3540607.296949901152402 ], [ 679928.986335815046914, 3540616.183920833747834 ], [ 679914.55467811471317, 3540643.183653355110437 ], [ 679923.441649047075771, 3540672.480070334859192 ], [ 679950.441381568438374, 3540686.911728035192937 ], [ 679979.737798548187129, 3540678.024757102597505 ], [ 679994.169456248520873, 3540651.025024581234902 ], [ 679985.282485316158272, 3540621.728607601486146 ] ] ], [ [ [ 678532.002527808188461, 3540716.789398475550115 ], [ 678497.161424060468562, 3540702.357740775216371 ], [ 678467.82332518149633, 3540719.942320521455258 ], [ 678453.05721682892181, 3540771.718034293036908 ], [ 678470.83440750814043, 3540804.976818785071373 ], [ 678500.860829709563404, 3540810.94944550935179 ], [ 678526.31600132107269, 3540793.940843613818288 ], [ 678540.889498740551062, 3540746.085815455298871 ], [ 678532.002527808188461, 3540716.789398475550115 ] ] ], [ [ [ 678746.974687470588833, 3540931.0031304997392 ], [ 678712.133583722868934, 3540916.571472799405456 ], [ 678682.795484843896702, 3540934.156052545644343 ], [ 678676.822858119965531, 3540964.182474747300148 ], [ 678690.758226262289099, 3540987.358380866702646 ], [ 678662.232560604810715, 3540996.283216383773834 ], [ 678647.80090290447697, 3541023.282948905136436 ], [ 678650.653110670973547, 3541042.510971812997013 ], [ 678665.385482650599442, 3541060.462419010233134 ], [ 678695.411904852022417, 3541066.435045734513551 ], [ 678720.867076463531703, 3541049.426443838980049 ], [ 678726.839703187462874, 3541019.400021637324244 ], [ 678712.904335045139305, 3540996.224115517921746 ], [ 678734.910138809122145, 3540991.655712440144271 ], [ 678751.331119909998961, 3540975.23473133938387 ], [ 678755.861658402951434, 3540952.45817625336349 ], [ 678746.974687470588833, 3540931.0031304997392 ] ] ], [ [ [ 678961.468967045890167, 3541008.854123892728239 ], [ 678934.469234524527565, 3540994.422466192394495 ], [ 678902.264277663896792, 3541005.945584011729807 ], [ 678883.707784273778088, 3541043.767234183382243 ], [ 678895.230902093229815, 3541075.972191044129431 ], [ 678923.51517334068194, 3541087.687919796444476 ], [ 678951.799444588134065, 3541075.972191044129431 ], [ 678970.355937978252769, 3541038.150540872476995 ], [ 678961.468967045890167, 3541008.854123892728239 ] ] ], [ [ [ 679195.803281432483345, 3541101.634241840802133 ], [ 679168.803548911120743, 3541087.202584140468389 ], [ 679136.59859205048997, 3541098.7257019598037 ], [ 679107.301577070262283, 3541143.623382098041475 ], [ 679118.24871703889221, 3541179.711266226600856 ], [ 679146.532988286344334, 3541191.4269949789159 ], [ 679174.817259533796459, 3541179.711266226600856 ], [ 679203.16047672717832, 3541138.621360297780484 ], [ 679195.803281432483345, 3541101.634241840802133 ] ] ], [ [ [ 679410.249870136496611, 3541251.889199632685632 ], [ 679383.250137615134008, 3541237.457541932351887 ], [ 679351.045180754503235, 3541248.980659751687199 ], [ 679339.72240241302643, 3541271.993666330818087 ], [ 679320.160295429173857, 3541282.710721155628562 ], [ 679291.577614000998437, 3541318.904522333759815 ], [ 679289.301384085323662, 3541342.015472509432584 ], [ 679300.248524053953588, 3541362.496130876243114 ], [ 679328.532795301405713, 3541374.211859628558159 ], [ 679356.817066548857838, 3541362.496130876243114 ], [ 679388.051616265554912, 3541316.266257071867585 ], [ 679414.606302575906739, 3541296.120800472330302 ], [ 679419.136841068859212, 3541273.344245386309922 ], [ 679410.249870136496611, 3541251.889199632685632 ] ] ], [ [ [ 679194.968509933329187, 3541488.692569538019598 ], [ 679167.968777411966585, 3541474.260911837685853 ], [ 679135.763820551335812, 3541485.784029657021165 ], [ 679114.369620842509903, 3541521.965525076258928 ], [ 679125.89273866196163, 3541554.170481937006116 ], [ 679154.177009909413755, 3541565.88621068932116 ], [ 679182.46128115686588, 3541554.170481937006116 ], [ 679203.279503014869988, 3541521.871913785580546 ], [ 679194.968509933329187, 3541488.692569538019598 ] ] ], [ [ [ 679533.281342654139735, 3541547.385163050144911 ], [ 679506.281610132777132, 3541532.953505349811167 ], [ 679474.076653272146359, 3541544.476623169146478 ], [ 679445.733287334442139, 3541581.10004163114354 ], [ 679446.470328012714162, 3541613.273057805374265 ], [ 679414.725470040924847, 3541609.506530134938657 ], [ 679391.060006557148881, 3541628.928274091333151 ], [ 679386.529468064196408, 3541651.704829177353531 ], [ 679398.052585883648135, 3541676.068414811976254 ], [ 679418.533244250458665, 3541687.01555478060618 ], [ 679441.644194425665773, 3541684.739324864931405 ], [ 679463.292038431507535, 3541663.091480859089643 ], [ 679462.554997753235511, 3541630.918464684858918 ], [ 679486.609154248028062, 3541636.214767992962152 ], [ 679510.972739882301539, 3541624.69165017362684 ], [ 679540.63853794883471, 3541584.372281507123262 ], [ 679533.281342654139735, 3541547.385163050144911 ] ] ], [ [ [ 679830.295803599059582, 3541674.372416552621871 ], [ 679803.296071077696979, 3541659.940758852288127 ], [ 679773.999654097948223, 3541668.827729784883559 ], [ 679749.590586049365811, 3541698.048303357791156 ], [ 679756.947781344060786, 3541735.035421814769506 ], [ 679783.947513865423389, 3541749.467079515103251 ], [ 679813.243930845172144, 3541740.580108582507819 ], [ 679837.652998893754557, 3541711.359535009600222 ], [ 679830.295803599059582, 3541674.372416552621871 ] ] ], [ [ [ 680034.796337598003447, 3541895.346209835726768 ], [ 680015.487306553637609, 3541882.44432777306065 ], [ 679992.264532373286784, 3541882.44432777306065 ], [ 679930.858353840885684, 3541928.106198032386601 ], [ 679916.42669614055194, 3541955.105930553749204 ], [ 679925.313667072914541, 3541984.402347533497959 ], [ 679940.926747912890278, 3541995.981797467451543 ], [ 679964.037698088097386, 3541998.258027383126318 ], [ 680019.143457714701071, 3541963.551986443344504 ], [ 680043.107330679544248, 3541928.525554083287716 ], [ 680034.796337598003447, 3541895.346209835726768 ] ] ], [ [ [ 680129.652145283529535, 3542175.983501176349819 ], [ 680090.438576897606254, 3542206.371162672061473 ], [ 680079.491436928976327, 3542226.851821038872004 ], [ 680085.464063652907498, 3542256.878243240527809 ], [ 680110.919235264416784, 3542273.886845136061311 ], [ 680137.578717618132941, 3542269.932284493464977 ], [ 680228.82615915639326, 3542207.153526564128697 ], [ 680246.60334983561188, 3542173.894742072094232 ], [ 680234.887621083064005, 3542145.610470824409276 ], [ 680206.60334983561188, 3542133.894742072094232 ], [ 680159.737986853579059, 3542152.305357292760164 ], [ 680129.652145283529535, 3542175.983501176349819 ] ] ], [ [ [ 680739.817315080901608, 3542543.553396581206471 ], [ 680708.896896946360357, 3542528.929127947892994 ], [ 680671.193669845932163, 3542546.811586582567543 ], [ 680656.762012145598419, 3542573.811319103930146 ], [ 680665.64898307796102, 3542603.107736083678901 ], [ 680696.569401212502271, 3542617.732004716992378 ], [ 680734.272628312930465, 3542599.849546082317829 ], [ 680748.704286013264209, 3542572.849813560955226 ], [ 680739.817315080901608, 3542543.553396581206471 ] ] ], [ [ [ 680652.267806912190281, 3542604.349751864094287 ], [ 680629.151001658290625, 3542590.494072014465928 ], [ 680606.040051483083516, 3542592.770301930140704 ], [ 680535.502849322394468, 3542647.676869848743081 ], [ 680496.494894988485612, 3542662.592215357813984 ], [ 680437.85271922510583, 3542711.83301911316812 ], [ 680431.11150371725671, 3542734.0558284339495 ], [ 680437.85271922510583, 3542756.27863775473088 ], [ 680467.190818104078062, 3542773.863217500969768 ], [ 680507.576488045277074, 3542761.104857628699392 ], [ 680567.400572342565283, 3542704.654397269245237 ], [ 680590.416095370310359, 3542700.159306321293116 ], [ 680649.631660025101155, 3542658.009754478465766 ], [ 680661.154777844552882, 3542633.646168843843043 ], [ 680652.267806912190281, 3542604.349751864094287 ] ] ], [ [ [ 681723.79130647785496, 3542643.338462006300688 ], [ 681696.791573956492357, 3542628.906804305966944 ], [ 681667.495156976743601, 3542637.793775238562375 ], [ 681653.063499276409857, 3542664.793507759924978 ], [ 681661.950470208772458, 3542694.089924739673734 ], [ 681688.950202730135061, 3542708.521582440007478 ], [ 681718.246619709883817, 3542699.634611507412046 ], [ 681732.678277410217561, 3542672.634878986049443 ], [ 681723.79130647785496, 3542643.338462006300688 ] ] ], [ [ [ 680856.742063698824495, 3542850.725716179702431 ], [ 680833.625258444924839, 3542836.870036330074072 ], [ 680810.514308269717731, 3542839.146266245748848 ], [ 680775.28231852047611, 3542862.268047694582492 ], [ 680763.133707206929103, 3542879.471828028094023 ], [ 680744.332030776655301, 3542884.192315120715648 ], [ 680652.041045828489587, 3542945.003068584483117 ], [ 680635.032443933188915, 3542970.458240195643157 ], [ 680641.005070657120086, 3543000.484662397298962 ], [ 680658.956517854705453, 3543015.217034377157688 ], [ 680682.067468029912561, 3543017.493264292832464 ], [ 680761.164113910985179, 3542971.07855165656656 ], [ 680800.71224292984698, 3542933.1858034953475 ], [ 680819.513919360120781, 3542928.465316402725875 ], [ 680856.742063698824495, 3542901.477178913075477 ], [ 680865.821645564283244, 3542876.101447546388954 ], [ 680856.742063698824495, 3542850.725716179702431 ] ] ], [ [ [ 680925.003636155277491, 3543177.11105577275157 ], [ 680896.719364907825366, 3543165.395327020436525 ], [ 680868.435093660373241, 3543177.11105577275157 ], [ 680856.719364907825366, 3543205.395327020436525 ], [ 680868.435093660373241, 3543233.679598268121481 ], [ 680896.719364907825366, 3543245.395327020436525 ], [ 680925.003636155277491, 3543233.679598268121481 ], [ 680936.719364907825366, 3543205.395327020436525 ], [ 680925.003636155277491, 3543177.11105577275157 ] ] ] ] } },
{ "type": "Feature", "properties": { "depth_bin": "70-75" }, "geometry": { "type": "MultiPolygon", "coordinates": [ [ [ [ 676712.866642290377058, 3540236.568201531656086 ], [ 676697.253561450401321, 3540224.988751597702503 ], [ 676674.142611275194213, 3540222.712521682027727 ], [ 676653.661952908383682, 3540233.659661650657654 ], [ 676642.714812939753756, 3540254.140320017468184 ], [ 676647.926834998186678, 3540282.897749999538064 ], [ 676639.417232153122313, 3540303.8439737893641 ], [ 676640.735889279516414, 3540406.972083501983434 ], [ 676651.68302924814634, 3540427.452741868793964 ], [ 676672.163687614956871, 3540438.399881837423891 ], [ 676702.190109816379845, 3540432.427255113143474 ], [ 676719.198711711680517, 3540406.972083501983434 ], [ 676713.244010377675295, 3540286.810842301230878 ], [ 676721.946224155835807, 3540261.943932898342609 ], [ 676712.866642290377058, 3540236.568201531656086 ] ] ], [ [ [ 676394.924335768446326, 3540250.242402596864849 ], [ 676379.311254928470589, 3540238.662952662911266 ], [ 676356.200304753263481, 3540236.38672274723649 ], [ 676335.719646386452951, 3540247.333862715866417 ], [ 676325.72630420466885, 3540264.006746873259544 ], [ 676325.710498681291938, 3540344.405966982245445 ], [ 676336.657638649921864, 3540364.886625349055976 ], [ 676353.330522807198577, 3540374.879967530723661 ], [ 676383.797779370448552, 3540371.879204675089568 ], [ 676403.219523326610215, 3540348.213741191662848 ], [ 676403.811306700808927, 3540271.69744835048914 ], [ 676394.924335768446326, 3540250.242402596864849 ] ] ], [ [ [ 677034.069582270924002, 3540304.059073443990201 ], [ 677013.588923904113472, 3540293.111933475360274 ], [ 676994.173923933296464, 3540294.065731262322515 ], [ 676977.501039776019752, 3540304.059073443990201 ], [ 676966.553899807389826, 3540324.539731810800731 ], [ 676964.917856279527768, 3540446.904165436513722 ], [ 676975.864996248157695, 3540467.384823803324252 ], [ 676996.345654614968225, 3540478.331963771954179 ], [ 677026.3720768163912, 3540472.359337047673762 ], [ 677043.380678711691871, 3540446.904165436513722 ], [ 677045.592700090375729, 3540328.422659078612924 ], [ 677034.069582270924002, 3540304.059073443990201 ] ] ], [ [ [ 676391.115626253187656, 3540415.029653230216354 ], [ 676370.634967886377126, 3540404.082513261586428 ], [ 676351.219967915560119, 3540405.036311048548669 ], [ 676334.547083758283406, 3540415.029653230216354 ], [ 676323.59994378965348, 3540435.510311597026885 ], [ 676322.592972334590741, 3540492.895282468758523 ], [ 676329.270212947856635, 3540511.370851796120405 ], [ 676322.089596532052383, 3540557.718877682462335 ], [ 676333.036736500682309, 3540578.199536049272865 ], [ 676353.51739486749284, 3540589.146676017902792 ], [ 676383.543817068915814, 3540583.174049293622375 ], [ 676400.552418964216486, 3540557.718877682462335 ], [ 676394.788248998345807, 3540512.371674704365432 ], [ 676402.207750468398444, 3540492.895282468758523 ], [ 676402.638744072639383, 3540439.393238864839077 ], [ 676391.115626253187656, 3540415.029653230216354 ] ] ], [ [ [ 677030.403184790629894, 3540639.367694516666234 ], [ 677009.922526423819363, 3540628.420554548036307 ], [ 676990.507526453002356, 3540629.374352334998548 ], [ 676973.834642295725644, 3540639.367694516666234 ], [ 676962.887502327095717, 3540659.848352883476764 ], [ 676961.83123453008011, 3540797.385899695102125 ], [ 676972.778374498710036, 3540817.866558061912656 ], [ 676993.259032865520567, 3540828.813698030542582 ], [ 677023.285455066943541, 3540822.841071306262165 ], [ 677040.294056962244213, 3540797.385899695102125 ], [ 677042.988593892310746, 3540679.007717770524323 ], [ 677030.403184790629894, 3540639.367694516666234 ] ] ], [ [ [ 676382.809372160001658, 3541116.901179214008152 ], [ 676354.525100912549533, 3541105.185450461693108 ], [ 676326.240829665097408, 3541116.901179214008152 ], [ 676314.525100912549533, 3541145.185450461693108 ], [ 676326.240829665097408, 3541173.469721709378064 ], [ 676354.525100912549533, 3541185.185450461693108 ], [ 676382.809372160001658, 3541173.469721709378064 ], [ 676394.525100912549533, 3541145.185450461693108 ], [ 676382.809372160001658, 3541116.901179214008152 ] ] ], [ [ [ 676379.635631034499966, 3541256.826753908302635 ], [ 676352.635898513137363, 3541242.395096207968891 ], [ 676323.339481533388607, 3541251.282067140564322 ], [ 676308.907823833054863, 3541278.281799661926925 ], [ 676317.794794765417464, 3541307.578216641675681 ], [ 676344.794527286780067, 3541322.009874342009425 ], [ 676374.090944266528822, 3541313.122903409413993 ], [ 676388.522601966862567, 3541286.123170888051391 ], [ 676379.635631034499966, 3541256.826753908302635 ] ] ], [ [ [ 677041.591993592097424, 3539709.743609888013452 ], [ 677013.307722344645299, 3539698.027881135698408 ], [ 676985.023451097193174, 3539709.743609888013452 ], [ 676973.307722344645299, 3539738.027881135698408 ], [ 676985.023451097193174, 3539766.312152383383363 ], [ 677013.307722344645299, 3539778.027881135698408 ], [ 677041.591993592097424, 3539766.312152383383363 ], [ 677053.307722344645299, 3539738.027881135698408 ], [ 677041.591993592097424, 3539709.743609888013452 ] ] ], [ [ [ 677351.733727022772655, 3540392.700176040641963 ], [ 677331.253068655962124, 3540381.753036072012037 ], [ 677311.838068685145117, 3540382.706833858974278 ], [ 677295.165184527868405, 3540392.700176040641963 ], [ 677284.218044559238479, 3540413.180834407452494 ], [ 677281.553203042363748, 3540516.394916750490665 ], [ 677293.28180577501189, 3540540.944743054453284 ], [ 677279.783508085762151, 3540557.980938380118459 ], [ 677276.931300319265574, 3540577.208961287979037 ], [ 677288.454418138717301, 3540601.572546922601759 ], [ 677308.935076505527832, 3540612.519686891231686 ], [ 677338.961498706950806, 3540606.547060166951269 ], [ 677355.970100602251478, 3540581.091888555791229 ], [ 677344.817475720425136, 3540544.817763757891953 ], [ 677360.592003325349651, 3540520.277844018302858 ], [ 677363.44945577532053, 3540420.984447288326919 ], [ 677351.733727022772655, 3540392.700176040641963 ] ] ], [ [ [ 677570.712576588382944, 3540516.36391977686435 ], [ 677544.752106583677232, 3540778.135792553890496 ], [ 677559.183764284010977, 3540805.135525075253099 ], [ 677588.480181263759732, 3540814.022496007848531 ], [ 677612.843766898033209, 3540802.499378188513219 ], [ 677623.790906866663136, 3540782.018719821702689 ], [ 677647.017414558795281, 3540565.998008713126183 ], [ 677648.642663918668404, 3540485.879148319363594 ], [ 677626.994819912826642, 3540464.231304313521832 ], [ 677596.380145323695615, 3540464.231304313521832 ], [ 677576.41063204430975, 3540482.330616141203791 ], [ 677570.712576588382944, 3540516.36391977686435 ] ] ], [ [ [ 677344.40309845644515, 3540669.782742749433964 ], [ 677328.790017616469413, 3540658.203292815480381 ], [ 677305.679067441262305, 3540655.927062899805605 ], [ 677285.198409074451774, 3540666.874202868435532 ], [ 677274.251269105821848, 3540687.354861235246062 ], [ 677272.6642187286634, 3540840.108511789701879 ], [ 677283.611358697293326, 3540860.589170156512409 ], [ 677304.092017064103857, 3540871.536310125142336 ], [ 677334.118439265526831, 3540865.563683400861919 ], [ 677351.127041160827503, 3540840.108511789701879 ], [ 677353.482680321903899, 3540695.158474116120487 ], [ 677344.40309845644515, 3540669.782742749433964 ] ] ], [ [ [ 677325.418922518263571, 3541189.851829275954515 ], [ 677309.805841678287834, 3541178.272379342000932 ], [ 677286.694891503080726, 3541175.996149426326156 ], [ 677266.214233136270195, 3541186.943289394956082 ], [ 677256.220890954486094, 3541203.61617355234921 ], [ 677259.221653809770942, 3541234.083430115599185 ], [ 677279.932214595493861, 3541252.447892980650067 ], [ 677256.365384810254909, 3541268.983489872422069 ], [ 677250.392758086323738, 3541299.009912074077874 ], [ 677261.339898054953665, 3541319.490570440888405 ], [ 677278.012782212230377, 3541329.48391262255609 ], [ 677308.480038775480352, 3541326.483149766921997 ], [ 677327.901782731642015, 3541302.817686283495277 ], [ 677324.901019876357168, 3541272.350429720245302 ], [ 677304.190459090634249, 3541253.98596685519442 ], [ 677322.782775631174445, 3541243.511831890325993 ], [ 677332.776117812958546, 3541226.838947732932866 ], [ 677325.418922518263571, 3541189.851829275954515 ] ] ], [ [ [ 677707.861342164222151, 3539790.583358311560005 ], [ 677679.577070916770026, 3539778.867629559244961 ], [ 677651.292799669317901, 3539790.583358311560005 ], [ 677639.577070916770026, 3539818.867629559244961 ], [ 677651.292799669317901, 3539847.151900806929916 ], [ 677679.577070916770026, 3539858.867629559244961 ], [ 677707.861342164222151, 3539847.151900806929916 ], [ 677719.577070916770026, 3539818.867629559244961 ], [ 677707.861342164222151, 3539790.583358311560005 ] ] ], [ [ [ 677941.163739951094612, 3540601.239067835267633 ], [ 677920.683081584284082, 3540590.291927866637707 ], [ 677901.268081613467075, 3540591.245725653599948 ], [ 677884.595197456190363, 3540601.239067835267633 ], [ 677873.648057487560436, 3540621.719726202078164 ], [ 677866.94002919155173, 3540674.899243529886007 ], [ 677877.018474005861208, 3540701.377050329465419 ], [ 677859.059349375311285, 3540727.401943343225867 ], [ 677843.848728124052286, 3540821.64859940065071 ], [ 677847.611728848307393, 3540842.802332221996039 ], [ 677830.13545826333575, 3540900.676449378021061 ], [ 677839.215040128794499, 3540926.052180744707584 ], [ 677862.331845382694155, 3540939.907860594335943 ], [ 677898.419729510787874, 3540928.960720625706017 ], [ 677913.151802281849086, 3540893.472446484491229 ], [ 677912.316456440719776, 3540853.438629161566496 ], [ 677922.887528407038189, 3540833.372897894587368 ], [ 677938.098149658297189, 3540739.126241837162524 ], [ 677928.212315777083859, 3540708.72774942452088 ], [ 677945.217642620787956, 3540686.510630620177835 ], [ 677952.686857770546339, 3540633.444024696014822 ], [ 677941.163739951094612, 3540601.239067835267633 ] ] ], [ [ [ 678231.171366985654458, 3540702.93716889526695 ], [ 678195.083482857560739, 3540691.990028926637024 ], [ 678165.931914437795058, 3540715.914102848153561 ], [ 678152.762912748614326, 3540795.194056791719049 ], [ 678161.649883680976927, 3540816.649102545343339 ], [ 678177.262964520952664, 3540828.228552479296923 ], [ 678207.877639110083692, 3540828.228552479296923 ], [ 678229.525483115925454, 3540806.580708473455161 ], [ 678242.887095738202333, 3540731.221440142951906 ], [ 678231.171366985654458, 3540702.93716889526695 ] ] ], [ [ [ 678431.504767583683133, 3540868.12572223180905 ], [ 678388.269677091389894, 3541049.84820517571643 ], [ 678392.800215584342368, 3541072.62476026173681 ], [ 678406.829733298160136, 3541087.612353370524943 ], [ 678386.504083612118848, 3541094.260367402341217 ], [ 678373.450042358948849, 3541108.663282421417534 ], [ 678373.238420787733048, 3541145.927585148252547 ], [ 678358.648169600986876, 3541183.901545232627541 ], [ 678367.535140533349477, 3541213.197962212376297 ], [ 678394.534873054712079, 3541227.629619912710041 ], [ 678426.739829915342852, 3541216.106502093374729 ], [ 678441.794995351461694, 3541180.867021820973605 ], [ 678438.052056280546822, 3541154.654975686222315 ], [ 678448.53428199980408, 3541123.598466281313449 ], [ 678429.974225793033838, 3541093.675689312629402 ], [ 678458.997484292834997, 3541079.144622155465186 ], [ 678476.49321124330163, 3541032.462950211483985 ], [ 678526.691968824481592, 3540789.925815544556826 ], [ 678523.839761057985015, 3540770.697792636696249 ], [ 678509.10738907835912, 3540752.746345439460129 ], [ 678479.080966876936145, 3540746.773718715179712 ], [ 678453.625795265426859, 3540763.782320610713214 ], [ 678443.191441889968701, 3540796.604797057341784 ], [ 678446.246892020688392, 3540832.992127932608128 ], [ 678431.504767583683133, 3540868.12572223180905 ] ] ], [ [ [ 678385.36391850549262, 3541331.073546851519495 ], [ 678357.079647258040495, 3541319.357818099204451 ], [ 678328.79537601058837, 3541331.073546851519495 ], [ 678317.079647258040495, 3541359.357818099204451 ], [ 678328.79537601058837, 3541387.642089346889406 ], [ 678357.079647258040495, 3541399.357818099204451 ], [ 678385.36391850549262, 3541387.642089346889406 ], [ 678397.079647258040495, 3541359.357818099204451 ], [ 678385.36391850549262, 3541331.073546851519495 ] ] ], [ [ [ 678943.470845781732351, 3541032.344924496021122 ], [ 678911.265888921101578, 3541020.82180667668581 ], [ 678881.927790042129345, 3541038.406386422924697 ], [ 678854.363428723183461, 3541097.121084638871253 ], [ 678857.215636489680037, 3541116.34910754673183 ], [ 678871.948008469305933, 3541134.30055474396795 ], [ 678901.974430670728907, 3541140.273181468248367 ], [ 678927.429602282238193, 3541123.264579572714865 ], [ 678954.417985750362277, 3541068.432808624580503 ], [ 678943.470845781732351, 3541032.344924496021122 ] ] ], [ [ [ 679165.105482774437405, 3541134.93097381433472 ], [ 679132.900525913806632, 3541123.407855994999409 ], [ 679105.900793392444029, 3541137.839513695333153 ], [ 679055.408165109809488, 3541214.514266918413341 ], [ 679055.408165109809488, 3541237.737041098996997 ], [ 679068.310047172475606, 3541257.046072143130004 ], [ 679097.606464152224362, 3541265.933043075725436 ], [ 679124.606196673586965, 3541251.501385375391692 ], [ 679175.098824956221506, 3541174.826632152311504 ], [ 679176.052622743067332, 3541155.411632181145251 ], [ 679165.105482774437405, 3541134.93097381433472 ] ] ], [ [ [ 679346.919409089721739, 3541317.58622023742646 ], [ 679322.555823455448262, 3541306.063102418091148 ], [ 679296.412328521488234, 3541312.61170699307695 ], [ 679246.646055050194263, 3541365.617289362475276 ], [ 679238.150150392437354, 3541384.435980438720435 ], [ 679217.364235857501626, 3541395.428400882519782 ], [ 679142.445359339006245, 3541476.815392807126045 ], [ 679133.833249007002451, 3541507.964769442100078 ], [ 679099.681824803818017, 3541525.698107544332743 ], [ 679093.133220229065046, 3541551.841602478176355 ], [ 679104.656338048516773, 3541576.205188112799078 ], [ 679132.940609295968898, 3541587.920916865114123 ], [ 679161.224880543421023, 3541576.205188112799078 ], [ 679172.473137762513943, 3541542.147271596826613 ], [ 679201.650048720999621, 3541530.475395421497524 ], [ 679267.21195244602859, 3541460.952517389785498 ], [ 679285.064829897251911, 3541430.269712420646101 ], [ 679305.850744432187639, 3541419.277291976846755 ], [ 679351.893922334420495, 3541368.093300805892795 ], [ 679358.442526909173466, 3541341.949805872049183 ], [ 679346.919409089721739, 3541317.58622023742646 ] ] ], [ [ [ 679028.818032731534913, 3541333.802572233136743 ], [ 678997.897614596993662, 3541319.178303599823266 ], [ 678966.977196462452412, 3541333.802572233136743 ], [ 678957.935751234879717, 3541358.402014502324164 ], [ 678940.113212003489025, 3541370.772021289449185 ], [ 678897.924109203508124, 3541430.059695098083466 ], [ 678895.647879287833348, 3541453.170645273756236 ], [ 678909.503559137345292, 3541476.287450527306646 ], [ 678946.490677594090812, 3541483.644645822234452 ], [ 678975.696674205013551, 3541459.111557031050324 ], [ 679010.995493500144221, 3541396.92404175363481 ], [ 679034.852795897400938, 3541374.485640894621611 ], [ 679037.705003663897514, 3541355.257617986761034 ], [ 679028.818032731534913, 3541333.802572233136743 ] ] ], [ [ [ 679376.272812473587692, 3541640.697959837969393 ], [ 679329.18819665024057, 3541685.3283397029154 ], [ 679320.87720356869977, 3541702.900458188727498 ], [ 679326.849830292630941, 3541732.926880390383303 ], [ 679352.305001904140227, 3541749.935482285916805 ], [ 679385.484346151351929, 3541741.624489204026759 ], [ 679443.670424738316797, 3541686.661357535514981 ], [ 679454.617564706946723, 3541666.18069916870445 ], [ 679448.644937983015552, 3541636.154276967048645 ], [ 679426.997540581040084, 3541620.099472858477384 ], [ 679400.078816196299158, 3541621.421904987189919 ], [ 679376.272812473587692, 3541640.697959837969393 ] ] ], [ [ [ 679681.98370717826765, 3540417.937361285556108 ], [ 679653.699435930815525, 3540406.221632533241063 ], [ 679625.4151646833634, 3540417.937361285556108 ], [ 679613.699435930815525, 3540446.221632533241063 ], [ 679625.4151646833634, 3540474.505903780926019 ], [ 679653.699435930815525, 3540486.221632533241063 ], [ 679681.98370717826765, 3540474.505903780926019 ], [ 679693.699435930815525, 3540446.221632533241063 ], [ 679681.98370717826765, 3540417.937361285556108 ] ] ], [ [ [ 680267.82655487046577, 3540838.281631852034479 ], [ 680240.826822349103168, 3540823.849974151700735 ], [ 680211.530405369354412, 3540832.736945084296167 ], [ 680197.098747669020668, 3540859.73667760565877 ], [ 680205.985718601383269, 3540889.033094585407525 ], [ 680232.985451122745872, 3540903.46475228574127 ], [ 680262.281868102494627, 3540894.577781353145838 ], [ 680276.713525802828372, 3540867.578048831783235 ], [ 680267.82655487046577, 3540838.281631852034479 ] ] ], [ [ [ 680506.115441074594855, 3541081.291623307857662 ], [ 680477.83116982714273, 3541069.575894555542618 ], [ 680449.546898579690605, 3541081.291623307857662 ], [ 680437.83116982714273, 3541109.575894555542618 ], [ 680449.546898579690605, 3541137.860165803227574 ], [ 680477.83116982714273, 3541149.575894555542618 ], [ 680506.115441074594855, 3541137.860165803227574 ], [ 680517.83116982714273, 3541109.575894555542618 ], [ 680506.115441074594855, 3541081.291623307857662 ] ] ], [ [ [ 680705.403661653166637, 3541343.68748344713822 ], [ 680677.119390405714512, 3541331.971754694823176 ], [ 680648.835119158262387, 3541343.68748344713822 ], [ 680637.119390405714512, 3541371.971754694823176 ], [ 680648.835119158262387, 3541400.256025942508131 ], [ 680677.119390405714512, 3541411.971754694823176 ], [ 680705.403661653166637, 3541400.256025942508131 ], [ 680717.119390405714512, 3541371.971754694823176 ], [ 680705.403661653166637, 3541343.68748344713822 ] ] ], [ [ [ 681202.623254156671464, 3541413.750817474909127 ], [ 681183.314223112305626, 3541400.848935412243009 ], [ 681160.091448931954801, 3541400.848935412243009 ], [ 681071.318520014174283, 3541460.702502924948931 ], [ 681047.010042882175185, 3541490.294564850628376 ], [ 681054.36723817687016, 3541527.281683307606727 ], [ 681077.484043430769816, 3541541.137363157235086 ], [ 681100.594993605976924, 3541538.86113324156031 ], [ 681197.078567388700321, 3541470.046966976020485 ], [ 681211.510225089034066, 3541443.047234454657882 ], [ 681202.623254156671464, 3541413.750817474909127 ] ] ], [ [ [ 679804.252225649310276, 3541691.033392465207726 ], [ 679768.164341521216556, 3541680.086252496577799 ], [ 679726.678945314139128, 3541707.338397804647684 ], [ 679660.035925351665355, 3541770.404217118863016 ], [ 679655.505386858712882, 3541793.180772204883397 ], [ 679664.392357791075483, 3541814.635817958507687 ], [ 679680.00543863105122, 3541826.21526789246127 ], [ 679703.116388806258328, 3541828.491497808136046 ], [ 679744.595293754129671, 3541801.129375014454126 ], [ 679811.244804975809529, 3541738.173533185850829 ], [ 679815.775343468762003, 3541715.396978099830449 ], [ 679804.252225649310276, 3541691.033392465207726 ] ] ], [ [ [ 681150.329603799502365, 3541860.179235924035311 ], [ 681122.04533255205024, 3541848.463507171720266 ], [ 681093.761061304598115, 3541860.179235924035311 ], [ 681082.04533255205024, 3541888.463507171720266 ], [ 681093.761061304598115, 3541916.747778419405222 ], [ 681122.04533255205024, 3541928.463507171720266 ], [ 681150.329603799502365, 3541916.747778419405222 ], [ 681162.04533255205024, 3541888.463507171720266 ], [ 681150.329603799502365, 3541860.179235924035311 ] ] ], [ [ [ 679999.494471322628669, 3541924.586135726887733 ], [ 679972.494738801266067, 3541910.154478026553988 ], [ 679943.198321821517311, 3541919.04144895914942 ], [ 679887.410608347738162, 3541971.051425775513053 ], [ 679882.880069854785688, 3541993.827980861533433 ], [ 679891.767040787148289, 3542015.283026615157723 ], [ 679926.608144534868188, 3542029.714684315491468 ], [ 679960.20615555124823, 3542011.59045931044966 ], [ 680005.529234488494694, 3541965.2692043883726 ], [ 680008.381442254991271, 3541946.041181480512023 ], [ 679999.494471322628669, 3541924.586135726887733 ] ] ], [ [ [ 681558.771225680946372, 3542366.193902035709471 ], [ 681530.486954433494247, 3542354.478173283394426 ], [ 681502.202683186042123, 3542366.193902035709471 ], [ 681490.486954433494247, 3542394.478173283394426 ], [ 681502.202683186042123, 3542422.762444531079382 ], [ 681530.486954433494247, 3542434.478173283394426 ], [ 681558.771225680946372, 3542422.762444531079382 ], [ 681570.486954433494247, 3542394.478173283394426 ], [ 681558.771225680946372, 3542366.193902035709471 ] ] ], [ [ [ 680200.657776686130092, 3542523.203771627042443 ], [ 680172.373505438677967, 3542511.488042874727398 ], [ 680144.089234191225842, 3542523.203771627042443 ], [ 680132.373505438677967, 3542551.488042874727398 ], [ 680144.089234191225842, 3542579.772314122412354 ], [ 680172.373505438677967, 3542591.488042874727398 ], [ 680200.657776686130092, 3542579.772314122412354 ], [ 680212.373505438677967, 3542551.488042874727398 ], [ 680200.657776686130092, 3542523.203771627042443 ] ] ], [ [ [ 680589.725152414175682, 3542648.109968680422753 ], [ 680558.804734279634431, 3542633.485700047109276 ], [ 680523.008033425896429, 3542647.154476216528565 ], [ 680505.999431530595757, 3542672.609647827688605 ], [ 680511.972058254526928, 3542702.63607002934441 ], [ 680541.31015713349916, 3542720.220649775583297 ], [ 680581.027543600415811, 3542706.744484539143741 ], [ 680598.612123346538283, 3542677.406385660171509 ], [ 680589.725152414175682, 3542648.109968680422753 ] ] ], [ [ [ 680488.287613159394823, 3542716.561872491147369 ], [ 680460.003341911942698, 3542704.846143738832325 ], [ 680431.719070664490573, 3542716.561872491147369 ], [ 680420.003341911942698, 3542744.846143738832325 ], [ 680431.719070664490573, 3542773.13041498651728 ], [ 680460.003341911942698, 3542784.846143738832325 ], [ 680488.287613159394823, 3542773.13041498651728 ], [ 680500.003341911942698, 3542744.846143738832325 ], [ 680488.287613159394823, 3542716.561872491147369 ] ] ], [ [ [ 681947.861593410489149, 3542922.356803296133876 ], [ 681920.861860889126547, 3542907.925145595800132 ], [ 681891.565443909377791, 3542916.812116528395563 ], [ 681877.133786209044047, 3542943.811849049758166 ], [ 681886.020757141406648, 3542973.108266029506922 ], [ 681913.020489662769251, 3542987.539923729840666 ], [ 681942.316906642518006, 3542978.652952797245234 ], [ 681956.748564342851751, 3542951.653220275882632 ], [ 681947.861593410489149, 3542922.356803296133876 ] ] ], [ [ [ 680689.987565961899236, 3542958.710555169731379 ], [ 680661.703294714447111, 3542946.994826417416334 ], [ 680633.419023466994986, 3542958.710555169731379 ], [ 680621.703294714447111, 3542986.994826417416334 ], [ 680633.419023466994986, 3543015.27909766510129 ], [ 680661.703294714447111, 3543026.994826417416334 ], [ 680689.987565961899236, 3543015.27909766510129 ], [ 680701.703294714447111, 3542986.994826417416334 ], [ 680689.987565961899236, 3542958.710555169731379 ] ] ], [ [ [ 681123.503365813521668, 3543415.995940836146474 ], [ 681095.219094566069543, 3543404.280212083831429 ], [ 681066.934823318617418, 3543415.995940836146474 ], [ 681055.219094566069543, 3543444.280212083831429 ], [ 681066.934823318617418, 3543472.564483331516385 ], [ 681095.219094566069543, 3543484.280212083831429 ], [ 681123.503365813521668, 3543472.564483331516385 ], [ 681135.219094566069543, 3543444.280212083831429 ], [ 681123.503365813521668, 3543415.995940836146474 ] ] ] ] } },
{ "type": "Feature", "properties": { "depth_bin": "75-80" }, "geometry": { "type": "MultiPolygon", "coordinates": [ [ [ [ 676403.558478608378209, 3539686.499685947783291 ], [ 676376.558746087015606, 3539672.068028247449547 ], [ 676347.262329107266851, 3539680.954999180044979 ], [ 676332.830671406933106, 3539707.954731701407582 ], [ 676341.717642339295708, 3539737.251148681156337 ], [ 676368.71737486065831, 3539751.682806381490082 ], [ 676398.013791840407066, 3539742.79583544889465 ], [ 676412.44544954074081, 3539715.796102927532047 ], [ 676403.558478608378209, 3539686.499685947783291 ] ] ], [ [ [ 676395.013445465941913, 3540326.486368955112994 ], [ 676379.400364625966176, 3540314.90691902115941 ], [ 676356.289414450759068, 3540312.630689105484635 ], [ 676335.808756083948538, 3540323.577829074114561 ], [ 676324.861616115318611, 3540344.058487440925092 ], [ 676324.133082815096714, 3540466.338249853812158 ], [ 676335.08022278372664, 3540486.818908220622689 ], [ 676355.56088115053717, 3540497.766048189252615 ], [ 676385.587303351960145, 3540491.793421464972198 ], [ 676402.595905247260816, 3540466.338249853812158 ], [ 676403.900416398304515, 3540347.941414708737284 ], [ 676395.013445465941913, 3540326.486368955112994 ] ] ], [ [ [ 676638.351696611382067, 3540444.772608163766563 ], [ 676634.222589749027975, 3540692.514252325054258 ], [ 676648.654247449361719, 3540719.513984846416861 ], [ 676677.950664429110475, 3540728.400955779012293 ], [ 676702.314250063383952, 3540716.877837959676981 ], [ 676713.837367882835679, 3540692.514252325054258 ], [ 676718.754462859127671, 3540414.349151245784014 ], [ 676709.674880993668921, 3540388.973419879097492 ], [ 676682.675148472306319, 3540374.541762178763747 ], [ 676653.378731492557563, 3540383.428733111359179 ], [ 676639.523051643045619, 3540406.545538364909589 ], [ 676638.351696611382067, 3540444.772608163766563 ] ] ], [ [ [ 676391.157602296327241, 3540539.805687339510769 ], [ 676360.23718416178599, 3540525.181418706197292 ], [ 676329.316766027244739, 3540539.805687339510769 ], [ 676320.794778102543205, 3540584.343076328281313 ], [ 676335.226435802876949, 3540611.342808849643916 ], [ 676364.522852782625705, 3540620.229779782239348 ], [ 676391.522585303988308, 3540605.798122081905603 ], [ 676400.602167169447057, 3540580.42239071521908 ], [ 676391.157602296327241, 3540539.805687339510769 ] ] ], [ [ [ 676387.045467135263607, 3541089.312125450000167 ], [ 676356.125049000722356, 3541074.68785681668669 ], [ 676325.204630866181105, 3541089.312125450000167 ], [ 676315.167137998505495, 3541133.7298101359047 ], [ 676329.59879569883924, 3541160.729542657267302 ], [ 676358.895212678587995, 3541169.616513589862734 ], [ 676385.894945199950598, 3541155.18485588952899 ], [ 676396.125049000722356, 3541114.68785681668669 ], [ 676387.045467135263607, 3541089.312125450000167 ] ] ], [ [ [ 676690.105564125580713, 3541259.809894214384258 ], [ 676654.017679997486994, 3541248.862754245754331 ], [ 676624.866111577721313, 3541272.786828167270869 ], [ 676621.725818525534123, 3541341.550958191975951 ], [ 676645.649892447050661, 3541370.702526611741632 ], [ 676676.264567036181688, 3541370.702526611741632 ], [ 676697.91241104202345, 3541349.05468260589987 ], [ 676701.62868194503244, 3541284.173479849006981 ], [ 676690.105564125580713, 3541259.809894214384258 ] ] ], [ [ [ 676721.452660770155489, 3539685.266463891603053 ], [ 676693.168389522703364, 3539673.550735139288008 ], [ 676664.88411827525124, 3539685.266463891603053 ], [ 676653.168389522703364, 3539713.550735139288008 ], [ 676664.88411827525124, 3539741.835006386972964 ], [ 676693.168389522703364, 3539753.550735139288008 ], [ 676721.452660770155489, 3539741.835006386972964 ], [ 676733.168389522703364, 3539713.550735139288008 ], [ 676721.452660770155489, 3539685.266463891603053 ] ] ], [ [ [ 677031.862381811952218, 3540425.939698990434408 ], [ 677011.381723445141688, 3540414.992559021804482 ], [ 676988.27077326993458, 3540417.268788937479258 ], [ 676972.657692429958843, 3540428.848238871432841 ], [ 676963.770721497596242, 3540450.303284625057131 ], [ 676962.573039718903601, 3540656.273951103445143 ], [ 676974.096157538355328, 3540680.637536738067865 ], [ 676998.459743172628805, 3540692.160654557403177 ], [ 677027.756160152377561, 3540683.273683624807745 ], [ 677042.187817852711305, 3540656.273951103445143 ], [ 677043.578110564500093, 3540454.223970238119364 ], [ 677031.862381811952218, 3540425.939698990434408 ] ] ], [ [ [ 677350.986333823180757, 3540502.259017050266266 ], [ 677335.37325298320502, 3540490.679567116312683 ], [ 677312.262302807997912, 3540488.403337200637907 ], [ 677291.781644441187382, 3540499.350477169267833 ], [ 677280.834504472557455, 3540519.831135536078364 ], [ 677274.496000614599325, 3540683.730205058585852 ], [ 677286.019118434051052, 3540708.093790693208575 ], [ 677306.499776800861582, 3540719.040930661838502 ], [ 677336.526199002284557, 3540713.068303937558085 ], [ 677353.534800897585228, 3540687.613132326398045 ], [ 677360.065915688639507, 3540527.634748416952789 ], [ 677350.986333823180757, 3540502.259017050266266 ] ] ], [ [ [ 677030.566874511772767, 3540776.483817644417286 ], [ 676998.361917651141994, 3540764.960699825081974 ], [ 676969.023818772169761, 3540782.545279571320862 ], [ 676960.788965902873315, 3540823.903618923388422 ], [ 676978.373545648995787, 3540853.241717802360654 ], [ 677008.399967850418761, 3540859.214344526641071 ], [ 677033.855139461928047, 3540842.205742631107569 ], [ 677042.089992331224494, 3540800.847403279040009 ], [ 677030.566874511772767, 3540776.483817644417286 ] ] ], [ [ [ 677319.764626372721978, 3541281.25674492539838 ], [ 677292.764893851359375, 3541266.825087225064635 ], [ 677263.468476871610619, 3541275.712058157660067 ], [ 677249.036819171276875, 3541302.71179067902267 ], [ 677257.923790103639476, 3541332.008207658771425 ], [ 677284.923522625002079, 3541346.43986535910517 ], [ 677314.219939604750834, 3541337.552894426509738 ], [ 677328.651597305084579, 3541310.553161905147135 ], [ 677319.764626372721978, 3541281.25674492539838 ] ] ], [ [ [ 677492.595722477766685, 3541316.034808286931366 ], [ 677485.905776551808231, 3541357.841373251285404 ], [ 677494.98535841726698, 3541383.217104617971927 ], [ 677521.985090938629583, 3541397.648762318305671 ], [ 677551.281507918378338, 3541388.761791385710239 ], [ 677564.183389981044456, 3541369.452760341577232 ], [ 677574.7342415478779, 3541301.22111754771322 ], [ 677565.847270615515299, 3541271.924700567964464 ], [ 677542.730465361615643, 3541258.069020718336105 ], [ 677512.704043160192668, 3541264.041647442616522 ], [ 677497.971671180566773, 3541281.993094639852643 ], [ 677492.595722477766685, 3541316.034808286931366 ] ] ], [ [ [ 678062.667305267299525, 3539820.676850349176675 ], [ 678035.667572745936923, 3539806.245192648842931 ], [ 678006.371155766188167, 3539815.132163581438363 ], [ 677991.939498065854423, 3539842.131896102800965 ], [ 678000.826468998217024, 3539871.428313082549721 ], [ 678027.826201519579627, 3539885.859970782883465 ], [ 678057.122618499328382, 3539876.972999850288033 ], [ 678071.554276199662127, 3539849.973267328925431 ], [ 678062.667305267299525, 3539820.676850349176675 ] ] ], [ [ [ 678374.141816658317111, 3539888.655114589259028 ], [ 678347.142084136954509, 3539874.223456888925284 ], [ 678317.845667157205753, 3539883.110427821520716 ], [ 678303.414009456872009, 3539910.110160342883319 ], [ 678312.30098038923461, 3539939.406577322632074 ], [ 678339.300712910597213, 3539953.838235022965819 ], [ 678368.597129890345968, 3539944.951264090370387 ], [ 678383.028787590679713, 3539917.951531569007784 ], [ 678374.141816658317111, 3539888.655114589259028 ] ] ], [ [ [ 677934.441570238443092, 3540664.399925472680479 ], [ 677918.828489398467354, 3540652.820475538726896 ], [ 677895.717539223260246, 3540650.54424562305212 ], [ 677866.565970803494565, 3540674.468319544568658 ], [ 677855.944364308379591, 3540754.17979894625023 ], [ 677864.831335240742192, 3540775.63484469987452 ], [ 677880.444416080717929, 3540787.214294633828104 ], [ 677911.059090669848956, 3540787.214294633828104 ], [ 677932.706934675690718, 3540765.566450627986342 ], [ 677943.521152103901841, 3540689.775656839367002 ], [ 677934.441570238443092, 3540664.399925472680479 ] ] ], [ [ [ 677621.953418344724923, 3540703.443229029420763 ], [ 677606.340337504749186, 3540691.86377909546718 ], [ 677583.229387329542078, 3540689.587549179792404 ], [ 677562.748728962731548, 3540700.534689148422331 ], [ 677552.755386780947447, 3540717.207573305815458 ], [ 677551.801588994101621, 3540736.622573276981711 ], [ 677561.760389711475, 3540756.012767321895808 ], [ 677545.40298792545218, 3540777.841534791514277 ], [ 677537.172752036713064, 3540838.578200800344348 ], [ 677546.059722969075665, 3540860.033246553968638 ], [ 677565.368754013441503, 3540872.935128616634756 ], [ 677595.836010576691478, 3540869.934365761000663 ], [ 677615.257754532853141, 3540846.268902277573943 ], [ 677623.680601354688406, 3540789.452921881806105 ], [ 677612.953211853397079, 3540762.259114956017584 ], [ 677631.033000210183673, 3540728.818960396107286 ], [ 677621.953418344724923, 3540703.443229029420763 ] ] ], [ [ [ 678217.778413706459105, 3540777.941009892616421 ], [ 678181.690529578365386, 3540766.993869923986495 ], [ 678161.209871211554855, 3540777.941009892616421 ], [ 678151.216529029770754, 3540794.613894050009549 ], [ 678121.697089035529643, 3540971.507046948652714 ], [ 678130.776670900988393, 3540996.882778315339237 ], [ 678150.085701945354231, 3541009.784660378005356 ], [ 678180.552958508604206, 3541006.783897522371262 ], [ 678199.974702464765869, 3540983.118434038944542 ], [ 678229.301531525910832, 3540810.145966753363609 ], [ 678217.778413706459105, 3540777.941009892616421 ] ] ], [ [ [ 677593.178553756559268, 3541015.90460995817557 ], [ 677566.178821235196665, 3541001.472952257841825 ], [ 677536.882404255447909, 3541010.359923190437257 ], [ 677522.450746555114165, 3541037.35965571179986 ], [ 677531.337717487476766, 3541066.656072691548616 ], [ 677558.337450008839369, 3541081.08773039188236 ], [ 677587.633866988588125, 3541072.200759459286928 ], [ 677602.065524688921869, 3541045.201026937924325 ], [ 677593.178553756559268, 3541015.90460995817557 ] ] ], [ [ [ 677873.656088223797269, 3541079.230123840738088 ], [ 677842.735670089256018, 3541064.605855207424611 ], [ 677811.815251954714768, 3541079.230123840738088 ], [ 677802.483006099937484, 3541123.860399594064802 ], [ 677816.914663800271228, 3541150.860132115427405 ], [ 677846.211080780019984, 3541159.747103048022836 ], [ 677873.210813301382586, 3541145.315445347689092 ], [ 677882.735670089256018, 3541104.605855207424611 ], [ 677873.656088223797269, 3541079.230123840738088 ] ] ], [ [ [ 678135.104201691225171, 3541291.440561478491873 ], [ 678108.104469169862568, 3541277.008903778158128 ], [ 678078.808052190113813, 3541285.89587471075356 ], [ 678064.376394489780068, 3541312.895607232116163 ], [ 678073.26336542214267, 3541342.192024211864918 ], [ 678100.263097943505272, 3541356.623681912198663 ], [ 678129.559514923254028, 3541347.736710979603231 ], [ 678143.991172623587772, 3541320.736978458240628 ], [ 678135.104201691225171, 3541291.440561478491873 ] ] ], [ [ [ 677843.847964378888719, 3541301.057719142641872 ], [ 677812.927546244347468, 3541286.433450509328395 ], [ 677782.007128109806217, 3541301.057719142641872 ], [ 677766.483468959573656, 3541325.130061986856163 ], [ 677762.675361828412861, 3541351.780055874958634 ], [ 677777.107019528746605, 3541386.621159622445703 ], [ 677806.403436508495361, 3541395.508130555041134 ], [ 677833.403169029857963, 3541381.07647285470739 ], [ 677852.73493531125132, 3541330.354136122390628 ], [ 677843.847964378888719, 3541301.057719142641872 ] ] ], [ [ [ 678390.223424186464399, 3541316.50711990846321 ], [ 678358.018467325833626, 3541304.984002089127898 ], [ 678328.680368446861394, 3541322.568581835366786 ], [ 678311.362265223287977, 3541373.601296274922788 ], [ 678329.139455902506597, 3541406.860080766957253 ], [ 678359.165878103929572, 3541412.83270749123767 ], [ 678384.621049715438858, 3541395.824105595704168 ], [ 678401.746542005916126, 3541348.712076769210398 ], [ 678390.223424186464399, 3541316.50711990846321 ] ] ], [ [ [ 678512.86962317454163, 3540806.332012289669365 ], [ 678481.949205040000379, 3540791.707743656355888 ], [ 678451.028786905459128, 3540806.332012289669365 ], [ 678438.570439831935801, 3540846.566891908179969 ], [ 678453.194708465365693, 3540877.487310042604804 ], [ 678482.491125445114449, 3540886.374280975200236 ], [ 678509.490857966477051, 3540871.942623274866492 ], [ 678521.756594106904231, 3540835.62842926941812 ], [ 678512.86962317454163, 3540806.332012289669365 ] ] ], [ [ [ 678915.339813460595906, 3541086.567237490788102 ], [ 678883.134856599965133, 3541075.04411967145279 ], [ 678853.7967577209929, 3541092.628699417691678 ], [ 678806.269308933522552, 3541175.055181500967592 ], [ 678801.798769250512123, 3541198.236215708311647 ], [ 678768.384388784994371, 3541241.162155569996685 ], [ 678709.671897081658244, 3541352.565945218782872 ], [ 678708.349464952829294, 3541379.484669603873044 ], [ 678724.40426906128414, 3541401.132067005615681 ], [ 678754.430691262707114, 3541407.104693729896098 ], [ 678779.8858628742164, 3541390.096091834362596 ], [ 678854.823415423859842, 3541252.893015666399151 ], [ 678859.293955106870271, 3541229.711981459055096 ], [ 678874.804943999624811, 3541216.133860294707119 ], [ 678924.010723513551056, 3541130.158846033271402 ], [ 678926.286953429225832, 3541107.047895857598633 ], [ 678915.339813460595906, 3541086.567237490788102 ] ] ], [ [ [ 678424.841223323834129, 3541177.07586059672758 ], [ 678397.841490802471526, 3541162.644202896393836 ], [ 678368.54507382272277, 3541171.531173828989267 ], [ 678354.113416122389026, 3541198.53090635035187 ], [ 678363.000387054751627, 3541227.827323330100626 ], [ 678390.00011957611423, 3541242.25898103043437 ], [ 678419.296536555862986, 3541233.372010097838938 ], [ 678433.72819425619673, 3541206.372277576476336 ], [ 678424.841223323834129, 3541177.07586059672758 ] ] ], [ [ [ 679114.83372180245351, 3541212.399428064934909 ], [ 679083.91330366791226, 3541197.775159431621432 ], [ 679052.992885533371009, 3541212.399428064934909 ], [ 678945.461188070126809, 3541365.555291994009167 ], [ 678941.506627427996136, 3541392.21477434784174 ], [ 678955.36230727750808, 3541415.33157960139215 ], [ 678984.658724257256836, 3541424.218550533987582 ], [ 679011.658456778619438, 3541409.786892833653837 ], [ 679119.190154241863638, 3541256.63102890457958 ], [ 679123.720692734816112, 3541233.8544738185592 ], [ 679114.83372180245351, 3541212.399428064934909 ] ] ], [ [ [ 678953.267949893022887, 3541428.659084290266037 ], [ 678924.983678645570762, 3541416.943355537950993 ], [ 678896.699407398118638, 3541428.659084290266037 ], [ 678884.983678645570762, 3541456.943355537950993 ], [ 678896.699407398118638, 3541485.227626785635948 ], [ 678924.983678645570762, 3541496.943355537950993 ], [ 678953.267949893022887, 3541485.227626785635948 ], [ 678964.983678645570762, 3541456.943355537950993 ], [ 678953.267949893022887, 3541428.659084290266037 ] ] ], [ [ [ 679336.24777143006213, 3541328.484945346135646 ], [ 679307.963500182610005, 3541316.769216593820602 ], [ 679279.67922893515788, 3541328.484945346135646 ], [ 679219.83092796173878, 3541398.02435810258612 ], [ 679217.554698046064004, 3541421.13530827825889 ], [ 679228.501838014693931, 3541441.61596664506942 ], [ 679256.786109262146056, 3541453.331695397384465 ], [ 679285.070380509598181, 3541441.61596664506942 ], [ 679344.918681483017281, 3541372.076553888618946 ], [ 679347.194911398692057, 3541348.965603712946177 ], [ 679336.24777143006213, 3541328.484945346135646 ] ] ], [ [ [ 681223.576488611055538, 3541391.441683685872704 ], [ 681191.371531750424765, 3541379.918565866537392 ], [ 681155.112887022551149, 3541401.133403464686126 ], [ 681143.397158270003274, 3541429.417674712371081 ], [ 681155.112887022551149, 3541457.701945960056037 ], [ 681187.317843883181922, 3541469.225063779391348 ], [ 681223.576488611055538, 3541448.010226181242615 ], [ 681235.292217363603413, 3541419.725954933557659 ], [ 681223.576488611055538, 3541391.441683685872704 ] ] ], [ [ [ 681103.376635523629375, 3541484.628660929389298 ], [ 681076.376903002266772, 3541470.197003229055554 ], [ 681047.080486022518016, 3541479.083974161650985 ], [ 681032.648828322184272, 3541506.083706683013588 ], [ 681041.535799254546873, 3541535.380123662762344 ], [ 681068.535531775909476, 3541549.811781363096088 ], [ 681097.831948755658232, 3541540.924810430500656 ], [ 681112.263606455991976, 3541513.925077909138054 ], [ 681103.376635523629375, 3541484.628660929389298 ] ] ], [ [ [ 679154.039315799949691, 3541533.845861424226314 ], [ 679127.039583278587088, 3541519.41420372389257 ], [ 679097.743166298838332, 3541528.301174656488001 ], [ 679083.311508598504588, 3541555.300907177850604 ], [ 679092.198479530867189, 3541584.59732415759936 ], [ 679119.198212052229792, 3541599.028981857933104 ], [ 679148.494629031978548, 3541590.142010925337672 ], [ 679162.926286732312292, 3541563.14227840397507 ], [ 679154.039315799949691, 3541533.845861424226314 ] ] ], [ [ [ 679379.908661311026663, 3541695.877476437017322 ], [ 679352.90892878966406, 3541681.445818736683577 ], [ 679323.612511809915304, 3541690.332789669279009 ], [ 679309.18085410958156, 3541717.332522190641612 ], [ 679318.067825041944161, 3541746.628939170390368 ], [ 679345.067557563306764, 3541761.060596870724112 ], [ 679374.363974543055519, 3541752.17362593812868 ], [ 679388.795632243389264, 3541725.173893416766077 ], [ 679379.908661311026663, 3541695.877476437017322 ] ] ], [ [ [ 679735.839875738485716, 3541751.76843183208257 ], [ 679699.751991610391997, 3541740.821291863452643 ], [ 679657.887506481376477, 3541767.49700367404148 ], [ 679624.020602951059118, 3541804.124912382103503 ], [ 679621.168395184562542, 3541823.35293528996408 ], [ 679630.055366116925143, 3541844.80798104358837 ], [ 679649.364397161290981, 3541857.709863106254488 ], [ 679672.587171341641806, 3541857.709863106254488 ], [ 679732.931335857603699, 3541810.973121214192361 ], [ 679747.362993557937443, 3541783.973388692829758 ], [ 679735.839875738485716, 3541751.76843183208257 ] ] ], [ [ [ 679588.275705437990837, 3541883.817078487016261 ], [ 679553.434601690270938, 3541869.385420786682516 ], [ 679520.052568612853065, 3541887.65219673095271 ], [ 679505.620910912519321, 3541914.651929252315313 ], [ 679514.507881844881922, 3541943.948346232064068 ], [ 679549.348985592601821, 3541958.380003932397813 ], [ 679582.731018670019694, 3541940.113227988127619 ], [ 679597.162676370353438, 3541913.113495466765016 ], [ 679588.275705437990837, 3541883.817078487016261 ] ] ], [ [ [ 679939.791989377932623, 3541972.228732081130147 ], [ 679903.704105249838904, 3541961.281592112500221 ], [ 679859.810917908325791, 3541991.755381299648434 ], [ 679848.095189155777916, 3542020.03965254733339 ], [ 679859.810917908325791, 3542048.323923795018345 ], [ 679895.898802036419511, 3542059.271063763648272 ], [ 679939.791989377932623, 3542028.797274576500058 ], [ 679951.507718130480498, 3542000.513003328815103 ], [ 679939.791989377932623, 3541972.228732081130147 ] ] ], [ [ [ 681405.071301040588878, 3542085.268799687270075 ], [ 681378.071568519226275, 3542070.837141986936331 ], [ 681348.77515153947752, 3542079.724112919531763 ], [ 681334.343493839143775, 3542106.723845440894365 ], [ 681343.230464771506377, 3542136.020262420643121 ], [ 681370.230197292868979, 3542150.451920120976865 ], [ 681399.526614272617735, 3542141.564949188381433 ], [ 681413.958271972951479, 3542114.565216667018831 ], [ 681405.071301040588878, 3542085.268799687270075 ] ] ], [ [ [ 679789.266684642760083, 3542092.159233858808875 ], [ 679760.982413395307958, 3542080.443505106493831 ], [ 679732.698142147855833, 3542092.159233858808875 ], [ 679720.982413395307958, 3542120.443505106493831 ], [ 679732.698142147855833, 3542148.727776354178786 ], [ 679760.982413395307958, 3542160.443505106493831 ], [ 679789.266684642760083, 3542148.727776354178786 ], [ 679800.982413395307958, 3542120.443505106493831 ], [ 679789.266684642760083, 3542092.159233858808875 ] ] ], [ [ [ 680134.782084123929963, 3542215.475345857441425 ], [ 680114.301425757119432, 3542204.528205888811499 ], [ 680091.190475581912324, 3542206.804435804486275 ], [ 680006.977560740313493, 3542266.280030797235668 ], [ 679982.731431146035902, 3542295.940624829381704 ], [ 679990.088626440730877, 3542332.927743286360055 ], [ 680013.205431694630533, 3542346.783423135988414 ], [ 680036.316381869837642, 3542344.507193220313638 ], [ 680131.873544243047945, 3542274.680035239551216 ], [ 680146.305201943381689, 3542247.680302718188614 ], [ 680134.782084123929963, 3542215.475345857441425 ] ] ], [ [ [ 679927.86023536499124, 3542372.012552295811474 ], [ 679899.575964117539115, 3542360.29682354349643 ], [ 679871.29169287008699, 3542372.012552295811474 ], [ 679859.575964117539115, 3542400.29682354349643 ], [ 679871.29169287008699, 3542428.581094791181386 ], [ 679899.575964117539115, 3542440.29682354349643 ], [ 679927.86023536499124, 3542428.581094791181386 ], [ 679939.575964117539115, 3542400.29682354349643 ], [ 679927.86023536499124, 3542372.012552295811474 ] ] ], [ [ [ 680191.142019429127686, 3542535.215178112033755 ], [ 680164.142286907765083, 3542520.78352041170001 ], [ 680134.845869928016327, 3542529.670491344295442 ], [ 680120.414212227682583, 3542556.670223865658045 ], [ 680129.301183160045184, 3542585.966640845406801 ], [ 680156.300915681407787, 3542600.398298545740545 ], [ 680185.597332661156543, 3542591.511327613145113 ], [ 680200.028990361490287, 3542564.51159509178251 ], [ 680191.142019429127686, 3542535.215178112033755 ] ] ], [ [ [ 681736.141857527894899, 3542635.314807340502739 ], [ 681707.857586280442774, 3542623.599078588187695 ], [ 681679.573315032990649, 3542635.314807340502739 ], [ 681667.857586280442774, 3542663.599078588187695 ], [ 681679.573315032990649, 3542691.88334983587265 ], [ 681707.857586280442774, 3542703.599078588187695 ], [ 681736.141857527894899, 3542691.88334983587265 ], [ 681747.857586280442774, 3542663.599078588187695 ], [ 681736.141857527894899, 3542635.314807340502739 ] ] ], [ [ [ 680475.300718011218123, 3542724.534410624299198 ], [ 680447.016446763765998, 3542712.818681871984154 ], [ 680418.732175516313873, 3542724.534410624299198 ], [ 680407.016446763765998, 3542752.818681871984154 ], [ 680418.732175516313873, 3542781.10295311966911 ], [ 680447.016446763765998, 3542792.818681871984154 ], [ 680475.300718011218123, 3542781.10295311966911 ], [ 680487.016446763765998, 3542752.818681871984154 ], [ 680475.300718011218123, 3542724.534410624299198 ] ] ] ] } },
{ "type": "Feature", "properties": { "depth_bin": "80-85" }, "geometry": { "type": "MultiPolygon", "coordinates": [ [ [ [ 676394.715030579129234, 3540573.263466482982039 ], [ 676376.763583381543867, 3540558.531094503123313 ], [ 676353.652633206336759, 3540556.254864587448537 ], [ 676333.171974839526229, 3540567.202004556078464 ], [ 676322.224834870896302, 3540587.682662922888994 ], [ 676320.679725614143535, 3540740.591976330149919 ], [ 676331.626865582773462, 3540761.072634696960449 ], [ 676352.107523949583992, 3540772.019774665590376 ], [ 676382.133946151006967, 3540766.047147941309959 ], [ 676399.142548046307638, 3540740.591976330149919 ], [ 676401.456246086978354, 3540595.486275803763419 ], [ 676394.715030579129234, 3540573.263466482982039 ] ] ], [ [ [ 676704.991555164102465, 3540678.484259366989136 ], [ 676689.378474324126728, 3540666.904809433035553 ], [ 676666.26752414891962, 3540664.628579517360777 ], [ 676645.786865782109089, 3540675.575719485990703 ], [ 676634.839725813479163, 3540696.056377852801234 ], [ 676631.44993795582559, 3540875.50353520270437 ], [ 676642.973055775277317, 3540899.867120837327093 ], [ 676663.453714142087847, 3540910.814260805957019 ], [ 676693.480136343510821, 3540904.841634081676602 ], [ 676710.488738238811493, 3540879.386462470516562 ], [ 676714.071137029561214, 3540703.859990733675659 ], [ 676704.991555164102465, 3540678.484259366989136 ] ] ], [ [ [ 677029.767000313499011, 3541216.367650512605906 ], [ 676996.508215821348131, 3541198.590459833387285 ], [ 676963.24943132919725, 3541216.367650512605906 ], [ 676956.379424427985214, 3541272.967180806212127 ], [ 676973.964004174107686, 3541302.30527968518436 ], [ 677003.99042637553066, 3541308.277906409464777 ], [ 677029.445597987039946, 3541291.269304513931274 ], [ 677036.852371864719316, 3541253.809576018713415 ], [ 677029.767000313499011, 3541216.367650512605906 ] ] ], [ [ [ 676697.334806140162982, 3541235.399059997871518 ], [ 676667.99670726119075, 3541217.814480251632631 ], [ 676635.791750400559977, 3541229.337598070967942 ], [ 676621.27978390106, 3541272.842804855201393 ], [ 676632.995512653607875, 3541301.127076102886349 ], [ 676661.27978390106, 3541312.842804855201393 ], [ 676689.564055148512125, 3541301.127076102886349 ], [ 676703.883410714915954, 3541261.542554931715131 ], [ 676697.334806140162982, 3541235.399059997871518 ] ] ], [ [ [ 677379.828162858844735, 3539740.742211377248168 ], [ 677352.828430337482132, 3539726.310553676914424 ], [ 677323.532013357733376, 3539735.197524609509856 ], [ 677309.100355657399632, 3539762.197257130872458 ], [ 677317.987326589762233, 3539791.493674110621214 ], [ 677344.987059111124836, 3539805.925331810954958 ], [ 677374.283476090873592, 3539797.038360878359526 ], [ 677388.715133791207336, 3539770.038628356996924 ], [ 677379.828162858844735, 3539740.742211377248168 ] ] ], [ [ [ 677712.103096222854219, 3539778.326907576993108 ], [ 677685.103363701491617, 3539763.895249876659364 ], [ 677655.806946721742861, 3539772.782220809254795 ], [ 677641.375289021409117, 3539799.781953330617398 ], [ 677650.262259953771718, 3539829.078370310366154 ], [ 677677.261992475134321, 3539843.510028010699898 ], [ 677706.558409454883076, 3539834.623057078104466 ], [ 677720.990067155216821, 3539807.623324556741863 ], [ 677712.103096222854219, 3539778.326907576993108 ] ] ], [ [ [ 677030.577953529427759, 3540812.950829582288861 ], [ 677012.626506331842393, 3540798.218457602430135 ], [ 676993.398483424098231, 3540795.366249836049974 ], [ 676962.0423184633255, 3540816.317769430112094 ], [ 676957.731606628978625, 3540858.279719153884798 ], [ 676966.513258659513667, 3540884.503125540912151 ], [ 676982.934239760390483, 3540900.924106641672552 ], [ 677013.401496323640458, 3540903.924869497306645 ], [ 677037.066959807416424, 3540884.503125540912151 ], [ 677041.597498300368898, 3540861.726570454891771 ], [ 677030.577953529427759, 3540812.950829582288861 ] ] ], [ [ [ 677342.941791696823202, 3540825.253371030092239 ], [ 677317.486620085313916, 3540808.244769134558737 ], [ 677287.460197883890942, 3540814.217395858839154 ], [ 677270.45159598859027, 3540839.672567469999194 ], [ 677276.424222712521441, 3540869.698989671654999 ], [ 677301.879394324030727, 3540886.707591567188501 ], [ 677331.905816525453702, 3540880.734964842908084 ], [ 677348.914418420754373, 3540855.279793231748044 ], [ 677342.941791696823202, 3540825.253371030092239 ] ] ], [ [ [ 677609.528465393814258, 3540827.761998055968434 ], [ 677580.190366514842026, 3540810.177418309729546 ], [ 677545.349262767122127, 3540824.609076010063291 ], [ 677535.990835048141889, 3540869.064932727720588 ], [ 677550.422492748475634, 3540896.064665249083191 ], [ 677579.718909728224389, 3540904.951636181678623 ], [ 677606.718642249586992, 3540890.519978481344879 ], [ 677615.798224115045741, 3540865.144247114658356 ], [ 677609.528465393814258, 3540827.761998055968434 ] ] ], [ [ [ 678213.223433384438977, 3540826.042210475541651 ], [ 678186.223700863076374, 3540811.610552775207907 ], [ 678156.927283883327618, 3540820.497523707803339 ], [ 678142.495626182993874, 3540847.497256229165941 ], [ 678151.382597115356475, 3540876.793673208914697 ], [ 678178.382329636719078, 3540891.225330909248441 ], [ 678207.678746616467834, 3540882.33835997665301 ], [ 678222.110404316801578, 3540855.338627455290407 ], [ 678213.223433384438977, 3540826.042210475541651 ] ] ], [ [ [ 678193.847955910954624, 3540964.531761706806719 ], [ 678160.589171418803744, 3540946.754571027588099 ], [ 678127.330386926652864, 3540964.531761706806719 ], [ 678110.646884089452215, 3541031.373211868107319 ], [ 678128.424074768670835, 3541064.631996360141784 ], [ 678158.450496970093809, 3541070.604623084422201 ], [ 678183.905668581603095, 3541053.596021188888699 ], [ 678200.396560485707596, 3540990.675256640650332 ], [ 678193.847955910954624, 3540964.531761706806719 ] ] ], [ [ [ 677595.481710149673745, 3540970.243962270673364 ], [ 677579.868629309698008, 3540958.664512336719781 ], [ 677556.7576791344909, 3540956.388282421045005 ], [ 677527.606110714725219, 3540980.312356342561543 ], [ 677518.503985372721218, 3541060.219822465907782 ], [ 677527.390956305083819, 3541081.674868219532073 ], [ 677543.004037145059556, 3541093.254318153485656 ], [ 677573.618711734190583, 3541093.254318153485656 ], [ 677595.266555740032345, 3541071.606474147643894 ], [ 677604.701407741988078, 3541010.952761764638126 ], [ 677595.481710149673745, 3540970.243962270673364 ] ] ], [ [ [ 677870.039588639163412, 3541112.435000171884894 ], [ 677844.584417027654126, 3541095.426398276351392 ], [ 677814.557994826231152, 3541101.399025000631809 ], [ 677797.54939293093048, 3541126.854196611791849 ], [ 677803.522019654861651, 3541156.880618813447654 ], [ 677828.977191266370937, 3541173.889220708981156 ], [ 677859.003613467793912, 3541167.916593984700739 ], [ 677876.012215363094583, 3541142.461422373540699 ], [ 677870.039588639163412, 3541112.435000171884894 ] ] ], [ [ [ 678423.131147903273813, 3541194.915852441918105 ], [ 678397.675976291764528, 3541177.907250546384603 ], [ 678367.649554090341553, 3541183.87987727066502 ], [ 678350.640952195040882, 3541209.33504888182506 ], [ 678356.613578918972053, 3541239.361471083480865 ], [ 678382.068750530481339, 3541256.370072979014367 ], [ 678412.095172731904313, 3541250.39744625473395 ], [ 678429.103774627204984, 3541224.94227464357391 ], [ 678423.131147903273813, 3541194.915852441918105 ] ] ], [ [ [ 677844.113921897718683, 3541285.70713608013466 ], [ 677809.272818149998784, 3541271.275478379800916 ], [ 677777.916653189226054, 3541292.226997973863035 ], [ 677773.38611469627358, 3541315.003553059883416 ], [ 677782.291481458581984, 3541336.47889548400417 ], [ 677766.929212775314227, 3541352.265308782458305 ], [ 677762.206063349265605, 3541371.121178255416453 ], [ 677768.947278857114725, 3541393.343987576197833 ], [ 677783.350193876191042, 3541406.398028829135001 ], [ 677813.817450439441018, 3541409.398791684769094 ], [ 677837.482913923216984, 3541389.9770477283746 ], [ 677842.013452416169457, 3541367.20049264235422 ], [ 677833.108085653861053, 3541345.725150218233466 ], [ 677853.000892830081284, 3541315.003553059883416 ], [ 677844.113921897718683, 3541285.70713608013466 ] ] ], [ [ [ 677324.145775973796844, 3541299.609798565972596 ], [ 677298.690604362287559, 3541282.601196670439094 ], [ 677268.664182160864584, 3541288.573823394719511 ], [ 677251.655580265563913, 3541314.028995005879551 ], [ 677257.628206989495084, 3541344.055417207535356 ], [ 677283.08337860100437, 3541361.064019103068858 ], [ 677313.109800802427344, 3541355.091392378788441 ], [ 677330.118402697728015, 3541329.636220767628402 ], [ 677324.145775973796844, 3541299.609798565972596 ] ] ], [ [ [ 678397.629535056534223, 3541307.67078310623765 ], [ 678372.174363445024937, 3541290.662181210704148 ], [ 678342.147941243601963, 3541296.634807934984565 ], [ 678325.139339348301291, 3541322.089979546144605 ], [ 678331.111966072232462, 3541352.11640174780041 ], [ 678356.567137683741748, 3541369.125003643333912 ], [ 678386.593559885164723, 3541363.152376919053495 ], [ 678403.602161780465394, 3541337.697205307893455 ], [ 678397.629535056534223, 3541307.67078310623765 ] ] ], [ [ [ 678133.401073036366142, 3541309.250186996534467 ], [ 678107.945901424856856, 3541292.241585101000965 ], [ 678077.919479223433882, 3541298.214211825281382 ], [ 678060.910877328133211, 3541323.669383436441422 ], [ 678066.883504052064382, 3541353.695805638097227 ], [ 678092.338675663573667, 3541370.704407533630729 ], [ 678122.365097864996642, 3541364.731780809350312 ], [ 678139.373699760297313, 3541339.276609198190272 ], [ 678133.401073036366142, 3541309.250186996534467 ] ] ], [ [ [ 679052.555088419583626, 3540104.022913869004697 ], [ 679027.09991680807434, 3540087.014311973471195 ], [ 678997.073494606651366, 3540092.986938697751611 ], [ 678980.064892711350694, 3540118.442110308911651 ], [ 678986.037519435281865, 3540148.468532510567456 ], [ 679011.492691046791151, 3540165.477134406100959 ], [ 679041.519113248214126, 3540159.504507681820542 ], [ 679058.527715143514797, 3540134.049336070660502 ], [ 679052.555088419583626, 3540104.022913869004697 ] ] ], [ [ [ 679384.786532395519316, 3540252.053117995150387 ], [ 679359.33136078401003, 3540235.044516099616885 ], [ 679329.304938582587056, 3540241.017142823897302 ], [ 679312.296336687286384, 3540266.472314435057342 ], [ 679318.268963411217555, 3540296.498736636713147 ], [ 679343.724135022726841, 3540313.507338532246649 ], [ 679373.750557224149816, 3540307.534711807966232 ], [ 679390.759159119450487, 3540282.079540196806192 ], [ 679384.786532395519316, 3540252.053117995150387 ] ] ], [ [ [ 679998.673141970764846, 3540613.879370037000626 ], [ 679973.21797035925556, 3540596.870768141467124 ], [ 679943.191548157832585, 3540602.843394865747541 ], [ 679926.182946262531914, 3540628.298566476907581 ], [ 679932.155572986463085, 3540658.324988678563386 ], [ 679957.610744597972371, 3540675.333590574096888 ], [ 679987.637166799395345, 3540669.360963849816471 ], [ 680004.645768694696017, 3540643.905792238656431 ], [ 679998.673141970764846, 3540613.879370037000626 ] ] ], [ [ [ 680519.070623388979584, 3541073.259132806677371 ], [ 680492.070890867616981, 3541058.827475106343627 ], [ 680462.774473887868226, 3541067.714446038939059 ], [ 680448.342816187534481, 3541094.714178560301661 ], [ 680457.229787119897082, 3541124.010595540050417 ], [ 680484.229519641259685, 3541138.442253240384161 ], [ 680513.525936621008441, 3541129.55528230778873 ], [ 680527.957594321342185, 3541102.555549786426127 ], [ 680519.070623388979584, 3541073.259132806677371 ] ] ], [ [ [ 678880.259994594263844, 3541155.413106728810817 ], [ 678849.339576459722593, 3541140.78883809549734 ], [ 678818.419158325181343, 3541155.413106728810817 ], [ 678787.440359422354959, 3541212.7595454454422 ], [ 678789.716589338029735, 3541235.870495621114969 ], [ 678801.296039271866903, 3541251.48357646074146 ], [ 678830.592456251615658, 3541260.370547393336892 ], [ 678857.592188772978261, 3541245.938889693003148 ], [ 678888.570987675804645, 3541188.592450976371765 ], [ 678880.259994594263844, 3541155.413106728810817 ] ] ], [ [ [ 678772.331053332658485, 3541358.863879407756031 ], [ 678746.875881721149199, 3541341.855277512222528 ], [ 678716.849459519726224, 3541347.827904236502945 ], [ 678699.840857624425553, 3541373.283075847662985 ], [ 678705.813484348356724, 3541403.30949804931879 ], [ 678731.26865595986601, 3541420.318099944852293 ], [ 678761.295078161288984, 3541414.345473220571876 ], [ 678778.303680056589656, 3541388.890301609411836 ], [ 678772.331053332658485, 3541358.863879407756031 ] ] ], [ [ [ 681239.737591846380383, 3541387.242082482669502 ], [ 681214.282420234871097, 3541370.233480587136 ], [ 681184.255998033448122, 3541376.206107311416417 ], [ 681167.247396138147451, 3541401.661278922576457 ], [ 681173.220022862078622, 3541431.687701124232262 ], [ 681198.675194473587908, 3541448.696303019765764 ], [ 681228.701616675010882, 3541442.723676295485348 ], [ 681245.710218570311554, 3541417.268504684325308 ], [ 681239.737591846380383, 3541387.242082482669502 ] ] ], [ [ [ 678951.543501663953066, 3541448.833226095419377 ], [ 678926.08833005244378, 3541431.824624199885875 ], [ 678896.061907851020806, 3541437.797250924166292 ], [ 678879.053305955720134, 3541463.252422535326332 ], [ 678885.025932679651305, 3541493.278844736982137 ], [ 678910.481104291160591, 3541510.287446632515639 ], [ 678940.507526492583565, 3541504.314819908235222 ], [ 678957.516128387884237, 3541478.859648297075182 ], [ 678951.543501663953066, 3541448.833226095419377 ] ] ], [ [ [ 681095.108681964804418, 3541499.242997756227851 ], [ 681069.653510353295133, 3541482.234395860694349 ], [ 681039.627088151872158, 3541488.207022584974766 ], [ 681022.618486256571487, 3541513.662194196134806 ], [ 681028.591112980502658, 3541543.688616397790611 ], [ 681054.046284592011943, 3541560.697218293324113 ], [ 681084.072706793434918, 3541554.724591569043696 ], [ 681101.081308688735589, 3541529.269419957883656 ], [ 681095.108681964804418, 3541499.242997756227851 ] ] ], [ [ [ 680943.237366736400872, 3541616.361097417771816 ], [ 680917.782195124891587, 3541599.352495522238314 ], [ 680887.755772923468612, 3541605.325122246518731 ], [ 680870.747171028167941, 3541630.780293857678771 ], [ 680876.719797752099112, 3541660.806716059334576 ], [ 680902.174969363608398, 3541677.815317954868078 ], [ 680932.201391565031372, 3541671.842691230587661 ], [ 680949.209993460332043, 3541646.387519619427621 ], [ 680943.237366736400872, 3541616.361097417771816 ] ] ], [ [ [ 679680.155077422619797, 3541803.812928851693869 ], [ 679653.155344901257195, 3541789.381271151360124 ], [ 679623.858927921508439, 3541798.268242083955556 ], [ 679589.238202728214674, 3541833.566566158551723 ], [ 679586.385994961718097, 3541852.7945890664123 ], [ 679595.272965894080698, 3541874.24963482003659 ], [ 679622.272698415443301, 3541888.681292520370334 ], [ 679651.569115395192057, 3541879.794321587774903 ], [ 679686.189840588485822, 3541844.495997513178736 ], [ 679689.042048354982398, 3541825.267974605318159 ], [ 679680.155077422619797, 3541803.812928851693869 ] ] ], [ [ [ 679909.734546364517882, 3542007.707394479308277 ], [ 679884.279374753008597, 3541990.698792583774775 ], [ 679854.252952551585622, 3541996.671419308055192 ], [ 679837.244350656284951, 3542022.126590919215232 ], [ 679843.216977380216122, 3542052.153013120871037 ], [ 679868.672148991725408, 3542069.161615016404539 ], [ 679898.698571193148382, 3542063.188988292124122 ], [ 679915.707173088449053, 3542037.733816680964082 ], [ 679909.734546364517882, 3542007.707394479308277 ] ] ], [ [ [ 679830.211276697576977, 3542069.826772524043918 ], [ 679804.756105086067691, 3542052.818170628510416 ], [ 679771.576760838855989, 3542061.129163710400462 ], [ 679736.977576491539367, 3542096.784704392775893 ], [ 679734.12536872504279, 3542116.01272730063647 ], [ 679743.012339657405391, 3542137.467773054260761 ], [ 679770.012072178767994, 3542151.899430754594505 ], [ 679799.30848915851675, 3542143.012459821999073 ], [ 679833.907673505833372, 3542107.356919139623642 ], [ 679830.211276697576977, 3542069.826772524043918 ] ] ], [ [ [ 679734.121555971563794, 3542152.041030887980014 ], [ 679708.666384360054508, 3542135.032428992446512 ], [ 679678.639962158631533, 3542141.005055716726929 ], [ 679661.631360263330862, 3542166.460227327886969 ], [ 679667.603986987262033, 3542196.486649529542774 ], [ 679693.059158598771319, 3542213.495251425076276 ], [ 679723.085580800194293, 3542207.522624700795859 ], [ 679740.094182695494965, 3542182.067453089635819 ], [ 679734.121555971563794, 3542152.041030887980014 ] ] ], [ [ [ 681575.460234809084795, 3542362.595847394317389 ], [ 681550.00506319757551, 3542345.587245498783886 ], [ 681519.978640996152535, 3542351.559872223064303 ], [ 681502.970039100851864, 3542377.015043834224343 ], [ 681508.942665824783035, 3542407.041466035880148 ], [ 681534.39783743629232, 3542424.050067931413651 ], [ 681564.424259637715295, 3542418.077441207133234 ], [ 681581.432861533015966, 3542392.622269595973194 ], [ 681575.460234809084795, 3542362.595847394317389 ] ] ], [ [ [ 679935.753581884200685, 3542375.066647630184889 ], [ 679910.298410272691399, 3542358.058045734651387 ], [ 679880.271988071268424, 3542364.030672458931804 ], [ 679863.263386175967753, 3542389.485844070091844 ], [ 679869.236012899898924, 3542419.512266271747649 ], [ 679894.69118451140821, 3542436.520868167281151 ], [ 679924.717606712831184, 3542430.548241443000734 ], [ 679941.726208608131856, 3542405.093069831840694 ], [ 679935.753581884200685, 3542375.066647630184889 ] ] ], [ [ [ 680177.336991343414411, 3542542.118720840662718 ], [ 680150.337258822051808, 3542527.687063140328974 ], [ 680121.040841842303053, 3542536.574034072924405 ], [ 680106.609184141969308, 3542563.573766594287008 ], [ 680115.496155074331909, 3542592.870183574035764 ], [ 680142.495887595694512, 3542607.301841274369508 ], [ 680171.792304575443268, 3542598.414870341774076 ], [ 680186.223962275777012, 3542571.415137820411474 ], [ 680177.336991343414411, 3542542.118720840662718 ] ] ], [ [ [ 681749.255126322736032, 3542626.5667117331177 ], [ 681722.25539380137343, 3542612.135054032783955 ], [ 681692.958976821624674, 3542621.022024965379387 ], [ 681678.52731912129093, 3542648.02175748674199 ], [ 681687.414290053653531, 3542677.318174466490746 ], [ 681714.414022575016133, 3542691.74983216682449 ], [ 681743.710439554764889, 3542682.862861234229058 ], [ 681758.142097255098633, 3542655.863128712866455 ], [ 681749.255126322736032, 3542626.5667117331177 ] ] ] ] } },
{ "type": "Feature", "properties": { "depth_bin": "85-90" }, "geometry": { "type": "MultiPolygon", "coordinates": [ [ [ [ 676392.961199757060967, 3540695.291925915516913 ], [ 676375.009752559475601, 3540680.559553935658187 ], [ 676351.898802384268492, 3540678.283324019983411 ], [ 676331.418144017457962, 3540689.230463988613337 ], [ 676319.895026198006235, 3540713.59404962323606 ], [ 676313.872780741075985, 3541011.068208609241992 ], [ 676325.395898560527712, 3541035.431794243864715 ], [ 676349.759484194801189, 3541046.954912063200027 ], [ 676379.055901174549945, 3541038.067941130604595 ], [ 676393.487558874883689, 3541011.068208609241992 ], [ 676400.017761143390089, 3540748.11748893558979 ], [ 676392.961199757060967, 3540695.291925915516913 ] ] ], [ [ [ 676703.269566765986383, 3540864.542887301184237 ], [ 676685.318119568401016, 3540849.810515321325511 ], [ 676666.090096660656855, 3540846.95830755494535 ], [ 676634.733931699884124, 3540867.909827149007469 ], [ 676630.410859363735653, 3540940.16149424482137 ], [ 676650.786401106743142, 3540967.634731937665492 ], [ 676681.253657669993117, 3540970.635494793299586 ], [ 676704.919121153769083, 3540951.213750836905092 ], [ 676710.010782273835503, 3540886.765696621965617 ], [ 676703.269566765986383, 3540864.542887301184237 ] ] ], [ [ [ 676391.915390395908616, 3541077.219404687639326 ], [ 676366.460218784399331, 3541060.210802792105824 ], [ 676336.433796582976356, 3541066.183429516386241 ], [ 676319.425194687675685, 3541091.638601127546281 ], [ 676325.397821411606856, 3541121.665023329202086 ], [ 676350.852993023116142, 3541138.673625224735588 ], [ 676380.879415224539116, 3541132.700998500455171 ], [ 676397.888017119839787, 3541107.245826889295131 ], [ 676391.915390395908616, 3541077.219404687639326 ] ] ], [ [ [ 676697.173045231611468, 3541220.080846825614572 ], [ 676671.717873620102182, 3541203.072244930081069 ], [ 676641.691451418679208, 3541209.044871654361486 ], [ 676624.682849523378536, 3541234.500043265521526 ], [ 676630.655476247309707, 3541264.526465467177331 ], [ 676656.110647858818993, 3541281.535067362710834 ], [ 676686.137070060241967, 3541275.562440638430417 ], [ 676703.145671955542639, 3541250.107269027270377 ], [ 676697.173045231611468, 3541220.080846825614572 ] ] ], [ [ [ 676383.933741560089402, 3541275.330010970588773 ], [ 676358.478569948580116, 3541258.321409075055271 ], [ 676328.452147747157142, 3541264.294035799335688 ], [ 676311.44354585185647, 3541289.749207410495728 ], [ 676317.416172575787641, 3541319.775629612151533 ], [ 676342.871344187296927, 3541336.784231507685035 ], [ 676372.897766388719901, 3541330.811604783404619 ], [ 676389.906368284020573, 3541305.356433172244579 ], [ 676383.933741560089402, 3541275.330010970588773 ] ] ], [ [ [ 676722.066844067419879, 3539675.832335730548948 ], [ 676695.067111546057276, 3539661.400678030215204 ], [ 676665.770694566308521, 3539670.287648962810636 ], [ 676651.339036865974776, 3539697.287381484173238 ], [ 676660.226007798337378, 3539726.583798463921994 ], [ 676687.22574031969998, 3539741.015456164255738 ], [ 676716.522157299448736, 3539732.128485231660306 ], [ 676730.95381499978248, 3539705.128752710297704 ], [ 676722.066844067419879, 3539675.832335730548948 ] ] ], [ [ [ 677336.784043754683807, 3540837.146773600950837 ], [ 677305.863625620142557, 3540822.52250496763736 ], [ 677274.943207485601306, 3540837.146773600950837 ], [ 677263.229381296783686, 3540877.848030503373593 ], [ 677277.853649930213578, 3540908.768448637798429 ], [ 677307.150066909962334, 3540917.65541957039386 ], [ 677334.149799431324936, 3540903.223761870060116 ], [ 677345.863625620142557, 3540862.52250496763736 ], [ 677336.784043754683807, 3540837.146773600950837 ] ] ], [ [ [ 677608.385181821882725, 3540858.292294493410736 ], [ 677582.930010210373439, 3540841.283692597877234 ], [ 677552.903588008950464, 3540847.256319322157651 ], [ 677535.894986113649793, 3540872.711490933317691 ], [ 677541.867612837580964, 3540902.737913134973496 ], [ 677567.32278444909025, 3540919.746515030506998 ], [ 677597.349206650513224, 3540913.773888306226581 ], [ 677614.357808545813896, 3540888.318716695066541 ], [ 677608.385181821882725, 3540858.292294493410736 ] ] ], [ [ [ 677036.902864658623002, 3540858.86375320609659 ], [ 677011.447693047113717, 3540841.855151310563087 ], [ 676981.421270845690742, 3540847.827778034843504 ], [ 676964.412668950390071, 3540873.282949646003544 ], [ 676970.385295674321242, 3540903.309371847659349 ], [ 676995.840467285830528, 3540920.317973743192852 ], [ 677025.866889487253502, 3540914.345347018912435 ], [ 677042.875491382554173, 3540888.890175407752395 ], [ 677036.902864658623002, 3540858.86375320609659 ] ] ], [ [ [ 678179.240315711591393, 3541021.108102021738887 ], [ 678163.627234871615656, 3541009.528652087785304 ], [ 678140.516284696408547, 3541007.252422172110528 ], [ 678111.364716276642866, 3541031.176496093627065 ], [ 678099.315261385403574, 3541110.795016640331596 ], [ 678108.202232317766175, 3541132.250062393955886 ], [ 678123.815313157741912, 3541143.82951232790947 ], [ 678154.429987746872939, 3541143.82951232790947 ], [ 678176.077831752714701, 3541122.181668322067708 ], [ 678188.992768179159611, 3541062.092272140551358 ], [ 678179.240315711591393, 3541021.108102021738887 ] ] ], [ [ [ 677877.638670424348675, 3541067.267714682966471 ], [ 677859.687223226763308, 3541052.535342703107744 ], [ 677840.459200319019146, 3541049.683134936727583 ], [ 677809.103035358246416, 3541070.634654530789703 ], [ 677804.572496865293942, 3541093.411209616810083 ], [ 677815.035072202095762, 3541116.604666939936578 ], [ 677801.719555509742349, 3541131.164304305799305 ], [ 677797.189017016789876, 3541153.940859391819686 ], [ 677818.140536610619165, 3541185.297024352476001 ], [ 677848.60779317386914, 3541188.297787208110094 ], [ 677872.273256657645106, 3541168.8760432517156 ], [ 677876.80379515059758, 3541146.09948816569522 ], [ 677866.34121981379576, 3541122.906030842568725 ], [ 677883.611297148279846, 3541097.294136884622276 ], [ 677877.638670424348675, 3541067.267714682966471 ] ] ], [ [ [ 677326.79704008938279, 3541177.67288242187351 ], [ 677301.341868477873504, 3541160.664280526340008 ], [ 677271.31544627645053, 3541166.636907250620425 ], [ 677254.306844381149858, 3541192.092078861780465 ], [ 677260.279471105081029, 3541222.11850106343627 ], [ 677285.734642716590315, 3541239.127102958969772 ], [ 677315.76106491801329, 3541233.154476234689355 ], [ 677332.769666813313961, 3541207.699304623529315 ], [ 677326.79704008938279, 3541177.67288242187351 ] ] ], [ [ [ 677568.398820061469451, 3541259.887508637271821 ], [ 677542.943648449960165, 3541242.878906741738319 ], [ 677512.91722624853719, 3541248.851533466018736 ], [ 677495.908624353236519, 3541274.306705077178776 ], [ 677501.88125107716769, 3541304.333127278834581 ], [ 677527.336422688676976, 3541321.341729174368083 ], [ 677557.36284489009995, 3541315.369102450087667 ], [ 677574.371446785400622, 3541289.913930838927627 ], [ 677568.398820061469451, 3541259.887508637271821 ] ] ], [ [ [ 677029.441365706734359, 3541262.070817669387907 ], [ 677011.489918509148993, 3541247.338445689529181 ], [ 676992.261895601404831, 3541244.486237923149019 ], [ 676973.959771893802099, 3541251.034842498134822 ], [ 676959.227399914176203, 3541268.986289695370942 ], [ 676952.736186611815356, 3541364.293503150343895 ], [ 676961.623157544177957, 3541385.748548903968185 ], [ 676977.236238384153694, 3541397.327998837921768 ], [ 677007.850912973284721, 3541397.327998837921768 ], [ 677029.498756979126483, 3541375.680154832080007 ], [ 677036.182581214583479, 3541284.293626990169287 ], [ 677029.441365706734359, 3541262.070817669387907 ] ] ], [ [ [ 677846.511746005737223, 3541273.717939894646406 ], [ 677821.056574394227937, 3541256.709337999112904 ], [ 677791.030152192804962, 3541262.681964723393321 ], [ 677774.021550297504291, 3541288.137136334553361 ], [ 677779.994177021435462, 3541318.163558536209166 ], [ 677805.449348632944748, 3541335.172160431742668 ], [ 677835.475770834367722, 3541329.199533707462251 ], [ 677852.484372729668394, 3541303.744362096302211 ], [ 677846.511746005737223, 3541273.717939894646406 ] ] ], [ [ [ 678138.811307807918638, 3541279.276279183104634 ], [ 678120.859860610333271, 3541264.543907203245908 ], [ 678101.63183770258911, 3541261.691699436865747 ], [ 678070.275672741816379, 3541282.643219030927867 ], [ 678069.418202922446653, 3541318.541990366764367 ], [ 678054.963410369935445, 3541365.524086999706924 ], [ 678075.914929963764735, 3541396.880251960363239 ], [ 678106.38218652701471, 3541399.881014815997332 ], [ 678130.047650010790676, 3541380.459270859602839 ], [ 678137.676015136879869, 3541350.563626855611801 ], [ 678134.002946463297121, 3541329.600039379671216 ], [ 678145.35991238267161, 3541305.419774116948247 ], [ 678138.811307807918638, 3541279.276279183104634 ] ] ], [ [ [ 677556.932312206248753, 3541347.813073198311031 ], [ 677529.93257968488615, 3541333.381415497977287 ], [ 677500.636162705137394, 3541342.268386430572718 ], [ 677486.20450500480365, 3541369.268118951935321 ], [ 677495.091475937166251, 3541398.564535931684077 ], [ 677522.091208458528854, 3541412.996193632017821 ], [ 677551.38762543827761, 3541404.109222699422389 ], [ 677565.819283138611354, 3541377.109490178059787 ], [ 677556.932312206248753, 3541347.813073198311031 ] ] ], [ [ [ 678381.385894976207055, 3541363.691673619672656 ], [ 678354.386162454844452, 3541349.260015919338912 ], [ 678325.089745475095697, 3541358.146986851934344 ], [ 678310.658087774761952, 3541385.146719373296946 ], [ 678319.545058707124554, 3541414.443136353045702 ], [ 678346.544791228487156, 3541428.874794053379446 ], [ 678375.841208208235912, 3541419.987823120784014 ], [ 678390.272865908569656, 3541392.988090599421412 ], [ 678381.385894976207055, 3541363.691673619672656 ] ] ], [ [ [ 678713.203497861628421, 3539963.59840386826545 ], [ 678687.748326250119135, 3539946.589801972731948 ], [ 678657.72190404869616, 3539952.562428697012365 ], [ 678640.713302153395489, 3539978.017600308172405 ], [ 678646.68592887732666, 3540008.04402250982821 ], [ 678672.141100488835946, 3540025.052624405361712 ], [ 678702.16752269025892, 3540019.079997681081295 ], [ 678719.176124585559592, 3539993.624826069921255 ], [ 678713.203497861628421, 3539963.59840386826545 ] ] ], [ [ [ 680008.633579782093875, 3540602.88678902760148 ], [ 679983.178408170584589, 3540585.878187132067978 ], [ 679953.151985969161615, 3540591.850813856348395 ], [ 679936.143384073860943, 3540617.305985467508435 ], [ 679942.116010797792114, 3540647.33240766916424 ], [ 679967.5711824093014, 3540664.341009564697742 ], [ 679997.597604610724375, 3540658.368382840417325 ], [ 680014.606206506025046, 3540632.913211229257286 ], [ 680008.633579782093875, 3540602.88678902760148 ] ] ], [ [ [ 678419.986578150303103, 3541209.671031773556024 ], [ 678394.531406538793817, 3541192.662429878022522 ], [ 678364.504984337370843, 3541198.635056602302939 ], [ 678347.496382442070171, 3541224.090228213462979 ], [ 678353.469009166001342, 3541254.116650415118784 ], [ 678378.924180777510628, 3541271.125252310652286 ], [ 678408.950602978933603, 3541265.152625586371869 ], [ 678425.959204874234274, 3541239.697453975211829 ], [ 678419.986578150303103, 3541209.671031773556024 ] ] ], [ [ [ 680718.512495112023316, 3541335.359997837338597 ], [ 680691.512762590660714, 3541320.928340137004852 ], [ 680662.216345610911958, 3541329.815311069600284 ], [ 680647.784687910578214, 3541356.815043590962887 ], [ 680656.671658842940815, 3541386.111460570711643 ], [ 680683.671391364303418, 3541400.543118271045387 ], [ 680712.967808344052173, 3541391.656147338449955 ], [ 680727.399466044385917, 3541364.656414817087352 ], [ 680718.512495112023316, 3541335.359997837338597 ] ] ], [ [ [ 681261.505892168497667, 3541365.22257430665195 ], [ 681234.506159647135064, 3541350.790916606318206 ], [ 681205.209742667386308, 3541359.677887538913637 ], [ 681180.388894235249609, 3541393.600881750695407 ], [ 681188.699887316790409, 3541426.780225998256356 ], [ 681215.699619838153012, 3541441.2118836985901 ], [ 681244.996036817901768, 3541432.324912765994668 ], [ 681269.816885250038467, 3541398.401918554212898 ], [ 681261.505892168497667, 3541365.22257430665195 ] ] ], [ [ [ 680953.484583596349694, 3541605.122510252054781 ], [ 680928.029411984840408, 3541588.113908356521279 ], [ 680898.002989783417434, 3541594.086535080801696 ], [ 680880.994387888116762, 3541619.541706691961735 ], [ 680886.967014612047933, 3541649.568128893617541 ], [ 680912.422186223557219, 3541666.576730789151043 ], [ 680942.448608424980193, 3541660.604104064870626 ], [ 680959.457210320280865, 3541635.148932453710586 ], [ 680953.484583596349694, 3541605.122510252054781 ] ] ], [ [ [ 679372.592117469874211, 3541710.984680804423988 ], [ 679347.136945858364925, 3541693.976078908890486 ], [ 679317.11052365694195, 3541699.948705633170903 ], [ 679300.101921761641279, 3541725.403877244330943 ], [ 679306.07454848557245, 3541755.430299445986748 ], [ 679331.529720097081736, 3541772.43890134152025 ], [ 679361.55614229850471, 3541766.466274617239833 ], [ 679378.564744193805382, 3541741.011103006079793 ], [ 679372.592117469874211, 3541710.984680804423988 ] ] ], [ [ [ 679645.593987695174292, 3541833.552722846157849 ], [ 679618.594255173811689, 3541819.121065145824105 ], [ 679589.297838194062933, 3541828.008036078419536 ], [ 679540.277690336923115, 3541870.693825178779662 ], [ 679529.913108423002996, 3541888.848781424574554 ], [ 679492.578343000379391, 3541914.53159681847319 ], [ 679484.324982205755077, 3541947.941022052429616 ], [ 679459.379191410727799, 3541944.796977153979242 ], [ 679433.535080544068478, 3541960.198227586690336 ], [ 679424.455498678609729, 3541985.573958953376859 ], [ 679433.535080544068478, 3542010.949690320063382 ], [ 679452.844111588434316, 3542023.851572382729501 ], [ 679476.066885768785141, 3542023.851572382729501 ], [ 679500.441588783520274, 3542006.251197691075504 ], [ 679506.356583220534958, 3541975.99469450302422 ], [ 679527.41944674809929, 3541979.71471725217998 ], [ 679548.874492501490749, 3541970.827746319584548 ], [ 679572.661006709909998, 3541938.759028358850628 ], [ 679606.416882672114298, 3541920.873729248996824 ], [ 679647.932354052783921, 3541881.151263533625752 ], [ 679654.480958627536893, 3541855.007768599782139 ], [ 679645.593987695174292, 3541833.552722846157849 ] ] ], [ [ [ 679843.337415395420976, 3542061.891161351464689 ], [ 679817.88224378391169, 3542044.882559455931187 ], [ 679787.855821582488716, 3542050.855186180211604 ], [ 679770.847219687188044, 3542076.310357791371644 ], [ 679776.819846411119215, 3542106.336779993027449 ], [ 679802.275018022628501, 3542123.345381888560951 ], [ 679832.301440224051476, 3542117.372755164280534 ], [ 679849.310042119352147, 3542091.917583553120494 ], [ 679843.337415395420976, 3542061.891161351464689 ] ] ], [ [ [ 679743.680222909781151, 3542139.361231586895883 ], [ 679716.680490388418548, 3542124.929573886562139 ], [ 679687.384073408669792, 3542133.816544819157571 ], [ 679672.952415708336048, 3542160.816277340520173 ], [ 679681.839386640698649, 3542190.112694320268929 ], [ 679708.839119162061252, 3542204.544352020602673 ], [ 679738.135536141810007, 3542195.657381088007241 ], [ 679752.567193842143752, 3542168.657648566644639 ], [ 679743.680222909781151, 3542139.361231586895883 ] ] ], [ [ [ 680165.477224184083752, 3542551.85997750563547 ], [ 680138.47749166272115, 3542537.428319805301726 ], [ 680109.181074682972394, 3542546.315290737897158 ], [ 680094.74941698263865, 3542573.31502325925976 ], [ 680103.636387915001251, 3542602.611440239008516 ], [ 680130.636120436363854, 3542617.04309793934226 ], [ 680159.932537416112609, 3542608.156127006746829 ], [ 680174.364195116446353, 3542581.156394485384226 ], [ 680165.477224184083752, 3542551.85997750563547 ] ] ], [ [ [ 681737.985478938673623, 3542603.112613014411181 ], [ 681714.874528763466515, 3542605.388842930085957 ], [ 681691.117312449146993, 3542621.929169994778931 ], [ 681682.230341516784392, 3542643.384215748403221 ], [ 681685.082549283280969, 3542662.612238656263798 ], [ 681710.426343493512832, 3542685.582514790818095 ], [ 681775.013864418142475, 3542688.485544124618173 ], [ 681796.661708423984237, 3542666.837700118776411 ], [ 681796.24322386959102, 3542634.279716326855123 ], [ 681778.143912042258307, 3542614.31020304793492 ], [ 681737.985478938673623, 3542603.112613014411181 ] ] ], [ [ [ 680681.7731830754783, 3542972.839589633047581 ], [ 680654.773450554115698, 3542958.407931932713836 ], [ 680625.477033574366942, 3542967.294902865309268 ], [ 680611.045375874033198, 3542994.294635386671871 ], [ 680619.932346806395799, 3543023.591052366420627 ], [ 680646.932079327758402, 3543038.022710066754371 ], [ 680676.228496307507157, 3543029.135739134158939 ], [ 680690.660154007840902, 3543002.136006612796336 ], [ 680681.7731830754783, 3542972.839589633047581 ] ] ] ] } },
{ "type": "Feature", "properties": { "depth_bin": "90-95" }, "geometry": { "type": "MultiPolygon", "coordinates": [ [ [ [ 678071.948847624356858, 3539819.951716294046491 ], [ 678052.527103668195195, 3539796.286252810619771 ], [ 678022.05984710494522, 3539793.285489954985678 ], [ 677998.394383621169254, 3539812.707233911380172 ], [ 677995.393620765884407, 3539843.174490474630147 ], [ 678014.81536472204607, 3539866.839953958056867 ], [ 678045.282621285296045, 3539869.84071681369096 ], [ 678068.948084769072011, 3539850.418972857296467 ], [ 678071.948847624356858, 3539819.951716294046491 ] ] ], [ [ [ 676699.30824680661317, 3541211.802026020828635 ], [ 676677.660402800771408, 3541190.154182014986873 ], [ 676647.04572821164038, 3541190.154182014986873 ], [ 676625.397884205798618, 3541211.802026020828635 ], [ 676625.397884205798618, 3541242.416700610425323 ], [ 676647.04572821164038, 3541264.064544616267085 ], [ 676677.660402800771408, 3541264.064544616267085 ], [ 676699.30824680661317, 3541242.416700610425323 ], [ 676699.30824680661317, 3541211.802026020828635 ] ] ], [ [ [ 678421.064964268356562, 3541231.629049002192914 ], [ 678391.913395848590881, 3541207.704975080676377 ], [ 678355.825511720497161, 3541218.652115049306303 ], [ 678336.499468410736881, 3541272.589141202624887 ], [ 678348.022586230188608, 3541304.794098063372076 ], [ 678376.306857477640733, 3541316.50982681568712 ], [ 678404.591128725092858, 3541304.794098063372076 ], [ 678420.043063727091067, 3541269.662037058267742 ], [ 678421.064964268356562, 3541231.629049002192914 ] ] ], [ [ [ 677574.53032816760242, 3541251.762105428148061 ], [ 677552.882484161760658, 3541230.114261422306299 ], [ 677522.267809572629631, 3541230.114261422306299 ], [ 677500.619965566787869, 3541251.762105428148061 ], [ 677500.619965566787869, 3541282.37678001774475 ], [ 677522.267809572629631, 3541304.024624023586512 ], [ 677552.882484161760658, 3541304.024624023586512 ], [ 677574.53032816760242, 3541282.37678001774475 ], [ 677574.53032816760242, 3541251.762105428148061 ] ] ], [ [ [ 677030.972560964408331, 3541360.464906139764935 ], [ 677009.324716958566569, 3541338.817062133923173 ], [ 676978.710042369435541, 3541338.817062133923173 ], [ 676957.06219836359378, 3541360.464906139764935 ], [ 676957.06219836359378, 3541391.079580729361624 ], [ 676978.710042369435541, 3541412.727424735203385 ], [ 677009.324716958566569, 3541412.727424735203385 ], [ 677030.972560964408331, 3541391.079580729361624 ], [ 677030.972560964408331, 3541360.464906139764935 ] ] ], [ [ [ 679902.742153608356602, 3542027.778877777513117 ], [ 679879.77187747368589, 3542002.435083567164838 ], [ 679845.608670706045814, 3542004.113414294086397 ], [ 679824.935304402490146, 3542033.594422086607665 ], [ 679805.68237258028239, 3542036.44293496478349 ], [ 679787.730925382697023, 3542051.175306944642216 ], [ 679781.182320807944052, 3542069.477430652361363 ], [ 679785.712859300896525, 3542092.253985738381743 ], [ 679809.378322784672491, 3542111.675729694776237 ], [ 679839.845579347922467, 3542108.674966839142144 ], [ 679860.518945651478134, 3542079.193959046620876 ], [ 679895.384958313661627, 3542064.765996234491467 ], [ 679902.742153608356602, 3542027.778877777513117 ] ] ], [ [ [ 681422.410119934007525, 3542085.133980221115053 ], [ 681400.762275928165764, 3542063.486136215273291 ], [ 681370.147601339034736, 3542063.486136215273291 ], [ 681348.499757333192974, 3542085.133980221115053 ], [ 681348.499757333192974, 3542115.748654810711741 ], [ 681370.147601339034736, 3542137.396498816553503 ], [ 681400.762275928165764, 3542137.396498816553503 ], [ 681422.410119934007525, 3542115.748654810711741 ], [ 681422.410119934007525, 3542085.133980221115053 ] ] ], [ [ [ 679787.952015164191835, 3542117.018280993681401 ], [ 679766.304171158350073, 3542095.370436987839639 ], [ 679735.689496569219045, 3542095.370436987839639 ], [ 679714.041652563377284, 3542117.018280993681401 ], [ 679714.041652563377284, 3542147.63295558327809 ], [ 679735.689496569219045, 3542169.280799589119852 ], [ 679766.304171158350073, 3542169.280799589119852 ], [ 679787.952015164191835, 3542147.63295558327809 ], [ 679787.952015164191835, 3542117.018280993681401 ] ] ], [ [ [ 681750.212698908755556, 3542619.36565605411306 ], [ 681728.564854902913794, 3542597.717812048271298 ], [ 681697.950180313782766, 3542597.717812048271298 ], [ 681676.302336307941005, 3542619.36565605411306 ], [ 681676.302336307941005, 3542649.980330643709749 ], [ 681691.0347082875669, 3542667.93177784094587 ], [ 681713.25751760834828, 3542674.672993348911405 ], [ 681735.48032692912966, 3542667.93177784094587 ], [ 681751.214457479771227, 3542647.180602994281799 ], [ 681762.32724032830447, 3542668.777934952639043 ], [ 681786.690825962577946, 3542680.301052771974355 ], [ 681809.467381048831157, 3542675.770514278672636 ], [ 681825.888362149707973, 3542659.349533177912235 ], [ 681828.88912500499282, 3542628.88227661466226 ], [ 681809.467381048831157, 3542605.21681313123554 ], [ 681782.807898695115, 3542601.262252488639206 ], [ 681765.235780209186487, 3542609.573245570529252 ], [ 681752.654571704333648, 3542627.986054059583694 ], [ 681750.212698908755556, 3542619.36565605411306 ] ] ], [ [ [ 681119.64557979721576, 3543437.89577912632376 ], [ 681097.997735791373998, 3543416.247935120481998 ], [ 681067.38306120224297, 3543416.247935120481998 ], [ 681045.735217196401209, 3543437.89577912632376 ], [ 681045.735217196401209, 3543468.510453715920448 ], [ 681067.38306120224297, 3543490.15829772176221 ], [ 681097.997735791373998, 3543490.15829772176221 ], [ 681119.64557979721576, 3543468.510453715920448 ], [ 681119.64557979721576, 3543437.89577912632376 ] ] ] ] } }
]
}
