survey_id,stage,width,lat,lon,folder_name
LM_03_KGC_20260531_CS_3820_3786,-5,0.0,31.7209950167151,-91.38950438088469,AAAA_05312026_375
LM_03_KGC_20260531_CS_3820_3786,-4,0.0,31.7209950167151,-91.38950438088469,AAAA_05312026_375
LM_03_KGC_20260531_CS_3820_3786,-3,0.0,31.7209950167151,-91.38950438088469,AAAA_05312026_375
LM_03_KGC_20260531_CS_3820_3786,-2,0.0,31.7209950167151,-91.38950438088469,AAAA_05312026_375
LM_03_KGC_20260531_CS_3820_3786,-1,0.0,31.7209950167151,-91.38950438088469,AAAA_05312026_375
LM_03_KGC_20260531_CS_3820_3786,0,0.0,31.722078308057775,-91.38819897025363,AAAA_05312026_375
LM_03_KGC_20260531_CS_3820_3786,1,0.0,31.722078308057775,-91.38819897025363,AAAA_05312026_375
LM_03_KGC_20260531_CS_3820_3786,2,0.0,31.723420185412984,-91.38560235570051,AAAA_05312026_375
LM_03_KGC_20260531_CS_3820_3786,3,853.0183727000001,31.69917374459122,-91.40338834080617,AAAA_05312026_375
LM_03_KGC_20260531_CS_3820_3786,4,951.44356955,31.693671903569722,-91.40316100201836,AAAA_05312026_375
LM_03_KGC_20260531_CS_3820_3786,5,984.2519685,31.69642483739014,-91.40343542601794,AAAA_05312026_375
LM_03_KGC_20260531_CS_3820_3786,6,984.2519685,31.69642483739014,-91.40343542601794,AAAA_05312026_375
LM_03_KGC_20260531_CS_3820_3786,7,1049.8687664,31.684309503092006,-91.40203517242456,AAAA_05312026_375
LM_03_KGC_20260531_CS_3820_3786,8,1049.8687664,31.684309503092006,-91.40203517242456,AAAA_05312026_375
LM_03_KGC_20260531_CS_3820_3786,9,1049.8687664,31.684309503092006,-91.40203517242456,AAAA_05312026_375
LM_03_KGC_20260531_CS_3820_3786,10,1049.8687664,31.684309503092006,-91.40203517242456,AAAA_05312026_375
LM_03_KGC_20260531_CS_3820_3786,11,1049.8687664,31.69229744908904,-91.40318454373235,AAAA_05312026_375
LM_03_KGC_20260531_CS_3820_3786,12,1082.67716535,31.69642483739014,-91.40343542601794,AAAA_05312026_375
LM_03_KGC_20260531_CS_3820_3786,13,1082.67716535,31.69642483739014,-91.40343542601794,AAAA_05312026_375
LM_03_KGC_20260531_CS_3820_3786,14,1148.2939632500002,31.693671903569722,-91.40316100201836,AAAA_05312026_375
LM_03_KGC_20260531_CS_3820_3786,15,1148.2939632500002,31.693671903569722,-91.40316100201836,AAAA_05312026_375
LM_03_KGC_20260531_CS_3820_3786,16,1148.2939632500002,31.693671903569722,-91.40316100201836,AAAA_05312026_375
LM_03_KGC_20260531_CS_3820_3786,17,1148.2939632500002,31.693671903569722,-91.40316100201836,AAAA_05312026_375
LM_03_KGC_20260531_CS_3820_3786,18,1148.2939632500002,31.693671903569722,-91.40316100201836,AAAA_05312026_375
LM_03_KGC_20260531_CS_3820_3786,19,1148.2939632500002,31.693671903569722,-91.40316100201836,AAAA_05312026_375
LM_03_KGC_20260531_CS_3820_3786,20,1148.2939632500002,31.695046357738832,-91.40313745869469,AAAA_05312026_375
LM_03_KGC_20260531_CS_3820_3786,21,1246.7191601,31.695046357738832,-91.40313745869469,AAAA_05312026_375
LM_03_KGC_20260531_CS_3820_3786,22,1574.8031496,31.681560591265885,-91.40208227026856,AAAA_05312026_375
LM_03_KGC_20260531_CS_3820_3786,23,1673.22834645,31.681560591265885,-91.40208227026856,AAAA_05312026_375
LM_03_KGC_20260531_CS_3820_3786,24,1673.22834645,31.681560591265885,-91.40208227026856,AAAA_05312026_375
LM_03_KGC_20260531_CS_3820_3786,25,1771.6535433,31.669453284851517,-91.4013251673178,AAAA_05312026_375
LM_03_KGC_20260531_CS_3820_3786,26,1771.6535433,31.669453284851517,-91.4013251673178,AAAA_05312026_375
LM_03_KGC_20260531_CS_3820_3786,27,1870.07874015,31.669453284851517,-91.4013251673178,AAAA_05312026_375
LM_03_KGC_20260531_CS_3820_3786,28,1870.07874015,31.669453284851517,-91.4013251673178,AAAA_05312026_375
LM_03_KGC_20260531_CS_3820_3786,29,1870.07874015,31.669453284851517,-91.4013251673178,AAAA_05312026_375
LM_03_KGC_20260531_CS_3820_3786,30,1870.07874015,31.669453284851517,-91.4013251673178,AAAA_05312026_375
LM_03_KGC_20260531_CS_3820_3786,31,1968.503937,31.66779990673554,-91.40103200980705,AAAA_05312026_375
LM_03_KGC_20260531_CS_3820_3786,32,1968.503937,31.66779990673554,-91.40103200980705,AAAA_05312026_375
LM_03_KGC_20260531_CS_3820_3786,33,1968.503937,31.669453284851517,-91.4013251673178,AAAA_05312026_375
LM_03_KGC_20260531_CS_3820_3786,34,1968.503937,31.669453284851517,-91.4013251673178,AAAA_05312026_375
LM_03_KGC_20260531_CS_3820_3786,35,2362.2047244,31.733181206082833,-91.37481675899271,AAAA_05312026_375
LM_03_KGC_20260531_CS_3820_3786,36,2362.2047244,31.75174575744355,-91.36451758289247,AAAA_05312026_375
LM_03_KGC_20260530_CS_3784_3758,-5,0.0,31.7209950167151,-91.38950438088469,AAAA_05312026_375
LM_03_KGC_20260530_CS_3784_3758,-4,0.0,31.7209950167151,-91.38950438088469,AAAA_05312026_375
LM_03_KGC_20260530_CS_3784_3758,-3,0.0,31.7209950167151,-91.38950438088469,AAAA_05312026_375
LM_03_KGC_20260530_CS_3784_3758,-2,0.0,31.7209950167151,-91.38950438088469,AAAA_05312026_375
LM_03_KGC_20260530_CS_3784_3758,-1,0.0,31.7209950167151,-91.38950438088469,AAAA_05312026_375
LM_03_KGC_20260530_CS_3784_3758,0,0.0,31.722078308057775,-91.38819897025363,AAAA_05312026_375
LM_03_KGC_20260530_CS_3784_3758,1,0.0,31.722078308057775,-91.38819897025363,AAAA_05312026_375
LM_03_KGC_20260530_CS_3784_3758,2,0.0,31.723420185412984,-91.38560235570051,AAAA_05312026_375
LM_03_KGC_20260530_CS_3784_3758,3,853.0183727000001,31.69917374459122,-91.40338834080617,AAAA_05312026_375
LM_03_KGC_20260530_CS_3784_3758,4,951.44356955,31.693671903569722,-91.40316100201836,AAAA_05312026_375
LM_03_KGC_20260530_CS_3784_3758,5,984.2519685,31.69642483739014,-91.40343542601794,AAAA_05312026_375
LM_03_KGC_20260530_CS_3784_3758,6,984.2519685,31.69642483739014,-91.40343542601794,AAAA_05312026_375
LM_03_KGC_20260530_CS_3784_3758,7,1049.8687664,31.684309503092006,-91.40203517242456,AAAA_05312026_375
LM_03_KGC_20260530_CS_3784_3758,8,1049.8687664,31.684309503092006,-91.40203517242456,AAAA_05312026_375
LM_03_KGC_20260530_CS_3784_3758,9,1049.8687664,31.684309503092006,-91.40203517242456,AAAA_05312026_375
LM_03_KGC_20260530_CS_3784_3758,10,1049.8687664,31.684309503092006,-91.40203517242456,AAAA_05312026_375
LM_03_KGC_20260530_CS_3784_3758,11,1049.8687664,31.69229744908904,-91.40318454373235,AAAA_05312026_375
LM_03_KGC_20260530_CS_3784_3758,12,1082.67716535,31.69642483739014,-91.40343542601794,AAAA_05312026_375
LM_03_KGC_20260530_CS_3784_3758,13,1082.67716535,31.69642483739014,-91.40343542601794,AAAA_05312026_375
LM_03_KGC_20260530_CS_3784_3758,14,1148.2939632500002,31.693671903569722,-91.40316100201836,AAAA_05312026_375
LM_03_KGC_20260530_CS_3784_3758,15,1148.2939632500002,31.693671903569722,-91.40316100201836,AAAA_05312026_375
LM_03_KGC_20260530_CS_3784_3758,16,1148.2939632500002,31.693671903569722,-91.40316100201836,AAAA_05312026_375
LM_03_KGC_20260530_CS_3784_3758,17,1148.2939632500002,31.693671903569722,-91.40316100201836,AAAA_05312026_375
LM_03_KGC_20260530_CS_3784_3758,18,1148.2939632500002,31.693671903569722,-91.40316100201836,AAAA_05312026_375
LM_03_KGC_20260530_CS_3784_3758,19,1148.2939632500002,31.693671903569722,-91.40316100201836,AAAA_05312026_375
LM_03_KGC_20260530_CS_3784_3758,20,1148.2939632500002,31.695046357738832,-91.40313745869469,AAAA_05312026_375
LM_03_KGC_20260530_CS_3784_3758,21,1246.7191601,31.695046357738832,-91.40313745869469,AAAA_05312026_375
LM_03_KGC_20260530_CS_3784_3758,22,1574.8031496,31.681560591265885,-91.40208227026856,AAAA_05312026_375
LM_03_KGC_20260530_CS_3784_3758,23,1673.22834645,31.681560591265885,-91.40208227026856,AAAA_05312026_375
LM_03_KGC_20260530_CS_3784_3758,24,1673.22834645,31.681560591265885,-91.40208227026856,AAAA_05312026_375
LM_03_KGC_20260530_CS_3784_3758,25,1771.6535433,31.669453284851517,-91.4013251673178,AAAA_05312026_375
LM_03_KGC_20260530_CS_3784_3758,26,1771.6535433,31.669453284851517,-91.4013251673178,AAAA_05312026_375
LM_03_KGC_20260530_CS_3784_3758,27,1870.07874015,31.669453284851517,-91.4013251673178,AAAA_05312026_375
LM_03_KGC_20260530_CS_3784_3758,28,1870.07874015,31.669453284851517,-91.4013251673178,AAAA_05312026_375
LM_03_KGC_20260530_CS_3784_3758,29,1870.07874015,31.669453284851517,-91.4013251673178,AAAA_05312026_375
LM_03_KGC_20260530_CS_3784_3758,30,1870.07874015,31.669453284851517,-91.4013251673178,AAAA_05312026_375
LM_03_KGC_20260530_CS_3784_3758,31,1968.503937,31.66779990673554,-91.40103200980705,AAAA_05312026_375
LM_03_KGC_20260530_CS_3784_3758,32,1968.503937,31.66779990673554,-91.40103200980705,AAAA_05312026_375
LM_03_KGC_20260530_CS_3784_3758,33,1968.503937,31.669453284851517,-91.4013251673178,AAAA_05312026_375
LM_03_KGC_20260530_CS_3784_3758,34,1968.503937,31.669453284851517,-91.4013251673178,AAAA_05312026_375
LM_03_KGC_20260530_CS_3784_3758,35,2362.2047244,31.733181206082833,-91.37481675899271,AAAA_05312026_375
LM_03_KGC_20260530_CS_3784_3758,36,2362.2047244,31.75174575744355,-91.36451758289247,AAAA_05312026_375
LM_03_KGC_20260527_CS_3776_3742,-5,0.0,31.7209950167151,-91.38950438088469,AAAA_05312026_375
LM_03_KGC_20260527_CS_3776_3742,-4,0.0,31.7209950167151,-91.38950438088469,AAAA_05312026_375
LM_03_KGC_20260527_CS_3776_3742,-3,0.0,31.7209950167151,-91.38950438088469,AAAA_05312026_375
LM_03_KGC_20260527_CS_3776_3742,-2,0.0,31.7209950167151,-91.38950438088469,AAAA_05312026_375
LM_03_KGC_20260527_CS_3776_3742,-1,0.0,31.7209950167151,-91.38950438088469,AAAA_05312026_375
LM_03_KGC_20260527_CS_3776_3742,0,0.0,31.722078308057775,-91.38819897025363,AAAA_05312026_375
LM_03_KGC_20260527_CS_3776_3742,1,0.0,31.722078308057775,-91.38819897025363,AAAA_05312026_375
LM_03_KGC_20260527_CS_3776_3742,2,0.0,31.723420185412984,-91.38560235570051,AAAA_05312026_375
LM_03_KGC_20260527_CS_3776_3742,3,853.0183727000001,31.69917374459122,-91.40338834080617,AAAA_05312026_375
LM_03_KGC_20260527_CS_3776_3742,4,951.44356955,31.693671903569722,-91.40316100201836,AAAA_05312026_375
LM_03_KGC_20260527_CS_3776_3742,5,984.2519685,31.69642483739014,-91.40343542601794,AAAA_05312026_375
LM_03_KGC_20260527_CS_3776_3742,6,984.2519685,31.69642483739014,-91.40343542601794,AAAA_05312026_375
LM_03_KGC_20260527_CS_3776_3742,7,1049.8687664,31.684309503092006,-91.40203517242456,AAAA_05312026_375
LM_03_KGC_20260527_CS_3776_3742,8,1049.8687664,31.684309503092006,-91.40203517242456,AAAA_05312026_375
LM_03_KGC_20260527_CS_3776_3742,9,1049.8687664,31.684309503092006,-91.40203517242456,AAAA_05312026_375
LM_03_KGC_20260527_CS_3776_3742,10,1049.8687664,31.684309503092006,-91.40203517242456,AAAA_05312026_375
LM_03_KGC_20260527_CS_3776_3742,11,1049.8687664,31.69229744908904,-91.40318454373235,AAAA_05312026_375
LM_03_KGC_20260527_CS_3776_3742,12,1082.67716535,31.69642483739014,-91.40343542601794,AAAA_05312026_375
LM_03_KGC_20260527_CS_3776_3742,13,1082.67716535,31.69642483739014,-91.40343542601794,AAAA_05312026_375
LM_03_KGC_20260527_CS_3776_3742,14,1148.2939632500002,31.693671903569722,-91.40316100201836,AAAA_05312026_375
LM_03_KGC_20260527_CS_3776_3742,15,1148.2939632500002,31.693671903569722,-91.40316100201836,AAAA_05312026_375
LM_03_KGC_20260527_CS_3776_3742,16,1148.2939632500002,31.693671903569722,-91.40316100201836,AAAA_05312026_375
LM_03_KGC_20260527_CS_3776_3742,17,1148.2939632500002,31.693671903569722,-91.40316100201836,AAAA_05312026_375
LM_03_KGC_20260527_CS_3776_3742,18,1148.2939632500002,31.693671903569722,-91.40316100201836,AAAA_05312026_375
LM_03_KGC_20260527_CS_3776_3742,19,1148.2939632500002,31.693671903569722,-91.40316100201836,AAAA_05312026_375
LM_03_KGC_20260527_CS_3776_3742,20,1148.2939632500002,31.695046357738832,-91.40313745869469,AAAA_05312026_375
LM_03_KGC_20260527_CS_3776_3742,21,1246.7191601,31.695046357738832,-91.40313745869469,AAAA_05312026_375
LM_03_KGC_20260527_CS_3776_3742,22,1574.8031496,31.681560591265885,-91.40208227026856,AAAA_05312026_375
LM_03_KGC_20260527_CS_3776_3742,23,1673.22834645,31.681560591265885,-91.40208227026856,AAAA_05312026_375
LM_03_KGC_20260527_CS_3776_3742,24,1673.22834645,31.681560591265885,-91.40208227026856,AAAA_05312026_375
LM_03_KGC_20260527_CS_3776_3742,25,1771.6535433,31.669453284851517,-91.4013251673178,AAAA_05312026_375
LM_03_KGC_20260527_CS_3776_3742,26,1771.6535433,31.669453284851517,-91.4013251673178,AAAA_05312026_375
LM_03_KGC_20260527_CS_3776_3742,27,1870.07874015,31.669453284851517,-91.4013251673178,AAAA_05312026_375
LM_03_KGC_20260527_CS_3776_3742,28,1870.07874015,31.669453284851517,-91.4013251673178,AAAA_05312026_375
LM_03_KGC_20260527_CS_3776_3742,29,1870.07874015,31.669453284851517,-91.4013251673178,AAAA_05312026_375
LM_03_KGC_20260527_CS_3776_3742,30,1870.07874015,31.669453284851517,-91.4013251673178,AAAA_05312026_375
LM_03_KGC_20260527_CS_3776_3742,31,1968.503937,31.66779990673554,-91.40103200980705,AAAA_05312026_375
LM_03_KGC_20260527_CS_3776_3742,32,1968.503937,31.66779990673554,-91.40103200980705,AAAA_05312026_375
LM_03_KGC_20260527_CS_3776_3742,33,1968.503937,31.669453284851517,-91.4013251673178,AAAA_05312026_375
LM_03_KGC_20260527_CS_3776_3742,34,1968.503937,31.669453284851517,-91.4013251673178,AAAA_05312026_375
LM_03_KGC_20260527_CS_3776_3742,35,2362.2047244,31.733181206082833,-91.37481675899271,AAAA_05312026_375
LM_03_KGC_20260527_CS_3776_3742,36,2362.2047244,31.75174575744355,-91.36451758289247,AAAA_05312026_375
LM_03_KGC_20260521_CS_3740_3690,-5,0.0,31.7209950167151,-91.38950438088469,AAAA_05312026_375
LM_03_KGC_20260521_CS_3740_3690,-4,0.0,31.7209950167151,-91.38950438088469,AAAA_05312026_375
LM_03_KGC_20260521_CS_3740_3690,-3,0.0,31.7209950167151,-91.38950438088469,AAAA_05312026_375
LM_03_KGC_20260521_CS_3740_3690,-2,0.0,31.7209950167151,-91.38950438088469,AAAA_05312026_375
LM_03_KGC_20260521_CS_3740_3690,-1,0.0,31.7209950167151,-91.38950438088469,AAAA_05312026_375
LM_03_KGC_20260521_CS_3740_3690,0,0.0,31.722078308057775,-91.38819897025363,AAAA_05312026_375
LM_03_KGC_20260521_CS_3740_3690,1,0.0,31.722078308057775,-91.38819897025363,AAAA_05312026_375
LM_03_KGC_20260521_CS_3740_3690,2,0.0,31.723420185412984,-91.38560235570051,AAAA_05312026_375
LM_03_KGC_20260521_CS_3740_3690,3,853.0183727000001,31.69917374459122,-91.40338834080617,AAAA_05312026_375
LM_03_KGC_20260521_CS_3740_3690,4,951.44356955,31.693671903569722,-91.40316100201836,AAAA_05312026_375
LM_03_KGC_20260521_CS_3740_3690,5,984.2519685,31.69642483739014,-91.40343542601794,AAAA_05312026_375
LM_03_KGC_20260521_CS_3740_3690,6,984.2519685,31.69642483739014,-91.40343542601794,AAAA_05312026_375
LM_03_KGC_20260521_CS_3740_3690,7,1049.8687664,31.684309503092006,-91.40203517242456,AAAA_05312026_375
LM_03_KGC_20260521_CS_3740_3690,8,1049.8687664,31.684309503092006,-91.40203517242456,AAAA_05312026_375
LM_03_KGC_20260521_CS_3740_3690,9,1049.8687664,31.684309503092006,-91.40203517242456,AAAA_05312026_375
LM_03_KGC_20260521_CS_3740_3690,10,1049.8687664,31.684309503092006,-91.40203517242456,AAAA_05312026_375
LM_03_KGC_20260521_CS_3740_3690,11,1049.8687664,31.69229744908904,-91.40318454373235,AAAA_05312026_375
LM_03_KGC_20260521_CS_3740_3690,12,1082.67716535,31.69642483739014,-91.40343542601794,AAAA_05312026_375
LM_03_KGC_20260521_CS_3740_3690,13,1082.67716535,31.69642483739014,-91.40343542601794,AAAA_05312026_375
LM_03_KGC_20260521_CS_3740_3690,14,1148.2939632500002,31.693671903569722,-91.40316100201836,AAAA_05312026_375
LM_03_KGC_20260521_CS_3740_3690,15,1148.2939632500002,31.693671903569722,-91.40316100201836,AAAA_05312026_375
LM_03_KGC_20260521_CS_3740_3690,16,1148.2939632500002,31.693671903569722,-91.40316100201836,AAAA_05312026_375
LM_03_KGC_20260521_CS_3740_3690,17,1148.2939632500002,31.693671903569722,-91.40316100201836,AAAA_05312026_375
LM_03_KGC_20260521_CS_3740_3690,18,1148.2939632500002,31.693671903569722,-91.40316100201836,AAAA_05312026_375
LM_03_KGC_20260521_CS_3740_3690,19,1148.2939632500002,31.693671903569722,-91.40316100201836,AAAA_05312026_375
LM_03_KGC_20260521_CS_3740_3690,20,1148.2939632500002,31.695046357738832,-91.40313745869469,AAAA_05312026_375
LM_03_KGC_20260521_CS_3740_3690,21,1246.7191601,31.695046357738832,-91.40313745869469,AAAA_05312026_375
LM_03_KGC_20260521_CS_3740_3690,22,1574.8031496,31.681560591265885,-91.40208227026856,AAAA_05312026_375
LM_03_KGC_20260521_CS_3740_3690,23,1673.22834645,31.681560591265885,-91.40208227026856,AAAA_05312026_375
LM_03_KGC_20260521_CS_3740_3690,24,1673.22834645,31.681560591265885,-91.40208227026856,AAAA_05312026_375
LM_03_KGC_20260521_CS_3740_3690,25,1771.6535433,31.669453284851517,-91.4013251673178,AAAA_05312026_375
LM_03_KGC_20260521_CS_3740_3690,26,1771.6535433,31.669453284851517,-91.4013251673178,AAAA_05312026_375
LM_03_KGC_20260521_CS_3740_3690,27,1870.07874015,31.669453284851517,-91.4013251673178,AAAA_05312026_375
LM_03_KGC_20260521_CS_3740_3690,28,1870.07874015,31.669453284851517,-91.4013251673178,AAAA_05312026_375
LM_03_KGC_20260521_CS_3740_3690,29,1870.07874015,31.669453284851517,-91.4013251673178,AAAA_05312026_375
LM_03_KGC_20260521_CS_3740_3690,30,1870.07874015,31.669453284851517,-91.4013251673178,AAAA_05312026_375
LM_03_KGC_20260521_CS_3740_3690,31,1968.503937,31.66779990673554,-91.40103200980705,AAAA_05312026_375
LM_03_KGC_20260521_CS_3740_3690,32,1968.503937,31.66779990673554,-91.40103200980705,AAAA_05312026_375
LM_03_KGC_20260521_CS_3740_3690,33,1968.503937,31.669453284851517,-91.4013251673178,AAAA_05312026_375
LM_03_KGC_20260521_CS_3740_3690,34,1968.503937,31.669453284851517,-91.4013251673178,AAAA_05312026_375
LM_03_KGC_20260521_CS_3740_3690,35,2362.2047244,31.733181206082833,-91.37481675899271,AAAA_05312026_375
LM_03_KGC_20260521_CS_3740_3690,36,2362.2047244,31.75174575744355,-91.36451758289247,AAAA_05312026_375
LM_03_KGC_20260520_CS_3688_3660,-5,0.0,31.7209950167151,-91.38950438088469,AAAA_05312026_375
LM_03_KGC_20260520_CS_3688_3660,-4,0.0,31.7209950167151,-91.38950438088469,AAAA_05312026_375
LM_03_KGC_20260520_CS_3688_3660,-3,0.0,31.7209950167151,-91.38950438088469,AAAA_05312026_375
LM_03_KGC_20260520_CS_3688_3660,-2,0.0,31.7209950167151,-91.38950438088469,AAAA_05312026_375
LM_03_KGC_20260520_CS_3688_3660,-1,0.0,31.7209950167151,-91.38950438088469,AAAA_05312026_375
LM_03_KGC_20260520_CS_3688_3660,0,0.0,31.722078308057775,-91.38819897025363,AAAA_05312026_375
LM_03_KGC_20260520_CS_3688_3660,1,0.0,31.722078308057775,-91.38819897025363,AAAA_05312026_375
LM_03_KGC_20260520_CS_3688_3660,2,0.0,31.723420185412984,-91.38560235570051,AAAA_05312026_375
LM_03_KGC_20260520_CS_3688_3660,3,853.0183727000001,31.69917374459122,-91.40338834080617,AAAA_05312026_375
LM_03_KGC_20260520_CS_3688_3660,4,951.44356955,31.693671903569722,-91.40316100201836,AAAA_05312026_375
LM_03_KGC_20260520_CS_3688_3660,5,984.2519685,31.69642483739014,-91.40343542601794,AAAA_05312026_375
LM_03_KGC_20260520_CS_3688_3660,6,984.2519685,31.69642483739014,-91.40343542601794,AAAA_05312026_375
LM_03_KGC_20260520_CS_3688_3660,7,1049.8687664,31.684309503092006,-91.40203517242456,AAAA_05312026_375
LM_03_KGC_20260520_CS_3688_3660,8,1049.8687664,31.684309503092006,-91.40203517242456,AAAA_05312026_375
LM_03_KGC_20260520_CS_3688_3660,9,1049.8687664,31.684309503092006,-91.40203517242456,AAAA_05312026_375
LM_03_KGC_20260520_CS_3688_3660,10,1049.8687664,31.684309503092006,-91.40203517242456,AAAA_05312026_375
LM_03_KGC_20260520_CS_3688_3660,11,1049.8687664,31.69229744908904,-91.40318454373235,AAAA_05312026_375
LM_03_KGC_20260520_CS_3688_3660,12,1082.67716535,31.69642483739014,-91.40343542601794,AAAA_05312026_375
LM_03_KGC_20260520_CS_3688_3660,13,1082.67716535,31.69642483739014,-91.40343542601794,AAAA_05312026_375
LM_03_KGC_20260520_CS_3688_3660,14,1148.2939632500002,31.693671903569722,-91.40316100201836,AAAA_05312026_375
LM_03_KGC_20260520_CS_3688_3660,15,1148.2939632500002,31.693671903569722,-91.40316100201836,AAAA_05312026_375
LM_03_KGC_20260520_CS_3688_3660,16,1148.2939632500002,31.693671903569722,-91.40316100201836,AAAA_05312026_375
LM_03_KGC_20260520_CS_3688_3660,17,1148.2939632500002,31.693671903569722,-91.40316100201836,AAAA_05312026_375
LM_03_KGC_20260520_CS_3688_3660,18,1148.2939632500002,31.693671903569722,-91.40316100201836,AAAA_05312026_375
LM_03_KGC_20260520_CS_3688_3660,19,1148.2939632500002,31.693671903569722,-91.40316100201836,AAAA_05312026_375
LM_03_KGC_20260520_CS_3688_3660,20,1148.2939632500002,31.695046357738832,-91.40313745869469,AAAA_05312026_375
LM_03_KGC_20260520_CS_3688_3660,21,1246.7191601,31.695046357738832,-91.40313745869469,AAAA_05312026_375
LM_03_KGC_20260520_CS_3688_3660,22,1574.8031496,31.681560591265885,-91.40208227026856,AAAA_05312026_375
LM_03_KGC_20260520_CS_3688_3660,23,1673.22834645,31.681560591265885,-91.40208227026856,AAAA_05312026_375
LM_03_KGC_20260520_CS_3688_3660,24,1673.22834645,31.681560591265885,-91.40208227026856,AAAA_05312026_375
LM_03_KGC_20260520_CS_3688_3660,25,1771.6535433,31.669453284851517,-91.4013251673178,AAAA_05312026_375
LM_03_KGC_20260520_CS_3688_3660,26,1771.6535433,31.669453284851517,-91.4013251673178,AAAA_05312026_375
LM_03_KGC_20260520_CS_3688_3660,27,1870.07874015,31.669453284851517,-91.4013251673178,AAAA_05312026_375
LM_03_KGC_20260520_CS_3688_3660,28,1870.07874015,31.669453284851517,-91.4013251673178,AAAA_05312026_375
LM_03_KGC_20260520_CS_3688_3660,29,1870.07874015,31.669453284851517,-91.4013251673178,AAAA_05312026_375
LM_03_KGC_20260520_CS_3688_3660,30,1870.07874015,31.669453284851517,-91.4013251673178,AAAA_05312026_375
LM_03_KGC_20260520_CS_3688_3660,31,1968.503937,31.66779990673554,-91.40103200980705,AAAA_05312026_375
LM_03_KGC_20260520_CS_3688_3660,32,1968.503937,31.66779990673554,-91.40103200980705,AAAA_05312026_375
LM_03_KGC_20260520_CS_3688_3660,33,1968.503937,31.669453284851517,-91.4013251673178,AAAA_05312026_375
LM_03_KGC_20260520_CS_3688_3660,34,1968.503937,31.669453284851517,-91.4013251673178,AAAA_05312026_375
LM_03_KGC_20260520_CS_3688_3660,35,2362.2047244,31.733181206082833,-91.37481675899271,AAAA_05312026_375
LM_03_KGC_20260520_CS_3688_3660,36,2362.2047244,31.75174575744355,-91.36451758289247,AAAA_05312026_375
LM_02_GCG_20260528_CS_3660_3626,-5,0.0,31.436817801762317,-91.51736388103271,BBBB_06092026_355
LM_02_GCG_20260528_CS_3660_3626,-4,0.0,31.436817801762317,-91.51736388103271,BBBB_06092026_355
LM_02_GCG_20260528_CS_3660_3626,-3,262.46719160000004,31.436817801762317,-91.51736388103271,BBBB_06092026_355
LM_02_GCG_20260528_CS_3660_3626,-2,459.3175853,31.431847017380214,-91.51551805399184,BBBB_06092026_355
LM_02_GCG_20260528_CS_3660_3626,-1,623.35958005,31.435164587984314,-91.5170692180365,BBBB_06092026_355
LM_02_GCG_20260528_CS_3660_3626,0,623.35958005,31.435164587984314,-91.5170692180365,BBBB_06092026_355
LM_02_GCG_20260528_CS_3660_3626,1,688.97637795,31.436817801762317,-91.51736388103271,BBBB_06092026_355
LM_02_GCG_20260528_CS_3660_3626,2,688.97637795,31.436817801762317,-91.51736388103271,BBBB_06092026_355
LM_02_GCG_20260528_CS_3660_3626,3,918.6351706,31.435164587984314,-91.5170692180365,BBBB_06092026_355
LM_02_GCG_20260528_CS_3660_3626,4,918.6351706,31.435164587984314,-91.5170692180365,BBBB_06092026_355
LM_02_GCG_20260528_CS_3660_3626,5,1017.06036745,31.435164587984314,-91.5170692180365,BBBB_06092026_355
LM_02_GCG_20260528_CS_3660_3626,6,1279.52755905,31.36914666538171,-91.46811444851495,BBBB_06092026_355
LM_02_GCG_20260528_CS_3660_3626,7,1279.52755905,31.36914666538171,-91.46811444851495,BBBB_06092026_355
LM_02_GCG_20260528_CS_3660_3626,8,1345.14435695,31.375156442023254,-91.46481208227327,BBBB_06092026_355
LM_02_GCG_20260528_CS_3660_3626,9,1410.76115485,31.366412828746206,-91.46944062100077,BBBB_06092026_355
LM_02_GCG_20260528_CS_3660_3626,10,1410.76115485,31.366412828746206,-91.46944062100077,BBBB_06092026_355
LM_02_GCG_20260528_CS_3660_3626,11,1410.76115485,31.366412828746206,-91.46944062100077,BBBB_06092026_355
LM_02_GCG_20260528_CS_3660_3626,12,1509.1863517000002,31.365320818119077,-91.47009922340311,BBBB_06092026_355
LM_02_GCG_20260528_CS_3660_3626,13,1574.8031496,31.365320818119077,-91.47009922340311,BBBB_06092026_355
LM_02_GCG_20260528_CS_3660_3626,14,1607.6115485500002,31.365320818119077,-91.47009922340311,BBBB_06092026_355
LM_02_GCG_20260528_CS_3660_3626,15,1607.6115485500002,31.365320818119077,-91.47009922340311,BBBB_06092026_355
LM_02_GCG_20260528_CS_3660_3626,16,1706.0367454000002,31.36914666538171,-91.46811444851495,BBBB_06092026_355
LM_02_GCG_20260528_CS_3660_3626,17,1902.8871391,31.36914666538171,-91.46811444851495,BBBB_06092026_355
LM_02_GCG_20260528_CS_3660_3626,18,1968.503937,31.482227214945762,-91.52081918093671,BBBB_06092026_355
LM_02_GCG_20260528_CS_3660_3626,19,2001.31233595,31.483326877238913,-91.52080187582445,BBBB_06092026_355
LM_02_GCG_20260528_CS_3660_3626,20,2034.1207349,31.589457219444785,-91.40605934227459,BBBB_06092026_355
LM_02_GCG_20260528_CS_3660_3626,21,2034.1207349,31.589457219444785,-91.40605934227459,BBBB_06092026_355
LM_02_GCG_20260528_CS_3660_3626,22,2034.1207349,31.589457219444785,-91.40605934227459,BBBB_06092026_355
LM_02_GCG_20260528_CS_3660_3626,23,2165.3543307,31.472887486881305,-91.52160776089177,BBBB_06092026_355
LM_02_GCG_20260528_CS_3660_3626,24,2165.3543307,31.472887486881305,-91.52160776089177,BBBB_06092026_355
LM_02_GCG_20260528_CS_3660_3626,25,2165.3543307,31.472887486881305,-91.52160776089177,BBBB_06092026_355
LM_02_GCG_20260528_CS_3660_3626,26,2230.9711286,31.58726606495987,-91.40673906084521,BBBB_06092026_355
LM_02_GCG_20260528_CS_3660_3626,27,2230.9711286,31.589457219444785,-91.40605934227459,BBBB_06092026_355
LM_02_GCG_20260528_CS_3660_3626,28,2263.77952755,31.366412828746206,-91.46944062100077,BBBB_06092026_355
LM_02_GCG_20260528_CS_3660_3626,29,2263.77952755,31.366412828746206,-91.46944062100077,BBBB_06092026_355
LM_02_GCG_20260528_CS_3660_3626,30,2263.77952755,31.366412828746206,-91.46944062100077,BBBB_06092026_355
LM_02_GCG_20260528_CS_3660_3626,31,2263.77952755,31.53398057565056,-91.45611932640047,BBBB_06092026_355
LM_02_GCG_20260528_CS_3660_3626,32,2263.77952755,31.53398057565056,-91.45611932640047,BBBB_06092026_355
LM_02_GCG_20260528_CS_3660_3626,33,2263.77952755,31.53398057565056,-91.45611932640047,BBBB_06092026_355
LM_02_GCG_20260528_CS_3660_3626,34,2263.77952755,31.53398057565056,-91.45611932640047,BBBB_06092026_355
LM_02_GCG_20260528_CS_3660_3626,35,2263.77952755,31.53398057565056,-91.45611932640047,BBBB_06092026_355
LM_02_GCG_20260528_CS_3660_3626,36,2263.77952755,31.53398057565056,-91.45611932640047,BBBB_06092026_355
LM_02_GCG_20260529_CS_3624_3600,-5,0.0,31.436817801762317,-91.51736388103271,BBBB_06092026_355
LM_02_GCG_20260529_CS_3624_3600,-4,0.0,31.436817801762317,-91.51736388103271,BBBB_06092026_355
LM_02_GCG_20260529_CS_3624_3600,-3,262.46719160000004,31.436817801762317,-91.51736388103271,BBBB_06092026_355
LM_02_GCG_20260529_CS_3624_3600,-2,459.3175853,31.431847017380214,-91.51551805399184,BBBB_06092026_355
LM_02_GCG_20260529_CS_3624_3600,-1,623.35958005,31.435164587984314,-91.5170692180365,BBBB_06092026_355
LM_02_GCG_20260529_CS_3624_3600,0,623.35958005,31.435164587984314,-91.5170692180365,BBBB_06092026_355
LM_02_GCG_20260529_CS_3624_3600,1,688.97637795,31.436817801762317,-91.51736388103271,BBBB_06092026_355
LM_02_GCG_20260529_CS_3624_3600,2,688.97637795,31.436817801762317,-91.51736388103271,BBBB_06092026_355
LM_02_GCG_20260529_CS_3624_3600,3,918.6351706,31.435164587984314,-91.5170692180365,BBBB_06092026_355
LM_02_GCG_20260529_CS_3624_3600,4,918.6351706,31.435164587984314,-91.5170692180365,BBBB_06092026_355
LM_02_GCG_20260529_CS_3624_3600,5,1017.06036745,31.435164587984314,-91.5170692180365,BBBB_06092026_355
LM_02_GCG_20260529_CS_3624_3600,6,1279.52755905,31.36914666538171,-91.46811444851495,BBBB_06092026_355
LM_02_GCG_20260529_CS_3624_3600,7,1279.52755905,31.36914666538171,-91.46811444851495,BBBB_06092026_355
LM_02_GCG_20260529_CS_3624_3600,8,1345.14435695,31.375156442023254,-91.46481208227327,BBBB_06092026_355
LM_02_GCG_20260529_CS_3624_3600,9,1410.76115485,31.366412828746206,-91.46944062100077,BBBB_06092026_355
LM_02_GCG_20260529_CS_3624_3600,10,1410.76115485,31.366412828746206,-91.46944062100077,BBBB_06092026_355
LM_02_GCG_20260529_CS_3624_3600,11,1410.76115485,31.366412828746206,-91.46944062100077,BBBB_06092026_355
LM_02_GCG_20260529_CS_3624_3600,12,1509.1863517000002,31.365320818119077,-91.47009922340311,BBBB_06092026_355
LM_02_GCG_20260529_CS_3624_3600,13,1574.8031496,31.365320818119077,-91.47009922340311,BBBB_06092026_355
LM_02_GCG_20260529_CS_3624_3600,14,1607.6115485500002,31.365320818119077,-91.47009922340311,BBBB_06092026_355
LM_02_GCG_20260529_CS_3624_3600,15,1607.6115485500002,31.365320818119077,-91.47009922340311,BBBB_06092026_355
LM_02_GCG_20260529_CS_3624_3600,16,1706.0367454000002,31.36914666538171,-91.46811444851495,BBBB_06092026_355
LM_02_GCG_20260529_CS_3624_3600,17,1902.8871391,31.36914666538171,-91.46811444851495,BBBB_06092026_355
LM_02_GCG_20260529_CS_3624_3600,18,1968.503937,31.482227214945762,-91.52081918093671,BBBB_06092026_355
LM_02_GCG_20260529_CS_3624_3600,19,2001.31233595,31.483326877238913,-91.52080187582445,BBBB_06092026_355
LM_02_GCG_20260529_CS_3624_3600,20,2034.1207349,31.589457219444785,-91.40605934227459,BBBB_06092026_355
LM_02_GCG_20260529_CS_3624_3600,21,2034.1207349,31.589457219444785,-91.40605934227459,BBBB_06092026_355
LM_02_GCG_20260529_CS_3624_3600,22,2034.1207349,31.589457219444785,-91.40605934227459,BBBB_06092026_355
LM_02_GCG_20260529_CS_3624_3600,23,2165.3543307,31.472887486881305,-91.52160776089177,BBBB_06092026_355
LM_02_GCG_20260529_CS_3624_3600,24,2165.3543307,31.472887486881305,-91.52160776089177,BBBB_06092026_355
LM_02_GCG_20260529_CS_3624_3600,25,2165.3543307,31.472887486881305,-91.52160776089177,BBBB_06092026_355
LM_02_GCG_20260529_CS_3624_3600,26,2230.9711286,31.58726606495987,-91.40673906084521,BBBB_06092026_355
LM_02_GCG_20260529_CS_3624_3600,27,2230.9711286,31.589457219444785,-91.40605934227459,BBBB_06092026_355
LM_02_GCG_20260529_CS_3624_3600,28,2263.77952755,31.366412828746206,-91.46944062100077,BBBB_06092026_355
LM_02_GCG_20260529_CS_3624_3600,29,2263.77952755,31.366412828746206,-91.46944062100077,BBBB_06092026_355
LM_02_GCG_20260529_CS_3624_3600,30,2263.77952755,31.366412828746206,-91.46944062100077,BBBB_06092026_355
LM_02_GCG_20260529_CS_3624_3600,31,2263.77952755,31.53398057565056,-91.45611932640047,BBBB_06092026_355
LM_02_GCG_20260529_CS_3624_3600,32,2263.77952755,31.53398057565056,-91.45611932640047,BBBB_06092026_355
LM_02_GCG_20260529_CS_3624_3600,33,2263.77952755,31.53398057565056,-91.45611932640047,BBBB_06092026_355
LM_02_GCG_20260529_CS_3624_3600,34,2263.77952755,31.53398057565056,-91.45611932640047,BBBB_06092026_355
LM_02_GCG_20260529_CS_3624_3600,35,2263.77952755,31.53398057565056,-91.45611932640047,BBBB_06092026_355
LM_02_GCG_20260529_CS_3624_3600,36,2263.77952755,31.53398057565056,-91.45611932640047,BBBB_06092026_355
LM_02_GCG_20260607_CS_3598_3546,-5,0.0,31.436817801762317,-91.51736388103271,BBBB_06092026_355
LM_02_GCG_20260607_CS_3598_3546,-4,0.0,31.436817801762317,-91.51736388103271,BBBB_06092026_355
LM_02_GCG_20260607_CS_3598_3546,-3,262.46719160000004,31.436817801762317,-91.51736388103271,BBBB_06092026_355
LM_02_GCG_20260607_CS_3598_3546,-2,459.3175853,31.431847017380214,-91.51551805399184,BBBB_06092026_355
LM_02_GCG_20260607_CS_3598_3546,-1,623.35958005,31.435164587984314,-91.5170692180365,BBBB_06092026_355
LM_02_GCG_20260607_CS_3598_3546,0,623.35958005,31.435164587984314,-91.5170692180365,BBBB_06092026_355
LM_02_GCG_20260607_CS_3598_3546,1,688.97637795,31.436817801762317,-91.51736388103271,BBBB_06092026_355
LM_02_GCG_20260607_CS_3598_3546,2,688.97637795,31.436817801762317,-91.51736388103271,BBBB_06092026_355
LM_02_GCG_20260607_CS_3598_3546,3,918.6351706,31.435164587984314,-91.5170692180365,BBBB_06092026_355
LM_02_GCG_20260607_CS_3598_3546,4,918.6351706,31.435164587984314,-91.5170692180365,BBBB_06092026_355
LM_02_GCG_20260607_CS_3598_3546,5,1017.06036745,31.435164587984314,-91.5170692180365,BBBB_06092026_355
LM_02_GCG_20260607_CS_3598_3546,6,1279.52755905,31.36914666538171,-91.46811444851495,BBBB_06092026_355
LM_02_GCG_20260607_CS_3598_3546,7,1279.52755905,31.36914666538171,-91.46811444851495,BBBB_06092026_355
LM_02_GCG_20260607_CS_3598_3546,8,1345.14435695,31.375156442023254,-91.46481208227327,BBBB_06092026_355
LM_02_GCG_20260607_CS_3598_3546,9,1410.76115485,31.366412828746206,-91.46944062100077,BBBB_06092026_355
LM_02_GCG_20260607_CS_3598_3546,10,1410.76115485,31.366412828746206,-91.46944062100077,BBBB_06092026_355
LM_02_GCG_20260607_CS_3598_3546,11,1410.76115485,31.366412828746206,-91.46944062100077,BBBB_06092026_355
LM_02_GCG_20260607_CS_3598_3546,12,1509.1863517000002,31.365320818119077,-91.47009922340311,BBBB_06092026_355
LM_02_GCG_20260607_CS_3598_3546,13,1574.8031496,31.365320818119077,-91.47009922340311,BBBB_06092026_355
LM_02_GCG_20260607_CS_3598_3546,14,1607.6115485500002,31.365320818119077,-91.47009922340311,BBBB_06092026_355
LM_02_GCG_20260607_CS_3598_3546,15,1607.6115485500002,31.365320818119077,-91.47009922340311,BBBB_06092026_355
LM_02_GCG_20260607_CS_3598_3546,16,1706.0367454000002,31.36914666538171,-91.46811444851495,BBBB_06092026_355
LM_02_GCG_20260607_CS_3598_3546,17,1902.8871391,31.36914666538171,-91.46811444851495,BBBB_06092026_355
LM_02_GCG_20260607_CS_3598_3546,18,1968.503937,31.482227214945762,-91.52081918093671,BBBB_06092026_355
LM_02_GCG_20260607_CS_3598_3546,19,2001.31233595,31.483326877238913,-91.52080187582445,BBBB_06092026_355
LM_02_GCG_20260607_CS_3598_3546,20,2034.1207349,31.589457219444785,-91.40605934227459,BBBB_06092026_355
LM_02_GCG_20260607_CS_3598_3546,21,2034.1207349,31.589457219444785,-91.40605934227459,BBBB_06092026_355
LM_02_GCG_20260607_CS_3598_3546,22,2034.1207349,31.589457219444785,-91.40605934227459,BBBB_06092026_355
LM_02_GCG_20260607_CS_3598_3546,23,2165.3543307,31.472887486881305,-91.52160776089177,BBBB_06092026_355
LM_02_GCG_20260607_CS_3598_3546,24,2165.3543307,31.472887486881305,-91.52160776089177,BBBB_06092026_355
LM_02_GCG_20260607_CS_3598_3546,25,2165.3543307,31.472887486881305,-91.52160776089177,BBBB_06092026_355
LM_02_GCG_20260607_CS_3598_3546,26,2230.9711286,31.58726606495987,-91.40673906084521,BBBB_06092026_355
LM_02_GCG_20260607_CS_3598_3546,27,2230.9711286,31.589457219444785,-91.40605934227459,BBBB_06092026_355
LM_02_GCG_20260607_CS_3598_3546,28,2263.77952755,31.366412828746206,-91.46944062100077,BBBB_06092026_355
LM_02_GCG_20260607_CS_3598_3546,29,2263.77952755,31.366412828746206,-91.46944062100077,BBBB_06092026_355
LM_02_GCG_20260607_CS_3598_3546,30,2263.77952755,31.366412828746206,-91.46944062100077,BBBB_06092026_355
LM_02_GCG_20260607_CS_3598_3546,31,2263.77952755,31.53398057565056,-91.45611932640047,BBBB_06092026_355
LM_02_GCG_20260607_CS_3598_3546,32,2263.77952755,31.53398057565056,-91.45611932640047,BBBB_06092026_355
LM_02_GCG_20260607_CS_3598_3546,33,2263.77952755,31.53398057565056,-91.45611932640047,BBBB_06092026_355
LM_02_GCG_20260607_CS_3598_3546,34,2263.77952755,31.53398057565056,-91.45611932640047,BBBB_06092026_355
LM_02_GCG_20260607_CS_3598_3546,35,2263.77952755,31.53398057565056,-91.45611932640047,BBBB_06092026_355
LM_02_GCG_20260607_CS_3598_3546,36,2263.77952755,31.53398057565056,-91.45611932640047,BBBB_06092026_355
LM_02_GCG_20260608_CS_3544_3486,-5,0.0,31.436817801762317,-91.51736388103271,BBBB_06092026_355
LM_02_GCG_20260608_CS_3544_3486,-4,0.0,31.436817801762317,-91.51736388103271,BBBB_06092026_355
LM_02_GCG_20260608_CS_3544_3486,-3,262.46719160000004,31.436817801762317,-91.51736388103271,BBBB_06092026_355
LM_02_GCG_20260608_CS_3544_3486,-2,459.3175853,31.431847017380214,-91.51551805399184,BBBB_06092026_355
LM_02_GCG_20260608_CS_3544_3486,-1,623.35958005,31.435164587984314,-91.5170692180365,BBBB_06092026_355
LM_02_GCG_20260608_CS_3544_3486,0,623.35958005,31.435164587984314,-91.5170692180365,BBBB_06092026_355
LM_02_GCG_20260608_CS_3544_3486,1,688.97637795,31.436817801762317,-91.51736388103271,BBBB_06092026_355
LM_02_GCG_20260608_CS_3544_3486,2,688.97637795,31.436817801762317,-91.51736388103271,BBBB_06092026_355
LM_02_GCG_20260608_CS_3544_3486,3,918.6351706,31.435164587984314,-91.5170692180365,BBBB_06092026_355
LM_02_GCG_20260608_CS_3544_3486,4,918.6351706,31.435164587984314,-91.5170692180365,BBBB_06092026_355
LM_02_GCG_20260608_CS_3544_3486,5,1017.06036745,31.435164587984314,-91.5170692180365,BBBB_06092026_355
LM_02_GCG_20260608_CS_3544_3486,6,1279.52755905,31.36914666538171,-91.46811444851495,BBBB_06092026_355
LM_02_GCG_20260608_CS_3544_3486,7,1279.52755905,31.36914666538171,-91.46811444851495,BBBB_06092026_355
LM_02_GCG_20260608_CS_3544_3486,8,1345.14435695,31.375156442023254,-91.46481208227327,BBBB_06092026_355
LM_02_GCG_20260608_CS_3544_3486,9,1410.76115485,31.366412828746206,-91.46944062100077,BBBB_06092026_355
LM_02_GCG_20260608_CS_3544_3486,10,1410.76115485,31.366412828746206,-91.46944062100077,BBBB_06092026_355
LM_02_GCG_20260608_CS_3544_3486,11,1410.76115485,31.366412828746206,-91.46944062100077,BBBB_06092026_355
LM_02_GCG_20260608_CS_3544_3486,12,1509.1863517000002,31.365320818119077,-91.47009922340311,BBBB_06092026_355
LM_02_GCG_20260608_CS_3544_3486,13,1574.8031496,31.365320818119077,-91.47009922340311,BBBB_06092026_355
LM_02_GCG_20260608_CS_3544_3486,14,1607.6115485500002,31.365320818119077,-91.47009922340311,BBBB_06092026_355
LM_02_GCG_20260608_CS_3544_3486,15,1607.6115485500002,31.365320818119077,-91.47009922340311,BBBB_06092026_355
LM_02_GCG_20260608_CS_3544_3486,16,1706.0367454000002,31.36914666538171,-91.46811444851495,BBBB_06092026_355
LM_02_GCG_20260608_CS_3544_3486,17,1902.8871391,31.36914666538171,-91.46811444851495,BBBB_06092026_355
LM_02_GCG_20260608_CS_3544_3486,18,1968.503937,31.482227214945762,-91.52081918093671,BBBB_06092026_355
LM_02_GCG_20260608_CS_3544_3486,19,2001.31233595,31.483326877238913,-91.52080187582445,BBBB_06092026_355
LM_02_GCG_20260608_CS_3544_3486,20,2034.1207349,31.589457219444785,-91.40605934227459,BBBB_06092026_355
LM_02_GCG_20260608_CS_3544_3486,21,2034.1207349,31.589457219444785,-91.40605934227459,BBBB_06092026_355
LM_02_GCG_20260608_CS_3544_3486,22,2034.1207349,31.589457219444785,-91.40605934227459,BBBB_06092026_355
LM_02_GCG_20260608_CS_3544_3486,23,2165.3543307,31.472887486881305,-91.52160776089177,BBBB_06092026_355
LM_02_GCG_20260608_CS_3544_3486,24,2165.3543307,31.472887486881305,-91.52160776089177,BBBB_06092026_355
LM_02_GCG_20260608_CS_3544_3486,25,2165.3543307,31.472887486881305,-91.52160776089177,BBBB_06092026_355
LM_02_GCG_20260608_CS_3544_3486,26,2230.9711286,31.58726606495987,-91.40673906084521,BBBB_06092026_355
LM_02_GCG_20260608_CS_3544_3486,27,2230.9711286,31.589457219444785,-91.40605934227459,BBBB_06092026_355
LM_02_GCG_20260608_CS_3544_3486,28,2263.77952755,31.366412828746206,-91.46944062100077,BBBB_06092026_355
LM_02_GCG_20260608_CS_3544_3486,29,2263.77952755,31.366412828746206,-91.46944062100077,BBBB_06092026_355
LM_02_GCG_20260608_CS_3544_3486,30,2263.77952755,31.366412828746206,-91.46944062100077,BBBB_06092026_355
LM_02_GCG_20260608_CS_3544_3486,31,2263.77952755,31.53398057565056,-91.45611932640047,BBBB_06092026_355
LM_02_GCG_20260608_CS_3544_3486,32,2263.77952755,31.53398057565056,-91.45611932640047,BBBB_06092026_355
LM_02_GCG_20260608_CS_3544_3486,33,2263.77952755,31.53398057565056,-91.45611932640047,BBBB_06092026_355
LM_02_GCG_20260608_CS_3544_3486,34,2263.77952755,31.53398057565056,-91.45611932640047,BBBB_06092026_355
LM_02_GCG_20260608_CS_3544_3486,35,2263.77952755,31.53398057565056,-91.45611932640047,BBBB_06092026_355
LM_02_GCG_20260608_CS_3544_3486,36,2263.77952755,31.53398057565056,-91.45611932640047,BBBB_06092026_355
LM_02_GCG_20260609_CS_3484_3454,-5,0.0,31.436817801762317,-91.51736388103271,BBBB_06092026_355
LM_02_GCG_20260609_CS_3484_3454,-4,0.0,31.436817801762317,-91.51736388103271,BBBB_06092026_355
LM_02_GCG_20260609_CS_3484_3454,-3,262.46719160000004,31.436817801762317,-91.51736388103271,BBBB_06092026_355
LM_02_GCG_20260609_CS_3484_3454,-2,459.3175853,31.431847017380214,-91.51551805399184,BBBB_06092026_355
LM_02_GCG_20260609_CS_3484_3454,-1,623.35958005,31.435164587984314,-91.5170692180365,BBBB_06092026_355
LM_02_GCG_20260609_CS_3484_3454,0,623.35958005,31.435164587984314,-91.5170692180365,BBBB_06092026_355
LM_02_GCG_20260609_CS_3484_3454,1,688.97637795,31.436817801762317,-91.51736388103271,BBBB_06092026_355
LM_02_GCG_20260609_CS_3484_3454,2,688.97637795,31.436817801762317,-91.51736388103271,BBBB_06092026_355
LM_02_GCG_20260609_CS_3484_3454,3,918.6351706,31.435164587984314,-91.5170692180365,BBBB_06092026_355
LM_02_GCG_20260609_CS_3484_3454,4,918.6351706,31.435164587984314,-91.5170692180365,BBBB_06092026_355
LM_02_GCG_20260609_CS_3484_3454,5,1017.06036745,31.435164587984314,-91.5170692180365,BBBB_06092026_355
LM_02_GCG_20260609_CS_3484_3454,6,1279.52755905,31.36914666538171,-91.46811444851495,BBBB_06092026_355
LM_02_GCG_20260609_CS_3484_3454,7,1279.52755905,31.36914666538171,-91.46811444851495,BBBB_06092026_355
LM_02_GCG_20260609_CS_3484_3454,8,1345.14435695,31.375156442023254,-91.46481208227327,BBBB_06092026_355
LM_02_GCG_20260609_CS_3484_3454,9,1410.76115485,31.366412828746206,-91.46944062100077,BBBB_06092026_355
LM_02_GCG_20260609_CS_3484_3454,10,1410.76115485,31.366412828746206,-91.46944062100077,BBBB_06092026_355
LM_02_GCG_20260609_CS_3484_3454,11,1410.76115485,31.366412828746206,-91.46944062100077,BBBB_06092026_355
LM_02_GCG_20260609_CS_3484_3454,12,1509.1863517000002,31.365320818119077,-91.47009922340311,BBBB_06092026_355
LM_02_GCG_20260609_CS_3484_3454,13,1574.8031496,31.365320818119077,-91.47009922340311,BBBB_06092026_355
LM_02_GCG_20260609_CS_3484_3454,14,1607.6115485500002,31.365320818119077,-91.47009922340311,BBBB_06092026_355
LM_02_GCG_20260609_CS_3484_3454,15,1607.6115485500002,31.365320818119077,-91.47009922340311,BBBB_06092026_355
LM_02_GCG_20260609_CS_3484_3454,16,1706.0367454000002,31.36914666538171,-91.46811444851495,BBBB_06092026_355
LM_02_GCG_20260609_CS_3484_3454,17,1902.8871391,31.36914666538171,-91.46811444851495,BBBB_06092026_355
LM_02_GCG_20260609_CS_3484_3454,18,1968.503937,31.482227214945762,-91.52081918093671,BBBB_06092026_355
LM_02_GCG_20260609_CS_3484_3454,19,2001.31233595,31.483326877238913,-91.52080187582445,BBBB_06092026_355
LM_02_GCG_20260609_CS_3484_3454,20,2034.1207349,31.589457219444785,-91.40605934227459,BBBB_06092026_355
LM_02_GCG_20260609_CS_3484_3454,21,2034.1207349,31.589457219444785,-91.40605934227459,BBBB_06092026_355
LM_02_GCG_20260609_CS_3484_3454,22,2034.1207349,31.589457219444785,-91.40605934227459,BBBB_06092026_355
LM_02_GCG_20260609_CS_3484_3454,23,2165.3543307,31.472887486881305,-91.52160776089177,BBBB_06092026_355
LM_02_GCG_20260609_CS_3484_3454,24,2165.3543307,31.472887486881305,-91.52160776089177,BBBB_06092026_355
LM_02_GCG_20260609_CS_3484_3454,25,2165.3543307,31.472887486881305,-91.52160776089177,BBBB_06092026_355
LM_02_GCG_20260609_CS_3484_3454,26,2230.9711286,31.58726606495987,-91.40673906084521,BBBB_06092026_355
LM_02_GCG_20260609_CS_3484_3454,27,2230.9711286,31.589457219444785,-91.40605934227459,BBBB_06092026_355
LM_02_GCG_20260609_CS_3484_3454,28,2263.77952755,31.366412828746206,-91.46944062100077,BBBB_06092026_355
LM_02_GCG_20260609_CS_3484_3454,29,2263.77952755,31.366412828746206,-91.46944062100077,BBBB_06092026_355
LM_02_GCG_20260609_CS_3484_3454,30,2263.77952755,31.366412828746206,-91.46944062100077,BBBB_06092026_355
LM_02_GCG_20260609_CS_3484_3454,31,2263.77952755,31.53398057565056,-91.45611932640047,BBBB_06092026_355
LM_02_GCG_20260609_CS_3484_3454,32,2263.77952755,31.53398057565056,-91.45611932640047,BBBB_06092026_355
LM_02_GCG_20260609_CS_3484_3454,33,2263.77952755,31.53398057565056,-91.45611932640047,BBBB_06092026_355
LM_02_GCG_20260609_CS_3484_3454,34,2263.77952755,31.53398057565056,-91.45611932640047,BBBB_06092026_355
LM_02_GCG_20260609_CS_3484_3454,35,2263.77952755,31.53398057565056,-91.45611932640047,BBBB_06092026_355
LM_02_GCG_20260609_CS_3484_3454,36,2263.77952755,31.53398057565056,-91.45611932640047,BBBB_06092026_355
LM_01_GCB_20260607_CS_3454_3414,-5,0.0,31.268540581187022,-91.6271059429056,CCCC_06072026_339
LM_01_GCB_20260607_CS_3454_3414,-4,0.0,31.267427147107796,-91.6258415498292,CCCC_06072026_339
LM_01_GCB_20260607_CS_3454_3414,-3,98.42519685,31.267427147107796,-91.6258415498292,CCCC_06072026_339
LM_01_GCB_20260607_CS_3454_3414,-2,393.7007874,31.267427147107796,-91.6258415498292,CCCC_06072026_339
LM_01_GCB_20260607_CS_3454_3414,-1,984.2519685,31.26362260523142,-91.53050281550887,CCCC_06072026_339
LM_01_GCB_20260607_CS_3454_3414,0,984.2519685,31.26362260523142,-91.53050281550887,CCCC_06072026_339
LM_01_GCB_20260607_CS_3454_3414,1,1148.2939632500002,31.261488932141365,-91.53629774835699,CCCC_06072026_339
LM_01_GCB_20260607_CS_3454_3414,2,1148.2939632500002,31.261488932141365,-91.53629774835699,CCCC_06072026_339
LM_01_GCB_20260607_CS_3454_3414,3,1213.91076115,31.26014342893135,-91.5388793123953,CCCC_06072026_339
LM_01_GCB_20260607_CS_3454_3414,4,1246.7191601,31.258613487053026,-91.54946600673028,CCCC_06072026_339
LM_01_GCB_20260607_CS_3454_3414,5,1246.7191601,31.258613487053026,-91.54946600673028,CCCC_06072026_339
LM_01_GCB_20260607_CS_3454_3414,6,1246.7191601,31.258613487053026,-91.54946600673028,CCCC_06072026_339
LM_01_GCB_20260607_CS_3454_3414,7,1246.7191601,31.258613487053026,-91.54946600673028,CCCC_06072026_339
LM_01_GCB_20260607_CS_3454_3414,8,1345.14435695,31.25885225772528,-91.54626139828183,CCCC_06072026_339
LM_01_GCB_20260607_CS_3454_3414,9,1345.14435695,31.259351358177884,-91.54177238825251,CCCC_06072026_339
LM_01_GCB_20260607_CS_3454_3414,10,1345.14435695,31.259351358177884,-91.54177238825251,CCCC_06072026_339
LM_01_GCB_20260607_CS_3454_3414,11,1345.14435695,31.259351358177884,-91.54177238825251,CCCC_06072026_339
LM_01_GCB_20260607_CS_3454_3414,12,1377.9527559,31.258613487053026,-91.54946600673028,CCCC_06072026_339
LM_01_GCB_20260607_CS_3454_3414,13,1377.9527559,31.258613487053026,-91.54946600673028,CCCC_06072026_339
LM_01_GCB_20260607_CS_3454_3414,14,1443.5695538,31.259351358177884,-91.54177238825251,CCCC_06072026_339
LM_01_GCB_20260607_CS_3454_3414,15,1476.37795275,31.258649565079395,-91.55266640627103,CCCC_06072026_339
LM_01_GCB_20260607_CS_3454_3414,16,1476.37795275,31.258599033540676,-91.54818584852653,CCCC_06072026_339
LM_01_GCB_20260607_CS_3454_3414,17,1541.99475065,31.259351358177884,-91.54177238825251,CCCC_06072026_339
LM_01_GCB_20260607_CS_3454_3414,18,1541.99475065,31.259351358177884,-91.54177238825251,CCCC_06072026_339
LM_01_GCB_20260607_CS_3454_3414,19,1574.8031496,31.258649565079395,-91.55266640627103,CCCC_06072026_339
LM_01_GCB_20260607_CS_3454_3414,20,1574.8031496,31.258649565079395,-91.55266640627103,CCCC_06072026_339
LM_01_GCB_20260607_CS_3454_3414,21,1574.8031496,31.258649565079395,-91.55266640627103,CCCC_06072026_339
LM_01_GCB_20260607_CS_3454_3414,22,1574.8031496,31.258649565079395,-91.55266640627103,CCCC_06072026_339
LM_01_GCB_20260607_CS_3454_3414,23,1574.8031496,31.258649565079395,-91.55266640627103,CCCC_06072026_339
LM_01_GCB_20260607_CS_3454_3414,24,1640.4199475,31.258649565079395,-91.55266640627103,CCCC_06072026_339
LM_01_GCB_20260607_CS_3454_3414,25,1673.22834645,31.25875732125801,-91.56226763933594,CCCC_06072026_339
LM_01_GCB_20260607_CS_3454_3414,26,1673.22834645,31.258635143426794,-91.55138624576415,CCCC_06072026_339
LM_01_GCB_20260607_CS_3454_3414,27,1673.22834645,31.258635143426794,-91.55138624576415,CCCC_06072026_339
LM_01_GCB_20260607_CS_3454_3414,28,1673.22834645,31.258635143426794,-91.55138624576415,CCCC_06072026_339
LM_01_GCB_20260607_CS_3454_3414,29,1673.22834645,31.258635143426794,-91.55138624576415,CCCC_06072026_339
LM_01_GCB_20260607_CS_3454_3414,30,1673.22834645,31.258635143426794,-91.55138624576415,CCCC_06072026_339
LM_01_GCB_20260607_CS_3454_3414,31,1673.22834645,31.258635143426794,-91.55138624576415,CCCC_06072026_339
LM_01_GCB_20260607_CS_3454_3414,32,1771.6535433,31.258635143426794,-91.55138624576415,CCCC_06072026_339
LM_01_GCB_20260607_CS_3454_3414,33,1870.07874015,31.350910876132986,-91.49358200990238,CCCC_06072026_339
LM_01_GCB_20260607_CS_3454_3414,34,1870.07874015,31.350910876132986,-91.49358200990238,CCCC_06072026_339
LM_01_GCB_20260607_CS_3454_3414,35,1968.503937,31.350376081169912,-91.49487214493085,CCCC_06072026_339
LM_01_GCB_20260607_CS_3454_3414,36,2099.7375328000003,31.353027257033236,-91.48649922656203,CCCC_06072026_339
LM_01_GCB_20260606_CS_3412_3366,-5,0.0,31.268540581187022,-91.6271059429056,CCCC_06072026_339
LM_01_GCB_20260606_CS_3412_3366,-4,0.0,31.267427147107796,-91.6258415498292,CCCC_06072026_339
LM_01_GCB_20260606_CS_3412_3366,-3,98.42519685,31.267427147107796,-91.6258415498292,CCCC_06072026_339
LM_01_GCB_20260606_CS_3412_3366,-2,393.7007874,31.267427147107796,-91.6258415498292,CCCC_06072026_339
LM_01_GCB_20260606_CS_3412_3366,-1,984.2519685,31.26362260523142,-91.53050281550887,CCCC_06072026_339
LM_01_GCB_20260606_CS_3412_3366,0,984.2519685,31.26362260523142,-91.53050281550887,CCCC_06072026_339
LM_01_GCB_20260606_CS_3412_3366,1,1148.2939632500002,31.261488932141365,-91.53629774835699,CCCC_06072026_339
LM_01_GCB_20260606_CS_3412_3366,2,1148.2939632500002,31.261488932141365,-91.53629774835699,CCCC_06072026_339
LM_01_GCB_20260606_CS_3412_3366,3,1213.91076115,31.26014342893135,-91.5388793123953,CCCC_06072026_339
LM_01_GCB_20260606_CS_3412_3366,4,1246.7191601,31.258613487053026,-91.54946600673028,CCCC_06072026_339
LM_01_GCB_20260606_CS_3412_3366,5,1246.7191601,31.258613487053026,-91.54946600673028,CCCC_06072026_339
LM_01_GCB_20260606_CS_3412_3366,6,1246.7191601,31.258613487053026,-91.54946600673028,CCCC_06072026_339
LM_01_GCB_20260606_CS_3412_3366,7,1246.7191601,31.258613487053026,-91.54946600673028,CCCC_06072026_339
LM_01_GCB_20260606_CS_3412_3366,8,1345.14435695,31.25885225772528,-91.54626139828183,CCCC_06072026_339
LM_01_GCB_20260606_CS_3412_3366,9,1345.14435695,31.259351358177884,-91.54177238825251,CCCC_06072026_339
LM_01_GCB_20260606_CS_3412_3366,10,1345.14435695,31.259351358177884,-91.54177238825251,CCCC_06072026_339
LM_01_GCB_20260606_CS_3412_3366,11,1345.14435695,31.259351358177884,-91.54177238825251,CCCC_06072026_339
LM_01_GCB_20260606_CS_3412_3366,12,1377.9527559,31.258613487053026,-91.54946600673028,CCCC_06072026_339
LM_01_GCB_20260606_CS_3412_3366,13,1377.9527559,31.258613487053026,-91.54946600673028,CCCC_06072026_339
LM_01_GCB_20260606_CS_3412_3366,14,1443.5695538,31.259351358177884,-91.54177238825251,CCCC_06072026_339
LM_01_GCB_20260606_CS_3412_3366,15,1476.37795275,31.258649565079395,-91.55266640627103,CCCC_06072026_339
LM_01_GCB_20260606_CS_3412_3366,16,1476.37795275,31.258599033540676,-91.54818584852653,CCCC_06072026_339
LM_01_GCB_20260606_CS_3412_3366,17,1541.99475065,31.259351358177884,-91.54177238825251,CCCC_06072026_339
LM_01_GCB_20260606_CS_3412_3366,18,1541.99475065,31.259351358177884,-91.54177238825251,CCCC_06072026_339
LM_01_GCB_20260606_CS_3412_3366,19,1574.8031496,31.258649565079395,-91.55266640627103,CCCC_06072026_339
LM_01_GCB_20260606_CS_3412_3366,20,1574.8031496,31.258649565079395,-91.55266640627103,CCCC_06072026_339
LM_01_GCB_20260606_CS_3412_3366,21,1574.8031496,31.258649565079395,-91.55266640627103,CCCC_06072026_339
LM_01_GCB_20260606_CS_3412_3366,22,1574.8031496,31.258649565079395,-91.55266640627103,CCCC_06072026_339
LM_01_GCB_20260606_CS_3412_3366,23,1574.8031496,31.258649565079395,-91.55266640627103,CCCC_06072026_339
LM_01_GCB_20260606_CS_3412_3366,24,1640.4199475,31.258649565079395,-91.55266640627103,CCCC_06072026_339
LM_01_GCB_20260606_CS_3412_3366,25,1673.22834645,31.25875732125801,-91.56226763933594,CCCC_06072026_339
LM_01_GCB_20260606_CS_3412_3366,26,1673.22834645,31.258635143426794,-91.55138624576415,CCCC_06072026_339
LM_01_GCB_20260606_CS_3412_3366,27,1673.22834645,31.258635143426794,-91.55138624576415,CCCC_06072026_339
LM_01_GCB_20260606_CS_3412_3366,28,1673.22834645,31.258635143426794,-91.55138624576415,CCCC_06072026_339
LM_01_GCB_20260606_CS_3412_3366,29,1673.22834645,31.258635143426794,-91.55138624576415,CCCC_06072026_339
LM_01_GCB_20260606_CS_3412_3366,30,1673.22834645,31.258635143426794,-91.55138624576415,CCCC_06072026_339
LM_01_GCB_20260606_CS_3412_3366,31,1673.22834645,31.258635143426794,-91.55138624576415,CCCC_06072026_339
LM_01_GCB_20260606_CS_3412_3366,32,1771.6535433,31.258635143426794,-91.55138624576415,CCCC_06072026_339
LM_01_GCB_20260606_CS_3412_3366,33,1870.07874015,31.350910876132986,-91.49358200990238,CCCC_06072026_339
LM_01_GCB_20260606_CS_3412_3366,34,1870.07874015,31.350910876132986,-91.49358200990238,CCCC_06072026_339
LM_01_GCB_20260606_CS_3412_3366,35,1968.503937,31.350376081169912,-91.49487214493085,CCCC_06072026_339
LM_01_GCB_20260606_CS_3412_3366,36,2099.7375328000003,31.353027257033236,-91.48649922656203,CCCC_06072026_339
LM_01_GCB_20260605_CS_3364_3306,-5,0.0,31.268540581187022,-91.6271059429056,CCCC_06072026_339
LM_01_GCB_20260605_CS_3364_3306,-4,0.0,31.267427147107796,-91.6258415498292,CCCC_06072026_339
LM_01_GCB_20260605_CS_3364_3306,-3,98.42519685,31.267427147107796,-91.6258415498292,CCCC_06072026_339
LM_01_GCB_20260605_CS_3364_3306,-2,393.7007874,31.267427147107796,-91.6258415498292,CCCC_06072026_339
LM_01_GCB_20260605_CS_3364_3306,-1,984.2519685,31.26362260523142,-91.53050281550887,CCCC_06072026_339
LM_01_GCB_20260605_CS_3364_3306,0,984.2519685,31.26362260523142,-91.53050281550887,CCCC_06072026_339
LM_01_GCB_20260605_CS_3364_3306,1,1148.2939632500002,31.261488932141365,-91.53629774835699,CCCC_06072026_339
LM_01_GCB_20260605_CS_3364_3306,2,1148.2939632500002,31.261488932141365,-91.53629774835699,CCCC_06072026_339
LM_01_GCB_20260605_CS_3364_3306,3,1213.91076115,31.26014342893135,-91.5388793123953,CCCC_06072026_339
LM_01_GCB_20260605_CS_3364_3306,4,1246.7191601,31.258613487053026,-91.54946600673028,CCCC_06072026_339
LM_01_GCB_20260605_CS_3364_3306,5,1246.7191601,31.258613487053026,-91.54946600673028,CCCC_06072026_339
LM_01_GCB_20260605_CS_3364_3306,6,1246.7191601,31.258613487053026,-91.54946600673028,CCCC_06072026_339
LM_01_GCB_20260605_CS_3364_3306,7,1246.7191601,31.258613487053026,-91.54946600673028,CCCC_06072026_339
LM_01_GCB_20260605_CS_3364_3306,8,1345.14435695,31.25885225772528,-91.54626139828183,CCCC_06072026_339
LM_01_GCB_20260605_CS_3364_3306,9,1345.14435695,31.259351358177884,-91.54177238825251,CCCC_06072026_339
LM_01_GCB_20260605_CS_3364_3306,10,1345.14435695,31.259351358177884,-91.54177238825251,CCCC_06072026_339
LM_01_GCB_20260605_CS_3364_3306,11,1345.14435695,31.259351358177884,-91.54177238825251,CCCC_06072026_339
LM_01_GCB_20260605_CS_3364_3306,12,1377.9527559,31.258613487053026,-91.54946600673028,CCCC_06072026_339
LM_01_GCB_20260605_CS_3364_3306,13,1377.9527559,31.258613487053026,-91.54946600673028,CCCC_06072026_339
LM_01_GCB_20260605_CS_3364_3306,14,1443.5695538,31.259351358177884,-91.54177238825251,CCCC_06072026_339
LM_01_GCB_20260605_CS_3364_3306,15,1476.37795275,31.258649565079395,-91.55266640627103,CCCC_06072026_339
LM_01_GCB_20260605_CS_3364_3306,16,1476.37795275,31.258599033540676,-91.54818584852653,CCCC_06072026_339
LM_01_GCB_20260605_CS_3364_3306,17,1541.99475065,31.259351358177884,-91.54177238825251,CCCC_06072026_339
LM_01_GCB_20260605_CS_3364_3306,18,1541.99475065,31.259351358177884,-91.54177238825251,CCCC_06072026_339
LM_01_GCB_20260605_CS_3364_3306,19,1574.8031496,31.258649565079395,-91.55266640627103,CCCC_06072026_339
LM_01_GCB_20260605_CS_3364_3306,20,1574.8031496,31.258649565079395,-91.55266640627103,CCCC_06072026_339
LM_01_GCB_20260605_CS_3364_3306,21,1574.8031496,31.258649565079395,-91.55266640627103,CCCC_06072026_339
LM_01_GCB_20260605_CS_3364_3306,22,1574.8031496,31.258649565079395,-91.55266640627103,CCCC_06072026_339
LM_01_GCB_20260605_CS_3364_3306,23,1574.8031496,31.258649565079395,-91.55266640627103,CCCC_06072026_339
LM_01_GCB_20260605_CS_3364_3306,24,1640.4199475,31.258649565079395,-91.55266640627103,CCCC_06072026_339
LM_01_GCB_20260605_CS_3364_3306,25,1673.22834645,31.25875732125801,-91.56226763933594,CCCC_06072026_339
LM_01_GCB_20260605_CS_3364_3306,26,1673.22834645,31.258635143426794,-91.55138624576415,CCCC_06072026_339
LM_01_GCB_20260605_CS_3364_3306,27,1673.22834645,31.258635143426794,-91.55138624576415,CCCC_06072026_339
LM_01_GCB_20260605_CS_3364_3306,28,1673.22834645,31.258635143426794,-91.55138624576415,CCCC_06072026_339
LM_01_GCB_20260605_CS_3364_3306,29,1673.22834645,31.258635143426794,-91.55138624576415,CCCC_06072026_339
LM_01_GCB_20260605_CS_3364_3306,30,1673.22834645,31.258635143426794,-91.55138624576415,CCCC_06072026_339
LM_01_GCB_20260605_CS_3364_3306,31,1673.22834645,31.258635143426794,-91.55138624576415,CCCC_06072026_339
LM_01_GCB_20260605_CS_3364_3306,32,1771.6535433,31.258635143426794,-91.55138624576415,CCCC_06072026_339
LM_01_GCB_20260605_CS_3364_3306,33,1870.07874015,31.350910876132986,-91.49358200990238,CCCC_06072026_339
LM_01_GCB_20260605_CS_3364_3306,34,1870.07874015,31.350910876132986,-91.49358200990238,CCCC_06072026_339
LM_01_GCB_20260605_CS_3364_3306,35,1968.503937,31.350376081169912,-91.49487214493085,CCCC_06072026_339
LM_01_GCB_20260605_CS_3364_3306,36,2099.7375328000003,31.353027257033236,-91.48649922656203,CCCC_06072026_339
LM_01_GCB_20260604_CS_3304_3252,-5,1017.06036745,31.204541992319218,-91.59240751168363,DDDD_06042026_323
LM_01_GCB_20260604_CS_3304_3252,-4,1082.67716535,31.20565572968725,-91.59367069061219,DDDD_06042026_323
LM_01_GCB_20260604_CS_3304_3252,-3,1082.67716535,31.20565572968725,-91.59367069061219,DDDD_06042026_323
LM_01_GCB_20260604_CS_3304_3252,-2,1115.4855643,31.204541992319218,-91.59240751168363,DDDD_06042026_323
LM_01_GCB_20260604_CS_3304_3252,-1,1181.1023622,31.204541992319218,-91.59240751168363,DDDD_06042026_323
LM_01_GCB_20260604_CS_3304_3252,0,1279.52755905,31.204541992319218,-91.59240751168363,DDDD_06042026_323
LM_01_GCB_20260604_CS_3304_3252,1,1279.52755905,31.206765961524923,-91.59461402781348,DDDD_06042026_323
LM_01_GCB_20260604_CS_3304_3252,2,1312.335958,31.202324995466057,-91.59084080979166,DDDD_06042026_323
LM_01_GCB_20260604_CS_3304_3252,3,1345.14435695,31.203431745343764,-91.59146422194256,DDDD_06042026_323
LM_01_GCB_20260604_CS_3304_3252,4,1377.9527559,31.203431745343764,-91.59146422194256,DDDD_06042026_323
LM_01_GCB_20260604_CS_3304_3252,5,1377.9527559,31.203431745343764,-91.59146422194256,DDDD_06042026_323
LM_01_GCB_20260604_CS_3304_3252,6,1410.76115485,31.202324995466057,-91.59084080979166,DDDD_06042026_323
LM_01_GCB_20260604_CS_3304_3252,7,1476.37795275,31.203431745343764,-91.59146422194256,DDDD_06042026_323
LM_01_GCB_20260604_CS_3304_3252,8,1476.37795275,31.203431745343764,-91.59146422194256,DDDD_06042026_323
LM_01_GCB_20260604_CS_3304_3252,9,1509.1863517000002,31.202324995466057,-91.59084080979166,DDDD_06042026_323
LM_01_GCB_20260604_CS_3304_3252,10,1541.99475065,31.202324995466057,-91.59084080979166,DDDD_06042026_323
LM_01_GCB_20260604_CS_3304_3252,11,1541.99475065,31.202324995466057,-91.59084080979166,DDDD_06042026_323
LM_01_GCB_20260604_CS_3304_3252,12,1607.6115485500002,31.203431745343764,-91.59146422194256,DDDD_06042026_323
LM_01_GCB_20260604_CS_3304_3252,13,1607.6115485500002,31.203431745343764,-91.59146422194256,DDDD_06042026_323
LM_01_GCB_20260604_CS_3304_3252,14,1640.4199475,31.203431745343764,-91.59146422194256,DDDD_06042026_323
LM_01_GCB_20260604_CS_3304_3252,15,1640.4199475,31.203431745343764,-91.59146422194256,DDDD_06042026_323
LM_01_GCB_20260604_CS_3304_3252,16,1771.6535433,31.203431745343764,-91.59146422194256,DDDD_06042026_323
LM_01_GCB_20260604_CS_3304_3252,17,1771.6535433,31.203431745343764,-91.59146422194256,DDDD_06042026_323
LM_01_GCB_20260604_CS_3304_3252,18,1804.46194225,31.203431745343764,-91.59146422194256,DDDD_06042026_323
LM_01_GCB_20260604_CS_3304_3252,19,1837.2703412,31.203431745343764,-91.59146422194256,DDDD_06042026_323
LM_01_GCB_20260604_CS_3304_3252,20,1902.8871391,31.203431745343764,-91.59146422194256,DDDD_06042026_323
LM_01_GCB_20260604_CS_3304_3252,21,1935.69553805,31.203431745343764,-91.59146422194256,DDDD_06042026_323
LM_01_GCB_20260604_CS_3304_3252,22,1968.503937,31.203431745343764,-91.59146422194256,DDDD_06042026_323
LM_01_GCB_20260604_CS_3304_3252,23,2001.31233595,31.203431745343764,-91.59146422194256,DDDD_06042026_323
LM_01_GCB_20260604_CS_3304_3252,24,2066.92913385,31.203431745343764,-91.59146422194256,DDDD_06042026_323
LM_01_GCB_20260604_CS_3304_3252,25,2099.7375328000003,31.20565572968725,-91.59367069061219,DDDD_06042026_323
LM_01_GCB_20260604_CS_3304_3252,26,2132.54593175,31.203431745343764,-91.59146422194256,DDDD_06042026_323
LM_01_GCB_20260604_CS_3304_3252,27,2230.9711286,31.20565572968725,-91.59367069061219,DDDD_06042026_323
LM_01_GCB_20260604_CS_3304_3252,28,2296.5879265000003,31.204541992319218,-91.59240751168363,DDDD_06042026_323
LM_01_GCB_20260604_CS_3304_3252,29,2329.39632545,31.203431745343764,-91.59146422194256,DDDD_06042026_323
LM_01_GCB_20260604_CS_3304_3252,30,2329.39632545,31.203431745343764,-91.59146422194256,DDDD_06042026_323
LM_01_GCB_20260604_CS_3304_3252,31,2329.39632545,31.203431745343764,-91.59146422194256,DDDD_06042026_323
LM_01_GCB_20260604_CS_3304_3252,32,2329.39632545,31.203431745343764,-91.59146422194256,DDDD_06042026_323
LM_01_GCB_20260604_CS_3304_3252,33,2460.6299212500003,31.203431745343764,-91.59146422194256,DDDD_06042026_323
LM_01_GCB_20260604_CS_3304_3252,34,2460.6299212500003,31.203431745343764,-91.59146422194256,DDDD_06042026_323
LM_01_GCB_20260604_CS_3304_3252,35,2460.6299212500003,31.203431745343764,-91.59146422194256,DDDD_06042026_323
LM_01_GCB_20260604_CS_3304_3252,36,2460.6299212500003,31.203431745343764,-91.59146422194256,DDDD_06042026_323
LM_01_GCB_20260602_CS_3250_3200,-5,1017.06036745,31.204541992319218,-91.59240751168363,DDDD_06042026_323
LM_01_GCB_20260602_CS_3250_3200,-4,1082.67716535,31.20565572968725,-91.59367069061219,DDDD_06042026_323
LM_01_GCB_20260602_CS_3250_3200,-3,1082.67716535,31.20565572968725,-91.59367069061219,DDDD_06042026_323
LM_01_GCB_20260602_CS_3250_3200,-2,1115.4855643,31.204541992319218,-91.59240751168363,DDDD_06042026_323
LM_01_GCB_20260602_CS_3250_3200,-1,1181.1023622,31.204541992319218,-91.59240751168363,DDDD_06042026_323
LM_01_GCB_20260602_CS_3250_3200,0,1279.52755905,31.204541992319218,-91.59240751168363,DDDD_06042026_323
LM_01_GCB_20260602_CS_3250_3200,1,1279.52755905,31.206765961524923,-91.59461402781348,DDDD_06042026_323
LM_01_GCB_20260602_CS_3250_3200,2,1312.335958,31.202324995466057,-91.59084080979166,DDDD_06042026_323
LM_01_GCB_20260602_CS_3250_3200,3,1345.14435695,31.203431745343764,-91.59146422194256,DDDD_06042026_323
LM_01_GCB_20260602_CS_3250_3200,4,1377.9527559,31.203431745343764,-91.59146422194256,DDDD_06042026_323
LM_01_GCB_20260602_CS_3250_3200,5,1377.9527559,31.203431745343764,-91.59146422194256,DDDD_06042026_323
LM_01_GCB_20260602_CS_3250_3200,6,1410.76115485,31.202324995466057,-91.59084080979166,DDDD_06042026_323
LM_01_GCB_20260602_CS_3250_3200,7,1476.37795275,31.203431745343764,-91.59146422194256,DDDD_06042026_323
LM_01_GCB_20260602_CS_3250_3200,8,1476.37795275,31.203431745343764,-91.59146422194256,DDDD_06042026_323
LM_01_GCB_20260602_CS_3250_3200,9,1509.1863517000002,31.202324995466057,-91.59084080979166,DDDD_06042026_323
LM_01_GCB_20260602_CS_3250_3200,10,1541.99475065,31.202324995466057,-91.59084080979166,DDDD_06042026_323
LM_01_GCB_20260602_CS_3250_3200,11,1541.99475065,31.202324995466057,-91.59084080979166,DDDD_06042026_323
LM_01_GCB_20260602_CS_3250_3200,12,1607.6115485500002,31.203431745343764,-91.59146422194256,DDDD_06042026_323
LM_01_GCB_20260602_CS_3250_3200,13,1607.6115485500002,31.203431745343764,-91.59146422194256,DDDD_06042026_323
LM_01_GCB_20260602_CS_3250_3200,14,1640.4199475,31.203431745343764,-91.59146422194256,DDDD_06042026_323
LM_01_GCB_20260602_CS_3250_3200,15,1640.4199475,31.203431745343764,-91.59146422194256,DDDD_06042026_323
LM_01_GCB_20260602_CS_3250_3200,16,1771.6535433,31.203431745343764,-91.59146422194256,DDDD_06042026_323
LM_01_GCB_20260602_CS_3250_3200,17,1771.6535433,31.203431745343764,-91.59146422194256,DDDD_06042026_323
LM_01_GCB_20260602_CS_3250_3200,18,1804.46194225,31.203431745343764,-91.59146422194256,DDDD_06042026_323
LM_01_GCB_20260602_CS_3250_3200,19,1837.2703412,31.203431745343764,-91.59146422194256,DDDD_06042026_323
LM_01_GCB_20260602_CS_3250_3200,20,1902.8871391,31.203431745343764,-91.59146422194256,DDDD_06042026_323
LM_01_GCB_20260602_CS_3250_3200,21,1935.69553805,31.203431745343764,-91.59146422194256,DDDD_06042026_323
LM_01_GCB_20260602_CS_3250_3200,22,1968.503937,31.203431745343764,-91.59146422194256,DDDD_06042026_323
LM_01_GCB_20260602_CS_3250_3200,23,2001.31233595,31.203431745343764,-91.59146422194256,DDDD_06042026_323
LM_01_GCB_20260602_CS_3250_3200,24,2066.92913385,31.203431745343764,-91.59146422194256,DDDD_06042026_323
LM_01_GCB_20260602_CS_3250_3200,25,2099.7375328000003,31.20565572968725,-91.59367069061219,DDDD_06042026_323
LM_01_GCB_20260602_CS_3250_3200,26,2132.54593175,31.203431745343764,-91.59146422194256,DDDD_06042026_323
LM_01_GCB_20260602_CS_3250_3200,27,2230.9711286,31.20565572968725,-91.59367069061219,DDDD_06042026_323
LM_01_GCB_20260602_CS_3250_3200,28,2296.5879265000003,31.204541992319218,-91.59240751168363,DDDD_06042026_323
LM_01_GCB_20260602_CS_3250_3200,29,2329.39632545,31.203431745343764,-91.59146422194256,DDDD_06042026_323
LM_01_GCB_20260602_CS_3250_3200,30,2329.39632545,31.203431745343764,-91.59146422194256,DDDD_06042026_323
LM_01_GCB_20260602_CS_3250_3200,31,2329.39632545,31.203431745343764,-91.59146422194256,DDDD_06042026_323
LM_01_GCB_20260602_CS_3250_3200,32,2329.39632545,31.203431745343764,-91.59146422194256,DDDD_06042026_323
LM_01_GCB_20260602_CS_3250_3200,33,2460.6299212500003,31.203431745343764,-91.59146422194256,DDDD_06042026_323
LM_01_GCB_20260602_CS_3250_3200,34,2460.6299212500003,31.203431745343764,-91.59146422194256,DDDD_06042026_323
LM_01_GCB_20260602_CS_3250_3200,35,2460.6299212500003,31.203431745343764,-91.59146422194256,DDDD_06042026_323
LM_01_GCB_20260602_CS_3250_3200,36,2460.6299212500003,31.203431745343764,-91.59146422194256,DDDD_06042026_323
LM_18_FRIX_20260728_CS_679_682_SORT_ACTUAL_DEPTH,-17,951.44356955,34.728432616889755,-90.56841516998969,LM_18_FRIX_20260728_CS_679_682_SORT_ACTUAL_DEPTH_07282026_681
LM_18_FRIX_20260728_CS_679_682_SORT_ACTUAL_DEPTH,-16,951.44356955,34.728432616889755,-90.56841516998969,LM_18_FRIX_20260728_CS_679_682_SORT_ACTUAL_DEPTH_07282026_681
LM_18_FRIX_20260728_CS_679_682_SORT_ACTUAL_DEPTH,-15,951.44356955,34.728432616889755,-90.56841516998969,LM_18_FRIX_20260728_CS_679_682_SORT_ACTUAL_DEPTH_07282026_681
LM_18_FRIX_20260728_CS_679_682_SORT_ACTUAL_DEPTH,-14,951.44356955,34.728432616889755,-90.56841516998969,LM_18_FRIX_20260728_CS_679_682_SORT_ACTUAL_DEPTH_07282026_681
LM_18_FRIX_20260728_CS_679_682_SORT_ACTUAL_DEPTH,-13,951.44356955,34.728432616889755,-90.56841516998969,LM_18_FRIX_20260728_CS_679_682_SORT_ACTUAL_DEPTH_07282026_681
LM_18_FRIX_20260728_CS_679_682_SORT_ACTUAL_DEPTH,-12,951.44356955,34.728432616889755,-90.56841516998969,LM_18_FRIX_20260728_CS_679_682_SORT_ACTUAL_DEPTH_07282026_681
LM_18_FRIX_20260728_CS_679_682_SORT_ACTUAL_DEPTH,-11,951.44356955,34.728432616889755,-90.56841516998969,LM_18_FRIX_20260728_CS_679_682_SORT_ACTUAL_DEPTH_07282026_681
LM_18_FRIX_20260728_CS_679_682_SORT_ACTUAL_DEPTH,-10,1279.52755905,34.72705954085805,-90.56845540113973,LM_18_FRIX_20260728_CS_679_682_SORT_ACTUAL_DEPTH_07282026_681
LM_18_FRIX_20260728_CS_679_682_SORT_ACTUAL_DEPTH,-9,1279.52755905,34.72705954085805,-90.56845540113973,LM_18_FRIX_20260728_CS_679_682_SORT_ACTUAL_DEPTH_07282026_681
LM_18_FRIX_20260728_CS_679_682_SORT_ACTUAL_DEPTH,-8,1443.5695538,34.72596107977934,-90.56848758410028,LM_18_FRIX_20260728_CS_679_682_SORT_ACTUAL_DEPTH_07282026_681
LM_18_FRIX_20260728_CS_679_682_SORT_ACTUAL_DEPTH,-7,1443.5695538,34.72596107977934,-90.56848758410028,LM_18_FRIX_20260728_CS_679_682_SORT_ACTUAL_DEPTH_07282026_681
LM_18_FRIX_20260728_CS_679_682_SORT_ACTUAL_DEPTH,-6,1541.99475065,34.721848490542385,-90.56894085357759,LM_18_FRIX_20260728_CS_679_682_SORT_ACTUAL_DEPTH_07282026_681
LM_18_FRIX_20260728_CS_679_682_SORT_ACTUAL_DEPTH,-5,1541.99475065,34.721848490542385,-90.56894085357759,LM_18_FRIX_20260728_CS_679_682_SORT_ACTUAL_DEPTH_07282026_681
LM_18_FRIX_20260728_CS_679_682_SORT_ACTUAL_DEPTH,-4,1541.99475065,34.721848490542385,-90.56894085357759,LM_18_FRIX_20260728_CS_679_682_SORT_ACTUAL_DEPTH_07282026_681
LM_18_FRIX_20260728_CS_679_682_SORT_ACTUAL_DEPTH,-3,1541.99475065,34.721848490542385,-90.56894085357759,LM_18_FRIX_20260728_CS_679_682_SORT_ACTUAL_DEPTH_07282026_681
LM_18_FRIX_20260728_CS_679_682_SORT_ACTUAL_DEPTH,-2,1541.99475065,34.721848490542385,-90.56894085357759,LM_18_FRIX_20260728_CS_679_682_SORT_ACTUAL_DEPTH_07282026_681
LM_18_FRIX_20260728_CS_679_682_SORT_ACTUAL_DEPTH,-1,1541.99475065,34.721848490542385,-90.56894085357759,LM_18_FRIX_20260728_CS_679_682_SORT_ACTUAL_DEPTH_07282026_681
LM_18_FRIX_20260728_CS_679_682_SORT_ACTUAL_DEPTH,0,1541.99475065,34.721848490542385,-90.56894085357759,LM_18_FRIX_20260728_CS_679_682_SORT_ACTUAL_DEPTH_07282026_681
LM_18_FRIX_20260728_CS_679_682_SORT_ACTUAL_DEPTH,1,1541.99475065,34.721848490542385,-90.56894085357759,LM_18_FRIX_20260728_CS_679_682_SORT_ACTUAL_DEPTH_07282026_681
LM_18_FRIX_20260728_CS_679_682_SORT_ACTUAL_DEPTH,2,1541.99475065,34.721848490542385,-90.56894085357759,LM_18_FRIX_20260728_CS_679_682_SORT_ACTUAL_DEPTH_07282026_681
LM_18_FRIX_20260728_CS_679_682_SORT_ACTUAL_DEPTH,3,1541.99475065,34.721848490542385,-90.56894085357759,LM_18_FRIX_20260728_CS_679_682_SORT_ACTUAL_DEPTH_07282026_681
LM_18_FRIX_20260728_CS_679_682_SORT_ACTUAL_DEPTH,4,1541.99475065,34.721848490542385,-90.56894085357759,LM_18_FRIX_20260728_CS_679_682_SORT_ACTUAL_DEPTH_07282026_681
LM_18_FRIX_20260728_CS_679_682_SORT_ACTUAL_DEPTH,5,1541.99475065,34.721848490542385,-90.56894085357759,LM_18_FRIX_20260728_CS_679_682_SORT_ACTUAL_DEPTH_07282026_681
LM_18_FRIX_20260728_CS_679_682_SORT_ACTUAL_DEPTH,6,1541.99475065,34.721848490542385,-90.56894085357759,LM_18_FRIX_20260728_CS_679_682_SORT_ACTUAL_DEPTH_07282026_681
LM_18_FRIX_20260728_CS_679_682_SORT_ACTUAL_DEPTH,7,1541.99475065,34.721848490542385,-90.56894085357759,LM_18_FRIX_20260728_CS_679_682_SORT_ACTUAL_DEPTH_07282026_681
LM_18_FRIX_20260728_CS_679_682_SORT_ACTUAL_DEPTH,8,1541.99475065,34.721848490542385,-90.56894085357759,LM_18_FRIX_20260728_CS_679_682_SORT_ACTUAL_DEPTH_07282026_681
LM_18_FRIX_20260728_CS_679_682_SORT_ACTUAL_DEPTH,9,1541.99475065,34.721848490542385,-90.56894085357759,LM_18_FRIX_20260728_CS_679_682_SORT_ACTUAL_DEPTH_07282026_681
LM_18_FRIX_20260728_CS_679_682_SORT_ACTUAL_DEPTH,10,1541.99475065,34.721848490542385,-90.56894085357759,LM_18_FRIX_20260728_CS_679_682_SORT_ACTUAL_DEPTH_07282026_681
LM_18_FRIX_20260728_CS_679_682_SORT_ACTUAL_DEPTH,11,1541.99475065,34.721848490542385,-90.56894085357759,LM_18_FRIX_20260728_CS_679_682_SORT_ACTUAL_DEPTH_07282026_681
LM_18_FRIX_20260728_CS_679_682_SORT_ACTUAL_DEPTH,12,1541.99475065,34.721848490542385,-90.56894085357759,LM_18_FRIX_20260728_CS_679_682_SORT_ACTUAL_DEPTH_07282026_681
LM_18_FRIX_20260728_CS_679_682_SORT_ACTUAL_DEPTH,13,1541.99475065,34.721848490542385,-90.56894085357759,LM_18_FRIX_20260728_CS_679_682_SORT_ACTUAL_DEPTH_07282026_681
LM_18_FRIX_20260728_CS_679_682_SORT_ACTUAL_DEPTH,14,1541.99475065,34.721848490542385,-90.56894085357759,LM_18_FRIX_20260728_CS_679_682_SORT_ACTUAL_DEPTH_07282026_681
LM_18_FRIX_20260728_CS_679_682_SORT_ACTUAL_DEPTH,15,1541.99475065,34.721848490542385,-90.56894085357759,LM_18_FRIX_20260728_CS_679_682_SORT_ACTUAL_DEPTH_07282026_681
LM_18_FRIX_20260728_CS_679_682_SORT_ACTUAL_DEPTH,16,1541.99475065,34.721848490542385,-90.56894085357759,LM_18_FRIX_20260728_CS_679_682_SORT_ACTUAL_DEPTH_07282026_681
LM_18_FRIX_20260728_CS_679_682_SORT_ACTUAL_DEPTH,17,1541.99475065,34.721848490542385,-90.56894085357759,LM_18_FRIX_20260728_CS_679_682_SORT_ACTUAL_DEPTH_07282026_681
LM_18_FRIX_20260728_CS_679_682_SORT_ACTUAL_DEPTH,18,1541.99475065,34.721848490542385,-90.56894085357759,LM_18_FRIX_20260728_CS_679_682_SORT_ACTUAL_DEPTH_07282026_681
LM_18_FRIX_20260728_CS_679_682_SORT_ACTUAL_DEPTH,19,1541.99475065,34.721848490542385,-90.56894085357759,LM_18_FRIX_20260728_CS_679_682_SORT_ACTUAL_DEPTH_07282026_681
LM_19_MEMX_20260709_CS_755_758_SORT_ACTUAL_DEPTHS,-17,1673.22834645,35.40781481752481,-90.05844265766399,LM_19_MEMX_20260709_CS_755_758_SORT_ACTUAL_DEPTHS_07092026_757
LM_19_MEMX_20260709_CS_755_758_SORT_ACTUAL_DEPTHS,-16,1706.0367454000002,35.40781481752481,-90.05844265766399,LM_19_MEMX_20260709_CS_755_758_SORT_ACTUAL_DEPTHS_07092026_757
LM_19_MEMX_20260709_CS_755_758_SORT_ACTUAL_DEPTHS,-15,1771.6535433,35.40781481752481,-90.05844265766399,LM_19_MEMX_20260709_CS_755_758_SORT_ACTUAL_DEPTHS_07092026_757
LM_19_MEMX_20260709_CS_755_758_SORT_ACTUAL_DEPTHS,-14,1837.2703412,35.40781481752481,-90.05844265766399,LM_19_MEMX_20260709_CS_755_758_SORT_ACTUAL_DEPTHS_07092026_757
LM_19_MEMX_20260709_CS_755_758_SORT_ACTUAL_DEPTHS,-13,2066.92913385,35.40781481752481,-90.05844265766399,LM_19_MEMX_20260709_CS_755_758_SORT_ACTUAL_DEPTHS_07092026_757
LM_19_MEMX_20260709_CS_755_758_SORT_ACTUAL_DEPTHS,-12,2066.92913385,35.40781481752481,-90.05844265766399,LM_19_MEMX_20260709_CS_755_758_SORT_ACTUAL_DEPTHS_07092026_757
LM_19_MEMX_20260709_CS_755_758_SORT_ACTUAL_DEPTHS,-11,2066.92913385,35.40781481752481,-90.05844265766399,LM_19_MEMX_20260709_CS_755_758_SORT_ACTUAL_DEPTHS_07092026_757
LM_19_MEMX_20260709_CS_755_758_SORT_ACTUAL_DEPTHS,-10,2066.92913385,35.40781481752481,-90.05844265766399,LM_19_MEMX_20260709_CS_755_758_SORT_ACTUAL_DEPTHS_07092026_757
LM_19_MEMX_20260709_CS_755_758_SORT_ACTUAL_DEPTHS,-9,2066.92913385,35.40781481752481,-90.05844265766399,LM_19_MEMX_20260709_CS_755_758_SORT_ACTUAL_DEPTHS_07092026_757
LM_19_MEMX_20260709_CS_755_758_SORT_ACTUAL_DEPTHS,-8,2066.92913385,35.40781481752481,-90.05844265766399,LM_19_MEMX_20260709_CS_755_758_SORT_ACTUAL_DEPTHS_07092026_757
LM_19_MEMX_20260709_CS_755_758_SORT_ACTUAL_DEPTHS,-7,2066.92913385,35.40781481752481,-90.05844265766399,LM_19_MEMX_20260709_CS_755_758_SORT_ACTUAL_DEPTHS_07092026_757
LM_19_MEMX_20260709_CS_755_758_SORT_ACTUAL_DEPTHS,-6,2066.92913385,35.40781481752481,-90.05844265766399,LM_19_MEMX_20260709_CS_755_758_SORT_ACTUAL_DEPTHS_07092026_757
LM_19_MEMX_20260709_CS_755_758_SORT_ACTUAL_DEPTHS,-5,2066.92913385,35.40781481752481,-90.05844265766399,LM_19_MEMX_20260709_CS_755_758_SORT_ACTUAL_DEPTHS_07092026_757
LM_19_MEMX_20260709_CS_755_758_SORT_ACTUAL_DEPTHS,-4,2066.92913385,35.40781481752481,-90.05844265766399,LM_19_MEMX_20260709_CS_755_758_SORT_ACTUAL_DEPTHS_07092026_757
LM_19_MEMX_20260709_CS_755_758_SORT_ACTUAL_DEPTHS,-3,2066.92913385,35.40781481752481,-90.05844265766399,LM_19_MEMX_20260709_CS_755_758_SORT_ACTUAL_DEPTHS_07092026_757
LM_19_MEMX_20260709_CS_755_758_SORT_ACTUAL_DEPTHS,-2,2066.92913385,35.40781481752481,-90.05844265766399,LM_19_MEMX_20260709_CS_755_758_SORT_ACTUAL_DEPTHS_07092026_757
LM_19_MEMX_20260709_CS_755_758_SORT_ACTUAL_DEPTHS,-1,2066.92913385,35.40781481752481,-90.05844265766399,LM_19_MEMX_20260709_CS_755_758_SORT_ACTUAL_DEPTHS_07092026_757
LM_19_MEMX_20260709_CS_755_758_SORT_ACTUAL_DEPTHS,0,2066.92913385,35.40781481752481,-90.05844265766399,LM_19_MEMX_20260709_CS_755_758_SORT_ACTUAL_DEPTHS_07092026_757
LM_19_MEMX_20260709_CS_755_758_SORT_ACTUAL_DEPTHS,1,2066.92913385,35.40781481752481,-90.05844265766399,LM_19_MEMX_20260709_CS_755_758_SORT_ACTUAL_DEPTHS_07092026_757
LM_19_MEMX_20260709_CS_755_758_SORT_ACTUAL_DEPTHS,2,2066.92913385,35.40781481752481,-90.05844265766399,LM_19_MEMX_20260709_CS_755_758_SORT_ACTUAL_DEPTHS_07092026_757
LM_19_MEMX_20260709_CS_755_758_SORT_ACTUAL_DEPTHS,3,2066.92913385,35.40781481752481,-90.05844265766399,LM_19_MEMX_20260709_CS_755_758_SORT_ACTUAL_DEPTHS_07092026_757
LM_19_MEMX_20260709_CS_755_758_SORT_ACTUAL_DEPTHS,4,2066.92913385,35.40781481752481,-90.05844265766399,LM_19_MEMX_20260709_CS_755_758_SORT_ACTUAL_DEPTHS_07092026_757
LM_19_MEMX_20260709_CS_755_758_SORT_ACTUAL_DEPTHS,5,2066.92913385,35.40781481752481,-90.05844265766399,LM_19_MEMX_20260709_CS_755_758_SORT_ACTUAL_DEPTHS_07092026_757
LM_19_MEMX_20260709_CS_755_758_SORT_ACTUAL_DEPTHS,6,2066.92913385,35.40781481752481,-90.05844265766399,LM_19_MEMX_20260709_CS_755_758_SORT_ACTUAL_DEPTHS_07092026_757
LM_19_MEMX_20260709_CS_755_758_SORT_ACTUAL_DEPTHS,7,2066.92913385,35.40781481752481,-90.05844265766399,LM_19_MEMX_20260709_CS_755_758_SORT_ACTUAL_DEPTHS_07092026_757
LM_19_MEMX_20260709_CS_755_758_SORT_ACTUAL_DEPTHS,8,2066.92913385,35.40781481752481,-90.05844265766399,LM_19_MEMX_20260709_CS_755_758_SORT_ACTUAL_DEPTHS_07092026_757
LM_19_MEMX_20260709_CS_755_758_SORT_ACTUAL_DEPTHS,9,2066.92913385,35.40781481752481,-90.05844265766399,LM_19_MEMX_20260709_CS_755_758_SORT_ACTUAL_DEPTHS_07092026_757
LM_19_MEMX_20260709_CS_755_758_SORT_ACTUAL_DEPTHS,10,2066.92913385,35.40781481752481,-90.05844265766399,LM_19_MEMX_20260709_CS_755_758_SORT_ACTUAL_DEPTHS_07092026_757
LM_19_MEMX_20260709_CS_755_758_SORT_ACTUAL_DEPTHS,11,2066.92913385,35.40781481752481,-90.05844265766399,LM_19_MEMX_20260709_CS_755_758_SORT_ACTUAL_DEPTHS_07092026_757
LM_19_MEMX_20260709_CS_755_758_SORT_ACTUAL_DEPTHS,12,2066.92913385,35.40781481752481,-90.05844265766399,LM_19_MEMX_20260709_CS_755_758_SORT_ACTUAL_DEPTHS_07092026_757
LM_19_MEMX_20260709_CS_755_758_SORT_ACTUAL_DEPTHS,13,2066.92913385,35.40781481752481,-90.05844265766399,LM_19_MEMX_20260709_CS_755_758_SORT_ACTUAL_DEPTHS_07092026_757
LM_19_MEMX_20260709_CS_755_758_SORT_ACTUAL_DEPTHS,14,2066.92913385,35.40781481752481,-90.05844265766399,LM_19_MEMX_20260709_CS_755_758_SORT_ACTUAL_DEPTHS_07092026_757
LM_19_MEMX_20260709_CS_755_758_SORT_ACTUAL_DEPTHS,15,2066.92913385,35.40781481752481,-90.05844265766399,LM_19_MEMX_20260709_CS_755_758_SORT_ACTUAL_DEPTHS_07092026_757
LM_19_MEMX_20260709_CS_755_758_SORT_ACTUAL_DEPTHS,16,2066.92913385,35.40781481752481,-90.05844265766399,LM_19_MEMX_20260709_CS_755_758_SORT_ACTUAL_DEPTHS_07092026_757
LM_19_MEMX_20260709_CS_755_758_SORT_ACTUAL_DEPTHS,17,2066.92913385,35.40781481752481,-90.05844265766399,LM_19_MEMX_20260709_CS_755_758_SORT_ACTUAL_DEPTHS_07092026_757
LM_19_MEMX_20260709_CS_755_758_SORT_ACTUAL_DEPTHS,18,2066.92913385,35.40781481752481,-90.05844265766399,LM_19_MEMX_20260709_CS_755_758_SORT_ACTUAL_DEPTHS_07092026_757
LM_19_MEMX_20260709_CS_755_758_SORT_ACTUAL_DEPTHS,19,2066.92913385,35.40781481752481,-90.05844265766399,LM_19_MEMX_20260709_CS_755_758_SORT_ACTUAL_DEPTHS_07092026_757
LM_19_MEMX_20260721_CS_733_734_SORT_ACTUAL_DEPTHS,-17,2099.7375328000003,35.117543402151426,-90.09972665510081,LM_19_MEMX_20260721_CS_733_734_SORT_ACTUAL_DEPTHS_07212026_734
LM_19_MEMX_20260721_CS_733_734_SORT_ACTUAL_DEPTHS,-16,2099.7375328000003,35.117543402151426,-90.09972665510081,LM_19_MEMX_20260721_CS_733_734_SORT_ACTUAL_DEPTHS_07212026_734
LM_19_MEMX_20260721_CS_733_734_SORT_ACTUAL_DEPTHS,-15,2099.7375328000003,35.117543402151426,-90.09972665510081,LM_19_MEMX_20260721_CS_733_734_SORT_ACTUAL_DEPTHS_07212026_734
LM_19_MEMX_20260721_CS_733_734_SORT_ACTUAL_DEPTHS,-14,2099.7375328000003,35.117543402151426,-90.09972665510081,LM_19_MEMX_20260721_CS_733_734_SORT_ACTUAL_DEPTHS_07212026_734
LM_19_MEMX_20260721_CS_733_734_SORT_ACTUAL_DEPTHS,-13,2198.16272965,35.117543402151426,-90.09972665510081,LM_19_MEMX_20260721_CS_733_734_SORT_ACTUAL_DEPTHS_07212026_734
LM_19_MEMX_20260721_CS_733_734_SORT_ACTUAL_DEPTHS,-12,2198.16272965,35.117543402151426,-90.09972665510081,LM_19_MEMX_20260721_CS_733_734_SORT_ACTUAL_DEPTHS_07212026_734
LM_19_MEMX_20260721_CS_733_734_SORT_ACTUAL_DEPTHS,-11,2198.16272965,35.117543402151426,-90.09972665510081,LM_19_MEMX_20260721_CS_733_734_SORT_ACTUAL_DEPTHS_07212026_734
LM_19_MEMX_20260721_CS_733_734_SORT_ACTUAL_DEPTHS,-10,2296.5879265000003,35.117543402151426,-90.09972665510081,LM_19_MEMX_20260721_CS_733_734_SORT_ACTUAL_DEPTHS_07212026_734
LM_19_MEMX_20260721_CS_733_734_SORT_ACTUAL_DEPTHS,-9,2296.5879265000003,35.117543402151426,-90.09972665510081,LM_19_MEMX_20260721_CS_733_734_SORT_ACTUAL_DEPTHS_07212026_734
LM_19_MEMX_20260721_CS_733_734_SORT_ACTUAL_DEPTHS,-8,2395.01312335,35.117543402151426,-90.09972665510081,LM_19_MEMX_20260721_CS_733_734_SORT_ACTUAL_DEPTHS_07212026_734
LM_19_MEMX_20260721_CS_733_734_SORT_ACTUAL_DEPTHS,-7,2395.01312335,35.117543402151426,-90.09972665510081,LM_19_MEMX_20260721_CS_733_734_SORT_ACTUAL_DEPTHS_07212026_734
LM_19_MEMX_20260721_CS_733_734_SORT_ACTUAL_DEPTHS,-6,2395.01312335,35.117543402151426,-90.09972665510081,LM_19_MEMX_20260721_CS_733_734_SORT_ACTUAL_DEPTHS_07212026_734
LM_19_MEMX_20260721_CS_733_734_SORT_ACTUAL_DEPTHS,-5,2591.86351705,35.117543402151426,-90.09972665510081,LM_19_MEMX_20260721_CS_733_734_SORT_ACTUAL_DEPTHS_07212026_734
LM_19_MEMX_20260721_CS_733_734_SORT_ACTUAL_DEPTHS,-4,2591.86351705,35.117543402151426,-90.09972665510081,LM_19_MEMX_20260721_CS_733_734_SORT_ACTUAL_DEPTHS_07212026_734
LM_19_MEMX_20260721_CS_733_734_SORT_ACTUAL_DEPTHS,-3,2591.86351705,35.117543402151426,-90.09972665510081,LM_19_MEMX_20260721_CS_733_734_SORT_ACTUAL_DEPTHS_07212026_734
LM_19_MEMX_20260721_CS_733_734_SORT_ACTUAL_DEPTHS,-2,2591.86351705,35.117543402151426,-90.09972665510081,LM_19_MEMX_20260721_CS_733_734_SORT_ACTUAL_DEPTHS_07212026_734
LM_19_MEMX_20260721_CS_733_734_SORT_ACTUAL_DEPTHS,-1,2591.86351705,35.117543402151426,-90.09972665510081,LM_19_MEMX_20260721_CS_733_734_SORT_ACTUAL_DEPTHS_07212026_734
LM_19_MEMX_20260721_CS_733_734_SORT_ACTUAL_DEPTHS,0,2591.86351705,35.117543402151426,-90.09972665510081,LM_19_MEMX_20260721_CS_733_734_SORT_ACTUAL_DEPTHS_07212026_734
LM_19_MEMX_20260721_CS_733_734_SORT_ACTUAL_DEPTHS,1,2591.86351705,35.117543402151426,-90.09972665510081,LM_19_MEMX_20260721_CS_733_734_SORT_ACTUAL_DEPTHS_07212026_734
LM_19_MEMX_20260721_CS_733_734_SORT_ACTUAL_DEPTHS,2,2591.86351705,35.117543402151426,-90.09972665510081,LM_19_MEMX_20260721_CS_733_734_SORT_ACTUAL_DEPTHS_07212026_734
LM_19_MEMX_20260721_CS_733_734_SORT_ACTUAL_DEPTHS,3,2591.86351705,35.117543402151426,-90.09972665510081,LM_19_MEMX_20260721_CS_733_734_SORT_ACTUAL_DEPTHS_07212026_734
LM_19_MEMX_20260721_CS_733_734_SORT_ACTUAL_DEPTHS,4,2591.86351705,35.117543402151426,-90.09972665510081,LM_19_MEMX_20260721_CS_733_734_SORT_ACTUAL_DEPTHS_07212026_734
LM_19_MEMX_20260721_CS_733_734_SORT_ACTUAL_DEPTHS,5,2591.86351705,35.117543402151426,-90.09972665510081,LM_19_MEMX_20260721_CS_733_734_SORT_ACTUAL_DEPTHS_07212026_734
LM_19_MEMX_20260721_CS_733_734_SORT_ACTUAL_DEPTHS,6,2591.86351705,35.117543402151426,-90.09972665510081,LM_19_MEMX_20260721_CS_733_734_SORT_ACTUAL_DEPTHS_07212026_734
LM_19_MEMX_20260721_CS_733_734_SORT_ACTUAL_DEPTHS,7,2591.86351705,35.117543402151426,-90.09972665510081,LM_19_MEMX_20260721_CS_733_734_SORT_ACTUAL_DEPTHS_07212026_734
LM_19_MEMX_20260721_CS_733_734_SORT_ACTUAL_DEPTHS,8,2591.86351705,35.117543402151426,-90.09972665510081,LM_19_MEMX_20260721_CS_733_734_SORT_ACTUAL_DEPTHS_07212026_734
LM_19_MEMX_20260721_CS_733_734_SORT_ACTUAL_DEPTHS,9,2591.86351705,35.117543402151426,-90.09972665510081,LM_19_MEMX_20260721_CS_733_734_SORT_ACTUAL_DEPTHS_07212026_734
LM_19_MEMX_20260721_CS_733_734_SORT_ACTUAL_DEPTHS,10,2591.86351705,35.117543402151426,-90.09972665510081,LM_19_MEMX_20260721_CS_733_734_SORT_ACTUAL_DEPTHS_07212026_734
LM_19_MEMX_20260721_CS_733_734_SORT_ACTUAL_DEPTHS,11,2591.86351705,35.117543402151426,-90.09972665510081,LM_19_MEMX_20260721_CS_733_734_SORT_ACTUAL_DEPTHS_07212026_734
LM_19_MEMX_20260721_CS_733_734_SORT_ACTUAL_DEPTHS,12,2591.86351705,35.117543402151426,-90.09972665510081,LM_19_MEMX_20260721_CS_733_734_SORT_ACTUAL_DEPTHS_07212026_734
LM_19_MEMX_20260721_CS_733_734_SORT_ACTUAL_DEPTHS,13,2591.86351705,35.117543402151426,-90.09972665510081,LM_19_MEMX_20260721_CS_733_734_SORT_ACTUAL_DEPTHS_07212026_734
LM_19_MEMX_20260721_CS_733_734_SORT_ACTUAL_DEPTHS,14,2591.86351705,35.117543402151426,-90.09972665510081,LM_19_MEMX_20260721_CS_733_734_SORT_ACTUAL_DEPTHS_07212026_734
LM_19_MEMX_20260721_CS_733_734_SORT_ACTUAL_DEPTHS,15,2591.86351705,35.117543402151426,-90.09972665510081,LM_19_MEMX_20260721_CS_733_734_SORT_ACTUAL_DEPTHS_07212026_734
LM_19_MEMX_20260721_CS_733_734_SORT_ACTUAL_DEPTHS,16,2591.86351705,35.117543402151426,-90.09972665510081,LM_19_MEMX_20260721_CS_733_734_SORT_ACTUAL_DEPTHS_07212026_734
LM_19_MEMX_20260721_CS_733_734_SORT_ACTUAL_DEPTHS,17,2591.86351705,35.117543402151426,-90.09972665510081,LM_19_MEMX_20260721_CS_733_734_SORT_ACTUAL_DEPTHS_07212026_734
LM_19_MEMX_20260721_CS_733_734_SORT_ACTUAL_DEPTHS,18,2591.86351705,35.117543402151426,-90.09972665510081,LM_19_MEMX_20260721_CS_733_734_SORT_ACTUAL_DEPTHS_07212026_734
LM_19_MEMX_20260721_CS_733_734_SORT_ACTUAL_DEPTHS,19,2591.86351705,35.117543402151426,-90.09972665510081,LM_19_MEMX_20260721_CS_733_734_SORT_ACTUAL_DEPTHS_07212026_734
LM_14_VBO_20260417_CS_5938_5900,-17,0.0,33.8717691013782,-91.0717759027307,OOO_04192026_588
LM_14_VBO_20260417_CS_5938_5900,-16,0.0,33.8717691013782,-91.0717759027307,OOO_04192026_588
LM_14_VBO_20260417_CS_5938_5900,-15,0.0,33.8717691013782,-91.0717759027307,OOO_04192026_588
LM_14_VBO_20260417_CS_5938_5900,-14,0.0,33.873376304556345,-91.06910377277084,OOO_04192026_588
LM_14_VBO_20260417_CS_5938_5900,-13,0.0,33.87445462860576,-91.0677614771115,OOO_04192026_588
LM_14_VBO_20260417_CS_5938_5900,-12,0.0,33.87445462860576,-91.0677614771115,OOO_04192026_588
LM_14_VBO_20260417_CS_5938_5900,-11,0.0,33.875532936682696,-91.06641914769673,OOO_04192026_588
LM_14_VBO_20260417_CS_5938_5900,-10,0.0,33.876611228785336,-91.06507678452486,OOO_04192026_588
LM_14_VBO_20260417_CS_5938_5900,-9,918.6351706,33.78147074909673,-91.04483794528802,OOO_04192026_588
LM_14_VBO_20260417_CS_5938_5900,-8,951.44356955,33.77909176249522,-91.0508164140593,OOO_04192026_588
LM_14_VBO_20260417_CS_5938_5900,-7,951.44356955,33.77909176249522,-91.0508164140593,OOO_04192026_588
LM_14_VBO_20260417_CS_5938_5900,-6,951.44356955,33.78067257661854,-91.0465017829774,OOO_04192026_588
LM_14_VBO_20260417_CS_5938_5900,-5,951.44356955,33.78067257661854,-91.0465017829774,OOO_04192026_588
LM_14_VBO_20260417_CS_5938_5900,-4,951.44356955,33.78147074909673,-91.04483794528802,OOO_04192026_588
LM_14_VBO_20260417_CS_5938_5900,-3,984.2519685,33.78227933630541,-91.04383212994286,OOO_04192026_588
LM_14_VBO_20260417_CS_5938_5900,-2,1017.06036745,33.78227933630541,-91.04383212994286,OOO_04192026_588
LM_14_VBO_20260417_CS_5938_5900,-1,1049.8687664,33.77753671825489,-91.0567759451538,OOO_04192026_588
LM_14_VBO_20260417_CS_5938_5900,0,1049.8687664,33.78067257661854,-91.0465017829774,OOO_04192026_588
LM_14_VBO_20260417_CS_5938_5900,1,1082.67716535,33.78067257661854,-91.0465017829774,OOO_04192026_588
LM_14_VBO_20260417_CS_5938_5900,2,1082.67716535,33.78067257661854,-91.0465017829774,OOO_04192026_588
LM_14_VBO_20260417_CS_5938_5900,3,1082.67716535,33.78067257661854,-91.0465017829774,OOO_04192026_588
LM_14_VBO_20260417_CS_5938_5900,4,1115.4855643,33.7765050297066,-91.06107786094941,OOO_04192026_588
LM_14_VBO_20260417_CS_5938_5900,5,1115.4855643,33.7765050297066,-91.06107786094941,OOO_04192026_588
LM_14_VBO_20260417_CS_5938_5900,6,1115.4855643,33.78147074909673,-91.04483794528802,OOO_04192026_588
LM_14_VBO_20260417_CS_5938_5900,7,1148.2939632500002,33.7765050297066,-91.06107786094941,OOO_04192026_588
LM_14_VBO_20260417_CS_5938_5900,8,1213.91076115,33.775986544760464,-91.06306427970408,OOO_04192026_588
LM_14_VBO_20260417_CS_5938_5900,9,1213.91076115,33.7765050297066,-91.06107786094941,OOO_04192026_588
LM_14_VBO_20260417_CS_5938_5900,10,1213.91076115,33.7765050297066,-91.06107786094941,OOO_04192026_588
LM_14_VBO_20260417_CS_5938_5900,11,1213.91076115,33.7765050297066,-91.06107786094941,OOO_04192026_588
LM_14_VBO_20260417_CS_5938_5900,12,1246.7191601,33.7765050297066,-91.06107786094941,OOO_04192026_588
LM_14_VBO_20260417_CS_5938_5900,13,1443.5695538,33.775203597123706,-91.06571486204514,OOO_04192026_588
LM_14_VBO_20260417_CS_5938_5900,14,1443.5695538,33.775986544760464,-91.06306427970408,OOO_04192026_588
LM_14_VBO_20260417_CS_5938_5900,15,1443.5695538,33.775986544760464,-91.06306427970408,OOO_04192026_588
LM_14_VBO_20260417_CS_5938_5900,16,1509.1863517000002,33.775986544760464,-91.06306427970408,OOO_04192026_588
LM_14_VBO_20260417_CS_5938_5900,17,1541.99475065,33.775986544760464,-91.06306427970408,OOO_04192026_588
LM_14_VBO_20260417_CS_5938_5900,18,1640.4199475,33.775986544760464,-91.06306427970408,OOO_04192026_588
LM_14_VBO_20260417_CS_5938_5900,19,1837.2703412,33.7744308927059,-91.06902340089975,OOO_04192026_588
LM_14_VBO_20260418_CS_5898_5852,-17,0.0,33.8717691013782,-91.0717759027307,OOO_04192026_588
LM_14_VBO_20260418_CS_5898_5852,-16,0.0,33.8717691013782,-91.0717759027307,OOO_04192026_588
LM_14_VBO_20260418_CS_5898_5852,-15,0.0,33.8717691013782,-91.0717759027307,OOO_04192026_588
LM_14_VBO_20260418_CS_5898_5852,-14,0.0,33.873376304556345,-91.06910377277084,OOO_04192026_588
LM_14_VBO_20260418_CS_5898_5852,-13,0.0,33.87445462860576,-91.0677614771115,OOO_04192026_588
LM_14_VBO_20260418_CS_5898_5852,-12,0.0,33.87445462860576,-91.0677614771115,OOO_04192026_588
LM_14_VBO_20260418_CS_5898_5852,-11,0.0,33.875532936682696,-91.06641914769673,OOO_04192026_588
LM_14_VBO_20260418_CS_5898_5852,-10,0.0,33.876611228785336,-91.06507678452486,OOO_04192026_588
LM_14_VBO_20260418_CS_5898_5852,-9,918.6351706,33.78147074909673,-91.04483794528802,OOO_04192026_588
LM_14_VBO_20260418_CS_5898_5852,-8,951.44356955,33.77909176249522,-91.0508164140593,OOO_04192026_588
LM_14_VBO_20260418_CS_5898_5852,-7,951.44356955,33.77909176249522,-91.0508164140593,OOO_04192026_588
LM_14_VBO_20260418_CS_5898_5852,-6,951.44356955,33.78067257661854,-91.0465017829774,OOO_04192026_588
LM_14_VBO_20260418_CS_5898_5852,-5,951.44356955,33.78067257661854,-91.0465017829774,OOO_04192026_588
LM_14_VBO_20260418_CS_5898_5852,-4,951.44356955,33.78147074909673,-91.04483794528802,OOO_04192026_588
LM_14_VBO_20260418_CS_5898_5852,-3,984.2519685,33.78227933630541,-91.04383212994286,OOO_04192026_588
LM_14_VBO_20260418_CS_5898_5852,-2,1017.06036745,33.78227933630541,-91.04383212994286,OOO_04192026_588
LM_14_VBO_20260418_CS_5898_5852,-1,1049.8687664,33.77753671825489,-91.0567759451538,OOO_04192026_588
LM_14_VBO_20260418_CS_5898_5852,0,1049.8687664,33.78067257661854,-91.0465017829774,OOO_04192026_588
LM_14_VBO_20260418_CS_5898_5852,1,1082.67716535,33.78067257661854,-91.0465017829774,OOO_04192026_588
LM_14_VBO_20260418_CS_5898_5852,2,1082.67716535,33.78067257661854,-91.0465017829774,OOO_04192026_588
LM_14_VBO_20260418_CS_5898_5852,3,1082.67716535,33.78067257661854,-91.0465017829774,OOO_04192026_588
LM_14_VBO_20260418_CS_5898_5852,4,1115.4855643,33.7765050297066,-91.06107786094941,OOO_04192026_588
LM_14_VBO_20260418_CS_5898_5852,5,1115.4855643,33.7765050297066,-91.06107786094941,OOO_04192026_588
LM_14_VBO_20260418_CS_5898_5852,6,1115.4855643,33.78147074909673,-91.04483794528802,OOO_04192026_588
LM_14_VBO_20260418_CS_5898_5852,7,1148.2939632500002,33.7765050297066,-91.06107786094941,OOO_04192026_588
LM_14_VBO_20260418_CS_5898_5852,8,1213.91076115,33.775986544760464,-91.06306427970408,OOO_04192026_588
LM_14_VBO_20260418_CS_5898_5852,9,1213.91076115,33.7765050297066,-91.06107786094941,OOO_04192026_588
LM_14_VBO_20260418_CS_5898_5852,10,1213.91076115,33.7765050297066,-91.06107786094941,OOO_04192026_588
LM_14_VBO_20260418_CS_5898_5852,11,1213.91076115,33.7765050297066,-91.06107786094941,OOO_04192026_588
LM_14_VBO_20260418_CS_5898_5852,12,1246.7191601,33.7765050297066,-91.06107786094941,OOO_04192026_588
LM_14_VBO_20260418_CS_5898_5852,13,1443.5695538,33.775203597123706,-91.06571486204514,OOO_04192026_588
LM_14_VBO_20260418_CS_5898_5852,14,1443.5695538,33.775986544760464,-91.06306427970408,OOO_04192026_588
LM_14_VBO_20260418_CS_5898_5852,15,1443.5695538,33.775986544760464,-91.06306427970408,OOO_04192026_588
LM_14_VBO_20260418_CS_5898_5852,16,1509.1863517000002,33.775986544760464,-91.06306427970408,OOO_04192026_588
LM_14_VBO_20260418_CS_5898_5852,17,1541.99475065,33.775986544760464,-91.06306427970408,OOO_04192026_588
LM_14_VBO_20260418_CS_5898_5852,18,1640.4199475,33.775986544760464,-91.06306427970408,OOO_04192026_588
LM_14_VBO_20260418_CS_5898_5852,19,1837.2703412,33.7744308927059,-91.06902340089975,OOO_04192026_588
LM_14_VBO_20260419_CS_5850_5810,-17,0.0,33.8717691013782,-91.0717759027307,OOO_04192026_588
LM_14_VBO_20260419_CS_5850_5810,-16,0.0,33.8717691013782,-91.0717759027307,OOO_04192026_588
LM_14_VBO_20260419_CS_5850_5810,-15,0.0,33.8717691013782,-91.0717759027307,OOO_04192026_588
LM_14_VBO_20260419_CS_5850_5810,-14,0.0,33.873376304556345,-91.06910377277084,OOO_04192026_588
LM_14_VBO_20260419_CS_5850_5810,-13,0.0,33.87445462860576,-91.0677614771115,OOO_04192026_588
LM_14_VBO_20260419_CS_5850_5810,-12,0.0,33.87445462860576,-91.0677614771115,OOO_04192026_588
LM_14_VBO_20260419_CS_5850_5810,-11,0.0,33.875532936682696,-91.06641914769673,OOO_04192026_588
LM_14_VBO_20260419_CS_5850_5810,-10,0.0,33.876611228785336,-91.06507678452486,OOO_04192026_588
LM_14_VBO_20260419_CS_5850_5810,-9,918.6351706,33.78147074909673,-91.04483794528802,OOO_04192026_588
LM_14_VBO_20260419_CS_5850_5810,-8,951.44356955,33.77909176249522,-91.0508164140593,OOO_04192026_588
LM_14_VBO_20260419_CS_5850_5810,-7,951.44356955,33.77909176249522,-91.0508164140593,OOO_04192026_588
LM_14_VBO_20260419_CS_5850_5810,-6,951.44356955,33.78067257661854,-91.0465017829774,OOO_04192026_588
LM_14_VBO_20260419_CS_5850_5810,-5,951.44356955,33.78067257661854,-91.0465017829774,OOO_04192026_588
LM_14_VBO_20260419_CS_5850_5810,-4,951.44356955,33.78147074909673,-91.04483794528802,OOO_04192026_588
LM_14_VBO_20260419_CS_5850_5810,-3,984.2519685,33.78227933630541,-91.04383212994286,OOO_04192026_588
LM_14_VBO_20260419_CS_5850_5810,-2,1017.06036745,33.78227933630541,-91.04383212994286,OOO_04192026_588
LM_14_VBO_20260419_CS_5850_5810,-1,1049.8687664,33.77753671825489,-91.0567759451538,OOO_04192026_588
LM_14_VBO_20260419_CS_5850_5810,0,1049.8687664,33.78067257661854,-91.0465017829774,OOO_04192026_588
LM_14_VBO_20260419_CS_5850_5810,1,1082.67716535,33.78067257661854,-91.0465017829774,OOO_04192026_588
LM_14_VBO_20260419_CS_5850_5810,2,1082.67716535,33.78067257661854,-91.0465017829774,OOO_04192026_588
LM_14_VBO_20260419_CS_5850_5810,3,1082.67716535,33.78067257661854,-91.0465017829774,OOO_04192026_588
LM_14_VBO_20260419_CS_5850_5810,4,1115.4855643,33.7765050297066,-91.06107786094941,OOO_04192026_588
LM_14_VBO_20260419_CS_5850_5810,5,1115.4855643,33.7765050297066,-91.06107786094941,OOO_04192026_588
LM_14_VBO_20260419_CS_5850_5810,6,1115.4855643,33.78147074909673,-91.04483794528802,OOO_04192026_588
LM_14_VBO_20260419_CS_5850_5810,7,1148.2939632500002,33.7765050297066,-91.06107786094941,OOO_04192026_588
LM_14_VBO_20260419_CS_5850_5810,8,1213.91076115,33.775986544760464,-91.06306427970408,OOO_04192026_588
LM_14_VBO_20260419_CS_5850_5810,9,1213.91076115,33.7765050297066,-91.06107786094941,OOO_04192026_588
LM_14_VBO_20260419_CS_5850_5810,10,1213.91076115,33.7765050297066,-91.06107786094941,OOO_04192026_588
LM_14_VBO_20260419_CS_5850_5810,11,1213.91076115,33.7765050297066,-91.06107786094941,OOO_04192026_588
LM_14_VBO_20260419_CS_5850_5810,12,1246.7191601,33.7765050297066,-91.06107786094941,OOO_04192026_588
LM_14_VBO_20260419_CS_5850_5810,13,1443.5695538,33.775203597123706,-91.06571486204514,OOO_04192026_588
LM_14_VBO_20260419_CS_5850_5810,14,1443.5695538,33.775986544760464,-91.06306427970408,OOO_04192026_588
LM_14_VBO_20260419_CS_5850_5810,15,1443.5695538,33.775986544760464,-91.06306427970408,OOO_04192026_588
LM_14_VBO_20260419_CS_5850_5810,16,1509.1863517000002,33.775986544760464,-91.06306427970408,OOO_04192026_588
LM_14_VBO_20260419_CS_5850_5810,17,1541.99475065,33.775986544760464,-91.06306427970408,OOO_04192026_588
LM_14_VBO_20260419_CS_5850_5810,18,1640.4199475,33.775986544760464,-91.06306427970408,OOO_04192026_588
LM_14_VBO_20260419_CS_5850_5810,19,1837.2703412,33.7744308927059,-91.06902340089975,OOO_04192026_588
LM_13_OZE_20260419_CS_5810_5792,-5,951.44356955,33.7726309484586,-91.11030767929691,PPP_04212026_574
LM_13_OZE_20260419_CS_5810_5792,-4,951.44356955,33.7726309484586,-91.11030767929691,PPP_04212026_574
LM_13_OZE_20260419_CS_5810_5792,-3,1017.06036745,33.77288553892719,-91.10898563258259,PPP_04212026_574
LM_13_OZE_20260419_CS_5810_5792,-2,1017.06036745,33.77288553892719,-91.10898563258259,PPP_04212026_574
LM_13_OZE_20260419_CS_5810_5792,-1,1115.4855643,33.656182049793244,-91.20850143258474,PPP_04212026_574
LM_13_OZE_20260419_CS_5810_5792,0,1115.4855643,33.656182049793244,-91.20850143258474,PPP_04212026_574
LM_13_OZE_20260419_CS_5810_5792,1,1115.4855643,33.656182049793244,-91.20850143258474,PPP_04212026_574
LM_13_OZE_20260419_CS_5810_5792,2,1148.2939632500002,33.65613914097253,-91.20554424607778,PPP_04212026_574
LM_13_OZE_20260419_CS_5810_5792,3,1181.1023622,33.656182049793244,-91.20850143258474,PPP_04212026_574
LM_13_OZE_20260419_CS_5810_5792,4,1246.7191601,33.65616298793355,-91.20718712669769,PPP_04212026_574
LM_13_OZE_20260419_CS_5810_5792,5,1246.7191601,33.65616298793355,-91.20718712669769,PPP_04212026_574
LM_13_OZE_20260419_CS_5810_5792,6,1279.52755905,33.656182049793244,-91.20850143258474,PPP_04212026_574
LM_13_OZE_20260419_CS_5810_5792,7,1279.52755905,33.665207379949265,-91.22442109999189,PPP_04212026_574
LM_13_OZE_20260419_CS_5810_5792,8,1312.335958,33.65705397780316,-91.21177014527031,PPP_04212026_574
LM_13_OZE_20260419_CS_5810_5792,9,1312.335958,33.65705397780316,-91.21177014527031,PPP_04212026_574
LM_13_OZE_20260419_CS_5810_5792,10,1345.14435695,33.65616298793355,-91.20718712669769,PPP_04212026_574
LM_13_OZE_20260419_CS_5810_5792,11,1377.9527559,33.65547481971246,-91.1976699069897,PPP_04212026_574
LM_13_OZE_20260419_CS_5810_5792,12,1377.9527559,33.65547481971246,-91.1976699069897,PPP_04212026_574
LM_13_OZE_20260419_CS_5810_5792,13,1443.5695538,33.65576875868711,-91.19897846928941,PPP_04212026_574
LM_13_OZE_20260419_CS_5810_5792,14,1443.5695538,33.65576875868711,-91.19897846928941,PPP_04212026_574
LM_13_OZE_20260419_CS_5810_5792,15,1443.5695538,33.65576875868711,-91.19897846928941,PPP_04212026_574
LM_13_OZE_20260419_CS_5810_5792,16,1443.5695538,33.65576875868711,-91.19897846928941,PPP_04212026_574
LM_13_OZE_20260419_CS_5810_5792,17,1509.1863517000002,33.65705397780316,-91.21177014527031,PPP_04212026_574
LM_13_OZE_20260419_CS_5810_5792,18,1509.1863517000002,33.65792107436167,-91.21471034316862,PPP_04212026_574
LM_13_OZE_20260419_CS_5810_5792,19,1509.1863517000002,33.65792107436167,-91.21471034316862,PPP_04212026_574
LM_13_OZE_20260419_CS_5810_5792,20,1574.8031496,33.65622716119449,-91.19272409751571,PPP_04212026_574
LM_13_OZE_20260419_CS_5810_5792,21,1574.8031496,33.65547481971246,-91.1976699069897,PPP_04212026_574
LM_13_OZE_20260419_CS_5810_5792,22,1574.8031496,33.65547481971246,-91.1976699069897,PPP_04212026_574
LM_13_OZE_20260419_CS_5810_5792,23,1574.8031496,33.65547481971246,-91.1976699069897,PPP_04212026_574
LM_13_OZE_20260419_CS_5810_5792,24,1574.8031496,33.65547481971246,-91.1976699069897,PPP_04212026_574
LM_13_OZE_20260419_CS_5810_5792,25,1706.0367454000002,33.65576875868711,-91.19897846928941,PPP_04212026_574
LM_13_OZE_20260419_CS_5810_5792,26,1706.0367454000002,33.65576875868711,-91.19897846928941,PPP_04212026_574
LM_13_OZE_20260419_CS_5810_5792,27,1706.0367454000002,33.65576875868711,-91.19897846928941,PPP_04212026_574
LM_13_OZE_20260419_CS_5810_5792,28,1804.46194225,33.65547481971246,-91.1976699069897,PPP_04212026_574
LM_13_OZE_20260419_CS_5810_5792,29,1804.46194225,33.65848961453061,-91.21601333583305,PPP_04212026_574
LM_13_OZE_20260419_CS_5810_5792,30,1804.46194225,33.65848961453061,-91.21601333583305,PPP_04212026_574
LM_13_OZE_20260419_CS_5810_5792,31,1870.07874015,33.65622716119449,-91.19272409751571,PPP_04212026_574
LM_13_OZE_20260419_CS_5810_5792,32,1935.69553805,33.65933766058324,-91.21763926755955,PPP_04212026_574
LM_13_OZE_20260419_CS_5810_5792,33,1935.69553805,33.65933766058324,-91.21763926755955,PPP_04212026_574
LM_13_OZE_20260419_CS_5810_5792,34,2198.16272965,33.65503177611754,-91.18617570208445,PPP_04212026_574
LM_13_OZE_20260419_CS_5810_5792,35,2198.16272965,33.65503177611754,-91.18617570208445,PPP_04212026_574
LM_13_OZE_20260419_CS_5810_5792,36,2198.16272965,33.65503177611754,-91.18617570208445,PPP_04212026_574
LM_13_OZE_20260420_CS_5790_5720,-5,951.44356955,33.7726309484586,-91.11030767929691,PPP_04212026_574
LM_13_OZE_20260420_CS_5790_5720,-4,951.44356955,33.7726309484586,-91.11030767929691,PPP_04212026_574
LM_13_OZE_20260420_CS_5790_5720,-3,1017.06036745,33.77288553892719,-91.10898563258259,PPP_04212026_574
LM_13_OZE_20260420_CS_5790_5720,-2,1017.06036745,33.77288553892719,-91.10898563258259,PPP_04212026_574
LM_13_OZE_20260420_CS_5790_5720,-1,1115.4855643,33.656182049793244,-91.20850143258474,PPP_04212026_574
LM_13_OZE_20260420_CS_5790_5720,0,1115.4855643,33.656182049793244,-91.20850143258474,PPP_04212026_574
LM_13_OZE_20260420_CS_5790_5720,1,1115.4855643,33.656182049793244,-91.20850143258474,PPP_04212026_574
LM_13_OZE_20260420_CS_5790_5720,2,1148.2939632500002,33.65613914097253,-91.20554424607778,PPP_04212026_574
LM_13_OZE_20260420_CS_5790_5720,3,1181.1023622,33.656182049793244,-91.20850143258474,PPP_04212026_574
LM_13_OZE_20260420_CS_5790_5720,4,1246.7191601,33.65616298793355,-91.20718712669769,PPP_04212026_574
LM_13_OZE_20260420_CS_5790_5720,5,1246.7191601,33.65616298793355,-91.20718712669769,PPP_04212026_574
LM_13_OZE_20260420_CS_5790_5720,6,1279.52755905,33.656182049793244,-91.20850143258474,PPP_04212026_574
LM_13_OZE_20260420_CS_5790_5720,7,1279.52755905,33.665207379949265,-91.22442109999189,PPP_04212026_574
LM_13_OZE_20260420_CS_5790_5720,8,1312.335958,33.65705397780316,-91.21177014527031,PPP_04212026_574
LM_13_OZE_20260420_CS_5790_5720,9,1312.335958,33.65705397780316,-91.21177014527031,PPP_04212026_574
LM_13_OZE_20260420_CS_5790_5720,10,1345.14435695,33.65616298793355,-91.20718712669769,PPP_04212026_574
LM_13_OZE_20260420_CS_5790_5720,11,1377.9527559,33.65547481971246,-91.1976699069897,PPP_04212026_574
LM_13_OZE_20260420_CS_5790_5720,12,1377.9527559,33.65547481971246,-91.1976699069897,PPP_04212026_574
LM_13_OZE_20260420_CS_5790_5720,13,1443.5695538,33.65576875868711,-91.19897846928941,PPP_04212026_574
LM_13_OZE_20260420_CS_5790_5720,14,1443.5695538,33.65576875868711,-91.19897846928941,PPP_04212026_574
LM_13_OZE_20260420_CS_5790_5720,15,1443.5695538,33.65576875868711,-91.19897846928941,PPP_04212026_574
LM_13_OZE_20260420_CS_5790_5720,16,1443.5695538,33.65576875868711,-91.19897846928941,PPP_04212026_574
LM_13_OZE_20260420_CS_5790_5720,17,1509.1863517000002,33.65705397780316,-91.21177014527031,PPP_04212026_574
LM_13_OZE_20260420_CS_5790_5720,18,1509.1863517000002,33.65792107436167,-91.21471034316862,PPP_04212026_574
LM_13_OZE_20260420_CS_5790_5720,19,1509.1863517000002,33.65792107436167,-91.21471034316862,PPP_04212026_574
LM_13_OZE_20260420_CS_5790_5720,20,1574.8031496,33.65622716119449,-91.19272409751571,PPP_04212026_574
LM_13_OZE_20260420_CS_5790_5720,21,1574.8031496,33.65547481971246,-91.1976699069897,PPP_04212026_574
LM_13_OZE_20260420_CS_5790_5720,22,1574.8031496,33.65547481971246,-91.1976699069897,PPP_04212026_574
LM_13_OZE_20260420_CS_5790_5720,23,1574.8031496,33.65547481971246,-91.1976699069897,PPP_04212026_574
LM_13_OZE_20260420_CS_5790_5720,24,1574.8031496,33.65547481971246,-91.1976699069897,PPP_04212026_574
LM_13_OZE_20260420_CS_5790_5720,25,1706.0367454000002,33.65576875868711,-91.19897846928941,PPP_04212026_574
LM_13_OZE_20260420_CS_5790_5720,26,1706.0367454000002,33.65576875868711,-91.19897846928941,PPP_04212026_574
LM_13_OZE_20260420_CS_5790_5720,27,1706.0367454000002,33.65576875868711,-91.19897846928941,PPP_04212026_574
LM_13_OZE_20260420_CS_5790_5720,28,1804.46194225,33.65547481971246,-91.1976699069897,PPP_04212026_574
LM_13_OZE_20260420_CS_5790_5720,29,1804.46194225,33.65848961453061,-91.21601333583305,PPP_04212026_574
LM_13_OZE_20260420_CS_5790_5720,30,1804.46194225,33.65848961453061,-91.21601333583305,PPP_04212026_574
LM_13_OZE_20260420_CS_5790_5720,31,1870.07874015,33.65622716119449,-91.19272409751571,PPP_04212026_574
LM_13_OZE_20260420_CS_5790_5720,32,1935.69553805,33.65933766058324,-91.21763926755955,PPP_04212026_574
LM_13_OZE_20260420_CS_5790_5720,33,1935.69553805,33.65933766058324,-91.21763926755955,PPP_04212026_574
LM_13_OZE_20260420_CS_5790_5720,34,2198.16272965,33.65503177611754,-91.18617570208445,PPP_04212026_574
LM_13_OZE_20260420_CS_5790_5720,35,2198.16272965,33.65503177611754,-91.18617570208445,PPP_04212026_574
LM_13_OZE_20260420_CS_5790_5720,36,2198.16272965,33.65503177611754,-91.18617570208445,PPP_04212026_574
LM_13_OZE_20260421_CS_5718_5658,-5,951.44356955,33.7726309484586,-91.11030767929691,PPP_04212026_574
LM_13_OZE_20260421_CS_5718_5658,-4,951.44356955,33.7726309484586,-91.11030767929691,PPP_04212026_574
LM_13_OZE_20260421_CS_5718_5658,-3,1017.06036745,33.77288553892719,-91.10898563258259,PPP_04212026_574
LM_13_OZE_20260421_CS_5718_5658,-2,1017.06036745,33.77288553892719,-91.10898563258259,PPP_04212026_574
LM_13_OZE_20260421_CS_5718_5658,-1,1115.4855643,33.656182049793244,-91.20850143258474,PPP_04212026_574
LM_13_OZE_20260421_CS_5718_5658,0,1115.4855643,33.656182049793244,-91.20850143258474,PPP_04212026_574
LM_13_OZE_20260421_CS_5718_5658,1,1115.4855643,33.656182049793244,-91.20850143258474,PPP_04212026_574
LM_13_OZE_20260421_CS_5718_5658,2,1148.2939632500002,33.65613914097253,-91.20554424607778,PPP_04212026_574
LM_13_OZE_20260421_CS_5718_5658,3,1181.1023622,33.656182049793244,-91.20850143258474,PPP_04212026_574
LM_13_OZE_20260421_CS_5718_5658,4,1246.7191601,33.65616298793355,-91.20718712669769,PPP_04212026_574
LM_13_OZE_20260421_CS_5718_5658,5,1246.7191601,33.65616298793355,-91.20718712669769,PPP_04212026_574
LM_13_OZE_20260421_CS_5718_5658,6,1279.52755905,33.656182049793244,-91.20850143258474,PPP_04212026_574
LM_13_OZE_20260421_CS_5718_5658,7,1279.52755905,33.665207379949265,-91.22442109999189,PPP_04212026_574
LM_13_OZE_20260421_CS_5718_5658,8,1312.335958,33.65705397780316,-91.21177014527031,PPP_04212026_574
LM_13_OZE_20260421_CS_5718_5658,9,1312.335958,33.65705397780316,-91.21177014527031,PPP_04212026_574
LM_13_OZE_20260421_CS_5718_5658,10,1345.14435695,33.65616298793355,-91.20718712669769,PPP_04212026_574
LM_13_OZE_20260421_CS_5718_5658,11,1377.9527559,33.65547481971246,-91.1976699069897,PPP_04212026_574
LM_13_OZE_20260421_CS_5718_5658,12,1377.9527559,33.65547481971246,-91.1976699069897,PPP_04212026_574
LM_13_OZE_20260421_CS_5718_5658,13,1443.5695538,33.65576875868711,-91.19897846928941,PPP_04212026_574
LM_13_OZE_20260421_CS_5718_5658,14,1443.5695538,33.65576875868711,-91.19897846928941,PPP_04212026_574
LM_13_OZE_20260421_CS_5718_5658,15,1443.5695538,33.65576875868711,-91.19897846928941,PPP_04212026_574
LM_13_OZE_20260421_CS_5718_5658,16,1443.5695538,33.65576875868711,-91.19897846928941,PPP_04212026_574
LM_13_OZE_20260421_CS_5718_5658,17,1509.1863517000002,33.65705397780316,-91.21177014527031,PPP_04212026_574
LM_13_OZE_20260421_CS_5718_5658,18,1509.1863517000002,33.65792107436167,-91.21471034316862,PPP_04212026_574
LM_13_OZE_20260421_CS_5718_5658,19,1509.1863517000002,33.65792107436167,-91.21471034316862,PPP_04212026_574
LM_13_OZE_20260421_CS_5718_5658,20,1574.8031496,33.65622716119449,-91.19272409751571,PPP_04212026_574
LM_13_OZE_20260421_CS_5718_5658,21,1574.8031496,33.65547481971246,-91.1976699069897,PPP_04212026_574
LM_13_OZE_20260421_CS_5718_5658,22,1574.8031496,33.65547481971246,-91.1976699069897,PPP_04212026_574
LM_13_OZE_20260421_CS_5718_5658,23,1574.8031496,33.65547481971246,-91.1976699069897,PPP_04212026_574
LM_13_OZE_20260421_CS_5718_5658,24,1574.8031496,33.65547481971246,-91.1976699069897,PPP_04212026_574
LM_13_OZE_20260421_CS_5718_5658,25,1706.0367454000002,33.65576875868711,-91.19897846928941,PPP_04212026_574
LM_13_OZE_20260421_CS_5718_5658,26,1706.0367454000002,33.65576875868711,-91.19897846928941,PPP_04212026_574
LM_13_OZE_20260421_CS_5718_5658,27,1706.0367454000002,33.65576875868711,-91.19897846928941,PPP_04212026_574
LM_13_OZE_20260421_CS_5718_5658,28,1804.46194225,33.65547481971246,-91.1976699069897,PPP_04212026_574
LM_13_OZE_20260421_CS_5718_5658,29,1804.46194225,33.65848961453061,-91.21601333583305,PPP_04212026_574
LM_13_OZE_20260421_CS_5718_5658,30,1804.46194225,33.65848961453061,-91.21601333583305,PPP_04212026_574
LM_13_OZE_20260421_CS_5718_5658,31,1870.07874015,33.65622716119449,-91.19272409751571,PPP_04212026_574
LM_13_OZE_20260421_CS_5718_5658,32,1935.69553805,33.65933766058324,-91.21763926755955,PPP_04212026_574
LM_13_OZE_20260421_CS_5718_5658,33,1935.69553805,33.65933766058324,-91.21763926755955,PPP_04212026_574
LM_13_OZE_20260421_CS_5718_5658,34,2198.16272965,33.65503177611754,-91.18617570208445,PPP_04212026_574
LM_13_OZE_20260421_CS_5718_5658,35,2198.16272965,33.65503177611754,-91.18617570208445,PPP_04212026_574
LM_13_OZE_20260421_CS_5718_5658,36,2198.16272965,33.65503177611754,-91.18617570208445,PPP_04212026_574
LM_12_EYB_20260421_CS_5570_5502,-5,0.0,33.6265219129553,-91.13636867401158,QQQ_04232026_558
LM_12_EYB_20260421_CS_5570_5502,-4,754.5931758500001,33.566133845070155,-91.17870876127124,QQQ_04232026_558
LM_12_EYB_20260421_CS_5570_5502,-3,754.5931758500001,33.566133845070155,-91.17870876127124,QQQ_04232026_558
LM_12_EYB_20260421_CS_5570_5502,-2,754.5931758500001,33.566133845070155,-91.17870876127124,QQQ_04232026_558
LM_12_EYB_20260421_CS_5570_5502,-1,918.6351706,33.56590733992538,-91.18199682419483,QQQ_04232026_558
LM_12_EYB_20260421_CS_5570_5502,0,1049.8687664,33.60112919434971,-91.12936070983297,QQQ_04232026_558
LM_12_EYB_20260421_CS_5570_5502,1,1049.8687664,33.6077186539969,-91.1288898628978,QQQ_04232026_558
LM_12_EYB_20260421_CS_5570_5502,2,1115.4855643,33.554563239255884,-91.23377604310383,QQQ_04232026_558
LM_12_EYB_20260421_CS_5570_5502,3,1115.4855643,33.583756649448,-91.14385680014712,QQQ_04232026_558
LM_12_EYB_20260421_CS_5570_5502,4,1115.4855643,33.583756649448,-91.14385680014712,QQQ_04232026_558
LM_12_EYB_20260421_CS_5570_5502,5,1115.4855643,33.58483602062612,-91.14252008153595,QQQ_04232026_558
LM_12_EYB_20260421_CS_5570_5502,6,1181.1023622,33.58483602062612,-91.14252008153595,QQQ_04232026_558
LM_12_EYB_20260421_CS_5570_5502,7,1181.1023622,33.58483602062612,-91.14252008153595,QQQ_04232026_558
LM_12_EYB_20260421_CS_5570_5502,8,1181.1023622,33.58483602062612,-91.14252008153595,QQQ_04232026_558
LM_12_EYB_20260421_CS_5570_5502,9,1213.91076115,33.583756649448,-91.14385680014712,QQQ_04232026_558
LM_12_EYB_20260421_CS_5570_5502,10,1213.91076115,33.583756649448,-91.14385680014712,QQQ_04232026_558
LM_12_EYB_20260421_CS_5570_5502,11,1213.91076115,33.583756649448,-91.14385680014712,QQQ_04232026_558
LM_12_EYB_20260421_CS_5570_5502,12,1213.91076115,33.583756649448,-91.14385680014712,QQQ_04232026_558
LM_12_EYB_20260421_CS_5570_5502,13,1213.91076115,33.58483602062612,-91.14252008153595,QQQ_04232026_558
LM_12_EYB_20260421_CS_5570_5502,14,1246.7191601,33.583756649448,-91.14385680014712,QQQ_04232026_558
LM_12_EYB_20260421_CS_5570_5502,15,1246.7191601,33.583756649448,-91.14385680014712,QQQ_04232026_558
LM_12_EYB_20260421_CS_5570_5502,16,1246.7191601,33.583756649448,-91.14385680014712,QQQ_04232026_558
LM_12_EYB_20260421_CS_5570_5502,17,1246.7191601,33.583756649448,-91.14385680014712,QQQ_04232026_558
LM_12_EYB_20260421_CS_5570_5502,18,1246.7191601,33.583756649448,-91.14385680014712,QQQ_04232026_558
LM_12_EYB_20260421_CS_5570_5502,19,1345.14435695,33.583756649448,-91.14385680014712,QQQ_04232026_558
LM_12_EYB_20260421_CS_5570_5502,20,1345.14435695,33.583756649448,-91.14385680014712,QQQ_04232026_558
LM_12_EYB_20260421_CS_5570_5502,21,1345.14435695,33.583756649448,-91.14385680014712,QQQ_04232026_558
LM_12_EYB_20260421_CS_5570_5502,22,1345.14435695,33.583756649448,-91.14385680014712,QQQ_04232026_558
LM_12_EYB_20260421_CS_5570_5502,23,1345.14435695,33.583756649448,-91.14385680014712,QQQ_04232026_558
LM_12_EYB_20260421_CS_5570_5502,24,1410.76115485,33.583756649448,-91.14385680014712,QQQ_04232026_558
LM_12_EYB_20260421_CS_5570_5502,25,1476.37795275,33.583756649448,-91.14385680014712,QQQ_04232026_558
LM_12_EYB_20260421_CS_5570_5502,26,1509.1863517000002,33.583756649448,-91.14385680014712,QQQ_04232026_558
LM_12_EYB_20260421_CS_5570_5502,27,1607.6115485500002,33.583756649448,-91.14385680014712,QQQ_04232026_558
LM_12_EYB_20260421_CS_5570_5502,28,1706.0367454000002,33.583756649448,-91.14385680014712,QQQ_04232026_558
LM_12_EYB_20260421_CS_5570_5502,29,1738.84514435,33.54349206671525,-91.22842113855673,QQQ_04232026_558
LM_12_EYB_20260421_CS_5570_5502,30,1738.84514435,33.54349206671525,-91.22842113855673,QQQ_04232026_558
LM_12_EYB_20260421_CS_5570_5502,31,1804.46194225,33.54210404401957,-91.2274647383584,QQQ_04232026_558
LM_12_EYB_20260421_CS_5570_5502,32,1837.2703412,33.54349206671525,-91.22842113855673,QQQ_04232026_558
LM_12_EYB_20260421_CS_5570_5502,33,2001.31233595,33.54210404401957,-91.2274647383584,QQQ_04232026_558
LM_12_EYB_20260421_CS_5570_5502,34,2001.31233595,33.54210404401957,-91.2274647383584,QQQ_04232026_558
LM_12_EYB_20260421_CS_5570_5502,35,2001.31233595,33.54210404401957,-91.2274647383584,QQQ_04232026_558
LM_12_EYB_20260421_CS_5570_5502,36,2001.31233595,33.54210404401957,-91.2274647383584,QQQ_04232026_558
LM_12_EYB_20260422_CS_5628_5572,-5,0.0,33.6265219129553,-91.13636867401158,QQQ_04232026_558
LM_12_EYB_20260422_CS_5628_5572,-4,754.5931758500001,33.566133845070155,-91.17870876127124,QQQ_04232026_558
LM_12_EYB_20260422_CS_5628_5572,-3,754.5931758500001,33.566133845070155,-91.17870876127124,QQQ_04232026_558
LM_12_EYB_20260422_CS_5628_5572,-2,754.5931758500001,33.566133845070155,-91.17870876127124,QQQ_04232026_558
LM_12_EYB_20260422_CS_5628_5572,-1,918.6351706,33.56590733992538,-91.18199682419483,QQQ_04232026_558
LM_12_EYB_20260422_CS_5628_5572,0,1049.8687664,33.60112919434971,-91.12936070983297,QQQ_04232026_558
LM_12_EYB_20260422_CS_5628_5572,1,1049.8687664,33.6077186539969,-91.1288898628978,QQQ_04232026_558
LM_12_EYB_20260422_CS_5628_5572,2,1115.4855643,33.554563239255884,-91.23377604310383,QQQ_04232026_558
LM_12_EYB_20260422_CS_5628_5572,3,1115.4855643,33.583756649448,-91.14385680014712,QQQ_04232026_558
LM_12_EYB_20260422_CS_5628_5572,4,1115.4855643,33.583756649448,-91.14385680014712,QQQ_04232026_558
LM_12_EYB_20260422_CS_5628_5572,5,1115.4855643,33.58483602062612,-91.14252008153595,QQQ_04232026_558
LM_12_EYB_20260422_CS_5628_5572,6,1181.1023622,33.58483602062612,-91.14252008153595,QQQ_04232026_558
LM_12_EYB_20260422_CS_5628_5572,7,1181.1023622,33.58483602062612,-91.14252008153595,QQQ_04232026_558
LM_12_EYB_20260422_CS_5628_5572,8,1181.1023622,33.58483602062612,-91.14252008153595,QQQ_04232026_558
LM_12_EYB_20260422_CS_5628_5572,9,1213.91076115,33.583756649448,-91.14385680014712,QQQ_04232026_558
LM_12_EYB_20260422_CS_5628_5572,10,1213.91076115,33.583756649448,-91.14385680014712,QQQ_04232026_558
LM_12_EYB_20260422_CS_5628_5572,11,1213.91076115,33.583756649448,-91.14385680014712,QQQ_04232026_558
LM_12_EYB_20260422_CS_5628_5572,12,1213.91076115,33.583756649448,-91.14385680014712,QQQ_04232026_558
LM_12_EYB_20260422_CS_5628_5572,13,1213.91076115,33.58483602062612,-91.14252008153595,QQQ_04232026_558
LM_12_EYB_20260422_CS_5628_5572,14,1246.7191601,33.583756649448,-91.14385680014712,QQQ_04232026_558
LM_12_EYB_20260422_CS_5628_5572,15,1246.7191601,33.583756649448,-91.14385680014712,QQQ_04232026_558
LM_12_EYB_20260422_CS_5628_5572,16,1246.7191601,33.583756649448,-91.14385680014712,QQQ_04232026_558
LM_12_EYB_20260422_CS_5628_5572,17,1246.7191601,33.583756649448,-91.14385680014712,QQQ_04232026_558
LM_12_EYB_20260422_CS_5628_5572,18,1246.7191601,33.583756649448,-91.14385680014712,QQQ_04232026_558
LM_12_EYB_20260422_CS_5628_5572,19,1345.14435695,33.583756649448,-91.14385680014712,QQQ_04232026_558
LM_12_EYB_20260422_CS_5628_5572,20,1345.14435695,33.583756649448,-91.14385680014712,QQQ_04232026_558
LM_12_EYB_20260422_CS_5628_5572,21,1345.14435695,33.583756649448,-91.14385680014712,QQQ_04232026_558
LM_12_EYB_20260422_CS_5628_5572,22,1345.14435695,33.583756649448,-91.14385680014712,QQQ_04232026_558
LM_12_EYB_20260422_CS_5628_5572,23,1345.14435695,33.583756649448,-91.14385680014712,QQQ_04232026_558
LM_12_EYB_20260422_CS_5628_5572,24,1410.76115485,33.583756649448,-91.14385680014712,QQQ_04232026_558
LM_12_EYB_20260422_CS_5628_5572,25,1476.37795275,33.583756649448,-91.14385680014712,QQQ_04232026_558
LM_12_EYB_20260422_CS_5628_5572,26,1509.1863517000002,33.583756649448,-91.14385680014712,QQQ_04232026_558
LM_12_EYB_20260422_CS_5628_5572,27,1607.6115485500002,33.583756649448,-91.14385680014712,QQQ_04232026_558
LM_12_EYB_20260422_CS_5628_5572,28,1706.0367454000002,33.583756649448,-91.14385680014712,QQQ_04232026_558
LM_12_EYB_20260422_CS_5628_5572,29,1738.84514435,33.54349206671525,-91.22842113855673,QQQ_04232026_558
LM_12_EYB_20260422_CS_5628_5572,30,1738.84514435,33.54349206671525,-91.22842113855673,QQQ_04232026_558
LM_12_EYB_20260422_CS_5628_5572,31,1804.46194225,33.54210404401957,-91.2274647383584,QQQ_04232026_558
LM_12_EYB_20260422_CS_5628_5572,32,1837.2703412,33.54349206671525,-91.22842113855673,QQQ_04232026_558
LM_12_EYB_20260422_CS_5628_5572,33,2001.31233595,33.54210404401957,-91.2274647383584,QQQ_04232026_558
LM_12_EYB_20260422_CS_5628_5572,34,2001.31233595,33.54210404401957,-91.2274647383584,QQQ_04232026_558
LM_12_EYB_20260422_CS_5628_5572,35,2001.31233595,33.54210404401957,-91.2274647383584,QQQ_04232026_558
LM_12_EYB_20260422_CS_5628_5572,36,2001.31233595,33.54210404401957,-91.2274647383584,QQQ_04232026_558
LM_12_EYB_20260423_CS_5658_5630,-5,0.0,33.6265219129553,-91.13636867401158,QQQ_04232026_558
LM_12_EYB_20260423_CS_5658_5630,-4,754.5931758500001,33.566133845070155,-91.17870876127124,QQQ_04232026_558
LM_12_EYB_20260423_CS_5658_5630,-3,754.5931758500001,33.566133845070155,-91.17870876127124,QQQ_04232026_558
LM_12_EYB_20260423_CS_5658_5630,-2,754.5931758500001,33.566133845070155,-91.17870876127124,QQQ_04232026_558
LM_12_EYB_20260423_CS_5658_5630,-1,918.6351706,33.56590733992538,-91.18199682419483,QQQ_04232026_558
LM_12_EYB_20260423_CS_5658_5630,0,1049.8687664,33.60112919434971,-91.12936070983297,QQQ_04232026_558
LM_12_EYB_20260423_CS_5658_5630,1,1049.8687664,33.6077186539969,-91.1288898628978,QQQ_04232026_558
LM_12_EYB_20260423_CS_5658_5630,2,1115.4855643,33.554563239255884,-91.23377604310383,QQQ_04232026_558
LM_12_EYB_20260423_CS_5658_5630,3,1115.4855643,33.583756649448,-91.14385680014712,QQQ_04232026_558
LM_12_EYB_20260423_CS_5658_5630,4,1115.4855643,33.583756649448,-91.14385680014712,QQQ_04232026_558
LM_12_EYB_20260423_CS_5658_5630,5,1115.4855643,33.58483602062612,-91.14252008153595,QQQ_04232026_558
LM_12_EYB_20260423_CS_5658_5630,6,1181.1023622,33.58483602062612,-91.14252008153595,QQQ_04232026_558
LM_12_EYB_20260423_CS_5658_5630,7,1181.1023622,33.58483602062612,-91.14252008153595,QQQ_04232026_558
LM_12_EYB_20260423_CS_5658_5630,8,1181.1023622,33.58483602062612,-91.14252008153595,QQQ_04232026_558
LM_12_EYB_20260423_CS_5658_5630,9,1213.91076115,33.583756649448,-91.14385680014712,QQQ_04232026_558
LM_12_EYB_20260423_CS_5658_5630,10,1213.91076115,33.583756649448,-91.14385680014712,QQQ_04232026_558
LM_12_EYB_20260423_CS_5658_5630,11,1213.91076115,33.583756649448,-91.14385680014712,QQQ_04232026_558
LM_12_EYB_20260423_CS_5658_5630,12,1213.91076115,33.583756649448,-91.14385680014712,QQQ_04232026_558
LM_12_EYB_20260423_CS_5658_5630,13,1213.91076115,33.58483602062612,-91.14252008153595,QQQ_04232026_558
LM_12_EYB_20260423_CS_5658_5630,14,1246.7191601,33.583756649448,-91.14385680014712,QQQ_04232026_558
LM_12_EYB_20260423_CS_5658_5630,15,1246.7191601,33.583756649448,-91.14385680014712,QQQ_04232026_558
LM_12_EYB_20260423_CS_5658_5630,16,1246.7191601,33.583756649448,-91.14385680014712,QQQ_04232026_558
LM_12_EYB_20260423_CS_5658_5630,17,1246.7191601,33.583756649448,-91.14385680014712,QQQ_04232026_558
LM_12_EYB_20260423_CS_5658_5630,18,1246.7191601,33.583756649448,-91.14385680014712,QQQ_04232026_558
LM_12_EYB_20260423_CS_5658_5630,19,1345.14435695,33.583756649448,-91.14385680014712,QQQ_04232026_558
LM_12_EYB_20260423_CS_5658_5630,20,1345.14435695,33.583756649448,-91.14385680014712,QQQ_04232026_558
LM_12_EYB_20260423_CS_5658_5630,21,1345.14435695,33.583756649448,-91.14385680014712,QQQ_04232026_558
LM_12_EYB_20260423_CS_5658_5630,22,1345.14435695,33.583756649448,-91.14385680014712,QQQ_04232026_558
LM_12_EYB_20260423_CS_5658_5630,23,1345.14435695,33.583756649448,-91.14385680014712,QQQ_04232026_558
LM_12_EYB_20260423_CS_5658_5630,24,1410.76115485,33.583756649448,-91.14385680014712,QQQ_04232026_558
LM_12_EYB_20260423_CS_5658_5630,25,1476.37795275,33.583756649448,-91.14385680014712,QQQ_04232026_558
LM_12_EYB_20260423_CS_5658_5630,26,1509.1863517000002,33.583756649448,-91.14385680014712,QQQ_04232026_558
LM_12_EYB_20260423_CS_5658_5630,27,1607.6115485500002,33.583756649448,-91.14385680014712,QQQ_04232026_558
LM_12_EYB_20260423_CS_5658_5630,28,1706.0367454000002,33.583756649448,-91.14385680014712,QQQ_04232026_558
LM_12_EYB_20260423_CS_5658_5630,29,1738.84514435,33.54349206671525,-91.22842113855673,QQQ_04232026_558
LM_12_EYB_20260423_CS_5658_5630,30,1738.84514435,33.54349206671525,-91.22842113855673,QQQ_04232026_558
LM_12_EYB_20260423_CS_5658_5630,31,1804.46194225,33.54210404401957,-91.2274647383584,QQQ_04232026_558
LM_12_EYB_20260423_CS_5658_5630,32,1837.2703412,33.54349206671525,-91.22842113855673,QQQ_04232026_558
LM_12_EYB_20260423_CS_5658_5630,33,2001.31233595,33.54210404401957,-91.2274647383584,QQQ_04232026_558
LM_12_EYB_20260423_CS_5658_5630,34,2001.31233595,33.54210404401957,-91.2274647383584,QQQ_04232026_558
LM_12_EYB_20260423_CS_5658_5630,35,2001.31233595,33.54210404401957,-91.2274647383584,QQQ_04232026_558
LM_12_EYB_20260423_CS_5658_5630,36,2001.31233595,33.54210404401957,-91.2274647383584,QQQ_04232026_558
LM_11_YBS_20260421_CS_5502_5368,-5,0.0,33.36814511372282,-91.11600861631223,RRR_04232026_543
LM_11_YBS_20260421_CS_5502_5368,-4,0.0,33.36814511372282,-91.11600861631223,RRR_04232026_543
LM_11_YBS_20260421_CS_5502_5368,-3,0.0,33.36814511372282,-91.11600861631223,RRR_04232026_543
LM_11_YBS_20260421_CS_5502_5368,-2,0.0,33.37196212472009,-91.11396073166146,RRR_04232026_543
LM_11_YBS_20260421_CS_5502_5368,-1,0.0,33.37196212472009,-91.11396073166146,RRR_04232026_543
LM_11_YBS_20260421_CS_5502_5368,0,623.35958005,33.3692342715772,-91.11532996047154,RRR_04232026_543
LM_11_YBS_20260421_CS_5502_5368,1,754.5931758500001,33.382393621020256,-91.11308018543725,RRR_04232026_543
LM_11_YBS_20260421_CS_5502_5368,2,754.5931758500001,33.382393621020256,-91.11308018543725,RRR_04232026_543
LM_11_YBS_20260421_CS_5502_5368,3,853.0183727000001,33.382393621020256,-91.11308018543725,RRR_04232026_543
LM_11_YBS_20260421_CS_5502_5368,4,951.44356955,33.36191954994518,-91.12236642973059,RRR_04232026_543
LM_11_YBS_20260421_CS_5502_5368,5,951.44356955,33.382393621020256,-91.11308018543725,RRR_04232026_543
LM_11_YBS_20260421_CS_5502_5368,6,1017.06036745,33.36084025015887,-91.12369983269744,RRR_04232026_543
LM_11_YBS_20260421_CS_5502_5368,7,1049.8687664,33.36084025015887,-91.12369983269744,RRR_04232026_543
LM_11_YBS_20260421_CS_5502_5368,8,1115.4855643,33.36084025015887,-91.12369983269744,RRR_04232026_543
LM_11_YBS_20260421_CS_5502_5368,9,1181.1023622,33.36084025015887,-91.12369983269744,RRR_04232026_543
LM_11_YBS_20260421_CS_5502_5368,10,1246.7191601,33.36084025015887,-91.12369983269744,RRR_04232026_543
LM_11_YBS_20260421_CS_5502_5368,11,1345.14435695,33.35975103912589,-91.12437831613718,RRR_04232026_543
LM_11_YBS_20260421_CS_5502_5368,12,1410.76115485,33.36191954994518,-91.12236642973059,RRR_04232026_543
LM_11_YBS_20260421_CS_5502_5368,13,1476.37795275,33.36084025015887,-91.12369983269744,RRR_04232026_543
LM_11_YBS_20260421_CS_5502_5368,14,1509.1863517000002,33.36084025015887,-91.12369983269744,RRR_04232026_543
LM_11_YBS_20260421_CS_5502_5368,15,2066.92913385,33.383767495069925,-91.11305049620425,RRR_04232026_543
LM_11_YBS_20260421_CS_5502_5368,16,2165.3543307,33.383767495069925,-91.11305049620425,RRR_04232026_543
LM_11_YBS_20260421_CS_5502_5368,17,2230.9711286,33.465979483822075,-91.1148776512218,RRR_04232026_543
LM_11_YBS_20260421_CS_5502_5368,18,2230.9711286,33.465979483822075,-91.1148776512218,RRR_04232026_543
LM_11_YBS_20260421_CS_5502_5368,19,2230.9711286,33.465979483822075,-91.1148776512218,RRR_04232026_543
LM_11_YBS_20260421_CS_5502_5368,20,2230.9711286,33.465979483822075,-91.1148776512218,RRR_04232026_543
LM_11_YBS_20260421_CS_5502_5368,21,2230.9711286,33.465979483822075,-91.1148776512218,RRR_04232026_543
LM_11_YBS_20260421_CS_5502_5368,22,2230.9711286,33.465979483822075,-91.1148776512218,RRR_04232026_543
LM_11_YBS_20260421_CS_5502_5368,23,2230.9711286,33.465979483822075,-91.1148776512218,RRR_04232026_543
LM_11_YBS_20260421_CS_5502_5368,24,2296.5879265000003,33.36380332577796,-91.1197054378488,RRR_04232026_543
LM_11_YBS_20260421_CS_5502_5368,25,2296.5879265000003,33.36380332577796,-91.1197054378488,RRR_04232026_543
LM_11_YBS_20260421_CS_5502_5368,26,2296.5879265000003,33.36380332577796,-91.1197054378488,RRR_04232026_543
LM_11_YBS_20260421_CS_5502_5368,27,2296.5879265000003,33.36380332577796,-91.1197054378488,RRR_04232026_543
LM_11_YBS_20260421_CS_5502_5368,28,2296.5879265000003,33.36380332577796,-91.1197054378488,RRR_04232026_543
LM_11_YBS_20260421_CS_5502_5368,29,2296.5879265000003,33.36380332577796,-91.1197054378488,RRR_04232026_543
LM_11_YBS_20260421_CS_5502_5368,30,2329.39632545,33.36380332577796,-91.1197054378488,RRR_04232026_543
LM_11_YBS_20260421_CS_5502_5368,31,2329.39632545,33.36380332577796,-91.1197054378488,RRR_04232026_543
LM_11_YBS_20260421_CS_5502_5368,32,2755.9055118,33.357862212170474,-91.12671164795404,RRR_04232026_543
LM_11_YBS_20260421_CS_5502_5368,33,2755.9055118,33.357862212170474,-91.12671164795404,RRR_04232026_543
LM_11_YBS_20260421_CS_5502_5368,34,2755.9055118,33.357862212170474,-91.12671164795404,RRR_04232026_543
LM_11_YBS_20260421_CS_5502_5368,35,2755.9055118,33.357862212170474,-91.12671164795404,RRR_04232026_543
LM_11_YBS_20260421_CS_5502_5368,36,2755.9055118,33.357862212170474,-91.12671164795404,RRR_04232026_543
LM_11_YBS_20260422_CS_5502_5478,-5,0.0,33.36814511372282,-91.11600861631223,RRR_04232026_543
LM_11_YBS_20260422_CS_5502_5478,-4,0.0,33.36814511372282,-91.11600861631223,RRR_04232026_543
LM_11_YBS_20260422_CS_5502_5478,-3,0.0,33.36814511372282,-91.11600861631223,RRR_04232026_543
LM_11_YBS_20260422_CS_5502_5478,-2,0.0,33.37196212472009,-91.11396073166146,RRR_04232026_543
LM_11_YBS_20260422_CS_5502_5478,-1,0.0,33.37196212472009,-91.11396073166146,RRR_04232026_543
LM_11_YBS_20260422_CS_5502_5478,0,623.35958005,33.3692342715772,-91.11532996047154,RRR_04232026_543
LM_11_YBS_20260422_CS_5502_5478,1,754.5931758500001,33.382393621020256,-91.11308018543725,RRR_04232026_543
LM_11_YBS_20260422_CS_5502_5478,2,754.5931758500001,33.382393621020256,-91.11308018543725,RRR_04232026_543
LM_11_YBS_20260422_CS_5502_5478,3,853.0183727000001,33.382393621020256,-91.11308018543725,RRR_04232026_543
LM_11_YBS_20260422_CS_5502_5478,4,951.44356955,33.36191954994518,-91.12236642973059,RRR_04232026_543
LM_11_YBS_20260422_CS_5502_5478,5,951.44356955,33.382393621020256,-91.11308018543725,RRR_04232026_543
LM_11_YBS_20260422_CS_5502_5478,6,1017.06036745,33.36084025015887,-91.12369983269744,RRR_04232026_543
LM_11_YBS_20260422_CS_5502_5478,7,1049.8687664,33.36084025015887,-91.12369983269744,RRR_04232026_543
LM_11_YBS_20260422_CS_5502_5478,8,1115.4855643,33.36084025015887,-91.12369983269744,RRR_04232026_543
LM_11_YBS_20260422_CS_5502_5478,9,1181.1023622,33.36084025015887,-91.12369983269744,RRR_04232026_543
LM_11_YBS_20260422_CS_5502_5478,10,1246.7191601,33.36084025015887,-91.12369983269744,RRR_04232026_543
LM_11_YBS_20260422_CS_5502_5478,11,1345.14435695,33.35975103912589,-91.12437831613718,RRR_04232026_543
LM_11_YBS_20260422_CS_5502_5478,12,1410.76115485,33.36191954994518,-91.12236642973059,RRR_04232026_543
LM_11_YBS_20260422_CS_5502_5478,13,1476.37795275,33.36084025015887,-91.12369983269744,RRR_04232026_543
LM_11_YBS_20260422_CS_5502_5478,14,1509.1863517000002,33.36084025015887,-91.12369983269744,RRR_04232026_543
LM_11_YBS_20260422_CS_5502_5478,15,2066.92913385,33.383767495069925,-91.11305049620425,RRR_04232026_543
LM_11_YBS_20260422_CS_5502_5478,16,2165.3543307,33.383767495069925,-91.11305049620425,RRR_04232026_543
LM_11_YBS_20260422_CS_5502_5478,17,2230.9711286,33.465979483822075,-91.1148776512218,RRR_04232026_543
LM_11_YBS_20260422_CS_5502_5478,18,2230.9711286,33.465979483822075,-91.1148776512218,RRR_04232026_543
LM_11_YBS_20260422_CS_5502_5478,19,2230.9711286,33.465979483822075,-91.1148776512218,RRR_04232026_543
LM_11_YBS_20260422_CS_5502_5478,20,2230.9711286,33.465979483822075,-91.1148776512218,RRR_04232026_543
LM_11_YBS_20260422_CS_5502_5478,21,2230.9711286,33.465979483822075,-91.1148776512218,RRR_04232026_543
LM_11_YBS_20260422_CS_5502_5478,22,2230.9711286,33.465979483822075,-91.1148776512218,RRR_04232026_543
LM_11_YBS_20260422_CS_5502_5478,23,2230.9711286,33.465979483822075,-91.1148776512218,RRR_04232026_543
LM_11_YBS_20260422_CS_5502_5478,24,2296.5879265000003,33.36380332577796,-91.1197054378488,RRR_04232026_543
LM_11_YBS_20260422_CS_5502_5478,25,2296.5879265000003,33.36380332577796,-91.1197054378488,RRR_04232026_543
LM_11_YBS_20260422_CS_5502_5478,26,2296.5879265000003,33.36380332577796,-91.1197054378488,RRR_04232026_543
LM_11_YBS_20260422_CS_5502_5478,27,2296.5879265000003,33.36380332577796,-91.1197054378488,RRR_04232026_543
LM_11_YBS_20260422_CS_5502_5478,28,2296.5879265000003,33.36380332577796,-91.1197054378488,RRR_04232026_543
LM_11_YBS_20260422_CS_5502_5478,29,2296.5879265000003,33.36380332577796,-91.1197054378488,RRR_04232026_543
LM_11_YBS_20260422_CS_5502_5478,30,2329.39632545,33.36380332577796,-91.1197054378488,RRR_04232026_543
LM_11_YBS_20260422_CS_5502_5478,31,2329.39632545,33.36380332577796,-91.1197054378488,RRR_04232026_543
LM_11_YBS_20260422_CS_5502_5478,32,2755.9055118,33.357862212170474,-91.12671164795404,RRR_04232026_543
LM_11_YBS_20260422_CS_5502_5478,33,2755.9055118,33.357862212170474,-91.12671164795404,RRR_04232026_543
LM_11_YBS_20260422_CS_5502_5478,34,2755.9055118,33.357862212170474,-91.12671164795404,RRR_04232026_543
LM_11_YBS_20260422_CS_5502_5478,35,2755.9055118,33.357862212170474,-91.12671164795404,RRR_04232026_543
LM_11_YBS_20260422_CS_5502_5478,36,2755.9055118,33.357862212170474,-91.12671164795404,RRR_04232026_543
LM_11_YBS_20260423_CS_5502_5478,-5,0.0,33.36814511372282,-91.11600861631223,RRR_04232026_543
LM_11_YBS_20260423_CS_5502_5478,-4,0.0,33.36814511372282,-91.11600861631223,RRR_04232026_543
LM_11_YBS_20260423_CS_5502_5478,-3,0.0,33.36814511372282,-91.11600861631223,RRR_04232026_543
LM_11_YBS_20260423_CS_5502_5478,-2,0.0,33.37196212472009,-91.11396073166146,RRR_04232026_543
LM_11_YBS_20260423_CS_5502_5478,-1,0.0,33.37196212472009,-91.11396073166146,RRR_04232026_543
LM_11_YBS_20260423_CS_5502_5478,0,623.35958005,33.3692342715772,-91.11532996047154,RRR_04232026_543
LM_11_YBS_20260423_CS_5502_5478,1,754.5931758500001,33.382393621020256,-91.11308018543725,RRR_04232026_543
LM_11_YBS_20260423_CS_5502_5478,2,754.5931758500001,33.382393621020256,-91.11308018543725,RRR_04232026_543
LM_11_YBS_20260423_CS_5502_5478,3,853.0183727000001,33.382393621020256,-91.11308018543725,RRR_04232026_543
LM_11_YBS_20260423_CS_5502_5478,4,951.44356955,33.36191954994518,-91.12236642973059,RRR_04232026_543
LM_11_YBS_20260423_CS_5502_5478,5,951.44356955,33.382393621020256,-91.11308018543725,RRR_04232026_543
LM_11_YBS_20260423_CS_5502_5478,6,1017.06036745,33.36084025015887,-91.12369983269744,RRR_04232026_543
LM_11_YBS_20260423_CS_5502_5478,7,1049.8687664,33.36084025015887,-91.12369983269744,RRR_04232026_543
LM_11_YBS_20260423_CS_5502_5478,8,1115.4855643,33.36084025015887,-91.12369983269744,RRR_04232026_543
LM_11_YBS_20260423_CS_5502_5478,9,1181.1023622,33.36084025015887,-91.12369983269744,RRR_04232026_543
LM_11_YBS_20260423_CS_5502_5478,10,1246.7191601,33.36084025015887,-91.12369983269744,RRR_04232026_543
LM_11_YBS_20260423_CS_5502_5478,11,1345.14435695,33.35975103912589,-91.12437831613718,RRR_04232026_543
LM_11_YBS_20260423_CS_5502_5478,12,1410.76115485,33.36191954994518,-91.12236642973059,RRR_04232026_543
LM_11_YBS_20260423_CS_5502_5478,13,1476.37795275,33.36084025015887,-91.12369983269744,RRR_04232026_543
LM_11_YBS_20260423_CS_5502_5478,14,1509.1863517000002,33.36084025015887,-91.12369983269744,RRR_04232026_543
LM_11_YBS_20260423_CS_5502_5478,15,2066.92913385,33.383767495069925,-91.11305049620425,RRR_04232026_543
LM_11_YBS_20260423_CS_5502_5478,16,2165.3543307,33.383767495069925,-91.11305049620425,RRR_04232026_543
LM_11_YBS_20260423_CS_5502_5478,17,2230.9711286,33.465979483822075,-91.1148776512218,RRR_04232026_543
LM_11_YBS_20260423_CS_5502_5478,18,2230.9711286,33.465979483822075,-91.1148776512218,RRR_04232026_543
LM_11_YBS_20260423_CS_5502_5478,19,2230.9711286,33.465979483822075,-91.1148776512218,RRR_04232026_543
LM_11_YBS_20260423_CS_5502_5478,20,2230.9711286,33.465979483822075,-91.1148776512218,RRR_04232026_543
LM_11_YBS_20260423_CS_5502_5478,21,2230.9711286,33.465979483822075,-91.1148776512218,RRR_04232026_543
LM_11_YBS_20260423_CS_5502_5478,22,2230.9711286,33.465979483822075,-91.1148776512218,RRR_04232026_543
LM_11_YBS_20260423_CS_5502_5478,23,2230.9711286,33.465979483822075,-91.1148776512218,RRR_04232026_543
LM_11_YBS_20260423_CS_5502_5478,24,2296.5879265000003,33.36380332577796,-91.1197054378488,RRR_04232026_543
LM_11_YBS_20260423_CS_5502_5478,25,2296.5879265000003,33.36380332577796,-91.1197054378488,RRR_04232026_543
LM_11_YBS_20260423_CS_5502_5478,26,2296.5879265000003,33.36380332577796,-91.1197054378488,RRR_04232026_543
LM_11_YBS_20260423_CS_5502_5478,27,2296.5879265000003,33.36380332577796,-91.1197054378488,RRR_04232026_543
LM_11_YBS_20260423_CS_5502_5478,28,2296.5879265000003,33.36380332577796,-91.1197054378488,RRR_04232026_543
LM_11_YBS_20260423_CS_5502_5478,29,2296.5879265000003,33.36380332577796,-91.1197054378488,RRR_04232026_543
LM_11_YBS_20260423_CS_5502_5478,30,2329.39632545,33.36380332577796,-91.1197054378488,RRR_04232026_543
LM_11_YBS_20260423_CS_5502_5478,31,2329.39632545,33.36380332577796,-91.1197054378488,RRR_04232026_543
LM_11_YBS_20260423_CS_5502_5478,32,2755.9055118,33.357862212170474,-91.12671164795404,RRR_04232026_543
LM_11_YBS_20260423_CS_5502_5478,33,2755.9055118,33.357862212170474,-91.12671164795404,RRR_04232026_543
LM_11_YBS_20260423_CS_5502_5478,34,2755.9055118,33.357862212170474,-91.12671164795404,RRR_04232026_543
LM_11_YBS_20260423_CS_5502_5478,35,2755.9055118,33.357862212170474,-91.12671164795404,RRR_04232026_543
LM_11_YBS_20260423_CS_5502_5478,36,2755.9055118,33.357862212170474,-91.12671164795404,RRR_04232026_543
LM_10_SSL_20260427_CS_5332_5276,-5,0.0,33.22683046102041,-91.10263223719103,SSS_04282026_528
LM_10_SSL_20260427_CS_5332_5276,-4,0.0,33.22683046102041,-91.10263223719103,SSS_04282026_528
LM_10_SSL_20260427_CS_5332_5276,-3,0.0,33.22792958259346,-91.10260849693324,SSS_04282026_528
LM_10_SSL_20260427_CS_5332_5276,-2,0.0,33.23292049704666,-91.10544434454089,SSS_04282026_528
LM_10_SSL_20260427_CS_5332_5276,-1,0.0,33.23402958143674,-91.10607457517678,SSS_04282026_528
LM_10_SSL_20260427_CS_5332_5276,0,0.0,33.235418422021034,-91.10702587310352,SSS_04282026_528
LM_10_SSL_20260427_CS_5332_5276,1,754.5931758500001,33.235418422021034,-91.10702587310352,SSS_04282026_528
LM_10_SSL_20260427_CS_5332_5276,2,984.2519685,33.23709695990832,-91.10895222749011,SSS_04282026_528
LM_10_SSL_20260427_CS_5332_5276,3,1082.67716535,33.253846320273766,-91.12593047190055,SSS_04282026_528
LM_10_SSL_20260427_CS_5332_5276,4,1082.67716535,33.25495531041978,-91.12656110180441,SSS_04282026_528
LM_10_SSL_20260427_CS_5332_5276,5,1115.4855643,33.30322833706618,-91.17495749992484,SSS_04282026_528
LM_10_SSL_20260427_CS_5332_5276,6,1181.1023622,33.253846320273766,-91.12593047190055,SSS_04282026_528
LM_10_SSL_20260427_CS_5332_5276,7,1246.7191601,33.252732394748875,-91.12497281348894,SSS_04282026_528
LM_10_SSL_20260427_CS_5332_5276,8,1279.52755905,33.253846320273766,-91.12593047190055,SSS_04282026_528
LM_10_SSL_20260427_CS_5332_5276,9,1312.335958,33.252732394748875,-91.12497281348894,SSS_04282026_528
LM_10_SSL_20260427_CS_5332_5276,10,1377.9527559,33.253846320273766,-91.12593047190055,SSS_04282026_528
LM_10_SSL_20260427_CS_5332_5276,11,1377.9527559,33.30322833706618,-91.17495749992484,SSS_04282026_528
LM_10_SSL_20260427_CS_5332_5276,12,1410.76115485,33.30211475737653,-91.17399869151875,SSS_04282026_528
LM_10_SSL_20260427_CS_5332_5276,13,1410.76115485,33.30322833706618,-91.17495749992484,SSS_04282026_528
LM_10_SSL_20260427_CS_5332_5276,14,1410.76115485,33.30322833706618,-91.17495749992484,SSS_04282026_528
LM_10_SSL_20260427_CS_5332_5276,15,1509.1863517000002,33.30322833706618,-91.17495749992484,SSS_04282026_528
LM_10_SSL_20260427_CS_5332_5276,16,1509.1863517000002,33.30322833706618,-91.17495749992484,SSS_04282026_528
LM_10_SSL_20260427_CS_5332_5276,17,1541.99475065,33.30211475737653,-91.17399869151875,SSS_04282026_528
LM_10_SSL_20260427_CS_5332_5276,18,1541.99475065,33.30211475737653,-91.17399869151875,SSS_04282026_528
LM_10_SSL_20260427_CS_5332_5276,19,1541.99475065,33.30211475737653,-91.17399869151875,SSS_04282026_528
LM_10_SSL_20260427_CS_5332_5276,20,1541.99475065,33.30211475737653,-91.17399869151875,SSS_04282026_528
LM_10_SSL_20260427_CS_5332_5276,21,1607.6115485500002,33.30211475737653,-91.17399869151875,SSS_04282026_528
LM_10_SSL_20260427_CS_5332_5276,22,1607.6115485500002,33.30211475737653,-91.17399869151875,SSS_04282026_528
LM_10_SSL_20260427_CS_5332_5276,23,1607.6115485500002,33.30211475737653,-91.17399869151875,SSS_04282026_528
LM_10_SSL_20260427_CS_5332_5276,24,1640.4199475,33.30322833706618,-91.17495749992484,SSS_04282026_528
LM_10_SSL_20260427_CS_5332_5276,25,1640.4199475,33.30322833706618,-91.17495749992484,SSS_04282026_528
LM_10_SSL_20260427_CS_5332_5276,26,1804.46194225,33.30211475737653,-91.17399869151875,SSS_04282026_528
LM_10_SSL_20260427_CS_5332_5276,27,1837.2703412,33.304341910004496,-91.17591633237738,SSS_04282026_528
LM_10_SSL_20260427_CS_5332_5276,28,1902.8871391,33.30519029260235,-91.17753540734314,SSS_04282026_528
LM_10_SSL_20260427_CS_5332_5276,29,1902.8871391,33.30519029260235,-91.17753540734314,SSS_04282026_528
LM_10_SSL_20260427_CS_5332_5276,30,1902.8871391,33.30519029260235,-91.17753540734314,SSS_04282026_528
LM_10_SSL_20260427_CS_5332_5276,31,2001.31233595,33.30519029260235,-91.17753540734314,SSS_04282026_528
LM_10_SSL_20260427_CS_5332_5276,32,2001.31233595,33.3063086458377,-91.17882154730458,SSS_04282026_528
LM_10_SSL_20260427_CS_5332_5276,33,2001.31233595,33.3063086458377,-91.17882154730458,SSS_04282026_528
LM_10_SSL_20260427_CS_5332_5276,34,2001.31233595,33.3063086458377,-91.17882154730458,SSS_04282026_528
LM_10_SSL_20260427_CS_5332_5276,35,2099.7375328000003,33.30771136371993,-91.18075652747125,SSS_04282026_528
LM_10_SSL_20260427_CS_5332_5276,36,2132.54593175,33.30771136371993,-91.18075652747125,SSS_04282026_528
LM_10_SSL_20260428_CS_5276_5234,-5,0.0,33.22683046102041,-91.10263223719103,SSS_04282026_528
LM_10_SSL_20260428_CS_5276_5234,-4,0.0,33.22683046102041,-91.10263223719103,SSS_04282026_528
LM_10_SSL_20260428_CS_5276_5234,-3,0.0,33.22792958259346,-91.10260849693324,SSS_04282026_528
LM_10_SSL_20260428_CS_5276_5234,-2,0.0,33.23292049704666,-91.10544434454089,SSS_04282026_528
LM_10_SSL_20260428_CS_5276_5234,-1,0.0,33.23402958143674,-91.10607457517678,SSS_04282026_528
LM_10_SSL_20260428_CS_5276_5234,0,0.0,33.235418422021034,-91.10702587310352,SSS_04282026_528
LM_10_SSL_20260428_CS_5276_5234,1,754.5931758500001,33.235418422021034,-91.10702587310352,SSS_04282026_528
LM_10_SSL_20260428_CS_5276_5234,2,984.2519685,33.23709695990832,-91.10895222749011,SSS_04282026_528
LM_10_SSL_20260428_CS_5276_5234,3,1082.67716535,33.253846320273766,-91.12593047190055,SSS_04282026_528
LM_10_SSL_20260428_CS_5276_5234,4,1082.67716535,33.25495531041978,-91.12656110180441,SSS_04282026_528
LM_10_SSL_20260428_CS_5276_5234,5,1115.4855643,33.30322833706618,-91.17495749992484,SSS_04282026_528
LM_10_SSL_20260428_CS_5276_5234,6,1181.1023622,33.253846320273766,-91.12593047190055,SSS_04282026_528
LM_10_SSL_20260428_CS_5276_5234,7,1246.7191601,33.252732394748875,-91.12497281348894,SSS_04282026_528
LM_10_SSL_20260428_CS_5276_5234,8,1279.52755905,33.253846320273766,-91.12593047190055,SSS_04282026_528
LM_10_SSL_20260428_CS_5276_5234,9,1312.335958,33.252732394748875,-91.12497281348894,SSS_04282026_528
LM_10_SSL_20260428_CS_5276_5234,10,1377.9527559,33.253846320273766,-91.12593047190055,SSS_04282026_528
LM_10_SSL_20260428_CS_5276_5234,11,1377.9527559,33.30322833706618,-91.17495749992484,SSS_04282026_528
LM_10_SSL_20260428_CS_5276_5234,12,1410.76115485,33.30211475737653,-91.17399869151875,SSS_04282026_528
LM_10_SSL_20260428_CS_5276_5234,13,1410.76115485,33.30322833706618,-91.17495749992484,SSS_04282026_528
LM_10_SSL_20260428_CS_5276_5234,14,1410.76115485,33.30322833706618,-91.17495749992484,SSS_04282026_528
LM_10_SSL_20260428_CS_5276_5234,15,1509.1863517000002,33.30322833706618,-91.17495749992484,SSS_04282026_528
LM_10_SSL_20260428_CS_5276_5234,16,1509.1863517000002,33.30322833706618,-91.17495749992484,SSS_04282026_528
LM_10_SSL_20260428_CS_5276_5234,17,1541.99475065,33.30211475737653,-91.17399869151875,SSS_04282026_528
LM_10_SSL_20260428_CS_5276_5234,18,1541.99475065,33.30211475737653,-91.17399869151875,SSS_04282026_528
LM_10_SSL_20260428_CS_5276_5234,19,1541.99475065,33.30211475737653,-91.17399869151875,SSS_04282026_528
LM_10_SSL_20260428_CS_5276_5234,20,1541.99475065,33.30211475737653,-91.17399869151875,SSS_04282026_528
LM_10_SSL_20260428_CS_5276_5234,21,1607.6115485500002,33.30211475737653,-91.17399869151875,SSS_04282026_528
LM_10_SSL_20260428_CS_5276_5234,22,1607.6115485500002,33.30211475737653,-91.17399869151875,SSS_04282026_528
LM_10_SSL_20260428_CS_5276_5234,23,1607.6115485500002,33.30211475737653,-91.17399869151875,SSS_04282026_528
LM_10_SSL_20260428_CS_5276_5234,24,1640.4199475,33.30322833706618,-91.17495749992484,SSS_04282026_528
LM_10_SSL_20260428_CS_5276_5234,25,1640.4199475,33.30322833706618,-91.17495749992484,SSS_04282026_528
LM_10_SSL_20260428_CS_5276_5234,26,1804.46194225,33.30211475737653,-91.17399869151875,SSS_04282026_528
LM_10_SSL_20260428_CS_5276_5234,27,1837.2703412,33.304341910004496,-91.17591633237738,SSS_04282026_528
LM_10_SSL_20260428_CS_5276_5234,28,1902.8871391,33.30519029260235,-91.17753540734314,SSS_04282026_528
LM_10_SSL_20260428_CS_5276_5234,29,1902.8871391,33.30519029260235,-91.17753540734314,SSS_04282026_528
LM_10_SSL_20260428_CS_5276_5234,30,1902.8871391,33.30519029260235,-91.17753540734314,SSS_04282026_528
LM_10_SSL_20260428_CS_5276_5234,31,2001.31233595,33.30519029260235,-91.17753540734314,SSS_04282026_528
LM_10_SSL_20260428_CS_5276_5234,32,2001.31233595,33.3063086458377,-91.17882154730458,SSS_04282026_528
LM_10_SSL_20260428_CS_5276_5234,33,2001.31233595,33.3063086458377,-91.17882154730458,SSS_04282026_528
LM_10_SSL_20260428_CS_5276_5234,34,2001.31233595,33.3063086458377,-91.17882154730458,SSS_04282026_528
LM_10_SSL_20260428_CS_5276_5234,35,2099.7375328000003,33.30771136371993,-91.18075652747125,SSS_04282026_528
LM_10_SSL_20260428_CS_5276_5234,36,2132.54593175,33.30771136371993,-91.18075652747125,SSS_04282026_528
LM_09_LPM_20260422_CS_5234_5176,-5,0.0,33.03270929554104,-91.14643473997464,TTT_04272026_509
LM_09_LPM_20260422_CS_5234_5176,-4,0.0,33.03270929554104,-91.14643473997464,TTT_04272026_509
LM_09_LPM_20260422_CS_5234_5176,-3,0.0,33.03270929554104,-91.14643473997464,TTT_04272026_509
LM_09_LPM_20260422_CS_5234_5176,-2,0.0,33.03270929554104,-91.14643473997464,TTT_04272026_509
LM_09_LPM_20260422_CS_5234_5176,-1,0.0,33.117924666553236,-91.1100215339468,TTT_04272026_509
LM_09_LPM_20260422_CS_5234_5176,0,0.0,33.13250419134986,-91.09272064298538,TTT_04272026_509
LM_09_LPM_20260422_CS_5234_5176,1,0.0,33.13250419134986,-91.09272064298538,TTT_04272026_509
LM_09_LPM_20260422_CS_5234_5176,2,0.0,33.13250419134986,-91.09272064298538,TTT_04272026_509
LM_09_LPM_20260422_CS_5234_5176,3,820.20997375,33.17325573475638,-91.0794178422447,TTT_04272026_509
LM_09_LPM_20260422_CS_5234_5176,4,918.6351706,33.17325573475638,-91.0794178422447,TTT_04272026_509
LM_09_LPM_20260422_CS_5234_5176,5,984.2519685,33.074536327371675,-91.16808560187496,TTT_04272026_509
LM_09_LPM_20260422_CS_5234_5176,6,1017.06036745,33.17325573475638,-91.0794178422447,TTT_04272026_509
LM_09_LPM_20260422_CS_5234_5176,7,1049.8687664,32.955375070820324,-91.14022606461971,TTT_04272026_509
LM_09_LPM_20260422_CS_5234_5176,8,1049.8687664,32.955375070820324,-91.14022606461971,TTT_04272026_509
LM_09_LPM_20260422_CS_5234_5176,9,1049.8687664,32.955375070820324,-91.14022606461971,TTT_04272026_509
LM_09_LPM_20260422_CS_5234_5176,10,1148.2939632500002,32.95582741694364,-91.13369558137865,TTT_04272026_509
LM_09_LPM_20260422_CS_5234_5176,11,1148.2939632500002,32.95582741694364,-91.13369558137865,TTT_04272026_509
LM_09_LPM_20260422_CS_5234_5176,12,1148.2939632500002,32.95582741694364,-91.13369558137865,TTT_04272026_509
LM_09_LPM_20260422_CS_5234_5176,13,1148.2939632500002,32.95582741694364,-91.13369558137865,TTT_04272026_509
LM_09_LPM_20260422_CS_5234_5176,14,1148.2939632500002,32.95582741694364,-91.13369558137865,TTT_04272026_509
LM_09_LPM_20260422_CS_5234_5176,15,1148.2939632500002,32.95582741694364,-91.13369558137865,TTT_04272026_509
LM_09_LPM_20260422_CS_5234_5176,16,1148.2939632500002,32.95560128688814,-91.1369608291988,TTT_04272026_509
LM_09_LPM_20260422_CS_5234_5176,17,1246.7191601,32.95580305140229,-91.1320658441122,TTT_04272026_509
LM_09_LPM_20260422_CS_5234_5176,18,1246.7191601,32.95580305140229,-91.1320658441122,TTT_04272026_509
LM_09_LPM_20260422_CS_5234_5176,19,1246.7191601,32.95580305140229,-91.1320658441122,TTT_04272026_509
LM_09_LPM_20260422_CS_5234_5176,20,1279.52755905,33.074536327371675,-91.16808560187496,TTT_04272026_509
LM_09_LPM_20260422_CS_5234_5176,21,1312.335958,33.074536327371675,-91.16808560187496,TTT_04272026_509
LM_09_LPM_20260422_CS_5234_5176,22,1312.335958,33.074536327371675,-91.16808560187496,TTT_04272026_509
LM_09_LPM_20260422_CS_5234_5176,23,1345.14435695,32.95580305140229,-91.1320658441122,TTT_04272026_509
LM_09_LPM_20260422_CS_5234_5176,24,1345.14435695,32.955350790767156,-91.13859632959154,TTT_04272026_509
LM_09_LPM_20260422_CS_5234_5176,25,1345.14435695,32.955350790767156,-91.13859632959154,TTT_04272026_509
LM_09_LPM_20260422_CS_5234_5176,26,1377.9527559,33.073427542933565,-91.16745561599174,TTT_04272026_509
LM_09_LPM_20260422_CS_5234_5176,27,1377.9527559,33.073427542933565,-91.16745561599174,TTT_04272026_509
LM_09_LPM_20260422_CS_5234_5176,28,1410.76115485,33.074536327371675,-91.16808560187496,TTT_04272026_509
LM_09_LPM_20260422_CS_5234_5176,29,1410.76115485,33.074536327371675,-91.16808560187496,TTT_04272026_509
LM_09_LPM_20260422_CS_5234_5176,30,1443.5695538,32.95578354367338,-91.13076205571342,TTT_04272026_509
LM_09_LPM_20260422_CS_5234_5176,31,1443.5695538,32.95578354367338,-91.13076205571342,TTT_04272026_509
LM_09_LPM_20260422_CS_5234_5176,32,1443.5695538,32.955350790767156,-91.13859632959154,TTT_04272026_509
LM_09_LPM_20260422_CS_5234_5176,33,1476.37795275,32.95560128688814,-91.1369608291988,TTT_04272026_509
LM_09_LPM_20260422_CS_5234_5176,34,1509.1863517000002,32.955350790767156,-91.13859632959154,TTT_04272026_509
LM_09_LPM_20260422_CS_5234_5176,35,1509.1863517000002,32.955350790767156,-91.13859632959154,TTT_04272026_509
LM_09_LPM_20260422_CS_5234_5176,36,1574.8031496,32.955350790767156,-91.13859632959154,TTT_04272026_509
LM_09_LPM_20260423_CS_5174_5114,-5,0.0,33.03270929554104,-91.14643473997464,TTT_04272026_509
LM_09_LPM_20260423_CS_5174_5114,-4,0.0,33.03270929554104,-91.14643473997464,TTT_04272026_509
LM_09_LPM_20260423_CS_5174_5114,-3,0.0,33.03270929554104,-91.14643473997464,TTT_04272026_509
LM_09_LPM_20260423_CS_5174_5114,-2,0.0,33.03270929554104,-91.14643473997464,TTT_04272026_509
LM_09_LPM_20260423_CS_5174_5114,-1,0.0,33.117924666553236,-91.1100215339468,TTT_04272026_509
LM_09_LPM_20260423_CS_5174_5114,0,0.0,33.13250419134986,-91.09272064298538,TTT_04272026_509
LM_09_LPM_20260423_CS_5174_5114,1,0.0,33.13250419134986,-91.09272064298538,TTT_04272026_509
LM_09_LPM_20260423_CS_5174_5114,2,0.0,33.13250419134986,-91.09272064298538,TTT_04272026_509
LM_09_LPM_20260423_CS_5174_5114,3,820.20997375,33.17325573475638,-91.0794178422447,TTT_04272026_509
LM_09_LPM_20260423_CS_5174_5114,4,918.6351706,33.17325573475638,-91.0794178422447,TTT_04272026_509
LM_09_LPM_20260423_CS_5174_5114,5,984.2519685,33.074536327371675,-91.16808560187496,TTT_04272026_509
LM_09_LPM_20260423_CS_5174_5114,6,1017.06036745,33.17325573475638,-91.0794178422447,TTT_04272026_509
LM_09_LPM_20260423_CS_5174_5114,7,1049.8687664,32.955375070820324,-91.14022606461971,TTT_04272026_509
LM_09_LPM_20260423_CS_5174_5114,8,1049.8687664,32.955375070820324,-91.14022606461971,TTT_04272026_509
LM_09_LPM_20260423_CS_5174_5114,9,1049.8687664,32.955375070820324,-91.14022606461971,TTT_04272026_509
LM_09_LPM_20260423_CS_5174_5114,10,1148.2939632500002,32.95582741694364,-91.13369558137865,TTT_04272026_509
LM_09_LPM_20260423_CS_5174_5114,11,1148.2939632500002,32.95582741694364,-91.13369558137865,TTT_04272026_509
LM_09_LPM_20260423_CS_5174_5114,12,1148.2939632500002,32.95582741694364,-91.13369558137865,TTT_04272026_509
LM_09_LPM_20260423_CS_5174_5114,13,1148.2939632500002,32.95582741694364,-91.13369558137865,TTT_04272026_509
LM_09_LPM_20260423_CS_5174_5114,14,1148.2939632500002,32.95582741694364,-91.13369558137865,TTT_04272026_509
LM_09_LPM_20260423_CS_5174_5114,15,1148.2939632500002,32.95582741694364,-91.13369558137865,TTT_04272026_509
LM_09_LPM_20260423_CS_5174_5114,16,1148.2939632500002,32.95560128688814,-91.1369608291988,TTT_04272026_509
LM_09_LPM_20260423_CS_5174_5114,17,1246.7191601,32.95580305140229,-91.1320658441122,TTT_04272026_509
LM_09_LPM_20260423_CS_5174_5114,18,1246.7191601,32.95580305140229,-91.1320658441122,TTT_04272026_509
LM_09_LPM_20260423_CS_5174_5114,19,1246.7191601,32.95580305140229,-91.1320658441122,TTT_04272026_509
LM_09_LPM_20260423_CS_5174_5114,20,1279.52755905,33.074536327371675,-91.16808560187496,TTT_04272026_509
LM_09_LPM_20260423_CS_5174_5114,21,1312.335958,33.074536327371675,-91.16808560187496,TTT_04272026_509
LM_09_LPM_20260423_CS_5174_5114,22,1312.335958,33.074536327371675,-91.16808560187496,TTT_04272026_509
LM_09_LPM_20260423_CS_5174_5114,23,1345.14435695,32.95580305140229,-91.1320658441122,TTT_04272026_509
LM_09_LPM_20260423_CS_5174_5114,24,1345.14435695,32.955350790767156,-91.13859632959154,TTT_04272026_509
LM_09_LPM_20260423_CS_5174_5114,25,1345.14435695,32.955350790767156,-91.13859632959154,TTT_04272026_509
LM_09_LPM_20260423_CS_5174_5114,26,1377.9527559,33.073427542933565,-91.16745561599174,TTT_04272026_509
LM_09_LPM_20260423_CS_5174_5114,27,1377.9527559,33.073427542933565,-91.16745561599174,TTT_04272026_509
LM_09_LPM_20260423_CS_5174_5114,28,1410.76115485,33.074536327371675,-91.16808560187496,TTT_04272026_509
LM_09_LPM_20260423_CS_5174_5114,29,1410.76115485,33.074536327371675,-91.16808560187496,TTT_04272026_509
LM_09_LPM_20260423_CS_5174_5114,30,1443.5695538,32.95578354367338,-91.13076205571342,TTT_04272026_509
LM_09_LPM_20260423_CS_5174_5114,31,1443.5695538,32.95578354367338,-91.13076205571342,TTT_04272026_509
LM_09_LPM_20260423_CS_5174_5114,32,1443.5695538,32.955350790767156,-91.13859632959154,TTT_04272026_509
LM_09_LPM_20260423_CS_5174_5114,33,1476.37795275,32.95560128688814,-91.1369608291988,TTT_04272026_509
LM_09_LPM_20260423_CS_5174_5114,34,1509.1863517000002,32.955350790767156,-91.13859632959154,TTT_04272026_509
LM_09_LPM_20260423_CS_5174_5114,35,1509.1863517000002,32.955350790767156,-91.13859632959154,TTT_04272026_509
LM_09_LPM_20260423_CS_5174_5114,36,1574.8031496,32.955350790767156,-91.13859632959154,TTT_04272026_509
LM_09_LPM_20260424_CS_5144_5062,-5,0.0,33.03270929554104,-91.14643473997464,TTT_04272026_509
LM_09_LPM_20260424_CS_5144_5062,-4,0.0,33.03270929554104,-91.14643473997464,TTT_04272026_509
LM_09_LPM_20260424_CS_5144_5062,-3,0.0,33.03270929554104,-91.14643473997464,TTT_04272026_509
LM_09_LPM_20260424_CS_5144_5062,-2,0.0,33.03270929554104,-91.14643473997464,TTT_04272026_509
LM_09_LPM_20260424_CS_5144_5062,-1,0.0,33.117924666553236,-91.1100215339468,TTT_04272026_509
LM_09_LPM_20260424_CS_5144_5062,0,0.0,33.13250419134986,-91.09272064298538,TTT_04272026_509
LM_09_LPM_20260424_CS_5144_5062,1,0.0,33.13250419134986,-91.09272064298538,TTT_04272026_509
LM_09_LPM_20260424_CS_5144_5062,2,0.0,33.13250419134986,-91.09272064298538,TTT_04272026_509
LM_09_LPM_20260424_CS_5144_5062,3,820.20997375,33.17325573475638,-91.0794178422447,TTT_04272026_509
LM_09_LPM_20260424_CS_5144_5062,4,918.6351706,33.17325573475638,-91.0794178422447,TTT_04272026_509
LM_09_LPM_20260424_CS_5144_5062,5,984.2519685,33.074536327371675,-91.16808560187496,TTT_04272026_509
LM_09_LPM_20260424_CS_5144_5062,6,1017.06036745,33.17325573475638,-91.0794178422447,TTT_04272026_509
LM_09_LPM_20260424_CS_5144_5062,7,1049.8687664,32.955375070820324,-91.14022606461971,TTT_04272026_509
LM_09_LPM_20260424_CS_5144_5062,8,1049.8687664,32.955375070820324,-91.14022606461971,TTT_04272026_509
LM_09_LPM_20260424_CS_5144_5062,9,1049.8687664,32.955375070820324,-91.14022606461971,TTT_04272026_509
LM_09_LPM_20260424_CS_5144_5062,10,1148.2939632500002,32.95582741694364,-91.13369558137865,TTT_04272026_509
LM_09_LPM_20260424_CS_5144_5062,11,1148.2939632500002,32.95582741694364,-91.13369558137865,TTT_04272026_509
LM_09_LPM_20260424_CS_5144_5062,12,1148.2939632500002,32.95582741694364,-91.13369558137865,TTT_04272026_509
LM_09_LPM_20260424_CS_5144_5062,13,1148.2939632500002,32.95582741694364,-91.13369558137865,TTT_04272026_509
LM_09_LPM_20260424_CS_5144_5062,14,1148.2939632500002,32.95582741694364,-91.13369558137865,TTT_04272026_509
LM_09_LPM_20260424_CS_5144_5062,15,1148.2939632500002,32.95582741694364,-91.13369558137865,TTT_04272026_509
LM_09_LPM_20260424_CS_5144_5062,16,1148.2939632500002,32.95560128688814,-91.1369608291988,TTT_04272026_509
LM_09_LPM_20260424_CS_5144_5062,17,1246.7191601,32.95580305140229,-91.1320658441122,TTT_04272026_509
LM_09_LPM_20260424_CS_5144_5062,18,1246.7191601,32.95580305140229,-91.1320658441122,TTT_04272026_509
LM_09_LPM_20260424_CS_5144_5062,19,1246.7191601,32.95580305140229,-91.1320658441122,TTT_04272026_509
LM_09_LPM_20260424_CS_5144_5062,20,1279.52755905,33.074536327371675,-91.16808560187496,TTT_04272026_509
LM_09_LPM_20260424_CS_5144_5062,21,1312.335958,33.074536327371675,-91.16808560187496,TTT_04272026_509
LM_09_LPM_20260424_CS_5144_5062,22,1312.335958,33.074536327371675,-91.16808560187496,TTT_04272026_509
LM_09_LPM_20260424_CS_5144_5062,23,1345.14435695,32.95580305140229,-91.1320658441122,TTT_04272026_509
LM_09_LPM_20260424_CS_5144_5062,24,1345.14435695,32.955350790767156,-91.13859632959154,TTT_04272026_509
LM_09_LPM_20260424_CS_5144_5062,25,1345.14435695,32.955350790767156,-91.13859632959154,TTT_04272026_509
LM_09_LPM_20260424_CS_5144_5062,26,1377.9527559,33.073427542933565,-91.16745561599174,TTT_04272026_509
LM_09_LPM_20260424_CS_5144_5062,27,1377.9527559,33.073427542933565,-91.16745561599174,TTT_04272026_509
LM_09_LPM_20260424_CS_5144_5062,28,1410.76115485,33.074536327371675,-91.16808560187496,TTT_04272026_509
LM_09_LPM_20260424_CS_5144_5062,29,1410.76115485,33.074536327371675,-91.16808560187496,TTT_04272026_509
LM_09_LPM_20260424_CS_5144_5062,30,1443.5695538,32.95578354367338,-91.13076205571342,TTT_04272026_509
LM_09_LPM_20260424_CS_5144_5062,31,1443.5695538,32.95578354367338,-91.13076205571342,TTT_04272026_509
LM_09_LPM_20260424_CS_5144_5062,32,1443.5695538,32.955350790767156,-91.13859632959154,TTT_04272026_509
LM_09_LPM_20260424_CS_5144_5062,33,1476.37795275,32.95560128688814,-91.1369608291988,TTT_04272026_509
LM_09_LPM_20260424_CS_5144_5062,34,1509.1863517000002,32.955350790767156,-91.13859632959154,TTT_04272026_509
LM_09_LPM_20260424_CS_5144_5062,35,1509.1863517000002,32.955350790767156,-91.13859632959154,TTT_04272026_509
LM_09_LPM_20260424_CS_5144_5062,36,1574.8031496,32.955350790767156,-91.13859632959154,TTT_04272026_509
LM_09_LPM_20260425_CS_5060_5002,-5,0.0,33.03270929554104,-91.14643473997464,TTT_04272026_509
LM_09_LPM_20260425_CS_5060_5002,-4,0.0,33.03270929554104,-91.14643473997464,TTT_04272026_509
LM_09_LPM_20260425_CS_5060_5002,-3,0.0,33.03270929554104,-91.14643473997464,TTT_04272026_509
LM_09_LPM_20260425_CS_5060_5002,-2,0.0,33.03270929554104,-91.14643473997464,TTT_04272026_509
LM_09_LPM_20260425_CS_5060_5002,-1,0.0,33.117924666553236,-91.1100215339468,TTT_04272026_509
LM_09_LPM_20260425_CS_5060_5002,0,0.0,33.13250419134986,-91.09272064298538,TTT_04272026_509
LM_09_LPM_20260425_CS_5060_5002,1,0.0,33.13250419134986,-91.09272064298538,TTT_04272026_509
LM_09_LPM_20260425_CS_5060_5002,2,0.0,33.13250419134986,-91.09272064298538,TTT_04272026_509
LM_09_LPM_20260425_CS_5060_5002,3,820.20997375,33.17325573475638,-91.0794178422447,TTT_04272026_509
LM_09_LPM_20260425_CS_5060_5002,4,918.6351706,33.17325573475638,-91.0794178422447,TTT_04272026_509
LM_09_LPM_20260425_CS_5060_5002,5,984.2519685,33.074536327371675,-91.16808560187496,TTT_04272026_509
LM_09_LPM_20260425_CS_5060_5002,6,1017.06036745,33.17325573475638,-91.0794178422447,TTT_04272026_509
LM_09_LPM_20260425_CS_5060_5002,7,1049.8687664,32.955375070820324,-91.14022606461971,TTT_04272026_509
LM_09_LPM_20260425_CS_5060_5002,8,1049.8687664,32.955375070820324,-91.14022606461971,TTT_04272026_509
LM_09_LPM_20260425_CS_5060_5002,9,1049.8687664,32.955375070820324,-91.14022606461971,TTT_04272026_509
LM_09_LPM_20260425_CS_5060_5002,10,1148.2939632500002,32.95582741694364,-91.13369558137865,TTT_04272026_509
LM_09_LPM_20260425_CS_5060_5002,11,1148.2939632500002,32.95582741694364,-91.13369558137865,TTT_04272026_509
LM_09_LPM_20260425_CS_5060_5002,12,1148.2939632500002,32.95582741694364,-91.13369558137865,TTT_04272026_509
LM_09_LPM_20260425_CS_5060_5002,13,1148.2939632500002,32.95582741694364,-91.13369558137865,TTT_04272026_509
LM_09_LPM_20260425_CS_5060_5002,14,1148.2939632500002,32.95582741694364,-91.13369558137865,TTT_04272026_509
LM_09_LPM_20260425_CS_5060_5002,15,1148.2939632500002,32.95582741694364,-91.13369558137865,TTT_04272026_509
LM_09_LPM_20260425_CS_5060_5002,16,1148.2939632500002,32.95560128688814,-91.1369608291988,TTT_04272026_509
LM_09_LPM_20260425_CS_5060_5002,17,1246.7191601,32.95580305140229,-91.1320658441122,TTT_04272026_509
LM_09_LPM_20260425_CS_5060_5002,18,1246.7191601,32.95580305140229,-91.1320658441122,TTT_04272026_509
LM_09_LPM_20260425_CS_5060_5002,19,1246.7191601,32.95580305140229,-91.1320658441122,TTT_04272026_509
LM_09_LPM_20260425_CS_5060_5002,20,1279.52755905,33.074536327371675,-91.16808560187496,TTT_04272026_509
LM_09_LPM_20260425_CS_5060_5002,21,1312.335958,33.074536327371675,-91.16808560187496,TTT_04272026_509
LM_09_LPM_20260425_CS_5060_5002,22,1312.335958,33.074536327371675,-91.16808560187496,TTT_04272026_509
LM_09_LPM_20260425_CS_5060_5002,23,1345.14435695,32.95580305140229,-91.1320658441122,TTT_04272026_509
LM_09_LPM_20260425_CS_5060_5002,24,1345.14435695,32.955350790767156,-91.13859632959154,TTT_04272026_509
LM_09_LPM_20260425_CS_5060_5002,25,1345.14435695,32.955350790767156,-91.13859632959154,TTT_04272026_509
LM_09_LPM_20260425_CS_5060_5002,26,1377.9527559,33.073427542933565,-91.16745561599174,TTT_04272026_509
LM_09_LPM_20260425_CS_5060_5002,27,1377.9527559,33.073427542933565,-91.16745561599174,TTT_04272026_509
LM_09_LPM_20260425_CS_5060_5002,28,1410.76115485,33.074536327371675,-91.16808560187496,TTT_04272026_509
LM_09_LPM_20260425_CS_5060_5002,29,1410.76115485,33.074536327371675,-91.16808560187496,TTT_04272026_509
LM_09_LPM_20260425_CS_5060_5002,30,1443.5695538,32.95578354367338,-91.13076205571342,TTT_04272026_509
LM_09_LPM_20260425_CS_5060_5002,31,1443.5695538,32.95578354367338,-91.13076205571342,TTT_04272026_509
LM_09_LPM_20260425_CS_5060_5002,32,1443.5695538,32.955350790767156,-91.13859632959154,TTT_04272026_509
LM_09_LPM_20260425_CS_5060_5002,33,1476.37795275,32.95560128688814,-91.1369608291988,TTT_04272026_509
LM_09_LPM_20260425_CS_5060_5002,34,1509.1863517000002,32.955350790767156,-91.13859632959154,TTT_04272026_509
LM_09_LPM_20260425_CS_5060_5002,35,1509.1863517000002,32.955350790767156,-91.13859632959154,TTT_04272026_509
LM_09_LPM_20260425_CS_5060_5002,36,1574.8031496,32.955350790767156,-91.13859632959154,TTT_04272026_509
LM_09_LPM_20260426_CS_5000_4990,-5,0.0,33.03270929554104,-91.14643473997464,TTT_04272026_509
LM_09_LPM_20260426_CS_5000_4990,-4,0.0,33.03270929554104,-91.14643473997464,TTT_04272026_509
LM_09_LPM_20260426_CS_5000_4990,-3,0.0,33.03270929554104,-91.14643473997464,TTT_04272026_509
LM_09_LPM_20260426_CS_5000_4990,-2,0.0,33.03270929554104,-91.14643473997464,TTT_04272026_509
LM_09_LPM_20260426_CS_5000_4990,-1,0.0,33.117924666553236,-91.1100215339468,TTT_04272026_509
LM_09_LPM_20260426_CS_5000_4990,0,0.0,33.13250419134986,-91.09272064298538,TTT_04272026_509
LM_09_LPM_20260426_CS_5000_4990,1,0.0,33.13250419134986,-91.09272064298538,TTT_04272026_509
LM_09_LPM_20260426_CS_5000_4990,2,0.0,33.13250419134986,-91.09272064298538,TTT_04272026_509
LM_09_LPM_20260426_CS_5000_4990,3,820.20997375,33.17325573475638,-91.0794178422447,TTT_04272026_509
LM_09_LPM_20260426_CS_5000_4990,4,918.6351706,33.17325573475638,-91.0794178422447,TTT_04272026_509
LM_09_LPM_20260426_CS_5000_4990,5,984.2519685,33.074536327371675,-91.16808560187496,TTT_04272026_509
LM_09_LPM_20260426_CS_5000_4990,6,1017.06036745,33.17325573475638,-91.0794178422447,TTT_04272026_509
LM_09_LPM_20260426_CS_5000_4990,7,1049.8687664,32.955375070820324,-91.14022606461971,TTT_04272026_509
LM_09_LPM_20260426_CS_5000_4990,8,1049.8687664,32.955375070820324,-91.14022606461971,TTT_04272026_509
LM_09_LPM_20260426_CS_5000_4990,9,1049.8687664,32.955375070820324,-91.14022606461971,TTT_04272026_509
LM_09_LPM_20260426_CS_5000_4990,10,1148.2939632500002,32.95582741694364,-91.13369558137865,TTT_04272026_509
LM_09_LPM_20260426_CS_5000_4990,11,1148.2939632500002,32.95582741694364,-91.13369558137865,TTT_04272026_509
LM_09_LPM_20260426_CS_5000_4990,12,1148.2939632500002,32.95582741694364,-91.13369558137865,TTT_04272026_509
LM_09_LPM_20260426_CS_5000_4990,13,1148.2939632500002,32.95582741694364,-91.13369558137865,TTT_04272026_509
LM_09_LPM_20260426_CS_5000_4990,14,1148.2939632500002,32.95582741694364,-91.13369558137865,TTT_04272026_509
LM_09_LPM_20260426_CS_5000_4990,15,1148.2939632500002,32.95582741694364,-91.13369558137865,TTT_04272026_509
LM_09_LPM_20260426_CS_5000_4990,16,1148.2939632500002,32.95560128688814,-91.1369608291988,TTT_04272026_509
LM_09_LPM_20260426_CS_5000_4990,17,1246.7191601,32.95580305140229,-91.1320658441122,TTT_04272026_509
LM_09_LPM_20260426_CS_5000_4990,18,1246.7191601,32.95580305140229,-91.1320658441122,TTT_04272026_509
LM_09_LPM_20260426_CS_5000_4990,19,1246.7191601,32.95580305140229,-91.1320658441122,TTT_04272026_509
LM_09_LPM_20260426_CS_5000_4990,20,1279.52755905,33.074536327371675,-91.16808560187496,TTT_04272026_509
LM_09_LPM_20260426_CS_5000_4990,21,1312.335958,33.074536327371675,-91.16808560187496,TTT_04272026_509
LM_09_LPM_20260426_CS_5000_4990,22,1312.335958,33.074536327371675,-91.16808560187496,TTT_04272026_509
LM_09_LPM_20260426_CS_5000_4990,23,1345.14435695,32.95580305140229,-91.1320658441122,TTT_04272026_509
LM_09_LPM_20260426_CS_5000_4990,24,1345.14435695,32.955350790767156,-91.13859632959154,TTT_04272026_509
LM_09_LPM_20260426_CS_5000_4990,25,1345.14435695,32.955350790767156,-91.13859632959154,TTT_04272026_509
LM_09_LPM_20260426_CS_5000_4990,26,1377.9527559,33.073427542933565,-91.16745561599174,TTT_04272026_509
LM_09_LPM_20260426_CS_5000_4990,27,1377.9527559,33.073427542933565,-91.16745561599174,TTT_04272026_509
LM_09_LPM_20260426_CS_5000_4990,28,1410.76115485,33.074536327371675,-91.16808560187496,TTT_04272026_509
LM_09_LPM_20260426_CS_5000_4990,29,1410.76115485,33.074536327371675,-91.16808560187496,TTT_04272026_509
LM_09_LPM_20260426_CS_5000_4990,30,1443.5695538,32.95578354367338,-91.13076205571342,TTT_04272026_509
LM_09_LPM_20260426_CS_5000_4990,31,1443.5695538,32.95578354367338,-91.13076205571342,TTT_04272026_509
LM_09_LPM_20260426_CS_5000_4990,32,1443.5695538,32.955350790767156,-91.13859632959154,TTT_04272026_509
LM_09_LPM_20260426_CS_5000_4990,33,1476.37795275,32.95560128688814,-91.1369608291988,TTT_04272026_509
LM_09_LPM_20260426_CS_5000_4990,34,1509.1863517000002,32.955350790767156,-91.13859632959154,TTT_04272026_509
LM_09_LPM_20260426_CS_5000_4990,35,1509.1863517000002,32.955350790767156,-91.13859632959154,TTT_04272026_509
LM_09_LPM_20260426_CS_5000_4990,36,1574.8031496,32.955350790767156,-91.13859632959154,TTT_04272026_509
LM_09_LPM_20260427_CS_4988_4958,-5,0.0,33.03270929554104,-91.14643473997464,TTT_04272026_509
LM_09_LPM_20260427_CS_4988_4958,-4,0.0,33.03270929554104,-91.14643473997464,TTT_04272026_509
LM_09_LPM_20260427_CS_4988_4958,-3,0.0,33.03270929554104,-91.14643473997464,TTT_04272026_509
LM_09_LPM_20260427_CS_4988_4958,-2,0.0,33.03270929554104,-91.14643473997464,TTT_04272026_509
LM_09_LPM_20260427_CS_4988_4958,-1,0.0,33.117924666553236,-91.1100215339468,TTT_04272026_509
LM_09_LPM_20260427_CS_4988_4958,0,0.0,33.13250419134986,-91.09272064298538,TTT_04272026_509
LM_09_LPM_20260427_CS_4988_4958,1,0.0,33.13250419134986,-91.09272064298538,TTT_04272026_509
LM_09_LPM_20260427_CS_4988_4958,2,0.0,33.13250419134986,-91.09272064298538,TTT_04272026_509
LM_09_LPM_20260427_CS_4988_4958,3,820.20997375,33.17325573475638,-91.0794178422447,TTT_04272026_509
LM_09_LPM_20260427_CS_4988_4958,4,918.6351706,33.17325573475638,-91.0794178422447,TTT_04272026_509
LM_09_LPM_20260427_CS_4988_4958,5,984.2519685,33.074536327371675,-91.16808560187496,TTT_04272026_509
LM_09_LPM_20260427_CS_4988_4958,6,1017.06036745,33.17325573475638,-91.0794178422447,TTT_04272026_509
LM_09_LPM_20260427_CS_4988_4958,7,1049.8687664,32.955375070820324,-91.14022606461971,TTT_04272026_509
LM_09_LPM_20260427_CS_4988_4958,8,1049.8687664,32.955375070820324,-91.14022606461971,TTT_04272026_509
LM_09_LPM_20260427_CS_4988_4958,9,1049.8687664,32.955375070820324,-91.14022606461971,TTT_04272026_509
LM_09_LPM_20260427_CS_4988_4958,10,1148.2939632500002,32.95582741694364,-91.13369558137865,TTT_04272026_509
LM_09_LPM_20260427_CS_4988_4958,11,1148.2939632500002,32.95582741694364,-91.13369558137865,TTT_04272026_509
LM_09_LPM_20260427_CS_4988_4958,12,1148.2939632500002,32.95582741694364,-91.13369558137865,TTT_04272026_509
LM_09_LPM_20260427_CS_4988_4958,13,1148.2939632500002,32.95582741694364,-91.13369558137865,TTT_04272026_509
LM_09_LPM_20260427_CS_4988_4958,14,1148.2939632500002,32.95582741694364,-91.13369558137865,TTT_04272026_509
LM_09_LPM_20260427_CS_4988_4958,15,1148.2939632500002,32.95582741694364,-91.13369558137865,TTT_04272026_509
LM_09_LPM_20260427_CS_4988_4958,16,1148.2939632500002,32.95560128688814,-91.1369608291988,TTT_04272026_509
LM_09_LPM_20260427_CS_4988_4958,17,1246.7191601,32.95580305140229,-91.1320658441122,TTT_04272026_509
LM_09_LPM_20260427_CS_4988_4958,18,1246.7191601,32.95580305140229,-91.1320658441122,TTT_04272026_509
LM_09_LPM_20260427_CS_4988_4958,19,1246.7191601,32.95580305140229,-91.1320658441122,TTT_04272026_509
LM_09_LPM_20260427_CS_4988_4958,20,1279.52755905,33.074536327371675,-91.16808560187496,TTT_04272026_509
LM_09_LPM_20260427_CS_4988_4958,21,1312.335958,33.074536327371675,-91.16808560187496,TTT_04272026_509
LM_09_LPM_20260427_CS_4988_4958,22,1312.335958,33.074536327371675,-91.16808560187496,TTT_04272026_509
LM_09_LPM_20260427_CS_4988_4958,23,1345.14435695,32.95580305140229,-91.1320658441122,TTT_04272026_509
LM_09_LPM_20260427_CS_4988_4958,24,1345.14435695,32.955350790767156,-91.13859632959154,TTT_04272026_509
LM_09_LPM_20260427_CS_4988_4958,25,1345.14435695,32.955350790767156,-91.13859632959154,TTT_04272026_509
LM_09_LPM_20260427_CS_4988_4958,26,1377.9527559,33.073427542933565,-91.16745561599174,TTT_04272026_509
LM_09_LPM_20260427_CS_4988_4958,27,1377.9527559,33.073427542933565,-91.16745561599174,TTT_04272026_509
LM_09_LPM_20260427_CS_4988_4958,28,1410.76115485,33.074536327371675,-91.16808560187496,TTT_04272026_509
LM_09_LPM_20260427_CS_4988_4958,29,1410.76115485,33.074536327371675,-91.16808560187496,TTT_04272026_509
LM_09_LPM_20260427_CS_4988_4958,30,1443.5695538,32.95578354367338,-91.13076205571342,TTT_04272026_509
LM_09_LPM_20260427_CS_4988_4958,31,1443.5695538,32.95578354367338,-91.13076205571342,TTT_04272026_509
LM_09_LPM_20260427_CS_4988_4958,32,1443.5695538,32.955350790767156,-91.13859632959154,TTT_04272026_509
LM_09_LPM_20260427_CS_4988_4958,33,1476.37795275,32.95560128688814,-91.1369608291988,TTT_04272026_509
LM_09_LPM_20260427_CS_4988_4958,34,1509.1863517000002,32.955350790767156,-91.13859632959154,TTT_04272026_509
LM_09_LPM_20260427_CS_4988_4958,35,1509.1863517000002,32.955350790767156,-91.13859632959154,TTT_04272026_509
LM_09_LPM_20260427_CS_4988_4958,36,1574.8031496,32.955350790767156,-91.13859632959154,TTT_04272026_509
LM_08_MVF_20260504_CS_4958_4882,-5,0.0,32.737075347922755,-91.14960872948782,UUU_05072026_488
LM_08_MVF_20260504_CS_4958_4882,-4,0.0,32.737075347922755,-91.14960872948782,UUU_05072026_488
LM_08_MVF_20260504_CS_4958_4882,-3,0.0,32.737075347922755,-91.14960872948782,UUU_05072026_488
LM_08_MVF_20260504_CS_4958_4882,-2,0.0,32.74206987824924,-91.15275817221904,UUU_05072026_488
LM_08_MVF_20260504_CS_4958_4882,-1,0.0,32.74206987824924,-91.15275817221904,UUU_05072026_488
LM_08_MVF_20260504_CS_4958_4882,0,0.0,32.74206987824924,-91.15275817221904,UUU_05072026_488
LM_08_MVF_20260504_CS_4958_4882,1,0.0,32.74206987824924,-91.15275817221904,UUU_05072026_488
LM_08_MVF_20260504_CS_4958_4882,2,0.0,32.748158788353166,-91.15556011049931,UUU_05072026_488
LM_08_MVF_20260504_CS_4958_4882,3,0.0,32.77180672088252,-91.15604850345352,UUU_05072026_488
LM_08_MVF_20260504_CS_4958_4882,4,0.0,32.77180672088252,-91.15604850345352,UUU_05072026_488
LM_08_MVF_20260504_CS_4958_4882,5,0.0,32.774559593921296,-91.15631710587151,UUU_05072026_488
LM_08_MVF_20260504_CS_4958_4882,6,65.61679790000001,32.784452688230466,-91.15611300561797,UUU_05072026_488
LM_08_MVF_20260504_CS_4958_4882,7,393.7007874,32.747054764660575,-91.15525757855288,UUU_05072026_488
LM_08_MVF_20260504_CS_4958_4882,8,918.6351706,32.73068664232512,-91.12664965786105,UUU_05072026_488
LM_08_MVF_20260504_CS_4958_4882,9,918.6351706,32.73068664232512,-91.12664965786105,UUU_05072026_488
LM_08_MVF_20260504_CS_4958_4882,10,951.44356955,32.731187613441385,-91.1233869002308,UUU_05072026_488
LM_08_MVF_20260504_CS_4958_4882,11,951.44356955,32.730932274341015,-91.1246931582541,UUU_05072026_488
LM_08_MVF_20260504_CS_4958_4882,12,951.44356955,32.730932274341015,-91.1246931582541,UUU_05072026_488
LM_08_MVF_20260504_CS_4958_4882,13,1049.8687664,32.73166410417419,-91.11849847777515,UUU_05072026_488
LM_08_MVF_20260504_CS_4958_4882,14,1049.8687664,32.73166410417419,-91.11849847777515,UUU_05072026_488
LM_08_MVF_20260504_CS_4958_4882,15,1049.8687664,32.73046039079154,-91.12990664383739,UUU_05072026_488
LM_08_MVF_20260504_CS_4958_4882,16,1082.67716535,32.730706074182464,-91.12795015556726,UUU_05072026_488
LM_08_MVF_20260504_CS_4958_4882,17,1082.67716535,32.730706074182464,-91.12795015556726,UUU_05072026_488
LM_08_MVF_20260504_CS_4958_4882,18,1148.2939632500002,32.73166410417419,-91.11849847777515,UUU_05072026_488
LM_08_MVF_20260504_CS_4958_4882,19,1181.1023622,32.730706074182464,-91.12795015556726,UUU_05072026_488
LM_08_MVF_20260504_CS_4958_4882,20,1181.1023622,32.730706074182464,-91.12795015556726,UUU_05072026_488
LM_08_MVF_20260504_CS_4958_4882,21,1279.52755905,32.730706074182464,-91.12795015556726,UUU_05072026_488
LM_08_MVF_20260504_CS_4958_4882,22,1279.52755905,32.730706074182464,-91.12795015556726,UUU_05072026_488
LM_08_MVF_20260504_CS_4958_4882,23,1345.14435695,32.73115838921923,-91.12143614875447,UUU_05072026_488
LM_08_MVF_20260504_CS_4958_4882,24,1345.14435695,32.731187613441385,-91.1233869002308,UUU_05072026_488
LM_08_MVF_20260504_CS_4958_4882,25,1345.14435695,32.731187613441385,-91.1233869002308,UUU_05072026_488
LM_08_MVF_20260504_CS_4958_4882,26,1443.5695538,32.73115838921923,-91.12143614875447,UUU_05072026_488
LM_08_MVF_20260504_CS_4958_4882,27,1476.37795275,32.731187613441385,-91.1233869002308,UUU_05072026_488
LM_08_MVF_20260504_CS_4958_4882,28,1574.8031496,32.731187613441385,-91.1233869002308,UUU_05072026_488
LM_08_MVF_20260504_CS_4958_4882,29,1673.22834645,32.73115838921923,-91.12143614875447,UUU_05072026_488
LM_08_MVF_20260504_CS_4958_4882,30,1771.6535433,32.73115838921923,-91.12143614875447,UUU_05072026_488
LM_08_MVF_20260504_CS_4958_4882,31,1870.07874015,32.73115838921923,-91.12143614875447,UUU_05072026_488
LM_08_MVF_20260504_CS_4958_4882,32,1968.503937,32.73115838921923,-91.12143614875447,UUU_05072026_488
LM_08_MVF_20260504_CS_4958_4882,33,2034.1207349,32.84375241114382,-91.13241837502392,UUU_05072026_488
LM_08_MVF_20260504_CS_4958_4882,34,2034.1207349,32.84483217168623,-91.1310931837914,UUU_05072026_488
LM_08_MVF_20260504_CS_4958_4882,35,2066.92913385,32.84483217168623,-91.1310931837914,UUU_05072026_488
LM_08_MVF_20260504_CS_4958_4882,36,2165.3543307,32.84483217168623,-91.1310931837914,UUU_05072026_488
LM_08_MVF_20260505_CS_4910_4840,-5,0.0,32.737075347922755,-91.14960872948782,UUU_05072026_488
LM_08_MVF_20260505_CS_4910_4840,-4,0.0,32.737075347922755,-91.14960872948782,UUU_05072026_488
LM_08_MVF_20260505_CS_4910_4840,-3,0.0,32.737075347922755,-91.14960872948782,UUU_05072026_488
LM_08_MVF_20260505_CS_4910_4840,-2,0.0,32.74206987824924,-91.15275817221904,UUU_05072026_488
LM_08_MVF_20260505_CS_4910_4840,-1,0.0,32.74206987824924,-91.15275817221904,UUU_05072026_488
LM_08_MVF_20260505_CS_4910_4840,0,0.0,32.74206987824924,-91.15275817221904,UUU_05072026_488
LM_08_MVF_20260505_CS_4910_4840,1,0.0,32.74206987824924,-91.15275817221904,UUU_05072026_488
LM_08_MVF_20260505_CS_4910_4840,2,0.0,32.748158788353166,-91.15556011049931,UUU_05072026_488
LM_08_MVF_20260505_CS_4910_4840,3,0.0,32.77180672088252,-91.15604850345352,UUU_05072026_488
LM_08_MVF_20260505_CS_4910_4840,4,0.0,32.77180672088252,-91.15604850345352,UUU_05072026_488
LM_08_MVF_20260505_CS_4910_4840,5,0.0,32.774559593921296,-91.15631710587151,UUU_05072026_488
LM_08_MVF_20260505_CS_4910_4840,6,65.61679790000001,32.784452688230466,-91.15611300561797,UUU_05072026_488
LM_08_MVF_20260505_CS_4910_4840,7,393.7007874,32.747054764660575,-91.15525757855288,UUU_05072026_488
LM_08_MVF_20260505_CS_4910_4840,8,918.6351706,32.73068664232512,-91.12664965786105,UUU_05072026_488
LM_08_MVF_20260505_CS_4910_4840,9,918.6351706,32.73068664232512,-91.12664965786105,UUU_05072026_488
LM_08_MVF_20260505_CS_4910_4840,10,951.44356955,32.731187613441385,-91.1233869002308,UUU_05072026_488
LM_08_MVF_20260505_CS_4910_4840,11,951.44356955,32.730932274341015,-91.1246931582541,UUU_05072026_488
LM_08_MVF_20260505_CS_4910_4840,12,951.44356955,32.730932274341015,-91.1246931582541,UUU_05072026_488
LM_08_MVF_20260505_CS_4910_4840,13,1049.8687664,32.73166410417419,-91.11849847777515,UUU_05072026_488
LM_08_MVF_20260505_CS_4910_4840,14,1049.8687664,32.73166410417419,-91.11849847777515,UUU_05072026_488
LM_08_MVF_20260505_CS_4910_4840,15,1049.8687664,32.73046039079154,-91.12990664383739,UUU_05072026_488
LM_08_MVF_20260505_CS_4910_4840,16,1082.67716535,32.730706074182464,-91.12795015556726,UUU_05072026_488
LM_08_MVF_20260505_CS_4910_4840,17,1082.67716535,32.730706074182464,-91.12795015556726,UUU_05072026_488
LM_08_MVF_20260505_CS_4910_4840,18,1148.2939632500002,32.73166410417419,-91.11849847777515,UUU_05072026_488
LM_08_MVF_20260505_CS_4910_4840,19,1181.1023622,32.730706074182464,-91.12795015556726,UUU_05072026_488
LM_08_MVF_20260505_CS_4910_4840,20,1181.1023622,32.730706074182464,-91.12795015556726,UUU_05072026_488
LM_08_MVF_20260505_CS_4910_4840,21,1279.52755905,32.730706074182464,-91.12795015556726,UUU_05072026_488
LM_08_MVF_20260505_CS_4910_4840,22,1279.52755905,32.730706074182464,-91.12795015556726,UUU_05072026_488
LM_08_MVF_20260505_CS_4910_4840,23,1345.14435695,32.73115838921923,-91.12143614875447,UUU_05072026_488
LM_08_MVF_20260505_CS_4910_4840,24,1345.14435695,32.731187613441385,-91.1233869002308,UUU_05072026_488
LM_08_MVF_20260505_CS_4910_4840,25,1345.14435695,32.731187613441385,-91.1233869002308,UUU_05072026_488
LM_08_MVF_20260505_CS_4910_4840,26,1443.5695538,32.73115838921923,-91.12143614875447,UUU_05072026_488
LM_08_MVF_20260505_CS_4910_4840,27,1476.37795275,32.731187613441385,-91.1233869002308,UUU_05072026_488
LM_08_MVF_20260505_CS_4910_4840,28,1574.8031496,32.731187613441385,-91.1233869002308,UUU_05072026_488
LM_08_MVF_20260505_CS_4910_4840,29,1673.22834645,32.73115838921923,-91.12143614875447,UUU_05072026_488
LM_08_MVF_20260505_CS_4910_4840,30,1771.6535433,32.73115838921923,-91.12143614875447,UUU_05072026_488
LM_08_MVF_20260505_CS_4910_4840,31,1870.07874015,32.73115838921923,-91.12143614875447,UUU_05072026_488
LM_08_MVF_20260505_CS_4910_4840,32,1968.503937,32.73115838921923,-91.12143614875447,UUU_05072026_488
LM_08_MVF_20260505_CS_4910_4840,33,2034.1207349,32.84375241114382,-91.13241837502392,UUU_05072026_488
LM_08_MVF_20260505_CS_4910_4840,34,2034.1207349,32.84483217168623,-91.1310931837914,UUU_05072026_488
LM_08_MVF_20260505_CS_4910_4840,35,2066.92913385,32.84483217168623,-91.1310931837914,UUU_05072026_488
LM_08_MVF_20260505_CS_4910_4840,36,2165.3543307,32.84483217168623,-91.1310931837914,UUU_05072026_488
LM_08_MVF_20260506_CS_4874_4808,-5,0.0,32.737075347922755,-91.14960872948782,UUU_05072026_488
LM_08_MVF_20260506_CS_4874_4808,-4,0.0,32.737075347922755,-91.14960872948782,UUU_05072026_488
LM_08_MVF_20260506_CS_4874_4808,-3,0.0,32.737075347922755,-91.14960872948782,UUU_05072026_488
LM_08_MVF_20260506_CS_4874_4808,-2,0.0,32.74206987824924,-91.15275817221904,UUU_05072026_488
LM_08_MVF_20260506_CS_4874_4808,-1,0.0,32.74206987824924,-91.15275817221904,UUU_05072026_488
LM_08_MVF_20260506_CS_4874_4808,0,0.0,32.74206987824924,-91.15275817221904,UUU_05072026_488
LM_08_MVF_20260506_CS_4874_4808,1,0.0,32.74206987824924,-91.15275817221904,UUU_05072026_488
LM_08_MVF_20260506_CS_4874_4808,2,0.0,32.748158788353166,-91.15556011049931,UUU_05072026_488
LM_08_MVF_20260506_CS_4874_4808,3,0.0,32.77180672088252,-91.15604850345352,UUU_05072026_488
LM_08_MVF_20260506_CS_4874_4808,4,0.0,32.77180672088252,-91.15604850345352,UUU_05072026_488
LM_08_MVF_20260506_CS_4874_4808,5,0.0,32.774559593921296,-91.15631710587151,UUU_05072026_488
LM_08_MVF_20260506_CS_4874_4808,6,65.61679790000001,32.784452688230466,-91.15611300561797,UUU_05072026_488
LM_08_MVF_20260506_CS_4874_4808,7,393.7007874,32.747054764660575,-91.15525757855288,UUU_05072026_488
LM_08_MVF_20260506_CS_4874_4808,8,918.6351706,32.73068664232512,-91.12664965786105,UUU_05072026_488
LM_08_MVF_20260506_CS_4874_4808,9,918.6351706,32.73068664232512,-91.12664965786105,UUU_05072026_488
LM_08_MVF_20260506_CS_4874_4808,10,951.44356955,32.731187613441385,-91.1233869002308,UUU_05072026_488
LM_08_MVF_20260506_CS_4874_4808,11,951.44356955,32.730932274341015,-91.1246931582541,UUU_05072026_488
LM_08_MVF_20260506_CS_4874_4808,12,951.44356955,32.730932274341015,-91.1246931582541,UUU_05072026_488
LM_08_MVF_20260506_CS_4874_4808,13,1049.8687664,32.73166410417419,-91.11849847777515,UUU_05072026_488
LM_08_MVF_20260506_CS_4874_4808,14,1049.8687664,32.73166410417419,-91.11849847777515,UUU_05072026_488
LM_08_MVF_20260506_CS_4874_4808,15,1049.8687664,32.73046039079154,-91.12990664383739,UUU_05072026_488
LM_08_MVF_20260506_CS_4874_4808,16,1082.67716535,32.730706074182464,-91.12795015556726,UUU_05072026_488
LM_08_MVF_20260506_CS_4874_4808,17,1082.67716535,32.730706074182464,-91.12795015556726,UUU_05072026_488
LM_08_MVF_20260506_CS_4874_4808,18,1148.2939632500002,32.73166410417419,-91.11849847777515,UUU_05072026_488
LM_08_MVF_20260506_CS_4874_4808,19,1181.1023622,32.730706074182464,-91.12795015556726,UUU_05072026_488
LM_08_MVF_20260506_CS_4874_4808,20,1181.1023622,32.730706074182464,-91.12795015556726,UUU_05072026_488
LM_08_MVF_20260506_CS_4874_4808,21,1279.52755905,32.730706074182464,-91.12795015556726,UUU_05072026_488
LM_08_MVF_20260506_CS_4874_4808,22,1279.52755905,32.730706074182464,-91.12795015556726,UUU_05072026_488
LM_08_MVF_20260506_CS_4874_4808,23,1345.14435695,32.73115838921923,-91.12143614875447,UUU_05072026_488
LM_08_MVF_20260506_CS_4874_4808,24,1345.14435695,32.731187613441385,-91.1233869002308,UUU_05072026_488
LM_08_MVF_20260506_CS_4874_4808,25,1345.14435695,32.731187613441385,-91.1233869002308,UUU_05072026_488
LM_08_MVF_20260506_CS_4874_4808,26,1443.5695538,32.73115838921923,-91.12143614875447,UUU_05072026_488
LM_08_MVF_20260506_CS_4874_4808,27,1476.37795275,32.731187613441385,-91.1233869002308,UUU_05072026_488
LM_08_MVF_20260506_CS_4874_4808,28,1574.8031496,32.731187613441385,-91.1233869002308,UUU_05072026_488
LM_08_MVF_20260506_CS_4874_4808,29,1673.22834645,32.73115838921923,-91.12143614875447,UUU_05072026_488
LM_08_MVF_20260506_CS_4874_4808,30,1771.6535433,32.73115838921923,-91.12143614875447,UUU_05072026_488
LM_08_MVF_20260506_CS_4874_4808,31,1870.07874015,32.73115838921923,-91.12143614875447,UUU_05072026_488
LM_08_MVF_20260506_CS_4874_4808,32,1968.503937,32.73115838921923,-91.12143614875447,UUU_05072026_488
LM_08_MVF_20260506_CS_4874_4808,33,2034.1207349,32.84375241114382,-91.13241837502392,UUU_05072026_488
LM_08_MVF_20260506_CS_4874_4808,34,2034.1207349,32.84483217168623,-91.1310931837914,UUU_05072026_488
LM_08_MVF_20260506_CS_4874_4808,35,2066.92913385,32.84483217168623,-91.1310931837914,UUU_05072026_488
LM_08_MVF_20260506_CS_4874_4808,36,2165.3543307,32.84483217168623,-91.1310931837914,UUU_05072026_488
LM_08_MVF_20260507_CS_4860_4786,-5,0.0,32.737075347922755,-91.14960872948782,UUU_05072026_488
LM_08_MVF_20260507_CS_4860_4786,-4,0.0,32.737075347922755,-91.14960872948782,UUU_05072026_488
LM_08_MVF_20260507_CS_4860_4786,-3,0.0,32.737075347922755,-91.14960872948782,UUU_05072026_488
LM_08_MVF_20260507_CS_4860_4786,-2,0.0,32.74206987824924,-91.15275817221904,UUU_05072026_488
LM_08_MVF_20260507_CS_4860_4786,-1,0.0,32.74206987824924,-91.15275817221904,UUU_05072026_488
LM_08_MVF_20260507_CS_4860_4786,0,0.0,32.74206987824924,-91.15275817221904,UUU_05072026_488
LM_08_MVF_20260507_CS_4860_4786,1,0.0,32.74206987824924,-91.15275817221904,UUU_05072026_488
LM_08_MVF_20260507_CS_4860_4786,2,0.0,32.748158788353166,-91.15556011049931,UUU_05072026_488
LM_08_MVF_20260507_CS_4860_4786,3,0.0,32.77180672088252,-91.15604850345352,UUU_05072026_488
LM_08_MVF_20260507_CS_4860_4786,4,0.0,32.77180672088252,-91.15604850345352,UUU_05072026_488
LM_08_MVF_20260507_CS_4860_4786,5,0.0,32.774559593921296,-91.15631710587151,UUU_05072026_488
LM_08_MVF_20260507_CS_4860_4786,6,65.61679790000001,32.784452688230466,-91.15611300561797,UUU_05072026_488
LM_08_MVF_20260507_CS_4860_4786,7,393.7007874,32.747054764660575,-91.15525757855288,UUU_05072026_488
LM_08_MVF_20260507_CS_4860_4786,8,918.6351706,32.73068664232512,-91.12664965786105,UUU_05072026_488
LM_08_MVF_20260507_CS_4860_4786,9,918.6351706,32.73068664232512,-91.12664965786105,UUU_05072026_488
LM_08_MVF_20260507_CS_4860_4786,10,951.44356955,32.731187613441385,-91.1233869002308,UUU_05072026_488
LM_08_MVF_20260507_CS_4860_4786,11,951.44356955,32.730932274341015,-91.1246931582541,UUU_05072026_488
LM_08_MVF_20260507_CS_4860_4786,12,951.44356955,32.730932274341015,-91.1246931582541,UUU_05072026_488
LM_08_MVF_20260507_CS_4860_4786,13,1049.8687664,32.73166410417419,-91.11849847777515,UUU_05072026_488
LM_08_MVF_20260507_CS_4860_4786,14,1049.8687664,32.73166410417419,-91.11849847777515,UUU_05072026_488
LM_08_MVF_20260507_CS_4860_4786,15,1049.8687664,32.73046039079154,-91.12990664383739,UUU_05072026_488
LM_08_MVF_20260507_CS_4860_4786,16,1082.67716535,32.730706074182464,-91.12795015556726,UUU_05072026_488
LM_08_MVF_20260507_CS_4860_4786,17,1082.67716535,32.730706074182464,-91.12795015556726,UUU_05072026_488
LM_08_MVF_20260507_CS_4860_4786,18,1148.2939632500002,32.73166410417419,-91.11849847777515,UUU_05072026_488
LM_08_MVF_20260507_CS_4860_4786,19,1181.1023622,32.730706074182464,-91.12795015556726,UUU_05072026_488
LM_08_MVF_20260507_CS_4860_4786,20,1181.1023622,32.730706074182464,-91.12795015556726,UUU_05072026_488
LM_08_MVF_20260507_CS_4860_4786,21,1279.52755905,32.730706074182464,-91.12795015556726,UUU_05072026_488
LM_08_MVF_20260507_CS_4860_4786,22,1279.52755905,32.730706074182464,-91.12795015556726,UUU_05072026_488
LM_08_MVF_20260507_CS_4860_4786,23,1345.14435695,32.73115838921923,-91.12143614875447,UUU_05072026_488
LM_08_MVF_20260507_CS_4860_4786,24,1345.14435695,32.731187613441385,-91.1233869002308,UUU_05072026_488
LM_08_MVF_20260507_CS_4860_4786,25,1345.14435695,32.731187613441385,-91.1233869002308,UUU_05072026_488
LM_08_MVF_20260507_CS_4860_4786,26,1443.5695538,32.73115838921923,-91.12143614875447,UUU_05072026_488
LM_08_MVF_20260507_CS_4860_4786,27,1476.37795275,32.731187613441385,-91.1233869002308,UUU_05072026_488
LM_08_MVF_20260507_CS_4860_4786,28,1574.8031496,32.731187613441385,-91.1233869002308,UUU_05072026_488
LM_08_MVF_20260507_CS_4860_4786,29,1673.22834645,32.73115838921923,-91.12143614875447,UUU_05072026_488
LM_08_MVF_20260507_CS_4860_4786,30,1771.6535433,32.73115838921923,-91.12143614875447,UUU_05072026_488
LM_08_MVF_20260507_CS_4860_4786,31,1870.07874015,32.73115838921923,-91.12143614875447,UUU_05072026_488
LM_08_MVF_20260507_CS_4860_4786,32,1968.503937,32.73115838921923,-91.12143614875447,UUU_05072026_488
LM_08_MVF_20260507_CS_4860_4786,33,2034.1207349,32.84375241114382,-91.13241837502392,UUU_05072026_488
LM_08_MVF_20260507_CS_4860_4786,34,2034.1207349,32.84483217168623,-91.1310931837914,UUU_05072026_488
LM_08_MVF_20260507_CS_4860_4786,35,2066.92913385,32.84483217168623,-91.1310931837914,UUU_05072026_488
LM_08_MVF_20260507_CS_4860_4786,36,2165.3543307,32.84483217168623,-91.1310931837914,UUU_05072026_488
LM_07_FMB_20260507_CS_4786_4748,-5,0.0,32.559701023947724,-91.10037928756802,VVV_05112026_465
LM_07_FMB_20260507_CS_4786_4748,-4,0.0,32.559701023947724,-91.10037928756802,VVV_05112026_465
LM_07_FMB_20260507_CS_4786_4748,-3,0.0,32.56137929395497,-91.10229157848539,VVV_05112026_465
LM_07_FMB_20260507_CS_4786_4748,-2,0.0,32.56334213616162,-91.1048471895097,VVV_05112026_465
LM_07_FMB_20260507_CS_4786_4748,-1,0.0,32.56670829091155,-91.10932121959995,VVV_05112026_465
LM_07_FMB_20260507_CS_4786_4748,0,0.0,32.56782705637029,-91.11059628282258,VVV_05112026_465
LM_07_FMB_20260507_CS_4786_4748,1,0.0,32.56867099970305,-91.1118771365219,VVV_05112026_465
LM_07_FMB_20260507_CS_4786_4748,2,0.0,32.56867099970305,-91.1118771365219,VVV_05112026_465
LM_07_FMB_20260507_CS_4786_4748,3,524.9343832000001,32.56782705637029,-91.11059628282258,VVV_05112026_465
LM_07_FMB_20260507_CS_4786_4748,4,688.97637795,32.56867099970305,-91.1118771365219,VVV_05112026_465
LM_07_FMB_20260507_CS_4786_4748,5,820.20997375,32.56867099970305,-91.1118771365219,VVV_05112026_465
LM_07_FMB_20260507_CS_4786_4748,6,951.44356955,32.594399018935064,-91.1412129715666,VVV_05112026_465
LM_07_FMB_20260507_CS_4786_4748,7,951.44356955,32.65954874466713,-91.14116531951656,VVV_05112026_465
LM_07_FMB_20260507_CS_4786_4748,8,1017.06036745,32.70908614180063,-91.05430020433612,VVV_05112026_465
LM_07_FMB_20260507_CS_4786_4748,9,1049.8687664,32.716724835761944,-91.0505574556,VVV_05112026_465
LM_07_FMB_20260507_CS_4786_4748,10,1049.8687664,32.716724835761944,-91.0505574556,VVV_05112026_465
LM_07_FMB_20260507_CS_4786_4748,11,1082.67716535,32.65194530307833,-91.14749658749717,VVV_05112026_465
LM_07_FMB_20260507_CS_4786_4748,12,1082.67716535,32.65194530307833,-91.14749658749717,VVV_05112026_465
LM_07_FMB_20260507_CS_4786_4748,13,1115.4855643,32.65954874466713,-91.14116531951656,VVV_05112026_465
LM_07_FMB_20260507_CS_4786_4748,14,1115.4855643,32.65954874466713,-91.14116531951656,VVV_05112026_465
LM_07_FMB_20260507_CS_4786_4748,15,1181.1023622,32.65629429033578,-91.14415730305713,VVV_05112026_465
LM_07_FMB_20260507_CS_4786_4748,16,1181.1023622,32.65629429033578,-91.14415730305713,VVV_05112026_465
LM_07_FMB_20260507_CS_4786_4748,17,1181.1023622,32.65629429033578,-91.14415730305713,VVV_05112026_465
LM_07_FMB_20260507_CS_4786_4748,18,1246.7191601,32.65194530307833,-91.14749658749717,VVV_05112026_465
LM_07_FMB_20260507_CS_4786_4748,19,1246.7191601,32.70908614180063,-91.05430020433612,VVV_05112026_465
LM_07_FMB_20260507_CS_4786_4748,20,1246.7191601,32.70908614180063,-91.05430020433612,VVV_05112026_465
LM_07_FMB_20260507_CS_4786_4748,21,1279.52755905,32.70908614180063,-91.05430020433612,VVV_05112026_465
LM_07_FMB_20260507_CS_4786_4748,22,1312.335958,32.65194530307833,-91.14749658749717,VVV_05112026_465
LM_07_FMB_20260507_CS_4786_4748,23,1312.335958,32.65194530307833,-91.14749658749717,VVV_05112026_465
LM_07_FMB_20260507_CS_4786_4748,24,1377.9527559,32.70908614180063,-91.05430020433612,VVV_05112026_465
LM_07_FMB_20260507_CS_4786_4748,25,1377.9527559,32.70908614180063,-91.05430020433612,VVV_05112026_465
LM_07_FMB_20260507_CS_4786_4748,26,1410.76115485,32.65194530307833,-91.14749658749717,VVV_05112026_465
LM_07_FMB_20260507_CS_4786_4748,27,1410.76115485,32.65194530307833,-91.14749658749717,VVV_05112026_465
LM_07_FMB_20260507_CS_4786_4748,28,1410.76115485,32.65194530307833,-91.14749658749717,VVV_05112026_465
LM_07_FMB_20260507_CS_4786_4748,29,1443.5695538,32.65194530307833,-91.14749658749717,VVV_05112026_465
LM_07_FMB_20260507_CS_4786_4748,30,1443.5695538,32.65194530307833,-91.14749658749717,VVV_05112026_465
LM_07_FMB_20260507_CS_4786_4748,31,1509.1863517000002,32.65058562428886,-91.14849944149512,VVV_05112026_465
LM_07_FMB_20260507_CS_4786_4748,32,1509.1863517000002,32.65194530307833,-91.14749658749717,VVV_05112026_465
LM_07_FMB_20260507_CS_4786_4748,33,1509.1863517000002,32.65194530307833,-91.14749658749717,VVV_05112026_465
LM_07_FMB_20260507_CS_4786_4748,34,1574.8031496,32.65194530307833,-91.14749658749717,VVV_05112026_465
LM_07_FMB_20260507_CS_4786_4748,35,1574.8031496,32.65194530307833,-91.14749658749717,VVV_05112026_465
LM_07_FMB_20260507_CS_4786_4748,36,1574.8031496,32.65194530307833,-91.14749658749717,VVV_05112026_465
LM_07_FMB_20260508_CS_4746_4688,-5,0.0,32.559701023947724,-91.10037928756802,VVV_05112026_465
LM_07_FMB_20260508_CS_4746_4688,-4,0.0,32.559701023947724,-91.10037928756802,VVV_05112026_465
LM_07_FMB_20260508_CS_4746_4688,-3,0.0,32.56137929395497,-91.10229157848539,VVV_05112026_465
LM_07_FMB_20260508_CS_4746_4688,-2,0.0,32.56334213616162,-91.1048471895097,VVV_05112026_465
LM_07_FMB_20260508_CS_4746_4688,-1,0.0,32.56670829091155,-91.10932121959995,VVV_05112026_465
LM_07_FMB_20260508_CS_4746_4688,0,0.0,32.56782705637029,-91.11059628282258,VVV_05112026_465
LM_07_FMB_20260508_CS_4746_4688,1,0.0,32.56867099970305,-91.1118771365219,VVV_05112026_465
LM_07_FMB_20260508_CS_4746_4688,2,0.0,32.56867099970305,-91.1118771365219,VVV_05112026_465
LM_07_FMB_20260508_CS_4746_4688,3,524.9343832000001,32.56782705637029,-91.11059628282258,VVV_05112026_465
LM_07_FMB_20260508_CS_4746_4688,4,688.97637795,32.56867099970305,-91.1118771365219,VVV_05112026_465
LM_07_FMB_20260508_CS_4746_4688,5,820.20997375,32.56867099970305,-91.1118771365219,VVV_05112026_465
LM_07_FMB_20260508_CS_4746_4688,6,951.44356955,32.594399018935064,-91.1412129715666,VVV_05112026_465
LM_07_FMB_20260508_CS_4746_4688,7,951.44356955,32.65954874466713,-91.14116531951656,VVV_05112026_465
LM_07_FMB_20260508_CS_4746_4688,8,1017.06036745,32.70908614180063,-91.05430020433612,VVV_05112026_465
LM_07_FMB_20260508_CS_4746_4688,9,1049.8687664,32.716724835761944,-91.0505574556,VVV_05112026_465
LM_07_FMB_20260508_CS_4746_4688,10,1049.8687664,32.716724835761944,-91.0505574556,VVV_05112026_465
LM_07_FMB_20260508_CS_4746_4688,11,1082.67716535,32.65194530307833,-91.14749658749717,VVV_05112026_465
LM_07_FMB_20260508_CS_4746_4688,12,1082.67716535,32.65194530307833,-91.14749658749717,VVV_05112026_465
LM_07_FMB_20260508_CS_4746_4688,13,1115.4855643,32.65954874466713,-91.14116531951656,VVV_05112026_465
LM_07_FMB_20260508_CS_4746_4688,14,1115.4855643,32.65954874466713,-91.14116531951656,VVV_05112026_465
LM_07_FMB_20260508_CS_4746_4688,15,1181.1023622,32.65629429033578,-91.14415730305713,VVV_05112026_465
LM_07_FMB_20260508_CS_4746_4688,16,1181.1023622,32.65629429033578,-91.14415730305713,VVV_05112026_465
LM_07_FMB_20260508_CS_4746_4688,17,1181.1023622,32.65629429033578,-91.14415730305713,VVV_05112026_465
LM_07_FMB_20260508_CS_4746_4688,18,1246.7191601,32.65194530307833,-91.14749658749717,VVV_05112026_465
LM_07_FMB_20260508_CS_4746_4688,19,1246.7191601,32.70908614180063,-91.05430020433612,VVV_05112026_465
LM_07_FMB_20260508_CS_4746_4688,20,1246.7191601,32.70908614180063,-91.05430020433612,VVV_05112026_465
LM_07_FMB_20260508_CS_4746_4688,21,1279.52755905,32.70908614180063,-91.05430020433612,VVV_05112026_465
LM_07_FMB_20260508_CS_4746_4688,22,1312.335958,32.65194530307833,-91.14749658749717,VVV_05112026_465
LM_07_FMB_20260508_CS_4746_4688,23,1312.335958,32.65194530307833,-91.14749658749717,VVV_05112026_465
LM_07_FMB_20260508_CS_4746_4688,24,1377.9527559,32.70908614180063,-91.05430020433612,VVV_05112026_465
LM_07_FMB_20260508_CS_4746_4688,25,1377.9527559,32.70908614180063,-91.05430020433612,VVV_05112026_465
LM_07_FMB_20260508_CS_4746_4688,26,1410.76115485,32.65194530307833,-91.14749658749717,VVV_05112026_465
LM_07_FMB_20260508_CS_4746_4688,27,1410.76115485,32.65194530307833,-91.14749658749717,VVV_05112026_465
LM_07_FMB_20260508_CS_4746_4688,28,1410.76115485,32.65194530307833,-91.14749658749717,VVV_05112026_465
LM_07_FMB_20260508_CS_4746_4688,29,1443.5695538,32.65194530307833,-91.14749658749717,VVV_05112026_465
LM_07_FMB_20260508_CS_4746_4688,30,1443.5695538,32.65194530307833,-91.14749658749717,VVV_05112026_465
LM_07_FMB_20260508_CS_4746_4688,31,1509.1863517000002,32.65058562428886,-91.14849944149512,VVV_05112026_465
LM_07_FMB_20260508_CS_4746_4688,32,1509.1863517000002,32.65194530307833,-91.14749658749717,VVV_05112026_465
LM_07_FMB_20260508_CS_4746_4688,33,1509.1863517000002,32.65194530307833,-91.14749658749717,VVV_05112026_465
LM_07_FMB_20260508_CS_4746_4688,34,1574.8031496,32.65194530307833,-91.14749658749717,VVV_05112026_465
LM_07_FMB_20260508_CS_4746_4688,35,1574.8031496,32.65194530307833,-91.14749658749717,VVV_05112026_465
LM_07_FMB_20260508_CS_4746_4688,36,1574.8031496,32.65194530307833,-91.14749658749717,VVV_05112026_465
LM_07_FMB_20260509_CS_4686_4530,-5,0.0,32.559701023947724,-91.10037928756802,VVV_05112026_465
LM_07_FMB_20260509_CS_4686_4530,-4,0.0,32.559701023947724,-91.10037928756802,VVV_05112026_465
LM_07_FMB_20260509_CS_4686_4530,-3,0.0,32.56137929395497,-91.10229157848539,VVV_05112026_465
LM_07_FMB_20260509_CS_4686_4530,-2,0.0,32.56334213616162,-91.1048471895097,VVV_05112026_465
LM_07_FMB_20260509_CS_4686_4530,-1,0.0,32.56670829091155,-91.10932121959995,VVV_05112026_465
LM_07_FMB_20260509_CS_4686_4530,0,0.0,32.56782705637029,-91.11059628282258,VVV_05112026_465
LM_07_FMB_20260509_CS_4686_4530,1,0.0,32.56867099970305,-91.1118771365219,VVV_05112026_465
LM_07_FMB_20260509_CS_4686_4530,2,0.0,32.56867099970305,-91.1118771365219,VVV_05112026_465
LM_07_FMB_20260509_CS_4686_4530,3,524.9343832000001,32.56782705637029,-91.11059628282258,VVV_05112026_465
LM_07_FMB_20260509_CS_4686_4530,4,688.97637795,32.56867099970305,-91.1118771365219,VVV_05112026_465
LM_07_FMB_20260509_CS_4686_4530,5,820.20997375,32.56867099970305,-91.1118771365219,VVV_05112026_465
LM_07_FMB_20260509_CS_4686_4530,6,951.44356955,32.594399018935064,-91.1412129715666,VVV_05112026_465
LM_07_FMB_20260509_CS_4686_4530,7,951.44356955,32.65954874466713,-91.14116531951656,VVV_05112026_465
LM_07_FMB_20260509_CS_4686_4530,8,1017.06036745,32.70908614180063,-91.05430020433612,VVV_05112026_465
LM_07_FMB_20260509_CS_4686_4530,9,1049.8687664,32.716724835761944,-91.0505574556,VVV_05112026_465
LM_07_FMB_20260509_CS_4686_4530,10,1049.8687664,32.716724835761944,-91.0505574556,VVV_05112026_465
LM_07_FMB_20260509_CS_4686_4530,11,1082.67716535,32.65194530307833,-91.14749658749717,VVV_05112026_465
LM_07_FMB_20260509_CS_4686_4530,12,1082.67716535,32.65194530307833,-91.14749658749717,VVV_05112026_465
LM_07_FMB_20260509_CS_4686_4530,13,1115.4855643,32.65954874466713,-91.14116531951656,VVV_05112026_465
LM_07_FMB_20260509_CS_4686_4530,14,1115.4855643,32.65954874466713,-91.14116531951656,VVV_05112026_465
LM_07_FMB_20260509_CS_4686_4530,15,1181.1023622,32.65629429033578,-91.14415730305713,VVV_05112026_465
LM_07_FMB_20260509_CS_4686_4530,16,1181.1023622,32.65629429033578,-91.14415730305713,VVV_05112026_465
LM_07_FMB_20260509_CS_4686_4530,17,1181.1023622,32.65629429033578,-91.14415730305713,VVV_05112026_465
LM_07_FMB_20260509_CS_4686_4530,18,1246.7191601,32.65194530307833,-91.14749658749717,VVV_05112026_465
LM_07_FMB_20260509_CS_4686_4530,19,1246.7191601,32.70908614180063,-91.05430020433612,VVV_05112026_465
LM_07_FMB_20260509_CS_4686_4530,20,1246.7191601,32.70908614180063,-91.05430020433612,VVV_05112026_465
LM_07_FMB_20260509_CS_4686_4530,21,1279.52755905,32.70908614180063,-91.05430020433612,VVV_05112026_465
LM_07_FMB_20260509_CS_4686_4530,22,1312.335958,32.65194530307833,-91.14749658749717,VVV_05112026_465
LM_07_FMB_20260509_CS_4686_4530,23,1312.335958,32.65194530307833,-91.14749658749717,VVV_05112026_465
LM_07_FMB_20260509_CS_4686_4530,24,1377.9527559,32.70908614180063,-91.05430020433612,VVV_05112026_465
LM_07_FMB_20260509_CS_4686_4530,25,1377.9527559,32.70908614180063,-91.05430020433612,VVV_05112026_465
LM_07_FMB_20260509_CS_4686_4530,26,1410.76115485,32.65194530307833,-91.14749658749717,VVV_05112026_465
LM_07_FMB_20260509_CS_4686_4530,27,1410.76115485,32.65194530307833,-91.14749658749717,VVV_05112026_465
LM_07_FMB_20260509_CS_4686_4530,28,1410.76115485,32.65194530307833,-91.14749658749717,VVV_05112026_465
LM_07_FMB_20260509_CS_4686_4530,29,1443.5695538,32.65194530307833,-91.14749658749717,VVV_05112026_465
LM_07_FMB_20260509_CS_4686_4530,30,1443.5695538,32.65194530307833,-91.14749658749717,VVV_05112026_465
LM_07_FMB_20260509_CS_4686_4530,31,1509.1863517000002,32.65058562428886,-91.14849944149512,VVV_05112026_465
LM_07_FMB_20260509_CS_4686_4530,32,1509.1863517000002,32.65194530307833,-91.14749658749717,VVV_05112026_465
LM_07_FMB_20260509_CS_4686_4530,33,1509.1863517000002,32.65194530307833,-91.14749658749717,VVV_05112026_465
LM_07_FMB_20260509_CS_4686_4530,34,1574.8031496,32.65194530307833,-91.14749658749717,VVV_05112026_465
LM_07_FMB_20260509_CS_4686_4530,35,1574.8031496,32.65194530307833,-91.14749658749717,VVV_05112026_465
LM_07_FMB_20260509_CS_4686_4530,36,1574.8031496,32.65194530307833,-91.14749658749717,VVV_05112026_465
LM_07_FMB_20260510_CS_4622_4564,-5,0.0,32.559701023947724,-91.10037928756802,VVV_05112026_465
LM_07_FMB_20260510_CS_4622_4564,-4,0.0,32.559701023947724,-91.10037928756802,VVV_05112026_465
LM_07_FMB_20260510_CS_4622_4564,-3,0.0,32.56137929395497,-91.10229157848539,VVV_05112026_465
LM_07_FMB_20260510_CS_4622_4564,-2,0.0,32.56334213616162,-91.1048471895097,VVV_05112026_465
LM_07_FMB_20260510_CS_4622_4564,-1,0.0,32.56670829091155,-91.10932121959995,VVV_05112026_465
LM_07_FMB_20260510_CS_4622_4564,0,0.0,32.56782705637029,-91.11059628282258,VVV_05112026_465
LM_07_FMB_20260510_CS_4622_4564,1,0.0,32.56867099970305,-91.1118771365219,VVV_05112026_465
LM_07_FMB_20260510_CS_4622_4564,2,0.0,32.56867099970305,-91.1118771365219,VVV_05112026_465
LM_07_FMB_20260510_CS_4622_4564,3,524.9343832000001,32.56782705637029,-91.11059628282258,VVV_05112026_465
LM_07_FMB_20260510_CS_4622_4564,4,688.97637795,32.56867099970305,-91.1118771365219,VVV_05112026_465
LM_07_FMB_20260510_CS_4622_4564,5,820.20997375,32.56867099970305,-91.1118771365219,VVV_05112026_465
LM_07_FMB_20260510_CS_4622_4564,6,951.44356955,32.594399018935064,-91.1412129715666,VVV_05112026_465
LM_07_FMB_20260510_CS_4622_4564,7,951.44356955,32.65954874466713,-91.14116531951656,VVV_05112026_465
LM_07_FMB_20260510_CS_4622_4564,8,1017.06036745,32.70908614180063,-91.05430020433612,VVV_05112026_465
LM_07_FMB_20260510_CS_4622_4564,9,1049.8687664,32.716724835761944,-91.0505574556,VVV_05112026_465
LM_07_FMB_20260510_CS_4622_4564,10,1049.8687664,32.716724835761944,-91.0505574556,VVV_05112026_465
LM_07_FMB_20260510_CS_4622_4564,11,1082.67716535,32.65194530307833,-91.14749658749717,VVV_05112026_465
LM_07_FMB_20260510_CS_4622_4564,12,1082.67716535,32.65194530307833,-91.14749658749717,VVV_05112026_465
LM_07_FMB_20260510_CS_4622_4564,13,1115.4855643,32.65954874466713,-91.14116531951656,VVV_05112026_465
LM_07_FMB_20260510_CS_4622_4564,14,1115.4855643,32.65954874466713,-91.14116531951656,VVV_05112026_465
LM_07_FMB_20260510_CS_4622_4564,15,1181.1023622,32.65629429033578,-91.14415730305713,VVV_05112026_465
LM_07_FMB_20260510_CS_4622_4564,16,1181.1023622,32.65629429033578,-91.14415730305713,VVV_05112026_465
LM_07_FMB_20260510_CS_4622_4564,17,1181.1023622,32.65629429033578,-91.14415730305713,VVV_05112026_465
LM_07_FMB_20260510_CS_4622_4564,18,1246.7191601,32.65194530307833,-91.14749658749717,VVV_05112026_465
LM_07_FMB_20260510_CS_4622_4564,19,1246.7191601,32.70908614180063,-91.05430020433612,VVV_05112026_465
LM_07_FMB_20260510_CS_4622_4564,20,1246.7191601,32.70908614180063,-91.05430020433612,VVV_05112026_465
LM_07_FMB_20260510_CS_4622_4564,21,1279.52755905,32.70908614180063,-91.05430020433612,VVV_05112026_465
LM_07_FMB_20260510_CS_4622_4564,22,1312.335958,32.65194530307833,-91.14749658749717,VVV_05112026_465
LM_07_FMB_20260510_CS_4622_4564,23,1312.335958,32.65194530307833,-91.14749658749717,VVV_05112026_465
LM_07_FMB_20260510_CS_4622_4564,24,1377.9527559,32.70908614180063,-91.05430020433612,VVV_05112026_465
LM_07_FMB_20260510_CS_4622_4564,25,1377.9527559,32.70908614180063,-91.05430020433612,VVV_05112026_465
LM_07_FMB_20260510_CS_4622_4564,26,1410.76115485,32.65194530307833,-91.14749658749717,VVV_05112026_465
LM_07_FMB_20260510_CS_4622_4564,27,1410.76115485,32.65194530307833,-91.14749658749717,VVV_05112026_465
LM_07_FMB_20260510_CS_4622_4564,28,1410.76115485,32.65194530307833,-91.14749658749717,VVV_05112026_465
LM_07_FMB_20260510_CS_4622_4564,29,1443.5695538,32.65194530307833,-91.14749658749717,VVV_05112026_465
LM_07_FMB_20260510_CS_4622_4564,30,1443.5695538,32.65194530307833,-91.14749658749717,VVV_05112026_465
LM_07_FMB_20260510_CS_4622_4564,31,1509.1863517000002,32.65058562428886,-91.14849944149512,VVV_05112026_465
LM_07_FMB_20260510_CS_4622_4564,32,1509.1863517000002,32.65194530307833,-91.14749658749717,VVV_05112026_465
LM_07_FMB_20260510_CS_4622_4564,33,1509.1863517000002,32.65194530307833,-91.14749658749717,VVV_05112026_465
LM_07_FMB_20260510_CS_4622_4564,34,1574.8031496,32.65194530307833,-91.14749658749717,VVV_05112026_465
LM_07_FMB_20260510_CS_4622_4564,35,1574.8031496,32.65194530307833,-91.14749658749717,VVV_05112026_465
LM_07_FMB_20260510_CS_4622_4564,36,1574.8031496,32.65194530307833,-91.14749658749717,VVV_05112026_465
LM_07_FMB_20260511_CS_4562_4530,-5,0.0,32.559701023947724,-91.10037928756802,VVV_05112026_465
LM_07_FMB_20260511_CS_4562_4530,-4,0.0,32.559701023947724,-91.10037928756802,VVV_05112026_465
LM_07_FMB_20260511_CS_4562_4530,-3,0.0,32.56137929395497,-91.10229157848539,VVV_05112026_465
LM_07_FMB_20260511_CS_4562_4530,-2,0.0,32.56334213616162,-91.1048471895097,VVV_05112026_465
LM_07_FMB_20260511_CS_4562_4530,-1,0.0,32.56670829091155,-91.10932121959995,VVV_05112026_465
LM_07_FMB_20260511_CS_4562_4530,0,0.0,32.56782705637029,-91.11059628282258,VVV_05112026_465
LM_07_FMB_20260511_CS_4562_4530,1,0.0,32.56867099970305,-91.1118771365219,VVV_05112026_465
LM_07_FMB_20260511_CS_4562_4530,2,0.0,32.56867099970305,-91.1118771365219,VVV_05112026_465
LM_07_FMB_20260511_CS_4562_4530,3,524.9343832000001,32.56782705637029,-91.11059628282258,VVV_05112026_465
LM_07_FMB_20260511_CS_4562_4530,4,688.97637795,32.56867099970305,-91.1118771365219,VVV_05112026_465
LM_07_FMB_20260511_CS_4562_4530,5,820.20997375,32.56867099970305,-91.1118771365219,VVV_05112026_465
LM_07_FMB_20260511_CS_4562_4530,6,951.44356955,32.594399018935064,-91.1412129715666,VVV_05112026_465
LM_07_FMB_20260511_CS_4562_4530,7,951.44356955,32.65954874466713,-91.14116531951656,VVV_05112026_465
LM_07_FMB_20260511_CS_4562_4530,8,1017.06036745,32.70908614180063,-91.05430020433612,VVV_05112026_465
LM_07_FMB_20260511_CS_4562_4530,9,1049.8687664,32.716724835761944,-91.0505574556,VVV_05112026_465
LM_07_FMB_20260511_CS_4562_4530,10,1049.8687664,32.716724835761944,-91.0505574556,VVV_05112026_465
LM_07_FMB_20260511_CS_4562_4530,11,1082.67716535,32.65194530307833,-91.14749658749717,VVV_05112026_465
LM_07_FMB_20260511_CS_4562_4530,12,1082.67716535,32.65194530307833,-91.14749658749717,VVV_05112026_465
LM_07_FMB_20260511_CS_4562_4530,13,1115.4855643,32.65954874466713,-91.14116531951656,VVV_05112026_465
LM_07_FMB_20260511_CS_4562_4530,14,1115.4855643,32.65954874466713,-91.14116531951656,VVV_05112026_465
LM_07_FMB_20260511_CS_4562_4530,15,1181.1023622,32.65629429033578,-91.14415730305713,VVV_05112026_465
LM_07_FMB_20260511_CS_4562_4530,16,1181.1023622,32.65629429033578,-91.14415730305713,VVV_05112026_465
LM_07_FMB_20260511_CS_4562_4530,17,1181.1023622,32.65629429033578,-91.14415730305713,VVV_05112026_465
LM_07_FMB_20260511_CS_4562_4530,18,1246.7191601,32.65194530307833,-91.14749658749717,VVV_05112026_465
LM_07_FMB_20260511_CS_4562_4530,19,1246.7191601,32.70908614180063,-91.05430020433612,VVV_05112026_465
LM_07_FMB_20260511_CS_4562_4530,20,1246.7191601,32.70908614180063,-91.05430020433612,VVV_05112026_465
LM_07_FMB_20260511_CS_4562_4530,21,1279.52755905,32.70908614180063,-91.05430020433612,VVV_05112026_465
LM_07_FMB_20260511_CS_4562_4530,22,1312.335958,32.65194530307833,-91.14749658749717,VVV_05112026_465
LM_07_FMB_20260511_CS_4562_4530,23,1312.335958,32.65194530307833,-91.14749658749717,VVV_05112026_465
LM_07_FMB_20260511_CS_4562_4530,24,1377.9527559,32.70908614180063,-91.05430020433612,VVV_05112026_465
LM_07_FMB_20260511_CS_4562_4530,25,1377.9527559,32.70908614180063,-91.05430020433612,VVV_05112026_465
LM_07_FMB_20260511_CS_4562_4530,26,1410.76115485,32.65194530307833,-91.14749658749717,VVV_05112026_465
LM_07_FMB_20260511_CS_4562_4530,27,1410.76115485,32.65194530307833,-91.14749658749717,VVV_05112026_465
LM_07_FMB_20260511_CS_4562_4530,28,1410.76115485,32.65194530307833,-91.14749658749717,VVV_05112026_465
LM_07_FMB_20260511_CS_4562_4530,29,1443.5695538,32.65194530307833,-91.14749658749717,VVV_05112026_465
LM_07_FMB_20260511_CS_4562_4530,30,1443.5695538,32.65194530307833,-91.14749658749717,VVV_05112026_465
LM_07_FMB_20260511_CS_4562_4530,31,1509.1863517000002,32.65058562428886,-91.14849944149512,VVV_05112026_465
LM_07_FMB_20260511_CS_4562_4530,32,1509.1863517000002,32.65194530307833,-91.14749658749717,VVV_05112026_465
LM_07_FMB_20260511_CS_4562_4530,33,1509.1863517000002,32.65194530307833,-91.14749658749717,VVV_05112026_465
LM_07_FMB_20260511_CS_4562_4530,34,1574.8031496,32.65194530307833,-91.14749658749717,VVV_05112026_465
LM_07_FMB_20260511_CS_4562_4530,35,1574.8031496,32.65194530307833,-91.14749658749717,VVV_05112026_465
LM_07_FMB_20260511_CS_4562_4530,36,1574.8031496,32.65194530307833,-91.14749658749717,VVV_05112026_465
LM_06_MBV_20260511_CS_4530_4480,-5,0.0,32.42632885708053,-91.00858024439111,WWW_05122026_448
LM_06_MBV_20260511_CS_4530_4480,-4,0.0,32.42690918325836,-91.01051220488573,WWW_05122026_448
LM_06_MBV_20260511_CS_4530_4480,-3,0.0,32.42692965119921,-91.01180823446423,WWW_05122026_448
LM_06_MBV_20260511_CS_4530_4480,-2,0.0,32.42692965119921,-91.01180823446423,WWW_05122026_448
LM_06_MBV_20260511_CS_4530_4480,-1,0.0,32.42692965119921,-91.01180823446423,WWW_05122026_448
LM_06_MBV_20260511_CS_4530_4480,0,0.0,32.42692965119921,-91.01180823446423,WWW_05122026_448
LM_06_MBV_20260511_CS_4530_4480,1,557.74278215,32.426980762770555,-91.01504831415744,WWW_05122026_448
LM_06_MBV_20260511_CS_4530_4480,2,820.20997375,32.42407405487336,-91.00506460558157,WWW_05122026_448
LM_06_MBV_20260511_CS_4530_4480,3,853.0183727000001,32.42407405487336,-91.00506460558157,WWW_05122026_448
LM_06_MBV_20260511_CS_4530_4480,4,918.6351706,32.42407405487336,-91.00506460558157,WWW_05122026_448
LM_06_MBV_20260511_CS_4530_4480,5,1017.06036745,32.396616643517994,-90.98979227918556,WWW_05122026_448
LM_06_MBV_20260511_CS_4530_4480,6,1049.8687664,32.3914264704914,-90.99185124524803,WWW_05122026_448
LM_06_MBV_20260511_CS_4530_4480,7,1049.8687664,32.3914264704914,-90.99185124524803,WWW_05122026_448
LM_06_MBV_20260511_CS_4530_4480,8,1115.4855643,32.396616643517994,-90.98979227918556,WWW_05122026_448
LM_06_MBV_20260511_CS_4530_4480,9,1181.1023622,32.396616643517994,-90.98979227918556,WWW_05122026_448
LM_06_MBV_20260511_CS_4530_4480,10,1213.91076115,32.38651620501032,-90.99422774493397,WWW_05122026_448
LM_06_MBV_20260511_CS_4530_4480,11,1213.91076115,32.38651620501032,-90.99422774493397,WWW_05122026_448
LM_06_MBV_20260511_CS_4530_4480,12,1246.7191601,32.35016015139406,-90.98984922388678,WWW_05122026_448
LM_06_MBV_20260511_CS_4530_4480,13,1246.7191601,32.35016015139406,-90.98984922388678,WWW_05122026_448
LM_06_MBV_20260511_CS_4530_4480,14,1246.7191601,32.35016015139406,-90.98984922388678,WWW_05122026_448
LM_06_MBV_20260511_CS_4530_4480,15,1246.7191601,32.35016015139406,-90.98984922388678,WWW_05122026_448
LM_06_MBV_20260511_CS_4530_4480,16,1246.7191601,32.35016015139406,-90.98984922388678,WWW_05122026_448
LM_06_MBV_20260511_CS_4530_4480,17,1246.7191601,32.35016015139406,-90.98984922388678,WWW_05122026_448
LM_06_MBV_20260511_CS_4530_4480,18,1312.335958,32.35016015139406,-90.98984922388678,WWW_05122026_448
LM_06_MBV_20260511_CS_4530_4480,19,1312.335958,32.35016015139406,-90.98984922388678,WWW_05122026_448
LM_06_MBV_20260511_CS_4530_4480,20,1345.14435695,32.38080721310656,-90.99824137380158,WWW_05122026_448
LM_06_MBV_20260511_CS_4530_4480,21,1377.9527559,32.38651620501032,-90.99422774493397,WWW_05122026_448
LM_06_MBV_20260511_CS_4530_4480,22,1410.76115485,32.35016015139406,-90.98984922388678,WWW_05122026_448
LM_06_MBV_20260511_CS_4530_4480,23,1410.76115485,32.38080721310656,-90.99824137380158,WWW_05122026_448
LM_06_MBV_20260511_CS_4530_4480,24,1410.76115485,32.38080721310656,-90.99824137380158,WWW_05122026_448
LM_06_MBV_20260511_CS_4530_4480,25,1410.76115485,32.38080721310656,-90.99824137380158,WWW_05122026_448
LM_06_MBV_20260511_CS_4530_4480,26,1410.76115485,32.38080721310656,-90.99824137380158,WWW_05122026_448
LM_06_MBV_20260511_CS_4530_4480,27,1410.76115485,32.38080721310656,-90.99824137380158,WWW_05122026_448
LM_06_MBV_20260511_CS_4530_4480,28,1541.99475065,32.35016015139406,-90.98984922388678,WWW_05122026_448
LM_06_MBV_20260511_CS_4530_4480,29,1541.99475065,32.378349440667144,-90.99926741688842,WWW_05122026_448
LM_06_MBV_20260511_CS_4530_4480,30,1541.99475065,32.378349440667144,-90.99926741688842,WWW_05122026_448
LM_06_MBV_20260511_CS_4530_4480,31,1541.99475065,32.378349440667144,-90.99926741688842,WWW_05122026_448
LM_06_MBV_20260511_CS_4530_4480,32,1640.4199475,32.378349440667144,-90.99926741688842,WWW_05122026_448
LM_06_MBV_20260511_CS_4530_4480,33,1640.4199475,32.378349440667144,-90.99926741688842,WWW_05122026_448
LM_06_MBV_20260511_CS_4530_4480,34,1640.4199475,32.378349440667144,-90.99926741688842,WWW_05122026_448
LM_06_MBV_20260511_CS_4530_4480,35,1640.4199475,32.378349440667144,-90.99926741688842,WWW_05122026_448
LM_06_MBV_20260511_CS_4530_4480,36,1738.84514435,32.378349440667144,-90.99926741688842,WWW_05122026_448
LM_06_MBV_20260512_CS_4478_4414,-5,0.0,32.42632885708053,-91.00858024439111,WWW_05122026_448
LM_06_MBV_20260512_CS_4478_4414,-4,0.0,32.42690918325836,-91.01051220488573,WWW_05122026_448
LM_06_MBV_20260512_CS_4478_4414,-3,0.0,32.42692965119921,-91.01180823446423,WWW_05122026_448
LM_06_MBV_20260512_CS_4478_4414,-2,0.0,32.42692965119921,-91.01180823446423,WWW_05122026_448
LM_06_MBV_20260512_CS_4478_4414,-1,0.0,32.42692965119921,-91.01180823446423,WWW_05122026_448
LM_06_MBV_20260512_CS_4478_4414,0,0.0,32.42692965119921,-91.01180823446423,WWW_05122026_448
LM_06_MBV_20260512_CS_4478_4414,1,557.74278215,32.426980762770555,-91.01504831415744,WWW_05122026_448
LM_06_MBV_20260512_CS_4478_4414,2,820.20997375,32.42407405487336,-91.00506460558157,WWW_05122026_448
LM_06_MBV_20260512_CS_4478_4414,3,853.0183727000001,32.42407405487336,-91.00506460558157,WWW_05122026_448
LM_06_MBV_20260512_CS_4478_4414,4,918.6351706,32.42407405487336,-91.00506460558157,WWW_05122026_448
LM_06_MBV_20260512_CS_4478_4414,5,1017.06036745,32.396616643517994,-90.98979227918556,WWW_05122026_448
LM_06_MBV_20260512_CS_4478_4414,6,1049.8687664,32.3914264704914,-90.99185124524803,WWW_05122026_448
LM_06_MBV_20260512_CS_4478_4414,7,1049.8687664,32.3914264704914,-90.99185124524803,WWW_05122026_448
LM_06_MBV_20260512_CS_4478_4414,8,1115.4855643,32.396616643517994,-90.98979227918556,WWW_05122026_448
LM_06_MBV_20260512_CS_4478_4414,9,1181.1023622,32.396616643517994,-90.98979227918556,WWW_05122026_448
LM_06_MBV_20260512_CS_4478_4414,10,1213.91076115,32.38651620501032,-90.99422774493397,WWW_05122026_448
LM_06_MBV_20260512_CS_4478_4414,11,1213.91076115,32.38651620501032,-90.99422774493397,WWW_05122026_448
LM_06_MBV_20260512_CS_4478_4414,12,1246.7191601,32.35016015139406,-90.98984922388678,WWW_05122026_448
LM_06_MBV_20260512_CS_4478_4414,13,1246.7191601,32.35016015139406,-90.98984922388678,WWW_05122026_448
LM_06_MBV_20260512_CS_4478_4414,14,1246.7191601,32.35016015139406,-90.98984922388678,WWW_05122026_448
LM_06_MBV_20260512_CS_4478_4414,15,1246.7191601,32.35016015139406,-90.98984922388678,WWW_05122026_448
LM_06_MBV_20260512_CS_4478_4414,16,1246.7191601,32.35016015139406,-90.98984922388678,WWW_05122026_448
LM_06_MBV_20260512_CS_4478_4414,17,1246.7191601,32.35016015139406,-90.98984922388678,WWW_05122026_448
LM_06_MBV_20260512_CS_4478_4414,18,1312.335958,32.35016015139406,-90.98984922388678,WWW_05122026_448
LM_06_MBV_20260512_CS_4478_4414,19,1312.335958,32.35016015139406,-90.98984922388678,WWW_05122026_448
LM_06_MBV_20260512_CS_4478_4414,20,1345.14435695,32.38080721310656,-90.99824137380158,WWW_05122026_448
LM_06_MBV_20260512_CS_4478_4414,21,1377.9527559,32.38651620501032,-90.99422774493397,WWW_05122026_448
LM_06_MBV_20260512_CS_4478_4414,22,1410.76115485,32.35016015139406,-90.98984922388678,WWW_05122026_448
LM_06_MBV_20260512_CS_4478_4414,23,1410.76115485,32.38080721310656,-90.99824137380158,WWW_05122026_448
LM_06_MBV_20260512_CS_4478_4414,24,1410.76115485,32.38080721310656,-90.99824137380158,WWW_05122026_448
LM_06_MBV_20260512_CS_4478_4414,25,1410.76115485,32.38080721310656,-90.99824137380158,WWW_05122026_448
LM_06_MBV_20260512_CS_4478_4414,26,1410.76115485,32.38080721310656,-90.99824137380158,WWW_05122026_448
LM_06_MBV_20260512_CS_4478_4414,27,1410.76115485,32.38080721310656,-90.99824137380158,WWW_05122026_448
LM_06_MBV_20260512_CS_4478_4414,28,1541.99475065,32.35016015139406,-90.98984922388678,WWW_05122026_448
LM_06_MBV_20260512_CS_4478_4414,29,1541.99475065,32.378349440667144,-90.99926741688842,WWW_05122026_448
LM_06_MBV_20260512_CS_4478_4414,30,1541.99475065,32.378349440667144,-90.99926741688842,WWW_05122026_448
LM_06_MBV_20260512_CS_4478_4414,31,1541.99475065,32.378349440667144,-90.99926741688842,WWW_05122026_448
LM_06_MBV_20260512_CS_4478_4414,32,1640.4199475,32.378349440667144,-90.99926741688842,WWW_05122026_448
LM_06_MBV_20260512_CS_4478_4414,33,1640.4199475,32.378349440667144,-90.99926741688842,WWW_05122026_448
LM_06_MBV_20260512_CS_4478_4414,34,1640.4199475,32.378349440667144,-90.99926741688842,WWW_05122026_448
LM_06_MBV_20260512_CS_4478_4414,35,1640.4199475,32.378349440667144,-90.99926741688842,WWW_05122026_448
LM_06_MBV_20260512_CS_4478_4414,36,1738.84514435,32.378349440667144,-90.99926741688842,WWW_05122026_448
LM_05_VGG_20260515_CS_4404_4324,-5,0.0,32.075289377297075,-91.06324276718972,XXX_05222026_425
LM_05_VGG_20260515_CS_4404_4324,-4,0.0,32.075289377297075,-91.06324276718972,XXX_05222026_425
LM_05_VGG_20260515_CS_4404_4324,-3,0.0,32.075289377297075,-91.06324276718972,XXX_05222026_425
LM_05_VGG_20260515_CS_4404_4324,-2,0.0,32.07640840933531,-91.06451068341842,XXX_05222026_425
LM_05_VGG_20260515_CS_4404_4324,-1,0.0,32.07640840933531,-91.06451068341842,XXX_05222026_425
LM_05_VGG_20260515_CS_4404_4324,0,0.0,32.07752742968579,-91.06577863050408,XXX_05222026_425
LM_05_VGG_20260515_CS_4404_4324,1,0.0,32.078646438346865,-91.06704660844848,XXX_05222026_425
LM_05_VGG_20260515_CS_4404_4324,2,295.27559055,32.078646438346865,-91.06704660844848,XXX_05222026_425
LM_05_VGG_20260515_CS_4404_4324,3,459.3175853,32.07752742968579,-91.06577863050408,XXX_05222026_425
LM_05_VGG_20260515_CS_4404_4324,4,656.1679790000001,32.32994477218386,-90.89724808782161,XXX_05222026_425
LM_05_VGG_20260515_CS_4404_4324,5,754.5931758500001,32.32994477218386,-90.89724808782161,XXX_05222026_425
LM_05_VGG_20260515_CS_4404_4324,6,885.8267716500001,32.32994477218386,-90.89724808782161,XXX_05222026_425
LM_05_VGG_20260515_CS_4404_4324,7,885.8267716500001,32.331043910837295,-90.8972226687822,XXX_05222026_425
LM_05_VGG_20260515_CS_4404_4324,8,951.44356955,32.11445818668522,-91.10828404145637,XXX_05222026_425
LM_05_VGG_20260515_CS_4404_4324,9,951.44356955,32.11445818668522,-91.10828404145637,XXX_05222026_425
LM_05_VGG_20260515_CS_4404_4324,10,951.44356955,32.11445818668522,-91.10828404145637,XXX_05222026_425
LM_05_VGG_20260515_CS_4404_4324,11,951.44356955,32.11445818668522,-91.10828404145637,XXX_05222026_425
LM_05_VGG_20260515_CS_4404_4324,12,951.44356955,32.11445818668522,-91.10828404145637,XXX_05222026_425
LM_05_VGG_20260515_CS_4404_4324,13,951.44356955,32.11445818668522,-91.10828404145637,XXX_05222026_425
LM_05_VGG_20260515_CS_4404_4324,14,951.44356955,32.11445818668522,-91.10828404145637,XXX_05222026_425
LM_05_VGG_20260515_CS_4404_4324,15,951.44356955,32.11445818668522,-91.10828404145637,XXX_05222026_425
LM_05_VGG_20260515_CS_4404_4324,16,951.44356955,32.11445818668522,-91.10828404145637,XXX_05222026_425
LM_05_VGG_20260515_CS_4404_4324,17,1049.8687664,32.11445818668522,-91.10828404145637,XXX_05222026_425
LM_05_VGG_20260515_CS_4404_4324,18,1049.8687664,32.11445818668522,-91.10828404145637,XXX_05222026_425
LM_05_VGG_20260515_CS_4404_4324,19,1049.8687664,32.11445818668522,-91.10828404145637,XXX_05222026_425
LM_05_VGG_20260515_CS_4404_4324,20,1049.8687664,32.11445818668522,-91.10828404145637,XXX_05222026_425
LM_05_VGG_20260515_CS_4404_4324,21,1049.8687664,32.11445818668522,-91.10828404145637,XXX_05222026_425
LM_05_VGG_20260515_CS_4404_4324,22,1049.8687664,32.11445818668522,-91.10828404145637,XXX_05222026_425
LM_05_VGG_20260515_CS_4404_4324,23,1049.8687664,32.11445818668522,-91.10828404145637,XXX_05222026_425
LM_05_VGG_20260515_CS_4404_4324,24,1049.8687664,32.11445818668522,-91.10828404145637,XXX_05222026_425
LM_05_VGG_20260515_CS_4404_4324,25,1246.7191601,32.11584198524713,-91.10890153597249,XXX_05222026_425
LM_05_VGG_20260515_CS_4404_4324,26,1279.52755905,32.11584198524713,-91.10890153597249,XXX_05222026_425
LM_05_VGG_20260515_CS_4404_4324,27,1279.52755905,32.11584198524713,-91.10890153597249,XXX_05222026_425
LM_05_VGG_20260515_CS_4404_4324,28,1279.52755905,32.11584198524713,-91.10890153597249,XXX_05222026_425
LM_05_VGG_20260515_CS_4404_4324,29,1279.52755905,32.11584198524713,-91.10890153597249,XXX_05222026_425
LM_05_VGG_20260515_CS_4404_4324,30,1345.14435695,32.11584198524713,-91.10890153597249,XXX_05222026_425
LM_05_VGG_20260515_CS_4404_4324,31,1345.14435695,32.11584198524713,-91.10890153597249,XXX_05222026_425
LM_05_VGG_20260515_CS_4404_4324,32,1410.76115485,32.11584198524713,-91.10890153597249,XXX_05222026_425
LM_05_VGG_20260515_CS_4404_4324,33,1410.76115485,32.11584198524713,-91.10890153597249,XXX_05222026_425
LM_05_VGG_20260515_CS_4404_4324,34,1410.76115485,32.11584198524713,-91.10890153597249,XXX_05222026_425
LM_05_VGG_20260515_CS_4404_4324,35,1509.1863517000002,32.11584198524713,-91.10890153597249,XXX_05222026_425
LM_05_VGG_20260515_CS_4404_4324,36,2034.1207349,32.124678300571,-91.05703111100809,XXX_05222026_425
LM_05_VGG_20260516_CS_4322_4294,-5,0.0,32.075289377297075,-91.06324276718972,XXX_05222026_425
LM_05_VGG_20260516_CS_4322_4294,-4,0.0,32.075289377297075,-91.06324276718972,XXX_05222026_425
LM_05_VGG_20260516_CS_4322_4294,-3,0.0,32.075289377297075,-91.06324276718972,XXX_05222026_425
LM_05_VGG_20260516_CS_4322_4294,-2,0.0,32.07640840933531,-91.06451068341842,XXX_05222026_425
LM_05_VGG_20260516_CS_4322_4294,-1,0.0,32.07640840933531,-91.06451068341842,XXX_05222026_425
LM_05_VGG_20260516_CS_4322_4294,0,0.0,32.07752742968579,-91.06577863050408,XXX_05222026_425
LM_05_VGG_20260516_CS_4322_4294,1,0.0,32.078646438346865,-91.06704660844848,XXX_05222026_425
LM_05_VGG_20260516_CS_4322_4294,2,295.27559055,32.078646438346865,-91.06704660844848,XXX_05222026_425
LM_05_VGG_20260516_CS_4322_4294,3,459.3175853,32.07752742968579,-91.06577863050408,XXX_05222026_425
LM_05_VGG_20260516_CS_4322_4294,4,656.1679790000001,32.32994477218386,-90.89724808782161,XXX_05222026_425
LM_05_VGG_20260516_CS_4322_4294,5,754.5931758500001,32.32994477218386,-90.89724808782161,XXX_05222026_425
LM_05_VGG_20260516_CS_4322_4294,6,885.8267716500001,32.32994477218386,-90.89724808782161,XXX_05222026_425
LM_05_VGG_20260516_CS_4322_4294,7,885.8267716500001,32.331043910837295,-90.8972226687822,XXX_05222026_425
LM_05_VGG_20260516_CS_4322_4294,8,951.44356955,32.11445818668522,-91.10828404145637,XXX_05222026_425
LM_05_VGG_20260516_CS_4322_4294,9,951.44356955,32.11445818668522,-91.10828404145637,XXX_05222026_425
LM_05_VGG_20260516_CS_4322_4294,10,951.44356955,32.11445818668522,-91.10828404145637,XXX_05222026_425
LM_05_VGG_20260516_CS_4322_4294,11,951.44356955,32.11445818668522,-91.10828404145637,XXX_05222026_425
LM_05_VGG_20260516_CS_4322_4294,12,951.44356955,32.11445818668522,-91.10828404145637,XXX_05222026_425
LM_05_VGG_20260516_CS_4322_4294,13,951.44356955,32.11445818668522,-91.10828404145637,XXX_05222026_425
LM_05_VGG_20260516_CS_4322_4294,14,951.44356955,32.11445818668522,-91.10828404145637,XXX_05222026_425
LM_05_VGG_20260516_CS_4322_4294,15,951.44356955,32.11445818668522,-91.10828404145637,XXX_05222026_425
LM_05_VGG_20260516_CS_4322_4294,16,951.44356955,32.11445818668522,-91.10828404145637,XXX_05222026_425
LM_05_VGG_20260516_CS_4322_4294,17,1049.8687664,32.11445818668522,-91.10828404145637,XXX_05222026_425
LM_05_VGG_20260516_CS_4322_4294,18,1049.8687664,32.11445818668522,-91.10828404145637,XXX_05222026_425
LM_05_VGG_20260516_CS_4322_4294,19,1049.8687664,32.11445818668522,-91.10828404145637,XXX_05222026_425
LM_05_VGG_20260516_CS_4322_4294,20,1049.8687664,32.11445818668522,-91.10828404145637,XXX_05222026_425
LM_05_VGG_20260516_CS_4322_4294,21,1049.8687664,32.11445818668522,-91.10828404145637,XXX_05222026_425
LM_05_VGG_20260516_CS_4322_4294,22,1049.8687664,32.11445818668522,-91.10828404145637,XXX_05222026_425
LM_05_VGG_20260516_CS_4322_4294,23,1049.8687664,32.11445818668522,-91.10828404145637,XXX_05222026_425
LM_05_VGG_20260516_CS_4322_4294,24,1049.8687664,32.11445818668522,-91.10828404145637,XXX_05222026_425
LM_05_VGG_20260516_CS_4322_4294,25,1246.7191601,32.11584198524713,-91.10890153597249,XXX_05222026_425
LM_05_VGG_20260516_CS_4322_4294,26,1279.52755905,32.11584198524713,-91.10890153597249,XXX_05222026_425
LM_05_VGG_20260516_CS_4322_4294,27,1279.52755905,32.11584198524713,-91.10890153597249,XXX_05222026_425
LM_05_VGG_20260516_CS_4322_4294,28,1279.52755905,32.11584198524713,-91.10890153597249,XXX_05222026_425
LM_05_VGG_20260516_CS_4322_4294,29,1279.52755905,32.11584198524713,-91.10890153597249,XXX_05222026_425
LM_05_VGG_20260516_CS_4322_4294,30,1345.14435695,32.11584198524713,-91.10890153597249,XXX_05222026_425
LM_05_VGG_20260516_CS_4322_4294,31,1345.14435695,32.11584198524713,-91.10890153597249,XXX_05222026_425
LM_05_VGG_20260516_CS_4322_4294,32,1410.76115485,32.11584198524713,-91.10890153597249,XXX_05222026_425
LM_05_VGG_20260516_CS_4322_4294,33,1410.76115485,32.11584198524713,-91.10890153597249,XXX_05222026_425
LM_05_VGG_20260516_CS_4322_4294,34,1410.76115485,32.11584198524713,-91.10890153597249,XXX_05222026_425
LM_05_VGG_20260516_CS_4322_4294,35,1509.1863517000002,32.11584198524713,-91.10890153597249,XXX_05222026_425
LM_05_VGG_20260516_CS_4322_4294,36,2034.1207349,32.124678300571,-91.05703111100809,XXX_05222026_425
LM_05_VGG_20260519_CS_4292_4230,-5,0.0,32.075289377297075,-91.06324276718972,XXX_05222026_425
LM_05_VGG_20260519_CS_4292_4230,-4,0.0,32.075289377297075,-91.06324276718972,XXX_05222026_425
LM_05_VGG_20260519_CS_4292_4230,-3,0.0,32.075289377297075,-91.06324276718972,XXX_05222026_425
LM_05_VGG_20260519_CS_4292_4230,-2,0.0,32.07640840933531,-91.06451068341842,XXX_05222026_425
LM_05_VGG_20260519_CS_4292_4230,-1,0.0,32.07640840933531,-91.06451068341842,XXX_05222026_425
LM_05_VGG_20260519_CS_4292_4230,0,0.0,32.07752742968579,-91.06577863050408,XXX_05222026_425
LM_05_VGG_20260519_CS_4292_4230,1,0.0,32.078646438346865,-91.06704660844848,XXX_05222026_425
LM_05_VGG_20260519_CS_4292_4230,2,295.27559055,32.078646438346865,-91.06704660844848,XXX_05222026_425
LM_05_VGG_20260519_CS_4292_4230,3,459.3175853,32.07752742968579,-91.06577863050408,XXX_05222026_425
LM_05_VGG_20260519_CS_4292_4230,4,656.1679790000001,32.32994477218386,-90.89724808782161,XXX_05222026_425
LM_05_VGG_20260519_CS_4292_4230,5,754.5931758500001,32.32994477218386,-90.89724808782161,XXX_05222026_425
LM_05_VGG_20260519_CS_4292_4230,6,885.8267716500001,32.32994477218386,-90.89724808782161,XXX_05222026_425
LM_05_VGG_20260519_CS_4292_4230,7,885.8267716500001,32.331043910837295,-90.8972226687822,XXX_05222026_425
LM_05_VGG_20260519_CS_4292_4230,8,951.44356955,32.11445818668522,-91.10828404145637,XXX_05222026_425
LM_05_VGG_20260519_CS_4292_4230,9,951.44356955,32.11445818668522,-91.10828404145637,XXX_05222026_425
LM_05_VGG_20260519_CS_4292_4230,10,951.44356955,32.11445818668522,-91.10828404145637,XXX_05222026_425
LM_05_VGG_20260519_CS_4292_4230,11,951.44356955,32.11445818668522,-91.10828404145637,XXX_05222026_425
LM_05_VGG_20260519_CS_4292_4230,12,951.44356955,32.11445818668522,-91.10828404145637,XXX_05222026_425
LM_05_VGG_20260519_CS_4292_4230,13,951.44356955,32.11445818668522,-91.10828404145637,XXX_05222026_425
LM_05_VGG_20260519_CS_4292_4230,14,951.44356955,32.11445818668522,-91.10828404145637,XXX_05222026_425
LM_05_VGG_20260519_CS_4292_4230,15,951.44356955,32.11445818668522,-91.10828404145637,XXX_05222026_425
LM_05_VGG_20260519_CS_4292_4230,16,951.44356955,32.11445818668522,-91.10828404145637,XXX_05222026_425
LM_05_VGG_20260519_CS_4292_4230,17,1049.8687664,32.11445818668522,-91.10828404145637,XXX_05222026_425
LM_05_VGG_20260519_CS_4292_4230,18,1049.8687664,32.11445818668522,-91.10828404145637,XXX_05222026_425
LM_05_VGG_20260519_CS_4292_4230,19,1049.8687664,32.11445818668522,-91.10828404145637,XXX_05222026_425
LM_05_VGG_20260519_CS_4292_4230,20,1049.8687664,32.11445818668522,-91.10828404145637,XXX_05222026_425
LM_05_VGG_20260519_CS_4292_4230,21,1049.8687664,32.11445818668522,-91.10828404145637,XXX_05222026_425
LM_05_VGG_20260519_CS_4292_4230,22,1049.8687664,32.11445818668522,-91.10828404145637,XXX_05222026_425
LM_05_VGG_20260519_CS_4292_4230,23,1049.8687664,32.11445818668522,-91.10828404145637,XXX_05222026_425
LM_05_VGG_20260519_CS_4292_4230,24,1049.8687664,32.11445818668522,-91.10828404145637,XXX_05222026_425
LM_05_VGG_20260519_CS_4292_4230,25,1246.7191601,32.11584198524713,-91.10890153597249,XXX_05222026_425
LM_05_VGG_20260519_CS_4292_4230,26,1279.52755905,32.11584198524713,-91.10890153597249,XXX_05222026_425
LM_05_VGG_20260519_CS_4292_4230,27,1279.52755905,32.11584198524713,-91.10890153597249,XXX_05222026_425
LM_05_VGG_20260519_CS_4292_4230,28,1279.52755905,32.11584198524713,-91.10890153597249,XXX_05222026_425
LM_05_VGG_20260519_CS_4292_4230,29,1279.52755905,32.11584198524713,-91.10890153597249,XXX_05222026_425
LM_05_VGG_20260519_CS_4292_4230,30,1345.14435695,32.11584198524713,-91.10890153597249,XXX_05222026_425
LM_05_VGG_20260519_CS_4292_4230,31,1345.14435695,32.11584198524713,-91.10890153597249,XXX_05222026_425
LM_05_VGG_20260519_CS_4292_4230,32,1410.76115485,32.11584198524713,-91.10890153597249,XXX_05222026_425
LM_05_VGG_20260519_CS_4292_4230,33,1410.76115485,32.11584198524713,-91.10890153597249,XXX_05222026_425
LM_05_VGG_20260519_CS_4292_4230,34,1410.76115485,32.11584198524713,-91.10890153597249,XXX_05222026_425
LM_05_VGG_20260519_CS_4292_4230,35,1509.1863517000002,32.11584198524713,-91.10890153597249,XXX_05222026_425
LM_05_VGG_20260519_CS_4292_4230,36,2034.1207349,32.124678300571,-91.05703111100809,XXX_05222026_425
LM_05_VGG_20260520_CS_4228_4160,-5,0.0,32.075289377297075,-91.06324276718972,XXX_05222026_425
LM_05_VGG_20260520_CS_4228_4160,-4,0.0,32.075289377297075,-91.06324276718972,XXX_05222026_425
LM_05_VGG_20260520_CS_4228_4160,-3,0.0,32.075289377297075,-91.06324276718972,XXX_05222026_425
LM_05_VGG_20260520_CS_4228_4160,-2,0.0,32.07640840933531,-91.06451068341842,XXX_05222026_425
LM_05_VGG_20260520_CS_4228_4160,-1,0.0,32.07640840933531,-91.06451068341842,XXX_05222026_425
LM_05_VGG_20260520_CS_4228_4160,0,0.0,32.07752742968579,-91.06577863050408,XXX_05222026_425
LM_05_VGG_20260520_CS_4228_4160,1,0.0,32.078646438346865,-91.06704660844848,XXX_05222026_425
LM_05_VGG_20260520_CS_4228_4160,2,295.27559055,32.078646438346865,-91.06704660844848,XXX_05222026_425
LM_05_VGG_20260520_CS_4228_4160,3,459.3175853,32.07752742968579,-91.06577863050408,XXX_05222026_425
LM_05_VGG_20260520_CS_4228_4160,4,656.1679790000001,32.32994477218386,-90.89724808782161,XXX_05222026_425
LM_05_VGG_20260520_CS_4228_4160,5,754.5931758500001,32.32994477218386,-90.89724808782161,XXX_05222026_425
LM_05_VGG_20260520_CS_4228_4160,6,885.8267716500001,32.32994477218386,-90.89724808782161,XXX_05222026_425
LM_05_VGG_20260520_CS_4228_4160,7,885.8267716500001,32.331043910837295,-90.8972226687822,XXX_05222026_425
LM_05_VGG_20260520_CS_4228_4160,8,951.44356955,32.11445818668522,-91.10828404145637,XXX_05222026_425
LM_05_VGG_20260520_CS_4228_4160,9,951.44356955,32.11445818668522,-91.10828404145637,XXX_05222026_425
LM_05_VGG_20260520_CS_4228_4160,10,951.44356955,32.11445818668522,-91.10828404145637,XXX_05222026_425
LM_05_VGG_20260520_CS_4228_4160,11,951.44356955,32.11445818668522,-91.10828404145637,XXX_05222026_425
LM_05_VGG_20260520_CS_4228_4160,12,951.44356955,32.11445818668522,-91.10828404145637,XXX_05222026_425
LM_05_VGG_20260520_CS_4228_4160,13,951.44356955,32.11445818668522,-91.10828404145637,XXX_05222026_425
LM_05_VGG_20260520_CS_4228_4160,14,951.44356955,32.11445818668522,-91.10828404145637,XXX_05222026_425
LM_05_VGG_20260520_CS_4228_4160,15,951.44356955,32.11445818668522,-91.10828404145637,XXX_05222026_425
LM_05_VGG_20260520_CS_4228_4160,16,951.44356955,32.11445818668522,-91.10828404145637,XXX_05222026_425
LM_05_VGG_20260520_CS_4228_4160,17,1049.8687664,32.11445818668522,-91.10828404145637,XXX_05222026_425
LM_05_VGG_20260520_CS_4228_4160,18,1049.8687664,32.11445818668522,-91.10828404145637,XXX_05222026_425
LM_05_VGG_20260520_CS_4228_4160,19,1049.8687664,32.11445818668522,-91.10828404145637,XXX_05222026_425
LM_05_VGG_20260520_CS_4228_4160,20,1049.8687664,32.11445818668522,-91.10828404145637,XXX_05222026_425
LM_05_VGG_20260520_CS_4228_4160,21,1049.8687664,32.11445818668522,-91.10828404145637,XXX_05222026_425
LM_05_VGG_20260520_CS_4228_4160,22,1049.8687664,32.11445818668522,-91.10828404145637,XXX_05222026_425
LM_05_VGG_20260520_CS_4228_4160,23,1049.8687664,32.11445818668522,-91.10828404145637,XXX_05222026_425
LM_05_VGG_20260520_CS_4228_4160,24,1049.8687664,32.11445818668522,-91.10828404145637,XXX_05222026_425
LM_05_VGG_20260520_CS_4228_4160,25,1246.7191601,32.11584198524713,-91.10890153597249,XXX_05222026_425
LM_05_VGG_20260520_CS_4228_4160,26,1279.52755905,32.11584198524713,-91.10890153597249,XXX_05222026_425
LM_05_VGG_20260520_CS_4228_4160,27,1279.52755905,32.11584198524713,-91.10890153597249,XXX_05222026_425
LM_05_VGG_20260520_CS_4228_4160,28,1279.52755905,32.11584198524713,-91.10890153597249,XXX_05222026_425
LM_05_VGG_20260520_CS_4228_4160,29,1279.52755905,32.11584198524713,-91.10890153597249,XXX_05222026_425
LM_05_VGG_20260520_CS_4228_4160,30,1345.14435695,32.11584198524713,-91.10890153597249,XXX_05222026_425
LM_05_VGG_20260520_CS_4228_4160,31,1345.14435695,32.11584198524713,-91.10890153597249,XXX_05222026_425
LM_05_VGG_20260520_CS_4228_4160,32,1410.76115485,32.11584198524713,-91.10890153597249,XXX_05222026_425
LM_05_VGG_20260520_CS_4228_4160,33,1410.76115485,32.11584198524713,-91.10890153597249,XXX_05222026_425
LM_05_VGG_20260520_CS_4228_4160,34,1410.76115485,32.11584198524713,-91.10890153597249,XXX_05222026_425
LM_05_VGG_20260520_CS_4228_4160,35,1509.1863517000002,32.11584198524713,-91.10890153597249,XXX_05222026_425
LM_05_VGG_20260520_CS_4228_4160,36,2034.1207349,32.124678300571,-91.05703111100809,XXX_05222026_425
LM_05_VGG_20260521_CS_4158_4102,-5,0.0,32.075289377297075,-91.06324276718972,XXX_05222026_425
LM_05_VGG_20260521_CS_4158_4102,-4,0.0,32.075289377297075,-91.06324276718972,XXX_05222026_425
LM_05_VGG_20260521_CS_4158_4102,-3,0.0,32.075289377297075,-91.06324276718972,XXX_05222026_425
LM_05_VGG_20260521_CS_4158_4102,-2,0.0,32.07640840933531,-91.06451068341842,XXX_05222026_425
LM_05_VGG_20260521_CS_4158_4102,-1,0.0,32.07640840933531,-91.06451068341842,XXX_05222026_425
LM_05_VGG_20260521_CS_4158_4102,0,0.0,32.07752742968579,-91.06577863050408,XXX_05222026_425
LM_05_VGG_20260521_CS_4158_4102,1,0.0,32.078646438346865,-91.06704660844848,XXX_05222026_425
LM_05_VGG_20260521_CS_4158_4102,2,295.27559055,32.078646438346865,-91.06704660844848,XXX_05222026_425
LM_05_VGG_20260521_CS_4158_4102,3,459.3175853,32.07752742968579,-91.06577863050408,XXX_05222026_425
LM_05_VGG_20260521_CS_4158_4102,4,656.1679790000001,32.32994477218386,-90.89724808782161,XXX_05222026_425
LM_05_VGG_20260521_CS_4158_4102,5,754.5931758500001,32.32994477218386,-90.89724808782161,XXX_05222026_425
LM_05_VGG_20260521_CS_4158_4102,6,885.8267716500001,32.32994477218386,-90.89724808782161,XXX_05222026_425
LM_05_VGG_20260521_CS_4158_4102,7,885.8267716500001,32.331043910837295,-90.8972226687822,XXX_05222026_425
LM_05_VGG_20260521_CS_4158_4102,8,951.44356955,32.11445818668522,-91.10828404145637,XXX_05222026_425
LM_05_VGG_20260521_CS_4158_4102,9,951.44356955,32.11445818668522,-91.10828404145637,XXX_05222026_425
LM_05_VGG_20260521_CS_4158_4102,10,951.44356955,32.11445818668522,-91.10828404145637,XXX_05222026_425
LM_05_VGG_20260521_CS_4158_4102,11,951.44356955,32.11445818668522,-91.10828404145637,XXX_05222026_425
LM_05_VGG_20260521_CS_4158_4102,12,951.44356955,32.11445818668522,-91.10828404145637,XXX_05222026_425
LM_05_VGG_20260521_CS_4158_4102,13,951.44356955,32.11445818668522,-91.10828404145637,XXX_05222026_425
LM_05_VGG_20260521_CS_4158_4102,14,951.44356955,32.11445818668522,-91.10828404145637,XXX_05222026_425
LM_05_VGG_20260521_CS_4158_4102,15,951.44356955,32.11445818668522,-91.10828404145637,XXX_05222026_425
LM_05_VGG_20260521_CS_4158_4102,16,951.44356955,32.11445818668522,-91.10828404145637,XXX_05222026_425
LM_05_VGG_20260521_CS_4158_4102,17,1049.8687664,32.11445818668522,-91.10828404145637,XXX_05222026_425
LM_05_VGG_20260521_CS_4158_4102,18,1049.8687664,32.11445818668522,-91.10828404145637,XXX_05222026_425
LM_05_VGG_20260521_CS_4158_4102,19,1049.8687664,32.11445818668522,-91.10828404145637,XXX_05222026_425
LM_05_VGG_20260521_CS_4158_4102,20,1049.8687664,32.11445818668522,-91.10828404145637,XXX_05222026_425
LM_05_VGG_20260521_CS_4158_4102,21,1049.8687664,32.11445818668522,-91.10828404145637,XXX_05222026_425
LM_05_VGG_20260521_CS_4158_4102,22,1049.8687664,32.11445818668522,-91.10828404145637,XXX_05222026_425
LM_05_VGG_20260521_CS_4158_4102,23,1049.8687664,32.11445818668522,-91.10828404145637,XXX_05222026_425
LM_05_VGG_20260521_CS_4158_4102,24,1049.8687664,32.11445818668522,-91.10828404145637,XXX_05222026_425
LM_05_VGG_20260521_CS_4158_4102,25,1246.7191601,32.11584198524713,-91.10890153597249,XXX_05222026_425
LM_05_VGG_20260521_CS_4158_4102,26,1279.52755905,32.11584198524713,-91.10890153597249,XXX_05222026_425
LM_05_VGG_20260521_CS_4158_4102,27,1279.52755905,32.11584198524713,-91.10890153597249,XXX_05222026_425
LM_05_VGG_20260521_CS_4158_4102,28,1279.52755905,32.11584198524713,-91.10890153597249,XXX_05222026_425
LM_05_VGG_20260521_CS_4158_4102,29,1279.52755905,32.11584198524713,-91.10890153597249,XXX_05222026_425
LM_05_VGG_20260521_CS_4158_4102,30,1345.14435695,32.11584198524713,-91.10890153597249,XXX_05222026_425
LM_05_VGG_20260521_CS_4158_4102,31,1345.14435695,32.11584198524713,-91.10890153597249,XXX_05222026_425
LM_05_VGG_20260521_CS_4158_4102,32,1410.76115485,32.11584198524713,-91.10890153597249,XXX_05222026_425
LM_05_VGG_20260521_CS_4158_4102,33,1410.76115485,32.11584198524713,-91.10890153597249,XXX_05222026_425
LM_05_VGG_20260521_CS_4158_4102,34,1410.76115485,32.11584198524713,-91.10890153597249,XXX_05222026_425
LM_05_VGG_20260521_CS_4158_4102,35,1509.1863517000002,32.11584198524713,-91.10890153597249,XXX_05222026_425
LM_05_VGG_20260521_CS_4158_4102,36,2034.1207349,32.124678300571,-91.05703111100809,XXX_05222026_425
LM_05_VGG_20260522_CS_4100_4076,-5,0.0,32.075289377297075,-91.06324276718972,XXX_05222026_425
LM_05_VGG_20260522_CS_4100_4076,-4,0.0,32.075289377297075,-91.06324276718972,XXX_05222026_425
LM_05_VGG_20260522_CS_4100_4076,-3,0.0,32.075289377297075,-91.06324276718972,XXX_05222026_425
LM_05_VGG_20260522_CS_4100_4076,-2,0.0,32.07640840933531,-91.06451068341842,XXX_05222026_425
LM_05_VGG_20260522_CS_4100_4076,-1,0.0,32.07640840933531,-91.06451068341842,XXX_05222026_425
LM_05_VGG_20260522_CS_4100_4076,0,0.0,32.07752742968579,-91.06577863050408,XXX_05222026_425
LM_05_VGG_20260522_CS_4100_4076,1,0.0,32.078646438346865,-91.06704660844848,XXX_05222026_425
LM_05_VGG_20260522_CS_4100_4076,2,295.27559055,32.078646438346865,-91.06704660844848,XXX_05222026_425
LM_05_VGG_20260522_CS_4100_4076,3,459.3175853,32.07752742968579,-91.06577863050408,XXX_05222026_425
LM_05_VGG_20260522_CS_4100_4076,4,656.1679790000001,32.32994477218386,-90.89724808782161,XXX_05222026_425
LM_05_VGG_20260522_CS_4100_4076,5,754.5931758500001,32.32994477218386,-90.89724808782161,XXX_05222026_425
LM_05_VGG_20260522_CS_4100_4076,6,885.8267716500001,32.32994477218386,-90.89724808782161,XXX_05222026_425
LM_05_VGG_20260522_CS_4100_4076,7,885.8267716500001,32.331043910837295,-90.8972226687822,XXX_05222026_425
LM_05_VGG_20260522_CS_4100_4076,8,951.44356955,32.11445818668522,-91.10828404145637,XXX_05222026_425
LM_05_VGG_20260522_CS_4100_4076,9,951.44356955,32.11445818668522,-91.10828404145637,XXX_05222026_425
LM_05_VGG_20260522_CS_4100_4076,10,951.44356955,32.11445818668522,-91.10828404145637,XXX_05222026_425
LM_05_VGG_20260522_CS_4100_4076,11,951.44356955,32.11445818668522,-91.10828404145637,XXX_05222026_425
LM_05_VGG_20260522_CS_4100_4076,12,951.44356955,32.11445818668522,-91.10828404145637,XXX_05222026_425
LM_05_VGG_20260522_CS_4100_4076,13,951.44356955,32.11445818668522,-91.10828404145637,XXX_05222026_425
LM_05_VGG_20260522_CS_4100_4076,14,951.44356955,32.11445818668522,-91.10828404145637,XXX_05222026_425
LM_05_VGG_20260522_CS_4100_4076,15,951.44356955,32.11445818668522,-91.10828404145637,XXX_05222026_425
LM_05_VGG_20260522_CS_4100_4076,16,951.44356955,32.11445818668522,-91.10828404145637,XXX_05222026_425
LM_05_VGG_20260522_CS_4100_4076,17,1049.8687664,32.11445818668522,-91.10828404145637,XXX_05222026_425
LM_05_VGG_20260522_CS_4100_4076,18,1049.8687664,32.11445818668522,-91.10828404145637,XXX_05222026_425
LM_05_VGG_20260522_CS_4100_4076,19,1049.8687664,32.11445818668522,-91.10828404145637,XXX_05222026_425
LM_05_VGG_20260522_CS_4100_4076,20,1049.8687664,32.11445818668522,-91.10828404145637,XXX_05222026_425
LM_05_VGG_20260522_CS_4100_4076,21,1049.8687664,32.11445818668522,-91.10828404145637,XXX_05222026_425
LM_05_VGG_20260522_CS_4100_4076,22,1049.8687664,32.11445818668522,-91.10828404145637,XXX_05222026_425
LM_05_VGG_20260522_CS_4100_4076,23,1049.8687664,32.11445818668522,-91.10828404145637,XXX_05222026_425
LM_05_VGG_20260522_CS_4100_4076,24,1049.8687664,32.11445818668522,-91.10828404145637,XXX_05222026_425
LM_05_VGG_20260522_CS_4100_4076,25,1246.7191601,32.11584198524713,-91.10890153597249,XXX_05222026_425
LM_05_VGG_20260522_CS_4100_4076,26,1279.52755905,32.11584198524713,-91.10890153597249,XXX_05222026_425
LM_05_VGG_20260522_CS_4100_4076,27,1279.52755905,32.11584198524713,-91.10890153597249,XXX_05222026_425
LM_05_VGG_20260522_CS_4100_4076,28,1279.52755905,32.11584198524713,-91.10890153597249,XXX_05222026_425
LM_05_VGG_20260522_CS_4100_4076,29,1279.52755905,32.11584198524713,-91.10890153597249,XXX_05222026_425
LM_05_VGG_20260522_CS_4100_4076,30,1345.14435695,32.11584198524713,-91.10890153597249,XXX_05222026_425
LM_05_VGG_20260522_CS_4100_4076,31,1345.14435695,32.11584198524713,-91.10890153597249,XXX_05222026_425
LM_05_VGG_20260522_CS_4100_4076,32,1410.76115485,32.11584198524713,-91.10890153597249,XXX_05222026_425
LM_05_VGG_20260522_CS_4100_4076,33,1410.76115485,32.11584198524713,-91.10890153597249,XXX_05222026_425
LM_05_VGG_20260522_CS_4100_4076,34,1410.76115485,32.11584198524713,-91.10890153597249,XXX_05222026_425
LM_05_VGG_20260522_CS_4100_4076,35,1509.1863517000002,32.11584198524713,-91.10890153597249,XXX_05222026_425
LM_05_VGG_20260522_CS_4100_4076,36,2034.1207349,32.124678300571,-91.05703111100809,XXX_05222026_425
LM_04_GGK_20260520_CS_4076_4056,-5,0.0,32.075289377297075,-91.06324276718972,XXX_05222026_425
LM_04_GGK_20260520_CS_4076_4056,-4,0.0,32.075289377297075,-91.06324276718972,XXX_05222026_425
LM_04_GGK_20260520_CS_4076_4056,-3,0.0,32.075289377297075,-91.06324276718972,XXX_05222026_425
LM_04_GGK_20260520_CS_4076_4056,-2,0.0,32.07640840933531,-91.06451068341842,XXX_05222026_425
LM_04_GGK_20260520_CS_4076_4056,-1,0.0,32.07640840933531,-91.06451068341842,XXX_05222026_425
LM_04_GGK_20260520_CS_4076_4056,0,0.0,32.07752742968579,-91.06577863050408,XXX_05222026_425
LM_04_GGK_20260520_CS_4076_4056,1,0.0,32.078646438346865,-91.06704660844848,XXX_05222026_425
LM_04_GGK_20260520_CS_4076_4056,2,295.27559055,32.078646438346865,-91.06704660844848,XXX_05222026_425
LM_04_GGK_20260520_CS_4076_4056,3,459.3175853,32.07752742968579,-91.06577863050408,XXX_05222026_425
LM_04_GGK_20260520_CS_4076_4056,4,656.1679790000001,32.32994477218386,-90.89724808782161,XXX_05222026_425
LM_04_GGK_20260520_CS_4076_4056,5,754.5931758500001,32.32994477218386,-90.89724808782161,XXX_05222026_425
LM_04_GGK_20260520_CS_4076_4056,6,885.8267716500001,32.32994477218386,-90.89724808782161,XXX_05222026_425
LM_04_GGK_20260520_CS_4076_4056,7,885.8267716500001,32.331043910837295,-90.8972226687822,XXX_05222026_425
LM_04_GGK_20260520_CS_4076_4056,8,951.44356955,32.11445818668522,-91.10828404145637,XXX_05222026_425
LM_04_GGK_20260520_CS_4076_4056,9,951.44356955,32.11445818668522,-91.10828404145637,XXX_05222026_425
LM_04_GGK_20260520_CS_4076_4056,10,951.44356955,32.11445818668522,-91.10828404145637,XXX_05222026_425
LM_04_GGK_20260520_CS_4076_4056,11,951.44356955,32.11445818668522,-91.10828404145637,XXX_05222026_425
LM_04_GGK_20260520_CS_4076_4056,12,951.44356955,32.11445818668522,-91.10828404145637,XXX_05222026_425
LM_04_GGK_20260520_CS_4076_4056,13,951.44356955,32.11445818668522,-91.10828404145637,XXX_05222026_425
LM_04_GGK_20260520_CS_4076_4056,14,951.44356955,32.11445818668522,-91.10828404145637,XXX_05222026_425
LM_04_GGK_20260520_CS_4076_4056,15,951.44356955,32.11445818668522,-91.10828404145637,XXX_05222026_425
LM_04_GGK_20260520_CS_4076_4056,16,951.44356955,32.11445818668522,-91.10828404145637,XXX_05222026_425
LM_04_GGK_20260520_CS_4076_4056,17,1049.8687664,32.11445818668522,-91.10828404145637,XXX_05222026_425
LM_04_GGK_20260520_CS_4076_4056,18,1049.8687664,32.11445818668522,-91.10828404145637,XXX_05222026_425
LM_04_GGK_20260520_CS_4076_4056,19,1049.8687664,32.11445818668522,-91.10828404145637,XXX_05222026_425
LM_04_GGK_20260520_CS_4076_4056,20,1049.8687664,32.11445818668522,-91.10828404145637,XXX_05222026_425
LM_04_GGK_20260520_CS_4076_4056,21,1049.8687664,32.11445818668522,-91.10828404145637,XXX_05222026_425
LM_04_GGK_20260520_CS_4076_4056,22,1049.8687664,32.11445818668522,-91.10828404145637,XXX_05222026_425
LM_04_GGK_20260520_CS_4076_4056,23,1049.8687664,32.11445818668522,-91.10828404145637,XXX_05222026_425
LM_04_GGK_20260520_CS_4076_4056,24,1049.8687664,32.11445818668522,-91.10828404145637,XXX_05222026_425
LM_04_GGK_20260520_CS_4076_4056,25,1246.7191601,32.11584198524713,-91.10890153597249,XXX_05222026_425
LM_04_GGK_20260520_CS_4076_4056,26,1279.52755905,32.11584198524713,-91.10890153597249,XXX_05222026_425
LM_04_GGK_20260520_CS_4076_4056,27,1279.52755905,32.11584198524713,-91.10890153597249,XXX_05222026_425
LM_04_GGK_20260520_CS_4076_4056,28,1279.52755905,32.11584198524713,-91.10890153597249,XXX_05222026_425
LM_04_GGK_20260520_CS_4076_4056,29,1279.52755905,32.11584198524713,-91.10890153597249,XXX_05222026_425
LM_04_GGK_20260520_CS_4076_4056,30,1345.14435695,32.11584198524713,-91.10890153597249,XXX_05222026_425
LM_04_GGK_20260520_CS_4076_4056,31,1345.14435695,32.11584198524713,-91.10890153597249,XXX_05222026_425
LM_04_GGK_20260520_CS_4076_4056,32,1410.76115485,32.11584198524713,-91.10890153597249,XXX_05222026_425
LM_04_GGK_20260520_CS_4076_4056,33,1410.76115485,32.11584198524713,-91.10890153597249,XXX_05222026_425
LM_04_GGK_20260520_CS_4076_4056,34,1410.76115485,32.11584198524713,-91.10890153597249,XXX_05222026_425
LM_04_GGK_20260520_CS_4076_4056,35,1509.1863517000002,32.11584198524713,-91.10890153597249,XXX_05222026_425
LM_04_GGK_20260520_CS_4076_4056,36,2034.1207349,32.124678300571,-91.05703111100809,XXX_05222026_425
LM_19_MEMX_20260722_CS_739_746_SORT_ACTUAL_DEPTHS,-17,1377.9527559,35.19430044551524,-90.06253644215563,YYY_07232026_740
LM_19_MEMX_20260722_CS_739_746_SORT_ACTUAL_DEPTHS,-16,1476.37795275,35.19430044551524,-90.06253644215563,YYY_07232026_740
LM_19_MEMX_20260722_CS_739_746_SORT_ACTUAL_DEPTHS,-15,1476.37795275,35.19430044551524,-90.06253644215563,YYY_07232026_740
LM_19_MEMX_20260722_CS_739_746_SORT_ACTUAL_DEPTHS,-14,1574.8031496,35.19430044551524,-90.06253644215563,YYY_07232026_740
LM_19_MEMX_20260722_CS_739_746_SORT_ACTUAL_DEPTHS,-13,1673.22834645,35.195947338933124,-90.06247710228772,YYY_07232026_740
LM_19_MEMX_20260722_CS_739_746_SORT_ACTUAL_DEPTHS,-12,1902.8871391,35.19430044551524,-90.06253644215563,YYY_07232026_740
LM_19_MEMX_20260722_CS_739_746_SORT_ACTUAL_DEPTHS,-11,1902.8871391,35.19430044551524,-90.06253644215563,YYY_07232026_740
LM_19_MEMX_20260722_CS_739_746_SORT_ACTUAL_DEPTHS,-10,2066.92913385,35.266497276166106,-90.10582090369186,YYY_07232026_740
LM_19_MEMX_20260722_CS_739_746_SORT_ACTUAL_DEPTHS,-9,2066.92913385,35.266497276166106,-90.10582090369186,YYY_07232026_740
LM_19_MEMX_20260722_CS_739_746_SORT_ACTUAL_DEPTHS,-8,2066.92913385,35.266497276166106,-90.10582090369186,YYY_07232026_740
LM_19_MEMX_20260722_CS_739_746_SORT_ACTUAL_DEPTHS,-7,2066.92913385,35.266497276166106,-90.10582090369186,YYY_07232026_740
LM_19_MEMX_20260722_CS_739_746_SORT_ACTUAL_DEPTHS,-6,2066.92913385,35.266497276166106,-90.10582090369186,YYY_07232026_740
LM_19_MEMX_20260722_CS_739_746_SORT_ACTUAL_DEPTHS,-5,2066.92913385,35.266497276166106,-90.10582090369186,YYY_07232026_740
LM_19_MEMX_20260722_CS_739_746_SORT_ACTUAL_DEPTHS,-4,2066.92913385,35.266497276166106,-90.10582090369186,YYY_07232026_740
LM_19_MEMX_20260722_CS_739_746_SORT_ACTUAL_DEPTHS,-3,2066.92913385,35.266497276166106,-90.10582090369186,YYY_07232026_740
LM_19_MEMX_20260722_CS_739_746_SORT_ACTUAL_DEPTHS,-2,2066.92913385,35.266497276166106,-90.10582090369186,YYY_07232026_740
LM_19_MEMX_20260722_CS_739_746_SORT_ACTUAL_DEPTHS,-1,2066.92913385,35.266497276166106,-90.10582090369186,YYY_07232026_740
LM_19_MEMX_20260722_CS_739_746_SORT_ACTUAL_DEPTHS,0,2066.92913385,35.266497276166106,-90.10582090369186,YYY_07232026_740
LM_19_MEMX_20260722_CS_739_746_SORT_ACTUAL_DEPTHS,1,2066.92913385,35.266497276166106,-90.10582090369186,YYY_07232026_740
LM_19_MEMX_20260722_CS_739_746_SORT_ACTUAL_DEPTHS,2,2066.92913385,35.266497276166106,-90.10582090369186,YYY_07232026_740
LM_19_MEMX_20260722_CS_739_746_SORT_ACTUAL_DEPTHS,3,2066.92913385,35.266497276166106,-90.10582090369186,YYY_07232026_740
LM_19_MEMX_20260722_CS_739_746_SORT_ACTUAL_DEPTHS,4,2066.92913385,35.266497276166106,-90.10582090369186,YYY_07232026_740
LM_19_MEMX_20260722_CS_739_746_SORT_ACTUAL_DEPTHS,5,2066.92913385,35.266497276166106,-90.10582090369186,YYY_07232026_740
LM_19_MEMX_20260722_CS_739_746_SORT_ACTUAL_DEPTHS,6,2066.92913385,35.266497276166106,-90.10582090369186,YYY_07232026_740
LM_19_MEMX_20260722_CS_739_746_SORT_ACTUAL_DEPTHS,7,2066.92913385,35.266497276166106,-90.10582090369186,YYY_07232026_740
LM_19_MEMX_20260722_CS_739_746_SORT_ACTUAL_DEPTHS,8,2066.92913385,35.266497276166106,-90.10582090369186,YYY_07232026_740
LM_19_MEMX_20260722_CS_739_746_SORT_ACTUAL_DEPTHS,9,2066.92913385,35.266497276166106,-90.10582090369186,YYY_07232026_740
LM_19_MEMX_20260722_CS_739_746_SORT_ACTUAL_DEPTHS,10,2066.92913385,35.266497276166106,-90.10582090369186,YYY_07232026_740
LM_19_MEMX_20260722_CS_739_746_SORT_ACTUAL_DEPTHS,11,2066.92913385,35.266497276166106,-90.10582090369186,YYY_07232026_740
LM_19_MEMX_20260722_CS_739_746_SORT_ACTUAL_DEPTHS,12,2066.92913385,35.266497276166106,-90.10582090369186,YYY_07232026_740
LM_19_MEMX_20260722_CS_739_746_SORT_ACTUAL_DEPTHS,13,2066.92913385,35.266497276166106,-90.10582090369186,YYY_07232026_740
LM_19_MEMX_20260722_CS_739_746_SORT_ACTUAL_DEPTHS,14,2066.92913385,35.266497276166106,-90.10582090369186,YYY_07232026_740
LM_19_MEMX_20260722_CS_739_746_SORT_ACTUAL_DEPTHS,15,2066.92913385,35.266497276166106,-90.10582090369186,YYY_07232026_740
LM_19_MEMX_20260722_CS_739_746_SORT_ACTUAL_DEPTHS,16,2066.92913385,35.266497276166106,-90.10582090369186,YYY_07232026_740
LM_19_MEMX_20260722_CS_739_746_SORT_ACTUAL_DEPTHS,17,2066.92913385,35.266497276166106,-90.10582090369186,YYY_07232026_740
LM_19_MEMX_20260722_CS_739_746_SORT_ACTUAL_DEPTHS,18,2066.92913385,35.266497276166106,-90.10582090369186,YYY_07232026_740
LM_19_MEMX_20260722_CS_739_746_SORT_ACTUAL_DEPTHS,19,2066.92913385,35.266497276166106,-90.10582090369186,YYY_07232026_740
LM_19_MEMX_20260723_CS_736_739_SORT_ACTUAL_DEPTHS,-17,1377.9527559,35.19430044551524,-90.06253644215563,YYY_07232026_740
LM_19_MEMX_20260723_CS_736_739_SORT_ACTUAL_DEPTHS,-16,1476.37795275,35.19430044551524,-90.06253644215563,YYY_07232026_740
LM_19_MEMX_20260723_CS_736_739_SORT_ACTUAL_DEPTHS,-15,1476.37795275,35.19430044551524,-90.06253644215563,YYY_07232026_740
LM_19_MEMX_20260723_CS_736_739_SORT_ACTUAL_DEPTHS,-14,1574.8031496,35.19430044551524,-90.06253644215563,YYY_07232026_740
LM_19_MEMX_20260723_CS_736_739_SORT_ACTUAL_DEPTHS,-13,1673.22834645,35.195947338933124,-90.06247710228772,YYY_07232026_740
LM_19_MEMX_20260723_CS_736_739_SORT_ACTUAL_DEPTHS,-12,1902.8871391,35.19430044551524,-90.06253644215563,YYY_07232026_740
LM_19_MEMX_20260723_CS_736_739_SORT_ACTUAL_DEPTHS,-11,1902.8871391,35.19430044551524,-90.06253644215563,YYY_07232026_740
LM_19_MEMX_20260723_CS_736_739_SORT_ACTUAL_DEPTHS,-10,2066.92913385,35.266497276166106,-90.10582090369186,YYY_07232026_740
LM_19_MEMX_20260723_CS_736_739_SORT_ACTUAL_DEPTHS,-9,2066.92913385,35.266497276166106,-90.10582090369186,YYY_07232026_740
LM_19_MEMX_20260723_CS_736_739_SORT_ACTUAL_DEPTHS,-8,2066.92913385,35.266497276166106,-90.10582090369186,YYY_07232026_740
LM_19_MEMX_20260723_CS_736_739_SORT_ACTUAL_DEPTHS,-7,2066.92913385,35.266497276166106,-90.10582090369186,YYY_07232026_740
LM_19_MEMX_20260723_CS_736_739_SORT_ACTUAL_DEPTHS,-6,2066.92913385,35.266497276166106,-90.10582090369186,YYY_07232026_740
LM_19_MEMX_20260723_CS_736_739_SORT_ACTUAL_DEPTHS,-5,2066.92913385,35.266497276166106,-90.10582090369186,YYY_07232026_740
LM_19_MEMX_20260723_CS_736_739_SORT_ACTUAL_DEPTHS,-4,2066.92913385,35.266497276166106,-90.10582090369186,YYY_07232026_740
LM_19_MEMX_20260723_CS_736_739_SORT_ACTUAL_DEPTHS,-3,2066.92913385,35.266497276166106,-90.10582090369186,YYY_07232026_740
LM_19_MEMX_20260723_CS_736_739_SORT_ACTUAL_DEPTHS,-2,2066.92913385,35.266497276166106,-90.10582090369186,YYY_07232026_740
LM_19_MEMX_20260723_CS_736_739_SORT_ACTUAL_DEPTHS,-1,2066.92913385,35.266497276166106,-90.10582090369186,YYY_07232026_740
LM_19_MEMX_20260723_CS_736_739_SORT_ACTUAL_DEPTHS,0,2066.92913385,35.266497276166106,-90.10582090369186,YYY_07232026_740
LM_19_MEMX_20260723_CS_736_739_SORT_ACTUAL_DEPTHS,1,2066.92913385,35.266497276166106,-90.10582090369186,YYY_07232026_740
LM_19_MEMX_20260723_CS_736_739_SORT_ACTUAL_DEPTHS,2,2066.92913385,35.266497276166106,-90.10582090369186,YYY_07232026_740
LM_19_MEMX_20260723_CS_736_739_SORT_ACTUAL_DEPTHS,3,2066.92913385,35.266497276166106,-90.10582090369186,YYY_07232026_740
LM_19_MEMX_20260723_CS_736_739_SORT_ACTUAL_DEPTHS,4,2066.92913385,35.266497276166106,-90.10582090369186,YYY_07232026_740
LM_19_MEMX_20260723_CS_736_739_SORT_ACTUAL_DEPTHS,5,2066.92913385,35.266497276166106,-90.10582090369186,YYY_07232026_740
LM_19_MEMX_20260723_CS_736_739_SORT_ACTUAL_DEPTHS,6,2066.92913385,35.266497276166106,-90.10582090369186,YYY_07232026_740
LM_19_MEMX_20260723_CS_736_739_SORT_ACTUAL_DEPTHS,7,2066.92913385,35.266497276166106,-90.10582090369186,YYY_07232026_740
LM_19_MEMX_20260723_CS_736_739_SORT_ACTUAL_DEPTHS,8,2066.92913385,35.266497276166106,-90.10582090369186,YYY_07232026_740
LM_19_MEMX_20260723_CS_736_739_SORT_ACTUAL_DEPTHS,9,2066.92913385,35.266497276166106,-90.10582090369186,YYY_07232026_740
LM_19_MEMX_20260723_CS_736_739_SORT_ACTUAL_DEPTHS,10,2066.92913385,35.266497276166106,-90.10582090369186,YYY_07232026_740
LM_19_MEMX_20260723_CS_736_739_SORT_ACTUAL_DEPTHS,11,2066.92913385,35.266497276166106,-90.10582090369186,YYY_07232026_740
LM_19_MEMX_20260723_CS_736_739_SORT_ACTUAL_DEPTHS,12,2066.92913385,35.266497276166106,-90.10582090369186,YYY_07232026_740
LM_19_MEMX_20260723_CS_736_739_SORT_ACTUAL_DEPTHS,13,2066.92913385,35.266497276166106,-90.10582090369186,YYY_07232026_740
LM_19_MEMX_20260723_CS_736_739_SORT_ACTUAL_DEPTHS,14,2066.92913385,35.266497276166106,-90.10582090369186,YYY_07232026_740
LM_19_MEMX_20260723_CS_736_739_SORT_ACTUAL_DEPTHS,15,2066.92913385,35.266497276166106,-90.10582090369186,YYY_07232026_740
LM_19_MEMX_20260723_CS_736_739_SORT_ACTUAL_DEPTHS,16,2066.92913385,35.266497276166106,-90.10582090369186,YYY_07232026_740
LM_19_MEMX_20260723_CS_736_739_SORT_ACTUAL_DEPTHS,17,2066.92913385,35.266497276166106,-90.10582090369186,YYY_07232026_740
LM_19_MEMX_20260723_CS_736_739_SORT_ACTUAL_DEPTHS,18,2066.92913385,35.266497276166106,-90.10582090369186,YYY_07232026_740
LM_19_MEMX_20260723_CS_736_739_SORT_ACTUAL_DEPTHS,19,2066.92913385,35.266497276166106,-90.10582090369186,YYY_07232026_740
LM_19_MEMX_20260721_CS_735_736_SORT_ACTUAL_DEPTHS,-17,1377.9527559,35.19430044551524,-90.06253644215563,YYY_07232026_740
LM_19_MEMX_20260721_CS_735_736_SORT_ACTUAL_DEPTHS,-16,1476.37795275,35.19430044551524,-90.06253644215563,YYY_07232026_740
LM_19_MEMX_20260721_CS_735_736_SORT_ACTUAL_DEPTHS,-15,1476.37795275,35.19430044551524,-90.06253644215563,YYY_07232026_740
LM_19_MEMX_20260721_CS_735_736_SORT_ACTUAL_DEPTHS,-14,1574.8031496,35.19430044551524,-90.06253644215563,YYY_07232026_740
LM_19_MEMX_20260721_CS_735_736_SORT_ACTUAL_DEPTHS,-13,1673.22834645,35.195947338933124,-90.06247710228772,YYY_07232026_740
LM_19_MEMX_20260721_CS_735_736_SORT_ACTUAL_DEPTHS,-12,1902.8871391,35.19430044551524,-90.06253644215563,YYY_07232026_740
LM_19_MEMX_20260721_CS_735_736_SORT_ACTUAL_DEPTHS,-11,1902.8871391,35.19430044551524,-90.06253644215563,YYY_07232026_740
LM_19_MEMX_20260721_CS_735_736_SORT_ACTUAL_DEPTHS,-10,2066.92913385,35.266497276166106,-90.10582090369186,YYY_07232026_740
LM_19_MEMX_20260721_CS_735_736_SORT_ACTUAL_DEPTHS,-9,2066.92913385,35.266497276166106,-90.10582090369186,YYY_07232026_740
LM_19_MEMX_20260721_CS_735_736_SORT_ACTUAL_DEPTHS,-8,2066.92913385,35.266497276166106,-90.10582090369186,YYY_07232026_740
LM_19_MEMX_20260721_CS_735_736_SORT_ACTUAL_DEPTHS,-7,2066.92913385,35.266497276166106,-90.10582090369186,YYY_07232026_740
LM_19_MEMX_20260721_CS_735_736_SORT_ACTUAL_DEPTHS,-6,2066.92913385,35.266497276166106,-90.10582090369186,YYY_07232026_740
LM_19_MEMX_20260721_CS_735_736_SORT_ACTUAL_DEPTHS,-5,2066.92913385,35.266497276166106,-90.10582090369186,YYY_07232026_740
LM_19_MEMX_20260721_CS_735_736_SORT_ACTUAL_DEPTHS,-4,2066.92913385,35.266497276166106,-90.10582090369186,YYY_07232026_740
LM_19_MEMX_20260721_CS_735_736_SORT_ACTUAL_DEPTHS,-3,2066.92913385,35.266497276166106,-90.10582090369186,YYY_07232026_740
LM_19_MEMX_20260721_CS_735_736_SORT_ACTUAL_DEPTHS,-2,2066.92913385,35.266497276166106,-90.10582090369186,YYY_07232026_740
LM_19_MEMX_20260721_CS_735_736_SORT_ACTUAL_DEPTHS,-1,2066.92913385,35.266497276166106,-90.10582090369186,YYY_07232026_740
LM_19_MEMX_20260721_CS_735_736_SORT_ACTUAL_DEPTHS,0,2066.92913385,35.266497276166106,-90.10582090369186,YYY_07232026_740
LM_19_MEMX_20260721_CS_735_736_SORT_ACTUAL_DEPTHS,1,2066.92913385,35.266497276166106,-90.10582090369186,YYY_07232026_740
LM_19_MEMX_20260721_CS_735_736_SORT_ACTUAL_DEPTHS,2,2066.92913385,35.266497276166106,-90.10582090369186,YYY_07232026_740
LM_19_MEMX_20260721_CS_735_736_SORT_ACTUAL_DEPTHS,3,2066.92913385,35.266497276166106,-90.10582090369186,YYY_07232026_740
LM_19_MEMX_20260721_CS_735_736_SORT_ACTUAL_DEPTHS,4,2066.92913385,35.266497276166106,-90.10582090369186,YYY_07232026_740
LM_19_MEMX_20260721_CS_735_736_SORT_ACTUAL_DEPTHS,5,2066.92913385,35.266497276166106,-90.10582090369186,YYY_07232026_740
LM_19_MEMX_20260721_CS_735_736_SORT_ACTUAL_DEPTHS,6,2066.92913385,35.266497276166106,-90.10582090369186,YYY_07232026_740
LM_19_MEMX_20260721_CS_735_736_SORT_ACTUAL_DEPTHS,7,2066.92913385,35.266497276166106,-90.10582090369186,YYY_07232026_740
LM_19_MEMX_20260721_CS_735_736_SORT_ACTUAL_DEPTHS,8,2066.92913385,35.266497276166106,-90.10582090369186,YYY_07232026_740
LM_19_MEMX_20260721_CS_735_736_SORT_ACTUAL_DEPTHS,9,2066.92913385,35.266497276166106,-90.10582090369186,YYY_07232026_740
LM_19_MEMX_20260721_CS_735_736_SORT_ACTUAL_DEPTHS,10,2066.92913385,35.266497276166106,-90.10582090369186,YYY_07232026_740
LM_19_MEMX_20260721_CS_735_736_SORT_ACTUAL_DEPTHS,11,2066.92913385,35.266497276166106,-90.10582090369186,YYY_07232026_740
LM_19_MEMX_20260721_CS_735_736_SORT_ACTUAL_DEPTHS,12,2066.92913385,35.266497276166106,-90.10582090369186,YYY_07232026_740
LM_19_MEMX_20260721_CS_735_736_SORT_ACTUAL_DEPTHS,13,2066.92913385,35.266497276166106,-90.10582090369186,YYY_07232026_740
LM_19_MEMX_20260721_CS_735_736_SORT_ACTUAL_DEPTHS,14,2066.92913385,35.266497276166106,-90.10582090369186,YYY_07232026_740
LM_19_MEMX_20260721_CS_735_736_SORT_ACTUAL_DEPTHS,15,2066.92913385,35.266497276166106,-90.10582090369186,YYY_07232026_740
LM_19_MEMX_20260721_CS_735_736_SORT_ACTUAL_DEPTHS,16,2066.92913385,35.266497276166106,-90.10582090369186,YYY_07232026_740
LM_19_MEMX_20260721_CS_735_736_SORT_ACTUAL_DEPTHS,17,2066.92913385,35.266497276166106,-90.10582090369186,YYY_07232026_740
LM_19_MEMX_20260721_CS_735_736_SORT_ACTUAL_DEPTHS,18,2066.92913385,35.266497276166106,-90.10582090369186,YYY_07232026_740
LM_19_MEMX_20260721_CS_735_736_SORT_ACTUAL_DEPTHS,19,2066.92913385,35.266497276166106,-90.10582090369186,YYY_07232026_740
LM_04_GGK_20260521_CS_4054_3998,-5,0.0,31.857773289898393,-91.31533103035072,ZZZ_05282026_394
LM_04_GGK_20260521_CS_4054_3998,-4,0.0,31.857773289898393,-91.31533103035072,ZZZ_05282026_394
LM_04_GGK_20260521_CS_4054_3998,-3,0.0,31.857773289898393,-91.31533103035072,ZZZ_05282026_394
LM_04_GGK_20260521_CS_4054_3998,-2,0.0,31.857773289898393,-91.31533103035072,ZZZ_05282026_394
LM_04_GGK_20260521_CS_4054_3998,-1,0.0,31.856923058886736,-91.31341370775574,ZZZ_05282026_394
LM_04_GGK_20260521_CS_4054_3998,0,0.0,31.856923058886736,-91.31341370775574,ZZZ_05282026_394
LM_04_GGK_20260521_CS_4054_3998,1,0.0,31.913001388329942,-91.1928096983039,ZZZ_05282026_394
LM_04_GGK_20260521_CS_4054_3998,2,0.0,31.913001388329942,-91.1928096983039,ZZZ_05282026_394
LM_04_GGK_20260521_CS_4054_3998,3,0.0,31.913001388329942,-91.1928096983039,ZZZ_05282026_394
LM_04_GGK_20260521_CS_4054_3998,4,0.0,31.913001388329942,-91.1928096983039,ZZZ_05282026_394
LM_04_GGK_20260521_CS_4054_3998,5,0.0,31.916849314838604,-91.19273444285417,ZZZ_05282026_394
LM_04_GGK_20260521_CS_4054_3998,6,590.5511811,31.907802106323015,-91.19452285364586,ZZZ_05282026_394
LM_04_GGK_20260521_CS_4054_3998,7,590.5511811,31.907802106323015,-91.19452285364586,ZZZ_05282026_394
LM_04_GGK_20260521_CS_4054_3998,8,623.35958005,31.907802106323015,-91.19452285364586,ZZZ_05282026_394
LM_04_GGK_20260521_CS_4054_3998,9,820.20997375,31.904526760392354,-91.19619826312059,ZZZ_05282026_394
LM_04_GGK_20260521_CS_4054_3998,10,951.44356955,31.846346855020705,-91.34549372270983,ZZZ_05282026_394
LM_04_GGK_20260521_CS_4054_3998,11,951.44356955,31.846346855020705,-91.34549372270983,ZZZ_05282026_394
LM_04_GGK_20260521_CS_4054_3998,12,951.44356955,31.846346855020705,-91.34549372270983,ZZZ_05282026_394
LM_04_GGK_20260521_CS_4054_3998,13,951.44356955,31.846346855020705,-91.34549372270983,ZZZ_05282026_394
LM_04_GGK_20260521_CS_4054_3998,14,1049.8687664,31.845255722028927,-91.34615739205137,ZZZ_05282026_394
LM_04_GGK_20260521_CS_4054_3998,15,1049.8687664,31.845255722028927,-91.34615739205137,ZZZ_05282026_394
LM_04_GGK_20260521_CS_4054_3998,16,1049.8687664,31.845255722028927,-91.34615739205137,ZZZ_05282026_394
LM_04_GGK_20260521_CS_4054_3998,17,1049.8687664,31.846346855020705,-91.34549372270983,ZZZ_05282026_394
LM_04_GGK_20260521_CS_4054_3998,18,1049.8687664,31.846346855020705,-91.34549372270983,ZZZ_05282026_394
LM_04_GGK_20260521_CS_4054_3998,19,1049.8687664,31.846346855020705,-91.34549372270983,ZZZ_05282026_394
LM_04_GGK_20260521_CS_4054_3998,20,1049.8687664,31.846346855020705,-91.34549372270983,ZZZ_05282026_394
LM_04_GGK_20260521_CS_4054_3998,21,1082.67716535,31.845255722028927,-91.34615739205137,ZZZ_05282026_394
LM_04_GGK_20260521_CS_4054_3998,22,1181.1023622,31.845255722028927,-91.34615739205137,ZZZ_05282026_394
LM_04_GGK_20260521_CS_4054_3998,23,1279.52755905,31.846346855020705,-91.34549372270983,ZZZ_05282026_394
LM_04_GGK_20260521_CS_4054_3998,24,1345.14435695,31.949826848198253,-91.19176645048871,ZZZ_05282026_394
LM_04_GGK_20260521_CS_4054_3998,25,1345.14435695,31.949826848198253,-91.19176645048871,ZZZ_05282026_394
LM_04_GGK_20260521_CS_4054_3998,26,1443.5695538,31.829637850308483,-91.35030050692814,ZZZ_05282026_394
LM_04_GGK_20260521_CS_4054_3998,27,1443.5695538,31.829637850308483,-91.35030050692814,ZZZ_05282026_394
LM_04_GGK_20260521_CS_4054_3998,28,1443.5695538,31.948177746600916,-91.19179876320024,ZZZ_05282026_394
LM_04_GGK_20260521_CS_4054_3998,29,1541.99475065,31.83073318913573,-91.34995897419961,ZZZ_05282026_394
LM_04_GGK_20260521_CS_4054_3998,30,1541.99475065,31.83073318913573,-91.34995897419961,ZZZ_05282026_394
LM_04_GGK_20260521_CS_4054_3998,31,1541.99475065,31.83073318913573,-91.34995897419961,ZZZ_05282026_394
LM_04_GGK_20260521_CS_4054_3998,32,1640.4199475,31.83073318913573,-91.34995897419961,ZZZ_05282026_394
LM_04_GGK_20260521_CS_4054_3998,33,1673.22834645,31.832107581373524,-91.3499345127564,ZZZ_05282026_394
LM_04_GGK_20260521_CS_4054_3998,34,1771.6535433,31.832107581373524,-91.3499345127564,ZZZ_05282026_394
LM_04_GGK_20260521_CS_4054_3998,35,1771.6535433,31.832107581373524,-91.3499345127564,ZZZ_05282026_394
LM_04_GGK_20260521_CS_4054_3998,36,1870.07874015,31.832107581373524,-91.3499345127564,ZZZ_05282026_394
LM_04_GGK_20260522_CS_3996_3952,-5,0.0,31.857773289898393,-91.31533103035072,ZZZ_05282026_394
LM_04_GGK_20260522_CS_3996_3952,-4,0.0,31.857773289898393,-91.31533103035072,ZZZ_05282026_394
LM_04_GGK_20260522_CS_3996_3952,-3,0.0,31.857773289898393,-91.31533103035072,ZZZ_05282026_394
LM_04_GGK_20260522_CS_3996_3952,-2,0.0,31.857773289898393,-91.31533103035072,ZZZ_05282026_394
LM_04_GGK_20260522_CS_3996_3952,-1,0.0,31.856923058886736,-91.31341370775574,ZZZ_05282026_394
LM_04_GGK_20260522_CS_3996_3952,0,0.0,31.856923058886736,-91.31341370775574,ZZZ_05282026_394
LM_04_GGK_20260522_CS_3996_3952,1,0.0,31.913001388329942,-91.1928096983039,ZZZ_05282026_394
LM_04_GGK_20260522_CS_3996_3952,2,0.0,31.913001388329942,-91.1928096983039,ZZZ_05282026_394
LM_04_GGK_20260522_CS_3996_3952,3,0.0,31.913001388329942,-91.1928096983039,ZZZ_05282026_394
LM_04_GGK_20260522_CS_3996_3952,4,0.0,31.913001388329942,-91.1928096983039,ZZZ_05282026_394
LM_04_GGK_20260522_CS_3996_3952,5,0.0,31.916849314838604,-91.19273444285417,ZZZ_05282026_394
LM_04_GGK_20260522_CS_3996_3952,6,590.5511811,31.907802106323015,-91.19452285364586,ZZZ_05282026_394
LM_04_GGK_20260522_CS_3996_3952,7,590.5511811,31.907802106323015,-91.19452285364586,ZZZ_05282026_394
LM_04_GGK_20260522_CS_3996_3952,8,623.35958005,31.907802106323015,-91.19452285364586,ZZZ_05282026_394
LM_04_GGK_20260522_CS_3996_3952,9,820.20997375,31.904526760392354,-91.19619826312059,ZZZ_05282026_394
LM_04_GGK_20260522_CS_3996_3952,10,951.44356955,31.846346855020705,-91.34549372270983,ZZZ_05282026_394
LM_04_GGK_20260522_CS_3996_3952,11,951.44356955,31.846346855020705,-91.34549372270983,ZZZ_05282026_394
LM_04_GGK_20260522_CS_3996_3952,12,951.44356955,31.846346855020705,-91.34549372270983,ZZZ_05282026_394
LM_04_GGK_20260522_CS_3996_3952,13,951.44356955,31.846346855020705,-91.34549372270983,ZZZ_05282026_394
LM_04_GGK_20260522_CS_3996_3952,14,1049.8687664,31.845255722028927,-91.34615739205137,ZZZ_05282026_394
LM_04_GGK_20260522_CS_3996_3952,15,1049.8687664,31.845255722028927,-91.34615739205137,ZZZ_05282026_394
LM_04_GGK_20260522_CS_3996_3952,16,1049.8687664,31.845255722028927,-91.34615739205137,ZZZ_05282026_394
LM_04_GGK_20260522_CS_3996_3952,17,1049.8687664,31.846346855020705,-91.34549372270983,ZZZ_05282026_394
LM_04_GGK_20260522_CS_3996_3952,18,1049.8687664,31.846346855020705,-91.34549372270983,ZZZ_05282026_394
LM_04_GGK_20260522_CS_3996_3952,19,1049.8687664,31.846346855020705,-91.34549372270983,ZZZ_05282026_394
LM_04_GGK_20260522_CS_3996_3952,20,1049.8687664,31.846346855020705,-91.34549372270983,ZZZ_05282026_394
LM_04_GGK_20260522_CS_3996_3952,21,1082.67716535,31.845255722028927,-91.34615739205137,ZZZ_05282026_394
LM_04_GGK_20260522_CS_3996_3952,22,1181.1023622,31.845255722028927,-91.34615739205137,ZZZ_05282026_394
LM_04_GGK_20260522_CS_3996_3952,23,1279.52755905,31.846346855020705,-91.34549372270983,ZZZ_05282026_394
LM_04_GGK_20260522_CS_3996_3952,24,1345.14435695,31.949826848198253,-91.19176645048871,ZZZ_05282026_394
LM_04_GGK_20260522_CS_3996_3952,25,1345.14435695,31.949826848198253,-91.19176645048871,ZZZ_05282026_394
LM_04_GGK_20260522_CS_3996_3952,26,1443.5695538,31.829637850308483,-91.35030050692814,ZZZ_05282026_394
LM_04_GGK_20260522_CS_3996_3952,27,1443.5695538,31.829637850308483,-91.35030050692814,ZZZ_05282026_394
LM_04_GGK_20260522_CS_3996_3952,28,1443.5695538,31.948177746600916,-91.19179876320024,ZZZ_05282026_394
LM_04_GGK_20260522_CS_3996_3952,29,1541.99475065,31.83073318913573,-91.34995897419961,ZZZ_05282026_394
LM_04_GGK_20260522_CS_3996_3952,30,1541.99475065,31.83073318913573,-91.34995897419961,ZZZ_05282026_394
LM_04_GGK_20260522_CS_3996_3952,31,1541.99475065,31.83073318913573,-91.34995897419961,ZZZ_05282026_394
LM_04_GGK_20260522_CS_3996_3952,32,1640.4199475,31.83073318913573,-91.34995897419961,ZZZ_05282026_394
LM_04_GGK_20260522_CS_3996_3952,33,1673.22834645,31.832107581373524,-91.3499345127564,ZZZ_05282026_394
LM_04_GGK_20260522_CS_3996_3952,34,1771.6535433,31.832107581373524,-91.3499345127564,ZZZ_05282026_394
LM_04_GGK_20260522_CS_3996_3952,35,1771.6535433,31.832107581373524,-91.3499345127564,ZZZ_05282026_394
LM_04_GGK_20260522_CS_3996_3952,36,1870.07874015,31.832107581373524,-91.3499345127564,ZZZ_05282026_394
LM_04_GGK_20260527_CS_3942_3888,-5,0.0,31.857773289898393,-91.31533103035072,ZZZ_05282026_394
LM_04_GGK_20260527_CS_3942_3888,-4,0.0,31.857773289898393,-91.31533103035072,ZZZ_05282026_394
LM_04_GGK_20260527_CS_3942_3888,-3,0.0,31.857773289898393,-91.31533103035072,ZZZ_05282026_394
LM_04_GGK_20260527_CS_3942_3888,-2,0.0,31.857773289898393,-91.31533103035072,ZZZ_05282026_394
LM_04_GGK_20260527_CS_3942_3888,-1,0.0,31.856923058886736,-91.31341370775574,ZZZ_05282026_394
LM_04_GGK_20260527_CS_3942_3888,0,0.0,31.856923058886736,-91.31341370775574,ZZZ_05282026_394
LM_04_GGK_20260527_CS_3942_3888,1,0.0,31.913001388329942,-91.1928096983039,ZZZ_05282026_394
LM_04_GGK_20260527_CS_3942_3888,2,0.0,31.913001388329942,-91.1928096983039,ZZZ_05282026_394
LM_04_GGK_20260527_CS_3942_3888,3,0.0,31.913001388329942,-91.1928096983039,ZZZ_05282026_394
LM_04_GGK_20260527_CS_3942_3888,4,0.0,31.913001388329942,-91.1928096983039,ZZZ_05282026_394
LM_04_GGK_20260527_CS_3942_3888,5,0.0,31.916849314838604,-91.19273444285417,ZZZ_05282026_394
LM_04_GGK_20260527_CS_3942_3888,6,590.5511811,31.907802106323015,-91.19452285364586,ZZZ_05282026_394
LM_04_GGK_20260527_CS_3942_3888,7,590.5511811,31.907802106323015,-91.19452285364586,ZZZ_05282026_394
LM_04_GGK_20260527_CS_3942_3888,8,623.35958005,31.907802106323015,-91.19452285364586,ZZZ_05282026_394
LM_04_GGK_20260527_CS_3942_3888,9,820.20997375,31.904526760392354,-91.19619826312059,ZZZ_05282026_394
LM_04_GGK_20260527_CS_3942_3888,10,951.44356955,31.846346855020705,-91.34549372270983,ZZZ_05282026_394
LM_04_GGK_20260527_CS_3942_3888,11,951.44356955,31.846346855020705,-91.34549372270983,ZZZ_05282026_394
LM_04_GGK_20260527_CS_3942_3888,12,951.44356955,31.846346855020705,-91.34549372270983,ZZZ_05282026_394
LM_04_GGK_20260527_CS_3942_3888,13,951.44356955,31.846346855020705,-91.34549372270983,ZZZ_05282026_394
LM_04_GGK_20260527_CS_3942_3888,14,1049.8687664,31.845255722028927,-91.34615739205137,ZZZ_05282026_394
LM_04_GGK_20260527_CS_3942_3888,15,1049.8687664,31.845255722028927,-91.34615739205137,ZZZ_05282026_394
LM_04_GGK_20260527_CS_3942_3888,16,1049.8687664,31.845255722028927,-91.34615739205137,ZZZ_05282026_394
LM_04_GGK_20260527_CS_3942_3888,17,1049.8687664,31.846346855020705,-91.34549372270983,ZZZ_05282026_394
LM_04_GGK_20260527_CS_3942_3888,18,1049.8687664,31.846346855020705,-91.34549372270983,ZZZ_05282026_394
LM_04_GGK_20260527_CS_3942_3888,19,1049.8687664,31.846346855020705,-91.34549372270983,ZZZ_05282026_394
LM_04_GGK_20260527_CS_3942_3888,20,1049.8687664,31.846346855020705,-91.34549372270983,ZZZ_05282026_394
LM_04_GGK_20260527_CS_3942_3888,21,1082.67716535,31.845255722028927,-91.34615739205137,ZZZ_05282026_394
LM_04_GGK_20260527_CS_3942_3888,22,1181.1023622,31.845255722028927,-91.34615739205137,ZZZ_05282026_394
LM_04_GGK_20260527_CS_3942_3888,23,1279.52755905,31.846346855020705,-91.34549372270983,ZZZ_05282026_394
LM_04_GGK_20260527_CS_3942_3888,24,1345.14435695,31.949826848198253,-91.19176645048871,ZZZ_05282026_394
LM_04_GGK_20260527_CS_3942_3888,25,1345.14435695,31.949826848198253,-91.19176645048871,ZZZ_05282026_394
LM_04_GGK_20260527_CS_3942_3888,26,1443.5695538,31.829637850308483,-91.35030050692814,ZZZ_05282026_394
LM_04_GGK_20260527_CS_3942_3888,27,1443.5695538,31.829637850308483,-91.35030050692814,ZZZ_05282026_394
LM_04_GGK_20260527_CS_3942_3888,28,1443.5695538,31.948177746600916,-91.19179876320024,ZZZ_05282026_394
LM_04_GGK_20260527_CS_3942_3888,29,1541.99475065,31.83073318913573,-91.34995897419961,ZZZ_05282026_394
LM_04_GGK_20260527_CS_3942_3888,30,1541.99475065,31.83073318913573,-91.34995897419961,ZZZ_05282026_394
LM_04_GGK_20260527_CS_3942_3888,31,1541.99475065,31.83073318913573,-91.34995897419961,ZZZ_05282026_394
LM_04_GGK_20260527_CS_3942_3888,32,1640.4199475,31.83073318913573,-91.34995897419961,ZZZ_05282026_394
LM_04_GGK_20260527_CS_3942_3888,33,1673.22834645,31.832107581373524,-91.3499345127564,ZZZ_05282026_394
LM_04_GGK_20260527_CS_3942_3888,34,1771.6535433,31.832107581373524,-91.3499345127564,ZZZ_05282026_394
LM_04_GGK_20260527_CS_3942_3888,35,1771.6535433,31.832107581373524,-91.3499345127564,ZZZ_05282026_394
LM_04_GGK_20260527_CS_3942_3888,36,1870.07874015,31.832107581373524,-91.3499345127564,ZZZ_05282026_394
LM_04_GGK_20260528_CS_3886_3820,-5,0.0,31.857773289898393,-91.31533103035072,ZZZ_05282026_394
LM_04_GGK_20260528_CS_3886_3820,-4,0.0,31.857773289898393,-91.31533103035072,ZZZ_05282026_394
LM_04_GGK_20260528_CS_3886_3820,-3,0.0,31.857773289898393,-91.31533103035072,ZZZ_05282026_394
LM_04_GGK_20260528_CS_3886_3820,-2,0.0,31.857773289898393,-91.31533103035072,ZZZ_05282026_394
LM_04_GGK_20260528_CS_3886_3820,-1,0.0,31.856923058886736,-91.31341370775574,ZZZ_05282026_394
LM_04_GGK_20260528_CS_3886_3820,0,0.0,31.856923058886736,-91.31341370775574,ZZZ_05282026_394
LM_04_GGK_20260528_CS_3886_3820,1,0.0,31.913001388329942,-91.1928096983039,ZZZ_05282026_394
LM_04_GGK_20260528_CS_3886_3820,2,0.0,31.913001388329942,-91.1928096983039,ZZZ_05282026_394
LM_04_GGK_20260528_CS_3886_3820,3,0.0,31.913001388329942,-91.1928096983039,ZZZ_05282026_394
LM_04_GGK_20260528_CS_3886_3820,4,0.0,31.913001388329942,-91.1928096983039,ZZZ_05282026_394
LM_04_GGK_20260528_CS_3886_3820,5,0.0,31.916849314838604,-91.19273444285417,ZZZ_05282026_394
LM_04_GGK_20260528_CS_3886_3820,6,590.5511811,31.907802106323015,-91.19452285364586,ZZZ_05282026_394
LM_04_GGK_20260528_CS_3886_3820,7,590.5511811,31.907802106323015,-91.19452285364586,ZZZ_05282026_394
LM_04_GGK_20260528_CS_3886_3820,8,623.35958005,31.907802106323015,-91.19452285364586,ZZZ_05282026_394
LM_04_GGK_20260528_CS_3886_3820,9,820.20997375,31.904526760392354,-91.19619826312059,ZZZ_05282026_394
LM_04_GGK_20260528_CS_3886_3820,10,951.44356955,31.846346855020705,-91.34549372270983,ZZZ_05282026_394
LM_04_GGK_20260528_CS_3886_3820,11,951.44356955,31.846346855020705,-91.34549372270983,ZZZ_05282026_394
LM_04_GGK_20260528_CS_3886_3820,12,951.44356955,31.846346855020705,-91.34549372270983,ZZZ_05282026_394
LM_04_GGK_20260528_CS_3886_3820,13,951.44356955,31.846346855020705,-91.34549372270983,ZZZ_05282026_394
LM_04_GGK_20260528_CS_3886_3820,14,1049.8687664,31.845255722028927,-91.34615739205137,ZZZ_05282026_394
LM_04_GGK_20260528_CS_3886_3820,15,1049.8687664,31.845255722028927,-91.34615739205137,ZZZ_05282026_394
LM_04_GGK_20260528_CS_3886_3820,16,1049.8687664,31.845255722028927,-91.34615739205137,ZZZ_05282026_394
LM_04_GGK_20260528_CS_3886_3820,17,1049.8687664,31.846346855020705,-91.34549372270983,ZZZ_05282026_394
LM_04_GGK_20260528_CS_3886_3820,18,1049.8687664,31.846346855020705,-91.34549372270983,ZZZ_05282026_394
LM_04_GGK_20260528_CS_3886_3820,19,1049.8687664,31.846346855020705,-91.34549372270983,ZZZ_05282026_394
LM_04_GGK_20260528_CS_3886_3820,20,1049.8687664,31.846346855020705,-91.34549372270983,ZZZ_05282026_394
LM_04_GGK_20260528_CS_3886_3820,21,1082.67716535,31.845255722028927,-91.34615739205137,ZZZ_05282026_394
LM_04_GGK_20260528_CS_3886_3820,22,1181.1023622,31.845255722028927,-91.34615739205137,ZZZ_05282026_394
LM_04_GGK_20260528_CS_3886_3820,23,1279.52755905,31.846346855020705,-91.34549372270983,ZZZ_05282026_394
LM_04_GGK_20260528_CS_3886_3820,24,1345.14435695,31.949826848198253,-91.19176645048871,ZZZ_05282026_394
LM_04_GGK_20260528_CS_3886_3820,25,1345.14435695,31.949826848198253,-91.19176645048871,ZZZ_05282026_394
LM_04_GGK_20260528_CS_3886_3820,26,1443.5695538,31.829637850308483,-91.35030050692814,ZZZ_05282026_394
LM_04_GGK_20260528_CS_3886_3820,27,1443.5695538,31.829637850308483,-91.35030050692814,ZZZ_05282026_394
LM_04_GGK_20260528_CS_3886_3820,28,1443.5695538,31.948177746600916,-91.19179876320024,ZZZ_05282026_394
LM_04_GGK_20260528_CS_3886_3820,29,1541.99475065,31.83073318913573,-91.34995897419961,ZZZ_05282026_394
LM_04_GGK_20260528_CS_3886_3820,30,1541.99475065,31.83073318913573,-91.34995897419961,ZZZ_05282026_394
LM_04_GGK_20260528_CS_3886_3820,31,1541.99475065,31.83073318913573,-91.34995897419961,ZZZ_05282026_394
LM_04_GGK_20260528_CS_3886_3820,32,1640.4199475,31.83073318913573,-91.34995897419961,ZZZ_05282026_394
LM_04_GGK_20260528_CS_3886_3820,33,1673.22834645,31.832107581373524,-91.3499345127564,ZZZ_05282026_394
LM_04_GGK_20260528_CS_3886_3820,34,1771.6535433,31.832107581373524,-91.3499345127564,ZZZ_05282026_394
LM_04_GGK_20260528_CS_3886_3820,35,1771.6535433,31.832107581373524,-91.3499345127564,ZZZ_05282026_394
LM_04_GGK_20260528_CS_3886_3820,36,1870.07874015,31.832107581373524,-91.3499345127564,ZZZ_05282026_394
