survey_id,date,year,mile,method,station_id,station_ft,width_ft,flag,lon,lat
LM_05_VGG_20210805_CS_4182_4182,2021-08-05 00:00:00+00:00,2021,418.0,blob,0,0.0,153.3,ok,-91.054164,32.126
LM_05_VGG_20210805_CS_4182_4182,2021-08-05 00:00:00+00:00,2021,418.0,blob,1,98.4,152.8,ok,-91.054291,32.125752
LM_05_VGG_20210805_CS_4182_4182,2021-08-05 00:00:00+00:00,2021,418.0,blob,2,196.9,101.6,ok,-91.054418,32.125504
LM_05_VGG_20210805_CS_4182_4182,2021-08-05 00:00:00+00:00,2021,418.0,blob,3,295.3,101.2,ok,-91.054546,32.125256
LM_05_VGG_20210805_CS_4182_4182,2021-08-05 00:00:00+00:00,2021,418.0,blob,4,393.7,100.9,ok,-91.054673,32.125008
LM_05_VGG_20210805_CS_4182_4182,2021-08-05 00:00:00+00:00,2021,418.0,blob,5,492.1,150.9,ok,-91.054801,32.12476
LM_05_VGG_20210805_CS_4182_4182,2021-08-05 00:00:00+00:00,2021,418.0,blob,6,590.6,100.3,ok,-91.054928,32.124513
LM_05_VGG_20210805_CS_4182_4182,2021-08-05 00:00:00+00:00,2021,418.0,blob,7,689.0,150.0,ok,-91.055056,32.124265
LM_05_VGG_20210805_CS_4182_4182,2021-08-05 00:00:00+00:00,2021,418.0,blob,8,787.4,66.4,ok,-91.055183,32.124017
LM_05_VGG_20210805_CS_4182_4182,2021-08-05 00:00:00+00:00,2021,418.0,blob,9,885.8,132.5,ok,-91.05531,32.123769
LM_05_VGG_20210805_CS_4182_4182,2021-08-05 00:00:00+00:00,2021,418.0,blob,10,984.3,132.0,ok,-91.055438,32.123521
LM_14_VBO_20211001_CS,2021-10-01 00:00:00+00:00,2021,591.0,blob,0,0.0,239.1,ok,-91.070448,33.861128
LM_14_VBO_20211001_CS,2021-10-01 00:00:00+00:00,2021,591.0,blob,1,98.4,358.4,ok,-91.070757,33.861208
LM_14_VBO_20211001_CS,2021-10-01 00:00:00+00:00,2021,591.0,blob,2,196.9,318.3,ok,-91.071067,33.861289
LM_14_VBO_20211001_CS,2021-10-01 00:00:00+00:00,2021,591.0,blob,3,295.3,318.1,ok,-91.071377,33.861369
LM_14_VBO_20211001_CS,2021-10-01 00:00:00+00:00,2021,591.0,blob,4,393.7,317.9,ok,-91.071686,33.861449
LM_14_VBO_20211001_CS,2021-10-01 00:00:00+00:00,2021,591.0,blob,5,492.1,317.7,ok,-91.071996,33.861529
LM_14_VBO_20211001_CS,2021-10-01 00:00:00+00:00,2021,591.0,blob,6,590.6,317.5,ok,-91.072305,33.86161
LM_14_VBO_20211001_CS,2021-10-01 00:00:00+00:00,2021,591.0,blob,7,689.0,317.3,ok,-91.072615,33.86169
LM_14_VBO_20211001_CS,2021-10-01 00:00:00+00:00,2021,591.0,blob,8,787.4,158.5,ok,-91.072925,33.86177
LM_14_VBO_20211001_CS,2021-10-01 00:00:00+00:00,2021,591.0,blob,9,885.8,158.4,ok,-91.073234,33.86185
LM_14_VBO_20211001_CS,2021-10-01 00:00:00+00:00,2021,591.0,blob,10,984.3,158.3,ok,-91.073544,33.861931
LM_14_VBO_20211001_CS,2021-10-01 00:00:00+00:00,2021,591.0,blob,11,1082.7,316.4,ok,-91.073853,33.862011
LM_14_VBO_20211001_CS,2021-10-01 00:00:00+00:00,2021,591.0,blob,12,1181.1,316.2,ok,-91.074163,33.862091
LM_14_VBO_20211001_CS,2021-10-01 00:00:00+00:00,2021,591.0,blob,13,1279.5,316.0,ok,-91.074473,33.862171
LM_14_VBO_20211018_CS,2021-10-18 00:00:00+00:00,2021,591.0,blob,0,0.0,245.4,ok,-91.070941,33.861254
LM_14_VBO_20211018_CS,2021-10-18 00:00:00+00:00,2021,591.0,blob,1,98.4,244.8,ok,-91.071251,33.861333
LM_14_VBO_20211018_CS,2021-10-18 00:00:00+00:00,2021,591.0,blob,2,196.9,244.2,ok,-91.071561,33.861411
LM_14_VBO_20211018_CS,2021-10-18 00:00:00+00:00,2021,591.0,blob,3,295.3,243.6,ok,-91.071871,33.86149
LM_14_VBO_20211018_CS,2021-10-18 00:00:00+00:00,2021,591.0,blob,4,393.7,243.0,ok,-91.072182,33.861569
LM_14_VBO_20211018_CS,2021-10-18 00:00:00+00:00,2021,591.0,blob,5,492.1,242.4,ok,-91.072492,33.861648
LM_14_VBO_20211018_CS,2021-10-18 00:00:00+00:00,2021,591.0,blob,6,590.6,241.8,ok,-91.072802,33.861726
LM_14_VBO_20211018_CS,2021-10-18 00:00:00+00:00,2021,591.0,blob,7,689.0,241.3,ok,-91.073112,33.861805
LM_14_VBO_20211018_CS,2021-10-18 00:00:00+00:00,2021,591.0,blob,8,787.4,320.9,ok,-91.073422,33.861884
LM_14_VBO_20211018_CS,2021-10-18 00:00:00+00:00,2021,591.0,blob,9,885.8,320.1,ok,-91.073732,33.861962
LM_14_VBO_20211018_CS,2021-10-18 00:00:00+00:00,2021,591.0,blob,10,984.3,319.3,ok,-91.074043,33.862041
LM_14_VBO_20211018_CS,2021-10-18 00:00:00+00:00,2021,591.0,blob,11,1082.7,159.2,ok,-91.074353,33.86212
LM_14_VBO_20211018_CS,2021-10-18 00:00:00+00:00,2021,591.0,blob,12,1181.1,158.9,ok,-91.074663,33.862198
LM_14_VBO_20211129_CS,2021-11-29 00:00:00+00:00,2021,591.0,blob,0,0.0,467.5,ok,-91.072559,33.86171
LM_14_VBO_20211129_CS,2021-11-29 00:00:00+00:00,2021,591.0,blob,1,98.4,467.2,ok,-91.072867,33.861796
LM_14_VBO_20211129_CS,2021-11-29 00:00:00+00:00,2021,591.0,blob,2,196.9,466.9,ok,-91.073175,33.861881
LM_14_VBO_20211129_CS,2021-11-29 00:00:00+00:00,2021,591.0,blob,3,295.3,313.2,ok,-91.073482,33.861966
LM_14_VBO_20211129_CS,2021-11-29 00:00:00+00:00,2021,591.0,blob,4,393.7,241.1,ok,-91.07379,33.862052
LM_14_VBO_20211129_CS,2021-11-29 00:00:00+00:00,2021,591.0,blob,5,492.1,363.9,ok,-91.074098,33.862137
LM_14_VBO_20211129_CS,2021-11-29 00:00:00+00:00,2021,591.0,blob,6,590.6,316.4,ok,-91.074405,33.862222
LM_14_VBO_20211129_CS,2021-11-29 00:00:00+00:00,2021,591.0,blob,7,689.0,346.0,ok,-91.07468,33.862325
LM_18_FRI_20210326_CS_671_STF_SORT,2021-03-26 00:00:00+00:00,2021,671.0,blob,0,0.0,1177.2,ok,-90.582495,34.60311
LM_18_FRI_20210326_CS_671_STF_SORT,2021-03-26 00:00:00+00:00,2021,671.0,blob,1,98.4,1317.0,ok,-90.58281,34.603183
LM_18_FRI_20210326_CS_671_STF_SORT,2021-03-26 00:00:00+00:00,2021,671.0,blob,2,196.9,1027.7,ok,-90.583116,34.603265
LM_18_FRI_20210326_CS_671_STF_SORT,2021-03-26 00:00:00+00:00,2021,671.0,blob,3,295.3,1013.5,ok,-90.583274,34.603502
LM_18_FRI_20210326_CS_671_STF_SORT,2021-03-26 00:00:00+00:00,2021,671.0,blob,4,393.7,1007.3,ok,-90.583433,34.603738
LM_18_FRI_20210326_CS_671_STF_SORT,2021-03-26 00:00:00+00:00,2021,671.0,blob,5,492.1,1047.1,ok,-90.583591,34.603975
LM_18_FRI_20210326_CS_671_STF_SORT,2021-03-26 00:00:00+00:00,2021,671.0,blob,6,590.6,1041.8,ok,-90.583691,34.604231
LM_18_FRI_20210326_CS_671_STF_SORT,2021-03-26 00:00:00+00:00,2021,671.0,blob,7,689.0,1007.0,ok,-90.583774,34.604492
LM_18_FRI_20210326_CS_671_STF_SORT,2021-03-26 00:00:00+00:00,2021,671.0,blob,8,787.4,973.4,ok,-90.583892,34.604744
LM_18_FRI_20210326_CS_671_STF_SORT,2021-03-26 00:00:00+00:00,2021,671.0,blob,9,885.8,934.9,ok,-90.584051,34.604979
LM_18_FRI_20210326_CS_671_STF_SORT,2021-03-26 00:00:00+00:00,2021,671.0,blob,10,984.3,985.4,ok,-90.584238,34.605201
LM_18_FRI_20210326_CS_671_STF_SORT,2021-03-26 00:00:00+00:00,2021,671.0,blob,11,1082.7,979.5,ok,-90.584356,34.60545
LM_18_FRI_20210326_CS_671_STF_SORT,2021-03-26 00:00:00+00:00,2021,671.0,blob,12,1181.1,848.1,ok,-90.584456,34.605708
LM_18_FRI_20210326_CS_671_STF_SORT,2021-03-26 00:00:00+00:00,2021,671.0,blob,13,1279.5,832.5,ok,-90.584601,34.605948
LM_18_FRI_20210326_CS_671_STF_SORT,2021-03-26 00:00:00+00:00,2021,671.0,blob,14,1378.0,897.3,ok,-90.584775,34.606177
LM_18_FRI_20210326_CS_671_STF_SORT,2021-03-26 00:00:00+00:00,2021,671.0,blob,15,1476.4,889.1,ok,-90.58495,34.606405
LM_18_FRI_20210326_CS_671_STF_SORT,2021-03-26 00:00:00+00:00,2021,671.0,blob,16,1574.8,942.3,ok,-90.585125,34.606634
LM_18_FRI_20210326_CS_671_STF_SORT,2021-03-26 00:00:00+00:00,2021,671.0,blob,17,1673.2,913.8,ok,-90.585299,34.606862
LM_18_FRI_20210326_CS_671_STF_SORT,2021-03-26 00:00:00+00:00,2021,671.0,blob,18,1771.7,929.7,ok,-90.585474,34.607091
LM_18_FRI_20210326_CS_671_STF_SORT,2021-03-26 00:00:00+00:00,2021,671.0,blob,19,1870.1,855.4,ok,-90.585649,34.607319
LM_18_FRI_20210326_CS_671_STF_SORT,2021-03-26 00:00:00+00:00,2021,671.0,blob,20,1968.5,889.7,ok,-90.585824,34.607548
LM_18_FRI_20210326_CS_671_STF_SORT,2021-03-26 00:00:00+00:00,2021,671.0,blob,21,2066.9,882.4,ok,-90.586001,34.607775
LM_18_FRI_20210326_CS_671_STF_SORT,2021-03-26 00:00:00+00:00,2021,671.0,blob,22,2165.4,987.6,ok,-90.586224,34.607973
LM_18_FRI_20210326_CS_671_STF_SORT,2021-03-26 00:00:00+00:00,2021,671.0,blob,23,2263.8,978.1,ok,-90.586358,34.608212
LM_18_FRI_20210326_CS_671_STF_SORT,2021-03-26 00:00:00+00:00,2021,671.0,blob,24,2362.2,947.7,ok,-90.586447,34.608472
LM_18_FRI_20210326_CS_671_STF_SORT,2021-03-26 00:00:00+00:00,2021,671.0,blob,25,2460.6,989.7,ok,-90.586536,34.608732
LM_18_FRI_20210326_CS_671_STF_SORT,2021-03-26 00:00:00+00:00,2021,671.0,blob,26,2559.1,929.9,ok,-90.586625,34.608992
LM_18_FRI_20210326_CS_671_STF_SORT,2021-03-26 00:00:00+00:00,2021,671.0,blob,27,2657.5,911.9,ok,-90.586757,34.609238
LM_18_FRI_20210326_CS_671_STF_SORT,2021-03-26 00:00:00+00:00,2021,671.0,blob,28,2755.9,965.5,ok,-90.586921,34.609471
LM_18_FRI_20210326_CS_671_STF_SORT,2021-03-26 00:00:00+00:00,2021,671.0,blob,29,2854.3,937.1,ok,-90.587086,34.609705
LM_18_FRI_20210326_CS_671_STF_SORT,2021-03-26 00:00:00+00:00,2021,671.0,blob,30,2952.8,958.4,ok,-90.587251,34.609938
LM_18_FRI_20210326_CS_671_STF_SORT,2021-03-26 00:00:00+00:00,2021,671.0,blob,31,3051.2,994.4,ok,-90.587416,34.610172
LM_18_FRI_20210326_CS_671_STF_SORT,2021-03-26 00:00:00+00:00,2021,671.0,blob,32,3149.6,982.8,ok,-90.587548,34.610419
LM_18_FRI_20210326_CS_671_STF_SORT,2021-03-26 00:00:00+00:00,2021,671.0,blob,33,3248.0,941.1,ok,-90.58768,34.610666
LM_18_FRI_20210326_CS_671_STF_SORT,2021-03-26 00:00:00+00:00,2021,671.0,blob,34,3346.5,945.0,ok,-90.587812,34.610914
LM_18_FRI_20210326_CS_671_STF_SORT,2021-03-26 00:00:00+00:00,2021,671.0,blob,35,3444.9,1009.5,ok,-90.587944,34.611161
LM_18_FRI_20210326_CS_671_STF_SORT,2021-03-26 00:00:00+00:00,2021,671.0,blob,36,3543.3,936.0,ok,-90.588018,34.611424
LM_18_FRI_20210326_CS_671_STF_SORT,2021-03-26 00:00:00+00:00,2021,671.0,blob,37,3641.7,870.3,ok,-90.588084,34.611689
LM_18_FRI_20210326_CS_671_STF_SORT,2021-03-26 00:00:00+00:00,2021,671.0,blob,38,3740.2,866.8,ok,-90.588193,34.611941
LM_18_FRI_20210326_CS_671_STF_SORT,2021-03-26 00:00:00+00:00,2021,671.0,blob,39,3838.6,870.4,ok,-90.588334,34.612186
LM_18_FRI_20210326_CS_671_STF_SORT,2021-03-26 00:00:00+00:00,2021,671.0,blob,40,3937.0,894.2,ok,-90.588474,34.61243
LM_18_FRI_20210326_CS_671_STF_SORT,2021-03-26 00:00:00+00:00,2021,671.0,blob,41,4035.4,1109.2,ok,-90.588788,34.612504
LM_18_FRI_20210326_CS_671_STF_SORT,2021-03-26 00:00:00+00:00,2021,671.0,blob,42,4133.9,854.5,ok,-90.58907,34.612628
LM_23_OSC_20210521_CS_784_LBL_SORT,2021-05-21 00:00:00+00:00,2021,784.0,blob,0,0.0,916.7,ok,-89.936735,35.664656
LM_23_OSC_20210521_CS_784_LBL_SORT,2021-05-21 00:00:00+00:00,2021,784.0,blob,1,98.4,1063.2,ok,-89.9367,35.664923
LM_23_OSC_20210521_CS_784_LBL_SORT,2021-05-21 00:00:00+00:00,2021,784.0,blob,2,196.9,885.7,ok,-89.936734,35.66517
LM_23_OSC_20210521_CS_784_LBL_SORT,2021-05-21 00:00:00+00:00,2021,784.0,blob,3,295.3,859.4,ok,-89.936933,35.665386
LM_23_OSC_20210521_CS_784_LBL_SORT,2021-05-21 00:00:00+00:00,2021,784.0,blob,4,393.7,874.0,ok,-89.937132,35.665602
LM_23_OSC_20210521_CS_784_LBL_SORT,2021-05-21 00:00:00+00:00,2021,784.0,blob,5,492.1,857.7,ok,-89.937311,35.665828
LM_23_OSC_20210521_CS_784_LBL_SORT,2021-05-21 00:00:00+00:00,2021,784.0,blob,6,590.6,937.2,ok,-89.937466,35.666067
LM_23_OSC_20210521_CS_784_LBL_SORT,2021-05-21 00:00:00+00:00,2021,784.0,blob,7,689.0,846.4,ok,-89.937622,35.666306
LM_23_OSC_20210521_CS_784_LBL_SORT,2021-05-21 00:00:00+00:00,2021,784.0,blob,8,787.4,877.4,ok,-89.937777,35.666544
LM_23_OSC_20210521_CS_784_LBL_SORT,2021-05-21 00:00:00+00:00,2021,784.0,blob,9,885.8,925.0,ok,-89.937937,35.666781
LM_23_OSC_20210521_CS_784_LBL_SORT,2021-05-21 00:00:00+00:00,2021,784.0,blob,10,984.3,892.9,ok,-89.938134,35.666998
LM_23_OSC_20210521_CS_784_LBL_SORT,2021-05-21 00:00:00+00:00,2021,784.0,blob,11,1082.7,798.6,ok,-89.938331,35.667215
LM_23_OSC_20210521_CS_784_LBL_SORT,2021-05-21 00:00:00+00:00,2021,784.0,blob,12,1181.1,798.0,ok,-89.938516,35.667438
LM_23_OSC_20210521_CS_784_LBL_SORT,2021-05-21 00:00:00+00:00,2021,784.0,blob,13,1279.5,876.0,ok,-89.938668,35.667678
LM_23_OSC_20210521_CS_784_LBL_SORT,2021-05-21 00:00:00+00:00,2021,784.0,blob,14,1378.0,828.1,ok,-89.938821,35.667918
LM_23_OSC_20210521_CS_784_LBL_SORT,2021-05-21 00:00:00+00:00,2021,784.0,blob,15,1476.4,932.2,ok,-89.938973,35.668158
LM_23_OSC_20210521_CS_784_LBL_SORT,2021-05-21 00:00:00+00:00,2021,784.0,blob,16,1574.8,909.3,ok,-89.939126,35.668398
LM_23_OSC_20210521_CS_784_LBL_SORT,2021-05-21 00:00:00+00:00,2021,784.0,blob,17,1673.2,880.6,ok,-89.939279,35.668638
LM_23_OSC_20210521_CS_784_LBL_SORT,2021-05-21 00:00:00+00:00,2021,784.0,blob,18,1771.7,811.3,ok,-89.939431,35.668878
LM_23_OSC_20210521_CS_784_LBL_SORT,2021-05-21 00:00:00+00:00,2021,784.0,blob,19,1870.1,836.3,ok,-89.939598,35.66911
LM_23_OSC_20210521_CS_784_LBL_SORT,2021-05-21 00:00:00+00:00,2021,784.0,blob,20,1968.5,875.5,ok,-89.939786,35.669333
LM_23_OSC_20210521_CS_784_LBL_SORT,2021-05-21 00:00:00+00:00,2021,784.0,blob,21,2066.9,895.0,ok,-89.939973,35.669556
LM_23_OSC_20210521_CS_784_LBL_SORT,2021-05-21 00:00:00+00:00,2021,784.0,blob,22,2165.4,902.1,ok,-89.94016,35.669779
LM_23_OSC_20210521_CS_784_LBL_SORT,2021-05-21 00:00:00+00:00,2021,784.0,blob,23,2263.8,879.8,ok,-89.940348,35.670002
LM_23_OSC_20210521_CS_784_LBL_SORT,2021-05-21 00:00:00+00:00,2021,784.0,blob,24,2362.2,882.2,ok,-89.940535,35.670224
LM_23_OSC_20210521_CS_784_LBL_SORT,2021-05-21 00:00:00+00:00,2021,784.0,blob,25,2460.6,801.3,ok,-89.940723,35.670447
LM_23_OSC_20210521_CS_784_LBL_SORT,2021-05-21 00:00:00+00:00,2021,784.0,blob,26,2559.1,842.3,ok,-89.94091,35.67067
LM_23_OSC_20210521_CS_784_LBL_SORT,2021-05-21 00:00:00+00:00,2021,784.0,blob,27,2657.5,857.4,ok,-89.941098,35.670893
LM_23_OSC_20210521_CS_784_LBL_SORT,2021-05-21 00:00:00+00:00,2021,784.0,blob,28,2755.9,874.4,ok,-89.941281,35.671118
LM_23_OSC_20210521_CS_784_LBL_SORT,2021-05-21 00:00:00+00:00,2021,784.0,blob,29,2854.3,846.9,ok,-89.941434,35.671357
LM_23_OSC_20210521_CS_784_LBL_SORT,2021-05-21 00:00:00+00:00,2021,784.0,blob,30,2952.8,838.2,ok,-89.941611,35.671584
LM_23_OSC_20210521_CS_784_LBL_SORT,2021-05-21 00:00:00+00:00,2021,784.0,blob,31,3051.2,879.8,ok,-89.941819,35.671794
LM_23_OSC_20210521_CS_784_LBL_SORT,2021-05-21 00:00:00+00:00,2021,784.0,blob,32,3149.6,833.1,ok,-89.942028,35.672004
LM_23_OSC_20210521_CS_784_LBL_SORT,2021-05-21 00:00:00+00:00,2021,784.0,blob,33,3248.0,843.8,ok,-89.942236,35.672214
LM_23_OSC_20210521_CS_784_LBL_SORT,2021-05-21 00:00:00+00:00,2021,784.0,blob,34,3346.5,827.3,ok,-89.942445,35.672424
LM_23_OSC_20210521_CS_784_LBL_SORT,2021-05-21 00:00:00+00:00,2021,784.0,blob,35,3444.9,432.9,ok,-89.942671,35.672621
LM_23_OSC_20210521_CS_784_LBL_SORT,2021-05-21 00:00:00+00:00,2021,784.0,blob,36,3543.3,816.3,ok,-89.942907,35.67281
LM_23_OSC_20210521_CS_784_LBL_SORT,2021-05-21 00:00:00+00:00,2021,784.0,blob,37,3641.7,462.3,ok,-89.943221,35.672895
LM_23_OSC_20210521_CS_784_LBL_SORT,2021-05-21 00:00:00+00:00,2021,784.0,blob,38,3740.2,340.9,ok,-89.943536,35.672978
LM_23_OSC_20210521_CS_784_LBL_SORT,2021-05-21 00:00:00+00:00,2021,784.0,blob,39,3838.6,396.5,ok,-89.943851,35.673062
UM_SL_ILC_20260708_BD_2,2026-07-08 00:00:00+00:00,2026,172.0,blob,0,0.0,1139.7,ok,-90.257791,38.533255
UM_SL_ILC_20260708_BD_2,2026-07-08 00:00:00+00:00,2026,172.0,blob,1,98.4,922.7,ok,-90.258107,38.533159
UM_SL_ILC_20260708_BD_2,2026-07-08 00:00:00+00:00,2026,172.0,blob,2,196.9,935.0,ok,-90.258245,38.532911
UM_SL_ILC_20260708_BD_2,2026-07-08 00:00:00+00:00,2026,172.0,blob,3,295.3,879.8,ok,-90.258382,38.532664
UM_SL_ILC_20260708_BD_2,2026-07-08 00:00:00+00:00,2026,172.0,blob,4,393.7,931.6,ok,-90.258541,38.532425
UM_SL_ILC_20260708_BD_2,2026-07-08 00:00:00+00:00,2026,172.0,blob,5,492.1,934.1,ok,-90.258727,38.532197
UM_SL_ILC_20260708_BD_2,2026-07-08 00:00:00+00:00,2026,172.0,blob,6,590.6,604.1,ok,-90.258913,38.53197
UM_SL_ILC_20260708_BD_2,2026-07-08 00:00:00+00:00,2026,172.0,blob,7,689.0,646.8,ok,-90.259003,38.531714
UM_SL_ILC_20260708_BD_2,2026-07-08 00:00:00+00:00,2026,172.0,blob,8,787.4,847.3,ok,-90.259059,38.531447
UM_SL_ILC_20260708_BD_2,2026-07-08 00:00:00+00:00,2026,172.0,blob,9,885.8,771.4,ok,-90.259191,38.531198
UM_SL_ILC_20260708_BD_2,2026-07-08 00:00:00+00:00,2026,172.0,blob,10,984.3,462.4,ok,-90.259325,38.530949
UM_SL_ILC_20260708_BD_2,2026-07-08 00:00:00+00:00,2026,172.0,blob,11,1082.7,735.9,ok,-90.259458,38.5307
UM_SL_ILC_20260708_BD_2,2026-07-08 00:00:00+00:00,2026,172.0,blob,12,1181.1,711.3,ok,-90.259591,38.530451
UM_SL_ILC_20260708_BD_2,2026-07-08 00:00:00+00:00,2026,172.0,blob,13,1279.5,483.3,ok,-90.259751,38.530214
UM_SL_ILC_20260708_BD_2,2026-07-08 00:00:00+00:00,2026,172.0,blob,14,1378.0,745.1,ok,-90.25996,38.53
UM_SL_ILC_20260708_BD_2,2026-07-08 00:00:00+00:00,2026,172.0,blob,15,1476.4,851.4,ok,-90.260225,38.529827
UM_SL_ILC_20260708_BD_2,2026-07-08 00:00:00+00:00,2026,172.0,blob,16,1574.8,639.1,ok,-90.260489,38.529654
UM_SL_ILC_20260708_BD_2,2026-07-08 00:00:00+00:00,2026,172.0,blob,17,1673.2,394.1,ok,-90.260753,38.529481
UM_SL_ILC_20260708_BD_2,2026-07-08 00:00:00+00:00,2026,172.0,blob,18,1771.7,791.8,ok,-90.260987,38.529284
UM_SL_ILC_20260708_BD_2,2026-07-08 00:00:00+00:00,2026,172.0,blob,19,1870.1,693.1,ok,-90.261201,38.529073
UM_SL_ILC_20260708_BD_2,2026-07-08 00:00:00+00:00,2026,172.0,blob,20,1968.5,789.3,ok,-90.261442,38.528884
UM_SL_ILC_20260708_BD_2,2026-07-08 00:00:00+00:00,2026,172.0,blob,21,2066.9,1058.8,ok,-90.261723,38.528729
UM_SL_ILC_20260708_BD_2,2026-07-08 00:00:00+00:00,2026,172.0,blob,22,2165.4,484.4,ok,-90.262005,38.528573
UM_SL_ILC_20260708_BD_2,2026-07-08 00:00:00+00:00,2026,172.0,blob,23,2263.8,445.5,ok,-90.262269,38.528404
UM_SL_ILC_20260708_BD_2,2026-07-08 00:00:00+00:00,2026,172.0,blob,24,2362.2,353.9,ok,-90.26247,38.528185
UM_SL_ILC_20260708_BD_2,2026-07-08 00:00:00+00:00,2026,172.0,blob,25,2460.6,370.4,ok,-90.262628,38.527949
UM_SL_ILC_20260708_BD_2,2026-07-08 00:00:00+00:00,2026,172.0,blob,26,2559.1,413.8,ok,-90.262731,38.527691
UM_SL_ILC_20260708_BD_2,2026-07-08 00:00:00+00:00,2026,172.0,blob,27,2657.5,564.1,ok,-90.262794,38.527429
UM_SL_ILC_20260708_BD_2,2026-07-08 00:00:00+00:00,2026,172.0,blob,28,2755.9,726.9,ok,-90.262787,38.527159
UM_SL_ILC_20260708_BD_2,2026-07-08 00:00:00+00:00,2026,172.0,blob,29,2854.3,1094.1,ok,-90.26278,38.526889
UM_SL_ILC_20260708_BD_2,2026-07-08 00:00:00+00:00,2026,172.0,blob,30,2952.8,740.3,ok,-90.262939,38.526664
UM_SL_ILC_20260708_BD_2,2026-07-08 00:00:00+00:00,2026,172.0,blob,31,3051.2,589.7,ok,-90.263159,38.526457
UM_SL_ILC_20260708_BD_2,2026-07-08 00:00:00+00:00,2026,172.0,blob,32,3149.6,581.0,ok,-90.263379,38.526249
UM_SL_ILC_20260708_BD_2,2026-07-08 00:00:00+00:00,2026,172.0,blob,33,3248.0,553.0,ok,-90.263599,38.526041
UM_SL_ILC_20260708_BD_2,2026-07-08 00:00:00+00:00,2026,172.0,blob,34,3346.5,506.5,ok,-90.26377,38.525807
UM_SL_ILC_20260708_BD_2,2026-07-08 00:00:00+00:00,2026,172.0,blob,35,3444.9,565.1,ok,-90.263892,38.525558
UM_SL_ILC_20260708_BD_2,2026-07-08 00:00:00+00:00,2026,172.0,blob,36,3543.3,464.0,ok,-90.26395,38.525292
UM_SL_ILC_20260708_BD_2,2026-07-08 00:00:00+00:00,2026,172.0,blob,37,3641.7,467.1,ok,-90.264016,38.525028
UM_SL_ILC_20260708_BD_2,2026-07-08 00:00:00+00:00,2026,172.0,blob,38,3740.2,625.6,ok,-90.264174,38.524788
UM_SL_ILC_20260708_BD_2,2026-07-08 00:00:00+00:00,2026,172.0,blob,39,3838.6,509.6,ok,-90.264332,38.524548
UM_SL_ILC_20260708_BD_2,2026-07-08 00:00:00+00:00,2026,172.0,blob,40,3937.0,546.4,ok,-90.26449,38.524308
UM_SL_ILC_20260708_BD_2,2026-07-08 00:00:00+00:00,2026,172.0,blob,41,4035.4,581.4,ok,-90.264514,38.524039
UM_SL_ILC_20260708_BD_2,2026-07-08 00:00:00+00:00,2026,172.0,blob,42,4133.9,781.3,ok,-90.264536,38.523769
UM_SL_ILC_20260708_BD_2,2026-07-08 00:00:00+00:00,2026,172.0,blob,43,4232.3,766.5,ok,-90.264559,38.523499
UM_SL_ILC_20260708_BD_2,2026-07-08 00:00:00+00:00,2026,172.0,blob,44,4330.7,754.3,ok,-90.264767,38.523301
UM_SL_ILC_20260708_BD_2,2026-07-08 00:00:00+00:00,2026,172.0,blob,45,4429.1,499.6,ok,-90.265023,38.523121
UM_SL_ILC_20260708_BD_2,2026-07-08 00:00:00+00:00,2026,172.0,blob,46,4527.6,580.9,ok,-90.265274,38.522937
UM_SL_ILC_20260708_BD_2,2026-07-08 00:00:00+00:00,2026,172.0,blob,47,4626.0,489.1,ok,-90.26543,38.522696
UM_SL_ILC_20260708_BD_2,2026-07-08 00:00:00+00:00,2026,172.0,blob,48,4724.4,529.6,ok,-90.265586,38.522455
UM_SL_ILC_20260708_BD_2,2026-07-08 00:00:00+00:00,2026,172.0,blob,49,4822.8,721.1,ok,-90.265699,38.522202
UM_SL_ILC_20260708_BD_2,2026-07-08 00:00:00+00:00,2026,172.0,blob,50,4921.3,1651.9,ok,-90.26563,38.521984
UM_SL_ILC_20260708_BD_2,2026-07-08 00:00:00+00:00,2026,172.0,blob,51,5019.7,559.6,ok,-90.265464,38.521752
UM_SL_ILC_20260708_BD_2,2026-07-08 00:00:00+00:00,2026,172.0,blob,52,5118.1,586.9,ok,-90.265315,38.521509
UM_SL_ILC_20260708_BD_2,2026-07-08 00:00:00+00:00,2026,172.0,blob,53,5216.5,437.0,ok,-90.265166,38.521265
UM_SL_ILC_20260708_BD_3,2026-07-08 00:00:00+00:00,2026,171.0,blob,0,0.0,1164.9,ok,-90.266703,38.519731
UM_SL_ILC_20260708_BD_3,2026-07-08 00:00:00+00:00,2026,171.0,blob,1,98.4,758.7,ok,-90.266794,38.519479
UM_SL_ILC_20260708_BD_3,2026-07-08 00:00:00+00:00,2026,171.0,blob,2,196.9,813.3,ok,-90.266858,38.519213
UM_SL_ILC_20260708_BD_3,2026-07-08 00:00:00+00:00,2026,171.0,blob,3,295.3,1084.1,ok,-90.26686,38.518943
UM_SL_ILC_20260708_BD_3,2026-07-08 00:00:00+00:00,2026,171.0,blob,4,393.7,1146.1,ok,-90.266862,38.518673
UM_SL_ILC_20260708_BD_3,2026-07-08 00:00:00+00:00,2026,171.0,blob,5,492.1,883.5,ok,-90.26704,38.518449
UM_SL_ILC_20260708_BD_3,2026-07-08 00:00:00+00:00,2026,171.0,blob,6,590.6,805.9,ok,-90.267245,38.518232
UM_SL_ILC_20260708_BD_3,2026-07-08 00:00:00+00:00,2026,171.0,blob,7,689.0,907.0,ok,-90.267421,38.518003
UM_SL_ILC_20260708_BD_3,2026-07-08 00:00:00+00:00,2026,171.0,blob,8,787.4,737.1,ok,-90.267541,38.51775
UM_SL_ILC_20260708_BD_3,2026-07-08 00:00:00+00:00,2026,171.0,blob,9,885.8,799.3,ok,-90.26766,38.517496
UM_SL_ILC_20260708_BD_3,2026-07-08 00:00:00+00:00,2026,171.0,blob,10,984.3,745.7,ok,-90.267698,38.517231
UM_SL_ILC_20260708_BD_3,2026-07-08 00:00:00+00:00,2026,171.0,blob,11,1082.7,823.4,ok,-90.267708,38.516961
UM_SL_ILC_20260708_BD_3,2026-07-08 00:00:00+00:00,2026,171.0,blob,12,1181.1,1114.1,ok,-90.267717,38.516691
UM_SL_ILC_20260708_BD_3,2026-07-08 00:00:00+00:00,2026,171.0,blob,13,1279.5,1012.1,ok,-90.26776,38.516424
UM_SL_ILC_20260708_BD_3,2026-07-08 00:00:00+00:00,2026,171.0,blob,14,1378.0,1064.4,ok,-90.267835,38.51616
UM_SL_ILC_20260708_BD_3,2026-07-08 00:00:00+00:00,2026,171.0,blob,15,1476.4,938.6,ok,-90.267909,38.515896
UM_SL_ILC_20260708_BD_3,2026-07-08 00:00:00+00:00,2026,171.0,blob,16,1574.8,957.4,ok,-90.267983,38.515632
UM_SL_ILC_20260708_BD_3,2026-07-08 00:00:00+00:00,2026,171.0,blob,17,1673.2,930.0,ok,-90.268058,38.515369
UM_SL_ILC_20260708_BD_3,2026-07-08 00:00:00+00:00,2026,171.0,blob,18,1771.7,848.7,ok,-90.268132,38.515105
UM_SL_ILC_20260708_BD_3,2026-07-08 00:00:00+00:00,2026,171.0,blob,19,1870.1,904.6,ok,-90.268176,38.514838
UM_SL_ILC_20260708_BD_3,2026-07-08 00:00:00+00:00,2026,171.0,blob,20,1968.5,937.3,ok,-90.268194,38.514568
UM_SL_ILC_20260708_BD_3,2026-07-08 00:00:00+00:00,2026,171.0,blob,21,2066.9,968.9,ok,-90.268319,38.514319
UM_SL_ILC_20260708_BD_3,2026-07-08 00:00:00+00:00,2026,171.0,blob,22,2165.4,924.9,ok,-90.268462,38.514073
UM_SL_ILC_20260708_BD_3,2026-07-08 00:00:00+00:00,2026,171.0,blob,23,2263.8,924.2,ok,-90.268555,38.513813
UM_SL_ILC_20260708_BD_3,2026-07-08 00:00:00+00:00,2026,171.0,blob,24,2362.2,879.8,ok,-90.268638,38.513551
UM_SL_ILC_20260708_BD_3,2026-07-08 00:00:00+00:00,2026,171.0,blob,25,2460.6,875.1,ok,-90.268721,38.513289
UM_SL_ILC_20260708_BD_3,2026-07-08 00:00:00+00:00,2026,171.0,blob,26,2559.1,898.1,ok,-90.268805,38.513027
UM_SL_ILC_20260708_BD_3,2026-07-08 00:00:00+00:00,2026,171.0,blob,27,2657.5,862.1,ok,-90.268888,38.512765
UM_SL_ILC_20260708_BD_3,2026-07-08 00:00:00+00:00,2026,171.0,blob,28,2755.9,837.6,ok,-90.268971,38.512503
UM_SL_ILC_20260708_BD_3,2026-07-08 00:00:00+00:00,2026,171.0,blob,29,2854.3,869.6,ok,-90.269055,38.512241
UM_SL_ILC_20260708_BD_3,2026-07-08 00:00:00+00:00,2026,171.0,blob,30,2952.8,913.1,ok,-90.269138,38.511979
UM_SL_ILC_20260708_BD_3,2026-07-08 00:00:00+00:00,2026,171.0,blob,31,3051.2,830.9,ok,-90.269221,38.511716
UM_SL_ILC_20260708_BD_3,2026-07-08 00:00:00+00:00,2026,171.0,blob,32,3149.6,847.9,ok,-90.269305,38.511454
UM_SL_ILC_20260708_BD_3,2026-07-08 00:00:00+00:00,2026,171.0,blob,33,3248.0,865.7,ok,-90.269388,38.511192
UM_SL_ILC_20260708_BD_3,2026-07-08 00:00:00+00:00,2026,171.0,blob,34,3346.5,826.0,ok,-90.269471,38.51093
UM_SL_ILC_20260708_BD_3,2026-07-08 00:00:00+00:00,2026,171.0,blob,35,3444.9,861.0,ok,-90.269565,38.51067
UM_SL_ILC_20260708_BD_3,2026-07-08 00:00:00+00:00,2026,171.0,blob,36,3543.3,854.9,ok,-90.269684,38.510417
UM_SL_ILC_20260708_BD_3,2026-07-08 00:00:00+00:00,2026,171.0,blob,37,3641.7,850.4,ok,-90.269803,38.510163
UM_SL_ILC_20260708_BD_3,2026-07-08 00:00:00+00:00,2026,171.0,blob,38,3740.2,852.6,ok,-90.269922,38.50991
UM_SL_ILC_20260708_BD_3,2026-07-08 00:00:00+00:00,2026,171.0,blob,39,3838.6,843.2,ok,-90.270041,38.509657
UM_SL_ILC_20260708_BD_3,2026-07-08 00:00:00+00:00,2026,171.0,blob,40,3937.0,834.5,ok,-90.27016,38.509403
UM_SL_ILC_20260708_BD_3,2026-07-08 00:00:00+00:00,2026,171.0,blob,41,4035.4,810.9,ok,-90.270261,38.509145
UM_SL_ILC_20260708_BD_3,2026-07-08 00:00:00+00:00,2026,171.0,blob,42,4133.9,856.8,ok,-90.270351,38.508884
UM_SL_ILC_20260708_BD_3,2026-07-08 00:00:00+00:00,2026,171.0,blob,43,4232.3,853.1,ok,-90.270442,38.508624
UM_SL_ILC_20260708_BD_3,2026-07-08 00:00:00+00:00,2026,171.0,blob,44,4330.7,814.2,ok,-90.270533,38.508363
UM_SL_ILC_20260708_BD_3,2026-07-08 00:00:00+00:00,2026,171.0,blob,45,4429.1,862.2,ok,-90.270624,38.508103
UM_SL_ILC_20260708_BD_3,2026-07-08 00:00:00+00:00,2026,171.0,blob,46,4527.6,886.9,ok,-90.270714,38.507842
UM_SL_ILC_20260708_BD_3,2026-07-08 00:00:00+00:00,2026,171.0,blob,47,4626.0,775.4,ok,-90.270805,38.507581
UM_SL_ILC_20260708_BD_3,2026-07-08 00:00:00+00:00,2026,171.0,blob,48,4724.4,937.3,ok,-90.270898,38.507322
UM_SL_ILC_20260708_BD_3,2026-07-08 00:00:00+00:00,2026,171.0,blob,49,4822.8,1023.7,ok,-90.27121,38.507209
UM_SL_ILC_20260708_BD_4,2026-07-08 00:00:00+00:00,2026,169.0,blob,0,0.0,933.8,ok,-90.271053,38.505638
UM_SL_ILC_20260708_BD_4,2026-07-08 00:00:00+00:00,2026,169.0,blob,1,98.4,1276.5,ok,-90.271333,38.505482
UM_SL_ILC_20260708_BD_4,2026-07-08 00:00:00+00:00,2026,169.0,blob,2,196.9,1046.2,ok,-90.271585,38.505313
UM_SL_ILC_20260708_BD_4,2026-07-08 00:00:00+00:00,2026,169.0,blob,3,295.3,1015.4,ok,-90.271657,38.505048
UM_SL_ILC_20260708_BD_4,2026-07-08 00:00:00+00:00,2026,169.0,blob,4,393.7,951.7,ok,-90.271729,38.504784
UM_SL_ILC_20260708_BD_4,2026-07-08 00:00:00+00:00,2026,169.0,blob,5,492.1,1031.7,ok,-90.271801,38.50452
UM_SL_ILC_20260708_BD_4,2026-07-08 00:00:00+00:00,2026,169.0,blob,6,590.6,993.8,ok,-90.271872,38.504256
UM_SL_ILC_20260708_BD_4,2026-07-08 00:00:00+00:00,2026,169.0,blob,7,689.0,1040.0,ok,-90.271944,38.503992
UM_SL_ILC_20260708_BD_4,2026-07-08 00:00:00+00:00,2026,169.0,blob,8,787.4,968.1,ok,-90.272016,38.503727
UM_SL_ILC_20260708_BD_4,2026-07-08 00:00:00+00:00,2026,169.0,blob,9,885.8,1049.2,ok,-90.272088,38.503463
UM_SL_ILC_20260708_BD_4,2026-07-08 00:00:00+00:00,2026,169.0,blob,10,984.3,1074.1,ok,-90.27216,38.503199
UM_SL_ILC_20260708_BD_4,2026-07-08 00:00:00+00:00,2026,169.0,blob,11,1082.7,876.3,ok,-90.272232,38.502935
UM_SL_ILC_20260708_BD_4,2026-07-08 00:00:00+00:00,2026,169.0,blob,12,1181.1,1000.4,ok,-90.272423,38.502712
UM_SL_ILC_20260708_BD_4,2026-07-08 00:00:00+00:00,2026,169.0,blob,13,1279.5,750.4,ok,-90.272625,38.502494
UM_SL_ILC_20260708_BD_4,2026-07-08 00:00:00+00:00,2026,169.0,blob,14,1378.0,639.0,ok,-90.272806,38.502266
UM_SL_ILC_20260708_BD_4,2026-07-08 00:00:00+00:00,2026,169.0,blob,15,1476.4,721.6,ok,-90.272921,38.502012
UM_SL_ILC_20260708_BD_4,2026-07-08 00:00:00+00:00,2026,169.0,blob,16,1574.8,676.7,ok,-90.273037,38.501757
UM_SL_ILC_20260708_BD_4,2026-07-08 00:00:00+00:00,2026,169.0,blob,17,1673.2,618.9,ok,-90.273152,38.501503
UM_SL_ILC_20260708_BD_4,2026-07-08 00:00:00+00:00,2026,169.0,blob,18,1771.7,668.6,ok,-90.273165,38.501233
UM_SL_ILC_20260708_BD_4,2026-07-08 00:00:00+00:00,2026,169.0,blob,19,1870.1,658.2,ok,-90.273175,38.500963
UM_SL_ILC_20260708_BD_4,2026-07-08 00:00:00+00:00,2026,169.0,blob,20,1968.5,683.9,ok,-90.273158,38.500695
UM_SL_ILC_20260708_BD_4,2026-07-08 00:00:00+00:00,2026,169.0,blob,21,2066.9,633.4,ok,-90.273085,38.500431
UM_SL_ILC_20260708_BD_4,2026-07-08 00:00:00+00:00,2026,169.0,blob,22,2165.4,1034.0,ok,-90.27302,38.500167
UM_SL_ILC_20260708_BD_4,2026-07-08 00:00:00+00:00,2026,169.0,blob,23,2263.8,1073.2,ok,-90.273107,38.499905
UM_SL_ILC_20260708_BD_4,2026-07-08 00:00:00+00:00,2026,169.0,blob,24,2362.2,894.9,ok,-90.273194,38.499644
UM_SL_ILC_20260708_BD_4,2026-07-08 00:00:00+00:00,2026,169.0,blob,25,2460.6,1123.7,ok,-90.27328,38.499382
UM_SL_ILC_20260708_BD_4,2026-07-08 00:00:00+00:00,2026,169.0,blob,26,2559.1,973.7,ok,-90.27342,38.499135
UM_SL_ILC_20260708_BD_4,2026-07-08 00:00:00+00:00,2026,169.0,blob,27,2657.5,1091.9,ok,-90.273534,38.498883
UM_SL_ILC_20260708_BD_4,2026-07-08 00:00:00+00:00,2026,169.0,blob,28,2755.9,472.3,ok,-90.273585,38.498616
UM_SL_ILC_20260708_BD_4,2026-07-08 00:00:00+00:00,2026,169.0,blob,29,2854.3,619.3,ok,-90.273636,38.498348
UM_SL_ILC_20260708_BD_4,2026-07-08 00:00:00+00:00,2026,169.0,blob,30,2952.8,848.6,ok,-90.2737,38.498083
UM_SL_ILC_20260708_BD_4,2026-07-08 00:00:00+00:00,2026,169.0,blob,31,3051.2,931.1,ok,-90.273777,38.49782
UM_SL_ILC_20260708_BD_4,2026-07-08 00:00:00+00:00,2026,169.0,blob,32,3149.6,1142.5,ok,-90.273854,38.497557
UM_SL_ILC_20260708_BD_4,2026-07-08 00:00:00+00:00,2026,169.0,blob,33,3248.0,1033.5,ok,-90.273932,38.497293
UM_SL_ILC_20260708_BD_4,2026-07-08 00:00:00+00:00,2026,169.0,blob,34,3346.5,1089.2,ok,-90.274009,38.49703
UM_SL_ILC_20260708_BD_4,2026-07-08 00:00:00+00:00,2026,169.0,blob,35,3444.9,1100.7,ok,-90.274087,38.496767
UM_SL_ILC_20260708_BD_4,2026-07-08 00:00:00+00:00,2026,169.0,blob,36,3543.3,1063.5,ok,-90.274164,38.496504
UM_SL_ILC_20260708_BD_4,2026-07-08 00:00:00+00:00,2026,169.0,blob,37,3641.7,748.3,ok,-90.274241,38.49624
UM_SL_ILC_20260708_BD_4,2026-07-08 00:00:00+00:00,2026,169.0,blob,38,3740.2,633.6,ok,-90.274319,38.495977
UM_SL_ILC_20260708_BD_4,2026-07-08 00:00:00+00:00,2026,169.0,blob,39,3838.6,563.2,ok,-90.274396,38.495714
UM_SL_ILC_20260708_BD_4,2026-07-08 00:00:00+00:00,2026,169.0,blob,40,3937.0,548.4,ok,-90.274474,38.495451
UM_SL_ILC_20260708_BD_4,2026-07-08 00:00:00+00:00,2026,169.0,blob,41,4035.4,468.6,ok,-90.274551,38.495187
UM_SL_ILC_20260708_BD_4,2026-07-08 00:00:00+00:00,2026,169.0,blob,42,4133.9,582.5,ok,-90.274628,38.494924
UM_SL_ILC_20260708_BD_4,2026-07-08 00:00:00+00:00,2026,169.0,blob,43,4232.3,494.8,ok,-90.274706,38.494661
UM_SL_ILC_20260708_BD_4,2026-07-08 00:00:00+00:00,2026,169.0,blob,44,4330.7,493.2,ok,-90.274783,38.494398
UM_SL_ILC_20260708_BD_4,2026-07-08 00:00:00+00:00,2026,169.0,blob,45,4429.1,1041.9,ok,-90.27486,38.494134
UM_SL_ILC_20260708_BD_4,2026-07-08 00:00:00+00:00,2026,169.0,blob,46,4527.6,1127.6,ok,-90.274938,38.493871
UM_SL_ILC_20260708_BD_4,2026-07-08 00:00:00+00:00,2026,169.0,blob,47,4626.0,1037.1,ok,-90.275015,38.493608
UM_SL_ILC_20260708_BD_4,2026-07-08 00:00:00+00:00,2026,169.0,blob,48,4724.4,1101.4,ok,-90.275093,38.493345
UM_SL_ILC_20260708_BD_4,2026-07-08 00:00:00+00:00,2026,169.0,blob,49,4822.8,1365.8,ok,-90.275022,38.493091
UM_SL_ILC_20260708_BD_4,2026-07-08 00:00:00+00:00,2026,169.0,blob,50,4921.3,1315.4,ok,-90.274891,38.492841
UM_SL_ILC_20260708_BD_5,2026-07-08 00:00:00+00:00,2026,169.0,blob,0,0.0,539.8,ok,-90.276626,38.491221
UM_SL_ILC_20260708_BD_5,2026-07-08 00:00:00+00:00,2026,169.0,blob,1,98.4,645.3,ok,-90.276577,38.490956
UM_SL_ILC_20260708_BD_5,2026-07-08 00:00:00+00:00,2026,169.0,blob,2,196.9,1347.3,ok,-90.276433,38.490711
UM_SL_ILC_20260708_BD_5,2026-07-08 00:00:00+00:00,2026,169.0,blob,3,295.3,1322.1,ok,-90.276289,38.490465
UM_SL_ILC_20260708_BD_5,2026-07-08 00:00:00+00:00,2026,169.0,blob,4,393.7,931.8,ok,-90.27621,38.490209
UM_SL_ILC_20260708_BD_5,2026-07-08 00:00:00+00:00,2026,169.0,blob,5,492.1,1089.4,ok,-90.276212,38.489939
UM_SL_ILC_20260708_BD_5,2026-07-08 00:00:00+00:00,2026,169.0,blob,6,590.6,1104.3,ok,-90.276221,38.489669
UM_SL_ILC_20260708_BD_5,2026-07-08 00:00:00+00:00,2026,169.0,blob,7,689.0,783.1,ok,-90.276307,38.489408
UM_SL_ILC_20260708_BD_5,2026-07-08 00:00:00+00:00,2026,169.0,blob,8,787.4,827.6,ok,-90.276393,38.489146
UM_SL_ILC_20260708_BD_5,2026-07-08 00:00:00+00:00,2026,169.0,blob,9,885.8,728.9,ok,-90.276478,38.488885
UM_SL_ILC_20260708_BD_5,2026-07-08 00:00:00+00:00,2026,169.0,blob,10,984.3,1043.3,ok,-90.276564,38.488623
UM_SL_ILC_20260708_BD_5,2026-07-08 00:00:00+00:00,2026,169.0,blob,11,1082.7,568.3,ok,-90.276624,38.488357
UM_SL_ILC_20260708_BD_5,2026-07-08 00:00:00+00:00,2026,169.0,blob,12,1181.1,537.6,ok,-90.276667,38.488089
UM_SL_ILC_20260708_BD_5,2026-07-08 00:00:00+00:00,2026,169.0,blob,13,1279.5,582.5,ok,-90.276748,38.487828
UM_SL_ILC_20260708_BD_5,2026-07-08 00:00:00+00:00,2026,169.0,blob,14,1378.0,1003.1,ok,-90.276861,38.487573
UM_SL_ILC_20260708_BD_5,2026-07-08 00:00:00+00:00,2026,169.0,blob,15,1476.4,901.5,ok,-90.276973,38.487318
UM_SL_ILC_20260708_BD_5,2026-07-08 00:00:00+00:00,2026,169.0,blob,16,1574.8,688.0,ok,-90.277085,38.487062
UM_SL_ILC_20260708_BD_5,2026-07-08 00:00:00+00:00,2026,169.0,blob,17,1673.2,1047.8,ok,-90.277149,38.486797
UM_SL_ILC_20260708_BD_5,2026-07-08 00:00:00+00:00,2026,169.0,blob,18,1771.7,724.9,ok,-90.277213,38.486531
UM_SL_ILC_20260708_BD_5,2026-07-08 00:00:00+00:00,2026,169.0,blob,19,1870.1,958.3,ok,-90.277276,38.486266
UM_SL_ILC_20260708_BD_5,2026-07-08 00:00:00+00:00,2026,169.0,blob,20,1968.5,927.5,ok,-90.277339,38.486
UM_SL_ILC_20260708_BD_5,2026-07-08 00:00:00+00:00,2026,169.0,blob,21,2066.9,1064.5,ok,-90.277402,38.485735
UM_SL_ILC_20260708_BD_5,2026-07-08 00:00:00+00:00,2026,169.0,blob,22,2165.4,975.8,ok,-90.277465,38.485469
UM_SL_ILC_20260708_BD_5,2026-07-08 00:00:00+00:00,2026,169.0,blob,23,2263.8,1072.0,ok,-90.277528,38.485203
UM_SL_ILC_20260708_BD_5,2026-07-08 00:00:00+00:00,2026,169.0,blob,24,2362.2,1042.6,ok,-90.277591,38.484938
UM_SL_ILC_20260708_BD_5,2026-07-08 00:00:00+00:00,2026,169.0,blob,25,2460.6,1057.8,ok,-90.277654,38.484672
UM_SL_ILC_20260708_BD_5,2026-07-08 00:00:00+00:00,2026,169.0,blob,26,2559.1,1057.9,ok,-90.277732,38.484409
UM_SL_ILC_20260708_BD_5,2026-07-08 00:00:00+00:00,2026,169.0,blob,27,2657.5,1032.2,ok,-90.277811,38.484146
UM_SL_ILC_20260708_BD_5,2026-07-08 00:00:00+00:00,2026,169.0,blob,28,2755.9,1052.3,ok,-90.277889,38.483883
UM_SL_ILC_20260708_BD_5,2026-07-08 00:00:00+00:00,2026,169.0,blob,29,2854.3,1072.5,ok,-90.277968,38.48362
UM_SL_ILC_20260708_BD_5,2026-07-08 00:00:00+00:00,2026,169.0,blob,30,2952.8,1030.6,ok,-90.278047,38.483357
UM_SL_ILC_20260708_BD_5,2026-07-08 00:00:00+00:00,2026,169.0,blob,31,3051.2,985.6,ok,-90.278125,38.483094
UM_SL_ILC_20260708_BD_5,2026-07-08 00:00:00+00:00,2026,169.0,blob,32,3149.6,1044.2,ok,-90.278173,38.482827
UM_SL_ILC_20260708_BD_5,2026-07-08 00:00:00+00:00,2026,169.0,blob,33,3248.0,1046.5,ok,-90.2782,38.482558
UM_SL_ILC_20260708_BD_5,2026-07-08 00:00:00+00:00,2026,169.0,blob,34,3346.5,1067.5,ok,-90.278228,38.482289
UM_SL_ILC_20260708_BD_5,2026-07-08 00:00:00+00:00,2026,169.0,blob,35,3444.9,1088.4,ok,-90.278286,38.482024
UM_SL_ILC_20260708_BD_5,2026-07-08 00:00:00+00:00,2026,169.0,blob,36,3543.3,1049.1,ok,-90.278377,38.481763
UM_SL_ILC_20260708_BD_5,2026-07-08 00:00:00+00:00,2026,169.0,blob,37,3641.7,1067.4,ok,-90.278468,38.481502
UM_SL_ILC_20260708_BD_5,2026-07-08 00:00:00+00:00,2026,169.0,blob,38,3740.2,1028.6,ok,-90.278559,38.481242
UM_SL_ILC_20260708_BD_5,2026-07-08 00:00:00+00:00,2026,169.0,blob,39,3838.6,1019.5,ok,-90.278635,38.480979
UM_SL_ILC_20260708_BD_5,2026-07-08 00:00:00+00:00,2026,169.0,blob,40,3937.0,1031.9,ok,-90.278674,38.480711
UM_SL_ILC_20260708_BD_5,2026-07-08 00:00:00+00:00,2026,169.0,blob,41,4035.4,927.9,ok,-90.278714,38.480442
UM_SL_ILC_20260708_BD_5,2026-07-08 00:00:00+00:00,2026,169.0,blob,42,4133.9,1053.1,ok,-90.278789,38.48018
UM_SL_ILC_20260708_BD_5,2026-07-08 00:00:00+00:00,2026,169.0,blob,43,4232.3,1034.2,ok,-90.278903,38.479925
UM_SL_ILC_20260708_BD_5,2026-07-08 00:00:00+00:00,2026,169.0,blob,44,4330.7,968.3,ok,-90.279017,38.479671
UM_SL_ILC_20260708_BD_5,2026-07-08 00:00:00+00:00,2026,169.0,blob,45,4429.1,850.7,ok,-90.279131,38.479416
UM_SL_ILC_20260708_BD_5,2026-07-08 00:00:00+00:00,2026,169.0,blob,46,4527.6,844.8,ok,-90.279196,38.479152
UM_SL_ILC_20260708_BD_5,2026-07-08 00:00:00+00:00,2026,169.0,blob,47,4626.0,840.8,ok,-90.27924,38.478884
UM_SL_ILC_20260708_BD_5,2026-07-08 00:00:00+00:00,2026,169.0,blob,48,4724.4,1079.6,ok,-90.279236,38.478621
UM_SL_ILC_20260708_BD_6,2026-07-08 00:00:00+00:00,2026,167.0,blob,0,0.0,504.6,ok,-90.278359,38.475895
UM_SL_ILC_20260708_BD_6,2026-07-08 00:00:00+00:00,2026,167.0,blob,1,98.4,840.3,ok,-90.278663,38.475769
UM_SL_ILC_20260708_BD_6,2026-07-08 00:00:00+00:00,2026,167.0,blob,2,196.9,907.3,ok,-90.278967,38.475642
UM_SL_ILC_20260708_BD_6,2026-07-08 00:00:00+00:00,2026,167.0,blob,3,295.3,1757.7,ok,-90.279271,38.475516
UM_SL_ILC_20260708_BD_6,2026-07-08 00:00:00+00:00,2026,167.0,blob,4,393.7,1658.4,ok,-90.279574,38.47539
UM_SL_ILC_20260708_BD_6,2026-07-08 00:00:00+00:00,2026,167.0,blob,5,492.1,1055.2,ok,-90.279735,38.475177
UM_SL_ILC_20260708_BD_6,2026-07-08 00:00:00+00:00,2026,167.0,blob,6,590.6,1074.5,ok,-90.279814,38.474914
UM_SL_ILC_20260708_BD_6,2026-07-08 00:00:00+00:00,2026,167.0,blob,7,689.0,1041.1,ok,-90.279892,38.474651
UM_SL_ILC_20260708_BD_6,2026-07-08 00:00:00+00:00,2026,167.0,blob,8,787.4,1039.2,ok,-90.27997,38.474388
UM_SL_ILC_20260708_BD_6,2026-07-08 00:00:00+00:00,2026,167.0,blob,9,885.8,1025.0,ok,-90.280049,38.474125
UM_SL_ILC_20260708_BD_6,2026-07-08 00:00:00+00:00,2026,167.0,blob,10,984.3,1039.5,ok,-90.280115,38.47386
UM_SL_ILC_20260708_BD_6,2026-07-08 00:00:00+00:00,2026,167.0,blob,11,1082.7,995.9,ok,-90.280126,38.47359
UM_SL_ILC_20260708_BD_6,2026-07-08 00:00:00+00:00,2026,167.0,blob,12,1181.1,1092.8,ok,-90.280159,38.473323
UM_SL_ILC_20260708_BD_6,2026-07-08 00:00:00+00:00,2026,167.0,blob,13,1279.5,1023.5,ok,-90.28026,38.473065
UM_SL_ILC_20260708_BD_6,2026-07-08 00:00:00+00:00,2026,167.0,blob,14,1378.0,1038.7,ok,-90.28036,38.472806
UM_SL_ILC_20260708_BD_6,2026-07-08 00:00:00+00:00,2026,167.0,blob,15,1476.4,1036.6,ok,-90.280461,38.472548
UM_SL_ILC_20260708_BD_6,2026-07-08 00:00:00+00:00,2026,167.0,blob,16,1574.8,965.3,ok,-90.280512,38.472281
UM_SL_ILC_20260708_BD_6,2026-07-08 00:00:00+00:00,2026,167.0,blob,17,1673.2,1011.3,ok,-90.280554,38.472013
UM_SL_ILC_20260708_BD_6,2026-07-08 00:00:00+00:00,2026,167.0,blob,18,1771.7,966.6,ok,-90.280596,38.471745
UM_SL_ILC_20260708_BD_6,2026-07-08 00:00:00+00:00,2026,167.0,blob,19,1870.1,1051.3,ok,-90.280659,38.47148
UM_SL_ILC_20260708_BD_6,2026-07-08 00:00:00+00:00,2026,167.0,blob,20,1968.5,995.7,ok,-90.280748,38.471219
UM_SL_ILC_20260708_BD_6,2026-07-08 00:00:00+00:00,2026,167.0,blob,21,2066.9,946.2,ok,-90.280833,38.470958
UM_SL_ILC_20260708_BD_6,2026-07-08 00:00:00+00:00,2026,167.0,blob,22,2165.4,912.5,ok,-90.280879,38.47069
UM_SL_ILC_20260708_BD_6,2026-07-08 00:00:00+00:00,2026,167.0,blob,23,2263.8,931.6,ok,-90.280926,38.470422
UM_SL_ILC_20260708_BD_6,2026-07-08 00:00:00+00:00,2026,167.0,blob,24,2362.2,939.3,ok,-90.280972,38.470155
UM_SL_ILC_20260708_BD_6,2026-07-08 00:00:00+00:00,2026,167.0,blob,25,2460.6,1004.7,ok,-90.281019,38.469887
UM_SL_ILC_20260708_BD_6,2026-07-08 00:00:00+00:00,2026,167.0,blob,26,2559.1,1052.4,ok,-90.281065,38.469619
UM_SL_ILC_20260708_BD_6,2026-07-08 00:00:00+00:00,2026,167.0,blob,27,2657.5,1016.6,ok,-90.281112,38.469351
UM_SL_ILC_20260708_BD_6,2026-07-08 00:00:00+00:00,2026,167.0,blob,28,2755.9,1032.7,ok,-90.281158,38.469084
UM_SL_ILC_20260708_BD_6,2026-07-08 00:00:00+00:00,2026,167.0,blob,29,2854.3,1048.9,ok,-90.281204,38.468816
UM_SL_ILC_20260708_BD_6,2026-07-08 00:00:00+00:00,2026,167.0,blob,30,2952.8,1005.9,ok,-90.281251,38.468548
UM_SL_ILC_20260708_BD_6,2026-07-08 00:00:00+00:00,2026,167.0,blob,31,3051.2,1066.4,ok,-90.281332,38.468286
UM_SL_ILC_20260708_BD_6,2026-07-08 00:00:00+00:00,2026,167.0,blob,32,3149.6,1039.0,ok,-90.28142,38.468025
UM_SL_ILC_20260708_BD_6,2026-07-08 00:00:00+00:00,2026,167.0,blob,33,3248.0,1042.4,ok,-90.28147,38.467759
UM_SL_ILC_20260708_BD_6,2026-07-08 00:00:00+00:00,2026,167.0,blob,34,3346.5,940.5,ok,-90.281498,38.467489
UM_SL_ILC_20260708_BD_6,2026-07-08 00:00:00+00:00,2026,167.0,blob,35,3444.9,1073.7,ok,-90.281525,38.46722
UM_SL_ILC_20260708_BD_6,2026-07-08 00:00:00+00:00,2026,167.0,blob,36,3543.3,1080.6,ok,-90.281553,38.466951
UM_SL_ILC_20260708_BD_6,2026-07-08 00:00:00+00:00,2026,167.0,blob,37,3641.7,1109.9,ok,-90.281598,38.466684
UM_SL_ILC_20260708_BD_6,2026-07-08 00:00:00+00:00,2026,167.0,blob,38,3740.2,1047.3,ok,-90.281687,38.466423
UM_SL_ILC_20260708_BD_6,2026-07-08 00:00:00+00:00,2026,167.0,blob,39,3838.6,996.8,ok,-90.281776,38.466162
UM_SL_ILC_20260708_BD_6,2026-07-08 00:00:00+00:00,2026,167.0,blob,40,3937.0,1051.5,ok,-90.281813,38.465894
UM_SL_ILC_20260708_BD_6,2026-07-08 00:00:00+00:00,2026,167.0,blob,41,4035.4,1082.7,ok,-90.281842,38.465625
UM_SL_ILC_20260708_BD_6,2026-07-08 00:00:00+00:00,2026,167.0,blob,42,4133.9,1023.8,ok,-90.281968,38.465378
UM_SL_ILC_20260708_BD_6,2026-07-08 00:00:00+00:00,2026,167.0,blob,43,4232.3,985.6,ok,-90.282068,38.465121
UM_SL_ILC_20260708_BD_6,2026-07-08 00:00:00+00:00,2026,167.0,blob,44,4330.7,901.0,ok,-90.282145,38.464858
UM_SL_ILC_20260708_BD_6,2026-07-08 00:00:00+00:00,2026,167.0,blob,45,4429.1,891.9,ok,-90.282205,38.464593
UM_SL_ILC_20260708_BD_6,2026-07-08 00:00:00+00:00,2026,167.0,blob,46,4527.6,757.1,ok,-90.282212,38.464323
UM_SL_ILC_20260708_BD_6,2026-07-08 00:00:00+00:00,2026,167.0,blob,47,4626.0,1117.5,ok,-90.282219,38.464053
UM_SL_ILC_20260708_BD_6,2026-07-08 00:00:00+00:00,2026,167.0,blob,48,4724.4,1131.8,ok,-90.282245,38.463784
UM_SL_ILC_20260708_BD_6,2026-07-08 00:00:00+00:00,2026,167.0,blob,49,4822.8,755.0,ok,-90.28231,38.463519
UM_SL_ILC_20260708_BD_6,2026-07-08 00:00:00+00:00,2026,167.0,blob,50,4921.3,955.6,ok,-90.282375,38.463254
UM_SL_ILC_20260708_BD_6,2026-07-08 00:00:00+00:00,2026,167.0,blob,51,5019.7,1089.0,ok,-90.28244,38.462988
UM_SL_ILC_20260708_BD_6,2026-07-08 00:00:00+00:00,2026,167.0,blob,52,5118.1,1186.8,ok,-90.282581,38.462761
UM_SL_ILC_20260708_BD_7,2026-07-08 00:00:00+00:00,2026,166.0,blob,0,0.0,191.9,ok,-90.28314,38.459633
UM_SL_ILC_20260708_BD_7,2026-07-08 00:00:00+00:00,2026,166.0,blob,1,98.4,460.7,ok,-90.282864,38.459484
UM_SL_ILC_20260708_BD_7,2026-07-08 00:00:00+00:00,2026,166.0,blob,2,196.9,426.3,ok,-90.282697,38.459259
UM_SL_ILC_20260708_BD_7,2026-07-08 00:00:00+00:00,2026,166.0,blob,3,295.3,597.4,ok,-90.282565,38.459009
UM_SL_ILC_20260708_BD_7,2026-07-08 00:00:00+00:00,2026,166.0,blob,4,393.7,221.5,ok,-90.282488,38.458757
UM_SL_ILC_20260708_BD_7,2026-07-08 00:00:00+00:00,2026,166.0,blob,5,492.1,555.3,ok,-90.282585,38.458498
UM_SL_ILC_20260708_BD_7,2026-07-08 00:00:00+00:00,2026,166.0,blob,6,590.6,406.4,ok,-90.282683,38.458239
UM_SL_ILC_20260708_BD_7,2026-07-08 00:00:00+00:00,2026,166.0,blob,7,689.0,944.7,ok,-90.282666,38.457995
UM_SL_ILC_20260708_BD_7,2026-07-08 00:00:00+00:00,2026,166.0,blob,8,787.4,574.5,ok,-90.282631,38.457741
UM_SL_ILC_20260708_BD_7,2026-07-08 00:00:00+00:00,2026,166.0,blob,9,885.8,381.4,ok,-90.282666,38.457473
UM_SL_ILC_20260708_BD_7,2026-07-08 00:00:00+00:00,2026,166.0,blob,10,984.3,600.1,ok,-90.282702,38.457204
UM_SL_ILC_20260708_BD_7,2026-07-08 00:00:00+00:00,2026,166.0,blob,11,1082.7,1080.3,ok,-90.282823,38.456953
UM_SL_ILC_20260708_BD_7,2026-07-08 00:00:00+00:00,2026,166.0,blob,12,1181.1,999.6,ok,-90.282963,38.456707
UM_SL_ILC_20260708_BD_7,2026-07-08 00:00:00+00:00,2026,166.0,blob,13,1279.5,1249.3,ok,-90.283153,38.456483
UM_SL_ILC_20260708_BD_7,2026-07-08 00:00:00+00:00,2026,166.0,blob,14,1378.0,1026.4,ok,-90.283357,38.456265
UM_SL_ILC_20260708_BD_7,2026-07-08 00:00:00+00:00,2026,166.0,blob,15,1476.4,1057.4,ok,-90.283465,38.456014
UM_SL_ILC_20260708_BD_7,2026-07-08 00:00:00+00:00,2026,166.0,blob,16,1574.8,1060.3,ok,-90.283536,38.45575
UM_SL_ILC_20260708_BD_7,2026-07-08 00:00:00+00:00,2026,166.0,blob,17,1673.2,974.3,ok,-90.283554,38.45548
UM_SL_ILC_20260708_BD_7,2026-07-08 00:00:00+00:00,2026,166.0,blob,18,1771.7,1024.3,ok,-90.283571,38.45521
UM_SL_ILC_20260708_BD_7,2026-07-08 00:00:00+00:00,2026,166.0,blob,19,1870.1,974.8,ok,-90.283589,38.45494
UM_SL_ILC_20260708_BD_7,2026-07-08 00:00:00+00:00,2026,166.0,blob,20,1968.5,1027.9,ok,-90.283606,38.45467
UM_SL_ILC_20260708_BD_7,2026-07-08 00:00:00+00:00,2026,166.0,blob,21,2066.9,1032.0,ok,-90.283624,38.454401
UM_SL_ILC_20260708_BD_7,2026-07-08 00:00:00+00:00,2026,166.0,blob,22,2165.4,1045.5,ok,-90.283641,38.454131
UM_SL_ILC_20260708_BD_7,2026-07-08 00:00:00+00:00,2026,166.0,blob,23,2263.8,1059.0,ok,-90.283659,38.453861
UM_SL_ILC_20260708_BD_7,2026-07-08 00:00:00+00:00,2026,166.0,blob,24,2362.2,1021.4,ok,-90.283676,38.453591
UM_SL_ILC_20260708_BD_7,2026-07-08 00:00:00+00:00,2026,166.0,blob,25,2460.6,1033.2,ok,-90.283694,38.453321
UM_SL_ILC_20260708_BD_7,2026-07-08 00:00:00+00:00,2026,166.0,blob,26,2559.1,1073.0,ok,-90.283711,38.453051
UM_SL_ILC_20260708_BD_7,2026-07-08 00:00:00+00:00,2026,166.0,blob,27,2657.5,1016.2,ok,-90.283728,38.452782
UM_SL_ILC_20260708_BD_7,2026-07-08 00:00:00+00:00,2026,166.0,blob,28,2755.9,1078.1,ok,-90.283811,38.452521
UM_SL_ILC_20260708_BD_7,2026-07-08 00:00:00+00:00,2026,166.0,blob,29,2854.3,1103.2,ok,-90.283898,38.452261
UM_SL_ILC_20260708_BD_7,2026-07-08 00:00:00+00:00,2026,166.0,blob,30,2952.8,968.0,ok,-90.283918,38.451991
UM_SL_ILC_20260708_BD_7,2026-07-08 00:00:00+00:00,2026,166.0,blob,31,3051.2,1002.6,ok,-90.283939,38.451721
UM_SL_ILC_20260708_BD_7,2026-07-08 00:00:00+00:00,2026,166.0,blob,32,3149.6,1023.9,ok,-90.283959,38.451452
UM_SL_ILC_20260708_BD_7,2026-07-08 00:00:00+00:00,2026,166.0,blob,33,3248.0,987.4,ok,-90.283979,38.451182
UM_SL_ILC_20260708_BD_7,2026-07-08 00:00:00+00:00,2026,166.0,blob,34,3346.5,1042.5,ok,-90.284023,38.450914
UM_SL_ILC_20260708_BD_7,2026-07-08 00:00:00+00:00,2026,166.0,blob,35,3444.9,946.8,ok,-90.284088,38.450649
UM_SL_ILC_20260708_BD_7,2026-07-08 00:00:00+00:00,2026,166.0,blob,36,3543.3,927.2,ok,-90.284126,38.450382
UM_SL_ILC_20260708_BD_7,2026-07-08 00:00:00+00:00,2026,166.0,blob,37,3641.7,934.3,ok,-90.284129,38.450112
UM_SL_ILC_20260708_BD_7,2026-07-08 00:00:00+00:00,2026,166.0,blob,38,3740.2,916.5,ok,-90.284133,38.449841
UM_SL_ILC_20260708_BD_7,2026-07-08 00:00:00+00:00,2026,166.0,blob,39,3838.6,924.9,ok,-90.284136,38.449571
UM_SL_ILC_20260708_BD_7,2026-07-08 00:00:00+00:00,2026,166.0,blob,40,3937.0,1019.0,ok,-90.284139,38.449301
UM_SL_ILC_20260708_BD_7,2026-07-08 00:00:00+00:00,2026,166.0,blob,41,4035.4,981.0,ok,-90.284198,38.449035
UM_SL_ILC_20260708_BD_7,2026-07-08 00:00:00+00:00,2026,166.0,blob,42,4133.9,1018.5,ok,-90.284266,38.448771
UM_SL_ILC_20260708_BD_7,2026-07-08 00:00:00+00:00,2026,166.0,blob,43,4232.3,975.7,ok,-90.284287,38.448501
UM_SL_ILC_20260708_BD_7,2026-07-08 00:00:00+00:00,2026,166.0,blob,44,4330.7,715.6,ok,-90.284306,38.448231
UM_SL_ILC_20260708_BD_7,2026-07-08 00:00:00+00:00,2026,166.0,blob,45,4429.1,1037.9,ok,-90.284324,38.447962
UM_SL_ILC_20260708_BD_7,2026-07-08 00:00:00+00:00,2026,166.0,blob,46,4527.6,1048.7,ok,-90.284346,38.447692
UM_SL_ILC_20260708_BD_7,2026-07-08 00:00:00+00:00,2026,166.0,blob,47,4626.0,1039.5,ok,-90.284411,38.447427
UM_SL_ILC_20260708_BD_7,2026-07-08 00:00:00+00:00,2026,166.0,blob,48,4724.4,988.2,ok,-90.284475,38.447161
UM_SL_ILC_20260708_BD_7,2026-07-08 00:00:00+00:00,2026,166.0,blob,49,4822.8,983.1,ok,-90.28454,38.446896
UM_SL_ILC_20260708_BD_7,2026-07-08 00:00:00+00:00,2026,166.0,blob,50,4921.3,1006.2,ok,-90.284604,38.446631
UM_SL_ILC_20260708_BD_7,2026-07-08 00:00:00+00:00,2026,166.0,blob,51,5019.7,967.3,ok,-90.284669,38.446365
UM_SL_ILC_20260708_BD_7,2026-07-08 00:00:00+00:00,2026,166.0,blob,52,5118.1,919.4,ok,-90.284733,38.4461
UM_SL_ILC_20260708_BD_7,2026-07-08 00:00:00+00:00,2026,166.0,blob,53,5216.5,929.5,ok,-90.284784,38.445833
UM_SL_ILC_20260708_BD_7,2026-07-08 00:00:00+00:00,2026,166.0,blob,54,5315.0,941.0,ok,-90.284809,38.445564
UM_SL_ILC_20260708_BD_7,2026-07-08 00:00:00+00:00,2026,166.0,blob,55,5413.4,955.1,ok,-90.284835,38.445294
UM_SL_ILC_20260708_BD_7,2026-07-08 00:00:00+00:00,2026,166.0,blob,56,5511.8,915.7,ok,-90.284861,38.445025
UM_SL_ILC_20260708_BD_7,2026-07-08 00:00:00+00:00,2026,166.0,blob,57,5610.2,978.1,ok,-90.284887,38.444755
UM_SL_ILC_20260708_BD_7,2026-07-08 00:00:00+00:00,2026,166.0,blob,58,5708.7,1053.6,ok,-90.284922,38.444487
UM_SL_ILC_20260708_BD_7,2026-07-08 00:00:00+00:00,2026,166.0,blob,59,5807.1,913.9,ok,-90.285009,38.444226
UM_SL_ILC_20260708_BD_7,2026-07-08 00:00:00+00:00,2026,166.0,blob,60,5905.5,952.6,ok,-90.28508,38.443962
UM_SL_ILC_20260708_BD_7,2026-07-08 00:00:00+00:00,2026,166.0,blob,61,6003.9,953.4,ok,-90.285112,38.443693
UM_SL_ILC_20260727_BD_1,2026-07-27 00:00:00+00:00,2026,169.0,blob,0,0.0,932.8,ok,-90.271662,38.505281
UM_SL_ILC_20260727_BD_1,2026-07-27 00:00:00+00:00,2026,169.0,blob,1,98.4,935.3,ok,-90.27175,38.505019
UM_SL_ILC_20260727_BD_1,2026-07-27 00:00:00+00:00,2026,169.0,blob,2,196.9,926.7,ok,-90.271838,38.504758
UM_SL_ILC_20260727_BD_1,2026-07-27 00:00:00+00:00,2026,169.0,blob,3,295.3,957.4,ok,-90.271934,38.504499
UM_SL_ILC_20260727_BD_1,2026-07-27 00:00:00+00:00,2026,169.0,blob,4,393.7,866.7,ok,-90.272098,38.504262
UM_SL_ILC_20260727_BD_1,2026-07-27 00:00:00+00:00,2026,169.0,blob,5,492.1,819.0,ok,-90.272263,38.504025
UM_SL_ILC_20260727_BD_1,2026-07-27 00:00:00+00:00,2026,169.0,blob,6,590.6,812.1,ok,-90.272314,38.503762
UM_SL_ILC_20260727_BD_1,2026-07-27 00:00:00+00:00,2026,169.0,blob,7,689.0,613.6,ok,-90.272348,38.503495
UM_SL_ILC_20260727_BD_1,2026-07-27 00:00:00+00:00,2026,169.0,blob,8,787.4,980.4,ok,-90.272447,38.503236
UM_SL_ILC_20260727_BD_1,2026-07-27 00:00:00+00:00,2026,169.0,blob,9,885.8,890.5,ok,-90.272546,38.502977
UM_SL_ILC_20260727_BD_1,2026-07-27 00:00:00+00:00,2026,169.0,blob,10,984.3,974.7,ok,-90.272645,38.502718
UM_SL_ILC_20260727_BD_1,2026-07-27 00:00:00+00:00,2026,169.0,blob,11,1082.7,1049.8,ok,-90.27274,38.502459
UM_SL_ILC_20260727_BD_1,2026-07-27 00:00:00+00:00,2026,169.0,blob,12,1181.1,957.4,ok,-90.272771,38.50219
UM_SL_ILC_20260727_BD_1,2026-07-27 00:00:00+00:00,2026,169.0,blob,13,1279.5,858.3,ok,-90.272848,38.501929
UM_SL_ILC_20260727_BD_1,2026-07-27 00:00:00+00:00,2026,169.0,blob,14,1378.0,809.8,ok,-90.272969,38.501676
UM_SL_ILC_20260727_BD_1,2026-07-27 00:00:00+00:00,2026,169.0,blob,15,1476.4,681.3,ok,-90.273089,38.501423
UM_SL_ILC_20260727_BD_1,2026-07-27 00:00:00+00:00,2026,169.0,blob,16,1574.8,617.6,ok,-90.273283,38.5012
UM_SL_ILC_20260727_BD_1,2026-07-27 00:00:00+00:00,2026,169.0,blob,17,1673.2,618.1,ok,-90.273478,38.500977
UM_SL_ILC_20260727_BD_1,2026-07-27 00:00:00+00:00,2026,169.0,blob,18,1771.7,575.5,ok,-90.273617,38.500733
UM_SL_ILC_20260727_BD_1,2026-07-27 00:00:00+00:00,2026,169.0,blob,19,1870.1,629.7,ok,-90.273728,38.500477
UM_SL_ILC_20260727_BD_1,2026-07-27 00:00:00+00:00,2026,169.0,blob,20,1968.5,688.1,ok,-90.27384,38.500222
UM_SL_ILC_20260727_BD_1,2026-07-27 00:00:00+00:00,2026,169.0,blob,21,2066.9,1007.5,ok,-90.273951,38.499966
UM_SL_ILC_20260727_BD_1,2026-07-27 00:00:00+00:00,2026,169.0,blob,22,2165.4,793.9,ok,-90.27392,38.4997
UM_SL_ILC_20260727_BD_1,2026-07-27 00:00:00+00:00,2026,169.0,blob,23,2263.8,1182.4,ok,-90.273869,38.499433
UM_SL_ILC_20260727_BD_1,2026-07-27 00:00:00+00:00,2026,169.0,blob,24,2362.2,1093.0,ok,-90.273817,38.499166
UM_SL_ILC_20260727_BD_1,2026-07-27 00:00:00+00:00,2026,169.0,blob,25,2460.6,1018.6,ok,-90.27386,38.498901
UM_SL_ILC_20260727_BD_1,2026-07-27 00:00:00+00:00,2026,169.0,blob,26,2559.1,1028.5,ok,-90.273929,38.498636
UM_SL_ILC_20260727_BD_1,2026-07-27 00:00:00+00:00,2026,169.0,blob,27,2657.5,988.5,ok,-90.273998,38.498371
UM_SL_ILC_20260727_BD_1,2026-07-27 00:00:00+00:00,2026,169.0,blob,28,2755.9,950.0,ok,-90.274071,38.498108
UM_SL_ILC_20260727_BD_1,2026-07-27 00:00:00+00:00,2026,169.0,blob,29,2854.3,964.6,ok,-90.27418,38.497852
UM_SL_ILC_20260727_BD_1,2026-07-27 00:00:00+00:00,2026,169.0,blob,30,2952.8,722.0,ok,-90.27429,38.497595
UM_SL_ILC_20260727_BD_1,2026-07-27 00:00:00+00:00,2026,169.0,blob,31,3051.2,689.8,ok,-90.2744,38.497339
UM_SL_ILC_20260727_BD_1,2026-07-27 00:00:00+00:00,2026,169.0,blob,32,3149.6,691.3,ok,-90.27443,38.497072
UM_SL_ILC_20260727_BD_1,2026-07-27 00:00:00+00:00,2026,169.0,blob,33,3248.0,776.1,ok,-90.274441,38.496802
UM_SL_ILC_20260727_BD_1,2026-07-27 00:00:00+00:00,2026,169.0,blob,34,3346.5,1036.0,ok,-90.274523,38.496541
UM_SL_ILC_20260727_BD_1,2026-07-27 00:00:00+00:00,2026,169.0,blob,35,3444.9,979.6,ok,-90.274624,38.496283
UM_SL_ILC_20260727_BD_1,2026-07-27 00:00:00+00:00,2026,169.0,blob,36,3543.3,998.7,ok,-90.274725,38.496025
UM_SL_ILC_20260727_BD_1,2026-07-27 00:00:00+00:00,2026,169.0,blob,37,3641.7,878.1,ok,-90.274826,38.495767
UM_SL_ILC_20260727_BD_1,2026-07-27 00:00:00+00:00,2026,169.0,blob,38,3740.2,959.1,ok,-90.274899,38.495503
UM_SL_ILC_20260727_BD_1,2026-07-27 00:00:00+00:00,2026,169.0,blob,39,3838.6,912.6,ok,-90.27496,38.495237
UM_SL_ILC_20260727_BD_1,2026-07-27 00:00:00+00:00,2026,169.0,blob,40,3937.0,922.7,ok,-90.275021,38.494971
UM_SL_ILC_20260727_BD_1,2026-07-27 00:00:00+00:00,2026,169.0,blob,41,4035.4,592.0,ok,-90.275082,38.494705
UM_SL_ILC_20260727_BD_1,2026-07-27 00:00:00+00:00,2026,169.0,blob,42,4133.9,640.5,ok,-90.275104,38.494436
UM_SL_ILC_20260727_BD_1,2026-07-27 00:00:00+00:00,2026,169.0,blob,43,4232.3,986.9,ok,-90.275125,38.494166
UM_SL_ILC_20260727_BD_1,2026-07-27 00:00:00+00:00,2026,169.0,blob,44,4330.7,538.3,ok,-90.275178,38.4939
UM_SL_ILC_20260727_BD_1,2026-07-27 00:00:00+00:00,2026,169.0,blob,45,4429.1,544.5,ok,-90.275248,38.493635
UM_SL_ILC_20260727_BD_1,2026-07-27 00:00:00+00:00,2026,169.0,blob,46,4527.6,915.8,ok,-90.275318,38.493371
UM_SL_ILC_20260727_BD_1,2026-07-27 00:00:00+00:00,2026,169.0,blob,47,4626.0,928.5,ok,-90.275387,38.493106
UM_SL_ILC_20260727_BD_1,2026-07-27 00:00:00+00:00,2026,169.0,blob,48,4724.4,802.9,ok,-90.275457,38.492842
UM_SL_ILC_20260727_BD_1,2026-07-27 00:00:00+00:00,2026,169.0,blob,49,4822.8,924.2,ok,-90.275527,38.492577
UM_SL_ILC_20260727_BD_1,2026-07-27 00:00:00+00:00,2026,169.0,blob,50,4921.3,966.1,ok,-90.275596,38.492313
UM_SL_ILC_20260727_BD_1,2026-07-27 00:00:00+00:00,2026,169.0,blob,51,5019.7,967.7,ok,-90.275711,38.49206
UM_SL_ILC_20260727_BD_1,2026-07-27 00:00:00+00:00,2026,169.0,blob,52,5118.1,1009.1,ok,-90.275831,38.491809
UM_SL_ILC_20260727_BD_1,2026-07-27 00:00:00+00:00,2026,169.0,blob,53,5216.5,891.5,ok,-90.275895,38.491543
UM_SL_ILC_20260727_BD_1,2026-07-27 00:00:00+00:00,2026,169.0,blob,54,5315.0,914.2,ok,-90.275959,38.491278
UM_SL_ILC_20260727_BD_1,2026-07-27 00:00:00+00:00,2026,169.0,blob,55,5413.4,940.0,ok,-90.276022,38.491012
UM_SL_ILC_20260727_BD_1,2026-07-27 00:00:00+00:00,2026,169.0,blob,56,5511.8,898.1,ok,-90.276086,38.490747
UM_SL_ILC_20260727_BD_1,2026-07-27 00:00:00+00:00,2026,169.0,blob,57,5610.2,908.2,ok,-90.27615,38.490481
UM_SL_ILC_20260727_BD_1,2026-07-27 00:00:00+00:00,2026,169.0,blob,58,5708.7,913.1,ok,-90.276253,38.490225
UM_SL_ILC_20260727_BD_1,2026-07-27 00:00:00+00:00,2026,169.0,blob,59,5807.1,810.7,ok,-90.276382,38.489974
UM_SL_ILC_20260727_BD_1,2026-07-27 00:00:00+00:00,2026,169.0,blob,60,5905.5,575.7,ok,-90.27651,38.489724
UM_SL_ILC_20260727_BD_1,2026-07-27 00:00:00+00:00,2026,169.0,blob,61,6003.9,541.5,ok,-90.276583,38.489463
UM_SL_ILC_20260727_BD_1,2026-07-27 00:00:00+00:00,2026,169.0,blob,62,6102.4,809.7,ok,-90.276603,38.489193
UM_SL_ILC_20260727_BD_1,2026-07-27 00:00:00+00:00,2026,169.0,blob,63,6200.8,951.3,ok,-90.276624,38.488924
UM_SL_ILC_20260727_BD_1,2026-07-27 00:00:00+00:00,2026,169.0,blob,64,6299.2,898.5,ok,-90.276644,38.488654
UM_SL_ILC_20260727_BD_1,2026-07-27 00:00:00+00:00,2026,169.0,blob,65,6397.6,836.2,ok,-90.27677,38.488404
UM_SL_ILC_20260727_BD_1,2026-07-27 00:00:00+00:00,2026,169.0,blob,66,6496.1,812.4,ok,-90.276845,38.488144
UM_SL_ILC_20260727_BD_1,2026-07-27 00:00:00+00:00,2026,169.0,blob,67,6594.5,889.8,ok,-90.276883,38.487875
UM_SL_ILC_20260727_BD_1,2026-07-27 00:00:00+00:00,2026,169.0,blob,68,6692.9,616.4,ok,-90.27692,38.487607
UM_SL_ILC_20260727_BD_1,2026-07-27 00:00:00+00:00,2026,169.0,blob,69,6791.3,904.7,ok,-90.277037,38.487355
UM_SL_ILC_20260727_BD_1,2026-07-27 00:00:00+00:00,2026,169.0,blob,70,6889.8,902.2,ok,-90.277107,38.487093
UM_SL_ILC_20260727_BD_1,2026-07-27 00:00:00+00:00,2026,169.0,blob,71,6988.2,873.2,ok,-90.277143,38.486825
UM_SL_ILC_20260727_BD_1,2026-07-27 00:00:00+00:00,2026,169.0,blob,72,7086.6,861.6,ok,-90.27718,38.486556
UM_SL_ILC_20260727_BD_1,2026-07-27 00:00:00+00:00,2026,169.0,blob,73,7185.0,853.2,ok,-90.27731,38.486307
UM_SL_ILC_20260727_BD_2,2026-07-27 00:00:00+00:00,2026,167.0,blob,0,0.0,1055.1,ok,-90.281712,38.466047
UM_SL_ILC_20260727_BD_2,2026-07-27 00:00:00+00:00,2026,167.0,blob,1,98.4,1160.9,ok,-90.281954,38.465855
UM_SL_ILC_20260727_BD_2,2026-07-27 00:00:00+00:00,2026,167.0,blob,2,196.9,860.4,ok,-90.282067,38.465616
UM_SL_ILC_20260727_BD_2,2026-07-27 00:00:00+00:00,2026,167.0,blob,3,295.3,825.1,ok,-90.282098,38.465347
UM_SL_ILC_20260727_BD_2,2026-07-27 00:00:00+00:00,2026,167.0,blob,4,393.7,889.8,ok,-90.282129,38.465078
UM_SL_ILC_20260727_BD_2,2026-07-27 00:00:00+00:00,2026,167.0,blob,5,492.1,868.2,ok,-90.282169,38.46481
UM_SL_ILC_20260727_BD_2,2026-07-27 00:00:00+00:00,2026,167.0,blob,6,590.6,888.8,ok,-90.282262,38.46455
UM_SL_ILC_20260727_BD_2,2026-07-27 00:00:00+00:00,2026,167.0,blob,7,689.0,859.8,ok,-90.282339,38.464287
UM_SL_ILC_20260727_BD_2,2026-07-27 00:00:00+00:00,2026,167.0,blob,8,787.4,875.5,ok,-90.282385,38.464019
UM_SL_ILC_20260727_BD_2,2026-07-27 00:00:00+00:00,2026,167.0,blob,9,885.8,888.2,ok,-90.282431,38.463752
UM_SL_ILC_20260727_BD_2,2026-07-27 00:00:00+00:00,2026,167.0,blob,10,984.3,901.0,ok,-90.282477,38.463484
UM_SL_ILC_20260727_BD_2,2026-07-27 00:00:00+00:00,2026,167.0,blob,11,1082.7,670.0,ok,-90.282523,38.463216
UM_SL_ILC_20260727_BD_2,2026-07-27 00:00:00+00:00,2026,167.0,blob,12,1181.1,929.3,ok,-90.282569,38.462948
UM_SL_ILC_20260727_BD_2,2026-07-27 00:00:00+00:00,2026,167.0,blob,13,1279.5,795.1,ok,-90.282615,38.462681
UM_SL_ILC_20260727_BD_2,2026-07-27 00:00:00+00:00,2026,167.0,blob,14,1378.0,875.3,ok,-90.282661,38.462413
UM_SL_ILC_20260727_BD_2,2026-07-27 00:00:00+00:00,2026,167.0,blob,15,1476.4,946.8,ok,-90.282707,38.462145
UM_SL_ILC_20260727_BD_2,2026-07-27 00:00:00+00:00,2026,167.0,blob,16,1574.8,980.8,ok,-90.282776,38.461883
UM_SL_ILC_20260727_BD_2,2026-07-27 00:00:00+00:00,2026,167.0,blob,17,1673.2,871.6,ok,-90.282929,38.461641
UM_SL_ILC_20260727_BD_2,2026-07-27 00:00:00+00:00,2026,167.0,blob,18,1771.7,820.1,ok,-90.283062,38.461393
UM_SL_ILC_20260727_BD_2,2026-07-27 00:00:00+00:00,2026,167.0,blob,19,1870.1,674.5,ok,-90.283137,38.46113
UM_SL_ILC_20260727_BD_2,2026-07-27 00:00:00+00:00,2026,167.0,blob,20,1968.5,417.4,ok,-90.283211,38.460866
UM_SL_ILC_20260727_BD_2,2026-07-27 00:00:00+00:00,2026,167.0,blob,21,2066.9,505.4,ok,-90.283202,38.460596
UM_SL_ILC_20260727_BD_2,2026-07-27 00:00:00+00:00,2026,167.0,blob,22,2165.4,230.8,ok,-90.283188,38.460326
UM_SL_ILC_20260727_BD_2,2026-07-27 00:00:00+00:00,2026,167.0,blob,23,2263.8,313.8,ok,-90.283174,38.460056
UM_SL_ILC_20260727_BD_2,2026-07-27 00:00:00+00:00,2026,167.0,blob,24,2362.2,728.3,ok,-90.283241,38.459805
UM_SL_ILC_20260727_BD_2,2026-07-27 00:00:00+00:00,2026,167.0,blob,25,2460.6,888.1,ok,-90.283298,38.459552
UM_SL_ILC_20260727_BD_2,2026-07-27 00:00:00+00:00,2026,167.0,blob,26,2559.1,638.1,ok,-90.28328,38.459282
UM_SL_ILC_20260727_BD_2,2026-07-27 00:00:00+00:00,2026,167.0,blob,27,2657.5,547.6,ok,-90.283348,38.459019
UM_SL_ILC_20260727_BD_2,2026-07-27 00:00:00+00:00,2026,167.0,blob,28,2755.9,261.5,ok,-90.283439,38.458759
UM_SL_ILC_20260727_BD_2,2026-07-27 00:00:00+00:00,2026,167.0,blob,29,2854.3,394.4,ok,-90.283384,38.458522
UM_SL_ILC_20260727_BD_2,2026-07-27 00:00:00+00:00,2026,167.0,blob,30,2952.8,603.4,ok,-90.283169,38.458311
UM_SL_ILC_20260727_BD_2,2026-07-27 00:00:00+00:00,2026,167.0,blob,31,3051.2,572.0,ok,-90.282953,38.458101
UM_SL_ILC_20260727_BD_2,2026-07-27 00:00:00+00:00,2026,167.0,blob,32,3149.6,641.3,ok,-90.282939,38.45786
UM_SL_ILC_20260727_BD_2,2026-07-27 00:00:00+00:00,2026,167.0,blob,33,3248.0,560.0,ok,-90.28304,38.457601
UM_SL_ILC_20260727_BD_2,2026-07-27 00:00:00+00:00,2026,167.0,blob,34,3346.5,959.8,ok,-90.283141,38.457343
UM_SL_ILC_20260727_BD_2,2026-07-27 00:00:00+00:00,2026,167.0,blob,35,3444.9,1050.4,ok,-90.283242,38.457085
UM_SL_ILC_20260727_BD_2,2026-07-27 00:00:00+00:00,2026,167.0,blob,36,3543.3,1284.4,ok,-90.283495,38.456902
UM_SL_ILC_20260727_BD_2,2026-07-27 00:00:00+00:00,2026,167.0,blob,37,3641.7,903.3,ok,-90.28357,38.456652
UM_SL_ILC_20260727_BD_2,2026-07-27 00:00:00+00:00,2026,167.0,blob,38,3740.2,891.6,ok,-90.283597,38.456382
UM_SL_ILC_20260727_BD_2,2026-07-27 00:00:00+00:00,2026,167.0,blob,39,3838.6,898.6,ok,-90.283623,38.456113
UM_SL_ILC_20260727_BD_2,2026-07-27 00:00:00+00:00,2026,167.0,blob,40,3937.0,905.7,ok,-90.283649,38.455844
UM_SL_ILC_20260727_BD_2,2026-07-27 00:00:00+00:00,2026,167.0,blob,41,4035.4,912.8,ok,-90.283676,38.455574
UM_SL_ILC_20260727_BD_2,2026-07-27 00:00:00+00:00,2026,167.0,blob,42,4133.9,887.3,ok,-90.283717,38.455307
UM_SL_ILC_20260727_BD_2,2026-07-27 00:00:00+00:00,2026,167.0,blob,43,4232.3,923.2,ok,-90.283802,38.455045
UM_SL_ILC_20260727_BD_2,2026-07-27 00:00:00+00:00,2026,167.0,blob,44,4330.7,907.7,ok,-90.283871,38.454781
UM_SL_ILC_20260727_BD_2,2026-07-27 00:00:00+00:00,2026,167.0,blob,45,4429.1,867.4,ok,-90.283895,38.454512
UM_SL_ILC_20260727_BD_2,2026-07-27 00:00:00+00:00,2026,167.0,blob,46,4527.6,882.3,ok,-90.283918,38.454242
UM_SL_ILC_20260727_BD_2,2026-07-27 00:00:00+00:00,2026,167.0,blob,47,4626.0,1257.7,ok,-90.283705,38.454041
UM_SL_ILC_20260728_BD_1,2026-07-28 00:00:00+00:00,2026,171.0,blob,0,0.0,963.1,ok,-90.258117,38.533183
UM_SL_ILC_20260728_BD_1,2026-07-28 00:00:00+00:00,2026,171.0,blob,1,98.4,954.3,ok,-90.258331,38.532971
UM_SL_ILC_20260728_BD_1,2026-07-28 00:00:00+00:00,2026,171.0,blob,2,196.9,1070.5,ok,-90.258544,38.532759
UM_SL_ILC_20260728_BD_1,2026-07-28 00:00:00+00:00,2026,171.0,blob,3,295.3,957.8,ok,-90.258711,38.532525
UM_SL_ILC_20260728_BD_1,2026-07-28 00:00:00+00:00,2026,171.0,blob,4,393.7,971.8,ok,-90.258848,38.532277
UM_SL_ILC_20260728_BD_1,2026-07-28 00:00:00+00:00,2026,171.0,blob,5,492.1,1025.2,ok,-90.258984,38.532029
UM_SL_ILC_20260728_BD_1,2026-07-28 00:00:00+00:00,2026,171.0,blob,6,590.6,934.5,ok,-90.259087,38.531772
UM_SL_ILC_20260728_BD_1,2026-07-28 00:00:00+00:00,2026,171.0,blob,7,689.0,850.2,ok,-90.259183,38.531512
UM_SL_ILC_20260728_BD_1,2026-07-28 00:00:00+00:00,2026,171.0,blob,8,787.4,946.5,ok,-90.259251,38.531252
UM_SL_ILC_20260728_BD_1,2026-07-28 00:00:00+00:00,2026,171.0,blob,9,885.8,519.6,ok,-90.259196,38.530986
UM_SL_ILC_20260728_BD_1,2026-07-28 00:00:00+00:00,2026,171.0,blob,10,984.3,647.6,ok,-90.259241,38.530718
UM_SL_ILC_20260728_BD_1,2026-07-28 00:00:00+00:00,2026,171.0,blob,11,1082.7,594.0,ok,-90.259318,38.530455
UM_SL_ILC_20260728_BD_1,2026-07-28 00:00:00+00:00,2026,171.0,blob,12,1181.1,507.0,ok,-90.259402,38.530194
UM_SL_ILC_20260728_BD_1,2026-07-28 00:00:00+00:00,2026,171.0,blob,13,1279.5,578.8,ok,-90.259546,38.529948
UM_SL_ILC_20260728_BD_1,2026-07-28 00:00:00+00:00,2026,171.0,blob,14,1378.0,591.3,ok,-90.259735,38.529729
UM_SL_ILC_20260728_BD_1,2026-07-28 00:00:00+00:00,2026,171.0,blob,15,1476.4,546.7,ok,-90.25999,38.529548
UM_SL_ILC_20260728_BD_1,2026-07-28 00:00:00+00:00,2026,171.0,blob,16,1574.8,737.4,ok,-90.260246,38.529367
UM_SL_ILC_20260728_BD_1,2026-07-28 00:00:00+00:00,2026,171.0,blob,17,1673.2,394.6,ok,-90.260502,38.529187
UM_SL_ILC_20260728_BD_1,2026-07-28 00:00:00+00:00,2026,171.0,blob,18,1771.7,1093.6,ok,-90.260808,38.529065
UM_SL_ILC_20260728_BD_1,2026-07-28 00:00:00+00:00,2026,171.0,blob,19,1870.1,645.4,ok,-90.261119,38.528949
UM_SL_ILC_20260728_BD_1,2026-07-28 00:00:00+00:00,2026,171.0,blob,20,1968.5,377.1,ok,-90.261404,38.528799
UM_SL_ILC_20260728_BD_1,2026-07-28 00:00:00+00:00,2026,171.0,blob,21,2066.9,392.6,ok,-90.261685,38.528643
UM_SL_ILC_20260728_BD_1,2026-07-28 00:00:00+00:00,2026,171.0,blob,22,2165.4,792.5,ok,-90.261946,38.528469
UM_SL_ILC_20260728_BD_1,2026-07-28 00:00:00+00:00,2026,171.0,blob,23,2263.8,631.9,ok,-90.262183,38.528274
UM_SL_ILC_20260728_BD_1,2026-07-28 00:00:00+00:00,2026,171.0,blob,24,2362.2,649.3,ok,-90.262389,38.528061
UM_SL_ILC_20260728_BD_1,2026-07-28 00:00:00+00:00,2026,171.0,blob,25,2460.6,711.3,ok,-90.262581,38.527841
UM_SL_ILC_20260728_BD_1,2026-07-28 00:00:00+00:00,2026,171.0,blob,26,2559.1,497.0,ok,-90.262826,38.527652
UM_SL_ILC_20260728_BD_1,2026-07-28 00:00:00+00:00,2026,171.0,blob,27,2657.5,481.9,ok,-90.263071,38.527462
UM_SL_ILC_20260728_BD_1,2026-07-28 00:00:00+00:00,2026,171.0,blob,28,2755.9,453.8,ok,-90.263299,38.527264
UM_SL_ILC_20260728_BD_1,2026-07-28 00:00:00+00:00,2026,171.0,blob,29,2854.3,435.9,ok,-90.263401,38.527006
UM_SL_ILC_20260728_BD_1,2026-07-28 00:00:00+00:00,2026,171.0,blob,30,2952.8,450.9,ok,-90.263503,38.526748
UM_SL_ILC_20260728_BD_1,2026-07-28 00:00:00+00:00,2026,171.0,blob,31,3051.2,592.6,ok,-90.263599,38.526489
UM_SL_ILC_20260728_BD_1,2026-07-28 00:00:00+00:00,2026,171.0,blob,32,3149.6,546.5,ok,-90.263624,38.52622
UM_SL_ILC_20260728_BD_1,2026-07-28 00:00:00+00:00,2026,171.0,blob,33,3248.0,587.6,ok,-90.263648,38.52595
UM_SL_ILC_20260728_BD_1,2026-07-28 00:00:00+00:00,2026,171.0,blob,34,3346.5,761.3,ok,-90.263673,38.525681
UM_SL_ILC_20260728_BD_1,2026-07-28 00:00:00+00:00,2026,171.0,blob,35,3444.9,647.6,ok,-90.263821,38.525443
UM_SL_ILC_20260728_BD_1,2026-07-28 00:00:00+00:00,2026,171.0,blob,36,3543.3,682.9,ok,-90.264,38.525212
UM_SL_ILC_20260728_BD_1,2026-07-28 00:00:00+00:00,2026,171.0,blob,37,3641.7,629.1,ok,-90.264129,38.524962
UM_SL_ILC_20260728_BD_1,2026-07-28 00:00:00+00:00,2026,171.0,blob,38,3740.2,582.0,ok,-90.264257,38.524711
UM_SL_ILC_20260728_BD_1,2026-07-28 00:00:00+00:00,2026,171.0,blob,39,3838.6,542.4,ok,-90.264384,38.52446
UM_SL_ILC_20260728_BD_1,2026-07-28 00:00:00+00:00,2026,171.0,blob,40,3937.0,530.7,ok,-90.264512,38.524209
UM_SL_ILC_20260728_BD_1,2026-07-28 00:00:00+00:00,2026,171.0,blob,41,4035.4,490.8,ok,-90.264705,38.523986
UM_SL_ILC_20260728_BD_1,2026-07-28 00:00:00+00:00,2026,171.0,blob,42,4133.9,610.2,ok,-90.264901,38.523764
UM_SL_ILC_20260728_BD_1,2026-07-28 00:00:00+00:00,2026,171.0,blob,43,4232.3,693.2,ok,-90.265098,38.523542
UM_SL_ILC_20260728_BD_1,2026-07-28 00:00:00+00:00,2026,171.0,blob,44,4330.7,577.6,ok,-90.265224,38.523301
UM_SL_ILC_20260728_BD_1,2026-07-28 00:00:00+00:00,2026,171.0,blob,45,4429.1,635.1,ok,-90.265248,38.523032
UM_SL_ILC_20260728_BD_1,2026-07-28 00:00:00+00:00,2026,171.0,blob,46,4527.6,833.7,ok,-90.265272,38.522762
UM_SL_ILC_20260728_BD_1,2026-07-28 00:00:00+00:00,2026,171.0,blob,47,4626.0,977.4,ok,-90.265296,38.522493
UM_SL_ILC_20260728_BD_1,2026-07-28 00:00:00+00:00,2026,171.0,blob,48,4724.4,755.1,ok,-90.265427,38.522245
UM_SL_ILC_20260728_BD_1,2026-07-28 00:00:00+00:00,2026,171.0,blob,49,4822.8,764.7,ok,-90.265496,38.521982
UM_SL_ILC_20260728_BD_1,2026-07-28 00:00:00+00:00,2026,171.0,blob,50,4921.3,766.5,ok,-90.265554,38.521716
UM_SL_ILC_20260728_BD_1,2026-07-28 00:00:00+00:00,2026,171.0,blob,51,5019.7,743.5,ok,-90.265715,38.521483
UM_SL_ILC_20260728_BD_1,2026-07-28 00:00:00+00:00,2026,171.0,blob,52,5118.1,571.5,ok,-90.265977,38.521308
UM_SL_ILC_20260728_BD_1,2026-07-28 00:00:00+00:00,2026,171.0,blob,53,5216.5,711.9,ok,-90.26624,38.521134
UM_SL_ILC_20260728_BD_1,2026-07-28 00:00:00+00:00,2026,171.0,blob,54,5315.0,669.1,ok,-90.266441,38.52092
UM_SL_ILC_20260728_BD_1,2026-07-28 00:00:00+00:00,2026,171.0,blob,55,5413.4,724.8,ok,-90.26661,38.520684
UM_SL_ILC_20260728_BD_1,2026-07-28 00:00:00+00:00,2026,171.0,blob,56,5511.8,771.3,ok,-90.266682,38.520429
UM_SL_ILC_20260728_BD_1,2026-07-28 00:00:00+00:00,2026,171.0,blob,57,5610.2,654.1,ok,-90.266679,38.520159
UM_SL_ILC_20260728_BD_1,2026-07-28 00:00:00+00:00,2026,171.0,blob,58,5708.7,562.8,ok,-90.266677,38.519889
UM_SL_ILC_20260728_BD_1,2026-07-28 00:00:00+00:00,2026,171.0,blob,59,5807.1,494.8,ok,-90.266729,38.519628
UM_SL_ILC_20260728_BD_1,2026-07-28 00:00:00+00:00,2026,171.0,blob,60,5905.5,645.9,ok,-90.266871,38.519382
UM_SL_ILC_20260728_BD_1,2026-07-28 00:00:00+00:00,2026,171.0,blob,61,6003.9,584.0,ok,-90.267014,38.519136
UM_SL_ILC_20260728_BD_1,2026-07-28 00:00:00+00:00,2026,171.0,blob,62,6102.4,704.2,ok,-90.267156,38.51889
UM_SL_ILC_20260728_BD_1,2026-07-28 00:00:00+00:00,2026,171.0,blob,63,6200.8,779.6,ok,-90.26728,38.518639
UM_SL_ILC_20260728_BD_1,2026-07-28 00:00:00+00:00,2026,171.0,blob,64,6299.2,798.3,ok,-90.267364,38.518377
UM_SL_ILC_20260728_BD_1,2026-07-28 00:00:00+00:00,2026,171.0,blob,65,6397.6,623.2,ok,-90.267447,38.518115
UM_SL_ILC_20260728_BD_1,2026-07-28 00:00:00+00:00,2026,171.0,blob,66,6496.1,672.1,ok,-90.26749,38.517851
UM_SL_ILC_20260728_BD_1,2026-07-28 00:00:00+00:00,2026,171.0,blob,67,6594.5,1099.2,ok,-90.267444,38.517583
UM_SL_ILC_20260728_BD_1,2026-07-28 00:00:00+00:00,2026,171.0,blob,68,6692.9,1105.4,ok,-90.267398,38.517315
UM_SL_ILC_20260728_BD_1,2026-07-28 00:00:00+00:00,2026,171.0,blob,69,6791.3,773.9,ok,-90.26746,38.517052
UM_SL_ILC_20260728_BD_1,2026-07-28 00:00:00+00:00,2026,171.0,blob,70,6889.8,736.7,ok,-90.26754,38.516789
UM_SL_ILC_20260728_BD_1,2026-07-28 00:00:00+00:00,2026,171.0,blob,71,6988.2,580.9,ok,-90.267621,38.516527
UM_SL_ILC_20260728_BD_1,2026-07-28 00:00:00+00:00,2026,171.0,blob,72,7086.6,980.4,ok,-90.267702,38.516264
UM_SL_ILC_20260728_BD_2,2026-07-28 00:00:00+00:00,2026,168.0,blob,0,0.0,321.3,ok,-90.278334,38.478814
UM_SL_ILC_20260728_BD_2,2026-07-28 00:00:00+00:00,2026,168.0,blob,1,98.4,549.7,ok,-90.278643,38.478695
UM_SL_ILC_20260728_BD_2,2026-07-28 00:00:00+00:00,2026,168.0,blob,2,196.9,780.5,ok,-90.278949,38.478572
UM_SL_ILC_20260728_BD_2,2026-07-28 00:00:00+00:00,2026,168.0,blob,3,295.3,960.7,ok,-90.279255,38.478449
UM_SL_ILC_20260728_BD_2,2026-07-28 00:00:00+00:00,2026,168.0,blob,4,393.7,721.8,ok,-90.279434,38.478268
UM_SL_ILC_20260728_BD_2,2026-07-28 00:00:00+00:00,2026,168.0,blob,5,492.1,734.9,ok,-90.27942,38.477998
UM_SL_ILC_20260728_BD_2,2026-07-28 00:00:00+00:00,2026,168.0,blob,6,590.6,684.5,ok,-90.279423,38.47773
UM_SL_ILC_20260728_BD_2,2026-07-28 00:00:00+00:00,2026,168.0,blob,7,689.0,736.2,ok,-90.279555,38.477481
UM_SL_ILC_20260728_BD_2,2026-07-28 00:00:00+00:00,2026,168.0,blob,8,787.4,679.5,ok,-90.279687,38.477232
UM_SL_ILC_20260728_BD_2,2026-07-28 00:00:00+00:00,2026,168.0,blob,9,885.8,647.7,ok,-90.27982,38.476982
UM_SL_ILC_20260728_BD_2,2026-07-28 00:00:00+00:00,2026,168.0,blob,10,984.3,601.2,ok,-90.279904,38.476723
UM_SL_ILC_20260728_BD_2,2026-07-28 00:00:00+00:00,2026,168.0,blob,11,1082.7,746.8,ok,-90.279947,38.476455
UM_SL_ILC_20260728_BD_2,2026-07-28 00:00:00+00:00,2026,168.0,blob,12,1181.1,718.0,ok,-90.27999,38.476187
UM_SL_ILC_20260728_BD_2,2026-07-28 00:00:00+00:00,2026,168.0,blob,13,1279.5,861.5,ok,-90.279936,38.475924
UM_SL_ILC_20260728_BD_2,2026-07-28 00:00:00+00:00,2026,168.0,blob,14,1378.0,672.0,ok,-90.279842,38.475665
UM_SL_ILC_20260728_BD_2,2026-07-28 00:00:00+00:00,2026,168.0,blob,15,1476.4,559.0,ok,-90.27977,38.475404
UM_SL_ILC_20260728_BD_2,2026-07-28 00:00:00+00:00,2026,168.0,blob,16,1574.8,600.9,ok,-90.279849,38.475141
UM_SL_ILC_20260728_BD_2,2026-07-28 00:00:00+00:00,2026,168.0,blob,17,1673.2,996.4,ok,-90.279929,38.474879
UM_SL_ILC_20260728_BD_2,2026-07-28 00:00:00+00:00,2026,168.0,blob,18,1771.7,954.9,ok,-90.280009,38.474616
UM_SL_ILC_20260728_BD_2,2026-07-28 00:00:00+00:00,2026,168.0,blob,19,1870.1,979.4,ok,-90.280088,38.474353
UM_SL_ILC_20260728_BD_2,2026-07-28 00:00:00+00:00,2026,168.0,blob,20,1968.5,969.7,ok,-90.280168,38.47409
UM_SL_ILC_20260728_BD_2,2026-07-28 00:00:00+00:00,2026,168.0,blob,21,2066.9,975.4,ok,-90.280216,38.473823
UM_SL_ILC_20260728_BD_2,2026-07-28 00:00:00+00:00,2026,168.0,blob,22,2165.4,989.0,ok,-90.280243,38.473554
UM_SL_ILC_20260728_BD_2,2026-07-28 00:00:00+00:00,2026,168.0,blob,23,2263.8,955.2,ok,-90.280271,38.473285
UM_SL_ILC_20260728_BD_2,2026-07-28 00:00:00+00:00,2026,168.0,blob,24,2362.2,929.4,ok,-90.280318,38.473018
UM_SL_ILC_20260728_BD_2,2026-07-28 00:00:00+00:00,2026,168.0,blob,25,2460.6,947.7,ok,-90.280415,38.472759
UM_SL_ILC_20260728_BD_2,2026-07-28 00:00:00+00:00,2026,168.0,blob,26,2559.1,1178.8,ok,-90.280644,38.472571
UM_SL_ILC_20260728_BD_2,2026-07-28 00:00:00+00:00,2026,168.0,blob,27,2657.5,974.9,ok,-90.280915,38.472405
UM_SL_ILC_20260811_BD_1,2026-08-11 00:00:00+00:00,2026,171.0,blob,0,0.0,994.6,ok,-90.258205,38.533136
UM_SL_ILC_20260811_BD_1,2026-08-11 00:00:00+00:00,2026,171.0,blob,1,98.4,992.6,ok,-90.25838,38.532904
UM_SL_ILC_20260811_BD_1,2026-08-11 00:00:00+00:00,2026,171.0,blob,2,196.9,997.0,ok,-90.258555,38.532671
UM_SL_ILC_20260811_BD_1,2026-08-11 00:00:00+00:00,2026,171.0,blob,3,295.3,983.4,ok,-90.258729,38.532438
UM_SL_ILC_20260811_BD_1,2026-08-11 00:00:00+00:00,2026,171.0,blob,4,393.7,653.8,ok,-90.258855,38.53219
UM_SL_ILC_20260811_BD_1,2026-08-11 00:00:00+00:00,2026,171.0,blob,5,492.1,942.6,ok,-90.258938,38.531928
UM_SL_ILC_20260811_BD_1,2026-08-11 00:00:00+00:00,2026,171.0,blob,6,590.6,898.3,ok,-90.259022,38.531665
UM_SL_ILC_20260811_BD_1,2026-08-11 00:00:00+00:00,2026,171.0,blob,7,689.0,851.3,ok,-90.259105,38.531403
UM_SL_ILC_20260811_BD_1,2026-08-11 00:00:00+00:00,2026,171.0,blob,8,787.4,814.5,ok,-90.259188,38.531141
UM_SL_ILC_20260811_BD_1,2026-08-11 00:00:00+00:00,2026,171.0,blob,9,885.8,810.6,ok,-90.259322,38.530896
UM_SL_ILC_20260811_BD_1,2026-08-11 00:00:00+00:00,2026,171.0,blob,10,984.3,752.0,ok,-90.259508,38.530669
UM_SL_ILC_20260811_BD_1,2026-08-11 00:00:00+00:00,2026,171.0,blob,11,1082.7,766.7,ok,-90.259694,38.530442
UM_SL_ILC_20260811_BD_1,2026-08-11 00:00:00+00:00,2026,171.0,blob,12,1181.1,574.5,ok,-90.259738,38.530179
UM_SL_ILC_20260811_BD_1,2026-08-11 00:00:00+00:00,2026,171.0,blob,13,1279.5,472.9,ok,-90.259755,38.529909
UM_SL_ILC_20260811_BD_1,2026-08-11 00:00:00+00:00,2026,171.0,blob,14,1378.0,509.2,ok,-90.259791,38.529643
UM_SL_ILC_20260811_BD_1,2026-08-11 00:00:00+00:00,2026,171.0,blob,15,1476.4,594.5,ok,-90.259937,38.529398
UM_SL_ILC_20260811_BD_1,2026-08-11 00:00:00+00:00,2026,171.0,blob,16,1574.8,594.7,ok,-90.260101,38.529171
UM_SL_ILC_20260811_BD_1,2026-08-11 00:00:00+00:00,2026,171.0,blob,17,1673.2,412.4,ok,-90.260435,38.529106
UM_SL_ILC_20260811_BD_1,2026-08-11 00:00:00+00:00,2026,171.0,blob,18,1771.7,364.5,ok,-90.260769,38.529042
UM_SL_ILC_20260811_BD_1,2026-08-11 00:00:00+00:00,2026,171.0,blob,19,1870.1,391.4,ok,-90.261103,38.528978
UM_SL_ILC_20260811_BD_1,2026-08-11 00:00:00+00:00,2026,171.0,blob,20,1968.5,1150.6,ok,-90.261437,38.528913
UM_SL_ILC_20260811_BD_1,2026-08-11 00:00:00+00:00,2026,171.0,blob,21,2066.9,717.3,ok,-90.261771,38.528849
UM_SL_ILC_20260811_BD_1,2026-08-11 00:00:00+00:00,2026,171.0,blob,22,2165.4,596.5,ok,-90.261959,38.528652
UM_SL_ILC_20260811_BD_1,2026-08-11 00:00:00+00:00,2026,171.0,blob,23,2263.8,540.6,ok,-90.262089,38.528402
UM_SL_ILC_20260811_BD_1,2026-08-11 00:00:00+00:00,2026,171.0,blob,24,2362.2,428.6,ok,-90.262219,38.528151
UM_SL_ILC_20260811_BD_1,2026-08-11 00:00:00+00:00,2026,171.0,blob,25,2460.6,764.6,ok,-90.262406,38.527927
UM_SL_ILC_20260811_BD_1,2026-08-11 00:00:00+00:00,2026,171.0,blob,26,2559.1,646.3,ok,-90.262614,38.527712
UM_SL_ILC_20260811_BD_1,2026-08-11 00:00:00+00:00,2026,171.0,blob,27,2657.5,722.2,ok,-90.262842,38.527512
UM_SL_ILC_20260811_BD_1,2026-08-11 00:00:00+00:00,2026,171.0,blob,28,2755.9,742.8,ok,-90.263118,38.527351
UM_SL_ILC_20260811_BD_1,2026-08-11 00:00:00+00:00,2026,171.0,blob,29,2854.3,712.5,ok,-90.263347,38.527155
UM_SL_ILC_20260811_BD_1,2026-08-11 00:00:00+00:00,2026,171.0,blob,30,2952.8,424.7,ok,-90.263537,38.526929
UM_SL_ILC_20260811_BD_1,2026-08-11 00:00:00+00:00,2026,171.0,blob,31,3051.2,385.5,ok,-90.263726,38.526704
UM_SL_ILC_20260811_BD_1,2026-08-11 00:00:00+00:00,2026,171.0,blob,32,3149.6,506.1,ok,-90.263876,38.526464
UM_SL_ILC_20260811_BD_1,2026-08-11 00:00:00+00:00,2026,171.0,blob,33,3248.0,514.9,ok,-90.26398,38.526206
UM_SL_ILC_20260811_BD_1,2026-08-11 00:00:00+00:00,2026,171.0,blob,34,3346.5,480.6,ok,-90.263973,38.525936
UM_SL_ILC_20260811_BD_1,2026-08-11 00:00:00+00:00,2026,171.0,blob,35,3444.9,476.2,ok,-90.263973,38.525666
UM_SL_ILC_20260811_BD_1,2026-08-11 00:00:00+00:00,2026,171.0,blob,36,3543.3,541.1,ok,-90.264015,38.525398
UM_SL_ILC_20260811_BD_1,2026-08-11 00:00:00+00:00,2026,171.0,blob,37,3641.7,556.4,ok,-90.264057,38.52513
UM_SL_ILC_20260811_BD_1,2026-08-11 00:00:00+00:00,2026,171.0,blob,38,3740.2,703.5,ok,-90.264099,38.524862
UM_SL_ILC_20260811_BD_1,2026-08-11 00:00:00+00:00,2026,171.0,blob,39,3838.6,613.1,ok,-90.264245,38.52463
UM_SL_ILC_20260811_BD_1,2026-08-11 00:00:00+00:00,2026,171.0,blob,40,3937.0,635.9,ok,-90.26445,38.524415
UM_SL_ILC_20260811_BD_1,2026-08-11 00:00:00+00:00,2026,171.0,blob,41,4035.4,615.1,ok,-90.264607,38.524174
UM_SL_ILC_20260811_BD_1,2026-08-11 00:00:00+00:00,2026,171.0,blob,42,4133.9,628.6,ok,-90.264744,38.523929
UM_SL_ILC_20260811_BD_1,2026-08-11 00:00:00+00:00,2026,171.0,blob,43,4232.3,581.5,ok,-90.264819,38.523665
UM_SL_ILC_20260811_BD_1,2026-08-11 00:00:00+00:00,2026,171.0,blob,44,4330.7,449.8,ok,-90.264999,38.523443
UM_SL_ILC_20260811_BD_1,2026-08-11 00:00:00+00:00,2026,171.0,blob,45,4429.1,709.8,ok,-90.265225,38.52324
UM_SL_ILC_20260811_BD_1,2026-08-11 00:00:00+00:00,2026,171.0,blob,46,4527.6,580.6,ok,-90.265452,38.523036
UM_SL_ILC_20260811_BD_1,2026-08-11 00:00:00+00:00,2026,171.0,blob,47,4626.0,537.6,ok,-90.265601,38.522794
UM_SL_ILC_20260811_BD_1,2026-08-11 00:00:00+00:00,2026,171.0,blob,48,4724.4,547.8,ok,-90.265663,38.522528
UM_SL_ILC_20260811_BD_1,2026-08-11 00:00:00+00:00,2026,171.0,blob,49,4822.8,617.0,ok,-90.265725,38.522262
UM_SL_ILC_20260811_BD_1,2026-08-11 00:00:00+00:00,2026,171.0,blob,50,4921.3,583.2,ok,-90.265756,38.521994
UM_SL_ILC_20260811_BD_1,2026-08-11 00:00:00+00:00,2026,171.0,blob,51,5019.7,1172.1,ok,-90.265761,38.521724
UM_SL_ILC_20260811_BD_1,2026-08-11 00:00:00+00:00,2026,171.0,blob,52,5118.1,727.6,ok,-90.265814,38.521465
UM_SL_ILC_20260811_BD_1,2026-08-11 00:00:00+00:00,2026,171.0,blob,53,5216.5,903.4,ok,-90.265999,38.521237
UM_SL_ILC_20260811_BD_1,2026-08-11 00:00:00+00:00,2026,171.0,blob,54,5315.0,913.0,ok,-90.266148,38.520998
UM_SL_ILC_20260811_BD_1,2026-08-11 00:00:00+00:00,2026,171.0,blob,55,5413.4,904.3,ok,-90.266218,38.520734
UM_SL_ILC_20260811_BD_1,2026-08-11 00:00:00+00:00,2026,171.0,blob,56,5511.8,868.4,ok,-90.266288,38.520469
UM_SL_ILC_20260811_BD_1,2026-08-11 00:00:00+00:00,2026,171.0,blob,57,5610.2,827.8,ok,-90.266359,38.520205
UM_SL_ILC_20260811_BD_1,2026-08-11 00:00:00+00:00,2026,171.0,blob,58,5708.7,736.4,ok,-90.266429,38.51994
UM_SL_ILC_20260811_BD_1,2026-08-11 00:00:00+00:00,2026,171.0,blob,59,5807.1,596.0,ok,-90.266499,38.519676
UM_SL_ILC_20260811_BD_1,2026-08-11 00:00:00+00:00,2026,171.0,blob,60,5905.5,1098.0,ok,-90.266664,38.519447
UM_SL_ILC_20260811_BD_1,2026-08-11 00:00:00+00:00,2026,171.0,blob,61,6003.9,988.3,ok,-90.266882,38.519238
UM_SL_ILC_20260811_BD_1,2026-08-11 00:00:00+00:00,2026,171.0,blob,62,6102.4,811.9,ok,-90.267101,38.519029
UM_SL_ILC_20260811_BD_1,2026-08-11 00:00:00+00:00,2026,171.0,blob,63,6200.8,887.9,ok,-90.267294,38.51881
UM_SL_ILC_20260811_BD_1,2026-08-11 00:00:00+00:00,2026,171.0,blob,64,6299.2,687.4,ok,-90.267413,38.518556
UM_SL_ILC_20260811_BD_1,2026-08-11 00:00:00+00:00,2026,171.0,blob,65,6397.6,720.1,ok,-90.267532,38.518303
UM_SL_ILC_20260811_BD_1,2026-08-11 00:00:00+00:00,2026,171.0,blob,66,6496.1,778.5,ok,-90.267651,38.518049
UM_SL_ILC_20260811_BD_1,2026-08-11 00:00:00+00:00,2026,171.0,blob,67,6594.5,1101.3,ok,-90.267769,38.517795
UM_SL_ILC_20260811_BD_1,2026-08-11 00:00:00+00:00,2026,171.0,blob,68,6692.9,746.5,ok,-90.267783,38.517531
UM_SL_ILC_20260811_BD_1,2026-08-11 00:00:00+00:00,2026,171.0,blob,69,6791.3,875.0,ok,-90.267749,38.517262
UM_SL_ILC_20260811_BD_1,2026-08-11 00:00:00+00:00,2026,171.0,blob,70,6889.8,868.6,ok,-90.267698,38.516996
UM_SL_ILC_20260811_BD_1,2026-08-11 00:00:00+00:00,2026,171.0,blob,71,6988.2,1120.5,ok,-90.267601,38.516737
UM_SL_ILC_20260811_BD_1,2026-08-11 00:00:00+00:00,2026,171.0,blob,72,7086.6,1004.8,ok,-90.267601,38.516477
UM_SL_ILC_20260811_BD_1,2026-08-11 00:00:00+00:00,2026,171.0,blob,73,7185.0,948.2,ok,-90.267691,38.516216
UM_SL_ILC_20260811_BD_2,2026-08-11 00:00:00+00:00,2026,167.0,blob,0,0.0,1009.7,ok,-90.281641,38.464368
UM_SL_ILC_20260811_BD_2,2026-08-11 00:00:00+00:00,2026,167.0,blob,1,98.4,966.9,ok,-90.28188,38.464174
UM_SL_ILC_20260811_BD_2,2026-08-11 00:00:00+00:00,2026,167.0,blob,2,196.9,1188.9,ok,-90.282178,38.464045
UM_SL_ILC_20260811_BD_2,2026-08-11 00:00:00+00:00,2026,167.0,blob,3,295.3,1014.3,ok,-90.282387,38.463864
UM_SL_ILC_20260811_BD_2,2026-08-11 00:00:00+00:00,2026,167.0,blob,4,393.7,875.5,ok,-90.282476,38.463603
UM_SL_ILC_20260811_BD_2,2026-08-11 00:00:00+00:00,2026,167.0,blob,5,492.1,1034.1,ok,-90.282565,38.463342
UM_SL_ILC_20260811_BD_2,2026-08-11 00:00:00+00:00,2026,167.0,blob,6,590.6,1041.3,ok,-90.28262,38.463077
UM_SL_ILC_20260811_BD_2,2026-08-11 00:00:00+00:00,2026,167.0,blob,7,689.0,1108.0,ok,-90.282633,38.462807
UM_SL_ILC_20260811_BD_2,2026-08-11 00:00:00+00:00,2026,167.0,blob,8,787.4,727.0,ok,-90.282646,38.462537
UM_SL_ILC_20260811_BD_2,2026-08-11 00:00:00+00:00,2026,167.0,blob,9,885.8,535.3,ok,-90.282658,38.462267
UM_SL_ILC_20260811_BD_2,2026-08-11 00:00:00+00:00,2026,167.0,blob,10,984.3,1051.4,ok,-90.282671,38.461997
UM_SL_ILC_20260811_BD_2,2026-08-11 00:00:00+00:00,2026,167.0,blob,11,1082.7,1111.7,ok,-90.282707,38.461731
UM_SL_ILC_20260811_BD_2,2026-08-11 00:00:00+00:00,2026,167.0,blob,12,1181.1,1171.5,ok,-90.282859,38.461489
UM_SL_ILC_20260811_BD_2,2026-08-11 00:00:00+00:00,2026,167.0,blob,13,1279.5,971.9,ok,-90.283011,38.461247
UM_SL_ILC_20260811_BD_2,2026-08-11 00:00:00+00:00,2026,167.0,blob,14,1378.0,888.5,ok,-90.283189,38.461021
UM_SL_ILC_20260811_BD_2,2026-08-11 00:00:00+00:00,2026,167.0,blob,15,1476.4,576.6,ok,-90.28346,38.460855
UM_SL_ILC_20260811_BD_2,2026-08-11 00:00:00+00:00,2026,167.0,blob,16,1574.8,543.7,ok,-90.283731,38.460689
UM_SL_ILC_20260811_BD_2,2026-08-11 00:00:00+00:00,2026,167.0,blob,17,1673.2,564.1,ok,-90.283872,38.460452
UM_SL_ILC_20260811_BD_2,2026-08-11 00:00:00+00:00,2026,167.0,blob,18,1771.7,313.6,ok,-90.283975,38.460194
UM_SL_ILC_20260811_BD_2,2026-08-11 00:00:00+00:00,2026,167.0,blob,19,1870.1,202.5,ok,-90.284061,38.459934
UM_SL_ILC_20260811_BD_2,2026-08-11 00:00:00+00:00,2026,167.0,blob,20,1968.5,196.9,ok,-90.284091,38.459665
UM_SL_ILC_20260811_BD_2,2026-08-11 00:00:00+00:00,2026,167.0,blob,21,2066.9,242.8,ok,-90.283971,38.459419
UM_SL_ILC_20260811_BD_2,2026-08-11 00:00:00+00:00,2026,167.0,blob,22,2165.4,663.0,ok,-90.283814,38.459178
UM_SL_ILC_20260811_BD_2,2026-08-11 00:00:00+00:00,2026,167.0,blob,23,2263.8,601.9,ok,-90.283747,38.458945
UM_SL_ILC_20260811_BD_2,2026-08-11 00:00:00+00:00,2026,167.0,blob,24,2362.2,448.6,ok,-90.283963,38.458736
UM_SL_ILC_20260811_BD_2,2026-08-11 00:00:00+00:00,2026,167.0,blob,25,2460.6,417.0,ok,-90.28418,38.458526
UM_SL_ILC_20260811_BD_2,2026-08-11 00:00:00+00:00,2026,167.0,blob,26,2559.1,339.5,ok,-90.284397,38.458316
UM_SL_ILC_20260811_BD_2,2026-08-11 00:00:00+00:00,2026,167.0,blob,27,2657.5,227.2,ok,-90.284535,38.458077
UM_SL_ILC_20260811_BD_2,2026-08-11 00:00:00+00:00,2026,167.0,blob,28,2755.9,132.1,ok,-90.284608,38.457813
UM_SL_ILC_20260811_BD_2,2026-08-11 00:00:00+00:00,2026,167.0,blob,29,2854.3,198.9,ok,-90.284598,38.457551
UM_SL_ILC_20260811_BD_2,2026-08-11 00:00:00+00:00,2026,167.0,blob,30,2952.8,259.1,ok,-90.284509,38.45729
UM_SL_ILC_20260811_BD_2,2026-08-11 00:00:00+00:00,2026,167.0,blob,31,3051.2,340.8,ok,-90.28442,38.457029
UM_SL_ILC_20260811_BD_2,2026-08-11 00:00:00+00:00,2026,167.0,blob,32,3149.6,830.0,ok,-90.284293,38.456781
UM_SL_ILC_20260811_BD_2,2026-08-11 00:00:00+00:00,2026,167.0,blob,33,3248.0,730.7,ok,-90.284107,38.456554
UM_SL_ILC_20260811_BD_2,2026-08-11 00:00:00+00:00,2026,167.0,blob,34,3346.5,839.7,ok,-90.283921,38.456327
UM_SL_ILC_20260811_BD_2,2026-08-11 00:00:00+00:00,2026,167.0,blob,35,3444.9,1182.9,ok,-90.283735,38.4561
UM_SL_ILC_20260811_BD_2,2026-08-11 00:00:00+00:00,2026,167.0,blob,36,3543.3,610.0,ok,-90.283587,38.455865
UM_SL_ILC_20260811_BD_2,2026-08-11 00:00:00+00:00,2026,167.0,blob,37,3641.7,1058.1,ok,-90.283612,38.455595
UM_SL_ILC_20260811_BD_2,2026-08-11 00:00:00+00:00,2026,167.0,blob,38,3740.2,1064.8,ok,-90.283637,38.455326
UM_SL_ILC_20260811_BD_2,2026-08-11 00:00:00+00:00,2026,167.0,blob,39,3838.6,1007.4,ok,-90.283723,38.455065
UM_SL_ILC_20260811_BD_2,2026-08-11 00:00:00+00:00,2026,167.0,blob,40,3937.0,1053.1,ok,-90.283776,38.4548
UM_SL_ILC_20260811_BD_2,2026-08-11 00:00:00+00:00,2026,167.0,blob,41,4035.4,1015.1,ok,-90.283794,38.45453
UM_SL_ILC_20260811_BD_2,2026-08-11 00:00:00+00:00,2026,167.0,blob,42,4133.9,1019.5,ok,-90.283812,38.45426
UM_SL_ILC_20260811_BD_2,2026-08-11 00:00:00+00:00,2026,167.0,blob,43,4232.3,957.0,ok,-90.283829,38.453991
UM_SL_ILC_20260811_BD_2,2026-08-11 00:00:00+00:00,2026,167.0,blob,44,4330.7,1227.3,ok,-90.284086,38.453826
UM_SL_ILC_20260811_BD_2,2026-08-11 00:00:00+00:00,2026,167.0,blob,45,4429.1,1140.5,ok,-90.284369,38.453672
UM_SL_ILC_20260818_BD_1,2026-08-18 00:00:00+00:00,2026,165.0,blob,0,0.0,1052.5,ok,-90.287218,38.434593
UM_SL_ILC_20260818_BD_1,2026-08-18 00:00:00+00:00,2026,165.0,blob,1,98.4,1201.7,ok,-90.287507,38.434446
UM_SL_ILC_20260818_BD_1,2026-08-18 00:00:00+00:00,2026,165.0,blob,2,196.9,1376.4,ok,-90.287795,38.4343
UM_SL_ILC_20260818_BD_1,2026-08-18 00:00:00+00:00,2026,165.0,blob,3,295.3,1542.8,ok,-90.288084,38.434153
UM_SL_ILC_20260818_BD_1,2026-08-18 00:00:00+00:00,2026,165.0,blob,4,393.7,1554.0,ok,-90.288372,38.434007
UM_SL_ILC_20260818_BD_1,2026-08-18 00:00:00+00:00,2026,165.0,blob,5,492.1,1255.3,ok,-90.288541,38.433784
UM_SL_ILC_20260818_BD_1,2026-08-18 00:00:00+00:00,2026,165.0,blob,6,590.6,1265.3,ok,-90.288662,38.433531
UM_SL_ILC_20260818_BD_1,2026-08-18 00:00:00+00:00,2026,165.0,blob,7,689.0,971.6,ok,-90.288784,38.433278
UM_SL_ILC_20260818_BD_1,2026-08-18 00:00:00+00:00,2026,165.0,blob,8,787.4,894.8,ok,-90.288906,38.433026
UM_SL_ILC_20260818_BD_1,2026-08-18 00:00:00+00:00,2026,165.0,blob,9,885.8,980.4,ok,-90.289027,38.432773
UM_SL_ILC_20260818_BD_1,2026-08-18 00:00:00+00:00,2026,165.0,blob,10,984.3,972.2,ok,-90.289149,38.43252
UM_SL_ILC_20260818_BD_1,2026-08-18 00:00:00+00:00,2026,165.0,blob,11,1082.7,1026.5,ok,-90.289314,38.432284
UM_SL_ILC_20260818_BD_1,2026-08-18 00:00:00+00:00,2026,165.0,blob,12,1181.1,810.6,ok,-90.289483,38.432051
UM_SL_ILC_20260818_BD_1,2026-08-18 00:00:00+00:00,2026,165.0,blob,13,1279.5,1265.3,ok,-90.289543,38.431785
UM_SL_ILC_20260818_BD_1,2026-08-18 00:00:00+00:00,2026,165.0,blob,14,1378.0,1108.7,ok,-90.289603,38.431519
UM_SL_ILC_20260818_BD_1,2026-08-18 00:00:00+00:00,2026,165.0,blob,15,1476.4,1020.4,ok,-90.289663,38.431253
UM_SL_ILC_20260818_BD_1,2026-08-18 00:00:00+00:00,2026,165.0,blob,16,1574.8,1014.3,ok,-90.289743,38.430992
UM_SL_ILC_20260818_BD_1,2026-08-18 00:00:00+00:00,2026,165.0,blob,17,1673.2,1058.8,ok,-90.289888,38.430747
UM_SL_ILC_20260818_BD_1,2026-08-18 00:00:00+00:00,2026,165.0,blob,18,1771.7,1004.6,ok,-90.290032,38.430502
UM_SL_ILC_20260818_BD_1,2026-08-18 00:00:00+00:00,2026,165.0,blob,19,1870.1,1062.2,ok,-90.290176,38.430256
UM_SL_ILC_20260818_BD_1,2026-08-18 00:00:00+00:00,2026,165.0,blob,20,1968.5,1052.3,ok,-90.29032,38.430011
UM_SL_ILC_20260818_BD_1,2026-08-18 00:00:00+00:00,2026,165.0,blob,21,2066.9,1064.8,ok,-90.29051,38.429787
UM_SL_ILC_20260818_BD_1,2026-08-18 00:00:00+00:00,2026,165.0,blob,22,2165.4,979.7,ok,-90.290681,38.429558
UM_SL_ILC_20260818_BD_1,2026-08-18 00:00:00+00:00,2026,165.0,blob,23,2263.8,998.0,ok,-90.290743,38.429292
UM_SL_ILC_20260818_BD_1,2026-08-18 00:00:00+00:00,2026,165.0,blob,24,2362.2,1051.1,ok,-90.290805,38.429026
UM_SL_ILC_20260818_BD_1,2026-08-18 00:00:00+00:00,2026,165.0,blob,25,2460.6,681.1,ok,-90.290867,38.428761
UM_SL_ILC_20260818_BD_1,2026-08-18 00:00:00+00:00,2026,165.0,blob,26,2559.1,900.9,ok,-90.290929,38.428495
UM_SL_ILC_20260818_BD_1,2026-08-18 00:00:00+00:00,2026,165.0,blob,27,2657.5,804.3,ok,-90.291054,38.428244
UM_SL_ILC_20260818_BD_1,2026-08-18 00:00:00+00:00,2026,165.0,blob,28,2755.9,861.2,ok,-90.291192,38.427997
UM_SL_ILC_20260818_BD_1,2026-08-18 00:00:00+00:00,2026,165.0,blob,29,2854.3,920.2,ok,-90.29133,38.427749
UM_SL_ILC_20260818_BD_1,2026-08-18 00:00:00+00:00,2026,165.0,blob,30,2952.8,957.7,ok,-90.291523,38.42753
UM_SL_ILC_20260818_BD_1,2026-08-18 00:00:00+00:00,2026,165.0,blob,31,3051.2,983.3,ok,-90.29175,38.427327
UM_SL_ILC_20260818_BD_1,2026-08-18 00:00:00+00:00,2026,165.0,blob,32,3149.6,1078.5,ok,-90.291977,38.427124
UM_SL_ILC_20260818_BD_1,2026-08-18 00:00:00+00:00,2026,165.0,blob,33,3248.0,838.3,ok,-90.292059,38.426864
UM_SL_ILC_20260818_BD_1,2026-08-18 00:00:00+00:00,2026,165.0,blob,34,3346.5,764.5,ok,-90.292129,38.4266
UM_SL_ILC_20260818_BD_1,2026-08-18 00:00:00+00:00,2026,165.0,blob,35,3444.9,789.2,ok,-90.292227,38.426343
UM_SL_ILC_20260818_BD_1,2026-08-18 00:00:00+00:00,2026,165.0,blob,36,3543.3,895.2,ok,-90.292378,38.4261
UM_SL_ILC_20260818_BD_1,2026-08-18 00:00:00+00:00,2026,165.0,blob,37,3641.7,842.0,ok,-90.292536,38.425861
UM_SL_ILC_20260818_BD_1,2026-08-18 00:00:00+00:00,2026,165.0,blob,38,3740.2,1007.7,ok,-90.29274,38.425643
UM_SL_ILC_20260818_BD_1,2026-08-18 00:00:00+00:00,2026,165.0,blob,39,3838.6,864.3,ok,-90.292943,38.425425
UM_SL_ILC_20260818_BD_1,2026-08-18 00:00:00+00:00,2026,165.0,blob,40,3937.0,906.0,ok,-90.293146,38.425207
UM_SL_ILC_20260818_BD_1,2026-08-18 00:00:00+00:00,2026,165.0,blob,41,4035.4,906.7,ok,-90.293349,38.424989
UM_SL_ILC_20260818_BD_1,2026-08-18 00:00:00+00:00,2026,165.0,blob,42,4133.9,950.9,ok,-90.293591,38.424798
UM_SL_ILC_20260818_BD_1,2026-08-18 00:00:00+00:00,2026,165.0,blob,43,4232.3,1106.1,ok,-90.293839,38.424612
UM_SL_ILC_20260818_BD_1,2026-08-18 00:00:00+00:00,2026,165.0,blob,44,4330.7,1144.4,ok,-90.294084,38.424424
UM_SL_ILC_20260818_BD_1,2026-08-18 00:00:00+00:00,2026,165.0,blob,45,4429.1,1254.3,ok,-90.294082,38.424154
UM_SL_ILC_20260818_BD_1,2026-08-18 00:00:00+00:00,2026,165.0,blob,46,4527.6,1129.2,ok,-90.294081,38.423884
UM_SL_ILC_20260818_BD_1,2026-08-18 00:00:00+00:00,2026,165.0,blob,47,4626.0,944.2,ok,-90.294071,38.423614
UM_SL_ILC_20260818_BD_2,2026-08-18 00:00:00+00:00,2026,159.0,blob,0,0.0,978.0,ok,-90.353952,38.370702
UM_SL_ILC_20260818_BD_2,2026-08-18 00:00:00+00:00,2026,159.0,blob,1,98.4,1191.5,ok,-90.35377,38.370473
UM_SL_ILC_20260818_BD_2,2026-08-18 00:00:00+00:00,2026,159.0,blob,2,196.9,1400.3,ok,-90.353589,38.370244
UM_SL_ILC_20260818_BD_2,2026-08-18 00:00:00+00:00,2026,159.0,blob,3,295.3,1569.7,ok,-90.353407,38.370015
UM_SL_ILC_20260818_BD_2,2026-08-18 00:00:00+00:00,2026,159.0,blob,4,393.7,1179.8,ok,-90.353448,38.369764
UM_SL_ILC_20260818_BD_2,2026-08-18 00:00:00+00:00,2026,159.0,blob,5,492.1,1117.4,ok,-90.353553,38.369506
UM_SL_ILC_20260818_BD_2,2026-08-18 00:00:00+00:00,2026,159.0,blob,6,590.6,1143.0,ok,-90.353657,38.369249
UM_SL_ILC_20260818_BD_2,2026-08-18 00:00:00+00:00,2026,159.0,blob,7,689.0,1137.1,ok,-90.353761,38.368991
UM_SL_ILC_20260818_BD_2,2026-08-18 00:00:00+00:00,2026,159.0,blob,8,787.4,1129.6,ok,-90.353866,38.368734
UM_SL_ILC_20260818_BD_2,2026-08-18 00:00:00+00:00,2026,159.0,blob,9,885.8,1090.5,ok,-90.35397,38.368477
UM_SL_ILC_20260818_BD_2,2026-08-18 00:00:00+00:00,2026,159.0,blob,10,984.3,1172.6,ok,-90.354074,38.368219
UM_SL_ILC_20260818_BD_2,2026-08-18 00:00:00+00:00,2026,159.0,blob,11,1082.7,1154.8,ok,-90.354179,38.367962
UM_SL_ILC_20260818_BD_2,2026-08-18 00:00:00+00:00,2026,159.0,blob,12,1181.1,1149.6,ok,-90.354283,38.367704
UM_SL_ILC_20260818_BD_2,2026-08-18 00:00:00+00:00,2026,159.0,blob,13,1279.5,904.2,ok,-90.354401,38.367451
UM_SL_ILC_20260818_BD_2,2026-08-18 00:00:00+00:00,2026,159.0,blob,14,1378.0,1070.9,ok,-90.354553,38.367209
UM_SL_ILC_20260818_BD_2,2026-08-18 00:00:00+00:00,2026,159.0,blob,15,1476.4,1199.3,ok,-90.354665,38.366957
UM_SL_ILC_20260818_BD_2,2026-08-18 00:00:00+00:00,2026,159.0,blob,16,1574.8,1155.0,ok,-90.354725,38.366691
UM_SL_ILC_20260818_BD_2,2026-08-18 00:00:00+00:00,2026,159.0,blob,17,1673.2,1115.4,ok,-90.354799,38.366428
UM_SL_ILC_20260818_BD_2,2026-08-18 00:00:00+00:00,2026,159.0,blob,18,1771.7,1165.7,ok,-90.354922,38.366175
UM_SL_ILC_20260818_BD_2,2026-08-18 00:00:00+00:00,2026,159.0,blob,19,1870.1,1170.1,ok,-90.355046,38.365923
UM_SL_ILC_20260818_BD_2,2026-08-18 00:00:00+00:00,2026,159.0,blob,20,1968.5,1166.5,ok,-90.355169,38.365671
UM_SL_ILC_20260818_BD_2,2026-08-18 00:00:00+00:00,2026,159.0,blob,21,2066.9,1180.2,ok,-90.355292,38.365419
UM_SL_ILC_20260818_BD_2,2026-08-18 00:00:00+00:00,2026,159.0,blob,22,2165.4,1193.9,ok,-90.355415,38.365167
UM_SL_ILC_20260818_BD_2,2026-08-18 00:00:00+00:00,2026,159.0,blob,23,2263.8,1133.6,ok,-90.355529,38.364912
UM_SL_ILC_20260818_BD_2,2026-08-18 00:00:00+00:00,2026,159.0,blob,24,2362.2,1183.6,ok,-90.35562,38.364652
UM_SL_ILC_20260818_BD_2,2026-08-18 00:00:00+00:00,2026,159.0,blob,25,2460.6,1163.6,ok,-90.355711,38.364391
UM_SL_ILC_20260818_BD_2,2026-08-18 00:00:00+00:00,2026,159.0,blob,26,2559.1,1160.4,ok,-90.355803,38.364131
UM_SL_ILC_20260818_BD_2,2026-08-18 00:00:00+00:00,2026,159.0,blob,27,2657.5,1067.5,ok,-90.355894,38.36387
UM_SL_ILC_20260818_BD_2,2026-08-18 00:00:00+00:00,2026,159.0,blob,28,2755.9,1082.5,ok,-90.355985,38.36361
UM_SL_ILC_20260818_BD_2,2026-08-18 00:00:00+00:00,2026,159.0,blob,29,2854.3,1135.9,ok,-90.356076,38.363349
UM_SL_ILC_20260818_BD_2,2026-08-18 00:00:00+00:00,2026,159.0,blob,30,2952.8,1113.2,ok,-90.356168,38.363089
UM_SL_ILC_20260818_BD_2,2026-08-18 00:00:00+00:00,2026,159.0,blob,31,3051.2,1104.2,ok,-90.356262,38.362829
UM_SL_ILC_20260818_BD_2,2026-08-18 00:00:00+00:00,2026,159.0,blob,32,3149.6,1129.3,ok,-90.356368,38.362572
UM_SL_ILC_20260818_BD_2,2026-08-18 00:00:00+00:00,2026,159.0,blob,33,3248.0,1158.1,ok,-90.356473,38.362315
UM_SL_ILC_20260818_BD_2,2026-08-18 00:00:00+00:00,2026,159.0,blob,34,3346.5,1148.2,ok,-90.356579,38.362058
UM_SL_ILC_20260818_BD_2,2026-08-18 00:00:00+00:00,2026,159.0,blob,35,3444.9,1136.0,ok,-90.356684,38.361801
UM_SL_ILC_20260818_BD_2,2026-08-18 00:00:00+00:00,2026,159.0,blob,36,3543.3,1093.3,ok,-90.35679,38.361544
UM_SL_ILC_20260818_BD_2,2026-08-18 00:00:00+00:00,2026,159.0,blob,37,3641.7,1129.1,ok,-90.356896,38.361287
UM_SL_ILC_20260818_BD_2,2026-08-18 00:00:00+00:00,2026,159.0,blob,38,3740.2,1089.4,ok,-90.357001,38.36103
UM_SL_ILC_20260818_BD_2,2026-08-18 00:00:00+00:00,2026,159.0,blob,39,3838.6,1116.6,ok,-90.357107,38.360772
UM_SL_ILC_20260818_BD_2,2026-08-18 00:00:00+00:00,2026,159.0,blob,40,3937.0,1424.1,ok,-90.356984,38.360536
UM_SL_ILC_20260818_BD_2,2026-08-18 00:00:00+00:00,2026,159.0,blob,41,4035.4,1263.7,ok,-90.356807,38.360305
UM_SL_ILC_20260818_BD_2,2026-08-18 00:00:00+00:00,2026,159.0,blob,42,4133.9,1071.5,ok,-90.356636,38.360071
UM_SL_ILC_20260818_BD_2,2026-08-18 00:00:00+00:00,2026,159.0,blob,43,4232.3,861.1,ok,-90.356488,38.359827
UM_SL_ILC_20260820_BD_1,2026-08-20 00:00:00+00:00,2026,161.0,blob,0,0.0,1222.4,ok,-90.334301,38.3957
UM_SL_ILC_20260820_BD_1,2026-08-20 00:00:00+00:00,2026,161.0,blob,1,98.4,1367.9,ok,-90.334645,38.395692
UM_SL_ILC_20260820_BD_1,2026-08-20 00:00:00+00:00,2026,161.0,blob,2,196.9,1613.3,ok,-90.334988,38.395684
UM_SL_ILC_20260820_BD_1,2026-08-20 00:00:00+00:00,2026,161.0,blob,3,295.3,1253.4,ok,-90.335313,38.395614
UM_SL_ILC_20260820_BD_1,2026-08-20 00:00:00+00:00,2026,161.0,blob,4,393.7,1258.9,ok,-90.335558,38.395427
UM_SL_ILC_20260820_BD_1,2026-08-20 00:00:00+00:00,2026,161.0,blob,5,492.1,1207.6,ok,-90.335776,38.395219
UM_SL_ILC_20260820_BD_1,2026-08-20 00:00:00+00:00,2026,161.0,blob,6,590.6,1143.8,ok,-90.335995,38.395011
UM_SL_ILC_20260820_BD_1,2026-08-20 00:00:00+00:00,2026,161.0,blob,7,689.0,1206.0,ok,-90.336214,38.394802
UM_SL_ILC_20260820_BD_1,2026-08-20 00:00:00+00:00,2026,161.0,blob,8,787.4,1239.8,ok,-90.336433,38.394594
UM_SL_ILC_20260820_BD_1,2026-08-20 00:00:00+00:00,2026,161.0,blob,9,885.8,1235.1,ok,-90.336652,38.394386
UM_SL_ILC_20260820_BD_1,2026-08-20 00:00:00+00:00,2026,161.0,blob,10,984.3,1250.4,ok,-90.336871,38.394178
UM_SL_ILC_20260820_BD_1,2026-08-20 00:00:00+00:00,2026,161.0,blob,11,1082.7,1198.0,ok,-90.33709,38.39397
UM_SL_ILC_20260820_BD_1,2026-08-20 00:00:00+00:00,2026,161.0,blob,12,1181.1,1172.8,ok,-90.33733,38.393777
UM_SL_ILC_20260820_BD_1,2026-08-20 00:00:00+00:00,2026,161.0,blob,13,1279.5,1236.3,ok,-90.337579,38.393591
UM_SL_ILC_20260820_BD_1,2026-08-20 00:00:00+00:00,2026,161.0,blob,14,1378.0,1183.0,ok,-90.337818,38.393399
UM_SL_ILC_20260820_BD_1,2026-08-20 00:00:00+00:00,2026,161.0,blob,15,1476.4,1146.6,ok,-90.33802,38.39318
UM_SL_ILC_20260820_BD_1,2026-08-20 00:00:00+00:00,2026,161.0,blob,16,1574.8,1143.9,ok,-90.338221,38.392961
UM_SL_ILC_20260820_BD_1,2026-08-20 00:00:00+00:00,2026,161.0,blob,17,1673.2,1141.1,ok,-90.338423,38.392742
UM_SL_ILC_20260820_BD_1,2026-08-20 00:00:00+00:00,2026,161.0,blob,18,1771.7,1079.0,ok,-90.338624,38.392524
UM_SL_ILC_20260820_BD_1,2026-08-20 00:00:00+00:00,2026,161.0,blob,19,1870.1,1073.2,ok,-90.338845,38.392318
UM_SL_ILC_20260820_BD_1,2026-08-20 00:00:00+00:00,2026,161.0,blob,20,1968.5,1064.4,ok,-90.339096,38.392134
UM_SL_ILC_20260820_BD_1,2026-08-20 00:00:00+00:00,2026,161.0,blob,21,2066.9,1115.1,ok,-90.339347,38.391949
UM_SL_ILC_20260820_BD_1,2026-08-20 00:00:00+00:00,2026,161.0,blob,22,2165.4,1214.8,ok,-90.339598,38.391765
UM_SL_ILC_20260820_BD_1,2026-08-20 00:00:00+00:00,2026,161.0,blob,23,2263.8,1103.2,ok,-90.339849,38.39158
UM_SL_ILC_20260820_BD_1,2026-08-20 00:00:00+00:00,2026,161.0,blob,24,2362.2,1038.3,ok,-90.3401,38.391396
UM_SL_ILC_20260820_BD_1,2026-08-20 00:00:00+00:00,2026,161.0,blob,25,2460.6,1140.4,ok,-90.340313,38.391184
UM_SL_ILC_20260820_BD_1,2026-08-20 00:00:00+00:00,2026,161.0,blob,26,2559.1,1185.8,ok,-90.340526,38.390972
UM_SL_ILC_20260820_BD_1,2026-08-20 00:00:00+00:00,2026,161.0,blob,27,2657.5,1068.6,ok,-90.340739,38.39076
UM_SL_ILC_20260820_BD_1,2026-08-20 00:00:00+00:00,2026,161.0,blob,28,2755.9,1106.5,ok,-90.340952,38.390549
UM_SL_ILC_20260820_BD_1,2026-08-20 00:00:00+00:00,2026,161.0,blob,29,2854.3,1090.9,ok,-90.341165,38.390337
UM_SL_ILC_20260820_BD_1,2026-08-20 00:00:00+00:00,2026,161.0,blob,30,2952.8,1072.9,ok,-90.341378,38.390125
UM_SL_ILC_20260820_BD_1,2026-08-20 00:00:00+00:00,2026,161.0,blob,31,3051.2,1110.2,ok,-90.341591,38.389913
UM_SL_ILC_20260820_BD_1,2026-08-20 00:00:00+00:00,2026,161.0,blob,32,3149.6,1093.9,ok,-90.341804,38.389701
UM_SL_ILC_20260820_BD_1,2026-08-20 00:00:00+00:00,2026,161.0,blob,33,3248.0,1077.6,ok,-90.342017,38.389489
UM_SL_ILC_20260820_BD_1,2026-08-20 00:00:00+00:00,2026,161.0,blob,34,3346.5,1008.3,ok,-90.34223,38.389277
UM_SL_ILC_20260820_BD_1,2026-08-20 00:00:00+00:00,2026,161.0,blob,35,3444.9,996.3,ok,-90.342434,38.38906
UM_SL_ILC_20260820_BD_1,2026-08-20 00:00:00+00:00,2026,161.0,blob,36,3543.3,1030.0,ok,-90.342626,38.388836
UM_SL_ILC_20260820_BD_1,2026-08-20 00:00:00+00:00,2026,161.0,blob,37,3641.7,981.0,ok,-90.342817,38.388612
UM_SL_ILC_20260820_BD_1,2026-08-20 00:00:00+00:00,2026,161.0,blob,38,3740.2,1085.3,ok,-90.343009,38.388388
UM_SL_ILC_20260820_BD_1,2026-08-20 00:00:00+00:00,2026,161.0,blob,39,3838.6,856.1,ok,-90.3432,38.388163
UM_SL_ILC_20260820_BD_1,2026-08-20 00:00:00+00:00,2026,161.0,blob,40,3937.0,1037.0,ok,-90.343391,38.387939
UM_SL_ILC_20260820_BD_1,2026-08-20 00:00:00+00:00,2026,161.0,blob,41,4035.4,865.1,ok,-90.343583,38.387715
UM_SL_ILC_20260820_BD_1,2026-08-20 00:00:00+00:00,2026,161.0,blob,42,4133.9,861.0,ok,-90.34369,38.387459
UM_SL_ILC_20260820_BD_1,2026-08-20 00:00:00+00:00,2026,161.0,blob,43,4232.3,742.0,ok,-90.343792,38.387201
UM_SL_ILC_20260820_BD_1,2026-08-20 00:00:00+00:00,2026,161.0,blob,44,4330.7,986.9,ok,-90.343927,38.386954
UM_SL_ILC_20260820_BD_1,2026-08-20 00:00:00+00:00,2026,161.0,blob,45,4429.1,990.9,ok,-90.344108,38.386725
UM_SL_ILC_20260820_BD_1,2026-08-20 00:00:00+00:00,2026,161.0,blob,46,4527.6,623.2,ok,-90.344289,38.386495
UM_SL_ILC_20260820_BD_1,2026-08-20 00:00:00+00:00,2026,161.0,blob,47,4626.0,999.1,ok,-90.34447,38.386266
UM_SL_ILC_20260820_BD_1,2026-08-20 00:00:00+00:00,2026,161.0,blob,48,4724.4,878.3,ok,-90.344651,38.386036
UM_SL_ILC_20260820_BD_1,2026-08-20 00:00:00+00:00,2026,161.0,blob,49,4822.8,896.6,ok,-90.344797,38.385792
UM_SL_ILC_20260820_BD_1,2026-08-20 00:00:00+00:00,2026,161.0,blob,50,4921.3,1021.5,ok,-90.344942,38.385547
UM_SL_ILC_20260820_BD_1,2026-08-20 00:00:00+00:00,2026,161.0,blob,51,5019.7,793.8,ok,-90.345088,38.385302
UM_SL_ILC_20260820_BD_1,2026-08-20 00:00:00+00:00,2026,161.0,blob,52,5118.1,868.8,ok,-90.345233,38.385057
UM_SL_ILC_20260820_BD_1,2026-08-20 00:00:00+00:00,2026,161.0,blob,53,5216.5,831.4,ok,-90.345378,38.384812
UM_SL_ILC_20260820_BD_1,2026-08-20 00:00:00+00:00,2026,161.0,blob,54,5315.0,1011.1,ok,-90.345523,38.384568
UM_SL_ILC_20260820_BD_2,2026-08-20 00:00:00+00:00,2026,156.0,blob,0,0.0,1203.2,ok,-90.372755,38.312634
UM_SL_ILC_20260820_BD_2,2026-08-20 00:00:00+00:00,2026,156.0,blob,1,98.4,1203.7,ok,-90.372779,38.312902
UM_SL_ILC_20260820_BD_2,2026-08-20 00:00:00+00:00,2026,156.0,blob,2,196.9,1198.4,ok,-90.372763,38.313172
UM_SL_ILC_20260820_BD_2,2026-08-20 00:00:00+00:00,2026,156.0,blob,3,295.3,1141.2,ok,-90.372748,38.313442
UM_SL_ILC_20260820_BD_2,2026-08-20 00:00:00+00:00,2026,156.0,blob,4,393.7,1011.1,ok,-90.372749,38.313712
UM_SL_ILC_20260820_BD_2,2026-08-20 00:00:00+00:00,2026,156.0,blob,5,492.1,1084.7,ok,-90.372777,38.313981
UM_SL_ILC_20260820_BD_2,2026-08-20 00:00:00+00:00,2026,156.0,blob,6,590.6,1150.6,ok,-90.372806,38.31425
UM_SL_ILC_20260820_BD_2,2026-08-20 00:00:00+00:00,2026,156.0,blob,7,689.0,1101.9,ok,-90.372782,38.314518
UM_SL_ILC_20260820_BD_2,2026-08-20 00:00:00+00:00,2026,156.0,blob,8,787.4,1181.9,ok,-90.372756,38.314784
UM_SL_ILC_20260820_BD_2,2026-08-20 00:00:00+00:00,2026,156.0,blob,9,885.8,972.3,ok,-90.372842,38.315045
UM_SL_ILC_20260820_BD_2,2026-08-20 00:00:00+00:00,2026,156.0,blob,10,984.3,1032.3,ok,-90.372929,38.315307
UM_SL_ILC_20260820_BD_2,2026-08-20 00:00:00+00:00,2026,156.0,blob,11,1082.7,1047.6,ok,-90.372946,38.315575
UM_SL_ILC_20260820_BD_2,2026-08-20 00:00:00+00:00,2026,156.0,blob,12,1181.1,1034.3,ok,-90.372942,38.315845
UM_SL_ILC_20260820_BD_2,2026-08-20 00:00:00+00:00,2026,156.0,blob,13,1279.5,1145.0,ok,-90.372938,38.316115
UM_SL_ILC_20260820_BD_2,2026-08-20 00:00:00+00:00,2026,156.0,blob,14,1378.0,1175.6,ok,-90.372935,38.316386
UM_SL_ILC_20260820_BD_2,2026-08-20 00:00:00+00:00,2026,156.0,blob,15,1476.4,953.5,ok,-90.372931,38.316656
UM_SL_ILC_20260820_BD_2,2026-08-20 00:00:00+00:00,2026,156.0,blob,16,1574.8,1158.7,ok,-90.372927,38.316926
UM_SL_ILC_20260820_BD_2,2026-08-20 00:00:00+00:00,2026,156.0,blob,17,1673.2,1114.6,ok,-90.37293,38.317196
UM_SL_ILC_20260820_BD_2,2026-08-20 00:00:00+00:00,2026,156.0,blob,18,1771.7,871.8,ok,-90.372984,38.317463
UM_SL_ILC_20260820_BD_2,2026-08-20 00:00:00+00:00,2026,156.0,blob,19,1870.1,894.7,ok,-90.373038,38.317729
UM_SL_ILC_20260820_BD_2,2026-08-20 00:00:00+00:00,2026,156.0,blob,20,1968.5,971.0,ok,-90.373092,38.317996
UM_SL_ILC_20260820_BD_2,2026-08-20 00:00:00+00:00,2026,156.0,blob,21,2066.9,852.0,ok,-90.373146,38.318263
UM_SL_ILC_20260820_BD_2,2026-08-20 00:00:00+00:00,2026,156.0,blob,22,2165.4,894.5,ok,-90.373201,38.31853
UM_SL_ILC_20260820_BD_2,2026-08-20 00:00:00+00:00,2026,156.0,blob,23,2263.8,910.2,ok,-90.373218,38.318796
UM_SL_ILC_20260820_BD_2,2026-08-20 00:00:00+00:00,2026,156.0,blob,24,2362.2,880.9,ok,-90.373156,38.319062
UM_SL_ILC_20260820_BD_2,2026-08-20 00:00:00+00:00,2026,156.0,blob,25,2460.6,951.9,ok,-90.373095,38.319328
UM_SL_ILC_20260820_BD_2,2026-08-20 00:00:00+00:00,2026,156.0,blob,26,2559.1,1009.8,ok,-90.373034,38.319594
UM_SL_ILC_20260820_BD_2,2026-08-20 00:00:00+00:00,2026,156.0,blob,27,2657.5,1088.2,ok,-90.372977,38.31986
UM_SL_ILC_20260820_BD_2,2026-08-20 00:00:00+00:00,2026,156.0,blob,28,2755.9,1089.6,ok,-90.372965,38.32013
UM_SL_ILC_20260820_BD_2,2026-08-20 00:00:00+00:00,2026,156.0,blob,29,2854.3,897.6,ok,-90.372973,38.320399
UM_SL_ILC_20260820_BD_2,2026-08-20 00:00:00+00:00,2026,156.0,blob,30,2952.8,925.0,ok,-90.37304,38.320664
UM_SL_ILC_20260820_BD_2,2026-08-20 00:00:00+00:00,2026,156.0,blob,31,3051.2,914.8,ok,-90.373107,38.320929
UM_SL_ILC_20260820_BD_2,2026-08-20 00:00:00+00:00,2026,156.0,blob,32,3149.6,889.0,ok,-90.373139,38.321196
UM_SL_ILC_20260820_BD_2,2026-08-20 00:00:00+00:00,2026,156.0,blob,33,3248.0,886.5,ok,-90.373131,38.321467
UM_SL_ILC_20260820_BD_2,2026-08-20 00:00:00+00:00,2026,156.0,blob,34,3346.5,920.4,ok,-90.373124,38.321737
UM_SL_ILC_20260820_BD_2,2026-08-20 00:00:00+00:00,2026,156.0,blob,35,3444.9,952.7,ok,-90.373076,38.322004
UM_SL_ILC_20260820_BD_2,2026-08-20 00:00:00+00:00,2026,156.0,blob,36,3543.3,1099.9,ok,-90.373025,38.322271
UM_SL_ILC_20260820_BD_2,2026-08-20 00:00:00+00:00,2026,156.0,blob,37,3641.7,948.5,ok,-90.372974,38.322539
UM_SL_ILC_20260820_BD_2,2026-08-20 00:00:00+00:00,2026,156.0,blob,38,3740.2,942.3,ok,-90.37295,38.322806
UM_SL_ILC_20260820_BD_2,2026-08-20 00:00:00+00:00,2026,156.0,blob,39,3838.6,958.9,ok,-90.37298,38.323075
UM_SL_ILC_20260820_BD_2,2026-08-20 00:00:00+00:00,2026,156.0,blob,40,3937.0,960.1,ok,-90.372934,38.323342
UM_SL_ILC_20260820_BD_2,2026-08-20 00:00:00+00:00,2026,156.0,blob,41,4035.4,999.8,ok,-90.372944,38.323609
UM_SL_ILC_20260820_BD_2,2026-08-20 00:00:00+00:00,2026,156.0,blob,42,4133.9,945.7,ok,-90.372997,38.323876
UM_SL_ILC_20260820_BD_2,2026-08-20 00:00:00+00:00,2026,156.0,blob,43,4232.3,849.8,ok,-90.372986,38.324146
UM_SL_ILC_20260820_BD_2,2026-08-20 00:00:00+00:00,2026,156.0,blob,44,4330.7,922.7,ok,-90.372963,38.324415
UM_SL_ILC_20260820_BD_2,2026-08-20 00:00:00+00:00,2026,156.0,blob,45,4429.1,1056.2,ok,-90.372939,38.324685
UM_SL_ILC_20260820_BD_2,2026-08-20 00:00:00+00:00,2026,156.0,blob,46,4527.6,841.5,ok,-90.372916,38.324954
UM_SL_ILC_20260820_BD_2,2026-08-20 00:00:00+00:00,2026,156.0,blob,47,4626.0,853.8,ok,-90.372893,38.325224
UM_SL_ILC_20260820_BD_2,2026-08-20 00:00:00+00:00,2026,156.0,blob,48,4724.4,888.3,ok,-90.372937,38.325491
UM_SL_ILC_20260820_BD_2,2026-08-20 00:00:00+00:00,2026,156.0,blob,49,4822.8,849.0,ok,-90.372992,38.325758
UM_SL_ILC_20260820_BD_2,2026-08-20 00:00:00+00:00,2026,156.0,blob,50,4921.3,929.4,ok,-90.373046,38.326025
UM_SL_ILC_20260820_BD_2,2026-08-20 00:00:00+00:00,2026,156.0,blob,51,5019.7,833.5,ok,-90.373101,38.326291
UM_SL_ILC_20260820_BD_2,2026-08-20 00:00:00+00:00,2026,156.0,blob,52,5118.1,877.6,ok,-90.373117,38.32656
UM_SL_ILC_20260820_BD_2,2026-08-20 00:00:00+00:00,2026,156.0,blob,53,5216.5,735.4,ok,-90.373097,38.326829
UM_SL_ILC_20260820_BD_2,2026-08-20 00:00:00+00:00,2026,156.0,blob,54,5315.0,709.0,ok,-90.373077,38.327099
UM_SL_ILC_20260820_BD_2,2026-08-20 00:00:00+00:00,2026,156.0,blob,55,5413.4,770.2,ok,-90.373057,38.327369
UM_SL_ILC_20260820_BD_2,2026-08-20 00:00:00+00:00,2026,156.0,blob,56,5511.8,758.6,ok,-90.373037,38.327639
UM_SL_ILC_20260820_BD_2,2026-08-20 00:00:00+00:00,2026,156.0,blob,57,5610.2,805.9,ok,-90.372986,38.327905
UM_SL_ILC_20260820_BD_2,2026-08-20 00:00:00+00:00,2026,156.0,blob,58,5708.7,686.7,ok,-90.372919,38.32817
UM_SL_ILC_20260820_BD_2,2026-08-20 00:00:00+00:00,2026,156.0,blob,59,5807.1,809.4,ok,-90.372899,38.328434
UM_SL_ILC_20260820_BD_2,2026-08-20 00:00:00+00:00,2026,156.0,blob,60,5905.5,682.3,ok,-90.372983,38.328696
UM_SL_ILC_20260820_BD_2,2026-08-20 00:00:00+00:00,2026,156.0,blob,61,6003.9,591.4,ok,-90.373004,38.328963
UM_SL_ILC_20260820_BD_2,2026-08-20 00:00:00+00:00,2026,156.0,blob,62,6102.4,679.8,ok,-90.373011,38.329228
UM_SL_ILC_20260820_BD_2,2026-08-20 00:00:00+00:00,2026,156.0,blob,63,6200.8,582.0,ok,-90.373154,38.329473
UM_SL_ILC_20260820_BD_2,2026-08-20 00:00:00+00:00,2026,156.0,blob,64,6299.2,523.7,ok,-90.373221,38.329736
UM_SL_ILC_20260820_BD_2,2026-08-20 00:00:00+00:00,2026,156.0,blob,65,6397.6,449.7,ok,-90.373268,38.330004
UM_SL_ILC_20260820_BD_2,2026-08-20 00:00:00+00:00,2026,156.0,blob,66,6496.1,546.0,ok,-90.373238,38.330269
UM_SL_ILC_20260820_BD_2,2026-08-20 00:00:00+00:00,2026,156.0,blob,67,6594.5,518.5,ok,-90.373162,38.330532
UM_SL_ILC_20260820_BD_2,2026-08-20 00:00:00+00:00,2026,156.0,blob,68,6692.9,614.8,ok,-90.373085,38.330796
UM_SL_ILC_20260820_BD_2,2026-08-20 00:00:00+00:00,2026,156.0,blob,69,6791.3,567.7,ok,-90.372936,38.331039
UM_SL_ILC_20260820_BD_2,2026-08-20 00:00:00+00:00,2026,156.0,blob,70,6889.8,582.5,ok,-90.372784,38.331281
UM_SL_ILC_20260820_BD_2,2026-08-20 00:00:00+00:00,2026,156.0,blob,71,6988.2,836.9,ok,-90.372693,38.33153
UM_SL_ILC_20260820_BD_2,2026-08-20 00:00:00+00:00,2026,156.0,blob,72,7086.6,798.1,ok,-90.372752,38.331796
UM_SL_ILC_20260820_BD_2,2026-08-20 00:00:00+00:00,2026,156.0,blob,73,7185.0,679.7,ok,-90.372762,38.332064
UM_SL_ILC_20260820_BD_2,2026-08-20 00:00:00+00:00,2026,156.0,blob,74,7283.5,621.5,ok,-90.372738,38.332334
UM_SL_ILC_20260820_BD_2,2026-08-20 00:00:00+00:00,2026,156.0,blob,75,7381.9,627.6,ok,-90.372681,38.332597
UM_SL_ILC_20260820_BD_2,2026-08-20 00:00:00+00:00,2026,156.0,blob,76,7480.3,743.9,ok,-90.372539,38.332843
UM_SL_ILC_20260820_BD_2,2026-08-20 00:00:00+00:00,2026,156.0,blob,77,7578.7,757.7,ok,-90.372398,38.333089
UM_SL_ILC_20260820_BD_2,2026-08-20 00:00:00+00:00,2026,156.0,blob,78,7677.2,809.0,ok,-90.372346,38.333356
UM_SL_ILC_20260820_BD_2,2026-08-20 00:00:00+00:00,2026,156.0,blob,79,7775.6,864.2,ok,-90.372246,38.333613
UM_SL_ILC_20260820_BD_2,2026-08-20 00:00:00+00:00,2026,156.0,blob,80,7874.0,852.1,ok,-90.372129,38.333867
UM_SL_ILC_20260820_BD_2,2026-08-20 00:00:00+00:00,2026,156.0,blob,81,7972.4,869.5,ok,-90.372002,38.334117
UM_SL_ILC_20260820_BD_2,2026-08-20 00:00:00+00:00,2026,156.0,blob,82,8070.9,1036.2,ok,-90.371842,38.334357
UM_SL_ILC_20260820_BD_2,2026-08-20 00:00:00+00:00,2026,156.0,blob,83,8169.3,1067.4,ok,-90.371683,38.334596
UM_SL_MRC_20260804_BD_1,2026-08-04 00:00:00+00:00,2026,194.0,blob,0,0.0,208.7,ok,-90.119636,38.795624
UM_SL_MRC_20260804_BD_1,2026-08-04 00:00:00+00:00,2026,194.0,blob,1,98.4,211.5,ok,-90.119925,38.795483
UM_SL_MRC_20260804_BD_1,2026-08-04 00:00:00+00:00,2026,194.0,blob,2,196.9,146.1,ok,-90.120246,38.795382
UM_SL_MRC_20260804_BD_1,2026-08-04 00:00:00+00:00,2026,194.0,blob,3,295.3,24.8,ok,-90.120568,38.795287
UM_SL_MRC_20260804_BD_1,2026-08-04 00:00:00+00:00,2026,194.0,blob,4,393.7,12.6,ok,-90.120903,38.795222
UM_SL_MRC_20260804_BD_1,2026-08-04 00:00:00+00:00,2026,194.0,blob,5,492.1,172.3,ok,-90.121246,38.795239
UM_SL_MRC_20260804_BD_1,2026-08-04 00:00:00+00:00,2026,194.0,blob,6,590.6,0.0,ok,-90.121574,38.795182
UM_SL_PRC_20260817_BD_1,2026-08-17 00:00:00+00:00,2026,153.0,blob,0,0.0,691.8,ok,-90.373089,38.274594
UM_SL_PRC_20260817_BD_1,2026-08-17 00:00:00+00:00,2026,153.0,blob,1,98.4,847.1,ok,-90.372884,38.274811
UM_SL_PRC_20260817_BD_1,2026-08-17 00:00:00+00:00,2026,153.0,blob,2,196.9,951.5,ok,-90.372679,38.275028
UM_SL_PRC_20260817_BD_1,2026-08-17 00:00:00+00:00,2026,153.0,blob,3,295.3,1174.6,ok,-90.37248,38.275247
UM_SL_PRC_20260817_BD_1,2026-08-17 00:00:00+00:00,2026,153.0,blob,4,393.7,1318.9,ok,-90.372309,38.275481
UM_SL_PRC_20260817_BD_1,2026-08-17 00:00:00+00:00,2026,153.0,blob,5,492.1,1332.4,ok,-90.372139,38.275716
UM_SL_PRC_20260817_BD_1,2026-08-17 00:00:00+00:00,2026,153.0,blob,6,590.6,1102.9,ok,-90.37209,38.275974
UM_SL_PRC_20260817_BD_1,2026-08-17 00:00:00+00:00,2026,153.0,blob,7,689.0,1151.6,ok,-90.372102,38.276244
UM_SL_PRC_20260817_BD_1,2026-08-17 00:00:00+00:00,2026,153.0,blob,8,787.4,1105.7,ok,-90.372113,38.276514
UM_SL_PRC_20260817_BD_1,2026-08-17 00:00:00+00:00,2026,153.0,blob,9,885.8,1208.9,ok,-90.372125,38.276784
UM_SL_PRC_20260817_BD_1,2026-08-17 00:00:00+00:00,2026,153.0,blob,10,984.3,1188.5,ok,-90.372137,38.277054
UM_SL_PRC_20260817_BD_1,2026-08-17 00:00:00+00:00,2026,153.0,blob,11,1082.7,1213.2,ok,-90.372148,38.277324
UM_SL_PRC_20260817_BD_1,2026-08-17 00:00:00+00:00,2026,153.0,blob,12,1181.1,1246.8,ok,-90.37216,38.277594
UM_SL_PRC_20260817_BD_1,2026-08-17 00:00:00+00:00,2026,153.0,blob,13,1279.5,1243.9,ok,-90.372171,38.277864
UM_SL_PRC_20260817_BD_1,2026-08-17 00:00:00+00:00,2026,153.0,blob,14,1378.0,1230.4,ok,-90.372228,38.278131
UM_SL_PRC_20260817_BD_1,2026-08-17 00:00:00+00:00,2026,153.0,blob,15,1476.4,1191.5,ok,-90.372282,38.278397
UM_SL_PRC_20260817_BD_1,2026-08-17 00:00:00+00:00,2026,153.0,blob,16,1574.8,1249.0,ok,-90.37228,38.278667
UM_SL_PRC_20260817_BD_1,2026-08-17 00:00:00+00:00,2026,153.0,blob,17,1673.2,1259.1,ok,-90.372278,38.278937
UM_SL_PRC_20260817_BD_1,2026-08-17 00:00:00+00:00,2026,153.0,blob,18,1771.7,1232.3,ok,-90.372276,38.279208
UM_SL_PRC_20260817_BD_1,2026-08-17 00:00:00+00:00,2026,153.0,blob,19,1870.1,1260.6,ok,-90.372274,38.279478
UM_SL_PRC_20260817_BD_1,2026-08-17 00:00:00+00:00,2026,153.0,blob,20,1968.5,1250.3,ok,-90.372272,38.279748
UM_SL_PRC_20260817_BD_1,2026-08-17 00:00:00+00:00,2026,153.0,blob,21,2066.9,1211.2,ok,-90.37227,38.280018
UM_SL_PRC_20260817_BD_1,2026-08-17 00:00:00+00:00,2026,153.0,blob,22,2165.4,1273.7,ok,-90.372276,38.280288
UM_SL_PRC_20260817_BD_1,2026-08-17 00:00:00+00:00,2026,153.0,blob,23,2263.8,1254.1,ok,-90.372302,38.280558
UM_SL_PRC_20260817_BD_1,2026-08-17 00:00:00+00:00,2026,153.0,blob,24,2362.2,1234.5,ok,-90.372327,38.280827
UM_SL_PRC_20260817_BD_1,2026-08-17 00:00:00+00:00,2026,153.0,blob,25,2460.6,1243.2,ok,-90.372353,38.281096
UM_SL_PRC_20260817_BD_1,2026-08-17 00:00:00+00:00,2026,153.0,blob,26,2559.1,1653.4,ok,-90.37228,38.28134
UM_SL_PRC_20260817_BD_1,2026-08-17 00:00:00+00:00,2026,153.0,blob,27,2657.5,1460.7,ok,-90.372051,38.281541
UM_SL_PRC_20260817_BD_1,2026-08-17 00:00:00+00:00,2026,153.0,blob,28,2755.9,1134.9,ok,-90.371822,38.281742
UM_SL_PRC_20260817_BD_1,2026-08-17 00:00:00+00:00,2026,153.0,blob,29,2854.3,1138.0,ok,-90.371593,38.281943
UM_SL_PRC_20260817_BD_1,2026-08-17 00:00:00+00:00,2026,153.0,blob,30,2952.8,952.1,ok,-90.371364,38.282144
UM_SL_PRC_20260817_BD_2,2026-08-17 00:00:00+00:00,2026,153.0,blob,0,0.0,691.8,ok,-90.373089,38.274594
UM_SL_PRC_20260817_BD_2,2026-08-17 00:00:00+00:00,2026,153.0,blob,1,98.4,847.1,ok,-90.372884,38.274811
UM_SL_PRC_20260817_BD_2,2026-08-17 00:00:00+00:00,2026,153.0,blob,2,196.9,951.5,ok,-90.372679,38.275028
UM_SL_PRC_20260817_BD_2,2026-08-17 00:00:00+00:00,2026,153.0,blob,3,295.3,1174.6,ok,-90.37248,38.275247
UM_SL_PRC_20260817_BD_2,2026-08-17 00:00:00+00:00,2026,153.0,blob,4,393.7,1318.9,ok,-90.372309,38.275481
UM_SL_PRC_20260817_BD_2,2026-08-17 00:00:00+00:00,2026,153.0,blob,5,492.1,1332.4,ok,-90.372139,38.275716
UM_SL_PRC_20260817_BD_2,2026-08-17 00:00:00+00:00,2026,153.0,blob,6,590.6,1102.9,ok,-90.37209,38.275974
UM_SL_PRC_20260817_BD_2,2026-08-17 00:00:00+00:00,2026,153.0,blob,7,689.0,1151.6,ok,-90.372102,38.276244
UM_SL_PRC_20260817_BD_2,2026-08-17 00:00:00+00:00,2026,153.0,blob,8,787.4,1105.7,ok,-90.372113,38.276514
UM_SL_PRC_20260817_BD_2,2026-08-17 00:00:00+00:00,2026,153.0,blob,9,885.8,1208.9,ok,-90.372125,38.276784
UM_SL_PRC_20260817_BD_2,2026-08-17 00:00:00+00:00,2026,153.0,blob,10,984.3,1188.5,ok,-90.372137,38.277054
UM_SL_PRC_20260817_BD_2,2026-08-17 00:00:00+00:00,2026,153.0,blob,11,1082.7,1213.2,ok,-90.372148,38.277324
UM_SL_PRC_20260817_BD_2,2026-08-17 00:00:00+00:00,2026,153.0,blob,12,1181.1,1246.8,ok,-90.37216,38.277594
UM_SL_PRC_20260817_BD_2,2026-08-17 00:00:00+00:00,2026,153.0,blob,13,1279.5,1243.9,ok,-90.372171,38.277864
UM_SL_PRC_20260817_BD_2,2026-08-17 00:00:00+00:00,2026,153.0,blob,14,1378.0,1230.4,ok,-90.372228,38.278131
UM_SL_PRC_20260817_BD_2,2026-08-17 00:00:00+00:00,2026,153.0,blob,15,1476.4,1191.5,ok,-90.372282,38.278397
UM_SL_PRC_20260817_BD_2,2026-08-17 00:00:00+00:00,2026,153.0,blob,16,1574.8,1249.0,ok,-90.37228,38.278667
UM_SL_PRC_20260817_BD_2,2026-08-17 00:00:00+00:00,2026,153.0,blob,17,1673.2,1259.1,ok,-90.372278,38.278937
UM_SL_PRC_20260817_BD_2,2026-08-17 00:00:00+00:00,2026,153.0,blob,18,1771.7,1232.3,ok,-90.372276,38.279208
UM_SL_PRC_20260817_BD_2,2026-08-17 00:00:00+00:00,2026,153.0,blob,19,1870.1,1260.6,ok,-90.372274,38.279478
UM_SL_PRC_20260817_BD_2,2026-08-17 00:00:00+00:00,2026,153.0,blob,20,1968.5,1250.3,ok,-90.372272,38.279748
UM_SL_PRC_20260817_BD_2,2026-08-17 00:00:00+00:00,2026,153.0,blob,21,2066.9,1211.2,ok,-90.37227,38.280018
UM_SL_PRC_20260817_BD_2,2026-08-17 00:00:00+00:00,2026,153.0,blob,22,2165.4,1273.7,ok,-90.372276,38.280288
UM_SL_PRC_20260817_BD_2,2026-08-17 00:00:00+00:00,2026,153.0,blob,23,2263.8,1254.1,ok,-90.372302,38.280558
UM_SL_PRC_20260817_BD_2,2026-08-17 00:00:00+00:00,2026,153.0,blob,24,2362.2,1234.5,ok,-90.372327,38.280827
UM_SL_PRC_20260817_BD_2,2026-08-17 00:00:00+00:00,2026,153.0,blob,25,2460.6,1243.2,ok,-90.372353,38.281096
UM_SL_PRC_20260817_BD_2,2026-08-17 00:00:00+00:00,2026,153.0,blob,26,2559.1,1653.4,ok,-90.37228,38.28134
UM_SL_PRC_20260817_BD_2,2026-08-17 00:00:00+00:00,2026,153.0,blob,27,2657.5,1460.7,ok,-90.372051,38.281541
UM_SL_PRC_20260817_BD_2,2026-08-17 00:00:00+00:00,2026,153.0,blob,28,2755.9,1134.9,ok,-90.371822,38.281742
UM_SL_PRC_20260817_BD_2,2026-08-17 00:00:00+00:00,2026,153.0,blob,29,2854.3,1138.0,ok,-90.371593,38.281943
UM_SL_PRC_20260817_BD_2,2026-08-17 00:00:00+00:00,2026,153.0,blob,30,2952.8,952.1,ok,-90.371364,38.282144
UM_SL_PRC_20260818_BD_1,2026-08-18 00:00:00+00:00,2026,149.0,blob,0,0.0,1212.2,ok,-90.351228,38.210736
UM_SL_PRC_20260818_BD_1,2026-08-18 00:00:00+00:00,2026,149.0,blob,1,98.4,1181.3,ok,-90.351381,38.210978
UM_SL_PRC_20260818_BD_1,2026-08-18 00:00:00+00:00,2026,149.0,blob,2,196.9,1061.6,ok,-90.351568,38.211204
UM_SL_PRC_20260818_BD_1,2026-08-18 00:00:00+00:00,2026,149.0,blob,3,295.3,1133.6,ok,-90.351759,38.211429
UM_SL_PRC_20260818_BD_1,2026-08-18 00:00:00+00:00,2026,149.0,blob,4,393.7,1136.8,ok,-90.351949,38.211653
UM_SL_PRC_20260818_BD_1,2026-08-18 00:00:00+00:00,2026,149.0,blob,5,492.1,1066.1,ok,-90.352139,38.211878
UM_SL_PRC_20260818_BD_1,2026-08-18 00:00:00+00:00,2026,149.0,blob,6,590.6,1082.4,ok,-90.35233,38.212102
UM_SL_PRC_20260818_BD_1,2026-08-18 00:00:00+00:00,2026,149.0,blob,7,689.0,1045.3,ok,-90.35252,38.212327
UM_SL_PRC_20260818_BD_1,2026-08-18 00:00:00+00:00,2026,149.0,blob,8,787.4,1208.7,ok,-90.35271,38.212552
UM_SL_PRC_20260818_BD_1,2026-08-18 00:00:00+00:00,2026,149.0,blob,9,885.8,1173.0,ok,-90.35283,38.2128
UM_SL_PRC_20260818_BD_1,2026-08-18 00:00:00+00:00,2026,149.0,blob,10,984.3,1296.9,ok,-90.352949,38.213051
UM_SL_PRC_20260818_BD_1,2026-08-18 00:00:00+00:00,2026,149.0,blob,11,1082.7,1247.0,ok,-90.353112,38.213288
UM_SL_PRC_20260818_BD_1,2026-08-18 00:00:00+00:00,2026,149.0,blob,12,1181.1,1268.2,ok,-90.353276,38.213526
UM_SL_PRC_20260818_BD_1,2026-08-18 00:00:00+00:00,2026,149.0,blob,13,1279.5,1262.8,ok,-90.353439,38.213763
UM_SL_PRC_20260818_BD_1,2026-08-18 00:00:00+00:00,2026,149.0,blob,14,1378.0,1306.3,ok,-90.353663,38.213957
UM_SL_PRC_20260818_BD_1,2026-08-18 00:00:00+00:00,2026,149.0,blob,15,1476.4,1145.1,ok,-90.353951,38.214103
UM_SL_PRC_20260818_BD_1,2026-08-18 00:00:00+00:00,2026,149.0,blob,16,1574.8,1473.1,ok,-90.354238,38.21425
UM_SL_PRC_20260818_BD_1,2026-08-18 00:00:00+00:00,2026,149.0,blob,17,1673.2,1287.0,ok,-90.354467,38.214446
UM_SL_PRC_20260818_BD_1,2026-08-18 00:00:00+00:00,2026,149.0,blob,18,1771.7,800.1,ok,-90.354669,38.214664
UM_SL_PRC_20260818_BD_1,2026-08-18 00:00:00+00:00,2026,149.0,blob,19,1870.1,839.0,ok,-90.35487,38.214882
UM_SL_PRC_20260818_BD_1,2026-08-18 00:00:00+00:00,2026,149.0,blob,20,1968.5,772.8,ok,-90.355046,38.215111
UM_SL_PRC_20260818_BD_1,2026-08-18 00:00:00+00:00,2026,149.0,blob,21,2066.9,838.2,ok,-90.355146,38.21537
UM_SL_PRC_20260818_BD_1,2026-08-18 00:00:00+00:00,2026,149.0,blob,22,2165.4,899.4,ok,-90.355247,38.215628
UM_SL_PRC_20260818_BD_1,2026-08-18 00:00:00+00:00,2026,149.0,blob,23,2263.8,962.3,ok,-90.355316,38.215892
UM_SL_PRC_20260818_BD_1,2026-08-18 00:00:00+00:00,2026,149.0,blob,24,2362.2,929.5,ok,-90.355359,38.21616
UM_SL_PRC_20260818_BD_1,2026-08-18 00:00:00+00:00,2026,149.0,blob,25,2460.6,939.1,ok,-90.355493,38.216405
UM_SL_PRC_20260818_BD_1,2026-08-18 00:00:00+00:00,2026,149.0,blob,26,2559.1,941.9,ok,-90.355651,38.216645
UM_SL_PRC_20260818_BD_1,2026-08-18 00:00:00+00:00,2026,149.0,blob,27,2657.5,987.1,ok,-90.355728,38.216908
UM_SL_PRC_20260818_BD_1,2026-08-18 00:00:00+00:00,2026,149.0,blob,28,2755.9,1024.3,ok,-90.355806,38.217171
UM_SL_PRC_20260818_BD_1,2026-08-18 00:00:00+00:00,2026,149.0,blob,29,2854.3,1055.3,ok,-90.355884,38.217434
UM_SL_PRC_20260818_BD_1,2026-08-18 00:00:00+00:00,2026,149.0,blob,30,2952.8,996.9,ok,-90.35602,38.217682
UM_SL_PRC_20260818_BD_1,2026-08-18 00:00:00+00:00,2026,149.0,blob,31,3051.2,1041.7,ok,-90.356164,38.217927
UM_SL_PRC_20260818_BD_1,2026-08-18 00:00:00+00:00,2026,149.0,blob,32,3149.6,972.0,ok,-90.356308,38.218172
UM_SL_PRC_20260818_BD_1,2026-08-18 00:00:00+00:00,2026,149.0,blob,33,3248.0,1037.5,ok,-90.356452,38.218417
UM_SL_PRC_20260818_BD_1,2026-08-18 00:00:00+00:00,2026,149.0,blob,34,3346.5,1244.0,ok,-90.356595,38.218663
UM_SL_PRC_20260818_BD_1,2026-08-18 00:00:00+00:00,2026,149.0,blob,35,3444.9,1189.6,ok,-90.356787,38.218883
UM_SL_PRC_20260818_BD_1,2026-08-18 00:00:00+00:00,2026,149.0,blob,36,3543.3,946.5,ok,-90.357009,38.219089
UM_SL_PRC_20260818_BD_1,2026-08-18 00:00:00+00:00,2026,149.0,blob,37,3641.7,938.7,ok,-90.357232,38.219295
UM_SL_PRC_20260818_BD_1,2026-08-18 00:00:00+00:00,2026,149.0,blob,38,3740.2,877.0,ok,-90.3574,38.219529
UM_SL_PRC_20260818_BD_1,2026-08-18 00:00:00+00:00,2026,149.0,blob,39,3838.6,895.9,ok,-90.357563,38.219767
UM_SL_PRC_20260818_BD_1,2026-08-18 00:00:00+00:00,2026,149.0,blob,40,3937.0,995.0,ok,-90.357727,38.220004
UM_SL_PRC_20260818_BD_1,2026-08-18 00:00:00+00:00,2026,149.0,blob,41,4035.4,941.0,ok,-90.35789,38.220242
UM_SL_PRC_20260818_BD_1,2026-08-18 00:00:00+00:00,2026,149.0,blob,42,4133.9,949.4,ok,-90.358032,38.220487
UM_SL_PRC_20260818_BD_1,2026-08-18 00:00:00+00:00,2026,149.0,blob,43,4232.3,1039.9,ok,-90.358132,38.220745
UM_SL_PRC_20260818_BD_1,2026-08-18 00:00:00+00:00,2026,149.0,blob,44,4330.7,1065.5,ok,-90.358231,38.221004
UM_SL_PRC_20260818_BD_1,2026-08-18 00:00:00+00:00,2026,149.0,blob,45,4429.1,1097.6,ok,-90.358246,38.221273
UM_SL_PRC_20260818_BD_1,2026-08-18 00:00:00+00:00,2026,149.0,blob,46,4527.6,1038.3,ok,-90.358356,38.221526
UM_SL_PRC_20260818_BD_1,2026-08-18 00:00:00+00:00,2026,149.0,blob,47,4626.0,1053.9,ok,-90.358486,38.221776
UM_SL_PRC_20260818_BD_1,2026-08-18 00:00:00+00:00,2026,149.0,blob,48,4724.4,1084.2,ok,-90.358616,38.222026
UM_SL_PRC_20260818_BD_1,2026-08-18 00:00:00+00:00,2026,149.0,blob,49,4822.8,1149.3,ok,-90.358746,38.222276
UM_SL_PRC_20260818_BD_1,2026-08-18 00:00:00+00:00,2026,149.0,blob,50,4921.3,1062.8,ok,-90.358876,38.222526
UM_SL_PRC_20260818_BD_1,2026-08-18 00:00:00+00:00,2026,149.0,blob,51,5019.7,1104.8,ok,-90.359006,38.222776
UM_SL_PRC_20260818_BD_1,2026-08-18 00:00:00+00:00,2026,149.0,blob,52,5118.1,1036.0,ok,-90.359136,38.223026
UM_SL_PRC_20260818_BD_1,2026-08-18 00:00:00+00:00,2026,149.0,blob,53,5216.5,1015.8,ok,-90.359247,38.223281
UM_SL_PRC_20260818_BD_1,2026-08-18 00:00:00+00:00,2026,149.0,blob,54,5315.0,874.6,ok,-90.35932,38.223545
UM_SL_PRC_20260818_BD_1,2026-08-18 00:00:00+00:00,2026,149.0,blob,55,5413.4,1079.3,ok,-90.359392,38.223809
UM_SL_PRC_20260818_BD_1,2026-08-18 00:00:00+00:00,2026,149.0,blob,56,5511.8,1107.9,ok,-90.359464,38.224073
UM_SL_PRC_20260818_BD_1,2026-08-18 00:00:00+00:00,2026,149.0,blob,57,5610.2,1123.6,ok,-90.359536,38.224337
UM_SL_PRC_20260818_BD_1,2026-08-18 00:00:00+00:00,2026,149.0,blob,58,5708.7,1159.4,ok,-90.359632,38.224592
UM_SL_PRC_20260818_BD_1,2026-08-18 00:00:00+00:00,2026,149.0,blob,59,5807.1,1222.3,ok,-90.359857,38.224796
UM_SL_PRC_20260818_BD_1,2026-08-18 00:00:00+00:00,2026,149.0,blob,60,5905.5,985.0,ok,-90.360081,38.225
UM_SL_PRC_20260818_BD_1,2026-08-18 00:00:00+00:00,2026,149.0,blob,61,6003.9,1156.2,ok,-90.36028,38.225217
UM_SL_PRC_20260818_BD_1,2026-08-18 00:00:00+00:00,2026,149.0,blob,62,6102.4,754.5,ok,-90.360423,38.225463
UM_SL_PRC_20260818_BD_1,2026-08-18 00:00:00+00:00,2026,149.0,blob,63,6200.8,758.2,ok,-90.360564,38.225709
UM_SL_PRC_20260818_BD_1,2026-08-18 00:00:00+00:00,2026,149.0,blob,64,6299.2,724.1,ok,-90.360646,38.225971
UM_SL_PRC_20260818_BD_1,2026-08-18 00:00:00+00:00,2026,149.0,blob,65,6397.6,780.5,ok,-90.360727,38.226234
UM_SL_PRC_20260818_BD_1,2026-08-18 00:00:00+00:00,2026,149.0,blob,66,6496.1,774.0,ok,-90.360756,38.2265
UM_SL_PRC_20260818_BD_1,2026-08-18 00:00:00+00:00,2026,149.0,blob,67,6594.5,1113.5,ok,-90.360736,38.22677
UM_SL_PRC_20260818_BD_1,2026-08-18 00:00:00+00:00,2026,149.0,blob,68,6692.9,1187.1,ok,-90.360715,38.227039
UM_SL_PRC_20260818_BD_1,2026-08-18 00:00:00+00:00,2026,149.0,blob,69,6791.3,1076.9,ok,-90.360728,38.227308
UM_SL_PRC_20260818_BD_1,2026-08-18 00:00:00+00:00,2026,149.0,blob,70,6889.8,1112.8,ok,-90.360779,38.227575
UM_SL_PRC_20260818_BD_1,2026-08-18 00:00:00+00:00,2026,149.0,blob,71,6988.2,1194.3,ok,-90.36083,38.227842
UM_SL_PRC_20260818_BD_1,2026-08-18 00:00:00+00:00,2026,149.0,blob,72,7086.6,1234.8,ok,-90.36089,38.228108
UM_SL_PRC_20260818_BD_1,2026-08-18 00:00:00+00:00,2026,149.0,blob,73,7185.0,1240.5,ok,-90.360982,38.228368
UM_SL_PRC_20260818_BD_1,2026-08-18 00:00:00+00:00,2026,149.0,blob,74,7283.5,1174.8,ok,-90.361074,38.228628
UM_SL_PRC_20260818_BD_1,2026-08-18 00:00:00+00:00,2026,149.0,blob,75,7381.9,1261.5,ok,-90.361166,38.228889
UM_SL_PRC_20260818_BD_1,2026-08-18 00:00:00+00:00,2026,149.0,blob,76,7480.3,1155.7,ok,-90.36134,38.229118
UM_SL_PRC_20260818_BD_1,2026-08-18 00:00:00+00:00,2026,149.0,blob,77,7578.7,1082.3,ok,-90.361505,38.229354
UM_SL_PRC_20260818_BD_1,2026-08-18 00:00:00+00:00,2026,149.0,blob,78,7677.2,1040.4,ok,-90.361649,38.229599
UM_SL_PRC_20260818_BD_1,2026-08-18 00:00:00+00:00,2026,149.0,blob,79,7775.6,1112.4,ok,-90.361793,38.229844
UM_SL_PRC_20260818_BD_1,2026-08-18 00:00:00+00:00,2026,149.0,blob,80,7874.0,1039.7,ok,-90.361937,38.230089
UM_SL_PRC_20260818_BD_1,2026-08-18 00:00:00+00:00,2026,149.0,blob,81,7972.4,1049.1,ok,-90.362081,38.230335
UM_SL_PRC_20260818_BD_1,2026-08-18 00:00:00+00:00,2026,149.0,blob,82,8070.9,1006.7,ok,-90.362216,38.230583
UM_SL_PRC_20260818_BD_1,2026-08-18 00:00:00+00:00,2026,149.0,blob,83,8169.3,881.9,ok,-90.362324,38.230839
UM_SL_PRC_20260818_BD_1,2026-08-18 00:00:00+00:00,2026,149.0,blob,84,8267.7,1049.1,ok,-90.362432,38.231095
UM_SL_PRC_20260818_BD_1,2026-08-18 00:00:00+00:00,2026,149.0,blob,85,8366.1,1019.5,ok,-90.362541,38.231352
UM_SL_PRC_20260818_BD_1,2026-08-18 00:00:00+00:00,2026,149.0,blob,86,8464.6,1117.3,ok,-90.362628,38.231611
UM_SL_PRC_20260818_BD_1,2026-08-18 00:00:00+00:00,2026,149.0,blob,87,8563.0,1065.3,ok,-90.362648,38.231881
UM_SL_PRC_20260818_BD_1,2026-08-18 00:00:00+00:00,2026,149.0,blob,88,8661.4,1071.5,ok,-90.362668,38.232151
UM_SL_PRC_20260818_BD_1,2026-08-18 00:00:00+00:00,2026,149.0,blob,89,8759.8,1035.3,ok,-90.362811,38.232394
UM_SL_PRC_20260818_BD_1,2026-08-18 00:00:00+00:00,2026,149.0,blob,90,8858.3,1010.3,ok,-90.362964,38.232636
UM_SL_PRC_20260818_BD_1,2026-08-18 00:00:00+00:00,2026,149.0,blob,91,8956.7,1089.0,ok,-90.363117,38.232878
UM_SL_PRC_20260818_BD_1,2026-08-18 00:00:00+00:00,2026,149.0,blob,92,9055.1,1196.6,ok,-90.36327,38.23312
UM_SL_PRC_20260818_BD_1,2026-08-18 00:00:00+00:00,2026,149.0,blob,93,9153.5,1077.6,ok,-90.36334,38.233381
UM_SL_PRC_20260818_BD_1,2026-08-18 00:00:00+00:00,2026,149.0,blob,94,9252.0,1049.1,ok,-90.363381,38.233649
UM_SL_PRC_20260818_BD_1,2026-08-18 00:00:00+00:00,2026,149.0,blob,95,9350.4,1099.6,ok,-90.363421,38.233918
UM_SL_PRC_20260818_BD_1,2026-08-18 00:00:00+00:00,2026,149.0,blob,96,9448.8,1199.7,ok,-90.363437,38.234187
UM_SL_PRC_20260818_BD_1,2026-08-18 00:00:00+00:00,2026,149.0,blob,97,9547.2,1330.1,ok,-90.363446,38.234457
UM_SL_PRC_20260818_BD_1,2026-08-18 00:00:00+00:00,2026,149.0,blob,98,9645.7,1300.2,ok,-90.363454,38.234727
UM_SL_PRC_20260818_BD_1,2026-08-18 00:00:00+00:00,2026,149.0,blob,99,9744.1,1321.6,ok,-90.363463,38.234998
UM_SL_PRC_20260818_BD_1,2026-08-18 00:00:00+00:00,2026,149.0,blob,100,9842.5,1368.9,ok,-90.363471,38.235268
UM_SL_PRC_20260818_BD_1,2026-08-18 00:00:00+00:00,2026,149.0,blob,101,9940.9,1368.9,ok,-90.363531,38.235533
UM_SL_PRC_20260818_BD_1,2026-08-18 00:00:00+00:00,2026,149.0,blob,102,10039.4,1501.9,ok,-90.3636,38.235798
UM_SL_PRC_20260818_BD_1,2026-08-18 00:00:00+00:00,2026,149.0,blob,103,10137.8,1508.6,ok,-90.36367,38.236062
UM_SL_PRC_20260818_BD_1,2026-08-18 00:00:00+00:00,2026,149.0,blob,104,10236.2,1481.1,ok,-90.363739,38.236327
UM_SL_PRC_20260818_BD_1,2026-08-18 00:00:00+00:00,2026,149.0,blob,105,10334.6,1528.9,ok,-90.363809,38.236591
UM_SL_PRC_20260818_BD_1,2026-08-18 00:00:00+00:00,2026,149.0,blob,106,10433.1,1530.4,ok,-90.363878,38.236856
UM_SL_PRC_20260818_BD_1,2026-08-18 00:00:00+00:00,2026,149.0,blob,107,10531.5,1488.2,ok,-90.363948,38.237121
UM_SL_PRC_20260818_BD_2,2026-08-18 00:00:00+00:00,2026,145.0,blob,0,0.0,1081.8,ok,-90.317787,38.178646
UM_SL_PRC_20260818_BD_2,2026-08-18 00:00:00+00:00,2026,145.0,blob,1,98.4,1340.4,ok,-90.317942,38.178887
UM_SL_PRC_20260818_BD_2,2026-08-18 00:00:00+00:00,2026,145.0,blob,2,196.9,989.8,ok,-90.318112,38.179116
UM_SL_PRC_20260818_BD_2,2026-08-18 00:00:00+00:00,2026,145.0,blob,3,295.3,982.5,ok,-90.31843,38.179215
UM_SL_PRC_20260818_BD_2,2026-08-18 00:00:00+00:00,2026,145.0,blob,4,393.7,1014.9,ok,-90.318748,38.179315
UM_SL_PRC_20260818_BD_2,2026-08-18 00:00:00+00:00,2026,145.0,blob,5,492.1,1014.2,ok,-90.319066,38.179415
UM_SL_PRC_20260818_BD_2,2026-08-18 00:00:00+00:00,2026,145.0,blob,6,590.6,1114.7,ok,-90.319384,38.179515
UM_SL_PRC_20260818_BD_2,2026-08-18 00:00:00+00:00,2026,145.0,blob,7,689.0,1144.0,ok,-90.319671,38.179661
UM_SL_PRC_20260818_BD_2,2026-08-18 00:00:00+00:00,2026,145.0,blob,8,787.4,1160.7,ok,-90.319961,38.179803
UM_SL_PRC_20260818_BD_2,2026-08-18 00:00:00+00:00,2026,145.0,blob,9,885.8,1203.4,ok,-90.320279,38.179904
UM_SL_PRC_20260818_BD_2,2026-08-18 00:00:00+00:00,2026,145.0,blob,10,984.3,1272.7,ok,-90.320594,38.180008
UM_SL_PRC_20260818_BD_2,2026-08-18 00:00:00+00:00,2026,145.0,blob,11,1082.7,1240.7,ok,-90.320852,38.180185
UM_SL_PRC_20260818_BD_2,2026-08-18 00:00:00+00:00,2026,145.0,blob,12,1181.1,1269.2,ok,-90.321111,38.180363
UM_SL_PRC_20260818_BD_2,2026-08-18 00:00:00+00:00,2026,145.0,blob,13,1279.5,1309.6,ok,-90.321369,38.18054
UM_SL_PRC_20260818_BD_2,2026-08-18 00:00:00+00:00,2026,145.0,blob,14,1378.0,1316.1,ok,-90.321627,38.180717
UM_SL_PRC_20260818_BD_2,2026-08-18 00:00:00+00:00,2026,145.0,blob,15,1476.4,1275.6,ok,-90.321914,38.180864
UM_SL_PRC_20260818_BD_2,2026-08-18 00:00:00+00:00,2026,145.0,blob,16,1574.8,1306.5,ok,-90.322205,38.181006
UM_SL_PRC_20260818_BD_2,2026-08-18 00:00:00+00:00,2026,145.0,blob,17,1673.2,1315.3,ok,-90.322496,38.181148
UM_SL_PRC_20260818_BD_2,2026-08-18 00:00:00+00:00,2026,145.0,blob,18,1771.7,1182.4,ok,-90.322787,38.181291
UM_SL_PRC_20260818_BD_2,2026-08-18 00:00:00+00:00,2026,145.0,blob,19,1870.1,1296.9,ok,-90.323078,38.181433
UM_SL_PRC_20260818_BD_2,2026-08-18 00:00:00+00:00,2026,145.0,blob,20,1968.5,1233.6,ok,-90.323369,38.181575
UM_SL_PRC_20260818_BD_2,2026-08-18 00:00:00+00:00,2026,145.0,blob,21,2066.9,1211.7,ok,-90.32366,38.181717
UM_SL_PRC_20260818_BD_2,2026-08-18 00:00:00+00:00,2026,145.0,blob,22,2165.4,1155.0,ok,-90.323951,38.181859
UM_SL_PRC_20260818_BD_2,2026-08-18 00:00:00+00:00,2026,145.0,blob,23,2263.8,1171.4,ok,-90.324242,38.182001
UM_SL_PRC_20260818_BD_2,2026-08-18 00:00:00+00:00,2026,145.0,blob,24,2362.2,1129.1,ok,-90.324534,38.182144
UM_SL_PRC_20260818_BD_2,2026-08-18 00:00:00+00:00,2026,145.0,blob,25,2460.6,1139.5,ok,-90.324822,38.182288
UM_SL_PRC_20260818_BD_2,2026-08-18 00:00:00+00:00,2026,145.0,blob,26,2559.1,1110.2,ok,-90.32507,38.182475
UM_SL_PRC_20260818_BD_2,2026-08-18 00:00:00+00:00,2026,145.0,blob,27,2657.5,998.6,ok,-90.325317,38.182661
UM_SL_PRC_20260818_BD_2,2026-08-18 00:00:00+00:00,2026,145.0,blob,28,2755.9,1049.7,ok,-90.325565,38.182848
UM_SL_PRC_20260818_BD_2,2026-08-18 00:00:00+00:00,2026,145.0,blob,29,2854.3,1040.9,ok,-90.325812,38.183035
UM_SL_PRC_20260818_BD_2,2026-08-18 00:00:00+00:00,2026,145.0,blob,30,2952.8,981.1,ok,-90.326052,38.183227
UM_SL_PRC_20260818_BD_2,2026-08-18 00:00:00+00:00,2026,145.0,blob,31,3051.2,982.5,ok,-90.326267,38.183438
UM_SL_PRC_20260818_BD_2,2026-08-18 00:00:00+00:00,2026,145.0,blob,32,3149.6,993.8,ok,-90.326481,38.183648
UM_SL_PRC_20260818_BD_2,2026-08-18 00:00:00+00:00,2026,145.0,blob,33,3248.0,976.9,ok,-90.32673,38.183831
UM_SL_PRC_20260818_BD_2,2026-08-18 00:00:00+00:00,2026,145.0,blob,34,3346.5,989.2,ok,-90.327003,38.183994
UM_SL_PRC_20260818_BD_2,2026-08-18 00:00:00+00:00,2026,145.0,blob,35,3444.9,879.0,ok,-90.327277,38.184156
UM_SL_PRC_20260818_BD_2,2026-08-18 00:00:00+00:00,2026,145.0,blob,36,3543.3,845.6,ok,-90.32755,38.184319
UM_SL_PRC_20260818_BD_2,2026-08-18 00:00:00+00:00,2026,145.0,blob,37,3641.7,844.0,ok,-90.327823,38.184482
UM_SL_PRC_20260818_BD_2,2026-08-18 00:00:00+00:00,2026,145.0,blob,38,3740.2,832.2,ok,-90.328094,38.184646
UM_SL_PRC_20260818_BD_2,2026-08-18 00:00:00+00:00,2026,145.0,blob,39,3838.6,793.1,ok,-90.328279,38.184873
UM_SL_PRC_20260818_BD_2,2026-08-18 00:00:00+00:00,2026,145.0,blob,40,3937.0,877.5,ok,-90.328465,38.1851
UM_SL_PRC_20260818_BD_2,2026-08-18 00:00:00+00:00,2026,145.0,blob,41,4035.4,940.4,ok,-90.328651,38.185327
UM_SL_PRC_20260818_BD_2,2026-08-18 00:00:00+00:00,2026,145.0,blob,42,4133.9,967.7,ok,-90.328893,38.185515
UM_SL_PRC_20260818_BD_2,2026-08-18 00:00:00+00:00,2026,145.0,blob,43,4232.3,977.9,ok,-90.329158,38.185686
UM_SL_PRC_20260818_BD_2,2026-08-18 00:00:00+00:00,2026,145.0,blob,44,4330.7,979.0,ok,-90.3294,38.185875
UM_SL_PRC_20260818_BD_2,2026-08-18 00:00:00+00:00,2026,145.0,blob,45,4429.1,934.0,ok,-90.329623,38.18608
UM_SL_PRC_20260818_BD_2,2026-08-18 00:00:00+00:00,2026,145.0,blob,46,4527.6,936.9,ok,-90.329846,38.186285
UM_SL_PRC_20260818_BD_2,2026-08-18 00:00:00+00:00,2026,145.0,blob,47,4626.0,996.7,ok,-90.330069,38.18649
UM_SL_PRC_20260818_BD_2,2026-08-18 00:00:00+00:00,2026,145.0,blob,48,4724.4,929.9,ok,-90.330292,38.186696
UM_SL_PRC_20260818_BD_2,2026-08-18 00:00:00+00:00,2026,145.0,blob,49,4822.8,917.2,ok,-90.330514,38.186901
UM_SL_PRC_20260818_BD_2,2026-08-18 00:00:00+00:00,2026,145.0,blob,50,4921.3,907.9,ok,-90.330722,38.187115
UM_SL_PRC_20260818_BD_2,2026-08-18 00:00:00+00:00,2026,145.0,blob,51,5019.7,968.7,ok,-90.330922,38.187334
UM_SL_PRC_20260818_BD_2,2026-08-18 00:00:00+00:00,2026,145.0,blob,52,5118.1,951.4,ok,-90.331122,38.187554
UM_SL_PRC_20260818_BD_2,2026-08-18 00:00:00+00:00,2026,145.0,blob,53,5216.5,850.5,ok,-90.331322,38.187773
UM_SL_PRC_20260818_BD_2,2026-08-18 00:00:00+00:00,2026,145.0,blob,54,5315.0,1050.6,ok,-90.331425,38.188017
LM_07_FMB_20221215_CS,2022-12-15 00:00:00+00:00,2022,463.0,blob,0,152.1,0.0,ok,-91.097142,32.558462
LM_07_FMB_20221215_CS,2022-12-15 00:00:00+00:00,2022,463.0,blob,1,454.7,0.0,ok,-91.097165,32.559287
LM_07_FMB_20221215_CS,2022-12-15 00:00:00+00:00,2022,463.0,blob,2,835.7,0.0,ok,-91.097675,32.56012
LM_07_FMB_20221215_CS,2022-12-15 00:00:00+00:00,2022,463.0,blob,3,1505.1,0.0,ok,-91.099564,32.560973
LM_07_FMB_20221215_CS,2022-12-15 00:00:00+00:00,2022,463.0,blob,4,2156.1,0.0,ok,-91.101372,32.561825
LM_07_FMB_20221215_CS,2022-12-15 00:00:00+00:00,2022,463.0,blob,5,2703.7,0.0,ok,-91.102815,32.562671
LM_07_FMB_20221215_CS,2022-12-15 00:00:00+00:00,2022,463.0,blob,6,3219.4,65.6,ok,-91.103447,32.563506
LM_07_FMB_20221215_CS,2022-12-15 00:00:00+00:00,2022,463.0,blob,7,3723.9,0.0,ok,-91.104038,32.564339
LM_07_FMB_20221215_CS,2022-12-15 00:00:00+00:00,2022,463.0,blob,8,4221.9,0.0,ok,-91.105238,32.565182
LM_07_FMB_20221215_CS,2022-12-15 00:00:00+00:00,2022,463.0,blob,9,4550.1,65.6,ok,-91.105382,32.566009
LM_07_FMB_20221215_CS,2022-12-15 00:00:00+00:00,2022,463.0,blob,10,4964.9,0.0,ok,-91.105933,32.566842
LM_07_FMB_20221215_CS,2022-12-15 00:00:00+00:00,2022,463.0,blob,11,5747.0,65.6,ok,-91.108228,32.567701
LM_07_FMB_20221215_CS,2022-12-15 00:00:00+00:00,2022,463.0,blob,12,6638.3,0.0,ok,-91.110929,32.568566
LM_07_FMB_20221215_CS,2022-12-15 00:00:00+00:00,2022,463.0,blob,13,7331.9,0.0,ok,-91.11294,32.569421
LM_07_FMB_20221215_CS,2022-12-15 00:00:00+00:00,2022,463.0,blob,14,7877.4,0.0,ok,-91.114383,32.570268
LM_07_FMB_20221215_CS,2022-12-15 00:00:00+00:00,2022,463.0,blob,15,8256.6,0.0,ok,-91.115055,32.571102
LM_07_FMB_20221215_CS,2022-12-15 00:00:00+00:00,2022,463.0,blob,16,8618.2,0.0,ok,-91.115647,32.571936
LM_07_FMB_20221215_CS,2022-12-15 00:00:00+00:00,2022,463.0,blob,17,8971.7,65.6,ok,-91.116076,32.572767
LM_07_FMB_20221215_CS,2022-12-15 00:00:00+00:00,2022,463.0,blob,18,9276.3,0.0,ok,-91.11618,32.573593
LM_07_FMB_20221215_CS,2022-12-15 00:00:00+00:00,2022,463.0,blob,19,9755.2,0.0,ok,-91.117218,32.574434
LM_07_FMB_20221215_CS,2022-12-15 00:00:00+00:00,2022,463.0,blob,20,10601.5,65.6,ok,-91.119756,32.575296
LM_07_FMB_20221215_CS,2022-12-15 00:00:00+00:00,2022,463.0,blob,21,11415.1,0.0,ok,-91.122173,32.576157
LM_07_FMB_20221215_CS,2022-12-15 00:00:00+00:00,2022,463.0,blob,22,12030.9,0.0,ok,-91.123901,32.577008
LM_07_FMB_20221215_CS,2022-12-15 00:00:00+00:00,2022,463.0,blob,23,12509.8,0.0,ok,-91.124938,32.577848
LM_07_FMB_20221215_CS,2022-12-15 00:00:00+00:00,2022,463.0,blob,24,12819.0,0.0,ok,-91.125165,32.578676
LM_07_FMB_20221215_CS,2022-12-15 00:00:00+00:00,2022,463.0,blob,25,13185.8,0.0,ok,-91.124782,32.579495
LM_07_FMB_20221215_CS,2022-12-15 00:00:00+00:00,2022,463.0,blob,26,13619.1,0.0,ok,-91.123751,32.580304
LM_08_MVF_20220405_CS_MB_4942_4937,2022-04-05 00:00:00+00:00,2022,494.0,blob,0,150.5,295.3,ok,-91.084418,32.867626
LM_08_MVF_20220405_CS_MB_4942_4937,2022-04-05 00:00:00+00:00,2022,494.0,blob,1,592.6,393.7,ok,-91.085173,32.868462
LM_08_MVF_20220405_CS_MB_4942_4937,2022-04-05 00:00:00+00:00,2022,494.0,blob,2,1042.2,0.0,ok,-91.086133,32.869301
LM_08_MVF_20220405_CS_MB_4942_4937,2022-04-05 00:00:00+00:00,2022,494.0,blob,3,1352.4,0.0,ok,-91.086359,32.870129
LM_08_MVF_20220405_CS_MB_4942_4937,2022-04-05 00:00:00+00:00,2022,494.0,blob,4,1656.6,1870.1,ok,-91.086504,32.870956
LM_08_MVF_20220405_CS_MB_4942_4937,2022-04-05 00:00:00+00:00,2022,494.0,blob,5,1960.7,2559.1,ok,-91.086649,32.871783
LM_08_MVF_20220405_CS_MB_4942_4937,2022-04-05 00:00:00+00:00,2022,494.0,blob,6,2264.8,3116.8,ok,-91.086794,32.87261
LM_08_MVF_20220405_CS_MB_4942_4937,2022-04-05 00:00:00+00:00,2022,494.0,blob,7,2569.0,2854.3,ok,-91.08694,32.873437
LM_08_MVF_20220405_CS_MB_4942_4937,2022-04-05 00:00:00+00:00,2022,494.0,blob,8,2873.1,2231.0,ok,-91.087085,32.874264
LM_08_MVF_20220405_CS_MB_4942_4937,2022-04-05 00:00:00+00:00,2022,494.0,blob,9,3177.3,1640.4,ok,-91.08723,32.875091
LM_08_MVF_20220405_CS_MB_4942_4937,2022-04-05 00:00:00+00:00,2022,494.0,blob,10,3481.4,1017.1,ok,-91.087375,32.875917
LM_08_MVF_20220405_CS_MB_4942_4937,2022-04-05 00:00:00+00:00,2022,494.0,blob,11,3785.5,0.0,ok,-91.08752,32.876744
LM_08_MVF_20220405_CS_MB_4942_4937,2022-04-05 00:00:00+00:00,2022,494.0,blob,12,4095.7,65.6,ok,-91.087747,32.877572
LM_08_MVF_20220405_CS_MB_4942_4937,2022-04-05 00:00:00+00:00,2022,494.0,blob,13,4513.9,0.0,ok,-91.088584,32.87841
LM_08_MVF_20220408_CS_MB_4927_4923,2022-04-08 00:00:00+00:00,2022,493.0,blob,0,280.9,2526.2,ok,-91.10898,32.86281
LM_08_MVF_20220408_CS_MB_4927_4923,2022-04-08 00:00:00+00:00,2022,493.0,blob,1,801.9,2526.2,ok,-91.108028,32.861628
LM_08_MVF_20220408_CS_MB_4927_4923,2022-04-08 00:00:00+00:00,2022,493.0,blob,2,1194.1,2198.2,ok,-91.107063,32.861029
LM_08_MVF_20220408_CS_MB_4927_4923,2022-04-08 00:00:00+00:00,2022,493.0,blob,3,1498.2,918.6,ok,-91.106089,32.860877
LM_08_MVF_20220408_CS_MB_4927_4923,2022-04-08 00:00:00+00:00,2022,493.0,blob,4,1802.4,885.8,ok,-91.105115,32.860725
LM_08_MVF_20220408_CS_MB_4927_4923,2022-04-08 00:00:00+00:00,2022,493.0,blob,5,2106.5,918.6,ok,-91.104142,32.860572
LM_08_MVF_20220408_CS_MB_4927_4923,2022-04-08 00:00:00+00:00,2022,493.0,blob,6,2410.7,557.7,ok,-91.103168,32.86042
LM_08_MVF_20220408_CS_MB_4927_4923,2022-04-08 00:00:00+00:00,2022,493.0,blob,7,2736.4,0.0,ok,-91.102197,32.860096
LM_08_MVF_20220408_CS_MB_4927_4923,2022-04-08 00:00:00+00:00,2022,493.0,blob,8,4566.8,0.0,ok,-91.101322,32.855307
LM_08_MVF_20220411_CS_MB_4917_4913,2022-04-11 00:00:00+00:00,2022,492.0,blob,0,167.7,0.0,ok,-91.115396,32.843001
LM_08_MVF_20220411_CS_MB_4917_4913,2022-04-11 00:00:00+00:00,2022,492.0,blob,1,522.9,0.0,ok,-91.114409,32.843501
LM_08_MVF_20220411_CS_MB_4917_4913,2022-04-11 00:00:00+00:00,2022,492.0,blob,2,1012.7,0.0,ok,-91.11341,32.844517
LM_08_MVF_20220411_CS_MB_4917_4913,2022-04-11 00:00:00+00:00,2022,492.0,blob,3,2326.3,0.0,ok,-91.112477,32.842476
LM_08_MVF_20220420_CS_MB_4908_4902,2022-04-20 00:00:00+00:00,2022,491.0,blob,0,180.3,0.0,ok,-91.135652,32.843283
LM_08_MVF_20220420_CS_MB_4908_4902,2022-04-20 00:00:00+00:00,2022,491.0,blob,1,512.6,1804.5,ok,-91.134671,32.843474
LM_08_MVF_20220420_CS_MB_4908_4902,2022-04-20 00:00:00+00:00,2022,491.0,blob,2,845.0,2690.3,ok,-91.133702,32.843116
LM_08_MVF_20220420_CS_MB_4908_4902,2022-04-20 00:00:00+00:00,2022,491.0,blob,3,1511.5,2952.8,ok,-91.132758,32.841556
LM_08_MVF_20220420_CS_MB_4908_4902,2022-04-20 00:00:00+00:00,2022,491.0,blob,4,2185.2,1574.8,ok,-91.131801,32.840579
LM_08_MVF_20220420_CS_MB_4908_4902,2022-04-20 00:00:00+00:00,2022,491.0,blob,5,2560.2,1673.2,ok,-91.130812,32.841183
LM_08_MVF_20220420_CS_MB_4908_4902,2022-04-20 00:00:00+00:00,2022,491.0,blob,6,2915.4,1574.8,ok,-91.129824,32.841684
LM_08_MVF_20220420_CS_MB_4908_4902,2022-04-20 00:00:00+00:00,2022,491.0,blob,7,3250.8,0.0,ok,-91.128839,32.842081
LM_08_MVF_20220422_CS_MB_4898_4892,2022-04-22 00:00:00+00:00,2022,490.0,blob,0,162.5,1870.1,ok,-91.145621,32.833379
LM_08_MVF_20220422_CS_MB_4898_4892,2022-04-22 00:00:00+00:00,2022,490.0,blob,1,475.5,1902.9,ok,-91.14464,32.833571
LM_08_MVF_20220422_CS_MB_4898_4892,2022-04-22 00:00:00+00:00,2022,490.0,blob,2,799.7,1804.5,ok,-91.143668,32.83335
LM_08_MVF_20220422_CS_MB_4898_4892,2022-04-22 00:00:00+00:00,2022,490.0,blob,3,1141.1,1804.5,ok,-91.142701,32.832889
LM_08_MVF_20220422_CS_MB_4898_4892,2022-04-22 00:00:00+00:00,2022,490.0,blob,4,1496.3,1804.5,ok,-91.141735,32.832359
LM_08_MVF_20220422_CS_MB_4898_4892,2022-04-22 00:00:00+00:00,2022,490.0,blob,5,1838.4,820.2,ok,-91.140767,32.831932
LM_08_MVF_20220422_CS_MB_4898_4892,2022-04-22 00:00:00+00:00,2022,490.0,blob,6,2166.6,196.9,ok,-91.139798,32.831574
LM_08_MVF_20220422_CS_MB_4898_4892,2022-04-22 00:00:00+00:00,2022,490.0,blob,7,2508.0,0.0,ok,-91.138831,32.831113
LM_08_MVF_20220422_CS_MB_4898_4892,2022-04-22 00:00:00+00:00,2022,490.0,blob,8,2843.4,0.0,ok,-91.137863,32.830687
LM_08_MVF_20220422_CS_MB_4898_4892,2022-04-22 00:00:00+00:00,2022,490.0,blob,9,3184.8,0.0,ok,-91.136896,32.830226
LM_08_MVF_20220422_CS_MB_4898_4892,2022-04-22 00:00:00+00:00,2022,490.0,blob,10,4617.4,0.0,ok,-91.135996,32.826536
LM_08_MVF_20220422_CS_MB_4898_4892,2022-04-22 00:00:00+00:00,2022,490.0,blob,11,6079.9,0.0,ok,-91.1351,32.822708
LM_08_MVF_20220422_CS_MB_4898_4892,2022-04-22 00:00:00+00:00,2022,490.0,blob,12,6451.0,0.0,ok,-91.134135,32.82211
LM_08_MVF_20220422_CS_MB_4898_4892,2022-04-22 00:00:00+00:00,2022,490.0,blob,13,6781.3,0.0,ok,-91.133167,32.821717
LM_08_MVF_20220422_CS_MB_4898_4892,2022-04-22 00:00:00+00:00,2022,490.0,blob,14,7098.4,0.0,ok,-91.132192,32.821634
LM_08_MVF_20220422_CS_MB_4898_4892,2022-04-22 00:00:00+00:00,2022,490.0,blob,15,7483.5,0.0,ok,-91.131224,32.821241
LM_08_MVF_20220422_CS_MB_4898_4892,2022-04-22 00:00:00+00:00,2022,490.0,blob,16,7876.5,0.0,ok,-91.130261,32.820574
LM_08_MVF_20220422_CS_MB_4898_4892,2022-04-22 00:00:00+00:00,2022,490.0,blob,17,8191.0,0.0,ok,-91.129287,32.820457
LM_08_MVF_20220422_CS_MB_4898_4892,2022-04-22 00:00:00+00:00,2022,490.0,blob,18,8493.6,0.0,ok,-91.128308,32.820545
LM_08_MVF_20220424_CS_MB_4887_4882,2022-04-24 00:00:00+00:00,2022,489.0,blob,0,152.1,1837.3,ok,-91.15192,32.819655
LM_08_MVF_20220424_CS_MB_4887_4882,2022-04-24 00:00:00+00:00,2022,489.0,blob,1,462.3,1804.5,ok,-91.150948,32.819435
LM_08_MVF_20220424_CS_MB_4887_4882,2022-04-24 00:00:00+00:00,2022,489.0,blob,2,778.5,1771.7,ok,-91.149977,32.819146
LM_08_MVF_20220424_CS_MB_4887_4882,2022-04-24 00:00:00+00:00,2022,489.0,blob,3,1167.1,1738.8,ok,-91.149013,32.818513
LM_08_MVF_20220424_CS_MB_4887_4882,2022-04-24 00:00:00+00:00,2022,489.0,blob,4,1548.1,0.0,ok,-91.148048,32.817983
LM_08_MVF_20220424_CS_MB_4887_4882,2022-04-24 00:00:00+00:00,2022,489.0,blob,5,1853.2,0.0,ok,-91.14707,32.818037
LM_08_MVF_20220424_CS_MB_4887_4882,2022-04-24 00:00:00+00:00,2022,489.0,blob,6,2166.0,0.0,ok,-91.146094,32.817989
LM_08_MVF_20220424_CS_MB_4887_4882,2022-04-24 00:00:00+00:00,2022,489.0,blob,7,2482.2,0.0,ok,-91.145124,32.817699
LM_08_MVF_20220424_CS_MB_4887_4882,2022-04-24 00:00:00+00:00,2022,489.0,blob,8,2910.7,0.0,ok,-91.144163,32.816929
LM_08_MVF_20220424_CS_MB_4887_4882,2022-04-24 00:00:00+00:00,2022,489.0,blob,9,3335.7,0.0,ok,-91.143198,32.816399
LM_08_MVF_20220424_CS_MB_4887_4882,2022-04-24 00:00:00+00:00,2022,489.0,blob,10,4048.4,0.0,ok,-91.14225,32.815011
LM_08_MVF_20220424_CS_MB_4887_4882,2022-04-24 00:00:00+00:00,2022,489.0,blob,11,4761.1,0.0,ok,-91.141302,32.813622
LM_08_MVF_20220424_CS_MB_4887_4882,2022-04-24 00:00:00+00:00,2022,489.0,blob,12,5067.7,0.0,ok,-91.140325,32.813642
LM_08_MVF_20220424_CS_MB_4887_4882,2022-04-24 00:00:00+00:00,2022,489.0,blob,13,5369.8,0.0,ok,-91.13935,32.813559
LM_08_MVF_20220424_CS_MB_4887_4882,2022-04-24 00:00:00+00:00,2022,489.0,blob,14,5731.9,0.0,ok,-91.138383,32.813132
LM_08_MVF_20220424_CS_MB_4887_4882,2022-04-24 00:00:00+00:00,2022,489.0,blob,15,6094.6,0.0,ok,-91.137414,32.81274
LM_08_MVF_20220424_CS_MB_4887_4882,2022-04-24 00:00:00+00:00,2022,489.0,blob,16,6407.6,0.0,ok,-91.136441,32.812588
LM_08_MVF_20220424_CS_MB_4887_4882,2022-04-24 00:00:00+00:00,2022,489.0,blob,17,6757.6,557.7,ok,-91.135475,32.812093
LM_08_MVF_20220424_CS_MB_4887_4882,2022-04-24 00:00:00+00:00,2022,489.0,blob,18,7097.2,229.7,ok,-91.134503,32.811838
LM_08_MVF_20220424_CS_MB_4887_4882,2022-04-24 00:00:00+00:00,2022,489.0,blob,19,7407.4,196.9,ok,-91.133523,32.812029
LM_08_MVF_20220511_CS_MB_4840_4835,2022-05-11 00:00:00+00:00,2022,484.0,blob,0,150.5,918.6,ok,-91.155362,32.745959
LM_08_MVF_20220511_CS_MB_4840_4835,2022-05-11 00:00:00+00:00,2022,484.0,blob,1,451.6,984.3,ok,-91.155426,32.746785
LM_08_MVF_20220511_CS_MB_4840_4835,2022-05-11 00:00:00+00:00,2022,484.0,blob,2,797.3,1312.3,ok,-91.155043,32.747604
LM_08_MVF_20220511_CS_MB_4840_4835,2022-05-11 00:00:00+00:00,2022,484.0,blob,3,1232.7,754.6,ok,-91.15401,32.748414
LM_08_MVF_20220511_CS_MB_4840_4835,2022-05-11 00:00:00+00:00,2022,484.0,blob,4,2262.2,0.0,ok,-91.150863,32.749192
LM_08_MVF_20220511_CS_MB_4840_4835,2022-05-11 00:00:00+00:00,2022,484.0,blob,5,3203.7,0.0,ok,-91.148244,32.749978
LM_08_MVF_20220511_CS_MB_4840_4835,2022-05-11 00:00:00+00:00,2022,484.0,blob,6,3507.8,0.0,ok,-91.148065,32.7508
LM_08_MVF_20220511_CS_MB_4840_4835,2022-05-11 00:00:00+00:00,2022,484.0,blob,7,3811.9,0.0,ok,-91.147885,32.751622
LM_08_MVF_20220511_CS_MB_4840_4835,2022-05-11 00:00:00+00:00,2022,484.0,blob,8,4510.0,0.0,ok,-91.146079,32.75242
LM_08_MVF_20220511_CS_MB_4840_4835,2022-05-11 00:00:00+00:00,2022,484.0,blob,9,5674.5,0.0,ok,-91.142404,32.75319
LM_08_MVF_20220511_CS_MB_4840_4835,2022-05-11 00:00:00+00:00,2022,484.0,blob,10,6445.0,0.0,ok,-91.140354,32.753984
LM_08_MVF_20220511_CS_MB_4840_4835,2022-05-11 00:00:00+00:00,2022,484.0,blob,11,6857.2,0.0,ok,-91.139564,32.754797
LM_08_MVF_20220511_CS_MB_4840_4835,2022-05-11 00:00:00+00:00,2022,484.0,blob,12,7269.4,0.0,ok,-91.138775,32.75561
LM_08_MVF_20220511_CS_MB_4840_4835,2022-05-11 00:00:00+00:00,2022,484.0,blob,13,7661.6,0.0,ok,-91.138067,32.756424
LM_08_MVF_20220522_CS_MB_4811_4807,2022-05-22 00:00:00+00:00,2022,481.0,blob,0,180.3,426.5,ok,-91.120991,32.730663
LM_08_MVF_20220522_CS_MB_4811_4807,2022-05-22 00:00:00+00:00,2022,481.0,blob,1,930.6,1246.7,ok,-91.11886,32.731456
LM_08_MVF_20220522_CS_MB_4811_4807,2022-05-22 00:00:00+00:00,2022,481.0,blob,2,1760.8,1443.6,ok,-91.116364,32.732243
LM_08_MVF_20220522_CS_MB_4811_4807,2022-05-22 00:00:00+00:00,2022,481.0,blob,3,2171.5,2591.9,ok,-91.115696,32.733057
LM_08_MVF_20220522_CS_MB_4811_4807,2022-05-22 00:00:00+00:00,2022,481.0,blob,4,2476.6,1870.1,ok,-91.115598,32.733881
LM_08_MVF_20220522_CS_MB_4811_4807,2022-05-22 00:00:00+00:00,2022,481.0,blob,5,2843.4,2263.8,ok,-91.115946,32.734711
LM_08_MVF_20220522_CS_MB_4811_4807,2022-05-22 00:00:00+00:00,2022,481.0,blob,6,3267.6,0.0,ok,-91.116904,32.73555
LM_08_MVF_20220522_CS_MB_4811_4807,2022-05-22 00:00:00+00:00,2022,481.0,blob,7,3691.9,0.0,ok,-91.117862,32.736389
LM_08_MVF_20220522_CS_MB_4811_4807,2022-05-22 00:00:00+00:00,2022,481.0,blob,8,4116.1,0.0,ok,-91.11882,32.737228
LM_08_MVF_20220522_CS_MB_4811_4807,2022-05-22 00:00:00+00:00,2022,481.0,blob,9,4480.3,0.0,ok,-91.119209,32.738058
LM_08_MVF_20220522_CS_MB_4811_4807,2022-05-22 00:00:00+00:00,2022,481.0,blob,10,4787.0,0.0,ok,-91.118989,32.73888
LM_08_MVF_20220522_CS_MB_4811_4807,2022-05-22 00:00:00+00:00,2022,481.0,blob,11,5201.8,0.0,ok,-91.118159,32.739692
LM_08_MVF_20220522_CS_MB_4811_4807,2022-05-22 00:00:00+00:00,2022,481.0,blob,12,5620.0,0.0,ok,-91.117288,32.740503
LM_08_MVF_20220522_CS_MB_4811_4807,2022-05-22 00:00:00+00:00,2022,481.0,blob,13,5965.6,426.5,ok,-91.116742,32.74132
LM_08_MVF_20220522_CS_MB_4811_4807,2022-05-22 00:00:00+00:00,2022,481.0,blob,14,6320.8,1017.1,ok,-91.116115,32.742135
LM_08_MVF_20220522_CS_MB_4811_4807,2022-05-22 00:00:00+00:00,2022,481.0,blob,15,6651.0,623.4,ok,-91.115651,32.742953
LM_08_MVF_20220522_CS_MB_4811_4807,2022-05-22 00:00:00+00:00,2022,481.0,blob,16,6964.0,656.2,ok,-91.115471,32.743775
LM_08_MVF_20220522_CS_MB_4811_4807,2022-05-22 00:00:00+00:00,2022,481.0,blob,17,7416.9,0.0,ok,-91.116347,32.744613
LM_15_CVB_20220325_CS_MB_5986_5982,2022-03-25 00:00:00+00:00,2022,598.0,blob,0,162.5,1870.1,ok,-91.070349,33.952676
LM_15_CVB_20220325_CS_MB_5986_5982,2022-03-25 00:00:00+00:00,2022,598.0,blob,1,671.6,2723.1,ok,-91.069376,33.951974
LM_15_CVB_20220325_CS_MB_5986_5982,2022-03-25 00:00:00+00:00,2022,598.0,blob,2,1186.0,1870.1,ok,-91.068411,33.950894
LM_15_CVB_20220325_CS_MB_5986_5982,2022-03-25 00:00:00+00:00,2022,598.0,blob,3,1521.4,1902.9,ok,-91.067431,33.950466
LM_15_CVB_20220325_CS_MB_5986_5982,2022-03-25 00:00:00+00:00,2022,598.0,blob,4,1847.2,1771.7,ok,-91.06645,33.950107
LM_15_CVB_20220326_CS_MB_5987_5972,2022-03-26 00:00:00+00:00,2022,597.0,blob,0,324.3,524.9,ok,-91.056886,33.94728
LM_15_CVB_20220326_CS_MB_5987_5972,2022-03-26 00:00:00+00:00,2022,597.0,blob,1,843.8,1902.9,check,-91.055886,33.947711
LM_15_CVB_20220326_CS_MB_5987_5972,2022-03-26 00:00:00+00:00,2022,597.0,blob,2,1191.1,1574.8,ok,-91.054907,33.947283
LM_15_CVB_20220326_CS_MB_5987_5972,2022-03-26 00:00:00+00:00,2022,597.0,blob,3,1495.3,0.0,ok,-91.053921,33.94713
LM_15_CVB_20220326_CS_MB_5987_5972,2022-03-26 00:00:00+00:00,2022,597.0,blob,4,1797.3,1870.1,ok,-91.052934,33.947046
LM_15_CVB_20220326_CS_MB_5987_5972,2022-03-26 00:00:00+00:00,2022,597.0,blob,5,2105.5,1968.5,ok,-91.051948,33.946893
LM_15_CVB_20220326_CS_MB_5987_5972,2022-03-26 00:00:00+00:00,2022,597.0,blob,6,2443.9,984.3,ok,-91.050968,33.946465
LM_15_CVB_20220326_CS_MB_5987_5972,2022-03-26 00:00:00+00:00,2022,597.0,blob,7,2776.2,1082.7,ok,-91.049987,33.946106
LM_15_CVB_20220326_CS_MB_5987_5972,2022-03-26 00:00:00+00:00,2022,597.0,blob,8,3108.5,1935.7,ok,-91.048993,33.946296
LM_15_CVB_20220327_CS_MB_5967_5938,2022-03-27 00:00:00+00:00,2022,596.0,blob,0,152.1,131.2,ok,-91.038532,33.940918
LM_15_CVB_20220327_CS_MB_5967_5938,2022-03-27 00:00:00+00:00,2022,596.0,blob,1,471.8,0.0,ok,-91.038184,33.941737
LM_15_CVB_20220327_CS_MB_5967_5938,2022-03-27 00:00:00+00:00,2022,596.0,blob,2,813.2,164.0,ok,-91.037629,33.942553
LM_15_CVB_20220327_CS_MB_5967_5938,2022-03-27 00:00:00+00:00,2022,596.0,blob,3,1141.5,1771.7,ok,-91.037198,33.943371
LM_15_CVB_20220327_CS_MB_5967_5938,2022-03-27 00:00:00+00:00,2022,596.0,blob,4,1566.5,2263.8,ok,-91.036314,33.944181
LM_15_CVB_20220327_CS_MB_5967_5938,2022-03-27 00:00:00+00:00,2022,596.0,blob,5,2032.2,2952.8,ok,-91.035141,33.944987
LM_15_CVB_20220327_CS_MB_5967_5938,2022-03-27 00:00:00+00:00,2022,596.0,blob,6,2678.1,2296.6,ok,-91.033309,33.945782
LM_15_CVB_20220327_CS_MB_5967_5938,2022-03-27 00:00:00+00:00,2022,596.0,blob,7,3286.9,2493.4,ok,-91.031724,33.946581
LM_15_CVB_20220328_CS_MB_5962_5958,2022-03-28 00:00:00+00:00,2022,596.0,blob,0,158.1,0.0,ok,-91.031661,33.935775
LM_15_CVB_20220328_CS_MB_5962_5958,2022-03-28 00:00:00+00:00,2022,596.0,blob,1,511.5,164.0,ok,-91.031066,33.93659
LM_15_CVB_20220328_CS_MB_5962_5958,2022-03-28 00:00:00+00:00,2022,596.0,blob,2,918.9,0.0,ok,-91.03014,33.937399
LM_15_CVB_20220328_CS_MB_5962_5958,2022-03-28 00:00:00+00:00,2022,596.0,blob,3,1343.1,65.6,ok,-91.029132,33.938208
LM_15_CVB_20220328_CS_MB_5962_5958,2022-03-28 00:00:00+00:00,2022,596.0,blob,4,1785.8,65.6,ok,-91.028042,33.939015
LM_15_CVB_20220328_CS_MB_5962_5958,2022-03-28 00:00:00+00:00,2022,596.0,blob,5,2219.7,229.7,ok,-91.026993,33.939823
LM_15_CVB_20220328_CS_MB_5962_5958,2022-03-28 00:00:00+00:00,2022,596.0,blob,6,2573.7,1804.5,ok,-91.026562,33.94064
LM_15_CVB_20220328_CS_MB_5962_5958,2022-03-28 00:00:00+00:00,2022,596.0,blob,7,3294.3,2362.2,ok,-91.024771,33.941436
LM_15_CVB_20220328_CS_MB_5962_5958,2022-03-28 00:00:00+00:00,2022,596.0,blob,8,4124.5,1738.8,ok,-91.022239,33.94222
LM_07_FMB_20221215_CS,2022-12-15 00:00:00+00:00,2022,463.0,blob,0,152.1,0.0,ok,-91.097142,32.558462
LM_07_FMB_20221215_CS,2022-12-15 00:00:00+00:00,2022,463.0,blob,1,454.7,0.0,ok,-91.097165,32.559287
LM_07_FMB_20221215_CS,2022-12-15 00:00:00+00:00,2022,463.0,blob,2,835.7,0.0,ok,-91.097675,32.56012
LM_07_FMB_20221215_CS,2022-12-15 00:00:00+00:00,2022,463.0,blob,3,1505.1,0.0,ok,-91.099564,32.560973
LM_07_FMB_20221215_CS,2022-12-15 00:00:00+00:00,2022,463.0,blob,4,2156.1,0.0,ok,-91.101372,32.561825
LM_07_FMB_20221215_CS,2022-12-15 00:00:00+00:00,2022,463.0,blob,5,2703.7,0.0,ok,-91.102815,32.562671
LM_07_FMB_20221215_CS,2022-12-15 00:00:00+00:00,2022,463.0,blob,6,3219.4,65.6,ok,-91.103447,32.563506
LM_07_FMB_20221215_CS,2022-12-15 00:00:00+00:00,2022,463.0,blob,7,3723.9,0.0,ok,-91.104038,32.564339
LM_07_FMB_20221215_CS,2022-12-15 00:00:00+00:00,2022,463.0,blob,8,4221.9,0.0,ok,-91.105238,32.565182
LM_07_FMB_20221215_CS,2022-12-15 00:00:00+00:00,2022,463.0,blob,9,4550.1,65.6,ok,-91.105382,32.566009
LM_07_FMB_20221215_CS,2022-12-15 00:00:00+00:00,2022,463.0,blob,10,4964.9,0.0,ok,-91.105933,32.566842
LM_07_FMB_20221215_CS,2022-12-15 00:00:00+00:00,2022,463.0,blob,11,5747.0,65.6,ok,-91.108228,32.567701
LM_07_FMB_20221215_CS,2022-12-15 00:00:00+00:00,2022,463.0,blob,12,6638.3,0.0,ok,-91.110929,32.568566
LM_07_FMB_20221215_CS,2022-12-15 00:00:00+00:00,2022,463.0,blob,13,7331.9,0.0,ok,-91.11294,32.569421
LM_07_FMB_20221215_CS,2022-12-15 00:00:00+00:00,2022,463.0,blob,14,7877.4,0.0,ok,-91.114383,32.570268
LM_07_FMB_20221215_CS,2022-12-15 00:00:00+00:00,2022,463.0,blob,15,8256.6,0.0,ok,-91.115055,32.571102
LM_07_FMB_20221215_CS,2022-12-15 00:00:00+00:00,2022,463.0,blob,16,8618.2,0.0,ok,-91.115647,32.571936
LM_07_FMB_20221215_CS,2022-12-15 00:00:00+00:00,2022,463.0,blob,17,8971.7,65.6,ok,-91.116076,32.572767
LM_07_FMB_20221215_CS,2022-12-15 00:00:00+00:00,2022,463.0,blob,18,9276.3,0.0,ok,-91.11618,32.573593
LM_07_FMB_20221215_CS,2022-12-15 00:00:00+00:00,2022,463.0,blob,19,9755.2,0.0,ok,-91.117218,32.574434
LM_07_FMB_20221215_CS,2022-12-15 00:00:00+00:00,2022,463.0,blob,20,10601.5,65.6,ok,-91.119756,32.575296
LM_07_FMB_20221215_CS,2022-12-15 00:00:00+00:00,2022,463.0,blob,21,11415.1,0.0,ok,-91.122173,32.576157
LM_07_FMB_20221215_CS,2022-12-15 00:00:00+00:00,2022,463.0,blob,22,12030.9,0.0,ok,-91.123901,32.577008
LM_07_FMB_20221215_CS,2022-12-15 00:00:00+00:00,2022,463.0,blob,23,12509.8,0.0,ok,-91.124938,32.577848
LM_07_FMB_20221215_CS,2022-12-15 00:00:00+00:00,2022,463.0,blob,24,12819.0,0.0,ok,-91.125165,32.578676
LM_07_FMB_20221215_CS,2022-12-15 00:00:00+00:00,2022,463.0,blob,25,13185.8,0.0,ok,-91.124782,32.579495
LM_07_FMB_20221215_CS,2022-12-15 00:00:00+00:00,2022,463.0,blob,26,13619.1,0.0,ok,-91.123751,32.580304
LM_08_MVF_20220405_CS_MB_4942_4937,2022-04-05 00:00:00+00:00,2022,494.0,blob,0,150.5,295.3,ok,-91.084418,32.867626
LM_08_MVF_20220405_CS_MB_4942_4937,2022-04-05 00:00:00+00:00,2022,494.0,blob,1,592.6,393.7,ok,-91.085173,32.868462
LM_08_MVF_20220405_CS_MB_4942_4937,2022-04-05 00:00:00+00:00,2022,494.0,blob,2,1042.2,0.0,ok,-91.086133,32.869301
LM_08_MVF_20220405_CS_MB_4942_4937,2022-04-05 00:00:00+00:00,2022,494.0,blob,3,1352.4,0.0,ok,-91.086359,32.870129
LM_08_MVF_20220405_CS_MB_4942_4937,2022-04-05 00:00:00+00:00,2022,494.0,blob,4,1656.6,1870.1,ok,-91.086504,32.870956
LM_08_MVF_20220405_CS_MB_4942_4937,2022-04-05 00:00:00+00:00,2022,494.0,blob,5,1960.7,2559.1,ok,-91.086649,32.871783
LM_08_MVF_20220405_CS_MB_4942_4937,2022-04-05 00:00:00+00:00,2022,494.0,blob,6,2264.8,3116.8,ok,-91.086794,32.87261
LM_08_MVF_20220405_CS_MB_4942_4937,2022-04-05 00:00:00+00:00,2022,494.0,blob,7,2569.0,2854.3,ok,-91.08694,32.873437
LM_08_MVF_20220405_CS_MB_4942_4937,2022-04-05 00:00:00+00:00,2022,494.0,blob,8,2873.1,2231.0,ok,-91.087085,32.874264
LM_08_MVF_20220405_CS_MB_4942_4937,2022-04-05 00:00:00+00:00,2022,494.0,blob,9,3177.3,1640.4,ok,-91.08723,32.875091
LM_08_MVF_20220405_CS_MB_4942_4937,2022-04-05 00:00:00+00:00,2022,494.0,blob,10,3481.4,1017.1,ok,-91.087375,32.875917
LM_08_MVF_20220405_CS_MB_4942_4937,2022-04-05 00:00:00+00:00,2022,494.0,blob,11,3785.5,0.0,ok,-91.08752,32.876744
LM_08_MVF_20220405_CS_MB_4942_4937,2022-04-05 00:00:00+00:00,2022,494.0,blob,12,4095.7,65.6,ok,-91.087747,32.877572
LM_08_MVF_20220405_CS_MB_4942_4937,2022-04-05 00:00:00+00:00,2022,494.0,blob,13,4513.9,0.0,ok,-91.088584,32.87841
LM_08_MVF_20220408_CS_MB_4927_4923,2022-04-08 00:00:00+00:00,2022,493.0,blob,0,280.9,2526.2,ok,-91.10898,32.86281
LM_08_MVF_20220408_CS_MB_4927_4923,2022-04-08 00:00:00+00:00,2022,493.0,blob,1,801.9,2526.2,ok,-91.108028,32.861628
LM_08_MVF_20220408_CS_MB_4927_4923,2022-04-08 00:00:00+00:00,2022,493.0,blob,2,1194.1,2198.2,ok,-91.107063,32.861029
LM_08_MVF_20220408_CS_MB_4927_4923,2022-04-08 00:00:00+00:00,2022,493.0,blob,3,1498.2,918.6,ok,-91.106089,32.860877
LM_08_MVF_20220408_CS_MB_4927_4923,2022-04-08 00:00:00+00:00,2022,493.0,blob,4,1802.4,885.8,ok,-91.105115,32.860725
LM_08_MVF_20220408_CS_MB_4927_4923,2022-04-08 00:00:00+00:00,2022,493.0,blob,5,2106.5,918.6,ok,-91.104142,32.860572
LM_08_MVF_20220408_CS_MB_4927_4923,2022-04-08 00:00:00+00:00,2022,493.0,blob,6,2410.7,557.7,ok,-91.103168,32.86042
LM_08_MVF_20220408_CS_MB_4927_4923,2022-04-08 00:00:00+00:00,2022,493.0,blob,7,2736.4,0.0,ok,-91.102197,32.860096
LM_08_MVF_20220408_CS_MB_4927_4923,2022-04-08 00:00:00+00:00,2022,493.0,blob,8,4566.8,0.0,ok,-91.101322,32.855307
LM_08_MVF_20220411_CS_MB_4917_4913,2022-04-11 00:00:00+00:00,2022,492.0,blob,0,167.7,0.0,ok,-91.115396,32.843001
LM_08_MVF_20220411_CS_MB_4917_4913,2022-04-11 00:00:00+00:00,2022,492.0,blob,1,522.9,0.0,ok,-91.114409,32.843501
LM_08_MVF_20220411_CS_MB_4917_4913,2022-04-11 00:00:00+00:00,2022,492.0,blob,2,1012.7,0.0,ok,-91.11341,32.844517
LM_08_MVF_20220411_CS_MB_4917_4913,2022-04-11 00:00:00+00:00,2022,492.0,blob,3,2326.3,0.0,ok,-91.112477,32.842476
LM_08_MVF_20220420_CS_MB_4908_4902,2022-04-20 00:00:00+00:00,2022,491.0,blob,0,180.3,0.0,ok,-91.135652,32.843283
LM_08_MVF_20220420_CS_MB_4908_4902,2022-04-20 00:00:00+00:00,2022,491.0,blob,1,512.6,1804.5,ok,-91.134671,32.843474
LM_08_MVF_20220420_CS_MB_4908_4902,2022-04-20 00:00:00+00:00,2022,491.0,blob,2,845.0,2690.3,ok,-91.133702,32.843116
LM_08_MVF_20220420_CS_MB_4908_4902,2022-04-20 00:00:00+00:00,2022,491.0,blob,3,1511.5,2952.8,ok,-91.132758,32.841556
LM_08_MVF_20220420_CS_MB_4908_4902,2022-04-20 00:00:00+00:00,2022,491.0,blob,4,2185.2,1574.8,ok,-91.131801,32.840579
LM_08_MVF_20220420_CS_MB_4908_4902,2022-04-20 00:00:00+00:00,2022,491.0,blob,5,2560.2,1673.2,ok,-91.130812,32.841183
LM_08_MVF_20220420_CS_MB_4908_4902,2022-04-20 00:00:00+00:00,2022,491.0,blob,6,2915.4,1574.8,ok,-91.129824,32.841684
LM_08_MVF_20220420_CS_MB_4908_4902,2022-04-20 00:00:00+00:00,2022,491.0,blob,7,3250.8,0.0,ok,-91.128839,32.842081
LM_08_MVF_20220422_CS_MB_4898_4892,2022-04-22 00:00:00+00:00,2022,490.0,blob,0,162.5,1870.1,ok,-91.145621,32.833379
LM_08_MVF_20220422_CS_MB_4898_4892,2022-04-22 00:00:00+00:00,2022,490.0,blob,1,475.5,1902.9,ok,-91.14464,32.833571
LM_08_MVF_20220422_CS_MB_4898_4892,2022-04-22 00:00:00+00:00,2022,490.0,blob,2,799.7,1804.5,ok,-91.143668,32.83335
LM_08_MVF_20220422_CS_MB_4898_4892,2022-04-22 00:00:00+00:00,2022,490.0,blob,3,1141.1,1804.5,ok,-91.142701,32.832889
LM_08_MVF_20220422_CS_MB_4898_4892,2022-04-22 00:00:00+00:00,2022,490.0,blob,4,1496.3,1804.5,ok,-91.141735,32.832359
LM_08_MVF_20220422_CS_MB_4898_4892,2022-04-22 00:00:00+00:00,2022,490.0,blob,5,1838.4,820.2,ok,-91.140767,32.831932
LM_08_MVF_20220422_CS_MB_4898_4892,2022-04-22 00:00:00+00:00,2022,490.0,blob,6,2166.6,196.9,ok,-91.139798,32.831574
LM_08_MVF_20220422_CS_MB_4898_4892,2022-04-22 00:00:00+00:00,2022,490.0,blob,7,2508.0,0.0,ok,-91.138831,32.831113
LM_08_MVF_20220422_CS_MB_4898_4892,2022-04-22 00:00:00+00:00,2022,490.0,blob,8,2843.4,0.0,ok,-91.137863,32.830687
LM_08_MVF_20220422_CS_MB_4898_4892,2022-04-22 00:00:00+00:00,2022,490.0,blob,9,3184.8,0.0,ok,-91.136896,32.830226
LM_08_MVF_20220422_CS_MB_4898_4892,2022-04-22 00:00:00+00:00,2022,490.0,blob,10,4617.4,0.0,ok,-91.135996,32.826536
LM_08_MVF_20220422_CS_MB_4898_4892,2022-04-22 00:00:00+00:00,2022,490.0,blob,11,6079.9,0.0,ok,-91.1351,32.822708
LM_08_MVF_20220422_CS_MB_4898_4892,2022-04-22 00:00:00+00:00,2022,490.0,blob,12,6451.0,0.0,ok,-91.134135,32.82211
LM_08_MVF_20220422_CS_MB_4898_4892,2022-04-22 00:00:00+00:00,2022,490.0,blob,13,6781.3,0.0,ok,-91.133167,32.821717
LM_08_MVF_20220422_CS_MB_4898_4892,2022-04-22 00:00:00+00:00,2022,490.0,blob,14,7098.4,0.0,ok,-91.132192,32.821634
LM_08_MVF_20220422_CS_MB_4898_4892,2022-04-22 00:00:00+00:00,2022,490.0,blob,15,7483.5,0.0,ok,-91.131224,32.821241
LM_08_MVF_20220422_CS_MB_4898_4892,2022-04-22 00:00:00+00:00,2022,490.0,blob,16,7876.5,0.0,ok,-91.130261,32.820574
LM_08_MVF_20220422_CS_MB_4898_4892,2022-04-22 00:00:00+00:00,2022,490.0,blob,17,8191.0,0.0,ok,-91.129287,32.820457
LM_08_MVF_20220422_CS_MB_4898_4892,2022-04-22 00:00:00+00:00,2022,490.0,blob,18,8493.6,0.0,ok,-91.128308,32.820545
LM_08_MVF_20220424_CS_MB_4887_4882,2022-04-24 00:00:00+00:00,2022,489.0,blob,0,152.1,1837.3,ok,-91.15192,32.819655
LM_08_MVF_20220424_CS_MB_4887_4882,2022-04-24 00:00:00+00:00,2022,489.0,blob,1,462.3,1804.5,ok,-91.150948,32.819435
LM_08_MVF_20220424_CS_MB_4887_4882,2022-04-24 00:00:00+00:00,2022,489.0,blob,2,778.5,1771.7,ok,-91.149977,32.819146
LM_08_MVF_20220424_CS_MB_4887_4882,2022-04-24 00:00:00+00:00,2022,489.0,blob,3,1167.1,1738.8,ok,-91.149013,32.818513
LM_08_MVF_20220424_CS_MB_4887_4882,2022-04-24 00:00:00+00:00,2022,489.0,blob,4,1548.1,0.0,ok,-91.148048,32.817983
LM_08_MVF_20220424_CS_MB_4887_4882,2022-04-24 00:00:00+00:00,2022,489.0,blob,5,1853.2,0.0,ok,-91.14707,32.818037
LM_08_MVF_20220424_CS_MB_4887_4882,2022-04-24 00:00:00+00:00,2022,489.0,blob,6,2166.0,0.0,ok,-91.146094,32.817989
LM_08_MVF_20220424_CS_MB_4887_4882,2022-04-24 00:00:00+00:00,2022,489.0,blob,7,2482.2,0.0,ok,-91.145124,32.817699
LM_08_MVF_20220424_CS_MB_4887_4882,2022-04-24 00:00:00+00:00,2022,489.0,blob,8,2910.7,0.0,ok,-91.144163,32.816929
LM_08_MVF_20220424_CS_MB_4887_4882,2022-04-24 00:00:00+00:00,2022,489.0,blob,9,3335.7,0.0,ok,-91.143198,32.816399
LM_08_MVF_20220424_CS_MB_4887_4882,2022-04-24 00:00:00+00:00,2022,489.0,blob,10,4048.4,0.0,ok,-91.14225,32.815011
LM_08_MVF_20220424_CS_MB_4887_4882,2022-04-24 00:00:00+00:00,2022,489.0,blob,11,4761.1,0.0,ok,-91.141302,32.813622
LM_08_MVF_20220424_CS_MB_4887_4882,2022-04-24 00:00:00+00:00,2022,489.0,blob,12,5067.7,0.0,ok,-91.140325,32.813642
LM_08_MVF_20220424_CS_MB_4887_4882,2022-04-24 00:00:00+00:00,2022,489.0,blob,13,5369.8,0.0,ok,-91.13935,32.813559
LM_08_MVF_20220424_CS_MB_4887_4882,2022-04-24 00:00:00+00:00,2022,489.0,blob,14,5731.9,0.0,ok,-91.138383,32.813132
LM_08_MVF_20220424_CS_MB_4887_4882,2022-04-24 00:00:00+00:00,2022,489.0,blob,15,6094.6,0.0,ok,-91.137414,32.81274
LM_08_MVF_20220424_CS_MB_4887_4882,2022-04-24 00:00:00+00:00,2022,489.0,blob,16,6407.6,0.0,ok,-91.136441,32.812588
LM_08_MVF_20220424_CS_MB_4887_4882,2022-04-24 00:00:00+00:00,2022,489.0,blob,17,6757.6,557.7,ok,-91.135475,32.812093
LM_08_MVF_20220424_CS_MB_4887_4882,2022-04-24 00:00:00+00:00,2022,489.0,blob,18,7097.2,229.7,ok,-91.134503,32.811838
LM_08_MVF_20220424_CS_MB_4887_4882,2022-04-24 00:00:00+00:00,2022,489.0,blob,19,7407.4,196.9,ok,-91.133523,32.812029
LM_08_MVF_20220511_CS_MB_4840_4835,2022-05-11 00:00:00+00:00,2022,484.0,blob,0,150.5,918.6,ok,-91.155362,32.745959
LM_08_MVF_20220511_CS_MB_4840_4835,2022-05-11 00:00:00+00:00,2022,484.0,blob,1,451.6,984.3,ok,-91.155426,32.746785
LM_08_MVF_20220511_CS_MB_4840_4835,2022-05-11 00:00:00+00:00,2022,484.0,blob,2,797.3,1312.3,ok,-91.155043,32.747604
LM_08_MVF_20220511_CS_MB_4840_4835,2022-05-11 00:00:00+00:00,2022,484.0,blob,3,1232.7,754.6,ok,-91.15401,32.748414
LM_08_MVF_20220511_CS_MB_4840_4835,2022-05-11 00:00:00+00:00,2022,484.0,blob,4,2262.2,0.0,ok,-91.150863,32.749192
LM_08_MVF_20220511_CS_MB_4840_4835,2022-05-11 00:00:00+00:00,2022,484.0,blob,5,3203.7,0.0,ok,-91.148244,32.749978
LM_08_MVF_20220511_CS_MB_4840_4835,2022-05-11 00:00:00+00:00,2022,484.0,blob,6,3507.8,0.0,ok,-91.148065,32.7508
LM_08_MVF_20220511_CS_MB_4840_4835,2022-05-11 00:00:00+00:00,2022,484.0,blob,7,3811.9,0.0,ok,-91.147885,32.751622
LM_08_MVF_20220511_CS_MB_4840_4835,2022-05-11 00:00:00+00:00,2022,484.0,blob,8,4510.0,0.0,ok,-91.146079,32.75242
LM_08_MVF_20220511_CS_MB_4840_4835,2022-05-11 00:00:00+00:00,2022,484.0,blob,9,5674.5,0.0,ok,-91.142404,32.75319
LM_08_MVF_20220511_CS_MB_4840_4835,2022-05-11 00:00:00+00:00,2022,484.0,blob,10,6445.0,0.0,ok,-91.140354,32.753984
LM_08_MVF_20220511_CS_MB_4840_4835,2022-05-11 00:00:00+00:00,2022,484.0,blob,11,6857.2,0.0,ok,-91.139564,32.754797
LM_08_MVF_20220511_CS_MB_4840_4835,2022-05-11 00:00:00+00:00,2022,484.0,blob,12,7269.4,0.0,ok,-91.138775,32.75561
LM_08_MVF_20220511_CS_MB_4840_4835,2022-05-11 00:00:00+00:00,2022,484.0,blob,13,7661.6,0.0,ok,-91.138067,32.756424
LM_08_MVF_20220522_CS_MB_4811_4807,2022-05-22 00:00:00+00:00,2022,481.0,blob,0,180.3,426.5,ok,-91.120991,32.730663
LM_08_MVF_20220522_CS_MB_4811_4807,2022-05-22 00:00:00+00:00,2022,481.0,blob,1,930.6,1246.7,ok,-91.11886,32.731456
LM_08_MVF_20220522_CS_MB_4811_4807,2022-05-22 00:00:00+00:00,2022,481.0,blob,2,1760.8,1443.6,ok,-91.116364,32.732243
LM_08_MVF_20220522_CS_MB_4811_4807,2022-05-22 00:00:00+00:00,2022,481.0,blob,3,2171.5,2591.9,ok,-91.115696,32.733057
LM_08_MVF_20220522_CS_MB_4811_4807,2022-05-22 00:00:00+00:00,2022,481.0,blob,4,2476.6,1870.1,ok,-91.115598,32.733881
LM_08_MVF_20220522_CS_MB_4811_4807,2022-05-22 00:00:00+00:00,2022,481.0,blob,5,2843.4,2263.8,ok,-91.115946,32.734711
LM_08_MVF_20220522_CS_MB_4811_4807,2022-05-22 00:00:00+00:00,2022,481.0,blob,6,3267.6,0.0,ok,-91.116904,32.73555
LM_08_MVF_20220522_CS_MB_4811_4807,2022-05-22 00:00:00+00:00,2022,481.0,blob,7,3691.9,0.0,ok,-91.117862,32.736389
LM_08_MVF_20220522_CS_MB_4811_4807,2022-05-22 00:00:00+00:00,2022,481.0,blob,8,4116.1,0.0,ok,-91.11882,32.737228
LM_08_MVF_20220522_CS_MB_4811_4807,2022-05-22 00:00:00+00:00,2022,481.0,blob,9,4480.3,0.0,ok,-91.119209,32.738058
LM_08_MVF_20220522_CS_MB_4811_4807,2022-05-22 00:00:00+00:00,2022,481.0,blob,10,4787.0,0.0,ok,-91.118989,32.73888
LM_08_MVF_20220522_CS_MB_4811_4807,2022-05-22 00:00:00+00:00,2022,481.0,blob,11,5201.8,0.0,ok,-91.118159,32.739692
LM_08_MVF_20220522_CS_MB_4811_4807,2022-05-22 00:00:00+00:00,2022,481.0,blob,12,5620.0,0.0,ok,-91.117288,32.740503
LM_08_MVF_20220522_CS_MB_4811_4807,2022-05-22 00:00:00+00:00,2022,481.0,blob,13,5965.6,426.5,ok,-91.116742,32.74132
LM_08_MVF_20220522_CS_MB_4811_4807,2022-05-22 00:00:00+00:00,2022,481.0,blob,14,6320.8,1017.1,ok,-91.116115,32.742135
LM_08_MVF_20220522_CS_MB_4811_4807,2022-05-22 00:00:00+00:00,2022,481.0,blob,15,6651.0,623.4,ok,-91.115651,32.742953
LM_08_MVF_20220522_CS_MB_4811_4807,2022-05-22 00:00:00+00:00,2022,481.0,blob,16,6964.0,656.2,ok,-91.115471,32.743775
LM_08_MVF_20220522_CS_MB_4811_4807,2022-05-22 00:00:00+00:00,2022,481.0,blob,17,7416.9,0.0,ok,-91.116347,32.744613
LM_15_CVB_20220325_CS_MB_5986_5982,2022-03-25 00:00:00+00:00,2022,598.0,blob,0,162.5,1870.1,ok,-91.070349,33.952676
LM_15_CVB_20220325_CS_MB_5986_5982,2022-03-25 00:00:00+00:00,2022,598.0,blob,1,671.6,2723.1,ok,-91.069376,33.951974
LM_15_CVB_20220325_CS_MB_5986_5982,2022-03-25 00:00:00+00:00,2022,598.0,blob,2,1186.0,1870.1,ok,-91.068411,33.950894
LM_15_CVB_20220325_CS_MB_5986_5982,2022-03-25 00:00:00+00:00,2022,598.0,blob,3,1521.4,1902.9,ok,-91.067431,33.950466
LM_15_CVB_20220325_CS_MB_5986_5982,2022-03-25 00:00:00+00:00,2022,598.0,blob,4,1847.2,1771.7,ok,-91.06645,33.950107
LM_15_CVB_20220326_CS_MB_5987_5972,2022-03-26 00:00:00+00:00,2022,597.0,blob,0,324.3,524.9,ok,-91.056886,33.94728
LM_15_CVB_20220326_CS_MB_5987_5972,2022-03-26 00:00:00+00:00,2022,597.0,blob,1,843.8,1902.9,check,-91.055886,33.947711
LM_15_CVB_20220326_CS_MB_5987_5972,2022-03-26 00:00:00+00:00,2022,597.0,blob,2,1191.1,1574.8,ok,-91.054907,33.947283
LM_15_CVB_20220326_CS_MB_5987_5972,2022-03-26 00:00:00+00:00,2022,597.0,blob,3,1495.3,0.0,ok,-91.053921,33.94713
LM_15_CVB_20220326_CS_MB_5987_5972,2022-03-26 00:00:00+00:00,2022,597.0,blob,4,1797.3,1870.1,ok,-91.052934,33.947046
LM_15_CVB_20220326_CS_MB_5987_5972,2022-03-26 00:00:00+00:00,2022,597.0,blob,5,2105.5,1968.5,ok,-91.051948,33.946893
LM_15_CVB_20220326_CS_MB_5987_5972,2022-03-26 00:00:00+00:00,2022,597.0,blob,6,2443.9,984.3,ok,-91.050968,33.946465
LM_15_CVB_20220326_CS_MB_5987_5972,2022-03-26 00:00:00+00:00,2022,597.0,blob,7,2776.2,1082.7,ok,-91.049987,33.946106
LM_15_CVB_20220326_CS_MB_5987_5972,2022-03-26 00:00:00+00:00,2022,597.0,blob,8,3108.5,1935.7,ok,-91.048993,33.946296
LM_15_CVB_20220327_CS_MB_5967_5938,2022-03-27 00:00:00+00:00,2022,596.0,blob,0,152.1,131.2,ok,-91.038532,33.940918
LM_15_CVB_20220327_CS_MB_5967_5938,2022-03-27 00:00:00+00:00,2022,596.0,blob,1,471.8,0.0,ok,-91.038184,33.941737
LM_15_CVB_20220327_CS_MB_5967_5938,2022-03-27 00:00:00+00:00,2022,596.0,blob,2,813.2,164.0,ok,-91.037629,33.942553
LM_15_CVB_20220327_CS_MB_5967_5938,2022-03-27 00:00:00+00:00,2022,596.0,blob,3,1141.5,1771.7,ok,-91.037198,33.943371
LM_15_CVB_20220327_CS_MB_5967_5938,2022-03-27 00:00:00+00:00,2022,596.0,blob,4,1566.5,2263.8,ok,-91.036314,33.944181
LM_15_CVB_20220327_CS_MB_5967_5938,2022-03-27 00:00:00+00:00,2022,596.0,blob,5,2032.2,2952.8,ok,-91.035141,33.944987
LM_15_CVB_20220327_CS_MB_5967_5938,2022-03-27 00:00:00+00:00,2022,596.0,blob,6,2678.1,2296.6,ok,-91.033309,33.945782
LM_15_CVB_20220327_CS_MB_5967_5938,2022-03-27 00:00:00+00:00,2022,596.0,blob,7,3286.9,2493.4,ok,-91.031724,33.946581
LM_15_CVB_20220328_CS_MB_5962_5958,2022-03-28 00:00:00+00:00,2022,596.0,blob,0,158.1,0.0,ok,-91.031661,33.935775
LM_15_CVB_20220328_CS_MB_5962_5958,2022-03-28 00:00:00+00:00,2022,596.0,blob,1,511.5,164.0,ok,-91.031066,33.93659
LM_15_CVB_20220328_CS_MB_5962_5958,2022-03-28 00:00:00+00:00,2022,596.0,blob,2,918.9,0.0,ok,-91.03014,33.937399
LM_15_CVB_20220328_CS_MB_5962_5958,2022-03-28 00:00:00+00:00,2022,596.0,blob,3,1343.1,65.6,ok,-91.029132,33.938208
LM_15_CVB_20220328_CS_MB_5962_5958,2022-03-28 00:00:00+00:00,2022,596.0,blob,4,1785.8,65.6,ok,-91.028042,33.939015
LM_15_CVB_20220328_CS_MB_5962_5958,2022-03-28 00:00:00+00:00,2022,596.0,blob,5,2219.7,229.7,ok,-91.026993,33.939823
LM_15_CVB_20220328_CS_MB_5962_5958,2022-03-28 00:00:00+00:00,2022,596.0,blob,6,2573.7,1804.5,ok,-91.026562,33.94064
LM_15_CVB_20220328_CS_MB_5962_5958,2022-03-28 00:00:00+00:00,2022,596.0,blob,7,3294.3,2362.2,ok,-91.024771,33.941436
LM_15_CVB_20220328_CS_MB_5962_5958,2022-03-28 00:00:00+00:00,2022,596.0,blob,8,4124.5,1738.8,ok,-91.022239,33.94222
LM_01_GCB_20250715_CS_MB_3278_3273,2025-07-15 00:00:00+00:00,2025,328.0,blob,0,212.1,754.6,ok,-91.638996,31.22894
LM_01_GCB_20250715_CS_MB_3278_3273,2025-07-15 00:00:00+00:00,2025,328.0,blob,1,636.4,721.8,ok,-91.638036,31.228929
LM_14_VBO_20211001_CS,2021-10-01 00:00:00+00:00,2021,591.0,blob,0,154.6,65.6,ok,-91.066716,33.878001
LM_14_VBO_20211018_CS,2021-10-18 00:00:00+00:00,2021,591.0,blob,0,346.6,0.0,ok,-91.06812,33.875439
LM_14_VBO_20211018_CS,2021-10-18 00:00:00+00:00,2021,591.0,blob,1,855.8,65.6,ok,-91.067278,33.876251
LM_14_VBO_20211018_CS,2021-10-18 00:00:00+00:00,2021,591.0,blob,2,1248.8,0.0,ok,-91.066888,33.877069
LM_14_VBO_20211018_CS,2021-10-18 00:00:00+00:00,2021,591.0,blob,3,1629.8,65.6,ok,-91.066335,33.877885
LM_14_VBO_20211018_CS,2021-10-18 00:00:00+00:00,2021,591.0,blob,4,1960.6,0.0,ok,-91.066028,33.878705
LM_14_VBO_20211018_CS,2021-10-18 00:00:00+00:00,2021,591.0,blob,5,2292.9,65.6,ok,-91.065762,33.879525
LM_14_VBO_20211018_CS,2021-10-18 00:00:00+00:00,2021,591.0,blob,6,2640.2,0.0,ok,-91.065414,33.880344
LM_14_VBO_20211018_CS,2021-10-18 00:00:00+00:00,2021,591.0,blob,7,3262.7,0.0,ok,-91.063666,33.881141
LM_14_VBO_20211018_CS,2021-10-18 00:00:00+00:00,2021,591.0,blob,8,3842.0,65.6,ok,-91.062412,33.881946
LM_14_VBO_20211018_CS,2021-10-18 00:00:00+00:00,2021,591.0,blob,9,4181.5,0.0,ok,-91.062105,33.882766
LM_14_VBO_20211018_CS,2021-10-18 00:00:00+00:00,2021,591.0,blob,10,4523.6,0.0,ok,-91.06184,33.883586
LM_14_VBO_20211018_CS,2021-10-18 00:00:00+00:00,2021,591.0,blob,11,5105.5,0.0,ok,-91.060627,33.884391
LM_14_VBO_20211018_CS,2021-10-18 00:00:00+00:00,2021,591.0,blob,12,5792.8,0.0,ok,-91.05859,33.885184
LM_14_VBO_20211018_CS,2021-10-18 00:00:00+00:00,2021,591.0,blob,13,6274.0,0.0,ok,-91.057336,33.885989
LM_14_VBO_20211018_CS,2021-10-18 00:00:00+00:00,2021,591.0,blob,14,7407.6,65.6,ok,-91.053817,33.886758
LM_14_VBO_20211018_CS,2021-10-18 00:00:00+00:00,2021,591.0,blob,15,8580.1,0.0,ok,-91.050134,33.887524
LM_14_VBO_20211018_CS,2021-10-18 00:00:00+00:00,2021,591.0,blob,16,8994.8,0.0,ok,-91.049291,33.888335
LM_14_VBO_20211018_CS,2021-10-18 00:00:00+00:00,2021,591.0,blob,17,9300.0,32.8,ok,-91.04919,33.889158
LM_14_VBO_20211018_CS,2021-10-18 00:00:00+00:00,2021,591.0,blob,18,9618.2,0.0,ok,-91.048966,33.889979
LM_14_VBO_20211018_CS,2021-10-18 00:00:00+00:00,2021,591.0,blob,19,9940.5,65.6,ok,-91.048576,33.890797
LM_14_VBO_20211018_CS,2021-10-18 00:00:00+00:00,2021,591.0,blob,20,10247.2,0.0,ok,-91.048352,33.891618
LM_14_VBO_20211018_CS,2021-10-18 00:00:00+00:00,2021,591.0,blob,21,10551.3,0.0,ok,-91.048168,33.89244
LM_14_VBO_20211018_CS,2021-10-18 00:00:00+00:00,2021,591.0,blob,22,10853.4,0.0,ok,-91.048067,33.893263
LM_14_VBO_20211129_CS,2021-11-29 00:00:00+00:00,2021,591.0,blob,0,250.0,0.0,ok,-91.071619,33.874746
LM_14_VBO_20211129_CS,2021-11-29 00:00:00+00:00,2021,591.0,blob,1,650.5,65.6,ok,-91.070983,33.875561
LM_14_VBO_20211129_CS,2021-11-29 00:00:00+00:00,2021,591.0,blob,2,1263.5,0.0,ok,-91.069565,33.876363
LM_14_VBO_20211129_CS,2021-11-29 00:00:00+00:00,2021,591.0,blob,3,1996.5,0.0,ok,-91.067364,33.877153
LM_14_VBO_20211129_CS,2021-11-29 00:00:00+00:00,2021,591.0,blob,4,2418.9,65.6,ok,-91.066686,33.877967
LM_14_VBO_20211129_CS,2021-11-29 00:00:00+00:00,2021,591.0,blob,5,2766.3,0.0,ok,-91.066338,33.878786
LM_14_VBO_20211129_CS,2021-11-29 00:00:00+00:00,2021,591.0,blob,6,3112.0,0.0,ok,-91.065949,33.879604
LM_14_VBO_20211129_CS,2021-11-29 00:00:00+00:00,2021,591.0,blob,7,3493.1,0.0,ok,-91.065395,33.88042
LM_14_VBO_20211129_CS,2021-11-29 00:00:00+00:00,2021,591.0,blob,8,4081.5,0.0,ok,-91.06373,33.881219
LM_14_VBO_20211129_CS,2021-11-29 00:00:00+00:00,2021,591.0,blob,9,4843.3,0.0,ok,-91.061405,33.882007
LM_14_VBO_20211129_CS,2021-11-29 00:00:00+00:00,2021,591.0,blob,10,5397.7,65.6,ok,-91.060192,33.882812
LM_14_VBO_20211129_CS,2021-11-29 00:00:00+00:00,2021,591.0,blob,11,5743.5,0.0,ok,-91.059803,33.88363
LM_14_VBO_20211129_CS,2021-11-29 00:00:00+00:00,2021,591.0,blob,12,6912.9,0.0,ok,-91.056202,33.884398
LM_14_VBO_20211129_CS,2021-11-29 00:00:00+00:00,2021,591.0,blob,13,8039.1,0.0,ok,-91.05293,33.885171
LM_14_VBO_20211129_CS,2021-11-29 00:00:00+00:00,2021,591.0,blob,14,8343.2,164.0,ok,-91.052747,33.885993
LM_14_VBO_20211129_CS,2021-11-29 00:00:00+00:00,2021,591.0,blob,15,8725.8,0.0,ok,-91.052069,33.886806
LM_14_VBO_20211129_CS,2021-11-29 00:00:00+00:00,2021,591.0,blob,16,9136.5,0.0,ok,-91.051145,33.887616
LM_14_VBO_20211129_CS,2021-11-29 00:00:00+00:00,2021,591.0,blob,17,9597.7,0.0,ok,-91.050014,33.888423
LM_14_VBO_20211129_CS,2021-11-29 00:00:00+00:00,2021,591.0,blob,18,10033.2,0.0,ok,-91.049336,33.889237
LM_14_VBO_20211129_CS,2021-11-29 00:00:00+00:00,2021,591.0,blob,19,10368.1,0.0,ok,-91.049112,33.890058
LM_14_VBO_20211129_CS,2021-11-29 00:00:00+00:00,2021,591.0,blob,20,10698.4,65.6,ok,-91.048763,33.890877
LM_14_VBO_20211129_CS,2021-11-29 00:00:00+00:00,2021,591.0,blob,21,11006.5,0.0,ok,-91.04858,33.891698
LM_14_VBO_20211129_CS,2021-11-29 00:00:00+00:00,2021,591.0,blob,22,11424.7,0.0,ok,-91.047696,33.892509
LM_01_GCB_20250714_CS_MB_3263_3258,2025-07-14 00:00:00+00:00,2025,326.0,blob,0,863.1,984.3,ok,-91.618462,31.219934
LM_01_GCB_20250714_CS_MB_3268_3263,2025-07-14 00:00:00+00:00,2025,327.0,blob,0,150.5,1345.1,ok,-91.627558,31.223922
LM_01_GCB_20250714_CS_MB_3268_3263,2025-07-14 00:00:00+00:00,2025,327.0,blob,1,468.7,557.7,ok,-91.626602,31.223671
LM_01_GCB_20250714_CS_MB_3268_3263,2025-07-14 00:00:00+00:00,2025,327.0,blob,2,786.5,2427.8,ok,-91.625645,31.223454
LM_01_GCB_20250714_CS_MB_3268_3263,2025-07-14 00:00:00+00:00,2025,327.0,blob,3,1087.0,1246.7,ok,-91.624685,31.223479
LM_01_GCB_20250714_CS_MB_3268_3263,2025-07-14 00:00:00+00:00,2025,327.0,blob,4,1723.7,2132.5,ok,-91.623743,31.222231
LM_01_GCB_20250714_CS_MB_3273_3268,2025-07-14 00:00:00+00:00,2025,327.0,blob,0,221.1,1837.3,ok,-91.630808,31.224943
LM_01_GCB_20250715_CS_MB_3283_3278,2025-07-15 00:00:00+00:00,2025,328.0,blob,0,150.5,787.4,ok,-91.643626,31.232231
LM_01_GCB_20250715_CS_MB_3283_3278,2025-07-15 00:00:00+00:00,2025,328.0,blob,1,513.2,853.0,ok,-91.644134,31.233061
LM_01_GCB_20250715_CS_MB_3283_3278,2025-07-15 00:00:00+00:00,2025,328.0,blob,2,1049.6,1542.0,ok,-91.645522,31.233901
LM_01_GCB_20250715_CS_MB_3283_3278,2025-07-15 00:00:00+00:00,2025,328.0,blob,3,1536.4,689.0,ok,-91.64663,31.234738
LM_01_GCB_20250715_CS_MB_3283_3278,2025-07-15 00:00:00+00:00,2025,328.0,blob,4,1929.3,524.9,ok,-91.647378,31.23557
LM_01_GCB_20250715_CS_MB_3283_3278,2025-07-15 00:00:00+00:00,2025,328.0,blob,5,2333.5,524.9,ok,-91.648207,31.236404
LM_01_GCB_20250715_CS_MB_3283_3278,2025-07-15 00:00:00+00:00,2025,328.0,blob,6,2674.9,229.7,ok,-91.648235,31.237229
LM_01_GCB_20250715_CS_MB_3283_3278,2025-07-15 00:00:00+00:00,2025,328.0,blob,7,3016.2,524.9,ok,-91.647703,31.238049
LM_01_GCB_20250715_CS_MB_3283_3278,2025-07-15 00:00:00+00:00,2025,328.0,blob,8,3370.1,459.3,ok,-91.647091,31.238867
LM_01_GCB_20250715_CS_MB_3283_3278,2025-07-15 00:00:00+00:00,2025,328.0,blob,9,3730.7,0.0,ok,-91.64644,31.239685
LM_01_GCB_20250715_CS_MB_3283_3278,2025-07-15 00:00:00+00:00,2025,328.0,blob,10,4123.1,0.0,ok,-91.645628,31.240502
LM_01_GCB_20250715_CS_MB_3283_3278,2025-07-15 00:00:00+00:00,2025,328.0,blob,11,4547.4,0.0,ok,-91.644656,31.241316
LM_01_GCB_20250715_CS_MB_3283_3278,2025-07-15 00:00:00+00:00,2025,328.0,blob,12,4971.6,0.0,ok,-91.643684,31.242131
LM_01_GCB_20250715_CS_MB_3283_3278,2025-07-15 00:00:00+00:00,2025,328.0,blob,13,5351.5,0.0,ok,-91.642953,31.242948
LM_01_GCB_20250715_CS_MB_3283_3278,2025-07-15 00:00:00+00:00,2025,328.0,blob,14,5669.7,0.0,ok,-91.642741,31.243771
LM_01_GCB_20250715_CS_MB_3283_3278,2025-07-15 00:00:00+00:00,2025,328.0,blob,15,5982.7,0.0,ok,-91.642569,31.244594
LM_01_GCB_20250715_CS_MB_3288_3283,2025-07-15 00:00:00+00:00,2025,329.0,blob,0,167.7,1148.3,ok,-91.649749,31.237719
LM_01_GCB_20250715_CS_MB_3288_3283,2025-07-15 00:00:00+00:00,2025,329.0,blob,1,547.5,951.4,ok,-91.649977,31.238546
LM_01_GCB_20250715_CS_MB_3288_3283,2025-07-15 00:00:00+00:00,2025,329.0,blob,2,947.2,689.0,ok,-91.650805,31.23938
LM_01_GCB_20250715_CS_MB_3288_3283,2025-07-15 00:00:00+00:00,2025,329.0,blob,3,1322.2,1410.8,ok,-91.651513,31.240212
LM_01_GCB_20250715_CS_MB_3288_3283,2025-07-15 00:00:00+00:00,2025,329.0,blob,4,1697.2,689.0,ok,-91.652222,31.241045
LM_01_GCB_20250715_CS_MB_3288_3283,2025-07-15 00:00:00+00:00,2025,329.0,blob,5,2072.2,459.3,ok,-91.65293,31.241877
LM_01_GCB_20250716_CS_MB_3293_3288,2025-07-16 00:00:00+00:00,2025,329.0,blob,0,313.2,524.9,ok,-91.653827,31.244543
LM_01_GCB_20250716_CS_MB_3293_3288,2025-07-16 00:00:00+00:00,2025,329.0,blob,1,939.7,1673.2,check,-91.652845,31.246045
LM_01_GCB_20250716_CS_MB_3293_3288,2025-07-16 00:00:00+00:00,2025,329.0,blob,2,1599.6,0.0,ok,-91.651862,31.247651
LM_01_GCB_20250716_CS_MB_3293_3288,2025-07-16 00:00:00+00:00,2025,329.0,blob,3,2149.8,0.0,ok,-91.650884,31.248878
LM_01_GCB_20250716_CS_MB_3293_3288,2025-07-16 00:00:00+00:00,2025,329.0,blob,4,2548.5,0.0,ok,-91.649914,31.249589
LM_01_GCB_20250716_CS_MB_3293_3288,2025-07-16 00:00:00+00:00,2025,329.0,blob,5,2924.0,0.0,ok,-91.648945,31.250198
LM_01_GCB_20250716_CS_MB_3293_3288,2025-07-16 00:00:00+00:00,2025,329.0,blob,6,3258.9,0.0,ok,-91.64798,31.250566
LM_01_GCB_20250716_CS_MB_3293_3288,2025-07-16 00:00:00+00:00,2025,329.0,blob,7,3705.1,0.0,ok,-91.647008,31.251346
LM_01_GCB_20250716_CS_MB_3293_3288,2025-07-16 00:00:00+00:00,2025,329.0,blob,8,4148.7,0.0,ok,-91.646038,31.252092
LM_01_GCB_20250716_CS_MB_3293_3288,2025-07-16 00:00:00+00:00,2025,329.0,blob,9,4455.4,0.0,ok,-91.645075,31.252254
LM_01_GCB_20250717_CS_MB_3298_3293,2025-07-17 00:00:00+00:00,2025,330.0,blob,0,240.1,360.9,ok,-91.656425,31.256319
LM_01_GCB_20250717_CS_MB_3298_3293,2025-07-17 00:00:00+00:00,2025,330.0,blob,1,730.2,1181.1,check,-91.65545,31.257375
LM_01_GCB_20250717_CS_MB_3298_3293,2025-07-17 00:00:00+00:00,2025,330.0,blob,2,1134.9,295.3,ok,-91.654483,31.257811
LM_01_GCB_20250717_CS_MB_3298_3293,2025-07-17 00:00:00+00:00,2025,330.0,blob,3,1441.5,590.6,ok,-91.653525,31.257629
LM_01_GCB_20250717_CS_MB_3298_3293,2025-07-17 00:00:00+00:00,2025,330.0,blob,4,1748.2,0.0,ok,-91.652568,31.257448
LM_01_GCB_20250717_CS_MB_3298_3293,2025-07-17 00:00:00+00:00,2025,330.0,blob,5,2053.4,0.0,ok,-91.651609,31.2573
LM_01_GCB_20250717_CS_MB_3298_3293,2025-07-17 00:00:00+00:00,2025,330.0,blob,6,2355.9,0.0,ok,-91.650651,31.257187
LM_01_GCB_20250717_CS_MB_3298_3293,2025-07-17 00:00:00+00:00,2025,330.0,blob,7,2662.6,0.0,ok,-91.649693,31.257005
LM_01_GCB_20250717_CS_MB_3298_3293,2025-07-17 00:00:00+00:00,2025,330.0,blob,8,2969.3,0.0,ok,-91.648735,31.256823
LM_01_GCB_20250717_CS_MB_3298_3293,2025-07-17 00:00:00+00:00,2025,330.0,blob,9,3273.5,0.0,ok,-91.647777,31.256675
LM_01_GCB_20250717_CS_MB_3298_3293,2025-07-17 00:00:00+00:00,2025,330.0,blob,10,3580.1,0.0,ok,-91.64682,31.256494
LM_01_GCB_20250717_CS_MB_3298_3293,2025-07-17 00:00:00+00:00,2025,330.0,blob,11,3892.9,0.0,ok,-91.645863,31.256243
LM_01_GCB_20250717_CS_MB_3298_3293,2025-07-17 00:00:00+00:00,2025,330.0,blob,12,4201.0,0.0,ok,-91.644905,31.256095
LM_01_GCB_20250717_CS_MB_3298_3293,2025-07-17 00:00:00+00:00,2025,330.0,blob,13,4531.3,0.0,ok,-91.643948,31.25581
LM_01_GCB_20250717_CS_MB_3298_3293,2025-07-17 00:00:00+00:00,2025,330.0,blob,14,4869.7,0.0,ok,-91.64299,31.255663
LM_01_GCB_20250717_CS_MB_3298_3293,2025-07-17 00:00:00+00:00,2025,330.0,blob,15,5182.4,0.0,ok,-91.64203,31.255687
LM_26_HIK_20250818_CS_920_921_SORT_ELEVATION,2025-08-18 00:00:00+00:00,2025,921.0,blob,0,152.1,1082.7,ok,-89.239527,36.5646
LM_26_HIK_20250818_CS_920_921_SORT_ELEVATION,2025-08-18 00:00:00+00:00,2025,921.0,blob,1,466.6,1607.6,ok,-89.238512,36.564465
LM_26_HIK_20250818_CS_920_921_SORT_ELEVATION,2025-08-18 00:00:00+00:00,2025,921.0,blob,2,783.8,1181.1,ok,-89.237496,36.564364
LM_26_HIK_20250818_CS_920_921_SORT_ELEVATION,2025-08-18 00:00:00+00:00,2025,921.0,blob,3,1088.4,1246.7,ok,-89.236471,36.564435
LM_26_HIK_20250818_CS_920_921_SORT_ELEVATION,2025-08-18 00:00:00+00:00,2025,921.0,blob,4,1393.0,1476.4,ok,-89.235456,36.5643
LM_26_HIK_20250818_CS_920_921_SORT_ELEVATION,2025-08-18 00:00:00+00:00,2025,921.0,blob,5,1698.1,1378.0,ok,-89.23444,36.564199
LM_26_HIK_20250818_CS_920_921_SORT_ELEVATION,2025-08-18 00:00:00+00:00,2025,921.0,blob,6,2003.3,1509.2,ok,-89.233414,36.564304
LM_26_HIK_20250818_CS_920_921_SORT_ELEVATION,2025-08-18 00:00:00+00:00,2025,921.0,blob,7,2504.5,2263.8,ok,-89.232347,36.565231
LM_26_HIK_20250818_CS_920_921_SORT_ELEVATION,2025-08-18 00:00:00+00:00,2025,921.0,blob,8,3009.3,1443.6,ok,-89.231279,36.566193
LM_26_HIK_20250818_CS_920_921_SORT_ELEVATION,2025-08-18 00:00:00+00:00,2025,921.0,blob,9,3427.5,1902.9,ok,-89.230225,36.56688
LM_26_HIK_20250818_CS_920_921_SORT_ELEVATION,2025-08-18 00:00:00+00:00,2025,921.0,blob,10,3839.7,1640.4,ok,-89.22918,36.567362
LM_26_HIK_20250818_CS_920_921_SORT_ELEVATION,2025-08-18 00:00:00+00:00,2025,921.0,blob,11,4154.2,1706.0,ok,-89.228172,36.56709
LM_18_FRI_20220303_CS_679_WAL_SORT,2022-03-03 00:00:00+00:00,2022,679.0,blob,0,158.1,885.8,ok,-90.57015,34.720161
LM_18_FRI_20220303_CS_679_WAL_SORT,2022-03-03 00:00:00+00:00,2022,679.0,blob,1,528.4,984.3,ok,-90.569461,34.720972
LM_18_FRI_20220303_CS_679_WAL_SORT,2022-03-03 00:00:00+00:00,2022,679.0,blob,2,895.1,885.8,ok,-90.568813,34.721783
LM_18_FRI_20220303_CS_679_WAL_SORT,2022-03-03 00:00:00+00:00,2022,679.0,blob,3,1199.7,918.6,ok,-90.568664,34.722605
LM_18_FRI_20220303_CS_679_WAL_SORT,2022-03-03 00:00:00+00:00,2022,679.0,blob,4,1499.7,918.6,ok,-90.56864,34.723429
LM_18_FRI_20220303_CS_679_WAL_SORT,2022-03-03 00:00:00+00:00,2022,679.0,blob,5,1799.7,951.4,ok,-90.568616,34.724252
LM_18_FRI_20220303_CS_679_WAL_SORT,2022-03-03 00:00:00+00:00,2022,679.0,blob,6,2101.8,951.4,ok,-90.568675,34.725078
LM_18_FRI_20220303_CS_679_WAL_SORT,2022-03-03 00:00:00+00:00,2022,679.0,blob,7,2405.9,951.4,ok,-90.568651,34.725902
LM_18_FRI_20220303_CS_679_WAL_SORT,2022-03-03 00:00:00+00:00,2022,679.0,blob,8,2708.0,885.8,ok,-90.568544,34.726724
LM_18_FRI_20220303_CS_679_WAL_SORT,2022-03-03 00:00:00+00:00,2022,679.0,blob,9,3008.0,820.2,ok,-90.56852,34.727548
LM_15_CVB_20220325_CS_MB_5987_5938,2022-03-25 00:00:00+00:00,2022,596.0,blob,0,162.5,1771.7,ok,-91.070894,33.95207
LM_15_CVB_20220325_CS_MB_5987_5938,2022-03-25 00:00:00+00:00,2022,596.0,blob,1,575.0,2099.7,ok,-91.069921,33.951333
LM_15_CVB_20220325_CS_MB_5987_5938,2022-03-25 00:00:00+00:00,2022,596.0,blob,2,977.1,1968.5,ok,-91.068943,33.950837
LM_15_CVB_20220325_CS_MB_5987_5938,2022-03-25 00:00:00+00:00,2022,596.0,blob,3,1291.6,1870.1,ok,-91.067956,33.950718
LM_15_CVB_20220325_CS_MB_5987_5938,2022-03-25 00:00:00+00:00,2022,596.0,blob,4,1608.8,1738.8,ok,-91.066973,33.950428
LM_15_CVB_20220325_CS_MB_5987_5938,2022-03-25 00:00:00+00:00,2022,596.0,blob,5,1937.0,1870.1,ok,-91.065992,33.950069
LM_15_CVB_20220325_CS_MB_5987_5938,2022-03-25 00:00:00+00:00,2022,596.0,blob,6,2262.8,1935.7,ok,-91.065007,33.949882
LM_15_CVB_20220325_CS_MB_5987_5938,2022-03-25 00:00:00+00:00,2022,596.0,blob,7,2582.5,1935.7,ok,-91.064021,33.949729
LM_15_CVB_20220325_CS_MB_5987_5938,2022-03-25 00:00:00+00:00,2022,596.0,blob,8,2971.4,1870.1,ok,-91.063047,33.949061
LM_15_CVB_20220325_CS_MB_5987_5938,2022-03-25 00:00:00+00:00,2022,596.0,blob,9,3355.0,2165.4,ok,-91.062064,33.94877
LM_15_CVB_20220325_CS_MB_5987_5938,2022-03-25 00:00:00+00:00,2022,596.0,blob,10,3667.5,2198.2,ok,-91.061071,33.948927
LM_15_CVB_20220325_CS_MB_5987_5938,2022-03-25 00:00:00+00:00,2022,596.0,blob,11,3967.5,2263.8,ok,-91.060082,33.948911
LM_15_CVB_20220325_CS_MB_5987_5938,2022-03-25 00:00:00+00:00,2022,596.0,blob,12,4267.5,2296.6,ok,-91.059093,33.948895
LM_15_CVB_20220325_CS_MB_5987_5938,2022-03-25 00:00:00+00:00,2022,596.0,blob,13,4585.2,2263.8,ok,-91.058109,33.948674
LM_15_CVB_20220325_CS_MB_5987_5938,2022-03-25 00:00:00+00:00,2022,596.0,blob,14,4911.0,2066.9,ok,-91.057127,33.948315
LM_15_CVB_20220325_CS_MB_5987_5938,2022-03-25 00:00:00+00:00,2022,596.0,blob,15,5231.7,2001.3,ok,-91.056145,33.94799
LM_15_CVB_20220325_CS_MB_5987_5938,2022-03-25 00:00:00+00:00,2022,596.0,blob,16,5574.4,1902.9,ok,-91.055167,33.947528
LM_15_CVB_20220325_CS_MB_5987_5938,2022-03-25 00:00:00+00:00,2022,596.0,blob,17,5909.3,1804.5,ok,-91.054186,33.947135
LM_15_CVB_20220325_CS_MB_5987_5938,2022-03-25 00:00:00+00:00,2022,596.0,blob,18,6214.0,1837.3,ok,-91.0532,33.947016
LM_15_CVB_20220325_CS_MB_5987_5938,2022-03-25 00:00:00+00:00,2022,596.0,blob,19,6514.0,2001.3,ok,-91.052211,33.947
LM_15_CVB_20220325_CS_MB_5987_5938,2022-03-25 00:00:00+00:00,2022,596.0,blob,20,6859.2,1968.5,ok,-91.051229,33.946641
LM_15_CVB_20220325_CS_MB_5987_5938,2022-03-25 00:00:00+00:00,2022,596.0,blob,21,7209.1,1804.5,ok,-91.050251,33.946179
LM_15_CVB_20220325_CS_MB_5987_5938,2022-03-25 00:00:00+00:00,2022,596.0,blob,22,7518.3,1771.7,ok,-91.049266,33.945957
LM_15_CVB_20220325_CS_MB_5987_5938,2022-03-25 00:00:00+00:00,2022,596.0,blob,23,7835.4,1837.3,ok,-91.048284,33.945667
LM_15_CVB_20220325_CS_MB_5987_5938,2022-03-25 00:00:00+00:00,2022,596.0,blob,24,8152.5,2099.7,ok,-91.047296,33.945582
LM_15_CVB_20220325_CS_MB_5987_5938,2022-03-25 00:00:00+00:00,2022,596.0,blob,25,8459.2,2198.2,ok,-91.046303,33.945738
LM_15_CVB_20220325_CS_MB_5987_5938,2022-03-25 00:00:00+00:00,2022,596.0,blob,26,8763.4,2198.2,ok,-91.045314,33.945723
LM_15_CVB_20220325_CS_MB_5987_5938,2022-03-25 00:00:00+00:00,2022,596.0,blob,27,9089.1,2066.9,ok,-91.044333,33.945398
LM_15_CVB_20220325_CS_MB_5987_5938,2022-03-25 00:00:00+00:00,2022,596.0,blob,28,9413.3,2099.7,ok,-91.04335,33.945108
LM_15_CVB_20220325_CS_MB_5987_5938,2022-03-25 00:00:00+00:00,2022,596.0,blob,29,9714.3,1935.7,ok,-91.042361,33.945092
LM_15_CVB_20220325_CS_MB_5987_5938,2022-03-25 00:00:00+00:00,2022,596.0,blob,30,10027.3,2165.4,ok,-91.041367,33.945282
LM_15_CVB_20220325_CS_MB_5987_5938,2022-03-25 00:00:00+00:00,2022,596.0,blob,31,10344.4,2066.9,ok,-91.040372,33.945541
LM_15_CVB_20220325_CS_MB_5987_5938,2022-03-25 00:00:00+00:00,2022,596.0,blob,32,10649.6,1902.9,ok,-91.03938,33.945663
LM_15_CVB_20220325_CS_MB_5987_5938,2022-03-25 00:00:00+00:00,2022,596.0,blob,33,10973.8,2132.5,ok,-91.038396,33.945441
LM_15_CVB_20220325_CS_MB_5987_5938,2022-03-25 00:00:00+00:00,2022,596.0,blob,34,11482.8,2296.6,ok,-91.037431,33.944361
LM_15_CVB_20220325_CS_MB_5987_5938,2022-03-25 00:00:00+00:00,2022,596.0,blob,35,11968.2,1837.3,ok,-91.036461,33.943521
LM_15_CVB_20220325_CS_MB_5987_5938,2022-03-25 00:00:00+00:00,2022,596.0,blob,36,12272.9,2001.3,ok,-91.03547,33.943608
LM_15_CVB_20220325_CS_MB_5987_5938,2022-03-25 00:00:00+00:00,2022,596.0,blob,37,12579.5,2066.9,ok,-91.034477,33.943764
LM_15_CVB_20220325_CS_MB_5987_5938,2022-03-25 00:00:00+00:00,2022,596.0,blob,38,12882.1,2034.1,ok,-91.033486,33.943851
LM_15_CVB_20220325_CS_MB_5987_5938,2022-03-25 00:00:00+00:00,2022,596.0,blob,39,13187.3,2165.4,ok,-91.032494,33.943973
LM_15_CVB_20220325_CS_MB_5987_5938,2022-03-25 00:00:00+00:00,2022,596.0,blob,40,13493.9,2066.9,ok,-91.031501,33.944128
LM_15_CVB_20220325_CS_MB_5987_5938,2022-03-25 00:00:00+00:00,2022,596.0,blob,41,13796.0,2001.3,ok,-91.03051,33.944181
LM_15_CVB_20220325_CS_MB_5987_5938,2022-03-25 00:00:00+00:00,2022,596.0,blob,42,14100.6,2296.6,ok,-91.029519,33.944268
LM_15_CVB_20220325_CS_MB_5987_5938,2022-03-25 00:00:00+00:00,2022,596.0,blob,43,14409.9,2231.0,ok,-91.028525,33.944459
LM_15_CVB_20220325_CS_MB_5987_5938,2022-03-25 00:00:00+00:00,2022,596.0,blob,44,14719.1,2263.8,ok,-91.027531,33.944649
LM_15_CVB_20220325_CS_MB_5987_5938,2022-03-25 00:00:00+00:00,2022,596.0,blob,45,15025.8,2066.9,ok,-91.026539,33.944805
LM_15_CVB_20220325_CS_MB_5987_5938,2022-03-25 00:00:00+00:00,2022,596.0,blob,46,15351.5,1968.5,ok,-91.025554,33.944617
LM_15_CVB_20220325_CS_MB_5987_5938,2022-03-25 00:00:00+00:00,2022,596.0,blob,47,15679.8,2001.3,ok,-91.024573,33.944258
LM_15_CVB_20220325_CS_MB_5987_5938,2022-03-25 00:00:00+00:00,2022,596.0,blob,48,16046.5,1935.7,ok,-91.023596,33.943727
LM_15_CVB_20220325_CS_MB_5987_5938,2022-03-25 00:00:00+00:00,2022,596.0,blob,49,16410.7,1804.5,ok,-91.022618,33.94323
LM_15_CVB_20220325_CS_MB_5987_5938,2022-03-25 00:00:00+00:00,2022,596.0,blob,50,16717.4,1771.7,ok,-91.021633,33.943043
LM_15_CVB_20220325_CS_MB_5987_5938,2022-03-25 00:00:00+00:00,2022,596.0,blob,51,17024.1,1640.4,ok,-91.020648,33.942855
LM_15_CVB_20220325_CS_MB_5987_5938,2022-03-25 00:00:00+00:00,2022,596.0,blob,52,17379.7,1837.3,ok,-91.019669,33.942393
LM_15_CVB_20220325_CS_MB_5987_5938,2022-03-25 00:00:00+00:00,2022,596.0,blob,53,17745.6,1345.1,ok,-91.018693,33.941827
LM_15_CVB_20220325_CS_MB_5987_5938,2022-03-25 00:00:00+00:00,2022,596.0,blob,54,18062.8,1378.0,ok,-91.017711,33.941537
LM_15_CVB_20220325_CS_MB_5987_5938,2022-03-25 00:00:00+00:00,2022,596.0,blob,55,18369.4,1345.1,ok,-91.016726,33.941349
LM_15_CVB_20220325_CS_MB_5987_5938,2022-03-25 00:00:00+00:00,2022,596.0,blob,56,18701.8,1345.1,ok,-91.015745,33.94099
LM_15_CVB_20220325_CS_MB_5987_5938,2022-03-25 00:00:00+00:00,2022,596.0,blob,57,19142.2,1312.3,ok,-91.014776,33.940115
LM_15_CVB_20220325_CS_MB_5987_5938,2022-03-25 00:00:00+00:00,2022,596.0,blob,58,19642.4,951.4,ok,-91.013812,33.939
LM_15_CVB_20220325_CS_MB_5987_5938,2022-03-25 00:00:00+00:00,2022,596.0,blob,59,20122.6,853.0,ok,-91.012848,33.937954
LM_15_CVB_20220325_CS_MB_5987_5938,2022-03-25 00:00:00+00:00,2022,596.0,blob,60,20654.3,787.4,ok,-91.011887,33.936736
LM_15_CVB_20220325_CS_MB_5987_5938,2022-03-25 00:00:00+00:00,2022,596.0,blob,61,21281.3,689.0,ok,-91.010933,33.935209
LM_15_CVB_20220325_CS_MB_5987_5938,2022-03-25 00:00:00+00:00,2022,596.0,blob,62,23161.5,557.7,ok,-91.010062,33.930145
LM_15_CVB_20220325_CS_MB_5987_5938,2022-03-25 00:00:00+00:00,2022,596.0,blob,63,25144.3,853.0,waypoint,-91.010496,33.924928
LM_15_CVB_20220325_CS_MB_5987_5938,2022-03-25 00:00:00+00:00,2022,596.0,blob,64,25834.2,853.0,waypoint,-91.011857,33.923411
LM_15_CVB_20220325_CS_MB_5987_5938,2022-03-25 00:00:00+00:00,2022,596.0,blob,65,26352.4,885.8,waypoint,-91.012944,33.922313
LM_15_CVB_20220325_CS_MB_5987_5938,2022-03-25 00:00:00+00:00,2022,596.0,blob,66,26997.5,853.0,waypoint,-91.014418,33.921041
LM_15_CVB_20220325_CS_MB_5987_5938,2022-03-25 00:00:00+00:00,2022,596.0,blob,67,27546.0,853.0,waypoint,-91.015744,33.920017
LM_15_CVB_20220325_CS_MB_5987_5938,2022-03-25 00:00:00+00:00,2022,596.0,blob,68,27967.5,951.4,waypoint,-91.016694,33.919173
LM_15_CVB_20220325_CS_MB_5987_5938,2022-03-25 00:00:00+00:00,2022,596.0,blob,69,28438.3,1312.3,waypoint,-91.017874,33.91837
LM_15_CVB_20220325_CS_MB_5987_5938,2022-03-25 00:00:00+00:00,2022,596.0,blob,70,28842.1,1410.8,waypoint,-91.018766,33.91763
LM_15_CVB_20220325_CS_MB_5987_5938,2022-03-25 00:00:00+00:00,2022,596.0,blob,71,29418.1,1378.0,waypoint,-91.019777,33.916298
LM_15_CVB_20220325_CS_MB_5987_5938,2022-03-25 00:00:00+00:00,2022,596.0,blob,72,30043.2,1574.8,waypoint,-91.020738,33.914809
LM_15_CVB_20220325_CS_MB_5987_5938,2022-03-25 00:00:00+00:00,2022,596.0,blob,73,30596.9,2001.3,waypoint,-91.020964,33.91331
LM_15_CVB_20220325_CS_MB_5987_5938,2022-03-25 00:00:00+00:00,2022,596.0,blob,74,31211.1,1771.7,waypoint,-91.021421,33.911707
LM_08_MVF_20220404_CS_MB_4950_4800,2022-04-04 00:00:00+00:00,2022,489.0,blob,0,224.6,1902.9,waypoint,-91.09982,32.735414
LM_08_MVF_20220404_CS_MB_4950_4800,2022-04-04 00:00:00+00:00,2022,489.0,blob,1,942.3,1968.5,waypoint,-91.10211,32.73507
LM_08_MVF_20220404_CS_MB_4950_4800,2022-04-04 00:00:00+00:00,2022,489.0,blob,2,2201.8,2034.1,waypoint,-91.10612,32.7344
LM_08_MVF_20220404_CS_MB_4950_4800,2022-04-04 00:00:00+00:00,2022,489.0,blob,3,3637.4,1804.5,waypoint,-91.11071,32.734007
LM_08_MVF_20220404_CS_MB_4950_4800,2022-04-04 00:00:00+00:00,2022,489.0,blob,4,5041.6,1607.6,waypoint,-91.114888,32.733026
LM_08_MVF_20220404_CS_MB_4950_4800,2022-04-04 00:00:00+00:00,2022,489.0,blob,5,6364.5,1410.8,waypoint,-91.118778,32.731655
LM_08_MVF_20220404_CS_MB_4950_4800,2022-04-04 00:00:00+00:00,2022,489.0,blob,6,7604.0,1279.5,waypoint,-91.122715,32.730936
LM_08_MVF_20220404_CS_MB_4950_4800,2022-04-04 00:00:00+00:00,2022,489.0,blob,7,8726.7,1148.3,waypoint,-91.126295,32.730399
LM_08_MVF_20220404_CS_MB_4950_4800,2022-04-04 00:00:00+00:00,2022,489.0,blob,8,9571.1,1082.7,waypoint,-91.129033,32.730223
LM_08_MVF_20220404_CS_MB_4950_4800,2022-04-04 00:00:00+00:00,2022,489.0,blob,9,10684.6,1017.1,waypoint,-91.13265,32.730125
LM_08_MVF_20220404_CS_MB_4950_4800,2022-04-04 00:00:00+00:00,2022,489.0,blob,10,12296.6,1148.3,waypoint,-91.137761,32.730827
LM_08_MVF_20220404_CS_MB_4950_4800,2022-04-04 00:00:00+00:00,2022,489.0,blob,11,13742.4,1213.9,waypoint,-91.142195,32.732138
LM_08_MVF_20220404_CS_MB_4950_4800,2022-04-04 00:00:00+00:00,2022,489.0,blob,12,14952.8,1049.9,waypoint,-91.145366,32.733987
LM_08_MVF_20220404_CS_MB_4950_4800,2022-04-04 00:00:00+00:00,2022,489.0,blob,13,16557.3,1181.1,waypoint,-91.149367,32.736792
LM_08_MVF_20220404_CS_MB_4950_4800,2022-04-04 00:00:00+00:00,2022,489.0,blob,14,18113.5,885.8,waypoint,-91.152412,32.739905
LM_08_MVF_20220404_CS_MB_4950_4800,2022-04-04 00:00:00+00:00,2022,489.0,blob,15,19585.5,1049.9,waypoint,-91.153991,32.743715
LM_08_MVF_20220404_CS_MB_4950_4800,2022-04-04 00:00:00+00:00,2022,489.0,blob,16,21144.8,1082.7,waypoint,-91.155728,32.747737
LM_08_MVF_20220404_CS_MB_4950_4800,2022-04-04 00:00:00+00:00,2022,489.0,blob,17,22548.3,1312.3,waypoint,-91.157233,32.751376
LM_08_MVF_20220404_CS_MB_4950_4800,2022-04-04 00:00:00+00:00,2022,489.0,blob,18,23919.0,1509.2,waypoint,-91.157787,32.754986
LM_08_MVF_20220404_CS_MB_4950_4800,2022-04-04 00:00:00+00:00,2022,489.0,blob,19,25242.4,2034.1,waypoint,-91.158096,32.75853
LM_08_MVF_20220404_CS_MB_4950_4800,2022-04-04 00:00:00+00:00,2022,489.0,blob,20,26536.0,3051.2,waypoint,-91.157146,32.761367
LM_08_MVF_20220404_CS_MB_4950_4800,2022-04-04 00:00:00+00:00,2022,489.0,blob,21,27784.1,2001.3,waypoint,-91.155626,32.764153
LM_08_MVF_20220404_CS_MB_4950_4800,2022-04-04 00:00:00+00:00,2022,489.0,blob,22,29142.0,1968.5,waypoint,-91.155482,32.767878
LM_08_MVF_20220404_CS_MB_4950_4800,2022-04-04 00:00:00+00:00,2022,489.0,blob,23,30644.5,1542.0,waypoint,-91.155032,32.77199
LM_08_MVF_20220404_CS_MB_4950_4800,2022-04-04 00:00:00+00:00,2022,489.0,blob,24,31835.2,1345.1,waypoint,-91.154687,32.775249
LM_08_MVF_20220404_CS_MB_4950_4800,2022-04-04 00:00:00+00:00,2022,489.0,blob,25,34849.7,1115.5,waypoint,-91.154902,32.783527
LM_08_MVF_20220404_CS_MB_4950_4800,2022-04-04 00:00:00+00:00,2022,489.0,blob,26,40494.6,1804.5,waypoint,-91.154621,32.799023
LM_08_MVF_20220404_CS_MB_4950_4800,2022-04-04 00:00:00+00:00,2022,489.0,blob,27,44447.3,1246.7,waypoint,-91.153427,32.809819
LM_08_MVF_20220404_CS_MB_4950_4800,2022-04-04 00:00:00+00:00,2022,489.0,blob,28,46157.4,1082.7,waypoint,-91.152501,32.814449
LM_08_MVF_20220404_CS_MB_4950_4800,2022-04-04 00:00:00+00:00,2022,489.0,blob,29,47939.3,1148.3,waypoint,-91.151422,32.819252
LM_08_MVF_20220404_CS_MB_4950_4800,2022-04-04 00:00:00+00:00,2022,489.0,blob,30,49810.7,1049.9,waypoint,-91.149734,32.82419
LM_08_MVF_20220404_CS_MB_4950_4800,2022-04-04 00:00:00+00:00,2022,489.0,blob,31,51490.1,1279.5,waypoint,-91.147461,32.828355
LM_08_MVF_20220404_CS_MB_4950_4800,2022-04-04 00:00:00+00:00,2022,489.0,blob,32,53906.1,2066.9,waypoint,-91.143149,32.833907
LM_08_MVF_20220404_CS_MB_4950_4800,2022-04-04 00:00:00+00:00,2022,489.0,blob,33,56455.9,1804.5,waypoint,-91.137899,32.839259
LM_08_MVF_20220404_CS_MB_4950_4800,2022-04-04 00:00:00+00:00,2022,489.0,blob,34,57922.3,1607.6,waypoint,-91.134219,32.841825
LM_08_MVF_20220404_CS_MB_4950_4800,2022-04-04 00:00:00+00:00,2022,489.0,blob,35,59263.9,1509.2,waypoint,-91.131239,32.844482
LM_08_MVF_20220404_CS_MB_4950_4800,2022-04-04 00:00:00+00:00,2022,489.0,blob,36,60897.9,1443.6,waypoint,-91.127745,32.847858
LM_08_MVF_20220404_CS_MB_4950_4800,2022-04-04 00:00:00+00:00,2022,489.0,blob,37,62525.3,1443.6,waypoint,-91.124127,32.851124
LM_08_MVF_20220404_CS_MB_4950_4800,2022-04-04 00:00:00+00:00,2022,489.0,blob,38,64092.8,1410.8,waypoint,-91.120606,32.854238
LM_08_MVF_20220404_CS_MB_4950_4800,2022-04-04 00:00:00+00:00,2022,489.0,blob,39,66294.1,1509.2,waypoint,-91.115596,32.858564
LM_08_MVF_20220404_CS_MB_4950_4800,2022-04-04 00:00:00+00:00,2022,489.0,blob,40,68622.2,2427.8,waypoint,-91.109466,32.861288
LM_08_MVF_20220404_CS_MB_4950_4800,2022-04-04 00:00:00+00:00,2022,489.0,blob,41,70110.0,0.0,waypoint,-91.104756,32.861757
LM_08_MVF_20220404_CS_MB_4950_4800,2022-04-04 00:00:00+00:00,2022,489.0,blob,42,71292.5,1082.7,waypoint,-91.101192,32.862988
LM_08_MVF_20220404_CS_MB_4950_4800,2022-04-04 00:00:00+00:00,2022,489.0,blob,43,72489.7,1082.7,waypoint,-91.098016,32.864794
LM_08_MVF_20220404_CS_MB_4950_4800,2022-04-04 00:00:00+00:00,2022,489.0,blob,44,73805.4,1181.1,waypoint,-91.094747,32.867116
LM_08_MVF_20220404_CS_MB_4950_4800,2022-04-04 00:00:00+00:00,2022,489.0,blob,45,75103.3,1246.7,waypoint,-91.091395,32.869287
LM_08_MVF_20220404_CS_MB_4950_4800,2022-04-04 00:00:00+00:00,2022,489.0,blob,46,76405.9,1509.2,waypoint,-91.088445,32.871834
LM_08_MVF_20220404_CS_MB_4950_4800,2022-04-04 00:00:00+00:00,2022,489.0,blob,47,78276.7,2165.4,waypoint,-91.083633,32.874817
LM_08_MVF_20220404_CS_MB_4950_4800,2022-04-04 00:00:00+00:00,2022,489.0,blob,48,80210.6,1935.7,waypoint,-91.078946,32.878088
LM_08_MVF_20220404_CS_MB_4950_4800,2022-04-04 00:00:00+00:00,2022,489.0,blob,49,81552.4,2099.7,waypoint,-91.076094,32.880785
LM_08_MVF_20220404_CS_MB_4950_4800,2022-04-04 00:00:00+00:00,2022,489.0,blob,50,82444.7,1771.7,waypoint,-91.073868,32.882337
LM_19_MEMX_20220810_CS_733_739_SORT_LWRP_INTERP,2022-08-10 00:00:00+00:00,2022,736.0,blob,0,570.1,2034.1,ok,-90.08983,35.116144
LM_19_MEMX_20220810_CS_733_739_SORT_LWRP_INTERP,2022-08-10 00:00:00+00:00,2022,736.0,blob,1,1313.8,2066.9,ok,-90.087672,35.116917
LM_19_MEMX_20220810_CS_733_739_SORT_LWRP_INTERP,2022-08-10 00:00:00+00:00,2022,736.0,blob,2,1903.0,1968.5,ok,-90.086055,35.117702
LM_19_MEMX_20220810_CS_733_739_SORT_LWRP_INTERP,2022-08-10 00:00:00+00:00,2022,736.0,blob,3,2578.6,1837.3,ok,-90.084022,35.118477
LM_19_MEMX_20220810_CS_733_739_SORT_LWRP_INTERP,2022-08-10 00:00:00+00:00,2022,736.0,blob,4,3050.9,1804.5,ok,-90.082781,35.119271
LM_19_MEMX_20220810_CS_733_739_SORT_LWRP_INTERP,2022-08-10 00:00:00+00:00,2022,736.0,blob,5,3466.5,1771.7,ok,-90.081791,35.120072
LM_19_MEMX_20220810_CS_733_739_SORT_LWRP_INTERP,2022-08-10 00:00:00+00:00,2022,736.0,blob,6,3837.7,1837.3,ok,-90.081052,35.120878
LM_19_MEMX_20220810_CS_733_739_SORT_LWRP_INTERP,2022-08-10 00:00:00+00:00,2022,736.0,blob,7,4160.0,2329.4,ok,-90.080897,35.121698
LM_19_MEMX_20220810_CS_733_739_SORT_LWRP_INTERP,2022-08-10 00:00:00+00:00,2022,736.0,blob,8,4502.1,2132.5,ok,-90.080617,35.122516
LM_19_MEMX_20220810_CS_733_739_SORT_LWRP_INTERP,2022-08-10 00:00:00+00:00,2022,736.0,blob,9,4884.9,2066.9,ok,-90.079795,35.12332
LM_19_MEMX_20220810_CS_733_739_SORT_LWRP_INTERP,2022-08-10 00:00:00+00:00,2022,736.0,blob,10,5253.8,2099.7,ok,-90.079055,35.124127
LM_19_MEMX_20220810_CS_733_739_SORT_LWRP_INTERP,2022-08-10 00:00:00+00:00,2022,736.0,blob,11,5808.2,2099.7,ok,-90.077564,35.124915
LM_19_MEMX_20220810_CS_733_739_SORT_LWRP_INTERP,2022-08-10 00:00:00+00:00,2022,736.0,blob,12,6362.7,1870.1,ok,-90.076073,35.125703
LM_19_MEMX_20220810_CS_733_739_SORT_LWRP_INTERP,2022-08-10 00:00:00+00:00,2022,736.0,blob,13,6690.9,2001.3,ok,-90.075626,35.126516
LM_19_MEMX_20220810_CS_733_739_SORT_LWRP_INTERP,2022-08-10 00:00:00+00:00,2022,736.0,blob,14,7057.7,1902.9,ok,-90.07497,35.127325
LM_19_MEMX_20220810_CS_733_739_SORT_LWRP_INTERP,2022-08-10 00:00:00+00:00,2022,736.0,blob,15,7457.3,1870.1,ok,-90.074063,35.128127
LM_19_MEMX_20220810_CS_733_739_SORT_LWRP_INTERP,2022-08-10 00:00:00+00:00,2022,736.0,blob,16,7825.1,1837.3,ok,-90.073324,35.128933
LM_19_MEMX_20220810_CS_733_739_SORT_LWRP_INTERP,2022-08-10 00:00:00+00:00,2022,736.0,blob,17,8167.9,1935.7,ok,-90.072752,35.129744
LM_19_MEMX_20220810_CS_733_739_SORT_LWRP_INTERP,2022-08-10 00:00:00+00:00,2022,736.0,blob,18,8533.9,2099.7,ok,-90.072054,35.130551
LM_19_MEMX_20220810_CS_733_739_SORT_LWRP_INTERP,2022-08-10 00:00:00+00:00,2022,736.0,blob,19,8987.4,2066.9,ok,-90.070897,35.131347
LM_19_MEMX_20220810_CS_733_739_SORT_LWRP_INTERP,2022-08-10 00:00:00+00:00,2022,736.0,blob,20,9449.5,1837.3,ok,-90.069698,35.132142
LM_19_MEMX_20220810_CS_733_739_SORT_LWRP_INTERP,2022-08-10 00:00:00+00:00,2022,736.0,blob,21,9856.9,1837.3,ok,-90.068749,35.132943
LM_19_MEMX_20220810_CS_733_739_SORT_LWRP_INTERP,2022-08-10 00:00:00+00:00,2022,736.0,blob,22,10206.7,1935.7,ok,-90.068177,35.133754
LM_19_MEMX_20220810_CS_733_739_SORT_LWRP_INTERP,2022-08-10 00:00:00+00:00,2022,736.0,blob,23,10601.5,1870.1,ok,-90.067396,35.134559
LM_19_MEMX_20220810_CS_733_739_SORT_LWRP_INTERP,2022-08-10 00:00:00+00:00,2022,736.0,blob,24,11015.3,1673.2,ok,-90.066447,35.13536
LM_19_MEMX_20220810_CS_733_739_SORT_LWRP_INTERP,2022-08-10 00:00:00+00:00,2022,736.0,blob,25,11343.5,1870.1,ok,-90.066,35.136174
LM_19_MEMX_20220810_CS_733_739_SORT_LWRP_INTERP,2022-08-10 00:00:00+00:00,2022,736.0,blob,26,11660.6,2460.6,ok,-90.066054,35.136999
LM_19_MEMX_20220810_CS_733_739_SORT_LWRP_INTERP,2022-08-10 00:00:00+00:00,2022,736.0,blob,27,11985.6,3116.8,ok,-90.066442,35.137833
LM_19_MEMX_20220810_CS_733_739_SORT_LWRP_INTERP,2022-08-10 00:00:00+00:00,2022,736.0,blob,28,12321.8,1640.4,ok,-90.066329,35.138654
LM_19_MEMX_20220810_CS_733_739_SORT_LWRP_INTERP,2022-08-10 00:00:00+00:00,2022,736.0,blob,29,12755.6,2460.6,ok,-90.065297,35.139453
LM_19_MEMX_20220810_CS_733_739_SORT_LWRP_INTERP,2022-08-10 00:00:00+00:00,2022,736.0,blob,30,13275.8,2329.4,ok,-90.063847,35.140242
LM_19_MEMX_20220810_CS_733_739_SORT_LWRP_INTERP,2022-08-10 00:00:00+00:00,2022,736.0,blob,31,13716.2,2198.2,ok,-90.062773,35.14104
LM_19_MEMX_20220810_CS_733_739_SORT_LWRP_INTERP,2022-08-10 00:00:00+00:00,2022,736.0,blob,32,14046.4,2066.9,ok,-90.06241,35.141856
LM_19_MEMX_20220810_CS_733_739_SORT_LWRP_INTERP,2022-08-10 00:00:00+00:00,2022,736.0,blob,33,14408.6,2066.9,ok,-90.061879,35.142667
LM_19_MEMX_20220810_CS_733_739_SORT_LWRP_INTERP,2022-08-10 00:00:00+00:00,2022,736.0,blob,34,14783.2,1902.9,ok,-90.061557,35.143483
LM_19_MEMX_20220810_CS_733_739_SORT_LWRP_INTERP,2022-08-10 00:00:00+00:00,2022,736.0,blob,35,15100.3,1902.9,ok,-90.061611,35.144309
LM_19_MEMX_20220810_CS_733_739_SORT_LWRP_INTERP,2022-08-10 00:00:00+00:00,2022,736.0,blob,36,15407.0,1870.1,ok,-90.061539,35.145131
LM_19_MEMX_20220810_CS_733_739_SORT_LWRP_INTERP,2022-08-10 00:00:00+00:00,2022,736.0,blob,37,15711.1,1870.1,ok,-90.06151,35.145955
LM_19_MEMX_20220810_CS_733_739_SORT_LWRP_INTERP,2022-08-10 00:00:00+00:00,2022,736.0,blob,38,16013.7,1870.1,ok,-90.061438,35.146777
LM_19_MEMX_20220810_CS_733_739_SORT_LWRP_INTERP,2022-08-10 00:00:00+00:00,2022,736.0,blob,39,16314.8,1902.9,ok,-90.061409,35.147601
LM_19_MEMX_20220810_CS_733_739_SORT_LWRP_INTERP,2022-08-10 00:00:00+00:00,2022,736.0,blob,40,16619.9,1902.9,ok,-90.061212,35.14842
LM_19_MEMX_20220810_CS_733_739_SORT_LWRP_INTERP,2022-08-10 00:00:00+00:00,2022,736.0,blob,41,16925.0,1968.5,ok,-90.061099,35.149241
LM_19_MEMX_20220810_CS_733_739_SORT_LWRP_INTERP,2022-08-10 00:00:00+00:00,2022,736.0,blob,42,17225.6,2001.3,ok,-90.061111,35.150066
LM_19_MEMX_20220810_CS_733_739_SORT_LWRP_INTERP,2022-08-10 00:00:00+00:00,2022,736.0,blob,43,17527.6,2066.9,ok,-90.061165,35.150891
LM_19_MEMX_20220810_CS_733_739_SORT_LWRP_INTERP,2022-08-10 00:00:00+00:00,2022,736.0,blob,44,17883.2,2066.9,ok,-90.060759,35.151706
LM_19_MEMX_20220810_CS_733_739_SORT_LWRP_INTERP,2022-08-10 00:00:00+00:00,2022,736.0,blob,45,18236.7,1706.0,ok,-90.06027,35.152518
LM_19_MEMX_20220810_CS_733_739_SORT_LWRP_INTERP,2022-08-10 00:00:00+00:00,2022,736.0,blob,46,18538.7,1771.7,ok,-90.060157,35.153339
LM_19_MEMX_20220810_CS_733_739_SORT_LWRP_INTERP,2022-08-10 00:00:00+00:00,2022,736.0,blob,47,18845.4,1738.8,ok,-90.059918,35.154158
LM_19_MEMX_20220810_CS_733_739_SORT_LWRP_INTERP,2022-08-10 00:00:00+00:00,2022,736.0,blob,48,19167.8,2034.1,ok,-90.060014,35.154984
LM_19_MEMX_20220810_CS_733_739_SORT_LWRP_INTERP,2022-08-10 00:00:00+00:00,2022,736.0,blob,49,19523.0,2001.3,ok,-90.059859,35.155805
LM_19_MEMX_20220810_CS_733_739_SORT_LWRP_INTERP,2022-08-10 00:00:00+00:00,2022,736.0,blob,50,19862.5,1837.3,ok,-90.05937,35.156617
LM_19_MEMX_20220810_CS_733_739_SORT_LWRP_INTERP,2022-08-10 00:00:00+00:00,2022,736.0,blob,51,20165.1,1870.1,ok,-90.059215,35.157437
LM_19_MEMX_20220810_CS_733_739_SORT_LWRP_INTERP,2022-08-10 00:00:00+00:00,2022,736.0,blob,52,20470.3,1870.1,ok,-90.059269,35.158263
LM_19_MEMX_20220810_CS_733_739_SORT_LWRP_INTERP,2022-08-10 00:00:00+00:00,2022,736.0,blob,53,20779.5,2034.1,ok,-90.05949,35.159092
LM_19_MEMX_20220810_CS_733_739_SORT_LWRP_INTERP,2022-08-10 00:00:00+00:00,2022,736.0,blob,54,21096.6,2198.2,ok,-90.059794,35.159924
LM_19_MEMX_20220810_CS_733_739_SORT_LWRP_INTERP,2022-08-10 00:00:00+00:00,2022,736.0,blob,55,21509.1,2263.8,ok,-90.059305,35.160736
LM_19_MEMX_20220810_CS_733_739_SORT_LWRP_INTERP,2022-08-10 00:00:00+00:00,2022,736.0,blob,56,21911.2,1902.9,ok,-90.05869,35.161545
LM_19_MEMX_20220810_CS_733_739_SORT_LWRP_INTERP,2022-08-10 00:00:00+00:00,2022,736.0,blob,57,22225.7,1902.9,ok,-90.058535,35.162366
LM_19_MEMX_20220810_CS_733_739_SORT_LWRP_INTERP,2022-08-10 00:00:00+00:00,2022,736.0,blob,58,22546.4,1771.7,ok,-90.05813,35.16318
LM_19_MEMX_20220810_CS_733_739_SORT_LWRP_INTERP,2022-08-10 00:00:00+00:00,2022,736.0,blob,59,22856.5,1804.5,ok,-90.058016,35.164001
LM_19_MEMX_20220810_CS_733_739_SORT_LWRP_INTERP,2022-08-10 00:00:00+00:00,2022,736.0,blob,60,23158.6,1804.5,ok,-90.05807,35.164827
LM_19_MEMX_20220810_CS_733_739_SORT_LWRP_INTERP,2022-08-10 00:00:00+00:00,2022,736.0,blob,61,23463.2,1837.3,ok,-90.057915,35.165647
LM_19_MEMX_20220810_CS_733_739_SORT_LWRP_INTERP,2022-08-10 00:00:00+00:00,2022,736.0,blob,62,23768.4,1771.7,ok,-90.057802,35.166469
LM_19_MEMX_20220810_CS_733_739_SORT_LWRP_INTERP,2022-08-10 00:00:00+00:00,2022,736.0,blob,63,24068.9,1771.7,ok,-90.057814,35.167293
LM_19_MEMX_20220810_CS_733_739_SORT_LWRP_INTERP,2022-08-10 00:00:00+00:00,2022,736.0,blob,64,24369.4,1771.7,ok,-90.057743,35.168116
LM_19_MEMX_20220810_CS_733_739_SORT_LWRP_INTERP,2022-08-10 00:00:00+00:00,2022,736.0,blob,65,24670.4,1804.5,ok,-90.057713,35.168939
LM_19_MEMX_20220810_CS_733_739_SORT_LWRP_INTERP,2022-08-10 00:00:00+00:00,2022,736.0,blob,66,24971.0,1771.7,ok,-90.057725,35.169764
LM_19_MEMX_20220810_CS_733_739_SORT_LWRP_INTERP,2022-08-10 00:00:00+00:00,2022,736.0,blob,67,25271.5,1771.7,ok,-90.057654,35.170586
LM_19_MEMX_20220810_CS_733_739_SORT_LWRP_INTERP,2022-08-10 00:00:00+00:00,2022,736.0,blob,68,25572.5,1771.7,ok,-90.057624,35.171409
LM_19_MEMX_20220810_CS_733_739_SORT_LWRP_INTERP,2022-08-10 00:00:00+00:00,2022,736.0,blob,69,25875.1,1771.7,ok,-90.05772,35.172236
LM_19_MEMX_20220810_CS_733_739_SORT_LWRP_INTERP,2022-08-10 00:00:00+00:00,2022,736.0,blob,70,26179.2,1837.3,ok,-90.057857,35.173063
LM_19_MEMX_20220810_CS_733_739_SORT_LWRP_INTERP,2022-08-10 00:00:00+00:00,2022,736.0,blob,71,26481.3,1837.3,ok,-90.057911,35.173889
LM_19_MEMX_20220810_CS_733_739_SORT_LWRP_INTERP,2022-08-10 00:00:00+00:00,2022,736.0,blob,72,26781.3,1804.5,ok,-90.057881,35.174712
LM_19_MEMX_20220810_CS_733_739_SORT_LWRP_INTERP,2022-08-10 00:00:00+00:00,2022,736.0,blob,73,27085.9,1804.5,ok,-90.057977,35.175539
LM_19_MEMX_20220810_CS_733_739_SORT_LWRP_INTERP,2022-08-10 00:00:00+00:00,2022,736.0,blob,74,27391.1,1804.5,ok,-90.058114,35.176366
LM_19_MEMX_20220810_CS_733_739_SORT_LWRP_INTERP,2022-08-10 00:00:00+00:00,2022,736.0,blob,75,27704.1,1870.1,ok,-90.058335,35.177196
LM_19_MEMX_20220810_CS_733_739_SORT_LWRP_INTERP,2022-08-10 00:00:00+00:00,2022,736.0,blob,76,28016.6,1870.1,ok,-90.058515,35.178024
LM_19_MEMX_20220810_CS_733_739_SORT_LWRP_INTERP,2022-08-10 00:00:00+00:00,2022,736.0,blob,77,28316.6,1804.5,ok,-90.058485,35.178848
LM_19_MEMX_20220810_CS_733_739_SORT_LWRP_INTERP,2022-08-10 00:00:00+00:00,2022,736.0,blob,78,28618.7,1804.5,ok,-90.058539,35.179673
LM_19_MEMX_20220810_CS_733_739_SORT_LWRP_INTERP,2022-08-10 00:00:00+00:00,2022,736.0,blob,79,28921.2,1804.5,ok,-90.058635,35.1805
LM_19_MEMX_20220810_CS_733_739_SORT_LWRP_INTERP,2022-08-10 00:00:00+00:00,2022,736.0,blob,80,29222.3,1837.3,ok,-90.058688,35.181325
LM_19_MEMX_20220810_CS_733_739_SORT_LWRP_INTERP,2022-08-10 00:00:00+00:00,2022,736.0,blob,81,29524.9,1804.5,ok,-90.058617,35.182148
LM_19_MEMX_20220811_CS_726_724_SORT_LWRP_INTERP,2022-08-11 00:00:00+00:00,2022,726.0,blob,0,154.6,1115.5,ok,-90.176832,35.06573
LM_19_MEMX_20220811_CS_726_724_SORT_LWRP_INTERP,2022-08-11 00:00:00+00:00,2022,726.0,blob,1,461.3,1115.5,ok,-90.176762,35.066553
LM_19_MEMX_20220811_CS_726_724_SORT_LWRP_INTERP,2022-08-11 00:00:00+00:00,2022,726.0,blob,2,765.4,1049.9,ok,-90.176733,35.067377
LM_19_MEMX_20220811_CS_726_724_SORT_LWRP_INTERP,2022-08-11 00:00:00+00:00,2022,726.0,blob,3,1067.5,1378.0,ok,-90.176621,35.068198
LM_19_MEMX_20220811_CS_726_724_SORT_LWRP_INTERP,2022-08-11 00:00:00+00:00,2022,726.0,blob,4,1368.0,1148.3,ok,-90.176551,35.069021
LM_19_MEMX_20220811_CS_726_724_SORT_LWRP_INTERP,2022-08-11 00:00:00+00:00,2022,726.0,blob,5,1676.7,1279.5,ok,-90.176314,35.069839
LM_19_MEMX_20220811_CS_726_724_SORT_LWRP_INTERP,2022-08-11 00:00:00+00:00,2022,726.0,blob,6,1992.9,1640.4,ok,-90.175952,35.070655
LM_19_MEMX_20220811_CS_726_724_SORT_LWRP_INTERP,2022-08-11 00:00:00+00:00,2022,726.0,blob,7,2331.3,1804.5,ok,-90.175423,35.071467
LM_19_MEMX_20220811_CS_726_724_SORT_LWRP_INTERP,2022-08-11 00:00:00+00:00,2022,726.0,blob,8,2691.8,1870.1,ok,-90.174726,35.072275
LM_19_MEMX_20220811_CS_726_724_SORT_LWRP_INTERP,2022-08-11 00:00:00+00:00,2022,726.0,blob,9,3030.2,1837.3,ok,-90.174197,35.073087
LM_19_MEMX_20220811_CS_726_724_SORT_LWRP_INTERP,2022-08-11 00:00:00+00:00,2022,726.0,blob,10,3338.9,1804.5,ok,-90.17396,35.073906
LM_19_MEMX_20220811_CS_726_724_SORT_LWRP_INTERP,2022-08-11 00:00:00+00:00,2022,726.0,blob,11,3639.4,1771.7,ok,-90.17389,35.074728
LM_19_MEMX_20220811_CS_726_724_SORT_LWRP_INTERP,2022-08-11 00:00:00+00:00,2022,726.0,blob,12,3939.4,1738.8,ok,-90.173861,35.075552
LM_19_MEMX_20220811_CS_726_724_SORT_LWRP_INTERP,2022-08-11 00:00:00+00:00,2022,726.0,blob,13,4239.9,1771.7,ok,-90.173875,35.076376
LM_19_MEMX_20220811_CS_726_724_SORT_LWRP_INTERP,2022-08-11 00:00:00+00:00,2022,726.0,blob,14,4564.1,1902.9,ok,-90.17418,35.077207
LM_19_MEMX_20220811_CS_726_724_SORT_LWRP_INTERP,2022-08-11 00:00:00+00:00,2022,726.0,blob,15,4889.8,1935.7,ok,-90.174361,35.078036
LM_19_MEMX_20220811_CS_726_724_SORT_LWRP_INTERP,2022-08-11 00:00:00+00:00,2022,726.0,blob,16,5193.9,1837.3,ok,-90.174165,35.078856
LM_19_MEMX_20220811_CS_726_724_SORT_LWRP_INTERP,2022-08-11 00:00:00+00:00,2022,726.0,blob,17,5508.5,1738.8,ok,-90.174262,35.079682
LM_19_MEMX_20220811_CS_726_724_SORT_LWRP_INTERP,2022-08-11 00:00:00+00:00,2022,726.0,blob,18,5823.1,1738.8,ok,-90.174526,35.080512
LM_19_MEMX_20220811_CS_726_724_SORT_LWRP_INTERP,2022-08-11 00:00:00+00:00,2022,726.0,blob,19,6125.7,1771.7,ok,-90.174623,35.081339
LM_19_MEMX_20220811_CS_726_724_SORT_LWRP_INTERP,2022-08-11 00:00:00+00:00,2022,726.0,blob,20,6426.7,1738.8,ok,-90.174594,35.082162
LM_19_MEMX_20220811_CS_726_724_SORT_LWRP_INTERP,2022-08-11 00:00:00+00:00,2022,726.0,blob,21,6789.4,1902.9,ok,-90.175025,35.082997
LM_19_MEMX_20220811_CS_726_724_SORT_LWRP_INTERP,2022-08-11 00:00:00+00:00,2022,726.0,blob,22,7261.6,2198.2,ok,-90.176207,35.083848
LM_19_MEMX_20220811_CS_726_724_SORT_LWRP_INTERP,2022-08-11 00:00:00+00:00,2022,726.0,blob,23,7702.0,2296.6,ok,-90.177222,35.084696
LM_19_MEMX_20220811_CS_726_724_SORT_LWRP_INTERP,2022-08-11 00:00:00+00:00,2022,726.0,blob,24,8050.0,2395.0,ok,-90.177778,35.085533
LM_19_MEMX_20220811_CS_726_724_SORT_LWRP_INTERP,2022-08-11 00:00:00+00:00,2022,726.0,blob,25,8429.8,2723.1,ok,-90.178501,35.086374
LM_19_MEMX_20220811_CS_726_724_SORT_LWRP_INTERP,2022-08-11 00:00:00+00:00,2022,726.0,blob,26,8854.1,2296.6,ok,-90.179475,35.087221
LM_19_MEMX_20220811_CS_726_724_SORT_LWRP_INTERP,2022-08-11 00:00:00+00:00,2022,726.0,blob,27,9220.8,2066.9,ok,-90.180073,35.088059
LM_19_MEMX_20220901_CS_756_SORT_LWRP_INTERP,2022-09-01 00:00:00+00:00,2022,757.0,blob,0,280.9,2066.9,ok,-90.047136,35.41384
LM_19_MEMX_20220901_CS_756_SORT_LWRP_INTERP,2022-09-01 00:00:00+00:00,2022,757.0,blob,1,724.3,2526.2,ok,-90.046113,35.414296
LM_19_MEMX_20220901_CS_756_SORT_LWRP_INTERP,2022-09-01 00:00:00+00:00,2022,757.0,blob,2,1037.3,2427.8,ok,-90.045114,35.414065
LM_19_MEMX_20220901_CS_756_SORT_LWRP_INTERP,2022-09-01 00:00:00+00:00,2022,757.0,blob,3,1346.0,2821.5,ok,-90.044115,35.413869
LM_19_MEMX_20220901_CS_756_SORT_LWRP_INTERP,2022-09-01 00:00:00+00:00,2022,757.0,blob,4,1666.6,2001.3,ok,-90.04312,35.413536
LM_19_MEMX_20220901_CS_756_SORT_LWRP_INTERP,2022-09-01 00:00:00+00:00,2022,757.0,blob,5,1979.1,754.6,ok,-90.042121,35.413339
LM_19_MEMX_20220901_CS_756_SORT_LWRP_INTERP,2022-09-01 00:00:00+00:00,2022,757.0,blob,6,2281.1,1968.5,ok,-90.041112,35.413383
LM_19_MEMX_20220901_CS_756_SORT_LWRP_INTERP,2022-09-01 00:00:00+00:00,2022,757.0,blob,7,2587.8,1902.9,ok,-90.040108,35.413324
LM_19_MEMX_20220901_CS_756_SORT_LWRP_INTERP,2022-09-01 00:00:00+00:00,2022,757.0,blob,8,2900.6,2001.3,ok,-90.039101,35.413334
LM_19_MEMX_20220901_CS_756_SORT_LWRP_INTERP,2022-09-01 00:00:00+00:00,2022,757.0,blob,9,3210.7,2001.3,ok,-90.038092,35.413378
LM_19_MEMX_20220901_CS_756_SORT_LWRP_INTERP,2022-09-01 00:00:00+00:00,2022,757.0,blob,10,3512.8,1935.7,ok,-90.037089,35.413285
LM_19_MEMX_20220901_CS_756_SORT_LWRP_INTERP,2022-09-01 00:00:00+00:00,2022,757.0,blob,11,3912.8,1378.0,ok,-90.036063,35.413809
LM_19_MEMX_20220901_CS_756_SORT_LWRP_INTERP,2022-09-01 00:00:00+00:00,2022,757.0,blob,12,4336.5,2034.1,ok,-90.035028,35.414573
LM_19_MEMX_20220901_CS_756_SORT_LWRP_INTERP,2022-09-01 00:00:00+00:00,2022,757.0,blob,13,4660.6,2329.4,ok,-90.034013,35.414823
LM_19_MEMX_20220901_CS_756_SORT_LWRP_INTERP,2022-09-01 00:00:00+00:00,2022,757.0,blob,14,4965.8,2329.4,ok,-90.033002,35.414936
LM_19_MEMX_20220901_CS_756_SORT_LWRP_INTERP,2022-09-01 00:00:00+00:00,2022,757.0,blob,15,5272.5,2329.4,ok,-90.031995,35.414945
LM_19_MEMX_20220901_CS_756_SORT_LWRP_INTERP,2022-09-01 00:00:00+00:00,2022,757.0,blob,16,5579.1,2132.5,ok,-90.030988,35.414955
LM_19_MEMX_20220901_CS_756_SORT_LWRP_INTERP,2022-09-01 00:00:00+00:00,2022,757.0,blob,17,5883.8,2066.9,ok,-90.029978,35.415033
LM_19_MEMX_20220901_CS_756_SORT_LWRP_INTERP,2022-09-01 00:00:00+00:00,2022,757.0,blob,18,6245.9,1738.8,ok,-90.028957,35.41542
LM_19_MEMX_20220901_CS_756_SORT_LWRP_INTERP,2022-09-01 00:00:00+00:00,2022,757.0,blob,19,6616.1,2198.2,ok,-90.027941,35.41567
LM_19_MEMX_20220901_CS_756_SORT_LWRP_INTERP,2022-09-01 00:00:00+00:00,2022,757.0,blob,20,6928.9,1935.7,ok,-90.026936,35.41561
LM_19_MEMX_20220901_CS_756_SORT_LWRP_INTERP,2022-09-01 00:00:00+00:00,2022,757.0,blob,21,7235.6,1902.9,ok,-90.025924,35.415757
LM_19_MEMX_20220901_CS_756_SORT_LWRP_INTERP,2022-09-01 00:00:00+00:00,2022,757.0,blob,22,7637.6,2034.1,ok,-90.024896,35.41635
LM_19_MEMX_20220901_CS_756_SORT_LWRP_INTERP,2022-09-01 00:00:00+00:00,2022,757.0,blob,23,8061.3,2198.2,ok,-90.023879,35.416634
LM_19_MEMX_20220901_CS_756_SORT_LWRP_INTERP,2022-09-01 00:00:00+00:00,2022,757.0,blob,24,8447.1,1968.5,ok,-90.022866,35.416781
LM_19_MEMX_20220901_CS_756_SORT_LWRP_INTERP,2022-09-01 00:00:00+00:00,2022,757.0,blob,25,8817.3,1673.2,ok,-90.021851,35.41703
LM_19_MEMX_20220902_CS_743_739_SORT_LWRP_INTERP,2022-09-02 00:00:00+00:00,2022,741.0,blob,0,150.0,721.8,ok,-90.060898,35.194368
LM_19_MEMX_20220902_CS_743_739_SORT_LWRP_INTERP,2022-09-02 00:00:00+00:00,2022,741.0,blob,1,450.0,656.2,ok,-90.060868,35.195191
LM_19_MEMX_20220902_CS_743_739_SORT_LWRP_INTERP,2022-09-02 00:00:00+00:00,2022,741.0,blob,2,750.0,754.6,ok,-90.060838,35.196015
LM_19_MEMX_20220902_CS_743_739_SORT_LWRP_INTERP,2022-09-02 00:00:00+00:00,2022,741.0,blob,3,1050.0,918.6,ok,-90.060809,35.196838
LM_19_MEMX_20220902_CS_743_739_SORT_LWRP_INTERP,2022-09-02 00:00:00+00:00,2022,741.0,blob,4,1350.5,1082.7,ok,-90.060737,35.19766
LM_19_MEMX_20220902_CS_743_739_SORT_LWRP_INTERP,2022-09-02 00:00:00+00:00,2022,741.0,blob,5,1651.0,1181.1,ok,-90.060666,35.198483
LM_19_MEMX_20220902_CS_743_739_SORT_LWRP_INTERP,2022-09-02 00:00:00+00:00,2022,741.0,blob,6,1951.6,1181.1,ok,-90.060678,35.199307
LM_19_MEMX_20220902_CS_743_739_SORT_LWRP_INTERP,2022-09-02 00:00:00+00:00,2022,741.0,blob,7,2254.1,1148.3,ok,-90.060773,35.200134
LM_19_MEMX_20220902_CS_743_739_SORT_LWRP_INTERP,2022-09-02 00:00:00+00:00,2022,741.0,blob,8,2556.7,1312.3,ok,-90.060869,35.20096
LM_19_MEMX_20220902_CS_743_739_SORT_LWRP_INTERP,2022-09-02 00:00:00+00:00,2022,741.0,blob,9,2875.0,1279.5,ok,-90.061132,35.201791
LM_19_MEMX_20220902_CS_743_739_SORT_LWRP_INTERP,2022-09-02 00:00:00+00:00,2022,741.0,blob,10,3389.3,2362.2,ok,-90.062398,35.202646
LM_19_MEMX_20220902_CS_743_739_SORT_LWRP_INTERP,2022-09-02 00:00:00+00:00,2022,741.0,blob,11,4049.2,1607.6,ok,-90.064333,35.203517
LM_19_MEMX_20220902_CS_743_739_SORT_LWRP_INTERP,2022-09-02 00:00:00+00:00,2022,741.0,blob,12,4622.5,1542.0,ok,-90.065934,35.20438
LM_19_MEMX_20220902_CS_743_739_SORT_LWRP_INTERP,2022-09-02 00:00:00+00:00,2022,741.0,blob,13,5163.6,1870.1,ok,-90.067409,35.20524
LM_19_MEMX_20220902_CS_743_739_SORT_LWRP_INTERP,2022-09-02 00:00:00+00:00,2022,741.0,blob,14,5607.0,2132.5,ok,-90.067965,35.206077
LM_19_MEMX_20220902_CS_743_739_SORT_LWRP_INTERP,2022-09-02 00:00:00+00:00,2022,741.0,blob,15,5919.5,1771.7,ok,-90.067726,35.206896
LM_19_MEMX_20220902_CS_743_739_SORT_LWRP_INTERP,2022-09-02 00:00:00+00:00,2022,741.0,blob,16,6232.0,2788.7,ok,-90.067487,35.207714
LM_19_MEMX_20220902_CS_743_739_SORT_LWRP_INTERP,2022-09-02 00:00:00+00:00,2022,741.0,blob,17,6615.6,1607.6,ok,-90.067792,35.208546
LM_19_MEMX_20220902_CS_743_739_SORT_LWRP_INTERP,2022-09-02 00:00:00+00:00,2022,741.0,blob,18,7128.3,1509.2,ok,-90.069142,35.209403
LM_19_MEMX_20220902_CS_743_739_SORT_LWRP_INTERP,2022-09-02 00:00:00+00:00,2022,741.0,blob,19,7755.3,1935.7,ok,-90.070952,35.210271
LM_19_MEMX_20220902_CS_743_739_SORT_LWRP_INTERP,2022-09-02 00:00:00+00:00,2022,741.0,blob,20,8240.7,1640.4,ok,-90.071926,35.211118
LM_19_MEMX_20220902_CS_743_739_SORT_LWRP_INTERP,2022-09-02 00:00:00+00:00,2022,741.0,blob,21,8553.2,2066.9,ok,-90.072105,35.211947
LM_19_MEMX_20220902_CS_743_739_SORT_LWRP_INTERP,2022-09-02 00:00:00+00:00,2022,741.0,blob,22,8889.3,2066.9,ok,-90.072577,35.212782
LM_19_MEMX_20220902_CS_743_739_SORT_LWRP_INTERP,2022-09-02 00:00:00+00:00,2022,741.0,blob,23,9221.1,2132.5,ok,-90.073007,35.213617
LM_19_MEMX_20220902_CS_743_739_SORT_LWRP_INTERP,2022-09-02 00:00:00+00:00,2022,741.0,blob,24,9559.5,2099.7,ok,-90.07348,35.214453
LM_19_MEMX_20220902_CS_743_739_SORT_LWRP_INTERP,2022-09-02 00:00:00+00:00,2022,741.0,blob,25,9894.4,2427.8,ok,-90.073659,35.215281
LM_19_MEMX_20220902_CS_743_739_SORT_LWRP_INTERP,2022-09-02 00:00:00+00:00,2022,741.0,blob,26,10211.5,2952.8,ok,-90.073295,35.216096
LM_19_MEMX_20220902_CS_743_739_SORT_LWRP_INTERP,2022-09-02 00:00:00+00:00,2022,741.0,blob,27,10526.1,2362.2,ok,-90.07314,35.216917
LM_19_MEMX_20220902_CS_743_739_SORT_LWRP_INTERP,2022-09-02 00:00:00+00:00,2022,741.0,blob,28,10828.1,2559.1,ok,-90.073194,35.217742
LM_19_MEMX_20220902_CS_743_739_SORT_LWRP_INTERP,2022-09-02 00:00:00+00:00,2022,741.0,blob,29,11140.6,1837.3,ok,-90.073373,35.218571
LM_19_MEMX_20220902_CS_743_739_SORT_LWRP_INTERP,2022-09-02 00:00:00+00:00,2022,741.0,blob,30,11563.2,2099.7,ok,-90.074264,35.219417
LM_19_MEMX_20220902_CS_743_739_SORT_LWRP_INTERP,2022-09-02 00:00:00+00:00,2022,741.0,blob,31,11981.5,1968.5,ok,-90.075112,35.220261
LM_19_MEMX_20220902_CS_743_739_SORT_LWRP_INTERP,2022-09-02 00:00:00+00:00,2022,741.0,blob,32,12486.2,2690.3,ok,-90.076295,35.221114
LM_19_MEMX_20220902_CS_743_739_SORT_LWRP_INTERP,2022-09-02 00:00:00+00:00,2022,741.0,blob,33,12995.3,2263.8,ok,-90.07752,35.221968
LM_19_MEMX_20220902_CS_743_739_SORT_LWRP_INTERP,2022-09-02 00:00:00+00:00,2022,741.0,blob,34,13449.4,2296.6,ok,-90.078536,35.222816
LM_19_MEMX_20220902_CS_743_739_SORT_LWRP_INTERP,2022-09-02 00:00:00+00:00,2022,741.0,blob,35,13953.1,2034.1,ok,-90.079844,35.223672
LM_19_MEMX_20220902_CS_743_739_SORT_LWRP_INTERP,2022-09-02 00:00:00+00:00,2022,741.0,blob,36,14319.8,2132.5,ok,-90.080191,35.224505
LM_19_MEMX_20220902_CS_743_739_SORT_LWRP_INTERP,2022-09-02 00:00:00+00:00,2022,741.0,blob,37,14629.1,1771.7,ok,-90.07991,35.225322
LM_19_MEMX_20220902_CS_743_739_SORT_LWRP_INTERP,2022-09-02 00:00:00+00:00,2022,741.0,blob,38,14938.3,2755.9,ok,-90.07963,35.22614
LM_19_MEMX_20220902_CS_743_739_SORT_LWRP_INTERP,2022-09-02 00:00:00+00:00,2022,741.0,blob,39,15247.5,1837.3,ok,-90.07935,35.226957
LM_19_MEMX_20220902_CS_743_739_SORT_LWRP_INTERP,2022-09-02 00:00:00+00:00,2022,741.0,blob,40,15556.8,2001.3,ok,-90.079069,35.227774
LM_19_MEMX_20220902_CS_743_739_SORT_LWRP_INTERP,2022-09-02 00:00:00+00:00,2022,741.0,blob,41,15861.9,1509.2,ok,-90.078872,35.228594
LM_19_MEMX_20220902_CS_743_739_SORT_LWRP_INTERP,2022-09-02 00:00:00+00:00,2022,741.0,blob,42,16224.5,1017.1,ok,-90.079303,35.229428
LM_19_MEMX_20220902_CS_743_739_SORT_LWRP_INTERP,2022-09-02 00:00:00+00:00,2022,741.0,blob,43,16624.2,2132.5,ok,-90.080151,35.230273
LM_19_MEMX_20220902_CS_743_739_SORT_LWRP_INTERP,2022-09-02 00:00:00+00:00,2022,741.0,blob,44,16966.3,1804.5,ok,-90.080624,35.231108
LM_19_MEMX_20220902_CS_743_739_SORT_LWRP_INTERP,2022-09-02 00:00:00+00:00,2022,741.0,blob,45,17275.5,1837.3,ok,-90.080845,35.231938
LM_19_MEMX_20220902_CS_743_739_SORT_LWRP_INTERP,2022-09-02 00:00:00+00:00,2022,741.0,blob,46,17592.6,1837.3,ok,-90.08115,35.23277
LM_19_MEMX_20220902_CS_743_739_SORT_LWRP_INTERP,2022-09-02 00:00:00+00:00,2022,741.0,blob,47,17909.8,1870.1,ok,-90.081455,35.233601
LM_19_MEMX_20220902_CS_743_739_SORT_LWRP_INTERP,2022-09-02 00:00:00+00:00,2022,741.0,blob,48,18634.5,1706.0,ok,-90.083391,35.234472
LM_19_MEMX_20220902_CS_743_739_SORT_LWRP_INTERP,2022-09-02 00:00:00+00:00,2022,741.0,blob,49,19408.0,1509.2,ok,-90.085662,35.235351
LM_19_MEMX_20220902_CS_743_739_SORT_LWRP_INTERP,2022-09-02 00:00:00+00:00,2022,741.0,blob,50,19903.1,1804.5,ok,-90.086928,35.236205
LM_19_MEMX_20220902_CS_743_739_SORT_LWRP_INTERP,2022-09-02 00:00:00+00:00,2022,741.0,blob,51,20374.9,1771.7,ok,-90.08807,35.237057
LM_19_MEMX_20220902_CS_743_739_SORT_LWRP_INTERP,2022-09-02 00:00:00+00:00,2022,741.0,blob,52,20705.2,2132.5,ok,-90.088375,35.237889
LM_19_MEMX_20220902_CS_743_739_SORT_LWRP_INTERP,2022-09-02 00:00:00+00:00,2022,741.0,blob,53,21050.4,2001.3,ok,-90.088764,35.238722
LM_19_MEMX_20220902_CS_743_739_SORT_LWRP_INTERP,2022-09-02 00:00:00+00:00,2022,741.0,blob,54,21433.2,2132.5,ok,-90.089529,35.239565
LM_19_MEMX_20220902_CS_743_739_SORT_LWRP_INTERP,2022-09-02 00:00:00+00:00,2022,741.0,blob,55,21772.8,2395.0,ok,-90.08996,35.240399
LM_19_MEMX_20220902_CS_743_739_SORT_LWRP_INTERP,2022-09-02 00:00:00+00:00,2022,741.0,blob,56,22128.3,1640.4,ok,-90.090474,35.241236
LM_19_MEMX_20220902_CS_743_739_SORT_LWRP_INTERP,2022-09-02 00:00:00+00:00,2022,741.0,blob,57,22552.9,2066.9,ok,-90.091448,35.242083
LM_19_MEMX_20220902_CS_743_739_SORT_LWRP_INTERP,2022-09-02 00:00:00+00:00,2022,741.0,blob,58,22954.4,1935.7,ok,-90.092297,35.242928
LM_23_OSCX_20220328_CS_811_817_SORT_LWRP_INTERP,2022-03-28 00:00:00+00:00,2022,814.0,blob,0,154.6,1607.6,ok,-89.748262,35.909746
LM_23_OSCX_20220328_CS_811_817_SORT_LWRP_INTERP,2022-03-28 00:00:00+00:00,2022,814.0,blob,1,471.7,1345.1,ok,-89.747239,35.909993
LM_23_OSCX_20220328_CS_811_817_SORT_LWRP_INTERP,2022-03-28 00:00:00+00:00,2022,814.0,blob,2,796.7,1378.0,ok,-89.746213,35.910308
LM_23_OSCX_20220328_CS_811_817_SORT_LWRP_INTERP,2022-03-28 00:00:00+00:00,2022,814.0,blob,3,1139.5,1410.8,ok,-89.745183,35.910727
LM_23_OSCX_20220328_CS_811_817_SORT_LWRP_INTERP,2022-03-28 00:00:00+00:00,2022,814.0,blob,4,1469.8,1509.2,ok,-89.74416,35.910973
LM_23_OSCX_20220328_CS_811_817_SORT_LWRP_INTERP,2022-03-28 00:00:00+00:00,2022,814.0,blob,5,1800.1,1345.1,ok,-89.743137,35.91122
LM_23_OSCX_20220328_CS_811_817_SORT_LWRP_INTERP,2022-03-28 00:00:00+00:00,2022,814.0,blob,6,2160.6,1345.1,ok,-89.742103,35.911742
LM_23_OSCX_20220328_CS_811_817_SORT_LWRP_INTERP,2022-03-28 00:00:00+00:00,2022,814.0,blob,7,2493.0,1345.1,ok,-89.741077,35.912057
LM_23_OSCX_20220328_CS_811_817_SORT_LWRP_INTERP,2022-03-28 00:00:00+00:00,2022,814.0,blob,8,2797.1,1345.1,ok,-89.740059,35.912167
LM_23_OSCX_20220328_CS_811_817_SORT_LWRP_INTERP,2022-03-28 00:00:00+00:00,2022,814.0,blob,9,3129.5,1509.2,ok,-89.739033,35.912482
LM_23_OSCX_20220328_CS_811_817_SORT_LWRP_INTERP,2022-03-28 00:00:00+00:00,2022,814.0,blob,10,3459.7,1410.8,ok,-89.73801,35.912729
LM_23_OSCX_20220328_CS_811_817_SORT_LWRP_INTERP,2022-03-28 00:00:00+00:00,2022,814.0,blob,11,3777.4,1607.6,ok,-89.737007,35.912496
LM_23_OSCX_20220328_CS_811_817_SORT_LWRP_INTERP,2022-03-28 00:00:00+00:00,2022,814.0,blob,12,4097.2,1312.3,ok,-89.736001,35.912331
LM_23_OSCX_20220328_CS_811_817_SORT_LWRP_INTERP,2022-03-28 00:00:00+00:00,2022,814.0,blob,13,4401.3,1312.3,ok,-89.734983,35.912441
LM_23_OSCX_20220328_CS_811_817_SORT_LWRP_INTERP,2022-03-28 00:00:00+00:00,2022,814.0,blob,14,4703.4,1213.9,ok,-89.733969,35.912482
LM_23_OSCX_20220328_CS_811_817_SORT_LWRP_INTERP,2022-03-28 00:00:00+00:00,2022,814.0,blob,15,5005.5,1279.5,ok,-89.73296,35.912386
LM_23_OSCX_20220328_CS_811_817_SORT_LWRP_INTERP,2022-03-28 00:00:00+00:00,2022,814.0,blob,16,5320.1,1443.6,ok,-89.731944,35.912461
LM_23_OSCX_20220328_CS_811_817_SORT_LWRP_INTERP,2022-03-28 00:00:00+00:00,2022,814.0,blob,17,5637.2,1312.3,ok,-89.730929,35.912502
LM_23_OSCX_20220328_CS_811_817_SORT_LWRP_INTERP,2022-03-28 00:00:00+00:00,2022,814.0,blob,18,5946.4,1246.7,ok,-89.729926,35.912269
LM_23_OSCX_20220328_CS_811_817_SORT_LWRP_INTERP,2022-03-28 00:00:00+00:00,2022,814.0,blob,19,6253.1,1476.4,ok,-89.728921,35.91207
LM_23_OSCX_20220328_CS_811_817_SORT_LWRP_INTERP,2022-03-28 00:00:00+00:00,2022,814.0,blob,20,6559.8,1509.2,ok,-89.727917,35.91187
LM_23_OSCX_20220328_CS_811_817_SORT_LWRP_INTERP,2022-03-28 00:00:00+00:00,2022,814.0,blob,21,6882.1,1542.0,ok,-89.726917,35.911534
LM_23_OSCX_20220328_CS_811_817_SORT_LWRP_INTERP,2022-03-28 00:00:00+00:00,2022,814.0,blob,22,7212.3,1673.2,ok,-89.725921,35.911129
LM_23_OSCX_20220328_CS_811_817_SORT_LWRP_INTERP,2022-03-28 00:00:00+00:00,2022,814.0,blob,23,7529.4,1870.1,ok,-89.724921,35.910827
LM_23_OSCX_20220328_CS_811_817_SORT_LWRP_INTERP,2022-03-28 00:00:00+00:00,2022,814.0,blob,24,7846.5,1837.3,ok,-89.72392,35.910525
LM_23_OSCX_20220328_CS_811_817_SORT_LWRP_INTERP,2022-03-28 00:00:00+00:00,2022,814.0,blob,25,8171.5,1870.1,ok,-89.722923,35.910155
LM_23_OSCX_20220328_CS_811_817_SORT_LWRP_INTERP,2022-03-28 00:00:00+00:00,2022,814.0,blob,26,8488.7,1870.1,ok,-89.721922,35.909853
LM_23_OSCX_20220328_CS_811_817_SORT_LWRP_INTERP,2022-03-28 00:00:00+00:00,2022,814.0,blob,27,8823.5,1870.1,ok,-89.720926,35.909448
LM_23_OSCX_20220328_CS_811_817_SORT_LWRP_INTERP,2022-03-28 00:00:00+00:00,2022,814.0,blob,28,9350.5,2460.6,ok,-89.719961,35.908289
LM_23_OSCX_20220328_CS_811_817_SORT_LWRP_INTERP,2022-03-28 00:00:00+00:00,2022,814.0,blob,29,10043.7,3215.2,ok,-89.71902,35.906546
LM_23_OSCX_20220328_CS_811_817_SORT_LWRP_INTERP,2022-03-28 00:00:00+00:00,2022,814.0,blob,30,10703.6,3215.2,ok,-89.718075,35.904907
LM_23_OSCX_20220328_CS_811_817_SORT_LWRP_INTERP,2022-03-28 00:00:00+00:00,2022,814.0,blob,31,11287.3,2854.3,ok,-89.71712,35.903507
LM_23_OSCX_20220328_CS_811_817_SORT_LWRP_INTERP,2022-03-28 00:00:00+00:00,2022,814.0,blob,32,11709.8,2887.1,ok,-89.716137,35.902794
LM_23_OSCX_20220328_CS_811_817_SORT_LWRP_INTERP,2022-03-28 00:00:00+00:00,2022,814.0,blob,33,12083.0,2821.5,ok,-89.715147,35.902251
LM_23_OSCX_20220328_CS_811_817_SORT_LWRP_INTERP,2022-03-28 00:00:00+00:00,2022,814.0,blob,34,12471.8,2854.3,ok,-89.714162,35.901572
LM_23_OSCX_20220328_CS_811_817_SORT_LWRP_INTERP,2022-03-28 00:00:00+00:00,2022,814.0,blob,35,12797.7,2624.7,ok,-89.713165,35.901201
LM_23_OSCX_20220328_CS_811_817_SORT_LWRP_INTERP,2022-03-28 00:00:00+00:00,2022,814.0,blob,36,13113.9,2624.7,ok,-89.712164,35.900899
LM_23_OSCX_20220328_CS_811_817_SORT_LWRP_INTERP,2022-03-28 00:00:00+00:00,2022,814.0,blob,37,13439.7,2854.3,ok,-89.711167,35.900529
LM_23_OSCX_20220328_CS_811_817_SORT_LWRP_INTERP,2022-03-28 00:00:00+00:00,2022,814.0,blob,38,13794.9,2919.9,ok,-89.710177,35.899987
LM_23_OSCX_20220328_CS_811_817_SORT_LWRP_INTERP,2022-03-28 00:00:00+00:00,2022,814.0,blob,39,14140.5,2985.6,ok,-89.709183,35.899513
LM_23_OSCX_20220328_CS_811_817_SORT_LWRP_INTERP,2022-03-28 00:00:00+00:00,2022,814.0,blob,40,14466.3,2690.3,ok,-89.708186,35.899142
LM_23_OSCX_20220328_CS_811_817_SORT_LWRP_INTERP,2022-03-28 00:00:00+00:00,2022,814.0,blob,41,14796.5,2723.1,ok,-89.70719,35.898737
LM_23_OSCX_20220328_CS_811_817_SORT_LWRP_INTERP,2022-03-28 00:00:00+00:00,2022,814.0,blob,42,15139.3,2427.8,ok,-89.706197,35.898264
LM_23_OSCX_20220328_CS_811_817_SORT_LWRP_INTERP,2022-03-28 00:00:00+00:00,2022,814.0,blob,43,15523.1,2329.4,ok,-89.705212,35.897584
LM_23_OSCX_20220328_CS_811_817_SORT_LWRP_INTERP,2022-03-28 00:00:00+00:00,2022,814.0,blob,44,15906.8,2132.5,ok,-89.704228,35.896905
LM_23_OSCX_20220328_CS_811_817_SORT_LWRP_INTERP,2022-03-28 00:00:00+00:00,2022,814.0,blob,45,16249.6,2034.1,ok,-89.703235,35.896431
LM_23_OSCX_20220328_CS_811_817_SORT_LWRP_INTERP,2022-03-28 00:00:00+00:00,2022,814.0,blob,46,16579.8,1771.7,ok,-89.702239,35.896026
LM_23_OSCX_20220328_CS_811_817_SORT_LWRP_INTERP,2022-03-28 00:00:00+00:00,2022,814.0,blob,47,16951.0,1706.0,ok,-89.701252,35.895415
LM_23_OSCX_20220328_CS_811_817_SORT_LWRP_INTERP,2022-03-28 00:00:00+00:00,2022,814.0,blob,48,17317.0,1738.8,ok,-89.700263,35.894839
LM_23_OSCX_20220328_CS_811_817_SORT_LWRP_INTERP,2022-03-28 00:00:00+00:00,2022,814.0,blob,49,17653.2,1673.2,ok,-89.699268,35.8944
LM_23_OSCX_20220328_CS_811_817_SORT_LWRP_INTERP,2022-03-28 00:00:00+00:00,2022,814.0,blob,50,17994.5,1640.4,ok,-89.698275,35.893926
LM_23_OSCX_20220328_CS_811_817_SORT_LWRP_INTERP,2022-03-28 00:00:00+00:00,2022,814.0,blob,51,18357.5,1574.8,ok,-89.697287,35.893349
LM_23_OSCX_20220328_CS_811_817_SORT_LWRP_INTERP,2022-03-28 00:00:00+00:00,2022,814.0,blob,52,18740.2,1607.6,ok,-89.696302,35.89267
LM_23_OSCX_20220328_CS_811_817_SORT_LWRP_INTERP,2022-03-28 00:00:00+00:00,2022,814.0,blob,53,19108.0,1443.6,ok,-89.695315,35.892059
LM_23_OSCX_20220328_CS_811_817_SORT_LWRP_INTERP,2022-03-28 00:00:00+00:00,2022,814.0,blob,54,19483.5,1410.8,ok,-89.694329,35.891414
LM_23_OSCX_20220328_CS_811_817_SORT_LWRP_INTERP,2022-03-28 00:00:00+00:00,2022,814.0,blob,55,19900.0,1443.6,ok,-89.693351,35.890597
LM_23_OSCX_20220328_CS_811_817_SORT_LWRP_INTERP,2022-03-28 00:00:00+00:00,2022,814.0,blob,56,20525.0,1771.7,ok,-89.692401,35.889095
LM_23_OSCX_20220328_CS_811_817_SORT_LWRP_INTERP,2022-03-28 00:00:00+00:00,2022,814.0,blob,57,21116.4,1542.0,ok,-89.691445,35.887729
LM_23_OSCX_20220328_CS_811_817_SORT_LWRP_INTERP,2022-03-28 00:00:00+00:00,2022,814.0,blob,58,21516.0,1181.1,ok,-89.690463,35.886981
LM_23_OSCX_20220328_CS_811_817_SORT_LWRP_INTERP,2022-03-28 00:00:00+00:00,2022,814.0,blob,59,21949.3,1148.3,ok,-89.689488,35.886096
LM_23_OSCX_20220328_CS_811_817_SORT_LWRP_INTERP,2022-03-28 00:00:00+00:00,2022,814.0,blob,60,22430.5,1115.5,ok,-89.688519,35.885039
LM_23_OSCX_20220328_CS_811_817_SORT_LWRP_INTERP,2022-03-28 00:00:00+00:00,2022,814.0,blob,61,22911.8,1148.3,ok,-89.687551,35.883983
LM_23_OSCX_20220328_CS_811_817_SORT_LWRP_INTERP,2022-03-28 00:00:00+00:00,2022,814.0,blob,62,23336.4,1148.3,ok,-89.686574,35.883132
LM_23_OSCX_20220328_CS_811_817_SORT_LWRP_INTERP,2022-03-28 00:00:00+00:00,2022,814.0,blob,63,23735.2,1148.3,ok,-89.685592,35.882383
LM_23_OSCX_20220328_CS_811_817_SORT_LWRP_INTERP,2022-03-28 00:00:00+00:00,2022,814.0,blob,64,24133.9,1082.7,ok,-89.684611,35.881635
LM_23_OSCX_20220328_CS_811_817_SORT_LWRP_INTERP,2022-03-28 00:00:00+00:00,2022,814.0,blob,65,24511.1,1115.5,ok,-89.683625,35.88099
LM_23_OSCX_20220328_CS_811_817_SORT_LWRP_INTERP,2022-03-28 00:00:00+00:00,2022,814.0,blob,66,24872.2,1082.7,ok,-89.682637,35.880413
LM_23_OSCX_20220328_CS_811_817_SORT_LWRP_INTERP,2022-03-28 00:00:00+00:00,2022,814.0,blob,67,25255.0,1115.5,ok,-89.681653,35.879734
LM_23_OSCX_20220328_CS_811_817_SORT_LWRP_INTERP,2022-03-28 00:00:00+00:00,2022,814.0,blob,68,25662.4,1148.3,ok,-89.680673,35.878952
LM_23_OSCX_20220328_CS_811_817_SORT_LWRP_INTERP,2022-03-28 00:00:00+00:00,2022,814.0,blob,69,26114.6,1213.9,ok,-89.6797,35.877998
LM_23_OSCX_20220328_CS_811_817_SORT_LWRP_INTERP,2022-03-28 00:00:00+00:00,2022,814.0,blob,70,26558.2,1246.7,ok,-89.678726,35.877078
LM_23_OSCX_20220328_CS_811_817_SORT_LWRP_INTERP,2022-03-28 00:00:00+00:00,2022,814.0,blob,71,26949.2,1312.3,ok,-89.677744,35.876364
LM_23_OSCX_20220328_CS_811_817_SORT_LWRP_INTERP,2022-03-28 00:00:00+00:00,2022,814.0,blob,72,27310.3,1312.3,ok,-89.676755,35.875787
LM_23_OSCX_20220328_CS_811_817_SORT_LWRP_INTERP,2022-03-28 00:00:00+00:00,2022,814.0,blob,73,27638.6,1345.1,ok,-89.675758,35.875416
LM_23_OSCX_20220328_CS_811_817_SORT_LWRP_INTERP,2022-03-28 00:00:00+00:00,2022,814.0,blob,74,27943.2,1443.6,ok,-89.674751,35.875286
LM_23_OSCX_20220328_CS_811_817_SORT_LWRP_INTERP,2022-03-28 00:00:00+00:00,2022,814.0,blob,75,28255.7,1410.8,ok,-89.673747,35.875086
LM_23_OSCX_20220328_CS_811_817_SORT_LWRP_INTERP,2022-03-28 00:00:00+00:00,2022,814.0,blob,76,28598.5,1574.8,ok,-89.672755,35.874612
LM_23_OSCX_20220328_CS_811_817_SORT_LWRP_INTERP,2022-03-28 00:00:00+00:00,2022,814.0,blob,77,28929.3,1476.4,ok,-89.671756,35.874276
LM_23_OSCX_20220328_CS_811_817_SORT_LWRP_INTERP,2022-03-28 00:00:00+00:00,2022,814.0,blob,78,29237.9,1673.2,ok,-89.670752,35.874076
LM_23_OSCX_20220328_CS_811_817_SORT_LWRP_INTERP,2022-03-28 00:00:00+00:00,2022,814.0,blob,79,29548.1,1673.2,ok,-89.66975,35.873842
LM_23_OSCX_20220328_CS_811_817_SORT_LWRP_INTERP,2022-03-28 00:00:00+00:00,2022,814.0,blob,80,29850.2,1673.2,ok,-89.668741,35.873746
LM_23_OSCX_20220328_CS_811_817_SORT_LWRP_INTERP,2022-03-28 00:00:00+00:00,2022,814.0,blob,81,30152.3,1706.0,ok,-89.667733,35.873649
LM_23_OSCX_20220328_CS_811_817_SORT_LWRP_INTERP,2022-03-28 00:00:00+00:00,2022,814.0,blob,82,30456.4,1706.0,ok,-89.666722,35.873621
LM_23_OSCX_20220328_CS_811_817_SORT_LWRP_INTERP,2022-03-28 00:00:00+00:00,2022,814.0,blob,83,30759.0,1837.3,ok,-89.665709,35.873627
LM_23_OSCX_20220328_CS_811_817_SORT_LWRP_INTERP,2022-03-28 00:00:00+00:00,2022,814.0,blob,84,31060.0,1804.5,ok,-89.664698,35.873599
LM_23_OSCX_20220328_CS_811_817_SORT_LWRP_INTERP,2022-03-28 00:00:00+00:00,2022,814.0,blob,85,31361.1,1804.5,ok,-89.663684,35.873639
LM_24_CARX_20220210_CS_864_870_SORT_LWRP_A_INTERP,2022-02-10 00:00:00+00:00,2022,868.0,blob,0,152.1,1902.9,ok,-89.596388,36.347769
LM_24_CARX_20220210_CS_864_870_SORT_LWRP_A_INTERP,2022-02-10 00:00:00+00:00,2022,868.0,blob,1,462.3,1902.9,ok,-89.59538,36.347534
LM_24_CARX_20220210_CS_864_870_SORT_LWRP_A_INTERP,2022-02-10 00:00:00+00:00,2022,868.0,blob,2,772.4,1738.8,ok,-89.594372,36.3473
LM_24_CARX_20220210_CS_864_870_SORT_LWRP_A_INTERP,2022-02-10 00:00:00+00:00,2022,868.0,blob,3,1076.6,1607.6,ok,-89.59336,36.347134
LM_24_CARX_20220210_CS_864_870_SORT_LWRP_A_INTERP,2022-02-10 00:00:00+00:00,2022,868.0,blob,4,1378.6,1542.0,ok,-89.592346,36.347036
LM_24_CARX_20220210_CS_864_870_SORT_LWRP_A_INTERP,2022-02-10 00:00:00+00:00,2022,868.0,blob,5,1678.6,1607.6,ok,-89.591329,36.347007
LM_24_CARX_20220210_CS_864_870_SORT_LWRP_A_INTERP,2022-02-10 00:00:00+00:00,2022,868.0,blob,6,2008.9,1968.5,ok,-89.590324,36.346704
LM_24_CARX_20220210_CS_864_870_SORT_LWRP_A_INTERP,2022-02-10 00:00:00+00:00,2022,868.0,blob,7,2343.8,1902.9,ok,-89.589323,36.346297
LM_24_CARX_20220210_CS_864_870_SORT_LWRP_A_INTERP,2022-02-10 00:00:00+00:00,2022,868.0,blob,8,2660.9,1968.5,ok,-89.588318,36.345994
LM_24_CARX_20220210_CS_864_870_SORT_LWRP_A_INTERP,2022-02-10 00:00:00+00:00,2022,868.0,blob,9,2974.0,2034.1,ok,-89.587309,36.345759
LM_24_CARX_20220210_CS_864_870_SORT_LWRP_A_INTERP,2022-02-10 00:00:00+00:00,2022,868.0,blob,10,3274.5,2198.2,ok,-89.586294,36.345696
LM_24_CARX_20220210_CS_864_870_SORT_LWRP_A_INTERP,2022-02-10 00:00:00+00:00,2022,868.0,blob,11,3619.7,2066.9,ok,-89.585292,36.345324
LM_24_CARX_20220210_CS_864_870_SORT_LWRP_A_INTERP,2022-02-10 00:00:00+00:00,2022,868.0,blob,12,3969.6,2165.4,ok,-89.584294,36.344849
LM_24_CARX_20220210_CS_864_870_SORT_LWRP_A_INTERP,2022-02-10 00:00:00+00:00,2022,868.0,blob,13,4304.5,2591.9,ok,-89.583269,36.344991
LM_24_CARX_20220210_CS_864_870_SORT_LWRP_A_INTERP,2022-02-10 00:00:00+00:00,2022,868.0,blob,14,4634.8,2066.9,ok,-89.58224,36.345236
LM_24_CARX_20220210_CS_864_870_SORT_LWRP_A_INTERP,2022-02-10 00:00:00+00:00,2022,868.0,blob,15,4947.3,2066.9,ok,-89.58123,36.345036
LM_24_CARX_20220210_CS_864_870_SORT_LWRP_A_INTERP,2022-02-10 00:00:00+00:00,2022,868.0,blob,16,5261.8,2066.9,ok,-89.580224,36.344767
LM_24_CARX_20220210_CS_864_870_SORT_LWRP_A_INTERP,2022-02-10 00:00:00+00:00,2022,868.0,blob,17,5617.4,2231.0,ok,-89.579226,36.344292
LM_24_CARX_20220210_CS_864_870_SORT_LWRP_A_INTERP,2022-02-10 00:00:00+00:00,2022,868.0,blob,18,6001.2,2329.4,ok,-89.578237,36.343611
LM_24_CARX_20220210_CS_864_870_SORT_LWRP_A_INTERP,2022-02-10 00:00:00+00:00,2022,868.0,blob,19,6332.0,2066.9,ok,-89.577234,36.343273
LM_24_CARX_20220210_CS_864_870_SORT_LWRP_A_INTERP,2022-02-10 00:00:00+00:00,2022,868.0,blob,20,6640.6,2001.3,ok,-89.576224,36.343073
LM_24_CARX_20220210_CS_864_870_SORT_LWRP_A_INTERP,2022-02-10 00:00:00+00:00,2022,868.0,blob,21,7038.8,2755.9,ok,-89.575235,36.342392
LM_24_CARX_20220210_CS_864_870_SORT_LWRP_A_INTERP,2022-02-10 00:00:00+00:00,2022,868.0,blob,22,7431.0,2099.7,ok,-89.574244,36.34178
LM_24_CARX_20220210_CS_864_870_SORT_LWRP_A_INTERP,2022-02-10 00:00:00+00:00,2022,868.0,blob,23,7745.6,2559.1,ok,-89.573222,36.341854
LM_24_CARX_20220210_CS_864_870_SORT_LWRP_A_INTERP,2022-02-10 00:00:00+00:00,2022,868.0,blob,24,8060.1,2099.7,ok,-89.5722,36.341927
LM_24_CARX_20220210_CS_864_870_SORT_LWRP_A_INTERP,2022-02-10 00:00:00+00:00,2022,868.0,blob,25,8399.7,2395.0,ok,-89.5712,36.341521
LM_24_CARX_20220210_CS_864_870_SORT_LWRP_A_INTERP,2022-02-10 00:00:00+00:00,2022,868.0,blob,26,8745.3,2198.2,ok,-89.570202,36.341046
LM_24_CARX_20220210_CS_864_870_SORT_LWRP_A_INTERP,2022-02-10 00:00:00+00:00,2022,868.0,blob,27,9055.5,2132.5,ok,-89.569194,36.340811
LM_24_CARX_20220210_CS_864_870_SORT_LWRP_A_INTERP,2022-02-10 00:00:00+00:00,2022,868.0,blob,28,9467.7,2690.3,ok,-89.568206,36.34013
LM_24_CARX_20220210_CS_864_870_SORT_LWRP_A_INTERP,2022-02-10 00:00:00+00:00,2022,868.0,blob,29,9882.4,1935.7,ok,-89.567219,36.339415
LM_24_CARX_20220210_CS_864_870_SORT_LWRP_A_INTERP,2022-02-10 00:00:00+00:00,2022,868.0,blob,30,10204.7,2624.7,ok,-89.566197,36.339489
LM_24_CARX_20220210_CS_864_870_SORT_LWRP_A_INTERP,2022-02-10 00:00:00+00:00,2022,868.0,blob,31,10530.6,1870.1,ok,-89.565177,36.339528
LM_24_CARX_20220210_CS_864_870_SORT_LWRP_A_INTERP,2022-02-10 00:00:00+00:00,2022,868.0,blob,32,10948.8,2165.4,ok,-89.564191,36.338779
LM_24_CARX_20220210_CS_864_870_SORT_LWRP_A_INTERP,2022-02-10 00:00:00+00:00,2022,868.0,blob,33,11382.5,1771.7,ok,-89.56321,36.337927
LM_24_CARX_20220210_CS_864_870_SORT_LWRP_A_INTERP,2022-02-10 00:00:00+00:00,2022,868.0,blob,34,11768.3,1410.8,ok,-89.562222,36.337246
LM_24_CARX_20220210_CS_864_870_SORT_LWRP_A_INTERP,2022-02-10 00:00:00+00:00,2022,868.0,blob,35,12138.6,1640.4,ok,-89.561229,36.336668
LM_24_CARX_20220210_CS_864_870_SORT_LWRP_A_INTERP,2022-02-10 00:00:00+00:00,2022,868.0,blob,36,12448.8,1213.9,ok,-89.560221,36.336433
LM_24_CARX_20220210_CS_864_870_SORT_LWRP_A_INTERP,2022-02-10 00:00:00+00:00,2022,868.0,blob,37,12763.3,1345.1,ok,-89.559215,36.336164
LM_24_CARX_20220210_CS_864_870_SORT_LWRP_A_INTERP,2022-02-10 00:00:00+00:00,2022,868.0,blob,38,13080.4,1345.1,ok,-89.55821,36.33586
LM_24_CARX_20220210_CS_864_870_SORT_LWRP_A_INTERP,2022-02-10 00:00:00+00:00,2022,868.0,blob,39,13397.6,1279.5,ok,-89.557205,36.335557
LM_24_CARX_20220210_CS_864_870_SORT_LWRP_A_INTERP,2022-02-10 00:00:00+00:00,2022,868.0,blob,40,13710.6,1312.3,ok,-89.556197,36.335322
LM_24_CARX_20220210_CS_864_870_SORT_LWRP_A_INTERP,2022-02-10 00:00:00+00:00,2022,868.0,blob,41,14013.2,1279.5,ok,-89.555184,36.335189
LM_24_CARX_20220210_CS_864_870_SORT_LWRP_A_INTERP,2022-02-10 00:00:00+00:00,2022,868.0,blob,42,14327.7,1607.6,ok,-89.554178,36.33492
LM_24_CARX_20220210_CS_864_870_SORT_LWRP_A_INTERP,2022-02-10 00:00:00+00:00,2022,868.0,blob,43,14644.9,1410.8,ok,-89.553173,36.334616
LM_24_CARX_20220210_CS_864_870_SORT_LWRP_A_INTERP,2022-02-10 00:00:00+00:00,2022,868.0,blob,44,14950.0,1410.8,ok,-89.552162,36.33445
LM_24_CARX_20220210_CS_864_870_SORT_LWRP_A_INTERP,2022-02-10 00:00:00+00:00,2022,868.0,blob,45,15251.0,1410.8,ok,-89.551145,36.334421
LM_24_CARX_20220210_CS_864_870_SORT_LWRP_A_INTERP,2022-02-10 00:00:00+00:00,2022,868.0,blob,46,15559.7,1378.0,ok,-89.550132,36.334288
LM_24_CARX_20220210_CS_864_870_SORT_LWRP_A_INTERP,2022-02-10 00:00:00+00:00,2022,868.0,blob,47,15868.3,1378.0,ok,-89.54912,36.334156
LM_24_CARX_20220210_CS_864_870_SORT_LWRP_A_INTERP,2022-02-10 00:00:00+00:00,2022,868.0,blob,48,16168.8,1312.3,ok,-89.548101,36.334161
LM_24_CARX_20220210_CS_864_870_SORT_LWRP_A_INTERP,2022-02-10 00:00:00+00:00,2022,868.0,blob,49,16468.8,1410.8,ok,-89.547084,36.334132
LM_24_CARX_20220210_CS_864_870_SORT_LWRP_A_INTERP,2022-02-10 00:00:00+00:00,2022,868.0,blob,50,16773.4,1476.4,ok,-89.546063,36.334205
LM_24_CARX_20220210_CS_864_870_SORT_LWRP_A_INTERP,2022-02-10 00:00:00+00:00,2022,868.0,blob,51,17082.7,1673.2,ok,-89.545046,36.334176
LM_24_CARX_20220210_CS_864_870_SORT_LWRP_A_INTERP,2022-02-10 00:00:00+00:00,2022,868.0,blob,52,17387.8,1509.2,ok,-89.544032,36.334078
LM_24_CARX_20220210_CS_864_870_SORT_LWRP_A_INTERP,2022-02-10 00:00:00+00:00,2022,868.0,blob,53,17688.8,1509.2,ok,-89.543012,36.334117
LM_24_CARX_20220210_CS_864_870_SORT_LWRP_A_INTERP,2022-02-10 00:00:00+00:00,2022,868.0,blob,54,17989.9,1607.6,ok,-89.541995,36.334087
LM_24_CARX_20220210_CS_864_870_SORT_LWRP_A_INTERP,2022-02-10 00:00:00+00:00,2022,868.0,blob,55,18290.4,1542.0,ok,-89.540979,36.334023
LM_24_CARX_20220210_CS_864_870_SORT_LWRP_A_INTERP,2022-02-10 00:00:00+00:00,2022,868.0,blob,56,18590.4,1804.5,ok,-89.539962,36.333994
LM_24_CARX_20220210_CS_864_870_SORT_LWRP_A_INTERP,2022-02-10 00:00:00+00:00,2022,868.0,blob,57,18890.9,1804.5,ok,-89.538947,36.33393
LM_24_CARX_20220210_CS_864_870_SORT_LWRP_A_INTERP,2022-02-10 00:00:00+00:00,2022,868.0,blob,58,19192.0,1804.5,ok,-89.53793,36.333901
LM_24_CARX_20220210_CS_864_870_SORT_LWRP_A_INTERP,2022-02-10 00:00:00+00:00,2022,868.0,blob,59,19494.5,1771.7,ok,-89.536908,36.333974
LM_24_CARX_20220210_CS_864_870_SORT_LWRP_A_INTERP,2022-02-10 00:00:00+00:00,2022,868.0,blob,60,19801.2,1804.5,ok,-89.535883,36.334116
LM_24_CARX_20220210_CS_864_870_SORT_LWRP_A_INTERP,2022-02-10 00:00:00+00:00,2022,868.0,blob,61,20118.4,1771.7,ok,-89.534854,36.334361
LM_24_CARX_20220210_CS_864_870_SORT_LWRP_A_INTERP,2022-02-10 00:00:00+00:00,2022,868.0,blob,62,20430.9,1837.3,ok,-89.53383,36.334503
LM_24_CARX_20220210_CS_864_870_SORT_LWRP_A_INTERP,2022-02-10 00:00:00+00:00,2022,868.0,blob,63,20735.5,1771.7,ok,-89.532808,36.334576
LM_24_CARX_20220210_CS_864_870_SORT_LWRP_A_INTERP,2022-02-10 00:00:00+00:00,2022,868.0,blob,64,21063.7,1771.7,ok,-89.531776,36.334889
LM_24_CARX_20220210_CS_864_870_SORT_LWRP_A_INTERP,2022-02-10 00:00:00+00:00,2022,868.0,blob,65,21395.5,1771.7,ok,-89.530742,36.335237
LM_24_CARX_20220210_CS_864_870_SORT_LWRP_A_INTERP,2022-02-10 00:00:00+00:00,2022,868.0,blob,66,21721.3,1804.5,ok,-89.52971,36.33555
LM_24_CARX_20220210_CS_864_870_SORT_LWRP_A_INTERP,2022-02-10 00:00:00+00:00,2022,868.0,blob,67,22062.7,1804.5,ok,-89.528673,36.335966
LM_24_CARX_20220210_CS_864_870_SORT_LWRP_A_INTERP,2022-02-10 00:00:00+00:00,2022,868.0,blob,68,22457.5,1804.5,ok,-89.527625,36.336622
LM_24_CARX_20220210_CS_864_870_SORT_LWRP_A_INTERP,2022-02-10 00:00:00+00:00,2022,868.0,blob,69,22882.1,1804.5,ok,-89.526572,36.337416
LM_24_CARX_20220210_CS_864_870_SORT_LWRP_A_INTERP,2022-02-10 00:00:00+00:00,2022,868.0,blob,70,23265.9,1837.3,ok,-89.525526,36.338038
LM_24_CARX_20220210_CS_864_870_SORT_LWRP_A_INTERP,2022-02-10 00:00:00+00:00,2022,868.0,blob,71,23658.3,1804.5,ok,-89.524478,36.338694
LM_24_CARX_20220210_CS_864_870_SORT_LWRP_B_INTERP,2022-02-10 00:00:00+00:00,2022,864.0,blob,0,180.3,1312.3,ok,-89.610362,36.306132
LM_24_CARX_20220210_CS_864_870_SORT_LWRP_B_INTERP,2022-02-10 00:00:00+00:00,2022,864.0,blob,1,555.8,1279.5,ok,-89.611089,36.306977
LM_24_CARX_20220210_CS_864_870_SORT_LWRP_B_INTERP,2022-02-10 00:00:00+00:00,2022,864.0,blob,2,918.8,1345.1,ok,-89.611731,36.307819
LM_24_CARX_20220210_CS_864_870_SORT_LWRP_B_INTERP,2022-02-10 00:00:00+00:00,2022,864.0,blob,3,1298.6,1312.3,ok,-89.612458,36.308664
LM_24_CARX_20220210_CS_864_870_SORT_LWRP_B_INTERP,2022-02-10 00:00:00+00:00,2022,864.0,blob,4,1706.0,1279.5,ok,-89.613354,36.309513
LM_24_CARX_20220210_CS_864_870_SORT_LWRP_B_INTERP,2022-02-10 00:00:00+00:00,2022,864.0,blob,5,2074.9,1279.5,ok,-89.614039,36.310356
LM_24_CARX_20220210_CS_864_870_SORT_LWRP_B_INTERP,2022-02-10 00:00:00+00:00,2022,864.0,blob,6,2411.1,1213.9,ok,-89.614512,36.311194
LM_24_CARX_20220210_CS_864_870_SORT_LWRP_B_INTERP,2022-02-10 00:00:00+00:00,2022,864.0,blob,7,2736.1,1279.5,ok,-89.6149,36.312029
LM_24_CARX_20220210_CS_864_870_SORT_LWRP_B_INTERP,2022-02-10 00:00:00+00:00,2022,864.0,blob,8,3086.1,1246.7,ok,-89.615457,36.312868
LM_24_CARX_20220210_CS_864_870_SORT_LWRP_B_INTERP,2022-02-10 00:00:00+00:00,2022,864.0,blob,9,3453.8,1181.1,ok,-89.616142,36.313712
LM_24_CARX_20220210_CS_864_870_SORT_LWRP_B_INTERP,2022-02-10 00:00:00+00:00,2022,864.0,blob,10,3807.8,1213.9,ok,-89.616742,36.314553
LM_24_CARX_20220210_CS_864_870_SORT_LWRP_B_INTERP,2022-02-10 00:00:00+00:00,2022,864.0,blob,11,4143.9,1213.9,ok,-89.617215,36.31539
LM_24_CARX_20220210_CS_864_870_SORT_LWRP_B_INTERP,2022-02-10 00:00:00+00:00,2022,864.0,blob,12,4480.1,1115.5,ok,-89.617687,36.316227
LM_24_CARX_20220210_CS_864_870_SORT_LWRP_B_INTERP,2022-02-10 00:00:00+00:00,2022,864.0,blob,13,4834.0,1181.1,ok,-89.618287,36.317068
LM_24_CARX_20220210_CS_864_870_SORT_LWRP_B_INTERP,2022-02-10 00:00:00+00:00,2022,864.0,blob,14,5188.0,1181.1,ok,-89.618887,36.317909
LM_24_CARX_20220210_CS_864_870_SORT_LWRP_B_INTERP,2022-02-10 00:00:00+00:00,2022,864.0,blob,15,5524.1,1115.5,ok,-89.61936,36.318747
LM_24_CARX_20220210_CS_864_870_SORT_LWRP_B_INTERP,2022-02-10 00:00:00+00:00,2022,864.0,blob,16,5854.3,1181.1,ok,-89.619791,36.319583
LM_24_CARX_20220210_CS_864_870_SORT_LWRP_B_INTERP,2022-02-10 00:00:00+00:00,2022,864.0,blob,17,6189.7,1082.7,ok,-89.620264,36.32042
LM_24_CARX_20220210_CS_864_870_SORT_LWRP_B_INTERP,2022-02-10 00:00:00+00:00,2022,864.0,blob,18,6515.5,1148.3,ok,-89.620652,36.321255
LM_24_CARX_20220210_CS_864_870_SORT_LWRP_B_INTERP,2022-02-10 00:00:00+00:00,2022,864.0,blob,19,6831.8,1213.9,ok,-89.620955,36.322088
LM_24_CARX_20220210_CS_864_870_SORT_LWRP_B_INTERP,2022-02-10 00:00:00+00:00,2022,864.0,blob,20,7148.0,1246.7,ok,-89.621258,36.32292
LM_24_CARX_20220210_CS_864_870_SORT_LWRP_B_INTERP,2022-02-10 00:00:00+00:00,2022,864.0,blob,21,7464.2,1246.7,ok,-89.621562,36.323753
LM_24_CARX_20220210_CS_864_870_SORT_LWRP_B_INTERP,2022-02-10 00:00:00+00:00,2022,864.0,blob,22,7780.5,1246.7,ok,-89.621865,36.324585
LM_24_CARX_20220210_CS_864_870_SORT_LWRP_B_INTERP,2022-02-10 00:00:00+00:00,2022,864.0,blob,23,8101.1,1345.1,ok,-89.622211,36.325419
LM_24_CARX_20220210_CS_864_870_SORT_LWRP_B_INTERP,2022-02-10 00:00:00+00:00,2022,864.0,blob,24,8414.1,1312.3,ok,-89.62243,36.326249
LM_24_CARX_20220210_CS_864_870_SORT_LWRP_B_INTERP,2022-02-10 00:00:00+00:00,2022,864.0,blob,25,8714.6,1312.3,ok,-89.622437,36.327073
LM_24_CARX_20220210_CS_864_870_SORT_LWRP_B_INTERP,2022-02-10 00:00:00+00:00,2022,864.0,blob,26,9016.7,1279.5,ok,-89.622486,36.327898
LM_24_CARX_20220210_CS_864_870_SORT_LWRP_B_INTERP,2022-02-10 00:00:00+00:00,2022,864.0,blob,27,9318.7,1279.5,ok,-89.622535,36.328724
LM_24_CARX_20220210_CS_864_870_SORT_LWRP_B_INTERP,2022-02-10 00:00:00+00:00,2022,864.0,blob,28,9620.8,1312.3,ok,-89.622415,36.329544
LM_24_CARX_20220210_CS_864_870_SORT_LWRP_B_INTERP,2022-02-10 00:00:00+00:00,2022,864.0,blob,29,9925.0,1312.3,ok,-89.62221,36.330362
LM_24_CARX_20220210_CS_864_870_SORT_LWRP_B_INTERP,2022-02-10 00:00:00+00:00,2022,864.0,blob,30,10227.5,1279.5,ok,-89.622047,36.331182
LM_24_CARX_20220210_CS_864_870_SORT_LWRP_B_INTERP,2022-02-10 00:00:00+00:00,2022,864.0,blob,31,10540.6,1312.3,ok,-89.621757,36.331998
LM_24_CARX_20220210_CS_864_870_SORT_LWRP_B_INTERP,2022-02-10 00:00:00+00:00,2022,864.0,blob,32,10883.3,1345.1,ok,-89.621171,36.332805
LM_24_CARX_20220210_CS_864_870_SORT_LWRP_B_INTERP,2022-02-10 00:00:00+00:00,2022,864.0,blob,33,11218.2,1279.5,ok,-89.620669,36.333615
LM_24_CARX_20220210_CS_864_870_SORT_LWRP_B_INTERP,2022-02-10 00:00:00+00:00,2022,864.0,blob,34,11527.5,1345.1,ok,-89.620379,36.33443
LM_24_CARX_20220210_CS_864_870_SORT_LWRP_B_INTERP,2022-02-10 00:00:00+00:00,2022,864.0,blob,35,11840.2,1312.3,ok,-89.620047,36.335245
LM_24_CARX_20220210_CS_864_870_SORT_LWRP_B_INTERP,2022-02-10 00:00:00+00:00,2022,864.0,blob,36,12156.4,1378.0,ok,-89.619672,36.336058
LM_24_CARX_20220210_CS_864_870_SORT_LWRP_B_INTERP,2022-02-10 00:00:00+00:00,2022,864.0,blob,37,12518.0,1410.8,ok,-89.619001,36.336863
LM_24_CARX_20220210_CS_864_870_SORT_LWRP_B_INTERP,2022-02-10 00:00:00+00:00,2022,864.0,blob,38,12933.6,1443.6,ok,-89.61799,36.337658
LM_24_CARX_20220210_CS_864_870_SORT_LWRP_B_INTERP,2022-02-10 00:00:00+00:00,2022,864.0,blob,39,13300.4,1673.2,ok,-89.617573,36.338471
LM_24_CARX_20220210_CS_864_870_SORT_LWRP_B_INTERP,2022-02-10 00:00:00+00:00,2022,864.0,blob,40,13607.1,1509.2,ok,-89.61775,36.3393
LM_24_CARX_20220210_CS_864_870_SORT_LWRP_B_INTERP,2022-02-10 00:00:00+00:00,2022,864.0,blob,41,13932.8,1378.0,ok,-89.617502,36.340116
LM_24_CARX_20220210_CS_864_870_SORT_LWRP_B_INTERP,2022-02-10 00:00:00+00:00,2022,864.0,blob,42,14274.2,1246.7,ok,-89.616916,36.340924
LM_24_CARX_20220210_CS_864_870_SORT_LWRP_B_INTERP,2022-02-10 00:00:00+00:00,2022,864.0,blob,43,14609.6,1279.5,ok,-89.616371,36.341732
LM_24_CARX_20220210_CS_864_870_SORT_LWRP_B_INTERP,2022-02-10 00:00:00+00:00,2022,864.0,blob,44,14950.9,1279.5,ok,-89.615785,36.34254
LM_24_CARX_20220210_CS_864_870_SORT_LWRP_B_INTERP,2022-02-10 00:00:00+00:00,2022,864.0,blob,45,15328.1,1312.3,ok,-89.614986,36.343341
LM_24_CARX_20220210_CS_864_870_SORT_LWRP_B_INTERP,2022-02-10 00:00:00+00:00,2022,864.0,blob,46,15699.3,1607.6,ok,-89.61423,36.344143
LM_24_CARX_20220210_CS_864_870_SORT_LWRP_B_INTERP,2022-02-10 00:00:00+00:00,2022,864.0,blob,47,16040.6,1804.5,ok,-89.613643,36.344951
LM_24_CARX_20220210_CS_864_870_SORT_LWRP_B_INTERP,2022-02-10 00:00:00+00:00,2022,864.0,blob,48,16417.8,1804.5,ok,-89.612845,36.345752
LM_24_CARX_20220210_CS_864_870_SORT_LWRP_B_INTERP,2022-02-10 00:00:00+00:00,2022,864.0,blob,49,16861.4,1804.5,ok,-89.611707,36.346544
LM_24_CARX_20220210_CS_864_870_SORT_LWRP_B_INTERP,2022-02-10 00:00:00+00:00,2022,864.0,blob,50,17351.5,1902.9,ok,-89.610357,36.347329
LM_24_CARX_20220210_CS_864_870_SORT_LWRP_B_INTERP,2022-02-10 00:00:00+00:00,2022,864.0,blob,51,18513.9,1870.1,ok,-89.606592,36.348046
LM_24_CARX_20220411_CS_840_842_SORT_LWRP_INTERP,2022-04-11 00:00:00+00:00,2022,841.0,blob,0,180.3,1246.7,ok,-89.591126,36.120217
LM_24_CARX_20220411_CS_840_842_SORT_LWRP_INTERP,2022-04-11 00:00:00+00:00,2022,841.0,blob,1,540.8,1410.8,ok,-89.590415,36.121021
LM_24_CARX_20220411_CS_840_842_SORT_LWRP_INTERP,2022-04-11 00:00:00+00:00,2022,841.0,blob,2,901.4,1213.9,ok,-89.589703,36.121824
LM_24_CARX_20220411_CS_840_842_SORT_LWRP_INTERP,2022-04-11 00:00:00+00:00,2022,841.0,blob,3,1302.8,1148.3,ok,-89.58878,36.122622
LM_24_CARX_20220411_CS_840_842_SORT_LWRP_INTERP,2022-04-11 00:00:00+00:00,2022,841.0,blob,4,1736.1,1213.9,ok,-89.587687,36.123415
LM_24_CARX_20220411_CS_840_842_SORT_LWRP_INTERP,2022-04-11 00:00:00+00:00,2022,841.0,blob,5,2160.4,1213.9,ok,-89.586637,36.124209
LM_24_CARX_20220411_CS_840_842_SORT_LWRP_INTERP,2022-04-11 00:00:00+00:00,2022,841.0,blob,6,2540.2,1279.5,ok,-89.585841,36.12501
LM_24_CARX_20220411_CS_840_842_SORT_LWRP_INTERP,2022-04-11 00:00:00+00:00,2022,841.0,blob,7,2860.0,1607.6,ok,-89.585636,36.125828
LM_24_CARX_20220411_CS_840_842_SORT_LWRP_INTERP,2022-04-11 00:00:00+00:00,2022,841.0,blob,8,3215.5,1345.1,ok,-89.58522,36.12664
LM_24_CARX_20220411_CS_840_842_SORT_LWRP_INTERP,2022-04-11 00:00:00+00:00,2022,841.0,blob,9,3573.6,1246.7,ok,-89.584593,36.127446
LM_24_CARX_20220411_CS_840_842_SORT_LWRP_INTERP,2022-04-11 00:00:00+00:00,2022,841.0,blob,10,3890.7,1213.9,ok,-89.584219,36.12826
LM_24_CARX_20220411_CS_840_842_SORT_LWRP_INTERP,2022-04-11 00:00:00+00:00,2022,841.0,blob,11,4233.5,1443.6,ok,-89.583634,36.129067
LM_24_CARX_20220411_CS_840_842_SORT_LWRP_INTERP,2022-04-11 00:00:00+00:00,2022,841.0,blob,12,4576.3,1443.6,ok,-89.583049,36.129874
LM_24_CARX_20220411_CS_840_842_SORT_LWRP_INTERP,2022-04-11 00:00:00+00:00,2022,841.0,blob,13,4901.3,1410.8,ok,-89.58259,36.130685
LM_24_CARX_20220411_CS_840_842_SORT_LWRP_INTERP,2022-04-11 00:00:00+00:00,2022,841.0,blob,14,5218.4,1410.8,ok,-89.582216,36.131498
LM_24_CARX_20220411_CS_840_842_SORT_LWRP_INTERP,2022-04-11 00:00:00+00:00,2022,841.0,blob,15,5525.1,1443.6,ok,-89.581969,36.132315
LM_24_CARX_20220411_CS_840_842_SORT_LWRP_INTERP,2022-04-11 00:00:00+00:00,2022,841.0,blob,16,5831.8,1574.8,ok,-89.581722,36.133132
LM_24_CARX_20220411_CS_840_842_SORT_LWRP_INTERP,2022-04-11 00:00:00+00:00,2022,841.0,blob,17,6141.0,1673.2,ok,-89.581433,36.133948
LM_24_CARX_20220411_CS_840_842_SORT_LWRP_INTERP,2022-04-11 00:00:00+00:00,2022,841.0,blob,18,6447.7,1771.7,ok,-89.581186,36.134765
LM_24_CARX_20220411_CS_840_842_SORT_LWRP_INTERP,2022-04-11 00:00:00+00:00,2022,841.0,blob,19,6803.3,2231.0,ok,-89.58153,36.135598
LM_24_CARX_20220411_CS_840_842_SORT_LWRP_INTERP,2022-04-11 00:00:00+00:00,2022,841.0,blob,20,7218.9,2591.9,ok,-89.582467,36.136449
LM_24_CARX_20220411_CS_840_842_SORT_LWRP_INTERP,2022-04-11 00:00:00+00:00,2022,841.0,blob,21,7581.0,1935.7,ok,-89.582938,36.137287
LM_24_CARX_20220411_CS_840_842_SORT_LWRP_INTERP,2022-04-11 00:00:00+00:00,2022,841.0,blob,22,7943.1,2788.7,ok,-89.58341,36.138124
LM_24_CARX_20220411_CS_840_842_SORT_LWRP_INTERP,2022-04-11 00:00:00+00:00,2022,841.0,blob,23,8305.3,1837.3,ok,-89.583882,36.138961
LM_24_CARX_20220411_CS_840_842_SORT_LWRP_INTERP,2022-04-11 00:00:00+00:00,2022,841.0,blob,24,8642.8,2657.5,ok,-89.583465,36.139773
LM_24_CARX_20220411_CS_840_842_SORT_LWRP_INTERP,2022-04-11 00:00:00+00:00,2022,841.0,blob,25,9003.9,2591.9,ok,-89.582753,36.140577
LM_24_CARX_20220411_CS_840_842_SORT_LWRP_INTERP,2022-04-11 00:00:00+00:00,2022,841.0,blob,26,9365.1,2624.7,ok,-89.582041,36.141381
LM_24_CARX_20220411_CS_840_842_SORT_LWRP_INTERP,2022-04-11 00:00:00+00:00,2022,841.0,blob,27,9703.1,2165.4,ok,-89.581667,36.142194
LM_24_CARX_20220411_CS_840_842_SORT_LWRP_INTERP,2022-04-11 00:00:00+00:00,2022,841.0,blob,28,10003.6,2099.7,ok,-89.581674,36.143018
LM_24_CARX_20220411_CS_840_842_SORT_LWRP_INTERP,2022-04-11 00:00:00+00:00,2022,841.0,blob,29,10305.7,2001.3,ok,-89.581723,36.143843
LM_24_CARX_20220411_CS_840_842_SORT_LWRP_INTERP,2022-04-11 00:00:00+00:00,2022,841.0,blob,30,10612.4,1378.0,ok,-89.581645,36.144665
LM_24_CARX_20220411_CS_840_842_SORT_LWRP_INTERP,2022-04-11 00:00:00+00:00,2022,841.0,blob,31,10929.5,1804.5,ok,-89.581693,36.14549
LM_24_CARX_20220411_CS_840_842_SORT_LWRP_INTERP,2022-04-11 00:00:00+00:00,2022,841.0,blob,32,11244.1,1804.5,ok,-89.581954,36.146322
LM_24_CARX_20220411_CS_840_842_SORT_LWRP_INTERP,2022-04-11 00:00:00+00:00,2022,841.0,blob,33,11548.2,1804.5,ok,-89.582087,36.14715
LM_24_CARX_20220411_CS_840_842_SORT_LWRP_INTERP,2022-04-11 00:00:00+00:00,2022,841.0,blob,34,11912.4,1837.3,ok,-89.582643,36.147989
LM_24_CARX_20220411_CS_840_842_SORT_LWRP_INTERP,2022-04-11 00:00:00+00:00,2022,841.0,blob,35,12336.7,1935.7,ok,-89.583622,36.148841
LM_24_CARX_20220411_CS_840_842_SORT_LWRP_INTERP,2022-04-11 00:00:00+00:00,2022,841.0,blob,36,12706.9,1607.6,ok,-89.584263,36.149684
LM_24_CARX_20220411_CS_840_842_SORT_LWRP_INTERP,2022-04-11 00:00:00+00:00,2022,841.0,blob,37,13015.0,1804.5,ok,-89.584396,36.150511
LM_24_CARX_20220411_CS_840_842_SORT_LWRP_INTERP,2022-04-11 00:00:00+00:00,2022,841.0,blob,38,13323.1,1509.2,ok,-89.584529,36.151339
LM_24_CARX_20220411_CS_840_842_SORT_LWRP_INTERP,2022-04-11 00:00:00+00:00,2022,841.0,blob,39,13741.4,1902.9,ok,-89.585382,36.152187
LM_24_CARX_20220411_CS_840_842_SORT_LWRP_INTERP,2022-04-11 00:00:00+00:00,2022,841.0,blob,40,14156.1,2034.1,ok,-89.586191,36.153034
LM_24_CARX_20220411_CS_840_842_SORT_LWRP_INTERP,2022-04-11 00:00:00+00:00,2022,841.0,blob,41,14522.8,1902.9,ok,-89.58679,36.153875
LM_24_CARX_20220411_CS_840_842_SORT_LWRP_INTERP,2022-04-11 00:00:00+00:00,2022,841.0,blob,42,14887.0,2034.1,ok,-89.587346,36.154715
LM_24_CARX_20220411_CS_840_842_SORT_LWRP_INTERP,2022-04-11 00:00:00+00:00,2022,841.0,blob,43,15234.4,1870.1,ok,-89.587818,36.155553
LM_24_CARX_20220411_CS_840_842_SORT_LWRP_INTERP,2022-04-11 00:00:00+00:00,2022,841.0,blob,44,15592.1,1902.9,ok,-89.588416,36.156394
LM_24_CARX_20220411_CS_840_842_SORT_LWRP_INTERP,2022-04-11 00:00:00+00:00,2022,841.0,blob,45,15958.1,1902.9,ok,-89.589057,36.157236
LM_24_CARX_20220411_CS_840_842_SORT_LWRP_INTERP,2022-04-11 00:00:00+00:00,2022,841.0,blob,46,16316.2,1935.7,ok,-89.589613,36.158076
LM_24_CARX_20220411_CS_840_842_SORT_LWRP_INTERP,2022-04-11 00:00:00+00:00,2022,841.0,blob,47,16633.3,1804.5,ok,-89.589916,36.158908
LM_25_MADX_20220331_CS_917_904_SORT_LWRP_A_INTERP,2022-03-31 00:00:00+00:00,2022,906.0,blob,0,154.6,1607.6,ok,-89.41025,36.497258
LM_25_MADX_20220331_CS_917_904_SORT_LWRP_A_INTERP,2022-03-31 00:00:00+00:00,2022,906.0,blob,1,461.3,1345.1,ok,-89.409999,36.498075
LM_25_MADX_20220331_CS_917_904_SORT_LWRP_A_INTERP,2022-03-31 00:00:00+00:00,2022,906.0,blob,2,768.0,1476.4,ok,-89.409749,36.498891
LM_25_MADX_20220331_CS_917_904_SORT_LWRP_A_INTERP,2022-03-31 00:00:00+00:00,2022,906.0,blob,3,1077.2,1574.8,ok,-89.409456,36.499706
LM_25_MADX_20220331_CS_917_904_SORT_LWRP_A_INTERP,2022-03-31 00:00:00+00:00,2022,906.0,blob,4,1383.9,1673.2,ok,-89.409206,36.500522
LM_25_MADX_20220331_CS_917_904_SORT_LWRP_A_INTERP,2022-03-31 00:00:00+00:00,2022,906.0,blob,5,1688.0,1673.2,ok,-89.408998,36.50134
LM_25_MADX_20220331_CS_917_904_SORT_LWRP_A_INTERP,2022-03-31 00:00:00+00:00,2022,906.0,blob,6,1992.2,1738.8,ok,-89.40879,36.502158
LM_25_MADX_20220331_CS_917_904_SORT_LWRP_A_INTERP,2022-03-31 00:00:00+00:00,2022,906.0,blob,7,2294.8,1804.5,ok,-89.408625,36.502976
LM_25_MADX_20220331_CS_917_904_SORT_LWRP_A_INTERP,2022-03-31 00:00:00+00:00,2022,906.0,blob,8,2595.8,1837.3,ok,-89.408502,36.503797
LM_25_MADX_20220331_CS_917_904_SORT_LWRP_A_INTERP,2022-03-31 00:00:00+00:00,2022,906.0,blob,9,2898.4,1870.1,ok,-89.408336,36.504615
LM_25_MADX_20220331_CS_917_904_SORT_LWRP_A_INTERP,2022-03-31 00:00:00+00:00,2022,906.0,blob,10,3201.0,1870.1,ok,-89.408171,36.505434
LM_25_MADX_20220331_CS_917_904_SORT_LWRP_A_INTERP,2022-03-31 00:00:00+00:00,2022,906.0,blob,11,3506.1,1837.3,ok,-89.407963,36.506252
LM_25_MADX_20220331_CS_917_904_SORT_LWRP_A_INTERP,2022-03-31 00:00:00+00:00,2022,906.0,blob,12,3810.7,1804.5,ok,-89.407797,36.507071
LM_25_MADX_20220331_CS_917_904_SORT_LWRP_A_INTERP,2022-03-31 00:00:00+00:00,2022,906.0,blob,13,4118.9,1837.3,ok,-89.40759,36.507888
LM_25_MADX_20220331_CS_917_904_SORT_LWRP_A_INTERP,2022-03-31 00:00:00+00:00,2022,906.0,blob,14,4431.6,1837.3,ok,-89.407254,36.508702
LM_25_MADX_20220331_CS_917_904_SORT_LWRP_A_INTERP,2022-03-31 00:00:00+00:00,2022,906.0,blob,15,4736.7,1902.9,ok,-89.407131,36.509522
LM_25_MADX_20220331_CS_917_904_SORT_LWRP_A_INTERP,2022-03-31 00:00:00+00:00,2022,906.0,blob,16,5067.5,2329.4,ok,-89.407475,36.510357
LM_25_MADX_20220331_CS_917_904_SORT_LWRP_A_INTERP,2022-03-31 00:00:00+00:00,2022,906.0,blob,17,5428.1,2690.3,ok,-89.408117,36.5112
LM_25_MADX_20220331_CS_917_904_SORT_LWRP_A_INTERP,2022-03-31 00:00:00+00:00,2022,906.0,blob,18,5782.0,2985.6,ok,-89.408716,36.512042
LM_25_MADX_20220331_CS_917_904_SORT_LWRP_A_INTERP,2022-03-31 00:00:00+00:00,2022,906.0,blob,19,6135.9,3215.2,ok,-89.409315,36.512884
LM_25_MADX_20220331_CS_917_904_SORT_LWRP_A_INTERP,2022-03-31 00:00:00+00:00,2022,906.0,blob,20,6466.2,2526.2,ok,-89.409616,36.513717
LM_25_MADX_20220331_CS_917_904_SORT_LWRP_A_INTERP,2022-03-31 00:00:00+00:00,2022,906.0,blob,21,6837.4,3215.2,ok,-89.409026,36.514523
LM_25_MADX_20220331_CS_917_904_SORT_LWRP_A_INTERP,2022-03-31 00:00:00+00:00,2022,906.0,blob,22,7209.0,2493.4,ok,-89.408394,36.515328
LM_25_MADX_20220331_CS_917_904_SORT_LWRP_A_INTERP,2022-03-31 00:00:00+00:00,2022,906.0,blob,23,7510.1,2526.2,ok,-89.408355,36.51615
LM_25_MADX_20220331_CS_917_904_SORT_LWRP_A_INTERP,2022-03-31 00:00:00+00:00,2022,906.0,blob,24,7812.7,2362.2,ok,-89.408445,36.516977
LM_25_MADX_20220331_CS_917_904_SORT_LWRP_A_INTERP,2022-03-31 00:00:00+00:00,2022,906.0,blob,25,8116.8,2329.4,ok,-89.408577,36.517805
LM_25_MADX_20220331_CS_917_904_SORT_LWRP_A_INTERP,2022-03-31 00:00:00+00:00,2022,906.0,blob,26,8449.1,2690.3,ok,-89.408963,36.51864
LM_25_MADX_20220331_CS_917_904_SORT_LWRP_A_INTERP,2022-03-31 00:00:00+00:00,2022,906.0,blob,27,8779.9,2099.7,ok,-89.409222,36.519472
LM_25_MADX_20220331_CS_917_904_SORT_LWRP_A_INTERP,2022-03-31 00:00:00+00:00,2022,906.0,blob,28,9088.6,2165.4,ok,-89.409312,36.520298
LM_25_MADX_20220331_CS_917_904_SORT_LWRP_A_INTERP,2022-03-31 00:00:00+00:00,2022,906.0,blob,29,9441.9,2362.2,ok,-89.409868,36.521139
LM_25_MADX_20220331_CS_917_904_SORT_LWRP_A_INTERP,2022-03-31 00:00:00+00:00,2022,906.0,blob,30,9787.7,2427.8,ok,-89.410213,36.521973
LM_25_MADX_20220331_CS_917_904_SORT_LWRP_A_INTERP,2022-03-31 00:00:00+00:00,2022,906.0,blob,31,10096.4,2427.8,ok,-89.410302,36.5228
LM_25_MADX_20220331_CS_917_904_SORT_LWRP_A_INTERP,2022-03-31 00:00:00+00:00,2022,906.0,blob,32,10406.5,2034.1,ok,-89.410349,36.523625
LM_25_MADX_20220331_CS_917_904_SORT_LWRP_A_INTERP,2022-03-31 00:00:00+00:00,2022,906.0,blob,33,10770.7,2657.5,ok,-89.409716,36.52443
LM_25_MADX_20220331_CS_917_904_SORT_LWRP_A_INTERP,2022-03-31 00:00:00+00:00,2022,906.0,blob,34,11141.0,2296.6,ok,-89.408998,36.525232
LM_25_MADX_20220331_CS_917_904_SORT_LWRP_A_INTERP,2022-03-31 00:00:00+00:00,2022,906.0,blob,35,11453.7,2263.8,ok,-89.408918,36.526054
LM_25_MADX_20220331_CS_917_904_SORT_LWRP_A_INTERP,2022-03-31 00:00:00+00:00,2022,906.0,blob,36,11770.8,2165.4,ok,-89.40922,36.526887
LM_25_MADX_20220331_CS_917_904_SORT_LWRP_A_INTERP,2022-03-31 00:00:00+00:00,2022,906.0,blob,37,12113.6,2427.8,ok,-89.409734,36.527726
LM_25_MADX_20220331_CS_917_904_SORT_LWRP_A_INTERP,2022-03-31 00:00:00+00:00,2022,906.0,blob,38,12448.5,2001.3,ok,-89.410163,36.528563
LM_25_MADX_20220331_CS_917_904_SORT_LWRP_A_INTERP,2022-03-31 00:00:00+00:00,2022,906.0,blob,39,12753.1,1968.5,ok,-89.410252,36.529389
LM_25_MADX_20220331_CS_917_904_SORT_LWRP_A_INTERP,2022-03-31 00:00:00+00:00,2022,906.0,blob,40,13053.1,2329.4,ok,-89.410214,36.530212
LM_25_MADX_20220331_CS_917_904_SORT_LWRP_A_INTERP,2022-03-31 00:00:00+00:00,2022,906.0,blob,41,13353.6,2263.8,ok,-89.410134,36.531034
LM_25_MADX_20220331_CS_917_904_SORT_LWRP_A_INTERP,2022-03-31 00:00:00+00:00,2022,906.0,blob,42,13684.4,2493.4,ok,-89.409713,36.531845
LM_25_MADX_20220331_CS_917_904_SORT_LWRP_A_INTERP,2022-03-31 00:00:00+00:00,2022,906.0,blob,43,14016.8,2231.0,ok,-89.40925,36.532655
LM_25_MADX_20220331_CS_917_904_SORT_LWRP_A_INTERP,2022-03-31 00:00:00+00:00,2022,906.0,blob,44,14349.1,2657.5,ok,-89.409467,36.533485
LM_25_MADX_20220331_CS_917_904_SORT_LWRP_A_INTERP,2022-03-31 00:00:00+00:00,2022,906.0,blob,45,14679.9,2165.4,ok,-89.409726,36.534317
LM_25_MADX_20220331_CS_917_904_SORT_LWRP_A_INTERP,2022-03-31 00:00:00+00:00,2022,906.0,blob,46,15004.1,2231.0,ok,-89.409349,36.535129
LM_25_MADX_20220331_CS_917_904_SORT_LWRP_A_INTERP,2022-03-31 00:00:00+00:00,2022,906.0,blob,47,15328.3,2165.4,ok,-89.409056,36.535944
LM_25_MADX_20220331_CS_917_904_SORT_LWRP_A_INTERP,2022-03-31 00:00:00+00:00,2022,906.0,blob,48,15629.3,2066.9,ok,-89.409102,36.53677
LM_25_MADX_20220331_CS_917_904_SORT_LWRP_A_INTERP,2022-03-31 00:00:00+00:00,2022,906.0,blob,49,15934.5,1935.7,ok,-89.408979,36.53759
LM_25_MADX_20220331_CS_917_904_SORT_LWRP_A_INTERP,2022-03-31 00:00:00+00:00,2022,906.0,blob,50,16241.1,1902.9,ok,-89.408729,36.538406
LM_25_MADX_20220331_CS_917_904_SORT_LWRP_A_INTERP,2022-03-31 00:00:00+00:00,2022,906.0,blob,51,16543.7,1870.1,ok,-89.408648,36.539227
LM_25_MADX_20220331_CS_917_904_SORT_LWRP_A_INTERP,2022-03-31 00:00:00+00:00,2022,906.0,blob,52,16848.9,1837.3,ok,-89.408525,36.540048
LM_25_MADX_20220331_CS_917_904_SORT_LWRP_A_INTERP,2022-03-31 00:00:00+00:00,2022,906.0,blob,53,17158.1,1870.1,ok,-89.408232,36.540863
LM_25_MADX_20220331_CS_917_904_SORT_LWRP_A_INTERP,2022-03-31 00:00:00+00:00,2022,906.0,blob,54,17467.3,1804.5,ok,-89.407939,36.541678
LM_25_MADX_20220331_CS_917_904_SORT_LWRP_A_INTERP,2022-03-31 00:00:00+00:00,2022,906.0,blob,55,17776.6,1837.3,ok,-89.407646,36.542493
LM_25_MADX_20220331_CS_917_904_SORT_LWRP_A_INTERP,2022-03-31 00:00:00+00:00,2022,906.0,blob,56,18083.3,1870.1,ok,-89.407396,36.543309
LM_25_MADX_20220331_CS_917_904_SORT_LWRP_A_INTERP,2022-03-31 00:00:00+00:00,2022,906.0,blob,57,18389.9,1837.3,ok,-89.407145,36.544125
LM_25_MADX_20220519_CS_885_SORT_LWRP_INTERP,2022-05-19 00:00:00+00:00,2022,885.0,blob,0,173.7,1181.1,ok,-89.566549,36.530818
LM_25_MADX_20220519_CS_885_SORT_LWRP_INTERP,2022-05-19 00:00:00+00:00,2022,885.0,blob,1,521.0,1312.3,ok,-89.567108,36.531658
LM_25_MADX_20220519_CS_885_SORT_LWRP_INTERP,2022-05-19 00:00:00+00:00,2022,885.0,blob,2,868.3,1410.8,ok,-89.567666,36.532498
LM_26_HIKX_20220926_CS_921_919_SORT_LWRP_INTERP,2022-09-26 00:00:00+00:00,2022,920.0,blob,0,154.6,1837.3,ok,-89.263795,36.562896
LM_26_HIKX_20220926_CS_921_919_SORT_LWRP_INTERP,2022-09-26 00:00:00+00:00,2022,920.0,blob,1,471.7,1870.1,ok,-89.262788,36.56259
LM_26_HIKX_20220926_CS_921_919_SORT_LWRP_INTERP,2022-09-26 00:00:00+00:00,2022,920.0,blob,2,796.7,1837.3,ok,-89.261785,36.562215
LM_26_HIKX_20220926_CS_921_919_SORT_LWRP_INTERP,2022-09-26 00:00:00+00:00,2022,920.0,blob,3,1111.3,1837.3,ok,-89.260777,36.561943
LM_26_HIKX_20220926_CS_921_919_SORT_LWRP_INTERP,2022-09-26 00:00:00+00:00,2022,920.0,blob,4,1418.0,1870.1,ok,-89.259766,36.56174
LM_26_HIKX_20220926_CS_921_919_SORT_LWRP_INTERP,2022-09-26 00:00:00+00:00,2022,920.0,blob,5,1727.2,1837.3,ok,-89.258756,36.561502
LM_26_HIKX_20220926_CS_921_919_SORT_LWRP_INTERP,2022-09-26 00:00:00+00:00,2022,920.0,blob,6,2044.3,1837.3,ok,-89.257749,36.561196
LM_26_HIKX_20220926_CS_921_919_SORT_LWRP_INTERP,2022-09-26 00:00:00+00:00,2022,920.0,blob,7,2357.4,1837.3,ok,-89.25674,36.560958
LM_26_HIKX_20220926_CS_921_919_SORT_LWRP_INTERP,2022-09-26 00:00:00+00:00,2022,920.0,blob,8,2659.9,1870.1,ok,-89.255718,36.560961
LM_26_HIKX_20220926_CS_921_919_SORT_LWRP_INTERP,2022-09-26 00:00:00+00:00,2022,920.0,blob,9,3072.1,2493.4,ok,-89.254667,36.56158
LM_26_HIKX_20220926_CS_921_919_SORT_LWRP_INTERP,2022-09-26 00:00:00+00:00,2022,920.0,blob,10,3482.2,2099.7,ok,-89.253619,36.56213
LM_26_HIKX_20220926_CS_921_919_SORT_LWRP_INTERP,2022-09-26 00:00:00+00:00,2022,920.0,blob,11,3782.2,2165.4,ok,-89.2526,36.562098
LM_26_HIKX_20220926_CS_921_919_SORT_LWRP_INTERP,2022-09-26 00:00:00+00:00,2022,920.0,blob,12,4082.8,2165.4,ok,-89.251578,36.5621
LM_26_HIKX_20220926_CS_921_919_SORT_LWRP_INTERP,2022-09-26 00:00:00+00:00,2022,920.0,blob,13,4391.4,2165.4,ok,-89.25055,36.56224
LM_26_HIKX_20220926_CS_921_919_SORT_LWRP_INTERP,2022-09-26 00:00:00+00:00,2022,920.0,blob,14,4729.8,2395.0,ok,-89.249537,36.56207
LM_26_HIKX_20220926_CS_921_919_SORT_LWRP_INTERP,2022-09-26 00:00:00+00:00,2022,920.0,blob,15,5170.2,2395.0,ok,-89.248503,36.562347
LM_26_HIKX_20220926_CS_921_919_SORT_LWRP_INTERP,2022-09-26 00:00:00+00:00,2022,920.0,blob,16,5592.8,1968.5,ok,-89.247447,36.563069
LM_26_HIKX_20220926_CS_921_919_SORT_LWRP_INTERP,2022-09-26 00:00:00+00:00,2022,920.0,blob,17,5967.4,2296.6,ok,-89.246399,36.563619
LM_26_HIKX_20220926_CS_921_919_SORT_LWRP_INTERP,2022-09-26 00:00:00+00:00,2022,920.0,blob,18,6330.1,1870.1,ok,-89.245357,36.564033
LM_26_HIKX_20220926_CS_921_919_SORT_LWRP_INTERP,2022-09-26 00:00:00+00:00,2022,920.0,blob,19,6654.2,2427.8,ok,-89.244348,36.563795
LM_26_HIKX_20220926_CS_921_919_SORT_LWRP_INTERP,2022-09-26 00:00:00+00:00,2022,920.0,blob,20,6980.0,1870.1,ok,-89.243336,36.563591
LM_26_HIKX_20220926_CS_921_919_SORT_LWRP_INTERP,2022-09-26 00:00:00+00:00,2022,920.0,blob,21,7299.7,1902.9,ok,-89.242303,36.563833
LM_26_HIKX_20220926_CS_921_919_SORT_LWRP_INTERP,2022-09-26 00:00:00+00:00,2022,920.0,blob,22,7625.5,1738.8,ok,-89.241267,36.564144
LM_26_HIKX_20220926_CS_921_919_SORT_LWRP_INTERP,2022-09-26 00:00:00+00:00,2022,920.0,blob,23,7938.3,1640.4,ok,-89.240236,36.564352
LM_26_HIKX_20220926_CS_921_919_SORT_LWRP_INTERP,2022-09-26 00:00:00+00:00,2022,920.0,blob,24,8247.5,1673.2,ok,-89.239206,36.564525
LM_26_HIKX_20220926_CS_921_919_SORT_LWRP_INTERP,2022-09-26 00:00:00+00:00,2022,920.0,blob,25,8556.7,2001.3,ok,-89.238186,36.564493
LM_26_HIKX_20220926_CS_921_919_SORT_LWRP_INTERP,2022-09-26 00:00:00+00:00,2022,920.0,blob,26,8863.4,1673.2,ok,-89.237168,36.564426
LM_26_HIKX_20220926_CS_921_919_SORT_LWRP_INTERP,2022-09-26 00:00:00+00:00,2022,920.0,blob,27,9167.6,1738.8,ok,-89.236142,36.564531
LM_26_HIKX_20220926_CS_921_919_SORT_LWRP_INTERP,2022-09-26 00:00:00+00:00,2022,920.0,blob,28,9487.3,2231.0,ok,-89.235129,36.564362
LM_26_HIKX_20220926_CS_921_919_SORT_LWRP_INTERP,2022-09-26 00:00:00+00:00,2022,920.0,blob,29,9809.7,1804.5,ok,-89.234114,36.564227
LM_26_HIKX_20220926_CS_921_919_SORT_LWRP_INTERP,2022-09-26 00:00:00+00:00,2022,920.0,blob,30,10114.8,1804.5,ok,-89.233088,36.564332
LM_26_HIKX_20220926_CS_921_919_SORT_LWRP_INTERP,2022-09-26 00:00:00+00:00,2022,920.0,blob,31,10525.4,2198.2,ok,-89.232038,36.564916
LM_26_HIKX_20220926_CS_921_919_SORT_LWRP_INTERP,2022-09-26 00:00:00+00:00,2022,920.0,blob,32,11132.2,2723.1,ok,-89.230949,36.566323
LM_26_HIKX_20220926_CS_921_919_SORT_LWRP_INTERP,2022-09-26 00:00:00+00:00,2022,920.0,blob,33,11652.5,1837.3,ok,-89.229875,36.567388
LM_26_HIKX_20220926_CS_921_919_SORT_LWRP_INTERP,2022-09-26 00:00:00+00:00,2022,920.0,blob,34,11980.7,1968.5,ok,-89.228849,36.567493
LM_26_HIKX_20220926_CS_921_919_SORT_LWRP_INTERP,2022-09-26 00:00:00+00:00,2022,920.0,blob,35,12297.9,2296.6,ok,-89.227843,36.567186
LM_26_HIKX_20220926_CS_921_919_SORT_LWRP_INTERP,2022-09-26 00:00:00+00:00,2022,920.0,blob,36,12622.9,2559.1,ok,-89.22684,36.566811
LM_26_HIKX_20220926_CS_921_919_SORT_LWRP_INTERP,2022-09-26 00:00:00+00:00,2022,920.0,blob,37,12947.9,2362.2,ok,-89.225837,36.566436
LM_26_HIKX_20220926_CS_921_919_SORT_LWRP_INTERP,2022-09-26 00:00:00+00:00,2022,920.0,blob,38,13260.4,2034.1,ok,-89.224825,36.566232
LM_26_HIKX_20220926_CS_921_919_SORT_LWRP_INTERP,2022-09-26 00:00:00+00:00,2022,920.0,blob,39,13562.4,1968.5,ok,-89.223802,36.566269
LM_26_HIKX_20220926_CS_921_919_SORT_LWRP_INTERP,2022-09-26 00:00:00+00:00,2022,920.0,blob,40,13866.6,1902.9,ok,-89.222776,36.566373
LM_26_HIKX_20220926_CS_921_919_SORT_LWRP_INTERP,2022-09-26 00:00:00+00:00,2022,920.0,blob,41,14173.2,1902.9,ok,-89.221748,36.566512
LM_18_FRIX_20220929_CS_680_682_SORT_LWRP_INTERP,2022-09-29 00:00:00+00:00,2022,681.0,blob,0,260.1,1082.7,ok,-90.565467,34.737568
LM_18_FRIX_20220929_CS_680_682_SORT_LWRP_INTERP,2022-09-29 00:00:00+00:00,2022,681.0,blob,1,935.7,1213.9,ok,-90.564421,34.739196
LM_18_FRIX_20220929_CS_680_682_SORT_LWRP_INTERP,2022-09-29 00:00:00+00:00,2022,681.0,blob,2,1538.8,1345.1,ok,-90.563383,34.740549
LM_18_FRIX_20220929_CS_680_682_SORT_LWRP_INTERP,2022-09-29 00:00:00+00:00,2022,681.0,blob,3,1921.5,1607.6,ok,-90.562366,34.741181
LM_18_FRIX_20220929_CS_680_682_SORT_LWRP_INTERP,2022-09-29 00:00:00+00:00,2022,681.0,blob,4,2271.4,1607.6,ok,-90.561354,34.741607
LM_18_FRIX_20220929_CS_680_682_SORT_LWRP_INTERP,2022-09-29 00:00:00+00:00,2022,681.0,blob,5,2578.1,1574.8,ok,-90.560351,34.741759
LM_18_FRIX_20220929_CS_680_682_SORT_LWRP_INTERP,2022-09-29 00:00:00+00:00,2022,681.0,blob,6,2882.2,1476.4,ok,-90.559349,34.741876
LM_18_FRIX_20220929_CS_680_682_SORT_LWRP_INTERP,2022-09-29 00:00:00+00:00,2022,681.0,blob,7,3188.9,1443.6,ok,-90.558346,34.742028
LM_18_FRIX_20220929_CS_680_682_SORT_LWRP_INTERP,2022-09-29 00:00:00+00:00,2022,681.0,blob,8,3494.0,1410.8,ok,-90.557344,34.742145
LM_18_FRIX_20220929_CS_680_682_SORT_LWRP_INTERP,2022-09-29 00:00:00+00:00,2022,681.0,blob,9,3818.2,1706.0,ok,-90.556338,34.7424
LM_18_FRIX_20220929_CS_680_682_SORT_LWRP_INTERP,2022-09-29 00:00:00+00:00,2022,681.0,blob,10,4146.5,1607.6,ok,-90.55533,34.742723
LM_18_FRIX_20220929_CS_680_682_SORT_LWRP_INTERP,2022-09-29 00:00:00+00:00,2022,681.0,blob,11,4451.1,1673.2,ok,-90.554329,34.742806
LM_18_FRIX_20220929_CS_680_682_SORT_LWRP_INTERP,2022-09-29 00:00:00+00:00,2022,681.0,blob,12,4763.6,1706.0,ok,-90.553326,34.742957
LM_18_FRIX_20220929_CS_680_682_SORT_LWRP_INTERP,2022-09-29 00:00:00+00:00,2022,681.0,blob,13,5080.7,1804.5,ok,-90.55232,34.743212
LM_18_FRIX_20220929_CS_680_682_SORT_LWRP_INTERP,2022-09-29 00:00:00+00:00,2022,681.0,blob,14,5385.3,1706.0,ok,-90.551318,34.743295
LM_18_FRIX_20220929_CS_680_682_SORT_LWRP_INTERP,2022-09-29 00:00:00+00:00,2022,681.0,blob,15,5685.3,1902.9,ok,-90.55032,34.743275
LM_18_FRIX_20220929_CS_680_682_SORT_LWRP_INTERP,2022-09-29 00:00:00+00:00,2022,681.0,blob,16,5985.8,1148.3,ok,-90.549321,34.743289
LM_18_FRIX_20220929_CS_680_682_SORT_LWRP_INTERP,2022-09-29 00:00:00+00:00,2022,681.0,blob,17,6294.5,1410.8,ok,-90.548318,34.74344
LM_18_FRIX_20220929_CS_680_682_SORT_LWRP_INTERP,2022-09-29 00:00:00+00:00,2022,681.0,blob,18,6610.7,1213.9,ok,-90.547312,34.743695
LM_18_FRIX_20220929_CS_680_682_SORT_LWRP_INTERP,2022-09-29 00:00:00+00:00,2022,681.0,blob,19,6972.3,1902.9,ok,-90.546321,34.743434
LM_18_FRIX_20220929_CS_680_682_SORT_LWRP_INTERP,2022-09-29 00:00:00+00:00,2022,681.0,blob,20,7327.9,1509.2,ok,-90.545332,34.743105
LM_18_FRIX_20220929_CS_680_682_SORT_LWRP_INTERP,2022-09-29 00:00:00+00:00,2022,681.0,blob,21,7565.7,2165.4,waypoint,-90.54492,34.74294
LM_18_FRIX_20220929_CS_680_682_SORT_LWRP_INTERP,2022-09-29 00:00:00+00:00,2022,681.0,blob,22,7780.1,1410.8,waypoint,-90.544681,34.742489
LM_18_FRIX_20220929_CS_680_682_SORT_LWRP_INTERP,2022-09-29 00:00:00+00:00,2022,681.0,blob,23,8197.2,951.4,waypoint,-90.543841,34.741592
LM_18_FRIX_20220929_CS_680_682_SORT_LWRP_INTERP,2022-09-29 00:00:00+00:00,2022,681.0,blob,24,8612.2,1017.1,waypoint,-90.54295,34.740768
LM_18_FRIX_20220929_CS_680_682_SORT_LWRP_INTERP,2022-09-29 00:00:00+00:00,2022,681.0,blob,25,8966.4,1148.3,waypoint,-90.541817,34.740567
LM_18_FRIX_20220929_CS_680_682_SORT_LWRP_INTERP,2022-09-29 00:00:00+00:00,2022,681.0,blob,26,9494.8,1213.9,waypoint,-90.540147,34.740185
LM_18_FRIX_20220929_CS_680_682_SORT_LWRP_INTERP,2022-09-29 00:00:00+00:00,2022,681.0,blob,27,9950.7,1115.5,waypoint,-90.538858,34.739556
LM_18_FRIX_20220929_CS_680_682_SORT_LWRP_INTERP,2022-09-29 00:00:00+00:00,2022,681.0,blob,28,10412.0,1542.0,waypoint,-90.537589,34.738861
LM_18_FRIX_20220929_CS_680_682_SORT_LWRP_INTERP,2022-09-29 00:00:00+00:00,2022,681.0,blob,29,11059.1,1542.0,waypoint,-90.535665,34.738064
LM_18_FRIX_20220929_CS_680_682_SORT_LWRP_INTERP,2022-09-29 00:00:00+00:00,2022,681.0,blob,30,11507.7,1607.6,waypoint,-90.534308,34.737552
LM_18_FRIX_20220929_CS_680_682_SORT_LWRP_INTERP,2022-09-29 00:00:00+00:00,2022,681.0,blob,31,11826.1,1574.8,waypoint,-90.533363,34.737158
LM_25_MADX_20220329_CS_898_902_SORT_LWRP_INTERP,2022-03-29 00:00:00+00:00,2022,900.0,blob,0,546.0,1378.0,ok,-89.496783,36.469759
LM_25_MADX_20220329_CS_898_902_SORT_LWRP_INTERP,2022-03-29 00:00:00+00:00,2022,900.0,blob,1,1416.3,1673.2,ok,-89.495865,36.467501
LM_25_MADX_20220329_CS_898_902_SORT_LWRP_INTERP,2022-03-29 00:00:00+00:00,2022,900.0,blob,2,1980.7,1968.5,ok,-89.494905,36.466168
LM_25_MADX_20220329_CS_898_902_SORT_LWRP_INTERP,2022-03-29 00:00:00+00:00,2022,900.0,blob,3,2408.3,1574.8,ok,-89.493923,36.465315
LM_25_MADX_20220329_CS_898_902_SORT_LWRP_INTERP,2022-03-29 00:00:00+00:00,2022,900.0,blob,4,2942.4,1542.0,ok,-89.492957,36.46412
LM_25_MADX_20220329_CS_898_902_SORT_LWRP_INTERP,2022-03-29 00:00:00+00:00,2022,900.0,blob,5,3462.7,1476.4,ok,-89.491988,36.462992
LM_25_MADX_20220329_CS_898_902_SORT_LWRP_INTERP,2022-03-29 00:00:00+00:00,2022,900.0,blob,6,3857.5,1279.5,ok,-89.491,36.462277
LM_25_MADX_20220329_CS_898_902_SORT_LWRP_INTERP,2022-03-29 00:00:00+00:00,2022,900.0,blob,7,4282.2,1082.7,ok,-89.490019,36.461424
LM_25_MADX_20220329_CS_898_902_SORT_LWRP_INTERP,2022-03-29 00:00:00+00:00,2022,900.0,blob,8,4673.2,951.4,ok,-89.489031,36.460708
LM_25_MADX_20220329_CS_898_902_SORT_LWRP_INTERP,2022-03-29 00:00:00+00:00,2022,900.0,blob,9,5040.9,1181.1,ok,-89.488039,36.460096
LM_25_MADX_20220329_CS_898_902_SORT_LWRP_INTERP,2022-03-29 00:00:00+00:00,2022,900.0,blob,10,5433.3,1607.6,ok,-89.487051,36.45938
LM_25_MADX_20220329_CS_898_902_SORT_LWRP_INTERP,2022-03-29 00:00:00+00:00,2022,900.0,blob,11,5803.6,1509.2,ok,-89.486057,36.458801
LM_25_MADX_20220329_CS_898_902_SORT_LWRP_INTERP,2022-03-29 00:00:00+00:00,2022,900.0,blob,12,6173.8,1640.4,ok,-89.485064,36.458223
LM_25_MADX_20220329_CS_898_902_SORT_LWRP_INTERP,2022-03-29 00:00:00+00:00,2022,900.0,blob,13,6540.6,1443.6,ok,-89.484068,36.457678
LM_25_MADX_20220329_CS_898_902_SORT_LWRP_INTERP,2022-03-29 00:00:00+00:00,2022,900.0,blob,14,6845.7,1607.6,ok,-89.483053,36.45758
LM_25_MADX_20220329_CS_898_902_SORT_LWRP_INTERP,2022-03-29 00:00:00+00:00,2022,900.0,blob,15,7208.4,2755.9,ok,-89.482014,36.457995
LM_25_MADX_20220329_CS_898_902_SORT_LWRP_INTERP,2022-03-29 00:00:00+00:00,2022,900.0,blob,16,7583.0,1607.6,ok,-89.480985,36.458205
LM_25_MADX_20220329_CS_898_902_SORT_LWRP_INTERP,2022-03-29 00:00:00+00:00,2022,900.0,blob,17,7895.5,1706.0,ok,-89.479974,36.458004
LM_25_MADX_20220329_CS_898_902_SORT_LWRP_INTERP,2022-03-29 00:00:00+00:00,2022,900.0,blob,18,8225.8,2296.6,ok,-89.478943,36.458248
LM_25_MADX_20220329_CS_898_902_SORT_LWRP_INTERP,2022-03-29 00:00:00+00:00,2022,900.0,blob,19,8586.3,1640.4,ok,-89.477924,36.458218
LM_25_MADX_20220329_CS_898_902_SORT_LWRP_INTERP,2022-03-29 00:00:00+00:00,2022,900.0,blob,20,8924.7,1771.7,ok,-89.476912,36.458051
LM_25_MADX_20220329_CS_898_902_SORT_LWRP_INTERP,2022-03-29 00:00:00+00:00,2022,900.0,blob,21,9237.5,1837.3,ok,-89.475892,36.458055
LM_25_MADX_20220329_CS_898_902_SORT_LWRP_INTERP,2022-03-29 00:00:00+00:00,2022,900.0,blob,22,9604.2,2231.0,ok,-89.474859,36.458333
LM_25_MADX_20220329_CS_898_902_SORT_LWRP_INTERP,2022-03-29 00:00:00+00:00,2022,900.0,blob,23,10145.1,2493.4,waypoint,-89.473396,36.458237
LM_25_MADX_20220329_CS_898_902_SORT_LWRP_INTERP,2022-03-29 00:00:00+00:00,2022,900.0,blob,24,10733.0,2198.2,waypoint,-89.471585,36.457664
LM_25_MADX_20220329_CS_898_902_SORT_LWRP_INTERP,2022-03-29 00:00:00+00:00,2022,900.0,blob,25,11264.7,1804.5,waypoint,-89.469849,36.457858
LM_25_MADX_20220329_CS_898_902_SORT_LWRP_INTERP,2022-03-29 00:00:00+00:00,2022,900.0,blob,26,11813.7,1607.6,waypoint,-89.468069,36.457975
LM_25_MADX_20220329_CS_898_902_SORT_LWRP_INTERP,2022-03-29 00:00:00+00:00,2022,900.0,blob,27,12360.9,1935.7,waypoint,-89.466231,36.457784
LM_25_MADX_20220329_CS_898_902_SORT_LWRP_INTERP,2022-03-29 00:00:00+00:00,2022,900.0,blob,28,12948.8,1968.5,waypoint,-89.464326,36.458101
LM_25_MADX_20220329_CS_898_902_SORT_LWRP_INTERP,2022-03-29 00:00:00+00:00,2022,900.0,blob,29,13468.7,2198.2,waypoint,-89.46267,36.458323
LM_25_MADX_20220329_CS_898_902_SORT_LWRP_INTERP,2022-03-29 00:00:00+00:00,2022,900.0,blob,30,13910.4,2066.9,waypoint,-89.461386,36.458622
LM_25_MADX_20220329_CS_898_902_SORT_LWRP_INTERP,2022-03-29 00:00:00+00:00,2022,900.0,blob,31,14375.0,2723.1,waypoint,-89.460512,36.459633
LM_25_MADX_20220329_CS_898_902_SORT_LWRP_INTERP,2022-03-29 00:00:00+00:00,2022,900.0,blob,32,15039.4,1968.5,waypoint,-89.458951,36.460802
LM_25_MADX_20220329_CS_898_902_SORT_LWRP_INTERP,2022-03-29 00:00:00+00:00,2022,900.0,blob,33,15751.2,1542.0,waypoint,-89.456925,36.461856
LM_25_MADX_20220329_CS_898_902_SORT_LWRP_INTERP,2022-03-29 00:00:00+00:00,2022,900.0,blob,34,16509.2,2231.0,waypoint,-89.454591,36.462607
LM_25_MADX_20220329_CS_898_902_SORT_LWRP_INTERP,2022-03-29 00:00:00+00:00,2022,900.0,blob,35,17305.5,2263.8,waypoint,-89.451923,36.462918
LM_25_MADX_20220329_CS_898_902_SORT_LWRP_INTERP,2022-03-29 00:00:00+00:00,2022,900.0,blob,36,18149.4,2066.9,waypoint,-89.449088,36.463218
LM_25_MADX_20220329_CS_898_902_SORT_LWRP_INTERP,2022-03-29 00:00:00+00:00,2022,900.0,blob,37,19179.0,1870.1,waypoint,-89.445978,36.464328
LM_25_MADX_20220329_CS_898_902_SORT_LWRP_INTERP,2022-03-29 00:00:00+00:00,2022,900.0,blob,38,19989.1,2198.2,waypoint,-89.443861,36.465746
LM_18_FRIX_20221109_CS_705_704_SORT_ACTUALDEPTH_INTERP,2022-11-09 00:00:00+00:00,2022,704.0,blob,0,152.1,1607.6,ok,-90.3037,34.882858
LM_18_FRIX_20221109_CS_705_704_SORT_ACTUALDEPTH_INTERP,2022-11-09 00:00:00+00:00,2022,704.0,blob,1,499.4,2132.5,ok,-90.302687,34.883248
LM_18_FRIX_20221109_CS_705_704_SORT_ACTUALDEPTH_INTERP,2022-11-09 00:00:00+00:00,2022,704.0,blob,2,852.8,1968.5,ok,-90.301672,34.883706
LM_18_FRIX_20221109_CS_705_704_SORT_ACTUALDEPTH_INTERP,2022-11-09 00:00:00+00:00,2022,704.0,blob,3,1161.4,2066.9,ok,-90.300667,34.883855
LM_18_FRIX_20221109_CS_705_704_SORT_ACTUALDEPTH_INTERP,2022-11-09 00:00:00+00:00,2022,704.0,blob,4,1515.4,2460.6,ok,-90.299654,34.884245
LM_18_FRIX_20221109_CS_705_704_SORT_ACTUALDEPTH_INTERP,2022-11-09 00:00:00+00:00,2022,704.0,blob,5,1899.2,2296.6,ok,-90.298633,34.884875
LM_18_FRIX_20221109_CS_705_704_SORT_ACTUALDEPTH_INTERP,2022-11-09 00:00:00+00:00,2022,704.0,blob,6,2253.1,2165.4,ok,-90.297616,34.885367
LM_18_FRIX_20221109_CS_705_704_SORT_ACTUALDEPTH_INTERP,2022-11-09 00:00:00+00:00,2022,704.0,blob,7,2584.9,2001.3,ok,-90.296604,34.885723
LM_18_FRIX_20221109_CS_705_704_SORT_ACTUALDEPTH_INTERP,2022-11-09 00:00:00+00:00,2022,704.0,blob,8,2901.1,1968.5,ok,-90.295596,34.885975
LM_18_FRIX_20221109_CS_705_704_SORT_ACTUALDEPTH_INTERP,2022-11-09 00:00:00+00:00,2022,704.0,blob,9,3213.8,1935.7,ok,-90.294588,34.886193
LM_18_FRIX_20221109_CS_705_704_SORT_ACTUALDEPTH_INTERP,2022-11-09 00:00:00+00:00,2022,704.0,blob,10,3530.9,1870.1,ok,-90.29358,34.886445
LM_18_FRIX_20221109_CS_705_704_SORT_ACTUALDEPTH_INTERP,2022-11-09 00:00:00+00:00,2022,704.0,blob,11,3844.0,1870.1,ok,-90.292576,34.88656
LM_18_FRIX_20221109_CS_705_704_SORT_ACTUALDEPTH_INTERP,2022-11-09 00:00:00+00:00,2022,704.0,blob,12,4149.1,1902.9,ok,-90.291574,34.886606
LM_18_FRIX_20221109_CS_705_704_SORT_ACTUALDEPTH_INTERP,2022-11-09 00:00:00+00:00,2022,704.0,blob,13,4458.3,1870.1,ok,-90.290568,34.88679
LM_18_FRIX_20221109_CS_705_704_SORT_ACTUALDEPTH_INTERP,2022-11-09 00:00:00+00:00,2022,704.0,blob,14,4850.7,2263.8,waypoint,-90.289679,34.886311
LM_18_FRIX_20221109_CS_705_704_SORT_ACTUALDEPTH_INTERP,2022-11-09 00:00:00+00:00,2022,704.0,blob,15,5327.8,2099.7,waypoint,-90.288575,34.885456
LM_18_FRIX_20221109_CS_705_704_SORT_ACTUALDEPTH_INTERP,2022-11-09 00:00:00+00:00,2022,704.0,blob,16,5809.7,2034.1,waypoint,-90.287141,34.884859
LM_18_FRIX_20221109_CS_705_704_SORT_ACTUALDEPTH_INTERP,2022-11-09 00:00:00+00:00,2022,704.0,blob,17,6368.7,1902.9,waypoint,-90.285427,34.884271
LM_18_FRIX_20221109_CS_705_704_SORT_ACTUALDEPTH_INTERP,2022-11-09 00:00:00+00:00,2022,704.0,blob,18,6886.2,1213.9,waypoint,-90.283762,34.883925
LM_19_MEMX_20220706_CS_714_720_SORT_LWRP_INTERP,2022-07-06 00:00:00+00:00,2022,717.0,blob,0,596.7,1706.0,waypoint,-90.29925,34.97938
LM_19_MEMX_20220706_CS_714_720_SORT_LWRP_INTERP,2022-07-06 00:00:00+00:00,2022,717.0,blob,1,1685.2,1509.2,waypoint,-90.30117,34.981896
LM_19_MEMX_20220706_CS_714_720_SORT_LWRP_INTERP,2022-07-06 00:00:00+00:00,2022,717.0,blob,2,2637.6,1542.0,waypoint,-90.302698,34.984183
LM_19_MEMX_20220706_CS_714_720_SORT_LWRP_INTERP,2022-07-06 00:00:00+00:00,2022,717.0,blob,3,3630.6,1181.1,waypoint,-90.304492,34.986475
LM_19_MEMX_20220706_CS_714_720_SORT_LWRP_INTERP,2022-07-06 00:00:00+00:00,2022,717.0,blob,4,4592.6,1181.1,waypoint,-90.306086,34.988764
LM_19_MEMX_20220706_CS_714_720_SORT_LWRP_INTERP,2022-07-06 00:00:00+00:00,2022,717.0,blob,5,5586.6,1082.7,waypoint,-90.307406,34.991266
LM_19_MEMX_20220706_CS_714_720_SORT_LWRP_INTERP,2022-07-06 00:00:00+00:00,2022,717.0,blob,6,6660.6,1542.0,waypoint,-90.308766,34.993995
LM_19_MEMX_20220706_CS_714_720_SORT_LWRP_INTERP,2022-07-06 00:00:00+00:00,2022,717.0,blob,7,7687.7,1837.3,waypoint,-90.309411,34.996702
LM_19_MEMX_20220706_CS_714_720_SORT_LWRP_INTERP,2022-07-06 00:00:00+00:00,2022,717.0,blob,8,8895.1,1804.5,waypoint,-90.308197,34.999746
LM_19_MEMX_20220706_CS_714_720_SORT_LWRP_INTERP,2022-07-06 00:00:00+00:00,2022,717.0,blob,9,10041.7,1574.8,waypoint,-90.30637,35.002507
LM_19_MEMX_20220706_CS_714_720_SORT_LWRP_INTERP,2022-07-06 00:00:00+00:00,2022,717.0,blob,10,11027.0,1640.4,waypoint,-90.304823,35.004891
LM_19_MEMX_20220706_CS_714_720_SORT_LWRP_INTERP,2022-07-06 00:00:00+00:00,2022,717.0,blob,11,12083.8,1640.4,waypoint,-90.303005,35.007378
LM_19_MEMX_20220706_CS_714_720_SORT_LWRP_INTERP,2022-07-06 00:00:00+00:00,2022,717.0,blob,12,13376.4,1607.6,waypoint,-90.30031,35.010121
LM_19_MEMX_20220706_CS_714_720_SORT_LWRP_INTERP,2022-07-06 00:00:00+00:00,2022,717.0,blob,13,14735.2,1378.0,waypoint,-90.297149,35.012798
LM_19_MEMX_20220706_CS_714_720_SORT_LWRP_INTERP,2022-07-06 00:00:00+00:00,2022,717.0,blob,14,15778.0,1410.8,waypoint,-90.29455,35.014682
LM_19_MEMX_20220706_CS_714_720_SORT_LWRP_INTERP,2022-07-06 00:00:00+00:00,2022,717.0,blob,15,16806.1,1476.4,waypoint,-90.291757,35.016323
LM_19_MEMX_20220706_CS_714_720_SORT_LWRP_INTERP,2022-07-06 00:00:00+00:00,2022,717.0,blob,16,17801.3,1509.2,waypoint,-90.289123,35.017986
LM_19_MEMX_20220706_CS_714_720_SORT_LWRP_INTERP,2022-07-06 00:00:00+00:00,2022,717.0,blob,17,18700.4,1148.3,waypoint,-90.286608,35.019304
LM_19_MEMX_20220706_CS_714_720_SORT_LWRP_INTERP,2022-07-06 00:00:00+00:00,2022,717.0,blob,18,19545.2,1115.5,waypoint,-90.284058,35.020295
LM_19_MEMX_20220706_CS_714_720_SORT_LWRP_INTERP,2022-07-06 00:00:00+00:00,2022,717.0,blob,19,20478.9,1115.5,waypoint,-90.281094,35.021053
LM_19_MEMX_20220706_CS_714_720_SORT_LWRP_INTERP,2022-07-06 00:00:00+00:00,2022,717.0,blob,20,21367.9,1443.6,waypoint,-90.278221,35.021661
LM_19_MEMX_20220706_CS_714_720_SORT_LWRP_INTERP,2022-07-06 00:00:00+00:00,2022,717.0,blob,21,22248.7,1837.3,waypoint,-90.275456,35.022478
LM_19_MEMX_20220706_CS_714_720_SORT_LWRP_INTERP,2022-07-06 00:00:00+00:00,2022,717.0,blob,22,23037.0,1870.1,waypoint,-90.27297,35.022916
LM_19_MEMX_20220706_CS_714_720_SORT_LWRP_INTERP,2022-07-06 00:00:00+00:00,2022,717.0,blob,23,23843.7,1706.0,waypoint,-90.270298,35.022911
LM_19_MEMX_20220706_CS_714_720_SORT_LWRP_INTERP,2022-07-06 00:00:00+00:00,2022,717.0,blob,24,24706.7,1607.6,waypoint,-90.267422,35.023011
LM_19_MEMX_20220706_CS_714_720_SORT_LWRP_INTERP,2022-07-06 00:00:00+00:00,2022,717.0,blob,25,25485.8,2034.1,waypoint,-90.264834,35.022824
LM_19_MEMX_20220706_CS_714_720_SORT_LWRP_INTERP,2022-07-06 00:00:00+00:00,2022,717.0,blob,26,26411.1,2395.0,waypoint,-90.262221,35.021792
LM_19_MEMX_20220706_CS_714_720_SORT_LWRP_INTERP,2022-07-06 00:00:00+00:00,2022,717.0,blob,27,27266.2,2263.8,waypoint,-90.260384,35.019997
LM_19_MEMX_20220706_CS_714_720_SORT_LWRP_INTERP,2022-07-06 00:00:00+00:00,2022,717.0,blob,28,28120.2,2198.2,waypoint,-90.258099,35.019214
LM_19_MEMX_20220706_CS_714_720_SORT_LWRP_INTERP,2022-07-06 00:00:00+00:00,2022,717.0,blob,29,28953.0,2296.6,waypoint,-90.255454,35.018894
LM_19_MEMX_20220706_CS_714_720_SORT_LWRP_INTERP,2022-07-06 00:00:00+00:00,2022,717.0,blob,30,29687.5,2198.2,waypoint,-90.25313,35.018345
LM_19_MEMX_20220706_CS_714_720_SORT_LWRP_INTERP,2022-07-06 00:00:00+00:00,2022,717.0,blob,31,30551.4,2263.8,waypoint,-90.250267,35.01806
LM_19_MEMX_20220706_CS_714_720_SORT_LWRP_INTERP,2022-07-06 00:00:00+00:00,2022,717.0,blob,32,31671.7,2066.9,waypoint,-90.246561,35.017649
LM_19_MEMX_20220706_CS_714_720_SORT_LWRP_INTERP,2022-07-06 00:00:00+00:00,2022,717.0,blob,33,32776.3,3051.2,waypoint,-90.2429,35.017291
LM_19_MEMX_20220706_CS_714_720_SORT_LWRP_INTERP,2022-07-06 00:00:00+00:00,2022,717.0,blob,34,33886.4,2624.7,waypoint,-90.239224,35.017372
LM_19_MEMX_20220706_CS_714_720_SORT_LWRP_INTERP,2022-07-06 00:00:00+00:00,2022,717.0,blob,35,34706.7,1476.4,waypoint,-90.236505,35.017597
LM_18_FRIX_20220929_CS_709_711_SORT_LWRP_INTERP,2022-09-29 00:00:00+00:00,2022,710.0,blob,0,158.1,1312.3,ok,-90.240954,34.929763
LM_18_FRIX_20220929_CS_709_711_SORT_LWRP_INTERP,2022-09-29 00:00:00+00:00,2022,710.0,blob,1,466.2,1213.9,ok,-90.241093,34.93059
LM_18_FRIX_20220929_CS_709_711_SORT_LWRP_INTERP,2022-09-29 00:00:00+00:00,2022,710.0,blob,2,766.2,1246.7,ok,-90.241065,34.931414
LM_18_FRIX_20220929_CS_709_711_SORT_LWRP_INTERP,2022-09-29 00:00:00+00:00,2022,710.0,blob,3,1074.3,1279.5,ok,-90.241204,34.932241
LM_18_FRIX_20220929_CS_709_711_SORT_LWRP_INTERP,2022-09-29 00:00:00+00:00,2022,710.0,blob,4,1387.1,1181.1,ok,-90.241469,34.933071
LM_18_FRIX_20220929_CS_709_711_SORT_LWRP_INTERP,2022-09-29 00:00:00+00:00,2022,710.0,blob,5,1691.7,1115.5,ok,-90.241566,34.933898
LM_18_FRIX_20220929_CS_709_711_SORT_LWRP_INTERP,2022-09-29 00:00:00+00:00,2022,710.0,blob,6,1992.2,1049.9,ok,-90.24158,34.934722
LM_18_FRIX_20220929_CS_709_711_SORT_LWRP_INTERP,2022-09-29 00:00:00+00:00,2022,710.0,blob,7,2294.8,1049.9,ok,-90.241677,34.935549
LM_18_FRIX_20220929_CS_709_711_SORT_LWRP_INTERP,2022-09-29 00:00:00+00:00,2022,710.0,blob,8,2598.9,1017.1,ok,-90.241817,34.936376
LM_18_FRIX_20220929_CS_709_711_SORT_LWRP_INTERP,2022-09-29 00:00:00+00:00,2022,710.0,blob,9,2901.0,984.3,ok,-90.241872,34.937202
LM_18_FRIX_20220929_CS_709_711_SORT_LWRP_INTERP,2022-09-29 00:00:00+00:00,2022,710.0,blob,10,3209.1,951.4,ok,-90.242011,34.938029
LM_18_FRIX_20220929_CS_709_711_SORT_LWRP_INTERP,2022-09-29 00:00:00+00:00,2022,710.0,blob,11,3519.3,820.2,ok,-90.242234,34.938858
LM_18_FRIX_20220929_CS_709_711_SORT_LWRP_INTERP,2022-09-29 00:00:00+00:00,2022,710.0,blob,12,3823.4,754.6,ok,-90.242373,34.939686
LM_18_FRIX_20220929_CS_709_711_SORT_LWRP_INTERP,2022-09-29 00:00:00+00:00,2022,710.0,blob,13,4126.0,754.6,ok,-90.24247,34.940512
LM_18_FRIX_20220929_CS_709_711_SORT_LWRP_INTERP,2022-09-29 00:00:00+00:00,2022,710.0,blob,14,4431.2,820.2,ok,-90.242609,34.94134
LM_18_FRIX_20220929_CS_709_711_SORT_LWRP_INTERP,2022-09-29 00:00:00+00:00,2022,710.0,blob,15,4737.9,820.2,ok,-90.24279,34.942168
LM_18_FRIX_20220929_CS_709_711_SORT_LWRP_INTERP,2022-09-29 00:00:00+00:00,2022,710.0,blob,16,5042.0,951.4,ok,-90.242929,34.942995
LM_18_FRIX_20220929_CS_709_711_SORT_LWRP_INTERP,2022-09-29 00:00:00+00:00,2022,710.0,blob,17,5344.1,1312.3,ok,-90.242985,34.943821
LM_18_FRIX_20220929_CS_709_711_SORT_LWRP_INTERP,2022-09-29 00:00:00+00:00,2022,710.0,blob,18,5644.6,1410.8,ok,-90.242999,34.944645
LM_18_FRIX_20220929_CS_709_711_SORT_LWRP_INTERP,2022-09-29 00:00:00+00:00,2022,710.0,blob,19,5947.2,1640.4,ok,-90.243097,34.945472
LM_18_FRIX_20220929_CS_709_711_SORT_LWRP_INTERP,2022-09-29 00:00:00+00:00,2022,710.0,blob,20,6261.7,1607.6,ok,-90.243361,34.946302
LM_18_FRIX_20220929_CS_709_711_SORT_LWRP_INTERP,2022-09-29 00:00:00+00:00,2022,710.0,blob,21,6604.5,1640.4,ok,-90.243875,34.947138
LM_18_FRIX_20220929_CS_709_711_SORT_LWRP_INTERP,2022-09-29 00:00:00+00:00,2022,710.0,blob,22,6952.5,1738.8,ok,-90.244431,34.947975
LM_18_FRIX_20220929_CS_709_711_SORT_LWRP_INTERP,2022-09-29 00:00:00+00:00,2022,710.0,blob,23,7282.7,1804.5,ok,-90.244862,34.948809
LM_18_FRIX_20220929_CS_709_711_SORT_LWRP_INTERP,2022-09-29 00:00:00+00:00,2022,710.0,blob,24,7612.9,1804.5,ok,-90.245293,34.949643
LM_18_FRIX_20220929_CS_709_711_SORT_LWRP_INTERP,2022-09-29 00:00:00+00:00,2022,710.0,blob,25,7954.3,1771.7,ok,-90.245807,34.950479
LM_18_FRIX_20220929_CS_709_711_SORT_LWRP_INTERP,2022-09-29 00:00:00+00:00,2022,710.0,blob,26,8295.6,1771.7,ok,-90.246321,34.951315
LM_18_FRIX_20220929_CS_709_711_SORT_LWRP_INTERP,2022-09-29 00:00:00+00:00,2022,710.0,blob,27,8821.3,2001.3,ok,-90.247627,34.952168
LM_18_FRIX_20220929_CS_709_711_SORT_LWRP_INTERP,2022-09-29 00:00:00+00:00,2022,710.0,blob,28,9401.5,1476.4,waypoint,-90.249207,34.953048
LM_18_FRIX_20220929_CS_709_711_SORT_LWRP_INTERP,2022-09-29 00:00:00+00:00,2022,710.0,blob,29,10019.1,2099.7,waypoint,-90.250894,34.95398
LM_18_FRIX_20220929_CS_709_711_SORT_LWRP_INTERP,2022-09-29 00:00:00+00:00,2022,710.0,blob,30,10675.2,2001.3,waypoint,-90.252793,34.954869
LM_18_FRIX_20220929_CS_709_711_SORT_LWRP_INTERP,2022-09-29 00:00:00+00:00,2022,710.0,blob,31,11236.0,2263.8,waypoint,-90.254514,34.955293
LM_18_FRIX_20220929_CS_709_711_SORT_LWRP_INTERP,2022-09-29 00:00:00+00:00,2022,710.0,blob,32,11858.5,2427.8,waypoint,-90.256585,34.95523
LM_18_FRIX_20220929_CS_709_711_SORT_LWRP_INTERP,2022-09-29 00:00:00+00:00,2022,710.0,blob,33,12424.3,2362.2,waypoint,-90.258452,34.955272
LM_18_FRIX_20220929_CS_709_711_SORT_LWRP_INTERP,2022-09-29 00:00:00+00:00,2022,710.0,blob,34,12908.4,2854.3,waypoint,-90.260048,34.955473
LM_18_FRIX_20220929_CS_709_711_SORT_LWRP_INTERP,2022-09-29 00:00:00+00:00,2022,710.0,blob,35,13498.6,2559.1,waypoint,-90.261973,34.955791
LM_19_MEMX_20220707_CS_739_744_SORT_LWRP_INTERP,2022-07-07 00:00:00+00:00,2022,742.0,blob,0,150.0,1049.9,ok,-90.060856,35.193751
LM_19_MEMX_20220707_CS_739_744_SORT_LWRP_INTERP,2022-07-07 00:00:00+00:00,2022,742.0,blob,1,450.0,1049.9,ok,-90.060826,35.194574
LM_19_MEMX_20220707_CS_739_744_SORT_LWRP_INTERP,2022-07-07 00:00:00+00:00,2022,742.0,blob,2,750.0,1049.9,ok,-90.060796,35.195398
LM_19_MEMX_20220707_CS_739_744_SORT_LWRP_INTERP,2022-07-07 00:00:00+00:00,2022,742.0,blob,3,1050.0,984.3,ok,-90.060767,35.196221
LM_19_MEMX_20220707_CS_739_744_SORT_LWRP_INTERP,2022-07-07 00:00:00+00:00,2022,742.0,blob,4,1352.1,984.3,ok,-90.06082,35.197047
LM_19_MEMX_20220707_CS_739_744_SORT_LWRP_INTERP,2022-07-07 00:00:00+00:00,2022,742.0,blob,5,1656.2,1115.5,ok,-90.060791,35.19787
LM_19_MEMX_20220707_CS_739_744_SORT_LWRP_INTERP,2022-07-07 00:00:00+00:00,2022,742.0,blob,6,1958.3,1049.9,ok,-90.060678,35.198692
LM_19_MEMX_20220707_CS_739_744_SORT_LWRP_INTERP,2022-07-07 00:00:00+00:00,2022,742.0,blob,7,2260.3,984.3,ok,-90.060731,35.199517
LM_19_MEMX_20220707_CS_739_744_SORT_LWRP_INTERP,2022-07-07 00:00:00+00:00,2022,742.0,blob,8,2564.5,951.4,ok,-90.060869,35.200345
LM_19_MEMX_20220707_CS_739_744_SORT_LWRP_INTERP,2022-07-07 00:00:00+00:00,2022,742.0,blob,9,2867.1,1017.1,ok,-90.060965,35.201171
LM_19_MEMX_20220707_CS_739_744_SORT_LWRP_INTERP,2022-07-07 00:00:00+00:00,2022,742.0,blob,10,3168.1,885.8,ok,-90.061019,35.201996
LM_19_MEMX_20220707_CS_739_744_SORT_LWRP_INTERP,2022-07-07 00:00:00+00:00,2022,742.0,blob,11,3470.7,885.8,ok,-90.061114,35.202823
LM_19_MEMX_20220707_CS_739_744_SORT_LWRP_INTERP,2022-07-07 00:00:00+00:00,2022,742.0,blob,12,3772.8,951.4,ok,-90.061168,35.203648
LM_19_MEMX_20220707_CS_739_744_SORT_LWRP_INTERP,2022-07-07 00:00:00+00:00,2022,742.0,blob,13,4258.2,1673.2,ok,-90.062142,35.204496
LM_19_MEMX_20220707_CS_739_744_SORT_LWRP_INTERP,2022-07-07 00:00:00+00:00,2022,742.0,blob,14,5163.7,426.5,ok,-90.064955,35.205389
LM_19_MEMX_20220707_CS_739_744_SORT_LWRP_INTERP,2022-07-07 00:00:00+00:00,2022,742.0,blob,15,5945.9,820.2,ok,-90.067266,35.206269
LM_19_MEMX_20220707_CS_739_744_SORT_LWRP_INTERP,2022-07-07 00:00:00+00:00,2022,742.0,blob,16,6331.7,951.4,ok,-90.068031,35.207112
LM_19_MEMX_20220707_CS_739_744_SORT_LWRP_INTERP,2022-07-07 00:00:00+00:00,2022,742.0,blob,17,6745.5,1870.1,ok,-90.068921,35.207957
LM_19_MEMX_20220707_CS_739_744_SORT_LWRP_INTERP,2022-07-07 00:00:00+00:00,2022,742.0,blob,18,7140.2,1148.3,ok,-90.069393,35.208793
LM_19_MEMX_20220707_CS_739_744_SORT_LWRP_INTERP,2022-07-07 00:00:00+00:00,2022,742.0,blob,19,7449.4,1771.7,ok,-90.069112,35.20961
LM_19_MEMX_20220707_CS_739_744_SORT_LWRP_INTERP,2022-07-07 00:00:00+00:00,2022,742.0,blob,20,7844.2,1378.0,ok,-90.069584,35.210446
LM_19_MEMX_20220707_CS_739_744_SORT_LWRP_INTERP,2022-07-07 00:00:00+00:00,2022,742.0,blob,21,8234.3,2526.2,ok,-90.070182,35.211284
LM_19_MEMX_20220707_CS_739_744_SORT_LWRP_INTERP,2022-07-07 00:00:00+00:00,2022,742.0,blob,22,8665.2,1443.6,ok,-90.070946,35.212127
LM_19_MEMX_20220707_CS_739_744_SORT_LWRP_INTERP,2022-07-07 00:00:00+00:00,2022,742.0,blob,23,9176.6,1607.6,ok,-90.072296,35.212984
LM_19_MEMX_20220707_CS_739_744_SORT_LWRP_INTERP,2022-07-07 00:00:00+00:00,2022,742.0,blob,24,9602.3,1410.8,ok,-90.07327,35.213832
LM_19_MEMX_20220707_CS_739_744_SORT_LWRP_INTERP,2022-07-07 00:00:00+00:00,2022,742.0,blob,25,10009.7,1935.7,ok,-90.07416,35.214677
LM_19_MEMX_20220707_CS_739_744_SORT_LWRP_INTERP,2022-07-07 00:00:00+00:00,2022,742.0,blob,26,10376.5,2263.8,ok,-90.074507,35.21551
LM_19_MEMX_20220707_CS_739_744_SORT_LWRP_INTERP,2022-07-07 00:00:00+00:00,2022,742.0,blob,27,10685.7,2296.6,ok,-90.074227,35.216327
LM_19_MEMX_20220707_CS_739_744_SORT_LWRP_INTERP,2022-07-07 00:00:00+00:00,2022,742.0,blob,28,10998.4,2460.6,ok,-90.074239,35.217152
LM_19_MEMX_20220707_CS_739_744_SORT_LWRP_INTERP,2022-07-07 00:00:00+00:00,2022,742.0,blob,29,11314.6,2231.0,ok,-90.074544,35.217983
LM_19_MEMX_20220707_CS_739_744_SORT_LWRP_INTERP,2022-07-07 00:00:00+00:00,2022,742.0,blob,30,11635.3,2559.1,ok,-90.074891,35.218816
LM_19_MEMX_20220707_CS_739_744_SORT_LWRP_INTERP,2022-07-07 00:00:00+00:00,2022,742.0,blob,31,11955.9,2231.0,ok,-90.075237,35.219648
LM_19_MEMX_20220707_CS_739_744_SORT_LWRP_INTERP,2022-07-07 00:00:00+00:00,2022,742.0,blob,32,12264.5,2296.6,ok,-90.075417,35.220477
LM_19_MEMX_20220707_CS_739_744_SORT_LWRP_INTERP,2022-07-07 00:00:00+00:00,2022,742.0,blob,33,12645.5,2460.6,ok,-90.076014,35.221316
LM_19_MEMX_20220707_CS_739_744_SORT_LWRP_INTERP,2022-07-07 00:00:00+00:00,2022,742.0,blob,34,13038.5,2132.5,ok,-90.076779,35.222158
LM_19_MEMX_20220707_CS_739_744_SORT_LWRP_INTERP,2022-07-07 00:00:00+00:00,2022,742.0,blob,35,13581.8,2460.6,ok,-90.078129,35.223015
LM_19_MEMX_20220707_CS_739_744_SORT_LWRP_INTERP,2022-07-07 00:00:00+00:00,2022,742.0,blob,36,14508.8,3084.0,waypoint,-90.078476,35.2248
LM_19_MEMX_20220707_CS_739_744_SORT_LWRP_INTERP,2022-07-07 00:00:00+00:00,2022,742.0,blob,37,15782.3,2066.9,waypoint,-90.078876,35.227877
LM_19_MEMX_20220707_CS_739_744_SORT_LWRP_INTERP,2022-07-07 00:00:00+00:00,2022,742.0,blob,38,17211.8,1181.1,waypoint,-90.080824,35.231441
LM_19_MEMX_20220707_CS_739_744_SORT_LWRP_INTERP,2022-07-07 00:00:00+00:00,2022,742.0,blob,39,18798.9,2001.3,waypoint,-90.084024,35.234621
LM_19_MEMX_20220707_CS_739_744_SORT_LWRP_INTERP,2022-07-07 00:00:00+00:00,2022,742.0,blob,40,20273.8,1246.7,waypoint,-90.087282,35.237454
LM_19_MEMX_20220707_CS_739_744_SORT_LWRP_INTERP,2022-07-07 00:00:00+00:00,2022,742.0,blob,41,21412.6,1738.8,waypoint,-90.089384,35.239996
LM_19_MEMX_20220707_CS_739_744_SORT_LWRP_INTERP,2022-07-07 00:00:00+00:00,2022,742.0,blob,42,22677.5,1673.2,waypoint,-90.092023,35.242689
LM_19_MEMX_20220707_CS_739_744_SORT_LWRP_INTERP,2022-07-07 00:00:00+00:00,2022,742.0,blob,43,23945.5,2263.8,waypoint,-90.094656,35.2454
LM_19_MEMX_20220707_CS_739_744_SORT_LWRP_INTERP,2022-07-07 00:00:00+00:00,2022,742.0,blob,44,25243.9,1837.3,waypoint,-90.095019,35.248376
LM_19_MEMX_20220707_CS_739_744_SORT_LWRP_INTERP,2022-07-07 00:00:00+00:00,2022,742.0,blob,45,26571.3,1017.1,waypoint,-90.094333,35.251857
LM_19_MEMX_20220707_CS_739_744_SORT_LWRP_INTERP,2022-07-07 00:00:00+00:00,2022,742.0,blob,46,27734.5,787.4,waypoint,-90.094756,35.255032
LM_22_RANX_20220705_CS_772_769_SORT_LWRP_INTERP,2022-07-05 00:00:00+00:00,2022,771.0,blob,0,138.0,853.0,waypoint,-89.909134,35.512688
LM_22_RANX_20220705_CS_772_769_SORT_LWRP_INTERP,2022-07-05 00:00:00+00:00,2022,771.0,blob,1,554.8,820.2,waypoint,-89.910391,35.512204
LM_22_RANX_20220705_CS_772_769_SORT_LWRP_INTERP,2022-07-05 00:00:00+00:00,2022,771.0,blob,2,1037.6,820.2,waypoint,-89.911864,35.511681
LM_22_RANX_20220705_CS_772_769_SORT_LWRP_INTERP,2022-07-05 00:00:00+00:00,2022,771.0,blob,3,1409.7,754.6,waypoint,-89.913091,35.511512
LM_22_RANX_20220705_CS_772_769_SORT_LWRP_INTERP,2022-07-05 00:00:00+00:00,2022,771.0,blob,4,1767.6,721.8,waypoint,-89.914265,35.511334
LM_22_RANX_20220705_CS_772_769_SORT_LWRP_INTERP,2022-07-05 00:00:00+00:00,2022,771.0,blob,5,2249.9,787.4,waypoint,-89.915834,35.511009
LM_22_RANX_20220705_CS_772_769_SORT_LWRP_INTERP,2022-07-05 00:00:00+00:00,2022,771.0,blob,6,2783.9,754.6,waypoint,-89.917603,35.510835
LM_22_RANX_20220705_CS_772_769_SORT_LWRP_INTERP,2022-07-05 00:00:00+00:00,2022,771.0,blob,7,3225.9,853.0,waypoint,-89.919076,35.510737
LM_22_RANX_20220705_CS_772_769_SORT_LWRP_INTERP,2022-07-05 00:00:00+00:00,2022,771.0,blob,8,3616.6,820.2,waypoint,-89.920367,35.510723
LM_22_RANX_20220705_CS_772_769_SORT_LWRP_INTERP,2022-07-05 00:00:00+00:00,2022,771.0,blob,9,4012.5,918.6,waypoint,-89.921688,35.510807
LM_22_RANX_20220705_CS_772_769_SORT_LWRP_INTERP,2022-07-05 00:00:00+00:00,2022,771.0,blob,10,4486.3,1082.7,waypoint,-89.923274,35.510729
LM_22_RANX_20220705_CS_772_769_SORT_LWRP_INTERP,2022-07-05 00:00:00+00:00,2022,771.0,blob,11,4974.1,1181.1,waypoint,-89.924907,35.510672
LM_22_RANX_20220705_CS_772_769_SORT_LWRP_INTERP,2022-07-05 00:00:00+00:00,2022,771.0,blob,12,5516.6,1049.9,waypoint,-89.926715,35.510828
LM_22_RANX_20220705_CS_772_769_SORT_LWRP_INTERP,2022-07-05 00:00:00+00:00,2022,771.0,blob,13,6054.5,1082.7,waypoint,-89.928448,35.511202
LM_22_RANX_20220705_CS_772_769_SORT_LWRP_INTERP,2022-07-05 00:00:00+00:00,2022,771.0,blob,14,6504.0,1049.9,waypoint,-89.929841,35.511677
LM_22_RANX_20220705_CS_772_769_SORT_LWRP_INTERP,2022-07-05 00:00:00+00:00,2022,771.0,blob,15,6954.4,1017.1,waypoint,-89.931163,35.51226
LM_22_RANX_20220705_CS_772_769_SORT_LWRP_INTERP,2022-07-05 00:00:00+00:00,2022,771.0,blob,16,7493.3,1049.9,waypoint,-89.932677,35.513068
LM_22_RANX_20220705_CS_772_769_SORT_LWRP_INTERP,2022-07-05 00:00:00+00:00,2022,771.0,blob,17,7898.5,1082.7,waypoint,-89.93386,35.513612
LM_22_RANX_20220705_CS_772_769_SORT_LWRP_INTERP,2022-07-05 00:00:00+00:00,2022,771.0,blob,18,8224.0,1049.9,waypoint,-89.934801,35.514059
LM_23_OSCX_20220412_CS_788_793_SORT_LWRP_INTERP,2022-04-12 00:00:00+00:00,2022,791.0,blob,0,195.3,1902.9,ok,-89.931884,35.728531
LM_23_OSCX_20220412_CS_788_793_SORT_LWRP_INTERP,2022-04-12 00:00:00+00:00,2022,791.0,blob,1,553.0,1837.3,ok,-89.930855,35.72902
LM_23_OSCX_20220412_CS_788_793_SORT_LWRP_INTERP,2022-04-12 00:00:00+00:00,2022,791.0,blob,2,895.8,1837.3,ok,-89.929828,35.72944
LM_23_OSCX_20220412_CS_788_793_SORT_LWRP_INTERP,2022-04-12 00:00:00+00:00,2022,791.0,blob,3,1238.6,1870.1,ok,-89.928801,35.72986
LM_23_OSCX_20220412_CS_788_793_SORT_LWRP_INTERP,2022-04-12 00:00:00+00:00,2022,791.0,blob,4,1563.6,2034.1,ok,-89.927778,35.730177
LM_23_OSCX_20220412_CS_788_793_SORT_LWRP_INTERP,2022-04-12 00:00:00+00:00,2022,791.0,blob,5,1884.2,1804.5,ok,-89.926757,35.73046
LM_23_OSCX_20220412_CS_788_793_SORT_LWRP_INTERP,2022-04-12 00:00:00+00:00,2022,791.0,blob,6,2196.9,1968.5,ok,-89.925738,35.730674
LM_23_OSCX_20220412_CS_788_793_SORT_LWRP_INTERP,2022-04-12 00:00:00+00:00,2022,791.0,blob,7,2546.8,1968.5,ok,-89.924711,35.731094
LM_23_OSCX_20220412_CS_788_793_SORT_LWRP_INTERP,2022-04-12 00:00:00+00:00,2022,791.0,blob,8,2937.3,1902.9,ok,-89.923675,35.731755
LM_23_OSCX_20220412_CS_788_793_SORT_LWRP_INTERP,2022-04-12 00:00:00+00:00,2022,791.0,blob,9,3295.1,2034.1,ok,-89.922645,35.732243
LM_23_OSCX_20220412_CS_788_793_SORT_LWRP_INTERP,2022-04-12 00:00:00+00:00,2022,791.0,blob,10,3631.2,1935.7,ok,-89.92162,35.732629
LM_23_OSCX_20220412_CS_788_793_SORT_LWRP_INTERP,2022-04-12 00:00:00+00:00,2022,791.0,blob,11,3963.0,1870.1,ok,-89.920595,35.732981
LM_23_OSCX_20220412_CS_788_793_SORT_LWRP_INTERP,2022-04-12 00:00:00+00:00,2022,791.0,blob,12,4275.7,1870.1,ok,-89.919576,35.733195
LM_23_OSCX_20220412_CS_788_793_SORT_LWRP_INTERP,2022-04-12 00:00:00+00:00,2022,791.0,blob,13,4584.9,1837.3,ok,-89.918559,35.733375
LM_23_OSCX_20220412_CS_788_793_SORT_LWRP_INTERP,2022-04-12 00:00:00+00:00,2022,791.0,blob,14,4891.6,1574.8,ok,-89.917543,35.73352
LM_23_OSCX_20220412_CS_788_793_SORT_LWRP_INTERP,2022-04-12 00:00:00+00:00,2022,791.0,blob,15,5198.3,1542.0,ok,-89.916526,35.733666
LM_23_OSCX_20220412_CS_788_793_SORT_LWRP_INTERP,2022-04-12 00:00:00+00:00,2022,791.0,blob,16,5515.4,1410.8,ok,-89.915506,35.733915
LM_23_OSCX_20220412_CS_788_793_SORT_LWRP_INTERP,2022-04-12 00:00:00+00:00,2022,791.0,blob,17,5828.4,1443.6,ok,-89.914488,35.734094
LM_23_OSCX_20220412_CS_788_793_SORT_LWRP_INTERP,2022-04-12 00:00:00+00:00,2022,791.0,blob,18,6131.0,1410.8,ok,-89.913475,35.734171
LM_23_OSCX_20220412_CS_788_793_SORT_LWRP_INTERP,2022-04-12 00:00:00+00:00,2022,791.0,blob,19,6437.7,1345.1,ok,-89.912458,35.734317
LM_23_OSCX_20220412_CS_788_793_SORT_LWRP_INTERP,2022-04-12 00:00:00+00:00,2022,791.0,blob,20,6747.0,1345.1,ok,-89.911441,35.734497
LM_23_OSCX_20220412_CS_788_793_SORT_LWRP_INTERP,2022-04-12 00:00:00+00:00,2022,791.0,blob,21,7059.7,1279.5,ok,-89.910422,35.734711
LM_23_OSCX_20220412_CS_788_793_SORT_LWRP_INTERP,2022-04-12 00:00:00+00:00,2022,791.0,blob,22,7375.9,1279.5,ok,-89.909401,35.734959
LM_23_OSCX_20220412_CS_788_793_SORT_LWRP_INTERP,2022-04-12 00:00:00+00:00,2022,791.0,blob,23,7696.5,1246.7,ok,-89.90838,35.735242
LM_23_OSCX_20220412_CS_788_793_SORT_LWRP_INTERP,2022-04-12 00:00:00+00:00,2022,791.0,blob,24,8032.7,1345.1,ok,-89.907354,35.735628
LM_23_OSCX_20220412_CS_788_793_SORT_LWRP_INTERP,2022-04-12 00:00:00+00:00,2022,791.0,blob,25,8361.0,1345.1,ok,-89.906331,35.735945
LM_23_OSCX_20220412_CS_788_793_SORT_LWRP_INTERP,2022-04-12 00:00:00+00:00,2022,791.0,blob,26,8689.2,1312.3,ok,-89.905308,35.736262
LM_23_OSCX_20220412_CS_788_793_SORT_LWRP_INTERP,2022-04-12 00:00:00+00:00,2022,791.0,blob,27,9021.0,1312.3,ok,-89.904284,35.736613
LM_23_OSCX_20220412_CS_788_793_SORT_LWRP_INTERP,2022-04-12 00:00:00+00:00,2022,791.0,blob,28,9341.6,1279.5,ok,-89.903262,35.736896
LM_23_OSCX_20220412_CS_788_793_SORT_LWRP_INTERP,2022-04-12 00:00:00+00:00,2022,791.0,blob,29,9658.7,1246.7,ok,-89.902242,35.737144
LM_23_OSCX_20220412_CS_788_793_SORT_LWRP_INTERP,2022-04-12 00:00:00+00:00,2022,791.0,blob,30,9965.4,1148.3,ok,-89.901225,35.73729
LM_23_OSCX_20220412_CS_788_793_SORT_LWRP_INTERP,2022-04-12 00:00:00+00:00,2022,791.0,blob,31,10275.6,1181.1,ok,-89.900207,35.73747
LM_23_OSCX_20220412_CS_788_793_SORT_LWRP_INTERP,2022-04-12 00:00:00+00:00,2022,791.0,blob,32,10591.8,1312.3,ok,-89.899187,35.737718
LM_23_OSCX_20220412_CS_788_793_SORT_LWRP_INTERP,2022-04-12 00:00:00+00:00,2022,791.0,blob,33,10904.6,1443.6,ok,-89.898168,35.737932
LM_23_OSCX_20220412_CS_788_793_SORT_LWRP_INTERP,2022-04-12 00:00:00+00:00,2022,791.0,blob,34,11209.2,1443.6,ok,-89.897154,35.738009
LM_23_OSCX_20220412_CS_788_793_SORT_LWRP_INTERP,2022-04-12 00:00:00+00:00,2022,791.0,blob,35,11509.7,1378.0,ok,-89.896143,35.738017
LM_23_OSCX_20220412_CS_788_793_SORT_LWRP_INTERP,2022-04-12 00:00:00+00:00,2022,791.0,blob,36,11812.3,1345.1,ok,-89.895129,35.738094
LM_23_OSCX_20220412_CS_788_793_SORT_LWRP_INTERP,2022-04-12 00:00:00+00:00,2022,791.0,blob,37,12119.0,1476.4,ok,-89.894121,35.738034
LM_23_OSCX_20220412_CS_788_793_SORT_LWRP_INTERP,2022-04-12 00:00:00+00:00,2022,791.0,blob,38,12436.1,1738.8,ok,-89.893109,35.738076
LM_23_OSCX_20220412_CS_788_793_SORT_LWRP_INTERP,2022-04-12 00:00:00+00:00,2022,791.0,blob,39,12766.3,1870.1,ok,-89.892084,35.738427
LM_23_OSCX_20220412_CS_788_793_SORT_LWRP_INTERP,2022-04-12 00:00:00+00:00,2022,791.0,blob,40,13096.5,1443.6,ok,-89.89106,35.738779
LM_23_OSCX_20220412_CS_788_793_SORT_LWRP_INTERP,2022-04-12 00:00:00+00:00,2022,791.0,blob,41,13413.6,1542.0,ok,-89.890039,35.739027
LM_23_OSCX_20220412_CS_788_793_SORT_LWRP_INTERP,2022-04-12 00:00:00+00:00,2022,791.0,blob,42,13730.7,2034.1,ok,-89.889019,35.739275
LM_23_OSCX_20220412_CS_788_793_SORT_LWRP_INTERP,2022-04-12 00:00:00+00:00,2022,791.0,blob,43,14043.7,1968.5,ok,-89.888004,35.739386
LM_23_OSCX_20220412_CS_788_793_SORT_LWRP_INTERP,2022-04-12 00:00:00+00:00,2022,791.0,blob,44,14346.3,2099.7,ok,-89.886993,35.739394
LM_23_OSCX_20220412_CS_788_793_SORT_LWRP_INTERP,2022-04-12 00:00:00+00:00,2022,791.0,blob,45,14870.3,3215.2,waypoint,-89.885977,35.738516
LM_23_OSCX_20220412_CS_788_793_SORT_LWRP_INTERP,2022-04-12 00:00:00+00:00,2022,791.0,blob,46,15626.9,2099.7,waypoint,-89.884197,35.737385
LM_23_OSCX_20220412_CS_788_793_SORT_LWRP_INTERP,2022-04-12 00:00:00+00:00,2022,791.0,blob,47,16533.2,2066.9,waypoint,-89.881179,35.737032
LM_23_OSCX_20220412_CS_788_793_SORT_LWRP_INTERP,2022-04-12 00:00:00+00:00,2022,791.0,blob,48,17419.7,1870.1,waypoint,-89.878228,35.736681
LM_23_OSCX_20220412_CS_788_793_SORT_LWRP_INTERP,2022-04-12 00:00:00+00:00,2022,791.0,blob,49,17969.0,1870.1,waypoint,-89.876412,35.736579
LM_23_OSCX_20220412_CS_788_793_SORT_LWRP_INTERP,2022-04-12 00:00:00+00:00,2022,791.0,blob,50,18673.8,2263.8,waypoint,-89.874054,35.736573
LM_23_OSCX_20220412_CS_788_793_SORT_LWRP_INTERP,2022-04-12 00:00:00+00:00,2022,791.0,blob,51,19810.2,2395.0,waypoint,-89.870394,35.737129
LM_23_OSCX_20220412_CS_788_793_SORT_LWRP_INTERP,2022-04-12 00:00:00+00:00,2022,791.0,blob,52,20920.6,1902.9,waypoint,-89.866879,35.737422
LM_23_OSCX_20220412_CS_788_793_SORT_LWRP_INTERP,2022-04-12 00:00:00+00:00,2022,791.0,blob,53,21801.1,2755.9,waypoint,-89.864765,35.738034
LM_23_OSCX_20220412_CS_788_793_SORT_LWRP_INTERP,2022-04-12 00:00:00+00:00,2022,791.0,blob,54,22627.9,1771.7,waypoint,-89.863081,35.739748
LM_23_OSCX_20220412_CS_788_793_SORT_LWRP_INTERP,2022-04-12 00:00:00+00:00,2022,791.0,blob,55,23519.5,1213.9,waypoint,-89.860415,35.740722
LM_23_OSCX_20220412_CS_788_793_SORT_LWRP_INTERP,2022-04-12 00:00:00+00:00,2022,791.0,blob,56,24559.0,1476.4,waypoint,-89.857019,35.741402
LM_23_OSCX_20220412_CS_788_793_SORT_LWRP_INTERP,2022-04-12 00:00:00+00:00,2022,791.0,blob,57,25847.2,1082.7,waypoint,-89.852758,35.741785
LM_23_OSCX_20220412_CS_788_793_SORT_LWRP_INTERP,2022-04-12 00:00:00+00:00,2022,791.0,blob,58,27078.6,1870.1,waypoint,-89.8487,35.742173
LM_23_OSCX_20220412_CS_788_793_SORT_LWRP_INTERP,2022-04-12 00:00:00+00:00,2022,791.0,blob,59,28137.2,1640.4,waypoint,-89.845222,35.742639
LM_23_OSCX_20220412_CS_788_793_SORT_LWRP_INTERP,2022-04-12 00:00:00+00:00,2022,791.0,blob,60,29180.9,1804.5,waypoint,-89.841713,35.742767
LM_23_OSCX_20220412_CS_788_793_SORT_LWRP_INTERP,2022-04-12 00:00:00+00:00,2022,791.0,blob,61,30020.5,1312.3,waypoint,-89.838982,35.742522
LM_18_FRIX_20220719_CS_651_653_SORT_LWRP_INTERP,2022-07-19 00:00:00+00:00,2022,652.0,blob,0,158.1,885.8,ok,-90.657661,34.384641
LM_18_FRIX_20220719_CS_651_653_SORT_LWRP_INTERP,2022-07-19 00:00:00+00:00,2022,652.0,blob,1,478.7,885.8,ok,-90.656658,34.384931
LM_18_FRIX_20220719_CS_651_653_SORT_LWRP_INTERP,2022-07-19 00:00:00+00:00,2022,652.0,blob,2,808.9,918.6,ok,-90.655654,34.385289
LM_18_FRIX_20220719_CS_651_653_SORT_LWRP_INTERP,2022-07-19 00:00:00+00:00,2022,652.0,blob,3,1139.1,885.8,ok,-90.65465,34.385648
LM_18_FRIX_20220719_CS_651_653_SORT_LWRP_INTERP,2022-07-19 00:00:00+00:00,2022,652.0,blob,4,1481.9,918.6,ok,-90.653643,34.386075
LM_18_FRIX_20220719_CS_651_653_SORT_LWRP_INTERP,2022-07-19 00:00:00+00:00,2022,652.0,blob,5,1812.7,951.4,ok,-90.652641,34.386365
LM_18_FRIX_20220719_CS_651_653_SORT_LWRP_INTERP,2022-07-19 00:00:00+00:00,2022,652.0,blob,6,2136.9,853.0,ok,-90.651639,34.386621
LM_18_FRIX_20220719_CS_651_653_SORT_LWRP_INTERP,2022-07-19 00:00:00+00:00,2022,652.0,blob,7,2473.0,820.2,ok,-90.650634,34.387013
LM_18_FRIX_20220719_CS_651_653_SORT_LWRP_INTERP,2022-07-19 00:00:00+00:00,2022,652.0,blob,8,2803.2,951.4,ok,-90.649629,34.387372
LM_18_FRIX_20220719_CS_651_653_SORT_LWRP_INTERP,2022-07-19 00:00:00+00:00,2022,652.0,blob,9,3121.5,1082.7,ok,-90.648629,34.387593
LM_18_FRIX_20220719_CS_651_653_SORT_LWRP_INTERP,2022-07-19 00:00:00+00:00,2022,652.0,blob,10,3430.1,1148.3,ok,-90.64763,34.387746
LM_18_FRIX_20220719_CS_651_653_SORT_LWRP_INTERP,2022-07-19 00:00:00+00:00,2022,652.0,blob,11,3761.9,1082.7,ok,-90.646626,34.388104
LM_18_FRIX_20220719_CS_651_653_SORT_LWRP_INTERP,2022-07-19 00:00:00+00:00,2022,652.0,blob,12,4093.6,1049.9,ok,-90.645621,34.388463
LM_18_FRIX_20220719_CS_651_653_SORT_LWRP_INTERP,2022-07-19 00:00:00+00:00,2022,652.0,blob,13,4401.8,1049.9,ok,-90.644624,34.388581
LM_18_FRIX_20220719_CS_651_653_SORT_LWRP_INTERP,2022-07-19 00:00:00+00:00,2022,652.0,blob,14,4714.3,1017.1,ok,-90.643625,34.388734
LM_18_FRIX_20220719_CS_651_653_SORT_LWRP_INTERP,2022-07-19 00:00:00+00:00,2022,652.0,blob,15,5027.3,1115.5,ok,-90.642627,34.388852
LM_18_FRIX_20220719_CS_651_653_SORT_LWRP_INTERP,2022-07-19 00:00:00+00:00,2022,652.0,blob,16,5340.3,1542.0,ok,-90.641639,34.388627
LM_18_FRIX_20220719_CS_651_653_SORT_LWRP_INTERP,2022-07-19 00:00:00+00:00,2022,652.0,blob,17,5676.5,1345.1,ok,-90.640643,34.388676
LM_18_FRIX_20220719_CS_651_653_SORT_LWRP_INTERP,2022-07-19 00:00:00+00:00,2022,652.0,blob,18,6030.4,1476.4,ok,-90.639635,34.389172
LM_18_FRIX_20220719_CS_651_653_SORT_LWRP_INTERP,2022-07-19 00:00:00+00:00,2022,652.0,blob,19,6390.9,1115.5,ok,-90.638626,34.389702
LM_18_FRIX_20220719_CS_651_653_SORT_LWRP_INTERP,2022-07-19 00:00:00+00:00,2022,652.0,blob,20,6721.2,1115.5,ok,-90.637624,34.389957
LM_18_FRIX_20220719_CS_651_653_SORT_LWRP_INTERP,2022-07-19 00:00:00+00:00,2022,652.0,blob,21,7092.4,2296.6,ok,-90.636643,34.389492
LM_18_FRIX_20220719_CS_651_653_SORT_LWRP_INTERP,2022-07-19 00:00:00+00:00,2022,652.0,blob,22,7465.6,1082.7,ok,-90.635659,34.389095
LM_18_FRIX_20220719_CS_651_653_SORT_LWRP_INTERP,2022-07-19 00:00:00+00:00,2022,652.0,blob,23,7785.4,1115.5,ok,-90.634658,34.38935
LM_18_FRIX_20220719_CS_651_653_SORT_LWRP_INTERP,2022-07-19 00:00:00+00:00,2022,652.0,blob,24,8105.1,1049.9,ok,-90.633656,34.389606
LM_18_FRIX_20220719_CS_651_653_SORT_LWRP_INTERP,2022-07-19 00:00:00+00:00,2022,652.0,blob,25,8411.8,1082.7,ok,-90.632657,34.389758
LM_18_FRIX_20220719_CS_651_653_SORT_LWRP_INTERP,2022-07-19 00:00:00+00:00,2022,652.0,blob,26,8761.7,1148.3,ok,-90.631651,34.390185
LM_18_FRIX_20220719_CS_651_653_SORT_LWRP_INTERP,2022-07-19 00:00:00+00:00,2022,652.0,blob,27,9119.4,1312.3,ok,-90.630652,34.390338
LM_18_FRIX_20220719_CS_651_653_SORT_LWRP_INTERP,2022-07-19 00:00:00+00:00,2022,652.0,blob,28,9362.5,2165.4,waypoint,-90.630265,34.389953
LM_18_FRIX_20220719_CS_651_653_SORT_LWRP_INTERP,2022-07-19 00:00:00+00:00,2022,652.0,blob,29,9709.9,853.0,waypoint,-90.629485,34.389773
LM_18_FRIX_20220719_CS_651_653_SORT_LWRP_INTERP,2022-07-19 00:00:00+00:00,2022,652.0,blob,30,10238.4,0.0,waypoint,-90.627764,34.389611
LM_18_FRIX_20220719_CS_651_653_SORT_LWRP_INTERP,2022-07-19 00:00:00+00:00,2022,652.0,blob,31,10739.9,1017.1,waypoint,-90.626222,34.38912
LM_18_FRIX_20220719_CS_651_653_SORT_LWRP_INTERP,2022-07-19 00:00:00+00:00,2022,652.0,blob,32,11311.8,2132.5,waypoint,-90.624636,34.388269
LM_18_FRIX_20220719_CS_651_653_SORT_LWRP_INTERP,2022-07-19 00:00:00+00:00,2022,652.0,blob,33,12010.8,2165.4,waypoint,-90.622708,34.387209
LM_18_FRIX_20220719_CS_651_653_SORT_LWRP_INTERP,2022-07-19 00:00:00+00:00,2022,652.0,blob,34,12704.6,885.8,waypoint,-90.620609,34.386486
LM_18_FRIX_20220719_CS_651_653_SORT_LWRP_INTERP,2022-07-19 00:00:00+00:00,2022,652.0,blob,35,13320.0,1935.7,waypoint,-90.618621,34.386447
LM_18_FRIX_20220719_CS_651_653_SORT_LWRP_INTERP,2022-07-19 00:00:00+00:00,2022,652.0,blob,36,13941.7,1902.9,waypoint,-90.616745,34.387093
LM_18_FRIX_20220719_CS_651_653_SORT_LWRP_INTERP,2022-07-19 00:00:00+00:00,2022,652.0,blob,37,14615.1,1968.5,waypoint,-90.614925,34.388157
LM_18_FRIX_20220719_CS_651_653_SORT_LWRP_INTERP,2022-07-19 00:00:00+00:00,2022,652.0,blob,38,15065.2,1902.9,waypoint,-90.613701,34.388837
LM_23_OSCX_20220629_CS_796_791_SORT_LWRP_INTERP,2022-06-29 00:00:00+00:00,2022,794.0,blob,0,250.0,1574.8,ok,-89.87372,35.737039
LM_23_OSCX_20220629_CS_796_791_SORT_LWRP_INTERP,2022-06-29 00:00:00+00:00,2022,794.0,blob,1,650.5,2296.6,ok,-89.87269,35.737528
LM_23_OSCX_20220629_CS_796_791_SORT_LWRP_INTERP,2022-06-29 00:00:00+00:00,2022,794.0,blob,2,951.6,2493.4,ok,-89.871683,35.737433
LM_23_OSCX_20220629_CS_796_791_SORT_LWRP_INTERP,2022-06-29 00:00:00+00:00,2022,794.0,blob,3,1256.7,2395.0,ok,-89.870671,35.737475
LM_23_OSCX_20220629_CS_796_791_SORT_LWRP_INTERP,2022-06-29 00:00:00+00:00,2022,794.0,blob,4,1671.4,2559.1,ok,-89.869634,35.738135
LM_23_OSCX_20220629_CS_796_791_SORT_LWRP_INTERP,2022-06-29 00:00:00+00:00,2022,794.0,blob,5,2191.6,2952.8,ok,-89.868579,35.739275
LM_23_OSCX_20220629_CS_796_791_SORT_LWRP_INTERP,2022-06-29 00:00:00+00:00,2022,794.0,blob,6,2602.3,2427.8,ok,-89.867548,35.739797
LM_23_OSCX_20220629_CS_796_791_SORT_LWRP_INTERP,2022-06-29 00:00:00+00:00,2022,794.0,blob,7,2940.3,1738.8,ok,-89.866527,35.740045
LM_23_OSCX_20220629_CS_796_791_SORT_LWRP_INTERP,2022-06-29 00:00:00+00:00,2022,794.0,blob,8,3358.3,2198.2,ok,-89.865486,35.740808
LM_23_OSCX_20220629_CS_796_791_SORT_LWRP_INTERP,2022-06-29 00:00:00+00:00,2022,794.0,blob,9,3746.9,2132.5,ok,-89.864463,35.741125
LM_23_OSCX_20220629_CS_796_791_SORT_LWRP_INTERP,2022-06-29 00:00:00+00:00,2022,794.0,blob,10,4085.3,1738.8,ok,-89.863448,35.741235
LM_23_OSCX_20220629_CS_796_791_SORT_LWRP_INTERP,2022-06-29 00:00:00+00:00,2022,794.0,blob,11,4445.8,2231.0,ok,-89.862438,35.741209
LM_23_OSCX_20220629_CS_796_791_SORT_LWRP_INTERP,2022-06-29 00:00:00+00:00,2022,794.0,blob,12,4806.4,1378.0,ok,-89.861429,35.741183
LM_23_OSCX_20220629_CS_796_791_SORT_LWRP_INTERP,2022-06-29 00:00:00+00:00,2022,794.0,blob,13,5144.8,1378.0,ok,-89.860403,35.741568
LM_23_OSCX_20220629_CS_796_791_SORT_LWRP_INTERP,2022-06-29 00:00:00+00:00,2022,794.0,blob,14,5457.5,1345.1,ok,-89.859384,35.741782
LM_23_OSCX_20220629_CS_796_791_SORT_LWRP_INTERP,2022-06-29 00:00:00+00:00,2022,794.0,blob,15,5762.6,1443.6,ok,-89.858368,35.741892
LM_23_OSCX_20220629_CS_796_791_SORT_LWRP_INTERP,2022-06-29 00:00:00+00:00,2022,794.0,blob,16,6063.2,1509.2,ok,-89.857357,35.7419
LM_23_OSCX_20220629_CS_796_791_SORT_LWRP_INTERP,2022-06-29 00:00:00+00:00,2022,794.0,blob,17,6386.8,1410.8,ok,-89.856338,35.742114
LM_23_OSCX_20220629_CS_796_791_SORT_LWRP_INTERP,2022-06-29 00:00:00+00:00,2022,794.0,blob,18,6715.1,1378.0,ok,-89.855315,35.742431
LM_23_OSCX_20220629_CS_796_791_SORT_LWRP_INTERP,2022-06-29 00:00:00+00:00,2022,794.0,blob,19,7032.2,1771.7,ok,-89.854308,35.742336
LM_23_OSCX_20220629_CS_796_791_SORT_LWRP_INTERP,2022-06-29 00:00:00+00:00,2022,794.0,blob,20,7344.7,1345.1,ok,-89.853305,35.742138
LM_23_OSCX_20220629_CS_796_791_SORT_LWRP_INTERP,2022-06-29 00:00:00+00:00,2022,794.0,blob,21,7649.3,1246.7,ok,-89.852291,35.742214
LM_23_OSCX_20220629_CS_796_791_SORT_LWRP_INTERP,2022-06-29 00:00:00+00:00,2022,794.0,blob,22,7956.0,1246.7,ok,-89.851274,35.742359
LM_23_OSCX_20220629_CS_796_791_SORT_LWRP_INTERP,2022-06-29 00:00:00+00:00,2022,794.0,blob,23,8258.6,1279.5,ok,-89.850263,35.742367
LM_23_OSCX_20220629_CS_796_791_SORT_LWRP_INTERP,2022-06-29 00:00:00+00:00,2022,794.0,blob,24,8576.8,1640.4,ok,-89.849247,35.742512
LM_23_OSCX_20220629_CS_796_791_SORT_LWRP_INTERP,2022-06-29 00:00:00+00:00,2022,794.0,blob,25,8895.0,1542.0,ok,-89.848228,35.742726
LM_23_OSCX_20220629_CS_796_791_SORT_LWRP_INTERP,2022-06-29 00:00:00+00:00,2022,794.0,blob,26,9196.1,1607.6,ok,-89.847215,35.742768
LM_23_OSCX_20220629_CS_796_791_SORT_LWRP_INTERP,2022-06-29 00:00:00+00:00,2022,794.0,blob,27,9504.7,1673.2,ok,-89.846199,35.742913
LM_23_OSCX_20220629_CS_796_791_SORT_LWRP_INTERP,2022-06-29 00:00:00+00:00,2022,794.0,blob,28,9817.4,1837.3,ok,-89.845188,35.742921
LM_23_OSCX_20220629_CS_796_791_SORT_LWRP_INTERP,2022-06-29 00:00:00+00:00,2022,794.0,blob,29,10145.7,1771.7,ok,-89.844172,35.743031
LM_23_OSCX_20220629_CS_796_791_SORT_LWRP_INTERP,2022-06-29 00:00:00+00:00,2022,794.0,blob,30,10531.5,2788.7,ok,-89.843169,35.742833
LM_23_OSCX_20220629_CS_796_791_SORT_LWRP_INTERP,2022-06-29 00:00:00+00:00,2022,794.0,blob,31,10947.1,2919.9,ok,-89.842191,35.742018
LM_23_OSCX_20220629_CS_796_791_SORT_LWRP_INTERP,2022-06-29 00:00:00+00:00,2022,794.0,blob,32,11301.1,1771.7,ok,-89.841197,35.74158
LM_23_OSCX_20220629_CS_796_791_SORT_LWRP_INTERP,2022-06-29 00:00:00+00:00,2022,794.0,blob,33,11609.8,1640.4,ok,-89.840184,35.741656
LM_23_OSCX_20220629_CS_796_791_SORT_LWRP_INTERP,2022-06-29 00:00:00+00:00,2022,794.0,blob,34,11917.9,1673.2,ok,-89.839168,35.741767
LM_23_OSCX_20220629_CS_796_791_SORT_LWRP_INTERP,2022-06-29 00:00:00+00:00,2022,794.0,blob,35,12222.5,1574.8,ok,-89.838155,35.741843
LM_23_OSCX_20220629_CS_796_791_SORT_LWRP_INTERP,2022-06-29 00:00:00+00:00,2022,794.0,blob,36,12531.7,1345.1,ok,-89.837137,35.742022
LM_23_OSCX_20220629_CS_796_791_SORT_LWRP_INTERP,2022-06-29 00:00:00+00:00,2022,794.0,blob,37,12841.0,1312.3,ok,-89.836119,35.742202
LM_23_OSCX_20220629_CS_796_791_SORT_LWRP_INTERP,2022-06-29 00:00:00+00:00,2022,794.0,blob,38,13150.2,1213.9,ok,-89.835101,35.742381
LM_23_OSCX_20220629_CS_796_791_SORT_LWRP_INTERP,2022-06-29 00:00:00+00:00,2022,794.0,blob,39,13459.4,1181.1,ok,-89.834083,35.74256
LM_23_OSCX_20220629_CS_796_791_SORT_LWRP_INTERP,2022-06-29 00:00:00+00:00,2022,794.0,blob,40,13764.6,1115.5,ok,-89.833068,35.742671
LM_23_OSCX_20220629_CS_796_791_SORT_LWRP_INTERP,2022-06-29 00:00:00+00:00,2022,794.0,blob,41,14073.2,1115.5,ok,-89.832051,35.742815
LM_23_OSCX_20220629_CS_796_791_SORT_LWRP_INTERP,2022-06-29 00:00:00+00:00,2022,794.0,blob,42,14385.9,1017.1,ok,-89.831032,35.743029
LM_23_OSCX_20220629_CS_796_791_SORT_LWRP_INTERP,2022-06-29 00:00:00+00:00,2022,794.0,blob,43,14698.7,1017.1,ok,-89.830013,35.743242
LM_23_OSCX_20220629_CS_796_791_SORT_LWRP_INTERP,2022-06-29 00:00:00+00:00,2022,794.0,blob,44,15007.3,1115.5,ok,-89.828996,35.743387
LM_23_OSCX_20220629_CS_796_791_SORT_LWRP_INTERP,2022-06-29 00:00:00+00:00,2022,794.0,blob,45,15308.3,1115.5,ok,-89.827984,35.743429
LM_23_OSCX_20220629_CS_796_791_SORT_LWRP_INTERP,2022-06-29 00:00:00+00:00,2022,794.0,blob,46,15613.5,1246.7,ok,-89.826969,35.74354
LM_23_OSCX_20220629_CS_796_791_SORT_LWRP_INTERP,2022-06-29 00:00:00+00:00,2022,794.0,blob,47,15920.1,1279.5,ok,-89.825952,35.743685
LM_23_OSCX_20220629_CS_796_791_SORT_LWRP_INTERP,2022-06-29 00:00:00+00:00,2022,794.0,blob,48,16267.5,1312.3,ok,-89.824926,35.74407
LM_23_OSCX_20220629_CS_796_791_SORT_LWRP_INTERP,2022-06-29 00:00:00+00:00,2022,794.0,blob,49,16630.4,1246.7,ok,-89.823894,35.744592
LM_23_OSCX_20220629_CS_796_791_SORT_LWRP_INTERP,2022-06-29 00:00:00+00:00,2022,794.0,blob,50,16985.6,1181.1,ok,-89.822864,35.745079
LM_23_OSCX_20220629_CS_796_791_SORT_LWRP_INTERP,2022-06-29 00:00:00+00:00,2022,794.0,blob,51,17340.8,1115.5,ok,-89.821834,35.745567
LM_23_OSCX_20220629_CS_796_791_SORT_LWRP_INTERP,2022-06-29 00:00:00+00:00,2022,794.0,blob,52,17682.2,1082.7,ok,-89.820806,35.745986
LM_23_OSCX_20220629_CS_796_791_SORT_LWRP_INTERP,2022-06-29 00:00:00+00:00,2022,794.0,blob,53,18023.6,1082.7,ok,-89.819779,35.746406
LM_23_OSCX_20220629_CS_796_791_SORT_LWRP_INTERP,2022-06-29 00:00:00+00:00,2022,794.0,blob,54,18359.0,1049.9,ok,-89.818753,35.74679
LM_23_OSCX_20220629_CS_796_791_SORT_LWRP_INTERP,2022-06-29 00:00:00+00:00,2022,794.0,blob,55,18714.2,1049.9,ok,-89.817722,35.747278
LM_23_OSCX_20220629_CS_796_791_SORT_LWRP_INTERP,2022-06-29 00:00:00+00:00,2022,794.0,blob,56,19069.4,1049.9,ok,-89.816692,35.747766
LM_23_OSCX_20220629_CS_796_791_SORT_LWRP_INTERP,2022-06-29 00:00:00+00:00,2022,794.0,blob,57,19404.8,1115.5,ok,-89.815666,35.748151
LM_23_OSCX_20220629_CS_796_791_SORT_LWRP_INTERP,2022-06-29 00:00:00+00:00,2022,794.0,blob,58,19760.0,1049.9,ok,-89.814636,35.748639
LM_23_OSCX_20220629_CS_796_791_SORT_LWRP_INTERP,2022-06-29 00:00:00+00:00,2022,794.0,blob,59,20151.0,1017.1,ok,-89.813598,35.749298
LM_23_OSCX_20220629_CS_796_791_SORT_LWRP_INTERP,2022-06-29 00:00:00+00:00,2022,794.0,blob,60,20534.8,984.3,ok,-89.812563,35.749923
LM_23_OSCX_20220629_CS_796_791_SORT_LWRP_INTERP,2022-06-29 00:00:00+00:00,2022,794.0,blob,61,20882.7,951.4,ok,-89.811534,35.750376
LM_23_OSCX_20220629_CS_796_791_SORT_LWRP_INTERP,2022-06-29 00:00:00+00:00,2022,794.0,blob,62,21224.1,984.3,ok,-89.810506,35.750795
LM_23_OSCX_20220629_CS_796_791_SORT_LWRP_INTERP,2022-06-29 00:00:00+00:00,2022,794.0,blob,63,21593.0,984.3,ok,-89.809473,35.751351
LM_23_OSCX_20220629_CS_796_791_SORT_LWRP_INTERP,2022-06-29 00:00:00+00:00,2022,794.0,blob,64,21961.9,918.6,ok,-89.80844,35.751908
LM_23_OSCX_20220629_CS_796_791_SORT_LWRP_INTERP,2022-06-29 00:00:00+00:00,2022,794.0,blob,65,22315.9,984.3,ok,-89.807409,35.752395
LM_23_OSCX_20220629_CS_796_791_SORT_LWRP_INTERP,2022-06-29 00:00:00+00:00,2022,794.0,blob,66,22658.6,1082.7,ok,-89.806382,35.752814
LM_23_OSCX_20220629_CS_796_791_SORT_LWRP_INTERP,2022-06-29 00:00:00+00:00,2022,794.0,blob,67,22979.2,1345.1,ok,-89.80536,35.753096
LM_23_OSCX_20220629_CS_796_791_SORT_LWRP_INTERP,2022-06-29 00:00:00+00:00,2022,794.0,blob,68,23317.6,1378.0,ok,-89.804333,35.753481
LM_23_OSCX_20220629_CS_796_791_SORT_LWRP_INTERP,2022-06-29 00:00:00+00:00,2022,794.0,blob,69,23685.4,1574.8,ok,-89.8033,35.754037
LM_23_OSCX_20220629_CS_796_791_SORT_LWRP_INTERP,2022-06-29 00:00:00+00:00,2022,794.0,blob,70,24046.6,1738.8,ok,-89.802268,35.754559
LM_23_OSCX_20220629_CS_796_791_SORT_LWRP_INTERP,2022-06-29 00:00:00+00:00,2022,794.0,blob,71,24382.7,1771.7,ok,-89.801242,35.754944
LM_23_OSCX_20220629_CS_796_791_SORT_LWRP_INTERP,2022-06-29 00:00:00+00:00,2022,794.0,blob,72,24718.9,1738.8,ok,-89.800216,35.755328
LM_23_OSCX_20220629_CS_796_791_SORT_LWRP_INTERP,2022-06-29 00:00:00+00:00,2022,794.0,blob,73,26163.9,2690.3,ok,-89.799057,35.759006
LM_23_OSCX_20220629_CS_796_791_SORT_LWRP_INTERP,2022-06-29 00:00:00+00:00,2022,794.0,blob,74,28005.4,2427.8,ok,-89.797848,35.763952
LM_23_OSCX_20220629_CS_796_791_SORT_LWRP_INTERP,2022-06-29 00:00:00+00:00,2022,794.0,blob,75,28835.6,2066.9,ok,-89.796754,35.766017
LM_23_OSCX_20220629_CS_796_791_SORT_LWRP_INTERP,2022-06-29 00:00:00+00:00,2022,794.0,blob,76,29290.9,1804.5,ok,-89.795707,35.766917
LM_19_MEMX_20220804_CS_758_759_SORT_LWRP_INTERP,2022-08-04 00:00:00+00:00,2022,757.0,blob,0,173.7,1345.1,ok,-90.052998,35.412295
LM_19_MEMX_20220804_CS_758_759_SORT_LWRP_INTERP,2022-08-04 00:00:00+00:00,2022,757.0,blob,1,505.4,1607.6,ok,-90.051988,35.412373
LM_19_MEMX_20220804_CS_758_759_SORT_LWRP_INTERP,2022-08-04 00:00:00+00:00,2022,757.0,blob,2,814.1,1935.7,ok,-90.050989,35.412177
LM_19_MEMX_20220804_CS_758_759_SORT_LWRP_INTERP,2022-08-04 00:00:00+00:00,2022,757.0,blob,3,1119.2,2427.8,ok,-90.049988,35.412015
LM_19_MEMX_20220804_CS_758_759_SORT_LWRP_INTERP,2022-08-04 00:00:00+00:00,2022,757.0,blob,4,1454.1,1706.0,ok,-90.048976,35.412162
LM_19_MEMX_20220804_CS_758_759_SORT_LWRP_INTERP,2022-08-04 00:00:00+00:00,2022,757.0,blob,5,1884.4,2099.7,ok,-90.04794,35.412961
LM_19_MEMX_20220804_CS_758_759_SORT_LWRP_INTERP,2022-08-04 00:00:00+00:00,2022,757.0,blob,6,2286.4,2198.2,ok,-90.046916,35.413417
LM_19_MEMX_20220804_CS_758_759_SORT_LWRP_INTERP,2022-08-04 00:00:00+00:00,2022,757.0,blob,7,2590.6,2165.4,ok,-90.045916,35.413255
LM_19_MEMX_20220804_CS_758_759_SORT_LWRP_INTERP,2022-08-04 00:00:00+00:00,2022,757.0,blob,8,2930.1,2034.1,ok,-90.044901,35.413471
LM_19_MEMX_20220804_CS_758_759_SORT_LWRP_INTERP,2022-08-04 00:00:00+00:00,2022,757.0,blob,9,3268.2,2198.2,ok,-90.043885,35.41372
LM_19_MEMX_20220804_CS_758_759_SORT_LWRP_INTERP,2022-08-04 00:00:00+00:00,2022,757.0,blob,10,3570.8,2263.8,ok,-90.042883,35.413593
LM_19_MEMX_20220804_CS_758_759_SORT_LWRP_INTERP,2022-08-04 00:00:00+00:00,2022,757.0,blob,11,3877.4,1640.4,ok,-90.041884,35.413397
LM_19_MEMX_20220804_CS_758_759_SORT_LWRP_INTERP,2022-08-04 00:00:00+00:00,2022,757.0,blob,12,4186.7,787.4,ok,-90.040878,35.413372
LM_19_MEMX_20220804_CS_758_759_SORT_LWRP_INTERP,2022-08-04 00:00:00+00:00,2022,757.0,blob,13,4493.4,984.3,ok,-90.039871,35.413382
LM_19_MEMX_20220804_CS_758_759_SORT_LWRP_INTERP,2022-08-04 00:00:00+00:00,2022,757.0,blob,14,4803.5,885.8,ok,-90.038862,35.413426
LM_19_MEMX_20220804_CS_758_759_SORT_LWRP_INTERP,2022-08-04 00:00:00+00:00,2022,757.0,blob,15,5116.3,1115.5,ok,-90.037855,35.413435
LM_19_MEMX_20220804_CS_758_759_SORT_LWRP_INTERP,2022-08-04 00:00:00+00:00,2022,757.0,blob,16,5420.9,1181.1,ok,-90.036853,35.413308
LM_19_MEMX_20220804_CS_758_759_SORT_LWRP_INTERP,2022-08-04 00:00:00+00:00,2022,757.0,blob,17,5723.0,1181.1,ok,-90.035845,35.413351
LM_19_MEMX_20220804_CS_758_759_SORT_LWRP_INTERP,2022-08-04 00:00:00+00:00,2022,757.0,blob,18,6210.4,1771.7,ok,-90.034807,35.414219
LM_19_MEMX_20220804_CS_758_759_SORT_LWRP_INTERP,2022-08-04 00:00:00+00:00,2022,757.0,blob,19,6696.4,1345.1,ok,-90.033772,35.414983
LM_19_MEMX_20220804_CS_758_759_SORT_LWRP_INTERP,2022-08-04 00:00:00+00:00,2022,757.0,blob,20,7001.5,1706.0,ok,-90.032771,35.414821
LM_19_MEMX_20220804_CS_758_759_SORT_LWRP_INTERP,2022-08-04 00:00:00+00:00,2022,757.0,blob,21,7308.2,1509.2,ok,-90.031766,35.414762
LM_19_MEMX_20220804_CS_758_759_SORT_LWRP_INTERP,2022-08-04 00:00:00+00:00,2022,757.0,blob,22,7610.8,1410.8,ok,-90.030757,35.41484
LM_19_MEMX_20220804_CS_758_759_SORT_LWRP_INTERP,2022-08-04 00:00:00+00:00,2022,757.0,blob,23,7919.4,1246.7,ok,-90.029745,35.414987
LM_19_MEMX_20220804_CS_758_759_SORT_LWRP_INTERP,2022-08-04 00:00:00+00:00,2022,757.0,blob,24,8245.2,1673.2,ok,-90.028726,35.415305
LM_19_MEMX_20220804_CS_758_759_SORT_LWRP_INTERP,2022-08-04 00:00:00+00:00,2022,757.0,blob,25,8565.0,2099.7,ok,-90.02771,35.415555
LM_19_MEMX_20220804_CS_758_759_SORT_LWRP_INTERP,2022-08-04 00:00:00+00:00,2022,757.0,blob,26,8871.7,2165.4,ok,-90.026698,35.415702
LM_19_MEMX_20220804_CS_758_759_SORT_LWRP_INTERP,2022-08-04 00:00:00+00:00,2022,757.0,blob,27,9178.4,2034.1,ok,-90.025686,35.415849
LM_19_MEMX_20220804_CS_758_759_SORT_LWRP_INTERP,2022-08-04 00:00:00+00:00,2022,757.0,blob,28,9482.5,1968.5,ok,-90.02468,35.415824
LM_19_MEMX_20220804_CS_758_759_SORT_LWRP_INTERP,2022-08-04 00:00:00+00:00,2022,757.0,blob,29,9894.7,1968.5,ok,-90.023656,35.416314
LM_19_MEMX_20220804_CS_758_759_SORT_LWRP_INTERP,2022-08-04 00:00:00+00:00,2022,757.0,blob,30,10328.5,1968.5,ok,-90.022619,35.417112
LM_19_MEMX_20220804_CS_758_759_SORT_LWRP_INTERP,2022-08-04 00:00:00+00:00,2022,757.0,blob,31,10660.2,2066.9,ok,-90.0216,35.417465
LM_19_MEMX_20220804_CS_758_759_SORT_LWRP_INTERP,2022-08-04 00:00:00+00:00,2022,757.0,blob,32,10976.4,2001.3,ok,-90.020584,35.417714
LM_19_MEMX_20220804_CS_758_759_SORT_LWRP_INTERP,2022-08-04 00:00:00+00:00,2022,757.0,blob,33,11308.2,1968.5,ok,-90.019564,35.418067
LM_25_MADX_20220331_CS_917_904_SORT_LWRP_B_INTERP,2022-03-31 00:00:00+00:00,2022,915.0,blob,0,260.1,0.0,ok,-89.338092,36.599436
LM_25_MADX_20220331_CS_917_904_SORT_LWRP_B_INTERP,2022-03-31 00:00:00+00:00,2022,915.0,blob,1,682.7,1345.1,ok,-89.337036,36.600159
LM_25_MADX_20220331_CS_917_904_SORT_LWRP_B_INTERP,2022-03-31 00:00:00+00:00,2022,915.0,blob,2,1018.9,1148.3,ok,-89.335996,36.600539
LM_25_MADX_20220331_CS_917_904_SORT_LWRP_B_INTERP,2022-03-31 00:00:00+00:00,2022,915.0,blob,3,1366.2,1213.9,ok,-89.334953,36.600987
LM_25_MADX_20220331_CS_917_904_SORT_LWRP_B_INTERP,2022-03-31 00:00:00+00:00,2022,915.0,blob,4,1698.0,1246.7,ok,-89.333915,36.601333
LM_25_MADX_20220331_CS_917_904_SORT_LWRP_B_INTERP,2022-03-31 00:00:00+00:00,2022,915.0,blob,5,2014.2,1115.5,ok,-89.332882,36.601576
LM_25_MADX_20220331_CS_917_904_SORT_LWRP_B_INTERP,2022-03-31 00:00:00+00:00,2022,915.0,blob,6,2432.4,1574.8,ok,-89.331827,36.602264
LM_25_MADX_20220331_CS_917_904_SORT_LWRP_B_INTERP,2022-03-31 00:00:00+00:00,2022,915.0,blob,7,2872.8,1443.6,ok,-89.330766,36.60309
LM_25_MADX_20220331_CS_917_904_SORT_LWRP_B_INTERP,2022-03-31 00:00:00+00:00,2022,915.0,blob,8,3215.6,1509.2,ok,-89.329725,36.603504
LM_25_MADX_20220331_CS_917_904_SORT_LWRP_B_INTERP,2022-03-31 00:00:00+00:00,2022,915.0,blob,9,3528.6,1607.6,ok,-89.328695,36.603678
LM_25_MADX_20220331_CS_917_904_SORT_LWRP_B_INTERP,2022-03-31 00:00:00+00:00,2022,915.0,blob,10,3874.4,1837.3,ok,-89.327657,36.604024
LM_25_MADX_20220331_CS_917_904_SORT_LWRP_B_INTERP,2022-03-31 00:00:00+00:00,2022,915.0,blob,11,4227.7,1804.5,ok,-89.326614,36.604472
LM_25_MADX_20220331_CS_917_904_SORT_LWRP_B_INTERP,2022-03-31 00:00:00+00:00,2022,915.0,blob,12,4536.4,1804.5,ok,-89.325585,36.604612
LM_25_MADX_20220331_CS_917_904_SORT_LWRP_B_INTERP,2022-03-31 00:00:00+00:00,2022,915.0,blob,13,4849.4,1870.1,ok,-89.324555,36.604786
LM_25_MADX_20220331_CS_917_904_SORT_LWRP_B_INTERP,2022-03-31 00:00:00+00:00,2022,915.0,blob,14,5166.5,1837.3,ok,-89.323522,36.605029
LM_25_MADX_20220331_CS_917_904_SORT_LWRP_B_INTERP,2022-03-31 00:00:00+00:00,2022,915.0,blob,15,5473.2,1837.3,ok,-89.322493,36.605169
LM_25_MADX_20220331_CS_917_904_SORT_LWRP_B_INTERP,2022-03-31 00:00:00+00:00,2022,915.0,blob,16,5777.3,1902.9,ok,-89.321473,36.605137
LM_25_MADX_20220331_CS_917_904_SORT_LWRP_B_INTERP,2022-03-31 00:00:00+00:00,2022,915.0,blob,17,6079.4,1935.7,ok,-89.320456,36.605037
LM_25_MADX_20220331_CS_917_904_SORT_LWRP_B_INTERP,2022-03-31 00:00:00+00:00,2022,915.0,blob,18,6391.9,1902.9,ok,-89.319428,36.605177
LM_25_MADX_20220331_CS_917_904_SORT_LWRP_B_INTERP,2022-03-31 00:00:00+00:00,2022,915.0,blob,19,6704.4,2329.4,ok,-89.318399,36.605317
LM_25_MADX_20220331_CS_917_904_SORT_LWRP_B_INTERP,2022-03-31 00:00:00+00:00,2022,915.0,blob,20,7012.5,2362.2,ok,-89.317372,36.605422
LM_25_MADX_20220331_CS_917_904_SORT_LWRP_B_INTERP,2022-03-31 00:00:00+00:00,2022,915.0,blob,21,7374.1,2066.9,ok,-89.316363,36.605151
LM_25_MADX_20220331_CS_917_904_SORT_LWRP_B_INTERP,2022-03-31 00:00:00+00:00,2022,915.0,blob,22,7751.2,2099.7,ok,-89.31535,36.604982
LM_25_MADX_20220331_CS_917_904_SORT_LWRP_B_INTERP,2022-03-31 00:00:00+00:00,2022,915.0,blob,23,8077.0,1902.9,ok,-89.314321,36.605122
LM_25_MADX_20220331_CS_917_904_SORT_LWRP_B_INTERP,2022-03-31 00:00:00+00:00,2022,915.0,blob,24,8379.0,1870.1,ok,-89.313304,36.605022
LM_25_MADX_20220331_CS_917_904_SORT_LWRP_B_INTERP,2022-03-31 00:00:00+00:00,2022,915.0,blob,25,8681.1,1870.1,ok,-89.312287,36.604921
LM_25_MADX_20220331_CS_917_904_SORT_LWRP_B_INTERP,2022-03-31 00:00:00+00:00,2022,915.0,blob,26,8987.8,1837.3,ok,-89.311275,36.604718
LM_25_MADX_20220331_CS_917_904_SORT_LWRP_B_INTERP,2022-03-31 00:00:00+00:00,2022,915.0,blob,27,9322.7,1870.1,ok,-89.310273,36.60431
LM_25_MADX_20220331_CS_917_904_SORT_LWRP_B_INTERP,2022-03-31 00:00:00+00:00,2022,915.0,blob,28,9683.2,2296.6,ok,-89.309278,36.60373
LM_25_MADX_20220331_CS_917_904_SORT_LWRP_B_INTERP,2022-03-31 00:00:00+00:00,2022,915.0,blob,29,10014.0,2231.0,ok,-89.30827,36.603458
LM_25_MADX_20220331_CS_917_904_SORT_LWRP_B_INTERP,2022-03-31 00:00:00+00:00,2022,915.0,blob,30,10316.6,2263.8,ok,-89.307251,36.603392
LM_25_MADX_20220331_CS_917_904_SORT_LWRP_B_INTERP,2022-03-31 00:00:00+00:00,2022,915.0,blob,31,10642.4,2099.7,ok,-89.306245,36.603052
LM_25_MADX_20220331_CS_917_904_SORT_LWRP_B_INTERP,2022-03-31 00:00:00+00:00,2022,915.0,blob,32,10978.5,2198.2,ok,-89.305245,36.602609
LM_25_MADX_20220331_CS_917_904_SORT_LWRP_B_INTERP,2022-03-31 00:00:00+00:00,2022,915.0,blob,33,11314.7,1935.7,ok,-89.304244,36.602166
LM_25_MADX_20220331_CS_917_904_SORT_LWRP_B_INTERP,2022-03-31 00:00:00+00:00,2022,915.0,blob,34,11812.6,2198.2,ok,-89.303273,36.601106
LM_25_MADX_20220331_CS_917_904_SORT_LWRP_B_INTERP,2022-03-31 00:00:00+00:00,2022,915.0,blob,35,12310.5,2263.8,ok,-89.302302,36.600046
LM_25_MADX_20220331_CS_917_904_SORT_LWRP_B_INTERP,2022-03-31 00:00:00+00:00,2022,915.0,blob,36,12642.3,2231.0,ok,-89.3013,36.599637
LM_25_MADX_20220331_CS_917_904_SORT_LWRP_B_INTERP,2022-03-31 00:00:00+00:00,2022,915.0,blob,37,12974.1,2066.9,ok,-89.300297,36.599229
LM_25_MADX_20220331_CS_917_904_SORT_LWRP_B_INTERP,2022-03-31 00:00:00+00:00,2022,915.0,blob,38,13328.0,2099.7,ok,-89.299302,36.598683
LM_25_MADX_20220331_CS_917_904_SORT_LWRP_B_INTERP,2022-03-31 00:00:00+00:00,2022,915.0,blob,39,13738.8,2263.8,ok,-89.298318,36.597897
LM_25_MADX_20220331_CS_917_904_SORT_LWRP_B_INTERP,2022-03-31 00:00:00+00:00,2022,915.0,blob,40,14149.5,2001.3,ok,-89.297334,36.597111
LM_25_MADX_20220331_CS_917_904_SORT_LWRP_B_INTERP,2022-03-31 00:00:00+00:00,2022,915.0,blob,41,14510.1,2099.7,ok,-89.29634,36.596531
LM_25_MADX_20220331_CS_917_904_SORT_LWRP_B_INTERP,2022-03-31 00:00:00+00:00,2022,915.0,blob,42,14858.1,2034.1,ok,-89.295342,36.59602
LM_25_MADX_20220331_CS_917_904_SORT_LWRP_B_INTERP,2022-03-31 00:00:00+00:00,2022,915.0,blob,43,15213.3,1902.9,ok,-89.294347,36.595474
LM_25_MADX_20220331_CS_917_904_SORT_LWRP_B_INTERP,2022-03-31 00:00:00+00:00,2022,915.0,blob,44,15621.9,2099.7,ok,-89.293363,36.594688
LM_25_MADX_20220331_CS_917_904_SORT_LWRP_B_INTERP,2022-03-31 00:00:00+00:00,2022,915.0,blob,45,16016.7,2001.3,ok,-89.292376,36.593971
LM_25_MADX_20220331_CS_917_904_SORT_LWRP_B_INTERP,2022-03-31 00:00:00+00:00,2022,915.0,blob,0,162.5,1213.9,ok,-89.336571,36.600539
LM_25_MADX_20220331_CS_917_904_SORT_LWRP_B_INTERP,2022-03-31 00:00:00+00:00,2022,915.0,blob,1,487.5,1213.9,ok,-89.335534,36.60085
LM_25_MADX_20220331_CS_917_904_SORT_LWRP_B_INTERP,2022-03-31 00:00:00+00:00,2022,915.0,blob,2,812.5,1213.9,ok,-89.334498,36.601162
LM_25_MADX_20220331_CS_917_904_SORT_LWRP_B_INTERP,2022-03-31 00:00:00+00:00,2022,915.0,blob,3,1155.3,1115.5,ok,-89.333456,36.601576
LM_25_MADX_20220331_CS_917_904_SORT_LWRP_B_INTERP,2022-03-31 00:00:00+00:00,2022,915.0,blob,4,1547.7,1345.1,ok,-89.332404,36.60223
LM_25_MADX_20220331_CS_917_904_SORT_LWRP_B_INTERP,2022-03-31 00:00:00+00:00,2022,915.0,blob,5,1922.3,1345.1,ok,-89.331356,36.602781
LM_25_MADX_20220331_CS_917_904_SORT_LWRP_B_INTERP,2022-03-31 00:00:00+00:00,2022,915.0,blob,6,2272.3,1542.0,ok,-89.330313,36.60323
LM_25_MADX_20220331_CS_917_904_SORT_LWRP_B_INTERP,2022-03-31 00:00:00+00:00,2022,915.0,blob,7,2614.4,1542.0,ok,-89.329273,36.603609
LM_25_MADX_20220331_CS_917_904_SORT_LWRP_B_INTERP,2022-03-31 00:00:00+00:00,2022,915.0,blob,8,2949.3,1837.3,ok,-89.328235,36.603955
LM_25_MADX_20220331_CS_917_904_SORT_LWRP_B_INTERP,2022-03-31 00:00:00+00:00,2022,915.0,blob,9,3292.1,1837.3,ok,-89.327193,36.604369
LM_25_MADX_20220331_CS_917_904_SORT_LWRP_B_INTERP,2022-03-31 00:00:00+00:00,2022,915.0,blob,10,3605.1,1837.3,ok,-89.326163,36.604543
LM_25_MADX_20220331_CS_917_904_SORT_LWRP_B_INTERP,2022-03-31 00:00:00+00:00,2022,915.0,blob,11,3910.3,1476.4,ok,-89.325136,36.604649
LM_25_MADX_20220331_CS_917_904_SORT_LWRP_B_INTERP,2022-03-31 00:00:00+00:00,2022,915.0,blob,12,4227.4,1837.3,ok,-89.324103,36.604892
LM_25_MADX_20220331_CS_917_904_SORT_LWRP_B_INTERP,2022-03-31 00:00:00+00:00,2022,915.0,blob,13,4541.9,1837.3,ok,-89.323071,36.6051
LM_25_MADX_20220331_CS_917_904_SORT_LWRP_B_INTERP,2022-03-31 00:00:00+00:00,2022,915.0,blob,14,4846.1,2132.5,ok,-89.322044,36.605206
LM_25_MADX_20220331_CS_917_904_SORT_LWRP_B_INTERP,2022-03-31 00:00:00+00:00,2022,915.0,blob,15,5156.3,1968.5,ok,-89.321027,36.605106
LM_25_MADX_20220331_CS_917_904_SORT_LWRP_B_INTERP,2022-03-31 00:00:00+00:00,2022,915.0,blob,16,5472.5,1968.5,ok,-89.320007,36.605074
LM_25_MADX_20220331_CS_917_904_SORT_LWRP_B_INTERP,2022-03-31 00:00:00+00:00,2022,915.0,blob,17,5781.1,1870.1,ok,-89.318979,36.605214
LM_25_MADX_20220331_CS_917_904_SORT_LWRP_B_INTERP,2022-03-31 00:00:00+00:00,2022,915.0,blob,18,6089.8,2329.4,ok,-89.31795,36.605354
LM_25_MADX_20220331_CS_917_904_SORT_LWRP_B_INTERP,2022-03-31 00:00:00+00:00,2022,915.0,blob,19,6402.5,1804.5,ok,-89.316918,36.605562
LM_25_MADX_20220331_CS_917_904_SORT_LWRP_B_INTERP,2022-03-31 00:00:00+00:00,2022,915.0,blob,20,6744.6,1935.7,ok,-89.315908,36.605325
LM_25_MADX_20220331_CS_917_904_SORT_LWRP_B_INTERP,2022-03-31 00:00:00+00:00,2022,915.0,blob,21,7084.2,1968.5,ok,-89.314899,36.605053
LM_25_MADX_20220331_CS_917_904_SORT_LWRP_B_INTERP,2022-03-31 00:00:00+00:00,2022,915.0,blob,22,7386.8,1902.9,ok,-89.313877,36.605056
LM_25_MADX_20220331_CS_917_904_SORT_LWRP_B_INTERP,2022-03-31 00:00:00+00:00,2022,915.0,blob,23,7687.3,1870.1,ok,-89.312858,36.60499
LM_25_MADX_20220331_CS_917_904_SORT_LWRP_B_INTERP,2022-03-31 00:00:00+00:00,2022,915.0,blob,24,7995.4,1870.1,ok,-89.311845,36.604821
LM_25_MADX_20220331_CS_917_904_SORT_LWRP_B_INTERP,2022-03-31 00:00:00+00:00,2022,915.0,blob,25,8311.6,1837.3,ok,-89.310837,36.604515
LM_25_MADX_20220331_CS_917_904_SORT_LWRP_B_INTERP,2022-03-31 00:00:00+00:00,2022,915.0,blob,26,8673.2,2231.0,ok,-89.309842,36.60397
LM_25_MADX_20220331_CS_917_904_SORT_LWRP_B_INTERP,2022-03-31 00:00:00+00:00,2022,915.0,blob,27,9028.8,2231.0,ok,-89.308843,36.603492
LM_25_MADX_20220331_CS_917_904_SORT_LWRP_B_INTERP,2022-03-31 00:00:00+00:00,2022,915.0,blob,28,9331.4,2296.6,ok,-89.307824,36.603427
LM_25_MADX_20220331_CS_917_904_SORT_LWRP_B_INTERP,2022-03-31 00:00:00+00:00,2022,915.0,blob,29,9640.0,2198.2,ok,-89.306809,36.603292
LM_25_MADX_20220331_CS_917_904_SORT_LWRP_B_INTERP,2022-03-31 00:00:00+00:00,2022,915.0,blob,30,9971.8,2132.5,ok,-89.305806,36.602883
LM_25_MADX_20220331_CS_917_904_SORT_LWRP_B_INTERP,2022-03-31 00:00:00+00:00,2022,915.0,blob,31,10313.1,2066.9,ok,-89.304807,36.602406
LM_25_MADX_20220331_CS_917_904_SORT_LWRP_B_INTERP,2022-03-31 00:00:00+00:00,2022,915.0,blob,32,10676.1,2001.3,ok,-89.303813,36.601826
LM_25_MADX_20220331_CS_917_904_SORT_LWRP_B_INTERP,2022-03-31 00:00:00+00:00,2022,915.0,blob,33,11152.3,2198.2,ok,-89.30284,36.6008
LM_25_MADX_20220331_CS_917_904_SORT_LWRP_B_INTERP,2022-03-31 00:00:00+00:00,2022,915.0,blob,34,11595.7,2231.0,ok,-89.30186,36.599946
LM_25_MADX_20220331_CS_917_904_SORT_LWRP_B_INTERP,2022-03-31 00:00:00+00:00,2022,915.0,blob,35,11925.9,2132.5,ok,-89.300857,36.599537
LM_25_MADX_20220331_CS_917_904_SORT_LWRP_B_INTERP,2022-03-31 00:00:00+00:00,2022,915.0,blob,36,12267.2,2034.1,ok,-89.299858,36.59906
LM_25_MADX_20220331_CS_917_904_SORT_LWRP_B_INTERP,2022-03-31 00:00:00+00:00,2022,915.0,blob,37,12653.0,2198.2,ok,-89.298869,36.598377
LM_25_MADX_20220331_CS_917_904_SORT_LWRP_B_INTERP,2022-03-31 00:00:00+00:00,2022,915.0,blob,38,13060.4,1804.5,ok,-89.297885,36.597591
LM_25_MADX_20220331_CS_917_904_SORT_LWRP_B_INTERP,2022-03-31 00:00:00+00:00,2022,915.0,blob,39,13459.1,2099.7,ok,-89.2969,36.59684
LM_25_MADX_20220331_CS_917_904_SORT_LWRP_B_INTERP,2022-03-31 00:00:00+00:00,2022,915.0,blob,40,13836.3,2099.7,ok,-89.295909,36.596191
LM_25_MADX_20220331_CS_917_904_SORT_LWRP_B_INTERP,2022-03-31 00:00:00+00:00,2022,915.0,blob,41,14168.1,2001.3,ok,-89.294907,36.595782
LM_25_MADX_20220331_CS_917_904_SORT_LWRP_B_INTERP,2022-03-31 00:00:00+00:00,2022,915.0,blob,42,14538.3,1902.9,ok,-89.293913,36.595202
LM_25_MADX_20220331_CS_917_904_SORT_LWRP_B_INTERP,2022-03-31 00:00:00+00:00,2022,915.0,blob,43,14962.6,2034.1,ok,-89.292932,36.594348
LM_03_KGC_20220628_CS_3800_3742,2022-06-28 00:00:00+00:00,2022,,blob,0,551.2,0.0,waypoint,-91.363368,31.787896
LM_03_KGC_20220628_CS_3800_3742,2022-06-28 00:00:00+00:00,2022,,blob,1,1624.1,0.0,waypoint,-91.36332,31.785016
LM_03_KGC_20220628_CS_3800_3742,2022-06-28 00:00:00+00:00,2022,,blob,2,2729.8,0.0,waypoint,-91.363075,31.782088
LM_03_KGC_20220628_CS_3800_3742,2022-06-28 00:00:00+00:00,2022,,blob,3,3914.7,0.0,waypoint,-91.361784,31.779024
LM_03_KGC_20220628_CS_3800_3742,2022-06-28 00:00:00+00:00,2022,,blob,4,5051.3,0.0,waypoint,-91.361162,31.776014
LM_03_KGC_20220628_CS_3800_3742,2022-06-28 00:00:00+00:00,2022,,blob,5,6140.1,0.0,waypoint,-91.360941,31.773044
LM_03_KGC_20220628_CS_3800_3742,2022-06-28 00:00:00+00:00,2022,,blob,6,7397.3,0.0,waypoint,-91.359321,31.769971
LM_03_KGC_20220630_CS_3770_3754,2022-06-30 00:00:00+00:00,2022,,blob,0,524.0,0.0,waypoint,-91.380327,31.725898
LM_03_KGC_20220630_CS_3770_3754,2022-06-30 00:00:00+00:00,2022,,blob,1,1582.9,0.0,waypoint,-91.378576,31.728392
LM_03_KGC_20220630_CS_3770_3754,2022-06-30 00:00:00+00:00,2022,,blob,2,2659.9,0.0,waypoint,-91.37694,31.731002
LM_03_KGC_20220630_CS_3770_3754,2022-06-30 00:00:00+00:00,2022,,blob,3,3731.2,0.0,waypoint,-91.375232,31.733557
LM_03_KGC_20220630_CS_3770_3754,2022-06-30 00:00:00+00:00,2022,,blob,4,4768.3,0.0,waypoint,-91.373379,31.735926
LM_03_KGC_20220630_CS_3770_3754,2022-06-30 00:00:00+00:00,2022,,blob,5,5861.2,0.0,waypoint,-91.371878,31.738601
LM_03_KGC_20220630_CS_3770_3754,2022-06-30 00:00:00+00:00,2022,,blob,6,7027.9,0.0,waypoint,-91.369957,31.741231
LM_22_RANX_20220907_CS_781_778_SORT_LWRP_INTERP,2022-09-07 00:00:00+00:00,2022,780.0,blob,0,69.7,1213.9,waypoint,-89.883385,35.61997
LM_22_RANX_20220907_CS_781_778_SORT_LWRP_INTERP,2022-09-07 00:00:00+00:00,2022,780.0,blob,1,351.5,984.3,ok,-89.882708,35.620511
LM_22_RANX_20220907_CS_781_778_SORT_LWRP_INTERP,2022-09-07 00:00:00+00:00,2022,780.0,blob,2,803.8,885.8,ok,-89.881542,35.621305
LM_22_RANX_20220907_CS_781_778_SORT_LWRP_INTERP,2022-09-07 00:00:00+00:00,2022,780.0,blob,3,1274.4,918.6,ok,-89.880291,35.622097
LM_22_RANX_20220907_CS_781_778_SORT_LWRP_INTERP,2022-09-07 00:00:00+00:00,2022,780.0,blob,4,1726.0,820.2,ok,-89.879125,35.62289
LM_22_RANX_20220907_CS_781_778_SORT_LWRP_INTERP,2022-09-07 00:00:00+00:00,2022,780.0,blob,5,2150.7,820.2,ok,-89.878085,35.623687
LM_22_RANX_20220907_CS_781_778_SORT_LWRP_INTERP,2022-09-07 00:00:00+00:00,2022,780.0,blob,6,2624.6,787.4,ok,-89.876834,35.624479
LM_22_RANX_20220907_CS_781_778_SORT_LWRP_INTERP,2022-09-07 00:00:00+00:00,2022,780.0,blob,7,3107.1,918.6,ok,-89.875542,35.62527
LM_22_RANX_20220907_CS_781_778_SORT_LWRP_INTERP,2022-09-07 00:00:00+00:00,2022,780.0,blob,8,3514.5,1115.5,ok,-89.874585,35.626069
LM_22_RANX_20220907_CS_781_778_SORT_LWRP_INTERP,2022-09-07 00:00:00+00:00,2022,780.0,blob,9,3913.2,1378.0,ok,-89.873671,35.626869
LM_22_RANX_20220907_CS_781_778_SORT_LWRP_INTERP,2022-09-07 00:00:00+00:00,2022,780.0,blob,10,4279.2,1509.2,ok,-89.872967,35.627675
LM_22_RANX_20220907_CS_781_778_SORT_LWRP_INTERP,2022-09-07 00:00:00+00:00,2022,780.0,blob,11,4591.7,1476.4,ok,-89.872725,35.628493
LM_22_RANX_20220907_CS_781_778_SORT_LWRP_INTERP,2022-09-07 00:00:00+00:00,2022,780.0,blob,12,4896.4,1476.4,ok,-89.872567,35.629313
LM_22_RANX_20220907_CS_781_778_SORT_LWRP_INTERP,2022-09-07 00:00:00+00:00,2022,780.0,blob,13,5201.5,1509.2,ok,-89.872366,35.630132
LM_22_RANX_20220907_CS_781_778_SORT_LWRP_INTERP,2022-09-07 00:00:00+00:00,2022,780.0,blob,14,5502.5,1476.4,ok,-89.87225,35.630953
LM_22_RANX_20220907_CS_781_778_SORT_LWRP_INTERP,2022-09-07 00:00:00+00:00,2022,780.0,blob,15,5803.0,1378.0,ok,-89.872176,35.631775
LM_22_RANX_20220907_CS_781_778_SORT_LWRP_INTERP,2022-09-07 00:00:00+00:00,2022,780.0,blob,16,6105.1,1345.1,ok,-89.872228,35.6326
LM_22_RANX_20220907_CS_781_778_SORT_LWRP_INTERP,2022-09-07 00:00:00+00:00,2022,780.0,blob,17,6409.3,1279.5,ok,-89.872364,35.633428
LM_22_RANX_20220907_CS_781_778_SORT_LWRP_INTERP,2022-09-07 00:00:00+00:00,2022,780.0,blob,18,6719.4,1312.3,ok,-89.872584,35.634258
LM_22_RANX_20220907_CS_781_778_SORT_LWRP_INTERP,2022-09-07 00:00:00+00:00,2022,780.0,blob,19,7027.6,1410.8,ok,-89.87272,35.635085
LM_22_RANX_20220907_CS_781_778_SORT_LWRP_INTERP,2022-09-07 00:00:00+00:00,2022,780.0,blob,20,7327.6,1378.0,ok,-89.872688,35.635908
LM_22_RANX_20220907_CS_781_778_SORT_LWRP_INTERP,2022-09-07 00:00:00+00:00,2022,780.0,blob,21,7640.1,1312.3,ok,-89.872866,35.636737
LM_22_RANX_20220907_CS_781_778_SORT_LWRP_INTERP,2022-09-07 00:00:00+00:00,2022,780.0,blob,22,7965.1,1312.3,ok,-89.873254,35.637571
LM_22_RANX_20220907_CS_781_778_SORT_LWRP_INTERP,2022-09-07 00:00:00+00:00,2022,780.0,blob,23,8290.1,1345.1,ok,-89.873642,35.638405
LM_22_RANX_20220907_CS_781_778_SORT_LWRP_INTERP,2022-09-07 00:00:00+00:00,2022,780.0,blob,24,8626.2,1279.5,ok,-89.874114,35.639242
LM_22_RANX_20220907_CS_781_778_SORT_LWRP_INTERP,2022-09-07 00:00:00+00:00,2022,780.0,blob,25,8995.1,1181.1,ok,-89.874796,35.640084
LM_22_RANX_20220907_CS_781_778_SORT_LWRP_INTERP,2022-09-07 00:00:00+00:00,2022,780.0,blob,26,9385.6,1049.9,ok,-89.875605,35.640929
LM_22_RANX_20220907_CS_781_778_SORT_LWRP_INTERP,2022-09-07 00:00:00+00:00,2022,780.0,blob,27,9768.4,1017.1,ok,-89.876371,35.641773
LM_22_RANX_20220907_CS_781_778_SORT_LWRP_INTERP,2022-09-07 00:00:00+00:00,2022,780.0,blob,28,10129.5,1246.7,ok,-89.877011,35.642613
LM_22_RANX_20220907_CS_781_778_SORT_LWRP_INTERP,2022-09-07 00:00:00+00:00,2022,780.0,blob,29,10515.3,1345.1,ok,-89.877778,35.643457
LM_22_RANX_20220907_CS_781_778_SORT_LWRP_INTERP,2022-09-07 00:00:00+00:00,2022,780.0,blob,30,10922.7,1771.7,ok,-89.87867,35.644304
LM_22_RANX_20220907_CS_781_778_SORT_LWRP_INTERP,2022-09-07 00:00:00+00:00,2022,780.0,blob,31,11348.5,1837.3,ok,-89.879647,35.645154
LM_22_RANX_20220907_CS_781_778_SORT_LWRP_INTERP,2022-09-07 00:00:00+00:00,2022,780.0,blob,32,11936.9,1804.5,ok,-89.881296,35.646021
LM_22_RANX_20220907_CS_781_778_SORT_LWRP_INTERP,2022-09-07 00:00:00+00:00,2022,780.0,blob,33,12525.3,1902.9,ok,-89.882945,35.646887
LM_22_RANX_20220907_CS_781_778_SORT_LWRP_INTERP,2022-09-07 00:00:00+00:00,2022,780.0,blob,34,13091.2,1738.8,ok,-89.884509,35.647752
LM_22_RANX_20220907_CS_781_778_SORT_LWRP_INTERP,2022-09-07 00:00:00+00:00,2022,780.0,blob,35,14057.2,1902.9,ok,-89.887545,35.648655
LM_08_MVF_20220202_CS_INTERP,2022-02-02 00:00:00+00:00,2022,485.0,blob,0,85.2,689.0,waypoint,-91.133505,32.730113
LM_08_MVF_20220202_CS_INTERP,2022-02-02 00:00:00+00:00,2022,485.0,blob,1,984.3,1082.7,ok,-91.136348,32.730665
LM_08_MVF_20220202_CS_INTERP,2022-02-02 00:00:00+00:00,2022,485.0,blob,2,2308.3,1049.9,ok,-91.140516,32.731552
LM_08_MVF_20220202_CS_INTERP,2022-02-02 00:00:00+00:00,2022,485.0,blob,3,3131.6,984.3,ok,-91.142978,32.732413
LM_08_MVF_20220202_CS_INTERP,2022-02-02 00:00:00+00:00,2022,485.0,blob,4,3725.7,951.4,ok,-91.144628,32.733262
LM_08_MVF_20220202_CS_INTERP,2022-02-02 00:00:00+00:00,2022,485.0,blob,5,4237.1,1378.0,ok,-91.145952,32.734106
LM_08_MVF_20220202_CS_INTERP,2022-02-02 00:00:00+00:00,2022,485.0,blob,6,4759.2,885.8,ok,-91.147317,32.734951
LM_08_MVF_20220202_CS_INTERP,2022-02-02 00:00:00+00:00,2022,485.0,blob,7,5420.1,1082.7,ok,-91.14921,32.735804
LM_08_MVF_20220202_CS_INTERP,2022-02-02 00:00:00+00:00,2022,485.0,blob,8,5951.9,1246.7,ok,-91.150493,32.736647
LM_08_MVF_20220202_CS_INTERP,2022-02-02 00:00:00+00:00,2022,485.0,blob,9,6282.1,1115.5,ok,-91.150923,32.737478
LM_08_MVF_20220202_CS_INTERP,2022-02-02 00:00:00+00:00,2022,485.0,blob,10,6612.3,1017.1,ok,-91.151353,32.738309
LM_08_MVF_20220202_CS_INTERP,2022-02-02 00:00:00+00:00,2022,485.0,blob,11,6942.5,853.0,ok,-91.151784,32.73914
LM_08_MVF_20220202_CS_INTERP,2022-02-02 00:00:00+00:00,2022,485.0,blob,12,7283.9,984.3,ok,-91.152295,32.739973
LM_08_MVF_20220202_CS_INTERP,2022-02-02 00:00:00+00:00,2022,485.0,blob,13,7615.6,1017.1,ok,-91.152725,32.740804
LM_08_MVF_20220202_CS_INTERP,2022-02-02 00:00:00+00:00,2022,485.0,blob,14,7931.9,1017.1,ok,-91.153033,32.741633
LM_08_MVF_20220202_CS_INTERP,2022-02-02 00:00:00+00:00,2022,485.0,blob,15,8257.7,1837.3,ok,-91.153423,32.742463
LM_08_MVF_20220202_CS_INTERP,2022-02-02 00:00:00+00:00,2022,485.0,blob,16,8587.9,1804.5,ok,-91.153853,32.743294
LM_08_MVF_20220202_CS_INTERP,2022-02-02 00:00:00+00:00,2022,485.0,blob,17,8905.0,1476.4,ok,-91.154161,32.744124
LM_08_MVF_20220202_CS_INTERP,2022-02-02 00:00:00+00:00,2022,485.0,blob,18,9222.1,1181.1,ok,-91.154469,32.744953
LM_08_MVF_20220202_CS_INTERP,2022-02-02 00:00:00+00:00,2022,485.0,blob,19,9552.3,1181.1,ok,-91.154899,32.745784
LM_08_MVF_20220202_CS_INTERP,2022-02-02 00:00:00+00:00,2022,485.0,blob,20,9878.1,1181.1,ok,-91.155289,32.746614
LM_08_MVF_20220202_CS_INTERP,2022-02-02 00:00:00+00:00,2022,485.0,blob,21,10194.4,1213.9,ok,-91.155597,32.747443
LM_08_MVF_20220202_CS_INTERP,2022-02-02 00:00:00+00:00,2022,485.0,blob,22,10515.0,1049.9,ok,-91.155946,32.748273
LM_08_MVF_20220202_CS_INTERP,2022-02-02 00:00:00+00:00,2022,485.0,blob,23,10832.1,1049.9,ok,-91.156254,32.749102
LM_08_MVF_20220202_CS_INTERP,2022-02-02 00:00:00+00:00,2022,485.0,blob,24,11144.8,1049.9,ok,-91.156521,32.749931
LM_08_MVF_20220202_CS_INTERP,2022-02-02 00:00:00+00:00,2022,485.0,blob,25,11452.9,1181.1,ok,-91.156667,32.750758
LM_08_MVF_20220202_CS_INTERP,2022-02-02 00:00:00+00:00,2022,485.0,blob,26,11752.9,1115.5,ok,-91.15665,32.751582
LM_08_MVF_20220202_CS_INTERP,2022-02-02 00:00:00+00:00,2022,485.0,blob,27,12057.6,1082.7,ok,-91.156755,32.752408
LM_08_MVF_20220202_CS_INTERP,2022-02-02 00:00:00+00:00,2022,485.0,blob,28,12374.7,1082.7,ok,-91.157063,32.753238
LM_08_MVF_20220202_CS_INTERP,2022-02-02 00:00:00+00:00,2022,485.0,blob,29,12704.9,1082.7,ok,-91.157493,32.754069
LM_08_MVF_20220202_CS_INTERP,2022-02-02 00:00:00+00:00,2022,485.0,blob,30,13040.3,1213.9,ok,-91.157964,32.7549
LM_08_MVF_20220202_CS_INTERP,2022-02-02 00:00:00+00:00,2022,485.0,blob,31,13360.1,1213.9,ok,-91.158273,32.75573
LM_08_MVF_20220202_CS_INTERP,2022-02-02 00:00:00+00:00,2022,485.0,blob,32,13664.2,1181.1,ok,-91.158418,32.756556
LM_08_MVF_20220202_CS_INTERP,2022-02-02 00:00:00+00:00,2022,485.0,blob,33,13966.8,1574.8,ok,-91.158523,32.757383
LM_08_MVF_20220202_CS_INTERP,2022-02-02 00:00:00+00:00,2022,485.0,blob,34,14267.3,1607.6,ok,-91.158547,32.758208
LM_08_MVF_20220202_CS_INTERP,2022-02-02 00:00:00+00:00,2022,485.0,blob,35,14585.0,1771.7,ok,-91.158286,32.759028
LM_08_MVF_20220202_CS_INTERP,2022-02-02 00:00:00+00:00,2022,485.0,blob,36,14904.8,1509.2,ok,-91.157944,32.759848
LM_08_MVF_20220202_CS_INTERP,2022-02-02 00:00:00+00:00,2022,485.0,blob,37,15206.9,1935.7,ok,-91.157845,32.760671
LM_08_MVF_20220202_CS_INTERP,2022-02-02 00:00:00+00:00,2022,485.0,blob,38,15515.0,2198.2,ok,-91.157991,32.761498
LM_08_MVF_20220202_CS_INTERP,2022-02-02 00:00:00+00:00,2022,485.0,blob,39,15827.7,2099.7,ok,-91.158259,32.762327
LM_08_MVF_20220202_CS_INTERP,2022-02-02 00:00:00+00:00,2022,485.0,blob,40,16144.8,2395.0,ok,-91.15816,32.76315
LM_08_MVF_20220202_CS_INTERP,2022-02-02 00:00:00+00:00,2022,485.0,blob,41,16487.6,2657.5,ok,-91.157615,32.763967
LM_08_MVF_20220202_CS_INTERP,2022-02-02 00:00:00+00:00,2022,485.0,blob,42,16830.4,2755.9,ok,-91.157069,32.764783
LM_08_MVF_20220202_CS_INTERP,2022-02-02 00:00:00+00:00,2022,485.0,blob,43,17142.9,2690.3,ok,-91.156849,32.765605
LM_08_MVF_20220202_CS_INTERP,2022-02-02 00:00:00+00:00,2022,485.0,blob,44,17444.9,2723.1,ok,-91.156913,32.76643
LM_08_MVF_20220202_CS_INTERP,2022-02-02 00:00:00+00:00,2022,485.0,blob,45,17747.0,2788.7,ok,-91.156978,32.767256
LM_08_MVF_20220202_CS_INTERP,2022-02-02 00:00:00+00:00,2022,485.0,blob,46,18047.0,2755.9,ok,-91.156961,32.76808
LM_08_MVF_20220202_CS_INTERP,2022-02-02 00:00:00+00:00,2022,485.0,blob,47,18349.1,2165.4,ok,-91.156862,32.768904
LM_08_MVF_20220202_CS_INTERP,2022-02-02 00:00:00+00:00,2022,485.0,blob,48,18653.2,2034.1,ok,-91.156683,32.769726
LM_08_MVF_20220202_CS_INTERP,2022-02-02 00:00:00+00:00,2022,485.0,blob,49,18955.3,1738.8,ok,-91.156584,32.770549
LM_08_MVF_20220202_CS_INTERP,2022-02-02 00:00:00+00:00,2022,485.0,blob,50,19263.4,1706.0,ok,-91.156405,32.771371
LM_08_MVF_20220202_CS_INTERP,2022-02-02 00:00:00+00:00,2022,485.0,blob,51,19573.6,1574.8,ok,-91.156144,32.772192
LM_08_MVF_20220202_CS_INTERP,2022-02-02 00:00:00+00:00,2022,485.0,blob,52,19880.3,1542.0,ok,-91.155924,32.773013
LM_08_MVF_20220202_CS_INTERP,2022-02-02 00:00:00+00:00,2022,485.0,blob,53,20189.5,1443.6,ok,-91.155663,32.773834
LM_08_MVF_20220202_CS_INTERP,2022-02-02 00:00:00+00:00,2022,485.0,blob,54,20502.2,1345.1,ok,-91.155361,32.774654
LM_08_MVF_20220202_CS_INTERP,2022-02-02 00:00:00+00:00,2022,485.0,blob,55,20810.9,1115.5,ok,-91.155141,32.775476
LM_08_MVF_20220202_CS_INTERP,2022-02-02 00:00:00+00:00,2022,485.0,blob,56,21113.5,1115.5,ok,-91.155002,32.776298
LM_08_MVF_20220202_CS_INTERP,2022-02-02 00:00:00+00:00,2022,485.0,blob,57,21415.5,1181.1,ok,-91.154903,32.777121
LM_08_MVF_20220202_CS_INTERP,2022-02-02 00:00:00+00:00,2022,485.0,blob,58,21716.0,1213.9,ok,-91.154846,32.777945
LM_08_MVF_20220202_CS_INTERP,2022-02-02 00:00:00+00:00,2022,485.0,blob,59,22018.6,1542.0,ok,-91.154707,32.778768
LM_08_MVF_20220202_CS_INTERP,2022-02-02 00:00:00+00:00,2022,485.0,blob,60,22325.3,1213.9,ok,-91.154486,32.779589
LM_08_MVF_20220202_CS_INTERP,2022-02-02 00:00:00+00:00,2022,485.0,blob,61,22642.4,1345.1,ok,-91.154144,32.780409
LM_08_MVF_20220202_CS_INTERP,2022-02-02 00:00:00+00:00,2022,485.0,blob,62,22957.0,853.0,ok,-91.153842,32.781229
LM_08_MVF_20220202_CS_INTERP,2022-02-02 00:00:00+00:00,2022,485.0,blob,63,23261.1,918.6,ok,-91.153825,32.782054
LM_08_MVF_20220202_CS_INTERP,2022-02-02 00:00:00+00:00,2022,485.0,blob,64,23593.5,984.3,ok,-91.153564,32.782874
LM_08_MVF_20220202_CS_INTERP,2022-02-02 00:00:00+00:00,2022,485.0,blob,65,23925.8,853.0,ok,-91.15314,32.783693
LM_08_MVF_20220202_CS_INTERP,2022-02-02 00:00:00+00:00,2022,485.0,blob,66,24230.0,853.0,ok,-91.153123,32.784517
LM_08_MVF_20220202_CS_INTERP,2022-02-02 00:00:00+00:00,2022,485.0,blob,67,24536.7,1443.6,ok,-91.15331,32.785345
LM_08_MVF_20220202_CS_INTERP,2022-02-02 00:00:00+00:00,2022,485.0,blob,68,24841.8,656.2,ok,-91.153374,32.78617
LM_08_MVF_20220202_CS_INTERP,2022-02-02 00:00:00+00:00,2022,485.0,blob,69,25144.4,557.7,ok,-91.153235,32.786993
LM_08_MVF_20220202_CS_INTERP,2022-02-02 00:00:00+00:00,2022,485.0,blob,70,25448.5,623.4,ok,-91.153055,32.787815
LM_08_MVF_20220202_CS_INTERP,2022-02-02 00:00:00+00:00,2022,485.0,blob,71,25751.1,492.1,ok,-91.152916,32.788638
LM_08_MVF_20220202_CS_INTERP,2022-02-02 00:00:00+00:00,2022,485.0,blob,72,26053.7,459.3,ok,-91.152777,32.78946
LM_08_MVF_20220202_CS_INTERP,2022-02-02 00:00:00+00:00,2022,485.0,blob,73,26355.8,360.9,ok,-91.152679,32.790283
LM_08_MVF_20220202_CS_INTERP,2022-02-02 00:00:00+00:00,2022,485.0,blob,74,26656.3,360.9,ok,-91.152621,32.791107
LM_08_MVF_20220202_CS_INTERP,2022-02-02 00:00:00+00:00,2022,485.0,blob,75,26961.4,328.1,ok,-91.152441,32.791929
LM_08_MVF_20220202_CS_INTERP,2022-02-02 00:00:00+00:00,2022,485.0,blob,76,27328.2,229.7,ok,-91.151814,32.792745
LM_08_MVF_20220202_CS_INTERP,2022-02-02 00:00:00+00:00,2022,485.0,blob,77,27727.8,885.8,ok,-91.150943,32.793557
LM_08_MVF_20220202_CS_INTERP,2022-02-02 00:00:00+00:00,2022,485.0,blob,78,28065.3,656.2,ok,-91.15056,32.794376
LM_08_MVF_20220202_CS_INTERP,2022-02-02 00:00:00+00:00,2022,485.0,blob,79,28389.0,492.1,ok,-91.150828,32.795204
LM_08_MVF_20220202_CS_INTERP,2022-02-02 00:00:00+00:00,2022,485.0,blob,80,28720.7,262.5,ok,-91.151258,32.796035
LM_08_MVF_20220202_CS_INTERP,2022-02-02 00:00:00+00:00,2022,485.0,blob,81,29028.8,262.5,ok,-91.151404,32.796862
LM_08_MVF_20220202_CS_INTERP,2022-02-02 00:00:00+00:00,2022,485.0,blob,82,29333.5,229.7,ok,-91.151265,32.797685
LM_08_MVF_20220202_CS_INTERP,2022-02-02 00:00:00+00:00,2022,485.0,blob,83,29638.6,98.4,ok,-91.151085,32.798507
LM_08_MVF_20220202_CS_INTERP,2022-02-02 00:00:00+00:00,2022,485.0,blob,84,30026.2,0.0,waypoint,-91.151704,32.799243
LM_08_MVF_20220202_CS_INTERP,2022-02-02 00:00:00+00:00,2022,485.0,blob,85,30640.6,1968.5,waypoint,-91.153005,32.800457
LM_08_MVF_20220202_CS_INTERP,2022-02-02 00:00:00+00:00,2022,485.0,blob,86,31521.6,1673.2,waypoint,-91.153414,32.802718
LM_08_MVF_20220202_CS_INTERP,2022-02-02 00:00:00+00:00,2022,485.0,blob,87,32476.4,1640.4,waypoint,-91.153491,32.805303
LM_08_MVF_20220202_CS_INTERP,2022-02-02 00:00:00+00:00,2022,485.0,blob,88,33335.5,1312.3,waypoint,-91.153508,32.807612
LM_08_MVF_20221212_CS_INTERP,2022-12-12 00:00:00+00:00,2022,485.0,blob,0,346.6,1279.5,ok,-91.139406,32.730733
LM_08_MVF_20221212_CS_INTERP,2022-12-12 00:00:00+00:00,2022,485.0,blob,1,1074.1,1181.1,ok,-91.141543,32.731589
LM_08_MVF_20221212_CS_INTERP,2022-12-12 00:00:00+00:00,2022,485.0,blob,2,1735.8,1115.5,ok,-91.143436,32.732442
LM_08_MVF_20221212_CS_INTERP,2022-12-12 00:00:00+00:00,2022,485.0,blob,3,2276.8,984.3,ok,-91.144882,32.733288
LM_08_MVF_20221212_CS_INTERP,2022-12-12 00:00:00+00:00,2022,485.0,blob,4,2777.0,885.8,ok,-91.146165,32.734132
LM_08_MVF_20221212_CS_INTERP,2022-12-12 00:00:00+00:00,2022,485.0,blob,5,3229.2,885.8,ok,-91.147246,32.734973
LM_08_MVF_20221212_CS_INTERP,2022-12-12 00:00:00+00:00,2022,485.0,blob,6,3701.5,1017.1,ok,-91.148407,32.735814
LM_08_MVF_20221212_CS_INTERP,2022-12-12 00:00:00+00:00,2022,485.0,blob,7,4113.7,1443.6,ok,-91.149163,32.73665
LM_08_MVF_20221212_CS_INTERP,2022-12-12 00:00:00+00:00,2022,485.0,blob,8,4557.3,1312.3,ok,-91.15004,32.737488
LM_08_MVF_20221212_CS_INTERP,2022-12-12 00:00:00+00:00,2022,485.0,blob,9,5022.5,1017.1,ok,-91.15112,32.738328
LM_08_MVF_20221212_CS_INTERP,2022-12-12 00:00:00+00:00,2022,485.0,blob,10,5350.7,885.8,ok,-91.151509,32.739159
LM_08_MVF_20221212_CS_INTERP,2022-12-12 00:00:00+00:00,2022,485.0,blob,11,5673.1,885.8,ok,-91.151858,32.739989
LM_08_MVF_20221212_CS_INTERP,2022-12-12 00:00:00+00:00,2022,485.0,blob,12,6003.3,984.3,ok,-91.152288,32.74082
LM_08_MVF_20221212_CS_INTERP,2022-12-12 00:00:00+00:00,2022,485.0,blob,13,6346.0,984.3,ok,-91.1528,32.741652
LM_08_MVF_20221212_CS_INTERP,2022-12-12 00:00:00+00:00,2022,485.0,blob,14,6688.8,918.6,ok,-91.153311,32.742484
LM_08_MVF_20221212_CS_INTERP,2022-12-12 00:00:00+00:00,2022,485.0,blob,15,7013.8,918.6,ok,-91.153701,32.743315
LM_08_MVF_20221212_CS_INTERP,2022-12-12 00:00:00+00:00,2022,485.0,blob,16,7338.8,1115.5,ok,-91.15409,32.744145
LM_08_MVF_20221212_CS_INTERP,2022-12-12 00:00:00+00:00,2022,485.0,blob,17,7655.9,1148.3,ok,-91.154398,32.744974
LM_08_MVF_20221212_CS_INTERP,2022-12-12 00:00:00+00:00,2022,485.0,blob,18,7984.2,1312.3,ok,-91.154788,32.745805
LM_08_MVF_20221212_CS_INTERP,2022-12-12 00:00:00+00:00,2022,485.0,blob,19,8325.6,1410.8,ok,-91.155299,32.746637
LM_08_MVF_20221212_CS_INTERP,2022-12-12 00:00:00+00:00,2022,485.0,blob,20,8647.9,1443.6,ok,-91.155648,32.747467
LM_08_MVF_20221212_CS_INTERP,2022-12-12 00:00:00+00:00,2022,485.0,blob,21,8957.1,1476.4,ok,-91.155875,32.748295
LM_08_MVF_20221212_CS_INTERP,2022-12-12 00:00:00+00:00,2022,485.0,blob,22,9279.5,1574.8,ok,-91.156224,32.749125
LM_08_MVF_20221212_CS_INTERP,2022-12-12 00:00:00+00:00,2022,485.0,blob,23,9605.3,1607.6,ok,-91.156613,32.749955
LM_08_MVF_20221212_CS_INTERP,2022-12-12 00:00:00+00:00,2022,485.0,blob,24,9913.4,1673.2,ok,-91.156759,32.750782
LM_08_MVF_20221212_CS_INTERP,2022-12-12 00:00:00+00:00,2022,485.0,blob,25,10218.0,1542.0,ok,-91.156864,32.751608
LM_08_MVF_20221212_CS_INTERP,2022-12-12 00:00:00+00:00,2022,485.0,blob,26,10540.3,1410.8,ok,-91.157213,32.752438
LM_08_MVF_20221212_CS_INTERP,2022-12-12 00:00:00+00:00,2022,485.0,blob,27,10870.5,1443.6,ok,-91.157643,32.753269
LM_08_MVF_20221212_CS_INTERP,2022-12-12 00:00:00+00:00,2022,485.0,blob,28,11183.0,1443.6,ok,-91.157829,32.754096
LM_08_MVF_20221212_CS_INTERP,2022-12-12 00:00:00+00:00,2022,485.0,blob,29,11495.5,1607.6,ok,-91.158015,32.754924
LM_08_MVF_20221212_CS_INTERP,2022-12-12 00:00:00+00:00,2022,485.0,blob,30,11808.5,1509.2,ok,-91.158242,32.755752
LM_08_MVF_20221212_CS_INTERP,2022-12-12 00:00:00+00:00,2022,485.0,blob,31,12111.1,1640.4,ok,-91.158347,32.756578
LM_08_MVF_20221212_CS_INTERP,2022-12-12 00:00:00+00:00,2022,485.0,blob,32,12430.9,1837.3,ok,-91.158168,32.7574
LM_08_MVF_20221212_CS_INTERP,2022-12-12 00:00:00+00:00,2022,485.0,blob,33,12778.9,2034.1,ok,-91.157582,32.758216
LM_08_MVF_20221212_CS_INTERP,2022-12-12 00:00:00+00:00,2022,485.0,blob,34,13109.2,1607.6,ok,-91.157239,32.759036
LM_08_MVF_20221212_CS_INTERP,2022-12-12 00:00:00+00:00,2022,485.0,blob,35,13421.7,1968.5,ok,-91.157019,32.759857
LM_08_MVF_20221212_CS_INTERP,2022-12-12 00:00:00+00:00,2022,485.0,blob,36,13764.4,1706.0,ok,-91.156474,32.760674
LM_08_MVF_20221212_CS_INTERP,2022-12-12 00:00:00+00:00,2022,485.0,blob,37,14125.0,1673.2,ok,-91.155806,32.761489
LM_08_MVF_20221212_CS_INTERP,2022-12-12 00:00:00+00:00,2022,485.0,blob,38,14485.6,1837.3,ok,-91.155139,32.762303
LM_08_MVF_20221212_CS_INTERP,2022-12-12 00:00:00+00:00,2022,485.0,blob,39,14846.1,2099.7,ok,-91.154471,32.763118
LM_08_MVF_20221212_CS_INTERP,2022-12-12 00:00:00+00:00,2022,485.0,blob,40,15206.7,2132.5,ok,-91.153804,32.763933
LM_08_MVF_20221212_CS_INTERP,2022-12-12 00:00:00+00:00,2022,485.0,blob,41,15539.0,2198.2,ok,-91.15338,32.764751
LM_08_MVF_20221212_CS_INTERP,2022-12-12 00:00:00+00:00,2022,485.0,blob,42,15841.1,2034.1,ok,-91.153282,32.765575
LM_08_MVF_20221212_CS_INTERP,2022-12-12 00:00:00+00:00,2022,485.0,blob,43,16143.2,2001.3,ok,-91.153346,32.7664
LM_08_MVF_20221212_CS_INTERP,2022-12-12 00:00:00+00:00,2022,485.0,blob,44,16475.5,2034.1,ok,-91.153085,32.767221
LM_08_MVF_20221212_CS_INTERP,2022-12-12 00:00:00+00:00,2022,485.0,blob,45,16805.8,1673.2,ok,-91.152743,32.768041
LM_08_MVF_20221212_CS_INTERP,2022-12-12 00:00:00+00:00,2022,485.0,blob,46,17110.4,1706.0,ok,-91.152848,32.768867
LM_08_MVF_20221212_CS_INTERP,2022-12-12 00:00:00+00:00,2022,485.0,blob,47,17427.5,1640.4,ok,-91.153156,32.769696
LM_08_MVF_20221212_CS_INTERP,2022-12-12 00:00:00+00:00,2022,485.0,blob,48,17802.1,2460.6,ok,-91.15383,32.770531
LM_08_MVF_20221212_CS_INTERP,2022-12-12 00:00:00+00:00,2022,485.0,blob,49,18176.8,1640.4,ok,-91.154504,32.771365
LM_08_MVF_20221212_CS_INTERP,2022-12-12 00:00:00+00:00,2022,485.0,blob,50,18489.3,1312.3,ok,-91.154691,32.772193
LM_08_MVF_20221212_CS_INTERP,2022-12-12 00:00:00+00:00,2022,485.0,blob,51,18789.8,1410.8,ok,-91.154633,32.773017
LM_08_MVF_20221212_CS_INTERP,2022-12-12 00:00:00+00:00,2022,485.0,blob,52,19114.0,1476.4,ok,-91.154291,32.773836
LM_08_MVF_20221212_CS_INTERP,2022-12-12 00:00:00+00:00,2022,485.0,blob,53,19438.1,951.4,ok,-91.153948,32.774656
LM_08_MVF_20221212_CS_INTERP,2022-12-12 00:00:00+00:00,2022,485.0,blob,54,19738.7,820.2,ok,-91.153891,32.77548
LM_08_MVF_20221212_CS_INTERP,2022-12-12 00:00:00+00:00,2022,485.0,blob,55,20043.3,853.0,ok,-91.153752,32.776302
LM_08_MVF_20221212_CS_INTERP,2022-12-12 00:00:00+00:00,2022,485.0,blob,56,20401.4,1673.2,ok,-91.15406,32.777132
LM_08_MVF_20221212_CS_INTERP,2022-12-12 00:00:00+00:00,2022,485.0,blob,57,20756.9,1017.1,ok,-91.154409,32.777961
LM_08_MVF_20221212_CS_INTERP,2022-12-12 00:00:00+00:00,2022,485.0,blob,58,21063.6,1148.3,ok,-91.154188,32.778783
LM_08_MVF_20221212_CS_INTERP,2022-12-12 00:00:00+00:00,2022,485.0,blob,59,21376.4,1410.8,ok,-91.153887,32.779603
LM_08_MVF_20221212_CS_INTERP,2022-12-12 00:00:00+00:00,2022,485.0,blob,60,21685.0,1049.9,ok,-91.153666,32.780425
LM_08_MVF_20221212_CS_INTERP,2022-12-12 00:00:00+00:00,2022,485.0,blob,61,21987.6,951.4,ok,-91.15369,32.78125
LM_08_MVF_20221212_CS_INTERP,2022-12-12 00:00:00+00:00,2022,485.0,blob,62,22302.1,885.8,ok,-91.153958,32.782078
LM_08_MVF_20221212_CS_INTERP,2022-12-12 00:00:00+00:00,2022,485.0,blob,63,22659.9,1049.9,ok,-91.153737,32.7829
LM_08_MVF_20221212_CS_INTERP,2022-12-12 00:00:00+00:00,2022,485.0,blob,64,23009.8,1082.7,ok,-91.153192,32.783716
LM_08_MVF_20221212_CS_INTERP,2022-12-12 00:00:00+00:00,2022,485.0,blob,65,23314.9,1378.0,ok,-91.153093,32.784539
LM_08_MVF_20221212_CS_INTERP,2022-12-12 00:00:00+00:00,2022,485.0,blob,66,23615.4,1279.5,ok,-91.153117,32.785364
LM_08_MVF_20221212_CS_INTERP,2022-12-12 00:00:00+00:00,2022,485.0,blob,67,23917.5,1181.1,ok,-91.153018,32.786188
LM_08_MVF_20221212_CS_INTERP,2022-12-12 00:00:00+00:00,2022,485.0,blob,68,24249.8,1181.1,ok,-91.153245,32.787016
LM_08_MVF_20221212_CS_INTERP,2022-12-12 00:00:00+00:00,2022,485.0,blob,69,24603.8,885.8,ok,-91.153838,32.787849
LM_08_MVF_20221212_CS_INTERP,2022-12-12 00:00:00+00:00,2022,485.0,blob,70,24939.9,853.0,ok,-91.153903,32.788675
LM_08_MVF_20221212_CS_INTERP,2022-12-12 00:00:00+00:00,2022,485.0,blob,71,25253.0,721.8,ok,-91.153642,32.789496
LM_08_MVF_20221212_CS_INTERP,2022-12-12 00:00:00+00:00,2022,485.0,blob,72,25553.5,787.4,ok,-91.153584,32.790319
LM_08_MVF_20221212_CS_INTERP,2022-12-12 00:00:00+00:00,2022,485.0,blob,73,25854.0,1246.7,ok,-91.153608,32.791144
LM_08_MVF_20221212_CS_INTERP,2022-12-12 00:00:00+00:00,2022,485.0,blob,74,26154.5,1279.5,ok,-91.153631,32.791969
LM_08_MVF_20221212_CS_INTERP,2022-12-12 00:00:00+00:00,2022,485.0,blob,75,26456.6,1213.9,ok,-91.153695,32.792795
LM_08_MVF_20221212_CS_INTERP,2022-12-12 00:00:00+00:00,2022,485.0,blob,76,26763.3,951.4,ok,-91.153882,32.793622
LM_08_MVF_20221212_CS_INTERP,2022-12-12 00:00:00+00:00,2022,485.0,blob,77,27068.4,1935.7,ok,-91.153946,32.794448
LM_08_MVF_20221212_CS_INTERP,2022-12-12 00:00:00+00:00,2022,485.0,blob,78,27368.9,2034.1,ok,-91.153888,32.795272
LM_08_MVF_20221212_CS_INTERP,2022-12-12 00:00:00+00:00,2022,485.0,blob,79,27671.0,2559.1,ok,-91.15379,32.796095
LM_08_MVF_20221212_CS_INTERP,2022-12-12 00:00:00+00:00,2022,485.0,blob,80,27977.7,2395.0,ok,-91.15357,32.796917
LM_08_MVF_20221212_CS_INTERP,2022-12-12 00:00:00+00:00,2022,485.0,blob,81,28286.9,2034.1,ok,-91.153309,32.797737
LM_08_MVF_20221212_CS_INTERP,2022-12-12 00:00:00+00:00,2022,485.0,blob,82,28592.1,2001.3,ok,-91.15321,32.798561
LM_08_MVF_20221212_CS_INTERP,2022-12-12 00:00:00+00:00,2022,485.0,blob,83,28894.6,1902.9,ok,-91.153315,32.799387
LM_08_MVF_20221212_CS_INTERP,2022-12-12 00:00:00+00:00,2022,485.0,blob,84,29306.8,2854.3,ok,-91.154071,32.800223
LM_08_MVF_20221212_CS_INTERP,2022-12-12 00:00:00+00:00,2022,485.0,blob,85,29718.0,2066.9,waypoint,-91.154438,32.800963
LM_08_MVF_20221212_CS_INTERP,2022-12-12 00:00:00+00:00,2022,485.0,blob,86,30409.5,1640.4,waypoint,-91.154026,32.802765
LM_08_MVF_20221212_CS_INTERP,2022-12-12 00:00:00+00:00,2022,485.0,blob,87,31431.5,1542.0,waypoint,-91.153773,32.805565
LM_18_FRIX_20221110_CS_682_681_SORT_ACTUALDEPTH_INTERP,2022-11-10 00:00:00+00:00,2022,681.0,blob,0,154.6,1410.8,ok,-90.560466,34.741797
LM_18_FRIX_20221110_CS_682_681_SORT_ACTUALDEPTH_INTERP,2022-11-10 00:00:00+00:00,2022,681.0,blob,1,459.2,1476.4,ok,-90.559465,34.74188
LM_18_FRIX_20221110_CS_682_681_SORT_ACTUALDEPTH_INTERP,2022-11-10 00:00:00+00:00,2022,681.0,blob,2,761.3,1410.8,ok,-90.558465,34.741929
LM_18_FRIX_20221110_CS_682_681_SORT_ACTUALDEPTH_INTERP,2022-11-10 00:00:00+00:00,2022,681.0,blob,3,1075.9,1378.0,ok,-90.557459,34.742149
LM_18_FRIX_20221110_CS_682_681_SORT_ACTUALDEPTH_INTERP,2022-11-10 00:00:00+00:00,2022,681.0,blob,4,1396.5,1345.1,ok,-90.556452,34.742438
LM_18_FRIX_20221110_CS_682_681_SORT_ACTUALDEPTH_INTERP,2022-11-10 00:00:00+00:00,2022,681.0,blob,5,1706.7,1378.0,ok,-90.555448,34.742624
LM_18_FRIX_20221110_CS_682_681_SORT_ACTUALDEPTH_INTERP,2022-11-10 00:00:00+00:00,2022,681.0,blob,6,2013.4,1345.1,ok,-90.554445,34.742775
LM_18_FRIX_20221110_CS_682_681_SORT_ACTUALDEPTH_INTERP,2022-11-10 00:00:00+00:00,2022,681.0,blob,7,2318.0,1378.0,ok,-90.553444,34.742858
LM_18_FRIX_20221110_CS_682_681_SORT_ACTUALDEPTH_INTERP,2022-11-10 00:00:00+00:00,2022,681.0,blob,8,2618.5,1542.0,ok,-90.552447,34.742804
LM_18_FRIX_20221110_CS_682_681_SORT_ACTUALDEPTH_INTERP,2022-11-10 00:00:00+00:00,2022,681.0,blob,9,2921.1,1968.5,ok,-90.551448,34.742818
LM_18_FRIX_20221110_CS_682_681_SORT_ACTUALDEPTH_INTERP,2022-11-10 00:00:00+00:00,2022,681.0,blob,10,3235.6,1345.1,ok,-90.550443,34.743038
LM_18_FRIX_20221110_CS_682_681_SORT_ACTUALDEPTH_INTERP,2022-11-10 00:00:00+00:00,2022,681.0,blob,11,3560.6,1410.8,ok,-90.549435,34.743361
LM_18_FRIX_20221110_CS_682_681_SORT_ACTUALDEPTH_INTERP,2022-11-10 00:00:00+00:00,2022,681.0,blob,12,3877.8,1410.8,ok,-90.548429,34.743616
LM_18_FRIX_20221110_CS_682_681_SORT_ACTUALDEPTH_INTERP,2022-11-10 00:00:00+00:00,2022,681.0,blob,13,4104.9,2919.9,waypoint,-90.547938,34.74351
LM_18_FRIX_20221110_CS_682_681_SORT_ACTUALDEPTH_INTERP,2022-11-10 00:00:00+00:00,2022,681.0,blob,14,4449.4,1542.0,waypoint,-90.547091,34.743074
LM_18_FRIX_20221110_CS_682_681_SORT_ACTUALDEPTH_INTERP,2022-11-10 00:00:00+00:00,2022,681.0,blob,15,4950.2,2723.1,waypoint,-90.545858,34.74229
LM_18_FRIX_20221110_CS_682_681_SORT_ACTUALDEPTH_INTERP,2022-11-10 00:00:00+00:00,2022,681.0,blob,16,5429.9,1706.0,waypoint,-90.54465,34.741703
LM_18_FRIX_20221110_CS_682_681_SORT_ACTUALDEPTH_INTERP,2022-11-10 00:00:00+00:00,2022,681.0,blob,17,5912.9,1935.7,waypoint,-90.543339,34.741163
LM_18_FRIX_20221110_CS_682_681_SORT_ACTUALDEPTH_INTERP,2022-11-10 00:00:00+00:00,2022,681.0,blob,18,6391.9,2001.3,waypoint,-90.54204,34.740635
LM_18_FRIX_20221110_CS_682_681_SORT_ACTUALDEPTH_INTERP,2022-11-10 00:00:00+00:00,2022,681.0,blob,19,6948.5,1443.6,waypoint,-90.540409,34.740084
LM_18_FRIX_20221110_CS_682_681_SORT_ACTUALDEPTH_INTERP,2022-11-10 00:00:00+00:00,2022,681.0,blob,20,7517.6,1771.7,waypoint,-90.538754,34.739408
LM_18_FRIX_20221110_CS_682_681_SORT_ACTUALDEPTH_INTERP,2022-11-10 00:00:00+00:00,2022,681.0,blob,21,7985.4,1738.8,waypoint,-90.537292,34.739
LM_18_FRIX_20221110_CS_682_681_SORT_ACTUALDEPTH_INTERP,2022-11-10 00:00:00+00:00,2022,681.0,blob,22,8417.8,1574.8,waypoint,-90.536201,34.738265
LM_25_MADX_20220822_CS_902_899_SORT_LWRP_INTERP,2022-08-22 00:00:00+00:00,2022,900.0,blob,0,534.0,1049.9,ok,-89.497275,36.472819
LM_25_MADX_20220822_CS_902_899_SORT_LWRP_INTERP,2022-08-22 00:00:00+00:00,2022,900.0,blob,1,1918.8,1148.3,ok,-89.496423,36.469086
LM_25_MADX_20220822_CS_902_899_SORT_LWRP_INTERP,2022-08-22 00:00:00+00:00,2022,900.0,blob,2,2957.2,1378.0,ok,-89.495522,36.466451
LM_25_MADX_20220822_CS_902_899_SORT_LWRP_INTERP,2022-08-22 00:00:00+00:00,2022,900.0,blob,3,3332.2,1181.1,ok,-89.494531,36.465804
LM_25_MADX_20220822_CS_902_899_SORT_LWRP_INTERP,2022-08-22 00:00:00+00:00,2022,900.0,blob,4,3822.0,1082.7,ok,-89.493559,36.464745
LM_25_MADX_20220822_CS_902_899_SORT_LWRP_INTERP,2022-08-22 00:00:00+00:00,2022,900.0,blob,5,4354.8,1574.8,ok,-89.492594,36.463515
LM_25_MADX_20220822_CS_902_899_SORT_LWRP_INTERP,2022-08-22 00:00:00+00:00,2022,900.0,blob,6,4765.6,885.8,ok,-89.49161,36.462731
LM_25_MADX_20220822_CS_902_899_SORT_LWRP_INTERP,2022-08-22 00:00:00+00:00,2022,900.0,blob,7,5206.0,984.3,ok,-89.49063,36.461844
LM_25_MADX_20220822_CS_902_899_SORT_LWRP_INTERP,2022-08-22 00:00:00+00:00,2022,900.0,blob,8,5661.3,1181.1,ok,-89.489653,36.460888
LM_25_MADX_20220822_CS_902_899_SORT_LWRP_INTERP,2022-08-22 00:00:00+00:00,2022,900.0,blob,9,6044.1,1148.3,ok,-89.488664,36.460207
LM_25_MADX_20220822_CS_902_899_SORT_LWRP_INTERP,2022-08-22 00:00:00+00:00,2022,900.0,blob,10,6426.8,1148.3,ok,-89.487674,36.459526
LM_25_MADX_20220822_CS_902_899_SORT_LWRP_INTERP,2022-08-22 00:00:00+00:00,2022,900.0,blob,11,6795.8,1148.3,ok,-89.486682,36.458913
LM_25_MADX_20220822_CS_902_899_SORT_LWRP_INTERP,2022-08-22 00:00:00+00:00,2022,900.0,blob,12,7127.5,2066.9,ok,-89.485668,36.45878
LM_25_MADX_20220822_CS_902_899_SORT_LWRP_INTERP,2022-08-22 00:00:00+00:00,2022,900.0,blob,13,7465.9,2755.9,ok,-89.484631,36.459161
LM_25_MADX_20220822_CS_902_899_SORT_LWRP_INTERP,2022-08-22 00:00:00+00:00,2022,900.0,blob,14,7796.7,1673.2,ok,-89.483599,36.45944
LM_25_MADX_20220822_CS_902_899_SORT_LWRP_INTERP,2022-08-22 00:00:00+00:00,2022,900.0,blob,15,8142.5,1574.8,ok,-89.482594,36.459101
LM_25_MADX_20220822_CS_902_899_SORT_LWRP_INTERP,2022-08-22 00:00:00+00:00,2022,900.0,blob,16,8511.4,1574.8,ok,-89.481602,36.458488
LM_25_MADX_20220822_CS_902_899_SORT_LWRP_INTERP,2022-08-22 00:00:00+00:00,2022,900.0,blob,17,8897.2,2985.6,ok,-89.480575,36.45863
LM_25_MADX_20220822_CS_902_899_SORT_LWRP_INTERP,2022-08-22 00:00:00+00:00,2022,900.0,blob,18,9296.8,1804.5,ok,-89.479552,36.458702
LM_25_MADX_20220822_CS_902_899_SORT_LWRP_INTERP,2022-08-22 00:00:00+00:00,2022,900.0,blob,19,9664.6,1870.1,ok,-89.47856,36.45809
LM_25_MADX_20220822_CS_902_899_SORT_LWRP_INTERP,2022-08-22 00:00:00+00:00,2022,900.0,blob,20,10048.4,2657.5,ok,-89.477537,36.458162
LM_25_MADX_20220822_CS_902_899_SORT_LWRP_INTERP,2022-08-22 00:00:00+00:00,2022,900.0,blob,21,10419.5,1870.1,ok,-89.47651,36.458304
LM_25_MADX_20220822_CS_902_899_SORT_LWRP_INTERP,2022-08-22 00:00:00+00:00,2022,900.0,blob,22,10799.4,2362.2,ok,-89.475483,36.458479
LM_25_MADX_20220822_CS_902_899_SORT_LWRP_INTERP,2022-08-22 00:00:00+00:00,2022,900.0,blob,23,11174.0,1902.9,ok,-89.474453,36.458689
LM_25_MADX_20220822_CS_902_899_SORT_LWRP_INTERP,2022-08-22 00:00:00+00:00,2022,900.0,blob,24,11487.0,1804.5,ok,-89.473441,36.458522
LM_25_MADX_20220822_CS_902_899_SORT_LWRP_INTERP,2022-08-22 00:00:00+00:00,2022,900.0,blob,25,11817.8,2034.1,ok,-89.472408,36.4588
LM_25_MADX_20220822_CS_902_899_SORT_LWRP_INTERP,2022-08-22 00:00:00+00:00,2022,900.0,blob,26,12165.8,1870.1,ok,-89.471368,36.45925
LM_25_MADX_20220822_CS_902_899_SORT_LWRP_INTERP,2022-08-22 00:00:00+00:00,2022,900.0,blob,27,12459.0,2427.8,waypoint,-89.470616,36.459152
LM_25_MADX_20220822_CS_902_899_SORT_LWRP_INTERP,2022-08-22 00:00:00+00:00,2022,900.0,blob,28,12837.4,2460.6,waypoint,-89.469579,36.45862
LM_25_MADX_20220822_CS_902_899_SORT_LWRP_INTERP,2022-08-22 00:00:00+00:00,2022,900.0,blob,29,13288.4,1837.3,waypoint,-89.468105,36.458316
LM_25_MADX_20220822_CS_902_899_SORT_LWRP_INTERP,2022-08-22 00:00:00+00:00,2022,900.0,blob,30,13780.4,1607.6,waypoint,-89.466439,36.45822
LM_25_MADX_20220822_CS_902_899_SORT_LWRP_INTERP,2022-08-22 00:00:00+00:00,2022,900.0,blob,31,14364.4,1476.4,waypoint,-89.464475,36.458341
LM_25_MADX_20220822_CS_902_899_SORT_LWRP_INTERP,2022-08-22 00:00:00+00:00,2022,900.0,blob,32,14801.2,2001.3,waypoint,-89.463011,36.458509
LM_25_MADX_20220822_CS_902_899_SORT_LWRP_INTERP,2022-08-22 00:00:00+00:00,2022,900.0,blob,33,15314.6,2427.8,waypoint,-89.461705,36.459287
LM_25_MADX_20220822_CS_902_899_SORT_LWRP_INTERP,2022-08-22 00:00:00+00:00,2022,900.0,blob,34,15925.1,2132.5,waypoint,-89.460224,36.460443
LM_25_MADX_20220822_CS_902_899_SORT_LWRP_INTERP,2022-08-22 00:00:00+00:00,2022,900.0,blob,35,16372.1,2066.9,waypoint,-89.458935,36.461084
LM_25_MADX_20220822_CS_902_899_SORT_LWRP_INTERP,2022-08-22 00:00:00+00:00,2022,900.0,blob,36,16889.0,1968.5,waypoint,-89.457283,36.461538
LM_25_MADX_20220822_CS_902_899_SORT_LWRP_INTERP,2022-08-22 00:00:00+00:00,2022,900.0,blob,37,17463.9,1935.7,waypoint,-89.455481,36.462102
LM_25_MADX_20220822_CS_902_899_SORT_LWRP_INTERP,2022-08-22 00:00:00+00:00,2022,900.0,blob,38,18112.9,2657.5,waypoint,-89.453436,36.462206
LM_25_MADX_20220822_CS_902_899_SORT_LWRP_INTERP,2022-08-22 00:00:00+00:00,2022,900.0,blob,39,18917.5,2263.8,waypoint,-89.450972,36.462572
LM_25_MADX_20220822_CS_902_899_SORT_LWRP_INTERP,2022-08-22 00:00:00+00:00,2022,900.0,blob,40,19594.4,1673.2,waypoint,-89.449023,36.463557
LM_25_MADX_20220822_CS_902_899_SORT_LWRP_INTERP,2022-08-22 00:00:00+00:00,2022,900.0,blob,41,20232.5,2034.1,waypoint,-89.447147,36.464435
LM_25_MADX_20220822_CS_902_899_SORT_LWRP_INTERP,2022-08-22 00:00:00+00:00,2022,900.0,blob,42,20837.9,2263.8,waypoint,-89.445537,36.465431
LM_25_MADX_20220822_CS_902_899_SORT_LWRP_INTERP,2022-08-22 00:00:00+00:00,2022,900.0,blob,43,21452.2,2231.0,waypoint,-89.443799,36.466258
LM_05_VGG_20230817_CS_4274_4240,2023-08-17 00:00:00+00:00,2023,,lines,0,0.0,2871.8,waypoint,-91.001387,32.171708
LM_05_VGG_20230817_CS_4274_4240,2023-08-17 00:00:00+00:00,2023,,lines,1,1072.2,3056.7,waypoint,-91.000339,32.174517
LM_05_VGG_20230817_CS_4274_4240,2023-08-17 00:00:00+00:00,2023,,lines,2,2185.6,3241.0,ok,-90.998723,32.177251
LM_05_VGG_20230817_CS_4274_4240,2023-08-17 00:00:00+00:00,2023,,lines,3,3317.8,2969.8,ok,-90.99878,32.180362
LM_05_VGG_20230817_CS_4274_4240,2023-08-17 00:00:00+00:00,2023,,lines,4,4692.3,2649.7,ok,-90.995199,32.182598
LM_05_VGG_20230817_CS_4274_4240,2023-08-17 00:00:00+00:00,2023,,lines,5,5730.8,2286.2,ok,-90.99422,32.185328
LM_05_VGG_20230817_CS_4274_4240,2023-08-17 00:00:00+00:00,2023,,lines,6,6767.3,1958.6,ok,-90.993833,32.188158
LM_05_VGG_20230817_CS_4274_4240,2023-08-17 00:00:00+00:00,2023,,lines,7,7800.3,1662.8,ok,-90.992567,32.190785
LM_05_VGG_20230817_CS_4274_4240,2023-08-17 00:00:00+00:00,2023,,lines,8,8888.8,1819.0,ok,-90.991121,32.193513
LM_05_VGG_20230817_CS_4274_4240,2023-08-17 00:00:00+00:00,2023,,lines,9,9907.3,1711.1,ok,-90.990706,32.19629
LM_05_VGG_20230817_CS_4274_4240,2023-08-17 00:00:00+00:00,2023,,lines,10,10989.2,2007.2,ok,-90.989091,32.198927
LM_05_VGG_20230817_CS_4274_4240,2023-08-17 00:00:00+00:00,2023,,lines,11,12023.1,2039.3,ok,-90.987685,32.201505
LM_05_VGG_20230817_CS_4274_4240,2023-08-17 00:00:00+00:00,2023,,lines,12,13086.6,2150.2,ok,-90.986315,32.204186
LM_05_VGG_20230817_CS_4274_4240,2023-08-17 00:00:00+00:00,2023,,lines,13,14216.5,2429.5,ok,-90.984723,32.206981
LM_05_VGG_20230817_CS_4274_4240,2023-08-17 00:00:00+00:00,2023,,lines,14,15402.6,2432.4,ok,-90.985339,32.210199
LM_05_VGG_20230817_CS_4274_4240,2023-08-17 00:00:00+00:00,2023,,lines,15,16486.2,2157.0,ok,-90.985084,32.21317
LM_05_VGG_20230817_CS_4274_4240,2023-08-17 00:00:00+00:00,2023,,lines,16,17666.4,2165.1,ok,-90.98645,32.216198
LM_05_VGG_20230817_CS_4274_4240,2023-08-17 00:00:00+00:00,2023,,lines,17,18704.0,1578.8,ok,-90.985699,32.218978
LM_11_YBS_20230629_CS_5418_5380,2023-06-29 00:00:00+00:00,2023,,lines,0,0.0,3046.2,ok,-91.118282,33.421792
LM_11_YBS_20230629_CS_5418_5380,2023-06-29 00:00:00+00:00,2023,,lines,1,1083.8,3115.9,ok,-91.117515,33.418884
LM_11_YBS_20230629_CS_5418_5380,2023-06-29 00:00:00+00:00,2023,,lines,2,2103.2,2535.5,ok,-91.116667,33.416174
LM_11_YBS_20230629_CS_5418_5380,2023-06-29 00:00:00+00:00,2023,,lines,3,3173.6,1641.1,ok,-91.117235,33.413271
LM_11_YBS_20230629_CS_5418_5380,2023-06-29 00:00:00+00:00,2023,,lines,4,4240.3,1011.8,ok,-91.116809,33.410362
LM_11_YBS_20230629_CS_5418_5380,2023-06-29 00:00:00+00:00,2023,,lines,5,5298.9,1306.6,ok,-91.116061,33.407521
LM_11_YBS_20230629_CS_5418_5380,2023-06-29 00:00:00+00:00,2023,,lines,6,6354.5,1300.4,ok,-91.116058,33.40462
LM_11_YBS_20230629_CS_5418_5380,2023-06-29 00:00:00+00:00,2023,,lines,7,7486.2,1214.0,ok,-91.114469,33.40181
LM_11_YBS_20230629_CS_5418_5380,2023-06-29 00:00:00+00:00,2023,,lines,8,8558.9,1741.4,ok,-91.113382,33.399007
LM_11_YBS_20230629_CS_5418_5380,2023-06-29 00:00:00+00:00,2023,,lines,9,9737.5,1309.9,ok,-91.114959,33.39605
LM_11_YBS_20230629_CS_5418_5380,2023-06-29 00:00:00+00:00,2023,,lines,10,10849.4,2005.8,ok,-91.115133,33.392998
LM_11_YBS_20230629_CS_5418_5380,2023-06-29 00:00:00+00:00,2023,,lines,11,11859.6,1730.9,ok,-91.114664,33.39025
LM_11_YBS_20230629_CS_5418_5380,2023-06-29 00:00:00+00:00,2023,,lines,12,12755.5,2095.4,ok,-91.114379,33.387799
LM_11_YBS_20230629_CS_5418_5380,2023-06-29 00:00:00+00:00,2023,,lines,13,13949.4,2100.9,waypoint,-91.112288,33.385026
LM_11_YBS_20230629_CS_5418_5380,2023-06-29 00:00:00+00:00,2023,,lines,14,15153.4,2825.0,waypoint,-91.110317,33.38216
LM_11_YBS_20230629_CS_5418_5380,2023-06-29 00:00:00+00:00,2023,,lines,15,16618.6,2391.2,waypoint,-91.108846,33.378327
LM_11_YBS_20230629_CS_5418_5380,2023-06-29 00:00:00+00:00,2023,,lines,16,17817.2,2515.5,waypoint,-91.109677,33.375108
LM_11_YBS_20230629_CS_5418_5380,2023-06-29 00:00:00+00:00,2023,,lines,17,19025.7,1404.1,waypoint,-91.11105,33.371993
LM_11_YBS_20230629_CS_5418_5380,2023-06-29 00:00:00+00:00,2023,,lines,18,20172.7,1255.4,waypoint,-91.112821,33.369213
LM_11_YBS_20230629_CS_5418_5380,2023-06-29 00:00:00+00:00,2023,,lines,19,21228.4,968.5,waypoint,-91.114807,33.366838
LM_19_MEMX_20230830_CS_757_756_SORT_LWRP_INTERP,2023-08-30 00:00:00+00:00,2023,757.0,blob,0,173.7,2198.2,ok,-90.047865,35.412293
LM_19_MEMX_20230830_CS_757_756_SORT_LWRP_INTERP,2023-08-30 00:00:00+00:00,2023,757.0,blob,1,597.3,2526.2,ok,-90.04683,35.413057
LM_19_MEMX_20230830_CS_757_756_SORT_LWRP_INTERP,2023-08-30 00:00:00+00:00,2023,757.0,blob,2,1059.4,2329.4,ok,-90.045789,35.413993
LM_19_MEMX_20230830_CS_757_756_SORT_LWRP_INTERP,2023-08-30 00:00:00+00:00,2023,757.0,blob,3,1434.1,3149.6,ok,-90.044775,35.414209
LM_19_MEMX_20230830_CS_757_756_SORT_LWRP_INTERP,2023-08-30 00:00:00+00:00,2023,757.0,blob,4,1759.1,2755.9,ok,-90.043781,35.413841
LM_19_MEMX_20230830_CS_757_756_SORT_LWRP_INTERP,2023-08-30 00:00:00+00:00,2023,757.0,blob,5,2084.1,1837.3,ok,-90.042788,35.413473
LM_19_MEMX_20230830_CS_757_756_SORT_LWRP_INTERP,2023-08-30 00:00:00+00:00,2023,757.0,blob,6,2409.1,2001.3,ok,-90.041795,35.413106
LM_19_MEMX_20230830_CS_757_756_SORT_LWRP_INTERP,2023-08-30 00:00:00+00:00,2023,757.0,blob,7,2792.7,2362.2,ok,-90.040779,35.413355
LM_19_MEMX_20230830_CS_757_756_SORT_LWRP_INTERP,2023-08-30 00:00:00+00:00,2023,757.0,blob,8,3176.4,1509.2,ok,-90.039763,35.413605
LM_19_MEMX_20230830_CS_757_756_SORT_LWRP_INTERP,2023-08-30 00:00:00+00:00,2023,757.0,blob,9,3490.9,1476.4,ok,-90.038766,35.41334
LM_19_MEMX_20230830_CS_757_756_SORT_LWRP_INTERP,2023-08-30 00:00:00+00:00,2023,757.0,blob,10,3795.1,1443.6,ok,-90.037765,35.413179
LM_19_MEMX_20230830_CS_757_756_SORT_LWRP_INTERP,2023-08-30 00:00:00+00:00,2023,757.0,blob,11,4099.2,1246.7,ok,-90.03676,35.413154
LM_19_MEMX_20230830_CS_757_756_SORT_LWRP_INTERP,2023-08-30 00:00:00+00:00,2023,757.0,blob,12,4597.9,2296.6,ok,-90.03572,35.414055
LM_19_MEMX_20230830_CS_757_756_SORT_LWRP_INTERP,2023-08-30 00:00:00+00:00,2023,757.0,blob,13,5096.6,1574.8,ok,-90.03468,35.414957
LM_19_MEMX_20230830_CS_757_756_SORT_LWRP_INTERP,2023-08-30 00:00:00+00:00,2023,757.0,blob,14,5403.3,1771.7,ok,-90.033668,35.415104
LM_19_MEMX_20230830_CS_757_756_SORT_LWRP_INTERP,2023-08-30 00:00:00+00:00,2023,757.0,blob,15,5712.5,2526.2,ok,-90.032662,35.415079
LM_19_MEMX_20230830_CS_757_756_SORT_LWRP_INTERP,2023-08-30 00:00:00+00:00,2023,757.0,blob,16,6017.2,2231.0,ok,-90.03166,35.414951
LM_19_MEMX_20230830_CS_757_756_SORT_LWRP_INTERP,2023-08-30 00:00:00+00:00,2023,757.0,blob,17,6321.8,2132.5,ok,-90.030651,35.41503
LM_19_MEMX_20230830_CS_757_756_SORT_LWRP_INTERP,2023-08-30 00:00:00+00:00,2023,757.0,blob,18,6628.5,2099.7,ok,-90.029643,35.415039
LM_19_MEMX_20230830_CS_757_756_SORT_LWRP_INTERP,2023-08-30 00:00:00+00:00,2023,757.0,blob,19,6932.6,1935.7,ok,-90.028638,35.415014
LM_19_MEMX_20230830_CS_757_756_SORT_LWRP_INTERP,2023-08-30 00:00:00+00:00,2023,757.0,blob,20,7344.8,2099.7,ok,-90.027608,35.415642
LM_19_MEMX_20230830_CS_757_756_SORT_LWRP_INTERP,2023-08-30 00:00:00+00:00,2023,757.0,blob,21,7808.4,2099.7,ok,-90.026567,35.416577
LM_19_MEMX_20230830_CS_757_756_SORT_LWRP_INTERP,2023-08-30 00:00:00+00:00,2023,757.0,blob,22,8163.9,1607.6,ok,-90.02555,35.416861
LM_25_MADX_20230601_CS_899_902_SORT_ACTUALDEPTH_INTERP,2023-06-01 00:00:00+00:00,2023,900.0,blob,0,1196.9,1673.2,ok,-89.49689,36.470241
LM_25_MADX_20230601_CS_899_902_SORT_ACTUALDEPTH_INTERP,2023-06-01 00:00:00+00:00,2023,900.0,blob,1,2574.1,1968.5,ok,-89.49603,36.46668
LM_25_MADX_20230601_CS_899_902_SORT_ACTUALDEPTH_INTERP,2023-06-01 00:00:00+00:00,2023,900.0,blob,2,2928.1,2099.7,ok,-89.495034,36.466135
LM_25_MADX_20230601_CS_899_902_SORT_ACTUALDEPTH_INTERP,2023-06-01 00:00:00+00:00,2023,900.0,blob,3,3361.8,2034.1,ok,-89.494053,36.465283
LM_25_MADX_20230601_CS_899_902_SORT_ACTUALDEPTH_INTERP,2023-06-01 00:00:00+00:00,2023,900.0,blob,4,3774.0,2198.2,ok,-89.493063,36.464601
LM_25_MADX_20230601_CS_899_902_SORT_ACTUALDEPTH_INTERP,2023-06-01 00:00:00+00:00,2023,900.0,blob,5,4156.6,1935.7,ok,-89.49207,36.464023
LM_25_MADX_20230601_CS_899_902_SORT_ACTUALDEPTH_INTERP,2023-06-01 00:00:00+00:00,2023,900.0,blob,6,4617.6,1902.9,ok,-89.491094,36.463033
LM_25_MADX_20230601_CS_899_902_SORT_ACTUALDEPTH_INTERP,2023-06-01 00:00:00+00:00,2023,900.0,blob,7,5118.5,2001.3,ok,-89.490125,36.461906
LM_25_MADX_20230601_CS_899_902_SORT_ACTUALDEPTH_INTERP,2023-06-01 00:00:00+00:00,2023,900.0,blob,8,5540.9,2066.9,ok,-89.489137,36.46119
LM_25_MADX_20230601_CS_899_902_SORT_ACTUALDEPTH_INTERP,2023-06-01 00:00:00+00:00,2023,900.0,blob,9,5896.5,2066.9,ok,-89.488139,36.460715
LM_25_MADX_20230601_CS_899_902_SORT_ACTUALDEPTH_INTERP,2023-06-01 00:00:00+00:00,2023,900.0,blob,10,6252.1,2165.4,ok,-89.48714,36.460239
LM_25_MADX_20230601_CS_899_902_SORT_ACTUALDEPTH_INTERP,2023-06-01 00:00:00+00:00,2023,900.0,blob,11,6664.2,2132.5,ok,-89.486151,36.459557
LM_25_MADX_20230601_CS_899_902_SORT_ACTUALDEPTH_INTERP,2023-06-01 00:00:00+00:00,2023,900.0,blob,12,7104.6,2723.1,ok,-89.485147,36.459219
LM_25_MADX_20230601_CS_899_902_SORT_ACTUALDEPTH_INTERP,2023-06-01 00:00:00+00:00,2023,900.0,blob,13,7465.2,3149.6,ok,-89.484103,36.459737
LM_25_MADX_20230601_CS_899_902_SORT_ACTUALDEPTH_INTERP,2023-06-01 00:00:00+00:00,2023,900.0,blob,14,7803.6,1968.5,ok,-89.483078,36.459844
LM_25_MADX_20230601_CS_899_902_SORT_ACTUALDEPTH_INTERP,2023-06-01 00:00:00+00:00,2023,900.0,blob,15,8173.8,2329.4,ok,-89.482085,36.459266
LM_25_MADX_20230601_CS_899_902_SORT_ACTUALDEPTH_INTERP,2023-06-01 00:00:00+00:00,2023,900.0,blob,16,8581.2,2395.0,ok,-89.4811,36.458482
LM_25_MADX_20230601_CS_899_902_SORT_ACTUALDEPTH_INTERP,2023-06-01 00:00:00+00:00,2023,900.0,blob,17,8956.7,2985.6,ok,-89.480085,36.458383
LM_25_MADX_20230601_CS_899_902_SORT_ACTUALDEPTH_INTERP,2023-06-01 00:00:00+00:00,2023,900.0,blob,18,9310.7,2263.8,ok,-89.479065,36.458387
LM_25_MADX_20230601_CS_899_902_SORT_ACTUALDEPTH_INTERP,2023-06-01 00:00:00+00:00,2023,900.0,blob,19,9634.8,2231.0,ok,-89.478058,36.458083
LM_25_MADX_20230601_CS_899_902_SORT_ACTUALDEPTH_INTERP,2023-06-01 00:00:00+00:00,2023,900.0,blob,20,9965.6,3018.4,ok,-89.477029,36.458293
LM_25_MADX_20230601_CS_899_902_SORT_ACTUALDEPTH_INTERP,2023-06-01 00:00:00+00:00,2023,900.0,blob,21,10326.2,2296.6,ok,-89.47601,36.458263
LM_25_MADX_20230601_CS_899_902_SORT_ACTUALDEPTH_INTERP,2023-06-01 00:00:00+00:00,2023,900.0,blob,22,10658.5,2066.9,ok,-89.475007,36.45789
LM_25_MADX_20230601_CS_899_902_SORT_ACTUALDEPTH_INTERP,2023-06-01 00:00:00+00:00,2023,900.0,blob,23,11005.9,2690.3,ok,-89.473976,36.458134
LM_25_MADX_20230601_CS_899_902_SORT_ACTUALDEPTH_INTERP,2023-06-01 00:00:00+00:00,2023,900.0,blob,24,11359.2,2329.4,ok,-89.472949,36.458309
LM_25_MADX_20230601_CS_899_902_SORT_ACTUALDEPTH_INTERP,2023-06-01 00:00:00+00:00,2023,900.0,blob,25,11729.5,2559.1,ok,-89.471918,36.458553
LM_25_MADX_20230601_CS_899_902_SORT_ACTUALDEPTH_INTERP,2023-06-01 00:00:00+00:00,2023,900.0,blob,26,12099.7,2263.8,ok,-89.470874,36.459072
LM_25_MADX_20230601_CS_899_902_SORT_ACTUALDEPTH_INTERP,2023-06-01 00:00:00+00:00,2023,900.0,blob,27,12409.9,2460.6,ok,-89.469852,36.45911
LM_25_MADX_20230601_CS_899_902_SORT_ACTUALDEPTH_INTERP,2023-06-01 00:00:00+00:00,2023,900.0,blob,28,12774.1,3215.2,ok,-89.468856,36.4586
LM_25_MADX_20230601_CS_899_902_SORT_ACTUALDEPTH_INTERP,2023-06-01 00:00:00+00:00,2023,900.0,blob,29,13140.9,2854.3,ok,-89.46786,36.458056
LM_25_MADX_20230601_CS_899_902_SORT_ACTUALDEPTH_INTERP,2023-06-01 00:00:00+00:00,2023,900.0,blob,30,13469.1,2887.1,ok,-89.466857,36.457683
LM_25_MADX_20230601_CS_899_902_SORT_ACTUALDEPTH_INTERP,2023-06-01 00:00:00+00:00,2023,900.0,blob,31,13805.3,2591.9,ok,-89.465858,36.457241
LM_25_MADX_20230601_CS_899_902_SORT_ACTUALDEPTH_INTERP,2023-06-01 00:00:00+00:00,2023,900.0,blob,32,14141.4,2427.8,ok,-89.464858,36.456799
LM_25_MADX_20230601_CS_899_902_SORT_ACTUALDEPTH_INTERP,2023-06-01 00:00:00+00:00,2023,900.0,blob,33,14585.5,2526.2,ok,-89.463822,36.457146
LM_25_MADX_20230601_CS_899_902_SORT_ACTUALDEPTH_INTERP,2023-06-01 00:00:00+00:00,2023,900.0,blob,34,15077.1,2755.9,ok,-89.462755,36.458179
LM_25_MADX_20230601_CS_899_902_SORT_ACTUALDEPTH_INTERP,2023-06-01 00:00:00+00:00,2023,900.0,blob,35,15452.8,2723.1,ok,-89.461712,36.458697
LM_25_MADX_20230601_CS_899_902_SORT_ACTUALDEPTH_INTERP,2023-06-01 00:00:00+00:00,2023,900.0,blob,36,15765.6,2690.3,ok,-89.460682,36.458907
LM_25_MADX_20230601_CS_899_902_SORT_ACTUALDEPTH_INTERP,2023-06-01 00:00:00+00:00,2023,900.0,blob,37,16104.0,3149.6,ok,-89.45967,36.45874
LM_25_MADX_20230601_CS_899_902_SORT_ACTUALDEPTH_INTERP,2023-06-01 00:00:00+00:00,2023,900.0,blob,38,16544.4,2690.3,ok,-89.458637,36.459018
LM_25_MADX_20230601_CS_899_902_SORT_ACTUALDEPTH_INTERP,2023-06-01 00:00:00+00:00,2023,900.0,blob,39,17035.0,2887.1,ok,-89.45757,36.46005
LM_25_MADX_20230601_CS_899_902_SORT_ACTUALDEPTH_INTERP,2023-06-01 00:00:00+00:00,2023,900.0,blob,40,17505.6,2493.4,ok,-89.456507,36.461014
LM_25_MADX_20230601_CS_899_902_SORT_ACTUALDEPTH_INTERP,2023-06-01 00:00:00+00:00,2023,900.0,blob,41,17949.2,2657.5,ok,-89.455447,36.461875
LM_25_MADX_20230601_CS_899_902_SORT_ACTUALDEPTH_INTERP,2023-06-01 00:00:00+00:00,2023,900.0,blob,42,18315.1,3149.6,ok,-89.454404,36.462394
LM_25_MADX_20230601_CS_899_902_SORT_ACTUALDEPTH_INTERP,2023-06-01 00:00:00+00:00,2023,900.0,blob,43,18635.8,2985.6,ok,-89.453371,36.462672
LM_25_MADX_20230601_CS_899_902_SORT_ACTUALDEPTH_INTERP,2023-06-01 00:00:00+00:00,2023,900.0,blob,44,18948.5,2821.5,ok,-89.452342,36.462881
LM_25_MADX_20230601_CS_899_902_SORT_ACTUALDEPTH_INTERP,2023-06-01 00:00:00+00:00,2023,900.0,blob,45,19276.8,2723.1,ok,-89.451307,36.463194
LM_25_MADX_20230601_CS_899_902_SORT_ACTUALDEPTH_INTERP,2023-06-01 00:00:00+00:00,2023,900.0,blob,46,19600.4,2690.3,ok,-89.450278,36.463404
LM_25_MADX_20230601_CS_899_902_SORT_ACTUALDEPTH_INTERP,2023-06-01 00:00:00+00:00,2023,900.0,blob,47,19900.9,2362.2,ok,-89.449258,36.463408
LM_25_MADX_20230601_CS_899_902_SORT_ACTUALDEPTH_INTERP,2023-06-01 00:00:00+00:00,2023,900.0,blob,48,20202.0,1738.8,ok,-89.448239,36.463377
LM_26_HIKX_20230411_CS_921_SORT_LWRP_INTERP,2023-04-11 00:00:00+00:00,2023,922.0,blob,0,369.3,1738.8,ok,-89.224489,36.566163
LM_26_HIKX_20230411_CS_921_SORT_LWRP_INTERP,2023-04-11 00:00:00+00:00,2023,922.0,blob,1,933.9,2132.5,ok,-89.222877,36.566936
LM_26_HIKX_20230411_CS_921_SORT_LWRP_INTERP,2023-04-11 00:00:00+00:00,2023,922.0,blob,2,1324.4,2198.2,ok,-89.221987,36.567732
LM_26_HIKX_20230411_CS_921_SORT_LWRP_INTERP,2023-04-11 00:00:00+00:00,2023,922.0,blob,3,2041.7,2231.0,ok,-89.219822,36.568487
LM_26_HIKX_20230411_CS_921_SORT_LWRP_INTERP,2023-04-11 00:00:00+00:00,2023,922.0,blob,4,2866.1,2165.4,ok,-89.21719,36.569227
LM_26_HIKX_20230411_CS_921_SORT_LWRP_INTERP,2023-04-11 00:00:00+00:00,2023,922.0,blob,5,3342.0,2034.1,ok,-89.21596,36.570012
LM_26_HIKX_20230411_CS_921_SORT_LWRP_INTERP,2023-04-11 00:00:00+00:00,2023,922.0,blob,6,3696.0,1935.7,ok,-89.215283,36.570814
LM_26_HIKX_20230411_CS_921_SORT_LWRP_INTERP,2023-04-11 00:00:00+00:00,2023,922.0,blob,7,4056.5,2001.3,ok,-89.214563,36.571615
LM_26_HIKX_20230411_CS_921_SORT_LWRP_INTERP,2023-04-11 00:00:00+00:00,2023,922.0,blob,8,4399.3,2001.3,ok,-89.21397,36.57242
LM_26_HIKX_20230411_CS_921_SORT_LWRP_INTERP,2023-04-11 00:00:00+00:00,2023,922.0,blob,9,4735.5,2657.5,ok,-89.214015,36.573245
LM_26_HIKX_20230411_CS_921_SORT_LWRP_INTERP,2023-04-11 00:00:00+00:00,2023,922.0,blob,10,5089.4,2034.1,ok,-89.213932,36.574066
LM_26_HIKX_20230411_CS_921_SORT_LWRP_INTERP,2023-04-11 00:00:00+00:00,2023,922.0,blob,11,5457.2,2066.9,ok,-89.21317,36.574866
LM_26_HIKX_20230411_CS_921_SORT_LWRP_INTERP,2023-04-11 00:00:00+00:00,2023,922.0,blob,12,5818.3,2001.3,ok,-89.21245,36.575667
LM_26_HIKX_20230411_CS_921_SORT_LWRP_INTERP,2023-04-11 00:00:00+00:00,2023,922.0,blob,13,6159.7,1968.5,ok,-89.211857,36.576472
LM_26_HIKX_20230411_CS_921_SORT_LWRP_INTERP,2023-04-11 00:00:00+00:00,2023,922.0,blob,14,6501.1,2099.7,ok,-89.211264,36.577277
LM_26_HIKX_20230411_CS_921_SORT_LWRP_INTERP,2023-04-11 00:00:00+00:00,2023,922.0,blob,15,6848.4,2034.1,ok,-89.210629,36.57808
LM_26_HIKX_20230411_CS_921_SORT_LWRP_INTERP,2023-04-11 00:00:00+00:00,2023,922.0,blob,16,7180.1,2001.3,ok,-89.210122,36.578888
LM_26_HIKX_20230411_CS_921_SORT_LWRP_INTERP,2023-04-11 00:00:00+00:00,2023,922.0,blob,17,7490.3,2001.3,ok,-89.209826,36.579702
LM_26_HIKX_20230411_CS_921_SORT_LWRP_INTERP,2023-04-11 00:00:00+00:00,2023,922.0,blob,18,7800.5,2034.1,ok,-89.209531,36.580517
LM_26_HIKX_20230411_CS_921_SORT_LWRP_INTERP,2023-04-11 00:00:00+00:00,2023,922.0,blob,19,8109.1,2165.4,ok,-89.209363,36.581335
LM_26_HIKX_20230411_CS_921_SORT_LWRP_INTERP,2023-04-11 00:00:00+00:00,2023,922.0,blob,20,8414.3,2132.5,ok,-89.209238,36.582155
LM_26_HIKX_20230411_CS_921_SORT_LWRP_INTERP,2023-04-11 00:00:00+00:00,2023,922.0,blob,21,8723.5,2296.6,ok,-89.209198,36.582977
LM_26_HIKX_20230411_CS_921_SORT_LWRP_INTERP,2023-04-11 00:00:00+00:00,2023,922.0,blob,22,9032.7,2362.2,ok,-89.209412,36.583808
LM_26_HIKX_20230411_CS_921_SORT_LWRP_INTERP,2023-04-11 00:00:00+00:00,2023,922.0,blob,23,9342.0,2460.6,ok,-89.209627,36.584639
LM_26_HIKX_20230411_CS_921_SORT_LWRP_INTERP,2023-04-11 00:00:00+00:00,2023,922.0,blob,24,9647.1,2198.2,ok,-89.209672,36.585464
LM_26_HIKX_20230411_CS_921_SORT_LWRP_INTERP,2023-04-11 00:00:00+00:00,2023,922.0,blob,25,9965.3,1870.1,ok,-89.209844,36.586293
LM_26_HIKX_20230602_CS_929_923_SORT_ACTUALDEPTHS_INTERP,2023-06-02 00:00:00+00:00,2023,927.0,blob,0,152.1,1246.7,ok,-89.205885,36.614433
LM_26_HIKX_20230602_CS_929_923_SORT_ACTUALDEPTHS_INTERP,2023-06-02 00:00:00+00:00,2023,927.0,blob,1,454.1,1246.7,ok,-89.20593,36.615259
LM_26_HIKX_20230602_CS_929_923_SORT_ACTUALDEPTHS_INTERP,2023-06-02 00:00:00+00:00,2023,927.0,blob,2,756.2,1279.5,ok,-89.205805,36.616079
LM_26_HIKX_20230602_CS_929_923_SORT_ACTUALDEPTHS_INTERP,2023-06-02 00:00:00+00:00,2023,927.0,blob,3,1058.3,1279.5,ok,-89.205679,36.616898
LM_26_HIKX_20230602_CS_929_923_SORT_ACTUALDEPTHS_INTERP,2023-06-02 00:00:00+00:00,2023,927.0,blob,4,1358.3,1213.9,ok,-89.205639,36.617721
LM_26_HIKX_20230602_CS_929_923_SORT_ACTUALDEPTHS_INTERP,2023-06-02 00:00:00+00:00,2023,927.0,blob,5,1658.3,1279.5,ok,-89.205598,36.618543
LM_26_HIKX_20230602_CS_929_923_SORT_ACTUALDEPTHS_INTERP,2023-06-02 00:00:00+00:00,2023,927.0,blob,6,1958.3,1312.3,ok,-89.205558,36.619366
LM_26_HIKX_20230602_CS_929_923_SORT_ACTUALDEPTHS_INTERP,2023-06-02 00:00:00+00:00,2023,927.0,blob,7,2258.3,1345.1,ok,-89.205518,36.620188
LM_26_HIKX_20230602_CS_929_923_SORT_ACTUALDEPTHS_INTERP,2023-06-02 00:00:00+00:00,2023,927.0,blob,8,2558.3,1607.6,ok,-89.205477,36.621011
LM_26_HIKX_20230602_CS_929_923_SORT_ACTUALDEPTHS_INTERP,2023-06-02 00:00:00+00:00,2023,927.0,blob,9,2860.3,2034.1,ok,-89.205352,36.621831
LM_26_HIKX_20230602_CS_929_923_SORT_ACTUALDEPTHS_INTERP,2023-06-02 00:00:00+00:00,2023,927.0,blob,10,3162.4,2066.9,ok,-89.205227,36.622651
LM_26_HIKX_20230602_CS_929_923_SORT_ACTUALDEPTHS_INTERP,2023-06-02 00:00:00+00:00,2023,927.0,blob,11,3470.5,2132.5,ok,-89.205016,36.623468
LM_26_HIKX_20230602_CS_929_923_SORT_ACTUALDEPTHS_INTERP,2023-06-02 00:00:00+00:00,2023,927.0,blob,12,3783.3,2132.5,ok,-89.204933,36.624289
LM_26_HIKX_20230602_CS_929_923_SORT_ACTUALDEPTHS_INTERP,2023-06-02 00:00:00+00:00,2023,927.0,blob,13,4100.4,1870.1,ok,-89.204808,36.625109
LM_26_HIKX_20230602_CS_929_923_SORT_ACTUALDEPTHS_INTERP,2023-06-02 00:00:00+00:00,2023,927.0,blob,14,4450.4,1837.3,ok,-89.204172,36.625912
LM_26_HIKX_20230602_CS_929_923_SORT_ACTUALDEPTHS_INTERP,2023-06-02 00:00:00+00:00,2023,927.0,blob,15,4841.4,1870.1,ok,-89.203281,36.626708
LM_26_HIKX_20230602_CS_929_923_SORT_ACTUALDEPTHS_INTERP,2023-06-02 00:00:00+00:00,2023,927.0,blob,16,5257.0,1935.7,ok,-89.202263,36.627499
LM_26_HIKX_20230602_CS_929_923_SORT_ACTUALDEPTHS_INTERP,2023-06-02 00:00:00+00:00,2023,927.0,blob,17,5672.6,2001.3,ok,-89.201245,36.62829
LM_26_HIKX_20230602_CS_929_923_SORT_ACTUALDEPTHS_INTERP,2023-06-02 00:00:00+00:00,2023,927.0,blob,18,6071.3,2034.1,ok,-89.200311,36.629084
LM_26_HIKX_20230602_CS_929_923_SORT_ACTUALDEPTHS_INTERP,2023-06-02 00:00:00+00:00,2023,927.0,blob,19,6454.1,2034.1,ok,-89.199463,36.629881
LM_26_HIKX_20230602_CS_929_923_SORT_ACTUALDEPTHS_INTERP,2023-06-02 00:00:00+00:00,2023,927.0,blob,20,6836.8,2066.9,ok,-89.198615,36.630678
LM_26_HIKX_20230602_CS_929_923_SORT_ACTUALDEPTHS_INTERP,2023-06-02 00:00:00+00:00,2023,927.0,blob,21,7227.4,2066.9,ok,-89.197724,36.631473
LM_26_HIKX_20230602_CS_929_923_SORT_ACTUALDEPTHS_INTERP,2023-06-02 00:00:00+00:00,2023,927.0,blob,22,7585.1,2066.9,ok,-89.197045,36.632275
LM_26_HIKX_20230602_CS_929_923_SORT_ACTUALDEPTHS_INTERP,2023-06-02 00:00:00+00:00,2023,927.0,blob,23,7915.3,1968.5,ok,-89.196537,36.633083
LM_26_HIKX_20230602_CS_929_923_SORT_ACTUALDEPTHS_INTERP,2023-06-02 00:00:00+00:00,2023,927.0,blob,24,8286.5,1968.5,ok,-89.195774,36.633882
LM_26_HIKX_20230602_CS_929_923_SORT_ACTUALDEPTHS_INTERP,2023-06-02 00:00:00+00:00,2023,927.0,blob,25,9873.2,1968.5,ok,-89.190588,36.63454
LM_26_HIKX_20230602_CS_929_923_SORT_ACTUALDEPTHS_INTERP,2023-06-02 00:00:00+00:00,2023,927.0,blob,26,11468.4,3051.2,ok,-89.18536,36.635196
LM_26_HIKX_20230602_CS_929_923_SORT_ACTUALDEPTHS_INTERP,2023-06-02 00:00:00+00:00,2023,927.0,blob,27,11982.9,3116.8,ok,-89.183916,36.635974
LM_26_HIKX_20230602_CS_929_923_SORT_ACTUALDEPTHS_INTERP,2023-06-02 00:00:00+00:00,2023,927.0,blob,28,12435.8,3116.8,ok,-89.183025,36.636769
LM_26_HIKX_20230602_CS_929_923_SORT_ACTUALDEPTHS_INTERP,2023-06-02 00:00:00+00:00,2023,927.0,blob,29,12748.8,3215.2,ok,-89.182814,36.637586
LM_26_HIKX_20230602_CS_929_923_SORT_ACTUALDEPTHS_INTERP,2023-06-02 00:00:00+00:00,2023,927.0,blob,30,13181.7,2493.4,ok,-89.181795,36.638377
LM_26_HIKX_20230602_CS_929_923_SORT_ACTUALDEPTHS_INTERP,2023-06-02 00:00:00+00:00,2023,927.0,blob,31,13639.6,2362.2,ok,-89.180606,36.639163
LM_26_HIKX_20230602_CS_929_923_SORT_ACTUALDEPTHS_INTERP,2023-06-02 00:00:00+00:00,2023,927.0,blob,32,14129.5,3018.4,ok,-89.17929,36.639944
LM_26_HIKX_20230602_CS_929_923_SORT_ACTUALDEPTHS_INTERP,2023-06-02 00:00:00+00:00,2023,927.0,blob,33,14599.5,2854.3,ok,-89.178101,36.64073
LM_26_HIKX_20230602_CS_929_923_SORT_ACTUALDEPTHS_INTERP,2023-06-02 00:00:00+00:00,2023,927.0,blob,34,15058.7,2854.3,ok,-89.176955,36.641517
LM_26_HIKX_20230602_CS_929_923_SORT_ACTUALDEPTHS_INTERP,2023-06-02 00:00:00+00:00,2023,927.0,blob,35,15580.8,2624.7,ok,-89.175468,36.642293
LM_26_HIKX_20230602_CS_929_923_SORT_ACTUALDEPTHS_INTERP,2023-06-02 00:00:00+00:00,2023,927.0,blob,36,16032.4,2559.1,ok,-89.174279,36.643078
LM_26_HIKX_20230602_CS_929_923_SORT_ACTUALDEPTHS_INTERP,2023-06-02 00:00:00+00:00,2023,927.0,blob,37,16493.7,2493.4,ok,-89.173048,36.643862
LM_26_HIKX_20230602_CS_929_923_SORT_ACTUALDEPTHS_INTERP,2023-06-02 00:00:00+00:00,2023,927.0,blob,38,16945.9,2362.2,ok,-89.171859,36.644648
LM_26_HIKX_20230602_CS_929_923_SORT_ACTUALDEPTHS_INTERP,2023-06-02 00:00:00+00:00,2023,927.0,blob,39,17361.6,2329.4,ok,-89.17084,36.645439
LM_26_HIKX_20230602_CS_929_923_SORT_ACTUALDEPTHS_INTERP,2023-06-02 00:00:00+00:00,2023,927.0,blob,40,17777.2,2296.6,ok,-89.169821,36.64623
LM_26_HIKX_20230602_CS_929_923_SORT_ACTUALDEPTHS_INTERP,2023-06-02 00:00:00+00:00,2023,927.0,blob,41,18201.4,2231.0,ok,-89.168759,36.64702
LM_26_HIKX_20230602_CS_929_923_SORT_ACTUALDEPTHS_INTERP,2023-06-02 00:00:00+00:00,2023,927.0,blob,42,18663.6,2165.4,ok,-89.167528,36.647804
LM_26_HIKX_20230602_CS_929_923_SORT_ACTUALDEPTHS_INTERP,2023-06-02 00:00:00+00:00,2023,927.0,blob,43,19117.0,2066.9,ok,-89.166339,36.648589
LM_26_HIKX_20230602_CS_929_923_SORT_ACTUALDEPTHS_INTERP,2023-06-02 00:00:00+00:00,2023,927.0,blob,44,19532.7,2034.1,ok,-89.16532,36.64938
LM_26_HIKX_20230602_CS_929_923_SORT_ACTUALDEPTHS_INTERP,2023-06-02 00:00:00+00:00,2023,927.0,blob,45,19932.3,2001.3,ok,-89.164386,36.650174
LM_26_HIKX_20230602_CS_929_923_SORT_ACTUALDEPTHS_INTERP,2023-06-02 00:00:00+00:00,2023,927.0,blob,46,20331.9,2001.3,ok,-89.163452,36.650967
LM_26_HIKX_20230602_CS_929_923_SORT_ACTUALDEPTHS_INTERP,2023-06-02 00:00:00+00:00,2023,927.0,blob,47,20756.2,1935.7,ok,-89.16239,36.651757
LM_26_HIKX_20230602_CS_929_923_SORT_ACTUALDEPTHS_INTERP,2023-06-02 00:00:00+00:00,2023,927.0,blob,48,21171.8,1902.9,ok,-89.161371,36.652548
LM_26_HIKX_20230602_CS_929_923_SORT_ACTUALDEPTHS_INTERP,2023-06-02 00:00:00+00:00,2023,927.0,blob,49,21537.8,1902.9,ok,-89.160649,36.653348
LM_26_HIKX_20230602_CS_929_923_SORT_ACTUALDEPTHS_INTERP,2023-06-02 00:00:00+00:00,2023,927.0,blob,50,21852.4,2001.3,ok,-89.160311,36.654161
LM_26_HIKX_20230602_CS_929_923_SORT_ACTUALDEPTHS_INTERP,2023-06-02 00:00:00+00:00,2023,927.0,blob,51,22155.0,2132.5,ok,-89.160227,36.654982
LM_26_HIKX_20230602_CS_929_923_SORT_ACTUALDEPTHS_INTERP,2023-06-02 00:00:00+00:00,2023,927.0,blob,52,22456.0,2263.8,ok,-89.160272,36.655808
LM_26_HIKX_20230602_CS_929_923_SORT_ACTUALDEPTHS_INTERP,2023-06-02 00:00:00+00:00,2023,927.0,blob,53,22757.0,2132.5,ok,-89.160316,36.656633
LM_26_HIKX_20230602_CS_929_923_SORT_ACTUALDEPTHS_INTERP,2023-06-02 00:00:00+00:00,2023,927.0,blob,54,23058.1,2198.2,ok,-89.16036,36.657458
LM_26_HIKX_20230602_CS_929_923_SORT_ACTUALDEPTHS_INTERP,2023-06-02 00:00:00+00:00,2023,927.0,blob,55,23359.1,2263.8,ok,-89.160404,36.658283
LM_26_HIKX_20230602_CS_929_923_SORT_ACTUALDEPTHS_INTERP,2023-06-02 00:00:00+00:00,2023,927.0,blob,56,23660.2,2362.2,ok,-89.160448,36.659108
LM_26_HIKX_20230602_CS_929_923_SORT_ACTUALDEPTHS_INTERP,2023-06-02 00:00:00+00:00,2023,927.0,blob,57,23961.2,2460.6,ok,-89.160407,36.659931
LM_26_HIKX_20230602_CS_929_923_SORT_ACTUALDEPTHS_INTERP,2023-06-02 00:00:00+00:00,2023,927.0,blob,58,24266.3,2887.1,ok,-89.160451,36.660756
LM_26_HIKX_20230602_CS_929_923_SORT_ACTUALDEPTHS_INTERP,2023-06-02 00:00:00+00:00,2023,927.0,blob,59,24575.6,3116.8,ok,-89.160666,36.661587
LM_26_HIKX_20230602_CS_929_923_SORT_ACTUALDEPTHS_INTERP,2023-06-02 00:00:00+00:00,2023,927.0,blob,60,24980.2,2591.9,ok,-89.160072,36.662391
LM_26_HIKX_20230602_CS_929_923_SORT_ACTUALDEPTHS_INTERP,2023-06-02 00:00:00+00:00,2023,927.0,blob,61,25384.8,2395.0,ok,-89.159223,36.663188
LM_26_HIKX_20230602_CS_929_923_SORT_ACTUALDEPTHS_INTERP,2023-06-02 00:00:00+00:00,2023,927.0,blob,62,25691.5,2624.7,ok,-89.158969,36.664003
LM_26_HIKX_20230602_CS_929_923_SORT_ACTUALDEPTHS_INTERP,2023-06-02 00:00:00+00:00,2023,927.0,blob,63,25998.2,2985.6,ok,-89.158971,36.664827
LM_26_HIKX_20230602_CS_929_923_SORT_ACTUALDEPTHS_INTERP,2023-06-02 00:00:00+00:00,2023,927.0,blob,64,26307.4,2460.6,ok,-89.15893,36.66565
LM_26_HIKX_20230602_CS_929_923_SORT_ACTUALDEPTHS_INTERP,2023-06-02 00:00:00+00:00,2023,927.0,blob,65,26616.6,2395.0,ok,-89.158634,36.666464
LM_26_HIKX_20230602_CS_929_923_SORT_ACTUALDEPTHS_INTERP,2023-06-02 00:00:00+00:00,2023,927.0,blob,66,26925.9,2198.2,ok,-89.158337,36.667278
LM_26_HIKX_20230602_CS_929_923_SORT_ACTUALDEPTHS_INTERP,2023-06-02 00:00:00+00:00,2023,927.0,blob,67,27248.2,2099.7,ok,-89.157914,36.668088
LM_26_HIKX_20230602_CS_929_923_SORT_ACTUALDEPTHS_INTERP,2023-06-02 00:00:00+00:00,2023,927.0,blob,68,27603.4,2165.4,ok,-89.157235,36.66889
LM_26_HIKX_20230602_CS_929_923_SORT_ACTUALDEPTHS_INTERP,2023-06-02 00:00:00+00:00,2023,927.0,blob,69,28071.8,2362.2,ok,-89.156003,36.669674
LM_24_CARX_20230703_CS_842_838_SORT_ACTUALDEPTHS_INTERP,2023-07-03 00:00:00+00:00,2023,841.0,blob,0,313.2,2493.4,ok,-89.619037,36.110581
LM_24_CARX_20230703_CS_842_838_SORT_ACTUALDEPTHS_INTERP,2023-07-03 00:00:00+00:00,2023,841.0,blob,1,939.7,2493.4,ok,-89.617142,36.111351
LM_24_CARX_20230703_CS_842_838_SORT_ACTUALDEPTHS_INTERP,2023-07-03 00:00:00+00:00,2023,841.0,blob,2,1420.7,2887.1,ok,-89.615924,36.112141
LM_24_CARX_20230703_CS_842_838_SORT_ACTUALDEPTHS_INTERP,2023-07-03 00:00:00+00:00,2023,841.0,blob,3,1791.9,2887.1,ok,-89.61517,36.112943
LM_24_CARX_20230703_CS_842_838_SORT_ACTUALDEPTHS_INTERP,2023-07-03 00:00:00+00:00,2023,841.0,blob,4,2994.2,2624.7,ok,-89.611331,36.113659
LM_24_CARX_20230703_CS_842_838_SORT_ACTUALDEPTHS_INTERP,2023-07-03 00:00:00+00:00,2023,841.0,blob,5,4575.2,1837.3,ok,-89.606056,36.114333
LM_24_CARX_20230703_CS_842_838_SORT_ACTUALDEPTHS_INTERP,2023-07-03 00:00:00+00:00,2023,841.0,blob,6,5481.6,1804.5,ok,-89.603147,36.115074
LM_24_CARX_20230703_CS_842_838_SORT_ACTUALDEPTHS_INTERP,2023-07-03 00:00:00+00:00,2023,841.0,blob,7,6304.0,1837.3,ok,-89.600533,36.115824
LM_24_CARX_20230703_CS_842_838_SORT_ACTUALDEPTHS_INTERP,2023-07-03 00:00:00+00:00,2023,841.0,blob,8,7104.5,1410.8,ok,-89.598004,36.116576
LM_24_CARX_20230703_CS_842_838_SORT_ACTUALDEPTHS_INTERP,2023-07-03 00:00:00+00:00,2023,841.0,blob,9,7637.3,1542.0,ok,-89.59649,36.117357
LM_24_CARX_20230703_CS_842_838_SORT_ACTUALDEPTHS_INTERP,2023-07-03 00:00:00+00:00,2023,841.0,blob,10,8181.0,1902.9,ok,-89.594933,36.118137
LM_24_CARX_20230703_CS_842_838_SORT_ACTUALDEPTHS_INTERP,2023-07-03 00:00:00+00:00,2023,841.0,blob,11,8775.2,1870.1,ok,-89.593164,36.11891
LM_24_CARX_20230703_CS_842_838_SORT_ACTUALDEPTHS_INTERP,2023-07-03 00:00:00+00:00,2023,841.0,blob,12,9268.2,1804.5,ok,-89.591818,36.119696
LM_24_CARX_20230703_CS_842_838_SORT_ACTUALDEPTHS_INTERP,2023-07-03 00:00:00+00:00,2023,841.0,blob,13,9648.1,1870.1,ok,-89.591022,36.120497
LM_24_CARX_20230703_CS_842_838_SORT_ACTUALDEPTHS_INTERP,2023-07-03 00:00:00+00:00,2023,841.0,blob,14,10019.3,1738.8,ok,-89.590268,36.1213
LM_24_CARX_20230703_CS_842_838_SORT_ACTUALDEPTHS_INTERP,2023-07-03 00:00:00+00:00,2023,841.0,blob,15,10426.2,1771.7,ok,-89.589303,36.122096
LM_24_CARX_20230703_CS_842_838_SORT_ACTUALDEPTHS_INTERP,2023-07-03 00:00:00+00:00,2023,841.0,blob,16,10841.8,1771.7,ok,-89.588295,36.122891
LM_24_CARX_20230703_CS_842_838_SORT_ACTUALDEPTHS_INTERP,2023-07-03 00:00:00+00:00,2023,841.0,blob,17,11249.2,1542.0,ok,-89.587329,36.123688
LM_24_CARX_20230703_CS_842_838_SORT_ACTUALDEPTHS_INTERP,2023-07-03 00:00:00+00:00,2023,841.0,blob,18,11639.7,1509.2,ok,-89.586449,36.124487
LM_24_CARX_20230703_CS_842_838_SORT_ACTUALDEPTHS_INTERP,2023-07-03 00:00:00+00:00,2023,841.0,blob,19,11987.1,1607.6,ok,-89.585906,36.125295
LM_24_CARX_20230703_CS_842_838_SORT_ACTUALDEPTHS_INTERP,2023-07-03 00:00:00+00:00,2023,841.0,blob,20,12326.6,1706.0,ok,-89.585405,36.126105
LM_24_CARX_20230703_CS_842_838_SORT_ACTUALDEPTHS_INTERP,2023-07-03 00:00:00+00:00,2023,841.0,blob,21,12668.8,1640.4,ok,-89.584862,36.126913
LM_24_CARX_20230703_CS_842_838_SORT_ACTUALDEPTHS_INTERP,2023-07-03 00:00:00+00:00,2023,841.0,blob,22,12978.0,1640.4,ok,-89.584573,36.127729
LM_24_CARX_20230703_CS_842_838_SORT_ACTUALDEPTHS_INTERP,2023-07-03 00:00:00+00:00,2023,841.0,blob,23,13312.9,1673.2,ok,-89.584072,36.128539
LM_24_CARX_20230703_CS_842_838_SORT_ACTUALDEPTHS_INTERP,2023-07-03 00:00:00+00:00,2023,841.0,blob,24,13645.2,1640.4,ok,-89.583614,36.129349
LM_24_CARX_20230703_CS_842_838_SORT_ACTUALDEPTHS_INTERP,2023-07-03 00:00:00+00:00,2023,841.0,blob,25,14000.8,1902.9,ok,-89.583029,36.130157
LM_24_CARX_20230703_CS_842_838_SORT_ACTUALDEPTHS_INTERP,2023-07-03 00:00:00+00:00,2023,841.0,blob,26,14356.3,1673.2,ok,-89.582444,36.130964
LM_24_CARX_20230703_CS_842_838_SORT_ACTUALDEPTHS_INTERP,2023-07-03 00:00:00+00:00,2023,841.0,blob,27,14663.0,1706.0,ok,-89.582196,36.131781
LM_24_CARX_20230703_CS_842_838_SORT_ACTUALDEPTHS_INTERP,2023-07-03 00:00:00+00:00,2023,841.0,blob,28,14980.1,1706.0,ok,-89.581823,36.132594
LM_24_CARX_20230703_CS_842_838_SORT_ACTUALDEPTHS_INTERP,2023-07-03 00:00:00+00:00,2023,841.0,blob,29,15292.6,1771.7,ok,-89.581575,36.133411
LM_24_CARX_20230703_CS_842_838_SORT_ACTUALDEPTHS_INTERP,2023-07-03 00:00:00+00:00,2023,841.0,blob,30,15600.8,1837.3,ok,-89.581371,36.134229
LM_24_CARX_20230703_CS_842_838_SORT_ACTUALDEPTHS_INTERP,2023-07-03 00:00:00+00:00,2023,841.0,blob,31,15910.9,1804.5,ok,-89.581081,36.135045
LM_24_CARX_20230703_CS_842_838_SORT_ACTUALDEPTHS_INTERP,2023-07-03 00:00:00+00:00,2023,841.0,blob,32,16217.6,1804.5,ok,-89.580834,36.135862
LM_24_CARX_20230703_CS_842_838_SORT_ACTUALDEPTHS_INTERP,2023-07-03 00:00:00+00:00,2023,841.0,blob,33,16524.3,1837.3,ok,-89.580587,36.136679
LM_24_CARX_20230703_CS_842_838_SORT_ACTUALDEPTHS_INTERP,2023-07-03 00:00:00+00:00,2023,841.0,blob,34,16831.0,1804.5,ok,-89.58034,36.137495
LM_24_CARX_20230703_CS_842_838_SORT_ACTUALDEPTHS_INTERP,2023-07-03 00:00:00+00:00,2023,841.0,blob,35,17136.1,1771.7,ok,-89.580135,36.138314
LM_24_CARX_20230703_CS_842_838_SORT_ACTUALDEPTHS_INTERP,2023-07-03 00:00:00+00:00,2023,841.0,blob,36,17437.2,1804.5,ok,-89.580015,36.139134
LM_24_CARX_20230703_CS_842_838_SORT_ACTUALDEPTHS_INTERP,2023-07-03 00:00:00+00:00,2023,841.0,blob,37,17799.8,2066.9,ok,-89.580444,36.13997
LM_24_CARX_20230703_CS_842_838_SORT_ACTUALDEPTHS_INTERP,2023-07-03 00:00:00+00:00,2023,841.0,blob,38,18166.6,2099.7,ok,-89.581042,36.140811
LM_24_CARX_20230703_CS_842_838_SORT_ACTUALDEPTHS_INTERP,2023-07-03 00:00:00+00:00,2023,841.0,blob,39,18483.7,2132.5,ok,-89.580922,36.141632
LM_24_CARX_20230703_CS_842_838_SORT_ACTUALDEPTHS_INTERP,2023-07-03 00:00:00+00:00,2023,841.0,blob,40,18796.2,1968.5,ok,-89.580675,36.142449
LM_24_CARX_20230703_CS_842_838_SORT_ACTUALDEPTHS_INTERP,2023-07-03 00:00:00+00:00,2023,841.0,blob,41,19108.7,1870.1,ok,-89.580851,36.143278
LM_24_CARX_20230703_CS_842_838_SORT_ACTUALDEPTHS_INTERP,2023-07-03 00:00:00+00:00,2023,841.0,blob,42,19421.2,1837.3,ok,-89.581026,36.144107
LM_24_CARX_20230703_CS_842_838_SORT_ACTUALDEPTHS_INTERP,2023-07-03 00:00:00+00:00,2023,841.0,blob,43,19738.9,1804.5,ok,-89.581244,36.144937
LM_24_CARX_20230703_CS_842_838_SORT_ACTUALDEPTHS_INTERP,2023-07-03 00:00:00+00:00,2023,841.0,blob,44,20086.9,1870.1,ok,-89.5818,36.145777
LM_24_CARX_20230703_CS_842_838_SORT_ACTUALDEPTHS_INTERP,2023-07-03 00:00:00+00:00,2023,841.0,blob,45,20417.1,1870.1,ok,-89.582103,36.146609
LM_24_CARX_20230703_CS_842_838_SORT_ACTUALDEPTHS_INTERP,2023-07-03 00:00:00+00:00,2023,841.0,blob,46,20747.4,1804.5,ok,-89.582405,36.147442
LM_24_CARX_20230703_CS_842_838_SORT_ACTUALDEPTHS_INTERP,2023-07-03 00:00:00+00:00,2023,841.0,blob,47,21082.3,1837.3,ok,-89.582835,36.148278
LM_24_CARX_20230703_CS_842_838_SORT_ACTUALDEPTHS_INTERP,2023-07-03 00:00:00+00:00,2023,841.0,blob,48,21417.2,1804.5,ok,-89.583264,36.149114
LM_24_CARX_20230703_CS_842_838_SORT_ACTUALDEPTHS_INTERP,2023-07-03 00:00:00+00:00,2023,841.0,blob,49,21755.6,1804.5,ok,-89.583735,36.149952
LM_24_CARX_20230703_CS_842_838_SORT_ACTUALDEPTHS_INTERP,2023-07-03 00:00:00+00:00,2023,841.0,blob,50,22483.8,2493.4,ok,-89.585729,36.150833
LM_24_CARX_20230703_CS_842_838_SORT_ACTUALDEPTHS_INTERP,2023-07-03 00:00:00+00:00,2023,841.0,blob,51,23334.8,2919.9,ok,-89.588357,36.151731
LM_24_CARX_20230703_CS_842_838_SORT_ACTUALDEPTHS_INTERP,2023-07-03 00:00:00+00:00,2023,841.0,blob,52,23886.1,3149.6,ok,-89.589886,36.152599
LM_24_CARX_20230703_CS_842_838_SORT_ACTUALDEPTHS_INTERP,2023-07-03 00:00:00+00:00,2023,841.0,blob,53,24307.1,2493.4,ok,-89.590653,36.153445
LM_24_CARX_20230703_CS_842_838_SORT_ACTUALDEPTHS_INTERP,2023-07-03 00:00:00+00:00,2023,841.0,blob,54,24678.7,2263.8,ok,-89.59121,36.154285
LM_24_CARX_20230703_CS_842_838_SORT_ACTUALDEPTHS_INTERP,2023-07-03 00:00:00+00:00,2023,841.0,blob,55,25222.7,3215.2,waypoint,-89.591526,36.155581
LM_24_CARX_20230703_CS_842_838_SORT_ACTUALDEPTHS_INTERP,2023-07-03 00:00:00+00:00,2023,841.0,blob,56,26180.8,2559.1,waypoint,-89.592259,36.158014
LM_23_OSCX_20230603_CS_792_788_SORT_LWRP_INTERP,2023-06-03 00:00:00+00:00,2023,791.0,blob,0,180.3,1870.1,ok,-89.931154,35.728766
LM_23_OSCX_20230603_CS_792_788_SORT_LWRP_INTERP,2023-06-03 00:00:00+00:00,2023,791.0,blob,1,534.2,1870.1,ok,-89.930125,35.729255
LM_23_OSCX_20230603_CS_792_788_SORT_LWRP_INTERP,2023-06-03 00:00:00+00:00,2023,791.0,blob,2,875.6,1902.9,ok,-89.929098,35.729675
LM_23_OSCX_20230603_CS_792_788_SORT_LWRP_INTERP,2023-06-03 00:00:00+00:00,2023,791.0,blob,3,1205.8,1968.5,ok,-89.928074,35.730027
LM_23_OSCX_20230603_CS_792_788_SORT_LWRP_INTERP,2023-06-03 00:00:00+00:00,2023,791.0,blob,4,1530.8,2001.3,ok,-89.927051,35.730344
LM_23_OSCX_20230603_CS_792_788_SORT_LWRP_INTERP,2023-06-03 00:00:00+00:00,2023,791.0,blob,5,1845.3,2198.2,ok,-89.926037,35.730421
LM_23_OSCX_20230603_CS_792_788_SORT_LWRP_INTERP,2023-06-03 00:00:00+00:00,2023,791.0,blob,6,2227.9,2132.5,ok,-89.925012,35.730807
LM_23_OSCX_20230603_CS_792_788_SORT_LWRP_INTERP,2023-06-03 00:00:00+00:00,2023,791.0,blob,7,2653.6,1870.1,ok,-89.92397,35.731604
LM_23_OSCX_20230603_CS_792_788_SORT_LWRP_INTERP,2023-06-03 00:00:00+00:00,2023,791.0,blob,8,3003.5,1870.1,ok,-89.922944,35.732024
LM_23_OSCX_20230603_CS_792_788_SORT_LWRP_INTERP,2023-06-03 00:00:00+00:00,2023,791.0,blob,9,3338.4,1902.9,ok,-89.921919,35.732376
LM_23_OSCX_20230603_CS_792_788_SORT_LWRP_INTERP,2023-06-03 00:00:00+00:00,2023,791.0,blob,10,3692.3,1607.6,ok,-89.92089,35.732864
LM_23_OSCX_20230603_CS_792_788_SORT_LWRP_INTERP,2023-06-03 00:00:00+00:00,2023,791.0,blob,11,4024.1,1542.0,ok,-89.919866,35.733216
LM_23_OSCX_20230603_CS_792_788_SORT_LWRP_INTERP,2023-06-03 00:00:00+00:00,2023,791.0,blob,12,4349.9,2001.3,ok,-89.918859,35.733121
LM_23_OSCX_20230603_CS_792_788_SORT_LWRP_INTERP,2023-06-03 00:00:00+00:00,2023,791.0,blob,13,4697.9,2427.8,ok,-89.917867,35.732615
LM_23_OSCX_20230603_CS_792_788_SORT_LWRP_INTERP,2023-06-03 00:00:00+00:00,2023,791.0,blob,14,5051.9,1345.1,ok,-89.916859,35.732555
LM_23_OSCX_20230603_CS_792_788_SORT_LWRP_INTERP,2023-06-03 00:00:00+00:00,2023,791.0,blob,15,5475.5,1509.2,ok,-89.915819,35.733318
LM_23_OSCX_20230603_CS_792_788_SORT_LWRP_INTERP,2023-06-03 00:00:00+00:00,2023,791.0,blob,16,5880.1,1312.3,ok,-89.914784,35.733944
LM_23_OSCX_20230603_CS_792_788_SORT_LWRP_INTERP,2023-06-03 00:00:00+00:00,2023,791.0,blob,17,6189.4,1246.7,ok,-89.913766,35.734124
LM_23_OSCX_20230603_CS_792_788_SORT_LWRP_INTERP,2023-06-03 00:00:00+00:00,2023,791.0,blob,18,6496.0,1509.2,ok,-89.912755,35.734132
LM_23_OSCX_20230603_CS_792_788_SORT_LWRP_INTERP,2023-06-03 00:00:00+00:00,2023,791.0,blob,19,6821.8,1476.4,ok,-89.911739,35.734278
LM_23_OSCX_20230603_CS_792_788_SORT_LWRP_INTERP,2023-06-03 00:00:00+00:00,2023,791.0,blob,20,7153.5,1213.9,ok,-89.910715,35.734629
LM_23_OSCX_20230603_CS_792_788_SORT_LWRP_INTERP,2023-06-03 00:00:00+00:00,2023,791.0,blob,21,7469.8,1148.3,ok,-89.909694,35.734878
LM_23_OSCX_20230603_CS_792_788_SORT_LWRP_INTERP,2023-06-03 00:00:00+00:00,2023,791.0,blob,22,7795.6,1574.8,ok,-89.908671,35.735195
LM_23_OSCX_20230603_CS_792_788_SORT_LWRP_INTERP,2023-06-03 00:00:00+00:00,2023,791.0,blob,23,8125.8,1213.9,ok,-89.907647,35.735546
LM_23_OSCX_20230603_CS_792_788_SORT_LWRP_INTERP,2023-06-03 00:00:00+00:00,2023,791.0,blob,24,8446.4,1213.9,ok,-89.906625,35.735829
LM_23_OSCX_20230603_CS_792_788_SORT_LWRP_INTERP,2023-06-03 00:00:00+00:00,2023,791.0,blob,25,8762.6,1312.3,ok,-89.905605,35.736077
LM_23_OSCX_20230603_CS_792_788_SORT_LWRP_INTERP,2023-06-03 00:00:00+00:00,2023,791.0,blob,26,9101.0,1738.8,ok,-89.904579,35.736463
LM_23_OSCX_20230603_CS_792_788_SORT_LWRP_INTERP,2023-06-03 00:00:00+00:00,2023,791.0,blob,27,9435.9,1640.4,ok,-89.903555,35.736814
LM_23_OSCX_20230603_CS_792_788_SORT_LWRP_INTERP,2023-06-03 00:00:00+00:00,2023,791.0,blob,28,9741.1,1673.2,ok,-89.90254,35.736925
LM_23_OSCX_20230603_CS_792_788_SORT_LWRP_INTERP,2023-06-03 00:00:00+00:00,2023,791.0,blob,29,10071.8,2165.4,ok,-89.90154,35.736659
LM_23_OSCX_20230603_CS_792_788_SORT_LWRP_INTERP,2023-06-03 00:00:00+00:00,2023,791.0,blob,30,10432.4,2493.4,ok,-89.900551,35.736084
LM_23_OSCX_20230603_CS_792_788_SORT_LWRP_INTERP,2023-06-03 00:00:00+00:00,2023,791.0,blob,31,10763.2,2099.7,ok,-89.899553,35.73575
LM_23_OSCX_20230603_CS_792_788_SORT_LWRP_INTERP,2023-06-03 00:00:00+00:00,2023,791.0,blob,32,11081.4,2362.2,ok,-89.898553,35.735483
LM_23_OSCX_20230603_CS_792_788_SORT_LWRP_INTERP,2023-06-03 00:00:00+00:00,2023,791.0,blob,33,11444.4,2001.3,ok,-89.897538,35.735595
LM_23_OSCX_20230603_CS_792_788_SORT_LWRP_INTERP,2023-06-03 00:00:00+00:00,2023,791.0,blob,34,11791.7,1804.5,ok,-89.896512,35.73598
LM_23_OSCX_20230603_CS_792_788_SORT_LWRP_INTERP,2023-06-03 00:00:00+00:00,2023,791.0,blob,35,12095.9,1804.5,ok,-89.895497,35.736091
LM_23_OSCX_20230603_CS_792_788_SORT_LWRP_INTERP,2023-06-03 00:00:00+00:00,2023,791.0,blob,36,12406.0,1771.7,ok,-89.89448,35.736271
LM_23_OSCX_20230603_CS_792_788_SORT_LWRP_INTERP,2023-06-03 00:00:00+00:00,2023,791.0,blob,37,12716.2,1968.5,ok,-89.893467,35.736314
LM_23_OSCX_20230603_CS_792_788_SORT_LWRP_INTERP,2023-06-03 00:00:00+00:00,2023,791.0,blob,38,13030.8,2231.0,ok,-89.892467,35.736047
LM_23_OSCX_20230603_CS_792_788_SORT_LWRP_INTERP,2023-06-03 00:00:00+00:00,2023,791.0,blob,39,13366.9,2329.4,ok,-89.891473,35.73561
LM_23_OSCX_20230603_CS_792_788_SORT_LWRP_INTERP,2023-06-03 00:00:00+00:00,2023,791.0,blob,40,13698.7,2132.5,ok,-89.890478,35.735206
LM_23_OSCX_20230603_CS_792_788_SORT_LWRP_INTERP,2023-06-03 00:00:00+00:00,2023,791.0,blob,41,14014.9,1968.5,ok,-89.889479,35.734906
LM_23_OSCX_20230603_CS_792_788_SORT_LWRP_INTERP,2023-06-03 00:00:00+00:00,2023,791.0,blob,42,14325.1,1804.5,ok,-89.888472,35.734811
LM_23_OSCX_20230603_CS_792_788_SORT_LWRP_INTERP,2023-06-03 00:00:00+00:00,2023,791.0,blob,43,14639.7,1902.9,ok,-89.887453,35.735025
LM_23_OSCX_20230603_CS_792_788_SORT_LWRP_INTERP,2023-06-03 00:00:00+00:00,2023,791.0,blob,44,14956.8,1476.4,ok,-89.886441,35.735067
LM_23_OSCX_20230603_CS_792_788_SORT_LWRP_INTERP,2023-06-03 00:00:00+00:00,2023,791.0,blob,45,15323.6,2099.7,ok,-89.885419,35.73535
LM_23_OSCX_20230603_CS_792_788_SORT_LWRP_INTERP,2023-06-03 00:00:00+00:00,2023,791.0,blob,46,15730.9,2329.4,ok,-89.88438,35.736078
LM_23_OSCX_20230603_CS_792_788_SORT_LWRP_INTERP,2023-06-03 00:00:00+00:00,2023,791.0,blob,47,16088.7,2329.4,ok,-89.88335,35.736567
LM_23_OSCX_20230603_CS_792_788_SORT_LWRP_INTERP,2023-06-03 00:00:00+00:00,2023,791.0,blob,48,16413.7,2460.6,ok,-89.88234,35.73654
LM_23_OSCX_20230603_CS_792_788_SORT_LWRP_INTERP,2023-06-03 00:00:00+00:00,2023,791.0,blob,49,16726.2,2034.1,ok,-89.881337,35.736343
LM_23_OSCX_20230603_CS_792_788_SORT_LWRP_INTERP,2023-06-03 00:00:00+00:00,2023,791.0,blob,50,17043.9,2296.6,ok,-89.88032,35.736522
LM_23_OSCX_20230603_CS_792_788_SORT_LWRP_INTERP,2023-06-03 00:00:00+00:00,2023,791.0,blob,51,17363.7,2296.6,ok,-89.879304,35.736633
LM_23_OSCX_20230603_CS_792_788_SORT_LWRP_INTERP,2023-06-03 00:00:00+00:00,2023,791.0,blob,52,17666.3,2198.2,ok,-89.878299,35.736504
LM_23_OSCX_20230603_CS_792_788_SORT_LWRP_INTERP,2023-06-03 00:00:00+00:00,2023,791.0,blob,53,17971.4,2165.4,ok,-89.877294,35.736341
LM_23_OSCX_20230603_CS_792_788_SORT_LWRP_INTERP,2023-06-03 00:00:00+00:00,2023,791.0,blob,54,18276.0,2034.1,ok,-89.876289,35.736212
LM_23_OSCX_20230603_CS_792_788_SORT_LWRP_INTERP,2023-06-03 00:00:00+00:00,2023,791.0,blob,55,18578.1,1968.5,ok,-89.875282,35.736117
LM_23_OSCX_20230603_CS_792_788_SORT_LWRP_INTERP,2023-06-03 00:00:00+00:00,2023,791.0,blob,56,19076.8,2690.3,ok,-89.874241,35.73688
LM_23_OSCX_20230603_CS_792_788_SORT_LWRP_INTERP,2023-06-03 00:00:00+00:00,2023,791.0,blob,57,19626.9,2263.8,ok,-89.873183,35.738088
LM_23_OSCX_20230603_CS_792_788_SORT_LWRP_INTERP,2023-06-03 00:00:00+00:00,2023,791.0,blob,58,20080.9,2854.3,waypoint,-89.872208,35.739031
LM_23_OSCX_20230603_CS_792_788_SORT_LWRP_INTERP,2023-06-03 00:00:00+00:00,2023,791.0,blob,59,20653.9,2198.2,waypoint,-89.870792,35.740024
LM_23_OSCX_20230603_CS_792_788_SORT_LWRP_INTERP,2023-06-03 00:00:00+00:00,2023,791.0,blob,60,21526.6,1902.9,waypoint,-89.868013,35.740726
LM_23_OSCX_20230603_CS_792_788_SORT_LWRP_INTERP,2023-06-03 00:00:00+00:00,2023,791.0,blob,61,22440.1,1312.3,waypoint,-89.865026,35.741307
LM_23_OSCX_20230603_CS_792_788_SORT_LWRP_INTERP,2023-06-03 00:00:00+00:00,2023,791.0,blob,62,23150.1,1181.1,waypoint,-89.862691,35.741545
LM_23_OSCX_20230603_CS_792_788_SORT_LWRP_INTERP,2023-06-03 00:00:00+00:00,2023,791.0,blob,63,23784.5,1246.7,waypoint,-89.860596,35.74171
LM_23_OSCX_20230603_CS_792_788_SORT_LWRP_INTERP,2023-06-03 00:00:00+00:00,2023,791.0,blob,64,24414.3,1345.1,waypoint,-89.858518,35.742011
LM_23_OSCX_20230603_CS_792_788_SORT_LWRP_INTERP,2023-06-03 00:00:00+00:00,2023,791.0,blob,65,25043.4,1509.2,waypoint,-89.856506,35.742445
LM_23_OSCX_20230603_CS_792_788_SORT_LWRP_INTERP,2023-06-03 00:00:00+00:00,2023,791.0,blob,66,25625.0,1410.8,waypoint,-89.854667,35.742946
LM_23_OSCX_20230603_CS_792_788_SORT_LWRP_INTERP,2023-06-03 00:00:00+00:00,2023,791.0,blob,67,26200.6,1542.0,waypoint,-89.852746,35.743124
LM_23_OSCX_20230603_CS_792_788_SORT_LWRP_INTERP,2023-06-03 00:00:00+00:00,2023,791.0,blob,68,26964.7,1771.7,waypoint,-89.850342,35.742567
LM_23_OSCX_20230603_CS_792_788_SORT_LWRP_INTERP,2023-06-03 00:00:00+00:00,2023,791.0,blob,69,27861.7,1607.6,waypoint,-89.847545,35.742295
LM_23_OSCX_20230603_CS_792_788_SORT_LWRP_INTERP,2023-06-03 00:00:00+00:00,2023,791.0,blob,70,28537.2,1738.8,waypoint,-89.845386,35.742348
LM_23_OSCX_20230603_CS_792_788_SORT_LWRP_INTERP,2023-06-03 00:00:00+00:00,2023,791.0,blob,71,29226.5,1837.3,waypoint,-89.843144,35.742268
LM_23_OSCX_20230603_CS_792_788_SORT_LWRP_INTERP,2023-06-03 00:00:00+00:00,2023,791.0,blob,72,30034.6,1542.0,waypoint,-89.840444,35.742362
LM_23_OSCX_20230413_CS_785_SORT_LWRP_INTERP,2023-04-13 00:00:00+00:00,2023,785.0,blob,0,258.9,1443.6,waypoint,-89.9376,35.668965
LM_23_OSCX_20230413_CS_785_SORT_LWRP_INTERP,2023-04-13 00:00:00+00:00,2023,785.0,blob,1,855.7,1706.0,waypoint,-89.937904,35.670573
LM_23_OSCX_20230413_CS_785_SORT_LWRP_INTERP,2023-04-13 00:00:00+00:00,2023,785.0,blob,2,1558.4,2066.9,waypoint,-89.938124,35.672492
LM_23_OSCX_20230413_CS_785_SORT_LWRP_INTERP,2023-04-13 00:00:00+00:00,2023,785.0,blob,3,2184.2,1640.4,waypoint,-89.938328,35.6742
LM_23_OSCX_20230413_CS_785_SORT_LWRP_INTERP,2023-04-13 00:00:00+00:00,2023,785.0,blob,4,2647.5,1574.8,waypoint,-89.938667,35.675415
LM_23_OSCX_20230413_CS_785_SORT_LWRP_INTERP,2023-04-13 00:00:00+00:00,2023,785.0,blob,5,3066.4,2165.4,waypoint,-89.939654,35.67611
LM_23_OSCX_20230413_CS_785_SORT_LWRP_INTERP,2023-04-13 00:00:00+00:00,2023,785.0,blob,6,3549.4,1706.0,waypoint,-89.9411,35.676696
LM_23_OSCX_20230413_CS_785_SORT_LWRP_INTERP,2023-04-13 00:00:00+00:00,2023,785.0,blob,7,4152.0,1410.8,waypoint,-89.942329,35.677926
LM_23_OSCX_20230413_CS_785_SORT_LWRP_INTERP,2023-04-13 00:00:00+00:00,2023,785.0,blob,8,4827.8,1443.6,waypoint,-89.943306,35.679601
LM_23_OSCX_20230413_CS_785_SORT_LWRP_INTERP,2023-04-13 00:00:00+00:00,2023,785.0,blob,9,5560.7,1181.1,waypoint,-89.94411,35.681489
LM_23_OSCX_20230413_CS_785_SORT_LWRP_INTERP,2023-04-13 00:00:00+00:00,2023,785.0,blob,10,6212.9,1706.0,waypoint,-89.944763,35.683191
LM_19_MEMX_20230920_CS_743_735_SORT_ACTUALDEPTHS_INTERP,2023-09-20 00:00:00+00:00,2023,741.0,blob,0,150.5,1279.5,ok,-90.059499,35.185558
LM_19_MEMX_20230920_CS_743_735_SORT_ACTUALDEPTHS_INTERP,2023-09-20 00:00:00+00:00,2023,741.0,blob,1,459.2,1312.3,ok,-90.059678,35.186386
LM_19_MEMX_20230920_CS_743_735_SORT_ACTUALDEPTHS_INTERP,2023-09-20 00:00:00+00:00,2023,741.0,blob,2,767.8,1049.9,ok,-90.059857,35.187215
LM_19_MEMX_20230920_CS_743_735_SORT_ACTUALDEPTHS_INTERP,2023-09-20 00:00:00+00:00,2023,741.0,blob,3,1072.9,1049.9,ok,-90.059995,35.188042
LM_19_MEMX_20230920_CS_743_735_SORT_ACTUALDEPTHS_INTERP,2023-09-20 00:00:00+00:00,2023,741.0,blob,4,1379.6,984.3,ok,-90.060174,35.188871
LM_19_MEMX_20230920_CS_743_735_SORT_ACTUALDEPTHS_INTERP,2023-09-20 00:00:00+00:00,2023,741.0,blob,5,1681.7,1017.1,ok,-90.060228,35.189696
LM_19_MEMX_20230920_CS_743_735_SORT_ACTUALDEPTHS_INTERP,2023-09-20 00:00:00+00:00,2023,741.0,blob,6,1986.3,1049.9,ok,-90.060324,35.190523
LM_19_MEMX_20230920_CS_743_735_SORT_ACTUALDEPTHS_INTERP,2023-09-20 00:00:00+00:00,2023,741.0,blob,7,2295.5,1181.1,ok,-90.060545,35.191352
LM_19_MEMX_20230920_CS_743_735_SORT_ACTUALDEPTHS_INTERP,2023-09-20 00:00:00+00:00,2023,741.0,blob,8,2602.2,1312.3,ok,-90.060724,35.192181
LM_19_MEMX_20230920_CS_743_735_SORT_ACTUALDEPTHS_INTERP,2023-09-20 00:00:00+00:00,2023,741.0,blob,9,2904.3,1443.6,ok,-90.060778,35.193006
LM_19_MEMX_20230920_CS_743_735_SORT_ACTUALDEPTHS_INTERP,2023-09-20 00:00:00+00:00,2023,741.0,blob,10,3204.3,1509.2,ok,-90.060748,35.19383
LM_19_MEMX_20230920_CS_743_735_SORT_ACTUALDEPTHS_INTERP,2023-09-20 00:00:00+00:00,2023,741.0,blob,11,3549.5,1771.7,ok,-90.061137,35.194663
LM_19_MEMX_20230920_CS_743_735_SORT_ACTUALDEPTHS_INTERP,2023-09-20 00:00:00+00:00,2023,741.0,blob,12,4004.9,2165.4,ok,-90.062235,35.195514
LM_19_MEMX_20230920_CS_743_735_SORT_ACTUALDEPTHS_INTERP,2023-09-20 00:00:00+00:00,2023,741.0,blob,13,4427.5,1771.7,ok,-90.063125,35.19636
LM_19_MEMX_20230920_CS_743_735_SORT_ACTUALDEPTHS_INTERP,2023-09-20 00:00:00+00:00,2023,741.0,blob,14,4752.5,1148.3,ok,-90.063514,35.197193
LM_19_MEMX_20230920_CS_743_735_SORT_ACTUALDEPTHS_INTERP,2023-09-20 00:00:00+00:00,2023,741.0,blob,15,5065.0,1279.5,ok,-90.063693,35.198022
LM_19_MEMX_20230920_CS_743_735_SORT_ACTUALDEPTHS_INTERP,2023-09-20 00:00:00+00:00,2023,741.0,blob,16,5445.5,1181.1,ok,-90.064249,35.19886
LM_19_MEMX_20230920_CS_743_735_SORT_ACTUALDEPTHS_INTERP,2023-09-20 00:00:00+00:00,2023,741.0,blob,17,5828.1,951.4,ok,-90.064888,35.199699
LM_19_MEMX_20230920_CS_743_735_SORT_ACTUALDEPTHS_INTERP,2023-09-20 00:00:00+00:00,2023,741.0,blob,18,6147.8,984.3,ok,-90.065192,35.200531
LM_19_MEMX_20230920_CS_743_735_SORT_ACTUALDEPTHS_INTERP,2023-09-20 00:00:00+00:00,2023,741.0,blob,19,6565.5,1082.7,ok,-90.066082,35.201377
LM_19_MEMX_20230920_CS_743_735_SORT_ACTUALDEPTHS_INTERP,2023-09-20 00:00:00+00:00,2023,741.0,blob,20,6978.0,1542.0,ok,-90.066513,35.202211
LM_19_MEMX_20230920_CS_743_735_SORT_ACTUALDEPTHS_INTERP,2023-09-20 00:00:00+00:00,2023,741.0,blob,21,7298.7,1049.9,ok,-90.066441,35.203034
LM_19_MEMX_20230920_CS_743_735_SORT_ACTUALDEPTHS_INTERP,2023-09-20 00:00:00+00:00,2023,741.0,blob,22,7614.9,1279.5,ok,-90.066411,35.203857
LM_19_MEMX_20230920_CS_743_735_SORT_ACTUALDEPTHS_INTERP,2023-09-20 00:00:00+00:00,2023,741.0,blob,23,8071.6,2296.6,waypoint,-90.067005,35.204782
LM_19_MEMX_20230920_CS_743_735_SORT_ACTUALDEPTHS_INTERP,2023-09-20 00:00:00+00:00,2023,741.0,blob,24,8911.2,1935.7,waypoint,-90.06829,35.206725
LM_19_MEMX_20230920_CS_743_735_SORT_ACTUALDEPTHS_INTERP,2023-09-20 00:00:00+00:00,2023,741.0,blob,25,10072.5,2985.6,waypoint,-90.068008,35.209724
LM_19_MEMX_20230920_CS_743_735_SORT_ACTUALDEPTHS_INTERP,2023-09-20 00:00:00+00:00,2023,741.0,blob,26,11371.9,1837.3,waypoint,-90.067685,35.213123
LM_19_MEMX_20230920_CS_743_735_SORT_ACTUALDEPTHS_INTERP,2023-09-20 00:00:00+00:00,2023,741.0,blob,27,12636.0,1804.5,waypoint,-90.06891,35.216429
LM_19_MEMX_20230920_CS_743_735_SORT_ACTUALDEPTHS_INTERP,2023-09-20 00:00:00+00:00,2023,741.0,blob,28,13620.5,1640.4,waypoint,-90.069956,35.218982
LM_19_MEMX_20230920_CS_743_735_SORT_ACTUALDEPTHS_INTERP,2023-09-20 00:00:00+00:00,2023,741.0,blob,29,14504.2,1640.4,waypoint,-90.071213,35.22112
LM_19_MEMX_20230920_CS_743_735_SORT_ACTUALDEPTHS_INTERP,2023-09-20 00:00:00+00:00,2023,741.0,blob,30,15500.6,1738.8,waypoint,-90.073486,35.223098
LM_19_MEMX_20230920_CS_743_735_SORT_ACTUALDEPTHS_INTERP,2023-09-20 00:00:00+00:00,2023,741.0,blob,31,16729.8,2329.4,waypoint,-90.07683,35.225047
LM_19_MEMX_20230920_CS_743_735_SORT_ACTUALDEPTHS_INTERP,2023-09-20 00:00:00+00:00,2023,741.0,blob,32,18035.7,2460.6,waypoint,-90.080468,35.227032
LM_19_MEMX_20230920_CS_743_735_SORT_ACTUALDEPTHS_INTERP,2023-09-20 00:00:00+00:00,2023,741.0,blob,33,19227.6,2427.8,waypoint,-90.083344,35.229259
LM_19_MEMX_20230920_CS_743_735_SORT_ACTUALDEPTHS_INTERP,2023-09-20 00:00:00+00:00,2023,741.0,blob,34,20368.3,2066.9,waypoint,-90.08564,35.231758
LM_19_MEMX_20230920_CS_743_735_SORT_ACTUALDEPTHS_INTERP,2023-09-20 00:00:00+00:00,2023,741.0,blob,35,21334.1,2132.5,waypoint,-90.087494,35.23393
LM_19_MEMX_20230920_CS_743_735_SORT_ACTUALDEPTHS_INTERP,2023-09-20 00:00:00+00:00,2023,741.0,blob,36,22443.3,2296.6,waypoint,-90.088398,35.236754
LM_19_MEMX_20230920_CS_743_735_SORT_ACTUALDEPTHS_INTERP,2023-09-20 00:00:00+00:00,2023,741.0,blob,37,23658.1,2296.6,waypoint,-90.088815,35.240061
LM_19_MEMX_20230920_CS_743_735_SORT_ACTUALDEPTHS_INTERP,2023-09-20 00:00:00+00:00,2023,741.0,blob,38,24731.3,1870.1,waypoint,-90.089682,35.242918
LM_19_MEMX_20230920_CS_743_735_SORT_ACTUALDEPTHS_INTERP,2023-09-20 00:00:00+00:00,2023,741.0,blob,39,25868.9,1509.2,waypoint,-90.090511,35.245959
LM_19_MEMX_20230920_CS_743_735_SORT_ACTUALDEPTHS_INTERP,2023-09-20 00:00:00+00:00,2023,741.0,blob,40,27024.2,1673.2,waypoint,-90.091441,35.249025
LM_19_MEMX_20230920_CS_743_735_SORT_ACTUALDEPTHS_INTERP,2023-09-20 00:00:00+00:00,2023,741.0,blob,41,28351.2,1345.1,waypoint,-90.093163,35.252379
LM_17_CLDX_20230802_CS_620_621_SORT_LWRP_INTERP,2023-08-02 00:00:00+00:00,2023,621.0,blob,0,158.1,951.4,ok,-90.954118,34.115599
LM_17_CLDX_20230802_CS_620_621_SORT_LWRP_INTERP,2023-08-02 00:00:00+00:00,2023,621.0,blob,1,528.4,1115.5,ok,-90.954428,34.116429
LM_17_CLDX_20230802_CS_620_621_SORT_LWRP_INTERP,2023-08-02 00:00:00+00:00,2023,621.0,blob,2,990.5,1115.5,ok,-90.955564,34.117272
LM_17_CLDX_20230802_CS_620_621_SORT_LWRP_INTERP,2023-08-02 00:00:00+00:00,2023,621.0,blob,3,1408.2,1115.5,ok,-90.956453,34.118112
LM_17_CLDX_20230802_CS_620_621_SORT_LWRP_INTERP,2023-08-02 00:00:00+00:00,2023,621.0,blob,4,1756.2,1082.7,ok,-90.957011,34.118945
LM_17_CLDX_20230802_CS_620_621_SORT_LWRP_INTERP,2023-08-02 00:00:00+00:00,2023,621.0,blob,5,2116.7,1049.9,ok,-90.957652,34.11978
LM_17_CLDX_20230802_CS_620_621_SORT_LWRP_INTERP,2023-08-02 00:00:00+00:00,2023,621.0,blob,6,2470.7,885.8,ok,-90.958251,34.120615
LM_17_CLDX_20230802_CS_620_621_SORT_LWRP_INTERP,2023-08-02 00:00:00+00:00,2023,621.0,blob,7,2812.0,787.4,ok,-90.958768,34.121448
LM_17_CLDX_20230802_CS_620_621_SORT_LWRP_INTERP,2023-08-02 00:00:00+00:00,2023,621.0,blob,8,3142.2,787.4,ok,-90.959203,34.12228
LM_17_CLDX_20230802_CS_620_621_SORT_LWRP_INTERP,2023-08-02 00:00:00+00:00,2023,621.0,blob,9,3472.4,853.0,ok,-90.959637,34.123111
LM_17_CLDX_20230802_CS_620_621_SORT_LWRP_INTERP,2023-08-02 00:00:00+00:00,2023,621.0,blob,10,3807.8,885.8,ok,-90.960113,34.123944
LM_17_CLDX_20230802_CS_620_621_SORT_LWRP_INTERP,2023-08-02 00:00:00+00:00,2023,621.0,blob,11,4143.3,853.0,ok,-90.960588,34.124776
LM_17_CLDX_20230802_CS_620_621_SORT_LWRP_INTERP,2023-08-02 00:00:00+00:00,2023,621.0,blob,12,4469.1,1181.1,ok,-90.960981,34.125607
LM_17_CLDX_20230802_CS_620_621_SORT_LWRP_INTERP,2023-08-02 00:00:00+00:00,2023,621.0,blob,13,4785.3,1312.3,ok,-90.961292,34.126437
LM_17_CLDX_20230802_CS_620_621_SORT_LWRP_INTERP,2023-08-02 00:00:00+00:00,2023,621.0,blob,14,5123.7,1870.1,ok,-90.961768,34.127269
LM_17_CLDX_20230802_CS_620_621_SORT_LWRP_INTERP,2023-08-02 00:00:00+00:00,2023,621.0,blob,15,5400.9,1771.7,waypoint,-90.961967,34.127933
LM_17_CLDX_20230802_CS_620_621_SORT_LWRP_INTERP,2023-08-02 00:00:00+00:00,2023,621.0,blob,16,5760.8,1870.1,waypoint,-90.96196,34.128896
LM_17_CLDX_20230802_CS_620_621_SORT_LWRP_INTERP,2023-08-02 00:00:00+00:00,2023,621.0,blob,17,6322.5,2362.2,waypoint,-90.961431,34.130234
LM_17_CLDX_20230802_CS_620_621_SORT_LWRP_INTERP,2023-08-02 00:00:00+00:00,2023,621.0,blob,18,6910.4,2526.2,waypoint,-90.960064,34.131376
LM_17_CLDX_20230802_CS_620_621_SORT_LWRP_INTERP,2023-08-02 00:00:00+00:00,2023,621.0,blob,19,7548.8,2427.8,waypoint,-90.958512,34.132563
LM_17_CLDX_20230802_CS_620_621_SORT_LWRP_INTERP,2023-08-02 00:00:00+00:00,2023,621.0,blob,20,8264.0,2231.0,waypoint,-90.956843,34.133954
LM_17_CLDX_20230802_CS_620_621_SORT_LWRP_INTERP,2023-08-02 00:00:00+00:00,2023,621.0,blob,21,8990.6,1706.0,waypoint,-90.955346,34.135504
LM_17_CLDX_20230802_CS_620_621_SORT_LWRP_INTERP,2023-08-02 00:00:00+00:00,2023,621.0,blob,22,9636.5,1804.5,waypoint,-90.954056,34.136912
LM_17_CLDX_20230802_CS_620_621_SORT_LWRP_INTERP,2023-08-02 00:00:00+00:00,2023,621.0,blob,23,10252.0,1673.2,waypoint,-90.952591,34.13808
LM_17_CLDX_20230802_CS_620_621_SORT_LWRP_INTERP,2023-08-02 00:00:00+00:00,2023,621.0,blob,24,10790.2,2526.2,waypoint,-90.951246,34.139047
LM_17_CLDX_20230802_CS_620_621_SORT_LWRP_INTERP,2023-08-02 00:00:00+00:00,2023,621.0,blob,25,11402.7,2132.5,waypoint,-90.949697,34.140129
LM_17_CLDX_20230802_CS_620_621_SORT_LWRP_INTERP,2023-08-02 00:00:00+00:00,2023,621.0,blob,26,11899.6,1738.8,waypoint,-90.94842,34.140987
UM_SL_ILC_20260811_BD_1,2026-08-11 00:00:00+00:00,2026,171.0,blob,0,150.5,885.8,ok,-90.268702,38.515928
UM_SL_ILC_20260811_BD_1,2026-08-11 00:00:00+00:00,2026,171.0,blob,1,451.6,951.4,ok,-90.268584,38.516749
UM_SL_ILC_20260811_BD_1,2026-08-11 00:00:00+00:00,2026,171.0,blob,2,769.8,1049.9,ok,-90.268247,38.517565
UM_SL_ILC_20260811_BD_1,2026-08-11 00:00:00+00:00,2026,171.0,blob,3,1095.6,656.2,ok,-90.26778,38.518378
UM_SL_ILC_20260811_BD_1,2026-08-11 00:00:00+00:00,2026,171.0,blob,4,1403.7,721.8,ok,-90.267574,38.519197
UM_SL_ILC_20260811_BD_1,2026-08-11 00:00:00+00:00,2026,171.0,blob,5,1705.8,590.6,ok,-90.267455,38.520018
UM_SL_ILC_20260811_BD_1,2026-08-11 00:00:00+00:00,2026,171.0,blob,6,2025.6,754.6,ok,-90.267075,38.520833
UM_SL_ILC_20260811_BD_1,2026-08-11 00:00:00+00:00,2026,171.0,blob,7,2366.9,787.4,ok,-90.266476,38.521643
UM_SL_ILC_20260811_BD_1,2026-08-11 00:00:00+00:00,2026,171.0,blob,8,2698.7,557.7,ok,-90.265965,38.522455
UM_SL_ILC_20260811_BD_1,2026-08-11 00:00:00+00:00,2026,171.0,blob,9,3011.4,754.6,ok,-90.265628,38.523271
UM_SL_ILC_20260811_BD_1,2026-08-11 00:00:00+00:00,2026,171.0,blob,10,3361.3,820.2,ok,-90.265029,38.524081
UM_SL_ILC_20260811_BD_1,2026-08-11 00:00:00+00:00,2026,171.0,blob,11,3711.2,590.6,ok,-90.264431,38.52489
UM_SL_ILC_20260811_BD_1,2026-08-11 00:00:00+00:00,2026,171.0,blob,12,4023.9,492.1,ok,-90.264094,38.525706
UM_SL_ILC_20260811_BD_1,2026-08-11 00:00:00+00:00,2026,171.0,blob,13,4334.1,426.5,ok,-90.263801,38.526523
UM_SL_ILC_20260811_BD_1,2026-08-11 00:00:00+00:00,2026,171.0,blob,14,4653.9,623.4,ok,-90.26342,38.527338
UM_SL_ILC_20260811_BD_1,2026-08-11 00:00:00+00:00,2026,171.0,blob,15,4984.1,426.5,ok,-90.262909,38.52815
UM_SL_ILC_20260811_BD_1,2026-08-11 00:00:00+00:00,2026,171.0,blob,16,5341.8,820.2,ok,-90.262223,38.528958
UM_SL_ILC_20260811_BD_1,2026-08-11 00:00:00+00:00,2026,171.0,blob,17,5883.7,0.0,ok,-90.260663,38.529745
UM_SL_ILC_20260811_BD_1,2026-08-11 00:00:00+00:00,2026,171.0,blob,18,6460.8,918.6,ok,-90.258929,38.530529
UM_SL_ILC_20260811_BD_1,2026-08-11 00:00:00+00:00,2026,171.0,blob,19,6841.8,787.4,ok,-90.25833,38.531338
UM_SL_ILC_20260811_BD_1,2026-08-11 00:00:00+00:00,2026,171.0,blob,20,7172.6,885.8,ok,-90.257993,38.532154
UM_SL_ILC_20260811_BD_1,2026-08-11 00:00:00+00:00,2026,171.0,blob,21,7515.4,1246.7,ok,-90.257831,38.532974
UM_SL_ILC_20260811_BD_2,2026-08-11 00:00:00+00:00,2026,167.0,blob,0,173.7,1082.7,ok,-90.284528,38.45367
UM_SL_ILC_20260811_BD_2,2026-08-11 00:00:00+00:00,2026,167.0,blob,1,497.8,951.4,ok,-90.284758,38.454499
UM_SL_ILC_20260811_BD_2,2026-08-11 00:00:00+00:00,2026,167.0,blob,2,816.1,984.3,ok,-90.284422,38.455315
UM_SL_ILC_20260811_BD_2,2026-08-11 00:00:00+00:00,2026,167.0,blob,3,1164.0,1049.9,ok,-90.283781,38.456124
UM_SL_ILC_20260811_BD_2,2026-08-11 00:00:00+00:00,2026,167.0,blob,4,1539.6,754.6,ok,-90.283837,38.456949
UM_SL_ILC_20260811_BD_2,2026-08-11 00:00:00+00:00,2026,167.0,blob,5,1884.8,0.0,ok,-90.284242,38.457782
UM_SL_ILC_20260811_BD_2,2026-08-11 00:00:00+00:00,2026,167.0,blob,6,2208.5,393.7,ok,-90.283906,38.458598
UM_SL_ILC_20260811_BD_2,2026-08-11 00:00:00+00:00,2026,167.0,blob,7,2544.6,262.5,ok,-90.283788,38.45942
UM_SL_ILC_20260811_BD_2,2026-08-11 00:00:00+00:00,2026,167.0,blob,8,2869.6,328.1,ok,-90.283757,38.460243
UM_SL_ILC_20260811_BD_2,2026-08-11 00:00:00+00:00,2026,167.0,blob,9,3199.8,787.4,ok,-90.283246,38.461055
UM_SL_ILC_20260811_BD_2,2026-08-11 00:00:00+00:00,2026,167.0,blob,10,3547.8,1049.9,ok,-90.283303,38.46188
UM_SL_ILC_20260811_BD_2,2026-08-11 00:00:00+00:00,2026,167.0,blob,11,3895.8,1017.1,ok,-90.283359,38.462705
UM_SL_ILC_20260811_BD_2,2026-08-11 00:00:00+00:00,2026,167.0,blob,12,4231.2,984.3,ok,-90.282805,38.463516
UM_SL_ILC_20260811_BD_2,2026-08-11 00:00:00+00:00,2026,167.0,blob,13,4579.2,1017.1,ok,-90.282861,38.464341
UM_SL_ILC_20260818_BD_1,2026-08-18 00:00:00+00:00,2026,165.0,blob,0,187.5,951.4,ok,-90.293278,38.423887
UM_SL_ILC_20260818_BD_1,2026-08-18 00:00:00+00:00,2026,165.0,blob,1,548.7,853.0,ok,-90.292549,38.424694
UM_SL_ILC_20260818_BD_1,2026-08-18 00:00:00+00:00,2026,165.0,blob,2,902.6,820.2,ok,-90.291865,38.425502
UM_SL_ILC_20260818_BD_1,2026-08-18 00:00:00+00:00,2026,165.0,blob,3,1245.4,721.8,ok,-90.291267,38.426312
UM_SL_ILC_20260818_BD_1,2026-08-18 00:00:00+00:00,2026,165.0,blob,4,1566.0,1049.9,ok,-90.290844,38.427126
UM_SL_ILC_20260818_BD_1,2026-08-18 00:00:00+00:00,2026,165.0,blob,5,1874.6,1181.1,ok,-90.290682,38.427947
UM_SL_ILC_20260818_BD_1,2026-08-18 00:00:00+00:00,2026,165.0,blob,6,2237.3,885.8,ok,-90.290172,38.428759
UM_SL_ILC_20260818_BD_1,2026-08-18 00:00:00+00:00,2026,165.0,blob,7,2611.9,1082.7,ok,-90.289836,38.429575
UM_SL_ILC_20260818_BD_1,2026-08-18 00:00:00+00:00,2026,165.0,blob,8,2969.7,984.3,ok,-90.289587,38.430393
UM_SL_ILC_20260818_BD_1,2026-08-18 00:00:00+00:00,2026,165.0,blob,9,3332.6,1148.3,ok,-90.288859,38.4312
UM_SL_ILC_20260818_BD_1,2026-08-18 00:00:00+00:00,2026,165.0,blob,10,3687.8,951.4,ok,-90.288174,38.432008
UM_SL_ILC_20260818_BD_1,2026-08-18 00:00:00+00:00,2026,165.0,blob,11,4037.8,1213.9,ok,-90.287533,38.432817
UM_SL_ILC_20260818_BD_1,2026-08-18 00:00:00+00:00,2026,165.0,blob,12,4352.4,1181.1,ok,-90.287197,38.433633
UM_SL_ILC_20260818_BD_1,2026-08-18 00:00:00+00:00,2026,165.0,blob,13,4667.0,1181.1,ok,-90.28686,38.434449
UM_SL_ILC_20260818_BD_2,2026-08-18 00:00:00+00:00,2026,159.0,blob,0,162.5,1082.7,ok,-90.358161,38.360741
UM_SL_ILC_20260818_BD_2,2026-08-18 00:00:00+00:00,2026,159.0,blob,1,537.1,1213.9,ok,-90.357391,38.361548
UM_SL_ILC_20260818_BD_2,2026-08-18 00:00:00+00:00,2026,159.0,blob,2,929.5,1640.4,ok,-90.357187,38.362367
UM_SL_ILC_20260818_BD_2,2026-08-18 00:00:00+00:00,2026,159.0,blob,3,1264.4,1017.1,ok,-90.357374,38.363195
UM_SL_ILC_20260818_BD_2,2026-08-18 00:00:00+00:00,2026,159.0,blob,4,1573.7,1049.9,ok,-90.357083,38.364012
UM_SL_ILC_20260818_BD_2,2026-08-18 00:00:00+00:00,2026,159.0,blob,5,1886.4,1049.9,ok,-90.356748,38.364829
UM_SL_ILC_20260818_BD_2,2026-08-18 00:00:00+00:00,2026,159.0,blob,6,2199.1,1049.9,ok,-90.356413,38.365645
UM_SL_ILC_20260818_BD_2,2026-08-18 00:00:00+00:00,2026,159.0,blob,7,2534.0,1049.9,ok,-90.355904,38.366458
UM_SL_ILC_20260818_BD_2,2026-08-18 00:00:00+00:00,2026,159.0,blob,8,2926.4,1148.3,ok,-90.355003,38.367261
UM_SL_ILC_20260818_BD_2,2026-08-18 00:00:00+00:00,2026,159.0,blob,9,3293.2,1213.9,ok,-90.354581,38.368075
UM_SL_ILC_20260818_BD_2,2026-08-18 00:00:00+00:00,2026,159.0,blob,10,3635.3,1115.5,ok,-90.354289,38.368893
UM_SL_ILC_20260818_BD_2,2026-08-18 00:00:00+00:00,2026,159.0,blob,11,4003.1,1082.7,ok,-90.353519,38.369699
UM_SL_ILC_20260818_BD_2,2026-08-18 00:00:00+00:00,2026,159.0,blob,12,4341.5,1082.7,ok,-90.353314,38.370518
UM_SL_ILC_20260820_BD_1,2026-08-20 00:00:00+00:00,2026,161.0,blob,0,162.5,820.2,ok,-90.346082,38.385194
UM_SL_ILC_20260820_BD_1,2026-08-20 00:00:00+00:00,2026,161.0,blob,1,487.5,853.0,ok,-90.345616,38.386007
UM_SL_ILC_20260820_BD_1,2026-08-20 00:00:00+00:00,2026,161.0,blob,2,817.7,262.5,ok,-90.345106,38.38682
UM_SL_ILC_20260820_BD_1,2026-08-20 00:00:00+00:00,2026,161.0,blob,3,1147.9,656.2,ok,-90.344597,38.387632
UM_SL_ILC_20260820_BD_1,2026-08-20 00:00:00+00:00,2026,161.0,blob,4,1645.8,885.8,ok,-90.343303,38.388427
UM_SL_ILC_20260820_BD_1,2026-08-20 00:00:00+00:00,2026,161.0,blob,5,2139.3,984.3,ok,-90.342053,38.389222
UM_SL_ILC_20260820_BD_1,2026-08-20 00:00:00+00:00,2026,161.0,blob,6,2527.9,1017.1,ok,-90.341238,38.390028
UM_SL_ILC_20260820_BD_1,2026-08-20 00:00:00+00:00,2026,161.0,blob,7,2910.5,1181.1,ok,-90.340511,38.390835
UM_SL_ILC_20260820_BD_1,2026-08-20 00:00:00+00:00,2026,161.0,blob,8,3213.1,1476.4,ok,-90.340437,38.391657
UM_SL_ILC_20260820_BD_1,2026-08-20 00:00:00+00:00,2026,161.0,blob,9,3526.1,1115.5,ok,-90.340232,38.392476
UM_SL_ILC_20260820_BD_1,2026-08-20 00:00:00+00:00,2026,161.0,blob,10,3883.9,1115.5,ok,-90.339548,38.393285
UM_SL_ILC_20260820_BD_1,2026-08-20 00:00:00+00:00,2026,161.0,blob,11,4266.6,1082.7,ok,-90.33869,38.394089
UM_SL_ILC_20260820_BD_1,2026-08-20 00:00:00+00:00,2026,161.0,blob,12,4649.4,1115.5,ok,-90.337832,38.394893
UM_SL_ILC_20260820_BD_1,2026-08-20 00:00:00+00:00,2026,161.0,blob,13,5319.0,1312.3,ok,-90.335797,38.395671
UM_SL_ILC_20260820_BD_2,2026-08-20 00:00:00+00:00,2026,156.0,blob,0,150.5,1115.5,ok,-90.37401,38.311766
UM_SL_ILC_20260820_BD_2,2026-08-20 00:00:00+00:00,2026,156.0,blob,1,451.0,1082.7,ok,-90.374024,38.31259
UM_SL_ILC_20260820_BD_2,2026-08-20 00:00:00+00:00,2026,156.0,blob,2,751.6,1049.9,ok,-90.374038,38.313415
UM_SL_ILC_20260820_BD_2,2026-08-20 00:00:00+00:00,2026,156.0,blob,3,1052.1,1017.1,ok,-90.374051,38.314239
UM_SL_ILC_20260820_BD_2,2026-08-20 00:00:00+00:00,2026,156.0,blob,4,1352.6,1049.9,ok,-90.374065,38.315063
UM_SL_ILC_20260820_BD_2,2026-08-20 00:00:00+00:00,2026,156.0,blob,5,1653.1,951.4,ok,-90.374079,38.315887
UM_SL_ILC_20260820_BD_2,2026-08-20 00:00:00+00:00,2026,156.0,blob,6,1953.1,885.8,ok,-90.374049,38.31671
UM_SL_ILC_20260820_BD_2,2026-08-20 00:00:00+00:00,2026,156.0,blob,7,2253.6,820.2,ok,-90.374063,38.317535
UM_SL_ILC_20260820_BD_2,2026-08-20 00:00:00+00:00,2026,156.0,blob,8,2554.2,918.6,ok,-90.374077,38.318359
UM_SL_ILC_20260820_BD_2,2026-08-20 00:00:00+00:00,2026,156.0,blob,9,2854.2,853.0,ok,-90.374047,38.319182
UM_SL_ILC_20260820_BD_2,2026-08-20 00:00:00+00:00,2026,156.0,blob,10,3154.2,918.6,ok,-90.374018,38.320005
UM_SL_ILC_20260820_BD_2,2026-08-20 00:00:00+00:00,2026,156.0,blob,11,3454.2,885.8,ok,-90.373988,38.320829
UM_SL_ILC_20260820_BD_2,2026-08-20 00:00:00+00:00,2026,156.0,blob,12,3754.2,820.2,ok,-90.373958,38.321652
UM_SL_ILC_20260820_BD_2,2026-08-20 00:00:00+00:00,2026,156.0,blob,13,4054.7,787.4,ok,-90.373885,38.322474
UM_SL_ILC_20260820_BD_2,2026-08-20 00:00:00+00:00,2026,156.0,blob,14,4355.7,918.6,ok,-90.373855,38.323297
UM_SL_ILC_20260820_BD_2,2026-08-20 00:00:00+00:00,2026,156.0,blob,15,4656.2,820.2,ok,-90.373869,38.324121
UM_SL_ILC_20260820_BD_2,2026-08-20 00:00:00+00:00,2026,156.0,blob,16,4956.2,787.4,ok,-90.373839,38.324945
UM_SL_ILC_20260820_BD_2,2026-08-20 00:00:00+00:00,2026,156.0,blob,17,5256.2,885.8,ok,-90.37381,38.325768
UM_SL_ILC_20260820_BD_2,2026-08-20 00:00:00+00:00,2026,156.0,blob,18,5556.8,787.4,ok,-90.373736,38.32659
UM_SL_ILC_20260820_BD_2,2026-08-20 00:00:00+00:00,2026,156.0,blob,19,5857.8,754.6,ok,-90.373707,38.327413
UM_SL_ILC_20260820_BD_2,2026-08-20 00:00:00+00:00,2026,156.0,blob,20,6158.3,689.0,ok,-90.37372,38.328238
UM_SL_ILC_20260820_BD_2,2026-08-20 00:00:00+00:00,2026,156.0,blob,21,6458.8,557.7,ok,-90.373647,38.32906
UM_SL_ILC_20260820_BD_2,2026-08-20 00:00:00+00:00,2026,156.0,blob,22,6759.9,459.3,ok,-90.37353,38.329881
UM_SL_ILC_20260820_BD_2,2026-08-20 00:00:00+00:00,2026,156.0,blob,23,7060.9,623.4,ok,-90.373413,38.330702
UM_SL_ILC_20260820_BD_2,2026-08-20 00:00:00+00:00,2026,156.0,blob,24,7362.0,721.8,ok,-90.373297,38.331524
UM_SL_ILC_20260820_BD_2,2026-08-20 00:00:00+00:00,2026,156.0,blob,25,7663.0,557.7,ok,-90.37318,38.332345
UM_SL_ILC_20260820_BD_2,2026-08-20 00:00:00+00:00,2026,156.0,blob,26,7965.6,721.8,ok,-90.373019,38.333165
UM_SL_ILC_20260820_BD_2,2026-08-20 00:00:00+00:00,2026,156.0,blob,27,8268.2,918.6,ok,-90.372859,38.333986
UM_SL_ILC_20260820_BD_2,2026-08-20 00:00:00+00:00,2026,156.0,blob,28,8570.8,1115.5,ok,-90.372699,38.334806
UM_SL_ILC_20260820_BD_2,2026-08-20 00:00:00+00:00,2026,156.0,blob,29,8874.9,1082.7,ok,-90.372495,38.335625
UM_SL_PRC_20260817_BD_1,2026-08-17 00:00:00+00:00,2026,153.0,blob,0,150.5,1049.9,ok,-90.373236,38.275628
UM_SL_PRC_20260817_BD_1,2026-08-17 00:00:00+00:00,2026,153.0,blob,1,453.1,1082.7,ok,-90.373337,38.276454
UM_SL_PRC_20260817_BD_1,2026-08-17 00:00:00+00:00,2026,153.0,blob,2,755.7,1082.7,ok,-90.373438,38.277281
UM_SL_PRC_20260817_BD_1,2026-08-17 00:00:00+00:00,2026,153.0,blob,3,1056.7,1115.5,ok,-90.373495,38.278106
UM_SL_PRC_20260817_BD_1,2026-08-17 00:00:00+00:00,2026,153.0,blob,4,1369.8,1213.9,ok,-90.373291,38.278925
UM_SL_PRC_20260817_BD_1,2026-08-17 00:00:00+00:00,2026,153.0,blob,5,1682.3,1115.5,ok,-90.373044,38.279743
UM_SL_PRC_20260817_BD_1,2026-08-17 00:00:00+00:00,2026,153.0,blob,6,1982.8,1115.5,ok,-90.373058,38.280568
UM_SL_PRC_20260817_BD_1,2026-08-17 00:00:00+00:00,2026,153.0,blob,7,2285.4,1115.5,ok,-90.373159,38.281394
UM_SL_PRC_20260818_BD_1,2026-08-18 00:00:00+00:00,2026,149.0,blob,0,173.7,1115.5,ok,-90.351394,38.209682
UM_SL_PRC_20260818_BD_1,2026-08-18 00:00:00+00:00,2026,149.0,blob,1,534.8,1148.3,ok,-90.35206,38.210521
UM_SL_PRC_20260818_BD_1,2026-08-18 00:00:00+00:00,2026,149.0,blob,2,934.4,1049.9,ok,-90.352943,38.211365
UM_SL_PRC_20260818_BD_1,2026-08-18 00:00:00+00:00,2026,149.0,blob,3,1301.2,1640.4,ok,-90.353304,38.212197
UM_SL_PRC_20260818_BD_1,2026-08-18 00:00:00+00:00,2026,149.0,blob,4,1636.1,1115.5,ok,-90.353492,38.213025
UM_SL_PRC_20260818_BD_1,2026-08-18 00:00:00+00:00,2026,149.0,blob,5,2046.9,1246.7,ok,-90.354418,38.21387
UM_SL_PRC_20260818_BD_1,2026-08-18 00:00:00+00:00,2026,149.0,blob,6,2457.6,721.8,ok,-90.355345,38.214715
UM_SL_PRC_20260818_BD_1,2026-08-18 00:00:00+00:00,2026,149.0,blob,7,2818.2,1017.1,ok,-90.356011,38.215553
UM_SL_PRC_20260818_BD_1,2026-08-18 00:00:00+00:00,2026,149.0,blob,8,3149.0,1017.1,ok,-90.356372,38.216385
UM_SL_PRC_20260818_BD_1,2026-08-18 00:00:00+00:00,2026,149.0,blob,9,3454.1,1279.5,ok,-90.356256,38.217207
UM_SL_PRC_20260818_BD_1,2026-08-18 00:00:00+00:00,2026,149.0,blob,10,3776.4,984.3,ok,-90.356356,38.218033
UM_SL_PRC_20260818_BD_1,2026-08-18 00:00:00+00:00,2026,149.0,blob,11,4131.6,1082.7,ok,-90.356979,38.218871
UM_SL_PRC_20260818_BD_1,2026-08-18 00:00:00+00:00,2026,149.0,blob,12,4499.4,918.6,ok,-90.357688,38.219711
UM_SL_PRC_20260818_BD_1,2026-08-18 00:00:00+00:00,2026,149.0,blob,13,4867.2,1049.9,ok,-90.358397,38.220551
UM_SL_PRC_20260818_BD_1,2026-08-18 00:00:00+00:00,2026,149.0,blob,14,5228.3,984.3,ok,-90.359063,38.221389
UM_SL_PRC_20260818_BD_1,2026-08-18 00:00:00+00:00,2026,149.0,blob,15,5582.3,1049.9,ok,-90.359686,38.222227
UM_SL_PRC_20260818_BD_1,2026-08-18 00:00:00+00:00,2026,149.0,blob,16,5925.1,984.3,ok,-90.360221,38.223063
UM_SL_PRC_20260818_BD_1,2026-08-18 00:00:00+00:00,2026,149.0,blob,17,6238.1,984.3,ok,-90.360365,38.22389
UM_SL_PRC_20260818_BD_1,2026-08-18 00:00:00+00:00,2026,149.0,blob,18,6540.7,1017.1,ok,-90.360379,38.224715
UM_SL_PRC_20260818_BD_1,2026-08-18 00:00:00+00:00,2026,149.0,blob,19,6860.4,656.2,ok,-90.360697,38.225546
UM_SL_PRC_20260818_BD_1,2026-08-18 00:00:00+00:00,2026,149.0,blob,20,7208.4,1017.1,ok,-90.361276,38.226383
UM_SL_PRC_20260818_BD_1,2026-08-18 00:00:00+00:00,2026,149.0,blob,21,7562.4,1115.5,ok,-90.361899,38.227221
UM_SL_PRC_20260818_BD_1,2026-08-18 00:00:00+00:00,2026,149.0,blob,22,7894.1,1115.5,ok,-90.362347,38.228055
UM_SL_PRC_20260818_BD_1,2026-08-18 00:00:00+00:00,2026,149.0,blob,23,8214.7,1148.3,ok,-90.362709,38.228887
UM_SL_PRC_20260818_BD_1,2026-08-18 00:00:00+00:00,2026,149.0,blob,24,8535.4,984.3,ok,-90.36307,38.229719
UM_SL_PRC_20260818_BD_1,2026-08-18 00:00:00+00:00,2026,149.0,blob,25,8844.0,1017.1,ok,-90.363258,38.230547
UM_SL_PRC_20260818_BD_1,2026-08-18 00:00:00+00:00,2026,149.0,blob,26,9146.6,1017.1,ok,-90.363185,38.231369
UM_SL_PRC_20260818_BD_1,2026-08-18 00:00:00+00:00,2026,149.0,blob,27,9493.9,1049.9,ok,-90.363503,38.2322
UM_SL_PRC_20260818_BD_1,2026-08-18 00:00:00+00:00,2026,149.0,blob,28,9869.4,1148.3,ok,-90.364256,38.233041
UM_SL_PRC_20260818_BD_1,2026-08-18 00:00:00+00:00,2026,149.0,blob,29,10207.8,1181.1,ok,-90.364748,38.233876
UM_SL_PRC_20260818_BD_1,2026-08-18 00:00:00+00:00,2026,149.0,blob,30,10528.4,1279.5,ok,-90.364675,38.234698
UM_SL_PRC_20260818_BD_1,2026-08-18 00:00:00+00:00,2026,149.0,blob,31,10841.5,1312.3,ok,-90.364471,38.235517
UM_SL_PRC_20260818_BD_1,2026-08-18 00:00:00+00:00,2026,149.0,blob,32,11159.7,1443.6,ok,-90.364746,38.236348
UM_SL_PRC_20260818_BD_1,2026-08-18 00:00:00+00:00,2026,149.0,blob,33,11530.9,1607.6,ok,-90.365455,38.237187
UM_SL_PRC_20260818_BD_1,2026-08-18 00:00:00+00:00,2026,149.0,blob,34,11889.0,1378.0,ok,-90.366035,38.238024
UM_SL_PRC_20260818_BD_1,2026-08-18 00:00:00+00:00,2026,149.0,blob,35,12201.7,1673.2,ok,-90.365961,38.238847
UM_SL_PRC_20260818_BD_2,2026-08-18 00:00:00+00:00,2026,145.0,blob,0,546.0,918.6,ok,-90.33032,38.187027
UM_SL_PRC_20260818_BD_2,2026-08-18 00:00:00+00:00,2026,145.0,blob,1,1259.7,853.0,ok,-90.329338,38.185356
UM_SL_PRC_20260818_BD_2,2026-08-18 00:00:00+00:00,2026,145.0,blob,2,1582.0,984.3,ok,-90.328306,38.185024
UM_SL_PRC_20260818_BD_2,2026-08-18 00:00:00+00:00,2026,145.0,blob,3,2094.6,951.4,ok,-90.327299,38.184006
UM_SL_PRC_20260818_BD_2,2026-08-18 00:00:00+00:00,2026,145.0,blob,4,2607.2,1017.1,ok,-90.326293,38.182987
UM_SL_PRC_20260818_BD_2,2026-08-18 00:00:00+00:00,2026,145.0,blob,5,3032.2,984.3,ok,-90.325276,38.182243
UM_SL_PRC_20260818_BD_2,2026-08-18 00:00:00+00:00,2026,145.0,blob,6,3562.7,1246.7,ok,-90.324277,38.181019
UM_SL_PRC_20260818_BD_2,2026-08-18 00:00:00+00:00,2026,145.0,blob,7,3990.5,1181.1,ok,-90.323263,38.180206
UM_SL_PRC_20260818_BD_2,2026-08-18 00:00:00+00:00,2026,145.0,blob,8,4310.3,1279.5,ok,-90.32223,38.179908
UM_SL_PRC_20260818_BD_2,2026-08-18 00:00:00+00:00,2026,145.0,blob,9,4612.4,1410.8,ok,-90.32119,38.179815
UM_SL_PRC_20260818_BD_2,2026-08-18 00:00:00+00:00,2026,145.0,blob,10,4912.9,1246.7,ok,-90.320148,38.179757
UM_SL_PRC_20260818_BD_2,2026-08-18 00:00:00+00:00,2026,145.0,blob,11,5344.3,1213.9,ok,-90.31913,38.179047
UM_SL_PRC_20260818_BD_2,2026-08-18 00:00:00+00:00,2026,145.0,blob,12,5783.3,918.6,ok,-90.318116,38.178235
