{
"type": "FeatureCollection",
"name": "LM_09_LPM_20200525_CS_4958_4986_depth_polygons",
"crs": { "type": "name", "properties": { "name": "urn:ogc:def:crs:OGC:1.3:CRS84" } },
"features": [
{ "type": "Feature", "properties": { "depth_bin": "55-60 ft", "bin_order": -57.5, "survey_id": "LM_09_LPM_20200525_CS_4958_4986", "date": "2020-05-25", "year": 2020, "mile": 497.0 }, "geometry": { "type": "Polygon", "coordinates": [ [ [ -91.061791660360626, 32.920257721553412 ], [ -91.061922450668121, 32.920004672383605 ], [ -91.062227085173348, 32.919903740374373 ], [ -91.062527114438566, 32.920014049683459 ], [ -91.062646786514918, 32.920270983186697 ], [ -91.062515997799267, 32.92052403316687 ], [ -91.062211361421802, 32.920624965804549 ], [ -91.06191133056474, 32.920514655685082 ], [ -91.061791660360626, 32.920257721553412 ] ] ] } },
{ "type": "Feature", "properties": { "depth_bin": "60-65 ft", "bin_order": -62.5, "survey_id": "LM_09_LPM_20200525_CS_4958_4986", "date": "2020-05-25", "year": 2020, "mile": 497.0 }, "geometry": { "type": "MultiPolygon", "coordinates": [ [ [ [ -91.061777687081914, 32.919950019067286 ], [ -91.062472141404058, 32.919892384654794 ], [ -91.06271651518199, 32.920021129356293 ], [ -91.062807292854131, 32.920216026259219 ], [ -91.062732157261877, 32.9204506329921 ], [ -91.062456721741484, 32.920599752045405 ], [ -91.061886413800551, 32.920657641679618 ], [ -91.061650196872492, 32.920593182721774 ], [ -91.061473395126697, 32.920360875859991 ], [ -91.06154314069461, 32.920091168678432 ], [ -91.061777687081914, 32.919950019067286 ] ] ], [ [ [ -91.063092020925936, 32.929649975258052 ], [ -91.063278848660147, 32.929423307821658 ], [ -91.063601010180022, 32.929374438308706 ], [ -91.063869789291061, 32.929531993625666 ], [ -91.063927739368935, 32.929803680704389 ], [ -91.06374091238942, 32.930030349130284 ], [ -91.0634187485296, 32.930079218913953 ], [ -91.063149968663879, 32.929921662607477 ], [ -91.063092020925936, 32.929649975258052 ] ] ] ] } },
{ "type": "Feature", "properties": { "depth_bin": "65-70 ft", "bin_order": -67.5, "survey_id": "LM_09_LPM_20200525_CS_4958_4986", "date": "2020-05-25", "year": 2020, "mile": 497.0 }, "geometry": { "type": "MultiPolygon", "coordinates": [ [ [ [ -91.062122992236596, 32.920149975271627 ], [ -91.06230980112349, 32.919923308309869 ], [ -91.06263192832138, 32.919874439967828 ], [ -91.062900677740359, 32.920031996466243 ], [ -91.06295862014899, 32.920303684044626 ], [ -91.062771812016308, 32.920530351995566 ], [ -91.062449682479539, 32.920579220608118 ], [ -91.062180932306333, 32.920421663120514 ], [ -91.062122992236596, 32.920149975271627 ] ] ], [ [ [ -91.062275217308894, 32.923172214068885 ], [ -91.062498419774911, 32.922927911806006 ], [ -91.062954881173553, 32.922910661531716 ], [ -91.063223640105548, 32.923068217625072 ], [ -91.063281585005541, 32.923339905039164 ], [ -91.063058383525998, 32.92358420872803 ], [ -91.062601918659965, 32.923601459251145 ], [ -91.062333159336546, 32.923443901813606 ], [ -91.062275217308894, 32.923172214068885 ] ] ], [ [ [ -91.063252840904397, 32.92962070008889 ], [ -91.063439668175249, 32.929394032393397 ], [ -91.063761829521241, 32.929345162458105 ], [ -91.064030608849706, 32.929502717436939 ], [ -91.064088559409015, 32.929774404459771 ], [ -91.063901732892887, 32.930001073144766 ], [ -91.063579569206965, 32.930049943350753 ], [ -91.063310789123776, 32.929892387382424 ], [ -91.063252840904397, 32.92962070008889 ] ] ] ] } },
{ "type": "Feature", "properties": { "depth_bin": "70-75 ft", "bin_order": -72.5, "survey_id": "LM_09_LPM_20200525_CS_4958_4986", "date": "2020-05-25", "year": 2020, "mile": 497.0 }, "geometry": { "type": "MultiPolygon", "coordinates": [ [ [ [ -91.063433445101623, 32.896086197315682 ], [ -91.063683882494715, 32.895861516568772 ], [ -91.064134006071058, 32.895882097406698 ], [ -91.064383089537017, 32.896061107849825 ], [ -91.064409180265201, 32.896336277823615 ], [ -91.0641587432291, 32.896560960026612 ], [ -91.06370861621437, 32.896540379152029 ], [ -91.063459532884238, 32.896361367377821 ], [ -91.063433445101623, 32.896086197315682 ] ] ], [ [ [ -91.062830310363168, 32.919832325231582 ], [ -91.063199892958551, 32.919968204478856 ], [ -91.063271268662433, 32.920302874278413 ], [ -91.063020758171149, 32.920527550772199 ], [ -91.062571633262749, 32.920556593110355 ], [ -91.062322487556472, 32.920377577302951 ], [ -91.062296400138919, 32.92010240787021 ], [ -91.062472265017959, 32.919909910840715 ], [ -91.062830310363168, 32.919832325231582 ] ] ], [ [ [ -91.062610678814593, 32.923103472179534 ], [ -91.062822936440014, 32.922893339494038 ], [ -91.063149202642705, 32.922871335588113 ], [ -91.063398356832408, 32.923050350000281 ], [ -91.063424448064424, 32.923325519239135 ], [ -91.063212190722552, 32.923535652947692 ], [ -91.062885922078422, 32.923557656925993 ], [ -91.06263676760517, 32.923378641490764 ], [ -91.062610678814593, 32.923103472179534 ] ] ], [ [ [ -91.063723462781226, 32.929255448824613 ], [ -91.064125392448631, 32.92922834205735 ], [ -91.064375419556811, 32.929495115360446 ], [ -91.064280056689668, 32.929792861055816 ], [ -91.063889432099543, 32.929982626618497 ], [ -91.063569615515064, 32.92992380661962 ], [ -91.063392791308402, 32.929691501927103 ], [ -91.063462539909054, 32.929421794109295 ], [ -91.063723462781226, 32.929255448824613 ] ] ], [ [ [ -91.065100825621556, 32.932214182461358 ], [ -91.065336502517496, 32.93202260444788 ], [ -91.065663789061176, 32.932027672462404 ], [ -91.065890966967117, 32.932226417821603 ], [ -91.065884958359135, 32.932502418909259 ], [ -91.065649281265166, 32.932693997940618 ], [ -91.065321992270555, 32.932688929797635 ], [ -91.065094814562613, 32.932490183420562 ], [ -91.065100825621556, 32.932214182461358 ] ] ], [ [ [ -91.067100054599479, 32.934918253240568 ], [ -91.0673357348591, 32.934726671638074 ], [ -91.067663031747927, 32.934731734783647 ], [ -91.067890220920731, 32.934930476846006 ], [ -91.067884217901408, 32.935206478140245 ], [ -91.067648537443944, 32.935398060760733 ], [ -91.067321238103801, 32.935392997486836 ], [ -91.067094049128855, 32.935194254406497 ], [ -91.067100054599479, 32.934918253240568 ] ] ] ] } },
{ "type": "Feature", "properties": { "depth_bin": "75-80 ft", "bin_order": -77.5, "survey_id": "LM_09_LPM_20200525_CS_4958_4986", "date": "2020-05-25", "year": 2020, "mile": 497.0 }, "geometry": { "type": "MultiPolygon", "coordinates": [ [ [ [ -91.064079604987427, 32.895917516832917 ], [ -91.064363716933826, 32.8959575805453 ], [ -91.064553212684757, 32.896140607911768 ], [ -91.064562064904578, 32.896383508852416 ], [ -91.064386253598073, 32.896576011403823 ], [ -91.064023708522583, 32.896615658557522 ], [ -91.063803401400136, 32.896476642748944 ], [ -91.063488657996544, 32.896442548524341 ], [ -91.063337307158932, 32.896322477080012 ], [ -91.063279375388788, 32.896050789230962 ], [ -91.063466127568319, 32.895824117724651 ], [ -91.063788166270868, 32.895775242956468 ], [ -91.064079604987427, 32.895917516832917 ] ] ], [ [ [ -91.063684407488424, 32.925922071555775 ], [ -91.063889390347668, 32.925950970459716 ], [ -91.06407839376638, 32.926086761060965 ], [ -91.064144802507769, 32.926252845229691 ], [ -91.064091898544874, 32.92645743272864 ], [ -91.063913135562814, 32.926602753035581 ], [ -91.063529823254925, 32.926725374136268 ], [ -91.063204722161558, 32.92669327286437 ], [ -91.063001757152975, 32.926476702665163 ], [ -91.063039821903047, 32.926202528112192 ], [ -91.063218585409061, 32.926057209069675 ], [ -91.063684407488424, 32.925922071555775 ] ] ], [ [ [ -91.063717278265173, 32.929367246293431 ], [ -91.063952950134592, 32.929175670639282 ], [ -91.064280225927305, 32.929180741890349 ], [ -91.06450739365539, 32.929379489467429 ], [ -91.064501381404583, 32.929655490455019 ], [ -91.064185045612589, 32.929866345128445 ], [ -91.063977681907772, 32.929854530174175 ], [ -91.063787695342782, 32.929748434727642 ], [ -91.063736697090135, 32.929965443654289 ], [ -91.063519661655633, 32.930125305768875 ], [ -91.063119180734901, 32.930085762110693 ], [ -91.06294235743934, 32.929853456817789 ], [ -91.063012107547578, 32.929583749313629 ], [ -91.063329193243078, 32.929430081088583 ], [ -91.063684918985501, 32.929552542157914 ], [ -91.063717278265173, 32.929367246293431 ] ] ], [ [ [ -91.065843356059162, 32.931804460817119 ], [ -91.066124127876833, 32.931749749778788 ], [ -91.066351748943404, 32.931833419024329 ], [ -91.066485887986488, 32.932009630968345 ], [ -91.066481331601082, 32.932218991790634 ], [ -91.066339614701704, 32.932390934124818 ], [ -91.065844231356905, 32.932634259194309 ], [ -91.06551792946405, 32.932656268804266 ], [ -91.065268744843195, 32.932477257723477 ], [ -91.065242646666505, 32.932202088938908 ], [ -91.065384365304581, 32.932030147912251 ], [ -91.065843356059162, 32.931804460817119 ] ] ], [ [ [ -91.067728166533342, 32.934481353896494 ], [ -91.067975687898553, 32.934464654372732 ], [ -91.068192496806461, 32.934566732544681 ], [ -91.068305515900661, 32.934753182188167 ], [ -91.068276650339456, 32.93496115871509 ], [ -91.067542807467689, 32.935450050105139 ], [ -91.067177241615298, 32.935459530269931 ], [ -91.06695005281378, 32.93526078693521 ], [ -91.066956058746882, 32.934984785795713 ], [ -91.067728166533342, 32.934481353896494 ] ] ], [ [ [ -91.062451680695929, 32.916867695150785 ], [ -91.062646019414473, 32.916929766107216 ], [ -91.062799962213148, 32.917094045586609 ], [ -91.062819751709839, 32.917302775509697 ], [ -91.062698716780829, 32.917485601232251 ], [ -91.062113815766651, 32.917631356447522 ], [ -91.061826089254694, 32.917630087207847 ], [ -91.061609328560124, 32.91752799952684 ], [ -91.061489662816086, 32.917271065171782 ], [ -91.06162044912665, 32.917018016072724 ], [ -91.061841512184245, 32.916922719745152 ], [ -91.062451680695929, 32.916867695150785 ] ] ], [ [ [ -91.063026769109356, 32.919793084684954 ], [ -91.063427203811059, 32.919832626978 ], [ -91.063610692659012, 32.920135410671001 ], [ -91.063448299382486, 32.920411745652224 ], [ -91.063020091857936, 32.920536778411183 ], [ -91.062720060187459, 32.920426470206792 ], [ -91.062600387709566, 32.920169536764163 ], [ -91.062731175614914, 32.919916486653761 ], [ -91.063026769109356, 32.919793084684954 ] ] ], [ [ [ -91.061363350797706, 32.920156845795752 ], [ -91.061620130786878, 32.919985677155971 ], [ -91.061945206672462, 32.920017781652767 ], [ -91.06214815508082, 32.920234353136905 ], [ -91.062110091111407, 32.920508527658036 ], [ -91.061853310449848, 32.920679697270565 ], [ -91.061528232200558, 32.920647592449079 ], [ -91.061325284464573, 32.920431019992179 ], [ -91.061363350797706, 32.920156845795752 ] ] ], [ [ [ -91.063455743034993, 32.922745135117196 ], [ -91.063660718523352, 32.922774034135635 ], [ -91.063849715068287, 32.922909824884456 ], [ -91.06391612131047, 32.923075909150519 ], [ -91.063863219099503, 32.923280496701437 ], [ -91.063606433336844, 32.923451669674762 ], [ -91.063207517654831, 32.923530292176579 ], [ -91.062964938473613, 32.923485673613783 ], [ -91.062761980990913, 32.923269103213627 ], [ -91.06280004458624, 32.922994928577339 ], [ -91.06297880173797, 32.92284960958267 ], [ -91.063455743034993, 32.922745135117196 ] ] ] ] } },
{ "type": "Feature", "properties": { "depth_bin": "80-85 ft", "bin_order": -82.5, "survey_id": "LM_09_LPM_20200525_CS_4958_4986", "date": "2020-05-25", "year": 2020, "mile": 497.0 }, "geometry": { "type": "MultiPolygon", "coordinates": [ [ [ [ -91.063648444615879, 32.922700060556188 ], [ -91.064048892733581, 32.922739601335024 ], [ -91.064232389235386, 32.923042384283043 ], [ -91.0640699920651, 32.9233187198259 ], [ -91.063639885079965, 32.923432277740112 ], [ -91.063339842970819, 32.923321970681464 ], [ -91.063220165205891, 32.923065037733799 ], [ -91.063350956072767, 32.922811987177731 ], [ -91.063648444615879, 32.922700060556188 ] ] ], [ [ [ -91.063483378060738, 32.926093874304748 ], [ -91.063719041358183, 32.925902298693892 ], [ -91.064046305054134, 32.925907370112739 ], [ -91.064273464246511, 32.926106117883819 ], [ -91.064267452021141, 32.926382118977891 ], [ -91.06403178852554, 32.9265736956064 ], [ -91.063704522379382, 32.926568624059001 ], [ -91.063477363385147, 32.926369875270275 ], [ -91.063483378060738, 32.926093874304748 ] ] ], [ [ [ -91.06421424174107, 32.929081933909757 ], [ -91.064617385941531, 32.929088179792565 ], [ -91.06483520417342, 32.929374335084525 ], [ -91.064705695983292, 32.929662764864993 ], [ -91.064292115356878, 32.929817365586558 ], [ -91.06398067545706, 32.929732393837071 ], [ -91.063831701975602, 32.929486591928345 ], [ -91.063932460478313, 32.929223947832753 ], [ -91.06421424174107, 32.929081933909757 ] ] ], [ [ [ -91.06539734446774, 32.932096270581233 ], [ -91.065633020426972, 32.931904691969429 ], [ -91.065960306593837, 32.931909759191427 ], [ -91.06618748490358, 32.932108504028129 ], [ -91.066181477243489, 32.932384505169374 ], [ -91.065945801086244, 32.932576084799088 ], [ -91.065618512468447, 32.932571017448645 ], [ -91.065391334356676, 32.932372271594069 ], [ -91.06539734446774, 32.932096270581233 ] ] ], [ [ [ -91.067840546004547, 32.934442056332337 ], [ -91.068215855187987, 32.934317710692568 ], [ -91.068546971142226, 32.934511778927963 ], [ -91.068558217505029, 32.934820048955743 ], [ -91.06823492599068, 32.93508660166011 ], [ -91.067908615322111, 32.93510861719755 ], [ -91.067659419009061, 32.934929610520761 ], [ -91.067633313073017, 32.934654442036951 ], [ -91.067840546004547, 32.934442056332337 ] ] ], [ [ [ -91.062406902056381, 32.916867183876569 ], [ -91.063021786207187, 32.916852126092181 ], [ -91.063270923880268, 32.917031140285317 ], [ -91.063297013921115, 32.917306309720722 ], [ -91.063084771411809, 32.917516443926239 ], [ -91.062472136410406, 32.917555274303929 ], [ -91.062182486195141, 32.917367028569956 ], [ -91.062138536839953, 32.917160939602589 ], [ -91.062212129738029, 32.916997025556476 ], [ -91.062406902056381, 32.916867183876569 ] ] ], [ [ [ -91.062951550951794, 32.919961654137111 ], [ -91.063187198387027, 32.919770078791302 ], [ -91.063514439408451, 32.919775150769311 ], [ -91.06374158239592, 32.9199738990661 ], [ -91.063735569927857, 32.920249900344331 ], [ -91.063499922294483, 32.920441476707538 ], [ -91.063172678823591, 32.920436404600963 ], [ -91.062945536034277, 32.920237655286769 ], [ -91.062951550951794, 32.919961654137111 ] ] ], [ [ [ -91.062143237480939, 32.92314109720882 ], [ -91.062378895370941, 32.922949523857895 ], [ -91.062706147937746, 32.922954598384308 ], [ -91.062933296798334, 32.923153348290256 ], [ -91.06292728109068, 32.923429349295851 ], [ -91.062691623002436, 32.923620923664302 ], [ -91.062364367985765, 32.923615849009266 ], [ -91.062137219323432, 32.923417098085793 ], [ -91.062143237480939, 32.92314109720882 ] ] ] ] } },
{ "type": "Feature", "properties": { "depth_bin": "85-90 ft", "bin_order": -87.5, "survey_id": "LM_09_LPM_20200525_CS_4958_4986", "date": "2020-05-25", "year": 2020, "mile": 497.0 }, "geometry": { "type": "MultiPolygon", "coordinates": [ [ [ [ -91.063983674444344, 32.896084400781618 ], [ -91.064316964322501, 32.895957674946033 ], [ -91.064728202905783, 32.896115952673235 ], [ -91.0648771278059, 32.896361752768399 ], [ -91.064776414370712, 32.896624400415213 ], [ -91.064567542728057, 32.896737520795796 ], [ -91.064319378028713, 32.896733677988728 ], [ -91.064001317443982, 32.89656860143991 ], [ -91.063881679310427, 32.896311932644132 ], [ -91.063653038306143, 32.896446697085345 ], [ -91.063404874552091, 32.896442852493308 ], [ -91.063201066197806, 32.896323340376831 ], [ -91.0631103093109, 32.89612844393104 ], [ -91.063211026958669, 32.895865797769524 ], [ -91.0635023822081, 32.89574016138868 ], [ -91.063813704183019, 32.895825130329371 ], [ -91.063983674444344, 32.896084400781618 ] ] ], [ [ [ -91.063571833024781, 32.92286176715799 ], [ -91.06380748720224, 32.922670190961554 ], [ -91.064134739017717, 32.922675261709692 ], [ -91.064361890528303, 32.922874009117812 ], [ -91.06435587931972, 32.923150010369199 ], [ -91.064120224944176, 32.923341587583145 ], [ -91.063792970678875, 32.92333651670647 ], [ -91.063565819366389, 32.923137768280839 ], [ -91.063571833024781, 32.92286176715799 ] ] ], [ [ [ -91.063652912797693, 32.926011918567262 ], [ -91.063909706134197, 32.92584074583575 ], [ -91.064234804473827, 32.925872845170311 ], [ -91.06443777129023, 32.926089413445602 ], [ -91.064399710899693, 32.92636358859118 ], [ -91.064060404042891, 32.926547279843881 ], [ -91.063687424327384, 32.926407420545999 ], [ -91.063611813558282, 32.926629087282656 ], [ -91.063377251716602, 32.926770239649635 ], [ -91.062983310239986, 32.926697782833642 ], [ -91.06283434423257, 32.926451979913665 ], [ -91.062935101732066, 32.926189336484079 ], [ -91.063268508113623, 32.926062618270109 ], [ -91.063599536502082, 32.926203565629585 ], [ -91.063652912797693, 32.926011918567262 ] ] ], [ [ [ -91.064470537699393, 32.92898025413114 ], [ -91.064872466014336, 32.928953144903645 ], [ -91.065122494712824, 32.929219916776539 ], [ -91.065027134664092, 32.929517663158563 ], [ -91.064636024214366, 32.929707433075293 ], [ -91.064316208017232, 32.929648615004417 ], [ -91.064139382313002, 32.929416311307307 ], [ -91.064209128408464, 32.92914660296924 ], [ -91.064470537699393, 32.92898025413114 ] ] ], [ [ [ -91.065839550265068, 32.931860838013726 ], [ -91.066096357120415, 32.931689661407475 ], [ -91.066421477846617, 32.931721755843597 ], [ -91.066624462804072, 32.931938321066156 ], [ -91.066586405682344, 32.932212496793106 ], [ -91.066329598154695, 32.932383674372645 ], [ -91.066004475063295, 32.932351579612003 ], [ -91.065801490778114, 32.932135013416172 ], [ -91.065839550265068, 32.931860838013726 ] ] ], [ [ [ -91.064974982472663, 32.932245043871987 ], [ -91.065231792051534, 32.932073869156568 ], [ -91.0655569137474, 32.932105965882322 ], [ -91.06575989735272, 32.932322532452119 ], [ -91.065721837349002, 32.932596707794723 ], [ -91.065465027097744, 32.932767883483415 ], [ -91.065139903036638, 32.932735786433085 ], [ -91.064936920103705, 32.932519218890029 ], [ -91.064974982472663, 32.932245043871987 ] ] ], [ [ [ -91.067912340210853, 32.934460573727485 ], [ -91.06814801753157, 32.934268990468865 ], [ -91.068475312891849, 32.934274051425014 ], [ -91.068702502841788, 32.93447279204716 ], [ -91.068696502450166, 32.934748793494073 ], [ -91.068460824931705, 32.934940377770666 ], [ -91.068133527120182, 32.934935316686243 ], [ -91.067906337367972, 32.934736575046117 ], [ -91.067912340210853, 32.934460573727485 ] ] ], [ [ [ -91.067060339435699, 32.934873514239875 ], [ -91.067460844250732, 32.934913046094188 ], [ -91.067643085332364, 32.935180446725369 ], [ -91.06751357666117, 32.935468879189067 ], [ -91.067114683350368, 32.93564442725242 ], [ -91.066803220236693, 32.935559461760633 ], [ -91.066654229831556, 32.93531366278426 ], [ -91.06675498761426, 32.935051016578122 ], [ -91.067060339435699, 32.934873514239875 ] ] ], [ [ [ -91.062663203966423, 32.899080952752627 ], [ -91.062898794292266, 32.898889375313857 ], [ -91.063225958451625, 32.89889444520815 ], [ -91.063453049847254, 32.899093192651065 ], [ -91.063447041279503, 32.899369194804883 ], [ -91.063211450755617, 32.899560773260234 ], [ -91.062884284149334, 32.89955570323739 ], [ -91.062657192951733, 32.899356954777872 ], [ -91.062663203966423, 32.899080952752627 ] ] ], [ [ [ -91.062656305082797, 32.914065383655696 ], [ -91.062931719464231, 32.913916263250712 ], [ -91.063251478472765, 32.913975082871545 ], [ -91.063428273163979, 32.914207387141296 ], [ -91.063358538813475, 32.914477095999061 ], [ -91.063163773229206, 32.914606939455908 ], [ -91.062957696131519, 32.914629467480033 ], [ -91.062763362116812, 32.914567397165698 ], [ -91.062609618825235, 32.914403483275862 ], [ -91.062459047289494, 32.914603144042474 ], [ -91.062186037191822, 32.914680793750307 ], [ -91.061834047854461, 32.914515013519633 ], [ -91.061776111762271, 32.914243325449938 ], [ -91.061962908302661, 32.914016658376454 ], [ -91.062325525363804, 32.913977019978567 ], [ -91.062591699921512, 32.914187939058088 ], [ -91.062656305082797, 32.914065383655696 ] ] ], [ [ [ -91.063136856827597, 32.916797202408901 ], [ -91.063520438323096, 32.916901872807102 ], [ -91.063630361895775, 32.917229030268956 ], [ -91.063407177571008, 32.917473335411856 ], [ -91.062960371431245, 32.917524089411344 ], [ -91.062691629253308, 32.917366533259383 ], [ -91.06263368911425, 32.917094845538045 ], [ -91.062820489908106, 32.916868177421023 ], [ -91.063136856827597, 32.916797202408901 ] ] ], [ [ [ -91.063717738696027, 32.919714405861122 ], [ -91.064027881362989, 32.919877795783727 ], [ -91.064060022949903, 32.92021675453573 ], [ -91.063784609967371, 32.920419641517562 ], [ -91.063334580513398, 32.920417978743849 ], [ -91.063107437391508, 32.920219229711847 ], [ -91.063113451802252, 32.919943228534926 ], [ -91.063349098853365, 32.919751652868364 ], [ -91.063717738696027, 32.919714405861122 ] ] ], [ [ [ -91.061188023576989, 32.920234682541711 ], [ -91.061423675396028, 32.920043110699226 ], [ -91.061750917080417, 32.92004818733119 ], [ -91.061978056621655, 32.920246938706448 ], [ -91.061972038616787, 32.920522939684332 ], [ -91.061736386599407, 32.920714512544215 ], [ -91.061409142465521, 32.920709435783557 ], [ -91.061182003122639, 32.920510683390887 ], [ -91.061188023576989, 32.920234682541711 ] ] ], [ [ [ -91.062002532913397, 32.923138567370934 ], [ -91.062259320657944, 32.922967397768375 ], [ -91.062584407715676, 32.92299950100066 ], [ -91.06278736416877, 32.92321607165929 ], [ -91.062749300404136, 32.923490246277581 ], [ -91.062492511987173, 32.923661416853022 ], [ -91.062167422565338, 32.92362931329604 ], [ -91.061964466784659, 32.923412741664542 ], [ -91.062002532913397, 32.923138567370934 ] ] ] ] } },
{ "type": "Feature", "properties": { "depth_bin": "90-95 ft", "bin_order": -92.5, "survey_id": "LM_09_LPM_20200525_CS_4958_4986", "date": "2020-05-25", "year": 2020, "mile": 497.0 }, "geometry": { "type": "MultiPolygon", "coordinates": [ [ [ [ -91.063748846431579, 32.91675766204137 ], [ -91.063943185924913, 32.916819731005241 ], [ -91.064097131025207, 32.916984008970537 ], [ -91.064123842372226, 32.91715782830196 ], [ -91.06402463956519, 32.917349780996844 ], [ -91.063815716949492, 32.917462897922697 ], [ -91.063409120793239, 32.917499790151204 ], [ -91.063097724419364, 32.917414817675017 ], [ -91.062948772313192, 32.917169015112783 ], [ -91.06304951751973, 32.916906370819376 ], [ -91.063258439698458, 32.916793255153259 ], [ -91.063748846431579, 32.91675766204137 ] ] ], [ [ [ -91.063455341894851, 32.919879258246908 ], [ -91.063712117247889, 32.919708085119588 ], [ -91.064037193163003, 32.919740184163174 ], [ -91.064240146249347, 32.919956752422756 ], [ -91.064202088866168, 32.920230927836911 ], [ -91.063945312840985, 32.920402101937 ], [ -91.063620234562109, 32.920370002568852 ], [ -91.063417282147938, 32.920153433336488 ], [ -91.063455341894851, 32.919879258246908 ] ] ], [ [ [ -91.063746162509588, 32.922788990541015 ], [ -91.064002946035885, 32.922617817182221 ], [ -91.06432803268774, 32.922649915853547 ], [ -91.064530992785109, 32.922866483818154 ], [ -91.064492934580258, 32.923140659187489 ], [ -91.064236150381731, 32.923311833519179 ], [ -91.063911061365772, 32.923279734523291 ], [ -91.063708101940634, 32.923063165585781 ], [ -91.063746162509588, 32.922788990541015 ] ] ], [ [ [ -91.063807064358258, 32.925969159751375 ], [ -91.064063857286328, 32.92579798668617 ], [ -91.064388955546875, 32.925830085615921 ], [ -91.064591922659915, 32.926046653652406 ], [ -91.064553862767966, 32.926320828865045 ], [ -91.06429706916758, 32.926492002903245 ], [ -91.063971968542546, 32.926459903648919 ], [ -91.063769002101822, 32.926243334639416 ], [ -91.063807064358258, 32.925969159751375 ] ] ], [ [ [ -91.064973144544354, 32.928826484634392 ], [ -91.065315157608509, 32.928935701045702 ], [ -91.065425100454547, 32.929262857130368 ], [ -91.065238278389472, 32.929489527998726 ], [ -91.064762854816223, 32.929586872603387 ], [ -91.064494073859706, 32.929429319144994 ], [ -91.064436122220243, 32.929157632258544 ], [ -91.064588781179353, 32.928951521606308 ], [ -91.064973144544354, 32.928826484634392 ] ] ], [ [ [ -91.066819965436707, 32.931373281478294 ], [ -91.067068227177415, 32.931377122887518 ], [ -91.06727211901341, 32.931496631235078 ], [ -91.067362917270628, 32.931691525293566 ], [ -91.067287782281724, 32.931926134446755 ], [ -91.066521865687164, 32.932321421177456 ], [ -91.066121373075433, 32.932281886744178 ], [ -91.065944537631822, 32.932049585326446 ], [ -91.066014280782312, 32.931779875960984 ], [ -91.066819965436707, 32.931373281478294 ] ] ], [ [ [ -91.068509435570689, 32.934044684677211 ], [ -91.068753822521785, 32.934007604944732 ], [ -91.068948203034097, 32.934069667485211 ], [ -91.069102185950044, 32.934233940302214 ], [ -91.069128910577874, 32.934407758664726 ], [ -91.068969333201451, 32.934648785439038 ], [ -91.068633036752942, 32.934846167478845 ], [ -91.068388647437601, 32.934883246883011 ], [ -91.06810282619405, 32.934748677158531 ], [ -91.068013560935967, 32.934483091017242 ], [ -91.068141529097758, 32.93426535042255 ], [ -91.068509435570689, 32.934044684677211 ] ] ], [ [ [ -91.066571595939493, 32.93518558835455 ], [ -91.066828411410938, 32.93501441063249 ], [ -91.067153544611358, 32.935046503606834 ], [ -91.067356538594211, 32.935263067877905 ], [ -91.067318481762072, 32.935537243721157 ], [ -91.067061665618297, 32.935708422416631 ], [ -91.066736530052268, 32.935676329117797 ], [ -91.066533536741716, 32.935459763873311 ], [ -91.066571595939493, 32.93518558835455 ] ] ], [ [ [ -91.062527156850138, 32.899010124861867 ], [ -91.062866358568812, 32.898826433224805 ], [ -91.063384046187977, 32.898932081904789 ], [ -91.063611138043711, 32.899130829075929 ], [ -91.063605129957637, 32.899406831253927 ], [ -91.063288903561244, 32.899617688537816 ], [ -91.062729603800051, 32.899516588832483 ], [ -91.062502513058206, 32.899317840107202 ], [ -91.062527156850138, 32.899010124861867 ] ] ], [ [ [ -91.061061881785619, 32.91103121874886 ], [ -91.061413856110278, 32.911197000676395 ], [ -91.061445986279722, 32.91153596005848 ], [ -91.061170595568584, 32.911738842320055 ], [ -91.060719894107962, 32.911721234804794 ], [ -91.060492778296236, 32.911522481800169 ], [ -91.06049879882211, 32.911246480666534 ], [ -91.060696170626343, 32.91106945117469 ], [ -91.061061881785619, 32.91103121874886 ] ] ], [ [ [ -91.062852552391163, 32.91393040353843 ], [ -91.063152562729471, 32.914040710724649 ], [ -91.063270940810526, 32.914262265439163 ], [ -91.063195812282487, 32.914496872894212 ], [ -91.062961282855071, 32.914638025902697 ], [ -91.061167612558876, 32.914714494465429 ], [ -91.06094003988612, 32.914630817364348 ], [ -91.060805936594804, 32.9144546003835 ], [ -91.060844000998642, 32.914180426062302 ], [ -91.061100764060768, 32.914009257731202 ], [ -91.062852552391163, 32.91393040353843 ] ] ] ] } },
{ "type": "Feature", "properties": { "depth_bin": "95-100 ft", "bin_order": -97.5, "survey_id": "LM_09_LPM_20200525_CS_4958_4986", "date": "2020-05-25", "year": 2020, "mile": 497.0 }, "geometry": { "type": "MultiPolygon", "coordinates": [ [ [ [ -91.064222082165998, 32.89627892091891 ], [ -91.064561269910783, 32.89609522408746 ], [ -91.065068259637385, 32.896228797272137 ], [ -91.065295348828769, 32.89642754134659 ], [ -91.065289346586511, 32.896703543919116 ], [ -91.065128392712026, 32.896862945926415 ], [ -91.064931526879874, 32.896918956343704 ], [ -91.064424533506923, 32.896785382479614 ], [ -91.06419744547226, 32.896586636871483 ], [ -91.064222082165998, 32.89627892091891 ] ] ], [ [ [ -91.063282844702073, 32.908134319677423 ], [ -91.063580468495445, 32.907955177111482 ], [ -91.064274464818368, 32.908011171904825 ], [ -91.064523581290814, 32.908190183012358 ], [ -91.064549674056352, 32.908465352601119 ], [ -91.064439596699245, 32.908614010300383 ], [ -91.064218557319393, 32.908709312216153 ], [ -91.063524555619921, 32.908653316917025 ], [ -91.0632581993397, 32.908442034651095 ], [ -91.063282844702073, 32.908134319677423 ] ] ], [ [ [ -91.063509056176201, 32.916885347239813 ], [ -91.063784478211872, 32.916736225289327 ], [ -91.064104247948876, 32.916795043099604 ], [ -91.064281050158442, 32.917027346354324 ], [ -91.064211315711972, 32.917297055587234 ], [ -91.063935892556074, 32.917446178428385 ], [ -91.06361612063219, 32.917387360110062 ], [ -91.063439319542837, 32.917155055964692 ], [ -91.063509056176201, 32.916885347239813 ] ] ], [ [ [ -91.063638491902509, 32.91982606328294 ], [ -91.063913923109055, 32.919676941443448 ], [ -91.064233703431057, 32.91973575929201 ], [ -91.064410511439462, 32.919968062489914 ], [ -91.064340774608652, 32.920237771604278 ], [ -91.064065342281737, 32.920386894334548 ], [ -91.063745559772514, 32.920328075977885 ], [ -91.063568752884507, 32.920095771889208 ], [ -91.063638491902509, 32.91982606328294 ] ] ], [ [ [ -91.063906988692622, 32.922762132922067 ], [ -91.064163771845941, 32.922590959217537 ], [ -91.064488858479962, 32.922623057468883 ], [ -91.06469181892507, 32.922839625185276 ], [ -91.064653761229849, 32.923113800623554 ], [ -91.064396977404314, 32.923284975300973 ], [ -91.064071888406204, 32.923252876725073 ], [ -91.063868928633298, 32.92303630803579 ], [ -91.063906988692622, 32.922762132922067 ] ] ], [ [ [ -91.064419108170057, 32.925715896879652 ], [ -91.064802729343043, 32.925820564683022 ], [ -91.064912667020096, 32.926147721159943 ], [ -91.064689462416553, 32.926392027565008 ], [ -91.06424658223996, 32.926462083717155 ], [ -91.063977811424195, 32.926304529457759 ], [ -91.06391986291689, 32.926032842337648 ], [ -91.064072517292487, 32.925826732064486 ], [ -91.064419108170057, 32.925715896879652 ] ] ], [ [ [ -91.06274890682856, 32.926247443913496 ], [ -91.063024359898279, 32.926098324974689 ], [ -91.063344162406494, 32.926157145879642 ], [ -91.063520979928185, 32.926389450499357 ], [ -91.06345123436472, 32.926659158568228 ], [ -91.063175780174205, 32.92680827839802 ], [ -91.062855975478129, 32.926749456984822 ], [ -91.062679159077248, 32.92651715147413 ], [ -91.06274890682856, 32.926247443913496 ] ] ], [ [ [ -91.065104275662122, 32.928742273373658 ], [ -91.065507418534366, 32.928748516328717 ], [ -91.065725238938754, 32.92903467015833 ], [ -91.065595734143741, 32.929323101002069 ], [ -91.065191783987714, 32.929491225287407 ], [ -91.064880344237608, 32.929406255787946 ], [ -91.064731368710298, 32.929160454868359 ], [ -91.064806507652008, 32.928925847318745 ], [ -91.065104275662122, 32.928742273373658 ] ] ], [ [ [ -91.062838609461608, 32.929663819903837 ], [ -91.063095415205723, 32.929492649391058 ], [ -91.063420526438705, 32.929524751312556 ], [ -91.063623499081743, 32.929741321027649 ], [ -91.063585434037847, 32.930015495622541 ], [ -91.063328627621203, 32.930186667108458 ], [ -91.06300351402335, 32.930154564862292 ], [ -91.062800542052827, 32.929937994174061 ], [ -91.062838609461608, 32.929663819903837 ] ] ], [ [ [ -91.067161715558512, 32.931256249173785 ], [ -91.067545363993176, 32.931360909470314 ], [ -91.067662236543072, 32.931653153255809 ], [ -91.06746849572373, 32.931914738030557 ], [ -91.067036512396029, 32.93202201013542 ], [ -91.066750702346226, 32.93188743767444 ], [ -91.066661443613185, 32.931621850707849 ], [ -91.066821021233437, 32.931380826803121 ], [ -91.067161715558512, 32.931256249173785 ] ] ], [ [ [ -91.068715156777685, 32.933936993871036 ], [ -91.06911201896979, 32.93387677872888 ], [ -91.069391876654379, 32.934121589762334 ], [ -91.069331592273244, 32.934425787183066 ], [ -91.06895631044523, 32.934636789737802 ], [ -91.068631177841638, 32.934604701486904 ], [ -91.06842818206384, 32.934388139207087 ], [ -91.068466234810117, 32.934113962833088 ], [ -91.068715156777685, 32.933936993871036 ] ] ], [ [ [ -91.063013033502827, 32.89587094580201 ], [ -91.063269737902246, 32.89569977041959 ], [ -91.063594726259595, 32.89573186746496 ], [ -91.063797626472166, 32.895948435153592 ], [ -91.063759581872461, 32.896222611757871 ], [ -91.063502876801564, 32.896393788112142 ], [ -91.063177886083295, 32.896361690742417 ], [ -91.062974986542216, 32.896145122081919 ], [ -91.063013033502827, 32.89587094580201 ] ] ], [ [ [ -91.062367505808126, 32.898980466375455 ], [ -91.062509836214318, 32.898852781548442 ], [ -91.062748643943451, 32.898795688113175 ], [ -91.062984804677939, 32.898860143083873 ], [ -91.063124864883193, 32.898998489073414 ], [ -91.063338706652274, 32.898932266028027 ], [ -91.063661228373633, 32.898980886034472 ], [ -91.063910319193312, 32.899159897623498 ], [ -91.063936408862062, 32.89943506754669 ], [ -91.063794742771307, 32.899607009601382 ], [ -91.063563717075695, 32.899683576833844 ], [ -91.063201955317155, 32.899622422271889 ], [ -91.06298871692475, 32.899449606756441 ], [ -91.062609189193054, 32.899499464980146 ], [ -91.062342861478911, 32.899288181570455 ], [ -91.062367505808126, 32.898980466375455 ] ] ], [ [ [ -91.061032573520947, 32.901850487671524 ], [ -91.061330179870268, 32.901671349683198 ], [ -91.061860338041413, 32.90172242965474 ], [ -91.062109432440081, 32.901901444910905 ], [ -91.062135516877049, 32.902176614919014 ], [ -91.061845298965508, 32.902412601221066 ], [ -91.061274255904721, 32.902369488634051 ], [ -91.061007923270822, 32.902158202268438 ], [ -91.061032573520947, 32.901850487671524 ] ] ], [ [ [ -91.061028834902345, 32.907768568202322 ], [ -91.061205063239868, 32.907861425999364 ], [ -91.061318036295361, 32.908047880913522 ], [ -91.061193944181966, 32.908371410075617 ], [ -91.060972902238973, 32.908466706144942 ], [ -91.060560980071813, 32.908483651973157 ], [ -91.060260991672791, 32.908373339286925 ], [ -91.060141340837774, 32.908116403888187 ], [ -91.060272116079986, 32.907863355492943 ], [ -91.060493157175259, 32.907768060627099 ], [ -91.061028834902345, 32.907768568202322 ] ] ], [ [ [ -91.062079877375609, 32.910998043313299 ], [ -91.06243801774923, 32.911090215587727 ], [ -91.062605358714663, 32.91128803442421 ], [ -91.062585936565227, 32.911530496554079 ], [ -91.062350310669572, 32.91172207176713 ], [ -91.061207771542968, 32.911752905057128 ], [ -91.060976851211862, 32.911691223804795 ], [ -91.060678084037008, 32.911756793144079 ], [ -91.060483757976655, 32.911694719548876 ], [ -91.060329828440587, 32.911530437587679 ], [ -91.06033584947393, 32.911254436481073 ], [ -91.060571478220908, 32.911062865169711 ], [ -91.060966599612641, 32.911099635707181 ], [ -91.061181556104941, 32.911032765367928 ], [ -91.062079877375609, 32.910998043313299 ] ] ], [ [ [ -91.062817975882922, 32.914051879540224 ], [ -91.063093389968628, 32.913902758766824 ], [ -91.063413149057624, 32.913961577976089 ], [ -91.06358994415838, 32.914193882032187 ], [ -91.063520210306578, 32.914463590999354 ], [ -91.063244795100715, 32.914612712663292 ], [ -91.062925033825181, 32.914553892945996 ], [ -91.062748239844566, 32.91432158799936 ], [ -91.062817975882922, 32.914051879540224 ] ] ], [ [ [ -91.061404388633349, 32.917082728623761 ], [ -91.061679814587976, 32.916933611472601 ], [ -91.061999583354094, 32.916992434643994 ], [ -91.062176380271609, 32.91722474068127 ], [ -91.062106639311793, 32.917494448488142 ], [ -91.061831212236726, 32.917643566529918 ], [ -91.061511441283798, 32.917584742850337 ], [ -91.061334645486738, 32.917352435922467 ], [ -91.061404388633349, 32.917082728623761 ] ] ] ] } },
{ "type": "Feature", "properties": { "depth_bin": "100-105 ft", "bin_order": -102.5, "survey_id": "LM_09_LPM_20200525_CS_4958_4986", "date": "2020-05-25", "year": 2020, "mile": 497.0 }, "geometry": { "type": "MultiPolygon", "coordinates": [ [ [ [ -91.064668825829287, 32.896445967507631 ], [ -91.064966406648082, 32.896266819767362 ], [ -91.065369735256411, 32.896331884858036 ], [ -91.0655968254014, 32.896530628416251 ], [ -91.065590824070455, 32.896806631033435 ], [ -91.065315489720163, 32.897009524928322 ], [ -91.064871280083025, 32.896952428440294 ], [ -91.064644190600418, 32.896753683596231 ], [ -91.064668825829287, 32.896445967507631 ] ] ], [ [ [ -91.063774072432338, 32.899019325124215 ], [ -91.064673429272247, 32.899251246606646 ], [ -91.064862932350508, 32.899434273696684 ], [ -91.064856928077319, 32.899710276065754 ], [ -91.064621339510381, 32.899901857249084 ], [ -91.064373914460958, 32.899918553758354 ], [ -91.063706219314852, 32.899761195812097 ], [ -91.063438966758781, 32.899667878866033 ], [ -91.063285051234857, 32.899503600818782 ], [ -91.063291060335899, 32.899227598697372 ], [ -91.063526649775838, 32.899036020043091 ], [ -91.063774072432338, 32.899019325124215 ] ] ], [ [ [ -91.064681956965146, 32.908000610340281 ], [ -91.064940085105945, 32.908108527314994 ], [ -91.06505975004282, 32.908365458632368 ], [ -91.064928987355671, 32.908618512499132 ], [ -91.064666335851371, 32.908718365284415 ], [ -91.064134857581735, 32.908698057175947 ], [ -91.063888018643937, 32.908442719391772 ], [ -91.063688166853908, 32.908625306162108 ], [ -91.063402462232986, 32.908656542923097 ], [ -91.063185720933035, 32.908554458584817 ], [ -91.06308012602274, 32.908394958465443 ], [ -91.062945225907853, 32.90855178942671 ], [ -91.062714175914252, 32.908628354093942 ], [ -91.061167849050449, 32.908535590602128 ], [ -91.060779570808535, 32.908424926201882 ], [ -91.060630639026513, 32.908179121339863 ], [ -91.060731379408011, 32.907916478435425 ], [ -91.061022778242474, 32.907790849664764 ], [ -91.062771198760927, 32.907916435889391 ], [ -91.06298793802975, 32.908018520881257 ], [ -91.063093532358607, 32.908178021064856 ], [ -91.063298968740014, 32.907982995042033 ], [ -91.063584671207622, 32.907951758435523 ], [ -91.063801411568363, 32.908053842053349 ], [ -91.063911258256695, 32.908228860185105 ], [ -91.064149363427603, 32.908031729734311 ], [ -91.064681956965146, 32.908000610340281 ] ] ], [ [ [ -91.063256472920799, 32.91390257662276 ], [ -91.063992207150775, 32.91392019189616 ], [ -91.064202094956698, 32.914086669883432 ], [ -91.064246047987169, 32.914292758341595 ], [ -91.064118101804326, 32.914510496314172 ], [ -91.06389704711394, 32.914605797019078 ], [ -91.063324320247645, 32.914618166806001 ], [ -91.063024307762518, 32.914507859961638 ], [ -91.062904641467654, 32.914250926844133 ], [ -91.063035418932174, 32.913997875833388 ], [ -91.063256472920799, 32.91390257662276 ] ] ], [ [ [ -91.064394459863706, 32.916682566499489 ], [ -91.06458879969891, 32.91674463447017 ], [ -91.064742745911431, 32.916908911681048 ], [ -91.06476945851368, 32.917082730922374 ], [ -91.064670257166938, 32.917274684187063 ], [ -91.064461335498393, 32.917387802231154 ], [ -91.064055274299889, 32.917430136120814 ], [ -91.063743877464702, 32.917345165240803 ], [ -91.063594923637552, 32.917099363384551 ], [ -91.063695666871666, 32.916836718493393 ], [ -91.063904588115818, 32.916723601708682 ], [ -91.064394459863706, 32.916682566499489 ] ] ], [ [ [ -91.06456409723674, 32.919615547683023 ], [ -91.06487100312215, 32.919836057321952 ], [ -91.064897716558264, 32.920009876500941 ], [ -91.0647985118854, 32.920201829671697 ], [ -91.064589583291664, 32.920314947631091 ], [ -91.064184856540081, 32.920370631018251 ], [ -91.063873449404866, 32.9202856601121 ], [ -91.063724490705823, 32.920039858323314 ], [ -91.063825237349889, 32.9197772135538 ], [ -91.064034165549884, 32.919664096853005 ], [ -91.06456409723674, 32.919615547683023 ] ] ], [ [ [ -91.064484625047044, 32.922543157101217 ], [ -91.06487854974732, 32.922615608589219 ], [ -91.065025976538593, 32.92293210172641 ], [ -91.064832248528006, 32.923193683173082 ], [ -91.064392438933027, 32.92327556957553 ], [ -91.06410666065743, 32.923140992076902 ], [ -91.064017417355174, 32.922875403488383 ], [ -91.064176985024233, 32.922634382327246 ], [ -91.064484625047044, 32.922543157101217 ] ] ], [ [ [ -91.064294040014261, 32.925807742613436 ], [ -91.064569489265693, 32.925658620109949 ], [ -91.064889291435449, 32.925717437041342 ], [ -91.065066112296805, 32.925949739606189 ], [ -91.064996371794905, 32.926219448742643 ], [ -91.064720921422833, 32.926368572137129 ], [ -91.064401117065202, 32.926309754697591 ], [ -91.064224297324472, 32.926077451241731 ], [ -91.064294040014261, 32.925807742613436 ] ] ], [ [ [ -91.065096823881845, 32.928799975273876 ], [ -91.065372281419101, 32.92865085136107 ], [ -91.065692094898068, 32.928709666629004 ], [ -91.065868923467519, 32.928941968250662 ], [ -91.065799182557242, 32.929211677716793 ], [ -91.065523723899275, 32.929360802520705 ], [ -91.06520390823205, 32.92930198674464 ], [ -91.065027080783324, 32.929069684231848 ], [ -91.065096823881845, 32.928799975273876 ] ] ], [ [ [ -91.067030886922623, 32.931341891923587 ], [ -91.067306349540758, 32.931192763973549 ], [ -91.067626173624376, 32.931251574651967 ], [ -91.067803012110389, 32.931483873820312 ], [ -91.067733274619656, 32.931753584406515 ], [ -91.067457810880825, 32.931902713247837 ], [ -91.067137984608607, 32.931843902061331 ], [ -91.066961147243276, 32.931611602001716 ], [ -91.067030886922623, 32.931341891923587 ] ] ], [ [ [ -91.064855818073141, 32.932283819362226 ], [ -91.065131287097998, 32.932134696474911 ], [ -91.065451112810905, 32.932193512787933 ], [ -91.065627947194372, 32.932425814862164 ], [ -91.0655582022723, 32.932695523923293 ], [ -91.065282732126519, 32.932844647701856 ], [ -91.064962904224998, 32.932785830880611 ], [ -91.064786070962455, 32.93255352791514 ], [ -91.064855818073141, 32.932283819362226 ] ] ], [ [ [ -91.06876927567653, 32.933945722930815 ], [ -91.069044743879289, 32.933796591395414 ], [ -91.069364578633795, 32.933855397987699 ], [ -91.069541426626387, 32.934087694962656 ], [ -91.069471691909101, 32.934357406533202 ], [ -91.069196222585703, 32.934506538960015 ], [ -91.068876385642227, 32.934447731859727 ], [ -91.068699538770275, 32.934215433993359 ], [ -91.06876927567653, 32.933945722930815 ] ] ], [ [ [ -91.06287893154304, 32.895798714807228 ], [ -91.063154287390603, 32.895649591384036 ], [ -91.063473981509517, 32.895708408162577 ], [ -91.063650742965464, 32.895940711430697 ], [ -91.063581026503471, 32.896210421713761 ], [ -91.063305669536732, 32.896359546026858 ], [ -91.062985973233253, 32.89630072874057 ], [ -91.062809212896497, 32.896068424582552 ], [ -91.06287893154304, 32.895798714807228 ] ] ], [ [ [ -91.061895853376981, 32.901738734488475 ], [ -91.062962126287857, 32.901963805931203 ], [ -91.063111055146805, 32.902209608096996 ], [ -91.063010329043408, 32.902472253648305 ], [ -91.062718950601905, 32.902597887908286 ], [ -91.061756386092895, 32.902442509668248 ], [ -91.061527756416197, 32.902293536512389 ], [ -91.061315373611379, 32.902382465481523 ], [ -91.061108074473225, 32.902370648110171 ], [ -91.060904256230444, 32.902251131963403 ], [ -91.060813499093442, 32.902056233985803 ], [ -91.060914231058547, 32.901793590412979 ], [ -91.061205609135044, 32.901667960343708 ], [ -91.061448128280929, 32.901712580224945 ], [ -91.061599925154795, 32.901833299889809 ], [ -91.061895853376981, 32.901738734488475 ] ] ], [ [ [ -91.06322036212417, 32.910999057499659 ], [ -91.063478496851005, 32.911106977703135 ], [ -91.063596872234612, 32.911328532092007 ], [ -91.063521747440944, 32.911563139971051 ], [ -91.063287226484562, 32.91170429396071 ], [ -91.062266027903718, 32.911746441377659 ], [ -91.062079849259305, 32.911668602693588 ], [ -91.061949006083026, 32.91150053740823 ], [ -91.061772858137459, 32.911693969969569 ], [ -91.061492148172363, 32.911748673644475 ], [ -91.06126458261194, 32.911664997368092 ], [ -91.061130482827011, 32.911488780799175 ], [ -91.061168544486449, 32.911214606171868 ], [ -91.061425298091308, 32.911043436755278 ], [ -91.06175034133733, 32.911075540584619 ], [ -91.061950011700318, 32.911283961433199 ], [ -91.062240559099621, 32.911047040820584 ], [ -91.06322036212417, 32.910999057499659 ] ] ], [ [ [ -91.061869130542291, 32.923148509818347 ], [ -91.062144575106828, 32.922999392448304 ], [ -91.062464365865537, 32.923058215197997 ], [ -91.062641175275829, 32.923290520857805 ], [ -91.062571429990712, 32.923560228552745 ], [ -91.06229598430545, 32.923709346813631 ], [ -91.061976191359264, 32.923650523555693 ], [ -91.061799383069669, 32.923418217005043 ], [ -91.061869130542291, 32.923148509818347 ] ] ], [ [ [ -91.062862467387177, 32.926123043491941 ], [ -91.063246088209894, 32.926227716067729 ], [ -91.06336294052916, 32.926519963328772 ], [ -91.063169199379942, 32.926781541582066 ], [ -91.062736192609364, 32.926884736929821 ], [ -91.062450405714401, 32.926750155376858 ], [ -91.062361164362812, 32.926484565798795 ], [ -91.062520743409564, 32.92624354729255 ], [ -91.062862467387177, 32.926123043491941 ] ] ], [ [ [ -91.060647143664582, 32.904894897204592 ], [ -91.060922531966995, 32.904745780091943 ], [ -91.061494879408954, 32.904789233722923 ], [ -91.061721981139371, 32.90498798455144 ], [ -91.061715965847711, 32.905263986161778 ], [ -91.061399713661061, 32.905474837536275 ], [ -91.060827361891725, 32.90543138331136 ], [ -91.060586854610634, 32.905199091372474 ], [ -91.060647143664582, 32.904894897204592 ] ] ], [ [ [ -91.060705457089327, 32.914169756089599 ], [ -91.060980874852305, 32.914020640122096 ], [ -91.061300632680755, 32.914079464702041 ], [ -91.061477422321474, 32.914311771547602 ], [ -91.061407682008465, 32.914581479088994 ], [ -91.061132263125131, 32.914730595946985 ], [ -91.060812503110228, 32.914671770858874 ], [ -91.06063571458985, 32.914439463122811 ], [ -91.060705457089327, 32.914169756089599 ] ] ], [ [ [ -91.061065817602511, 32.920183244421672 ], [ -91.06134125396953, 32.920034128465119 ], [ -91.061661033517836, 32.92009295288193 ], [ -91.061837835271533, 32.920325259485907 ], [ -91.061768090368759, 32.920594966848903 ], [ -91.061492652881114, 32.920744083696157 ], [ -91.061172871145686, 32.920685258771108 ], [ -91.060996070512616, 32.920452951276424 ], [ -91.061065817602511, 32.920183244421672 ] ] ] ] } },
{ "type": "Feature", "properties": { "depth_bin": "105-110 ft", "bin_order": -107.5, "survey_id": "LM_09_LPM_20200525_CS_4958_4986", "date": "2020-05-25", "year": 2020, "mile": 497.0 }, "geometry": { "type": "MultiPolygon", "coordinates": [ [ [ [ -91.064976590468206, 32.896537338540497 ], [ -91.065118913189508, 32.896409650409751 ], [ -91.065357712860674, 32.896352551660627 ], [ -91.065984012358825, 32.896516717496326 ], [ -91.066319067519345, 32.896715300172815 ], [ -91.06635121410352, 32.897054259534364 ], [ -91.066190261393572, 32.897213662948218 ], [ -91.065951459832732, 32.897270763215168 ], [ -91.065179046681649, 32.897043799040276 ], [ -91.064951956259335, 32.896845054724139 ], [ -91.064976590468206, 32.896537338540497 ] ] ], [ [ [ -91.064638131803861, 32.919586882002712 ], [ -91.065038566567509, 32.919626419122913 ], [ -91.065222060641076, 32.919929200645932 ], [ -91.065059672677535, 32.92020553793072 ], [ -91.064626669144204, 32.920309661391897 ], [ -91.064326636030032, 32.920199356997564 ], [ -91.064206959097405, 32.919942424924479 ], [ -91.064337742146634, 32.919689372940887 ], [ -91.064638131803861, 32.919586882002712 ] ] ], [ [ [ -91.064839900448405, 32.922461643033778 ], [ -91.065223508331115, 32.92256630909349 ], [ -91.065333444174271, 32.922893465268984 ], [ -91.065110249332079, 32.923137772892176 ], [ -91.064668126035542, 32.923206590315544 ], [ -91.064399363973735, 32.923049037223393 ], [ -91.064341415771509, 32.922777350196213 ], [ -91.06449406320769, 32.922571239062712 ], [ -91.064839900448405, 32.922461643033778 ] ] ], [ [ [ -91.065382818444846, 32.925437898656853 ], [ -91.065625404365434, 32.92548251275273 ], [ -91.065797717979663, 32.925633270892 ], [ -91.065841679057357, 32.925839358778198 ], [ -91.065742469218648, 32.926031312364046 ], [ -91.064874798225347, 32.926324109431526 ], [ -91.064521748914331, 32.926243689143341 ], [ -91.064372779249965, 32.925997887911969 ], [ -91.064473531680136, 32.925735243035362 ], [ -91.065382818444846, 32.925437898656853 ] ] ], [ [ [ -91.065711549914752, 32.928536188275821 ], [ -91.066053562892961, 32.92864540266185 ], [ -91.066163508189149, 32.928972558198232 ], [ -91.065976688600315, 32.929199230273618 ], [ -91.065509888076818, 32.92931068304928 ], [ -91.065241106521626, 32.929153131174047 ], [ -91.065183152715093, 32.928881444544942 ], [ -91.065335809480075, 32.92867533288905 ], [ -91.065711549914752, 32.928536188275821 ] ] ], [ [ [ -91.067506630482711, 32.931071710197308 ], [ -91.067907118512792, 32.931111240015923 ], [ -91.0680893537656, 32.931378639910498 ], [ -91.067959852706736, 32.931667073261465 ], [ -91.067560672314642, 32.931845290422956 ], [ -91.067249221852379, 32.931760326472116 ], [ -91.067100236011882, 32.931514528076995 ], [ -91.067200987598781, 32.931251881151866 ], [ -91.067506630482711, 32.931071710197308 ] ] ], [ [ [ -91.069194839639437, 32.933675005267659 ], [ -91.069560398226969, 32.933665518914033 ], [ -91.069810454027419, 32.933932282222287 ], [ -91.069715103628155, 32.93423003236645 ], [ -91.069334472368084, 32.934431160456924 ], [ -91.069014635583557, 32.934372353716732 ], [ -91.068837788479627, 32.934140056035694 ], [ -91.06890752489889, 32.933870344875153 ], [ -91.069194839639437, 32.933675005267659 ] ] ], [ [ [ -91.066455665336306, 32.935229568163329 ], [ -91.066731141254124, 32.935080442051941 ], [ -91.067050978748199, 32.935139254673139 ], [ -91.067227822900065, 32.93537155475039 ], [ -91.06715808001141, 32.935641264679298 ], [ -91.066882602972655, 32.935790391682076 ], [ -91.066562763289582, 32.935731578552712 ], [ -91.066385920258625, 32.935499277584064 ], [ -91.066455665336306, 32.935229568163329 ] ] ], [ [ [ -91.064448730640095, 32.8927746528162 ], [ -91.064724074408375, 32.892625525419781 ], [ -91.06504375900893, 32.892684337843441 ], [ -91.065220519082914, 32.892916638925932 ], [ -91.065150810185145, 32.893186350472888 ], [ -91.064875465297973, 32.893335478759134 ], [ -91.064555778513125, 32.893276665827891 ], [ -91.064379019558032, 32.893044363855559 ], [ -91.064448730640095, 32.8927746528162 ] ] ], [ [ [ -91.064265775239974, 32.899409772688095 ], [ -91.064582748564405, 32.899256096505297 ], [ -91.065105657512248, 32.89935038482551 ], [ -91.065332754398966, 32.899549129037368 ], [ -91.065326751556626, 32.899825131478089 ], [ -91.065010527476176, 32.900035993202621 ], [ -91.064446006185165, 32.899946254417245 ], [ -91.06420550317543, 32.89971396945235 ], [ -91.064265775239974, 32.899409772688095 ] ] ], [ [ [ -91.062808821340781, 32.907921460780081 ], [ -91.063575907554096, 32.907992884816288 ], [ -91.063729837513748, 32.908157162860498 ], [ -91.063749628307349, 32.908365892925175 ], [ -91.063597005310839, 32.908572004432536 ], [ -91.063365955762308, 32.908648570323976 ], [ -91.062793185160785, 32.908639214937359 ], [ -91.062507455409005, 32.908504635319488 ], [ -91.062418229361512, 32.908239045724422 ], [ -91.062577772909677, 32.90799802525882 ], [ -91.062808821340781, 32.907921460780081 ] ] ], [ [ [ -91.064117292616402, 32.908153203223634 ], [ -91.064392685876697, 32.908004078693246 ], [ -91.064964838100636, 32.908052849661416 ], [ -91.065191955875974, 32.908251594681438 ], [ -91.065185950600195, 32.90852759671462 ], [ -91.06486969417071, 32.908738456644308 ], [ -91.064297537628107, 32.908689685083552 ], [ -91.064057012558251, 32.908457399275619 ], [ -91.064117292616402, 32.908153203223634 ] ] ], [ [ [ -91.064076857169283, 32.911001697358046 ], [ -91.064391626728707, 32.911064459656373 ], [ -91.064558972133483, 32.911262276036091 ], [ -91.064539555307221, 32.911504738668683 ], [ -91.064342189829773, 32.911681774470068 ], [ -91.063284378007069, 32.911718075755601 ], [ -91.062953356628697, 32.911523996475609 ], [ -91.062927268418917, 32.911248826830679 ], [ -91.063139495544476, 32.911038692151976 ], [ -91.064076857169283, 32.911001697358046 ] ] ], [ [ [ -91.064684311000121, 32.913846364194129 ], [ -91.064942455752515, 32.913954281698722 ], [ -91.065055443903304, 32.914140733639769 ], [ -91.065026579982586, 32.914348710029415 ], [ -91.064865592052641, 32.914508110070145 ], [ -91.063933374848048, 32.914597741275202 ], [ -91.063623250289709, 32.914434351677961 ], [ -91.063565308723796, 32.914162664233693 ], [ -91.063752100659883, 32.913935994306037 ], [ -91.064684311000121, 32.913846364194129 ] ] ], [ [ [ -91.064801775079331, 32.916675746502854 ], [ -91.065068158858608, 32.916887026266423 ], [ -91.065021284368939, 32.917224761400469 ], [ -91.064745862709671, 32.917373886088036 ], [ -91.064262253893361, 32.917319408440811 ], [ -91.064085451193009, 32.917087105150003 ], [ -91.064155185819857, 32.916817395986868 ], [ -91.064389719400367, 32.916676240926165 ], [ -91.064801775079331, 32.916675746502854 ] ] ], [ [ [ -91.062174720273973, 32.902005893383809 ], [ -91.062533644093051, 32.901851136105144 ], [ -91.063487481097084, 32.902048363749316 ], [ -91.063714580789707, 32.902247110943215 ], [ -91.063708572308968, 32.902523113000413 ], [ -91.063547604627402, 32.902682512334579 ], [ -91.063308786761368, 32.902739606894677 ], [ -91.062354942888973, 32.902542377645901 ], [ -91.062114438884066, 32.902310088688722 ], [ -91.062174720273973, 32.902005893383809 ] ] ], [ [ [ -91.060467288519519, 32.904885074589735 ], [ -91.060609631437686, 32.904757392494474 ], [ -91.060848456255798, 32.90470030337756 ], [ -91.061202285062762, 32.904868843929087 ], [ -91.061492179108697, 32.904778733562864 ], [ -91.062388532542613, 32.904844578164855 ], [ -91.063055520218086, 32.905016895989917 ], [ -91.063352087592193, 32.904980387888678 ], [ -91.063620794710218, 32.905137941567354 ], [ -91.063678732003538, 32.905409629144039 ], [ -91.063526114280663, 32.905615740839181 ], [ -91.06325313300853, 32.905693394044356 ], [ -91.062982110543047, 32.905606061184507 ], [ -91.062726925945952, 32.90564840421851 ], [ -91.061393209993156, 32.90549173772088 ], [ -91.061122626666986, 32.905331420553956 ], [ -91.060749482124038, 32.905413306845269 ], [ -91.060442634928094, 32.90519278883005 ], [ -91.060467288519519, 32.904885074589735 ] ] ], [ [ [ -91.060053027025262, 32.907929594739855 ], [ -91.060328425923643, 32.907780479392024 ], [ -91.06064816099888, 32.907839304846789 ], [ -91.060824937325805, 32.908071612309847 ], [ -91.060755200937606, 32.908341319849484 ], [ -91.06047980091914, 32.908490436087575 ], [ -91.060160063658174, 32.908431610124687 ], [ -91.059983288451335, 32.908199301771383 ], [ -91.060053027025262, 32.907929594739855 ] ] ] ] } },
{ "type": "Feature", "properties": { "depth_bin": "110-115 ft", "bin_order": -112.5, "survey_id": "LM_09_LPM_20200525_CS_4958_4986", "date": "2020-05-25", "year": 2020, "mile": 497.0 }, "geometry": { "type": "MultiPolygon", "coordinates": [ [ [ [ -91.064647465082558, 32.892584022620319 ], [ -91.067283493761778, 32.893590803309188 ], [ -91.067432422018598, 32.893836600557513 ], [ -91.067331719271351, 32.894099250750322 ], [ -91.067040374462934, 32.894224896492055 ], [ -91.066683694844116, 32.894145555872548 ], [ -91.064431212611893, 32.893259551543871 ], [ -91.064279865634745, 32.893139481337549 ], [ -91.064212188946058, 32.892938019022516 ], [ -91.064342928246589, 32.89268496452631 ], [ -91.064647465082558, 32.892584022620319 ] ] ], [ [ [ -91.065757236940129, 32.896757627959168 ], [ -91.066116133399461, 32.896602859247906 ], [ -91.066616754542395, 32.896759894753352 ], [ -91.06681966458568, 32.89697645786098 ], [ -91.066781628650503, 32.8972506356724 ], [ -91.066442440646497, 32.897434338506194 ], [ -91.065899880587295, 32.897278390354835 ], [ -91.065687526036058, 32.897027339597791 ], [ -91.065757236940129, 32.896757627959168 ] ] ], [ [ [ -91.065181467750378, 32.899366931701088 ], [ -91.065852002678213, 32.899629773846605 ], [ -91.065970370303745, 32.899851326022812 ], [ -91.065895262977946, 32.900085936328118 ], [ -91.065700533519234, 32.900215785329614 ], [ -91.065216482114309, 32.900173602559306 ], [ -91.064846370703137, 32.900015489516342 ], [ -91.064692451920209, 32.899851213092646 ], [ -91.064698456735883, 32.899575210756652 ], [ -91.064934044242037, 32.899383629380154 ], [ -91.065181467750378, 32.899366931701088 ] ] ], [ [ [ -91.064723645233897, 32.922582351274158 ], [ -91.064999083530239, 32.922433227352997 ], [ -91.065318874541575, 32.922492042793131 ], [ -91.065495690577421, 32.922724344666648 ], [ -91.06542595440979, 32.92299405431659 ], [ -91.065150514993022, 32.923143179128644 ], [ -91.064830721794124, 32.923084363180443 ], [ -91.064653906878704, 32.922852060416027 ], [ -91.064723645233897, 32.922582351274158 ] ] ], [ [ [ -91.065225816718126, 32.925558837050836 ], [ -91.065501263718758, 32.925409712400032 ], [ -91.065821065742256, 32.925468526937252 ], [ -91.065997888647587, 32.925700828263516 ], [ -91.065928151182618, 32.925970538042499 ], [ -91.065652703061446, 32.926119663584338 ], [ -91.065332898850059, 32.926060848539024 ], [ -91.065156077065268, 32.925828546321746 ], [ -91.065225816718126, 32.925558837050836 ] ] ], [ [ [ -91.066163604462531, 32.92837861141598 ], [ -91.066533227547922, 32.928514482130439 ], [ -91.066624021447538, 32.928709376641095 ], [ -91.066589759090917, 32.928882251743701 ], [ -91.06642874616368, 32.929041652577368 ], [ -91.06605721484172, 32.929186307029546 ], [ -91.065729938684441, 32.929181240430978 ], [ -91.065502768588672, 32.928982494989292 ], [ -91.065508777575559, 32.928706493808427 ], [ -91.065669791453175, 32.928547094191494 ], [ -91.066163604462531, 32.92837861141598 ] ] ], [ [ [ -91.067453973306698, 32.93113613578911 ], [ -91.067729434606761, 32.930987006851232 ], [ -91.068049258293016, 32.931045816430874 ], [ -91.068226097535174, 32.931278115033074 ], [ -91.068156361511171, 32.931547825917463 ], [ -91.067880899090468, 32.931696955746609 ], [ -91.067561073215614, 32.931638145658923 ], [ -91.067384235094082, 32.93140584616544 ], [ -91.067453973306698, 32.93113613578911 ] ] ], [ [ [ -91.064702814897416, 32.932332646657635 ], [ -91.064978284317348, 32.932183524124078 ], [ -91.065298110082665, 32.932242340831294 ], [ -91.065474944145194, 32.932474643109259 ], [ -91.065405198716803, 32.932744352064304 ], [ -91.065129728175918, 32.932893475489095 ], [ -91.064809900222002, 32.932834658273656 ], [ -91.064633067280411, 32.93260235510445 ], [ -91.064702814897416, 32.932332646657635 ] ] ], [ [ [ -91.069174130020471, 32.933713683617199 ], [ -91.069449596849651, 32.933564551131717 ], [ -91.069769431098379, 32.933623356668114 ], [ -91.069946279749303, 32.933855653099918 ], [ -91.069876546468805, 32.934125364958177 ], [ -91.069601078519014, 32.934274498335093 ], [ -91.069281242081288, 32.934215692290707 ], [ -91.06910439455099, 32.933983394967498 ], [ -91.069174130020471, 32.933713683617199 ] ] ], [ [ [ -91.06465158790995, 32.902201958687215 ], [ -91.064909699540777, 32.902309875192913 ], [ -91.065028067991463, 32.902531428217507 ], [ -91.064927347056496, 32.902794075498392 ], [ -91.06467757987599, 32.902915164205687 ], [ -91.063351299054375, 32.902723136704928 ], [ -91.063175078222542, 32.902630282158647 ], [ -91.063062107475687, 32.902443828882433 ], [ -91.063131831371393, 32.902174119382877 ], [ -91.063407207125962, 32.902024996263755 ], [ -91.06465158790995, 32.902201958687215 ] ] ], [ [ [ -91.064604367296482, 32.908201393294263 ], [ -91.064879759949136, 32.908052267666392 ], [ -91.065450630973899, 32.908091671594008 ], [ -91.065677749976189, 32.908290415773621 ], [ -91.065671746198731, 32.908566417884394 ], [ -91.065355490714651, 32.908777279080361 ], [ -91.06478461536723, 32.908737874560209 ], [ -91.064544088851719, 32.908505589639738 ], [ -91.064604367296482, 32.908201393294263 ] ] ], [ [ [ -91.0648907876826, 32.910998118853456 ], [ -91.065107536907973, 32.91110020048945 ], [ -91.065220522096496, 32.911286652239795 ], [ -91.065191659835278, 32.911494628805961 ], [ -91.065064835020209, 32.911633469928482 ], [ -91.064466488186227, 32.911718717853574 ], [ -91.06417933287328, 32.911691284472944 ], [ -91.063975489521013, 32.911571772558069 ], [ -91.063886256431203, 32.911306183857413 ], [ -91.064045802036063, 32.911065161685087 ], [ -91.064276857455297, 32.910988594775588 ], [ -91.0648907876826, 32.910998118853456 ] ] ], [ [ [ -91.065169479005291, 32.913801391591981 ], [ -91.065427624271351, 32.913909308111641 ], [ -91.06554061341069, 32.914095759650714 ], [ -91.065511750639686, 32.914303736196537 ], [ -91.065350763633091, 32.914463136898959 ], [ -91.064461950615666, 32.914559710919747 ], [ -91.064109957165698, 32.914393936959769 ], [ -91.064052014119881, 32.914122249685384 ], [ -91.064238804762184, 32.913895578979272 ], [ -91.065169479005291, 32.913801391591981 ] ] ], [ [ [ -91.065084505377811, 32.916634530170469 ], [ -91.065391402710361, 32.916855038296042 ], [ -91.065366760634078, 32.917162753461625 ], [ -91.065069108414235, 32.917341899024095 ], [ -91.06462177819165, 32.917306444576738 ], [ -91.06441882985969, 32.917089877040631 ], [ -91.064456884726695, 32.916815701355652 ], [ -91.064673884795965, 32.91665583602267 ], [ -91.065084505377811, 32.916634530170469 ] ] ], [ [ [ -91.064602508044231, 32.919688971206867 ], [ -91.064877937306605, 32.919539847162618 ], [ -91.06519771790677, 32.919598662549575 ], [ -91.065374528252718, 32.91983096447094 ], [ -91.065304794449645, 32.920100674241652 ], [ -91.065029364067001, 32.920249799176702 ], [ -91.064709581279601, 32.920190983281714 ], [ -91.064532772053923, 32.919958680469556 ], [ -91.064602508044231, 32.919688971206867 ] ] ], [ [ [ -91.062728307272053, 32.895748748113412 ], [ -91.063003663195758, 32.89559962502468 ], [ -91.06332335701704, 32.895658442178693 ], [ -91.063500117975877, 32.895890745643342 ], [ -91.063430401108533, 32.896160455828884 ], [ -91.063155044065624, 32.8963095798075 ], [ -91.062835348059807, 32.896250762145733 ], [ -91.06265858822016, 32.896018457791193 ], [ -91.062728307272053, 32.895748748113412 ] ] ], [ [ [ -91.06073594540041, 32.901769031941498 ], [ -91.061011323607431, 32.901619914197049 ], [ -91.061331037282173, 32.901678737151549 ], [ -91.061507804035116, 32.901911043475216 ], [ -91.06143807550805, 32.902180751903629 ], [ -91.061162696181327, 32.902329870538125 ], [ -91.060842980321482, 32.902271047075644 ], [ -91.060666214688226, 32.902038739861943 ], [ -91.06073594540041, 32.901769031941498 ] ] ], [ [ [ -91.060327513419722, 32.904841678295469 ], [ -91.06060290205194, 32.904692561900028 ], [ -91.060922626345643, 32.904751386273404 ], [ -91.061099397691123, 32.904983693254692 ], [ -91.061029665039754, 32.905253401194351 ], [ -91.060754275287664, 32.905402518479939 ], [ -91.060434548808516, 32.90534369359851 ], [ -91.060257778582951, 32.905111385727068 ], [ -91.060327513419722, 32.904841678295469 ] ] ], [ [ [ -91.062588265999935, 32.905091424427617 ], [ -91.062947201899078, 32.904936666469077 ], [ -91.063676011597522, 32.905016644423291 ], [ -91.06389074127685, 32.905117138135459 ], [ -91.06448195784904, 32.905118516029631 ], [ -91.064750667501102, 32.905276067364589 ], [ -91.064808608342943, 32.905547754543129 ], [ -91.064687594673714, 32.905730583263278 ], [ -91.064424951627089, 32.905830435891211 ], [ -91.063975532830241, 32.905797796807157 ], [ -91.063760801443451, 32.90569730318645 ], [ -91.062848244151652, 32.905649672189917 ], [ -91.062541390694903, 32.905429159113815 ], [ -91.062588265999935, 32.905091424427617 ] ] ], [ [ [ -91.062284085161409, 32.926373558411925 ], [ -91.062559539360137, 32.926224440544644 ], [ -91.062879341948133, 32.926283262644205 ], [ -91.063056158453691, 32.926515567881836 ], [ -91.062986411373359, 32.926785275629939 ], [ -91.062710956053792, 32.926934394388162 ], [ -91.062391151277936, 32.926875571780336 ], [ -91.062214335893216, 32.926643265651734 ], [ -91.062284085161409, 32.926373558411925 ] ] ], [ [ [ -91.063069612193601, 32.929531016621127 ], [ -91.063397283952426, 32.929667983223993 ], [ -91.063468666294114, 32.930002652737144 ], [ -91.063256392272251, 32.930212785720883 ], [ -91.06277324382657, 32.930274648992935 ], [ -91.062524071456039, 32.930095632823765 ], [ -91.062497982128619, 32.929820463707905 ], [ -91.062673866925536, 32.929627967374991 ], [ -91.063069612193601, 32.929531016621127 ] ] ] ] } },
{ "type": "Feature", "properties": { "depth_bin": "115-120 ft", "bin_order": -117.5, "survey_id": "LM_09_LPM_20200525_CS_4958_4986", "date": "2020-05-25", "year": 2020, "mile": 497.0 }, "geometry": { "type": "MultiPolygon", "coordinates": [ [ [ [ -91.066776815179665, 32.893751037771594 ], [ -91.067074382713088, 32.893571884445642 ], [ -91.06747542113493, 32.893644981135104 ], [ -91.067932305177536, 32.893870149199557 ], [ -91.068023070768092, 32.894065042515834 ], [ -91.067988827974347, 32.894237919502338 ], [ -91.067827883450178, 32.894397325391459 ], [ -91.067589090434637, 32.894454429132125 ], [ -91.066979276281756, 32.89425749571248 ], [ -91.066752188455951, 32.894058754699429 ], [ -91.066776815179665, 32.893751037771594 ] ] ], [ [ [ -91.066211944521129, 32.896910028204047 ], [ -91.066528905603619, 32.896756346570299 ], [ -91.067050438213855, 32.896855169386036 ], [ -91.067277533549714, 32.897053910062688 ], [ -91.067271537311157, 32.897329912931013 ], [ -91.066955326768152, 32.897540780157598 ], [ -91.066392183074456, 32.897446507575978 ], [ -91.066151681205866, 32.897214226331961 ], [ -91.066211944521129, 32.896910028204047 ] ] ], [ [ [ -91.065450755851401, 32.908064251245513 ], [ -91.066101281472314, 32.908129497458447 ], [ -91.066328402083329, 32.90832824051148 ], [ -91.066322400315926, 32.908604242726781 ], [ -91.06612504498473, 32.908781281793154 ], [ -91.065026066350612, 32.908766743357795 ], [ -91.064736438088545, 32.908578504158427 ], [ -91.064710344727843, 32.908303334590684 ], [ -91.064922560399538, 32.908093196371688 ], [ -91.065450755851401, 32.908064251245513 ] ] ], [ [ [ -91.065003483816042, 32.922456239681338 ], [ -91.065642962907972, 32.922344986098892 ], [ -91.065859740066315, 32.92244706731293 ], [ -91.065972740056864, 32.922633518656689 ], [ -91.065958735594265, 32.922808393556053 ], [ -91.065708224223229, 32.923033075345352 ], [ -91.065102872472693, 32.923102920477355 ], [ -91.064853714528994, 32.922923909334237 ], [ -91.064827618907344, 32.92264874021749 ], [ -91.065003483816042, 32.922456239681338 ] ] ], [ [ [ -91.065353191341387, 32.92553271011576 ], [ -91.065609980150072, 32.925361533702926 ], [ -91.065935077589884, 32.925393628571499 ], [ -91.066138047661582, 32.92561019421219 ], [ -91.066099992774667, 32.925884370097862 ], [ -91.065843203293824, 32.926055547483713 ], [ -91.065518103489552, 32.926023452290671 ], [ -91.06531513409, 32.925806885676941 ], [ -91.065353191341387, 32.92553271011576 ] ] ], [ [ [ -91.066720248415422, 32.928164398691784 ], [ -91.066966859348824, 32.928188742441193 ], [ -91.067131493298504, 32.928295717318328 ], [ -91.067222288334932, 32.928490611440786 ], [ -91.067169389791474, 32.928695200387473 ], [ -91.0669906269206, 32.928840525070243 ], [ -91.06650133562394, 32.929014758660948 ], [ -91.066136454973261, 32.928993975364847 ], [ -91.065933477602698, 32.928777409545994 ], [ -91.065971534705611, 32.92850323389586 ], [ -91.0661502984604, 32.928357910701095 ], [ -91.066720248415422, 32.928164398691784 ] ] ], [ [ [ -91.068033655282449, 32.930883089238797 ], [ -91.068417303294893, 32.930987746840792 ], [ -91.068534178329358, 32.931279989914678 ], [ -91.068374605440184, 32.931521016191049 ], [ -91.067915459662061, 32.931659720802195 ], [ -91.067629649313091, 32.931525150339404 ], [ -91.06754038822649, 32.931259563902742 ], [ -91.067668352466924, 32.931041823557962 ], [ -91.068033655282449, 32.930883089238797 ] ] ], [ [ [ -91.069630544350431, 32.933418844363651 ], [ -91.070031044210936, 32.933458367782805 ], [ -91.070213290469567, 32.93372576489741 ], [ -91.070112544478462, 32.93398841438038 ], [ -91.069690038476693, 32.93419514149101 ], [ -91.069378577576202, 32.934110182501236 ], [ -91.069229582105478, 32.933864386370196 ], [ -91.069304713931302, 32.933629775988301 ], [ -91.069630544350431, 32.933418844363651 ] ] ], [ [ [ -91.06535794674825, 32.899690481703082 ], [ -91.065633311115562, 32.899541353197151 ], [ -91.06595302106291, 32.899600164178231 ], [ -91.066129796384203, 32.899832464330174 ], [ -91.066060083702396, 32.900102176003934 ], [ -91.065784718215923, 32.900251305399976 ], [ -91.065465006083514, 32.900192493911241 ], [ -91.065288231881368, 32.899960192869187 ], [ -91.06535794674825, 32.899690481703082 ] ] ], [ [ [ -91.065168845860114, 32.902397804038401 ], [ -91.065612480069532, 32.902353817183318 ], [ -91.065870593401513, 32.902461731760951 ], [ -91.065990254324035, 32.902718662223876 ], [ -91.065859503379045, 32.90297171768686 ], [ -91.06563847973527, 32.903067022773214 ], [ -91.065308727647803, 32.903053714630346 ], [ -91.065023103773981, 32.902871328994387 ], [ -91.064796344922357, 32.902945325069211 ], [ -91.064591414360336, 32.902916429510952 ], [ -91.06438155107486, 32.902749952848872 ], [ -91.064355459586196, 32.902474783069088 ], [ -91.064567661432989, 32.902264644782662 ], [ -91.064853345123851, 32.902233404548923 ], [ -91.065168845860114, 32.902397804038401 ] ] ], [ [ [ -91.065907622992384, 32.910995803257777 ], [ -91.066111467826516, 32.911115312077406 ], [ -91.066202244994031, 32.911310206713864 ], [ -91.066127127014255, 32.911544816416132 ], [ -91.065932371899635, 32.911674664635783 ], [ -91.064871995370481, 32.911699914684647 ], [ -91.064565116529025, 32.911479405819421 ], [ -91.06457112440863, 32.911203404018046 ], [ -91.064806744302331, 32.911011824372132 ], [ -91.065907622992384, 32.910995803257777 ] ] ], [ [ [ -91.065539315943951, 32.913811157168368 ], [ -91.06584620507769, 32.914031663950823 ], [ -91.065821565864098, 32.914339379424767 ], [ -91.065523924258585, 32.914518526532099 ], [ -91.0650761918656, 32.914483955549422 ], [ -91.064873248475209, 32.914267388857354 ], [ -91.064911300284606, 32.913993212820209 ], [ -91.065128292420411, 32.913833346343665 ], [ -91.065539315943951, 32.913811157168368 ] ] ], [ [ [ -91.064804112389396, 32.916760775678519 ], [ -91.065079532003551, 32.916611650774598 ], [ -91.065399302326639, 32.916670465285634 ], [ -91.065576107786612, 32.916902766827917 ], [ -91.0655063773509, 32.91717247693834 ], [ -91.065230956616659, 32.917321602732962 ], [ -91.064911184106649, 32.917262787713973 ], [ -91.064734379766776, 32.917030485280989 ], [ -91.064804112389396, 32.916760775678519 ] ] ], [ [ [ -91.065322548839063, 32.919484403304679 ], [ -91.065632693884154, 32.919647789327612 ], [ -91.065664841577686, 32.919986747902293 ], [ -91.065429198642207, 32.920178328093272 ], [ -91.064942418637912, 32.920197914258871 ], [ -91.064715272303715, 32.919999168031808 ], [ -91.064721281673187, 32.919723166582465 ], [ -91.064918665123216, 32.919546131031602 ], [ -91.065322548839063, 32.919484403304679 ] ] ], [ [ [ -91.06415094263518, 32.892662829006611 ], [ -91.064426286512557, 32.892513702269589 ], [ -91.064745970478356, 32.892572515433876 ], [ -91.064922729545557, 32.892804816904409 ], [ -91.064853019858717, 32.893074528259511 ], [ -91.064577674862448, 32.893223655886352 ], [ -91.064257988712384, 32.893164842214446 ], [ -91.064081230764089, 32.892932539854094 ], [ -91.06415094263518, 32.892662829006611 ] ] ], [ [ [ -91.062229577200981, 32.898922686222065 ], [ -91.062504944010129, 32.89877356470042 ], [ -91.062824648736282, 32.89883238351424 ], [ -91.063001414231707, 32.899064687759179 ], [ -91.062931692875054, 32.899334397388493 ], [ -91.062656324946502, 32.899483519800128 ], [ -91.062336618035502, 32.89942470047847 ], [ -91.062159853659466, 32.899192395343547 ], [ -91.062229577200981, 32.898922686222065 ] ] ], [ [ [ -91.063393970235722, 32.905191765295839 ], [ -91.063752905267336, 32.905037004987655 ], [ -91.065128424092677, 32.905188996224553 ], [ -91.065397135169533, 32.905346546217757 ], [ -91.065455078037488, 32.905618233168575 ], [ -91.065334065561686, 32.905801062558773 ], [ -91.065071422957971, 32.905900916564022 ], [ -91.063811549417636, 32.905793643251464 ], [ -91.063385244821191, 32.905592457908099 ], [ -91.063317562178867, 32.905390995210425 ], [ -91.063393970235722, 32.905191765295839 ] ] ], [ [ [ -91.0605440883635, 32.91420026817503 ], [ -91.060819506475909, 32.914051152577606 ], [ -91.061139264284691, 32.914109977570483 ], [ -91.061316053548182, 32.91434228462996 ], [ -91.061246312721323, 32.914611992060912 ], [ -91.060970893488545, 32.914761108548817 ], [ -91.060651133493309, 32.914702283047767 ], [ -91.060474345350187, 32.914469975097802 ], [ -91.0605440883635, 32.91420026817503 ] ] ], [ [ [ -91.06170872145988, 32.923174895313871 ], [ -91.061984166359338, 32.923025778311235 ], [ -91.062303957084453, 32.923084601471004 ], [ -91.062480766112344, 32.92331690734337 ], [ -91.062411020319999, 32.923586614928801 ], [ -91.062135574299802, 32.923735732822273 ], [ -91.061815781387196, 32.923676909154231 ], [ -91.061638973480029, 32.923444602391044 ], [ -91.06170872145988, 32.923174895313871 ] ] ], [ [ [ -91.062126653435513, 32.926409985602092 ], [ -91.062402107996562, 32.926260868096882 ], [ -91.06272191058919, 32.926319690600259 ], [ -91.062898726738908, 32.926551996046918 ], [ -91.062828979150765, 32.926821703686812 ], [ -91.06255352346885, 32.926970822082986 ], [ -91.062233718688375, 32.926911999071315 ], [ -91.06205690365951, 32.926679692733707 ], [ -91.062126653435513, 32.926409985602092 ] ] ], [ [ [ -91.062421197389128, 32.929815534299124 ], [ -91.062696662349808, 32.929666416594522 ], [ -91.063016477321554, 32.929725238775525 ], [ -91.063193300578675, 32.929957543965692 ], [ -91.063123550662624, 32.930227251565356 ], [ -91.062848084580949, 32.930376370161056 ], [ -91.062528267420959, 32.930317547471724 ], [ -91.062351445284847, 32.930085241390465 ], [ -91.062421197389128, 32.929815534299124 ] ] ] ] } },
{ "type": "Feature", "properties": { "depth_bin": "120-125 ft", "bin_order": -122.5, "survey_id": "LM_09_LPM_20200525_CS_4958_4986", "date": "2020-05-25", "year": 2020, "mile": 497.0 }, "geometry": { "type": "MultiPolygon", "coordinates": [ [ [ [ -91.067361876474692, 32.893993669584013 ], [ -91.067504191651622, 32.893865978409103 ], [ -91.067742983113519, 32.893808874769043 ], [ -91.068359654625496, 32.893996117528701 ], [ -91.068586746043053, 32.894194855749397 ], [ -91.068580754519502, 32.89447085895749 ], [ -91.068419810573289, 32.89463026562715 ], [ -91.06822295155979, 32.894686281509593 ], [ -91.067564341438327, 32.894500126702411 ], [ -91.067337251658358, 32.89430138668849 ], [ -91.067361876474692, 32.893993669584013 ] ] ], [ [ [ -91.066675823566484, 32.897040688754714 ], [ -91.066951177437645, 32.896891556898112 ], [ -91.067270878996567, 32.89695036420936 ], [ -91.067447652950833, 32.897182662521956 ], [ -91.067377946724363, 32.897452375264272 ], [ -91.067102591734297, 32.897601508010915 ], [ -91.066782887990527, 32.897542700192147 ], [ -91.066606115155167, 32.897310400989504 ], [ -91.066675823566484, 32.897040688754714 ] ] ], [ [ [ -91.06561406976104, 32.90807758672743 ], [ -91.066500572883868, 32.908178736711122 ], [ -91.066654508740655, 32.908343011359293 ], [ -91.066663366186205, 32.908585911961524 ], [ -91.06648753376578, 32.908778416388799 ], [ -91.066248700913334, 32.908835515979021 ], [ -91.065556515157581, 32.908796429905593 ], [ -91.065246407091848, 32.908633044835305 ], [ -91.065188463381958, 32.908361357862127 ], [ -91.065375238341105, 32.908134684702745 ], [ -91.06561406976104, 32.90807758672743 ] ] ], [ [ [ -91.065863623528131, 32.910973746443375 ], [ -91.066436664390693, 32.911029073738298 ], [ -91.066625641352104, 32.911164859758834 ], [ -91.066693335300315, 32.91136632092968 ], [ -91.066616928504061, 32.911565552753999 ], [ -91.06629991342291, 32.911719232314589 ], [ -91.065695294154551, 32.911624885603054 ], [ -91.065518498155598, 32.91139258442211 ], [ -91.065588223105436, 32.911122873899913 ], [ -91.065863623528131, 32.910973746443375 ] ] ], [ [ [ -91.067314303499714, 32.927937301660158 ], [ -91.067560914029684, 32.927961644219977 ], [ -91.067749927469194, 32.928097429589663 ], [ -91.067814807265549, 32.928334204662711 ], [ -91.067715598542094, 32.928526159798402 ], [ -91.066763078142202, 32.928922361996008 ], [ -91.066369123893082, 32.928849915428195 ], [ -91.066220145005985, 32.928604116145927 ], [ -91.066320895408936, 32.92834146978948 ], [ -91.067314303499714, 32.927937301660158 ] ] ], [ [ [ -91.068498194949981, 32.930672477730567 ], [ -91.068867831330607, 32.930808341973211 ], [ -91.068958632524911, 32.93100323499521 ], [ -91.068924373562155, 32.931176110813816 ], [ -91.068797524682878, 32.931314954489608 ], [ -91.06840393094744, 32.931501843878813 ], [ -91.068076645810038, 32.931496783111513 ], [ -91.067849464587184, 32.931298041594751 ], [ -91.067855466818315, 32.931022040133385 ], [ -91.068016481055963, 32.930862637545957 ], [ -91.068498194949981, 32.930672477730567 ] ] ], [ [ [ -91.070174748085378, 32.933185021544077 ], [ -91.07054439754728, 32.933320881253728 ], [ -91.070635204766916, 32.933515773213536 ], [ -91.070600947820608, 32.93368864951124 ], [ -91.070474097680986, 32.933827494801655 ], [ -91.070075800273315, 32.934010156548034 ], [ -91.069748505575689, 32.934005099819259 ], [ -91.069521314327915, 32.933806361043871 ], [ -91.069527311941982, 32.933530359420907 ], [ -91.069688328072814, 32.9333709547954 ], [ -91.070174748085378, 32.933185021544077 ] ] ], [ [ [ -91.066327063618601, 32.935313406203704 ], [ -91.066602540005078, 32.935164280395547 ], [ -91.066922377695917, 32.935223093353422 ], [ -91.067099221657429, 32.93545539360359 ], [ -91.067029478302786, 32.935725103440369 ], [ -91.06675400079537, 32.935874230139923 ], [ -91.066434160915506, 32.935815416673861 ], [ -91.066257318074932, 32.935583115532303 ], [ -91.066327063618601, 32.935313406203704 ] ] ], [ [ [ -91.065521385665249, 32.899709065560359 ], [ -91.065880294680284, 32.899554298052912 ], [ -91.066508887446005, 32.89970918553049 ], [ -91.066735988476808, 32.899907927331313 ], [ -91.066729989904502, 32.900183929985182 ], [ -91.066569031890523, 32.900343333626687 ], [ -91.066372159027466, 32.900399346032287 ], [ -91.065701624793363, 32.90024554575767 ], [ -91.065461117608535, 32.90001326306853 ], [ -91.065521385665249, 32.899709065560359 ] ] ], [ [ [ -91.065207842225178, 32.905187436869291 ], [ -91.066213552128659, 32.905340801395759 ], [ -91.066403070826055, 32.905523826580549 ], [ -91.066397069933444, 32.905799828931954 ], [ -91.066199721262251, 32.905976868427679 ], [ -91.065955411205877, 32.906013946135879 ], [ -91.065108902132309, 32.905900445016577 ], [ -91.064819282707376, 32.905712206267836 ], [ -91.064793189467935, 32.905437036619993 ], [ -91.065005397754945, 32.905226897908101 ], [ -91.065207842225178, 32.905187436869291 ] ] ], [ [ [ -91.066146562983292, 32.913759663100095 ], [ -91.066374138865058, 32.913843330825415 ], [ -91.066508252650422, 32.914019542219776 ], [ -91.066503699448006, 32.914228903648002 ], [ -91.066362013100317, 32.914400847539497 ], [ -91.066172565506534, 32.914472867632917 ], [ -91.065601371305405, 32.914501152147572 ], [ -91.065273750564586, 32.914364192961678 ], [ -91.065184511177861, 32.914098605052502 ], [ -91.065344058756295, 32.913857581378949 ], [ -91.065533505618362, 32.913785562511698 ], [ -91.066146562983292, 32.913759663100095 ] ] ], [ [ [ -91.065646201065746, 32.919449471730111 ], [ -91.065956346629306, 32.919612856967738 ], [ -91.06598849555624, 32.919951815506209 ], [ -91.06575285338343, 32.92014339633814 ], [ -91.065266439140146, 32.920163750779317 ], [ -91.065039292133775, 32.9199650051169 ], [ -91.065045300489658, 32.919689003613115 ], [ -91.065242683241294, 32.919511967522524 ], [ -91.065646201065746, 32.919449471730111 ] ] ], [ [ [ -91.065876041996233, 32.922271807984849 ], [ -91.066203692271614, 32.922408766542475 ], [ -91.066275080862169, 32.922743434994139 ], [ -91.066024570449912, 32.922968117456627 ], [ -91.065578420909659, 32.923003638799749 ], [ -91.065329262226285, 32.922824628577473 ], [ -91.065303165139596, 32.92254945950242 ], [ -91.065515415242771, 32.922339321938146 ], [ -91.065876041996233, 32.922271807984849 ] ] ], [ [ [ -91.065529899112917, 32.925459872263183 ], [ -91.06580534532246, 32.925310746909176 ], [ -91.06612514723497, 32.925369560662865 ], [ -91.066301970774418, 32.925601861584212 ], [ -91.066232234317269, 32.92587157157412 ], [ -91.065956786987243, 32.926020697819148 ], [ -91.065636982886829, 32.925961883557392 ], [ -91.065460160467879, 32.92572958174501 ], [ -91.065529899112917, 32.925459872263183 ] ] ], [ [ [ -91.064000877322556, 32.892609039983775 ], [ -91.064276221263071, 32.89245991357938 ], [ -91.064595904918107, 32.892518727117228 ], [ -91.064772663482699, 32.892751028783401 ], [ -91.064702953395823, 32.893020740041628 ], [ -91.064427608336402, 32.893169867335821 ], [ -91.064107922497115, 32.893111053290355 ], [ -91.063931165051429, 32.892878750734369 ], [ -91.064000877322556, 32.892609039983775 ] ] ], [ [ [ -91.060571807323356, 32.901756931895221 ], [ -91.06084718574823, 32.901607814521142 ], [ -91.061166899249329, 32.901666637890145 ], [ -91.061343665538871, 32.901898944429625 ], [ -91.061273936530071, 32.902168652748763 ], [ -91.060998556985481, 32.902317771012889 ], [ -91.060678841299293, 32.902258947135898 ], [ -91.060502076129467, 32.902026639706378 ], [ -91.060571807323356, 32.901756931895221 ] ] ], [ [ [ -91.064570465042038, 32.90240825965779 ], [ -91.064929386711015, 32.902253495411102 ], [ -91.065522313040717, 32.902417849429881 ], [ -91.065855022406083, 32.902392675102249 ], [ -91.0661041270711, 32.90257168274379 ], [ -91.066130224003913, 32.902846852356234 ], [ -91.066020156664308, 32.90299551193047 ], [ -91.065799133117451, 32.903090817304928 ], [ -91.065438887831533, 32.903004622986899 ], [ -91.064945237592468, 32.903003006895702 ], [ -91.064677522367845, 32.902910272291152 ], [ -91.06454083932131, 32.902778264591078 ], [ -91.064496889902898, 32.902572176064226 ], [ -91.064570465042038, 32.90240825965779 ] ] ], [ [ [ -91.060166102523539, 32.904821151700212 ], [ -91.060441491342516, 32.904672035667815 ], [ -91.060761215434709, 32.904730860447756 ], [ -91.060937986308431, 32.904963167640965 ], [ -91.060868253191416, 32.905232875473722 ], [ -91.060592863252552, 32.905381992396251 ], [ -91.060273136974942, 32.905323167108257 ], [ -91.060096367221121, 32.905090859024916 ], [ -91.060166102523539, 32.904821151700212 ] ] ], [ [ [ -91.059892804092925, 32.907903509141406 ], [ -91.060168203158511, 32.907754394153194 ], [ -91.060487938013353, 32.907813220010851 ], [ -91.060664713861357, 32.90804552768406 ], [ -91.060594977016265, 32.908315235118003 ], [ -91.060319576830594, 32.908464350996454 ], [ -91.059999839790009, 32.908405524630666 ], [ -91.059823065062105, 32.908173216067219 ], [ -91.059892804092925, 32.907903509141406 ] ] ], [ [ [ -91.060213848388784, 32.911190573193281 ], [ -91.060489257426198, 32.911041457930047 ], [ -91.060809004247588, 32.911100283384364 ], [ -91.060985787047315, 32.911332590762214 ], [ -91.060916048066787, 32.911602298181869 ], [ -91.060640637909145, 32.91175141433547 ], [ -91.060320888901657, 32.911692588372993 ], [ -91.060144107222158, 32.911460280104777 ], [ -91.060213848388784, 32.911190573193281 ] ] ], [ [ [ -91.065444089750542, 32.916574098210809 ], [ -91.065813663453525, 32.916709969436369 ], [ -91.065885047102768, 32.917044638174957 ], [ -91.06563455256358, 32.91726932060751 ], [ -91.065186290013784, 32.917301967317208 ], [ -91.064937147551774, 32.917122956780581 ], [ -91.064911052438106, 32.916847787493744 ], [ -91.065086905034946, 32.916655286239006 ], [ -91.065444089750542, 32.916574098210809 ] ] ], [ [ [ -91.06091169542043, 32.92024042871499 ], [ -91.061187132210662, 32.920091313115819 ], [ -91.061506911840169, 32.920150137930577 ], [ -91.061683713285476, 32.920382444739971 ], [ -91.06161396786537, 32.920652151995533 ], [ -91.061338529954483, 32.920801268485427 ], [ -91.061018748137855, 32.920742443162396 ], [ -91.060841947813202, 32.92051013546228 ], [ -91.06091169542043, 32.92024042871499 ] ] ], [ [ [ -91.062291781281374, 32.926309562924857 ], [ -91.062633781135247, 32.926418786239303 ], [ -91.062743711349569, 32.926745944327116 ], [ -91.062556888279587, 32.926972611212868 ], [ -91.062083613665706, 32.927072517706115 ], [ -91.061814845138869, 32.926914958880033 ], [ -91.061756902999008, 32.926643271012068 ], [ -91.06190956337862, 32.926437163627028 ], [ -91.062291781281374, 32.926309562924857 ] ] ] ] } },
{ "type": "Feature", "properties": { "depth_bin": "125-130 ft", "bin_order": -127.5, "survey_id": "LM_09_LPM_20200525_CS_4958_4986", "date": "2020-05-25", "year": 2020, "mile": 497.0 }, "geometry": { "type": "MultiPolygon", "coordinates": [ [ [ [ -91.067967441255789, 32.89420182314322 ], [ -91.068146129995313, 32.894056493662625 ], [ -91.068390406248113, 32.894019410351753 ], [ -91.069283081656437, 32.894358914121341 ], [ -91.069485993244569, 32.894575473015003 ], [ -91.069447966900185, 32.894849652080246 ], [ -91.069108793443306, 32.895033362762639 ], [ -91.068560821390875, 32.894891557214244 ], [ -91.068005334962137, 32.894601307616767 ], [ -91.067914568925033, 32.894406414284539 ], [ -91.067967441255789, 32.89420182314322 ] ] ], [ [ [ -91.067172364135729, 32.896965170322176 ], [ -91.06798629376658, 32.897197262249861 ], [ -91.068158559221814, 32.89734801589325 ], [ -91.068184661844015, 32.89762318547249 ], [ -91.067972479874143, 32.897833330777438 ], [ -91.067482337483256, 32.897831495078535 ], [ -91.066956118227623, 32.897640703485258 ], [ -91.066783854356174, 32.89748994824523 ], [ -91.06674681749648, 32.897248949399241 ], [ -91.066899412585599, 32.897042832699462 ], [ -91.067172364135729, 32.896965170322176 ] ] ], [ [ [ -91.067371193715971, 32.899907870599499 ], [ -91.067587919638243, 32.900009947205966 ], [ -91.067706292131689, 32.900231497903974 ], [ -91.067631188958572, 32.900466109397321 ], [ -91.067396704318611, 32.900607272665859 ], [ -91.066320429067986, 32.900418779392254 ], [ -91.066079919759446, 32.90018649782305 ], [ -91.066117959574967, 32.899912320473689 ], [ -91.066374670403036, 32.899741139027498 ], [ -91.067371193715971, 32.899907870599499 ] ] ], [ [ [ -91.066883638282533, 32.910980305968543 ], [ -91.067161776368664, 32.911043665982938 ], [ -91.067315718176076, 32.911207939974432 ], [ -91.067335517726477, 32.911416669712239 ], [ -91.067214500507703, 32.911599500614685 ], [ -91.066993456255673, 32.91169480723272 ], [ -91.066421001987365, 32.911710295079274 ], [ -91.066120994899194, 32.911599995845677 ], [ -91.066001322973989, 32.911343065395165 ], [ -91.066132087079396, 32.911090010545415 ], [ -91.066353130637722, 32.910994705421416 ], [ -91.066883638282533, 32.910980305968543 ] ] ], [ [ [ -91.06750273099739, 32.927880491930061 ], [ -91.067905870532769, 32.927886727004662 ], [ -91.068123696913318, 32.928172876895879 ], [ -91.067994201180127, 32.928461310599239 ], [ -91.067580895992918, 32.928612458360568 ], [ -91.06726945668467, 32.928527494837546 ], [ -91.067120475744375, 32.928281696545163 ], [ -91.067221223107381, 32.928019049337443 ], [ -91.06750273099739, 32.927880491930061 ] ] ], [ [ [ -91.068735691239155, 32.93053312941673 ], [ -91.069119338700716, 32.930637784842148 ], [ -91.069236215678842, 32.930930027342832 ], [ -91.069076645326589, 32.931171054622745 ], [ -91.068622960063138, 32.93131948617394 ], [ -91.068337149626004, 32.93118491732438 ], [ -91.068247886686336, 32.930919331314165 ], [ -91.068375848696192, 32.930701590150882 ], [ -91.068735691239155, 32.93053312941673 ] ] ], [ [ [ -91.0703646587761, 32.933048045690512 ], [ -91.070758635385175, 32.933120480416378 ], [ -91.070908925660348, 32.933401652992494 ], [ -91.070778138750867, 32.933654711279075 ], [ -91.070335592755654, 32.933829142896769 ], [ -91.070035507040473, 32.933718850491474 ], [ -91.06991579712691, 32.933461923128924 ], [ -91.070017834277479, 32.933234651911768 ], [ -91.0703646587761, 32.933048045690512 ] ] ], [ [ [ -91.065765663063132, 32.902423689020083 ], [ -91.067167518068203, 32.902641717808855 ], [ -91.06737738656949, 32.902808189977698 ], [ -91.067403487488349, 32.903083359463039 ], [ -91.067191290038352, 32.903293502716416 ], [ -91.066946987727135, 32.903330582667543 ], [ -91.065750653877117, 32.903113862104561 ], [ -91.06547089984997, 32.902869045755217 ], [ -91.065508943112988, 32.902594868814631 ], [ -91.065765663063132, 32.902423689020083 ] ] ], [ [ [ -91.066132487915198, 32.9053155548877 ], [ -91.067064901707056, 32.905413100993997 ], [ -91.067281640341321, 32.905515178531445 ], [ -91.067401309062603, 32.905772107827936 ], [ -91.067270557113417, 32.906025164633455 ], [ -91.066924111866214, 32.906123726569689 ], [ -91.06607549466375, 32.90602747596698 ], [ -91.065858756305161, 32.905925396349865 ], [ -91.06573909193601, 32.905668465739396 ], [ -91.065869847583699, 32.905415410665356 ], [ -91.066132487915198, 32.9053155548877 ] ] ], [ [ [ -91.066045162323235, 32.908312994091744 ], [ -91.066342781509562, 32.908133844765061 ], [ -91.066873751462126, 32.908171487166555 ], [ -91.067122873871995, 32.908350493297 ], [ -91.067148974733868, 32.90862566263629 ], [ -91.066858747576276, 32.908861660068091 ], [ -91.066286890080406, 32.908831986588815 ], [ -91.066020526413652, 32.908620709955059 ], [ -91.066045162323235, 32.908312994091744 ] ] ], [ [ [ -91.065994232915173, 32.925254899037476 ], [ -91.066397360184268, 32.925261138538929 ], [ -91.066615175569581, 32.925547290756512 ], [ -91.066485679290849, 32.92583572297044 ], [ -91.066073089539216, 32.925989445217162 ], [ -91.065761660935507, 32.925904478294285 ], [ -91.065612688282954, 32.925658678423261 ], [ -91.065713436662037, 32.925396032382771 ], [ -91.065994232915173, 32.925254899037476 ] ] ], [ [ [ -91.065907432760852, 32.913902769036405 ], [ -91.0661828415423, 32.91375364123823 ], [ -91.06650260255698, 32.913812452595941 ], [ -91.066679405685363, 32.91404475257292 ], [ -91.066609681260914, 32.914314463622951 ], [ -91.066334271359608, 32.914463592311762 ], [ -91.066014508158275, 32.914404780446169 ], [ -91.065837706149736, 32.914172479578589 ], [ -91.065907432760852, 32.913902769036405 ] ] ], [ [ [ -91.065268034980065, 32.916748978285781 ], [ -91.065524797674698, 32.916577800885982 ], [ -91.065849863097185, 32.916609894826578 ], [ -91.066052814002859, 32.916826460141827 ], [ -91.06601476402858, 32.917100636495 ], [ -91.065758000662044, 32.917271814867505 ], [ -91.065432932876135, 32.917239720602495 ], [ -91.065229982642364, 32.917023154314542 ], [ -91.065268034980065, 32.916748978285781 ] ] ], [ [ [ -91.065966106133004, 32.919394855458293 ], [ -91.066276252140824, 32.919558239917635 ], [ -91.066308402283624, 32.91989719842104 ], [ -91.066072760920193, 32.920088779889056 ], [ -91.065588360325975, 32.920120062346982 ], [ -91.065361212675555, 32.919921317246157 ], [ -91.065367220022182, 32.919645315687895 ], [ -91.065564602057279, 32.919468279060006 ], [ -91.065966106133004, 32.919394855458293 ] ] ], [ [ [ -91.065677153261689, 32.922400375871909 ], [ -91.065952589486898, 32.922251249763555 ], [ -91.066272380607913, 32.922310062762932 ], [ -91.066449198870004, 32.922542363371882 ], [ -91.066379465741136, 32.922812073674187 ], [ -91.066104028395614, 32.922961200673463 ], [ -91.065784235087008, 32.922902387166069 ], [ -91.065607417945259, 32.922670085666205 ], [ -91.065677153261689, 32.922400375871909 ] ] ], [ [ [ -91.062260593385034, 32.929847363480597 ], [ -91.062536058698399, 32.929698246144639 ], [ -91.062855873655849, 32.929757068736976 ], [ -91.063032696540034, 32.929989374140206 ], [ -91.0629629461109, 32.930259081629842 ], [ -91.062687479676512, 32.930408199856892 ], [ -91.062367662530832, 32.930349376756212 ], [ -91.06219084076767, 32.930117070461897 ], [ -91.062260593385034, 32.929847363480597 ] ] ], [ [ [ -91.064565535531116, 32.932407272313341 ], [ -91.064841005403821, 32.932258150101418 ], [ -91.065160831326068, 32.932316967166159 ], [ -91.065337665157799, 32.932549269628112 ], [ -91.065267919246054, 32.932818978485827 ], [ -91.064992448252397, 32.932968101589005 ], [ -91.064672620141508, 32.932909284016006 ], [ -91.064495787430744, 32.932676980662826 ], [ -91.064565535531116, 32.932407272313341 ] ] ] ] } },
{ "type": "Feature", "properties": { "depth_bin": "130-135 ft", "bin_order": -132.5, "survey_id": "LM_09_LPM_20200525_CS_4958_4986", "date": "2020-05-25", "year": 2020, "mile": 497.0 }, "geometry": { "type": "MultiPolygon", "coordinates": [ [ [ [ -91.068848696715961, 32.894558388199336 ], [ -91.069027384827777, 32.894413057439429 ], [ -91.069271661789955, 32.89437597243036 ], [ -91.06972953658105, 32.894616652285521 ], [ -91.070017936599029, 32.894655866780376 ], [ -91.070220850678595, 32.894872424562308 ], [ -91.070182826413543, 32.895146603918135 ], [ -91.070040512778746, 32.895274298185896 ], [ -91.069801718579697, 32.89533140611308 ], [ -91.069601146238142, 32.895285713463025 ], [ -91.069443439855107, 32.895156330217588 ], [ -91.06915503854799, 32.89511711434892 ], [ -91.068841317129596, 32.894898374236028 ], [ -91.068848696715961, 32.894558388199336 ] ] ], [ [ [ -91.067558151941924, 32.897381522048398 ], [ -91.067855730527569, 32.897202367352008 ], [ -91.068264037471096, 32.897258049585581 ], [ -91.068491136616174, 32.897456788182993 ], [ -91.06848514404912, 32.897732791231384 ], [ -91.06820981299262, 32.897935691614684 ], [ -91.067760624748061, 32.897887978917105 ], [ -91.067533526253783, 32.897689239024515 ], [ -91.067558151941924, 32.897381522048398 ] ] ], [ [ [ -91.067440924449741, 32.899945092547803 ], [ -91.068016890567179, 32.900128777435661 ], [ -91.068165830905343, 32.90037457404825 ], [ -91.068065121883294, 32.900637224378627 ], [ -91.067773756119138, 32.900762870950643 ], [ -91.067189085823586, 32.9006018756507 ], [ -91.067006911633086, 32.900334475637408 ], [ -91.067041159287086, 32.900161599237066 ], [ -91.067202116140379, 32.90000219493934 ], [ -91.067440924449741, 32.899945092547803 ] ] ], [ [ [ -91.067165019669105, 32.902632123809319 ], [ -91.068129874659434, 32.902784478944191 ], [ -91.068339745369997, 32.902950949572066 ], [ -91.068376788142132, 32.9031919479864 ], [ -91.068190031644292, 32.903418626471186 ], [ -91.06790935127492, 32.903473345750044 ], [ -91.06706609910475, 32.903345134469397 ], [ -91.066797390747666, 32.903187588133072 ], [ -91.066739444942087, 32.902915901611706 ], [ -91.06692620390271, 32.902689225376129 ], [ -91.067165019669105, 32.902632123809319 ] ] ], [ [ [ -91.067707647269302, 32.905502030422426 ], [ -91.067924386911216, 32.905604106878769 ], [ -91.068042766982344, 32.90582565737791 ], [ -91.067967659191837, 32.906060268733057 ], [ -91.067733159835313, 32.906201431986773 ], [ -91.06667995314406, 32.906091586049797 ], [ -91.066400187505991, 32.905846771449049 ], [ -91.066438229670737, 32.905572594289744 ], [ -91.066694956828869, 32.905401412915104 ], [ -91.067707647269302, 32.905502030422426 ] ] ], [ [ [ -91.067563460466971, 32.90819252374606 ], [ -91.067832889105432, 32.908278572789825 ], [ -91.067976446093837, 32.908489268631151 ], [ -91.067947591497557, 32.908697246194606 ], [ -91.067750239053524, 32.908874287938389 ], [ -91.066815067886196, 32.908857868702121 ], [ -91.066525435332352, 32.908669633501681 ], [ -91.066499336401762, 32.908394464105015 ], [ -91.06671154823124, 32.908184322700976 ], [ -91.067563460466971, 32.90819252374606 ] ] ], [ [ [ -91.067764938513434, 32.927785256706123 ], [ -91.068166860948011, 32.927758136633337 ], [ -91.068416896707603, 32.928024902200285 ], [ -91.068321549063654, 32.928322651607957 ], [ -91.067928007299628, 32.928512529421177 ], [ -91.067608192745027, 32.928453719849038 ], [ -91.067431360403901, 32.928221420540588 ], [ -91.067501095471101, 32.927951709910332 ], [ -91.067764938513434, 32.927785256706123 ] ] ], [ [ [ -91.069230163520331, 32.930368072442761 ], [ -91.069599799890611, 32.930503934519599 ], [ -91.069690602442392, 32.930698827066209 ], [ -91.069656345042276, 32.930871703150579 ], [ -91.069529497728269, 32.931010547634692 ], [ -91.069268881900157, 32.93111541396074 ], [ -91.068992762804243, 32.931189842852753 ], [ -91.068787765845883, 32.931160951839509 ], [ -91.068560583784361, 32.930962211579306 ], [ -91.068566583730274, 32.930686209987172 ], [ -91.068763985332339, 32.930509169270152 ], [ -91.069230163520331, 32.930368072442761 ] ] ], [ [ [ -91.070632452369878, 32.932889862136832 ], [ -91.07102642854619, 32.932962296001676 ], [ -91.07117671944431, 32.933243468283621 ], [ -91.071045933539793, 32.933496526893542 ], [ -91.070601378134356, 32.933668195915928 ], [ -91.070301292589392, 32.933557904154561 ], [ -91.070181582086363, 32.933300977020174 ], [ -91.070283618361643, 32.933073705548338 ], [ -91.070632452369878, 32.932889862136832 ] ] ], [ [ [ -91.067293792020507, 32.910964900519915 ], [ -91.067603912027423, 32.911128280891077 ], [ -91.067636065876854, 32.911467239558988 ], [ -91.067360688806261, 32.911670136001611 ], [ -91.066909511115085, 32.911670033103704 ], [ -91.066682380999367, 32.911471290842783 ], [ -91.066688382307277, 32.911195288695453 ], [ -91.06688574217354, 32.91101824896073 ], [ -91.067293792020507, 32.910964900519915 ] ] ], [ [ [ -91.066265138156652, 32.913756189554285 ], [ -91.066918117628532, 32.913743373027522 ], [ -91.067082725655197, 32.913850347208836 ], [ -91.06717350747077, 32.914045241241411 ], [ -91.067120619148284, 32.914249830928263 ], [ -91.066822980309681, 32.914428981241691 ], [ -91.066213045974962, 32.914406799552054 ], [ -91.066010099884181, 32.91419023460837 ], [ -91.066048148158686, 32.913916058090436 ], [ -91.066265138156652, 32.913756189554285 ] ] ], [ [ [ -91.065991239088532, 32.922246386714903 ], [ -91.06659617123988, 32.922162840330657 ], [ -91.066812949146126, 32.922264919917126 ], [ -91.066925950970401, 32.922451370469091 ], [ -91.066897087692269, 32.92265934709215 ], [ -91.066621672999929, 32.922862240214819 ], [ -91.066015000172584, 32.922898169790713 ], [ -91.065787844747973, 32.922699425250606 ], [ -91.065793851407818, 32.922423423745492 ], [ -91.065991239088532, 32.922246386714903 ] ] ], [ [ [ -91.066818356057979, 32.925050763589475 ], [ -91.067054588929977, 32.925115213307265 ], [ -91.06720855355934, 32.925279487977413 ], [ -91.067235272677408, 32.925453306743549 ], [ -91.067136066267238, 32.925645261575156 ], [ -91.066421194505665, 32.925892538016313 ], [ -91.066068145261852, 32.925812122106201 ], [ -91.065919171883721, 32.925566322571662 ], [ -91.066019919250493, 32.925303676242805 ], [ -91.066189090196815, 32.92520186700893 ], [ -91.066818356057979, 32.925050763589475 ] ] ], [ [ [ -91.063855884068232, 32.892546069721398 ], [ -91.064131228034725, 32.892396943636882 ], [ -91.064450911350363, 32.892455757534272 ], [ -91.064627669408978, 32.892688059389059 ], [ -91.064557958945926, 32.892957770554453 ], [ -91.064282613860527, 32.89310689752876 ], [ -91.063962928360652, 32.89304808312373 ], [ -91.063786171420958, 32.892815780379152 ], [ -91.063855884068232, 32.892546069721398 ] ] ], [ [ [ -91.061365446742499, 32.895289654443687 ], [ -91.061640803332878, 32.895140534380253 ], [ -91.061960494436065, 32.895199354930568 ], [ -91.06213725088422, 32.895431660173081 ], [ -91.062067530355776, 32.895701369476555 ], [ -91.061792172646122, 32.895850490429822 ], [ -91.0614724793585, 32.895791669371668 ], [ -91.061295724029648, 32.895559363239315 ], [ -91.061365446742499, 32.895289654443687 ] ] ], [ [ [ -91.062066885617057, 32.898899696063488 ], [ -91.06234225260711, 32.898750574907396 ], [ -91.062661957122032, 32.898809394130652 ], [ -91.062838722137826, 32.899041698589095 ], [ -91.062769000314091, 32.899311408110876 ], [ -91.062493632204621, 32.899460530156951 ], [ -91.062173925504851, 32.899401710425842 ], [ -91.061997161608474, 32.899169405077423 ], [ -91.062066885617057, 32.898899696063488 ] ] ], [ [ [ -91.060386101141418, 32.901775891373397 ], [ -91.060642827957906, 32.901604722363246 ], [ -91.060967836481282, 32.901636826980479 ], [ -91.061170742796264, 32.901853399005262 ], [ -91.061132686660358, 32.902127574170031 ], [ -91.060875959171952, 32.902298744152226 ], [ -91.06055094828703, 32.902266639210396 ], [ -91.060348042643966, 32.902050066213583 ], [ -91.060386101141418, 32.901775891373397 ] ] ], [ [ [ -91.060001984588723, 32.904820182396762 ], [ -91.060277373660981, 32.90467106673627 ], [ -91.060597097619166, 32.904729891932071 ], [ -91.060773868050092, 32.904962199341526 ], [ -91.06070413444084, 32.905231907064227 ], [ -91.060428744248654, 32.905381023614851 ], [ -91.060109018105081, 32.905322197910976 ], [ -91.059932248794084, 32.905089889611403 ], [ -91.060001984588723, 32.904820182396762 ] ] ], [ [ [ -91.060380376446844, 32.914211196940961 ], [ -91.060655794849922, 32.914062081716231 ], [ -91.060975552567399, 32.914120907125529 ], [ -91.061152341411059, 32.914353214401238 ], [ -91.061082600081789, 32.914622921721545 ], [ -91.060807180558328, 32.914772037836762 ], [ -91.060487420654411, 32.914713211919256 ], [ -91.060310632931134, 32.914480903753073 ], [ -91.060380376446844, 32.914211196940961 ] ] ], [ [ [ -91.06605644862691, 32.916538469424729 ], [ -91.066363348176509, 32.916758975242473 ], [ -91.066338709500116, 32.917066690730017 ], [ -91.066081946824468, 32.917237869796089 ], [ -91.065594072120788, 32.917224374740655 ], [ -91.065391121513727, 32.917007808700774 ], [ -91.065429173347738, 32.916733632603602 ], [ -91.065646171547655, 32.916573765507152 ], [ -91.06605644862691, 32.916538469424729 ] ] ], [ [ [ -91.066287011626173, 32.919342980895493 ], [ -91.066597158089493, 32.919506364574403 ], [ -91.066629309452409, 32.919845323042523 ], [ -91.066353903237513, 32.920048215961479 ], [ -91.065904072528596, 32.920046616302947 ], [ -91.065676924321252, 32.919847871754875 ], [ -91.065682930671045, 32.91957187014183 ], [ -91.065918571407735, 32.919380289374686 ], [ -91.066287011626173, 32.919342980895493 ] ] ], [ [ [ -91.061675436526471, 32.926573946823524 ], [ -91.061950892315906, 32.926424830364255 ], [ -91.062270695134089, 32.926483654032459 ], [ -91.062447510374412, 32.926715960080529 ], [ -91.062377761274561, 32.926985667406122 ], [ -91.062102304364217, 32.927134784756348 ], [ -91.061782499358188, 32.92707596057982 ], [ -91.061605685238774, 32.926843653640802 ], [ -91.061675436526471, 32.926573946823524 ] ] ], [ [ [ -91.062121986389656, 32.929922735409114 ], [ -91.062397452160184, 32.929773618397924 ], [ -91.062717267276113, 32.929832441351216 ], [ -91.062894089927298, 32.930064746940189 ], [ -91.062824339010135, 32.930334454331522 ], [ -91.062548872118569, 32.930483572233797 ], [ -91.062229054814409, 32.930424748772154 ], [ -91.062052233284263, 32.930192442292089 ], [ -91.062121986389656, 32.929922735409114 ] ] ] ] } },
{ "type": "Feature", "properties": { "depth_bin": "135-140 ft", "bin_order": -137.5, "survey_id": "LM_09_LPM_20200525_CS_4958_4986", "date": "2020-05-25", "year": 2020, "mile": 497.0 }, "geometry": { "type": "MultiPolygon", "coordinates": [ [ [ [ -91.069134088405818, 32.894690418658939 ], [ -91.069312776349022, 32.894545087486343 ], [ -91.069557053586763, 32.894508001929083 ], [ -91.070455619231652, 32.894837733200653 ], [ -91.070770387743636, 32.895056601136588 ], [ -91.070763015357585, 32.895396587531749 ], [ -91.0705460795688, 32.895556466282528 ], [ -91.070298667154191, 32.895573175025071 ], [ -91.069298973336558, 32.895181156782208 ], [ -91.069096060914475, 32.894964597570301 ], [ -91.069134088405818, 32.894690418658939 ] ] ], [ [ [ -91.06857609535227, 32.897339931164588 ], [ -91.069619666203693, 32.89772898366104 ], [ -91.069808621064269, 32.897864764272349 ], [ -91.069866573833949, 32.898136449802948 ], [ -91.069679832307813, 32.898363131221799 ], [ -91.069357786606048, 32.898412020929314 ], [ -91.068661421961963, 32.898211999549794 ], [ -91.067975568186995, 32.897895626787701 ], [ -91.067826632181934, 32.897649830029685 ], [ -91.067927338055341, 32.897387179673736 ], [ -91.068218692311419, 32.897261532261446 ], [ -91.06857609535227, 32.897339931164588 ] ] ], [ [ [ -91.071974089812869, 32.898814873221326 ], [ -91.072291048658343, 32.898661176896503 ], [ -91.072685314137814, 32.898756300406241 ], [ -91.072888243776106, 32.898972854308553 ], [ -91.072850225282636, 32.899247034545716 ], [ -91.072552649084273, 32.899426201201742 ], [ -91.072116772911642, 32.89933562982776 ], [ -91.071904395647536, 32.899084588883433 ], [ -91.071974089812869, 32.898814873221326 ] ] ], [ [ [ -91.067821154108088, 32.900082295115652 ], [ -91.069267343150358, 32.900435840040636 ], [ -91.069410891927575, 32.900646534140066 ], [ -91.06934118833658, 32.900916247956658 ], [ -91.069065825384456, 32.901065384676663 ], [ -91.067726043826156, 32.900767906232147 ], [ -91.067476082632879, 32.900501141100754 ], [ -91.067545791436416, 32.900231428505442 ], [ -91.067821154108088, 32.900082295115652 ] ] ], [ [ [ -91.06806368264138, 32.927678511963975 ], [ -91.068465604550028, 32.927651390908018 ], [ -91.068715640954181, 32.927918155903207 ], [ -91.06862029443306, 32.928215905585063 ], [ -91.06822132206581, 32.928391415220545 ], [ -91.067901507709848, 32.928332606407437 ], [ -91.067724674804609, 32.928100307490602 ], [ -91.067794408875415, 32.927830596655134 ], [ -91.06806368264138, 32.927678511963975 ] ] ], [ [ [ -91.069031930883511, 32.930484544762876 ], [ -91.069288727809266, 32.930313361181092 ], [ -91.069613845108762, 32.930345447168719 ], [ -91.069816835149666, 32.930562007418686 ], [ -91.069778788643944, 32.930836184561819 ], [ -91.069521991046244, 32.931007369116898 ], [ -91.069196871381621, 32.930975282804958 ], [ -91.068993882012649, 32.930758721581732 ], [ -91.069031930883511, 32.930484544762876 ] ] ], [ [ [ -91.07127713461513, 32.932529069661662 ], [ -91.071524650217583, 32.932512362872465 ], [ -91.071741458875223, 32.932614434887242 ], [ -91.071859881145073, 32.932835982547033 ], [ -91.071806990074663, 32.933040573623003 ], [ -91.071034691161458, 32.933489561849129 ], [ -91.07066979042979, 32.933468791094448 ], [ -91.070466791960783, 32.933252232003753 ], [ -91.070504837775928, 32.932978054710865 ], [ -91.07127713461513, 32.932529069661662 ] ] ], [ [ [ -91.067765037884328, 32.902949466497965 ], [ -91.06808201856154, 32.902795781762912 ], [ -91.068767784678315, 32.902897590934366 ], [ -91.068994898745473, 32.903096329022247 ], [ -91.068988906449448, 32.903372331903554 ], [ -91.068827946263909, 32.903531738314761 ], [ -91.068631067473589, 32.903587754044146 ], [ -91.06794529626994, 32.903485943941398 ], [ -91.067704774673487, 32.903253665142813 ], [ -91.067765037884328, 32.902949466497965 ] ] ], [ [ [ -91.067429625008856, 32.905650313928525 ], [ -91.06770500511989, 32.905501181546178 ], [ -91.068275272868505, 32.905556049194203 ], [ -91.068502392270375, 32.905754788308457 ], [ -91.068496397837635, 32.906030790992027 ], [ -91.068180158016347, 32.906241660002358 ], [ -91.067609885972772, 32.906186791765023 ], [ -91.067369358346411, 32.905954512177068 ], [ -91.067429625008856, 32.905650313928525 ] ] ], [ [ [ -91.067971181061338, 32.908226403019491 ], [ -91.068278057977764, 32.908446903522425 ], [ -91.068231201745817, 32.908784640908458 ], [ -91.067914199411746, 32.908938325101246 ], [ -91.067473108649494, 32.908865260455109 ], [ -91.0672963129864, 32.908632961724742 ], [ -91.067366029992016, 32.908363249817612 ], [ -91.067600535777615, 32.908222087532103 ], [ -91.067971181061338, 32.908226403019491 ] ] ], [ [ [ -91.061203123061873, 32.89526297747669 ], [ -91.061478479820792, 32.895113857777424 ], [ -91.061798170699944, 32.895172678735747 ], [ -91.061974926662671, 32.895404984191089 ], [ -91.06190520567182, 32.895674693387541 ], [ -91.061629847793583, 32.895823813976619 ], [ -91.061310154730023, 32.89576499251045 ], [ -91.0611333998866, 32.895532686165282 ], [ -91.061203123061873, 32.89526297747669 ] ] ], [ [ [ -91.059843654229439, 32.904781827888613 ], [ -91.060119043426852, 32.904632712581737 ], [ -91.060438767122463, 32.904691538174063 ], [ -91.06061553705689, 32.904923845790663 ], [ -91.060545803008083, 32.905193553409795 ], [ -91.060270412690727, 32.905342669606803 ], [ -91.059950686809714, 32.90528384350641 ], [ -91.05977391799523, 32.905051534999664 ], [ -91.059843654229439, 32.904781827888613 ] ] ], [ [ [ -91.067032662629614, 32.911164879524428 ], [ -91.067289405420226, 32.910993697629003 ], [ -91.067614451398796, 32.911025786271217 ], [ -91.067817394710232, 32.911242348588907 ], [ -91.067779353440244, 32.911516526001151 ], [ -91.067522609978099, 32.911687708869067 ], [ -91.067197561636689, 32.911655619902604 ], [ -91.066994618996816, 32.911439056612409 ], [ -91.067032662629614, 32.911164879524428 ] ] ], [ [ [ -91.066558116051056, 32.913860448540554 ], [ -91.066833523680486, 32.913711319261424 ], [ -91.067243928354173, 32.913743576828772 ], [ -91.067471065321669, 32.913942318262109 ], [ -91.067465065812755, 32.914218320415706 ], [ -91.067189679519529, 32.914421216066721 ], [ -91.066738385759521, 32.914396927391579 ], [ -91.066497839396533, 32.914164645674475 ], [ -91.066558116051056, 32.913860448540554 ] ] ], [ [ [ -91.065775392332569, 32.916671097041487 ], [ -91.066050810142485, 32.916521969923089 ], [ -91.066370580918374, 32.916580781960192 ], [ -91.066547388822983, 32.916813082218226 ], [ -91.066477661391772, 32.917082792986427 ], [ -91.06620224246187, 32.917231920995548 ], [ -91.065882469499016, 32.917173108450548 ], [ -91.065705662714421, 32.916940807301785 ], [ -91.065775392332569, 32.916671097041487 ] ] ], [ [ [ -91.066611063136122, 32.919313019184429 ], [ -91.066921210135533, 32.919476402077578 ], [ -91.066953362734182, 32.919815360509205 ], [ -91.066717722924366, 32.920006943255991 ], [ -91.066228917879329, 32.920021845755635 ], [ -91.066001768974999, 32.919823101773034 ], [ -91.066007774310791, 32.919547100105866 ], [ -91.066205154893879, 32.919370062407673 ], [ -91.066611063136122, 32.919313019184429 ] ] ], [ [ [ -91.066789657401429, 32.922095847316641 ], [ -91.067159255898801, 32.922231715374558 ], [ -91.067230648010053, 32.922566383417028 ], [ -91.066980140437352, 32.922791067910211 ], [ -91.066532135857742, 32.922822810107853 ], [ -91.066282975641656, 32.922643801730906 ], [ -91.066256875614457, 32.922368632740167 ], [ -91.066432736944847, 32.92217613004798 ], [ -91.066789657401429, 32.922095847316641 ] ] ], [ [ [ -91.061551319758436, 32.923206236875345 ], [ -91.061826765003914, 32.923057120233992 ], [ -91.062146555715515, 32.92311594379683 ], [ -91.062323364378273, 32.923348249877961 ], [ -91.062253618083034, 32.923617957355567 ], [ -91.061978171716817, 32.923767074887763 ], [ -91.061658378817739, 32.923708250816638 ], [ -91.061481571275721, 32.923475943844686 ], [ -91.061551319758436, 32.923206236875345 ] ] ], [ [ [ -91.066704288816652, 32.925093628187653 ], [ -91.067319685785975, 32.924914295732485 ], [ -91.067547290910156, 32.92499796227851 ], [ -91.067668010890941, 32.925140633946796 ], [ -91.06768781267283, 32.925349363335052 ], [ -91.067464617564283, 32.925593675086461 ], [ -91.06687837161617, 32.925728976886653 ], [ -91.066609597987778, 32.925571428183048 ], [ -91.066551641728637, 32.925299741973497 ], [ -91.066704288816652, 32.925093628187653 ] ] ], [ [ [ -91.06152057158512, 32.926613409656348 ], [ -91.06179602774256, 32.926464293553742 ], [ -91.062115830578193, 32.926523117619645 ], [ -91.062292645475225, 32.926755423873473 ], [ -91.062222895872395, 32.927025131092364 ], [ -91.061947438594032, 32.927174248085919 ], [ -91.061627633570538, 32.927115423511687 ], [ -91.061450819794445, 32.926883116366916 ], [ -91.06152057158512, 32.926613409656348 ] ] ], [ [ [ -91.061962550990643, 32.92995785491857 ], [ -91.06223801712251, 32.929808738273842 ], [ -91.062557832236791, 32.929867561635923 ], [ -91.062734654524291, 32.930099867436539 ], [ -91.062664903094458, 32.930369574718398 ], [ -91.062389435841524, 32.930518692254218 ], [ -91.062069618538999, 32.930459868383778 ], [ -91.06189279737255, 32.930227561692085 ], [ -91.061962550990643, 32.92995785491857 ] ] ], [ [ [ -91.066181839511756, 32.935377278754345 ], [ -91.066457316329206, 32.93522815328437 ], [ -91.066777154132367, 32.935286966618612 ], [ -91.066953997821756, 32.935519267062858 ], [ -91.066884253969945, 32.935788976797731 ], [ -91.066608776031543, 32.935938103159103 ], [ -91.066288936039371, 32.935879289316667 ], [ -91.066112093470934, 32.935646987981031 ], [ -91.066181839511756, 32.935377278754345 ] ] ] ] } },
{ "type": "Feature", "properties": { "depth_bin": "140-145 ft", "bin_order": -142.5, "survey_id": "LM_09_LPM_20200525_CS_4958_4986", "date": "2020-05-25", "year": 2020, "mile": 497.0 }, "geometry": { "type": "MultiPolygon", "coordinates": [ [ [ [ -91.071017969521563, 32.895038186974965 ], [ -91.072765291115104, 32.895782648020216 ], [ -91.0728849643193, 32.896039572543494 ], [ -91.072754243431376, 32.89629263656709 ], [ -91.072533243517924, 32.896387954835077 ], [ -91.072286718263896, 32.896363625165101 ], [ -91.070324860675569, 32.89560136465623 ], [ -91.070107101370709, 32.895315219887259 ], [ -91.070207797601583, 32.895052567253153 ], [ -91.070499141091801, 32.894926914076137 ], [ -91.071017969521563, 32.895038186974965 ] ] ], [ [ [ -91.073131313756178, 32.896247645354379 ], [ -91.073326023974985, 32.896117783970332 ], [ -91.073532056181293, 32.89609523709445 ], [ -91.074294600068697, 32.896345905192767 ], [ -91.074610506114169, 32.896562502761306 ], [ -91.07460314797386, 32.896902489843875 ], [ -91.074424463346233, 32.897047828675234 ], [ -91.074180180612089, 32.897084923551482 ], [ -91.073274000362545, 32.896768400939507 ], [ -91.073061625484016, 32.896517361970822 ], [ -91.073131313756178, 32.896247645354379 ] ] ], [ [ [ -91.069340745916762, 32.897663676971582 ], [ -91.072455566465308, 32.89868823206826 ], [ -91.072604517142835, 32.898934023807655 ], [ -91.072503822899279, 32.899196678318667 ], [ -91.072128669913852, 32.899321043207763 ], [ -91.071387887144354, 32.899120032006849 ], [ -91.069082653650383, 32.898336830657058 ], [ -91.068910384733826, 32.898186078181268 ], [ -91.06886642682268, 32.897979990757293 ], [ -91.069025933460097, 32.897738960352889 ], [ -91.069340745916762, 32.897663676971582 ] ] ], [ [ [ -91.071308646481967, 32.900914613320616 ], [ -91.071536850071055, 32.901062923333029 ], [ -91.071594809739437, 32.901334608203285 ], [ -91.071408065343974, 32.901561292010285 ], [ -91.071127392502277, 32.90161601882474 ], [ -91.068974366898857, 32.90108435776682 ], [ -91.068785406791818, 32.900948575753539 ], [ -91.068720540577459, 32.900711800849528 ], [ -91.068880052886797, 32.900470770927058 ], [ -91.069194875240342, 32.900395488307282 ], [ -91.071308646481967, 32.900914613320616 ] ] ], [ [ [ -91.070930918926123, 32.932771940081039 ], [ -91.071400813287482, 32.932438274649861 ], [ -91.071648328625443, 32.932421567605083 ], [ -91.071865137220144, 32.932523639403598 ], [ -91.071978161820795, 32.932710085969362 ], [ -91.071882820129133, 32.933007838140632 ], [ -91.071380108127357, 32.93330272805408 ], [ -91.07106027374148, 32.933243926643513 ], [ -91.070883423229631, 32.933011631705277 ], [ -91.070930918926123, 32.932771940081039 ] ] ], [ [ [ -91.06868093758689, 32.902903095557996 ], [ -91.070244967611615, 32.903145260482276 ], [ -91.070447900561746, 32.903361818355549 ], [ -91.070409872000823, 32.903635997320393 ], [ -91.070153156873914, 32.903807186828601 ], [ -91.068625069894139, 32.903601239781644 ], [ -91.068448841473781, 32.903508392417869 ], [ -91.068335858398171, 32.903321943483789 ], [ -91.068405567275789, 32.903052230508976 ], [ -91.06868093758689, 32.902903095557996 ] ] ], [ [ [ -91.069889221453522, 32.930021429039442 ], [ -91.070135838710883, 32.930045766746773 ], [ -91.070300480020805, 32.930152737684494 ], [ -91.070391283817656, 32.930347629775518 ], [ -91.070338391175966, 32.93055222023618 ], [ -91.069704749552102, 32.930930737988135 ], [ -91.069339859816466, 32.930909963739197 ], [ -91.069136870227737, 32.930693402738896 ], [ -91.069174918620959, 32.930419225856404 ], [ -91.069889221453522, 32.930021429039442 ] ] ], [ [ [ -91.067940481319908, 32.905671534750994 ], [ -91.068231863317706, 32.905545888470726 ], [ -91.068796939788584, 32.90563642005997 ], [ -91.068999874459848, 32.905852980283882 ], [ -91.068961839990379, 32.90612715849992 ], [ -91.068622621361712, 32.906310865918513 ], [ -91.068057540857893, 32.906220333397734 ], [ -91.067845159979981, 32.905969285629418 ], [ -91.067940481319908, 32.905671534750994 ] ] ], [ [ [ -91.067719353767316, 32.908331582602074 ], [ -91.068010744966301, 32.908205937222711 ], [ -91.068322114868479, 32.908290896547477 ], [ -91.06847106856975, 32.908536693031074 ], [ -91.068370349934213, 32.908799342974518 ], [ -91.06807895721083, 32.908924989128202 ], [ -91.067767585382924, 32.908840029131824 ], [ -91.067618633206024, 32.908594231873892 ], [ -91.067719353767316, 32.908331582602074 ] ] ], [ [ [ -91.067782426105779, 32.910998556825639 ], [ -91.068113456798997, 32.911192623642357 ], [ -91.068106069709842, 32.91153260862604 ], [ -91.067808442120963, 32.911711761771841 ], [ -91.067361005157096, 32.911644326797116 ], [ -91.067158062129479, 32.91142776375829 ], [ -91.067196105254027, 32.911153586601202 ], [ -91.067452847713568, 32.91098240435668 ], [ -91.067782426105779, 32.910998556825639 ] ] ], [ [ [ -91.067631105917016, 32.924828310512055 ], [ -91.067825465798549, 32.9248903741139 ], [ -91.067979431534923, 32.925054647877609 ], [ -91.068006152125292, 32.925228466538051 ], [ -91.067906947625502, 32.925420422059517 ], [ -91.067195066323094, 32.925678101880713 ], [ -91.066842017106978, 32.925597688161332 ], [ -91.066693041868064, 32.925351889475962 ], [ -91.066793786702945, 32.925089242420562 ], [ -91.066962956395713, 32.924987432087129 ], [ -91.067631105917016, 32.924828310512055 ] ] ], [ [ [ -91.068793634392392, 32.927460344959989 ], [ -91.068988000843945, 32.927522406971043 ], [ -91.069141973114029, 32.927686679484474 ], [ -91.069095106196841, 32.928024415958873 ], [ -91.068560303536799, 32.928272169155029 ], [ -91.0681995970169, 32.928221330629924 ], [ -91.068022763516453, 32.927989032110617 ], [ -91.068092496585805, 32.92771932106745 ], [ -91.068431449905887, 32.927525272210218 ], [ -91.068793634392392, 32.927460344959989 ] ] ], [ [ [ -91.063737143044463, 32.892454369806011 ], [ -91.064028486187183, 32.892328731690739 ], [ -91.064339796961534, 32.892413698939308 ], [ -91.06448871509842, 32.892659499364669 ], [ -91.064388005295683, 32.892922146958341 ], [ -91.064096660629417, 32.893047785847266 ], [ -91.063785347931102, 32.892962817927227 ], [ -91.063636431317747, 32.892717016728199 ], [ -91.063737143044463, 32.892454369806011 ] ] ], [ [ [ -91.061076194905837, 32.89518602695825 ], [ -91.061245312049337, 32.89508422203776 ], [ -91.061492723864077, 32.895067531233714 ], [ -91.061742690615759, 32.89520296882538 ], [ -91.061959622242199, 32.895194948426933 ], [ -91.062417501899532, 32.895347853169433 ], [ -91.062554170826871, 32.895479862798979 ], [ -91.062598688658312, 32.895678764153651 ], [ -91.06284682890967, 32.895559122060796 ], [ -91.063093348390993, 32.895583470180696 ], [ -91.063320431408627, 32.895782217638761 ], [ -91.063314423189865, 32.896058219917208 ], [ -91.063117091268396, 32.896235255379004 ], [ -91.062831426555832, 32.896266492364248 ], [ -91.062587116103103, 32.896137749845501 ], [ -91.062497324687101, 32.895879348041476 ], [ -91.062123782233456, 32.896002239716459 ], [ -91.061527463221836, 32.895764294812132 ], [ -91.061230791637215, 32.895750549714329 ], [ -91.060980863926119, 32.895483772634492 ], [ -91.061076194905837, 32.89518602695825 ] ] ], [ [ [ -91.060242710953517, 32.901743921588441 ], [ -91.060518089851001, 32.901594804958492 ], [ -91.060837803043995, 32.901653629159952 ], [ -91.061014568425222, 32.901885936132594 ], [ -91.060944838439923, 32.902155644231819 ], [ -91.060669458422709, 32.902304761751779 ], [ -91.060349743044625, 32.902245937042331 ], [ -91.060172978783143, 32.902013629179649 ], [ -91.060242710953517, 32.901743921588441 ] ] ], [ [ [ -91.060076554409235, 32.911155705606227 ], [ -91.060367964948753, 32.911030078853905 ], [ -91.060679336303664, 32.911115057288974 ], [ -91.060828272718751, 32.911360862171911 ], [ -91.060727528183506, 32.911623504883366 ], [ -91.060436116118765, 32.91174913240981 ], [ -91.060124742838312, 32.911664153302638 ], [ -91.059975807948447, 32.911418347645601 ], [ -91.060076554409235, 32.911155705606227 ] ] ], [ [ [ -91.067730984377135, 32.913718399065935 ], [ -91.067895593393402, 32.913825372210965 ], [ -91.06798637699977, 32.914020265718598 ], [ -91.067825299707906, 32.91433198577225 ], [ -91.067635853334153, 32.914404008135129 ], [ -91.067184952233603, 32.914412637462455 ], [ -91.066899197201622, 32.914278067072765 ], [ -91.066809952969592, 32.914012480144571 ], [ -91.066969496080873, 32.913771454222569 ], [ -91.067200556420616, 32.913694882103727 ], [ -91.067730984377135, 32.913718399065935 ] ] ], [ [ [ -91.067549695150063, 32.916374553972467 ], [ -91.067827850471517, 32.916437913095137 ], [ -91.06799521326117, 32.916635725369062 ], [ -91.067975803844845, 32.916878188642926 ], [ -91.067778432438104, 32.91705522954161 ], [ -91.066281576391859, 32.91722569357038 ], [ -91.066045364836157, 32.91716124311165 ], [ -91.065908658866036, 32.917029236304103 ], [ -91.065882560745635, 32.916754067105828 ], [ -91.066094794971278, 32.916543927809066 ], [ -91.067549695150063, 32.916374553972467 ] ] ], [ [ [ -91.066393001238438, 32.919400436665228 ], [ -91.066684431263155, 32.919274796004508 ], [ -91.066995837959141, 32.919359759883356 ], [ -91.067144804869699, 32.919605558088946 ], [ -91.067044068120438, 32.919868205913815 ], [ -91.066752636570428, 32.919993847349147 ], [ -91.066441227947706, 32.91990888279836 ], [ -91.066292262562456, 32.919663083818136 ], [ -91.066393001238438, 32.919400436665228 ] ] ], [ [ [ -91.067355068068395, 32.922024204818044 ], [ -91.067549421701699, 32.9220862686415 ], [ -91.067703382319777, 32.922250542616318 ], [ -91.067730101809019, 32.922424361358239 ], [ -91.067630900170911, 32.922616316835573 ], [ -91.067421969098461, 32.922729439415107 ], [ -91.067016545785421, 32.922784750997728 ], [ -91.066705127232154, 32.922699786769066 ], [ -91.066556156822813, 32.922453988006829 ], [ -91.066656898324098, 32.922191340840122 ], [ -91.066865829002964, 32.922078219520486 ], [ -91.067355068068395, 32.922024204818044 ] ] ], [ [ [ -91.06444479686445, 32.932439840808442 ], [ -91.064736273153216, 32.93231420662925 ], [ -91.065047722799747, 32.932399176823452 ], [ -91.065196704188281, 32.932644977479114 ], [ -91.065095944962678, 32.932907622453769 ], [ -91.064804467147511, 32.933033257407921 ], [ -91.064493015573106, 32.932948286541361 ], [ -91.064344035710974, 32.932702485110738 ], [ -91.06444479686445, 32.932439840808442 ] ] ] ] } },
{ "type": "Feature", "properties": { "depth_bin": "145-150 ft", "bin_order": -147.5, "survey_id": "LM_09_LPM_20200525_CS_4958_4986", "date": "2020-05-25", "year": 2020, "mile": 497.0 }, "geometry": { "type": "MultiPolygon", "coordinates": [ [ [ [ -91.072229820812666, 32.895917163292076 ], [ -91.072408506496174, 32.895771827623122 ], [ -91.072652786153895, 32.895734736097317 ], [ -91.073547327334907, 32.89607131282019 ], [ -91.073750253357531, 32.896287865261357 ], [ -91.073712239086277, 32.89656204601274 ], [ -91.073533553781687, 32.896707383548915 ], [ -91.073289271708973, 32.896744476706054 ], [ -91.072394724961526, 32.896407897955548 ], [ -91.072191802095503, 32.896191343428697 ], [ -91.072229820812666, 32.895917163292076 ] ] ], [ [ [ -91.073998648675342, 32.896609135822771 ], [ -91.074255335307313, 32.896437937184878 ], [ -91.07458033179951, 32.896470005898813 ], [ -91.074783261284168, 32.896686556775776 ], [ -91.07474524994737, 32.896960737936325 ], [ -91.074488562644973, 32.897131937546291 ], [ -91.074163563791487, 32.897099868508668 ], [ -91.07396063497724, 32.896883316659654 ], [ -91.073998648675342, 32.896609135822771 ] ] ], [ [ [ -91.070985766159069, 32.90108039100032 ], [ -91.071261126158618, 32.900931249931524 ], [ -91.07158084552772, 32.900990046821612 ], [ -91.071757638541456, 32.901222339608537 ], [ -91.071687941459103, 32.901492054957707 ], [ -91.071412580340834, 32.901641196916813 ], [ -91.071092858786258, 32.901582399519391 ], [ -91.070916066891229, 32.901350105842148 ], [ -91.070985766159069, 32.90108039100032 ] ] ], [ [ [ -91.068665749240964, 32.927467357673052 ], [ -91.06931015672653, 32.92724518058666 ], [ -91.069588347141973, 32.92730853699026 ], [ -91.069742320210693, 32.927472808796182 ], [ -91.069751185295203, 32.927715708860461 ], [ -91.069398056913016, 32.927997839102559 ], [ -91.068972529123471, 32.928125843140336 ], [ -91.068765168419688, 32.928114036259444 ], [ -91.06851598918432, 32.927935031764846 ], [ -91.068489881513713, 32.927659863147156 ], [ -91.068665749240964, 32.927467357673052 ] ] ], [ [ [ -91.070298601894535, 32.92986527584447 ], [ -91.070506340477294, 32.929859882696391 ], [ -91.070723141555604, 32.929961956237641 ], [ -91.07083616072417, 32.930148403700244 ], [ -91.070822163854089, 32.93032327925669 ], [ -91.070712067717523, 32.93047194137943 ], [ -91.070467844948467, 32.930600307556425 ], [ -91.069988227405176, 32.930671138103136 ], [ -91.069739038671443, 32.930492135761767 ], [ -91.069712926858486, 32.930216967338204 ], [ -91.069888797375981, 32.930024460305283 ], [ -91.070298601894535, 32.92986527584447 ] ] ], [ [ [ -91.071953732250634, 32.932145712338588 ], [ -91.072201246723182, 32.93212900416318 ], [ -91.072418055306414, 32.932231075003301 ], [ -91.07253108075345, 32.932417521105968 ], [ -91.072502226081482, 32.932625499076593 ], [ -91.072375380419331, 32.932764346486515 ], [ -91.071884372122597, 32.933014760593373 ], [ -91.071518816112501, 32.933024253859408 ], [ -91.071291623130833, 32.932825518221797 ], [ -91.071297615022488, 32.932549516267215 ], [ -91.071424461988627, 32.932410669998447 ], [ -91.071953732250634, 32.932145712338588 ] ] ], [ [ [ -91.069046370590485, 32.905623813526788 ], [ -91.069312733175636, 32.905835083738111 ], [ -91.069265882747956, 32.906172821842027 ], [ -91.068990502937112, 32.906321957669924 ], [ -91.068506118397778, 32.906261455503085 ], [ -91.068329324783434, 32.906029158235171 ], [ -91.06839903623117, 32.905759445453668 ], [ -91.068633533392855, 32.905618280858249 ], [ -91.069046370590485, 32.905623813526788 ] ] ], [ [ [ -91.067727028993772, 32.913665651620761 ], [ -91.068127439101545, 32.91370517793591 ], [ -91.068310932760028, 32.914007955128866 ], [ -91.068148565973431, 32.914284297433333 ], [ -91.067714808902352, 32.914387887785303 ], [ -91.067414791180454, 32.914277591309308 ], [ -91.067295112247763, 32.91402066193001 ], [ -91.067425877076701, 32.913767605837684 ], [ -91.067727028993772, 32.913665651620761 ] ] ], [ [ [ -91.067749568224514, 32.916363292323247 ], [ -91.068149990439167, 32.91640281900056 ], [ -91.068333489268326, 32.916705596246075 ], [ -91.068171117184534, 32.916981938287329 ], [ -91.067738128089019, 32.917085495894646 ], [ -91.067438101401606, 32.916975199181174 ], [ -91.06731841917329, 32.916718269791829 ], [ -91.067449188306824, 32.916465213922827 ], [ -91.067749568224514, 32.916363292323247 ] ] ], [ [ [ -91.068975842671406, 32.918955608386064 ], [ -91.069212061343762, 32.919020053540521 ], [ -91.069366020124164, 32.919184325459028 ], [ -91.069392742274701, 32.91935814401203 ], [ -91.069293547928538, 32.919550101158499 ], [ -91.069124391420331, 32.919651915214381 ], [ -91.06856693429458, 32.919765771266889 ], [ -91.068213906851952, 32.919685362177475 ], [ -91.068064936795039, 32.919439565135491 ], [ -91.068165670017365, 32.919176916340511 ], [ -91.068530718862434, 32.919009445244882 ], [ -91.068975842671406, 32.918955608386064 ] ] ], [ [ [ -91.068273581338559, 32.924603908851061 ], [ -91.068520183022926, 32.924628249196125 ], [ -91.068709191176325, 32.924764032974181 ], [ -91.068774071583107, 32.925000807672639 ], [ -91.068674868990897, 32.925192763881512 ], [ -91.067969394011172, 32.925464042421567 ], [ -91.067682243388205, 32.925494494813222 ], [ -91.067454636876207, 32.925410828467612 ], [ -91.067305660190527, 32.925165030454949 ], [ -91.067406402999055, 32.924902382823021 ], [ -91.068273581338559, 32.924603908851061 ] ] ], [ [ [ -91.063564483479055, 32.892422388506048 ], [ -91.063839827506882, 32.89227326306483 ], [ -91.064159510150603, 32.892332077685182 ], [ -91.064336267197646, 32.892564379919101 ], [ -91.064266555975934, 32.892834090897729 ], [ -91.063991210829158, 32.892983217228753 ], [ -91.063671526001229, 32.892924402100746 ], [ -91.063494770073106, 32.892692098977037 ], [ -91.063564483479055, 32.892422388506048 ] ] ], [ [ [ -91.06164482776488, 32.89542386827037 ], [ -91.061984017114412, 32.895240178488386 ], [ -91.062497058757188, 32.895361964009808 ], [ -91.062724139845812, 32.895560712487693 ], [ -91.062718129828738, 32.895836714678438 ], [ -91.062557173168301, 32.895996113281321 ], [ -91.062360307875736, 32.896052119665754 ], [ -91.061847262517347, 32.895930333454395 ], [ -91.061620182571076, 32.895731583431683 ], [ -91.06164482776488, 32.89542386827037 ] ] ], [ [ [ -91.06192007605317, 32.89883478208283 ], [ -91.062195443065789, 32.898685661250532 ], [ -91.06251514723283, 32.898744480837749 ], [ -91.062691911734035, 32.898976785487108 ], [ -91.062622189530444, 32.899246494914962 ], [ -91.062346821398378, 32.899395616637229 ], [ -91.062027115046519, 32.899336796542158 ], [ -91.061850351664731, 32.899104491002817 ], [ -91.06192007605317, 32.89883478208283 ] ] ], [ [ [ -91.059661708575874, 32.904783394872425 ], [ -91.059918445697008, 32.904612227803675 ], [ -91.06024346479839, 32.904644334690182 ], [ -91.060446375768535, 32.904860907982837 ], [ -91.060408315637886, 32.905135082671464 ], [ -91.060151577844678, 32.90530625071235 ], [ -91.05982655638141, 32.905274143501195 ], [ -91.059623646083338, 32.905057569236391 ], [ -91.059661708575874, 32.904783394872425 ] ] ], [ [ [ -91.059730213181069, 32.907886809421008 ], [ -91.060005612447455, 32.907737694799089 ], [ -91.060325347113448, 32.907796521066807 ], [ -91.06050212249356, 32.908028828953647 ], [ -91.060432385175616, 32.908298536279631 ], [ -91.060156984789103, 32.908447651791796 ], [ -91.059837247937395, 32.908388825015933 ], [ -91.059660473677383, 32.908156516238854 ], [ -91.059730213181069, 32.907886809421008 ] ] ], [ [ [ -91.067544314983223, 32.911137647180865 ], [ -91.067819712395433, 32.910988515292104 ], [ -91.068139464857992, 32.911047322155746 ], [ -91.068316267260954, 32.911279619867607 ], [ -91.0682465503629, 32.911549332208338 ], [ -91.067971151831117, 32.911698464987666 ], [ -91.067651397182132, 32.91163965761632 ], [ -91.06747459589873, 32.911407359013872 ], [ -91.067544314983223, 32.911137647180865 ] ] ], [ [ [ -91.06021868874889, 32.914222718765473 ], [ -91.060494107441372, 32.914073603908932 ], [ -91.060813865071239, 32.914132429729605 ], [ -91.060990653501634, 32.914364737218889 ], [ -91.060920911675467, 32.914634444429886 ], [ -91.060645491862587, 32.914783560176893 ], [ -91.06032573204628, 32.914724733848011 ], [ -91.060148944736298, 32.914492425468254 ], [ -91.06021868874889, 32.914222718765473 ] ] ], [ [ [ -91.066076570237868, 32.916669429540214 ], [ -91.066333331223689, 32.916498250410015 ], [ -91.066658396758299, 32.916530342246809 ], [ -91.066861349531365, 32.916746906317208 ], [ -91.066823302085965, 32.917021083013672 ], [ -91.06656654042834, 32.917192263116597 ], [ -91.066241472530294, 32.917160170955441 ], [ -91.066038520429018, 32.916943605912351 ], [ -91.066076570237868, 32.916669429540214 ] ] ], [ [ [ -91.06713448267881, 32.919249266493431 ], [ -91.067441394054711, 32.919469770017962 ], [ -91.067416757860229, 32.919777485702596 ], [ -91.067159989040334, 32.919948666701515 ], [ -91.066674659075986, 32.919941316454569 ], [ -91.066471699882584, 32.919724751931831 ], [ -91.066509749999682, 32.919450575537539 ], [ -91.066726753243316, 32.919290706803196 ], [ -91.06713448267881, 32.919249266493431 ] ] ], [ [ [ -91.060720324610031, 32.920300675528097 ], [ -91.060977106199175, 32.920129508275537 ], [ -91.061302182288529, 32.920161614456191 ], [ -91.061505129385139, 32.920378186934478 ], [ -91.061467063356773, 32.920652361177694 ], [ -91.061210281095171, 32.920823529403009 ], [ -91.060885202642083, 32.920791422897608 ], [ -91.06068225621793, 32.920574849446581 ], [ -91.060720324610031, 32.920300675528097 ] ] ], [ [ [ -91.067669577489411, 32.921950514155199 ], [ -91.067979735527231, 32.922113894767712 ], [ -91.068011892609405, 32.922452852976647 ], [ -91.067776247686581, 32.922644437469707 ], [ -91.067290895415923, 32.922672681270704 ], [ -91.067063737566386, 32.922473938960074 ], [ -91.067069740213739, 32.922197937236803 ], [ -91.067267124932471, 32.922020898070969 ], [ -91.067669577489411, 32.921950514155199 ] ] ] ] } },
{ "type": "Feature", "properties": { "depth_bin": "150-155 ft", "bin_order": -152.5, "survey_id": "LM_09_LPM_20200525_CS_4958_4986", "date": "2020-05-25", "year": 2020, "mile": 497.0 }, "geometry": { "type": "MultiPolygon", "coordinates": [ [ [ [ -91.068755459060441, 32.919115133635685 ], [ -91.069012222484588, 32.918943949132284 ], [ -91.069466664986109, 32.918971702041404 ], [ -91.06969381989137, 32.919170439954364 ], [ -91.069687826083253, 32.919446442239192 ], [ -91.069526836490283, 32.91960584813269 ], [ -91.069287975824906, 32.919662952435679 ], [ -91.068957981856499, 32.919621588987596 ], [ -91.068751612140602, 32.91946031314847 ], [ -91.068624007195524, 32.919676347137617 ], [ -91.068402943782132, 32.9197716554457 ], [ -91.068156355553455, 32.919747315351401 ], [ -91.067991735605645, 32.919640342227858 ], [ -91.06790248351605, 32.919374755974999 ], [ -91.068062034121922, 32.919133729099549 ], [ -91.068418315653986, 32.919064285473354 ], [ -91.068704445238964, 32.919247322559777 ], [ -91.068755459060441, 32.919115133635685 ] ] ], [ [ [ -91.068245835031007, 32.924650629652476 ], [ -91.068870735699676, 32.924490361377195 ], [ -91.069098341366313, 32.924574025115703 ], [ -91.06921906337557, 32.924716695364687 ], [ -91.069238868772203, 32.924925424651718 ], [ -91.069015678911342, 32.925169739388018 ], [ -91.068419928265072, 32.925285976621169 ], [ -91.06815115302939, 32.925128431173043 ], [ -91.068093192236603, 32.924856745496889 ], [ -91.068245835031007, 32.924650629652476 ] ] ], [ [ [ -91.06973276716063, 32.927036230498189 ], [ -91.070018529751636, 32.927004981449613 ], [ -91.070235323427184, 32.927107055603521 ], [ -91.070348338227376, 32.92729350341596 ], [ -91.070319480758101, 32.927501480915971 ], [ -91.069841767791502, 32.927821553713976 ], [ -91.069570757164669, 32.927907451285265 ], [ -91.069324146027157, 32.927883112679368 ], [ -91.069096970717666, 32.927684373562172 ], [ -91.069102968246924, 32.927408371737734 ], [ -91.069263973440798, 32.927248967129714 ], [ -91.06973276716063, 32.927036230498189 ] ] ], [ [ [ -91.071249023693085, 32.929472064796343 ], [ -91.071491624065615, 32.929516667986178 ], [ -91.071663955528237, 32.929667418596743 ], [ -91.071707931834922, 32.929873504869256 ], [ -91.071608729472672, 32.930065463300522 ], [ -91.070675851495793, 32.930495934983377 ], [ -91.070281886499856, 32.930423500400295 ], [ -91.07013289412798, 32.930177705346281 ], [ -91.070233635151155, 32.929915055533677 ], [ -91.071249023693085, 32.929472064796343 ] ] ], [ [ [ -91.072713755175585, 32.93174654206765 ], [ -91.072960378262607, 32.931770874395944 ], [ -91.07312502625831, 32.931877841825461 ], [ -91.073215837927691, 32.932072732105709 ], [ -91.073162950497263, 32.932277323911663 ], [ -91.072441047848855, 32.932726873748486 ], [ -91.072037885280693, 32.932720652495803 ], [ -91.071834884975345, 32.932504095544637 ], [ -91.071872926147734, 32.9322299176361 ], [ -91.072407879861444, 32.931858100062712 ], [ -91.072713755175585, 32.93174654206765 ] ] ], [ [ [ -91.062094484668521, 32.895585713355239 ], [ -91.062351189885376, 32.895414539887774 ], [ -91.06267617674942, 32.895446639272656 ], [ -91.062879074032637, 32.895663208354939 ], [ -91.062841026783445, 32.89593738459061 ], [ -91.062584320895027, 32.896108559029905 ], [ -91.06225933167012, 32.896076459320589 ], [ -91.062056435058466, 32.895859889266482 ], [ -91.062094484668521, 32.895585713355239 ] ] ], [ [ [ -91.060064026566337, 32.901733212398888 ], [ -91.060320753840756, 32.901562044067958 ], [ -91.060645762048821, 32.901594149513137 ], [ -91.060848667459965, 32.901810722029602 ], [ -91.060810610361088, 32.902084897061762 ], [ -91.060553882414723, 32.902256066364735 ], [ -91.06022887184514, 32.902223960594931 ], [ -91.060025967105958, 32.902007387106437 ], [ -91.060064026566337, 32.901733212398888 ] ] ], [ [ [ -91.068706646625927, 32.905787664567519 ], [ -91.068963370301262, 32.905616478397931 ], [ -91.069288397548547, 32.905648562004664 ], [ -91.069491333484791, 32.905865121475202 ], [ -91.06945330051623, 32.906139299896303 ], [ -91.069196576169674, 32.906310487038226 ], [ -91.068871546560146, 32.9062784031074 ], [ -91.068668611295138, 32.906061842664542 ], [ -91.068706646625927, 32.905787664567519 ] ] ], [ [ [ -91.067684957539711, 32.911110891142265 ], [ -91.067941698982395, 32.910939707852428 ], [ -91.068266745088408, 32.910971794798961 ], [ -91.06846968992798, 32.911188356112973 ], [ -91.068431650691736, 32.911462533801469 ], [ -91.068174908577589, 32.911633718063797 ], [ -91.067849860108737, 32.911601630793079 ], [ -91.067646915940642, 32.911385068506561 ], [ -91.067684957539711, 32.911110891142265 ] ] ], [ [ [ -91.068300983690676, 32.913640901762001 ], [ -91.068607879464267, 32.913861401997032 ], [ -91.068583249863053, 32.91416911837959 ], [ -91.068285614070447, 32.914348272299648 ], [ -91.06783728706715, 32.914308822927921 ], [ -91.067634337092002, 32.914092260481667 ], [ -91.067672380323373, 32.913818083277697 ], [ -91.067929129881321, 32.913646900374317 ], [ -91.068300983690676, 32.913640901762001 ] ] ], [ [ [ -91.068322884386347, 32.916326178599974 ], [ -91.068629789144339, 32.916546679037076 ], [ -91.068605158390625, 32.916854395274385 ], [ -91.068348400473454, 32.917025579189477 ], [ -91.067860393710575, 32.917003931530765 ], [ -91.067657437863645, 32.916787368980167 ], [ -91.067695482610887, 32.91651319192087 ], [ -91.067912476379433, 32.916353320710826 ], [ -91.068322884386347, 32.916326178599974 ] ] ], [ [ [ -91.066828603945652, 32.91939497410673 ], [ -91.067085371712821, 32.919223793739164 ], [ -91.06741044754115, 32.919255883984924 ], [ -91.067613408090608, 32.919472447042629 ], [ -91.067575361348943, 32.919746623898028 ], [ -91.067318592909942, 32.91991780523842 ], [ -91.066993514717836, 32.919885714668304 ], [ -91.066790554840196, 32.919669150637802 ], [ -91.066828603945652, 32.91939497410673 ] ] ], [ [ [ -91.068056872573209, 32.921838904992988 ], [ -91.068261847875903, 32.92186779644193 ], [ -91.06845084996047, 32.922003580435621 ], [ -91.068517264342816, 32.92216966257142 ], [ -91.068464373274992, 32.92237425251168 ], [ -91.068207598595976, 32.922545435394092 ], [ -91.067811080737982, 32.922629390283745 ], [ -91.067568501215348, 32.922584780661971 ], [ -91.067365534063882, 32.922368217373894 ], [ -91.067403582993634, 32.922094040756541 ], [ -91.067582331068635, 32.921948714806923 ], [ -91.068056872573209, 32.921838904992988 ] ] ], [ [ [ -91.061378372218073, 32.923296554638654 ], [ -91.061635161570848, 32.923125386385138 ], [ -91.061960248893385, 32.923157491254422 ], [ -91.06216320411275, 32.923374062879098 ], [ -91.062125138338502, 32.92364823722658 ], [ -91.061868348313254, 32.923819406452978 ], [ -91.061543258626614, 32.923787301258969 ], [ -91.061340304079735, 32.923570728661424 ], [ -91.061378372218073, 32.923296554638654 ] ] ], [ [ [ -91.061357679579118, 32.926639753299924 ], [ -91.061633136075258, 32.926490637570382 ], [ -91.06195293887518, 32.926549462052705 ], [ -91.06212975338299, 32.926781768522375 ], [ -91.062060003265444, 32.92705147563008 ], [ -91.061784545648337, 32.927200592250564 ], [ -91.061464740660568, 32.927141767259911 ], [ -91.06128792727371, 32.926909459899292 ], [ -91.061357679579118, 32.926639753299924 ] ] ], [ [ [ -91.064277220654773, 32.932536181904233 ], [ -91.064552691389636, 32.932387060363986 ], [ -91.06487251754227, 32.932445878176154 ], [ -91.065049350837668, 32.932678181023427 ], [ -91.064979603936976, 32.932947889678658 ], [ -91.064704132081147, 32.933097012110125 ], [ -91.064384303739871, 32.93303819378972 ], [ -91.064207471565481, 32.932805890051206 ], [ -91.064277220654773, 32.932536181904233 ] ] ] ] } },
{ "type": "Feature", "properties": { "depth_bin": "155-160 ft", "bin_order": -157.5, "survey_id": "LM_09_LPM_20200525_CS_4958_4986", "date": "2020-05-25", "year": 2020, "mile": 497.0 }, "geometry": { "type": "MultiPolygon", "coordinates": [ [ [ [ -91.074136118204592, 32.896686348725922 ], [ -91.07439280481718, 32.896515149806042 ], [ -91.074717801658252, 32.896547218174305 ], [ -91.074920731655709, 32.896763768844345 ], [ -91.074882720695228, 32.897037950057943 ], [ -91.074626033412244, 32.89720914994988 ], [ -91.074301034209867, 32.897177081257958 ], [ -91.074098104882822, 32.89696052961586 ], [ -91.074136118204592, 32.896686348725922 ] ] ], [ [ [ -91.071135933798374, 32.901136424172378 ], [ -91.071411293741676, 32.900987282770963 ], [ -91.071731013429613, 32.901046079287383 ], [ -91.071907806950549, 32.901278371878476 ], [ -91.071838110266611, 32.901548087324358 ], [ -91.071562749204631, 32.901697229616097 ], [ -91.071243027331192, 32.901638432592335 ], [ -91.071066234928963, 32.901406139110932 ], [ -91.071135933798374, 32.901136424172378 ] ] ], [ [ [ -91.070677158905781, 32.926710308998956 ], [ -91.070924658286629, 32.926693602789371 ], [ -91.071169063372366, 32.926822331965077 ], [ -91.071261157880713, 32.927052601630969 ], [ -91.071159131783304, 32.927279874456296 ], [ -91.070201189220938, 32.92766343822494 ], [ -91.069807237133986, 32.927591002592095 ], [ -91.069658250449265, 32.927345207090795 ], [ -91.069758989208069, 32.927082557481768 ], [ -91.070677158905781, 32.926710308998956 ] ] ], [ [ [ -91.071921796479074, 32.929153204171719 ], [ -91.072202556795617, 32.929098478996693 ], [ -91.072460754847384, 32.929206382689657 ], [ -91.072579174843924, 32.929427929679932 ], [ -91.072504055697451, 32.929662542631597 ], [ -91.071583994666653, 32.930104560813653 ], [ -91.071183508903545, 32.930065042888266 ], [ -91.071006663958741, 32.929832748234865 ], [ -91.071076389791926, 32.929563035319234 ], [ -91.071921796479074, 32.929153204171719 ] ] ], [ [ [ -91.073658649368625, 32.93120943661323 ], [ -91.073905271327405, 32.931233767031898 ], [ -91.074094301669462, 32.931369543347003 ], [ -91.074162025781561, 32.931571001049285 ], [ -91.074085615764773, 32.931770236811325 ], [ -91.073117722491602, 32.932345324107082 ], [ -91.072873341529998, 32.932382412625628 ], [ -91.072678961589247, 32.932320356214433 ], [ -91.072502108438044, 32.932088063447814 ], [ -91.072571831899197, 32.931818349686822 ], [ -91.073658649368625, 32.93120943661323 ] ] ], [ [ [ -91.068418257937466, 32.913624182037275 ], [ -91.068812147329552, 32.913696619871061 ], [ -91.068959575229684, 32.914013108762461 ], [ -91.068765879294887, 32.914274697811734 ], [ -91.068322532178328, 32.914344747411121 ], [ -91.068036775501156, 32.914210179566787 ], [ -91.067947527884627, 32.913944593325219 ], [ -91.068107067854754, 32.913703565828968 ], [ -91.068418257937466, 32.913624182037275 ] ] ], [ [ [ -91.069136101822423, 32.916273874335175 ], [ -91.069352868860435, 32.916375949180306 ], [ -91.069465869287612, 32.916562397520252 ], [ -91.06943701455468, 32.916770375206113 ], [ -91.069276029626891, 32.916929781003532 ], [ -91.068388689159065, 32.917041325348166 ], [ -91.068036678218036, 32.916875561880559 ], [ -91.067978721848675, 32.916603876024773 ], [ -91.0681655083267, 32.916377199353612 ], [ -91.068519659767048, 32.91628038201975 ], [ -91.069136101822423, 32.916273874335175 ] ] ], [ [ [ -91.069102098417048, 32.919059155229306 ], [ -91.069377518636216, 32.918910020896384 ], [ -91.069697300569317, 32.918968824794909 ], [ -91.069874121843611, 32.919201120757677 ], [ -91.069804402162902, 32.919470833590132 ], [ -91.069528980823904, 32.919619968813954 ], [ -91.06920919670344, 32.919561164407675 ], [ -91.069032376548989, 32.919328867554029 ], [ -91.069102098417048, 32.919059155229306 ] ] ], [ [ [ -91.070773828474515, 32.921401235408027 ], [ -91.070950094006605, 32.921494080643306 ], [ -91.071063103811909, 32.92168052775861 ], [ -91.071034250513677, 32.921888505729434 ], [ -91.070907418838402, 32.922027352355251 ], [ -91.07015477276164, 32.922183593835676 ], [ -91.069827116668264, 32.922046645444205 ], [ -91.069737856980552, 32.921781060307076 ], [ -91.069897407390073, 32.9215400311503 ], [ -91.070398844816921, 32.921388194486454 ], [ -91.070773828474515, 32.921401235408027 ] ] ], [ [ [ -91.068579846732447, 32.92175998407847 ], [ -91.068816072429115, 32.92182443021985 ], [ -91.068952789892165, 32.921956434182576 ], [ -91.068996756971572, 32.922162521276213 ], [ -91.068923171607324, 32.922326439497283 ], [ -91.068647739788005, 32.922475572331173 ], [ -91.068242402498342, 32.922528149782366 ], [ -91.06800617542963, 32.922463702508942 ], [ -91.067829353127337, 32.922231403956587 ], [ -91.067899081348955, 32.921961692641233 ], [ -91.068093857080186, 32.921831842285492 ], [ -91.068579846732447, 32.92175998407847 ] ] ], [ [ [ -91.069040766297718, 32.924370948771731 ], [ -91.069424387929274, 32.924475602386416 ], [ -91.069541258871553, 32.924767844611033 ], [ -91.069381701266664, 32.925008872945128 ], [ -91.068921326202769, 32.925152261286442 ], [ -91.068635534637082, 32.925017693711681 ], [ -91.068546276032762, 32.924752107863526 ], [ -91.068674227655919, 32.924534365835854 ], [ -91.069040766297718, 32.924370948771731 ] ] ], [ [ [ -91.060900530232388, 32.895161563441441 ], [ -91.061175887140948, 32.895012444413965 ], [ -91.061495577418427, 32.895071266126401 ], [ -91.06167233238061, 32.895303571976477 ], [ -91.061602610576429, 32.895573280977018 ], [ -91.061327252548551, 32.895722400894307 ], [ -91.061007560086694, 32.895663578674018 ], [ -91.060830806243828, 32.895431271934129 ], [ -91.060900530232388, 32.895161563441441 ] ] ], [ [ [ -91.062265558077002, 32.895611498166673 ], [ -91.062582520711416, 32.895457826595553 ], [ -91.062974128599095, 32.895557695487824 ], [ -91.063177026872452, 32.895774264119019 ], [ -91.063138980471749, 32.896048440473201 ], [ -91.062841396952507, 32.896227583757309 ], [ -91.06240817958026, 32.896132263810614 ], [ -91.062195837764477, 32.895881207543638 ], [ -91.062265558077002, 32.895611498166673 ] ] ], [ [ [ -91.061613459096762, 32.898740979441868 ], [ -91.061930434209259, 32.898587310054367 ], [ -91.062329833695372, 32.898670425396638 ], [ -91.062532737051441, 32.898886995178074 ], [ -91.062494686841319, 32.899161171083847 ], [ -91.062197091359479, 32.899340312313655 ], [ -91.061756080803917, 32.89926174562877 ], [ -91.061543733875638, 32.899010688162697 ], [ -91.061613459096762, 32.898740979441868 ] ] ], [ [ [ -91.059949279154978, 32.901689807164558 ], [ -91.060224658338427, 32.901540691192274 ], [ -91.060544371105308, 32.901599516130673 ], [ -91.060721135597916, 32.901831823487854 ], [ -91.060651404782064, 32.90210153139396 ], [ -91.060376024478842, 32.90225064825627 ], [ -91.0600563095269, 32.902191822809861 ], [ -91.059879546154065, 32.901959514562662 ], [ -91.059949279154978, 32.901689807164558 ] ] ], [ [ [ -91.059572564088455, 32.907852820336878 ], [ -91.059847963492857, 32.907703706067686 ], [ -91.060167697912348, 32.907762532730771 ], [ -91.060344472805809, 32.90799484082406 ], [ -91.060274735046178, 32.908264548046624 ], [ -91.059999334521635, 32.908413663206069 ], [ -91.059679597916457, 32.908354836034825 ], [ -91.059502824143109, 32.908122527051319 ], [ -91.059572564088455, 32.907852820336878 ] ] ], [ [ [ -91.059865923709395, 32.91122564623619 ], [ -91.060122679716102, 32.911054479591833 ], [ -91.060447722354624, 32.91108658679471 ], [ -91.06065064772632, 32.9113031601104 ], [ -91.060612584425229, 32.911577334515421 ], [ -91.060355827746278, 32.911748502132177 ], [ -91.060030782745088, 32.911716394604596 ], [ -91.059827858045665, 32.9114998203165 ], [ -91.059865923709395, 32.91122564623619 ] ] ], [ [ [ -91.06801085686179, 32.919098858333463 ], [ -91.068298849516836, 32.919091384668647 ], [ -91.068527092893746, 32.919239701314019 ], [ -91.068591969541814, 32.919476476137469 ], [ -91.068432419674451, 32.919717503707844 ], [ -91.067399670136496, 32.919918481016872 ], [ -91.067030080673504, 32.919782613965729 ], [ -91.066940831373515, 32.919517027132564 ], [ -91.067100384799758, 32.919276001596828 ], [ -91.067609004607306, 32.919154311145086 ], [ -91.067862859980693, 32.919181690674996 ], [ -91.06801085686179, 32.919098858333463 ] ] ], [ [ [ -91.061198315288323, 32.926670996777091 ], [ -91.061473772133297, 32.926521881413294 ], [ -91.061793574917786, 32.926580706303689 ], [ -91.061970389054949, 32.926813012984731 ], [ -91.061900638428654, 32.927082719983275 ], [ -91.061625180462713, 32.927231836238029 ], [ -91.061305375490377, 32.927173010839276 ], [ -91.061128562474167, 32.926940703267299 ], [ -91.061198315288323, 32.926670996777091 ] ] ], [ [ [ -91.066039713984352, 32.93544555761482 ], [ -91.066315191241955, 32.935296432476612 ], [ -91.066635029175615, 32.935355246179903 ], [ -91.066811872609392, 32.935587546814311 ], [ -91.066742128265574, 32.935857256449054 ], [ -91.066466649886991, 32.936006382478659 ], [ -91.066146809764305, 32.935947568267167 ], [ -91.065969967451508, 32.935715266741362 ], [ -91.066039713984352, 32.93544555761482 ] ] ] ] } },
{ "type": "Feature", "properties": { "depth_bin": "160-165 ft", "bin_order": -162.5, "survey_id": "LM_09_LPM_20200525_CS_4958_4986", "date": "2020-05-25", "year": 2020, "mile": 497.0 }, "geometry": { "type": "MultiPolygon", "coordinates": [ [ [ [ -91.074250091259103, 32.925452100696234 ], [ -91.074592104271971, 32.925561291698237 ], [ -91.074702078180721, 32.925888440890141 ], [ -91.074478900282244, 32.92613276581973 ], [ -91.074037430269499, 32.926206751029014 ], [ -91.073768641741466, 32.926049217221752 ], [ -91.073710663177238, 32.925777533533783 ], [ -91.073863294986666, 32.925571410429207 ], [ -91.074250091259103, 32.925452100696234 ] ] ], [ [ [ -91.072851588102552, 32.928719617790101 ], [ -91.073099092916792, 32.92870290746783 ], [ -91.073343506752764, 32.928831632669365 ], [ -91.07343560879481, 32.929061900946763 ], [ -91.073333585594327, 32.929289175599742 ], [ -91.072159703376997, 32.929846217968873 ], [ -91.07191219528535, 32.929862926302299 ], [ -91.071725970298587, 32.92978510049295 ], [ -91.071576974819834, 32.929539307030097 ], [ -91.071677710810718, 32.929276655842706 ], [ -91.072851588102552, 32.928719617790101 ] ] ], [ [ [ -91.074576687646072, 32.930696180497307 ], [ -91.074824948631331, 32.930700006428602 ], [ -91.075028850055446, 32.930819502451399 ], [ -91.075119665012792, 32.931014391492489 ], [ -91.075044550939097, 32.931249006114086 ], [ -91.074028233320703, 32.931826366371119 ], [ -91.073627738338416, 32.93178685596817 ], [ -91.073450883625796, 32.931554564474148 ], [ -91.073520603730017, 32.931284850039901 ], [ -91.074576687646072, 32.930696180497307 ] ] ], [ [ [ -91.069259135997328, 32.919016426871544 ], [ -91.06953455583475, 32.918867292176706 ], [ -91.069854337740367, 32.918926095671708 ], [ -91.070031159357569, 32.919158391425682 ], [ -91.069961440189303, 32.919428104366411 ], [ -91.069686019232066, 32.919577239952147 ], [ -91.069366235139071, 32.919518435949406 ], [ -91.069189414641713, 32.919286139304525 ], [ -91.069259135997328, 32.919016426871544 ] ] ], [ [ [ -91.070419434943005, 32.921504762853417 ], [ -91.070676202484393, 32.921333575127854 ], [ -91.071001287775587, 32.921365656350829 ], [ -91.071204261933644, 32.921582214006186 ], [ -91.071166224974718, 32.921856392244443 ], [ -91.071023867927849, 32.921984085587269 ], [ -91.070785001602303, 32.922041192531942 ], [ -91.070431597852021, 32.921873426674978 ], [ -91.070235812417252, 32.922160948530873 ], [ -91.069760002759182, 32.922262069761608 ], [ -91.069513407142452, 32.922237732086295 ], [ -91.069317555791116, 32.922091902025961 ], [ -91.06915669594764, 32.922349256300372 ], [ -91.068805842697031, 32.922446745248237 ], [ -91.068521644159176, 32.922406688586726 ], [ -91.068332086733463, 32.922223665587779 ], [ -91.068338085386131, 32.921947663646641 ], [ -91.068573727226124, 32.921756077960104 ], [ -91.068982602053481, 32.921713910094752 ], [ -91.069258215897221, 32.921881501111123 ], [ -91.069333107025201, 32.921701256666886 ], [ -91.069527880185959, 32.921571403970965 ], [ -91.070054478315043, 32.921499209155733 ], [ -91.070366008172343, 32.921664592331588 ], [ -91.070419434943005, 32.921504762853417 ] ] ], [ [ [ -91.069662486582985, 32.924206313689609 ], [ -91.069909087692409, 32.924230651266924 ], [ -91.070098097263752, 32.924366432998355 ], [ -91.07016580768456, 32.924567892548993 ], [ -91.070089395670905, 32.924767125968231 ], [ -91.069555060080972, 32.92502131207192 ], [ -91.069225888363334, 32.925052763617181 ], [ -91.069031527040579, 32.924990702146943 ], [ -91.068854697295237, 32.924758404849683 ], [ -91.068924424816217, 32.924488693023044 ], [ -91.069080943675615, 32.924373385785906 ], [ -91.069662486582985, 32.924206313689609 ] ] ], [ [ [ -91.071325338010737, 32.926499940143657 ], [ -91.071573586800838, 32.926503772102798 ], [ -91.071777474234736, 32.926623272993048 ], [ -91.07186827812221, 32.926818164100496 ], [ -91.0718153913744, 32.927022755499166 ], [ -91.071636639267922, 32.927168087274531 ], [ -91.071101494182926, 32.927340660280613 ], [ -91.070776387087406, 32.927308578537996 ], [ -91.070573401649199, 32.927092019929603 ], [ -91.070611443510074, 32.926817842239302 ], [ -91.070790196483131, 32.926672511959573 ], [ -91.071325338010737, 32.926499940143657 ] ] ], [ [ [ -91.060743429342665, 32.895131435783988 ], [ -91.061000135657935, 32.894960265128546 ], [ -91.061325120199129, 32.894992367949868 ], [ -91.061528013098851, 32.89520893908005 ], [ -91.061489961973265, 32.895483114775416 ], [ -91.061233254986305, 32.895654286402639 ], [ -91.060908268084347, 32.895622183256798 ], [ -91.060705375856301, 32.895405611154828 ], [ -91.060743429342665, 32.895131435783988 ] ] ], [ [ [ -91.061147752459505, 32.898618253924433 ], [ -91.061464727866507, 32.898464585729272 ], [ -91.062019869994643, 32.898585602609877 ], [ -91.062222772386718, 32.898802172862197 ], [ -91.062184721275699, 32.899076348642907 ], [ -91.061845517265184, 32.899260038334603 ], [ -91.061290371252056, 32.899139020543842 ], [ -91.061078025955069, 32.898887962341391 ], [ -91.061147752459505, 32.898618253924433 ] ] ], [ [ [ -91.060063543535676, 32.914272419501422 ], [ -91.060320308292319, 32.914101252842777 ], [ -91.060645362115295, 32.914133359933601 ], [ -91.060848294554489, 32.914349933105136 ], [ -91.060810230063908, 32.914624107418412 ], [ -91.06055346463495, 32.91479527504957 ], [ -91.060228408448964, 32.914763167634014 ], [ -91.060025476682085, 32.914546593489973 ], [ -91.060063543535676, 32.914272419501422 ] ] ], [ [ [ -91.068829452957658, 32.91640356906688 ], [ -91.069086208139865, 32.916232384045998 ], [ -91.0694112740739, 32.91626446872047 ], [ -91.069614233215461, 32.916481028552369 ], [ -91.069576194377248, 32.916755206417044 ], [ -91.069319438523507, 32.916926392410652 ], [ -91.068994370225994, 32.916894307411987 ], [ -91.068791411755953, 32.91667774660737 ], [ -91.068829452957658, 32.91640356906688 ] ] ], [ [ [ -91.068099834967953, 32.919121455958674 ], [ -91.068406748438122, 32.919341957187676 ], [ -91.068382115635615, 32.919649673193746 ], [ -91.068125348954595, 32.919820856263115 ], [ -91.067639299905338, 32.919809227294948 ], [ -91.067436338563994, 32.919592664259518 ], [ -91.067474385641788, 32.919318487453509 ], [ -91.067691386901998, 32.919158616963763 ], [ -91.068099834967953, 32.919121455958674 ] ] ], [ [ [ -91.060570898153699, 32.920330486112164 ], [ -91.060827680103841, 32.920159319181487 ], [ -91.061152756227401, 32.920191425752954 ], [ -91.061355703011387, 32.920407998462075 ], [ -91.061317636506686, 32.920682172640909 ], [ -91.061060853884072, 32.92085334054434 ], [ -91.060735775396779, 32.92082123364812 ], [ -91.060532829285279, 32.920604659966251 ], [ -91.060570898153699, 32.920330486112164 ] ] ], [ [ [ -91.061064424578774, 32.926728915570109 ], [ -91.061339881817787, 32.926579800517956 ], [ -91.061659684702249, 32.926638625755153 ], [ -91.061836498586729, 32.926870932615003 ], [ -91.0617667475031, 32.927140639519642 ], [ -91.061491289143106, 32.927289755462724 ], [ -91.061171484070812, 32.927230929717169 ], [ -91.060994671307313, 32.926998621966376 ], [ -91.061064424578774, 32.926728915570109 ] ] ], [ [ [ -91.064135961374788, 32.932606322764791 ], [ -91.064411432554337, 32.932457201554612 ], [ -91.064731258844759, 32.932516019733832 ], [ -91.064908091890317, 32.932748322770166 ], [ -91.064838344498526, 32.933018031325702 ], [ -91.064562872197982, 32.933167153427121 ], [ -91.064243043718932, 32.933108334739643 ], [ -91.064066211794383, 32.932876030812068 ], [ -91.064135961374788, 32.932606322764791 ] ] ] ] } },
{ "type": "Feature", "properties": { "depth_bin": "165-170 ft", "bin_order": -167.5, "survey_id": "LM_09_LPM_20200525_CS_4958_4986", "date": "2020-05-25", "year": 2020, "mile": 497.0 }, "geometry": { "type": "MultiPolygon", "coordinates": [ [ [ [ -91.074271410470942, 32.896725013835933 ], [ -91.07452809695296, 32.896553814633606 ], [ -91.074853094001682, 32.896585882656787 ], [ -91.075056024423347, 32.896802433121252 ], [ -91.075018013855157, 32.897076614389213 ], [ -91.074761326702742, 32.897247814563606 ], [ -91.074436327292716, 32.89721574621678 ], [ -91.074233397541434, 32.896999194780236 ], [ -91.074271410470942, 32.896725013835933 ] ] ], [ [ [ -91.074381208430253, 32.925372717738064 ], [ -91.07466922167842, 32.925365230122104 ], [ -91.074897491870729, 32.925513535972769 ], [ -91.074962389383245, 32.925750308058582 ], [ -91.074834450933565, 32.925968056993 ], [ -91.074556053222182, 32.92611485710551 ], [ -91.074312665480932, 32.926112137849586 ], [ -91.073645666988156, 32.926417546638895 ], [ -91.073437936386981, 32.926422945316233 ], [ -91.073221140371359, 32.926320876637121 ], [ -91.073101429943875, 32.926063952069001 ], [ -91.073232198059571, 32.925810890401969 ], [ -91.073814720287274, 32.925560053227905 ], [ -91.074097873757921, 32.925551460196218 ], [ -91.074381208430253, 32.925372717738064 ] ] ], [ [ [ -91.074347626164453, 32.928090882329833 ], [ -91.074635131572379, 32.928107239556539 ], [ -91.074824156680933, 32.928243014626794 ], [ -91.074889055613085, 32.928479786719336 ], [ -91.074761112708998, 32.928697535337186 ], [ -91.073309910110368, 32.929330190684944 ], [ -91.073062403559931, 32.929346901360418 ], [ -91.072845601046993, 32.929244831827006 ], [ -91.072725888222507, 32.928987906907096 ], [ -91.072856662124977, 32.928734845943517 ], [ -91.074347626164453, 32.928090882329833 ] ] ], [ [ [ -91.07538493929718, 32.930170590687737 ], [ -91.075665701132209, 32.930115857775029 ], [ -91.075923906656357, 32.930223754555236 ], [ -91.076042336687095, 32.930445298595906 ], [ -91.075989456869678, 32.930649891924979 ], [ -91.075809753779325, 32.930851600237453 ], [ -91.075311458639348, 32.931155238446031 ], [ -91.074894479700561, 32.931308689347958 ], [ -91.074610249548982, 32.931268645447958 ], [ -91.074407245889418, 32.931052092522023 ], [ -91.074445278306172, 32.930777913453824 ], [ -91.07538493929718, 32.930170590687737 ] ] ], [ [ [ -91.071838101417242, 32.923630578520367 ], [ -91.072221723638719, 32.923735223557877 ], [ -91.072331686797668, 32.924062374521696 ], [ -91.07210850744778, 32.924306695211463 ], [ -91.071665802644674, 32.924372461446076 ], [ -91.071397023969098, 32.924214922851135 ], [ -91.071339053621486, 32.923943238298953 ], [ -91.071491687410827, 32.923737118122503 ], [ -91.071838101417242, 32.923630578520367 ] ] ], [ [ [ -91.072515544492774, 32.926052778344079 ], [ -91.072803042766964, 32.926069139537695 ], [ -91.072992060755439, 32.926204917159431 ], [ -91.073056953547052, 32.926441690041877 ], [ -91.07292900944384, 32.926659436792413 ], [ -91.071702057776037, 32.927130159625278 ], [ -91.071494325555747, 32.927135555003161 ], [ -91.071277530251976, 32.927033482979255 ], [ -91.071157824689777, 32.926776556747903 ], [ -91.071288599391607, 32.92652349738654 ], [ -91.072515544492774, 32.926052778344079 ] ] ], [ [ [ -91.071303271626505, 32.901145358033816 ], [ -91.071578631336706, 32.900996216254427 ], [ -91.07189835118939, 32.901055012347818 ], [ -91.07207514517637, 32.901287304718622 ], [ -91.072005448986815, 32.901557020276023 ], [ -91.071730088157935, 32.901706162945736 ], [ -91.07141036611975, 32.901647366345017 ], [ -91.071233573251448, 32.901415073083875 ], [ -91.071303271626505, 32.901145358033816 ] ] ], [ [ [ -91.060441917123967, 32.92033086395368 ], [ -91.060717354936841, 32.920181749432267 ], [ -91.061037134514876, 32.920240575449554 ], [ -91.06121393486471, 32.920472882881853 ], [ -91.061144187946837, 32.920742589815774 ], [ -91.060868749013267, 32.920891705227881 ], [ -91.060548967248124, 32.920832878702285 ], [ -91.060372168018986, 32.9206005703793 ], [ -91.060441917123967, 32.92033086395368 ] ] ], [ [ [ -91.069574007428812, 32.921576989892991 ], [ -91.069768361829759, 32.921639050288789 ], [ -91.06992232596113, 32.921803321662466 ], [ -91.069942132722346, 32.922012050966941 ], [ -91.06982110517032, 32.922194883766686 ], [ -91.069079662717556, 32.922383561572964 ], [ -91.068737669296127, 32.922274356125406 ], [ -91.068617976903923, 32.922017427783693 ], [ -91.068748750991929, 32.921764370908335 ], [ -91.069574007428812, 32.921576989892991 ] ] ], [ [ [ -91.070677604319826, 32.923951892638442 ], [ -91.070913837490508, 32.924016335062447 ], [ -91.071067807705163, 32.924180605195588 ], [ -91.071087617407059, 32.924389334362495 ], [ -91.070934981506511, 32.924595453948726 ], [ -91.069925766197755, 32.924877940473912 ], [ -91.069556152243891, 32.924742080093594 ], [ -91.069466891086961, 32.924476494800786 ], [ -91.069626447435013, 32.924235466294562 ], [ -91.070677604319826, 32.923951892638442 ] ] ], [ [ [ -91.063969418480426, 32.932637747963554 ], [ -91.064244890020717, 32.932488627135456 ], [ -91.064567460473043, 32.932548281791476 ], [ -91.064744293137849, 32.93278058504513 ], [ -91.0646745452229, 32.933050293488492 ], [ -91.064399072563205, 32.933199415213949 ], [ -91.06407649990426, 32.933139760045336 ], [ -91.063899668369388, 32.932907455896867 ], [ -91.063969418480426, 32.932637747963554 ] ] ] ] } },
{ "type": "Feature", "properties": { "depth_bin": "170-175 ft", "bin_order": -172.5, "survey_id": "LM_09_LPM_20200525_CS_4958_4986", "date": "2020-05-25", "year": 2020, "mile": 497.0 }, "geometry": { "type": "MultiPolygon", "coordinates": [ [ [ [ -91.072452402958689, 32.92610208100723 ], [ -91.073720461898347, 32.925644248706739 ], [ -91.073978652133576, 32.925752149015274 ], [ -91.074097071832611, 32.925973694651667 ], [ -91.073996347147613, 32.926236348323975 ], [ -91.073579484944517, 32.9264575969557 ], [ -91.072894616532807, 32.926682952769646 ], [ -91.072500666115346, 32.926610525702088 ], [ -91.072351673314017, 32.926364733163084 ], [ -91.072452402958689, 32.92610208100723 ] ] ], [ [ [ -91.074072371952568, 32.928172575040648 ], [ -91.074704503091453, 32.928032433285814 ], [ -91.074921305020808, 32.928134499580388 ], [ -91.075034331073084, 32.928320943534374 ], [ -91.075020342919416, 32.928495819925232 ], [ -91.074808098995675, 32.928705973735184 ], [ -91.074379194772888, 32.928831048725556 ], [ -91.074171831242865, 32.928819250736176 ], [ -91.07392263864611, 32.928640256573402 ], [ -91.073896514072615, 32.928365088489279 ], [ -91.074072371952568, 32.928172575040648 ] ] ], [ [ [ -91.071441594544268, 32.923715462453202 ], [ -91.071729602307869, 32.923707981425309 ], [ -91.071957863198477, 32.923856292347672 ], [ -91.072022751814828, 32.924093065686399 ], [ -91.071894808913157, 32.924310811486023 ], [ -91.070897458684826, 32.924618569817255 ], [ -91.070513834473985, 32.924513920642674 ], [ -91.070394134175487, 32.924256993788603 ], [ -91.070524906929151, 32.924003935073884 ], [ -91.071441594544268, 32.923715462453202 ] ] ] ] } }
]
}
