{
"type": "FeatureCollection",
"name": "LM_05_VGG_20240807_CS_4274_4226_depth_polygons",
"crs": { "type": "name", "properties": { "name": "urn:ogc:def:crs:OGC:1.3:CRS84" } },
"features": [
{ "type": "Feature", "properties": { "depth_bin": "10-11 ft", "survey_id": "LM_05_VGG_20240807_CS_4274_4226", "date": "2024-08-07 00:00:00+00:00", "year": 2024, "mile": 425.0, "bin_order": 7 }, "geometry": { "type": "MultiPolygon", "coordinates": [ [ [ [ -91.001016778829609, 32.153969326058984 ], [ -91.001271415475301, 32.153798181096001 ], [ -91.001593725431405, 32.153830337710971 ], [ -91.001794905504724, 32.154046959222462 ], [ -91.001757106673395, 32.154321152353681 ], [ -91.00150246937234, 32.154492298259562 ], [ -91.001180157142457, 32.154460141322843 ], [ -91.0009789777245, 32.154243518868455 ], [ -91.001016778829609, 32.153969326058984 ] ] ], [ [ [ -91.000675606565437, 32.156895897118957 ], [ -91.000970797190732, 32.156716791534954 ], [ -91.001374971139981, 32.156766675032713 ], [ -91.001600147534631, 32.156965478753392 ], [ -91.001594121539171, 32.157241503231184 ], [ -91.001320988825626, 32.157444361189476 ], [ -91.000876266703315, 32.157402439109866 ], [ -91.000651090930276, 32.157203634132827 ], [ -91.000675606565437, 32.156895897118957 ] ] ], [ [ [ -91.000307717286333, 32.159821535576008 ], [ -91.00056237207373, 32.159650392896751 ], [ -91.000884702182447, 32.159682552108549 ], [ -91.001085892614569, 32.159899175008839 ], [ -91.001048088280044, 32.160173367507397 ], [ -91.000793432837042, 32.16034451112975 ], [ -91.000471100453922, 32.160312351596119 ], [ -91.000269910677389, 32.16009572775274 ], [ -91.000307717286333, 32.159821535576008 ] ] ], [ [ [ -90.999876854960618, 32.162689203006778 ], [ -91.000131518786418, 32.16251806162105 ], [ -91.000574026044873, 32.162540756506402 ], [ -91.00079921413662, 32.16273956198345 ], [ -91.00079318438047, 32.163015586074046 ], [ -91.000520032037301, 32.163218441365011 ], [ -91.000077521533726, 32.163195746161939 ], [ -90.999852334013724, 32.162996939430734 ], [ -90.999876854960618, 32.162689203006778 ] ] ], [ [ [ -91.000083608990337, 32.165560847377023 ], [ -91.000378829600436, 32.165381744574418 ], [ -91.000905815407819, 32.165403557220415 ], [ -91.001152835418821, 32.165582629652562 ], [ -91.001178642208302, 32.165857827233772 ], [ -91.000890736460988, 32.166093784337967 ], [ -91.000323197527635, 32.166079932832666 ], [ -91.000059087431126, 32.165868583706796 ], [ -91.000083608990337, 32.165560847377023 ] ] ], [ [ [ -90.998956242009086, 32.168433634612001 ], [ -90.999292746612582, 32.168249993055177 ], [ -90.999940103760252, 32.168331547799788 ], [ -91.000187129366182, 32.168510622282461 ], [ -91.000212933576691, 32.168785819857668 ], [ -91.000103718354879, 32.168934468511111 ], [ -90.999884465305826, 32.169029735352566 ], [ -90.999195830650649, 32.168952722028003 ], [ -90.99893171536219, 32.168741370408569 ], [ -90.998956242009086, 32.168433634612001 ] ] ], [ [ [ -90.997311744764502, 32.170862864631808 ], [ -90.998156864704029, 32.170934447636924 ], [ -90.998383165489244, 32.171082830608938 ], [ -90.998440554132699, 32.17135455227784 ], [ -90.998255236385873, 32.1715812035415 ], [ -90.998018337534987, 32.171638253660497 ], [ -90.997337305592154, 32.171576133451701 ], [ -90.997029783709948, 32.1714126649441 ], [ -90.996965527275322, 32.171175854721419 ], [ -90.99709248434074, 32.17095812630081 ], [ -90.997311744764502, 32.170862864631808 ] ] ], [ [ [ -90.997256679320358, 32.173766854694129 ], [ -90.998056118873166, 32.173873458821113 ], [ -90.998282426493972, 32.174021842194144 ], [ -90.998339816195525, 32.174293563852139 ], [ -90.998154491846307, 32.174520214620003 ], [ -90.997917585226716, 32.174577264217042 ], [ -90.997199916185409, 32.174478819439564 ], [ -90.996933432842567, 32.174321195322094 ], [ -90.996869175034519, 32.174084385080668 ], [ -90.996996136746915, 32.173866657022351 ], [ -90.997256679320358, 32.173766854694129 ] ] ], [ [ [ -90.999422984587042, 32.186391482861083 ], [ -90.999677717697281, 32.186220345674933 ], [ -91.00000014052722, 32.186252510759978 ], [ -91.000201383766267, 32.18646913647342 ], [ -91.000163561390153, 32.186743327077842 ], [ -90.999908827623443, 32.186914465208076 ], [ -90.999586402516073, 32.186882299800907 ], [ -90.99938515993351, 32.186665673143395 ], [ -90.999422984587042, 32.186391482861083 ] ] ], [ [ [ -90.993339685946722, 32.176388878139555 ], [ -90.993676231163846, 32.176205253382705 ], [ -90.994319362287698, 32.17628963493874 ], [ -90.994566396909775, 32.176468720615887 ], [ -90.994592185055708, 32.176743918423604 ], [ -90.994482950741926, 32.176892561295546 ], [ -90.994263672834862, 32.176987817272334 ], [ -90.993579260447305, 32.176907975144161 ], [ -90.993315136836046, 32.176696611636693 ], [ -90.993339685946722, 32.176388878139555 ] ] ], [ [ [ -90.992843479181175, 32.182062246099299 ], [ -90.993116707452373, 32.181913180120375 ], [ -90.993433850517988, 32.181972081430331 ], [ -90.993609131759726, 32.182204446794486 ], [ -90.993539873033725, 32.182474160344036 ], [ -90.993266643673991, 32.182623227185736 ], [ -90.992949498503535, 32.182564325375338 ], [ -90.992774218350334, 32.182331959148406 ], [ -90.992843479181175, 32.182062246099299 ] ] ], [ [ [ -90.994605124385004, 32.194413448984768 ], [ -90.994859889177377, 32.194242322974787 ], [ -90.995182337779099, 32.194274501382417 ], [ -90.995383585783372, 32.194491134760931 ], [ -90.995345744374006, 32.194765322882979 ], [ -90.995090978924452, 32.194936449837265 ], [ -90.994768528044531, 32.194904271107134 ], [ -90.994567280697424, 32.194687636784316 ], [ -90.994605124385004, 32.194413448984768 ] ] ], [ [ [ -90.988003018864191, 32.19538124130785 ], [ -90.988257798081534, 32.195210129240593 ], [ -90.988580246816966, 32.195242324535734 ], [ -90.988781480585317, 32.195458967854343 ], [ -90.988743618909155, 32.195733153146243 ], [ -90.988488839033963, 32.19590426615774 ], [ -90.988166388020389, 32.195872070539664 ], [ -90.987965154909872, 32.195655426276836 ], [ -90.988003018864191, 32.19538124130785 ] ] ], [ [ [ -90.992947320518567, 32.197089471477284 ], [ -90.993202095971697, 32.196918349302621 ], [ -90.99352455314731, 32.19695053228412 ], [ -90.993725802616297, 32.197167168295834 ], [ -90.993687954704328, 32.19744135556796 ], [ -90.993433178593776, 32.197612478686999 ], [ -90.993110719139707, 32.197580295382863 ], [ -90.992909470328129, 32.197363658426781 ], [ -90.992947320518567, 32.197089471477284 ] ] ], [ [ [ -90.986225379684157, 32.19774612403215 ], [ -90.986498666280156, 32.197597075035524 ], [ -90.986815858029217, 32.197655994839451 ], [ -90.986991149795884, 32.197888369376216 ], [ -90.986921857269962, 32.198158077404038 ], [ -90.98664856958402, 32.198307127263796 ], [ -90.986331375728753, 32.198248206958766 ], [ -90.986156085052016, 32.198015831558877 ], [ -90.986225379684157, 32.19774612403215 ] ] ], [ [ [ -90.989475300271295, 32.205136127307981 ], [ -90.989748604739546, 32.204987072121789 ], [ -90.990065824438872, 32.20504598481925 ], [ -90.990241137861616, 32.205278355495444 ], [ -90.990171848011656, 32.205548065170333 ], [ -90.989898542453375, 32.205697121219998 ], [ -90.98958132064692, 32.205638208021526 ], [ -90.989406008314191, 32.205405836481866 ], [ -90.989475300271295, 32.205136127307981 ] ] ], [ [ [ -90.988798666945101, 32.207993300876026 ], [ -90.989094049934181, 32.207814231970914 ], [ -90.989489806689107, 32.207881739606385 ], [ -90.989689591100401, 32.208035867036664 ], [ -90.989929652597411, 32.208060789364112 ], [ -90.990092924553039, 32.208167822220219 ], [ -90.990182910909326, 32.208362758490537 ], [ -90.990148850633645, 32.208535636345026 ], [ -90.989989059426676, 32.208695001060164 ], [ -90.989752058749573, 32.208752031289364 ], [ -90.989553037479652, 32.208706266972627 ], [ -90.98939054945113, 32.208567869683954 ], [ -90.988999356663101, 32.208499859743689 ], [ -90.988774088169109, 32.208301031088212 ], [ -90.988798666945101, 32.207993300876026 ] ] ], [ [ [ -90.981416356640239, 32.218487694820844 ], [ -90.981689714479288, 32.218338659509683 ], [ -90.9820069737616, 32.218397593989579 ], [ -90.98218228979313, 32.218629975596258 ], [ -90.982112964048554, 32.218899678946897 ], [ -90.981839605118083, 32.219048715121765 ], [ -90.981522343727562, 32.218989780140156 ], [ -90.981347028787468, 32.218757397669776 ], [ -90.981416356640239, 32.218487694820844 ] ] ], [ [ [ -90.986576386052192, 32.218859945828491 ], [ -90.986849737237236, 32.218710899063069 ], [ -90.987167001854289, 32.218769820764564 ], [ -90.98734233208441, 32.21900219575388 ], [ -90.987273021085286, 32.219271902524689 ], [ -90.986999668809261, 32.219420950153982 ], [ -90.986682402083744, 32.219362027951092 ], [ -90.986507072944605, 32.219129652097905 ], [ -90.986576386052192, 32.218859945828491 ] ] ] ] } },
{ "type": "Feature", "properties": { "depth_bin": "11-12 ft", "survey_id": "LM_05_VGG_20240807_CS_4274_4226", "date": "2024-08-07 00:00:00+00:00", "year": 2024, "mile": 425.0, "bin_order": 6 }, "geometry": { "type": "MultiPolygon", "coordinates": [ [ [ [ -91.0012611115, 32.151103631105393 ], [ -91.001494794905312, 32.150912076722271 ], [ -91.001819247636334, 32.150917201894011 ], [ -91.002044411350653, 32.151116004457521 ], [ -91.0020383880574, 32.151392029265573 ], [ -91.001804704452951, 32.151583584636114 ], [ -91.00148024936432, 32.151578459332796 ], [ -91.001255085849124, 32.151379655781852 ], [ -91.0012611115, 32.151103631105393 ] ] ], [ [ [ -91.000951218603774, 32.159908080906042 ], [ -91.001205872509118, 32.159736936894205 ], [ -91.001528203238209, 32.159769094486272 ], [ -91.001729395429777, 32.159985716428487 ], [ -91.001691592963141, 32.160259909191872 ], [ -91.00143693840225, 32.160431054146834 ], [ -91.001114605398712, 32.160398896232962 ], [ -91.000913413862691, 32.160182273347644 ], [ -91.000951218603774, 32.159908080906042 ] ] ], [ [ [ -91.000736888979119, 32.162516752000244 ], [ -91.001085907575103, 32.162682604131192 ], [ -91.001117696224227, 32.163021597861515 ], [ -91.000844544543142, 32.163224453881625 ], [ -91.000401522392949, 32.16320692991129 ], [ -91.000176334110563, 32.16300812372819 ], [ -91.000182365724697, 32.162732099741383 ], [ -91.000378139801455, 32.162555086290887 ], [ -91.000736888979119, 32.162516752000244 ] ] ], [ [ [ -90.999598248001291, 32.168528412332329 ], [ -90.999852929181813, 32.168357272329693 ], [ -91.000175289454546, 32.168389434529864 ], [ -91.000376496152612, 32.168606058979854 ], [ -91.000338684657351, 32.168880250681859 ], [ -91.000084002820898, 32.169051391627917 ], [ -90.99976164027278, 32.169019229105778 ], [ -90.999560434230645, 32.168802603712379 ], [ -90.999598248001291, 32.168528412332329 ] ] ], [ [ [ -91.004565366892066, 32.169085217874454 ], [ -91.004820040939762, 32.168914067568302 ], [ -91.005142405612276, 32.168946217247566 ], [ -91.005343625665517, 32.169162834293559 ], [ -91.005305828657868, 32.169437028045749 ], [ -91.00505115395471, 32.169608179295395 ], [ -91.004728787006627, 32.169576029294511 ], [ -91.004527567608832, 32.169359411305003 ], [ -91.004565366892066, 32.169085217874454 ] ] ], [ [ [ -90.997792520338777, 32.1711484445254 ], [ -90.998065703065294, 32.170945596560784 ], [ -90.998478293213481, 32.170970305087295 ], [ -90.998725322639771, 32.171149382527638 ], [ -90.998751122738781, 32.171424580146677 ], [ -90.998502631850087, 32.171649227535646 ], [ -90.998050599467604, 32.171635821874027 ], [ -90.997786479553611, 32.171424467741105 ], [ -90.997792520338777, 32.1711484445254 ] ] ], [ [ [ -90.99852070926174, 32.174146314690219 ], [ -90.998815961380231, 32.17396721700139 ], [ -90.999217846389953, 32.174011980788123 ], [ -90.999443058263921, 32.174210789357268 ], [ -90.999437021741699, 32.174486812718101 ], [ -90.999277308912212, 32.174646193024238 ], [ -90.998998878580153, 32.174700850495441 ], [ -90.998648810281566, 32.174618372778568 ], [ -90.998472844384096, 32.17438151123298 ], [ -90.99827819022407, 32.174556548011601 ], [ -90.998035849703996, 32.174593573357846 ], [ -90.997810165703896, 32.17450984725825 ], [ -90.99767720798657, 32.1743335907762 ], [ -90.997715030580366, 32.174059400503381 ], [ -90.997969731053985, 32.173888265195615 ], [ -90.998292109788395, 32.173920432927993 ], [ -90.99852070926174, 32.174146314690219 ] ] ], [ [ [ -91.002216377353136, 32.180721669349154 ], [ -91.002471089155776, 32.180550525545954 ], [ -91.002793493473789, 32.180582682769945 ], [ -91.002994731840175, 32.180799303983072 ], [ -91.002956921085342, 32.181073496084018 ], [ -91.002702208626644, 32.181244640831117 ], [ -91.002379802031797, 32.181212483285229 ], [ -91.00217856432144, 32.180995861128196 ], [ -91.002216377353136, 32.180721669349154 ] ] ], [ [ [ -91.00074221379613, 32.183456636482653 ], [ -91.000996936099327, 32.183285496135952 ], [ -91.00131934928396, 32.183317657473118 ], [ -91.001520589689306, 32.18353428104669 ], [ -91.001482772951192, 32.183808472372732 ], [ -91.001228049991752, 32.183979613663418 ], [ -91.00090563453, 32.18394745200424 ], [ -91.000704394780897, 32.183730827486663 ], [ -91.00074221379613, 32.183456636482653 ] ] ], [ [ [ -90.997542592991977, 32.189005188982335 ], [ -90.997797336970464, 32.188834056086549 ], [ -90.998119768043153, 32.188866226300021 ], [ -90.998321012071131, 32.189082854975872 ], [ -90.998283182567789, 32.189357044641397 ], [ -90.998028437932575, 32.189528178481325 ], [ -90.997706004582213, 32.189496007945586 ], [ -90.99750476121099, 32.189279378325587 ], [ -90.997542592991977, 32.189005188982335 ] ] ], [ [ [ -90.994281772431037, 32.170723298450945 ], [ -90.994515522138954, 32.170531760129563 ], [ -90.99484004301398, 32.170536905979468 ], [ -90.99506523679743, 32.170735721724924 ], [ -90.995059187883754, 32.171011744497441 ], [ -90.994825437975877, 32.171203283806975 ], [ -90.994500914740982, 32.171198137825016 ], [ -90.994275721157507, 32.170999321091365 ], [ -90.994281772431037, 32.170723298450945 ] ] ], [ [ [ -90.993977262567228, 32.176480876184904 ], [ -90.994272530789061, 32.176301789832166 ], [ -90.994794318006512, 32.176355980477013 ], [ -90.995041353782582, 32.176535065268709 ], [ -90.995067143371188, 32.176810263035023 ], [ -90.994779186572316, 32.177046203816055 ], [ -90.994216840967155, 32.176999972129181 ], [ -90.993952715553817, 32.176788609887005 ], [ -90.993977262567228, 32.176480876184904 ] ] ], [ [ [ -90.996120011195103, 32.191793925159416 ], [ -90.996374765743226, 32.191622795621356 ], [ -90.99669720589965, 32.191654969826097 ], [ -90.996898452204519, 32.191871600788815 ], [ -90.99686061683731, 32.192145789697257 ], [ -90.996605861632233, 32.192316920179536 ], [ -90.996283419197852, 32.192284745652394 ], [ -90.996082173549937, 32.192068113745457 ], [ -90.996120011195103, 32.191793925159416 ] ] ], [ [ [ -90.994282976438157, 32.194339959632828 ], [ -90.994596800861416, 32.194129164094228 ], [ -90.994992050398849, 32.194200943072964 ], [ -90.995217299976943, 32.194399760204838 ], [ -90.995211245985217, 32.194675781969636 ], [ -90.994897420947225, 32.194886578998741 ], [ -90.994502168564281, 32.194814799615166 ], [ -90.994276919640129, 32.194615981242109 ], [ -90.994282976438157, 32.194339959632828 ] ] ], [ [ [ -90.992793227040522, 32.197050006597685 ], [ -90.993048002650852, 32.19687888473991 ], [ -90.993370459611782, 32.196911068107092 ], [ -90.993571708619982, 32.197127704347338 ], [ -90.993533860271, 32.197401891556993 ], [ -90.993279084003248, 32.197573014359136 ], [ -90.992956624763849, 32.197540830669311 ], [ -90.992755376413086, 32.19732419348469 ], [ -90.992793227040522, 32.197050006597685 ] ] ], [ [ [ -90.991416209355648, 32.199653297347588 ], [ -90.991670994923197, 32.199482178728402 ], [ -90.991993460342272, 32.199514365947394 ], [ -90.992194711355083, 32.199731004396455 ], [ -90.992156857382767, 32.200005190878066 ], [ -90.991902071157583, 32.200176310441691 ], [ -90.991579603459783, 32.200144122899943 ], [ -90.991378353104608, 32.199927483506436 ], [ -90.991416209355648, 32.199653297347588 ] ] ], [ [ [ -90.989944121750526, 32.202286257111346 ], [ -90.990198917529881, 32.202115141934208 ], [ -90.990521391465194, 32.202147333250913 ], [ -90.990722644310111, 32.202363974053014 ], [ -90.990684784412394, 32.202638159764675 ], [ -90.990429987975176, 32.202809275886338 ], [ -90.990107511760883, 32.202777084246755 ], [ -90.989906259573829, 32.202560442500143 ], [ -90.989944121750526, 32.202286257111346 ] ] ], [ [ [ -90.989296940075832, 32.205114920449226 ], [ -90.989551745181856, 32.204943807015617 ], [ -90.989874228729519, 32.204976000363395 ], [ -90.990075485841928, 32.205192642294378 ], [ -90.99003762236687, 32.205466827571527 ], [ -90.989782816602855, 32.20563794194976 ], [ -90.989460330775898, 32.205605748279055 ], [ -90.98925907432151, 32.205389105403448 ], [ -90.989296940075832, 32.205114920449226 ] ] ], [ [ [ -90.989385279075918, 32.211052856708051 ], [ -90.989640101215727, 32.210881743907194 ], [ -90.989962605661759, 32.210913937845838 ], [ -90.990163875295622, 32.211130579979709 ], [ -90.990126008630114, 32.211404764953059 ], [ -90.989871185832129, 32.21157587869876 ], [ -90.989548679106122, 32.211543684437146 ], [ -90.989347410130435, 32.21132704135843 ], [ -90.989385279075918, 32.211052856708051 ] ] ] ] } },
{ "type": "Feature", "properties": { "depth_bin": "12-13 ft", "survey_id": "LM_05_VGG_20240807_CS_4274_4226", "date": "2024-08-07 00:00:00+00:00", "year": 2024, "mile": 425.0, "bin_order": 5 }, "geometry": { "type": "MultiPolygon", "coordinates": [ [ [ [ -91.001149886341423, 32.154039518452308 ], [ -91.001383577806138, 32.153847964668508 ], [ -91.001708040915332, 32.153853090540807 ], [ -91.001933211247419, 32.154051893495769 ], [ -91.001927186934878, 32.154327918156923 ], [ -91.001693495270985, 32.15451947292825 ], [ -91.001369029803854, 32.154514346924358 ], [ -91.001143859670933, 32.154315542981863 ], [ -91.001149886341423, 32.154039518452308 ] ] ], [ [ [ -91.000978888943109, 32.156963625543398 ], [ -91.001212588555973, 32.156772072472904 ], [ -91.001537061991243, 32.1567771991974 ], [ -91.001762238778724, 32.156976002644249 ], [ -91.001756213269388, 32.157252027148928 ], [ -91.001522513457331, 32.157443581207069 ], [ -91.001198037663769, 32.157438454350952 ], [ -91.000972861075496, 32.157239649916455 ], [ -91.000978888943109, 32.156963625543398 ] ] ], [ [ [ -91.000502035485255, 32.16273445466372 ], [ -91.000735751459771, 32.162542903270491 ], [ -91.001060245250713, 32.162548032034444 ], [ -91.001285434464236, 32.162746836688299 ], [ -91.001279406172273, 32.163022860860615 ], [ -91.001045689998463, 32.163214413241711 ], [ -91.000721193848577, 32.163209284346109 ], [ -91.000496004834332, 32.163010478704386 ], [ -91.000502035485255, 32.16273445466372 ] ] ], [ [ [ -91.000564013543368, 32.165601662304852 ], [ -91.000818684571172, 32.165430519882669 ], [ -91.001141035061565, 32.165462679233997 ], [ -91.001342238077825, 32.165679302074558 ], [ -91.001304431158161, 32.165953494349303 ], [ -91.001049759474597, 32.166124637714816 ], [ -91.000727406709117, 32.16609247804162 ], [ -91.000526204348603, 32.165875854257727 ], [ -91.000564013543368, 32.165601662304852 ] ] ], [ [ [ -90.999754667637546, 32.16855620305401 ], [ -91.000009348623095, 32.168385062728305 ], [ -91.000331709070366, 32.168417224535595 ], [ -91.000532916210247, 32.168633848753025 ], [ -91.000495105165243, 32.168908040519035 ], [ -91.000240423523763, 32.16907918178817 ], [ -90.999918060801093, 32.169047019658926 ], [ -90.999716854317143, 32.168830394498087 ], [ -90.999754667637546, 32.16855620305401 ] ] ], [ [ [ -90.99811623095556, 32.171191437810414 ], [ -90.998349974276778, 32.17099989213699 ], [ -90.998674497573973, 32.1710050282176 ], [ -90.998899701169634, 32.171203837499107 ], [ -90.998893663710632, 32.171479860899453 ], [ -90.998659920189823, 32.171671407561064 ], [ -90.998335394532717, 32.171666271348634 ], [ -90.998110191136632, 32.171467461078954 ], [ -90.99811623095556, 32.171191437810414 ] ] ], [ [ [ -90.998090482001089, 32.173915933832525 ], [ -90.998855362845845, 32.173964499786322 ], [ -90.99905750573221, 32.174084062676691 ], [ -90.999145935676921, 32.174349691133848 ], [ -90.998987625849878, 32.174590701252292 ], [ -90.998675311190809, 32.174665911940465 ], [ -90.998114817324463, 32.174594855974291 ], [ -90.997912674662246, 32.17447529158953 ], [ -90.997822700863082, 32.174280360520257 ], [ -90.99789727903746, 32.174045748831091 ], [ -90.998090482001089, 32.173915933832525 ] ] ], [ [ [ -91.004098308654321, 32.17492020732503 ], [ -91.004353000379766, 32.174749058793729 ], [ -91.004675385279597, 32.174781210452785 ], [ -91.004876616261285, 32.174997828523843 ], [ -91.004838814481346, 32.175272021746025 ], [ -91.004584122100212, 32.175443171221033 ], [ -91.004261734924143, 32.175411019240258 ], [ -91.004060504598129, 32.175194400225493 ], [ -91.004098308654321, 32.17492020732503 ] ] ], [ [ [ -91.000589135371143, 32.183407362882107 ], [ -91.000843857801428, 32.183236222848677 ], [ -91.001166270737727, 32.183268384567484 ], [ -91.001367510664764, 32.183485008367526 ], [ -91.001329693498533, 32.183759199632192 ], [ -91.001074970411977, 32.183930340609606 ], [ -91.000752555198574, 32.183898178568775 ], [ -91.000551315927808, 32.183681553824741 ], [ -91.000589135371143, 32.183407362882107 ] ] ], [ [ [ -90.994437934781743, 32.176575503613691 ], [ -90.99471114143148, 32.176372664013734 ], [ -90.995115706524189, 32.176392781689628 ], [ -90.995362743060141, 32.176571865881478 ], [ -90.995388533624023, 32.176847063620009 ], [ -90.995140019363575, 32.177071703293166 ], [ -90.994696009360126, 32.177062887315749 ], [ -90.994431882609661, 32.17685152602504 ], [ -90.994437934781743, 32.176575503613691 ] ] ], [ [ [ -90.997380877163721, 32.188973795709309 ], [ -90.997635621336187, 32.188802663147378 ], [ -90.997958052218905, 32.188834833766904 ], [ -90.99815929578422, 32.18905146268316 ], [ -90.998121465816553, 32.189325652282598 ], [ -90.997866720987346, 32.189496785788698 ], [ -90.997544287826969, 32.189464614846891 ], [ -90.997343044918395, 32.189247984986487 ], [ -90.997380877163721, 32.188973795709309 ] ] ], [ [ [ -90.989153517833103, 32.205063960957879 ], [ -90.989408323044259, 32.204892847817348 ], [ -90.989730806342038, 32.204925041522195 ], [ -90.989932062995905, 32.205141683665097 ], [ -90.98989419912229, 32.20541586888487 ], [ -90.989639393253114, 32.205586982970019 ], [ -90.98931690767607, 32.20555478894223 ], [ -90.989115651680208, 32.205338145854704 ], [ -90.989153517833103, 32.205063960957879 ] ] ], [ [ [ -90.988162325141118, 32.207848006519974 ], [ -90.988322117843097, 32.207688644164115 ], [ -90.988517501579139, 32.207632691402715 ], [ -90.989180805079243, 32.207793156488002 ], [ -90.989406073307862, 32.207991984418427 ], [ -90.989399998583991, 32.20826800460469 ], [ -90.989240206617097, 32.20842736834517 ], [ -90.989044821534179, 32.20848332216714 ], [ -90.988381513366889, 32.208322856192119 ], [ -90.988156246694786, 32.208124026501366 ], [ -90.988162325141118, 32.207848006519974 ] ] ], [ [ [ -90.981905266273927, 32.209309124469918 ], [ -90.982160096541051, 32.209138027082965 ], [ -90.982482591159638, 32.209170239772121 ], [ -90.982683838767841, 32.209386893009643 ], [ -90.982645950780281, 32.209661074935305 ], [ -90.982391119854327, 32.209832173266925 ], [ -90.982068622956149, 32.209799960254315 ], [ -90.98186737600679, 32.209583306072133 ], [ -90.981905266273927, 32.209309124469918 ] ] ], [ [ [ -90.981529835940179, 32.212362077716094 ], [ -90.981784675709207, 32.212190981536573 ], [ -90.982107180865285, 32.212223195599591 ], [ -90.982308433874039, 32.212439849572654 ], [ -90.98227054298647, 32.212714031164751 ], [ -90.982015702558471, 32.212885128289038 ], [ -90.981693195122475, 32.212852913902523 ], [ -90.981491942772692, 32.212636258984681 ], [ -90.981529835940179, 32.212362077716094 ] ] ] ] } },
{ "type": "Feature", "properties": { "depth_bin": "13-14 ft", "survey_id": "LM_05_VGG_20240807_CS_4274_4226", "date": "2024-08-07 00:00:00+00:00", "year": 2024, "mile": 425.0, "bin_order": 4 }, "geometry": { "type": "MultiPolygon", "coordinates": [ [ [ [ -91.001421848723567, 32.151124992588827 ], [ -91.001655531865936, 32.150933437897962 ], [ -91.001979984704491, 32.150938562660642 ], [ -91.002205148833852, 32.151137364953421 ], [ -91.002199126019988, 32.151413389787635 ], [ -91.001965442678497, 32.151604945465948 ], [ -91.001640987482332, 32.151599820571711 ], [ -91.001415823552108, 32.151401017291484 ], [ -91.001421848723567, 32.151124992588827 ] ] ], [ [ [ -91.001109557955715, 32.159935199847901 ], [ -91.001364211660814, 32.159764055508958 ], [ -91.001686542562965, 32.159796212703284 ], [ -91.001887735199503, 32.160012834410068 ], [ -91.001849933189106, 32.160287027238283 ], [ -91.001595278828461, 32.160458172520343 ], [ -91.001272945651863, 32.160426015004241 ], [ -91.001071753670857, 32.160209392354332 ], [ -91.001109557955715, 32.159935199847901 ] ] ], [ [ [ -91.000682401857077, 32.162722668892393 ], [ -91.000937064362375, 32.1625515258281 ], [ -91.001259404821496, 32.162583684486073 ], [ -91.00146060217368, 32.162800306988203 ], [ -91.001422797275126, 32.163074499477588 ], [ -91.001168134114181, 32.163245643485105 ], [ -91.0008457913803, 32.163213484505292 ], [ -91.000644594683763, 32.162996861059945 ], [ -91.000682401857077, 32.162722668892393 ] ] ], [ [ [ -91.004666490593621, 32.163222510783427 ], [ -91.004900199577392, 32.16303095140583 ], [ -91.005224695923317, 32.163036069558949 ], [ -91.005449895740966, 32.163234867191015 ], [ -91.005443879890791, 32.16351089204386 ], [ -91.005210170708153, 32.16370245240936 ], [ -91.004885672003184, 32.163697334124862 ], [ -91.004660472384401, 32.1634985355049 ], [ -91.004666490593621, 32.163222510783427 ] ] ], [ [ [ -91.000720772167881, 32.16562337546862 ], [ -91.000975442982579, 32.165452232721861 ], [ -91.001422111487557, 32.165480923570144 ], [ -91.001647308390602, 32.165679727813846 ], [ -91.001641280505922, 32.165955751919171 ], [ -91.001368120800237, 32.166158608677314 ], [ -91.000921449025029, 32.166129917509103 ], [ -91.000696252717162, 32.165931112004465 ], [ -91.000720772167881, 32.16562337546862 ] ] ], [ [ [ -90.999897714800809, 32.168604106955051 ], [ -91.000170885196539, 32.168401253871785 ], [ -91.000575693611637, 32.168419344521944 ], [ -91.000822720758578, 32.16859841781968 ], [ -91.000848526898992, 32.168873615339244 ], [ -91.000600048213215, 32.169098267421205 ], [ -91.000155798959526, 32.169091480351895 ], [ -90.999891680958342, 32.168880130637461 ], [ -90.999897714800809, 32.168604106955051 ] ] ], [ [ [ -90.998840659702836, 32.17419067308947 ], [ -90.999095358574777, 32.174019535446945 ], [ -90.999417738324709, 32.174051700342226 ], [ -90.999618954876709, 32.17426832624362 ], [ -90.999581137839627, 32.174542517303273 ], [ -90.999326438311513, 32.174713655889413 ], [ -90.999004056285557, 32.174681490672072 ], [ -90.998802840389743, 32.174464863827069 ], [ -90.998840659702836, 32.17419067308947 ] ] ], [ [ [ -91.002893588340413, 32.177719636589821 ], [ -91.003127339590023, 32.177528082535254 ], [ -91.003451886985914, 32.177533207284178 ], [ -91.003677116734437, 32.177732008921168 ], [ -91.003671092162762, 32.178008032842442 ], [ -91.003437340714001, 32.178199587885473 ], [ -91.003112790957388, 32.178194463005042 ], [ -91.002887561408002, 32.17799566037958 ], [ -91.002893588340413, 32.177719636589821 ] ] ], [ [ [ -90.999261300001407, 32.186355089430556 ], [ -90.99951603329113, 32.186183952577444 ], [ -90.999838455913618, 32.186216118067762 ], [ -91.000039698679785, 32.186432744021282 ], [ -91.000001875842372, 32.186706934559965 ], [ -90.999747141896151, 32.186878072357139 ], [ -90.999424716996259, 32.186845906544683 ], [ -90.999223474886563, 32.186629279647086 ], [ -90.999261300001407, 32.186355089430556 ] ] ], [ [ [ -90.997231144839262, 32.188927935579521 ], [ -90.99748588914278, 32.188756803324395 ], [ -90.997808319790678, 32.188788974317575 ], [ -90.998009562892847, 32.189005603455477 ], [ -90.997971732505007, 32.189279792994711 ], [ -90.99771698754472, 32.189450926193992 ], [ -90.997394554619191, 32.189418754878503 ], [ -90.997193312173764, 32.189202124796473 ], [ -90.997231144839262, 32.188927935579521 ] ] ], [ [ [ -90.994750831587496, 32.176613477421149 ], [ -90.994984596105326, 32.176421938965916 ], [ -90.995309137961129, 32.176427084448569 ], [ -90.995534346606462, 32.176625899808514 ], [ -90.995528297729891, 32.176901922403218 ], [ -90.9952945330121, 32.17709346184683 ], [ -90.994969988795759, 32.17708831623213 ], [ -90.994744780350374, 32.176889499883792 ], [ -90.994750831587496, 32.176613477421149 ] ] ], [ [ [ -90.994147701630737, 32.194272329405031 ], [ -90.994402466820461, 32.194101204332341 ], [ -90.994724914700953, 32.194133383881493 ], [ -90.994926161287879, 32.194350017937069 ], [ -90.994888318595287, 32.194624205875087 ], [ -90.994633552748354, 32.19479533189206 ], [ -90.994311102589677, 32.194763152020386 ], [ -90.994109856659975, 32.194546517020534 ], [ -90.994147701630737, 32.194272329405031 ] ] ], [ [ [ -90.992490790770859, 32.196957082648225 ], [ -90.992786130107419, 32.196778003091154 ], [ -90.99321791064142, 32.196861645091502 ], [ -90.993419159171992, 32.19707828155741 ], [ -90.993381310396401, 32.197352468705816 ], [ -90.993085970229416, 32.197531549611071 ], [ -90.992654186709018, 32.197447907045756 ], [ -90.992452939294736, 32.197231269413479 ], [ -90.992490790770859, 32.196957082648225 ] ] ], [ [ [ -90.986351304511146, 32.197839557942864 ], [ -90.986606093749458, 32.197668449669798 ], [ -90.986928550296682, 32.197700649494656 ], [ -90.987129785091781, 32.197917295425157 ], [ -90.987091917055679, 32.198191479881167 ], [ -90.986837127159291, 32.198362589098537 ], [ -90.986514668333669, 32.198330388950609 ], [ -90.98631343419666, 32.198113742075819 ], [ -90.986351304511146, 32.197839557942864 ] ] ], [ [ [ -90.991268587109175, 32.199592603514162 ], [ -90.991523372761094, 32.19942148519543 ], [ -90.991845837894118, 32.199453672780791 ], [ -90.992047088418019, 32.199670311447505 ], [ -90.992009234040324, 32.199944497870547 ], [ -90.991754447730756, 32.200115617133704 ], [ -90.991431980319007, 32.200083429225586 ], [ -90.991230730452756, 32.199866789614433 ], [ -90.991268587109175, 32.199592603514162 ] ] ], [ [ [ -90.989775039423805, 32.202273340476808 ], [ -90.99000888250356, 32.202081815018076 ], [ -90.990333514433047, 32.202086976915915 ], [ -90.990558771901974, 32.202285802494231 ], [ -90.99055270199824, 32.202561823125322 ], [ -90.990318858717842, 32.202753349573427 ], [ -90.989994224424834, 32.202748187543158 ], [ -90.989768967156522, 32.202549360975489 ], [ -90.989775039423805, 32.202273340476808 ] ] ], [ [ [ -90.989001574161094, 32.205010461805408 ], [ -90.989256379485028, 32.204839348975426 ], [ -90.989578862519792, 32.204871543058651 ], [ -90.989780118688913, 32.205088185426078 ], [ -90.989742254392766, 32.205362370585028 ], [ -90.989487448410785, 32.20553348435962 ], [ -90.989164963096755, 32.20550128995346 ], [ -90.988963707585668, 32.20528464664141 ], [ -90.989001574161094, 32.205010461805408 ] ] ], [ [ [ -90.982518952498168, 32.206193759667968 ], [ -90.982773772664586, 32.206022660566468 ], [ -90.983096256646149, 32.206054871268492 ], [ -90.983297499311746, 32.20627152341028 ], [ -90.983259614971459, 32.206545705773394 ], [ -90.983004794146353, 32.206716805819433 ], [ -90.982682307885568, 32.206684594794048 ], [ -90.982481065878659, 32.206467941707707 ], [ -90.982518952498168, 32.206193759667968 ] ] ], [ [ [ -90.989215531153775, 32.211030625324469 ], [ -90.989449398798001, 32.210839102100174 ], [ -90.989774061721363, 32.210844266680212 ], [ -90.98999933845856, 32.211043093817302 ], [ -90.989993264810266, 32.211319113970923 ], [ -90.989759396965326, 32.211510638184905 ], [ -90.989434731677392, 32.211505473472414 ], [ -90.989209455140951, 32.211306645345637 ], [ -90.989215531153775, 32.211030625324469 ] ] ], [ [ [ -90.981315325662763, 32.215381741397508 ], [ -90.981570174555273, 32.215210646084081 ], [ -90.981892690213186, 32.21524286110791 ], [ -90.982093948950549, 32.215459515573727 ], [ -90.98205605566254, 32.215733696901928 ], [ -90.981801206110944, 32.215904793160206 ], [ -90.981478688172771, 32.215872577812831 ], [ -90.981277430094508, 32.215655922402149 ], [ -90.981315325662763, 32.215381741397508 ] ] ], [ [ [ -90.987386352971498, 32.216214261703826 ], [ -90.987641193579179, 32.216043153797393 ], [ -90.987963715168533, 32.216075353520303 ], [ -90.988164990579222, 32.216291998940051 ], [ -90.9881271149398, 32.216566182776205 ], [ -90.987872273673588, 32.216737291627645 ], [ -90.987549749803719, 32.216705091581588 ], [ -90.987348475051562, 32.216488445216825 ], [ -90.987386352971498, 32.216214261703826 ] ] ] ] } },
{ "type": "Feature", "properties": { "depth_bin": "14-15 ft", "survey_id": "LM_05_VGG_20240807_CS_4274_4226", "date": "2024-08-07 00:00:00+00:00", "year": 2024, "mile": 425.0, "bin_order": 3 }, "geometry": { "type": "MultiPolygon", "coordinates": [ [ [ [ -91.001586274731338, 32.151133827087961 ], [ -91.001819957569964, 32.150942272080549 ], [ -91.002144410472425, 32.150947396422936 ], [ -91.002369574995839, 32.151146198437871 ], [ -91.002363552675419, 32.151422223299427 ], [ -91.002129869637699, 32.151613779294259 ], [ -91.001805414377642, 32.151608654820322 ], [ -91.001580250053308, 32.151409851817959 ], [ -91.001586274731338, 32.151133827087961 ] ] ], [ [ [ -91.001468238844609, 32.154100289701304 ], [ -91.001701929837779, 32.153908735310338 ], [ -91.002026393225378, 32.15391386037502 ], [ -91.00225156442275, 32.154112662795001 ], [ -91.00224554105553, 32.154388687507165 ], [ -91.002011849863223, 32.154580242885679 ], [ -91.001687384117673, 32.154575117689433 ], [ -91.001462213119439, 32.154376314281919 ], [ -91.001468238844609, 32.154100289701304 ] ] ], [ [ [ -91.001139466850347, 32.156966242068606 ], [ -91.001373166150472, 32.156774688688152 ], [ -91.001697639626855, 32.156779815001286 ], [ -91.001922816785211, 32.156978618176332 ], [ -91.001916791759285, 32.157254642707969 ], [ -91.001683092259981, 32.157446197076069 ], [ -91.001358616425307, 32.157441070631336 ], [ -91.00113343946613, 32.157242266468629 ], [ -91.001139466850347, 32.156966242068606 ] ] ], [ [ [ -91.001268235213274, 32.159955582948022 ], [ -91.001522888698091, 32.159784438280354 ], [ -91.001845219749868, 32.159816595075149 ], [ -91.002046412818274, 32.160033216545635 ], [ -91.002008611269019, 32.160307409439191 ], [ -91.00175395712867, 32.16047855504997 ], [ -91.001431623802461, 32.160446397933406 ], [ -91.001230431389558, 32.160229775519809 ], [ -91.001268235213274, 32.159955582948022 ] ] ], [ [ [ -91.001046515828563, 32.165650793497619 ], [ -91.00130118614932, 32.165479650073934 ], [ -91.001623537049738, 32.165511808208421 ], [ -91.001824741352934, 32.165728430329608 ], [ -91.00178693584327, 32.166002622803838 ], [ -91.00153226486681, 32.166173767170839 ], [ -91.001209911691276, 32.166141608714526 ], [ -91.001008708043784, 32.165924985650015 ], [ -91.001046515828563, 32.165650793497619 ] ] ], [ [ [ -91.000221618510679, 32.168625819206056 ], [ -91.000455350782346, 32.168434269126436 ], [ -91.000779865401071, 32.1684393994434 ], [ -91.001005067772908, 32.16863820497997 ], [ -91.000999037261764, 32.168914228847761 ], [ -91.000765304790761, 32.169105779915476 ], [ -91.000440787812394, 32.169100649466834 ], [ -91.000215585639907, 32.168901842942169 ], [ -91.000221618510679, 32.168625819206056 ] ] ], [ [ [ -91.003869164037198, 32.171912580229204 ], [ -91.004142336388057, 32.171709718706126 ], [ -91.004549604824561, 32.171739549009644 ], [ -91.004796648792166, 32.171918615123808 ], [ -91.00482246732038, 32.172193812212669 ], [ -91.004573988491487, 32.172418472025178 ], [ -91.004127278172191, 32.172399946499709 ], [ -91.003863141400316, 32.172188604436954 ], [ -91.003869164037198, 32.171912580229204 ] ] ], [ [ [ -91.002059530528371, 32.180695835681036 ], [ -91.002314242532506, 32.180524692202169 ], [ -91.002636646682589, 32.180556849820547 ], [ -91.002837884609988, 32.180773471267081 ], [ -91.002800073402227, 32.181047663303737 ], [ -91.002545360742047, 32.18121880772653 ], [ -91.00222295431513, 32.181186649786241 ], [ -91.002021717043775, 32.180970027395794 ], [ -91.002059530528371, 32.180695835681036 ] ] ], [ [ [ -90.997841295512146, 32.18890080325891 ], [ -90.998160824447382, 32.188851995106397 ], [ -90.998427351025754, 32.189009618080426 ], [ -90.998484748101063, 32.189281339462234 ], [ -90.998299391647919, 32.189507988732991 ], [ -90.997939677230377, 32.189547558368716 ], [ -90.997690623972858, 32.189364743671646 ], [ -90.997355332850844, 32.1894231085288 ], [ -90.997068075872278, 32.18923478798051 ], [ -90.997042278807726, 32.188959590747857 ], [ -90.997252868470596, 32.188749484715046 ], [ -90.997576484105252, 32.188727546442585 ], [ -90.997841295512146, 32.18890080325891 ] ] ], [ [ [ -90.992039371419594, 32.170460560893332 ], [ -90.992273124891341, 32.170269026873207 ], [ -90.99259764438834, 32.170274178437637 ], [ -90.992822832459098, 32.17047299796355 ], [ -90.992816776844322, 32.170749020367829 ], [ -90.992583023172372, 32.170940555376099 ], [ -90.992258501315561, 32.170935403679437 ], [ -90.992033313445006, 32.170736583165393 ], [ -90.992039371419594, 32.170460560893332 ] ] ], [ [ [ -90.994763275024297, 32.170751678091719 ], [ -90.994997023849038, 32.170560138843101 ], [ -90.995321544920486, 32.17056528346194 ], [ -90.99554673986492, 32.170764098393676 ], [ -90.995540692396716, 32.171040121246406 ], [ -90.995306943372057, 32.171231661483198 ], [ -90.994982419940754, 32.171226516732325 ], [ -90.994757225196224, 32.171027700812424 ], [ -90.994763275024297, 32.170751678091719 ] ] ], [ [ [ -90.994916633981077, 32.176636441711715 ], [ -90.995150398229967, 32.176444902938883 ], [ -90.995474940200211, 32.176450047999424 ], [ -90.995700149276317, 32.176648863080032 ], [ -90.995694100894511, 32.176924885701773 ], [ -90.99546033644566, 32.177116425463005 ], [ -90.99513579211488, 32.177111280270417 ], [ -90.99491058323872, 32.176912464201422 ], [ -90.994916633981077, 32.176636441711715 ] ] ], [ [ [ -90.989543383907403, 32.192981671027447 ], [ -90.989798153470971, 32.19281055540759 ], [ -90.990120594546411, 32.192842746464137 ], [ -90.990321827135489, 32.193059387341066 ], [ -90.99028397145176, 32.193333573418414 ], [ -90.99002920123057, 32.193504689982447 ], [ -90.989706757877229, 32.193472498603064 ], [ -90.989505525945745, 32.193255856781995 ], [ -90.989543383907403, 32.192981671027447 ] ] ], [ [ [ -90.99231181882034, 32.196952274149844 ], [ -90.992545642599893, 32.196760743082905 ], [ -90.992870256141515, 32.196765897712275 ], [ -90.99309550690586, 32.196964718619498 ], [ -90.993089445908467, 32.197240739913028 ], [ -90.992855621928555, 32.197432271969134 ], [ -90.992531006024024, 32.197427117207518 ], [ -90.992305755460009, 32.197228295311142 ], [ -90.99231181882034, 32.196952274149844 ] ] ], [ [ [ -90.990957699884646, 32.199500273260988 ], [ -90.991191533183368, 32.199308745149047 ], [ -90.991516155501728, 32.199313903616506 ], [ -90.991848365639484, 32.199510902826752 ], [ -90.991880125120119, 32.199849896162824 ], [ -90.991646291745923, 32.200041425536163 ], [ -90.991321666818379, 32.20003626729936 ], [ -90.990989456045881, 32.199839266688407 ], [ -90.990957699884646, 32.199500273260988 ] ] ], [ [ [ -90.988031846894273, 32.207770696962299 ], [ -90.988286661916305, 32.207599586541612 ], [ -90.988609154164763, 32.207631783465629 ], [ -90.98881041366613, 32.20784842744132 ], [ -90.988772544868652, 32.208122612033939 ], [ -90.988517729188402, 32.208293723399308 ], [ -90.988195234660395, 32.208261526152249 ], [ -90.987993975817247, 32.208044881231864 ], [ -90.988031846894273, 32.207770696962299 ] ] ], [ [ [ -90.981555413237103, 32.218519164262048 ], [ -90.981810270794696, 32.218348068879358 ], [ -90.982132797595099, 32.218380283725963 ], [ -90.982334063425469, 32.218596938010378 ], [ -90.982296169025972, 32.218871119259354 ], [ -90.982041310809237, 32.219042215587045 ], [ -90.981718781728219, 32.219010000416901 ], [ -90.981517516556991, 32.218793345187493 ], [ -90.981555413237103, 32.218519164262048 ] ] ] ] } },
{ "type": "Feature", "properties": { "depth_bin": "15-17.5 ft", "survey_id": "LM_05_VGG_20240807_CS_4274_4226", "date": "2024-08-07 00:00:00+00:00", "year": 2024, "mile": 425.0, "bin_order": 2 }, "geometry": { "type": "MultiPolygon", "coordinates": [ [ [ [ -91.001786804962165, 32.151084719001453 ], [ -91.002059924402417, 32.150935628707714 ], [ -91.002376968180542, 32.150994503773006 ], [ -91.002552217837476, 32.151226856335718 ], [ -91.002483013732999, 32.151496578025309 ], [ -91.002209893206597, 32.151645669180972 ], [ -91.001892847326502, 32.151586793616246 ], [ -91.001717598755718, 32.151354440191625 ], [ -91.001786804962165, 32.151084719001453 ] ] ], [ [ [ -91.001352409925957, 32.154010328932372 ], [ -91.00166680475678, 32.153856697046287 ], [ -91.002179537750251, 32.15394345215951 ], [ -91.002404709364697, 32.154142254322132 ], [ -91.002398686452153, 32.154418279058859 ], [ -91.00208502028751, 32.154629101398903 ], [ -91.001531017546071, 32.154546888691002 ], [ -91.001292558899749, 32.154314540567007 ], [ -91.001352409925957, 32.154010328932372 ] ] ], [ [ [ -91.001371500636893, 32.156886345480629 ], [ -91.001660501555833, 32.156760749497415 ], [ -91.001969254411165, 32.156845780081916 ], [ -91.002116897275954, 32.157091627936303 ], [ -91.002016941918853, 32.157354279250733 ], [ -91.00172793952413, 32.157479875982048 ], [ -91.001419184818587, 32.157394844739422 ], [ -91.001271543429596, 32.157148996136939 ], [ -91.001371500636893, 32.156886345480629 ] ] ], [ [ [ -91.001476334278266, 32.159908169952487 ], [ -91.001765344842042, 32.159782574163131 ], [ -91.002074107851314, 32.159867604866307 ], [ -91.00222175543125, 32.160113452694716 ], [ -91.002121796588327, 32.160376103853807 ], [ -91.00183278454854, 32.160501700391357 ], [ -91.001524019688802, 32.160416669029985 ], [ -91.001376373584861, 32.160170820453402 ], [ -91.001476334278266, 32.159908169952487 ] ] ], [ [ [ -91.005132859467011, 32.160292710421146 ], [ -91.005406002172464, 32.160143613986257 ], [ -91.005723080146964, 32.160202481944978 ], [ -91.005898354900438, 32.160434830598597 ], [ -91.005829152091351, 32.160704553866772 ], [ -91.005556008299564, 32.160853651164018 ], [ -91.005238928221999, 32.160794782705928 ], [ -91.005063654554831, 32.160562433189966 ], [ -91.005132859467011, 32.160292710421146 ] ] ], [ [ [ -91.000861093484943, 32.162747403925366 ], [ -91.00117551991174, 32.162593774698145 ], [ -91.001979472098768, 32.162707091925412 ], [ -91.002226487338575, 32.162886162123705 ], [ -91.002252297059187, 32.16316135969501 ], [ -91.002143092276668, 32.163310010636721 ], [ -91.001923854962996, 32.163405281720664 ], [ -91.00107862673805, 32.163296506525647 ], [ -91.000814522488866, 32.163085159142994 ], [ -91.000861093484943, 32.162747403925366 ] ] ], [ [ [ -91.001225903687029, 32.165646194581981 ], [ -91.001499068762271, 32.16549710760291 ], [ -91.001816162046254, 32.165555985956665 ], [ -91.001991436081141, 32.165788339855474 ], [ -91.001922216945871, 32.166058060146504 ], [ -91.001649050783683, 32.16620714798799 ], [ -91.001331955396225, 32.166148269134553 ], [ -91.001156682448283, 32.165915914373329 ], [ -91.001225903687029, 32.165646194581981 ] ] ], [ [ [ -91.004424269109791, 32.166029074226948 ], [ -91.004697430532303, 32.165879980182147 ], [ -91.005014527632966, 32.165938850645567 ], [ -91.005189810718278, 32.166171200451352 ], [ -91.005120600565746, 32.166440922844366 ], [ -91.004847438056558, 32.166590017751702 ], [ -91.004530338852248, 32.166531146788792 ], [ -91.004355056853612, 32.166298796120486 ], [ -91.004424269109791, 32.166029074226948 ] ] ], [ [ [ -91.00110172605622, 32.168438195156412 ], [ -91.001349579359768, 32.16870503553163 ], [ -91.001254947906816, 32.1690027904056 ], [ -91.000965906870789, 32.169128383659512 ], [ -91.000497529461072, 32.169046939518722 ], [ -91.000349873537218, 32.168801089610369 ], [ -91.000449847939095, 32.168538440754538 ], [ -91.000697615334118, 32.168417391019489 ], [ -91.00110172605622, 32.168438195156412 ] ] ], [ [ [ -91.004422682456351, 32.169021384466788 ], [ -91.004695853088549, 32.168872290849578 ], [ -91.005012960456298, 32.168931161705956 ], [ -91.005188248852008, 32.169163511639908 ], [ -91.005119035942329, 32.16943323382133 ], [ -91.004845864223313, 32.169582328301175 ], [ -91.00452875475159, 32.169523456945235 ], [ -91.004353467442712, 32.169291106148656 ], [ -91.004422682456351, 32.169021384466788 ] ] ], [ [ [ -90.998636428337591, 32.171000699011884 ], [ -91.00083473966869, 32.171264383691174 ], [ -91.001019372128766, 32.171342260565083 ], [ -91.001167033620362, 32.171588109835234 ], [ -91.001067057427335, 32.171850759088152 ], [ -91.000819280926819, 32.171971809132188 ], [ -91.000255046830844, 32.171951794996964 ], [ -90.998579678823702, 32.171712665169736 ], [ -90.998364736452643, 32.17161052917676 ], [ -90.998247393980847, 32.171388932579319 ], [ -90.99834737757044, 32.171126285843251 ], [ -90.998636428337591, 32.171000699011884 ] ] ], [ [ [ -91.003754938700212, 32.171841910959849 ], [ -91.004069392778135, 32.171688275800179 ], [ -91.004399744349016, 32.171790542267985 ], [ -91.004751871446416, 32.171785088415142 ], [ -91.004977090681734, 32.171983887452058 ], [ -91.004971071369724, 32.172259911843319 ], [ -91.004657347317604, 32.172470737793702 ], [ -91.004285718948452, 32.172373015400353 ], [ -91.003933589629142, 32.17237846786238 ], [ -91.003695080648157, 32.17214612277845 ], [ -91.003754938700212, 32.171841910959849 ] ] ], [ [ [ -90.999248524813098, 32.174043082734848 ], [ -91.000427947703855, 32.174274681421451 ], [ -91.000570271310096, 32.174485426182336 ], [ -91.000501040021206, 32.174755144914513 ], [ -91.000268398073217, 32.174896267194995 ], [ -90.9992334283274, 32.174733308209539 ], [ -90.998956007272696, 32.174488411494792 ], [ -90.998993826142666, 32.174214220694289 ], [ -90.999248524813098, 32.174043082734848 ] ] ], [ [ [ -91.003987682205036, 32.17484168826735 ], [ -91.004276737967515, 32.174716088767248 ], [ -91.004585553302206, 32.174801115260244 ], [ -91.004733229683893, 32.175046960845478 ], [ -91.004633259246773, 32.175309613042785 ], [ -91.004344202007431, 32.175435213291657 ], [ -91.004035384820725, 32.175350186140264 ], [ -91.003887709915873, 32.175104339806275 ], [ -91.003987682205036, 32.17484168826735 ] ] ], [ [ [ -91.000291907283184, 32.183330953164948 ], [ -91.000565128207626, 32.183181870775577 ], [ -91.001011836220187, 32.18323264131736 ], [ -91.00121307569357, 32.183449265346667 ], [ -91.001175258087343, 32.183723456548606 ], [ -91.000879977714419, 32.183902558411354 ], [ -91.000433266547418, 32.183851787280283 ], [ -91.000222667035828, 32.183600671088584 ], [ -91.000291907283184, 32.183330953164948 ] ] ], [ [ [ -90.995996529711078, 32.176490388572077 ], [ -90.996399857504997, 32.176615689040396 ], [ -90.996628723086488, 32.176583830753152 ], [ -90.997427491947875, 32.176711258264774 ], [ -90.99762870911205, 32.176927887294617 ], [ -90.997590884596676, 32.177202077366708 ], [ -90.997413564870641, 32.177347372730793 ], [ -90.997171216632125, 32.177384396092812 ], [ -90.996488825976272, 32.17729447761112 ], [ -90.996280971630981, 32.177198017743564 ], [ -90.995367990109784, 32.177151586908039 ], [ -90.995101502605436, 32.176993958804651 ], [ -90.995044121360365, 32.176722236103906 ], [ -90.99522945793349, 32.176495590459893 ], [ -90.995466370987785, 32.176438546184713 ], [ -90.995996529711078, 32.176490388572077 ] ] ], [ [ [ -90.998657816336078, 32.186195434859279 ], [ -90.998972328990817, 32.186041815031729 ], [ -90.999652114023846, 32.18615876321045 ], [ -90.99987735534846, 32.186357571884749 ], [ -90.999871317300958, 32.186633594788468 ], [ -90.99971158279989, 32.186792974535052 ], [ -90.999516250235459, 32.18684894684354 ], [ -90.998836460331958, 32.186731997747117 ], [ -90.998597929409058, 32.186499642557962 ], [ -90.998657816336078, 32.186195434859279 ] ] ], [ [ [ -90.996942251779075, 32.188830777062179 ], [ -90.99721549470604, 32.188681702915446 ], [ -90.997532664230306, 32.188740594929151 ], [ -90.997707968235105, 32.188972955314135 ], [ -90.997638715242303, 32.189242671118542 ], [ -90.997365471226843, 32.189391746128351 ], [ -90.997048299596841, 32.189332853614346 ], [ -90.996872996680537, 32.189100492366265 ], [ -90.996942251779075, 32.188830777062179 ] ] ], [ [ [ -90.995692546672601, 32.191613571112498 ], [ -90.996048690615126, 32.191458882099163 ], [ -90.996545421372744, 32.191607471185556 ], [ -90.996746667205969, 32.191824102372898 ], [ -90.996708831413386, 32.192098291220333 ], [ -90.996372231540192, 32.192281921513377 ], [ -90.995833889631157, 32.19213440919382 ], [ -90.995623285358164, 32.191883285387377 ], [ -90.995692546672601, 32.191613571112498 ] ] ], [ [ [ -90.99203496732423, 32.158782612848043 ], [ -90.992323986007634, 32.158657038998705 ], [ -90.992632735219416, 32.158742092267779 ], [ -90.992780355166644, 32.158987950069509 ], [ -90.992680371042184, 32.159250592766824 ], [ -90.992391350882073, 32.159376167363945 ], [ -90.992082599820506, 32.159291113436218 ], [ -90.991934981349942, 32.159045254886699 ], [ -90.99203496732423, 32.158782612848043 ] ] ], [ [ [ -90.99496180387122, 32.170732003556836 ], [ -90.995234994057611, 32.170582931247424 ], [ -90.99567672265114, 32.170651254748897 ], [ -90.995877922974458, 32.170867886058439 ], [ -90.995840096754065, 32.171142075743262 ], [ -90.99554484862233, 32.171321166688429 ], [ -90.995103116944719, 32.171252842606741 ], [ -90.994892559666198, 32.171001718817124 ], [ -90.99496180387122, 32.170732003556836 ] ] ], [ [ [ -90.992880875047931, 32.184873097603393 ], [ -90.993154111920333, 32.184724031941364 ], [ -90.993471264667804, 32.184782933526051 ], [ -90.993646551000779, 32.185015298961879 ], [ -90.993577289792924, 32.185285012338085 ], [ -90.993304051831842, 32.185434078862976 ], [ -90.992986896979232, 32.185375176777796 ], [ -90.992811611734936, 32.185142810479121 ], [ -90.992880875047931, 32.184873097603393 ] ] ], [ [ [ -90.990779564802352, 32.190225838575039 ], [ -90.991052821340062, 32.190076778356996 ], [ -90.99136999082485, 32.19013568586147 ], [ -90.991545281162999, 32.190368054225289 ], [ -90.991476008881662, 32.190637765822615 ], [ -90.991202751254818, 32.19078682690364 ], [ -90.990885579664408, 32.190727918898467 ], [ -90.990710290415407, 32.19049554967166 ], [ -90.990779564802352, 32.190225838575039 ] ] ], [ [ [ -90.994014581540043, 32.194199033904788 ], [ -90.994287845432183, 32.194049967044371 ], [ -90.994605031103944, 32.194108867032057 ], [ -90.994780336979915, 32.194341231407869 ], [ -90.994711070485437, 32.194610944882214 ], [ -90.994437805504248, 32.194760012605855 ], [ -90.994120617726296, 32.194701112117578 ], [ -90.993945312939388, 32.194468746878563 ], [ -90.994014581540043, 32.194199033904788 ] ] ], [ [ [ -90.992226544696138, 32.196817426193398 ], [ -90.992515686317304, 32.196691857445472 ], [ -90.992824562243555, 32.196776914943236 ], [ -90.992972238456915, 32.19702277362439 ], [ -90.992872207188384, 32.197285413337561 ], [ -90.992583064087853, 32.197410982834462 ], [ -90.992274186308222, 32.197325924677202 ], [ -90.992126511574213, 32.197080065247064 ], [ -90.992226544696138, 32.196817426193398 ] ] ], [ [ [ -90.986544405511381, 32.197842302202389 ], [ -90.986833557541019, 32.197716746922175 ], [ -90.987142430815084, 32.197801818224235 ], [ -90.98729009286906, 32.19804768296018 ], [ -90.987190044227944, 32.198310317431655 ], [ -90.986900890718431, 32.198435873460674 ], [ -90.986592015591214, 32.198350801498769 ], [ -90.986444355017127, 32.19810493601404 ], [ -90.986544405511381, 32.197842302202389 ] ] ], [ [ [ -90.99084985939875, 32.199385746251252 ], [ -90.99112314406031, 32.199236687181788 ], [ -90.991440345073059, 32.199295595710709 ], [ -90.99161565187525, 32.199527964374845 ], [ -90.991546371349344, 32.199797675372679 ], [ -90.991273085598181, 32.199946735305453 ], [ -90.990955882478858, 32.199887826275692 ], [ -90.990780576766241, 32.199655456748246 ], [ -90.99084985939875, 32.199385746251252 ] ] ], [ [ [ -90.984448363142775, 32.200294093040128 ], [ -90.984721660279007, 32.200145048368157 ], [ -90.985038859389107, 32.200203972921692 ], [ -90.985214151025772, 32.20043634985084 ], [ -90.985144850954725, 32.200706056512438 ], [ -90.984871552728265, 32.200855102047569 ], [ -90.984554351511775, 32.200796176992803 ], [ -90.984379060965338, 32.200563799200495 ], [ -90.984448363142775, 32.200294093040128 ] ] ], [ [ [ -90.989511813485493, 32.202107283416701 ], [ -90.98982639652057, 32.201953689538669 ], [ -90.990221597885252, 32.202050954421338 ], [ -90.990422849792836, 32.202267595666953 ], [ -90.990384989056182, 32.20254178125812 ], [ -90.990089626059017, 32.202720854109899 ], [ -90.989653133729135, 32.202628126835705 ], [ -90.989442524431041, 32.202376992828796 ], [ -90.989511813485493, 32.202107283416701 ] ] ], [ [ [ -90.983336765165163, 32.203026273979191 ], [ -90.983625938003172, 32.202900726976978 ], [ -90.983934825113209, 32.202985806642133 ], [ -90.984082485926024, 32.203231674927437 ], [ -90.983982421693256, 32.20349430605544 ], [ -90.983693247374745, 32.20361985380648 ], [ -90.983384358411271, 32.203534773481216 ], [ -90.983236699078958, 32.203288904447078 ], [ -90.983336765165163, 32.203026273979191 ] ] ], [ [ [ -90.988720199567837, 32.204890129432556 ], [ -90.989034793670669, 32.204736538028612 ], [ -90.989424140102528, 32.204822649046108 ], [ -90.989625395789602, 32.2050392916425 ], [ -90.989587531059939, 32.205313476739192 ], [ -90.989292157336294, 32.205492547229163 ], [ -90.988861518670134, 32.205410973513345 ], [ -90.988650905630848, 32.205159838119876 ], [ -90.988720199567837, 32.204890129432556 ] ] ], [ [ [ -90.987899405311353, 32.207690383193118 ], [ -90.98817272003879, 32.20754133188413 ], [ -90.988489947282361, 32.207600248832584 ], [ -90.988665261115216, 32.207832621643497 ], [ -90.988595964300828, 32.208102330086355 ], [ -90.988322648483106, 32.208251382258872 ], [ -90.988005419132193, 32.208192464809258 ], [ -90.987830106389623, 32.207960091134844 ], [ -90.987899405311353, 32.207690383193118 ] ] ], [ [ [ -90.988499565427148, 32.210765457685 ], [ -90.988830373189543, 32.210638824807312 ], [ -90.989621108781861, 32.210804654295679 ], [ -90.989846385077868, 32.211003481689389 ], [ -90.989840310976888, 32.211279501818787 ], [ -90.989680514184613, 32.211438865863862 ], [ -90.989485122786505, 32.211494820093435 ], [ -90.98865276500473, 32.211330064385677 ], [ -90.988404841445799, 32.211063197637785 ], [ -90.988499565427148, 32.210765457685 ] ] ], [ [ [ -90.988159903757264, 32.213661373978653 ], [ -90.9884332365082, 32.213512322940588 ], [ -90.988750484488108, 32.213571240024223 ], [ -90.988925809623538, 32.21380361275542 ], [ -90.98885650805687, 32.214073320950526 ], [ -90.988583174215378, 32.214222372852326 ], [ -90.988265924127504, 32.214163455267474 ], [ -90.988090600082643, 32.213931081672541 ], [ -90.988159903757264, 32.213661373978653 ] ] ], [ [ [ -90.981765239213146, 32.21847125517241 ], [ -90.982054464118363, 32.218345714117802 ], [ -90.982363401001933, 32.218430799480444 ], [ -90.982511080138892, 32.218676669875954 ], [ -90.98241099204597, 32.218939298291019 ], [ -90.982121765659031, 32.219064840094887 ], [ -90.981812826920688, 32.218979754071697 ], [ -90.981665149265453, 32.218733882926934 ], [ -90.981765239213146, 32.21847125517241 ] ] ], [ [ [ -90.986440020303633, 32.218828298320837 ], [ -90.986729240534672, 32.218702746354403 ], [ -90.987038183603318, 32.2187878205022 ], [ -90.987185876161675, 32.219033685949178 ], [ -90.987085800864676, 32.21929631858093 ], [ -90.986796579152255, 32.219421871296802 ], [ -90.98648763422851, 32.21933679648869 ], [ -90.986339943151521, 32.219090930292282 ], [ -90.986440020303633, 32.218828298320837 ] ] ] ] } },
{ "type": "Feature", "properties": { "depth_bin": "17.5-20 ft", "survey_id": "LM_05_VGG_20240807_CS_4274_4226", "date": "2024-08-07 00:00:00+00:00", "year": 2024, "mile": 425.0, "bin_order": 1 }, "geometry": { "type": "MultiPolygon", "coordinates": [ [ [ [ -91.001927047043949, 32.151127762167171 ], [ -91.002222216148937, 32.150948652663303 ], [ -91.002743509155053, 32.151002866490238 ], [ -91.002990495645335, 32.151181934300382 ], [ -91.003016306321328, 32.151457132154071 ], [ -91.00272845245351, 32.15169309595484 ], [ -91.00216661297911, 32.151646844146036 ], [ -91.001902538224797, 32.151435499918271 ], [ -91.001927047043949, 32.151127762167171 ] ] ], [ [ [ -91.001803197320825, 32.1541195165427 ], [ -91.002057833016977, 32.153948369957511 ], [ -91.002380143886654, 32.153980524599426 ], [ -91.002581326201494, 32.154197144942721 ], [ -91.002543529626649, 32.15447133839492 ], [ -91.002288893275207, 32.154642485923013 ], [ -91.001966580131736, 32.154610330959422 ], [ -91.001765398472173, 32.154393709673215 ], [ -91.001803197320825, 32.1541195165427 ] ] ], [ [ [ -91.005792385724135, 32.154693074439713 ], [ -91.006065510212451, 32.154543975743735 ], [ -91.006382569496708, 32.154602841337791 ], [ -91.006557836034972, 32.154835188908272 ], [ -91.006488640298258, 32.155104913009168 ], [ -91.006215514723976, 32.155254012567305 ], [ -91.005898453337196, 32.155195146474 ], [ -91.005723187884911, 32.154962798041382 ], [ -91.005792385724135, 32.154693074439713 ] ] ], [ [ [ -91.001504421227324, 32.156935837874343 ], [ -91.001777559086833, 32.156786749039284 ], [ -91.002094622708569, 32.15684562556735 ], [ -91.00226988200977, 32.157077978740084 ], [ -91.002200671700507, 32.157347699829813 ], [ -91.001927532754522, 32.157496789526988 ], [ -91.001610467030218, 32.157437912499411 ], [ -91.001435208815494, 32.157205558464547 ], [ -91.001504421227324, 32.156935837874343 ] ] ], [ [ [ -91.005153205028464, 32.157447213205508 ], [ -91.005407844437514, 32.15727606007821 ], [ -91.005730168614505, 32.157308206681115 ], [ -91.005931366036165, 32.157524822197544 ], [ -91.005893577518421, 32.157799016862668 ], [ -91.005638937454293, 32.157970170933048 ], [ -91.005316611003025, 32.157938024008644 ], [ -91.005115414236442, 32.157721407549133 ], [ -91.005153205028464, 32.157447213205508 ] ] ], [ [ [ -91.001609037716179, 32.159936167598332 ], [ -91.001882184646163, 32.15978707895615 ], [ -91.002199258640701, 32.159845955615253 ], [ -91.002374523541036, 32.160078308780484 ], [ -91.002305310777203, 32.160348029728603 ], [ -91.002032162760599, 32.160497119233014 ], [ -91.001715086663168, 32.160438242074335 ], [ -91.001539822849466, 32.160205888046882 ], [ -91.001609037716179, 32.159936167598332 ] ] ], [ [ [ -91.001656403321718, 32.162857002862808 ], [ -91.001929559165376, 32.162707914529626 ], [ -91.002246643216765, 32.162766791451489 ], [ -91.002421913426161, 32.162999144679347 ], [ -91.002352698113555, 32.163268865453354 ], [ -91.002079541183122, 32.163417954648885 ], [ -91.00176245502854, 32.163359077227398 ], [ -91.001587185905905, 32.163126723137211 ], [ -91.001656403321718, 32.162857002862808 ] ] ], [ [ [ -91.001383598517421, 32.165667736945444 ], [ -91.001698034449291, 32.165514106852683 ], [ -91.002220444340352, 32.165589513435179 ], [ -91.002445643311717, 32.165788316333781 ], [ -91.002439617808875, 32.166064340569001 ], [ -91.002125910312671, 32.166275161048453 ], [ -91.00156222529354, 32.166204296650875 ], [ -91.001323737818097, 32.165971947766138 ], [ -91.001383598517421, 32.165667736945444 ] ] ], [ [ [ -91.000748170786579, 32.168568974441605 ], [ -91.001062617942893, 32.16841534643838 ], [ -91.001393173644544, 32.168517795886679 ], [ -91.001745972720471, 32.168512087515936 ], [ -91.00197117745806, 32.168710891420552 ], [ -91.001965149843343, 32.168986915448158 ], [ -91.00165143092056, 32.169197734212929 ], [ -91.001279599810402, 32.169099827914778 ], [ -91.000926798508132, 32.169105534891337 ], [ -91.000688305556523, 32.16887318466933 ], [ -91.000748170786579, 32.168568974441605 ] ] ], [ [ [ -91.004267376241373, 32.169000273373825 ], [ -91.004540547043234, 32.168851180099381 ], [ -91.004857654217005, 32.168910051338614 ], [ -91.005032942168725, 32.169142401471262 ], [ -91.004963728825118, 32.169412123550785 ], [ -91.004690556936424, 32.169561217687864 ], [ -91.004373447658679, 32.169502345949063 ], [ -91.004198160793806, 32.169269994953801 ], [ -91.004267376241373, 32.169000273373825 ] ] ], [ [ [ -91.00118988269827, 32.171336086875371 ], [ -91.001392023224085, 32.171455645968443 ], [ -91.001482002327677, 32.171650574772485 ], [ -91.001407435527923, 32.171885189107357 ], [ -91.001214241442952, 32.172015009576 ], [ -91.000968807993715, 32.172031659870903 ], [ -91.000626115475256, 32.171923280340316 ], [ -91.000292806572261, 32.171949993739752 ], [ -91.000028680348791, 32.171738644057484 ], [ -91.00003471444515, 32.171462620476774 ], [ -91.000268454669197, 32.171271071130022 ], [ -91.00118988269827, 32.171336086875371 ] ] ], [ [ [ -91.00379997578942, 32.17484853944697 ], [ -91.004073165296447, 32.174699448042084 ], [ -91.004390292177547, 32.174758321202312 ], [ -91.004565589294899, 32.17499067218219 ], [ -91.004496369205867, 32.175260393539013 ], [ -91.004223178611653, 32.175409485806739 ], [ -91.003906049625996, 32.175350612146829 ], [ -91.003730753595818, 32.175118260304139 ], [ -91.00379997578942, 32.17484853944697 ] ] ], [ [ [ -91.001764921384876, 32.180618646178779 ], [ -91.002038131731055, 32.180469560123868 ], [ -91.00247887429623, 32.180532615978102 ], [ -91.002680111785665, 32.180749237659526 ], [ -91.002642300121323, 32.181023429631438 ], [ -91.00234703144838, 32.181202535458119 ], [ -91.001906285795116, 32.181139479024672 ], [ -91.001695687937215, 32.180888365274598 ], [ -91.001764921384876, 32.180618646178779 ] ] ], [ [ [ -90.994480738947715, 32.170473700803399 ], [ -90.994847208765705, 32.170609673301023 ], [ -90.994917887909736, 32.17094438668812 ], [ -90.994669389393167, 32.17116902623146 ], [ -90.994222636981576, 32.171161433006162 ], [ -90.993975616830724, 32.170982347119761 ], [ -90.993949831208269, 32.170707149090738 ], [ -90.994160383317904, 32.170497046236804 ], [ -90.994480738947715, 32.170473700803399 ] ] ], [ [ [ -90.999969218885099, 32.17435444182999 ], [ -91.000242412658963, 32.174205358884947 ], [ -91.000805327215417, 32.174256882622146 ], [ -91.001030543271597, 32.174455688518123 ], [ -91.001024511480466, 32.174731712136207 ], [ -91.000710770074562, 32.174942527509337 ], [ -91.000147851394885, 32.17489100318916 ], [ -90.999909346229288, 32.174658651171399 ], [ -90.999969218885099, 32.17435444182999 ] ] ], [ [ [ -90.995913591012624, 32.176688699556706 ], [ -90.996186798099089, 32.176539625974982 ], [ -90.996621708695116, 32.176604024544659 ], [ -90.996822923656879, 32.176820654774623 ], [ -90.996785096800465, 32.177094844514684 ], [ -90.996489830526713, 32.177273936810884 ], [ -90.99605491688817, 32.177209537669533 ], [ -90.995844344098685, 32.176958415031272 ], [ -90.995913591012624, 32.176688699556706 ] ] ], [ [ [ -90.997004534027269, 32.176864942592751 ], [ -90.997341074231201, 32.17668130786511 ], [ -90.998310524127604, 32.176812663637676 ], [ -90.9985575683571, 32.176991741870779 ], [ -90.998583368622334, 32.177266939331062 ], [ -90.998442786406414, 32.177438865424342 ], [ -90.998213587931389, 32.177515390295987 ], [ -90.997244130819865, 32.177384033500054 ], [ -90.996979996996103, 32.177172677270477 ], [ -90.997004534027269, 32.176864942592751 ] ] ], [ [ [ -90.999970338367518, 32.183295265603846 ], [ -91.000243559668036, 32.183146183925636 ], [ -91.000684838478492, 32.183205890544173 ], [ -91.000886077092673, 32.183422515061615 ], [ -91.000848258526418, 32.183696706127954 ], [ -91.000552977644361, 32.183875807205162 ], [ -91.000111695735484, 32.18381610000597 ], [ -90.999901097213879, 32.183564983315776 ], [ -90.999970338367518, 32.183295265603846 ] ] ], [ [ [ -90.99834234587, 32.186137254237103 ], [ -90.99865685880583, 32.18598363520659 ], [ -90.999001480546454, 32.186098249593712 ], [ -90.999335215790978, 32.18609987836134 ], [ -90.999560456256901, 32.186298687568758 ], [ -90.999554417266864, 32.186574710421532 ], [ -90.999394682343947, 32.186734089750928 ], [ -90.999199349740422, 32.186790061567329 ], [ -90.998854725161095, 32.186675447617048 ], [ -90.99852098789421, 32.186673817496683 ], [ -90.99828245795004, 32.186441461748316 ], [ -90.99834234587, 32.186137254237103 ] ] ], [ [ [ -90.995535019667827, 32.191567475697035 ], [ -90.995808273153116, 32.19141840507455 ], [ -90.996125450975697, 32.191477300941266 ], [ -90.996300756157922, 32.191709663251061 ], [ -90.996231496531749, 32.191979377924611 ], [ -90.995958241957695, 32.192128449410255 ], [ -90.995641062029136, 32.192069553043112 ], [ -90.99546575793569, 32.191837189870149 ], [ -90.995535019667827, 32.191567475697035 ] ] ], [ [ [ -90.99168906264272, 32.158794667458231 ], [ -90.99196222103501, 32.158645600736094 ], [ -90.992279283346932, 32.158704501867625 ], [ -90.992454520262811, 32.158936867722453 ], [ -90.99238527960506, 32.159206582143739 ], [ -90.992112120125313, 32.159355649727793 ], [ -90.991795055711052, 32.159296748096132 ], [ -90.991619819882615, 32.159064381379373 ], [ -90.99168906264272, 32.158794667458231 ] ] ], [ [ [ -90.992242446368707, 32.170403593224989 ], [ -90.992515639650222, 32.170254526924424 ], [ -90.9928327422232, 32.170313428201645 ], [ -90.9930080011885, 32.170545793841058 ], [ -90.992938751451888, 32.170815507812293 ], [ -90.99266555708239, 32.170964574975201 ], [ -90.992348452405821, 32.170905673197687 ], [ -90.992173194528505, 32.170673306695939 ], [ -90.992242446368707, 32.170403593224989 ] ] ], [ [ [ -90.993013193408132, 32.184953819819782 ], [ -90.993267933646578, 32.184782695838614 ], [ -90.993590348268697, 32.184814876989805 ], [ -90.993791572771656, 32.185031512219474 ], [ -90.993753732106128, 32.185305700215636 ], [ -90.993498991210615, 32.185476825140732 ], [ -90.99317657431142, 32.18544464366704 ], [ -90.9929753504655, 32.185228007493428 ], [ -90.993013193408132, 32.184953819819782 ] ] ], [ [ [ -90.991823981341028, 32.187554219475423 ], [ -90.992097228069468, 32.187405156549772 ], [ -90.99241438919654, 32.187464061110298 ], [ -90.99258967752418, 32.18769642801827 ], [ -90.992520410757422, 32.187966140500627 ], [ -90.99224716294006, 32.188115204289183 ], [ -90.991929999707622, 32.18805629922808 ], [ -90.991754712468889, 32.187823931457181 ], [ -90.991823981341028, 32.187554219475423 ] ] ], [ [ [ -90.988170469097668, 32.195416579347295 ], [ -90.988443745573974, 32.195267525683271 ], [ -90.988760930844947, 32.19532644034927 ], [ -90.988936223569809, 32.195558812287146 ], [ -90.988866938877251, 32.195828521777536 ], [ -90.988593661311313, 32.195977576304657 ], [ -90.988276473934278, 32.195918661137718 ], [ -90.988101182299062, 32.195686288336752 ], [ -90.988170469097668, 32.195416579347295 ] ] ], [ [ [ -90.992060359694321, 32.196775714953802 ], [ -90.992333634481156, 32.196626652814864 ], [ -90.992650827474094, 32.196685557994641 ], [ -90.992826132809142, 32.196917924991759 ], [ -90.992756858228333, 32.19718763698117 ], [ -90.992483582352136, 32.197336699983374 ], [ -90.992166387252823, 32.197277794302877 ], [ -90.991991083007136, 32.197045426442507 ], [ -90.992060359694321, 32.196775714953802 ] ] ], [ [ [ -90.9906980820505, 32.199345194561097 ], [ -90.990971366816481, 32.199196135824124 ], [ -90.991288567570777, 32.19925504472485 ], [ -90.991463873903072, 32.199487413582325 ], [ -90.991394592971048, 32.199757124481749 ], [ -90.991121307115463, 32.199906184082053 ], [ -90.990804104254593, 32.199847274680472 ], [ -90.990628799011901, 32.199614904959695 ], [ -90.9906980820505, 32.199345194561097 ] ] ], [ [ [ -90.989367941016752, 32.202047035088889 ], [ -90.989641236122623, 32.201897979701599 ], [ -90.989958445119228, 32.201956892261208 ], [ -90.990133752768173, 32.202189262943527 ], [ -90.99006446545566, 32.202458972764838 ], [ -90.989791169259917, 32.202608029015487 ], [ -90.989473958156509, 32.202549115954902 ], [ -90.989298651597437, 32.202316744409238 ], [ -90.989367941016752, 32.202047035088889 ] ] ], [ [ [ -90.988564962000083, 32.204841512093424 ], [ -90.988838266936028, 32.204692458894428 ], [ -90.989155484908082, 32.204751373815519 ], [ -90.989330795420344, 32.20498374564923 ], [ -90.989261503181552, 32.205253454737438 ], [ -90.988988197155507, 32.205402508799857 ], [ -90.988670977076396, 32.205343593377712 ], [ -90.988495667654234, 32.205111220680571 ], [ -90.988564962000083, 32.204841512093424 ] ] ], [ [ [ -90.982671171500144, 32.206236242369009 ], [ -90.982925991521483, 32.206065142954813 ], [ -90.983248475727621, 32.206097353276277 ], [ -90.98344971885588, 32.206314005192574 ], [ -90.983411834945343, 32.206588187617342 ], [ -90.983157014265316, 32.206759287976077 ], [ -90.982834527779929, 32.206727077331252 ], [ -90.982633285310357, 32.206510424470409 ], [ -90.982671171500144, 32.206236242369009 ] ] ], [ [ [ -90.987591181584477, 32.207610726379528 ], [ -90.987864496532211, 32.207461675746281 ], [ -90.988306468204698, 32.207526426950146 ], [ -90.988507726742782, 32.207743071373201 ], [ -90.988469857102785, 32.208017255844545 ], [ -90.988174472291988, 32.20819632320903 ], [ -90.98773249752287, 32.208131571423003 ], [ -90.987521881835363, 32.207880434121108 ], [ -90.987591181584477, 32.207610726379528 ] ] ], [ [ [ -90.982081441615847, 32.209313145642952 ], [ -90.982354770142791, 32.209164107536679 ], [ -90.982671998396526, 32.209223039157031 ], [ -90.982847299858392, 32.209455419514683 ], [ -90.982777984538203, 32.209725123958265 ], [ -90.982504654920362, 32.209874162927946 ], [ -90.982187424559385, 32.209815230806072 ], [ -90.982012124188401, 32.209582849585026 ], [ -90.982081441615847, 32.209313145642952 ] ] ], [ [ [ -90.988315064472374, 32.210769987466946 ], [ -90.988588388069658, 32.210620935670548 ], [ -90.988905626228288, 32.210679851989596 ], [ -90.989080946627794, 32.210912224397802 ], [ -90.989011648184885, 32.211181932900644 ], [ -90.988738323497202, 32.211330985560679 ], [ -90.988421083230904, 32.211272068740456 ], [ -90.988245763921796, 32.211039695468614 ], [ -90.988315064472374, 32.210769987466946 ] ] ], [ [ [ -90.981712114698496, 32.212355073239422 ], [ -90.981985453167653, 32.212206036391656 ], [ -90.982302691590789, 32.212264969329901 ], [ -90.982477997492339, 32.212497350292885 ], [ -90.982408678281288, 32.212767054274693 ], [ -90.982135338721037, 32.212916091985967 ], [ -90.981818098190374, 32.212857158546143 ], [ -90.981642793379876, 32.21262477671965 ], [ -90.981712114698496, 32.212355073239422 ] ] ], [ [ [ -90.98150324189578, 32.215366462176128 ], [ -90.981776589971886, 32.21521742622479 ], [ -90.982093838586991, 32.215276360078235 ], [ -90.982269149295476, 32.215508741439081 ], [ -90.982199826690334, 32.215778445068459 ], [ -90.981926477522961, 32.215927481883391 ], [ -90.981609226799989, 32.215868547528309 ], [ -90.98143391718277, 32.215636165303849 ], [ -90.98150324189578, 32.215366462176128 ] ] ] ] } },
{ "type": "Feature", "properties": { "depth_bin": "5-6 ft", "survey_id": "LM_05_VGG_20240807_CS_4274_4226", "date": "2024-08-07 00:00:00+00:00", "year": 2024, "mile": 425.0, "bin_order": 12 }, "geometry": { "type": "MultiPolygon", "coordinates": [ [ [ [ -91.000647573783226, 32.150978056509949 ], [ -91.000942744727581, 32.150798950069941 ], [ -91.001345384403933, 32.150841310090335 ], [ -91.001570546864528, 32.151040113451103 ], [ -91.001564522160933, 32.151316138182551 ], [ -91.001291407799769, 32.151518996962515 ], [ -91.000848222603523, 32.15148459846359 ], [ -91.000623060743379, 32.151285793848785 ], [ -91.000647573783226, 32.150978056509949 ] ] ], [ [ [ -90.999900006208648, 32.153795858431614 ], [ -91.000236453587291, 32.153612211726262 ], [ -91.000579105084739, 32.153725012238269 ], [ -91.00087960713968, 32.153711869378107 ], [ -91.001126596798571, 32.153890940904034 ], [ -91.001152402160614, 32.15416613883319 ], [ -91.001043207190335, 32.154314789382539 ], [ -91.00082399091086, 32.154410059505324 ], [ -91.000440070580183, 32.154301802130014 ], [ -91.000139566578028, 32.154314943864087 ], [ -90.999875489382276, 32.154103595365449 ], [ -90.999900006208648, 32.153795858431614 ] ] ], [ [ [ -91.005938734525301, 32.154752682181339 ], [ -91.006193364774958, 32.154581527044471 ], [ -91.006515679899152, 32.154613671288836 ], [ -91.006716873677377, 32.154830285479342 ], [ -91.006679089059972, 32.155104480627763 ], [ -91.006424458155379, 32.155275636707636 ], [ -91.006102140757221, 32.155243492141828 ], [ -91.005900947633904, 32.155026877008325 ], [ -91.005938734525301, 32.154752682181339 ] ] ], [ [ [ -90.999666561277408, 32.159750889860064 ], [ -90.999921216988611, 32.159579748510701 ], [ -91.000243546533767, 32.159611909338437 ], [ -91.000444735245068, 32.159828533194144 ], [ -91.000406929040452, 32.16010272542794 ], [ -91.000152272673589, 32.16027386772037 ], [ -90.999829940854056, 32.160241706570773 ], [ -90.999628752798401, 32.160025081771991 ], [ -90.999666561277408, 32.159750889860064 ] ] ], [ [ [ -90.998586979397672, 32.162561660718403 ], [ -90.998841645124187, 32.162390522010405 ], [ -90.999163983986094, 32.162422685959541 ], [ -90.999365175858145, 32.162639311588286 ], [ -90.999327364806632, 32.162913503208216 ], [ -90.999072698424257, 32.163084642859403 ], [ -90.998750357287676, 32.163052478588305 ], [ -90.99854916607147, 32.162835852016372 ], [ -90.998586979397672, 32.162561660718403 ] ] ], [ [ [ -90.996554662070452, 32.165182560652561 ], [ -90.996809338941347, 32.16501142655121 ], [ -90.99713168598575, 32.16504359601209 ], [ -90.997332878285448, 32.165260224829069 ], [ -90.997295059655983, 32.165534415446132 ], [ -90.997040382128972, 32.165705550490721 ], [ -90.996718032809625, 32.165673380707737 ], [ -90.996516841166056, 32.165456750947506 ], [ -90.996554662070452, 32.165182560652561 ] ] ], [ [ [ -90.997833191412667, 32.165331375588124 ], [ -90.998128415372193, 32.165152278182028 ], [ -90.998532306754157, 32.165202915254135 ], [ -90.998757496439538, 32.165401724374384 ], [ -90.998751459906345, 32.165677748004036 ], [ -90.998478295002187, 32.165880598302259 ], [ -90.998033851472613, 32.16583792156667 ], [ -90.997808662410407, 32.165639111190295 ], [ -90.997833191412667, 32.165331375588124 ] ] ], [ [ [ -90.998946954263474, 32.165503171440832 ], [ -90.999201627851832, 32.165332032384221 ], [ -90.9995239771998, 32.16536419582264 ], [ -90.999725176039831, 32.165580821077725 ], [ -90.999687364356376, 32.165855012680005 ], [ -90.999432690112101, 32.166026152679905 ], [ -90.999110338489103, 32.165993988919524 ], [ -90.998909140304974, 32.165777362721144 ], [ -90.998946954263474, 32.165503171440832 ] ] ], [ [ [ -90.996719064752909, 32.168141017280604 ], [ -90.996973749880169, 32.167969883241945 ], [ -90.997296107374922, 32.168002052690724 ], [ -90.997497306197516, 32.168218681427931 ], [ -90.997459486342436, 32.168492871944338 ], [ -90.997204800558976, 32.168664006926342 ], [ -90.996882440788937, 32.168631837155417 ], [ -90.996681242622543, 32.168415207474872 ], [ -90.996719064752909, 32.168141017280604 ] ] ], [ [ [ -91.000047934186398, 32.186536786996541 ], [ -91.00030266661625, 32.186365648523662 ], [ -91.000625090264279, 32.186397812042891 ], [ -91.000826335340676, 32.186614436828606 ], [ -91.000788514744912, 32.186888627686869 ], [ -91.000533781658632, 32.187059767103833 ], [ -91.000211355733171, 32.187027603262521 ], [ -91.000010111313202, 32.186810977532716 ], [ -91.000047934186398, 32.186536786996541 ] ] ], [ [ [ -90.998010264279529, 32.189113945209897 ], [ -90.998346849080107, 32.188930309866969 ], [ -90.998736981769682, 32.18903455557551 ], [ -90.998938227663899, 32.189251183336516 ], [ -90.998900399904613, 32.189525373251421 ], [ -90.998563813876572, 32.189709010009253 ], [ -90.998173678577359, 32.189604763668989 ], [ -90.99797243383091, 32.189388134743211 ], [ -90.998010264279529, 32.189113945209897 ] ] ], [ [ [ -90.996590293585427, 32.191899924083252 ], [ -90.996845047611941, 32.19172879357626 ], [ -90.99716748837254, 32.191760966602118 ], [ -90.997368736053474, 32.191977596866536 ], [ -90.997330902028153, 32.192251785966306 ], [ -90.997076147344742, 32.192422917417545 ], [ -90.996753704306187, 32.192390744069321 ], [ -90.996552457282149, 32.192174112860677 ], [ -90.996590293585427, 32.191899924083252 ] ] ], [ [ [ -90.99504802358409, 32.194579959446585 ], [ -90.995302788078121, 32.194408832533149 ], [ -90.995625237483011, 32.194441009839601 ], [ -90.995826486921501, 32.194657642564216 ], [ -90.995788646737267, 32.194931830862707 ], [ -90.995533881586098, 32.195102958720462 ], [ -90.99521142990298, 32.19507078109153 ], [ -90.995010181121643, 32.194854147422603 ], [ -90.99504802358409, 32.194579959446585 ] ] ], [ [ [ -90.992301496167514, 32.158926905824202 ], [ -90.992556162451891, 32.15875577975099 ], [ -90.992878485476865, 32.158787959138813 ], [ -90.993079654393881, 32.159004593966621 ], [ -90.993041826715597, 32.159278783157141 ], [ -90.992787159774878, 32.159449910173286 ], [ -90.992464834475783, 32.159417730463133 ], [ -90.992263666215123, 32.159201094692385 ], [ -90.992301496167514, 32.158926905824202 ] ] ], [ [ [ -90.994478310899225, 32.167897059836015 ], [ -90.994732999263761, 32.167725930447006 ], [ -90.995177874456118, 32.16775575227269 ], [ -90.995403062495186, 32.167954567252615 ], [ -90.995397015250759, 32.168230590203706 ], [ -90.995123835370023, 32.168433432570787 ], [ -90.994678956921618, 32.16840361042604 ], [ -90.994453769477019, 32.168204794188298 ], [ -90.994478310899225, 32.167897059836015 ] ] ], [ [ [ -90.994462676780017, 32.17069868238611 ], [ -90.994717373266084, 32.170527553414843 ], [ -90.995039738613059, 32.170559728936063 ], [ -90.995240937181705, 32.170776361193688 ], [ -90.995203109115081, 32.171050550616343 ], [ -90.994948411972501, 32.171221680531026 ], [ -90.994626044350028, 32.171189504687497 ], [ -90.994424846437866, 32.170972871486462 ], [ -90.994462676780017, 32.17069868238611 ] ] ], [ [ [ -90.992931653927414, 32.173411266414611 ], [ -90.993186360945131, 32.17324014101662 ], [ -90.993508735046149, 32.173272320792513 ], [ -90.993709935463471, 32.173488955494015 ], [ -90.99367210125699, 32.17376314411819 ], [ -90.993417393582561, 32.173934270459682 ], [ -90.993095017205746, 32.173902090361359 ], [ -90.992893817445164, 32.173685454716356 ], [ -90.992931653927414, 32.173411266414611 ] ] ], [ [ [ -90.993403356384206, 32.197229366095691 ], [ -90.993658131438906, 32.197058242986373 ], [ -90.993980589330889, 32.197090424829625 ], [ -90.994181840211468, 32.197307060166267 ], [ -90.994143993579399, 32.197581247621969 ], [ -90.99388921786732, 32.197752371675676 ], [ -90.993566757696826, 32.197720189509816 ], [ -90.993365507473641, 32.197503553228778 ], [ -90.993403356384206, 32.197229366095691 ] ] ], [ [ [ -90.986058029381525, 32.197716224409632 ], [ -90.986312818779325, 32.197545116733131 ], [ -90.986635274748522, 32.197577317285344 ], [ -90.986836508566626, 32.197793963647925 ], [ -90.986798639726928, 32.198068147987627 ], [ -90.986543849671037, 32.198239256608424 ], [ -90.986221391423484, 32.198207055733135 ], [ -90.986020158263457, 32.19799040842625 ], [ -90.986058029381525, 32.197716224409632 ] ] ], [ [ [ -90.990687009125892, 32.202558259226997 ], [ -90.990828287612715, 32.202430603537032 ], [ -90.991065271105455, 32.202373570548474 ], [ -90.991264279641612, 32.202419332001398 ], [ -90.991431145549015, 32.202564219683055 ], [ -90.9916977238817, 32.202606051206743 ], [ -90.991898980571364, 32.20282269027301 ], [ -90.991861123918767, 32.203096876452847 ], [ -90.991719845728895, 32.20322453330175 ], [ -90.991482860339005, 32.203281567438623 ], [ -90.991283849819396, 32.203235806255933 ], [ -90.991116982988757, 32.203090918354235 ], [ -90.990850403587345, 32.20304908556195 ], [ -90.990649149008817, 32.202832444912509 ], [ -90.990687009125892, 32.202558259226997 ] ] ], [ [ [ -90.990038694491915, 32.205401802817043 ], [ -90.990293499121719, 32.205230687870916 ], [ -90.990615984043629, 32.20526287937512 ], [ -90.99081724357579, 32.205479520211384 ], [ -90.99077938214856, 32.205753705783948 ], [ -90.990524576860821, 32.205924821674699 ], [ -90.990202089659562, 32.205892629847604 ], [ -90.990000830785348, 32.205675988066716 ], [ -90.990038694491915, 32.205401802817043 ] ] ], [ [ [ -90.990309733848179, 32.208481189990238 ], [ -90.990451022462807, 32.208353535224276 ], [ -90.990688021728161, 32.208296503621206 ], [ -90.991309801315822, 32.208456109088054 ], [ -90.991535075946615, 32.208654933454504 ], [ -90.991529007497121, 32.208930953972917 ], [ -90.991369217871679, 32.209090320493523 ], [ -90.99117383246903, 32.20914627759835 ], [ -90.990510433004303, 32.20898774680083 ], [ -90.990285159925477, 32.208788920673655 ], [ -90.990309733848179, 32.208481189990238 ] ] ], [ [ [ -90.989714960202875, 32.211118988770011 ], [ -90.989988282759882, 32.210969933902426 ], [ -90.990305523217557, 32.211028846787812 ], [ -90.990480847908742, 32.211261217411263 ], [ -90.990411553236228, 32.211530926823741 ], [ -90.990138229588922, 32.211679982555033 ], [ -90.989820987023464, 32.211621069168544 ], [ -90.989645663422593, 32.211388697681414 ], [ -90.989714960202875, 32.211118988770011 ] ] ], [ [ [ -90.981387335888911, 32.212317899373062 ], [ -90.981660674734314, 32.21216886324418 ], [ -90.981977912774397, 32.212227796984742 ], [ -90.982153217758011, 32.212460178363507 ], [ -90.982083897631824, 32.212729882130994 ], [ -90.981810557695312, 32.212878919123355 ], [ -90.981493317547688, 32.212819984881179 ], [ -90.981318013655169, 32.212587602638934 ], [ -90.981387335888911, 32.212317899373062 ] ] ] ] } },
{ "type": "Feature", "properties": { "depth_bin": "6-7 ft", "survey_id": "LM_05_VGG_20240807_CS_4274_4226", "date": "2024-08-07 00:00:00+00:00", "year": 2024, "mile": 425.0, "bin_order": 11 }, "geometry": { "type": "MultiPolygon", "coordinates": [ [ [ [ -91.000949711458958, 32.151055466921221 ], [ -91.001183395355568, 32.150863913133456 ], [ -91.001507847854256, 32.15086903909669 ], [ -91.00173301074868, 32.151067842184247 ], [ -91.001726986528212, 32.151343866941886 ], [ -91.001493302432451, 32.151535421717078 ], [ -91.001168847576153, 32.15153029562223 ], [ -91.000943684880909, 32.151331491547253 ], [ -91.000949711458958, 32.151055466921221 ] ] ], [ [ [ -91.000533589330203, 32.153897136527597 ], [ -91.00078822661726, 32.153725992564084 ], [ -91.001110536082422, 32.153758150394076 ], [ -91.001311714820019, 32.153974772624437 ], [ -91.001273914590627, 32.154248965557244 ], [ -91.001019276648151, 32.154420110463647 ], [ -91.000696964909238, 32.154387952311886 ], [ -91.000495786827059, 32.154171329138634 ], [ -91.000533589330203, 32.153897136527597 ] ] ], [ [ [ -91.000204053560324, 32.156795333492269 ], [ -91.000458699793086, 32.1566241906146 ], [ -91.000781019248294, 32.156656349675856 ], [ -91.000982203168462, 32.156872972561651 ], [ -91.0009444002782, 32.15714716519021 ], [ -91.000689753389892, 32.157318309010869 ], [ -91.000367431660621, 32.157286149627787 ], [ -91.000166248395971, 32.157069525799002 ], [ -91.000204053560324, 32.156795333492269 ] ] ], [ [ [ -90.999389169816197, 32.16266266151613 ], [ -90.999643834423239, 32.162491521145782 ], [ -90.999966174034583, 32.162523683074696 ], [ -91.000167368086039, 32.162740307508727 ], [ -91.000129559367238, 32.163014499459294 ], [ -90.999874894104408, 32.163185640772845 ], [ -90.999552552218333, 32.163153478522005 ], [ -90.999351358822665, 32.162936853144778 ], [ -90.999389169816197, 32.16266266151613 ] ] ], [ [ [ -90.996895317378645, 32.165047018520887 ], [ -90.997662661253628, 32.16503396920924 ], [ -90.998291417503722, 32.165183250175588 ], [ -90.998466681651635, 32.165415608586223 ], [ -90.998397452572235, 32.165685326556343 ], [ -90.99804141505119, 32.165840026970422 ], [ -90.996846102879317, 32.165664373739645 ], [ -90.996680200819256, 32.165466504436957 ], [ -90.996699531260091, 32.165224026027275 ], [ -90.996895317378645, 32.165047018520887 ] ] ], [ [ [ -90.999112427019, 32.165510272834005 ], [ -90.999367100336741, 32.165339133432575 ], [ -90.999932958553018, 32.165349093925798 ], [ -91.000179976412753, 32.165528168178064 ], [ -91.000205780257801, 32.165803365842052 ], [ -90.999917872302788, 32.166039320638689 ], [ -90.999352009825856, 32.166029359907654 ], [ -90.999087902225625, 32.165818008847097 ], [ -90.999112427019, 32.165510272834005 ] ] ], [ [ [ -90.996878882042139, 32.168160767602636 ], [ -90.997133566945294, 32.167989633232679 ], [ -90.997579511403316, 32.168019496059529 ], [ -90.997804705518476, 32.168218306989218 ], [ -90.997798665454539, 32.16849433033493 ], [ -90.997525489792054, 32.168697178066601 ], [ -90.99707954207004, 32.168667314920128 ], [ -90.996854348551622, 32.168468502730754 ], [ -90.996878882042139, 32.168160767602636 ] ] ], [ [ [ -91.001055956481835, 32.183527025462205 ], [ -91.001310678436056, 32.18335588446925 ], [ -91.001633092022331, 32.183388045020024 ], [ -91.001834333344675, 32.183604668127742 ], [ -91.001796517501745, 32.183878859581306 ], [ -91.001541794891295, 32.184050001518258 ], [ -91.001219379027887, 32.184017840645481 ], [ -91.001018138361786, 32.183801216593771 ], [ -91.001055956481835, 32.183527025462205 ] ] ], [ [ [ -90.991491586163875, 32.158829802013763 ], [ -90.991746253591899, 32.158658677619648 ], [ -90.9920685758768, 32.158690859047482 ], [ -90.992269742603554, 32.15890749508123 ], [ -90.992231912567789, 32.159181683937184 ], [ -90.991977244483337, 32.159352809274225 ], [ -90.991654919924358, 32.159320627524011 ], [ -90.991453753854017, 32.159103990547329 ], [ -90.991491586163875, 32.158829802013763 ] ] ], [ [ [ -90.992461880742013, 32.158938137671555 ], [ -90.992716546776819, 32.158767011264722 ], [ -90.993038869920312, 32.158799190247464 ], [ -90.993240039254516, 32.159015824836011 ], [ -90.993202212047734, 32.15929001409323 ], [ -90.9929475453566, 32.159461141442989 ], [ -90.992625219938986, 32.15942896213793 ], [ -90.992424051261111, 32.159212326606436 ], [ -90.992461880742013, 32.158938137671555 ] ] ], [ [ [ -90.994803420419089, 32.167920786225388 ], [ -90.995139930803049, 32.167737155968744 ], [ -90.995943779131011, 32.167831078018409 ], [ -90.996190795180894, 32.168010159955216 ], [ -90.996216587263021, 32.16828535787792 ], [ -90.996107366380102, 32.168434002852706 ], [ -90.995888110781749, 32.168529262650637 ], [ -90.995042983870363, 32.16843988055053 ], [ -90.994778880076524, 32.168228520683464 ], [ -90.994803420419089, 32.167920786225388 ] ] ], [ [ [ -90.991893510695263, 32.170421404216206 ], [ -90.992148210899941, 32.170250280577058 ], [ -90.992470574006418, 32.170282462575912 ], [ -90.992671765687845, 32.170499098662319 ], [ -90.992633930121528, 32.170773287022016 ], [ -90.992379229260109, 32.170944411604523 ], [ -90.992056863878233, 32.170912229283211 ], [ -90.991855672853532, 32.170695592253445 ], [ -90.991893510695263, 32.170421404216206 ] ] ], [ [ [ -90.993090923133764, 32.173425443867778 ], [ -90.993427457574796, 32.173241819273692 ], [ -90.994070943108412, 32.173324605755838 ], [ -90.994317969528794, 32.173503691655654 ], [ -90.994343756584001, 32.173778889571558 ], [ -90.99423452568864, 32.173927532420471 ], [ -90.994015254829506, 32.174022788283828 ], [ -90.993330489366613, 32.173944541203156 ], [ -90.993066374539012, 32.173733177450401 ], [ -90.993090923133764, 32.173425443867778 ] ] ], [ [ [ -90.992005179430734, 32.199881948372415 ], [ -90.992259964622562, 32.19971082855259 ], [ -90.992582431135475, 32.199743014308062 ], [ -90.992783684070943, 32.19995965188798 ], [ -90.992745831723838, 32.200233838603978 ], [ -90.992491045874431, 32.200404959368271 ], [ -90.992168577082751, 32.200372773290077 ], [ -90.991967324804875, 32.200156134765685 ], [ -90.992005179430734, 32.199881948372415 ] ] ], [ [ [ -90.990404294624071, 32.202422924922871 ], [ -90.990659089988455, 32.202251808801797 ], [ -90.990981564631156, 32.202283998969193 ], [ -90.991182818891474, 32.202500639089841 ], [ -90.991144960288096, 32.202774824987131 ], [ -90.99089016426592, 32.202945942052736 ], [ -90.99056768734421, 32.202913751562505 ], [ -90.990366433741698, 32.202697110497311 ], [ -90.990404294624071, 32.202422924922871 ] ] ], [ [ [ -90.989842131728622, 32.208372240937898 ], [ -90.990096945303023, 32.208201126811979 ], [ -90.990419440559634, 32.208233319222835 ], [ -90.990620705762879, 32.208449960521101 ], [ -90.990582842021055, 32.208724145840499 ], [ -90.990328027788593, 32.208895260911149 ], [ -90.990005530252319, 32.208863068177379 ], [ -90.989804265707122, 32.208646425934354 ], [ -90.989842131728622, 32.208372240937898 ] ] ], [ [ [ -90.981233305613387, 32.218519633350056 ], [ -90.981488163739812, 32.218348538641756 ], [ -90.981810690382233, 32.218380754306366 ], [ -90.982011955420376, 32.21859740907324 ], [ -90.981974060058405, 32.218871590186524 ], [ -90.981719201272796, 32.219042685839796 ], [ -90.98139667234976, 32.219010469851625 ], [ -90.981195407970816, 32.218793814139758 ], [ -90.981233305613387, 32.218519633350056 ] ] ] ] } },
{ "type": "Feature", "properties": { "depth_bin": "7-8 ft", "survey_id": "LM_05_VGG_20240807_CS_4274_4226", "date": "2024-08-07 00:00:00+00:00", "year": 2024, "mile": 425.0, "bin_order": 10 }, "geometry": { "type": "MultiPolygon", "coordinates": [ [ [ [ -91.000694086286316, 32.153920368716101 ], [ -91.000948723358192, 32.153749224420501 ], [ -91.001271032983823, 32.153781381846805 ], [ -91.001472212163549, 32.153998003838346 ], [ -91.001434412398979, 32.154272196837091 ], [ -91.001179774671712, 32.154443342075595 ], [ -91.000857462772331, 32.154411184327522 ], [ -91.000656284247981, 32.154194561393098 ], [ -91.000694086286316, 32.153920368716101 ] ] ], [ [ [ -91.000359745783513, 32.156828019865337 ], [ -91.000614391836834, 32.156656876666894 ], [ -91.000936711483277, 32.156689035337898 ], [ -91.001137895853375, 32.156905657992581 ], [ -91.001100093408184, 32.157179850684543 ], [ -91.000845446699358, 32.157350994825983 ], [ -91.000523124778823, 32.157318835833166 ], [ -91.000321941064243, 32.157102212235486 ], [ -91.000359745783513, 32.156828019865337 ] ] ], [ [ [ -90.999827456711699, 32.159769805757108 ], [ -91.000082112194505, 32.159598664074196 ], [ -91.000404441885237, 32.159630824496567 ], [ -91.000605631030837, 32.159847448112579 ], [ -91.000567825294823, 32.160121640412768 ], [ -91.000313169156371, 32.16029278303877 ], [ -90.999990837191234, 32.160260622294523 ], [ -90.999789648701281, 32.160043997735436 ], [ -90.999827456711699, 32.159769805757108 ] ] ], [ [ [ -90.998743880051833, 32.162599317939041 ], [ -90.999080362936283, 32.162415675943762 ], [ -90.999412481335568, 32.16251939934866 ], [ -91.000008877587817, 32.162493419132169 ], [ -91.000275333259466, 32.162651035872898 ], [ -91.000332723670923, 32.162922757036455 ], [ -91.000212656344459, 32.163105577519296 ], [ -90.999993417707572, 32.163200845197395 ], [ -90.999505385704438, 32.16319668519381 ], [ -90.999297421090304, 32.163100120784186 ], [ -90.999023625901842, 32.16312764356158 ], [ -90.998719355346438, 32.162907053995283 ], [ -90.998743880051833, 32.162599317939041 ] ] ], [ [ [ -90.999599053854396, 32.165518100950507 ], [ -90.999853726338628, 32.16534696053327 ], [ -91.000176076060441, 32.165379122320125 ], [ -91.000377276533328, 32.165595746600168 ], [ -91.000339466785292, 32.165869938475069 ], [ -91.000084793645229, 32.166041079835608 ], [ -90.999762441648357, 32.166008917726828 ], [ -90.999561241831302, 32.165792292503497 ], [ -90.999599053854396, 32.165518100950507 ] ] ], [ [ [ -90.997206822877189, 32.16817806826144 ], [ -90.997461507253348, 32.168006933208488 ], [ -90.997908415044435, 32.168026922160259 ], [ -90.99813360992448, 32.168225732533244 ], [ -90.998127570850642, 32.168501755934209 ], [ -90.997854395855114, 32.168704604404837 ], [ -90.997407484783054, 32.168684615131561 ], [ -90.997182290478747, 32.168485803496573 ], [ -90.997206822877189, 32.16817806826144 ] ] ], [ [ [ -90.996531100551664, 32.17098906297624 ], [ -90.996785794237468, 32.170817929721544 ], [ -90.997108161623203, 32.170850100036702 ], [ -90.997309365875438, 32.171066729215212 ], [ -90.997271543807983, 32.171340919489417 ], [ -90.996935023725911, 32.171524554961472 ], [ -90.996626227438867, 32.171439510465092 ], [ -90.996483122155325, 32.171223531844475 ], [ -90.996219519570786, 32.171409939691607 ], [ -90.995849431124867, 32.171390134560887 ], [ -90.995634492799297, 32.171287994073339 ], [ -90.995517157454941, 32.171066395213231 ], [ -90.995617148362243, 32.170803750925117 ], [ -90.995906201488097, 32.170678170440681 ], [ -90.996310837324828, 32.170747986834513 ], [ -90.996531100551664, 32.17098906297624 ] ] ], [ [ [ -90.996216252826528, 32.173657611254804 ], [ -90.99694251813942, 32.173720098378418 ], [ -90.997168823476599, 32.17386848366084 ], [ -90.997226209769735, 32.174140205693909 ], [ -90.997040883082619, 32.174366854735794 ], [ -90.996803976286728, 32.174423902234921 ], [ -90.996241310116815, 32.174357074561783 ], [ -90.99597482888197, 32.174199448501064 ], [ -90.995910573651784, 32.173962637871234 ], [ -90.996009018321146, 32.173770691500714 ], [ -90.996216252826528, 32.173657611254804 ] ] ], [ [ [ -91.003070523526063, 32.177725265064716 ], [ -91.003325225165753, 32.177554119065654 ], [ -91.003647619395693, 32.177586273714198 ], [ -91.003848853658141, 32.177802893480845 ], [ -91.003811047187625, 32.17807708611155 ], [ -91.003556344892075, 32.178248233054418 ], [ -91.003233948385599, 32.178216078084063 ], [ -91.003032714779025, 32.177999457373616 ], [ -91.003070523526063, 32.177725265064716 ] ] ], [ [ [ -90.999889838517518, 32.186491633287787 ], [ -91.00014457109522, 32.18632049513927 ], [ -91.000466994506837, 32.186352659053455 ], [ -91.00066823910106, 32.186569284073407 ], [ -91.000630418059771, 32.186843474867935 ], [ -91.000375684825627, 32.187014613960542 ], [ -91.000053259136578, 32.186982449724248 ], [ -90.999852015198798, 32.186765823760226 ], [ -90.999889838517518, 32.186491633287787 ] ] ], [ [ [ -90.998306021104128, 32.189224510957615 ], [ -90.998560764372442, 32.189053376495579 ], [ -90.998883196591478, 32.18908554480187 ], [ -90.999084442950831, 32.189302172346792 ], [ -90.999046615598246, 32.189576362320118 ], [ -90.998791871673276, 32.189747497726316 ], [ -90.998469437176524, 32.189715329097801 ], [ -90.998268191473855, 32.189498700608731 ], [ -90.998306021104128, 32.189224510957615 ] ] ], [ [ [ -90.996277102779644, 32.191833260339102 ], [ -90.996531857164896, 32.191662130477923 ], [ -90.996854297536927, 32.19169430428942 ], [ -90.997055544309575, 32.191910935019095 ], [ -90.997017709388331, 32.192185123991216 ], [ -90.996762954346153, 32.192356254796628 ], [ -90.996440511696164, 32.192324080662765 ], [ -90.996239265580456, 32.19210744898885 ], [ -90.996277102779644, 32.191833260339102 ] ] ], [ [ [ -90.993724841512076, 32.173510618604318 ], [ -90.994061375096933, 32.17332699228615 ], [ -90.994706344087092, 32.173427084437613 ], [ -90.994953372086698, 32.173606169154077 ], [ -90.994979161073289, 32.173881367014232 ], [ -90.994869931048683, 32.174030010446607 ], [ -90.994650660538539, 32.174125267427527 ], [ -90.993964411606939, 32.174029714885393 ], [ -90.993700295005169, 32.173818352391088 ], [ -90.993724841512076, 32.173510618604318 ] ] ], [ [ [ -90.992696407882605, 32.176294790029473 ], [ -90.992951123647472, 32.176123665519839 ], [ -90.993273507742927, 32.176155846287713 ], [ -90.993474713547556, 32.176372481503734 ], [ -90.993436876965418, 32.176646669863672 ], [ -90.993182160543711, 32.1768177953169 ], [ -90.99285977417216, 32.17678561422656 ], [ -90.992658569024357, 32.176568978066953 ], [ -90.992696407882605, 32.176294790029473 ] ] ], [ [ [ -90.992704993108134, 32.184862767454291 ], [ -90.992959733625838, 32.184691644105058 ], [ -90.993282147776299, 32.184723826025696 ], [ -90.993483371332957, 32.184940461711619 ], [ -90.993445529800823, 32.185214649583536 ], [ -90.993190788626052, 32.185385773876689 ], [ -90.992868372198515, 32.185353591633508 ], [ -90.992667149298924, 32.185136955003678 ], [ -90.992704993108134, 32.184862767454291 ] ] ], [ [ [ -90.994900057894739, 32.194524631923315 ], [ -90.995154822489297, 32.194353505311746 ], [ -90.995477271626925, 32.194385682986123 ], [ -90.995678520586893, 32.194602315929224 ], [ -90.995640679993187, 32.194876504168747 ], [ -90.995385914741462, 32.19504763172462 ], [ -90.995063463325621, 32.195015453727748 ], [ -90.99486221502282, 32.194798819840344 ], [ -90.994900057894739, 32.194524631923315 ] ] ], [ [ [ -90.993254518812563, 32.197179044495989 ], [ -90.99350929398382, 32.197007921691061 ], [ -90.993831751625635, 32.197040103905181 ], [ -90.994033002035849, 32.197256739461892 ], [ -90.993995154988752, 32.197530926857937 ], [ -90.99374037916013, 32.197702050607248 ], [ -90.993417919239832, 32.19766986807052 ], [ -90.993216669487012, 32.197453231569426 ], [ -90.993254518812563, 32.197179044495989 ] ] ], [ [ [ -90.991854268366481, 32.199822701733069 ], [ -90.992109053652669, 32.199651582220795 ], [ -90.992431519883013, 32.199683768351179 ], [ -90.99263277232447, 32.199900406153752 ], [ -90.992594919561327, 32.200174592809738 ], [ -90.992340133617517, 32.200345713266486 ], [ -90.992017665108449, 32.20031352681336 ], [ -90.991816413324585, 32.200096888066334 ], [ -90.991854268366481, 32.199822701733069 ] ] ], [ [ [ -90.990246002739084, 32.20238067512247 ], [ -90.990500798260001, 32.202209559326747 ], [ -90.990823272676082, 32.202241749890142 ], [ -90.991024526459398, 32.202458390245468 ], [ -90.990986667408023, 32.202732576078645 ], [ -90.990731871229286, 32.202903692818893 ], [ -90.990409394534183, 32.202871501932648 ], [ -90.990208141408701, 32.202654860632791 ], [ -90.990246002739084, 32.20238067512247 ] ] ], [ [ [ -90.989886840616421, 32.205347369096273 ], [ -90.990141645356175, 32.20517625446039 ], [ -90.990464130011844, 32.205208446342596 ], [ -90.990665389057511, 32.205425087403214 ], [ -90.990627527208559, 32.205699272915076 ], [ -90.990372721810857, 32.20587038849559 ], [ -90.990050234875852, 32.205838196290472 ], [ -90.989848976488148, 32.205621554285223 ], [ -90.989886840616421, 32.205347369096273 ] ] ], [ [ [ -90.98237090650376, 32.20614696634825 ], [ -90.982625726795405, 32.205975867550123 ], [ -90.98294821053932, 32.206008078621508 ], [ -90.983149452743589, 32.206224730982292 ], [ -90.98311156798853, 32.20649891328577 ], [ -90.98285674703817, 32.206670013028443 ], [ -90.982534261015047, 32.206637801633683 ], [ -90.982333019469479, 32.206421148328332 ], [ -90.98237090650376, 32.20614696634825 ] ] ], [ [ [ -90.990022034187547, 32.208377770940523 ], [ -90.990295347825707, 32.208228714997638 ], [ -90.99061257909878, 32.208287626760892 ], [ -90.990787899719635, 32.208519996872624 ], [ -90.990718608475476, 32.208789706683518 ], [ -90.990445293747186, 32.208938763489996 ], [ -90.990128060366615, 32.208879851225703 ], [ -90.989952740835903, 32.208647480250384 ], [ -90.990022034187547, 32.208377770940523 ] ] ], [ [ [ -90.981180064478636, 32.21534225310068 ], [ -90.981453412968605, 32.215193217866599 ], [ -90.981770661246458, 32.215252152520151 ], [ -90.98194597106415, 32.2154845342953 ], [ -90.981876647536453, 32.21575423771047 ], [ -90.981603297955203, 32.215903273808166 ], [ -90.981286047569483, 32.215844338652943 ], [ -90.981110738843086, 32.2156119560142 ], [ -90.981180064478636, 32.21534225310068 ] ] ] ] } },
{ "type": "Feature", "properties": { "depth_bin": "8-9 ft", "survey_id": "LM_05_VGG_20240807_CS_4274_4226", "date": "2024-08-07 00:00:00+00:00", "year": 2024, "mile": 425.0, "bin_order": 9 }, "geometry": { "type": "MultiPolygon", "coordinates": [ [ [ [ -91.000856208033028, 32.153944857378313 ], [ -91.001110844890462, 32.153773712747409 ], [ -91.001433154681749, 32.153805869766082 ], [ -91.001634334310197, 32.154022491516429 ], [ -91.001596535014556, 32.154296684581738 ], [ -91.001341897501732, 32.154467830155554 ], [ -91.001019585436666, 32.154435672815133 ], [ -91.000818406463594, 32.154219050121881 ], [ -91.000856208033028, 32.153944857378313 ] ] ], [ [ [ -90.999987259551148, 32.159789497356329 ], [ -91.00024191480972, 32.159618355342218 ], [ -91.000564244648217, 32.159650515362138 ], [ -91.000765434227034, 32.159867138740132 ], [ -91.000727628955929, 32.160141331106182 ], [ -91.00047297304171, 32.160312474063375 ], [ -91.000150640928794, 32.160280313721614 ], [ -90.999949452005623, 32.160063689400523 ], [ -90.999987259551148, 32.159789497356329 ] ] ], [ [ [ -90.998901103912473, 32.162637083285155 ], [ -90.999196316930849, 32.162457982880369 ], [ -90.999599338094072, 32.162510324397395 ], [ -90.999824523899974, 32.162709131523471 ], [ -90.999818491212352, 32.162985155450876 ], [ -90.999545336919098, 32.163188008553675 ], [ -90.999101764898015, 32.163143627771532 ], [ -90.998876579717148, 32.162944819391008 ], [ -90.998901103912473, 32.162637083285155 ] ] ], [ [ [ -90.999762511570495, 32.165532386043928 ], [ -91.000017183808382, 32.16536124528708 ], [ -91.000339533660863, 32.165393406661401 ], [ -91.000540734564851, 32.165610030697607 ], [ -91.000502925295848, 32.165884222640251 ], [ -91.00024825240213, 32.166055364340387 ], [ -90.99992590027459, 32.166023202644162 ], [ -90.99972470002642, 32.165806577664647 ], [ -90.999762511570495, 32.165532386043928 ] ] ], [ [ [ -91.004562993840111, 32.166073468486914 ], [ -91.004817659193805, 32.165902317773458 ], [ -91.005140013308306, 32.165934467048302 ], [ -91.005341227124035, 32.166151083929698 ], [ -91.005303431853292, 32.166425277853435 ], [ -91.005048765844222, 32.1665964295103 ], [ -91.004726409454477, 32.166564279913835 ], [ -91.004525196294125, 32.166347662089038 ], [ -91.004562993840111, 32.166073468486914 ] ] ], [ [ [ -90.997529733439336, 32.168192508670032 ], [ -90.997670947014271, 32.168064842161336 ], [ -90.997907836665263, 32.168007792300088 ], [ -90.998297940479745, 32.168109633246004 ], [ -90.998478466962979, 32.168376555352829 ], [ -90.998735464986069, 32.168201446666004 ], [ -90.999139222603503, 32.168230928325833 ], [ -90.999386246293597, 32.168410004302416 ], [ -90.999412048073452, 32.168685201947376 ], [ -90.999237599427943, 32.168877683887843 ], [ -90.999000708184823, 32.168934736176524 ], [ -90.998608876666623, 32.168844642555555 ], [ -90.998428348944259, 32.168577720601142 ], [ -90.998171349270422, 32.168752828587728 ], [ -90.997769313278269, 32.168711598457861 ], [ -90.997505202117409, 32.168500244010673 ], [ -90.997529733439336, 32.168192508670032 ] ] ], [ [ [ -90.996004204342128, 32.170800311490105 ], [ -90.99627498540859, 32.170722711851411 ], [ -90.996951748789712, 32.170828078563154 ], [ -90.997152952612026, 32.171044707974502 ], [ -90.997115130090947, 32.171318898184332 ], [ -90.996973910497388, 32.171446563777351 ], [ -90.99673701133392, 32.171503611477974 ], [ -90.996136444281305, 32.171426515265715 ], [ -90.995902366979763, 32.171266607355747 ], [ -90.9955402941833, 32.17134244089678 ], [ -90.995255687505136, 32.171157956183968 ], [ -90.995031995897193, 32.171231143877556 ], [ -90.994791453870619, 32.171186468411314 ], [ -90.994575559512555, 32.170900238750406 ], [ -90.994675552874625, 32.17063759530209 ], [ -90.994964606635989, 32.170512016998622 ], [ -90.995205147009685, 32.170556692071884 ], [ -90.995373376840917, 32.170703665372265 ], [ -90.995761407695497, 32.170646878915861 ], [ -90.996004204342128, 32.170800311490105 ] ] ], [ [ [ -90.995819699634424, 32.173576891939476 ], [ -90.996444081620467, 32.173710119058576 ], [ -90.996585162872506, 32.173916327110547 ], [ -90.996852940009873, 32.173722771507116 ], [ -90.997210610720757, 32.173773702276776 ], [ -90.997385887291941, 32.174006062440355 ], [ -90.997316647147656, 32.174275779085065 ], [ -90.99712344236228, 32.17440559281922 ], [ -90.996919049963822, 32.174428079920105 ], [ -90.996693367497173, 32.174344351881864 ], [ -90.996552285387594, 32.174138143927451 ], [ -90.996397985190626, 32.174288231214383 ], [ -90.996161078266979, 32.174345277501253 ], [ -90.995683831111009, 32.174267072332221 ], [ -90.995494105016505, 32.174127762718484 ], [ -90.995210268242985, 32.17421504564895 ], [ -90.994323600339627, 32.174101498361686 ], [ -90.994108657657591, 32.173999355132906 ], [ -90.993991322975816, 32.173777754954436 ], [ -90.994091321596585, 32.173515112274643 ], [ -90.994380385401954, 32.173389535759 ], [ -90.995308645911919, 32.17350200465976 ], [ -90.995577464314366, 32.173663097878432 ], [ -90.995819699634424, 32.173576891939476 ] ] ], [ [ [ -91.000898050325631, 32.183493967064216 ], [ -91.001152772462319, 32.183322826396854 ], [ -91.001475185854758, 32.183354987343733 ], [ -91.001676426720493, 32.183571610686052 ], [ -91.001638610425644, 32.18384580207529 ], [ -91.001383887632699, 32.18401694368665 ], [ -91.001061471963126, 32.18398478241776 ], [ -91.000860231753649, 32.183768158131457 ], [ -91.000898050325631, 32.183493967064216 ] ] ], [ [ [ -90.999766615477668, 32.186422772443855 ], [ -91.000039846718366, 32.186273691663438 ], [ -91.000357010184402, 32.186332576347432 ], [ -91.000532317307744, 32.186564933000192 ], [ -91.00046307478371, 32.186834650856149 ], [ -91.000189842454873, 32.186983732499684 ], [ -90.999872676883214, 32.186924847315588 ], [ -90.999697370848025, 32.186692489799725 ], [ -90.999766615477668, 32.186422772443855 ] ] ], [ [ [ -90.996451826481518, 32.191837984031601 ], [ -90.99672507941456, 32.19168891140496 ], [ -90.997042258885145, 32.191747805029408 ], [ -90.997217566950255, 32.1919801661723 ], [ -90.997148309753172, 32.192249881437874 ], [ -90.996875055731422, 32.192398954927718 ], [ -90.996557874154817, 32.192340060802877 ], [ -90.996382567178401, 32.192107698796782 ], [ -90.996451826481518, 32.191837984031601 ] ] ], [ [ [ -90.995284812564691, 32.167967141363832 ], [ -90.995539499712905, 32.167796010298851 ], [ -90.99586185589051, 32.167828183361017 ], [ -90.996063050829378, 32.168044814234698 ], [ -90.996025226798935, 32.168319004159159 ], [ -90.995770538994392, 32.168490136167456 ], [ -90.995448180541572, 32.168457962783073 ], [ -90.995246986259019, 32.168241330966055 ], [ -90.995284812564691, 32.167967141363832 ] ] ], [ [ [ -90.993015717214263, 32.176343674621798 ], [ -90.993270432558546, 32.176172549451344 ], [ -90.99359281698311, 32.176204729415993 ], [ -90.993794023673757, 32.176421364156901 ], [ -90.993756188015539, 32.176695552648134 ], [ -90.993501472014458, 32.17686667876221 ], [ -90.99317908531377, 32.17683449847511 ], [ -90.992977879279934, 32.176617862790607 ], [ -90.993015717214263, 32.176343674621798 ] ] ], [ [ [ -90.992802932863725, 32.179433729737504 ], [ -90.993057657513859, 32.179262605436854 ], [ -90.993380052669735, 32.179294786364828 ], [ -90.993581265231171, 32.179511421598278 ], [ -90.993543427144118, 32.179785609822851 ], [ -90.993288701837088, 32.179956735067215 ], [ -90.992966304404746, 32.179924553816754 ], [ -90.992765092500207, 32.17970791763959 ], [ -90.992802932863725, 32.179433729737504 ] ] ], [ [ [ -90.991730003189133, 32.199740836724345 ], [ -90.992003287614907, 32.199591775743933 ], [ -90.992320490538503, 32.199650682132429 ], [ -90.992495800278888, 32.199883049680466 ], [ -90.992426521997388, 32.200152761240332 ], [ -90.992153236482054, 32.200301823084096 ], [ -90.991836031451797, 32.200242916194817 ], [ -90.991660722800958, 32.200010547783428 ], [ -90.991730003189133, 32.199740836724345 ] ] ], [ [ [ -90.990120345752729, 32.202303489056021 ], [ -90.990476540941401, 32.202148818050105 ], [ -90.990822862963498, 32.20231133587464 ], [ -90.991123976520683, 32.202347716009797 ], [ -90.991325231263417, 32.202564355920771 ], [ -90.991287373048166, 32.202838541874272 ], [ -90.991146094511706, 32.2029661980703 ], [ -90.990909109502695, 32.203023231145629 ], [ -90.990562784684997, 32.20286071345997 ], [ -90.990261669745848, 32.202824331930984 ], [ -90.990051058295592, 32.202573198860314 ], [ -90.990120345752729, 32.202303489056021 ] ] ], [ [ [ -90.989744653300988, 32.205279416468031 ], [ -90.989999458094516, 32.205108302120294 ], [ -90.990321942441241, 32.205140494354133 ], [ -90.990523200996222, 32.205357135623871 ], [ -90.990485338762241, 32.205631321079835 ], [ -90.990230533310765, 32.205802436372203 ], [ -90.989908046684704, 32.205770243815465 ], [ -90.9897067887877, 32.205553601601089 ], [ -90.989744653300988, 32.205279416468031 ] ] ], [ [ [ -90.989687498816522, 32.208336650362 ], [ -90.989942312560316, 32.208165536554759 ], [ -90.990264807615446, 32.208197729353287 ], [ -90.990466072364356, 32.208414370881165 ], [ -90.990428208181484, 32.208688556137574 ], [ -90.990173393779628, 32.208859670889566 ], [ -90.989850896444821, 32.208827477768089 ], [ -90.989649632353974, 32.208610835295467 ], [ -90.989687498816522, 32.208336650362 ] ] ], [ [ [ -90.989559867145715, 32.211074027974078 ], [ -90.98983318979856, 32.210924973445834 ], [ -90.990150429979877, 32.210983886710821 ], [ -90.990325754184411, 32.211216257531731 ], [ -90.990256459099982, 32.211485966843895 ], [ -90.989983135356823, 32.211635022235818 ], [ -90.989665893067738, 32.211576108469714 ], [ -90.989490569953517, 32.211343736785132 ], [ -90.989559867145715, 32.211074027974078 ] ] ], [ [ [ -90.988313396927836, 32.213703706039794 ], [ -90.98858672957725, 32.213554654665529 ], [ -90.988903977823242, 32.213613571373195 ], [ -90.98907930343654, 32.213845943908865 ], [ -90.989010002279571, 32.214115652203446 ], [ -90.988736668539602, 32.21426470444144 ], [ -90.988419418185615, 32.214205787232579 ], [ -90.988244093662885, 32.213973413833159 ], [ -90.988313396927836, 32.213703706039794 ] ] ] ] } },
{ "type": "Feature", "properties": { "depth_bin": "9-10 ft", "survey_id": "LM_05_VGG_20240807_CS_4274_4226", "date": "2024-08-07 00:00:00+00:00", "year": 2024, "mile": 425.0, "bin_order": 8 }, "geometry": { "type": "MultiPolygon", "coordinates": [ [ [ [ -91.00112544423601, 32.151049477527216 ], [ -91.001380072263245, 32.150878331936937 ], [ -91.001702372046026, 32.15091048787778 ], [ -91.001903546350306, 32.151127109063154 ], [ -91.001865749533707, 32.151401302407251 ], [ -91.001611120851209, 32.1515724489403 ], [ -91.001288818794976, 32.151540292677758 ], [ -91.001087645145972, 32.151323670549594 ], [ -91.00112544423601, 32.151049477527216 ] ] ], [ [ [ -91.000521737897145, 32.156860645774309 ], [ -91.000776383759728, 32.15668950224191 ], [ -91.001098703600306, 32.156721660506697 ], [ -91.001299888435668, 32.156938282920841 ], [ -91.001262086454346, 32.157212475678826 ], [ -91.001007439936274, 32.157383620154228 ], [ -91.000685117821618, 32.157351461567643 ], [ -91.000483933641732, 32.157134838210503 ], [ -91.000521737897145, 32.156860645774309 ] ] ], [ [ [ -91.00014648128419, 32.159813672037203 ], [ -91.00048295100386, 32.159630025708601 ], [ -91.001293315289928, 32.159713516559407 ], [ -91.001540321353872, 32.159892587800002 ], [ -91.001566128657004, 32.16016778551716 ], [ -91.001456926635512, 32.160316436030882 ], [ -91.001237696020297, 32.160411706226348 ], [ -91.000386056940883, 32.160332757227245 ], [ -91.000121962548718, 32.160121408712257 ], [ -91.00014648128419, 32.159813672037203 ] ] ], [ [ [ -90.999712363438121, 32.162683087595113 ], [ -90.999967027535618, 32.162511946552243 ], [ -91.000289367377874, 32.162544107664459 ], [ -91.000490562265441, 32.16276073161599 ], [ -91.000452754498212, 32.163034923700927 ], [ -91.00019808974497, 32.163206065686985 ], [ -90.999875747627982, 32.163173904252879 ], [ -90.999674553396162, 32.162957279358132 ], [ -90.999712363438121, 32.162683087595113 ] ] ], [ [ [ -90.999917581730173, 32.165553036841303 ], [ -91.000172253754869, 32.16538189576324 ], [ -91.000494603756181, 32.16541405674716 ], [ -91.000695805083836, 32.165630680552447 ], [ -91.000657996265176, 32.165904872558926 ], [ -91.000403323584635, 32.166076014580291 ], [ -91.000080971308265, 32.166043853274466 ], [ -90.99987977063644, 32.165827228525863 ], [ -90.999917581730173, 32.165553036841303 ] ] ], [ [ [ -90.997841899747442, 32.168280423247168 ], [ -90.997983113048534, 32.168152756379364 ], [ -90.998220002768022, 32.168095705935194 ], [ -90.998982874812441, 32.168270993353786 ], [ -90.999300467089469, 32.168251327288274 ], [ -90.999547491165657, 32.168430402964098 ], [ -90.999573293434921, 32.168705600595018 ], [ -90.999432727074193, 32.168877528610821 ], [ -90.999203551184564, 32.1689540562692 ], [ -90.998875145419973, 32.16885332059914 ], [ -90.998235995322588, 32.168840783787189 ], [ -90.997855186772568, 32.168651129201066 ], [ -90.9977893826577, 32.168485017463055 ], [ -90.997841899747442, 32.168280423247168 ] ] ], [ [ [ -90.99719218167192, 32.170845753919615 ], [ -90.997558657418523, 32.170981718770605 ], [ -90.997629346783341, 32.171316431033389 ], [ -90.997380853569865, 32.171541076121841 ], [ -90.996934518358557, 32.171533298167262 ], [ -90.99668749163817, 32.171354217336578 ], [ -90.99666169778105, 32.171079019543683 ], [ -90.996872244814639, 32.170868911968164 ], [ -90.99719218167192, 32.170845753919615 ] ] ], [ [ [ -90.99958148822337, 32.186421654103114 ], [ -90.999836221141734, 32.186250516589688 ], [ -91.000158644155718, 32.186282681276694 ], [ -91.000359887846926, 32.186499306754477 ], [ -91.000322065926227, 32.186773497423651 ], [ -91.000067332351392, 32.186944635881169 ], [ -90.999744907059991, 32.186912470872045 ], [ -90.999543664025239, 32.186695844450185 ], [ -90.99958148822337, 32.186421654103114 ] ] ], [ [ [ -90.997857782799784, 32.189059056904981 ], [ -90.998112526379003, 32.188887923357505 ], [ -90.998434957796263, 32.188920092778567 ], [ -90.998636202710813, 32.189136720985445 ], [ -90.998598374116725, 32.189410910780154 ], [ -90.998343629880793, 32.189582045271784 ], [ -90.99802119618586, 32.189549875528463 ], [ -90.997819951928022, 32.189333246377437 ], [ -90.997857782799784, 32.189059056904981 ] ] ], [ [ [ -90.992142250540212, 32.158885514699087 ], [ -90.992396916985072, 32.158714388952944 ], [ -90.99271923978641, 32.158746568738806 ], [ -90.992920408226681, 32.158963203802486 ], [ -90.992882580097813, 32.159237392928496 ], [ -90.992627912996596, 32.159408519617571 ], [ -90.992305587921152, 32.159376339509357 ], [ -90.992104420137224, 32.159159703502752 ], [ -90.992142250540212, 32.158885514699087 ] ] ], [ [ [ -90.995005101858268, 32.173691199468472 ], [ -90.995300358887661, 32.173512110197265 ], [ -90.995819991433436, 32.173565456390662 ], [ -90.996067022093925, 32.17374453902967 ], [ -90.996092814460866, 32.17401973679322 ], [ -90.995804869367817, 32.174255680468391 ], [ -90.99524467977254, 32.174210293620334 ], [ -90.994980559564127, 32.173998933666937 ], [ -90.995005101858268, 32.173691199468472 ] ] ], [ [ [ -90.99675822364334, 32.17392217523944 ], [ -90.997012925404235, 32.173751041912801 ], [ -90.997335303185437, 32.17378321205323 ], [ -90.997536514064208, 32.173999841056585 ], [ -90.997498690972591, 32.174274031257887 ], [ -90.997243988555326, 32.17444516552812 ], [ -90.996921608498198, 32.174412995065495 ], [ -90.996720398275798, 32.174196365118576 ], [ -90.99675822364334, 32.17392217523944 ] ] ], [ [ [ -90.992855847515685, 32.176318532387356 ], [ -90.993151117246441, 32.176139448717343 ], [ -90.993713968283629, 32.17621261011859 ], [ -90.993939172799699, 32.17641142816646 ], [ -90.993933119161525, 32.176687450500523 ], [ -90.993619355420307, 32.176898247283034 ], [ -90.993056500291701, 32.176825085301111 ], [ -90.992831296813719, 32.176626265728963 ], [ -90.992855847515685, 32.176318532387356 ] ] ], [ [ [ -90.994748551229307, 32.194466959097433 ], [ -90.995003315923867, 32.194295832794815 ], [ -90.995325764784241, 32.194328010845801 ], [ -90.995527013252115, 32.194544644012538 ], [ -90.995489172239729, 32.194818832191757 ], [ -90.995234406888002, 32.194989959438665 ], [ -90.994911955749416, 32.194957781065199 ], [ -90.994710707938708, 32.194741146954158 ], [ -90.994748551229307, 32.194466959097433 ] ] ], [ [ [ -90.993101471998372, 32.1971323997222 ], [ -90.993356247304206, 32.196961277231004 ], [ -90.993678704706667, 32.196993459827155 ], [ -90.993879954643774, 32.197210095610416 ], [ -90.993842107166969, 32.197484282944856 ], [ -90.993587331203742, 32.197655406380434 ], [ -90.993264871522797, 32.197623223461669 ], [ -90.993063622243099, 32.197406586734004 ], [ -90.993101471998372, 32.1971323997222 ] ] ], [ [ [ -90.991558860713255, 32.199710305028532 ], [ -90.991813646194501, 32.199539186118763 ], [ -90.992136111884236, 32.19957137298352 ], [ -90.99233736336609, 32.199788011222154 ], [ -90.992299509786463, 32.200062197760452 ], [ -90.992044723647581, 32.200233317614661 ], [ -90.991722255679122, 32.200201130427153 ], [ -90.991521004854889, 32.199984491244066 ], [ -90.991558860713255, 32.199710305028532 ] ] ], [ [ [ -90.989600742588323, 32.205219142520306 ], [ -90.989855547460877, 32.205048028465377 ], [ -90.990178031524778, 32.205080221056264 ], [ -90.990379289600725, 32.205296862538141 ], [ -90.990341426972137, 32.205571047937056 ], [ -90.990086621441591, 32.205742162936602 ], [ -90.989764135098397, 32.205709970022802 ], [ -90.989562877680413, 32.205493327596301 ], [ -90.989600742588323, 32.205219142520306 ] ] ], [ [ [ -90.989102067399941, 32.208089747098143 ], [ -90.989279462086216, 32.207944466993467 ], [ -90.989521894441424, 32.207907462325089 ], [ -90.99014409897687, 32.208168760758319 ], [ -90.990288445877809, 32.208317380785886 ], [ -90.990690823510946, 32.208288166316905 ], [ -90.990916096338566, 32.208486991721308 ], [ -90.990910026059041, 32.208763012142107 ], [ -90.990750235706997, 32.208922377852112 ], [ -90.990554850343358, 32.208978334000143 ], [ -90.99031421262039, 32.208933646351603 ], [ -90.990134560078758, 32.208766263744181 ], [ -90.989732180250911, 32.208795476347348 ], [ -90.989139487299298, 32.208489271688663 ], [ -90.989049503102294, 32.208294334763323 ], [ -90.989102067399941, 32.208089747098143 ] ] ] ] } },
{ "type": "Feature", "properties": { "depth_bin": "<5 ft", "survey_id": "LM_05_VGG_20240807_CS_4274_4226", "date": "2024-08-07 00:00:00+00:00", "year": 2024, "mile": 425.0, "bin_order": 13 }, "geometry": { "type": "MultiPolygon", "coordinates": [ [ [ [ -91.000945621010203, 32.150778177651837 ], [ -91.001187884104624, 32.150906972804407 ], [ -91.001276301646826, 32.151172600035402 ], [ -91.00111804077703, 32.151413615485794 ], [ -91.000805807757317, 32.151488834941247 ], [ -90.997517752056822, 32.150995314565186 ], [ -90.995058857739238, 32.150730454211562 ], [ -90.994332082296026, 32.150572616260405 ], [ -90.991830733870401, 32.150271416246561 ], [ -90.991472434554623, 32.150143545597878 ], [ -90.991356684691453, 32.149851245578844 ], [ -90.991455109958551, 32.149659301406871 ], [ -90.991622863220272, 32.149557527537212 ], [ -90.992136999473189, 32.149564000570983 ], [ -91.000945621010203, 32.150778177651837 ] ] ], [ [ [ -91.006176018686872, 32.151635987216352 ], [ -91.00644673471021, 32.151558362951725 ], [ -91.006850537671212, 32.15166363736126 ], [ -91.00699818637527, 32.151909479895409 ], [ -91.006898251299603, 32.152172136058667 ], [ -91.006609271748005, 32.152297744967754 ], [ -91.006163876614167, 32.152193551404714 ], [ -91.006014958343286, 32.151912326447608 ], [ -91.006176018686872, 32.151635987216352 ] ] ], [ [ [ -91.006238951571888, 32.154647056229145 ], [ -91.006517316759059, 32.154592380031652 ], [ -91.006908101541057, 32.154721780007506 ], [ -91.007026718108577, 32.154978750620586 ], [ -91.006896997415424, 32.155231808561432 ], [ -91.006594927004613, 32.15533271536092 ], [ -91.00616262469778, 32.155200922791018 ], [ -91.006046821664356, 32.154908634299964 ], [ -91.006238951571888, 32.154647056229145 ] ] ], [ [ [ -91.00541874828275, 32.157375343197778 ], [ -91.005730998495864, 32.157300113069667 ], [ -91.006089519119399, 32.157414810890458 ], [ -91.006237174155387, 32.157660654392743 ], [ -91.006137229734136, 32.157923309391172 ], [ -91.005806638234759, 32.15804999716746 ], [ -91.005406598903193, 32.157932906622605 ], [ -91.005257674644128, 32.157651680732634 ], [ -91.00541874828275, 32.157375343197778 ] ] ], [ [ [ -91.005409075803669, 32.160217336603253 ], [ -91.005846670418975, 32.16017193251043 ], [ -91.006204008078299, 32.160286992752567 ], [ -91.006351667638071, 32.16053283621401 ], [ -91.006251719946789, 32.160795491078417 ], [ -91.005921117990511, 32.16092217869096 ], [ -91.005363047384392, 32.160795455729996 ], [ -91.005216931014672, 32.160478912633117 ], [ -91.005409075803669, 32.160217336603253 ] ] ], [ [ [ -91.004961768203202, 32.163068037049854 ], [ -91.005281203300044, 32.163019206942458 ], [ -91.005547670152879, 32.163176812983714 ], [ -91.005605076601711, 32.163448532373081 ], [ -91.005419793132447, 32.163675195758927 ], [ -91.005100355780044, 32.163724026123013 ], [ -91.00483388820814, 32.16356641911878 ], [ -91.004776484014897, 32.163294699472729 ], [ -91.004961768203202, 32.163068037049854 ] ] ], [ [ [ -91.004829180316221, 32.16601086020858 ], [ -91.005099940536098, 32.16593324074239 ], [ -91.005502644338463, 32.166034430688953 ], [ -91.005650310391701, 32.166280275055392 ], [ -91.005550353524313, 32.166542928809051 ], [ -91.005261325804511, 32.166668532477857 ], [ -91.004817023287075, 32.16656842267134 ], [ -91.00466808828871, 32.166287195957501 ], [ -91.004829180316221, 32.16601086020858 ] ] ], [ [ [ -91.004829934712944, 32.168967691292309 ], [ -91.005149390641151, 32.168918862388352 ], [ -91.005415873877681, 32.169076469247983 ], [ -91.005473282665335, 32.169348188591428 ], [ -91.005287986119527, 32.169574851094005 ], [ -91.004968527935091, 32.169623680254723 ], [ -91.004702043979307, 32.169466072431895 ], [ -91.004644637447882, 32.169194352831703 ], [ -91.004829934712944, 32.168967691292309 ] ] ], [ [ [ -91.004469482730372, 32.171873045474584 ], [ -91.004740260844585, 32.171795427553342 ], [ -91.005154003668949, 32.171904669734687 ], [ -91.005301677368536, 32.172150514635618 ], [ -91.005201712166283, 32.172413167587628 ], [ -91.00487106602057, 32.17253985049657 ], [ -91.004457320753431, 32.172430607297954 ], [ -91.004308378334784, 32.172149380067474 ], [ -91.004469482730372, 32.171873045474584 ] ] ], [ [ [ -91.004401533120799, 32.174805252913721 ], [ -91.004721009784561, 32.174756425960062 ], [ -91.004987508688828, 32.174914034237162 ], [ -91.005044918898562, 32.175185753635077 ], [ -91.004859608695682, 32.17541241479725 ], [ -91.004540129775023, 32.175461242007714 ], [ -91.004273630151332, 32.175303632767204 ], [ -91.00421622219848, 32.175031913112484 ], [ -91.004401533120799, 32.174805252913721 ] ] ], [ [ [ -91.003329897607927, 32.177645517117561 ], [ -91.003600693921413, 32.177567902427235 ], [ -91.004030383308603, 32.177671071781042 ], [ -91.004178062370414, 32.177916918035784 ], [ -91.004078086768331, 32.178179569492563 ], [ -91.003789019544371, 32.178305168024522 ], [ -91.003317725971812, 32.178203078043936 ], [ -91.00316877871154, 32.177921849475773 ], [ -91.003329897607927, 32.177645517117561 ] ] ], [ [ [ -91.002513303503392, 32.180613185046788 ], [ -91.002832801379796, 32.180564363760993 ], [ -91.003099313185459, 32.180721976430732 ], [ -91.003156720427896, 32.180993696373079 ], [ -91.002971393126728, 32.181220353912543 ], [ -91.002651892992716, 32.181269175455107 ], [ -91.002385380467587, 32.181111561821695 ], [ -91.002327975482743, 32.180839841622586 ], [ -91.002513303503392, 32.180613185046788 ] ] ], [ [ [ -91.001321264711379, 32.183447360740118 ], [ -91.00163360795851, 32.18337214472686 ], [ -91.002547789653264, 32.183538805313866 ], [ -91.002773031421285, 32.183737608898205 ], [ -91.002767002722564, 32.184013632404834 ], [ -91.002607277900523, 32.184173016259159 ], [ -91.002411952549977, 32.184228993360499 ], [ -91.001414631791079, 32.184061017492304 ], [ -91.001251387272191, 32.183954000078359 ], [ -91.001161398012655, 32.183759071001013 ], [ -91.001321264711379, 32.183447360740118 ] ] ], [ [ [ -91.000307953482675, 32.186461824781013 ], [ -91.00057877853817, 32.186384217816574 ], [ -91.001259092094244, 32.186494353720398 ], [ -91.001460338929277, 32.186710977562079 ], [ -91.001422520169186, 32.186985168680714 ], [ -91.001085948476046, 32.187168812803534 ], [ -91.000364024624005, 32.187059754941707 ], [ -91.00014807755646, 32.186773533270625 ], [ -91.000307953482675, 32.186461824781013 ] ] ], [ [ [ -91.005093231968914, 32.1874139390886 ], [ -91.005371698546853, 32.18735926969832 ], [ -91.006087608112111, 32.187503352875837 ], [ -91.00626241286372, 32.187596241205213 ], [ -91.006374450516148, 32.187782726412657 ], [ -91.006251291011736, 32.188106266906097 ], [ -91.005868866097842, 32.188199265949883 ], [ -91.006029924882625, 32.188488415334469 ], [ -91.005841854936676, 32.188781090078209 ], [ -91.005901208731288, 32.189118781633667 ], [ -91.005781114941641, 32.189301605763255 ], [ -91.005561817235773, 32.189396880447241 ], [ -91.005317232789494, 32.18937249206256 ], [ -91.00461535769243, 32.189069370296885 ], [ -91.004404735073592, 32.18881826032856 ], [ -91.004524262224948, 32.188304213439338 ], [ -91.004747907124994, 32.187977960283575 ], [ -91.004938266594962, 32.187869709692663 ], [ -91.004918756926301, 32.187606427382853 ], [ -91.005093231968914, 32.1874139390886 ] ] ], [ [ [ -90.998837282933991, 32.189095724768784 ], [ -91.000499957557409, 32.189593871217959 ], [ -91.000618595600159, 32.189850847603275 ], [ -91.000488802711601, 32.190103894963208 ], [ -91.000186608724249, 32.190204781025905 ], [ -90.998622508827054, 32.189771257890598 ], [ -90.998472379697404, 32.189651144870588 ], [ -90.998405293228046, 32.18944965200815 ], [ -90.998535090737946, 32.189196606957658 ], [ -90.998837282933991, 32.189095724768784 ] ] ], [ [ [ -91.003490135320519, 32.190407974367943 ], [ -91.003809667343972, 32.190359152032741 ], [ -91.004829023508279, 32.190653929275946 ], [ -91.005030287735607, 32.190870548003119 ], [ -91.004992477216405, 32.191144740380153 ], [ -91.004815140402982, 32.191290045216597 ], [ -91.004572757091353, 32.191327081335693 ], [ -91.003512338740592, 32.191026458598458 ], [ -91.003296372827862, 32.190740241706472 ], [ -91.003330399915825, 32.190567358588048 ], [ -91.003490135320519, 32.190407974367943 ] ] ], [ [ [ -91.002728733982522, 32.193435880267522 ], [ -91.003048276984785, 32.193387060319488 ], [ -91.004064914822379, 32.193716712014954 ], [ -91.004266183516123, 32.193933332057796 ], [ -91.004228368940971, 32.194207523938992 ], [ -91.004051024757757, 32.194352827350684 ], [ -91.003808633023624, 32.194389861649974 ], [ -91.002750931843238, 32.194054364176651 ], [ -91.002534961755302, 32.193768145921283 ], [ -91.002568991717212, 32.19359526318847 ], [ -91.002728733982522, 32.193435880267522 ] ] ], [ [ [ -91.000297502859866, 32.195980254964965 ], [ -91.000650947897796, 32.195910887580091 ], [ -91.002533927570823, 32.196433381569491 ], [ -91.002759199541728, 32.196632186068079 ], [ -91.002753167795177, 32.196908209009194 ], [ -91.002593419164171, 32.197067591637584 ], [ -91.002314921351925, 32.197122253576346 ], [ -91.000390871167014, 32.196593911567838 ], [ -91.000227606341952, 32.196486892181881 ], [ -91.000137608444476, 32.196291962331692 ], [ -91.000297502859866, 32.195980254964965 ] ] ], [ [ [ -90.996919571036074, 32.198054101682558 ], [ -91.000442683590151, 32.199246552013555 ], [ -91.000595357889111, 32.199410873614738 ], [ -91.000589318961701, 32.199686896069487 ], [ -91.000355503391759, 32.199878442315104 ], [ -91.000069806792681, 32.19988584959588 ], [ -90.997179147854652, 32.198894250704242 ], [ -90.995825427288366, 32.198564008505997 ], [ -90.995316133417703, 32.198312829701095 ], [ -90.993714023399278, 32.197776374445496 ], [ -90.993526063272085, 32.197593283575657 ], [ -90.99351736936444, 32.197350362271862 ], [ -90.993727987219259, 32.197140263478133 ], [ -90.994051633031631, 32.197118335488156 ], [ -90.995592693466733, 32.197633598009382 ], [ -90.99618850702295, 32.197912837053245 ], [ -90.996919571036074, 32.198054101682558 ] ] ], [ [ [ -90.997828286180649, 32.15318750537385 ], [ -91.000792016368365, 32.153714256629975 ], [ -91.000993194233089, 32.153930879334411 ], [ -91.000955393079963, 32.154205072136207 ], [ -91.000778125041478, 32.154350374719378 ], [ -91.00053583925056, 32.154387407157934 ], [ -90.99265625392961, 32.153117668628148 ], [ -90.991584567156949, 32.15302773801978 ], [ -90.990809741881478, 32.152852904698186 ], [ -90.990657158902209, 32.152688573973961 ], [ -90.990630735792863, 32.152514733406399 ], [ -90.990789025617772, 32.15227373231086 ], [ -90.991101268208098, 32.152198538038405 ], [ -90.997828286180649, 32.15318750537385 ] ] ], [ [ [ -90.998977773793257, 32.156445803083749 ], [ -91.00058763099922, 32.156617175100109 ], [ -91.00081280525545, 32.156815980144039 ], [ -91.00080677692165, 32.157092004495524 ], [ -91.000647098435579, 32.157251388258366 ], [ -91.000410238434355, 32.157308444530265 ], [ -90.998595421310398, 32.157145760589586 ], [ -90.997095091449964, 32.156872152637362 ], [ -90.996199279163989, 32.156874362545949 ], [ -90.994175468425752, 32.156541067036422 ], [ -90.993321074928289, 32.156493807138375 ], [ -90.9926218735703, 32.156346289697439 ], [ -90.990901505180801, 32.156167442640921 ], [ -90.990659244145974, 32.156038627902333 ], [ -90.990570853920374, 32.155772994491066 ], [ -90.990729150013578, 32.155531993820809 ], [ -90.991041403912433, 32.155456800183046 ], [ -90.992788731610318, 32.155641849263056 ], [ -90.993492781879823, 32.155790482107982 ], [ -90.994226808218002, 32.155822333915737 ], [ -90.996362536399033, 32.156169094194986 ], [ -90.997593650743056, 32.156207697518106 ], [ -90.998977773793257, 32.156445803083749 ] ] ], [ [ [ -90.996890279929715, 32.159149821631559 ], [ -91.000088571064964, 32.15958949980552 ], [ -91.000289759349286, 32.159806123891855 ], [ -91.000251952695749, 32.160080316061944 ], [ -91.000110755507762, 32.160207986244544 ], [ -90.999873887470912, 32.160265041165886 ], [ -90.998388648687367, 32.160121288777077 ], [ -90.996859725462798, 32.159868017746277 ], [ -90.995823133744665, 32.159844616823825 ], [ -90.992902416847087, 32.159477429488952 ], [ -90.9926601442764, 32.159348618180957 ], [ -90.99256892878239, 32.159118302561602 ], [ -90.992698694394875, 32.158865261282344 ], [ -90.993000790166079, 32.158764388821091 ], [ -90.995857241277179, 32.159126329390915 ], [ -90.996890279929715, 32.159149821631559 ] ] ], [ [ [ -90.998892069575106, 32.162351389344643 ], [ -90.999134359301863, 32.162480189325045 ], [ -90.999222780122963, 32.162745817745069 ], [ -90.999064492275025, 32.162986829189563 ], [ -90.99875221782321, 32.163062041790468 ], [ -90.990710727142641, 32.162188484025123 ], [ -90.990468450924794, 32.16205966840392 ], [ -90.990380056417635, 32.161794034884451 ], [ -90.990478497935271, 32.161602092413958 ], [ -90.990646274848601, 32.161500320947511 ], [ -90.99116351090197, 32.161497135089569 ], [ -90.992693081829103, 32.161718757749732 ], [ -90.994847547962181, 32.161882211688365 ], [ -90.998892069575106, 32.162351389344643 ] ] ], [ [ [ -90.998482700738819, 32.165202550386205 ], [ -90.999326788434431, 32.165338151748522 ], [ -90.999534889981064, 32.165504684372657 ], [ -90.999560691875146, 32.16577988209113 ], [ -90.999350163134054, 32.16598999502169 ], [ -90.999107845827126, 32.166027023398776 ], [ -90.998425956134625, 32.165914517184781 ], [ -90.998138767985978, 32.165726201287967 ], [ -90.998102109459396, 32.165485174520818 ], [ -90.998253533528953, 32.16527907670185 ], [ -90.998482700738819, 32.165202550386205 ] ] ], [ [ [ -90.99708171649246, 32.191759488121747 ], [ -91.000048272774407, 32.19255800594869 ], [ -91.000249529190569, 32.192774631943379 ], [ -91.000211703299883, 32.193048822206443 ], [ -90.99999639981489, 32.193208656471818 ], [ -90.999710724119538, 32.193216063782174 ], [ -90.996945822769462, 32.19244966730389 ], [ -90.996782569363134, 32.192342643859362 ], [ -90.996692582543915, 32.192147711893774 ], [ -90.99679259655268, 32.191885068288911 ], [ -90.99708171649246, 32.191759488121747 ] ] ], [ [ [ -90.998269412113316, 32.195175092836728 ], [ -90.999735555353581, 32.195649148219758 ], [ -90.999910877411622, 32.195881506065717 ], [ -90.999841624487914, 32.196151222851256 ], [ -90.999648375102339, 32.196281038312939 ], [ -90.999402876120996, 32.196297682883198 ], [ -90.997989644111257, 32.195849813517277 ], [ -90.996027546864994, 32.195388192965069 ], [ -90.99529276399754, 32.195083938474752 ], [ -90.99514663491729, 32.194767384549152 ], [ -90.99530499251189, 32.194526381775049 ], [ -90.99561737826231, 32.194451182474339 ], [ -90.996333221125823, 32.194716689075555 ], [ -90.998269412113316, 32.195175092836728 ] ] ], [ [ [ -90.998210368343067, 32.201740419617138 ], [ -90.99849297435081, 32.201911133927403 ], [ -90.998581425078797, 32.202176762695011 ], [ -90.998423061518196, 32.202417769116479 ], [ -90.998110650084016, 32.202492974265226 ], [ -90.992352061186267, 32.200447305579999 ], [ -90.992126803947372, 32.200248483170071 ], [ -90.992118113906031, 32.200005562005281 ], [ -90.992328741311155, 32.199795466002392 ], [ -90.992652396703193, 32.199773541996905 ], [ -90.998210368343067, 32.201740419617138 ] ] ], [ [ [ -90.990855126899419, 32.1643266154732 ], [ -90.997002723220859, 32.165054091478993 ], [ -90.997177983766505, 32.165286451539281 ], [ -90.997108751044962, 32.165556168660082 ], [ -90.996835579158358, 32.16570524585655 ], [ -90.996392299498879, 32.165689828702099 ], [ -90.991101787364357, 32.165098784419342 ], [ -90.990605074552235, 32.164983375589586 ], [ -90.990423230164083, 32.164680520198559 ], [ -90.990553010336953, 32.16442748188809 ], [ -90.990855126899419, 32.1643266154732 ] ] ], [ [ [ -90.996628644573875, 32.167839465880739 ], [ -90.997102414248417, 32.167955068308792 ], [ -90.997289790346983, 32.168090909387175 ], [ -90.997347174330145, 32.168362631467375 ], [ -90.997161860436989, 32.168589281363509 ], [ -90.996924968871937, 32.168646329742685 ], [ -90.996502433626361, 32.168546103959471 ], [ -90.995919993419207, 32.168553547788832 ], [ -90.995612484126042, 32.168390076270114 ], [ -90.995555105327895, 32.168118353610048 ], [ -90.995740422053075, 32.167891706175226 ], [ -90.996628644573875, 32.167839465880739 ] ] ], [ [ [ -90.991331949392915, 32.202458668507255 ], [ -90.996662944584713, 32.204385072138841 ], [ -90.996810642543494, 32.204630926963667 ], [ -90.99671061259653, 32.20489356952752 ], [ -90.996503305661861, 32.205006647239941 ], [ -90.996257047170914, 32.205002743457563 ], [ -90.99470004187873, 32.204407744700468 ], [ -90.993406203785099, 32.204007370098601 ], [ -90.992338089805003, 32.203543939569656 ], [ -90.991473476346243, 32.203305250486657 ], [ -90.990895706821959, 32.203052064139392 ], [ -90.99078368453084, 32.202865566147047 ], [ -90.990797647465669, 32.202690682072465 ], [ -90.991008284321325, 32.202480588725962 ], [ -90.991331949392915, 32.202458668507255 ] ] ], [ [ [ -90.994814139409641, 32.167719316091521 ], [ -90.995040426772562, 32.167867704580928 ], [ -90.995104676319357, 32.168104515604725 ], [ -90.994977718971271, 32.168322242090184 ], [ -90.994675592963219, 32.168423117949608 ], [ -90.991432157867621, 32.168012641778667 ], [ -90.991189865586009, 32.167883826988707 ], [ -90.991098646538376, 32.167653510406609 ], [ -90.991228429558078, 32.167400471609163 ], [ -90.991530555468671, 32.167299603990351 ], [ -90.994814139409641, 32.167719316091521 ] ] ], [ [ [ -90.995527802578209, 32.170726720875471 ], [ -90.99584010576018, 32.170651517483734 ], [ -90.99612345831251, 32.170786169102158 ], [ -90.996211876962576, 32.171051799271687 ], [ -90.996053565798363, 32.171292805752174 ], [ -90.995741260543198, 32.171368009583148 ], [ -90.995457906845942, 32.171233357069752 ], [ -90.995369490269084, 32.170967726460987 ], [ -90.995527802578209, 32.170726720875471 ] ] ], [ [ [ -90.990646060450402, 32.205271520717162 ], [ -90.994518052785068, 32.206602663633838 ], [ -90.994670727590375, 32.20676699228072 ], [ -90.994664669053307, 32.207043013412786 ], [ -90.994430821976778, 32.207234547230179 ], [ -90.994145102595354, 32.207241940162362 ], [ -90.990385879504245, 32.205954519082987 ], [ -90.990177707441944, 32.205787969359761 ], [ -90.990141059844333, 32.205546941916339 ], [ -90.990326470632439, 32.205320307276146 ], [ -90.990646060450402, 32.205271520717162 ] ] ], [ [ [ -90.993552695306263, 32.173270174714546 ], [ -90.993869809041769, 32.173329073811452 ], [ -90.994045076076134, 32.173561438247468 ], [ -90.993975826588311, 32.173831152697254 ], [ -90.993702624501339, 32.173980221740337 ], [ -90.993341828764827, 32.173891130450365 ], [ -90.993085862448908, 32.1739348020036 ], [ -90.992238708035941, 32.173826814454053 ], [ -90.992063944163718, 32.173733908167776 ], [ -90.991951952036146, 32.173547411748807 ], [ -90.992021207170779, 32.173277698628141 ], [ -90.992294409633971, 32.173128633229624 ], [ -90.993225779207108, 32.173224159414417 ], [ -90.993421128007199, 32.17331062586625 ], [ -90.993552695306263, 32.173270174714546 ] ] ], [ [ [ -90.993159597809623, 32.181896566658814 ], [ -90.993423735399119, 32.182107930917944 ], [ -90.993377123248024, 32.182445680922939 ], [ -90.993062614672994, 32.182599287027116 ], [ -90.992632465625093, 32.182515923975444 ], [ -90.992457186388279, 32.182283557343304 ], [ -90.992526448100307, 32.182013844502173 ], [ -90.992799676701324, 32.181864779222551 ], [ -90.993159597809623, 32.181896566658814 ] ] ], [ [ [ -90.992346613211296, 32.176121813368979 ], [ -90.992617412956875, 32.176044222386196 ], [ -90.99315034022888, 32.176152070044267 ], [ -90.993325610391821, 32.17638443552466 ], [ -90.993256356202153, 32.176654149295729 ], [ -90.992941867907206, 32.176807756024957 ], [ -90.992367336343918, 32.176700984065079 ], [ -90.992186730739306, 32.176433511902005 ], [ -90.992346613211296, 32.176121813368979 ] ] ], [ [ [ -90.992620265633263, 32.179298419962919 ], [ -90.992891074738864, 32.179220828799735 ], [ -90.993300262347873, 32.179327934276955 ], [ -90.993447914286776, 32.179573791957409 ], [ -90.993347906250875, 32.179836433550811 ], [ -90.993058820281831, 32.179962006707768 ], [ -90.992608027955811, 32.179855977087804 ], [ -90.992459111932305, 32.179574737182946 ], [ -90.992620265633263, 32.179298419962919 ] ] ], [ [ [ -90.992208687676907, 32.184690527210215 ], [ -90.992479513313185, 32.184612937647962 ], [ -90.993119543393377, 32.18470708270813 ], [ -90.993320766515581, 32.184923718636512 ], [ -90.993282924508051, 32.185197906441111 ], [ -90.992946344444391, 32.185381528541669 ], [ -90.992264705186528, 32.185288458949067 ], [ -90.992048788130532, 32.185002224549869 ], [ -90.992208687676907, 32.184690527210215 ] ] ], [ [ [ -90.991720540920099, 32.18731978202625 ], [ -90.992281302164088, 32.187471091817983 ], [ -90.992400977946971, 32.187613808696852 ], [ -90.992427410870306, 32.187787648532314 ], [ -90.992328942101608, 32.187979590803543 ], [ -90.991998222479268, 32.188106236763318 ], [ -90.991479063865668, 32.187953849395605 ], [ -90.99133140506693, 32.187707989389253 ], [ -90.991431428680443, 32.187445350278537 ], [ -90.991720540920099, 32.18731978202625 ] ] ], [ [ [ -90.991260815644821, 32.20846859763958 ], [ -90.99264893441152, 32.20888970927362 ], [ -90.992767572007622, 32.209146692413363 ], [ -90.992637727428303, 32.209399729008261 ], [ -90.992252858301654, 32.209492348892198 ], [ -90.99098895008953, 32.209078402092182 ], [ -90.990870317670101, 32.208821417484174 ], [ -90.991000166134768, 32.208568382848007 ], [ -90.991260815644821, 32.20846859763958 ] ] ], [ [ [ -90.991197775355346, 32.158631727792724 ], [ -90.991476159945165, 32.158577085592228 ], [ -90.991988733381362, 32.158714110776103 ], [ -90.9921363515151, 32.158959969259243 ], [ -90.99203636560523, 32.159222611375078 ], [ -90.991705751834459, 32.159349261281712 ], [ -90.991151658773745, 32.159209838300988 ], [ -90.99100559471664, 32.158893280785257 ], [ -90.991197775355346, 32.158631727792724 ] ] ], [ [ [ -90.991571038174911, 32.170251663416799 ], [ -90.991841820824376, 32.170174073354438 ], [ -90.9923484729606, 32.170277552528198 ], [ -90.992523730594328, 32.170509918787978 ], [ -90.992454479477203, 32.170779632438922 ], [ -90.992140010699998, 32.170933238066176 ], [ -90.991591757127239, 32.170830834493593 ], [ -90.99141116449168, 32.170563361547423 ], [ -90.991571038174911, 32.170251663416799 ] ] ], [ [ [ -90.990474618757816, 32.190008606537859 ], [ -90.990794154498602, 32.189959817334866 ], [ -90.991245278394061, 32.190121149307878 ], [ -90.991392940493597, 32.190367009474315 ], [ -90.991292913105809, 32.190629648307443 ], [ -90.99096218240291, 32.190756291062151 ], [ -90.990428470737911, 32.1905867132662 ], [ -90.990282365149156, 32.190270154470831 ], [ -90.990474618757816, 32.190008606537859 ] ] ], [ [ [ -90.989394672176701, 32.19276995214566 ], [ -90.989673162724998, 32.192715318426671 ], [ -90.990073142355016, 32.192863911534339 ], [ -90.990191754263904, 32.193120896576197 ], [ -90.99006192794586, 32.193373931755609 ], [ -90.989718180761813, 32.193472394315208 ], [ -90.989318199162952, 32.193323800013324 ], [ -90.989202409317869, 32.19303149796977 ], [ -90.989394672176701, 32.19276995214566 ] ] ], [ [ [ -90.989985704332, 32.211059403765987 ], [ -90.990305314541843, 32.211010618925847 ], [ -90.990898111597318, 32.211193355544346 ], [ -90.991073438135047, 32.211425725412944 ], [ -90.991004145043149, 32.211695435209265 ], [ -90.990647912525773, 32.211850106021828 ], [ -90.989972507701282, 32.211659122337025 ], [ -90.989790581172443, 32.211356264478887 ], [ -90.989985704332, 32.211059403765987 ] ] ], [ [ [ -90.988575399630093, 32.21363674767094 ], [ -90.988895019494322, 32.213587966811147 ], [ -90.989161598811549, 32.213745611011916 ], [ -90.989218979541931, 32.214017335120914 ], [ -90.989033547232552, 32.214243967021588 ], [ -90.988713925106623, 32.214292748137716 ], [ -90.988447345069943, 32.214135102971795 ], [ -90.988389966601289, 32.21386337860644 ], [ -90.988575399630093, 32.21363674767094 ] ] ], [ [ [ -90.987960893511556, 32.21607131501986 ], [ -90.989431863642153, 32.216291989562606 ], [ -90.98960719540473, 32.216524361533985 ], [ -90.989537893317589, 32.216794069991799 ], [ -90.989264552112672, 32.21694312302494 ], [ -90.988662002574401, 32.216913303417854 ], [ -90.987780658082116, 32.216772700554998 ], [ -90.987533532889813, 32.21659359883035 ], [ -90.987507761521528, 32.216318401614778 ], [ -90.98771843882723, 32.21610831574943 ], [ -90.987960893511556, 32.21607131501986 ] ] ], [ [ [ -90.987485768764458, 32.195121188447587 ], [ -90.987798161935785, 32.195046008826061 ], [ -90.988435703212971, 32.195190572628405 ], [ -90.98863693651856, 32.195407216160483 ], [ -90.988599074441098, 32.195681401394587 ], [ -90.988303731106569, 32.195860471006014 ], [ -90.987677881661, 32.195804918813998 ], [ -90.987340526587317, 32.195502475176795 ], [ -90.987345137021919, 32.195293099792814 ], [ -90.987485768764458, 32.195121188447587 ] ] ], [ [ [ -90.986051402670682, 32.197542058919311 ], [ -90.986370966722845, 32.197493282113825 ], [ -90.986637495955875, 32.197650929949894 ], [ -90.986694861667999, 32.197922655145334 ], [ -90.986509458204992, 32.198149284946886 ], [ -90.986189891892835, 32.198198062008352 ], [ -90.985923361941204, 32.198040413207636 ], [ -90.985865998489103, 32.197768687756223 ], [ -90.986051402670682, 32.197542058919311 ] ] ], [ [ [ -90.983996766145751, 32.199968587409131 ], [ -90.984356525674841, 32.199929059424761 ], [ -90.984918893716213, 32.200181380679425 ], [ -90.985066553129712, 32.200427247840956 ], [ -90.984966495205583, 32.200689880095865 ], [ -90.984594184303091, 32.200814104848241 ], [ -90.983950568719081, 32.200546689059806 ], [ -90.983804471990283, 32.200230123505044 ], [ -90.983996766145751, 32.199968587409131 ] ] ], [ [ [ -90.982651327406558, 32.202740235326225 ], [ -90.983004809538329, 32.202670918969048 ], [ -90.983751056416367, 32.202911366599153 ], [ -90.983926349488485, 32.203143745299123 ], [ -90.983857043153535, 32.203413450909522 ], [ -90.983663756472978, 32.203543240248116 ], [ -90.983459296394059, 32.203565702719636 ], [ -90.98267198562101, 32.203319403085658 ], [ -90.982491360899829, 32.203051917145061 ], [ -90.982651327406558, 32.202740235326225 ] ] ], [ [ [ -90.982050244168164, 32.203281734365767 ], [ -90.98232877060488, 32.203227118391233 ], [ -90.982584825439915, 32.203335133616925 ], [ -90.982959690034406, 32.20410061532364 ], [ -90.982798459870196, 32.20437691626087 ], [ -90.982501912042537, 32.204452999649185 ], [ -90.982202437075301, 32.204704387731873 ], [ -90.981965442846246, 32.204761403608217 ], [ -90.981640473607925, 32.204624317046026 ], [ -90.981392638022228, 32.204151232342525 ], [ -90.981657945931047, 32.203607756238569 ], [ -90.982050244168164, 32.203281734365767 ] ] ], [ [ [ -90.981721757510456, 32.205834457370983 ], [ -90.982000291973975, 32.20577984246377 ], [ -90.982789965877529, 32.205963784801426 ], [ -90.982991207600534, 32.20618043739664 ], [ -90.982953322398814, 32.20645461963602 ], [ -90.982812026856621, 32.206582265748104 ], [ -90.982575028005286, 32.206639282570706 ], [ -90.981743811262078, 32.206452938222647 ], [ -90.981527881847896, 32.2061666860562 ], [ -90.981561957181057, 32.205993811088 ], [ -90.981721757510456, 32.205834457370983 ] ] ], [ [ [ -90.980514294375766, 32.20884024452161 ], [ -90.980833900474536, 32.208791483520137 ], [ -90.982283670235276, 32.209122105387614 ], [ -90.982508925876402, 32.209320945104686 ], [ -90.982502830009196, 32.209596964060381 ], [ -90.982343024036268, 32.209756318465587 ], [ -90.982064477472875, 32.209810933614698 ], [ -90.980573635766604, 32.209474457953604 ], [ -90.980410373405306, 32.209367413170703 ], [ -90.980320407430426, 32.209172470769978 ], [ -90.980354486471157, 32.208999596342366 ], [ -90.980514294375766, 32.20884024452161 ] ] ], [ [ [ -90.98009720569344, 32.212034280302063 ], [ -90.980375760048588, 32.211979669830598 ], [ -90.981745857586034, 32.212180565990877 ], [ -90.981971119176023, 32.212379406834032 ], [ -90.981965020963742, 32.212655425564506 ], [ -90.981805208438601, 32.212814778962887 ], [ -90.981568192668746, 32.212871793165114 ], [ -90.980156545011653, 32.212668493595984 ], [ -90.979993277667319, 32.212561448113725 ], [ -90.979903309833574, 32.212366505417222 ], [ -90.979937391188102, 32.212193631264221 ], [ -90.98009720569344, 32.212034280302063 ] ] ], [ [ [ -90.979390513445793, 32.214976497891996 ], [ -90.979826720406194, 32.21493405671135 ], [ -90.981495964629943, 32.215199428862334 ], [ -90.981743073695625, 32.215378541806736 ], [ -90.981768827512155, 32.215653739525308 ], [ -90.981594247841002, 32.215846190648847 ], [ -90.981357223985185, 32.215903204106446 ], [ -90.9794887814964, 32.215623260725835 ], [ -90.979286577071747, 32.215503664591552 ], [ -90.979196608226985, 32.215308721420648 ], [ -90.979230692319078, 32.215135847632354 ], [ -90.979390513445793, 32.214976497891996 ] ] ], [ [ [ -90.979290046183564, 32.218171602648916 ], [ -90.979568619855414, 32.218116994783585 ], [ -90.98157300403507, 32.218346648953222 ], [ -90.981820121435462, 32.218525762013186 ], [ -90.981845875843192, 32.218800959632617 ], [ -90.981671289938475, 32.218993410536257 ], [ -90.981434257840377, 32.21905042378382 ], [ -90.97938831569175, 32.218818365364257 ], [ -90.979186104563865, 32.218698768845158 ], [ -90.979096133170046, 32.21850382557659 ], [ -90.979130218982377, 32.218330951953348 ], [ -90.979290046183564, 32.218171602648916 ] ] ], [ [ [ -90.98680822731491, 32.218800987626985 ], [ -90.987079159670159, 32.218723414292654 ], [ -90.9876485565118, 32.218824392772362 ], [ -90.987823888102213, 32.219056767144863 ], [ -90.987754578460923, 32.219326474233348 ], [ -90.98743993073731, 32.219480060005367 ], [ -90.986828909889311, 32.219380154534214 ], [ -90.986648243505712, 32.219112673404183 ], [ -90.98680822731491, 32.218800987626985 ] ] ] ] } },
{ "type": "Feature", "properties": { "depth_bin": ">20 ft", "survey_id": "LM_05_VGG_20240807_CS_4274_4226", "date": "2024-08-07 00:00:00+00:00", "year": 2024, "mile": 425.0, "bin_order": 0 }, "geometry": { "type": "MultiPolygon", "coordinates": [ [ [ [ -91.002699227101971, 32.151012842365233 ], [ -91.0055672360144, 32.151441749287713 ], [ -91.005927100539765, 32.151571187525775 ], [ -91.006402966068038, 32.151576716985147 ], [ -91.006649961600957, 32.151755777980824 ], [ -91.006675783389255, 32.152030975511245 ], [ -91.006387936609343, 32.152266947928403 ], [ -91.005733414683306, 32.152268187205898 ], [ -91.005325421484784, 32.152130622016934 ], [ -91.002643627493626, 32.151711034195479 ], [ -91.002468893257415, 32.151618143259675 ], [ -91.002356903976633, 32.151431655680916 ], [ -91.002426108389272, 32.151161934070672 ], [ -91.002699227101971, 32.151012842365233 ] ] ], [ [ [ -91.002297819613787, 32.153946655689694 ], [ -91.004694106047836, 32.154316530561985 ], [ -91.005265356139276, 32.154289388274506 ], [ -91.00570045714386, 32.154380149113415 ], [ -91.006293678741812, 32.1546221364761 ], [ -91.006405679783171, 32.154808620957382 ], [ -91.006377017576767, 32.155016611706586 ], [ -91.006217352226287, 32.155176003087135 ], [ -91.005938985101636, 32.155230678541258 ], [ -91.005249261651727, 32.155007215483593 ], [ -91.004659660083078, 32.155034834444685 ], [ -91.003032293593307, 32.154795837359273 ], [ -91.00216203695399, 32.154636848188417 ], [ -91.001998842114702, 32.154529833341506 ], [ -91.001908876707219, 32.154334905040464 ], [ -91.002008828591073, 32.15407225357378 ], [ -91.002297819613787, 32.153946655689694 ] ] ], [ [ [ -91.003826792074761, 32.156989741889468 ], [ -91.005536631273074, 32.157249057090958 ], [ -91.005761818249837, 32.157447853795304 ], [ -91.005755804686302, 32.157723878953291 ], [ -91.005596133311826, 32.157883269252793 ], [ -91.00535927422591, 32.15794033484903 ], [ -91.004105577737832, 32.157733544519097 ], [ -91.0032394525755, 32.157700200923031 ], [ -91.001885619570785, 32.157499715034021 ], [ -91.001683508184684, 32.15738015769297 ], [ -91.00159354099543, 32.157185229164618 ], [ -91.00169349733784, 32.156922578219671 ], [ -91.001982497972762, 32.156796981487972 ], [ -91.003297257498446, 32.156981338018738 ], [ -91.003826792074761, 32.156989741889468 ] ] ], [ [ [ -91.002086094006216, 32.159792451392043 ], [ -91.005453818197708, 32.160125895435847 ], [ -91.005700833924067, 32.160304958907687 ], [ -91.005726653837428, 32.160580156264608 ], [ -91.005586111996251, 32.1607520922934 ], [ -91.00535696137166, 32.160828632221069 ], [ -91.003515054593137, 32.160681455489275 ], [ -91.001989211948484, 32.160495184609402 ], [ -91.001787094017217, 32.160375627216354 ], [ -91.001697124011216, 32.160180698721469 ], [ -91.001797083810175, 32.159918047930852 ], [ -91.002086094006216, 32.159792451392043 ] ] ], [ [ [ -91.002091878953408, 32.162717419426102 ], [ -91.005063695134012, 32.163008062744211 ], [ -91.005288894520305, 32.163206860647129 ], [ -91.005282878191252, 32.163482885474096 ], [ -91.005123195418747, 32.163642274604499 ], [ -91.004886320976752, 32.163699338657068 ], [ -91.002436339217851, 32.163476804524237 ], [ -91.001960066204717, 32.163387341191694 ], [ -91.001749506374765, 32.163136228501052 ], [ -91.001818723325627, 32.162866508119265 ], [ -91.002091878953408, 32.162717419426102 ] ] ], [ [ [ -91.002135675229596, 32.165585084278568 ], [ -91.004855064449956, 32.165931808062311 ], [ -91.005030347105432, 32.166164158072682 ], [ -91.004961136493961, 32.166433880360074 ], [ -91.004605106066975, 32.166588599571256 ], [ -91.002799693797556, 32.166399237490616 ], [ -91.002041140576381, 32.166270731803614 ], [ -91.001793291383393, 32.166003892871373 ], [ -91.001862510845115, 32.165734172662361 ], [ -91.002135675229596, 32.165585084278568 ] ] ], [ [ [ -91.001219422080581, 32.168433896918756 ], [ -91.004702345062739, 32.168897351118758 ], [ -91.004877632585391, 32.169129701450423 ], [ -91.00480841880011, 32.169399423427471 ], [ -91.004452376316223, 32.169554141667888 ], [ -91.001643420063388, 32.169219027093078 ], [ -91.001046319755346, 32.169108359116777 ], [ -91.000830409772348, 32.168822139461668 ], [ -91.000930382841588, 32.168559490172207 ], [ -91.001219422080581, 32.168433896918756 ] ] ], [ [ [ -91.001187696990456, 32.171353717242695 ], [ -91.004068912708249, 32.171690614926497 ], [ -91.004271058011199, 32.171810169591303 ], [ -91.00435950147002, 32.172075795009306 ], [ -91.004201209292162, 32.172316812447065 ], [ -91.003888906078473, 32.172392036525643 ], [ -91.001130966905578, 32.172065685296438 ], [ -91.00091602063641, 32.171963553499644 ], [ -91.000798671445096, 32.171741959016089 ], [ -91.000898648260943, 32.171479309997324 ], [ -91.001187696990456, 32.171353717242695 ] ] ], [ [ [ -91.000808154000339, 32.17424389177885 ], [ -91.004123980061294, 32.174684052412417 ], [ -91.004326131842419, 32.174803607203692 ], [ -91.004414577877768, 32.175069232587241 ], [ -91.004256280222492, 32.175310249785156 ], [ -91.003943966685881, 32.175385473558919 ], [ -91.0021048755181, 32.175093488717209 ], [ -91.000709817862827, 32.174956938658617 ], [ -91.000467493667003, 32.174828140521534 ], [ -91.000376244923856, 32.174597829655568 ], [ -91.000506013722983, 32.174344780958243 ], [ -91.000808154000339, 32.17424389177885 ] ] ], [ [ [ -90.998347847487793, 32.176821556750561 ], [ -91.003327849801849, 32.177528732233824 ], [ -91.003529083159322, 32.177745352476052 ], [ -91.003491275768397, 32.178019544976031 ], [ -91.003313963303782, 32.178164848912651 ], [ -91.00307161464265, 32.178201883592941 ], [ -90.999043933417397, 32.177659008319111 ], [ -90.9981331036808, 32.17749709128465 ], [ -90.997982994491352, 32.177376978298724 ], [ -90.99791591662273, 32.17717548521366 ], [ -90.998045696145638, 32.17692243955932 ], [ -90.998347847487793, 32.176821556750561 ] ] ], [ [ [ -91.002004901718564, 32.180442865096545 ], [ -91.002288293663625, 32.180577504279491 ], [ -91.002376738356631, 32.180843130847698 ], [ -91.002218424629518, 32.181084144671033 ], [ -91.001906089706125, 32.181159362487577 ], [ -90.996880908329544, 32.180441820182949 ], [ -90.995790515718852, 32.180372292423499 ], [ -90.995113906667498, 32.180189218224307 ], [ -90.993248257479465, 32.179983166113665 ], [ -90.993005931661131, 32.179854353654036 ], [ -90.992917515359053, 32.179588721621421 ], [ -90.993015972897794, 32.179396778239017 ], [ -90.993183780928149, 32.17929500487454 ], [ -90.99370832279773, 32.179300430107823 ], [ -90.99534792099621, 32.179497807780031 ], [ -90.996008896673501, 32.179676097911113 ], [ -90.997069366802293, 32.179743112782639 ], [ -91.002004901718564, 32.180442865096545 ] ] ], [ [ [ -90.995832133390024, 32.182281580734085 ], [ -91.000366136332147, 32.183159771126547 ], [ -91.000567374067387, 32.183376396118632 ], [ -91.000529554577099, 32.183650587053911 ], [ -91.000352226215838, 32.183795886087488 ], [ -91.000109861613396, 32.183832914411191 ], [ -90.995728304289841, 32.182994307055893 ], [ -90.993259955354631, 32.182644566335313 ], [ -90.993017622671616, 32.182515753664575 ], [ -90.992929204190986, 32.18225012164023 ], [ -90.993087543954687, 32.18200912055989 ], [ -90.993399887866758, 32.181933924954699 ], [ -90.995832133390024, 32.182281580734085 ] ] ], [ [ [ -90.99363354067431, 32.184810064946262 ], [ -90.999018727667291, 32.186039588237009 ], [ -90.999206142348697, 32.186175427711106 ], [ -90.99926354044635, 32.186447148875125 ], [ -90.999078191999644, 32.18667379969159 ], [ -90.998758671106216, 32.186722610504553 ], [ -90.994187673048955, 32.185714075408868 ], [ -90.993300862757479, 32.185458584435047 ], [ -90.993148223985131, 32.18529425514221 ], [ -90.993128664932172, 32.18508550383202 ], [ -90.993314024208829, 32.184858862151451 ], [ -90.99363354067431, 32.184810064946262 ] ] ], [ [ [ -90.993715977951766, 32.18770398779764 ], [ -90.997335835485003, 32.188689395088822 ], [ -90.997537077219164, 32.188906024928649 ], [ -90.997499245479275, 32.189180214275289 ], [ -90.997283946996504, 32.18934004418616 ], [ -90.997038466558578, 32.1893566849104 ], [ -90.993401731127079, 32.188371867199542 ], [ -90.992655390239406, 32.188260003338009 ], [ -90.992057484379828, 32.188047840777124 ], [ -90.991911376612947, 32.187731283682133 ], [ -90.992069729289923, 32.187490284563346 ], [ -90.992382092882622, 32.187415092322205 ], [ -90.992972314366327, 32.187593253209094 ], [ -90.993715977951766, 32.18770398779764 ] ] ], [ [ [ -90.991388652619491, 32.190089763404444 ], [ -90.996034635545485, 32.191477359188518 ], [ -90.996153262949392, 32.191734339288566 ], [ -90.996023454984424, 32.191987381387698 ], [ -90.995638663060944, 32.192080014908136 ], [ -90.992067137280515, 32.191082550169803 ], [ -90.991055937795096, 32.190738275060262 ], [ -90.990903294919889, 32.19057394299228 ], [ -90.990883740555446, 32.190365191659254 ], [ -90.991069116654174, 32.190138554104294 ], [ -90.991388652619491, 32.190089763404444 ] ] ], [ [ [ -90.992710473183408, 32.170262189332782 ], [ -90.99440284591455, 32.170453961567887 ], [ -90.994604042699294, 32.170670594772623 ], [ -90.994566212794979, 32.170944783933955 ], [ -90.994424990407907, 32.171072446566519 ], [ -90.994188090901986, 32.171129489468278 ], [ -90.992653678457415, 32.170974151070887 ], [ -90.992411376710592, 32.170845338293653 ], [ -90.992322969414317, 32.170579705909866 ], [ -90.992481288811618, 32.170338704422107 ], [ -90.992710473183408, 32.170262189332782 ] ] ], [ [ [ -90.990158495832418, 32.192847775209238 ], [ -90.994451476183471, 32.1940629136664 ], [ -90.994626781575377, 32.19429527823759 ], [ -90.994557514674611, 32.1945649916128 ], [ -90.994284249602956, 32.194714059000816 ], [ -90.993807080247109, 32.194648301481841 ], [ -90.98993727711516, 32.193543321214811 ], [ -90.989710937296493, 32.193394921928459 ], [ -90.989653564630203, 32.193123197672833 ], [ -90.989838949656246, 32.192896562363593 ], [ -90.990158495832418, 32.192847775209238 ] ] ], [ [ [ -90.991970673864827, 32.158686777796696 ], [ -90.992290098643707, 32.15863798014523 ], [ -90.992556529251829, 32.158795612257315 ], [ -90.992613894759856, 32.159067336060581 ], [ -90.992428589636319, 32.159293979617175 ], [ -90.992109162601935, 32.159342777524465 ], [ -90.991842731276151, 32.159185144449268 ], [ -90.991785368023642, 32.158913420390192 ], [ -90.991970673864827, 32.158686777796696 ] ] ], [ [ [ -90.988965688409138, 32.195364951145386 ], [ -90.990690754141085, 32.19600014174744 ], [ -90.991566444745274, 32.196209669498558 ], [ -90.992473411593068, 32.196598268950076 ], [ -90.992674657746704, 32.196814906516018 ], [ -90.992636806901999, 32.197089093366692 ], [ -90.992421480967224, 32.197248913714034 ], [ -90.992135792956915, 32.197256303361492 ], [ -90.991280673219308, 32.196886778886572 ], [ -90.990442680394054, 32.196684862214134 ], [ -90.988400295845324, 32.195938702571844 ], [ -90.988252633823691, 32.195692839073331 ], [ -90.988352676170877, 32.195430203419768 ], [ -90.988641818126425, 32.195304643548567 ], [ -90.988965688409138, 32.195364951145386 ] ] ], [ [ [ -90.988967531726118, 32.198442136871243 ], [ -90.990339676929068, 32.19900844363589 ], [ -90.991130469268199, 32.199221013167225 ], [ -90.991305775125625, 32.199453382226444 ], [ -90.991236493762983, 32.199723093022811 ], [ -90.991043225041636, 32.199852894459106 ], [ -90.990838774423977, 32.19987536929127 ], [ -90.98993825073623, 32.19964071468187 ], [ -90.988857273936702, 32.199166300595216 ], [ -90.988300833642469, 32.199044101557874 ], [ -90.986806888399457, 32.198445974967342 ], [ -90.986618941385558, 32.198262874342305 ], [ -90.986599396180722, 32.198054122912872 ], [ -90.986784799221638, 32.197827492959341 ], [ -90.987104363992628, 32.19777871432543 ], [ -90.988599974927396, 32.198370068279928 ], [ -90.988967531726118, 32.198442136871243 ] ] ], [ [ [ -90.985086075131093, 32.200194456739347 ], [ -90.98987727087588, 32.201946094432266 ], [ -90.989995892594351, 32.202203079763706 ], [ -90.989866051436181, 32.202456113859078 ], [ -90.989646706326354, 32.202551358799631 ], [ -90.989441021766908, 32.202539484804824 ], [ -90.984785683247352, 32.200868199988989 ], [ -90.984560442243534, 32.200669364723133 ], [ -90.984551772376392, 32.200426443862483 ], [ -90.984762417506303, 32.200216361227255 ], [ -90.985086075131093, 32.200194456739347 ] ] ], [ [ [ -90.983941234340293, 32.202974945595038 ], [ -90.989084877454204, 32.204776675317078 ], [ -90.989173302764769, 32.205042309570103 ], [ -90.989014909643615, 32.205283302898017 ], [ -90.98870248182233, 32.20535848404397 ], [ -90.983640823873429, 32.203648685134496 ], [ -90.983415578956738, 32.203449847733467 ], [ -90.98340691228789, 32.203206927006825 ], [ -90.983617566714301, 32.20299684673229 ], [ -90.983941234340293, 32.202974945595038 ] ] ], [ [ [ -90.987903693914745, 32.210484644475358 ], [ -90.988749023533472, 32.210654084016234 ], [ -90.988901693937294, 32.210818419391501 ], [ -90.988921245531273, 32.211027170390842 ], [ -90.988801087408461, 32.211209975262783 ], [ -90.988498810933692, 32.211310829727196 ], [ -90.987777609626662, 32.211196078578382 ], [ -90.986740481881569, 32.210874825870725 ], [ -90.984118010897447, 32.210259440440659 ], [ -90.983412664289986, 32.2101899981066 ], [ -90.982452576967006, 32.209901097398195 ], [ -90.982226211001091, 32.209752683918431 ], [ -90.98216885323167, 32.209480957408076 ], [ -90.982354291685766, 32.209254335721361 ], [ -90.982673898523799, 32.209205570086382 ], [ -90.983574874825536, 32.209482530628648 ], [ -90.984243277933089, 32.209547962238787 ], [ -90.986930024737134, 32.210174767670175 ], [ -90.987903693914745, 32.210484644475358 ] ] ], [ [ [ -90.988442870256364, 32.213486711757326 ], [ -90.988709448453776, 32.213644356871391 ], [ -90.988766827780069, 32.213916081133178 ], [ -90.988581394604836, 32.214142712336589 ], [ -90.988261772658504, 32.214191492313859 ], [ -90.982085888392703, 32.212930890328344 ], [ -90.98185951582262, 32.212782475979033 ], [ -90.981802157754146, 32.212510749391662 ], [ -90.982061678023911, 32.212251973358711 ], [ -90.982468461211511, 32.212258395742097 ], [ -90.988442870256364, 32.213486711757326 ] ] ], [ [ [ -90.986739016693036, 32.20707617901283 ], [ -90.988056495117391, 32.207523099359108 ], [ -90.988204173951388, 32.207768963403801 ], [ -90.988104115691144, 32.20803159789682 ], [ -90.987856222640204, 32.20815261723363 ], [ -90.987532101326892, 32.208122545604944 ], [ -90.986216953046423, 32.207665332895161 ], [ -90.983804128213549, 32.207083086073659 ], [ -90.982916479814051, 32.206730317509859 ], [ -90.982796795969819, 32.206587591640208 ], [ -90.982777258814536, 32.206378840158258 ], [ -90.98296268907896, 32.206152217158767 ], [ -90.983282284727991, 32.206103449510707 ], [ -90.98414354696024, 32.206425982925154 ], [ -90.986739016693036, 32.20707617901283 ] ] ], [ [ [ -90.98658402053276, 32.215796625286863 ], [ -90.987842012374799, 32.216057959241631 ], [ -90.988017339551035, 32.216290333247109 ], [ -90.987948033031174, 32.216560040660141 ], [ -90.987754722943009, 32.216689835118082 ], [ -90.987550233879759, 32.216712303021701 ], [ -90.986329393763981, 32.216481422480058 ], [ -90.985623076937344, 32.216459786111606 ], [ -90.982235199957259, 32.216004069405365 ], [ -90.981766517301594, 32.215889950621701 ], [ -90.981584611006696, 32.215587081892835 ], [ -90.981714495342942, 32.215334058482121 ], [ -90.982016791975752, 32.215233221152744 ], [ -90.985661893316021, 32.21574139331765 ], [ -90.98658402053276, 32.215796625286863 ] ] ], [ [ [ -90.982262208751109, 32.218357339441155 ], [ -90.986841298975492, 32.21876949851751 ], [ -90.987016628350659, 32.219001873925571 ], [ -90.986947316399338, 32.219271580478917 ], [ -90.986673963631702, 32.219420627381929 ], [ -90.982163661972038, 32.219070359463913 ], [ -90.981921252331006, 32.218941522939424 ], [ -90.981830013218328, 32.218711200298173 ], [ -90.981959901817518, 32.218458176904484 ], [ -90.982262208751109, 32.218357339441155 ] ] ] ] } }
]
}
