{
"type": "FeatureCollection",
"name": "LM_04_GGK_20190515_CS_3850_3896_depth_polygons",
"crs": { "type": "name", "properties": { "name": "urn:ogc:def:crs:OGC:1.3:CRS84" } },
"features": [
{ "type": "Feature", "properties": { "depth_bin": "-5-0 ft", "bin_order": 2.5, "survey_id": "LM_04_GGK_20190515_CS_3850_3896", "date": "2019-05-15", "year": 2019, "mile": 387.0 }, "geometry": { "type": "MultiPolygon", "coordinates": [ [ [ [ -91.274508432098315, 31.848578758804411 ], [ -91.274766081827735, 31.848319301396202 ], [ -91.275126729001585, 31.84833933247004 ], [ -91.275327944287255, 31.848555528837903 ], [ -91.275304461750864, 31.848969444649647 ], [ -91.275051177339478, 31.84914119734017 ], [ -91.274729796611197, 31.849109770111767 ], [ -91.274541932303379, 31.848927092187655 ], [ -91.274508432098315, 31.848578758804411 ] ] ], [ [ [ -91.256271571255823, 31.85360728565751 ], [ -91.256529284950076, 31.853347867722402 ], [ -91.256889945184653, 31.853367951076557 ], [ -91.257153873512351, 31.853711318903191 ], [ -91.257117000094823, 31.853985632994519 ], [ -91.256863669548011, 31.854157347630156 ], [ -91.25654227991042, 31.854125874043731 ], [ -91.256354443096981, 31.853943170291807 ], [ -91.256271571255823, 31.85360728565751 ] ] ], [ [ [ -91.331916876039827, 31.857757100165962 ], [ -91.332125933762867, 31.857546372765743 ], [ -91.332448344384403, 31.857523533666953 ], [ -91.332695245770296, 31.857701961645073 ], [ -91.332722006643863, 31.857977136703198 ], [ -91.332512949213054, 31.858187865083188 ], [ -91.33219053627883, 31.858210704265222 ], [ -91.331943634600734, 31.858032275307337 ], [ -91.331916876039827, 31.857757100165962 ] ] ] ] } },
{ "type": "Feature", "properties": { "depth_bin": "0-5 ft", "bin_order": -2.5, "survey_id": "LM_04_GGK_20190515_CS_3850_3896", "date": "2019-05-15", "year": 2019, "mile": 387.0 }, "geometry": { "type": "MultiPolygon", "coordinates": [ [ [ [ -91.274466646911677, 31.848447016246098 ], [ -91.274585741207446, 31.848263892462331 ], [ -91.274803954120117, 31.848168107522046 ], [ -91.2750477351413, 31.848191946507331 ], [ -91.275210740844926, 31.848298606451518 ], [ -91.275378040691479, 31.848936378621588 ], [ -91.275218345795338, 31.849213121239885 ], [ -91.274907338576384, 31.849289064918413 ], [ -91.274624511240987, 31.849155051424844 ], [ -91.274466646911677, 31.848447016246098 ] ] ], [ [ [ -91.256213908634365, 31.853448732335647 ], [ -91.25632232160504, 31.853299826978574 ], [ -91.256540563996779, 31.853204074555261 ], [ -91.256919985719577, 31.853308021184667 ], [ -91.257030634510087, 31.853629281550432 ], [ -91.257226818913125, 31.853872328032672 ], [ -91.257105035255464, 31.854196177275956 ], [ -91.256804212114105, 31.854297731321626 ], [ -91.256507365353457, 31.854187983736086 ], [ -91.256396717827897, 31.853866722982676 ], [ -91.25620996649323, 31.853658151350775 ], [ -91.256213908634365, 31.853448732335647 ] ] ], [ [ [ -91.331877774589927, 31.857622332817613 ], [ -91.331986074152212, 31.857473358978371 ], [ -91.332204254509989, 31.85737747433453 ], [ -91.332583788771913, 31.857481198565985 ], [ -91.332825559781554, 31.858103378498431 ], [ -91.332698575225862, 31.858392212167743 ], [ -91.332397812652275, 31.858493947454662 ], [ -91.332100854693763, 31.858384372920089 ], [ -91.331874002839626, 31.857831759961019 ], [ -91.331877774589927, 31.857622332817613 ] ] ] ] } },
{ "type": "Feature", "properties": { "depth_bin": "5-10 ft", "bin_order": -7.5, "survey_id": "LM_04_GGK_20190515_CS_3850_3896", "date": "2019-05-15", "year": 2019, "mile": 387.0 }, "geometry": { "type": "GeometryCollection", "geometries": [ ] } },
{ "type": "Feature", "properties": { "depth_bin": "10-15 ft", "bin_order": -12.5, "survey_id": "LM_04_GGK_20190515_CS_3850_3896", "date": "2019-05-15", "year": 2019, "mile": 387.0 }, "geometry": { "type": "MultiPolygon", "coordinates": [ [ [ [ -91.274436472575374, 31.848346277279582 ], [ -91.274593474846142, 31.848104864477218 ], [ -91.274904478261874, 31.848028921421772 ], [ -91.275187302672705, 31.848162934208105 ], [ -91.275276274187391, 31.84842840058219 ], [ -91.275119273066181, 31.848669814259555 ], [ -91.274808267623669, 31.848745757763428 ], [ -91.274525442063279, 31.848611744102119 ], [ -91.274436472575374, 31.848346277279582 ] ] ], [ [ [ -91.25646365119411, 31.853986379889886 ], [ -91.256647673720806, 31.853759293368746 ], [ -91.256965927180445, 31.853709782275185 ], [ -91.257231984577672, 31.853866849346744 ], [ -91.257289993614194, 31.854138487492232 ], [ -91.25710597181812, 31.854365574959651 ], [ -91.256787716145155, 31.854415086321303 ], [ -91.25652165801732, 31.854258018303458 ], [ -91.25646365119411, 31.853986379889886 ] ] ], [ [ [ -91.331832682823773, 31.857522147609679 ], [ -91.332016533128112, 31.857294945941149 ], [ -91.332334767487581, 31.857245245189258 ], [ -91.332600970093935, 31.85740215918754 ], [ -91.332659203592399, 31.857673770511923 ], [ -91.332475354025817, 31.857900973125158 ], [ -91.332157117455154, 31.857950674149819 ], [ -91.331890914111042, 31.857793759206842 ], [ -91.331832682823773, 31.857522147609679 ] ] ] ] } },
{ "type": "Feature", "properties": { "depth_bin": "15-20 ft", "bin_order": -17.5, "survey_id": "LM_04_GGK_20190515_CS_3850_3896", "date": "2019-05-15", "year": 2019, "mile": 387.0 }, "geometry": { "type": "MultiPolygon", "coordinates": [ [ [ [ -91.310153590332177, 31.852107940333621 ], [ -91.3103374809684, 31.851880771295605 ], [ -91.310655705656657, 31.851831124536911 ], [ -91.310921854254033, 31.851988082263578 ], [ -91.310980021041914, 31.852259701436264 ], [ -91.310796131141217, 31.852486871419298 ], [ -91.310477904241637, 31.852536518449362 ], [ -91.310211754908721, 31.852379559777688 ], [ -91.310153590332177, 31.852107940333621 ] ] ], [ [ [ -91.289531096379022, 31.852514600224211 ], [ -91.289788716969426, 31.852255111428679 ], [ -91.290149384729887, 31.852275100521855 ], [ -91.290350644337522, 31.852491274512349 ], [ -91.290325243669599, 31.852903313183159 ], [ -91.290071974563972, 31.853075096300909 ], [ -91.289750573322706, 31.853043706409256 ], [ -91.289562670710922, 31.852861049472619 ], [ -91.289531096379022, 31.852514600224211 ] ] ], [ [ [ -91.256120219821014, 31.853331846339952 ], [ -91.256329433535157, 31.853121249175452 ], [ -91.256651838108937, 31.853098602426712 ], [ -91.256898574951279, 31.853277172196684 ], [ -91.256925109167653, 31.853552355429137 ], [ -91.256715895738239, 31.853762953574027 ], [ -91.256393488851202, 31.853785600401043 ], [ -91.256146751724117, 31.853607029650707 ], [ -91.256120219821014, 31.853331846339952 ] ] ], [ [ [ -91.332074176973066, 31.858146024836284 ], [ -91.332283235269784, 31.857935297207455 ], [ -91.332605647229954, 31.857912457755873 ], [ -91.332852549935282, 31.858090885463639 ], [ -91.332879311336228, 31.858366060492305 ], [ -91.332670253331727, 31.858576789100937 ], [ -91.332347839058855, 31.858599628635773 ], [ -91.332100936061295, 31.858421199948197 ], [ -91.332074176973066, 31.858146024836284 ] ] ] ] } },
{ "type": "Feature", "properties": { "depth_bin": "20-25 ft", "bin_order": -22.5, "survey_id": "LM_04_GGK_20190515_CS_3850_3896", "date": "2019-05-15", "year": 2019, "mile": 387.0 }, "geometry": { "type": "MultiPolygon", "coordinates": [ [ [ [ -91.310170110842861, 31.851902779318859 ], [ -91.31048204476383, 31.851691122432925 ], [ -91.310725847465037, 31.851714893626951 ], [ -91.310888902447829, 31.851821509409376 ], [ -91.310979269731732, 31.852016240133828 ], [ -91.310971928363344, 31.852361933106049 ], [ -91.310815011026506, 31.852603393731439 ], [ -91.310504017321534, 31.852679425081426 ], [ -91.310221124575136, 31.852545488703761 ], [ -91.310130758447301, 31.852350757493117 ], [ -91.310170110842861, 31.851902779318859 ] ] ], [ [ [ -91.29390086976646, 31.853022321937125 ], [ -91.293953279450704, 31.853711218213576 ], [ -91.293827484579495, 31.853929295702663 ], [ -91.293526698402061, 31.854030938106717 ], [ -91.293229804822531, 31.853921274778155 ], [ -91.293117545049057, 31.853735027574825 ], [ -91.293071899715969, 31.853115934421346 ], [ -91.293200381577378, 31.852862528224367 ], [ -91.293459708406047, 31.85276206750498 ], [ -91.293734838577009, 31.852824829527997 ], [ -91.29390086976646, 31.853022321937125 ] ] ], [ [ [ -91.331811886440434, 31.857322307122967 ], [ -91.332044137039304, 31.857130083662966 ], [ -91.332367616642657, 31.857134326577384 ], [ -91.332592836930132, 31.857332550501937 ], [ -91.332587866795478, 31.857608639240961 ], [ -91.332355616032004, 31.857800863678154 ], [ -91.332032134103471, 31.857796620654231 ], [ -91.331806913980586, 31.857598395752497 ], [ -91.331811886440434, 31.857322307122967 ] ] ], [ [ [ -91.328290870779909, 31.857988413841142 ], [ -91.328602786531732, 31.857776711963552 ], [ -91.328846611470041, 31.857800449089243 ], [ -91.329009698796455, 31.857907042612272 ], [ -91.329205714347765, 31.858503162421627 ], [ -91.329047556562529, 31.858815361384973 ], [ -91.328736554624328, 31.858891437070064 ], [ -91.328453615039606, 31.858757539839857 ], [ -91.328263057827712, 31.858196515924501 ], [ -91.328290870779909, 31.857988413841142 ] ] ], [ [ [ -91.274386493869642, 31.848116817582316 ], [ -91.274618834630957, 31.84792470213025 ], [ -91.274942272467257, 31.847929089964879 ], [ -91.275167343523862, 31.848127410832255 ], [ -91.275162204107943, 31.848403491748599 ], [ -91.274929863176439, 31.848595608177341 ], [ -91.274606423016266, 31.848591220229462 ], [ -91.274381352129879, 31.848392898385399 ], [ -91.274386493869642, 31.848116817582316 ] ] ], [ [ [ -91.274589375332837, 31.848922416894116 ], [ -91.274748035907436, 31.848762643803095 ], [ -91.274942495394583, 31.848706212080572 ], [ -91.27514515847534, 31.848734688568491 ], [ -91.275332340584768, 31.848870116288072 ], [ -91.275466324419341, 31.849482652073743 ], [ -91.275272925560557, 31.849780030189965 ], [ -91.274954693268185, 31.849829587972035 ], [ -91.274688615276105, 31.849672557246429 ], [ -91.274556012895772, 31.849095404883503 ], [ -91.274589375332837, 31.848922416894116 ] ] ], [ [ [ -91.28955987742539, 31.852722244874769 ], [ -91.289871858880474, 31.852510640327814 ], [ -91.290221028833088, 31.85259030275315 ], [ -91.290393706650192, 31.852972430156282 ], [ -91.290294935827703, 31.853235362609279 ], [ -91.290007268155023, 31.853361671339727 ], [ -91.289699216465706, 31.85327736587611 ], [ -91.289556673507235, 31.853066929717126 ], [ -91.28955987742539, 31.852722244874769 ] ] ], [ [ [ -91.256558514388274, 31.854016546926797 ], [ -91.256811845073216, 31.853844832902134 ], [ -91.257133233865034, 31.853876305776801 ], [ -91.257334417156599, 31.854092529381749 ], [ -91.257297544064301, 31.854366843523408 ], [ -91.257044212757179, 31.854538558483814 ], [ -91.256722821719123, 31.854507085306338 ], [ -91.256521639049737, 31.854290860765619 ], [ -91.256558514388274, 31.854016546926797 ] ] ] ] } },
{ "type": "Feature", "properties": { "depth_bin": "25-30 ft", "bin_order": -27.5, "survey_id": "LM_04_GGK_20190515_CS_3850_3896", "date": "2019-05-15", "year": 2019, "mile": 387.0 }, "geometry": { "type": "MultiPolygon", "coordinates": [ [ [ [ -91.31658515750614, 31.849004269420224 ], [ -91.31689706743623, 31.848792595858789 ], [ -91.31724625029382, 31.848872184415711 ], [ -91.317366031806543, 31.849014603891852 ], [ -91.317409004133737, 31.849255920901296 ], [ -91.317310313477464, 31.849518877282023 ], [ -91.317022691531534, 31.849645248892525 ], [ -91.316714624341699, 31.849561008426356 ], [ -91.316572023878081, 31.849350600516988 ], [ -91.31658515750614, 31.849004269420224 ] ] ], [ [ [ -91.310179577156703, 31.851734220542724 ], [ -91.310432807085917, 31.851562395906658 ], [ -91.310754212709952, 31.851593733577158 ], [ -91.310955520562317, 31.851809876583541 ], [ -91.310918806797062, 31.852084211946305 ], [ -91.310665576250884, 31.852256037518877 ], [ -91.310344168379586, 31.852224699548994 ], [ -91.3101428611442, 31.852008555606101 ], [ -91.310179577156703, 31.851734220542724 ] ] ], [ [ [ -91.296555753646189, 31.854003072274892 ], [ -91.29655929724656, 31.85351990294787 ], [ -91.296709523240224, 31.853313396108621 ], [ -91.29702052881477, 31.853237398981829 ], [ -91.297303403134265, 31.853371364132933 ], [ -91.297393742747957, 31.853566103529975 ], [ -91.297321645549204, 31.853798979674711 ], [ -91.297408017526308, 31.854114680189792 ], [ -91.297351630271208, 31.85432596006714 ], [ -91.297463711213851, 31.854698831609085 ], [ -91.297391376667363, 31.855006149273457 ], [ -91.297177383765487, 31.855166543908403 ], [ -91.296853916898442, 31.855162211732999 ], [ -91.296628781183415, 31.854963927250829 ], [ -91.296661566170982, 31.854374398339274 ], [ -91.296555753646189, 31.854003072274892 ] ] ], [ [ [ -91.331627568921235, 31.856768653394589 ], [ -91.33196228442057, 31.856584055502399 ], [ -91.332328075780794, 31.856719031590053 ], [ -91.332564094696096, 31.857307768173033 ], [ -91.332405950269703, 31.857619971827404 ], [ -91.332094954767172, 31.857696055974571 ], [ -91.331812013547406, 31.857562166154924 ], [ -91.331581454026789, 31.857008525127405 ], [ -91.331627568921235, 31.856768653394589 ] ] ], [ [ [ -91.328231358453579, 31.857688508066673 ], [ -91.32837163428843, 31.857560433660367 ], [ -91.328607541747687, 31.857502727046658 ], [ -91.328841255206939, 31.857566606781976 ], [ -91.328976843416115, 31.857698307430073 ], [ -91.329056311378039, 31.858039686588519 ], [ -91.328878916648279, 31.858293742042754 ], [ -91.329173961052007, 31.858403218752862 ], [ -91.329291754384144, 31.858624533521656 ], [ -91.329240178022076, 31.858829307249454 ], [ -91.329063996729531, 31.858975114292743 ], [ -91.328741580604188, 31.858997944600969 ], [ -91.328494683858537, 31.858819509120046 ], [ -91.328457237617471, 31.858578540264563 ], [ -91.328627916224519, 31.858359422342144 ], [ -91.328396110054982, 31.858295647383635 ], [ -91.328260521866014, 31.858163946126247 ], [ -91.328179780385028, 31.857893281330753 ], [ -91.328231358453579, 31.857688508066673 ] ] ], [ [ [ -91.274651087006021, 31.849024394320601 ], [ -91.274904371790811, 31.848852642439152 ], [ -91.275225751711716, 31.848884069198011 ], [ -91.275426968357962, 31.849100265441354 ], [ -91.275390151308571, 31.849374587003691 ], [ -91.275136865903477, 31.849546339821003 ], [ -91.274815483736461, 31.849514912760515 ], [ -91.274614267710518, 31.849298715581327 ], [ -91.274651087006021, 31.849024394320601 ] ] ], [ [ [ -91.289620545213523, 31.852964658070547 ], [ -91.289914204373758, 31.852784815569912 ], [ -91.290293666673591, 31.852888663844666 ], [ -91.290419410618, 31.853282867187545 ], [ -91.290290920643201, 31.853536270271288 ], [ -91.289990132282753, 31.853637904221824 ], [ -91.289693244525409, 31.853528232817002 ], [ -91.28957555348731, 31.853306884694589 ], [ -91.289620545213523, 31.852964658070547 ] ] ], [ [ [ -91.293158062776726, 31.853632545778126 ], [ -91.293298378867718, 31.853504511468113 ], [ -91.293534294632636, 31.853446870310741 ], [ -91.293767970724204, 31.853510813377813 ], [ -91.293903501605442, 31.853642549582872 ], [ -91.293986763754916, 31.854396842184315 ], [ -91.293760189104376, 31.854676642110263 ], [ -91.293437783553898, 31.854699383102052 ], [ -91.293190969171746, 31.854520881688821 ], [ -91.293106064106965, 31.853939376316589 ], [ -91.293158062776726, 31.853632545778126 ] ] ], [ [ [ -91.260474629437411, 31.853697704169001 ], [ -91.260768344322827, 31.853517931106389 ], [ -91.261084573170024, 31.853576130123407 ], [ -91.261347882312833, 31.853888649623144 ], [ -91.261289129522766, 31.854193036383037 ], [ -91.261017305163548, 31.854342739627288 ], [ -91.260701073772367, 31.854284540357998 ], [ -91.260437765817414, 31.853972019574574 ], [ -91.260474629437411, 31.853697704169001 ] ] ], [ [ [ -91.253642554595544, 31.863252188744628 ], [ -91.25397743972276, 31.863067802698357 ], [ -91.254343131704971, 31.863202999985557 ], [ -91.254610901552041, 31.863781119922379 ], [ -91.254452486824377, 31.864093216639702 ], [ -91.254141414473594, 31.864169106954126 ], [ -91.253858575046735, 31.864035047005384 ], [ -91.253605665639384, 31.863526500917537 ], [ -91.253642554595544, 31.863252188744628 ] ] ] ] } },
{ "type": "Feature", "properties": { "depth_bin": "30-35 ft", "bin_order": -32.5, "survey_id": "LM_04_GGK_20190515_CS_3850_3896", "date": "2019-05-15", "year": 2019, "mile": 387.0 }, "geometry": { "type": "MultiPolygon", "coordinates": [ [ [ [ -91.316587198046548, 31.848838076171603 ], [ -91.316840408519653, 31.848666238013816 ], [ -91.317161807074299, 31.848697559225943 ], [ -91.317363124385011, 31.848913692478106 ], [ -91.317326431065737, 31.849188030504649 ], [ -91.317073219976351, 31.849359869598928 ], [ -91.316751819174613, 31.849328548087836 ], [ -91.316550502480183, 31.849112413899203 ], [ -91.316587198046548, 31.848838076171603 ] ] ], [ [ [ -91.310197266783419, 31.852254064963564 ], [ -91.310469010378469, 31.852104253516774 ], [ -91.310785271592991, 31.852162329822104 ], [ -91.310960790370217, 31.852394273904373 ], [ -91.310892749453004, 31.852664216674082 ], [ -91.310621004814394, 31.852814028980983 ], [ -91.310304741516092, 31.852755952199306 ], [ -91.31012922378244, 31.852524007256942 ], [ -91.310197266783419, 31.852254064963564 ] ] ], [ [ [ -91.300135149065056, 31.854109906475461 ], [ -91.300342140652944, 31.853975262021393 ], [ -91.300148439075045, 31.85387840914202 ], [ -91.300045612440741, 31.853726640938181 ], [ -91.300019835435421, 31.853104355873747 ], [ -91.300228952250293, 31.852893682930883 ], [ -91.300551350648078, 31.852870924431254 ], [ -91.300725855007741, 31.852963398958451 ], [ -91.300838129542825, 31.853149639964141 ], [ -91.300865171732298, 31.853703247721512 ], [ -91.300774454363051, 31.85386054041512 ], [ -91.300592691562755, 31.853967082621779 ], [ -91.300858715334556, 31.854149947808104 ], [ -91.300910668364736, 31.854457947037005 ], [ -91.300878373808516, 31.855352993140592 ], [ -91.300759320533842, 31.855536142859936 ], [ -91.300581504659434, 31.855623908908044 ], [ -91.300260089780039, 31.855592545169479 ], [ -91.300058799895282, 31.855376385929148 ], [ -91.300060246139736, 31.854309360413438 ], [ -91.300135149065056, 31.854109906475461 ] ] ], [ [ [ -91.331444641134155, 31.85621832437554 ], [ -91.331757485131916, 31.85606381081779 ], [ -91.332123274146383, 31.856198787425107 ], [ -91.332382325869304, 31.856779398403827 ], [ -91.332224181826433, 31.857091601866792 ], [ -91.331913187990352, 31.857167685630714 ], [ -91.331630248631129, 31.857033795459845 ], [ -91.331376656079414, 31.856488279903463 ], [ -91.331444641134155, 31.85621832437554 ] ] ], [ [ [ -91.328150001986074, 31.857396861700771 ], [ -91.328462855175374, 31.857242356603034 ], [ -91.328801262795395, 31.857350746876598 ], [ -91.328967512739737, 31.8577028819305 ], [ -91.328840516937461, 31.857991711370747 ], [ -91.328539751874303, 31.858093437434515 ], [ -91.328242800166507, 31.857983854079677 ], [ -91.328082006382132, 31.857666815060842 ], [ -91.328150001986074, 31.857396861700771 ] ] ], [ [ [ -91.321073375250734, 31.859998894888424 ], [ -91.321345125668842, 31.859849060541332 ], [ -91.3216614212064, 31.85990711086264 ], [ -91.321836981701594, 31.860139041097881 ], [ -91.321768965459853, 31.860408990269345 ], [ -91.321497213998768, 31.860558825477124 ], [ -91.321180916376164, 31.860500774680002 ], [ -91.321005356923962, 31.860268843584077 ], [ -91.321073375250734, 31.859998894888424 ] ] ], [ [ [ -91.310436516810782, 31.860911226404209 ], [ -91.310708286115172, 31.860761415505575 ], [ -91.311024576820742, 31.860819492166446 ], [ -91.31120011159588, 31.861051436203404 ], [ -91.31113206381184, 31.861321378553757 ], [ -91.310860293463492, 31.86147119031282 ], [ -91.310544000673247, 31.861413113175495 ], [ -91.310368466942052, 31.861181168278094 ], [ -91.310436516810782, 31.860911226404209 ] ] ], [ [ [ -91.307186064115697, 31.860952212793816 ], [ -91.307498962141281, 31.860797760999066 ], [ -91.307864730866427, 31.860932806747368 ], [ -91.307951567973589, 31.861337386478127 ], [ -91.307794626614807, 31.861578842250111 ], [ -91.307483600283049, 31.861654864978895 ], [ -91.30720068541811, 31.861520921262443 ], [ -91.307108928980824, 31.861290804009176 ], [ -91.307186064115697, 31.860952212793816 ] ] ], [ [ [ -91.300349532232786, 31.861390697232455 ], [ -91.300621318277578, 31.861240908527922 ], [ -91.300937603084336, 31.861299010123698 ], [ -91.301113112776619, 31.861530967230294 ], [ -91.301045035418213, 31.861800903128785 ], [ -91.300773248328525, 31.86195069269348 ], [ -91.300456961437462, 31.861892590620638 ], [ -91.300281452790074, 31.861660632653873 ], [ -91.300349532232786, 31.861390697232455 ] ] ], [ [ [ -91.286117282424314, 31.851645359806145 ], [ -91.286430180916014, 31.851490959787817 ], [ -91.286768513300729, 31.851599459613194 ], [ -91.28692152426386, 31.851955428483194 ], [ -91.286794408060061, 31.85224421188089 ], [ -91.286493620524737, 31.852345837590075 ], [ -91.286196741369523, 31.852236158287692 ], [ -91.286043732822336, 31.851880188641694 ], [ -91.286117282424314, 31.851645359806145 ] ] ], [ [ [ -91.296626252046352, 31.853252248544674 ], [ -91.296818361148411, 31.85312193222736 ], [ -91.297062917525551, 31.85310467543864 ], [ -91.297277491631121, 31.853206294736566 ], [ -91.297389759356818, 31.853392538550107 ], [ -91.297322082680552, 31.854067305945009 ], [ -91.297423062202924, 31.854425938614948 ], [ -91.297293036074109, 31.854680513560719 ], [ -91.297433602423439, 31.854836560439576 ], [ -91.297484965726639, 31.855146901272999 ], [ -91.297359176893437, 31.855364982431905 ], [ -91.297140968134912, 31.85546080621063 ], [ -91.296824705930007, 31.855402695893186 ], [ -91.296649218147209, 31.855170733429212 ], [ -91.296627392817001, 31.854893448473774 ], [ -91.296748006443892, 31.854709138656201 ], [ -91.296584635913206, 31.854485100151923 ], [ -91.296629337047719, 31.854087336586041 ], [ -91.296523178152583, 31.85372888060957 ], [ -91.296626252046352, 31.853252248544674 ] ] ], [ [ [ -91.289643178845353, 31.853210169189243 ], [ -91.28991495646801, 31.853060402959684 ], [ -91.290231205583638, 31.853118530058545 ], [ -91.290406673222307, 31.85335050075733 ], [ -91.290338572081822, 31.853620430374598 ], [ -91.290066793413729, 31.853770197463763 ], [ -91.289750542215089, 31.853712069887319 ], [ -91.289575075621855, 31.853480098328944 ], [ -91.289643178845353, 31.853210169189243 ] ] ], [ [ [ -91.293213484051591, 31.854014148133448 ], [ -91.29340559934117, 31.853883837211495 ], [ -91.293609228362797, 31.85386084237911 ], [ -91.29393704469696, 31.854054228736356 ], [ -91.293976073439012, 31.85470827890892 ], [ -91.293756228551445, 31.854953144174139 ], [ -91.293433822034501, 31.854975885121295 ], [ -91.293187006948926, 31.854797383682357 ], [ -91.293138566500389, 31.854213597478584 ], [ -91.293213484051591, 31.854014148133448 ] ] ], [ [ [ -91.274736953660678, 31.849402509943616 ], [ -91.275008742378191, 31.849252775952653 ], [ -91.275324967460776, 31.849310939382129 ], [ -91.275500390015964, 31.84954292922216 ], [ -91.275432249150043, 31.849812849578225 ], [ -91.275160459385944, 31.849962584428241 ], [ -91.274844232221383, 31.849904420520364 ], [ -91.274668810712782, 31.84967242982129 ], [ -91.274736953660678, 31.849402509943616 ] ] ], [ [ [ -91.28244502867598, 31.851462754654385 ], [ -91.282799387353222, 31.85130718628573 ], [ -91.28314780313238, 31.851472244911385 ], [ -91.283250690754315, 31.851844335371741 ], [ -91.283191901537649, 31.852088898061886 ], [ -91.283033249045687, 31.852248681924035 ], [ -91.282715011421359, 31.852298258962943 ], [ -91.282448912596195, 31.852141243826736 ], [ -91.282370090566417, 31.851662196988702 ], [ -91.28244502867598, 31.851462754654385 ] ] ], [ [ [ -91.260632151453706, 31.853916840140521 ], [ -91.26094509724561, 31.8537625046838 ], [ -91.2612834046448, 31.853871071540393 ], [ -91.261453161523633, 31.854223702806014 ], [ -91.261325963678289, 31.854512457714797 ], [ -91.261025143633645, 31.854614021873335 ], [ -91.260728290393118, 31.854504283936322 ], [ -91.260563963801417, 31.854186750697107 ], [ -91.260632151453706, 31.853916840140521 ] ] ], [ [ [ -91.250538817428776, 31.857490787800458 ], [ -91.2507309970824, 31.857360543834162 ], [ -91.250934641057725, 31.857337618025955 ], [ -91.251126901435825, 31.857399331970786 ], [ -91.251324768305821, 31.857578965153223 ], [ -91.25150805106226, 31.858073412196852 ], [ -91.251348269204215, 31.858350121345094 ], [ -91.251037214210015, 31.858426004725693 ], [ -91.250754396755639, 31.858291938540848 ], [ -91.250470597477147, 31.857760691652825 ], [ -91.250538817428776, 31.857490787800458 ] ] ], [ [ [ -91.256554477937712, 31.861742527678203 ], [ -91.256807830471274, 31.861570814614531 ], [ -91.257129245952484, 31.86160228841857 ], [ -91.257330445140497, 31.861818512376942 ], [ -91.257293567839682, 31.862092826089221 ], [ -91.257040214683741, 31.862264540088933 ], [ -91.25671879695544, 31.862233065982021 ], [ -91.256517598389806, 31.862016841087602 ], [ -91.256554477937712, 31.861742527678203 ] ] ], [ [ [ -91.257097186703447, 31.862721275690994 ], [ -91.257369042253856, 31.862571582120491 ], [ -91.257685299197192, 31.862629790540851 ], [ -91.257860699977826, 31.862861803588029 ], [ -91.257792496455764, 31.863131711773061 ], [ -91.257520639856537, 31.863281406202567 ], [ -91.257204380830586, 31.86322319730256 ], [ -91.257028981098742, 31.86299118339636 ], [ -91.257097186703447, 31.862721275690994 ] ] ], [ [ [ -91.253388601563685, 31.862724385360597 ], [ -91.253743049134698, 31.862568901527581 ], [ -91.254091450633112, 31.862734039187124 ], [ -91.254357127409662, 31.863275640947691 ], [ -91.254206586911806, 31.863581840782608 ], [ -91.254484811285792, 31.863644339588596 ], [ -91.254660205626323, 31.863876356800073 ], [ -91.254632225536071, 31.86408443669545 ], [ -91.25447350392912, 31.86424418214067 ], [ -91.254155212951972, 31.864293685575419 ], [ -91.253889131990704, 31.86413661142619 ], [ -91.253824381805316, 31.863899904151534 ], [ -91.253973590786174, 31.863664416798777 ], [ -91.253730600215846, 31.863620604076743 ], [ -91.253559881278292, 31.863470139513531 ], [ -91.253320385240329, 31.862994290689674 ], [ -91.253388601563685, 31.862724385360597 ] ] ] ] } },
{ "type": "Feature", "properties": { "depth_bin": "35-40 ft", "bin_order": -37.5, "survey_id": "LM_04_GGK_20190515_CS_3850_3896", "date": "2019-05-15", "year": 2019, "mile": 387.0 }, "geometry": { "type": "MultiPolygon", "coordinates": [ [ [ [ -91.310206695866071, 31.851566083589645 ], [ -91.310478437375338, 31.851416272036886 ], [ -91.310794696267962, 31.851474348243809 ], [ -91.310970213847241, 31.851706292292853 ], [ -91.310902173557821, 31.85197623511398 ], [ -91.310630431005023, 31.852126047526827 ], [ -91.31031417002869, 31.852067970843581 ], [ -91.310138653492942, 31.851836025934446 ], [ -91.310206695866071, 31.851566083589645 ] ] ], [ [ [ -91.310237205900094, 31.852363121362789 ], [ -91.310524844993566, 31.852236765767561 ], [ -91.310832914627881, 31.852321021312964 ], [ -91.310980953090549, 31.852566532692201 ], [ -91.310882240446773, 31.852829483199841 ], [ -91.310594599923249, 31.852955839545743 ], [ -91.310286528448785, 31.852871583365349 ], [ -91.31013849141614, 31.852626071235449 ], [ -91.310237205900094, 31.852363121362789 ] ] ], [ [ [ -91.310296036088374, 31.854836402760508 ], [ -91.310462905097921, 31.854734170304575 ], [ -91.310707464452591, 31.854716887328433 ], [ -91.310922058277782, 31.854818484216946 ], [ -91.311024904283258, 31.854970244256407 ], [ -91.311048082254388, 31.855248196539989 ], [ -91.310975722938153, 31.855412504041052 ], [ -91.311054104872781, 31.855831800083557 ], [ -91.310935070611592, 31.856014959995608 ], [ -91.310757262764795, 31.856102740574368 ], [ -91.31043584156177, 31.85607140239205 ], [ -91.310234526169083, 31.855855258423141 ], [ -91.310209781250947, 31.855578088314562 ], [ -91.310282142048933, 31.855413781305039 ], [ -91.310195928698562, 31.855063968383476 ], [ -91.310296036088374, 31.854836402760508 ] ] ], [ [ [ -91.331376737232645, 31.855925606403574 ], [ -91.33170581830079, 31.855798008952188 ], [ -91.332030148864348, 31.855934179272271 ], [ -91.33216664227551, 31.856296585536295 ], [ -91.332007099976266, 31.856573404605193 ], [ -91.331696107747064, 31.856649487897236 ], [ -91.331413170272711, 31.856515597297435 ], [ -91.331278077729877, 31.856188574478178 ], [ -91.331376737232645, 31.855925606403574 ] ] ], [ [ [ -91.328048127855752, 31.856971917851801 ], [ -91.32837721689269, 31.856844329321767 ], [ -91.328701545755777, 31.85698050807143 ], [ -91.328894043744029, 31.857435506750246 ], [ -91.328735886918651, 31.857747705402424 ], [ -91.32842488838746, 31.857823780450968 ], [ -91.32814195247613, 31.857689882632371 ], [ -91.327949457766863, 31.857234882940276 ], [ -91.328048127855752, 31.856971917851801 ] ] ], [ [ [ -91.332217457760819, 31.858150427457865 ], [ -91.332505087548114, 31.858024021822736 ], [ -91.332813198692406, 31.858108225367193 ], [ -91.332961305166521, 31.858353713245172 ], [ -91.332862647196407, 31.858616682518665 ], [ -91.332575015980382, 31.858743088905499 ], [ -91.332266902994121, 31.858658884727085 ], [ -91.332118797948695, 31.858413396097408 ], [ -91.332217457760819, 31.858150427457865 ] ] ], [ [ [ -91.328560800283213, 31.858562522738676 ], [ -91.3288484359813, 31.858436125600182 ], [ -91.329156544738481, 31.85852033793649 ], [ -91.329304641925802, 31.858765829751512 ], [ -91.329205973209071, 31.859028795800896 ], [ -91.328918336081955, 31.859155193690967 ], [ -91.328610225482976, 31.859070980720503 ], [ -91.32846212972467, 31.858825488153901 ], [ -91.328560800283213, 31.858562522738676 ] ] ], [ [ [ -91.324698012047506, 31.858859709093039 ], [ -91.324864873507622, 31.858757457494946 ], [ -91.325109442142377, 31.858740147092284 ], [ -91.32541356572159, 31.858959955068624 ], [ -91.325542622246601, 31.859815531502814 ], [ -91.325445220311323, 31.860007779552234 ], [ -91.325278357138018, 31.860110031837731 ], [ -91.32495486831661, 31.860105770538986 ], [ -91.324729658549671, 31.859907533492169 ], [ -91.324597934702354, 31.859087286987197 ], [ -91.324698012047506, 31.858859709093039 ] ] ], [ [ [ -91.320996765086676, 31.859288619804001 ], [ -91.321367267159175, 31.859163334119714 ], [ -91.32169516310681, 31.859356651380839 ], [ -91.321832068251496, 31.860105973561971 ], [ -91.321605560608575, 31.860385825304277 ], [ -91.321283138605196, 31.860408636456942 ], [ -91.321036253281704, 31.860230186889911 ], [ -91.320898072450177, 31.859551578555557 ], [ -91.320996765086676, 31.859288619804001 ] ] ], [ [ [ -91.310460947856754, 31.85991926954939 ], [ -91.310627826121248, 31.859817037265362 ], [ -91.31087239893067, 31.85979975444781 ], [ -91.311087004466145, 31.859901351393223 ], [ -91.311199308026133, 31.860087584064637 ], [ -91.311203579803589, 31.861327623864639 ], [ -91.311084538250128, 31.861510783531333 ], [ -91.310866327789597, 31.861606630775146 ], [ -91.310550034536149, 31.86154855363791 ], [ -91.310374500548733, 31.861316608744186 ], [ -91.310346702888666, 31.860284877024601 ], [ -91.310460947856754, 31.85991926954939 ] ] ], [ [ [ -91.300069093104256, 31.852736045624894 ], [ -91.300261196504479, 31.852605723888527 ], [ -91.300505751188524, 31.852588460405119 ], [ -91.300720328180361, 31.852690073989159 ], [ -91.300823154876539, 31.852841841669292 ], [ -91.300809475078267, 31.853221207615622 ], [ -91.300568717915112, 31.853415827497688 ], [ -91.300847356986196, 31.853629897659061 ], [ -91.300897019525678, 31.854217273292303 ], [ -91.300799573757146, 31.854409501052054 ], [ -91.300593426233959, 31.85452312433474 ], [ -91.300272015152146, 31.854491760753785 ], [ -91.300070727508867, 31.854275601578749 ], [ -91.30004115898393, 31.853686807793569 ], [ -91.300307209190024, 31.853424841569787 ], [ -91.300118037461502, 31.853329021489468 ], [ -91.300015211445256, 31.853177253271433 ], [ -91.300069093104256, 31.852736045624894 ] ] ], [ [ [ -91.296620482799682, 31.853089278995881 ], [ -91.296908141304826, 31.852962954950083 ], [ -91.297216199361046, 31.853047243139848 ], [ -91.29736420203767, 31.853292769136281 ], [ -91.297265450362005, 31.853555707671021 ], [ -91.296977790425686, 31.853682032466978 ], [ -91.296669730530027, 31.853597743641487 ], [ -91.296521729284592, 31.853352216894894 ], [ -91.296620482799682, 31.853089278995881 ] ] ], [ [ [ -91.306936049166353, 31.854194656726087 ], [ -91.307102920485747, 31.85409242875944 ], [ -91.307347478460002, 31.854075152209113 ], [ -91.307562066875803, 31.854176754600811 ], [ -91.307674356801769, 31.854362990061826 ], [ -91.307732418280452, 31.855705531006592 ], [ -91.307606652277457, 31.855923623098594 ], [ -91.30738845194216, 31.856019464783131 ], [ -91.307072180201018, 31.855961379678149 ], [ -91.306896665081837, 31.855729430454158 ], [ -91.30683593441384, 31.854422219463178 ], [ -91.306936049166353, 31.854194656726087 ] ] ], [ [ [ -91.303524401295206, 31.854434005083014 ], [ -91.303691276611602, 31.85433178174431 ], [ -91.303935835544237, 31.854314511802322 ], [ -91.304150420484973, 31.854416119839232 ], [ -91.304253254716699, 31.854567884966869 ], [ -91.304276430072861, 31.855705631086149 ], [ -91.304157382881044, 31.855888784195923 ], [ -91.303979569307856, 31.855976555081249 ], [ -91.303658151649714, 31.855945199854375 ], [ -91.303456852848726, 31.855729045704653 ], [ -91.303424277999952, 31.8546615648252 ], [ -91.303524401295206, 31.854434005083014 ] ] ], [ [ [ -91.293976117154699, 31.854636113151045 ], [ -91.294014906408947, 31.855153546250101 ], [ -91.293841680051173, 31.855346486635568 ], [ -91.293523436188863, 31.855396090541369 ], [ -91.293257309301225, 31.855239097152516 ], [ -91.293163177427644, 31.854727913808695 ], [ -91.293353844785855, 31.854465836492565 ], [ -91.29358976299892, 31.854408195324865 ], [ -91.293823441527735, 31.854472138366699 ], [ -91.293976117154699, 31.854636113151045 ] ] ], [ [ [ -91.296713470784013, 31.855010879688074 ], [ -91.297001135266967, 31.854884555671863 ], [ -91.29730919972755, 31.854968843837458 ], [ -91.297457205483639, 31.855214369770152 ], [ -91.297358451758569, 31.855477308238978 ], [ -91.297070785844312, 31.855603633005412 ], [ -91.29676271954412, 31.855519344204044 ], [ -91.29661471521932, 31.855273817521137 ], [ -91.296713470784013, 31.855010879688074 ] ] ], [ [ [ -91.300180218637919, 31.855180752071686 ], [ -91.300347098821661, 31.855078533309754 ], [ -91.300591660050017, 31.855061269893941 ], [ -91.300895710972895, 31.855281134222356 ], [ -91.300911644021909, 31.855902138736813 ], [ -91.300654042887814, 31.856161650665079 ], [ -91.300330571961766, 31.856157327211118 ], [ -91.300105426190214, 31.855959048573339 ], [ -91.300082770298289, 31.8553729791671 ], [ -91.300180218637919, 31.855180752071686 ] ] ], [ [ [ -91.307194213734576, 31.860512803237011 ], [ -91.307361096503641, 31.860410575412953 ], [ -91.307605671197678, 31.860393298958201 ], [ -91.307820274231432, 31.860494901333897 ], [ -91.30792312089747, 31.860646663795634 ], [ -91.307939224467901, 31.861061063780745 ], [ -91.307863505969721, 31.861229099565509 ], [ -91.307929968097952, 31.861510588690134 ], [ -91.307810919960872, 31.861693745053635 ], [ -91.307633098197755, 31.861781520707343 ], [ -91.307311658803599, 31.861750174006136 ], [ -91.307110339220884, 31.861534025098919 ], [ -91.307172455314898, 31.861225705446323 ], [ -91.307096773562336, 31.860705035865827 ], [ -91.307194213734576, 31.860512803237011 ] ] ], [ [ [ -91.274774170040999, 31.849537777196694 ], [ -91.275045959109747, 31.84938804314109 ], [ -91.275362184677903, 31.849446206493926 ], [ -91.275537607568594, 31.849678196290206 ], [ -91.275469466691575, 31.849948116661061 ], [ -91.275197676576241, 31.850097851575704 ], [ -91.274881448926095, 31.850039687744474 ], [ -91.274706027081976, 31.849807697089144 ], [ -91.274774170040999, 31.849537777196694 ] ] ], [ [ [ -91.2710993221351, 31.850599010077516 ], [ -91.271387004762687, 31.850472744689839 ], [ -91.271695028430045, 31.850557093650075 ], [ -91.271842958349808, 31.850802646931729 ], [ -91.271744138167975, 31.851065563282383 ], [ -91.27145645410738, 31.851191829419154 ], [ -91.271148428602331, 31.851107479821898 ], [ -91.271000500115591, 31.850861925791147 ], [ -91.2710993221351, 31.850599010077516 ] ] ], [ [ [ -91.286119439301075, 31.851480982954435 ], [ -91.286489951959751, 31.851355799336982 ], [ -91.28681774392912, 31.851549203296205 ], [ -91.286822267890287, 31.851870544385093 ], [ -91.286938689342449, 31.852162645136648 ], [ -91.286712099790549, 31.852442432039883 ], [ -91.286389701172837, 31.85246515537456 ], [ -91.286142906781677, 31.852286640900306 ], [ -91.286138385228085, 31.851965299889248 ], [ -91.286019277435344, 31.851708527705693 ], [ -91.286119439301075, 31.851480982954435 ] ] ], [ [ [ -91.282481712934711, 31.851848344584891 ], [ -91.282852231493351, 31.851723171801506 ], [ -91.283159257889167, 31.851885934115106 ], [ -91.283261610355908, 31.852397475146329 ], [ -91.283070919704357, 31.8526595365541 ], [ -91.282752680673156, 31.852709113635381 ], [ -91.282486580633361, 31.852552098544027 ], [ -91.282381541828357, 31.852075886129469 ], [ -91.282481712934711, 31.851848344584891 ] ] ], [ [ [ -91.289598265438812, 31.852220768631103 ], [ -91.289885930006207, 31.852094460700147 ], [ -91.290193978004069, 31.852178765594601 ], [ -91.290341960393448, 31.852424299100452 ], [ -91.290243190085278, 31.852687231550238 ], [ -91.28995552408621, 31.852813540231061 ], [ -91.289647474249406, 31.852729234700515 ], [ -91.289499493291714, 31.852483700444797 ], [ -91.289598265438812, 31.852220768631103 ] ] ], [ [ [ -91.293132150630029, 31.852752098045968 ], [ -91.293419812446189, 31.852625782017178 ], [ -91.293727865815796, 31.852710078515141 ], [ -91.293875858553378, 31.852955608244208 ], [ -91.293777097508212, 31.853218543749428 ], [ -91.293489434260607, 31.853344860528225 ], [ -91.293181379051802, 31.853260563394386 ], [ -91.29303338774568, 31.853015032915291 ], [ -91.293132150630029, 31.852752098045968 ] ] ], [ [ [ -91.267726474314273, 31.852432180760822 ], [ -91.268097013104764, 31.85230705178423 ], [ -91.268404013725757, 31.852469848874392 ], [ -91.268446017498505, 31.852787760503855 ], [ -91.268595272395189, 31.853068666425298 ], [ -91.268401843932722, 31.853366032882093 ], [ -91.268083596382965, 31.853415572869878 ], [ -91.267817520732407, 31.853258527894127 ], [ -91.267775518992437, 31.852940616148331 ], [ -91.267627640637656, 31.852695093371594 ], [ -91.267726474314273, 31.852432180760822 ] ] ], [ [ [ -91.289681282134751, 31.853318421302365 ], [ -91.290051797948195, 31.85319322742636 ], [ -91.290358842583061, 31.85335597292833 ], [ -91.290455490443932, 31.853866150097041 ], [ -91.290264816407614, 31.854128222845794 ], [ -91.289946575277014, 31.854177817884789 ], [ -91.28968045821496, 31.854020817312811 ], [ -91.289581126681668, 31.853545969034137 ], [ -91.289681282134751, 31.853318421302365 ] ] ], [ [ [ -91.260754104846484, 31.854152776218207 ], [ -91.261083267994835, 31.854025364760687 ], [ -91.261407479940445, 31.854161711444792 ], [ -91.261596576978334, 31.854653079466235 ], [ -91.261436831052151, 31.854929802722687 ], [ -91.261125794746405, 31.85500571153537 ], [ -91.260842971791476, 31.854871667581612 ], [ -91.260655249564081, 31.854415682571236 ], [ -91.260754104846484, 31.854152776218207 ] ] ], [ [ [ -91.261185371405034, 31.855188922298808 ], [ -91.261473081020839, 31.855062680421362 ], [ -91.261781109551507, 31.855147053568395 ], [ -91.261929019360707, 31.855392617545519 ], [ -91.261830165874159, 31.855655524834908 ], [ -91.261542454824237, 31.855781767461195 ], [ -91.261234424456021, 31.855697393676532 ], [ -91.261086516080951, 31.855451828950542 ], [ -91.261185371405034, 31.855188922298808 ] ] ], [ [ [ -91.257389436569937, 31.85561282501385 ], [ -91.257677152286405, 31.855486591967804 ], [ -91.257985178299975, 31.855570974235505 ], [ -91.258133078448651, 31.855816542279946 ], [ -91.258034213816941, 31.856079446200646 ], [ -91.25774649666603, 31.856205679995401 ], [ -91.25743846881511, 31.856121297089857 ], [ -91.257290570100878, 31.855875728296677 ], [ -91.257389436569937, 31.85561282501385 ] ] ], [ [ [ -91.261504869033416, 31.855965433915284 ], [ -91.261834037809038, 31.855838020740595 ], [ -91.262158257170128, 31.855974365737517 ], [ -91.262298729227865, 31.856337140963792 ], [ -91.262138982206096, 31.856613865004054 ], [ -91.261827940667715, 31.85668977533512 ], [ -91.261545111595126, 31.856555732758579 ], [ -91.261406013667738, 31.856228340787641 ], [ -91.261504869033416, 31.855965433915284 ] ] ], [ [ [ -91.257840268227753, 31.856647080931161 ], [ -91.258210836115083, 31.856521981928022 ], [ -91.258517831802678, 31.856684802671541 ], [ -91.258852095691722, 31.857350032258804 ], [ -91.258818700254409, 31.857523014746921 ], [ -91.258659997418846, 31.857682766235815 ], [ -91.258341730897925, 31.857732281087344 ], [ -91.25807566071822, 31.857575215967067 ], [ -91.257746828752175, 31.856945083503348 ], [ -91.257840268227753, 31.856647080931161 ] ] ], [ [ [ -91.260144497519605, 31.861483384848707 ], [ -91.260432228419475, 31.861357146192841 ], [ -91.260740276540758, 31.861441522493514 ], [ -91.260888192771546, 31.861687087709157 ], [ -91.26078932877553, 31.861949993596518 ], [ -91.260501596441031, 31.862076233001392 ], [ -91.260193546481688, 31.861991856062875 ], [ -91.260045631685529, 31.861746290098225 ], [ -91.260144497519605, 31.861483384848707 ] ] ], [ [ [ -91.25713580140912, 31.861477394061669 ], [ -91.257801123982603, 31.862803988175013 ], [ -91.257672531857096, 31.86305735429201 ], [ -91.2573716800038, 31.863158908542026 ], [ -91.257138008273188, 31.863094898682206 ], [ -91.25700251842521, 31.862963124823573 ], [ -91.256962884937536, 31.862734432025313 ], [ -91.256801673723643, 31.8625890161813 ], [ -91.256387531509262, 31.861805661833053 ], [ -91.256399660980989, 31.861517579550164 ], [ -91.256122257915848, 31.861303677990779 ], [ -91.256102131350602, 31.861094937756238 ], [ -91.256221278612855, 31.860911833396131 ], [ -91.256522124171582, 31.860810281619827 ], [ -91.256818991800017, 31.86092002981923 ], [ -91.256931185008625, 31.861106306602977 ], [ -91.256896279798283, 31.861326392024761 ], [ -91.25713580140912, 31.861477394061669 ] ] ], [ [ [ -91.25611670685096, 31.853109128062204 ], [ -91.256388534901433, 31.852959435423347 ], [ -91.256704758573107, 31.853017645175356 ], [ -91.256880139799762, 31.853249659174047 ], [ -91.256811941896046, 31.853519567372825 ], [ -91.256540112797154, 31.85366926087033 ], [ -91.256223887043902, 31.853611050638758 ], [ -91.256048506865682, 31.853379035781412 ], [ -91.25611670685096, 31.853109128062204 ] ] ], [ [ [ -91.256656632086688, 31.854087921141719 ], [ -91.256944343881173, 31.853961689592261 ], [ -91.257252364135496, 31.854046073450537 ], [ -91.257400260061218, 31.854291642247858 ], [ -91.257301395216615, 31.854554545642603 ], [ -91.257013681987715, 31.854680777940715 ], [ -91.256705659896213, 31.85459639344457 ], [ -91.256557765404906, 31.854350823898603 ], [ -91.256656632086688, 31.854087921141719 ] ] ], [ [ [ -91.254807825325116, 31.858005745453866 ], [ -91.255178402404596, 31.857880655657365 ], [ -91.255506147477846, 31.858074138671842 ], [ -91.255532694669725, 31.858349269436449 ], [ -91.256490049321712, 31.860183778862901 ], [ -91.256471506327415, 31.860426335490139 ], [ -91.256276876160214, 31.860603794306243 ], [ -91.255878408730226, 31.860598328776081 ], [ -91.255636844446727, 31.860322705979904 ], [ -91.254758383598244, 31.858625220242178 ], [ -91.254710281223154, 31.858197934242536 ], [ -91.254807825325116, 31.858005745453866 ] ] ], [ [ [ -91.250841621541426, 31.857957565852505 ], [ -91.251212203216213, 31.857832487803616 ], [ -91.251539939333838, 31.858025980744614 ], [ -91.251580176480672, 31.858251472060733 ], [ -91.251777439250588, 31.858465626956736 ], [ -91.251756474880693, 31.858712355513443 ], [ -91.252001666694895, 31.858864665665575 ], [ -91.252124175765715, 31.859247821532971 ], [ -91.252467663790796, 31.859705817049342 ], [ -91.252449110443621, 31.859948372734319 ], [ -91.252254473917688, 31.86012582516399 ], [ -91.25189321772018, 31.860135997471879 ], [ -91.251602065247425, 31.859851788283446 ], [ -91.251498313049495, 31.859499577112771 ], [ -91.251240058217476, 31.859159381930233 ], [ -91.251261024119117, 31.858912653528069 ], [ -91.251015833470277, 31.858760341987256 ], [ -91.250954848298193, 31.858504194853971 ], [ -91.250770930555007, 31.858323560304452 ], [ -91.250744069411397, 31.858149751306236 ], [ -91.250841621541426, 31.857957565852505 ] ] ], [ [ [ -91.253341571892605, 31.862573201920075 ], [ -91.253629314775708, 31.862446979137907 ], [ -91.253937359467258, 31.862531371821966 ], [ -91.254085258864251, 31.862776944333785 ], [ -91.25398637449095, 31.863039844155963 ], [ -91.253698630172593, 31.863166067686894 ], [ -91.253390583643267, 31.863081674364604 ], [ -91.253242685681528, 31.862836101104016 ], [ -91.253341571892605, 31.862573201920075 ] ] ], [ [ [ -91.254017342546746, 31.863821677554959 ], [ -91.254346549141545, 31.863694285285423 ], [ -91.254670783489303, 31.863830649809248 ], [ -91.254813111141516, 31.864190808228585 ], [ -91.254653327503746, 31.864467521253644 ], [ -91.2543422540206, 31.864543412016396 ], [ -91.254059413163759, 31.864409352470979 ], [ -91.253918456721692, 31.86408457723633 ], [ -91.254017342546746, 31.863821677554959 ] ] ] ] } },
{ "type": "Feature", "properties": { "depth_bin": "40-45 ft", "bin_order": -42.5, "survey_id": "LM_04_GGK_20190515_CS_3850_3896", "date": "2019-05-15", "year": 2019, "mile": 387.0 }, "geometry": { "type": "MultiPolygon", "coordinates": [ [ [ [ -91.323903820537154, 31.854792660722872 ], [ -91.324070675285085, 31.85469040988357 ], [ -91.324315233218741, 31.854673100635448 ], [ -91.324529842957702, 31.854774675061218 ], [ -91.324642168383889, 31.854960896714179 ], [ -91.324951548358428, 31.856486014827347 ], [ -91.32490798439774, 31.856676872703076 ], [ -91.32518960272057, 31.857530796938129 ], [ -91.325465368839616, 31.85919941391592 ], [ -91.325366688838585, 31.859462376578907 ], [ -91.325120168013541, 31.85958411176254 ], [ -91.324803870996334, 31.85952607000895 ], [ -91.324628303966151, 31.859294143635431 ], [ -91.324363116451238, 31.857679253894766 ], [ -91.324191785200256, 31.857130278805549 ], [ -91.32422304454613, 31.856763282521932 ], [ -91.324114507779001, 31.856580742024189 ], [ -91.323848259206173, 31.855363488977872 ], [ -91.323806421032458, 31.854984907726443 ], [ -91.323903820537154, 31.854792660722872 ] ] ], [ [ [ -91.320470440417523, 31.854890196339845 ], [ -91.320603398070659, 31.85481597190417 ], [ -91.320321717617787, 31.854629588424995 ], [ -91.320309571107458, 31.854321265921492 ], [ -91.320541836774865, 31.854129063951031 ], [ -91.320865303997408, 31.85413333576129 ], [ -91.321052566702193, 31.854268698740455 ], [ -91.321120160741827, 31.854470047446338 ], [ -91.32104530210286, 31.854669515287096 ], [ -91.320858794281605, 31.854797709220453 ], [ -91.321157629390527, 31.855016326826277 ], [ -91.321238873541716, 31.855529309057076 ], [ -91.321196656282623, 31.855842678628882 ], [ -91.32099453821661, 31.856023194074155 ], [ -91.321298313656754, 31.856213133626472 ], [ -91.321371959552323, 31.856623797729277 ], [ -91.321273271164742, 31.85688675701179 ], [ -91.321026752348558, 31.857008484354203 ], [ -91.32071046709963, 31.856950432781794 ], [ -91.320534915169134, 31.856718501183636 ], [ -91.320509252530641, 31.856302408454166 ], [ -91.320736649534609, 31.856054541904086 ], [ -91.32050521743588, 31.855950603501135 ], [ -91.320392899394705, 31.855764378464599 ], [ -91.320344705018186, 31.85510830213282 ], [ -91.320470440417523, 31.854890196339845 ] ] ], [ [ [ -91.331241574133017, 31.855512762450633 ], [ -91.331583722541822, 31.855413310121651 ], [ -91.331890852080306, 31.855575958009467 ], [ -91.332071259540655, 31.856034689776589 ], [ -91.331878023699062, 31.856332159516729 ], [ -91.331559792309051, 31.85638185923063 ], [ -91.331293594421496, 31.856224943187986 ], [ -91.331114588641597, 31.855801594602926 ], [ -91.331241574133017, 31.855512762450633 ] ] ], [ [ [ -91.327726324304081, 31.855888015274445 ], [ -91.328109410654221, 31.855794306298638 ], [ -91.328413532344911, 31.856014107107399 ], [ -91.328746863875537, 31.857043035496435 ], [ -91.32867341627842, 31.857277892384186 ], [ -91.328481340836149, 31.857408258009141 ], [ -91.328157860918253, 31.857404005178172 ], [ -91.327932650327014, 31.857205773716007 ], [ -91.327604781015211, 31.856211940416486 ], [ -91.327726324304081, 31.855888015274445 ] ] ], [ [ [ -91.320919917760463, 31.858305985647331 ], [ -91.321303020152541, 31.858212297798133 ], [ -91.321517634367822, 31.858313877423523 ], [ -91.321620501755945, 31.858465629540738 ], [ -91.321582183782795, 31.858742213250444 ], [ -91.321675782301199, 31.85891024674579 ], [ -91.321721486508039, 31.85942541252615 ], [ -91.321624077224683, 31.859617657400662 ], [ -91.321417941760501, 31.859731314849235 ], [ -91.321096503137667, 31.859700003084985 ], [ -91.320895154571588, 31.859483874991408 ], [ -91.320837323192606, 31.858969567352499 ], [ -91.320891944359161, 31.85879793726026 ], [ -91.320791502171843, 31.85855942201308 ], [ -91.320919917760463, 31.858305985647331 ] ] ], [ [ [ -91.321149641641682, 31.860081446411641 ], [ -91.321450420562414, 31.859979738364931 ], [ -91.321747369774556, 31.860089337499463 ], [ -91.321866541536892, 31.860346042672386 ], [ -91.321738125401751, 31.860599479908448 ], [ -91.321437344719541, 31.860701188568257 ], [ -91.321140393980173, 31.860591588664757 ], [ -91.321021223979344, 31.860334882878757 ], [ -91.321149641641682, 31.860081446411641 ] ] ], [ [ [ -91.310279957294597, 31.85247401263457 ], [ -91.310580721831727, 31.852372329751596 ], [ -91.310877633007451, 31.852481953120343 ], [ -91.310996765360784, 31.852738667402097 ], [ -91.310868331529221, 31.852992093285252 ], [ -91.310567565230514, 31.853093776780593 ], [ -91.310270652528956, 31.852984152642595 ], [ -91.310151521937229, 31.852727437748491 ], [ -91.310279957294597, 31.85247401263457 ] ] ], [ [ [ -91.303543902566886, 31.853721542642827 ], [ -91.303762101039425, 31.85362570747489 ], [ -91.304005906472199, 31.853649491667074 ], [ -91.304168956609089, 31.85375611588816 ], [ -91.30425931122987, 31.853950850908991 ], [ -91.304297750678771, 31.854534828574039 ], [ -91.304190597995245, 31.855008006895311 ], [ -91.304268539418558, 31.855187978517481 ], [ -91.304295171449198, 31.856220963856668 ], [ -91.304169396754389, 31.856439052226012 ], [ -91.303910070014282, 31.856539534785107 ], [ -91.303601993624923, 31.856455262247199 ], [ -91.303453969407883, 31.856209742880523 ], [ -91.303424664105904, 31.855212087478627 ], [ -91.303498313621731, 31.855014345856176 ], [ -91.303420373847956, 31.854834373814015 ], [ -91.303470354581094, 31.854632472664111 ], [ -91.303391251326445, 31.854112418372978 ], [ -91.303543902566886, 31.853721542642827 ] ] ], [ [ [ -91.306956697183026, 31.853894253941995 ], [ -91.307339793244395, 31.853800607972069 ], [ -91.307643856960397, 31.854020456612588 ], [ -91.307685626578746, 31.854640849695691 ], [ -91.307428047453087, 31.854900376180751 ], [ -91.307104579793744, 31.854896070106218 ], [ -91.306879421884318, 31.85469780303281 ], [ -91.306830932052222, 31.854112345347861 ], [ -91.306956697183026, 31.853894253941995 ] ] ], [ [ [ -91.317000135490972, 31.854380826204096 ], [ -91.317342293149039, 31.854281412572561 ], [ -91.317649392392198, 31.854444093910448 ], [ -91.317705549354415, 31.854851845427017 ], [ -91.317521670043917, 31.855079025441846 ], [ -91.317203436980094, 31.855128689106905 ], [ -91.316937268339473, 31.854971743928548 ], [ -91.316874392828353, 31.854598928323771 ], [ -91.317000135490972, 31.854380826204096 ] ] ], [ [ [ -91.310329514894974, 31.854397693198731 ], [ -91.310547708524666, 31.85430184620483 ], [ -91.310752685169419, 31.85431317292905 ], [ -91.310927203030815, 31.854405633878304 ], [ -91.311039500121282, 31.854591866603702 ], [ -91.310975974442556, 31.855130678241665 ], [ -91.311057644600027, 31.855486591359359 ], [ -91.310985001316155, 31.855682975642466 ], [ -91.311088587557805, 31.856345938852833 ], [ -91.310962828360715, 31.856564034487619 ], [ -91.310744629685317, 31.856659881992144 ], [ -91.310428353274204, 31.856601805095153 ], [ -91.31025282839019, 31.856369860195159 ], [ -91.310219264146056, 31.855887322613725 ], [ -91.31029190921403, 31.855690938835924 ], [ -91.310212470147434, 31.855337674924566 ], [ -91.31028290323971, 31.855144331934703 ], [ -91.310201076753103, 31.854651118201815 ], [ -91.310329514894974, 31.854397693198731 ] ] ], [ [ [ -91.31394691749054, 31.854567847200741 ], [ -91.314330010300182, 31.85447418002536 ], [ -91.314544607839537, 31.854575770919663 ], [ -91.314647459669885, 31.854727528229159 ], [ -91.31475180894239, 31.8559635159632 ], [ -91.314654389421918, 31.856155755224062 ], [ -91.314448253844219, 31.85626940139964 ], [ -91.314126830374221, 31.856238072488431 ], [ -91.313925505745019, 31.856021934060923 ], [ -91.313818488817319, 31.854821276185891 ], [ -91.31394691749054, 31.854567847200741 ] ] ], [ [ [ -91.307021827004476, 31.855268170954069 ], [ -91.307404928759311, 31.855174525001718 ], [ -91.307708996993782, 31.855394373602458 ], [ -91.307734046739611, 31.856014262465607 ], [ -91.307476463741708, 31.8562737888676 ], [ -91.307152991279594, 31.85626948275101 ], [ -91.306927830062619, 31.85607121568513 ], [ -91.306896060004235, 31.855486262319971 ], [ -91.307021827004476, 31.855268170954069 ] ] ], [ [ [ -91.317066836212732, 31.855479132968966 ], [ -91.317449930124553, 31.855385456424791 ], [ -91.317664533400261, 31.855487042228507 ], [ -91.317767391404573, 31.855638797203568 ], [ -91.317749009997556, 31.855881368551412 ], [ -91.317516930219412, 31.856073489042302 ], [ -91.317787846692553, 31.856257425857518 ], [ -91.317818013254382, 31.856637348842412 ], [ -91.317698990962256, 31.856820515491599 ], [ -91.317521187497263, 31.85690830568905 ], [ -91.317199760412691, 31.856876984439257 ], [ -91.316998427061876, 31.856660850604836 ], [ -91.317024062958978, 31.856279327661543 ], [ -91.317256144253292, 31.85608720812942 ], [ -91.317057567726778, 31.855989274521029 ], [ -91.316954710550718, 31.855837519006226 ], [ -91.316947814064903, 31.855662298946818 ], [ -91.317066836212732, 31.855479132968966 ] ] ], [ [ [ -91.310463026340585, 31.859480636595489 ], [ -91.310846142738981, 31.859386980812868 ], [ -91.311133082643806, 31.859574585298233 ], [ -91.311203625173235, 31.860090152704863 ], [ -91.310983810972928, 31.860335048704677 ], [ -91.310661387804871, 31.86035783282901 ], [ -91.310414524061855, 31.860179363339181 ], [ -91.310334580846998, 31.859734061308551 ], [ -91.310463026340585, 31.859480636595489 ] ] ], [ [ [ -91.307211105315986, 31.860213391813286 ], [ -91.307553294085224, 31.860114005727482 ], [ -91.307860393867472, 31.860276710647256 ], [ -91.307913941375475, 31.860685337467583 ], [ -91.307730026447871, 31.860912501887842 ], [ -91.307411769095822, 31.860962140120172 ], [ -91.307145601724216, 31.860805174569457 ], [ -91.307085331481744, 31.860431482987039 ], [ -91.307211105315986, 31.860213391813286 ] ] ], [ [ [ -91.307263094952134, 31.861310688598081 ], [ -91.307563891628945, 31.861209014096396 ], [ -91.307860826738803, 31.861318645222759 ], [ -91.307979960800736, 31.861575362094406 ], [ -91.307851505450756, 31.861828783882672 ], [ -91.307550707011416, 31.86193045899682 ], [ -91.307253770375283, 31.861820827100839 ], [ -91.307134638075851, 31.86156410961674 ], [ -91.307263094952134, 31.861310688598081 ] ] ], [ [ [ -91.274848061460048, 31.84961990880009 ], [ -91.275148851444811, 31.849518310743054 ], [ -91.275445707712848, 31.849628015124562 ], [ -91.275564736965308, 31.849884759150754 ], [ -91.275436212233373, 31.850138146084884 ], [ -91.275135420484929, 31.850239744752496 ], [ -91.274838562693873, 31.85013003960027 ], [ -91.274719535205094, 31.849873294963501 ], [ -91.274848061460048, 31.84961990880009 ] ] ], [ [ [ -91.271087056854796, 31.850439812079529 ], [ -91.271470169516263, 31.850346274933276 ], [ -91.27175699823438, 31.850533964777007 ], [ -91.271858459920708, 31.851007843174418 ], [ -91.271631829104692, 31.851287601738782 ], [ -91.271309432671899, 31.851310286841585 ], [ -91.271062671736374, 31.851131744192134 ], [ -91.270958519247927, 31.850693194005192 ], [ -91.271087056854796, 31.850439812079529 ] ] ], [ [ [ -91.27898764029878, 31.851144215736451 ], [ -91.279329821728581, 31.851044905381233 ], [ -91.279636839332085, 31.851207675922293 ], [ -91.279713951220572, 31.851583177537979 ], [ -91.279523252574776, 31.851845233361811 ], [ -91.27920501489244, 31.851894801599077 ], [ -91.278938923499396, 31.851737779355844 ], [ -91.278861814677612, 31.851362277384808 ], [ -91.27898764029878, 31.851144215736451 ] ] ], [ [ [ -91.286153310949601, 31.851316879435586 ], [ -91.286371520201925, 31.851221074514982 ], [ -91.286576485221843, 31.851232439887411 ], [ -91.286750971697771, 31.851324933026049 ], [ -91.286863215708394, 31.851511185368992 ], [ -91.286816988903752, 31.851751037113385 ], [ -91.286614033867053, 31.851907134597262 ], [ -91.286826145824676, 31.852008212677646 ], [ -91.286928948508347, 31.852159990790241 ], [ -91.287016336560782, 31.852982630869828 ], [ -91.2868905267554, 31.853200700980867 ], [ -91.286672313234078, 31.853296506619227 ], [ -91.286356066175557, 31.853238370724693 ], [ -91.28618060915116, 31.853006394793397 ], [ -91.286102670469205, 31.852218228631916 ], [ -91.286174912078536, 31.852054113063289 ], [ -91.286355985016968, 31.851928091973576 ], [ -91.286143873789541, 31.851827013131864 ], [ -91.286041072766452, 31.851675234434811 ], [ -91.286034234786044, 31.851500014638216 ], [ -91.286153310949601, 31.851316879435586 ] ] ], [ [ [ -91.28251772282546, 31.851961550907035 ], [ -91.282900831975766, 31.851867979147009 ], [ -91.283187689669603, 31.85205564413662 ], [ -91.283329995600965, 31.852669066767593 ], [ -91.283103394143467, 31.852948846790778 ], [ -91.28278099331223, 31.85297156087811 ], [ -91.282534204912452, 31.85279303960796 ], [ -91.282389213621002, 31.852214945359847 ], [ -91.28251772282546, 31.851961550907035 ] ] ], [ [ [ -91.267676080362648, 31.852141678872485 ], [ -91.268059203093443, 31.852048152401601 ], [ -91.268363163468365, 31.852268091577407 ], [ -91.268847601287462, 31.853830161024018 ], [ -91.268774006373903, 31.854064978182986 ], [ -91.268581857835926, 31.854195250638643 ], [ -91.268258399216677, 31.854190845861126 ], [ -91.268033329443526, 31.853992512943716 ], [ -91.267554335331042, 31.852465539589133 ], [ -91.267676080362648, 31.852141678872485 ] ] ], [ [ [ -91.289741982298224, 31.853704200938111 ], [ -91.290125092489589, 31.853610607426344 ], [ -91.290411970835137, 31.853798256765508 ], [ -91.290447278523843, 31.854315859150628 ], [ -91.290227425579147, 31.854560718033603 ], [ -91.289905019995913, 31.854583450049081 ], [ -91.289658213051098, 31.854404942021986 ], [ -91.289616177719836, 31.853922273913486 ], [ -91.289741982298224, 31.853704200938111 ] ] ], [ [ [ -91.264562749374804, 31.854384667927359 ], [ -91.264733681036802, 31.854026440694909 ], [ -91.264530103150406, 31.853981274785479 ], [ -91.26435938296278, 31.853830824518383 ], [ -91.264334741351931, 31.853551294796294 ], [ -91.264203739964316, 31.853401434101318 ], [ -91.264104118709895, 31.853067477310294 ], [ -91.264172295152932, 31.852797564413411 ], [ -91.26444411008319, 31.852647854045308 ], [ -91.264725106948831, 31.85268735980458 ], [ -91.264912958454545, 31.852870051717698 ], [ -91.264997311378991, 31.853383299742614 ], [ -91.265156525722631, 31.853636254173459 ], [ -91.265123143659963, 31.853809238880274 ], [ -91.264980166843344, 31.853959383308041 ], [ -91.265183744936749, 31.854004548502893 ], [ -91.265354466824192, 31.854154997717743 ], [ -91.265387058026079, 31.854410937601337 ], [ -91.265538710494951, 31.854574309293827 ], [ -91.265987093524288, 31.855788791947401 ], [ -91.265968576784559, 31.85603135103506 ], [ -91.26573619769016, 31.856223449086393 ], [ -91.265412732478396, 31.856219036822331 ], [ -91.2651876643272, 31.85602069896786 ], [ -91.264854311573728, 31.855208041633873 ], [ -91.264737182192803, 31.854616036354177 ], [ -91.264562749374804, 31.854384667927359 ] ] ], [ [ [ -91.29331987365299, 31.854921454116209 ], [ -91.293662055717945, 31.854822105186617 ], [ -91.2939691123795, 31.854984842338151 ], [ -91.294045113682643, 31.855359107529662 ], [ -91.293854446270814, 31.855621185851582 ], [ -91.293536201462658, 31.855670789754569 ], [ -91.29327007378491, 31.855513796370623 ], [ -91.293194075539517, 31.855139530829302 ], [ -91.29331987365299, 31.854921454116209 ] ] ], [ [ [ -91.296716039716046, 31.855124251889666 ], [ -91.297099149808602, 31.855030637337443 ], [ -91.297386047301487, 31.855218271542928 ], [ -91.297439107788634, 31.855732741968755 ], [ -91.297219269210373, 31.855977613420094 ], [ -91.296896859544688, 31.856000363052868 ], [ -91.296650034825419, 31.855821868037918 ], [ -91.29659024914163, 31.855342332226385 ], [ -91.296716039716046, 31.855124251889666 ] ] ], [ [ [ -91.300220414116978, 31.855705137754345 ], [ -91.300562592601835, 31.855605770103313 ], [ -91.300869664719826, 31.855768491078571 ], [ -91.300918517999094, 31.85617789908369 ], [ -91.30073459587031, 31.856405053251116 ], [ -91.300416351210899, 31.856454674408749 ], [ -91.300150208990402, 31.856297694963914 ], [ -91.300094630775845, 31.855923221799639 ], [ -91.300220414116978, 31.855705137754345 ] ] ], [ [ [ -91.300368049719467, 31.861200416752816 ], [ -91.300751182080944, 31.861106792024323 ], [ -91.301055252569753, 31.861326656474002 ], [ -91.301052610338445, 31.86184511785952 ], [ -91.300805700681423, 31.862070425357473 ], [ -91.300482209098391, 31.862066101575756 ], [ -91.300257049223745, 31.861867822872235 ], [ -91.300242258635734, 31.861418500516496 ], [ -91.300368049719467, 31.861200416752816 ] ] ], [ [ [ -91.294017242055503, 31.867686878585832 ], [ -91.294318072839246, 31.867585236758302 ], [ -91.294615010877592, 31.867694898892484 ], [ -91.294734114973735, 31.867951626942208 ], [ -91.294605614316225, 31.868205033530504 ], [ -91.294304781768517, 31.868306675970018 ], [ -91.294007842204365, 31.868197013065448 ], [ -91.293888739872173, 31.867940284403755 ], [ -91.294017242055503, 31.867686878585832 ] ] ], [ [ [ -91.260469199074194, 31.853490612291932 ], [ -91.260770015954719, 31.853389049323866 ], [ -91.26106686573884, 31.853498787056409 ], [ -91.261185858925401, 31.853755543159643 ], [ -91.261057289671555, 31.854008913821861 ], [ -91.260756471026056, 31.854110477399917 ], [ -91.260459619719654, 31.854000738895902 ], [ -91.260340628298067, 31.853743982182671 ], [ -91.260469199074194, 31.853490612291932 ] ] ], [ [ [ -91.26089306120862, 31.854547479234466 ], [ -91.261059981084784, 31.854445313532594 ], [ -91.26130454429547, 31.854428125902359 ], [ -91.261608495376748, 31.854648080859512 ], [ -91.26217707338526, 31.855970855315618 ], [ -91.262178524207698, 31.856163114200974 ], [ -91.262328615540881, 31.856325469958097 ], [ -91.262554446089567, 31.856915929809855 ], [ -91.262508153372508, 31.857155770195853 ], [ -91.262294097743805, 31.857316103742342 ], [ -91.261970629308493, 31.857311682589526 ], [ -91.261745566285896, 31.857113338840119 ], [ -91.261529173603662, 31.856557353459866 ], [ -91.26152772416367, 31.856365094626195 ], [ -91.261377634220125, 31.856202737971937 ], [ -91.260809066544311, 31.854879960341268 ], [ -91.26089306120862, 31.854547479234466 ] ] ], [ [ [ -91.257933605586416, 31.855443997615726 ], [ -91.258528024368616, 31.856645317398183 ], [ -91.258524086968023, 31.856854736566206 ], [ -91.258314869217628, 31.857065337102298 ], [ -91.257992450984986, 31.857087987578137 ], [ -91.257766453353412, 31.856940074259835 ], [ -91.257420384359392, 31.856243647079047 ], [ -91.257238998204343, 31.855748751428781 ], [ -91.257337864664663, 31.855485848181441 ], [ -91.257625580042699, 31.855359615238175 ], [ -91.257933605586416, 31.855443997615726 ] ] ], [ [ [ -91.258188046413707, 31.857251601451285 ], [ -91.258530270310374, 31.857152348771777 ], [ -91.258837268633314, 31.857315168822769 ], [ -91.259168083403935, 31.857979597440274 ], [ -91.259134688268361, 31.858152580008007 ], [ -91.258975984826506, 31.858312331857334 ], [ -91.2586577162553, 31.858361847424412 ], [ -91.258391643750187, 31.858204782896937 ], [ -91.258066261050246, 31.857575451412693 ], [ -91.258188046413707, 31.857251601451285 ] ] ], [ [ [ -91.262308827030836, 31.857892381883484 ], [ -91.262691978471778, 31.857798872708084 ], [ -91.26299594368551, 31.858018824746335 ], [ -91.263708215236306, 31.859774704555505 ], [ -91.263661923697185, 31.860014545314122 ], [ -91.263447863120831, 31.860174880571147 ], [ -91.26312438450573, 31.860170461999882 ], [ -91.262899312260885, 31.859972120043967 ], [ -91.262196488386849, 31.858250711926313 ], [ -91.262189695707292, 31.858075492599752 ], [ -91.262308827030836, 31.857892381883484 ] ] ], [ [ [ -91.258956786376785, 31.85892900693888 ], [ -91.259244510655876, 31.858802770698574 ], [ -91.259552549168362, 31.858887149569462 ], [ -91.259700458430828, 31.859132716004332 ], [ -91.259601594188965, 31.859395621045682 ], [ -91.259313868475317, 31.859521858034864 ], [ -91.259005828125083, 31.859437478526146 ], [ -91.258857920297174, 31.859191911342378 ], [ -91.258956786376785, 31.85892900693888 ] ] ], [ [ [ -91.25994659149282, 31.86094309980113 ], [ -91.260329757748252, 31.860849598323487 ], [ -91.260616594159643, 31.861037313363813 ], [ -91.261073731188503, 31.862032044887851 ], [ -91.261045766206138, 31.862240126785693 ], [ -91.26085114048216, 31.862417592734779 ], [ -91.260528703851463, 31.862440248985322 ], [ -91.26028193610675, 31.862261685389655 ], [ -91.259824806711521, 31.861266951314175 ], [ -91.25994659149282, 31.86094309980113 ] ] ], [ [ [ -91.254192004719215, 31.85686814274316 ], [ -91.254575158871489, 31.856774658162639 ], [ -91.254861970759421, 31.856962385438841 ], [ -91.255427354514126, 31.857991958441463 ], [ -91.255528311352748, 31.858330089527694 ], [ -91.255500335491121, 31.858538169916802 ], [ -91.255305707681813, 31.858715627371183 ], [ -91.254983283319945, 31.858738269976875 ], [ -91.254736536316329, 31.858559696247941 ], [ -91.254695276157335, 31.858339462793129 ], [ -91.254079636449418, 31.857226464591612 ], [ -91.254072859132336, 31.857051245354562 ], [ -91.254192004719215, 31.85686814274316 ] ] ], [ [ [ -91.250506310647395, 31.857318640724294 ], [ -91.250807149942133, 31.857217102227509 ], [ -91.251103998828739, 31.857326863181189 ], [ -91.251222968331504, 31.857583627653181 ], [ -91.251094366480544, 31.857836986929172 ], [ -91.250793525419866, 31.857938526035564 ], [ -91.250496675011419, 31.857828764309854 ], [ -91.250377707274595, 31.857571999228259 ], [ -91.250506310647395, 31.857318640724294 ] ] ], [ [ [ -91.250942642983773, 31.858053572224986 ], [ -91.251160901931499, 31.857957829706081 ], [ -91.251441907695238, 31.85799736517178 ], [ -91.251835711511987, 31.858515165101469 ], [ -91.251990776229306, 31.858996639830927 ], [ -91.252254580539272, 31.859335610125353 ], [ -91.252233471721269, 31.859582590579063 ], [ -91.252479816987062, 31.859735162707075 ], [ -91.252792363597791, 31.860333960879103 ], [ -91.252773810892407, 31.860576516614504 ], [ -91.252579173584792, 31.86075396949974 ], [ -91.25225674177176, 31.860776604904409 ], [ -91.252009995046919, 31.860598025930585 ], [ -91.251718202594049, 31.860029881596926 ], [ -91.25173931294303, 31.859782901298143 ], [ -91.251472219193488, 31.859599672152672 ], [ -91.251366209627406, 31.859251599248445 ], [ -91.251198332481692, 31.859102633006518 ], [ -91.250843603796895, 31.858445412186228 ], [ -91.250823489479828, 31.858236671473627 ], [ -91.250942642983773, 31.858053572224986 ] ] ], [ [ [ -91.255346135129003, 31.859138750033352 ], [ -91.255646975689274, 31.859037200130327 ], [ -91.255943836597467, 31.859146950163392 ], [ -91.256062821836139, 31.859403710597469 ], [ -91.255934230217605, 31.859657075083781 ], [ -91.25563338789155, 31.859758625596704 ], [ -91.255336525461018, 31.859648874791773 ], [ -91.255217541988131, 31.859392113747809 ], [ -91.255346135129003, 31.859138750033352 ] ] ], [ [ [ -91.255844084891265, 31.860153951564556 ], [ -91.25622725138011, 31.860060462475275 ], [ -91.256514076653445, 31.860248186413212 ], [ -91.256677539349639, 31.8607395548634 ], [ -91.256828077463837, 31.860879311914065 ], [ -91.257147125335621, 31.861476430465196 ], [ -91.257119151798193, 31.86168451120815 ], [ -91.25692452006075, 31.861861970932498 ], [ -91.256602084898006, 31.86188461725768 ], [ -91.256355326529004, 31.861706046345535 ], [ -91.256059059964628, 31.861176923103539 ], [ -91.256038902864375, 31.860968341804735 ], [ -91.255731718333138, 31.860512274782717 ], [ -91.255724937949054, 31.860337055600059 ], [ -91.255844084891265, 31.860153951564556 ] ] ], [ [ [ -91.25251428271784, 31.860918451314742 ], [ -91.252897455279381, 31.86082497250786 ], [ -91.253184275725118, 31.861012703782407 ], [ -91.254018181725399, 31.86257665669158 ], [ -91.253999631485627, 31.862819212622885 ], [ -91.253804991509639, 31.862996667241244 ], [ -91.253482552005451, 31.863019305479973 ], [ -91.253235797033412, 31.862840728648205 ], [ -91.252401902342683, 31.861276771054552 ], [ -91.252395128284647, 31.861101551937391 ], [ -91.25251428271784, 31.860918451314742 ] ] ], [ [ [ -91.25695743252848, 31.862286217279603 ], [ -91.257299676457549, 31.862186968698648 ], [ -91.257582515726867, 31.86232102100271 ], [ -91.257736257753933, 31.862678234670103 ], [ -91.257576485506931, 31.862954951837544 ], [ -91.257265419214107, 31.863030850039088 ], [ -91.256982578319906, 31.86289679698271 ], [ -91.256830208575124, 31.862574966445841 ], [ -91.25695743252848, 31.862286217279603 ] ] ], [ [ [ -91.254158571898984, 31.864053895123131 ], [ -91.254459429861953, 31.863952348722435 ], [ -91.254756304703264, 31.864062101960393 ], [ -91.254875292243895, 31.864318863424643 ], [ -91.254746689947339, 31.86457222616302 ], [ -91.254445830218103, 31.86467377317366 ], [ -91.25414895385417, 31.864564019163645 ], [ -91.25402996807982, 31.864307257089454 ], [ -91.254158571898984, 31.864053895123131 ] ] ] ] } },
{ "type": "Feature", "properties": { "depth_bin": "45-50 ft", "bin_order": -47.5, "survey_id": "LM_04_GGK_20190515_CS_3850_3896", "date": "2019-05-15", "year": 2019, "mile": 387.0 }, "geometry": { "type": "MultiPolygon", "coordinates": [ [ [ [ -91.320982971252434, 31.853860744175485 ], [ -91.321160229695622, 31.855121800778441 ], [ -91.32095115359904, 31.855332509553065 ], [ -91.320628749167653, 31.855355319661701 ], [ -91.320351357123613, 31.855111118703903 ], [ -91.320225402077284, 31.853946457051372 ], [ -91.320434476490917, 31.853735749375694 ], [ -91.320756875289476, 31.853712939562211 ], [ -91.320982971252434, 31.853860744175485 ] ] ], [ [ [ -91.323869062815959, 31.854357529618657 ], [ -91.324252146118695, 31.854263832162786 ], [ -91.324539099226016, 31.854451406917217 ], [ -91.32463554527034, 31.854930508556812 ], [ -91.324409059262209, 31.855210366237539 ], [ -91.324086655696433, 31.855233185160905 ], [ -91.323839778043407, 31.855054741187995 ], [ -91.323740661143475, 31.854610969579188 ], [ -91.323869062815959, 31.854357529618657 ] ] ], [ [ [ -91.33101721812514, 31.854837575009256 ], [ -91.331369137683737, 31.854767225820588 ], [ -91.331656107472739, 31.854954785040498 ], [ -91.33190581662636, 31.855646021651523 ], [ -91.33183097985291, 31.855845496570421 ], [ -91.331676678186696, 31.855961223697715 ], [ -91.33135427292433, 31.855984061023669 ], [ -91.331107378670055, 31.855805630639065 ], [ -91.330859073182211, 31.855149776821342 ], [ -91.33101721812514, 31.854837575009256 ] ] ], [ [ [ -91.327414753527805, 31.854821180107937 ], [ -91.327797835685033, 31.854727471915901 ], [ -91.328101953216276, 31.854947273360377 ], [ -91.32840725764747, 31.856019403318282 ], [ -91.328332413094529, 31.856218875898421 ], [ -91.328140339463076, 31.856349241087564 ], [ -91.327816863298949, 31.856344987515136 ], [ -91.327591655935421, 31.856146755530215 ], [ -91.327287757329046, 31.855110008091803 ], [ -91.327414753527805, 31.854821180107937 ] ] ], [ [ [ -91.324075060887338, 31.855443064435551 ], [ -91.32445814855329, 31.855349366520937 ], [ -91.324672759992765, 31.855450940754146 ], [ -91.324775629712221, 31.85560269045164 ], [ -91.3248538870575, 31.856393445374856 ], [ -91.325010055862464, 31.856721667615631 ], [ -91.324959577192146, 31.85696751484916 ], [ -91.325056629621841, 31.857202725261185 ], [ -91.324956555127315, 31.85743030358605 ], [ -91.324750428495818, 31.857543966783652 ], [ -91.324428995908363, 31.857512663658312 ], [ -91.324227643831208, 31.857296540668901 ], [ -91.324268667966109, 31.857016221933943 ], [ -91.323948053484614, 31.855731888669705 ], [ -91.324075060887338, 31.855443064435551 ] ] ], [ [ [ -91.320529084269978, 31.8555761364569 ], [ -91.320747271003825, 31.855480271704355 ], [ -91.321028306355046, 31.855519654111426 ], [ -91.321199125224069, 31.85567003153016 ], [ -91.321274552275199, 31.855905356212762 ], [ -91.321662152515131, 31.858842568605944 ], [ -91.321562067840901, 31.859070143855085 ], [ -91.321315543429463, 31.859191871531067 ], [ -91.320999250571631, 31.859133820434089 ], [ -91.32082369401698, 31.858901889144093 ], [ -91.320620686428583, 31.857642759082236 ], [ -91.320532720710219, 31.856414979921038 ], [ -91.320402065771873, 31.855864956756321 ], [ -91.320529084269978, 31.8555761364569 ] ] ], [ [ [ -91.328601101962775, 31.858676917397375 ], [ -91.328901868890767, 31.858575191259842 ], [ -91.329198823314528, 31.858684773156625 ], [ -91.329318014440233, 31.858941472042265 ], [ -91.329189620477834, 31.859194917624766 ], [ -91.328888851788946, 31.859296644375707 ], [ -91.328591895837533, 31.85918706171033 ], [ -91.328472706472724, 31.858930362211257 ], [ -91.328601101962775, 31.858676917397375 ] ] ], [ [ [ -91.316687870127282, 31.849163922291314 ], [ -91.317030008542915, 31.849064508770219 ], [ -91.317337090336224, 31.849227190376084 ], [ -91.317408056608173, 31.84960090565734 ], [ -91.317217466278834, 31.849863021944451 ], [ -91.316899251143141, 31.84991268549831 ], [ -91.316633097621207, 31.849755740093588 ], [ -91.316562134407462, 31.849382024492005 ], [ -91.316687870127282, 31.849163922291314 ] ] ], [ [ [ -91.316944828570087, 31.853557693923143 ], [ -91.317163013869617, 31.853461835257736 ], [ -91.317406823531925, 31.853485593851541 ], [ -91.317569889632765, 31.853592201408219 ], [ -91.317660272741435, 31.853786927874808 ], [ -91.317708415848273, 31.854369918399719 ], [ -91.317639331021766, 31.854688850661756 ], [ -91.317724185305764, 31.854848384552255 ], [ -91.317773079964525, 31.855432158826986 ], [ -91.317829117193298, 31.856291119203977 ], [ -91.317754446748111, 31.856490314053286 ], [ -91.317848147665245, 31.856804699321252 ], [ -91.317923569992445, 31.857799602244068 ], [ -91.317866558479182, 31.858114225197802 ], [ -91.31796300598387, 31.858314838703826 ], [ -91.318100124103012, 31.860683704564838 ], [ -91.31805086595979, 31.861234492237848 ], [ -91.317892255134097, 31.8613943209306 ], [ -91.317697791678512, 31.861450818236367 ], [ -91.317389685026157, 31.861366578183375 ], [ -91.31724161625111, 31.861121073523346 ], [ -91.317119101395264, 31.858339037711666 ], [ -91.31717615019835, 31.858164079861758 ], [ -91.317079704568343, 31.857963465818177 ], [ -91.316987714972427, 31.856693512139213 ], [ -91.317062387230266, 31.85649431780881 ], [ -91.31695264249538, 31.856042589833066 ], [ -91.316885761799, 31.854907680306816 ], [ -91.316947358868163, 31.854726464936142 ], [ -91.31685705663746, 31.854531833337557 ], [ -91.316816409489746, 31.853811126306571 ], [ -91.316944828570087, 31.853557693923143 ] ] ], [ [ [ -91.314815308898062, 31.857577503666388 ], [ -91.314715209163992, 31.857805073035529 ], [ -91.314468679825211, 31.857926787261196 ], [ -91.314152396349556, 31.857868719411833 ], [ -91.313986312512171, 31.857671251803808 ], [ -91.313938589998841, 31.856018580421118 ], [ -91.314036010821624, 31.855826341751165 ], [ -91.314242145861584, 31.855712696219971 ], [ -91.314563567569124, 31.855744024780552 ], [ -91.31476489316195, 31.855960162237018 ], [ -91.314815308898062, 31.857577503666388 ] ] ], [ [ [ -91.310297013604455, 31.852587919853331 ], [ -91.310608007144509, 31.852511889003985 ], [ -91.31089090039093, 31.852645824537134 ], [ -91.310979979131872, 31.852911269451859 ], [ -91.31082306081683, 31.853152730035795 ], [ -91.310512065251359, 31.853228761335664 ], [ -91.310229170852082, 31.853094824928597 ], [ -91.310140094136557, 31.852829379563325 ], [ -91.310297013604455, 31.852587919853331 ] ] ], [ [ [ -91.306937421170645, 31.853481836781686 ], [ -91.307320515522804, 31.853388190805653 ], [ -91.30760742989473, 31.853575802529317 ], [ -91.30764604368126, 31.854092386792917 ], [ -91.307426235354995, 31.854337277028581 ], [ -91.307103832694864, 31.854360052841407 ], [ -91.306856991578485, 31.854181577071529 ], [ -91.306811656601624, 31.853699928199834 ], [ -91.306937421170645, 31.853481836781686 ] ] ], [ [ [ -91.313899671565736, 31.853743193778062 ], [ -91.31428276096544, 31.853649526617485 ], [ -91.314497356580986, 31.853751117536497 ], [ -91.314600207480112, 31.853902874868822 ], [ -91.314649902765439, 31.854765508247603 ], [ -91.314530876927847, 31.854948671848941 ], [ -91.314353074346954, 31.855036457659917 ], [ -91.314031655180514, 31.855005128650859 ], [ -91.313830333325001, 31.854788990132565 ], [ -91.313771244015982, 31.853996622781921 ], [ -91.313899671565736, 31.853743193778062 ] ] ], [ [ [ -91.310337173312789, 31.853709945675945 ], [ -91.31072026566784, 31.853616289370887 ], [ -91.310934857014914, 31.853717886166997 ], [ -91.311037701905036, 31.853869646179742 ], [ -91.31102653535693, 31.854595584463823 ], [ -91.310907502747483, 31.854778744437152 ], [ -91.310729697305703, 31.854866525074772 ], [ -91.310408280386511, 31.854835186965509 ], [ -91.310206967610938, 31.854619043007808 ], [ -91.310172199443187, 31.85406630261943 ], [ -91.310337173312789, 31.853709945675945 ] ] ], [ [ [ -91.307038576637268, 31.855816918599309 ], [ -91.307256776818917, 31.855721077508466 ], [ -91.307461755942455, 31.855732409631848 ], [ -91.307636272910827, 31.855824875058449 ], [ -91.307748564830263, 31.856011110482036 ], [ -91.307786004629094, 31.856838909858453 ], [ -91.30769529545563, 31.856996207718058 ], [ -91.307507183385681, 31.857104604345498 ], [ -91.307743546950419, 31.857254776153599 ], [ -91.307808432486752, 31.857491460848149 ], [ -91.307682664033635, 31.857709552878966 ], [ -91.307464459474318, 31.85780539452529 ], [ -91.307148181629486, 31.857747309412247 ], [ -91.30697266314219, 31.857515360231773 ], [ -91.307018841679664, 31.857275499651024 ], [ -91.307254059371473, 31.857108920036563 ], [ -91.307069258653357, 31.857014109832921 ], [ -91.306956967008219, 31.856827873842523 ], [ -91.306912808868944, 31.856035009939347 ], [ -91.307038576637268, 31.855816918599309 ] ] ], [ [ [ -91.310367738600476, 31.85618385579988 ], [ -91.310585936490213, 31.856088008910195 ], [ -91.310790917086052, 31.856099335706471 ], [ -91.310965438269875, 31.856191796695963 ], [ -91.311077737434658, 31.856378029414991 ], [ -91.311102076782689, 31.857481274365298 ], [ -91.310983040339067, 31.857664434206839 ], [ -91.31076483903577, 31.857760281641337 ], [ -91.310448558883564, 31.857702204673974 ], [ -91.310273031992367, 31.85747025976648 ], [ -91.310239297851993, 31.856437280691448 ], [ -91.310367738600476, 31.85618385579988 ] ] ], [ [ [ -91.304272732619779, 31.856217499091127 ], [ -91.304318139499486, 31.856906746255543 ], [ -91.304192363849282, 31.857124834594682 ], [ -91.303891577331584, 31.857226501511473 ], [ -91.303594660256309, 31.857116861662426 ], [ -91.303482375631063, 31.856930622843279 ], [ -91.303443741069088, 31.856311178541628 ], [ -91.303572199898326, 31.856057761150318 ], [ -91.303831525598099, 31.855957279239167 ], [ -91.304106673259852, 31.856020019356762 ], [ -91.304272732619779, 31.856217499091127 ] ] ], [ [ [ -91.310455157294811, 31.859207853831009 ], [ -91.310797339228316, 31.859108458747624 ], [ -91.311104441831844, 31.859271155935602 ], [ -91.311175931303907, 31.859644429733649 ], [ -91.310985301757711, 31.859906534958171 ], [ -91.310667049248053, 31.85995618152899 ], [ -91.31040087884503, 31.859799222680749 ], [ -91.310329392428486, 31.859425948559277 ], [ -91.310455157294811, 31.859207853831009 ] ] ], [ [ [ -91.307238974644378, 31.85991314093879 ], [ -91.307590928628215, 31.859842858924456 ], [ -91.307877862957099, 31.860030470566546 ], [ -91.307911331176214, 31.860409627338317 ], [ -91.30769150773871, 31.860654517305171 ], [ -91.307369083040598, 31.860677293010149 ], [ -91.307122225125255, 31.860498817324405 ], [ -91.307088760132814, 31.860119660460647 ], [ -91.307238974644378, 31.85991314093879 ] ] ], [ [ [ -91.30726802877453, 31.861449189478886 ], [ -91.307610222120729, 31.861349803414249 ], [ -91.307917326005779, 31.861512508311481 ], [ -91.307960368101106, 31.861920363358582 ], [ -91.30777645068676, 31.862147527722851 ], [ -91.307458189076854, 31.862197165916175 ], [ -91.307192018170568, 31.862040200366245 ], [ -91.307142253254483, 31.861667280614938 ], [ -91.30726802877453, 31.861449189478886 ] ] ], [ [ [ -91.274471358496186, 31.847864541571759 ], [ -91.274772143057135, 31.847762944192645 ], [ -91.27506899331101, 31.847872649268496 ], [ -91.275188019481931, 31.84812939359869 ], [ -91.275059496406215, 31.848382780268356 ], [ -91.274758710081727, 31.848484378257982 ], [ -91.274461858304988, 31.848374672411438 ], [ -91.274342833897634, 31.848117927470717 ], [ -91.274471358496186, 31.847864541571759 ] ] ], [ [ [ -91.274891297530132, 31.849751667515942 ], [ -91.275192087907342, 31.849650069372046 ], [ -91.275488944646227, 31.84975977366712 ], [ -91.275607974172161, 31.850016517657931 ], [ -91.275479449356084, 31.850269904628494 ], [ -91.275178657215207, 31.85037150338297 ], [ -91.274881798953302, 31.85026179831717 ], [ -91.27476277119105, 31.850005053715762 ], [ -91.274891297530132, 31.849751667515942 ] ] ], [ [ [ -91.271136534672038, 31.850881906334859 ], [ -91.270948674284156, 31.850699223272546 ], [ -91.270839322473705, 31.85022423408428 ], [ -91.271023302837321, 31.849997125108381 ], [ -91.271341537335985, 31.849947577264064 ], [ -91.271583435605777, 31.850075846271519 ], [ -91.27171351501265, 31.850333006911349 ], [ -91.271761593608247, 31.850607564156991 ], [ -91.27167536941819, 31.850787212189559 ], [ -91.271895824613011, 31.851074826838381 ], [ -91.271797004251354, 31.851337743214426 ], [ -91.27150931939353, 31.851464009438338 ], [ -91.271201292940859, 31.851379659938907 ], [ -91.27105336391125, 31.851134105959385 ], [ -91.271136534672038, 31.850881906334859 ] ] ], [ [ [ -91.286144235863119, 31.851179782545369 ], [ -91.286445019893307, 31.851078157525791 ], [ -91.286741895724276, 31.851187836147627 ], [ -91.286860958598155, 31.851444570706356 ], [ -91.286732461851571, 31.851697970011582 ], [ -91.286431676058328, 31.851799595642326 ], [ -91.286134798703401, 31.851689916250212 ], [ -91.286015737592564, 31.851433181080317 ], [ -91.286144235863119, 31.851179782545369 ] ] ], [ [ [ -91.279063365857041, 31.851393894562261 ], [ -91.279415304787292, 31.851323690087639 ], [ -91.279702153405722, 31.851511362650509 ], [ -91.279791843201963, 31.851988951702705 ], [ -91.27956523312298, 31.852268725129854 ], [ -91.279242834232946, 31.852291430298482 ], [ -91.278996054734606, 31.852112902444571 ], [ -91.278906368980216, 31.851635312980026 ], [ -91.279063365857041, 31.851393894562261 ] ] ], [ [ [ -91.275291308711701, 31.85164710320047 ], [ -91.275633495507961, 31.851547803007961 ], [ -91.275940507807448, 31.851710582293983 ], [ -91.276034563552756, 31.852081672002509 ], [ -91.275843853667666, 31.852343721883834 ], [ -91.27552561273572, 31.852393280776123 ], [ -91.27525952656255, 31.852236251011988 ], [ -91.275162780565822, 31.851900489678375 ], [ -91.275291308711701, 31.85164710320047 ] ] ], [ [ [ -91.289610930764084, 31.852058884364066 ], [ -91.289911714285793, 31.851957251121867 ], [ -91.290208597379305, 31.852066921875249 ], [ -91.290327671032699, 31.852323653528845 ], [ -91.290199182268196, 31.852577056594168 ], [ -91.289898396983574, 31.852678690447732 ], [ -91.289601512365778, 31.8525690189242 ], [ -91.289482440475297, 31.852312286659249 ], [ -91.289610930764084, 31.852058884364066 ] ] ], [ [ [ -91.30011681703111, 31.852545515620708 ], [ -91.30041759181772, 31.852443857180344 ], [ -91.300714490057985, 31.852553503876639 ], [ -91.300833593867793, 31.852810226706193 ], [ -91.300705132604605, 31.853063641349898 ], [ -91.300404356055736, 31.853165300402136 ], [ -91.300107456290377, 31.853055652936163 ], [ -91.299988354242828, 31.852798929494725 ], [ -91.30011681703111, 31.852545515620708 ] ] ], [ [ [ -91.282632671892955, 31.852503331135615 ], [ -91.283015783211482, 31.852409759111406 ], [ -91.28331978198176, 31.852629663802961 ], [ -91.283396666169565, 31.85324839934022 ], [ -91.283139025394689, 31.853507874417307 ], [ -91.28281556669215, 31.853503506743014 ], [ -91.282590466094263, 31.853305198541747 ], [ -91.282504162174106, 31.85275672566863 ], [ -91.282632671892955, 31.852503331135615 ] ] ], [ [ [ -91.296668852099785, 31.852901716922425 ], [ -91.296979856304233, 31.852825719843423 ], [ -91.297262729331507, 31.852959685047502 ], [ -91.297351768813087, 31.853225138153267 ], [ -91.297194815195553, 31.853466580649574 ], [ -91.296883808964964, 31.853542578178349 ], [ -91.296600934785957, 31.853408612099873 ], [ -91.296511897330532, 31.853143158544334 ], [ -91.296668852099785, 31.852901716922425 ] ] ], [ [ [ -91.28634028648716, 31.852799952197625 ], [ -91.286732297894574, 31.852738870957062 ], [ -91.2870095909702, 31.852983142031025 ], [ -91.287074537114009, 31.853497082496713 ], [ -91.28701923465384, 31.85379810537734 ], [ -91.28712586401366, 31.854080692270585 ], [ -91.287028390322092, 31.85427290848331 ], [ -91.286822227285057, 31.854386508854773 ], [ -91.286500823010158, 31.854355110631623 ], [ -91.286299568840889, 31.854138930779204 ], [ -91.286332500214627, 31.853871288904653 ], [ -91.286230003023036, 31.853694512847042 ], [ -91.286180616465472, 31.853076709343423 ], [ -91.28634028648716, 31.852799952197625 ] ] ], [ [ [ -91.271715973343845, 31.85271419642774 ], [ -91.272016776619807, 31.85261260630563 ], [ -91.272313638563929, 31.852722318169718 ], [ -91.272432662552418, 31.852979064843129 ], [ -91.272304124699673, 31.853232448038355 ], [ -91.272003319659561, 31.853334038770981 ], [ -91.271706456192419, 31.853224326135926 ], [ -91.271587433968065, 31.852967578852013 ], [ -91.271715973343845, 31.85271419642774 ] ] ], [ [ [ -91.303549524960616, 31.853446511486212 ], [ -91.3038916918387, 31.853347134425967 ], [ -91.304198762889115, 31.853509847357365 ], [ -91.30427174330228, 31.853883966330201 ], [ -91.304081107338945, 31.854146061161433 ], [ -91.303762871895003, 31.854195691046204 ], [ -91.303496729977482, 31.854038718583315 ], [ -91.30342375262434, 31.853664599278623 ], [ -91.303549524960616, 31.853446511486212 ] ] ], [ [ [ -91.289777472734897, 31.854116031634547 ], [ -91.290160584619301, 31.854022438079937 ], [ -91.290464606287372, 31.854242326410368 ], [ -91.290522210481853, 31.854860489539313 ], [ -91.290264584276798, 31.855119979538156 ], [ -91.289941118739094, 31.855115629788287 ], [ -91.289715998522112, 31.854917333581994 ], [ -91.289651667632342, 31.85433410461491 ], [ -91.289777472734897, 31.854116031634547 ] ] ], [ [ [ -91.293331697472993, 31.855195391186221 ], [ -91.293714810796459, 31.855101786964934 ], [ -91.293929385480126, 31.855203411917362 ], [ -91.294032203377625, 31.855355184742965 ], [ -91.294105303405345, 31.856318499993144 ], [ -91.29400784136682, 31.856510721917132 ], [ -91.293801681235379, 31.856624333695649 ], [ -91.293480266016189, 31.856592952777007 ], [ -91.293278990409206, 31.85637678330859 ], [ -91.29319392490028, 31.855587405558165 ], [ -91.293223340127128, 31.855344330079927 ], [ -91.293331697472993, 31.855195391186221 ] ] ], [ [ [ -91.29674526246356, 31.855511491115141 ], [ -91.297097206135959, 31.855441237806374 ], [ -91.297401249566875, 31.855661110235701 ], [ -91.297447361343785, 31.85628452408783 ], [ -91.297189749720886, 31.85654402860553 ], [ -91.296866278042828, 31.856539696294888 ], [ -91.296641139092131, 31.856341411758127 ], [ -91.296588303140126, 31.855752932589464 ], [ -91.29674526246356, 31.855511491115141 ] ] ], [ [ [ -91.300208592171273, 31.855979555785435 ], [ -91.300591702815453, 31.855885930718966 ], [ -91.300895756352887, 31.856105795114093 ], [ -91.300949840431215, 31.856864223062441 ], [ -91.300692236595282, 31.857123734941254 ], [ -91.300368762303947, 31.857119411468261 ], [ -91.300143614206334, 31.856921132842668 ], [ -91.300080124417249, 31.856232969464372 ], [ -91.300208592171273, 31.855979555785435 ] ] ], [ [ [ -91.296971865269512, 31.861166412056622 ], [ -91.297314067287076, 31.861067054056306 ], [ -91.297621150975857, 31.861229783177496 ], [ -91.297693781840863, 31.861603329687647 ], [ -91.297503110790728, 31.861865413148575 ], [ -91.297184845876416, 31.861915025461013 ], [ -91.296918694203853, 31.861758039023123 ], [ -91.296846066395972, 31.861384492183387 ], [ -91.296971865269512, 31.861166412056622 ] ] ], [ [ [ -91.294031838069515, 31.86754765235904 ], [ -91.294332668379042, 31.867446010478481 ], [ -91.2946296059975, 31.86755567256591 ], [ -91.294748709974101, 31.867812400602492 ], [ -91.294620209567384, 31.868065807218986 ], [ -91.294319377493935, 31.868167449711514 ], [ -91.294022438349643, 31.868057786853718 ], [ -91.293903336136992, 31.867801058205153 ], [ -91.294031838069515, 31.86754765235904 ] ] ], [ [ [ -91.267565663378036, 31.851880997198286 ], [ -91.267907858324463, 31.85178171812975 ], [ -91.26819068305187, 31.851915746454296 ], [ -91.268360685642548, 31.852270163107409 ], [ -91.268200963973172, 31.852546895826165 ], [ -91.267889940505441, 31.852622821698169 ], [ -91.267607114136169, 31.852488792657635 ], [ -91.26743848786839, 31.852169759115537 ], [ -91.267565663378036, 31.851880997198286 ] ] ], [ [ [ -91.264071426566105, 31.852352882536053 ], [ -91.264454553292424, 31.85225936709271 ], [ -91.264758505355573, 31.852479314602032 ], [ -91.264891378316946, 31.852841486147511 ], [ -91.264808294317902, 31.853086854080001 ], [ -91.264994073334933, 31.853243636433916 ], [ -91.265273264495974, 31.85378251330172 ], [ -91.265497174330804, 31.854517019365776 ], [ -91.265450890685955, 31.854756861222974 ], [ -91.26523684565953, 31.854917200160678 ], [ -91.264913385093536, 31.854912786787711 ], [ -91.264688321093757, 31.854714448160738 ], [ -91.264498521314238, 31.854069244374934 ], [ -91.264202363003022, 31.853473304675024 ], [ -91.264280019663417, 31.853192838428118 ], [ -91.264094242003864, 31.853036055075933 ], [ -91.263949668782914, 31.852676739332875 ], [ -91.264071426566105, 31.852352882536053 ] ] ], [ [ [ -91.268194512415818, 31.853728402855729 ], [ -91.268577641341508, 31.853634875058518 ], [ -91.268881608033027, 31.853854813170209 ], [ -91.269380348447697, 31.855415482526567 ], [ -91.26930675341481, 31.855650299941285 ], [ -91.269114602189106, 31.855780573081358 ], [ -91.268791137944433, 31.855776169463617 ], [ -91.268566063296078, 31.855577837359899 ], [ -91.268072766817269, 31.854052263982076 ], [ -91.268194512415818, 31.853728402855729 ] ] ], [ [ [ -91.265338952684232, 31.855744151958412 ], [ -91.265690916867172, 31.855673986481897 ], [ -91.265977749214841, 31.855861689385907 ], [ -91.26618400424934, 31.856421320304086 ], [ -91.266109027051456, 31.85662075152295 ], [ -91.265954645746007, 31.856736395932675 ], [ -91.265632229587013, 31.856759065896206 ], [ -91.265385466124613, 31.85658051224507 ], [ -91.265180588543771, 31.856056264197534 ], [ -91.265338952684232, 31.855744151958412 ] ] ], [ [ [ -91.262078623807199, 31.857689783776088 ], [ -91.26186255982951, 31.857403992571363 ], [ -91.261895949565229, 31.857231009076674 ], [ -91.262042713522888, 31.857078556806123 ], [ -91.261741853006527, 31.856968933857569 ], [ -91.261622854558198, 31.856712178197082 ], [ -91.261751426406931, 31.856458807144055 ], [ -91.26205225183088, 31.856357241479511 ], [ -91.262285910622296, 31.856421241885229 ], [ -91.262438531610201, 31.856585252642411 ], [ -91.262447950295339, 31.856828192729335 ], [ -91.262286589600592, 31.857013784092736 ], [ -91.262524248409719, 31.857077671206529 ], [ -91.262676870859096, 31.85724168171479 ], [ -91.262642268314337, 31.857564752858242 ], [ -91.262836026614679, 31.857702309620528 ], [ -91.262954108926294, 31.857960656857145 ], [ -91.262860684194663, 31.858258663668042 ], [ -91.262572966173849, 31.858384908340177 ], [ -91.262264926200103, 31.858300536744757 ], [ -91.262074459195702, 31.857997092426551 ], [ -91.262078623807199, 31.857689783776088 ] ] ], [ [ [ -91.269787433760513, 31.858628359424426 ], [ -91.270170581826264, 31.858534827555115 ], [ -91.27047456800743, 31.858754762398458 ], [ -91.270562093219311, 31.859022885117 ], [ -91.270485315440197, 31.859224331314469 ], [ -91.270693109218541, 31.859415389546989 ], [ -91.270762117494144, 31.85992168684113 ], [ -91.2709332722536, 31.860182430129875 ], [ -91.270859676739406, 31.860417248280903 ], [ -91.270667517365609, 31.860547523402754 ], [ -91.270344036211625, 31.860543123148496 ], [ -91.270118947010502, 31.860344793409041 ], [ -91.270106613840269, 31.860111088152252 ], [ -91.269898131476225, 31.859752633505586 ], [ -91.269954195165639, 31.859340921774919 ], [ -91.269784294396672, 31.859212756823645 ], [ -91.269665686383817, 31.858952221807318 ], [ -91.269787433760513, 31.858628359424426 ] ] ], [ [ [ -91.262680903111359, 31.858800365569859 ], [ -91.262981735356291, 31.858698797975197 ], [ -91.263278604730075, 31.858808531152821 ], [ -91.26339761025659, 31.859065285441076 ], [ -91.263269038864195, 31.859318658091606 ], [ -91.262968204853991, 31.859420226296518 ], [ -91.262671333957385, 31.859310492347362 ], [ -91.262552330196129, 31.859053737448871 ], [ -91.262680903111359, 31.858800365569859 ] ] ], [ [ [ -91.2665031418952, 31.858888669889559 ], [ -91.266855117422409, 31.85881850161487 ], [ -91.267121206861603, 31.858975548982357 ], [ -91.267240060728994, 31.859342834001794 ], [ -91.267049310641838, 31.859604868992328 ], [ -91.266731040926558, 31.859654404761748 ], [ -91.266464950293852, 31.859497356547756 ], [ -91.266343402408495, 31.859165399397675 ], [ -91.2665031418952, 31.858888669889559 ] ] ], [ [ [ -91.26304975659599, 31.85971057108484 ], [ -91.263432915011578, 31.859617059942003 ], [ -91.263719754359641, 31.859804768101547 ], [ -91.264078128180955, 31.860719679946119 ], [ -91.264026407466403, 31.860924422045915 ], [ -91.263850123678779, 31.861070134905781 ], [ -91.263527692120434, 31.861092798962105 ], [ -91.263280921772107, 31.860914241075335 ], [ -91.262927984356836, 31.860034426074609 ], [ -91.26304975659599, 31.85971057108484 ] ] ], [ [ [ -91.257151859151222, 31.855089536661122 ], [ -91.25749407591789, 31.85499028649415 ], [ -91.257776894014597, 31.855124337737315 ], [ -91.258005563604357, 31.85556680741476 ], [ -91.257847175523523, 31.855878909656738 ], [ -91.257536133478183, 31.855954809456225 ], [ -91.257253313278468, 31.855820757616122 ], [ -91.257024646781801, 31.855378286707957 ], [ -91.257151859151222, 31.855089536661122 ] ] ], [ [ [ -91.254063332220582, 31.856617751318417 ], [ -91.254405557618952, 31.856518509809341 ], [ -91.254712546153755, 31.856681339504807 ], [ -91.254967968426257, 31.857226258665619 ], [ -91.254934565838113, 31.857399239879246 ], [ -91.25477585676083, 31.857558986289863 ], [ -91.254457589067613, 31.857608491357407 ], [ -91.254191526220566, 31.857451418351022 ], [ -91.253936108037962, 31.856906497789257 ], [ -91.254063332220582, 31.856617751318417 ] ] ], [ [ [ -91.250402358416494, 31.857056138660617 ], [ -91.250744588898527, 31.856956907213444 ], [ -91.251027402354538, 31.857090973300625 ], [ -91.251176056610973, 31.857451694168191 ], [ -91.251016274945329, 31.857728402927776 ], [ -91.250705221832703, 31.857804285567923 ], [ -91.250422406750275, 31.857670218716958 ], [ -91.250273755164287, 31.857309497072261 ], [ -91.250402358416494, 31.857056138660617 ] ] ], [ [ [ -91.258513430757461, 31.857880797567429 ], [ -91.25889658542431, 31.857787299967843 ], [ -91.259183409587592, 31.857975017887895 ], [ -91.259758000964098, 31.859223767656772 ], [ -91.259730034195016, 31.859431849277843 ], [ -91.259535412213978, 31.859609313407198 ], [ -91.259212985238889, 31.859631966665834 ], [ -91.258966227377798, 31.859453400796912 ], [ -91.258401077604432, 31.858239123734116 ], [ -91.258394292117444, 31.858063904460042 ], [ -91.258513430757461, 31.857880797567429 ] ] ], [ [ [ -91.259401641284086, 31.859796370572809 ], [ -91.259784803206969, 31.859702870572708 ], [ -91.260071635013929, 31.859890586709565 ], [ -91.260594437210131, 31.861011478837405 ], [ -91.260566471575842, 31.861219560634321 ], [ -91.260371847210024, 31.86139702592024 ], [ -91.2600494140883, 31.861419681080541 ], [ -91.259802649937896, 31.861241116656537 ], [ -91.259289288843462, 31.860154697461216 ], [ -91.259282501709876, 31.859979478220126 ], [ -91.259401641284086, 31.859796370572809 ] ] ], [ [ [ -91.252193287456237, 31.860276419506633 ], [ -91.252585348149054, 31.860215445572099 ], [ -91.252897733107716, 31.860480996329521 ], [ -91.253154148569365, 31.861025388543752 ], [ -91.253120740896946, 31.861198369012115 ], [ -91.252962021966724, 31.861358112722399 ], [ -91.252643740365954, 31.861407612718626 ], [ -91.252377670180152, 31.861250535724693 ], [ -91.252040296252702, 31.860623612425744 ], [ -91.252068280713658, 31.860415533163611 ], [ -91.252193287456237, 31.860276419506633 ] ] ], [ [ [ -91.25605102652321, 31.860526753325015 ], [ -91.256393264707668, 31.860427506961472 ], [ -91.256676097314781, 31.860561561079795 ], [ -91.256817853171285, 31.860922134690316 ], [ -91.256658081523071, 31.861198850786323 ], [ -91.256347020558636, 31.861274746943465 ], [ -91.256064186335522, 31.861140692046494 ], [ -91.255922433162624, 31.860780117699921 ], [ -91.25605102652321, 31.860526753325015 ] ] ], [ [ [ -91.260451653268731, 31.861954959535304 ], [ -91.260752498121846, 31.861853397716597 ], [ -91.261049374532874, 31.861963136314831 ], [ -91.261168377403408, 31.862219892493183 ], [ -91.261039795217371, 31.862473262396072 ], [ -91.260738948598544, 31.862574824825003 ], [ -91.26044207066461, 31.862465085455032 ], [ -91.26032306955976, 31.86220832866648 ], [ -91.260451653268731, 31.861954959535304 ] ] ], [ [ [ -91.253115643974766, 31.862042015250783 ], [ -91.253457890600345, 31.861942777126444 ], [ -91.253740723158842, 31.862076837760132 ], [ -91.25396973207242, 31.862521373290154 ], [ -91.253811317586127, 31.86283346926707 ], [ -91.253500249070626, 31.862909358158795 ], [ -91.253217414402044, 31.862775296928319 ], [ -91.252988408599265, 31.862330760166181 ], [ -91.253115643974766, 31.862042015250783 ] ] ], [ [ [ -91.257239711219341, 31.862770283689532 ], [ -91.257591707417063, 31.862700141884179 ], [ -91.257878543524924, 31.86288786305834 ], [ -91.257994539542196, 31.863182025428905 ], [ -91.257842533160684, 31.863452926832554 ], [ -91.258149056410062, 31.863537352673667 ], [ -91.25837640498743, 31.863869855513489 ], [ -91.258348433213726, 31.864077936524883 ], [ -91.258153798484088, 31.864255397972777 ], [ -91.257755314947318, 31.864249937766424 ], [ -91.257499725213492, 31.863977444108023 ], [ -91.257462463333553, 31.863736460950065 ], [ -91.257605025896481, 31.863535820358361 ], [ -91.257268217609465, 31.86342719964928 ], [ -91.257086734065652, 31.863117483081403 ], [ -91.257114708266172, 31.862909402408377 ], [ -91.257239711219341, 31.862770283689532 ] ] ], [ [ [ -91.254226312737728, 31.864177623013106 ], [ -91.254568566327336, 31.864078382168874 ], [ -91.254851406989232, 31.864212440578026 ], [ -91.255011692453195, 31.864567685323195 ], [ -91.254851908691094, 31.864844398580239 ], [ -91.254540834065239, 31.864920289785406 ], [ -91.254257991774253, 31.864786230638167 ], [ -91.254099077510347, 31.864466368966774 ], [ -91.254226312737728, 31.864177623013106 ] ] ], [ [ [ -91.258197643908247, 31.864663174479293 ], [ -91.258508715099182, 31.864587274182679 ], [ -91.258791563415372, 31.864721324071112 ], [ -91.258880500961851, 31.864986800157482 ], [ -91.25872342789522, 31.865228190467562 ], [ -91.258412354675031, 31.865304091212032 ], [ -91.258129505209695, 31.865170040447502 ], [ -91.258040569692469, 31.864904563913278 ], [ -91.258197643908247, 31.864663174479293 ] ] ] ] } },
{ "type": "Feature", "properties": { "depth_bin": "50-55 ft", "bin_order": -52.5, "survey_id": "LM_04_GGK_20190515_CS_3850_3896", "date": "2019-05-15", "year": 2019, "mile": 387.0 }, "geometry": { "type": "MultiPolygon", "coordinates": [ [ [ [ -91.316649128055545, 31.848614493845993 ], [ -91.316949873579276, 31.84851279516176 ], [ -91.317246780840804, 31.848622403551602 ], [ -91.31736592667211, 31.848879112450959 ], [ -91.317237515816061, 31.849132545701309 ], [ -91.316936768531505, 31.849234244998119 ], [ -91.316639859743987, 31.849124635839431 ], [ -91.316520715673505, 31.8488679263275 ], [ -91.316649128055545, 31.848614493845993 ] ] ], [ [ [ -91.32018249069769, 31.852428650841567 ], [ -91.320565569135937, 31.852334964322527 ], [ -91.320780169166284, 31.852436544787444 ], [ -91.320883029242808, 31.852588297370165 ], [ -91.321045447005304, 31.853959040730363 ], [ -91.320948042628018, 31.854151285394337 ], [ -91.320741918870951, 31.854264942229477 ], [ -91.320420499446072, 31.854233629389348 ], [ -91.320219163793254, 31.85401750050935 ], [ -91.320059274777492, 31.852958078599528 ], [ -91.32006347878017, 31.852611820167489 ], [ -91.32018249069769, 31.852428650841567 ] ] ], [ [ [ -91.326831382272346, 31.853105558448952 ], [ -91.327214457758828, 31.853011851768169 ], [ -91.327518568396997, 31.853231654425084 ], [ -91.328094195320617, 31.854915041493456 ], [ -91.328020748026987, 31.855149898080523 ], [ -91.327828676266805, 31.855280262880552 ], [ -91.32750520388619, 31.855276008642509 ], [ -91.327279999708139, 31.855077776185219 ], [ -91.326709840002252, 31.853429482888941 ], [ -91.326831382272346, 31.853105558448952 ] ] ], [ [ [ -91.316947193360861, 31.8531211347774 ], [ -91.317299115188305, 31.853050824666028 ], [ -91.317603201297828, 31.853270650238606 ], [ -91.317612582190051, 31.853790394227676 ], [ -91.317365733713913, 31.854015736299193 ], [ -91.317042267483771, 31.854011455603292 ], [ -91.316817089525173, 31.853813205446667 ], [ -91.316790289874604, 31.853362603243831 ], [ -91.316947193360861, 31.8531211347774 ] ] ], [ [ [ -91.32369653202673, 31.853407633414275 ], [ -91.324079611504899, 31.853313936336221 ], [ -91.324383715308215, 31.853533746261906 ], [ -91.324567764772425, 31.854486709295053 ], [ -91.32449291344895, 31.854686179419797 ], [ -91.324300837965382, 31.854816538761167 ], [ -91.323977367787805, 31.854812275606434 ], [ -91.323752172536786, 31.85461403718249 ], [ -91.323569526551537, 31.853696457414017 ], [ -91.32369653202673, 31.853407633414275 ] ] ], [ [ [ -91.330635301292261, 31.853931470277782 ], [ -91.330987217615785, 31.853861122029198 ], [ -91.331274183868928, 31.854048682014696 ], [ -91.331658663876723, 31.854956572813769 ], [ -91.331607095127225, 31.855161347863554 ], [ -91.331430924657752, 31.855307158633558 ], [ -91.331108521648787, 31.855329995414085 ], [ -91.330861629575281, 31.855151564610249 ], [ -91.330482611363664, 31.854278768496467 ], [ -91.330510417760919, 31.854070665594026 ], [ -91.330635301292261, 31.853931470277782 ] ] ], [ [ [ -91.31714828388364, 31.856989448390404 ], [ -91.317531384045409, 31.856895771834246 ], [ -91.3177459908391, 31.856997357600825 ], [ -91.317848850540841, 31.857149112537751 ], [ -91.317892804602437, 31.857561756713871 ], [ -91.317769007649773, 31.857778081031082 ], [ -91.317926300010086, 31.857969791142423 ], [ -91.317947914011356, 31.85825009020834 ], [ -91.317850498380778, 31.858442331998148 ], [ -91.317644361257791, 31.858555983277668 ], [ -91.317322928423238, 31.858524662148909 ], [ -91.317121591374587, 31.858308528430026 ], [ -91.317106702001851, 31.857993293193498 ], [ -91.317223778723246, 31.857811905719494 ], [ -91.317066488111351, 31.857620194793512 ], [ -91.317019860147326, 31.857242880703755 ], [ -91.31714828388364, 31.856989448390404 ] ] ], [ [ [ -91.324886670827979, 31.859627642175418 ], [ -91.325197677988356, 31.859551576111581 ], [ -91.32548061489652, 31.859685480495479 ], [ -91.325569741765307, 31.859950916572842 ], [ -91.325412847851609, 31.860192395808777 ], [ -91.325101838665844, 31.860268462324104 ], [ -91.324818900603191, 31.860134557066548 ], [ -91.324729775759764, 31.859869120537692 ], [ -91.324886670827979, 31.859627642175418 ] ] ], [ [ [ -91.314811117491402, 31.857644577338949 ], [ -91.314970387255357, 31.861527832978034 ], [ -91.314761282398393, 31.861738530384997 ], [ -91.314438854802077, 31.861761323950645 ], [ -91.314236942086637, 31.861642268520352 ], [ -91.314146559405586, 31.861447539833783 ], [ -91.313972308655195, 31.85784033272007 ], [ -91.314025668274112, 31.857534470598061 ], [ -91.31431929763005, 31.857354570699101 ], [ -91.314635579488979, 31.857412638080721 ], [ -91.314811117491402, 31.857644577338949 ] ] ], [ [ [ -91.317404484585964, 31.860967274539625 ], [ -91.317705270126652, 31.860865575609523 ], [ -91.318002217284231, 31.860975183424539 ], [ -91.318121379520861, 31.861231891757051 ], [ -91.317992951968662, 31.861485324780876 ], [ -91.317692164666141, 31.861587024323914 ], [ -91.317395215981563, 31.861477415739746 ], [ -91.317276055506753, 31.861220706794285 ], [ -91.317404484585964, 31.860967274539625 ] ] ], [ [ [ -91.310257809969698, 31.851352948422292 ], [ -91.310568799342235, 31.851276917512514 ], [ -91.310851688840174, 31.851410853025516 ], [ -91.310940766447388, 31.851676297972144 ], [ -91.31078385027763, 31.85191775862133 ], [ -91.31047285887982, 31.851993789981606 ], [ -91.31018996822911, 31.851859853594728 ], [ -91.310100892647171, 31.851594408197574 ], [ -91.310257809969698, 31.851352948422292 ] ] ], [ [ [ -91.313830510828211, 31.852095176566042 ], [ -91.314048695581207, 31.851999323217282 ], [ -91.314253667838486, 31.852010644138986 ], [ -91.314428185192753, 31.852103100284708 ], [ -91.314540486897343, 31.852289330128386 ], [ -91.314621760258063, 31.854181416412921 ], [ -91.314496012398052, 31.854399516002758 ], [ -91.314277822299132, 31.854495369905649 ], [ -91.313961550584381, 31.854437301959564 ], [ -91.313786020465287, 31.854205361699066 ], [ -91.313702085591444, 31.852348605635225 ], [ -91.313830510828211, 31.852095176566042 ] ] ], [ [ [ -91.310280387879217, 31.85275004170536 ], [ -91.310663476266669, 31.852656385422673 ], [ -91.310878065372535, 31.852757982250335 ], [ -91.310980909175967, 31.85290974229093 ], [ -91.311023563989167, 31.853908165513353 ], [ -91.31090453232207, 31.854091325533172 ], [ -91.310726728228474, 31.854179106221228 ], [ -91.310405313685607, 31.854147768183694 ], [ -91.310204002335468, 31.853931624250801 ], [ -91.310151952104349, 31.853003466795997 ], [ -91.310280387879217, 31.85275004170536 ] ] ], [ [ [ -91.310445603419055, 31.857259917994057 ], [ -91.310632638455829, 31.857187435753122 ], [ -91.310876455613581, 31.857211207139901 ], [ -91.311039520157138, 31.857317822981226 ], [ -91.311129892578691, 31.857512553633669 ], [ -91.311056702752339, 31.85787565711825 ], [ -91.311139387462006, 31.858061246235689 ], [ -91.311156355251029, 31.859370307549572 ], [ -91.311030591764762, 31.859588403015746 ], [ -91.310771262822996, 31.859688899478233 ], [ -91.310463169055922, 31.859604643031922 ], [ -91.310315121627184, 31.859359130968475 ], [ -91.310295485550199, 31.858085399958199 ], [ -91.310363215736999, 31.85789577645739 ], [ -91.310285995675159, 31.857536707467794 ], [ -91.310445603419055, 31.857259917994057 ] ] ], [ [ [ -91.307843303296096, 31.859620123412483 ], [ -91.307899456902987, 31.860135088421892 ], [ -91.307780410604892, 31.860318244853847 ], [ -91.307562199862289, 31.860414086421102 ], [ -91.30731837546179, 31.860390308425945 ], [ -91.307079840221689, 31.860158525059891 ], [ -91.307079492266936, 31.85964196440916 ], [ -91.307311798121091, 31.859449788177098 ], [ -91.307635281713701, 31.859454094272245 ], [ -91.307843303296096, 31.859620123412483 ] ] ], [ [ [ -91.31046352381658, 31.861130694436266 ], [ -91.310764316743601, 31.861029012215905 ], [ -91.311061255430843, 31.861138635979223 ], [ -91.311180398301914, 31.861395350156531 ], [ -91.311051951832667, 31.861648775497567 ], [ -91.310751157143358, 31.861750458330533 ], [ -91.3104542169296, 31.86164083379774 ], [ -91.310335075820845, 31.861384119007845 ], [ -91.31046352381658, 31.861130694436266 ] ] ], [ [ [ -91.303541291249431, 31.852874490696873 ], [ -91.303893220545675, 31.852804218016587 ], [ -91.304197272528143, 31.853024074537331 ], [ -91.304250519311367, 31.853644849134252 ], [ -91.303992933792955, 31.853904368459787 ], [ -91.303669470186264, 31.853900053769379 ], [ -91.303444322241418, 31.853701780920591 ], [ -91.30338435404272, 31.853115941429571 ], [ -91.303541291249431, 31.852874490696873 ] ] ], [ [ [ -91.30693403026055, 31.853047796049115 ], [ -91.307285958093829, 31.852977513911284 ], [ -91.307572871159209, 31.853165125678093 ], [ -91.307644244285996, 31.853679314475382 ], [ -91.307424436987517, 31.853924204756922 ], [ -91.307102035770114, 31.853946980616403 ], [ -91.306855195720601, 31.853768504870168 ], [ -91.306777101385222, 31.853289251260524 ], [ -91.30693403026055, 31.853047796049115 ] ] ], [ [ [ -91.29742159313875, 31.856211097153441 ], [ -91.297510271454328, 31.856795538390418 ], [ -91.29740169068036, 31.857235694149939 ], [ -91.297129911822267, 31.85738547628798 ], [ -91.296813643109445, 31.857327365731141 ], [ -91.296632710130353, 31.857060305363682 ], [ -91.296605956562203, 31.85633824901036 ], [ -91.296680868680667, 31.856138797484927 ], [ -91.29695264446363, 31.855989016176817 ], [ -91.297233668724672, 31.856028450891738 ], [ -91.29742159313875, 31.856211097153441 ] ] ], [ [ [ -91.307085986526488, 31.856641518782009 ], [ -91.307304188646654, 31.85654567768724 ], [ -91.307509169600266, 31.856557009796138 ], [ -91.307683688134091, 31.856649475201589 ], [ -91.307795981072118, 31.856835710598084 ], [ -91.307814517218887, 31.857592966240524 ], [ -91.307744155144718, 31.857911895870043 ], [ -91.307828979256541, 31.858071417369857 ], [ -91.30785286651097, 31.858589586306479 ], [ -91.307727096545889, 31.858807678297239 ], [ -91.307508889386966, 31.858903519916034 ], [ -91.307192607790554, 31.85884543479235 ], [ -91.307017087238066, 31.858613485635658 ], [ -91.307052539075485, 31.857948890762827 ], [ -91.306962270655774, 31.857754271271489 ], [ -91.306941620110209, 31.857170103941215 ], [ -91.306966943475601, 31.856824674648166 ], [ -91.307085986526488, 31.856641518782009 ] ] ], [ [ [ -91.300273558809124, 31.856642691843955 ], [ -91.300460599826053, 31.856570224797021 ], [ -91.300704411825635, 31.856594015550886 ], [ -91.300952369680559, 31.856860283445766 ], [ -91.300968063998781, 31.857825771999558 ], [ -91.300849007484786, 31.858008921630464 ], [ -91.300630795690381, 31.858104751271078 ], [ -91.300314521929138, 31.858046649269735 ], [ -91.300139020478952, 31.857814691237795 ], [ -91.300116606419365, 31.856884137887373 ], [ -91.300273558809124, 31.856642691843955 ] ] ], [ [ [ -91.303602996803818, 31.856744280055555 ], [ -91.303986107704134, 31.856650644759693 ], [ -91.304200697995824, 31.856752252865672 ], [ -91.304303534724056, 31.856904017992093 ], [ -91.304349110490193, 31.857766769529256 ], [ -91.304230060594804, 31.857949922563378 ], [ -91.304052243034434, 31.858037693388269 ], [ -91.30373081822124, 31.858006338105881 ], [ -91.303529514993258, 31.85779018397697 ], [ -91.303452154160098, 31.857136104868875 ], [ -91.303602996803818, 31.856744280055555 ] ] ], [ [ [ -91.303557702601623, 31.859058407088792 ], [ -91.303869675748686, 31.858846768016626 ], [ -91.304113494902623, 31.858870552461529 ], [ -91.304361468663075, 31.85913681416638 ], [ -91.304315282129551, 31.859376673443737 ], [ -91.304078975099372, 31.859543560350858 ], [ -91.304366959354894, 31.859790218054339 ], [ -91.304414027779629, 31.860754413125843 ], [ -91.304288246692309, 31.860972501260175 ], [ -91.30407003104537, 31.861068336643815 ], [ -91.303753744682624, 31.861010242800212 ], [ -91.303578229125463, 31.860778289126582 ], [ -91.303547345920364, 31.859813631988985 ], [ -91.30363806498795, 31.859656337496219 ], [ -91.303827264997025, 31.859547633804581 ], [ -91.303642121211894, 31.859452740609225 ], [ -91.303529833880106, 31.859266501795904 ], [ -91.303557702601623, 31.859058407088792 ] ] ], [ [ [ -91.300362543336149, 31.859940768762911 ], [ -91.300549591075551, 31.859868301850106 ], [ -91.300793411750703, 31.85989209272401 ], [ -91.301041378250247, 31.860158360628851 ], [ -91.301098588029717, 31.861363334940123 ], [ -91.300972798392763, 31.86158141947357 ], [ -91.300754578119623, 31.861677248987121 ], [ -91.30043829216855, 31.861619146898288 ], [ -91.30026278405488, 31.861387188915849 ], [ -91.300202901048578, 31.860217544257441 ], [ -91.300362543336149, 31.859940768762911 ] ] ], [ [ [ -91.296955677024528, 31.860892069596904 ], [ -91.297338811054701, 31.86079845522616 ], [ -91.297553402912158, 31.860900074572008 ], [ -91.297656232770223, 31.861051844763242 ], [ -91.29761233030878, 31.861487528336738 ], [ -91.297684327499923, 31.861775641755052 ], [ -91.297565259184154, 31.861958787798557 ], [ -91.297387427869154, 31.862046548758897 ], [ -91.297065992264351, 31.862015176235388 ], [ -91.296864696831051, 31.861799011919132 ], [ -91.296918349693996, 31.861501463682778 ], [ -91.2968298785173, 31.861110149728297 ], [ -91.296955677024528, 31.860892069596904 ] ] ], [ [ [ -91.297187018417105, 31.866411914493124 ], [ -91.297539003649476, 31.86634166150715 ], [ -91.297843082744464, 31.866561533801452 ], [ -91.297853760594919, 31.867077280862059 ], [ -91.297606828883644, 31.867302581211867 ], [ -91.297283319564855, 31.867298248660529 ], [ -91.297058154621013, 31.867099964241479 ], [ -91.297030040378729, 31.866653355513641 ], [ -91.297187018417105, 31.866411914493124 ] ] ], [ [ [ -91.278806598532199, 31.85005632644199 ], [ -91.2791487760568, 31.849957016423208 ], [ -91.279455789807002, 31.850119787290012 ], [ -91.279535971959618, 31.850493259614346 ], [ -91.279345275216343, 31.850755315275372 ], [ -91.279027041233689, 31.850804883203658 ], [ -91.278760953202621, 31.850647860683019 ], [ -91.278680774095193, 31.850274387983823 ], [ -91.278806598532199, 31.85005632644199 ] ] ], [ [ [ -91.282479542483685, 31.851254482408894 ], [ -91.282790551065872, 31.851178520240573 ], [ -91.28307339713264, 31.851312516157829 ], [ -91.283162394107634, 31.851577977788224 ], [ -91.28300540733683, 31.851819401626425 ], [ -91.282694396727933, 31.851895364243688 ], [ -91.282411549510741, 31.851761367451594 ], [ -91.282322554562441, 31.851495905372261 ], [ -91.282479542483685, 31.851254482408894 ] ] ], [ [ [ -91.275966960127363, 31.851705684955441 ], [ -91.275933307614324, 31.851923692818335 ], [ -91.276122538028702, 31.852379744527809 ], [ -91.276560673676357, 31.854406834869717 ], [ -91.276530254553407, 31.854619239915458 ], [ -91.276657553069711, 31.854848296017451 ], [ -91.276605863833879, 31.855053044514893 ], [ -91.276436633143334, 31.855195311652768 ], [ -91.276692695567476, 31.85530274740438 ], [ -91.276810357541748, 31.85552410639486 ], [ -91.276711545588526, 31.855787026740543 ], [ -91.276423852776588, 31.855913303751603 ], [ -91.276148727070634, 31.855850504378594 ], [ -91.275973291664158, 31.855618515174516 ], [ -91.276001220533956, 31.855410428528984 ], [ -91.276188780432093, 31.855236402025117 ], [ -91.275995927042572, 31.855174693390179 ], [ -91.275843283454634, 31.855010698110608 ], [ -91.275850914112539, 31.85473029920589 ], [ -91.275632875784879, 31.854133173527881 ], [ -91.275216849499685, 31.852241790497029 ], [ -91.27525050384196, 31.852023782897795 ], [ -91.275144799546212, 31.851869662803701 ], [ -91.274965141947575, 31.850989041932301 ], [ -91.274998504479129, 31.850816053881857 ], [ -91.275157167774907, 31.850656280415215 ], [ -91.275475402845487, 31.850606722228818 ], [ -91.275741484858443, 31.850763751427277 ], [ -91.275966960127363, 31.851705684955441 ] ] ], [ [ [ -91.289613250760866, 31.851921675969059 ], [ -91.289914033827444, 31.851820042703597 ], [ -91.290210916491901, 31.851929713438544 ], [ -91.290329989993666, 31.852186445089323 ], [ -91.290201501443804, 31.852439848169094 ], [ -91.289900716614326, 31.852541482045922 ], [ -91.289603832425584, 31.852431810540828 ], [ -91.289484760686719, 31.852175078278709 ], [ -91.289613250760866, 31.851921675969059 ] ] ], [ [ [ -91.279098358972959, 31.851825916756198 ], [ -91.279481470512906, 31.851732355401445 ], [ -91.279696020790311, 31.851834003609735 ], [ -91.279798811330622, 31.851985787075179 ], [ -91.279985885457918, 31.853317741575179 ], [ -91.279885706550346, 31.85354528083116 ], [ -91.279679536972708, 31.853658869379416 ], [ -91.279358138504449, 31.853627453266377 ], [ -91.279156903054727, 31.853411262723121 ], [ -91.278975398900073, 31.852355683794279 ], [ -91.278979268474217, 31.852009044822662 ], [ -91.279098358972959, 31.851825916756198 ] ] ], [ [ [ -91.293156720282255, 31.852586604690512 ], [ -91.293457502056654, 31.85248496299026 ], [ -91.293754391407987, 31.852594625659403 ], [ -91.293873475658771, 31.852851354338128 ], [ -91.293744995623584, 31.853104761280694 ], [ -91.293444212086456, 31.85320640359248 ], [ -91.293147321210554, 31.853096740153337 ], [ -91.293028238722471, 31.852840010863076 ], [ -91.293156720282255, 31.852586604690512 ] ] ], [ [ [ -91.282741543798792, 31.853026043839069 ], [ -91.283093486694312, 31.85295582931807 ], [ -91.283397487388171, 31.853175733875169 ], [ -91.283436820301347, 31.853659291176612 ], [ -91.283179178436384, 31.85391876628287 ], [ -91.282855718292737, 31.853914398660567 ], [ -91.282630616649058, 31.853716090504545 ], [ -91.282584553319154, 31.85326746698021 ], [ -91.282741543798792, 31.853026043839069 ] ] ], [ [ [ -91.28637489520591, 31.853507429976951 ], [ -91.286758007488899, 31.853413846701201 ], [ -91.287062018757752, 31.853633742836998 ], [ -91.287145177483708, 31.854355040369224 ], [ -91.287047703515356, 31.854547256580116 ], [ -91.286880810473988, 31.854649457410336 ], [ -91.286557347151671, 31.854645099112417 ], [ -91.286332235564387, 31.854446797193095 ], [ -91.286246394019074, 31.853760828565306 ], [ -91.28637489520591, 31.853507429976951 ] ] ], [ [ [ -91.289839469342382, 31.854662133917632 ], [ -91.290057683134094, 31.854566322859846 ], [ -91.290262656276369, 31.854577682557771 ], [ -91.290437152819678, 31.854670170939357 ], [ -91.290549408132051, 31.854856420334912 ], [ -91.290551088880378, 31.855376299435999 ], [ -91.290420971690779, 31.855597604710066 ], [ -91.290558977065814, 31.855751990652859 ], [ -91.290579181001462, 31.85596072828962 ], [ -91.290460106978855, 31.856143867607742 ], [ -91.290241889774379, 31.856239679218231 ], [ -91.289925630085222, 31.85618155180023 ], [ -91.289750158659317, 31.855949580390693 ], [ -91.28987614429353, 31.855622464473438 ], [ -91.289715339628884, 31.855400085866808 ], [ -91.289710975713746, 31.854915536240156 ], [ -91.289839469342382, 31.854662133917632 ] ] ], [ [ [ -91.293382444618771, 31.855881350851249 ], [ -91.293765560769586, 31.8557877465839 ], [ -91.294069597006441, 31.856007626734815 ], [ -91.294107379866773, 31.856628136626334 ], [ -91.29384975820507, 31.856887634001716 ], [ -91.29352628589055, 31.856883293155065 ], [ -91.2933011535753, 31.856685002932924 ], [ -91.293256645237307, 31.856099427554419 ], [ -91.293382444618771, 31.855881350851249 ] ] ], [ [ [ -91.294082767163786, 31.867385686962553 ], [ -91.294474836834326, 31.867324583954293 ], [ -91.294752192993812, 31.867568839839066 ], [ -91.294684947850556, 31.867882811914761 ], [ -91.294735760878112, 31.868192680941196 ], [ -91.294449543062086, 31.868429376529932 ], [ -91.294128086746042, 31.86839799586836 ], [ -91.29392678522845, 31.868181826861768 ], [ -91.293994033190287, 31.867867855298591 ], [ -91.293932511120744, 31.86759218925954 ], [ -91.294082767163786, 31.867385686962553 ] ] ], [ [ [ -91.270916296133677, 31.849909840021837 ], [ -91.271217090937228, 31.849808251458203 ], [ -91.271513943015449, 31.849917964884771 ], [ -91.271632961523665, 31.85017471220937 ], [ -91.271504425786659, 31.850428094762933 ], [ -91.271203629219158, 31.850529683936973 ], [ -91.270906775618187, 31.85041996973948 ], [ -91.270787758873922, 31.850163221804511 ], [ -91.270916296133677, 31.849909840021837 ] ] ], [ [ [ -91.271667135123622, 31.85244231699426 ], [ -91.272050255666258, 31.852348778399989 ], [ -91.272264798574781, 31.852450438904036 ], [ -91.272367577279596, 31.852602227958922 ], [ -91.272948092910511, 31.854815749334801 ], [ -91.272874507375377, 31.855050569172985 ], [ -91.272643089828208, 31.855192243029911 ], [ -91.272321689312051, 31.855160809028973 ], [ -91.272120467670831, 31.854944607857959 ], [ -91.271566654388678, 31.852902557240185 ], [ -91.271548029415641, 31.8526254375349 ], [ -91.271667135123622, 31.85244231699426 ] ] ], [ [ [ -91.269371461294071, 31.855414817314468 ], [ -91.269559620557928, 31.855979304385254 ], [ -91.269459413232184, 31.856206834326272 ], [ -91.269212832990661, 31.856328458867779 ], [ -91.268969032696916, 31.856304608017059 ], [ -91.268806020925837, 31.856197939952981 ], [ -91.268687617483849, 31.855977552677182 ], [ -91.268574310612351, 31.855609413811997 ], [ -91.26860768708444, 31.855436428040139 ], [ -91.268840058422327, 31.855244324435432 ], [ -91.269163520818708, 31.855248727863351 ], [ -91.269371461294071, 31.855414817314468 ] ] ], [ [ [ -91.27291778978919, 31.856988872085317 ], [ -91.273300928285451, 31.856895330405191 ], [ -91.273604917071552, 31.857115257888484 ], [ -91.273991342861123, 31.858560629806028 ], [ -91.273917756506009, 31.858795450104392 ], [ -91.273725604688096, 31.858925730152283 ], [ -91.273402128674249, 31.858921337875163 ], [ -91.273177036433879, 31.85872301341108 ], [ -91.27279062292142, 31.857277639477992 ], [ -91.27291778978919, 31.856988872085317 ] ] ], [ [ [ -91.269349499401656, 31.857306859110846 ], [ -91.269732642312206, 31.857213328365287 ], [ -91.269947193498183, 31.857314993015478 ], [ -91.270049973325385, 31.857466783890018 ], [ -91.27021158269315, 31.857928876053307 ], [ -91.270143397856998, 31.858156260951564 ], [ -91.270363055802832, 31.858352309121411 ], [ -91.270443558474994, 31.858854785192797 ], [ -91.270588980999378, 31.859014064405052 ], [ -91.270704521739674, 31.859345974068074 ], [ -91.270620830163296, 31.859633177565605 ], [ -91.270808501128641, 31.859815752248892 ], [ -91.27099243904054, 31.860379300553493 ], [ -91.270935258654376, 31.860681568467477 ], [ -91.271112395919232, 31.860812772605716 ], [ -91.271308900394033, 31.861198544549435 ], [ -91.271240737193239, 31.861468461451125 ], [ -91.271009300771894, 31.861610131541529 ], [ -91.270619721456413, 31.861538469807897 ], [ -91.270350826373516, 31.861107604892752 ], [ -91.270408008985783, 31.860805337337823 ], [ -91.270192980654642, 31.860611237936993 ], [ -91.269999610734345, 31.860013213448841 ], [ -91.270083304618794, 31.859726010457052 ], [ -91.269895635308885, 31.859543434757516 ], [ -91.269789921909819, 31.859047823171725 ], [ -91.269631150613606, 31.858855023274717 ], [ -91.269547371455673, 31.858479285331224 ], [ -91.269616932577861, 31.858287284819809 ], [ -91.269414411619692, 31.858123477042803 ], [ -91.269227752475715, 31.857630721145842 ], [ -91.269349499401656, 31.857306859110846 ] ] ], [ [ [ -91.274206581494539, 31.871961753231314 ], [ -91.274558602413435, 31.871891565308488 ], [ -91.274845502376792, 31.872079250151508 ], [ -91.275043620369985, 31.872643984199925 ], [ -91.274968647170709, 31.872843420369655 ], [ -91.274814248369808, 31.872959074695256 ], [ -91.274491776585023, 31.872981765160773 ], [ -91.274244953463423, 31.872803227015645 ], [ -91.274048216316984, 31.872273875836044 ], [ -91.274206581494539, 31.871961753231314 ] ] ], [ [ [ -91.267297698089948, 31.850928549819017 ], [ -91.267649642572522, 31.850858378166805 ], [ -91.267953598159551, 31.851078318188456 ], [ -91.268245259039205, 31.852011113195072 ], [ -91.268170290254261, 31.85221054604569 ], [ -91.267978144886015, 31.852340817731239 ], [ -91.267654692843251, 31.852336411646711 ], [ -91.267429628728991, 31.852138077810615 ], [ -91.267139349457594, 31.851240665250174 ], [ -91.267297698089948, 31.850928549819017 ] ] ], [ [ [ -91.263999289731302, 31.852066594058908 ], [ -91.264351240635278, 31.851996431793079 ], [ -91.264617306532216, 31.852153483717107 ], [ -91.264723711858494, 31.852524160238517 ], [ -91.26453296982011, 31.852786191966725 ], [ -91.264214722680109, 31.852835722269724 ], [ -91.26394865560323, 31.852678669473772 ], [ -91.263842253263491, 31.852307992416012 ], [ -91.263999289731302, 31.852066594058908 ] ] ], [ [ [ -91.256119653698889, 31.852924465320712 ], [ -91.256420472976842, 31.852822912741903 ], [ -91.256717315327876, 31.852932660393162 ], [ -91.256836295604785, 31.853189420134441 ], [ -91.256707715526815, 31.853442786022757 ], [ -91.256406894483661, 31.853544339211325 ], [ -91.256110050610729, 31.853434590788414 ], [ -91.255991072099022, 31.853177830437364 ], [ -91.256119653698889, 31.852924465320712 ] ] ], [ [ [ -91.256740980446352, 31.854191190867304 ], [ -91.25712412119195, 31.854097698078704 ], [ -91.257410930502999, 31.85428541956728 ], [ -91.257448189647533, 31.854526402941971 ], [ -91.257309511774409, 31.85472414541816 ], [ -91.257654164355458, 31.854832007065401 ], [ -91.257813481295926, 31.855188457750184 ], [ -91.257761750539615, 31.855393197087807 ], [ -91.257585468273419, 31.855538901403801 ], [ -91.257263055286316, 31.855561550217629 ], [ -91.257016311835045, 31.855382980974376 ], [ -91.256930608549879, 31.855041853767762 ], [ -91.25707603205305, 31.85480917959049 ], [ -91.256794578297303, 31.854747053712153 ], [ -91.256619194638404, 31.854515039554077 ], [ -91.256740980446352, 31.854191190867304 ] ] ], [ [ [ -91.265412646973729, 31.856027624170508 ], [ -91.265795787927459, 31.855934105227494 ], [ -91.266082621279338, 31.856121807923618 ], [ -91.266346913580648, 31.856809409535643 ], [ -91.266271936374039, 31.85700884084028 ], [ -91.266117554591759, 31.857124485425402 ], [ -91.265795137096504, 31.857147155754348 ], [ -91.265548372306668, 31.856968602382082 ], [ -91.26528545853057, 31.856316383313743 ], [ -91.265412646973729, 31.856027624170508 ] ] ], [ [ [ -91.253920088689483, 31.856209320760321 ], [ -91.254272061764382, 31.856139187279492 ], [ -91.254538121094626, 31.856296260018524 ], [ -91.254725136614326, 31.856755242080041 ], [ -91.254531656361081, 31.857052585404983 ], [ -91.254213390321254, 31.857102089922282 ], [ -91.253947329326621, 31.856945016459495 ], [ -91.253760317381492, 31.856486033390585 ], [ -91.253920088689483, 31.856209320760321 ] ] ], [ [ [ -91.261924862992743, 31.856828015821197 ], [ -91.262276833461996, 31.85675786004818 ], [ -91.262563661763622, 31.856945570499494 ], [ -91.262852069194011, 31.857736202737673 ], [ -91.262800347780683, 31.857940944393178 ], [ -91.262624068055942, 31.858086655751013 ], [ -91.262301646775185, 31.858109317065516 ], [ -91.262054886579193, 31.857930757084752 ], [ -91.26176648551936, 31.857140123281159 ], [ -91.261924862992743, 31.856828015821197 ] ] ], [ [ [ -91.26622779529221, 31.858097663884923 ], [ -91.26657976795471, 31.858027496265205 ], [ -91.266883743581261, 31.85824743935234 ], [ -91.266930842030206, 31.858622127974744 ], [ -91.26713329154336, 31.858976449094332 ], [ -91.267121635301123, 31.859145978465659 ], [ -91.267502137315759, 31.85988474417001 ], [ -91.267455855469279, 31.860124586652908 ], [ -91.267241800888925, 31.860284928521033 ], [ -91.266997222700454, 31.860302127050609 ], [ -91.266812955418501, 31.860224648704829 ], [ -91.266573083629723, 31.859827318055149 ], [ -91.266460240245834, 31.859326903512603 ], [ -91.266268201836098, 31.859007694281107 ], [ -91.266271206693119, 31.858801194505812 ], [ -91.266074859895539, 31.858444875809631 ], [ -91.266102812066322, 31.858236792244952 ], [ -91.26622779529221, 31.858097663884923 ] ] ], [ [ [ -91.258630308851934, 31.858135612421759 ], [ -91.258931142876705, 31.858034054485479 ], [ -91.25922800489468, 31.858143796888484 ], [ -91.259346998238442, 31.858400554565133 ], [ -91.259218416972686, 31.858653922782015 ], [ -91.25891758118243, 31.858755481328316 ], [ -91.258620717641961, 31.858645738153626 ], [ -91.258501726063685, 31.858388979866977 ], [ -91.258630308851934, 31.858135612421759 ] ] ], [ [ [ -91.259113875215675, 31.859155605952971 ], [ -91.259456105379286, 31.859056351024179 ], [ -91.259763111589507, 31.859219169074997 ], [ -91.260066396217198, 31.859895891105751 ], [ -91.26003300188242, 31.86006887389485 ], [ -91.259874296489372, 31.860228626758193 ], [ -91.259556021650866, 31.860278144343148 ], [ -91.259289942181354, 31.860121081491165 ], [ -91.258992090217262, 31.859479456735034 ], [ -91.259113875215675, 31.859155605952971 ] ] ], [ [ [ -91.263453967596192, 31.860595988863476 ], [ -91.263805951577197, 31.860525829363194 ], [ -91.264072040299226, 31.860682883064669 ], [ -91.264192816801483, 31.86104702265321 ], [ -91.264002054565751, 31.861309052572821 ], [ -91.263683777688385, 31.861358580433073 ], [ -91.263417687778357, 31.861201525889118 ], [ -91.263294215987386, 31.860872714040383 ], [ -91.263453967596192, 31.860595988863476 ] ] ], [ [ [ -91.260486348095426, 31.862090772346331 ], [ -91.260828587972341, 31.861991514099184 ], [ -91.261111432152049, 31.862125558714208 ], [ -91.261278584952535, 31.862479453741443 ], [ -91.261118823449337, 31.862756175759181 ], [ -91.260807760313469, 31.862832082760296 ], [ -91.260524914497637, 31.86269803742255 ], [ -91.260359135275493, 31.862379525454866 ], [ -91.260486348095426, 31.862090772346331 ] ] ], [ [ [ -91.257361741962299, 31.863024704928243 ], [ -91.257713739060975, 31.862954562818771 ], [ -91.258000576192913, 31.863142283747216 ], [ -91.258096519847669, 31.863444178050429 ], [ -91.257963935571325, 31.863700534058324 ], [ -91.258264582380406, 31.863760499742813 ], [ -91.2584399866561, 31.863992512079086 ], [ -91.258412014974112, 31.864200593104417 ], [ -91.258217380092205, 31.864378054641566 ], [ -91.257894936290981, 31.864400703937395 ], [ -91.257648168835274, 31.864222135275167 ], [ -91.257610906499394, 31.863981152152331 ], [ -91.257734046821909, 31.863795056871684 ], [ -91.257370196065594, 31.863689352780348 ], [ -91.257208764792011, 31.863371904455072 ], [ -91.257236738824389, 31.863163823756096 ], [ -91.257361741962299, 31.863024704928243 ] ] ], [ [ [ -91.254413257993846, 31.864397374437942 ], [ -91.254724330930642, 31.864321483480133 ], [ -91.255007172560695, 31.864455541572291 ], [ -91.255178102265461, 31.864805789467063 ], [ -91.255018318544714, 31.865082502926516 ], [ -91.254707243225582, 31.86515839451263 ], [ -91.254424399964734, 31.865024335705996 ], [ -91.254253472798524, 31.864674086896322 ], [ -91.254413257993846, 31.864397374437942 ] ] ], [ [ [ -91.258132829254635, 31.864536321587078 ], [ -91.258484831677691, 31.864466177541683 ], [ -91.258750921828238, 31.864623242372655 ], [ -91.259004664074666, 31.865169511594399 ], [ -91.258971265385554, 31.86534249382925 ], [ -91.258812548738646, 31.865502244853324 ], [ -91.258494255191607, 31.865551759074609 ], [ -91.258228162910569, 31.865394693648611 ], [ -91.257974424770254, 31.864848423036118 ], [ -91.258132829254635, 31.864536321587078 ] ] ] ] } },
{ "type": "Feature", "properties": { "depth_bin": "55-60 ft", "bin_order": -57.5, "survey_id": "LM_04_GGK_20190515_CS_3850_3896", "date": "2019-05-15", "year": 2019, "mile": 387.0 }, "geometry": { "type": "MultiPolygon", "coordinates": [ [ [ [ -91.313811835203637, 31.851821514875503 ], [ -91.314153986292666, 31.851722109579573 ], [ -91.314461071296464, 31.8518847981973 ], [ -91.314542164339244, 31.852257804444125 ], [ -91.314351560278837, 31.852519915861663 ], [ -91.314033334749354, 31.852569571853991 ], [ -91.313767178945582, 31.852412620415922 ], [ -91.313683410331606, 31.852074943947585 ], [ -91.313811835203637, 31.851821514875503 ] ] ], [ [ [ -91.320114354376216, 31.852021178659676 ], [ -91.320497431168803, 31.851927492284684 ], [ -91.320801521668372, 31.852147310377742 ], [ -91.320886196293301, 31.852868437394253 ], [ -91.320788792845022, 31.853060681995817 ], [ -91.320621937697524, 31.853162928528761 ], [ -91.320298473902852, 31.853158656215417 ], [ -91.320073290688711, 31.852960411633116 ], [ -91.319985946147625, 31.852274614675189 ], [ -91.320114354376216, 31.852021178659676 ] ] ], [ [ [ -91.329964397782504, 31.852238704910729 ], [ -91.330192527584416, 31.852161537471666 ], [ -91.330432438901624, 31.852205554451988 ], [ -91.330582492832903, 31.852325276029823 ], [ -91.330743010413968, 31.852644064877058 ], [ -91.331267637602735, 31.854054472223591 ], [ -91.331194199056412, 31.854289330972875 ], [ -91.33100213338075, 31.854419700798466 ], [ -91.330678663479873, 31.854415454733164 ], [ -91.330453454251256, 31.854217227711874 ], [ -91.329811708464234, 31.852586002421535 ], [ -91.32983951567563, 31.852377899646896 ], [ -91.329964397782504, 31.852238704910729 ] ] ], [ [ [ -91.326578374347946, 31.852308604330531 ], [ -91.32696144672019, 31.852214898296875 ], [ -91.327248399448777, 31.852402466963802 ], [ -91.327503639613042, 31.853237732364899 ], [ -91.327428795668126, 31.853437204506935 ], [ -91.327274492905175, 31.853552926281665 ], [ -91.326952095493596, 31.853575752700049 ], [ -91.326705216325948, 31.853397314209943 ], [ -91.326451379393546, 31.852597431616804 ], [ -91.326578374347946, 31.852308604330531 ] ] ], [ [ [ -91.323507427113583, 31.852458498011018 ], [ -91.323890502784963, 31.852364801361418 ], [ -91.324194603107429, 31.852584611648723 ], [ -91.324391750474916, 31.853537005901277 ], [ -91.324316899641062, 31.853736475964237 ], [ -91.324124825954954, 31.853866835117312 ], [ -91.323801359121831, 31.853862571628053 ], [ -91.323576166476116, 31.853664332956019 ], [ -91.323380422498502, 31.852747321887527 ], [ -91.323507427113583, 31.852458498011018 ] ] ], [ [ [ -91.316888459102955, 31.852458372549332 ], [ -91.317271540529148, 31.852364696076261 ], [ -91.317486136751228, 31.852466281979744 ], [ -91.317588991334986, 31.852618037042706 ], [ -91.317613482253307, 31.853342903816291 ], [ -91.317494464107796, 31.85352607049661 ], [ -91.317316666935582, 31.853613860662513 ], [ -91.316995251327242, 31.853582539275948 ], [ -91.316793925268485, 31.853366405273324 ], [ -91.316762719006817, 31.852676474702488 ], [ -91.316888459102955, 31.852458372549332 ] ] ], [ [ [ -91.310300115602828, 31.853023640908852 ], [ -91.310600881933752, 31.852921958047517 ], [ -91.310897794866889, 31.85303158142181 ], [ -91.311016927911794, 31.853288295689779 ], [ -91.310888493300851, 31.853541721547909 ], [ -91.310587725208322, 31.853643405021622 ], [ -91.310290810749322, 31.853533780878074 ], [ -91.310171679466023, 31.853277065997723 ], [ -91.310300115602828, 31.853023640908852 ] ] ], [ [ [ -91.310405768059752, 31.857560562794717 ], [ -91.310788876470838, 31.857466906885172 ], [ -91.311092960393623, 31.857686747852867 ], [ -91.31112607067719, 31.858305172575058 ], [ -91.31086849018287, 31.858564705869814 ], [ -91.310545009154907, 31.858560408104925 ], [ -91.310319835051189, 31.858362146672444 ], [ -91.310280005500985, 31.857778657601489 ], [ -91.310405768059752, 31.857560562794717 ] ] ], [ [ [ -91.307122790434022, 31.857580320443436 ], [ -91.307350950700723, 31.857503195169652 ], [ -91.307590862839916, 31.857547255327592 ], [ -91.307761662614837, 31.857697650134281 ], [ -91.307831079706389, 31.857934292786453 ], [ -91.307767077931231, 31.858463676430937 ], [ -91.307855831237077, 31.858656491013605 ], [ -91.307893984503124, 31.859687654897716 ], [ -91.307768213018463, 31.859905746844838 ], [ -91.30755000325675, 31.860001588430311 ], [ -91.307233717911217, 31.859943503287838 ], [ -91.307058195302034, 31.859711554150635 ], [ -91.307000164640243, 31.858955974804292 ], [ -91.307075891910799, 31.858496183714141 ], [ -91.306992586197197, 31.85833846616184 ], [ -91.306963172357328, 31.857857105368623 ], [ -91.307122790434022, 31.857580320443436 ] ] ], [ [ [ -91.332285956110724, 31.858256903190647 ], [ -91.332586718012635, 31.858155168142698 ], [ -91.332883675876829, 31.858264741540488 ], [ -91.333002876894284, 31.858521437316995 ], [ -91.332874493480716, 31.858774887001648 ], [ -91.332573729818193, 31.858876622663175 ], [ -91.33227677042612, 31.858767048496972 ], [ -91.332157571169262, 31.858510352106865 ], [ -91.332285956110724, 31.858256903190647 ] ] ], [ [ [ -91.32868369418469, 31.858798151702278 ], [ -91.328984461431176, 31.858696425381524 ], [ -91.329281416343846, 31.858806007099972 ], [ -91.329400607842459, 31.859062705916635 ], [ -91.329272213918557, 31.85931615157989 ], [ -91.328971444911176, 31.859417878514069 ], [ -91.328674488470853, 31.85930829602702 ], [ -91.328555298733122, 31.859051596596945 ], [ -91.32868369418469, 31.858798151702278 ] ] ], [ [ [ -91.310493961686234, 31.861245873171793 ], [ -91.310804984505381, 31.861169842938661 ], [ -91.311087903916913, 31.861303778782315 ], [ -91.311176990382179, 31.861569223520124 ], [ -91.311020056825271, 31.861810683543492 ], [ -91.310709031979869, 31.861886714227328 ], [ -91.310426111414955, 31.861752777509487 ], [ -91.310337026975958, 31.861487332320955 ], [ -91.310493961686234, 31.861245873171793 ] ] ], [ [ [ -91.306908852184748, 31.852085998617753 ], [ -91.307095879100459, 31.852013521258574 ], [ -91.307339681468875, 31.852037298945085 ], [ -91.307587647440798, 31.852303554317508 ], [ -91.307610397593194, 31.853269043408666 ], [ -91.307491360208616, 31.853452200044895 ], [ -91.307273165708381, 31.853548041764633 ], [ -91.306956902420396, 31.853489956645934 ], [ -91.306781391987499, 31.853258007348682 ], [ -91.306751924994259, 31.852327453887206 ], [ -91.306908852184748, 31.852085998617753 ] ] ], [ [ [ -91.303504007292986, 31.852347319466411 ], [ -91.303887099876832, 31.852253683779391 ], [ -91.304191150098802, 31.852473540269791 ], [ -91.304223572270885, 31.853095518205539 ], [ -91.303965988280822, 31.853355037548294 ], [ -91.303642526596221, 31.85335072285557 ], [ -91.30341737999089, 31.853152449991015 ], [ -91.303378236467793, 31.852565407297959 ], [ -91.303504007292986, 31.852347319466411 ] ] ], [ [ [ -91.300120529601628, 31.852407471473345 ], [ -91.300421303929028, 31.852305813006367 ], [ -91.300718201739343, 31.852415459681023 ], [ -91.300837305400307, 31.852672182506616 ], [ -91.300708844356606, 31.852925597166358 ], [ -91.300408068266975, 31.85302725624522 ], [ -91.300111168931579, 31.852917608800865 ], [ -91.299992067032832, 31.852660885363392 ], [ -91.300120529601628, 31.852407471473345 ] ] ], [ [ [ -91.303644409407823, 31.857294324509517 ], [ -91.303862616379689, 31.85719848950901 ], [ -91.304106431210869, 31.857222273822774 ], [ -91.304269487565023, 31.857328898079782 ], [ -91.304359845529277, 31.857523633052654 ], [ -91.304381202530848, 31.85979220688813 ], [ -91.304255422782887, 31.860010295064196 ], [ -91.303996085940511, 31.860110777401179 ], [ -91.303687997734556, 31.860026504702201 ], [ -91.303539968026058, 31.859780985361695 ], [ -91.303496993714802, 31.857822764526986 ], [ -91.303525358801821, 31.857477476869363 ], [ -91.303644409407823, 31.857294324509517 ] ] ], [ [ [ -91.30025908964609, 31.857352599870879 ], [ -91.300477299984991, 31.857256770809329 ], [ -91.300721113789763, 31.857280561591672 ], [ -91.300884166137976, 31.857387190058724 ], [ -91.300974516918629, 31.857581927191223 ], [ -91.301016746842038, 31.858854253404434 ], [ -91.300947855162505, 31.859175022096057 ], [ -91.301036586425425, 31.859367831167866 ], [ -91.30104308273495, 31.860126009802283 ], [ -91.300917294790068, 31.860344094375257 ], [ -91.300657953696998, 31.860444569737808 ], [ -91.300349867819023, 31.86036028901847 ], [ -91.300201846656876, 31.860114766091399 ], [ -91.300255979932615, 31.85920841017689 ], [ -91.300167250458259, 31.859015600617301 ], [ -91.300130619943474, 31.8576060134871 ], [ -91.30025908964609, 31.857352599870879 ] ] ], [ [ [ -91.297591261935096, 31.859473743889239 ], [ -91.297677215296048, 31.86101808842357 ], [ -91.29760230084554, 31.861217540327083 ], [ -91.297330510294714, 31.861367322408739 ], [ -91.297014227949177, 31.861309211907898 ], [ -91.296838729191109, 31.861077249505328 ], [ -91.296756210347027, 31.86035741016871 ], [ -91.296731173451661, 31.859360930146611 ], [ -91.296811746403307, 31.859155176369278 ], [ -91.296740239656927, 31.858982839789871 ], [ -91.296648758957986, 31.857162145884693 ], [ -91.296748901646737, 31.856934592238485 ], [ -91.296995449936972, 31.856812913079509 ], [ -91.297311717043726, 31.856871023131248 ], [ -91.297487209548734, 31.857102984791215 ], [ -91.297586573419963, 31.858820357117846 ], [ -91.297503577938571, 31.859164530815118 ], [ -91.297591261935096, 31.859473743889239 ] ] ], [ [ [ -91.303704167744954, 31.860591740947665 ], [ -91.304087294663304, 31.860498105949606 ], [ -91.304391371524773, 31.860717962643594 ], [ -91.304389673120156, 31.861235564056674 ], [ -91.304142772972455, 31.861460878396255 ], [ -91.303819282957633, 31.861456563176258 ], [ -91.303594117074326, 31.861258290169836 ], [ -91.30357838525812, 31.860809828334517 ], [ -91.303704167744954, 31.860591740947665 ] ] ], [ [ [ -91.300382296982917, 31.861611745717692 ], [ -91.300683101434927, 31.861510087801172 ], [ -91.300980028579502, 31.861619734748722 ], [ -91.301099143601306, 31.861876457409974 ], [ -91.300970669289427, 31.862129871564566 ], [ -91.300669863074404, 31.862231530093215 ], [ -91.300372934404024, 31.862121882375739 ], [ -91.300253821145233, 31.861865159102361 ], [ -91.300382296982917, 31.861611745717692 ] ] ], [ [ [ -91.296982559913275, 31.861578372734211 ], [ -91.297283367604066, 31.861476722989536 ], [ -91.29758029023759, 31.861586377736373 ], [ -91.297699395640862, 31.861843103255765 ], [ -91.297570912237191, 31.862096513652961 ], [ -91.297270102783173, 31.862198164009612 ], [ -91.296973178624086, 31.86208850849269 ], [ -91.296854074984054, 31.861831782361335 ], [ -91.296982559913275, 31.861578372734211 ] ] ], [ [ [ -91.303769098395108, 31.861805069720482 ], [ -91.3041210618169, 31.861734797675165 ], [ -91.30442514268465, 31.861954654391035 ], [ -91.304460688923399, 31.862437821732772 ], [ -91.304203078336954, 31.862697340312959 ], [ -91.30387958399406, 31.862693025097364 ], [ -91.303654415095181, 31.86249475212589 ], [ -91.303612145522422, 31.862046519905462 ], [ -91.303769098395108, 31.861805069720482 ] ] ], [ [ [ -91.300500215412768, 31.864995856898613 ], [ -91.300801030922656, 31.864894199132248 ], [ -91.301097968884022, 31.865003846130278 ], [ -91.301217088145378, 31.865260568712806 ], [ -91.301088609012169, 31.865513982705682 ], [ -91.300787791738983, 31.865615641084272 ], [ -91.300490852251528, 31.86550599331623 ], [ -91.300371734753455, 31.86524927012147 ], [ -91.300500215412768, 31.864995856898613 ] ] ], [ [ [ -91.297157210888059, 31.86629719457213 ], [ -91.297540367376712, 31.866203580441454 ], [ -91.297754971718717, 31.866305199808046 ], [ -91.297857807496214, 31.866456969933147 ], [ -91.297853957524282, 31.866666393114269 ], [ -91.297731137257145, 31.866826168997363 ], [ -91.297859037895947, 31.866973921421867 ], [ -91.297879259586026, 31.867182658204676 ], [ -91.297760184180788, 31.867365804053215 ], [ -91.297582342404581, 31.867453564859904 ], [ -91.297260888020929, 31.867422192199136 ], [ -91.297059580962483, 31.867206027942348 ], [ -91.297063432811427, 31.866996604865633 ], [ -91.297186254440589, 31.866836829679897 ], [ -91.297031404891797, 31.866515274486474 ], [ -91.297157210888059, 31.86629719457213 ] ] ], [ [ [ -91.289646236044447, 31.851759131508743 ], [ -91.289957241305927, 31.85168315166548 ], [ -91.2902401000146, 31.851817132043248 ], [ -91.290329118189092, 31.852082589372269 ], [ -91.290172148757236, 31.85232402266719 ], [ -91.289861141469402, 31.852400002959826 ], [ -91.289578281609678, 31.852266021707457 ], [ -91.289489265461555, 31.852000563929067 ], [ -91.289646236044447, 31.851759131508743 ] ] ], [ [ [ -91.296679432581172, 31.852764005878676 ], [ -91.296990436310267, 31.852688008755809 ], [ -91.297273308942891, 31.852821973924989 ], [ -91.297362348341593, 31.853087427025287 ], [ -91.297205395001569, 31.853328869548761 ], [ -91.296894389246333, 31.853404867121405 ], [ -91.296611515462033, 31.853270901077821 ], [ -91.296522478089443, 31.85300544752775 ], [ -91.296679432581172, 31.852764005878676 ] ] ], [ [ [ -91.289860478352551, 31.85521228248108 ], [ -91.290078693448024, 31.855116471439725 ], [ -91.290359711422866, 31.855155921162577 ], [ -91.290530477877724, 31.855306338048294 ], [ -91.290597569808497, 31.855578997462334 ], [ -91.290687835455529, 31.857022066896647 ], [ -91.290615597422615, 31.857186185051766 ], [ -91.29042415156394, 31.857316227834303 ], [ -91.290630641344464, 31.857416013669624 ], [ -91.290742900118133, 31.857602262947353 ], [ -91.29081059334834, 31.858254906438997 ], [ -91.290672151982918, 31.858482447162693 ], [ -91.290813317051359, 31.858663677533649 ], [ -91.290834128374783, 31.858906038137995 ], [ -91.290705630973079, 31.859159441193594 ], [ -91.290446283175612, 31.859259895467027 ], [ -91.290138211669856, 31.859175590442042 ], [ -91.28999021990154, 31.85893005658988 ], [ -91.289993714359525, 31.858687004300741 ], [ -91.290125425408888, 31.858494398725831 ], [ -91.289974818063044, 31.858278693659685 ], [ -91.289907130736111, 31.857626049930605 ], [ -91.289979370386064, 31.857461932244892 ], [ -91.290170817148365, 31.857331890167483 ], [ -91.289936958963068, 31.857205499838742 ], [ -91.289846632101742, 31.857010755672363 ], [ -91.289731983944677, 31.855465684779183 ], [ -91.289860478352551, 31.85521228248108 ] ] ], [ [ [ -91.293415409277316, 31.856430033825731 ], [ -91.293633623917174, 31.856334216670746 ], [ -91.293838601677564, 31.856345570751138 ], [ -91.294013105274828, 31.856438054440055 ], [ -91.29412536990408, 31.856624300953918 ], [ -91.294233587031613, 31.858204692220532 ], [ -91.294079230769228, 31.858477486876776 ], [ -91.294223256452611, 31.858791594974615 ], [ -91.294097454729254, 31.859009672345632 ], [ -91.293879234093041, 31.859105490055128 ], [ -91.293562961983866, 31.859047371291076 ], [ -91.293387476117346, 31.858815404495093 ], [ -91.293400780225383, 31.858640455315431 ], [ -91.293535010587931, 31.858472128810842 ], [ -91.293395125378993, 31.858263831421343 ], [ -91.293281005012901, 31.857269899487058 ], [ -91.29328960916456, 31.856648110520208 ], [ -91.293415409277316, 31.856430033825731 ] ] ], [ [ [ -91.278765702898454, 31.849782026209621 ], [ -91.279148806171435, 31.849688465542915 ], [ -91.27945278669273, 31.849908378935059 ], [ -91.279461257169601, 31.850342320867021 ], [ -91.279570577236214, 31.850627555533571 ], [ -91.279473092122615, 31.850819765629232 ], [ -91.279306198117496, 31.850921956514114 ], [ -91.278982749092563, 31.850917579409188 ], [ -91.278757663047884, 31.850719264853431 ], [ -91.278774780058242, 31.850422407895973 ], [ -91.27863718692366, 31.850035416697576 ], [ -91.278765702898454, 31.849782026209621 ] ] ], [ [ [ -91.286158763433477, 31.851019384683564 ], [ -91.2864697686325, 31.850943413377415 ], [ -91.286752619714946, 31.851077401274427 ], [ -91.286841627166552, 31.851342860700225 ], [ -91.286684650196364, 31.851584289441018 ], [ -91.286373642970858, 31.851660261196333 ], [ -91.286090790737703, 31.851526272424611 ], [ -91.286001785312592, 31.851260812549675 ], [ -91.286158763433477, 31.851019384683564 ] ] ], [ [ [ -91.279274899883262, 31.853191493705658 ], [ -91.279534241388049, 31.853091061963102 ], [ -91.279809361635998, 31.853153853826548 ], [ -91.279962009576067, 31.853317844528654 ], [ -91.280054166501557, 31.853656351876552 ], [ -91.28032919534165, 31.855462769464893 ], [ -91.280228249148593, 31.855727648877604 ], [ -91.28038486879197, 31.855870587683043 ], [ -91.280431615641405, 31.85604130369806 ], [ -91.280379434293749, 31.856347113157035 ], [ -91.28008574604668, 31.856526932486769 ], [ -91.27976949297873, 31.856468779990934 ], [ -91.279594047162576, 31.856236795445302 ], [ -91.279595783329128, 31.855959607263806 ], [ -91.279688682359577, 31.855800375102074 ], [ -91.279492132489565, 31.855557201564409 ], [ -91.279147758320605, 31.85348026850528 ], [ -91.279274899883262, 31.853191493705658 ] ] ], [ [ [ -91.282750446339762, 31.853459084665243 ], [ -91.283133561556937, 31.853365512434198 ], [ -91.283420424240234, 31.853553177035799 ], [ -91.28353160547131, 31.854167821133483 ], [ -91.283305000719892, 31.854447601345665 ], [ -91.282982594677705, 31.854470315757734 ], [ -91.282735802015495, 31.854291794765278 ], [ -91.282621935485025, 31.853712479245662 ], [ -91.282750446339762, 31.853459084665243 ] ] ], [ [ [ -91.286444388286455, 31.85419253939644 ], [ -91.286827503376998, 31.854098956017761 ], [ -91.287042067672814, 31.854200592266064 ], [ -91.287144872979809, 31.854352370251672 ], [ -91.287285005506391, 31.85572439906829 ], [ -91.287187530244992, 31.855916615306494 ], [ -91.286981363634169, 31.856030215786646 ], [ -91.286659953607469, 31.855998817771859 ], [ -91.286458695666667, 31.855782638086591 ], [ -91.286315886245504, 31.854445938002293 ], [ -91.286444388286455, 31.85419253939644 ] ] ], [ [ [ -91.283037214300478, 31.85564418007862 ], [ -91.283420338416462, 31.855550607321213 ], [ -91.283634901982609, 31.855652249285502 ], [ -91.283737703069349, 31.855804029854291 ], [ -91.283957474867748, 31.857274821338674 ], [ -91.283857300818767, 31.857502363781862 ], [ -91.283651126757647, 31.857615958566146 ], [ -91.283329712787094, 31.857584551984296 ], [ -91.283128459607056, 31.857368367229402 ], [ -91.282910080552611, 31.855932958828983 ], [ -91.283037214300478, 31.85564418007862 ] ] ], [ [ [ -91.28669244859168, 31.856358912658635 ], [ -91.287044401806909, 31.856288687572661 ], [ -91.287331281611628, 31.856476343861033 ], [ -91.287372087419584, 31.856853882768341 ], [ -91.287152220249865, 31.857098735743261 ], [ -91.286829805419501, 31.857121459614106 ], [ -91.286582998160398, 31.856942945654737 ], [ -91.286535462109072, 31.856600340721538 ], [ -91.28669244859168, 31.856358912658635 ] ] ], [ [ [ -91.279882043468433, 31.856865705343399 ], [ -91.280182852426393, 31.856764096119186 ], [ -91.280479738039602, 31.856873789652607 ], [ -91.280598789819919, 31.85713052950442 ], [ -91.280470267601743, 31.85738392138353 ], [ -91.280169456879833, 31.857485531218749 ], [ -91.279872569742665, 31.857375836914631 ], [ -91.279753519726327, 31.857119096451783 ], [ -91.279882043468433, 31.856865705343399 ] ] ], [ [ [ -91.276598409098213, 31.854541960565744 ], [ -91.27736754420765, 31.858473962575545 ], [ -91.277183561109723, 31.858701080399683 ], [ -91.276865298717652, 31.858750641854055 ], [ -91.276650736119194, 31.858648988518347 ], [ -91.276538505126268, 31.858462727775478 ], [ -91.276561754922739, 31.858113488774777 ], [ -91.276396516445274, 31.857786727508159 ], [ -91.275766785754115, 31.854671466721701 ], [ -91.27579058192822, 31.854472765767834 ], [ -91.275656348836677, 31.854268927291962 ], [ -91.275621023850064, 31.85382168895622 ], [ -91.275907240801502, 31.853585035352932 ], [ -91.27622863753048, 31.853616460145172 ], [ -91.276429866342426, 31.853832655092432 ], [ -91.276464174094215, 31.854338122878865 ], [ -91.276598409098213, 31.854541960565744 ] ] ], [ [ [ -91.282021906312067, 31.870778080731249 ], [ -91.282373917801976, 31.870707870779256 ], [ -91.28264006834803, 31.87086488750354 ], [ -91.282741750740499, 31.871237042614066 ], [ -91.28255101727305, 31.871499101085522 ], [ -91.282232712768064, 31.871548674440785 ], [ -91.281966561043603, 31.871391656834707 ], [ -91.281864881658564, 31.871019501215983 ], [ -91.282021906312067, 31.870778080731249 ] ] ], [ [ [ -91.279560745259232, 31.871473617578893 ], [ -91.279861602782304, 31.871372011019783 ], [ -91.280158533998943, 31.871481706696407 ], [ -91.280277601707908, 31.87173844691441 ], [ -91.280149056411915, 31.871991837168377 ], [ -91.279848197123599, 31.872093444338873 ], [ -91.279551264381908, 31.871983747891111 ], [ -91.279432198438187, 31.87172700706174 ], [ -91.279560745259232, 31.871473617578893 ] ] ], [ [ [ -91.276991687883992, 31.87157248058212 ], [ -91.277333947770771, 31.871473178639466 ], [ -91.277641027652209, 31.871635955763377 ], [ -91.277789147411241, 31.87210429188649 ], [ -91.277595705064456, 31.872401671124301 ], [ -91.277277395376188, 31.872451231857799 ], [ -91.277011250039195, 31.872294204098619 ], [ -91.276863134003449, 31.871825867209999 ], [ -91.276991687883992, 31.87157248058212 ] ] ], [ [ [ -91.274923625545242, 31.849887548978579 ], [ -91.275306732580759, 31.849794000044444 ], [ -91.275610703868935, 31.850013922311149 ], [ -91.275605565396745, 31.850290003210095 ], [ -91.275402718487342, 31.850470697691136 ], [ -91.275665459276553, 31.850601886642458 ], [ -91.275754434182474, 31.850867352715596 ], [ -91.275656941013892, 31.851059559589746 ], [ -91.275490042595422, 31.851161745297059 ], [ -91.27516659338383, 31.851157358459012 ], [ -91.27494151527992, 31.850959037420793 ], [ -91.274946655864014, 31.850682956647603 ], [ -91.275149504112946, 31.85050226294786 ], [ -91.274944413417998, 31.850421869206361 ], [ -91.274811346389242, 31.850245892670461 ], [ -91.274804529658894, 31.850070672984117 ], [ -91.274923625545242, 31.849887548978579 ] ] ], [ [ [ -91.271967678332004, 31.851233752218686 ], [ -91.27236008894775, 31.852604982374476 ], [ -91.272203072791342, 31.852846391780023 ], [ -91.271892051111649, 31.852922327521515 ], [ -91.27163658004288, 31.852814914655944 ], [ -91.271465355726505, 31.852534739140335 ], [ -91.27115886590677, 31.851431223787937 ], [ -91.271205132788594, 31.851191379150507 ], [ -91.271458429751959, 31.851019634626248 ], [ -91.271779815565012, 31.851051070311147 ], [ -91.271967678332004, 31.851233752218686 ] ] ], [ [ [ -91.272131785352187, 31.854184397058209 ], [ -91.27251491278615, 31.854090857326053 ], [ -91.272729460186127, 31.854192517179854 ], [ -91.272832241465849, 31.854344305914513 ], [ -91.27359313793076, 31.857088189375979 ], [ -91.273519551928104, 31.857323009501407 ], [ -91.273288129462841, 31.857464684318668 ], [ -91.272966720798024, 31.8574332516732 ], [ -91.272765492919973, 31.857217051369517 ], [ -91.272010052663902, 31.854508262399225 ], [ -91.272131785352187, 31.854184397058209 ] ] ], [ [ [ -91.273320642697428, 31.85846342340907 ], [ -91.273621463380096, 31.85836183017463 ], [ -91.273918345509628, 31.858471538914166 ], [ -91.274037380638291, 31.858728284281149 ], [ -91.27390883835443, 31.858981668753547 ], [ -91.273608015907243, 31.859083262598716 ], [ -91.273311132254122, 31.858973553088141 ], [ -91.273192098889993, 31.858716807110419 ], [ -91.273320642697428, 31.85846342340907 ] ] ], [ [ [ -91.274132748108627, 31.871711837851006 ], [ -91.274515947220934, 31.871618294821669 ], [ -91.274819985696098, 31.871838220719425 ], [ -91.274857661348932, 31.872184625574153 ], [ -91.27468049743841, 31.872407542773008 ], [ -91.274974365786861, 31.872517080531903 ], [ -91.275093420070931, 31.872773825108069 ], [ -91.275018446858809, 31.872973261303351 ], [ -91.274826266107752, 31.873103541754567 ], [ -91.274502740385458, 31.873099150538902 ], [ -91.274277612682127, 31.872900827147316 ], [ -91.274268163317714, 31.872657887368323 ], [ -91.274434609258151, 31.872469172069312 ], [ -91.274203960405913, 31.872405362351621 ], [ -91.274051293158777, 31.872241364454325 ], [ -91.274006880981062, 31.871929892630149 ], [ -91.274132748108627, 31.871711837851006 ] ] ], [ [ [ -91.26727078406158, 31.850795183251893 ], [ -91.267581801752428, 31.85071925867447 ], [ -91.267864622802819, 31.850853287614193 ], [ -91.267953575289681, 31.851118758354822 ], [ -91.267796550619053, 31.851360162053791 ], [ -91.267485530900785, 31.851436087079293 ], [ -91.267202708701291, 31.851302057264256 ], [ -91.267113758241848, 31.85103658607553 ], [ -91.26727078406158, 31.850795183251893 ] ] ], [ [ [ -91.263862121200418, 31.851832583500936 ], [ -91.264204319450158, 31.851733314536165 ], [ -91.264487138271932, 31.851867350906456 ], [ -91.264630459471405, 31.852228069352272 ], [ -91.264470726962088, 31.852504796992825 ], [ -91.26415970102353, 31.852580713634648 ], [ -91.263876880582913, 31.852446676489667 ], [ -91.263733562063308, 31.852085957298236 ], [ -91.263862121200418, 31.851832583500936 ] ] ], [ [ [ -91.257033896493184, 31.854672404508729 ], [ -91.257344934530892, 31.854596505784791 ], [ -91.257627751220639, 31.854730557317165 ], [ -91.257716677193301, 31.854996034155512 ], [ -91.25755961938593, 31.855237423884926 ], [ -91.257248579319892, 31.855313323056439 ], [ -91.256965761481695, 31.855179270648261 ], [ -91.256876837537348, 31.854913793362329 ], [ -91.257033896493184, 31.854672404508729 ] ] ], [ [ [ -91.253351422693626, 31.855233607324497 ], [ -91.253569672563131, 31.855137860302293 ], [ -91.25377463962505, 31.855149278724177 ], [ -91.254106793845537, 31.855445351585537 ], [ -91.254516662470749, 31.856345323297674 ], [ -91.254464923718729, 31.856550060974879 ], [ -91.254288634196868, 31.856695760429538 ], [ -91.25396621677082, 31.856718400704224 ], [ -91.253719477017654, 31.856539825208845 ], [ -91.253239053501005, 31.8555919284724 ], [ -91.253232277744829, 31.855416709208626 ], [ -91.253351422693626, 31.855233607324497 ] ] ], [ [ [ -91.268912144600037, 31.855823552198444 ], [ -91.269264106861073, 31.855753376743213 ], [ -91.269568081972764, 31.855973313447176 ], [ -91.270102674920395, 31.857595286475419 ], [ -91.270099534308571, 31.857802247624829 ], [ -91.27034987312922, 31.858287088004246 ], [ -91.27030359960942, 31.858526931870951 ], [ -91.270089553556389, 31.858687278878822 ], [ -91.269766078996696, 31.858682877383199 ], [ -91.269540995412584, 31.858484546768544 ], [ -91.269438486434808, 31.857979843934391 ], [ -91.269136242789372, 31.857402660203821 ], [ -91.269059011839332, 31.856978033022752 ], [ -91.268789929842242, 31.856306084777572 ], [ -91.268761853861548, 31.856030023780331 ], [ -91.268912144600037, 31.855823552198444 ] ] ], [ [ [ -91.265578938170435, 31.856793258438898 ], [ -91.265890985739048, 31.856581715299797 ], [ -91.266134785678872, 31.856605572051276 ], [ -91.266297794900808, 31.856712243451039 ], [ -91.266417352887927, 31.856932542386698 ], [ -91.266477821889964, 31.857275401547156 ], [ -91.266305576518192, 31.857495303720054 ], [ -91.26650644000749, 31.857540544057048 ], [ -91.266677170370599, 31.857690991722805 ], [ -91.266860189953874, 31.858185125586449 ], [ -91.266842594904034, 31.858369698900937 ], [ -91.267040517080005, 31.858712558791733 ], [ -91.266994234779503, 31.858952401127162 ], [ -91.266780182246407, 31.859112742313762 ], [ -91.266456706768054, 31.859108332348882 ], [ -91.266231629568182, 31.858909996100792 ], [ -91.26617515018431, 31.858527730558933 ], [ -91.26605130677612, 31.858382561913213 ], [ -91.265879995019091, 31.857885570361191 ], [ -91.265913377517847, 31.857712585563483 ], [ -91.266060307159833, 31.857560023621843 ], [ -91.265733643614155, 31.857423756971333 ], [ -91.265550985421612, 31.857001341907182 ], [ -91.265578938170435, 31.856793258438898 ] ] ], [ [ [ -91.26685433722416, 31.859803802966173 ], [ -91.267206316045403, 31.859733633842389 ], [ -91.267493163808211, 31.859921333766668 ], [ -91.267637315620149, 31.860388387180826 ], [ -91.267410648078439, 31.860668136560307 ], [ -91.267088218357117, 31.860690809731324 ], [ -91.266841441838693, 31.86051225854148 ], [ -91.266694597053672, 31.860080532858891 ], [ -91.26685433722416, 31.859803802966173 ] ] ], [ [ [ -91.270338858974611, 31.860355429310509 ], [ -91.270722013796231, 31.860261896036199 ], [ -91.271008870657056, 31.860449588320961 ], [ -91.271149868672268, 31.860844417969826 ], [ -91.271086377447006, 31.8610653549303 ], [ -91.27125474835043, 31.861173736037294 ], [ -91.271345039103977, 31.861368492059885 ], [ -91.271293333885382, 31.861573237652834 ], [ -91.271117059761167, 31.86171896093899 ], [ -91.270794626818599, 31.86174164341196 ], [ -91.270547840099255, 31.861563099094933 ], [ -91.270501109355848, 31.861392380131331 ], [ -91.270565977139597, 31.861206827515833 ], [ -91.270352673883139, 31.861039023941036 ], [ -91.270217110936741, 31.860679292125489 ], [ -91.270338858974611, 31.860355429310509 ] ] ], [ [ [ -91.263518527397267, 31.860880821006507 ], [ -91.26386075988475, 31.860781554301941 ], [ -91.264167779933416, 31.860944362149326 ], [ -91.264341814391571, 31.86140389256445 ], [ -91.264148353866048, 31.861701251073871 ], [ -91.26383007569045, 31.861750779252514 ], [ -91.26356398442239, 31.861593724975261 ], [ -91.263391325734062, 31.861169577597508 ], [ -91.263518527397267, 31.860880821006507 ] ] ], [ [ [ -91.260644650738342, 31.862318145341135 ], [ -91.260955712240929, 31.862242238676735 ], [ -91.26123855736688, 31.862376283037587 ], [ -91.26132750009009, 31.862641757674403 ], [ -91.261170437534943, 31.862883151462185 ], [ -91.260859374003459, 31.862959058574518 ], [ -91.260576527728276, 31.862825013337741 ], [ -91.260487587033978, 31.862559538252977 ], [ -91.260644650738342, 31.862318145341135 ] ] ], [ [ [ -91.257521470892684, 31.863426771213703 ], [ -91.25782232348395, 31.863325216638319 ], [ -91.258119200721893, 31.86343496210138 ], [ -91.258238197023687, 31.863691720744807 ], [ -91.258109604720858, 31.863945087268974 ], [ -91.257808750363594, 31.864046642454454 ], [ -91.25751187160283, 31.863936896219503 ], [ -91.257392877067048, 31.863680136965968 ], [ -91.257521470892684, 31.863426771213703 ] ] ], [ [ [ -91.254550450231818, 31.864644981623083 ], [ -91.254861523914656, 31.864569090357939 ], [ -91.255144366497404, 31.864703148173842 ], [ -91.255233293443467, 31.864968626439921 ], [ -91.255076211118904, 31.865210011904974 ], [ -91.254765135406629, 31.865285903617757 ], [ -91.254482291675046, 31.865151844925638 ], [ -91.254393366758407, 31.864886366211902 ], [ -91.254550450231818, 31.864644981623083 ] ] ], [ [ [ -91.262412402366408, 31.872949179499798 ], [ -91.262764434434956, 31.872879024710269 ], [ -91.26305131214589, 31.873066735415513 ], [ -91.263271377210472, 31.873623382673674 ], [ -91.263196378079684, 31.873822810941824 ], [ -91.263041963566451, 31.873938450367344 ], [ -91.262719486922862, 31.873961110731099 ], [ -91.26247268510744, 31.873782550457328 ], [ -91.262253996269479, 31.87326128589029 ], [ -91.262412402366408, 31.872949179499798 ] ] ] ] } },
{ "type": "Feature", "properties": { "depth_bin": "60-65 ft", "bin_order": -62.5, "survey_id": "LM_04_GGK_20190515_CS_3850_3896", "date": "2019-05-15", "year": 2019, "mile": 387.0 }, "geometry": { "type": "MultiPolygon", "coordinates": [ [ [ [ -91.31664391532253, 31.848503067582225 ], [ -91.316931534124294, 31.848376696702633 ], [ -91.317239597648069, 31.84846093652936 ], [ -91.317387647760896, 31.848706440963088 ], [ -91.317288957703965, 31.848969397367068 ], [ -91.317001337472931, 31.849095768997461 ], [ -91.316693272108964, 31.849011528536174 ], [ -91.316545223425408, 31.848766023351644 ], [ -91.31664391532253, 31.848503067582225 ] ] ], [ [ [ -91.316693183231166, 31.849439995562175 ], [ -91.316993931434709, 31.849338296876976 ], [ -91.317290841353284, 31.849447905243199 ], [ -91.317409988262469, 31.849704614110109 ], [ -91.317281576273672, 31.849958047338216 ], [ -91.316980826309219, 31.850059746636003 ], [ -91.316683914864598, 31.849950137500915 ], [ -91.316564769716308, 31.849693428021421 ], [ -91.316693183231166, 31.849439995562175 ] ] ], [ [ [ -91.32962630942238, 31.85148426841668 ], [ -91.330009375692839, 31.851390552964645 ], [ -91.330296332441293, 31.851578114898373 ], [ -91.33060099228922, 31.852360520972113 ], [ -91.330549422935647, 31.852565295642457 ], [ -91.330373255999675, 31.852711105115436 ], [ -91.330050861923596, 31.852733939522047 ], [ -91.32980397867091, 31.852555506900131 ], [ -91.329504779196583, 31.851808196015011 ], [ -91.32962630942238, 31.85148426841668 ] ] ], [ [ [ -91.306850156634667, 31.851285131543474 ], [ -91.30723324187008, 31.851191485487895 ], [ -91.30744782361991, 31.851293087880883 ], [ -91.30755066015773, 31.851444850479375 ], [ -91.307613468840103, 31.852546556542759 ], [ -91.30751603869156, 31.852738790043741 ], [ -91.307309902707757, 31.852852424661933 ], [ -91.306988494314751, 31.852821078177964 ], [ -91.306787193933474, 31.85260492916656 ], [ -91.306707539939978, 31.851814034734407 ], [ -91.306731120516886, 31.851468287558721 ], [ -91.306850156634667, 31.851285131543474 ] ] ], [ [ [ -91.32638328781367, 31.851639262041171 ], [ -91.326766357555286, 31.851545556497932 ], [ -91.327053307857852, 31.851733125539678 ], [ -91.327266737751543, 31.852438755994612 ], [ -91.327191894029426, 31.852638228025818 ], [ -91.327037592362089, 31.852753949562334 ], [ -91.326715197711053, 31.852776775475828 ], [ -91.326468321079091, 31.852598336592678 ], [ -91.326256293275961, 31.851928089172269 ], [ -91.32638328781367, 31.851639262041171 ] ] ], [ [ [ -91.320040126131161, 31.85163488821976 ], [ -91.320410598256089, 31.851509604172154 ], [ -91.320717694277093, 31.851672278034687 ], [ -91.320823989963031, 31.852183733880651 ], [ -91.32063340339964, 31.852445855336835 ], [ -91.32031518075236, 31.852495527180146 ], [ -91.320049013888209, 31.852338588534106 ], [ -91.319940046155935, 31.851862462569517 ], [ -91.320040126131161, 31.85163488821976 ] ] ], [ [ [ -91.313780882117641, 31.85154412677057 ], [ -91.31412303219706, 31.851444721519606 ], [ -91.314430116246257, 31.85160741018532 ], [ -91.314503592958559, 31.851984983449949 ], [ -91.314312989389762, 31.852247094836013 ], [ -91.313994764788561, 31.852296750765433 ], [ -91.313728609816167, 31.852139799269462 ], [ -91.313655136191656, 31.851762225670402 ], [ -91.313780882117641, 31.85154412677057 ] ] ], [ [ [ -91.323400248343461, 31.851777087223031 ], [ -91.323783321257082, 31.851683390793873 ], [ -91.324087419151709, 31.851903201274727 ], [ -91.324193512608389, 31.852625313620276 ], [ -91.324096116185871, 31.852817561007338 ], [ -91.323929264936197, 31.852919812025508 ], [ -91.323605801441275, 31.852915548151721 ], [ -91.323380611437912, 31.852717309198294 ], [ -91.32327184932042, 31.85203052688723 ], [ -91.323400248343461, 31.851777087223031 ] ] ], [ [ [ -91.316860724816138, 31.851908585194884 ], [ -91.317243803966008, 31.851814908720325 ], [ -91.317547886018446, 31.852034734321954 ], [ -91.317581282313256, 31.852655134513984 ], [ -91.317323735758123, 31.852914682275173 ], [ -91.317000273378454, 31.852910401604131 ], [ -91.316775098079148, 31.85271215143549 ], [ -91.316734985463626, 31.852126687362116 ], [ -91.316860724816138, 31.851908585194884 ] ] ], [ [ [ -91.32488012576195, 31.859787514434061 ], [ -91.325180900029693, 31.859685797381804 ], [ -91.325477853141464, 31.859795387924709 ], [ -91.325597035071823, 31.860052089952649 ], [ -91.325468629417017, 31.860305531332806 ], [ -91.325167853388024, 31.860407248998332 ], [ -91.324870898748799, 31.860297657686644 ], [ -91.324751718579662, 31.860040955045431 ], [ -91.32488012576195, 31.859787514434061 ] ] ], [ [ [ -91.321145736086265, 31.860219657162389 ], [ -91.321446515467002, 31.860117949142587 ], [ -91.321743465109691, 31.860227548299004 ], [ -91.321862637020899, 31.860484253475988 ], [ -91.321734220665718, 31.860737690695885 ], [ -91.321433439523474, 31.860839399328775 ], [ -91.321136488353559, 31.860729799403384 ], [ -91.321017318203872, 31.860473093613333 ], [ -91.321145736086265, 31.860219657162389 ] ] ], [ [ [ -91.304398558022925, 31.861163787975681 ], [ -91.3044934312462, 31.863639994252019 ], [ -91.304336476881332, 31.863881445222422 ], [ -91.30402544028577, 31.86395745909573 ], [ -91.303742523912007, 31.863823507657376 ], [ -91.303627174070996, 31.863491001420115 ], [ -91.303678022624936, 31.862751621369227 ], [ -91.303566109849442, 31.861396058460294 ], [ -91.303644423831898, 31.861058010780823 ], [ -91.303916203878899, 31.860908214804187 ], [ -91.304232490017313, 31.860966308235831 ], [ -91.304398558022925, 31.861163787975681 ] ] ], [ [ [ -91.303513208550214, 31.851934355101843 ], [ -91.30389629939792, 31.851840719321672 ], [ -91.304200348333652, 31.852060575757474 ], [ -91.304189432277354, 31.852580640704975 ], [ -91.303942555740917, 31.852805955732478 ], [ -91.30361909597687, 31.852801641046355 ], [ -91.303393950702613, 31.852603368171955 ], [ -91.303387438353411, 31.852152442976241 ], [ -91.303513208550214, 31.851934355101843 ] ] ], [ [ [ -91.300095765689292, 31.852132946324573 ], [ -91.300437930909709, 31.852033578501501 ], [ -91.300744991248607, 31.852196299446096 ], [ -91.300792357795345, 31.852605388851 ], [ -91.300608442879337, 31.852832543193834 ], [ -91.300290210536261, 31.852882164486687 ], [ -91.30002407852065, 31.852725185057714 ], [ -91.299969987314, 31.852351030522225 ], [ -91.300095765689292, 31.852132946324573 ] ] ], [ [ [ -91.293522791802175, 31.858077694802617 ], [ -91.293741010304572, 31.857981877618641 ], [ -91.293984823660921, 31.858005681326123 ], [ -91.294147869075189, 31.858112318197129 ], [ -91.294238206093496, 31.858307059627876 ], [ -91.294193949981619, 31.85872918282438 ], [ -91.294399718872498, 31.861499362658314 ], [ -91.294271227118102, 31.861752769434815 ], [ -91.294011875441171, 31.861853230826238 ], [ -91.293703791757665, 31.861768934062166 ], [ -91.293555786517956, 31.861523403982652 ], [ -91.293372501912046, 31.858604933611616 ], [ -91.293403720546479, 31.85826083692827 ], [ -91.293522791802175, 31.858077694802617 ] ] ], [ [ [ -91.290782783320253, 31.85801166849911 ], [ -91.290756826245769, 31.858816129979278 ], [ -91.290844077005545, 31.859007210401899 ], [ -91.290896602213408, 31.859799598126873 ], [ -91.290712648571613, 31.860026736559995 ], [ -91.290394387201289, 31.860076331975883 ], [ -91.290179805647156, 31.85997470087127 ], [ -91.290067545382541, 31.859788451101721 ], [ -91.29000016760827, 31.859031228887329 ], [ -91.2900643906044, 31.858846495359344 ], [ -91.289977141615012, 31.858655414458422 ], [ -91.289944322309196, 31.858070784921953 ], [ -91.2900709495961, 31.857819089212434 ], [ -91.289904159660225, 31.857592798533076 ], [ -91.289818902276721, 31.856873442422859 ], [ -91.289892446984538, 31.856638611382962 ], [ -91.290123843372996, 31.856496905352856 ], [ -91.290445256715742, 31.856528294707907 ], [ -91.29064652580422, 31.856744468439004 ], [ -91.290742616341063, 31.857533682220531 ], [ -91.290615991275516, 31.857785378687449 ], [ -91.290782783320253, 31.85801166849911 ] ] ], [ [ [ -91.300269312335558, 31.858891063604016 ], [ -91.300598443183972, 31.858763548590961 ], [ -91.300922734416346, 31.858899797001623 ], [ -91.301026155354677, 31.859301065746607 ], [ -91.300869200046066, 31.859542512534382 ], [ -91.300558175755398, 31.859618518379328 ], [ -91.300275277726954, 31.859484559770021 ], [ -91.300169175820784, 31.859118620184216 ], [ -91.300269312335558, 31.858891063604016 ] ] ], [ [ [ -91.296851675953434, 31.858832702637738 ], [ -91.297193869339011, 31.85873334463032 ], [ -91.297500945258051, 31.858896073822287 ], [ -91.297544413528684, 31.859306154762713 ], [ -91.2973604767745, 31.859533303436692 ], [ -91.297042219877724, 31.859582915685799 ], [ -91.296776074976691, 31.859425929135991 ], [ -91.296725880236252, 31.859050782822671 ], [ -91.296851675953434, 31.858832702637738 ] ] ], [ [ [ -91.300425045654691, 31.864472644301959 ], [ -91.300795593798895, 31.864347420365107 ], [ -91.301123462115314, 31.864540789696068 ], [ -91.301214200146077, 31.865159285660415 ], [ -91.300987618829524, 31.865439097860893 ], [ -91.300665176570874, 31.865461855907132 ], [ -91.300418319881032, 31.865283367334641 ], [ -91.300324902824727, 31.864700200617222 ], [ -91.300425045654691, 31.864472644301959 ] ] ], [ [ [ -91.297121582987828, 31.866024346144631 ], [ -91.297463803072134, 31.865924988433243 ], [ -91.29777090274942, 31.86608771764363 ], [ -91.297843416572675, 31.866458873182189 ], [ -91.297652735276841, 31.86672095634286 ], [ -91.297334453605416, 31.866770568415575 ], [ -91.297068288096327, 31.866613581910915 ], [ -91.296995777310883, 31.86624242604266 ], [ -91.297121582987828, 31.866024346144631 ] ] ], [ [ [ -91.294047432401129, 31.867271805205036 ], [ -91.294348261784222, 31.867170163251505 ], [ -91.294645198553553, 31.867279825276849 ], [ -91.294764302255729, 31.86753655329861 ], [ -91.294635802310083, 31.86778995995623 ], [ -91.294334971163096, 31.867891602521723 ], [ -91.294038032867945, 31.867781939726012 ], [ -91.293918930929692, 31.867525211092275 ], [ -91.294047432401129, 31.867271805205036 ] ] ], [ [ [ -91.286049708546457, 31.850358301250843 ], [ -91.286432807930581, 31.85026471846578 ], [ -91.286736808411987, 31.850484615094107 ], [ -91.286826376407703, 31.851206470249796 ], [ -91.286728905417718, 31.851398686400142 ], [ -91.286562017885998, 31.851500887046686 ], [ -91.286238565608102, 31.851496528321444 ], [ -91.286013462059813, 31.851298226035922 ], [ -91.285921211269823, 31.850611699752431 ], [ -91.286049708546457, 31.850358301250843 ] ] ], [ [ [ -91.286535762929716, 31.855151262353747 ], [ -91.286753981044072, 31.855055457134615 ], [ -91.286958954604842, 31.85506682218281 ], [ -91.287133448528721, 31.855159315009629 ], [ -91.287245697601662, 31.855345567097231 ], [ -91.287198944175259, 31.855586140632173 ], [ -91.28729436715652, 31.855756035467991 ], [ -91.287350468131635, 31.856476382800892 ], [ -91.287298011819118, 31.856682221325915 ], [ -91.28739755182248, 31.856885928650723 ], [ -91.287650091040646, 31.859350627799991 ], [ -91.287588013289053, 31.85956968717019 ], [ -91.287677610047794, 31.859797308084719 ], [ -91.287577441973141, 31.860024853598294 ], [ -91.287330873426541, 31.860146513698307 ], [ -91.287014602685687, 31.860088378668106 ], [ -91.286839131812357, 31.859856403372213 ], [ -91.286895773343517, 31.859602246337072 ], [ -91.286754687782818, 31.859135773885999 ], [ -91.286556503952326, 31.857084111285157 ], [ -91.286607501166557, 31.85673947080554 ], [ -91.286478103346681, 31.856262922477214 ], [ -91.286509499928727, 31.85564503854113 ], [ -91.286408640675063, 31.855440045031031 ], [ -91.286535762929716, 31.855151262353747 ] ] ], [ [ [ -91.283882647827028, 31.85679406893632 ], [ -91.284087240395337, 31.858577890657706 ], [ -91.283903273093486, 31.858805018777051 ], [ -91.283585013127052, 31.858854597170694 ], [ -91.283370442368053, 31.858752954912585 ], [ -91.283258197454344, 31.858566699626653 ], [ -91.283045575369812, 31.856888524122724 ], [ -91.283172710157288, 31.856599745309559 ], [ -91.283473515001475, 31.856498128136423 ], [ -91.283770404046038, 31.856607814095053 ], [ -91.283882647827028, 31.85679406893632 ] ] ], [ [ [ -91.278748338408548, 31.849645623329209 ], [ -91.279049124645994, 31.849544015896051 ], [ -91.279345986055134, 31.849653711334742 ], [ -91.279465026325767, 31.849910452089894 ], [ -91.279336512034902, 31.850163843341033 ], [ -91.279035724034046, 31.85026545138496 ], [ -91.278738861101615, 31.850155755175706 ], [ -91.278619822594393, 31.849899013809789 ], [ -91.278748338408548, 31.849645623329209 ] ] ], [ [ [ -91.278868762734916, 31.850464499693096 ], [ -91.279251868775162, 31.850370938821108 ], [ -91.279555851714775, 31.850590852031676 ], [ -91.279576030199152, 31.850799590668814 ], [ -91.279478062517654, 31.850963451783219 ], [ -91.279627872387778, 31.851102785706701 ], [ -91.279671924331737, 31.851308830984284 ], [ -91.279574438639301, 31.851501041120155 ], [ -91.279407543475543, 31.851603232088358 ], [ -91.279084092055541, 31.851598855157835 ], [ -91.278859004199873, 31.851400540735902 ], [ -91.278838827271599, 31.851191802056082 ], [ -91.278936796321389, 31.851027941488262 ], [ -91.278786987645944, 31.850888606789642 ], [ -91.278740245999771, 31.850717890235824 ], [ -91.278868762734916, 31.850464499693096 ] ] ], [ [ [ -91.275015732802842, 31.850433023970083 ], [ -91.275316525306877, 31.850331425615405 ], [ -91.27561338435207, 31.850441129690893 ], [ -91.275732415012854, 31.850697873581968 ], [ -91.275603889495343, 31.85095126063106 ], [ -91.275303095227585, 31.85105285959634 ], [ -91.275006234659315, 31.850943154750102 ], [ -91.274887205762255, 31.850686410248425 ], [ -91.275015732802842, 31.850433023970083 ] ] ], [ [ [ -91.282777552757253, 31.853757175174067 ], [ -91.282944448412167, 31.853654979820032 ], [ -91.283189007503822, 31.853637749864607 ], [ -91.283403566466149, 31.853739392084105 ], [ -91.283515806294673, 31.853925647181679 ], [ -91.283735027844955, 31.855774271777484 ], [ -91.283634855058807, 31.85600181413448 ], [ -91.283388292667837, 31.856123466853912 ], [ -91.283072038495334, 31.856065322547138 ], [ -91.282896584900868, 31.855833342282093 ], [ -91.282678759650736, 31.854020100890263 ], [ -91.282777552757253, 31.853757175174067 ] ] ], [ [ [ -91.27948617889075, 31.85441343489488 ], [ -91.279704401939426, 31.854317641962698 ], [ -91.279909372457936, 31.854329018292219 ], [ -91.280083857518918, 31.854421520510563 ], [ -91.28019609128944, 31.854607778314694 ], [ -91.280099163345056, 31.854909049404732 ], [ -91.280296957653249, 31.855152881574075 ], [ -91.280251329446159, 31.855391659547582 ], [ -91.280418009420032, 31.855832524692548 ], [ -91.280363128376763, 31.856084238900472 ], [ -91.280484314058157, 31.856379974586122 ], [ -91.280757524369179, 31.858186402957429 ], [ -91.280658720269813, 31.858449326560841 ], [ -91.280412147574253, 31.858570973095855 ], [ -91.280062965053958, 31.858491283301639 ], [ -91.279871316788871, 31.858147941783404 ], [ -91.279787231972279, 31.857152121342324 ], [ -91.279611560242316, 31.856338937440601 ], [ -91.279671878799462, 31.856122321977249 ], [ -91.279532909600675, 31.85582891748674 ], [ -91.27956298428397, 31.855454493047702 ], [ -91.279459897595132, 31.85524731356308 ], [ -91.279562263217244, 31.854981141401613 ], [ -91.27935903611494, 31.854702209816939 ], [ -91.27948617889075, 31.85441343489488 ] ] ], [ [ [ -91.276610939565643, 31.857726438280174 ], [ -91.276994077957724, 31.857632885453938 ], [ -91.27729807828041, 31.857852804474696 ], [ -91.277365830615182, 31.858125605839135 ], [ -91.277300887082745, 31.858311288519506 ], [ -91.277430652810168, 31.858708651375533 ], [ -91.277333154015238, 31.858900859140551 ], [ -91.277166242787658, 31.859003046495452 ], [ -91.276842765916896, 31.858998662959674 ], [ -91.276617665831424, 31.858800344324724 ], [ -91.276548502316103, 31.858531154157898 ], [ -91.276613447514407, 31.8583454719267 ], [ -91.27648240572266, 31.857979825690776 ], [ -91.276610939565643, 31.857726438280174 ] ] ], [ [ [ -91.281964210159373, 31.870665268468152 ], [ -91.282265062647056, 31.870563656021414 ], [ -91.282561994435895, 31.870673346104255 ], [ -91.282681067989543, 31.870930084298969 ], [ -91.28255253038715, 31.87118347728547 ], [ -91.28225167613445, 31.871285090343676 ], [ -91.281954742820446, 31.871175399489836 ], [ -91.281835671031814, 31.870918660683643 ], [ -91.281964210159373, 31.870665268468152 ] ] ], [ [ [ -91.279545395989857, 31.871336458119945 ], [ -91.279846253074837, 31.871234851580006 ], [ -91.2801431838393, 31.871344547278653 ], [ -91.280262251346841, 31.871601287508629 ], [ -91.280133706218237, 31.871854677757533 ], [ -91.279832847368013, 31.871956284908837 ], [ -91.279535915078526, 31.871846588439062 ], [ -91.279416849336187, 31.871589847597708 ], [ -91.279545395989857, 31.871336458119945 ] ] ], [ [ [ -91.27694896749496, 31.871438876913022 ], [ -91.277332163027481, 31.871345325247258 ], [ -91.277619067278948, 31.871533003982055 ], [ -91.277663122243609, 31.871739049507976 ], [ -91.27758750566494, 31.87190688030757 ], [ -91.277761495555552, 31.872036740302491 ], [ -91.277829005451423, 31.872238108657285 ], [ -91.277754038547073, 31.872437546705481 ], [ -91.277599643765654, 31.872553204568948 ], [ -91.277277173741382, 31.872575902178305 ], [ -91.277030346028653, 31.872397369281536 ], [ -91.276986292240963, 31.872191323595196 ], [ -91.27706191015011, 31.872023493207106 ], [ -91.276887921311555, 31.871893632289463 ], [ -91.276821790973017, 31.871727647455842 ], [ -91.27694896749496, 31.871438876913022 ] ] ], [ [ [ -91.27408601995711, 31.871579774296194 ], [ -91.274386883215257, 31.871478180924441 ], [ -91.274683807658093, 31.871587889175476 ], [ -91.27480286005212, 31.871844633989166 ], [ -91.274674299871066, 31.872098018167854 ], [ -91.274373434847334, 31.872199612150713 ], [ -91.27407650887983, 31.872089903128323 ], [ -91.273957458251417, 31.871833157703509 ], [ -91.27408601995711, 31.871579774296194 ] ] ], [ [ [ -91.274416632816965, 31.872641051621216 ], [ -91.27471749925698, 31.872539457591735 ], [ -91.275014427473678, 31.872649165186555 ], [ -91.275133482022909, 31.87290590972998 ], [ -91.275004921115922, 31.873159294182702 ], [ -91.274704052910224, 31.873260888823339 ], [ -91.274407123168771, 31.873151180457128 ], [ -91.274288070385211, 31.872894435302552 ], [ -91.274416632816965, 31.872641051621216 ] ] ], [ [ [ -91.270887363010047, 31.849774757623919 ], [ -91.271188157396097, 31.849673169112297 ], [ -91.271485009011556, 31.849782882592137 ], [ -91.271604027282834, 31.850039629940056 ], [ -91.271475491673499, 31.850293012473333 ], [ -91.271174695523499, 31.850394601595355 ], [ -91.270877842385303, 31.850284887344603 ], [ -91.270758825877977, 31.850028139386307 ], [ -91.270887363010047, 31.849774757623919 ] ] ], [ [ [ -91.267165962997311, 31.850710770648782 ], [ -91.267453650909303, 31.850584514367068 ], [ -91.267761670897855, 31.850668872743203 ], [ -91.267909590330419, 31.850914430235125 ], [ -91.267810758996049, 31.851177343124011 ], [ -91.267523069650707, 31.851303600154672 ], [ -91.267215047824692, 31.851219241141298 ], [ -91.267067129825463, 31.850973682900428 ], [ -91.267165962997311, 31.850710770648782 ] ] ], [ [ [ -91.271227239260909, 31.850977377304982 ], [ -91.271528037283119, 31.850875788132413 ], [ -91.271824893125313, 31.850985500949257 ], [ -91.271943913737999, 31.851242248020512 ], [ -91.27181537721313, 31.851495630825564 ], [ -91.271514577426899, 31.851597220608571 ], [ -91.271217720061841, 31.851487507020796 ], [ -91.271098701213191, 31.851230759339117 ], [ -91.271227239260909, 31.850977377304982 ] ] ], [ [ [ -91.26376815295437, 31.851569963553665 ], [ -91.264110350308371, 31.851470694807052 ], [ -91.264393168200471, 31.851604731358389 ], [ -91.264533010940752, 31.851965503330909 ], [ -91.264373278637308, 31.852242230865652 ], [ -91.264062253522823, 31.852318147300505 ], [ -91.263779434017167, 31.852184109966903 ], [ -91.263639593964385, 31.851823337269714 ], [ -91.26376815295437, 31.851569963553665 ] ] ], [ [ [ -91.260154464754464, 31.852567112659962 ], [ -91.260537595756887, 31.852473609197691 ], [ -91.260824407494681, 31.852661323097223 ], [ -91.260885458497043, 31.853006173030153 ], [ -91.260719851132293, 31.853252807251845 ], [ -91.261007740733334, 31.853337750407768 ], [ -91.261155645791888, 31.853583315175857 ], [ -91.261103923428905, 31.853788056217862 ], [ -91.260927649374381, 31.853933765499985 ], [ -91.260605242398626, 31.853956423024801 ], [ -91.260358496311028, 31.853777860149243 ], [ -91.260321229757011, 31.853536877341693 ], [ -91.260480095787386, 31.853325176114115 ], [ -91.260225122375502, 31.85326177459093 ], [ -91.260072510628106, 31.853097761428497 ], [ -91.260028593598975, 31.852785153978232 ], [ -91.260154464754464, 31.852567112659962 ] ] ], [ [ [ -91.256927933404683, 31.85457257524142 ], [ -91.2572287573323, 31.854471020934142 ], [ -91.257525605921302, 31.854580766893097 ], [ -91.257644590370489, 31.854837525969607 ], [ -91.257516009955026, 31.855090892610136 ], [ -91.257215184262122, 31.85519244752728 ], [ -91.256918334151038, 31.855082700796647 ], [ -91.256799351467137, 31.854825941110295 ], [ -91.256927933404683, 31.85457257524142 ] ] ], [ [ [ -91.269133686465736, 31.85664381781687 ], [ -91.269434505252789, 31.856542234417503 ], [ -91.269731376216754, 31.85665195258505 ], [ -91.269850397450242, 31.856908701450294 ], [ -91.269721846681094, 31.857162081441807 ], [ -91.269421026129393, 31.857263665451654 ], [ -91.269124153642295, 31.857153946512945 ], [ -91.269005134173455, 31.856897197037192 ], [ -91.269133686465736, 31.85664381781687 ] ] ], [ [ [ -91.250252838114108, 31.856813452778418 ], [ -91.250595067826836, 31.856714221703871 ], [ -91.250877880325973, 31.856848288094369 ], [ -91.251045076895451, 31.857198485293139 ], [ -91.250885295320586, 31.857475193900214 ], [ -91.250574242977194, 31.857551076249297 ], [ -91.250291428854197, 31.857417009136238 ], [ -91.250125601936546, 31.857102194992155 ], [ -91.250252838114108, 31.856813452778418 ] ] ], [ [ [ -91.265821168286095, 31.857069746966914 ], [ -91.266204313250697, 31.856976226945374 ], [ -91.266491150601141, 31.857163928834023 ], [ -91.266664273876671, 31.85773336861952 ], [ -91.26658929649949, 31.857932800081404 ], [ -91.266434913498045, 31.858048444995394 ], [ -91.266112492812795, 31.858071116014901 ], [ -91.26586572500517, 31.857892563174534 ], [ -91.265693979507333, 31.857358506468163 ], [ -91.265821168286095, 31.857069746966914 ] ] ], [ [ [ -91.273333230535172, 31.8586221504031 ], [ -91.273703787718901, 31.85849700580588 ], [ -91.274010818849945, 31.85865979027616 ], [ -91.274200023164383, 31.859260923945374 ], [ -91.274006598387572, 31.859558298833726 ], [ -91.273688331711028, 31.8596078521626 ], [ -91.273422228699715, 31.859450818100779 ], [ -91.273234405106734, 31.858885067458175 ], [ -91.273333230535172, 31.8586221504031 ] ] ], [ [ [ -91.26695038872468, 31.860224467860291 ], [ -91.267292615521413, 31.860125191688507 ], [ -91.267599639888189, 31.860287991398494 ], [ -91.267751756065067, 31.860753835218759 ], [ -91.267558307700185, 31.861051199384004 ], [ -91.267240033185317, 31.861100736250776 ], [ -91.266973937599559, 31.860943688958649 ], [ -91.266821825116381, 31.86047784434836 ], [ -91.26695038872468, 31.860224467860291 ] ] ], [ [ [ -91.270654344669239, 31.861276669868477 ], [ -91.270955177262621, 31.861175083414032 ], [ -91.27125206479036, 31.8612847985423 ], [ -91.271371095642579, 31.861541546164471 ], [ -91.271242541912372, 31.861794927437401 ], [ -91.270941707554044, 31.861896514502511 ], [ -91.270644818502689, 31.861786798603017 ], [ -91.270525789415444, 31.86153005037016 ], [ -91.270654344669239, 31.861276669868477 ] ] ], [ [ [ -91.263678410414499, 31.861269292504158 ], [ -91.264020644207932, 31.861170025419742 ], [ -91.264303490903998, 31.861304063022423 ], [ -91.264441228136334, 31.861665537511843 ], [ -91.264281477416759, 31.86194226392448 ], [ -91.263970419264439, 31.862018178864801 ], [ -91.263687570955213, 31.861884140474928 ], [ -91.263549836421845, 31.861522665273498 ], [ -91.263678410414499, 31.861269292504158 ] ] ], [ [ [ -91.26066410464874, 31.862473591842562 ], [ -91.261047276695393, 31.862380088422675 ], [ -91.261334119231577, 31.862567802020795 ], [ -91.261747614947666, 31.863466018087063 ], [ -91.261695887294238, 31.863670758916424 ], [ -91.261519594555025, 31.863816468167556 ], [ -91.261197153115774, 31.86383912594189 ], [ -91.260950380420795, 31.863660563503228 ], [ -91.260542320069121, 31.862797443986409 ], [ -91.26066410464874, 31.862473591842562 ] ] ], [ [ [ -91.257447979692714, 31.863304929343396 ], [ -91.257748831953549, 31.863203374928908 ], [ -91.258045708712274, 31.863313120548625 ], [ -91.25816470466674, 31.86356987925274 ], [ -91.258036112351959, 31.863823245706023 ], [ -91.257735258325113, 31.863924800730612 ], [ -91.257438380043595, 31.863815054339014 ], [ -91.257319385855126, 31.863558295024806 ], [ -91.257447979692714, 31.863304929343396 ] ] ], [ [ [ -91.258042248361321, 31.864433193528974 ], [ -91.258425430878617, 31.864339698424324 ], [ -91.258712273687323, 31.864527417911606 ], [ -91.258749539056751, 31.864768400801658 ], [ -91.258608648275001, 31.864967790945414 ], [ -91.258917679223273, 31.865052062416623 ], [ -91.25906559581712, 31.865297629653647 ], [ -91.259013861063167, 31.865502369087654 ], [ -91.258837560654328, 31.865648074304005 ], [ -91.258515112488496, 31.86567072501698 ], [ -91.258268340511336, 31.86549215742988 ], [ -91.258231076202293, 31.865251174459154 ], [ -91.258371968238137, 31.865051784786761 ], [ -91.258131091900353, 31.865007741479275 ], [ -91.257960363072385, 31.864857282512666 ], [ -91.257916354834251, 31.864651231615458 ], [ -91.258042248361321, 31.864433193528974 ] ] ], [ [ [ -91.254576230171253, 31.864796232923563 ], [ -91.254918485751688, 31.864696991214391 ], [ -91.255201328804915, 31.864831048917829 ], [ -91.255365096263347, 31.865186488040322 ], [ -91.255205312377214, 31.865463201715571 ], [ -91.254894235894227, 31.865539093714901 ], [ -91.254611391205827, 31.865405035280947 ], [ -91.254448995073417, 31.865084979209353 ], [ -91.254576230171253, 31.864796232923563 ] ] ], [ [ [ -91.271597282684624, 31.872847898461163 ], [ -91.271939552440173, 31.872748611437576 ], [ -91.272222446032956, 31.872882632838756 ], [ -91.272358180949709, 31.873245296323542 ], [ -91.272198431748762, 31.873522032337295 ], [ -91.271887339766764, 31.873597965377478 ], [ -91.27160444455879, 31.873463943184603 ], [ -91.27146871235604, 31.873101278999552 ], [ -91.271597282684624, 31.872847898461163 ] ] ], [ [ [ -91.262253781798989, 31.872721207265062 ], [ -91.262636995406766, 31.872627700645666 ], [ -91.262923872090823, 31.87281541160889 ], [ -91.263029204893087, 31.873147676716087 ], [ -91.262874986508436, 31.87338693067203 ], [ -91.263176961746396, 31.873471475062715 ], [ -91.26340087855101, 31.87380124568795 ], [ -91.26337291392953, 31.874009327789608 ], [ -91.263178266642385, 31.874186796268798 ], [ -91.262779739303951, 31.87418135029646 ], [ -91.262527581197162, 31.873911589904733 ], [ -91.26249030341539, 31.873670607973196 ], [ -91.262637779335464, 31.873466286940417 ], [ -91.262368727737709, 31.873403283747631 ], [ -91.262216080597582, 31.873239272340349 ], [ -91.262125186538299, 31.872974577453913 ], [ -91.262253781798989, 31.872721207265062 ] ] ], [ [ [ -91.265687366072967, 31.873007263540586 ], [ -91.266029641994052, 31.872907992683338 ], [ -91.266336705303274, 31.873070796555375 ], [ -91.266518214062742, 31.873530433666556 ], [ -91.266324733122744, 31.873827794297014 ], [ -91.266006413825266, 31.873877326399349 ], [ -91.265740284776896, 31.873720275598195 ], [ -91.265560152561449, 31.873296021425528 ], [ -91.265687366072967, 31.873007263540586 ] ] ] ] } },
{ "type": "Feature", "properties": { "depth_bin": "65-70 ft", "bin_order": -67.5, "survey_id": "LM_04_GGK_20190515_CS_3850_3896", "date": "2019-05-15", "year": 2019, "mile": 387.0 }, "geometry": { "type": "MultiPolygon", "coordinates": [ [ [ [ -91.324173607552169, 31.844911359325604 ], [ -91.324461205501365, 31.844784970607119 ], [ -91.324769264941352, 31.84486919205861 ], [ -91.324917330131498, 31.845114688344388 ], [ -91.324818665481487, 31.845377651600785 ], [ -91.324531066103873, 31.845504041070253 ], [ -91.32422300482358, 31.845419818984677 ], [ -91.324074941061866, 31.845174321947919 ], [ -91.324173607552169, 31.844911359325604 ] ] ], [ [ [ -91.319666473840329, 31.848467738621235 ], [ -91.320049536155722, 31.848374053056244 ], [ -91.320353614272761, 31.84859387190097 ], [ -91.320477611849952, 31.849312852880157 ], [ -91.320380211655674, 31.849505097370944 ], [ -91.320213362673172, 31.849607343626946 ], [ -91.319889911356654, 31.849603070699036 ], [ -91.319664737337078, 31.849404825613995 ], [ -91.319538069792756, 31.848721174447181 ], [ -91.319666473840329, 31.848467738621235 ] ] ], [ [ [ -91.313705706740365, 31.849485323060119 ], [ -91.314047849180639, 31.849385917721129 ], [ -91.314354926434149, 31.849548606378942 ], [ -91.314401860332254, 31.849959921295895 ], [ -91.314217983423902, 31.850187096754667 ], [ -91.313899765913419, 31.85023675270401 ], [ -91.313633616866113, 31.85007980117021 ], [ -91.313579963665646, 31.849703422043511 ], [ -91.313705706740365, 31.849485323060119 ] ] ], [ [ [ -91.323101954284624, 31.850288942155668 ], [ -91.32348502123169, 31.850195246403636 ], [ -91.323699619848767, 31.850296821912597 ], [ -91.323802482608869, 31.850448572264533 ], [ -91.323878522630906, 31.850821533138117 ], [ -91.323775006198417, 31.851052257791128 ], [ -91.323963108862571, 31.851261370639573 ], [ -91.32409352674992, 31.851906915990011 ], [ -91.323993456259345, 31.852134493853242 ], [ -91.32378734061281, 31.852248155943283 ], [ -91.323465926763205, 31.852216850998868 ], [ -91.323264587938667, 31.852000726783313 ], [ -91.323134175767962, 31.851355180785184 ], [ -91.323237694146442, 31.851124456730897 ], [ -91.323062962170752, 31.850948857748001 ], [ -91.322974951717811, 31.850577765780162 ], [ -91.323101954284624, 31.850288942155668 ] ] ], [ [ [ -91.329394766068106, 31.850822445524901 ], [ -91.329777829771388, 31.850728730675723 ], [ -91.330064784038711, 31.850916293064788 ], [ -91.330293044393912, 31.851615507576589 ], [ -91.330218207854912, 31.851814981659793 ], [ -91.330063911216641, 31.851930707060195 ], [ -91.329741519826783, 31.851953540775149 ], [ -91.329494639208136, 31.851775107622903 ], [ -91.329267782020395, 31.851111276059431 ], [ -91.329394766068106, 31.850822445524901 ] ] ], [ [ [ -91.31087363916879, 31.850782253610252 ], [ -91.310969241766543, 31.851399084334602 ], [ -91.310846948929651, 31.851730902954664 ], [ -91.310559311844955, 31.851857259357836 ], [ -91.310251244013713, 31.851773003205398 ], [ -91.310103208694443, 31.85152749105773 ], [ -91.310077893464481, 31.850906400761243 ], [ -91.310175316280393, 31.850714164993146 ], [ -91.310421831217482, 31.850592458493811 ], [ -91.310702846362958, 31.850631863094662 ], [ -91.31087363916879, 31.850782253610252 ] ] ], [ [ [ -91.32618557688572, 31.851115296177806 ], [ -91.326568644607278, 31.851021591155636 ], [ -91.326855592914896, 31.851209160589196 ], [ -91.327046617413984, 31.851777720242669 ], [ -91.326971773824937, 31.851977192166192 ], [ -91.326817473035263, 31.852092913475321 ], [ -91.32649508066504, 31.852115738909742 ], [ -91.326248206179571, 31.851937299656186 ], [ -91.326058582535978, 31.851404123137687 ], [ -91.32618557688572, 31.851115296177806 ] ] ], [ [ [ -91.313772983252036, 31.851135417151621 ], [ -91.314156061849815, 31.851041749968488 ], [ -91.314442983756294, 31.851229346557211 ], [ -91.314486604912148, 31.851743829186411 ], [ -91.314266819983246, 31.851988732154105 ], [ -91.31394442638684, 31.852011525665013 ], [ -91.313697577502722, 31.851833062876384 ], [ -91.313647237908313, 31.851353516075566 ], [ -91.313772983252036, 31.851135417151621 ] ] ], [ [ [ -91.320046921852978, 31.851334948070381 ], [ -91.320389065219743, 31.851235525693085 ], [ -91.32069616031437, 31.851398199581833 ], [ -91.320777097469744, 31.851772385930573 ], [ -91.320586511678343, 31.852034507357196 ], [ -91.320268290435294, 31.852084179133897 ], [ -91.320002124804589, 31.851927240423322 ], [ -91.319918514483092, 31.851588384070332 ], [ -91.320046921852978, 31.851334948070381 ] ] ], [ [ [ -91.31681465630696, 31.851360973177197 ], [ -91.317197733205589, 31.85126729675736 ], [ -91.317501813406878, 31.85148712242168 ], [ -91.317563752852152, 31.852105377297161 ], [ -91.317306207851217, 31.852364925095245 ], [ -91.316982747393425, 31.852360644445362 ], [ -91.316757573414193, 31.852162394276586 ], [ -91.316686240206792, 31.851614405605567 ], [ -91.31681465630696, 31.851360973177197 ] ] ], [ [ [ -91.332344808929676, 31.858386457804627 ], [ -91.332645571200942, 31.858284722631552 ], [ -91.33294252954957, 31.858394295906241 ], [ -91.333061730882747, 31.858650991633812 ], [ -91.332933347431279, 31.85890444137231 ], [ -91.332632583399388, 31.859006177158975 ], [ -91.33233562352288, 31.85889660311587 ], [ -91.332216423950314, 31.858639906774723 ], [ -91.332344808929676, 31.858386457804627 ] ] ], [ [ [ -91.31742887228738, 31.861104304929508 ], [ -91.317729658256326, 31.861002605958181 ], [ -91.318026605877336, 31.86111221373006 ], [ -91.318145768341111, 31.861368922042807 ], [ -91.318017340646705, 31.861622355081799 ], [ -91.31771655291594, 31.861724054666063 ], [ -91.317419603767902, 31.861614446125024 ], [ -91.31730044306596, 31.861357737199345 ], [ -91.31742887228738, 31.861104304929508 ] ] ], [ [ [ -91.314274627293798, 31.861319655368963 ], [ -91.314562289713564, 31.861193291577358 ], [ -91.31487039289992, 31.861277538378108 ], [ -91.315018455486822, 31.861523045586885 ], [ -91.314919743407572, 31.861785998941578 ], [ -91.31463207955747, 31.861912363484272 ], [ -91.314323974529898, 31.861828116048553 ], [ -91.314175913373319, 31.861582608088671 ], [ -91.314274627293798, 31.861319655368963 ] ] ], [ [ [ -91.306787866085728, 31.850324855196071 ], [ -91.307006053296277, 31.850229014017277 ], [ -91.307211020245958, 31.850240346132392 ], [ -91.307385526858781, 31.850332811612724 ], [ -91.307497812128901, 31.850519047163804 ], [ -91.30751663291079, 31.850898909624451 ], [ -91.307395257262371, 31.851113000629084 ], [ -91.307556103517229, 31.851307067971565 ], [ -91.307564800797067, 31.851721910343183 ], [ -91.307439040263006, 31.851940002573713 ], [ -91.307220849350145, 31.852035844346936 ], [ -91.306904591220274, 31.851977759264816 ], [ -91.306729083607678, 31.851745809946323 ], [ -91.306736565097012, 31.851330505128768 ], [ -91.306851217202919, 31.851151350318645 ], [ -91.306690372722414, 31.850957282140246 ], [ -91.306659424600042, 31.85057827663617 ], [ -91.306787866085728, 31.850324855196071 ] ] ], [ [ [ -91.303468699705348, 31.851798740313161 ], [ -91.303769468726117, 31.851697073718519 ], [ -91.304066368955915, 31.85180671265308 ], [ -91.304185481345286, 31.852063432660081 ], [ -91.304057030226147, 31.852316851073898 ], [ -91.303756259443389, 31.852418518280562 ], [ -91.303459357688325, 31.852308878576483 ], [ -91.303340247060916, 31.852052157957477 ], [ -91.303468699705348, 31.851798740313161 ] ] ], [ [ [ -91.289586382438614, 31.851646091920358 ], [ -91.28988716462203, 31.851544458683982 ], [ -91.290184046383899, 31.851654129454204 ], [ -91.290303119492307, 31.851910861125795 ], [ -91.290174631288764, 31.852164264199718 ], [ -91.289873847342449, 31.852265898047449 ], [ -91.289576964056351, 31.852156226507088 ], [ -91.289457892710814, 31.851899494224138 ], [ -91.289586382438614, 31.851646091920358 ] ] ], [ [ [ -91.293139809058289, 31.852452509358599 ], [ -91.293440590406746, 31.852350867681768 ], [ -91.293737479313862, 31.852460530376916 ], [ -91.293856563362397, 31.852717259069014 ], [ -91.293728083485362, 31.85297066600447 ], [ -91.293427300374191, 31.853072308292845 ], [ -91.293130409942492, 31.852962644827695 ], [ -91.293011327656671, 31.852705915524069 ], [ -91.293139809058289, 31.852452509358599 ] ] ], [ [ [ -91.290170468366341, 31.859626193584049 ], [ -91.290337367218541, 31.859523988697674 ], [ -91.29058194117242, 31.859506745027584 ], [ -91.29079652214061, 31.859608375437929 ], [ -91.290899339326685, 31.859760150688679 ], [ -91.290976903486012, 31.860725055992223 ], [ -91.290879429990127, 31.860917275001118 ], [ -91.290673256191525, 31.861030881153258 ], [ -91.290351827185788, 31.860999491846933 ], [ -91.290150550034411, 31.860783317488231 ], [ -91.290070306529628, 31.859853741288859 ], [ -91.290170468366341, 31.859626193584049 ] ] ], [ [ [ -91.293686234018708, 31.861373209709701 ], [ -91.294069372897823, 31.861279605386038 ], [ -91.294373427301366, 31.861499485282717 ], [ -91.294418034005957, 31.862119145823097 ], [ -91.294160397168142, 31.862378643111278 ], [ -91.293836905628012, 31.86237430238906 ], [ -91.293611759831592, 31.862176012391856 ], [ -91.293560427256566, 31.861591286297994 ], [ -91.293686234018708, 31.861373209709701 ] ] ], [ [ [ -91.307223285217248, 31.861749199222569 ], [ -91.307510957867166, 31.861622851777145 ], [ -91.307819055236962, 31.861707115493417 ], [ -91.307967099367588, 31.861952630278459 ], [ -91.307868367003366, 31.862215577431886 ], [ -91.3075806929225, 31.862341925628158 ], [ -91.307272593711872, 31.862257661276523 ], [ -91.30712455101218, 31.862012145740636 ], [ -91.307223285217248, 31.861749199222569 ] ] ], [ [ [ -91.290395363810148, 31.862231527662502 ], [ -91.290765915005821, 31.862106333085819 ], [ -91.291093753419062, 31.862299727348649 ], [ -91.291166690119667, 31.862916631918697 ], [ -91.290940085102648, 31.86319642543317 ], [ -91.290617649432605, 31.863219158181849 ], [ -91.290370818824911, 31.863040650917583 ], [ -91.290295199391593, 31.862459075376186 ], [ -91.290395363810148, 31.862231527662502 ] ] ], [ [ [ -91.30378126518498, 31.862515433185362 ], [ -91.304082069271303, 31.862413767210551 ], [ -91.304379003667378, 31.862523406442577 ], [ -91.304498129310261, 31.862780126250602 ], [ -91.304369662767471, 31.863033544085795 ], [ -91.304068856918292, 31.863135210672915 ], [ -91.30377192099607, 31.863025570671081 ], [ -91.303652797116058, 31.862768850250742 ], [ -91.30378126518498, 31.862515433185362 ] ] ], [ [ [ -91.300460228466889, 31.864035161127827 ], [ -91.300843372617578, 31.863941536565683 ], [ -91.301130304854894, 31.864129163291619 ], [ -91.301198142605088, 31.864643629412139 ], [ -91.300978291373809, 31.864888506647087 ], [ -91.300655851038442, 31.864911264738076 ], [ -91.30040899578519, 31.864732776184308 ], [ -91.300331749158914, 31.864288574389409 ], [ -91.300460228466889, 31.864035161127827 ] ] ], [ [ [ -91.300490472840295, 31.865133204451158 ], [ -91.300791288813329, 31.865031546725834 ], [ -91.30108822719491, 31.86514119375925 ], [ -91.301207346587404, 31.865397916350805 ], [ -91.301078867219417, 31.865651330321043 ], [ -91.300778049483071, 31.865752988658596 ], [ -91.300481109575387, 31.865643340855154 ], [ -91.300361991946204, 31.865386617651367 ], [ -91.300490472840295, 31.865133204451158 ] ] ], [ [ [ -91.290695210342008, 31.866380970987677 ], [ -91.290862121184631, 31.866278765921354 ], [ -91.291106712996537, 31.866261521879039 ], [ -91.291410775820367, 31.86648140902437 ], [ -91.291443679323294, 31.867241785744739 ], [ -91.291186019489274, 31.867501276014565 ], [ -91.29086251055989, 31.867496927104622 ], [ -91.290637359453626, 31.867298631778347 ], [ -91.29059504166969, 31.866608518664535 ], [ -91.290695210342008, 31.866380970987677 ] ] ], [ [ [ -91.294033941871362, 31.867135704983905 ], [ -91.29433477081821, 31.867034063045327 ], [ -91.29463170714115, 31.867143725088656 ], [ -91.294750810648225, 31.867400453120919 ], [ -91.294622310873081, 31.86765385977538 ], [ -91.294321480162324, 31.867755502325927 ], [ -91.294024542313608, 31.867645839512228 ], [ -91.293905440570441, 31.867389110868007 ], [ -91.294033941871362, 31.867135704983905 ] ] ], [ [ [ -91.294037882239252, 31.867984877269389 ], [ -91.294325591247855, 31.867858561087953 ], [ -91.294633695573424, 31.8679428569938 ], [ -91.294781713182203, 31.868188386038373 ], [ -91.29468293635361, 31.868451321168028 ], [ -91.294395225912609, 31.868577638099989 ], [ -91.294087119746379, 31.868493341557965 ], [ -91.293939103569997, 31.868247811762863 ], [ -91.294037882239252, 31.867984877269389 ] ] ], [ [ [ -91.287822047449083, 31.868656217347091 ], [ -91.288205221910502, 31.868562632065789 ], [ -91.288492141038404, 31.868750286801049 ], [ -91.2885614870018, 31.869264527040567 ], [ -91.288341591822729, 31.869509380694669 ], [ -91.288019133763967, 31.869532106037667 ], [ -91.287772292159062, 31.869353593482455 ], [ -91.287693527130614, 31.868909616223764 ], [ -91.287822047449083, 31.868656217347091 ] ] ], [ [ [ -91.286012998121436, 31.850223830941221 ], [ -91.286313779125592, 31.850122206113774 ], [ -91.286610651776556, 31.850231884945035 ], [ -91.286729713179227, 31.850488619607781 ], [ -91.28660121753208, 31.850742018850642 ], [ -91.286300434764939, 31.85084364428922 ], [ -91.286003560590089, 31.850733964687723 ], [ -91.285884500950402, 31.850477229413848 ], [ -91.286012998121436, 31.850223830941221 ] ] ], [ [ [ -91.282298866231514, 31.850185240582999 ], [ -91.282681968136629, 31.85009166920721 ], [ -91.282896518473379, 31.850193312028651 ], [ -91.282999312692581, 31.850345093063869 ], [ -91.283076443253677, 31.850859356957262 ], [ -91.282962316704442, 31.851099633379924 ], [ -91.283100580405858, 31.851232839458156 ], [ -91.283144640181959, 31.851438883801933 ], [ -91.283047161418637, 31.851631096845743 ], [ -91.282840999846158, 31.851744690840302 ], [ -91.282519606531693, 31.851713282907504 ], [ -91.282318367403946, 31.85149709719375 ], [ -91.282311536473429, 31.851321877439968 ], [ -91.282416240026706, 31.851151864651303 ], [ -91.282247485124785, 31.850952899177916 ], [ -91.282170359138078, 31.850438634947768 ], [ -91.282298866231514, 31.850185240582999 ] ] ], [ [ [ -91.283326286635557, 31.857829558851694 ], [ -91.283544514250949, 31.8577337595191 ], [ -91.283749493081771, 31.857745129932471 ], [ -91.283923988506146, 31.857837627192602 ], [ -91.284036233974305, 31.858023881926961 ], [ -91.283929614979996, 31.858334004404171 ], [ -91.284113859851189, 31.858570639707249 ], [ -91.284338330395684, 31.860140825666249 ], [ -91.284238153828028, 31.860368368235616 ], [ -91.283991580268406, 31.860490021665303 ], [ -91.283675310861341, 31.860431878361055 ], [ -91.283499847967533, 31.860199898737548 ], [ -91.283276771407429, 31.858665095835669 ], [ -91.28338882980718, 31.858390072228154 ], [ -91.28319915044618, 31.858118337722598 ], [ -91.283326286635557, 31.857829558851694 ] ] ], [ [ [ -91.280767762897852, 31.858216972786863 ], [ -91.280922692881191, 31.859000022585352 ], [ -91.28090995119112, 31.859416821988329 ], [ -91.280700776503949, 31.859627460885125 ], [ -91.280378352043257, 31.859650168017502 ], [ -91.280203857067207, 31.859557665919269 ], [ -91.2800916177613, 31.859371408049018 ], [ -91.279958792991522, 31.858519027214964 ], [ -91.279986825915103, 31.858206410937921 ], [ -91.280219181880298, 31.858014286022975 ], [ -91.280542655888937, 31.858018660850984 ], [ -91.280767762897852, 31.858216972786863 ] ] ], [ [ [ -91.286937585225516, 31.859258863381729 ], [ -91.287320721098524, 31.859165279304573 ], [ -91.287535297448898, 31.859266915073011 ], [ -91.287638108809645, 31.859418692769353 ], [ -91.287727357151411, 31.860379911559082 ], [ -91.287629877426056, 31.860572127862508 ], [ -91.287423700682012, 31.860685728636614 ], [ -91.287102274365608, 31.860654331191075 ], [ -91.286901005761067, 31.860438151966868 ], [ -91.286809076812105, 31.859512262094107 ], [ -91.286937585225516, 31.859258863381729 ] ] ], [ [ [ -91.287508299470858, 31.865149920568069 ], [ -91.287809128283783, 31.865048294070945 ], [ -91.288106049886167, 31.865157970901294 ], [ -91.288225132708689, 31.865414704404255 ], [ -91.288096618401553, 31.865668104008186 ], [ -91.287795787824436, 31.865769731116906 ], [ -91.287498864696929, 31.865660053515967 ], [ -91.287379783638571, 31.865403319401402 ], [ -91.287508299470858, 31.865149920568069 ] ] ], [ [ [ -91.284970656787522, 31.869397247711753 ], [ -91.285353836822978, 31.869303671246893 ], [ -91.285568433821794, 31.869405310928858 ], [ -91.28567125234278, 31.869557090266401 ], [ -91.285749076240805, 31.870417625897474 ], [ -91.285629972907145, 31.870600759306335 ], [ -91.285452114079419, 31.870688502475442 ], [ -91.285130654097173, 31.870657098897134 ], [ -91.284929369619832, 31.870440916274877 ], [ -91.284842127673855, 31.869650643366978 ], [ -91.284970656787522, 31.869397247711753 ] ] ], [ [ [ -91.281949965485936, 31.870529393402613 ], [ -91.282333152879829, 31.870435826333612 ], [ -91.28263720708614, 31.870655734083201 ], [ -91.282657394733661, 31.870864471999234 ], [ -91.282552362277102, 31.871034762174798 ], [ -91.282694536277802, 31.871170027159085 ], [ -91.28273860249449, 31.871376071327404 ], [ -91.282641099912368, 31.871568282717018 ], [ -91.28247417068954, 31.871670476251889 ], [ -91.282150648671802, 31.871666104670279 ], [ -91.281925507261633, 31.871467794331942 ], [ -91.281905321204547, 31.871259056371901 ], [ -91.282010355100482, 31.87108876678759 ], [ -91.281821426526747, 31.870782785614129 ], [ -91.281949965485936, 31.870529393402613 ] ] ], [ [ [ -91.278328660137362, 31.847052729666427 ], [ -91.278711752366178, 31.846959169896447 ], [ -91.279015723155098, 31.847179084071971 ], [ -91.279134701263104, 31.848037368330111 ], [ -91.279037218247055, 31.848229578230477 ], [ -91.27887032859411, 31.848331768730276 ], [ -91.278546888683081, 31.848327390833834 ], [ -91.278321809635656, 31.848129075683687 ], [ -91.278200147136175, 31.847306119907739 ], [ -91.278328660137362, 31.847052729666427 ] ] ], [ [ [ -91.274394261975729, 31.847756997191745 ], [ -91.274681931457579, 31.847630723823123 ], [ -91.274989949186448, 31.847715064607772 ], [ -91.275137883853574, 31.847960614308153 ], [ -91.275039076324347, 31.848223533769737 ], [ -91.27475140540993, 31.848349807887487 ], [ -91.274443385843455, 31.84826546646606 ], [ -91.274295452608882, 31.84801991601655 ], [ -91.274394261975729, 31.847756997191745 ] ] ], [ [ [ -91.278723817015617, 31.849511609384123 ], [ -91.279024602834838, 31.849410001992567 ], [ -91.279321463790268, 31.849519697474591 ], [ -91.279440503837534, 31.849776438249421 ], [ -91.279311989684459, 31.850029829485052 ], [ -91.279011202101827, 31.850131437487377 ], [ -91.278714339623093, 31.850021741234791 ], [ -91.278595301339266, 31.849764999849199 ], [ -91.278723817015617, 31.849511609384123 ] ] ], [ [ [ -91.270878485397716, 31.849635816342516 ], [ -91.271179279333836, 31.849534227834173 ], [ -91.271476130500446, 31.849643941320913 ], [ -91.27159514858684, 31.849900688675312 ], [ -91.271466613164947, 31.850154071210866 ], [ -91.271165817464862, 31.850255660329609 ], [ -91.270868964775545, 31.850145946071962 ], [ -91.270749948453073, 31.849889198107167 ], [ -91.270878485397716, 31.849635816342516 ] ] ], [ [ [ -91.276760633016835, 31.858542211863039 ], [ -91.277143774695162, 31.858448658710632 ], [ -91.277430639836339, 31.858636336813841 ], [ -91.277558700430887, 31.859248304362797 ], [ -91.277332064970153, 31.859528072640245 ], [ -91.277009640443538, 31.859550771210362 ], [ -91.276762846789353, 31.85937223868568 ], [ -91.276632098335696, 31.858795599368502 ], [ -91.276760633016835, 31.858542211863039 ] ] ], [ [ [ -91.273485680592145, 31.859156872696722 ], [ -91.273814845946987, 31.859029428373454 ], [ -91.274139095382353, 31.859165743762965 ], [ -91.274272021220014, 31.859528754685666 ], [ -91.274112303283999, 31.859805494712649 ], [ -91.273801259290281, 31.859881434276446 ], [ -91.27351840206353, 31.859747417449508 ], [ -91.273386854946537, 31.85941978984436 ], [ -91.273485680592145, 31.859156872696722 ] ] ], [ [ [ -91.267752361333322, 31.860715726543717 ], [ -91.268094781672175, 31.861598575153923 ], [ -91.268066832574846, 31.86180665917426 ], [ -91.267834442568443, 31.861998760535911 ], [ -91.267510956831828, 31.86199435289717 ], [ -91.267323761121162, 31.861858913392751 ], [ -91.267166143350536, 31.861500989831434 ], [ -91.266960592210637, 31.860945409685662 ], [ -91.267006875845212, 31.860705567472674 ], [ -91.267260207074514, 31.860533832757419 ], [ -91.267581623813811, 31.860565280131112 ], [ -91.267752361333322, 31.860715726543717 ] ] ], [ [ [ -91.270700288431883, 31.861408794904282 ], [ -91.271001121416518, 31.861307208356521 ], [ -91.271298009420036, 31.861416923392177 ], [ -91.271417040553871, 31.861673670976725 ], [ -91.271288486746144, 31.861927052289058 ], [ -91.270987651996563, 31.862028639447523 ], [ -91.270690762469414, 31.861918923640616 ], [ -91.270571733100539, 31.861662175445378 ], [ -91.270700288431883, 31.861408794904282 ] ] ], [ [ [ -91.279521835688683, 31.871199523894298 ], [ -91.279822692344396, 31.871097917393318 ], [ -91.280119622646723, 31.871207613132864 ], [ -91.280238689929973, 31.8714643533817 ], [ -91.280110144946292, 31.871717743616394 ], [ -91.279809286525364, 31.871819350728746 ], [ -91.279512354698014, 31.87170965421808 ], [ -91.279393289179978, 31.871452913357864 ], [ -91.279521835688683, 31.871199523894298 ] ] ], [ [ [ -91.276893029212701, 31.871168317624321 ], [ -91.277235287676717, 31.871069015892491 ], [ -91.277542366066285, 31.871231793211397 ], [ -91.277638453373939, 31.871603718417916 ], [ -91.277447705018417, 31.871865768680383 ], [ -91.277129397126089, 31.871915329109228 ], [ -91.276863253552563, 31.871758301090505 ], [ -91.276764475681787, 31.871421704178054 ], [ -91.276893029212701, 31.871168317624321 ] ] ], [ [ [ -91.274027425158963, 31.871449475920926 ], [ -91.274328288044146, 31.871347882673252 ], [ -91.274625212000288, 31.871457591046159 ], [ -91.274744264078947, 31.871714335908141 ], [ -91.274615703938636, 31.871967720033236 ], [ -91.274314839287825, 31.872069313892016 ], [ -91.274017913807043, 31.87195960474774 ], [ -91.273898863493983, 31.871702859274645 ], [ -91.274027425158963, 31.871449475920926 ] ] ], [ [ [ -91.271145142455936, 31.871672749361942 ], [ -91.271528343987882, 31.871579215442321 ], [ -91.271832374892355, 31.871799148234512 ], [ -91.272229605193758, 31.872882452357612 ], [ -91.272230661917831, 31.873076030711356 ], [ -91.272401136813443, 31.873304766171895 ], [ -91.272354859176929, 31.873544610166842 ], [ -91.272140780515656, 31.873704959166488 ], [ -91.271817253150701, 31.87370056104411 ], [ -91.271592130032971, 31.873502233064062 ], [ -91.271577722001069, 31.873275135125059 ], [ -91.271430040005512, 31.873114393382238 ], [ -91.271023380392776, 31.871996611972225 ], [ -91.271145142455936, 31.871672749361942 ] ] ], [ [ [ -91.277149162940759, 31.872105949374362 ], [ -91.277450024925329, 31.872004348700024 ], [ -91.277746955003906, 31.872114049972172 ], [ -91.277866016641823, 31.872370792218735 ], [ -91.277737463897992, 31.872624179745952 ], [ -91.277436600147965, 31.872725781031562 ], [ -91.277139668544464, 31.872616078988177 ], [ -91.277020608672004, 31.872359336130341 ], [ -91.277149162940759, 31.872105949374362 ] ] ], [ [ [ -91.274464330091888, 31.872773326991936 ], [ -91.274765196922104, 31.872671732864859 ], [ -91.275062125617609, 31.872781440362985 ], [ -91.275181180453785, 31.873038184867283 ], [ -91.275052619473769, 31.873291569361349 ], [ -91.274751750877854, 31.873393164099603 ], [ -91.274454820657581, 31.873283455830069 ], [ -91.274335767587075, 31.873026710714608 ], [ -91.274464330091888, 31.872773326991936 ] ] ], [ [ [ -91.268550007665993, 31.873177801901885 ], [ -91.268892281530327, 31.873078523249944 ], [ -91.269199350763571, 31.87324132039841 ], [ -91.269376737824317, 31.873699609540783 ], [ -91.269183265479157, 31.873996974828682 ], [ -91.268864946777597, 31.874046514124281 ], [ -91.268598812113837, 31.873889469125153 ], [ -91.268422802688207, 31.873466562953165 ], [ -91.268550007665993, 31.873177801901885 ] ] ], [ [ [ -91.267118466769347, 31.850416701127276 ], [ -91.267460656649789, 31.850317423066006 ], [ -91.267767649652001, 31.850480221468388 ], [ -91.267843277200996, 31.850857031549737 ], [ -91.267652547424746, 31.851119068459244 ], [ -91.267334307345521, 31.851168606847171 ], [ -91.26706823931238, 31.851011560523833 ], [ -91.266992614843588, 31.85063475009742 ], [ -91.267118466769347, 31.850416701127276 ] ] ], [ [ [ -91.263688256363849, 31.851464851609741 ], [ -91.263975951026111, 31.851338603464377 ], [ -91.264283969911048, 31.851422970234431 ], [ -91.264431881032507, 31.851668531460959 ], [ -91.264333039047841, 31.851931441237337 ], [ -91.264045342951903, 31.852057690131545 ], [ -91.26373732222963, 31.851973322724046 ], [ -91.263589412541833, 31.851727760748695 ], [ -91.263688256363849, 31.851464851609741 ] ] ], [ [ [ -91.260112590240908, 31.852434321568794 ], [ -91.260495720723512, 31.85234081821282 ], [ -91.260782531973689, 31.852528532192942 ], [ -91.260806214637569, 31.852810214496984 ], [ -91.261136374229167, 31.853443679628004 ], [ -91.261084651917002, 31.853648420667721 ], [ -91.260908378110003, 31.853794129934549 ], [ -91.260666967854689, 31.853831694205585 ], [ -91.260474707703693, 31.85376999469544 ], [ -91.260193810536066, 31.853392579621627 ], [ -91.260142098238902, 31.852974404325803 ], [ -91.259985391011199, 31.852723075152404 ], [ -91.260112590240908, 31.852434321568794 ] ] ], [ [ [ -91.256030693806821, 31.852823702339933 ], [ -91.256318402373012, 31.852697472073675 ], [ -91.256626417833985, 31.852781857294509 ], [ -91.256774310209096, 31.85302742673559 ], [ -91.256675445136537, 31.85329032967816 ], [ -91.256387735135974, 31.853416560692992 ], [ -91.256079717837977, 31.853332174834275 ], [ -91.255931826897239, 31.853086604644627 ], [ -91.256030693806821, 31.852823702339933 ] ] ], [ [ [ -91.256799955731339, 31.854321165134269 ], [ -91.257142169948878, 31.85422191581554 ], [ -91.257424985205446, 31.854355967755371 ], [ -91.257574935809018, 31.854712137933941 ], [ -91.257415178000855, 31.854988855702061 ], [ -91.257104138678642, 31.85506475454849 ], [ -91.256821321806882, 31.854930701848442 ], [ -91.256671373832731, 31.854574530883212 ], [ -91.256799955731339, 31.854321165134269 ] ] ], [ [ [ -91.253273051497075, 31.855112073109886 ], [ -91.253573880790981, 31.855010527666391 ], [ -91.253870726328302, 31.855120282059229 ], [ -91.25398970109535, 31.855377044199379 ], [ -91.253861110038713, 31.855630406738531 ], [ -91.253560278979236, 31.855731952791697 ], [ -91.253263431920033, 31.855622197627017 ], [ -91.25314445891857, 31.855365434877207 ], [ -91.253273051497075, 31.855112073109886 ] ] ], [ [ [ -91.263752768785537, 31.861557421443802 ], [ -91.264081955008749, 31.861430003150499 ], [ -91.264406197141639, 31.861566343111452 ], [ -91.264547197201836, 31.861925511063372 ], [ -91.264387446306074, 31.862202237593714 ], [ -91.264076387344062, 31.862278152762521 ], [ -91.263793538093907, 31.862144114580087 ], [ -91.263653912972742, 31.861820329858396 ], [ -91.263752768785537, 31.861557421443802 ] ] ], [ [ [ -91.260801263867648, 31.862722978961603 ], [ -91.261184436840551, 31.862629475163462 ], [ -91.261471280418064, 31.862817188482307 ], [ -91.261508552538601, 31.863058170856103 ], [ -91.261359472245829, 31.863263704449356 ], [ -91.261660914222418, 31.863348265438741 ], [ -91.261808835747743, 31.863593829707639 ], [ -91.261757108143314, 31.863798570560277 ], [ -91.261580815243079, 31.863944279888297 ], [ -91.261258373364498, 31.863966937802232 ], [ -91.261011600216904, 31.863788375469575 ], [ -91.26097432919596, 31.863547393011991 ], [ -91.261123410809475, 31.863341859925921 ], [ -91.260854888617089, 31.863278840425462 ], [ -91.260702260071156, 31.863114827638952 ], [ -91.260682122948651, 31.862906087804987 ], [ -91.260801263867648, 31.862722978961603 ] ] ], [ [ [ -91.257789282660298, 31.863926808819304 ], [ -91.258131531958725, 31.863827558206914 ], [ -91.258438551096319, 31.863990379821029 ], [ -91.258497688258643, 31.864256218331249 ], [ -91.258698219879591, 31.864533775725381 ], [ -91.258664820909161, 31.864706757884004 ], [ -91.258506104895787, 31.864866508560567 ], [ -91.25818781342511, 31.864916022091059 ], [ -91.257921723470318, 31.864758956092007 ], [ -91.257862587724631, 31.864493117381304 ], [ -91.257667485997089, 31.864250657711594 ], [ -91.257789282660298, 31.863926808819304 ] ] ], [ [ [ -91.254677374603062, 31.865076063772264 ], [ -91.254965123760385, 31.864949838225694 ], [ -91.255273178045982, 31.865034227980772 ], [ -91.255421084737009, 31.865279799114788 ], [ -91.255322201084923, 31.865542699917526 ], [ -91.255034450492275, 31.865668926213004 ], [ -91.254726394368618, 31.865584535819696 ], [ -91.254578489112902, 31.865338963936786 ], [ -91.254677374603062, 31.865076063772264 ] ] ], [ [ [ -91.258416348612556, 31.865193646227176 ], [ -91.258717206163112, 31.865092089729782 ], [ -91.259014090128787, 31.865201833312714 ], [ -91.259133090985856, 31.865458591219291 ], [ -91.259004498397388, 31.865711958581532 ], [ -91.258703639080721, 31.865813515689123 ], [ -91.258406753592027, 31.865703771334299 ], [ -91.258287754501055, 31.865447012817537 ], [ -91.258416348612556, 31.865193646227176 ] ] ], [ [ [ -91.262144890851161, 31.872462874362622 ], [ -91.262487168065732, 31.872363613102646 ], [ -91.262770045794397, 31.872497655028408 ], [ -91.262914732597622, 31.872857320546174 ], [ -91.262754956457854, 31.873134043727113 ], [ -91.262443859171199, 31.873209953423707 ], [ -91.262160979823193, 31.873075910725628 ], [ -91.262016295691183, 31.872716244453276 ], [ -91.262144890851161, 31.872462874362622 ] ] ], [ [ [ -91.265525175964285, 31.872767027434964 ], [ -91.26586745113697, 31.872667756985678 ], [ -91.266174513365115, 31.872830561217178 ], [ -91.266314688472377, 31.873082447418334 ], [ -91.266277526050928, 31.873306473516866 ], [ -91.266486519530815, 31.873427229500873 ], [ -91.266632822084972, 31.873712882791033 ], [ -91.266604864733353, 31.87392096586516 ], [ -91.266446145365009, 31.874080726163275 ], [ -91.266127825241014, 31.87413025853936 ], [ -91.265861695267631, 31.87397320796542 ], [ -91.265739573171828, 31.87371632358111 ], [ -91.265776737100921, 31.873492297705656 ], [ -91.265567744461279, 31.873371540583037 ], [ -91.265412828774132, 31.873125359321719 ], [ -91.265406030277219, 31.872950140303804 ], [ -91.265525175964285, 31.872767027434964 ] ] ], [ [ [ -91.258884651197604, 31.872916857253458 ], [ -91.259255284038147, 31.872791757778497 ], [ -91.259562334254326, 31.872954577586679 ], [ -91.260007402616509, 31.873839905573615 ], [ -91.259979430384121, 31.874047986655739 ], [ -91.259820699751145, 31.874207738261106 ], [ -91.259502376449461, 31.874257253897099 ], [ -91.259236258043629, 31.874100189836124 ], [ -91.258800629490807, 31.873249335266053 ], [ -91.258884651197604, 31.872916857253458 ] ] ], [ [ [ -91.262770514948656, 31.873728131318103 ], [ -91.263071396427094, 31.873626565458 ], [ -91.263368312938681, 31.873736299883412 ], [ -91.263487335895448, 31.873993054202042 ], [ -91.263358742014432, 31.874246425648007 ], [ -91.263057858769443, 31.874347992118732 ], [ -91.262760940733855, 31.87423825692138 ], [ -91.262641919543626, 31.873981501992134 ], [ -91.262770514948656, 31.873728131318103 ] ] ] ] } },
{ "type": "Feature", "properties": { "depth_bin": "70-75 ft", "bin_order": -72.5, "survey_id": "LM_04_GGK_20190515_CS_3850_3896", "date": "2019-05-15", "year": 2019, "mile": 387.0 }, "geometry": { "type": "MultiPolygon", "coordinates": [ [ [ [ -91.327618924456743, 31.846420214702157 ], [ -91.327906522852686, 31.84629381821799 ], [ -91.328214590770585, 31.846378031580993 ], [ -91.32836266750374, 31.846623524193493 ], [ -91.328264010700266, 31.846886490343703 ], [ -91.327976410876062, 31.847012887579019 ], [ -91.327668341117544, 31.846928673582088 ], [ -91.327520265812623, 31.846683180218431 ], [ -91.327618924456743, 31.846420214702157 ] ] ], [ [ [ -91.324850057686774, 31.846869239048527 ], [ -91.325233108807979, 31.846775537435391 ], [ -91.325537194740974, 31.84699534417647 ], [ -91.326028689445536, 31.848558041229666 ], [ -91.325955242768714, 31.848792896841566 ], [ -91.32576318185167, 31.848923258997385 ], [ -91.325439732001982, 31.848919000262789 ], [ -91.325214547235177, 31.848720764637168 ], [ -91.324728517785317, 31.847193161941508 ], [ -91.324850057686774, 31.846869239048527 ] ] ], [ [ [ -91.322620675706233, 31.847870600809792 ], [ -91.322787518961391, 31.847768351168924 ], [ -91.323032058680155, 31.847751043752638 ], [ -91.323336142235789, 31.847970855656872 ], [ -91.323517385594542, 31.848922495622492 ], [ -91.323442537098813, 31.8491219653726 ], [ -91.323250472119753, 31.849252323581144 ], [ -91.322927021538064, 31.849248058418201 ], [ -91.322701841591723, 31.849049818508568 ], [ -91.322522001316557, 31.848133561850226 ], [ -91.322620675706233, 31.847870600809792 ] ] ], [ [ [ -91.328978904435942, 31.849781141921913 ], [ -91.329361964145079, 31.849687428178324 ], [ -91.329648914398916, 31.849874991396522 ], [ -91.330042637123626, 31.850926795582161 ], [ -91.329991067493054, 31.85113157005533 ], [ -91.329814902547312, 31.851277378849179 ], [ -91.329492513407473, 31.851300212010479 ], [ -91.329245634973788, 31.851121778432969 ], [ -91.328857374489132, 31.850105068983463 ], [ -91.328978904435942, 31.849781141921913 ] ] ], [ [ [ -91.323053117479446, 31.850016011891956 ], [ -91.323436183327161, 31.849922316246221 ], [ -91.323650781268498, 31.850023891818271 ], [ -91.323753643664659, 31.850175642202828 ], [ -91.323805062058554, 31.850449909095524 ], [ -91.323698650729014, 31.850650388612802 ], [ -91.323878190314716, 31.85085496632837 ], [ -91.323938286385498, 31.851266164778473 ], [ -91.32384089100448, 31.851458412040195 ], [ -91.323634776726053, 31.851572073939611 ], [ -91.323313365281777, 31.851540768688501 ], [ -91.323112028220137, 31.85132464427193 ], [ -91.323051935810497, 31.85091344555935 ], [ -91.323158348843464, 31.850712966649763 ], [ -91.323009332744789, 31.850574137893688 ], [ -91.322926115176955, 31.85030483548714 ], [ -91.323053117479446, 31.850016011891956 ] ] ], [ [ [ -91.325849517950402, 31.850055958236538 ], [ -91.326232581532565, 31.849962254073699 ], [ -91.326536680056449, 31.850182058758055 ], [ -91.326855604886262, 31.851251255339893 ], [ -91.326780761369818, 31.851450727167251 ], [ -91.32658869586875, 31.851581090369152 ], [ -91.326265236606091, 31.851576833417532 ], [ -91.326040043809002, 31.851378599051742 ], [ -91.325722524176243, 31.850344784920658 ], [ -91.325849517950402, 31.850055958236538 ] ] ], [ [ [ -91.320692283561584, 31.851086363086058 ], [ -91.320706755388116, 31.851600617309686 ], [ -91.320548166276197, 31.851760450272906 ], [ -91.3203122692954, 31.85181814230895 ], [ -91.320078576778954, 31.851754247536348 ], [ -91.319903035708791, 31.851522315276775 ], [ -91.319863349734035, 31.851180151845877 ], [ -91.319938207711033, 31.850980684586876 ], [ -91.320209932699242, 31.8508308516172 ], [ -91.32052619685625, 31.850888903759884 ], [ -91.320692283561584, 31.851086363086058 ] ] ], [ [ [ -91.328688735369596, 31.858959240625001 ], [ -91.328976372164462, 31.858832843240695 ], [ -91.329284482355803, 31.858917055310936 ], [ -91.329432580474574, 31.859162546995467 ], [ -91.32933391164093, 31.859425513126425 ], [ -91.329046273417021, 31.859551911262322 ], [ -91.328738161383839, 31.859467698557928 ], [ -91.328590064694097, 31.859222206121807 ], [ -91.328688735369596, 31.858959240625001 ] ] ], [ [ [ -91.316613001772453, 31.848341819650972 ], [ -91.31691374643232, 31.8482401210189 ], [ -91.31721065278829, 31.848349729466051 ], [ -91.317329798202834, 31.848606438394292 ], [ -91.317201387662934, 31.848859871628164 ], [ -91.316900641242285, 31.848961570872795 ], [ -91.316603733360338, 31.848851961656806 ], [ -91.31648458970659, 31.84859525211602 ], [ -91.316613001772453, 31.848341819650972 ] ] ], [ [ [ -91.319692433253778, 31.84860417948034 ], [ -91.320075496117397, 31.848510493857532 ], [ -91.32029008690769, 31.848612074885345 ], [ -91.32039294221066, 31.848763827778519 ], [ -91.320399845325667, 31.848939048039465 ], [ -91.320298387616049, 31.849106196055782 ], [ -91.320473162486252, 31.849308259848446 ], [ -91.3205305485927, 31.849859531135131 ], [ -91.320433147877978, 31.850051775634679 ], [ -91.320227032889619, 31.850165431996835 ], [ -91.319905627862454, 31.850134118330324 ], [ -91.319704301910463, 31.849917988848961 ], [ -91.319644244503039, 31.849402047743865 ], [ -91.319755100222991, 31.849164633561255 ], [ -91.319564029069241, 31.848857615323233 ], [ -91.319692433253778, 31.84860417948034 ] ] ], [ [ [ -91.316698812356563, 31.849575989117071 ], [ -91.317040952304907, 31.849476575624706 ], [ -91.317348035450678, 31.849639257241723 ], [ -91.317446407681146, 31.850013063477203 ], [ -91.317255816554365, 31.85027517978008 ], [ -91.316937600008202, 31.850324843378811 ], [ -91.316671445266095, 31.850167898021098 ], [ -91.316570398650711, 31.849829421570853 ], [ -91.316698812356563, 31.849575989117071 ] ] ], [ [ [ -91.313680996006426, 31.849761325859195 ], [ -91.314064068934911, 31.849667658741062 ], [ -91.314350986520139, 31.849855255423009 ], [ -91.314408608052091, 31.850372240966436 ], [ -91.314188826349906, 31.850617143955002 ], [ -91.313866437534188, 31.850639937436824 ], [ -91.313619592338114, 31.850461474591167 ], [ -91.313555252469186, 31.849979424794142 ], [ -91.313680996006426, 31.849761325859195 ] ] ], [ [ [ -91.306770218355851, 31.850186946454965 ], [ -91.307070978805484, 31.850085271717262 ], [ -91.307367878234075, 31.850194902923885 ], [ -91.307486998061634, 31.850451620144849 ], [ -91.307358558263104, 31.850705042346636 ], [ -91.307057796051865, 31.850806717696486 ], [ -91.306760895097881, 31.850697085720533 ], [ -91.306641777031913, 31.850440367887444 ], [ -91.306770218355851, 31.850186946454965 ] ] ], [ [ [ -91.310182700701191, 31.850440165351156 ], [ -91.310553179944762, 31.850314910303634 ], [ -91.310860253662341, 31.850477607274698 ], [ -91.31089836346996, 31.850887286445914 ], [ -91.310714476259236, 31.851114456444979 ], [ -91.310396254076252, 31.851164103442343 ], [ -91.310130108723527, 31.85100714470839 ], [ -91.310065220953703, 31.850770460919847 ], [ -91.310182700701191, 31.850440165351156 ] ] ], [ [ [ -91.31677558346027, 31.850810833285983 ], [ -91.31715865809106, 31.850717156899155 ], [ -91.317462736450608, 31.850936982609795 ], [ -91.317507196485607, 31.851559111784617 ], [ -91.317249652923024, 31.85181865953631 ], [ -91.316926194381352, 31.85181437880793 ], [ -91.316701021800839, 31.851616128572573 ], [ -91.316649845523784, 31.851028935449456 ], [ -91.31677558346027, 31.850810833285983 ] ] ], [ [ [ -91.313730716550793, 31.850859985701806 ], [ -91.31407286411546, 31.850760580490313 ], [ -91.31437994585923, 31.850923269212711 ], [ -91.314466816007084, 31.851297660365901 ], [ -91.314276213843442, 31.851559771769136 ], [ -91.313957991606046, 31.851609427692406 ], [ -91.313691838619718, 31.851452476173471 ], [ -91.31360229291856, 31.851113414766953 ], [ -91.313730716550793, 31.850859985701806 ] ] ], [ [ [ -91.30008703994632, 31.852019428999359 ], [ -91.300374690704615, 31.851893096808492 ], [ -91.300682748804689, 31.851977376596864 ], [ -91.300830759290221, 31.852222898856823 ], [ -91.300732018614468, 31.852485840508898 ], [ -91.300444366425339, 31.852612173450023 ], [ -91.300136306485754, 31.852527893026139 ], [ -91.299988297431028, 31.85228237001591 ], [ -91.30008703994632, 31.852019428999359 ] ] ], [ [ [ -91.290941950446594, 31.860654158241921 ], [ -91.291095428372387, 31.862470770365544 ], [ -91.290863082392832, 31.862662915433923 ], [ -91.290539590416913, 31.862658566290019 ], [ -91.290291648751122, 31.862392278816554 ], [ -91.290147387762218, 31.860987875579848 ], [ -91.290178131746288, 31.860675897230749 ], [ -91.29037269959305, 31.860498384221298 ], [ -91.290695125785049, 31.860475651755713 ], [ -91.290941950446594, 31.860654158241921 ] ] ], [ [ [ -91.300341920372034, 31.861776919282072 ], [ -91.300629601759638, 31.861650587741298 ], [ -91.300937692162549, 31.861734867924216 ], [ -91.301085717702563, 31.86198039009221 ], [ -91.300986966013753, 31.86224333121989 ], [ -91.300699283194675, 31.862369663511238 ], [ -91.300391190951316, 31.862285382692608 ], [ -91.300243166842762, 31.862039859774022 ], [ -91.300341920372034, 31.861776919282072 ] ] ], [ [ [ -91.293702159577705, 31.861946781955215 ], [ -91.294072705604989, 31.86182157753624 ], [ -91.294379785660823, 31.861984314359205 ], [ -91.294475859162944, 31.862495124832105 ], [ -91.294285177275924, 31.862757203048833 ], [ -91.293966907933751, 31.862806807129498 ], [ -91.293700759549154, 31.862649814074796 ], [ -91.293602003504162, 31.862174332579183 ], [ -91.293702159577705, 31.861946781955215 ] ] ], [ [ [ -91.297122826362241, 31.865886925248649 ], [ -91.297423648142299, 31.865785275719794 ], [ -91.297720584534332, 31.8658949305545 ], [ -91.297839695306052, 31.866151655982407 ], [ -91.297711205735766, 31.866405066162443 ], [ -91.297410382192112, 31.866506716303391 ], [ -91.297113444274174, 31.866397060698475 ], [ -91.296994335266049, 31.8661403346585 ], [ -91.297122826362241, 31.865886925248649 ] ] ], [ [ [ -91.290633944810438, 31.865947020191047 ], [ -91.290976170732122, 31.86584768018135 ], [ -91.291283258002693, 31.866010424663827 ], [ -91.291414342370331, 31.866519350859623 ], [ -91.291223643199245, 31.866781423732384 ], [ -91.290905358643457, 31.866831019575731 ], [ -91.290639204514918, 31.866674019981943 ], [ -91.290505436171969, 31.866200422415215 ], [ -91.290633944810438, 31.865947020191047 ] ] ], [ [ [ -91.290756607861525, 31.867041512286345 ], [ -91.291139773016837, 31.8669479177969 ], [ -91.291443838099738, 31.867167804921927 ], [ -91.291521552592897, 31.867890678644219 ], [ -91.291424071948583, 31.868082897639628 ], [ -91.291257158342034, 31.868185103324333 ], [ -91.290933647011883, 31.868180754512338 ], [ -91.290708494153904, 31.867982459269061 ], [ -91.290628097889567, 31.867294914551486 ], [ -91.290756607861525, 31.867041512286345 ] ] ], [ [ [ -91.285912379359431, 31.848712394014544 ], [ -91.286295471974412, 31.848618811386366 ], [ -91.286599466899659, 31.848838708196752 ], [ -91.286659992459036, 31.849596517243434 ], [ -91.28640237116069, 31.849855999753959 ], [ -91.286078924650781, 31.849851640823069 ], [ -91.285853825286338, 31.849653338357971 ], [ -91.285783884213956, 31.84896579250692 ], [ -91.285912379359431, 31.848712394014544 ] ] ], [ [ [ -91.28599608640269, 31.85008544627777 ], [ -91.286296866966751, 31.849983821473135 ], [ -91.286593739160082, 31.850093500329912 ], [ -91.286712800355673, 31.850350235005958 ], [ -91.286584304873273, 31.850603634242102 ], [ -91.286283522546242, 31.850705259657875 ], [ -91.285986648829038, 31.850595580030859 ], [ -91.285867589396446, 31.850338844743682 ], [ -91.28599608640269, 31.85008544627777 ] ] ], [ [ [ -91.28701110470449, 31.860218351206051 ], [ -91.287394244531171, 31.860124767057211 ], [ -91.287681136595509, 31.86031242288874 ], [ -91.287797696007374, 31.860926776313914 ], [ -91.287571086256023, 31.861206563719552 ], [ -91.287248657123399, 31.861229288141551 ], [ -91.287001838447651, 31.861050774693943 ], [ -91.286882595030619, 31.860471749916609 ], [ -91.28701110470449, 31.860218351206051 ] ] ], [ [ [ -91.284472511153012, 31.861230876669588 ], [ -91.284540674400958, 31.861816771946099 ], [ -91.284414845876938, 31.86203483869167 ], [ -91.284114023676395, 31.86213645741314 ], [ -91.283817116772127, 31.862026771711957 ], [ -91.283714309133913, 31.861874991102365 ], [ -91.283664317297621, 31.861531627530518 ], [ -91.283666241665046, 31.861287680210506 ], [ -91.283773641543505, 31.861115216066043 ], [ -91.283604531409637, 31.860916074325974 ], [ -91.283517433038938, 31.860266453018667 ], [ -91.28359237656683, 31.860067010423613 ], [ -91.283784517666405, 31.859936715076469 ], [ -91.284107998993193, 31.859941081071085 ], [ -91.284333118419099, 31.86013938706725 ], [ -91.284433578279149, 31.86082252647758 ], [ -91.284316755075011, 31.861065254266538 ], [ -91.284472511153012, 31.861230876669588 ] ] ], [ [ [ -91.284212638383465, 31.864245465230155 ], [ -91.284595797496905, 31.864151890257617 ], [ -91.28489983741558, 31.864371792266123 ], [ -91.284985716413374, 31.865091997426482 ], [ -91.284888225663522, 31.865284211117537 ], [ -91.284721310447949, 31.86538640818512 ], [ -91.284397810000598, 31.865382043086733 ], [ -91.284172678221594, 31.865183736909458 ], [ -91.284084115064303, 31.864498860493104 ], [ -91.284212638383465, 31.864245465230155 ] ] ], [ [ [ -91.287400599135154, 31.864353742338018 ], [ -91.287567509644774, 31.864251541566873 ], [ -91.28781209639105, 31.864234303694165 ], [ -91.288026684803071, 31.864335938985654 ], [ -91.288138945950365, 31.86452219047975 ], [ -91.288295185211155, 31.866269641323782 ], [ -91.288169358795969, 31.86648771173834 ], [ -91.287951114511841, 31.866583518330756 ], [ -91.287634821508036, 31.866525384116869 ], [ -91.287459337612418, 31.866293409420255 ], [ -91.287307573980087, 31.865131512470128 ], [ -91.287303114162171, 31.864545958105715 ], [ -91.287400599135154, 31.864353742338018 ] ] ], [ [ [ -91.28777089379804, 31.868268936362803 ], [ -91.288141472738289, 31.868143750521384 ], [ -91.2884693261217, 31.868337151934604 ], [ -91.288513763887309, 31.868853557939481 ], [ -91.28829386961462, 31.869098411555886 ], [ -91.287971412986721, 31.869121136828873 ], [ -91.287724572536376, 31.868942624211492 ], [ -91.287670715780635, 31.868496481347172 ], [ -91.28777089379804, 31.868268936362803 ] ] ], [ [ [ -91.28486000219398, 31.869017310613881 ], [ -91.285230587708654, 31.868892133517807 ], [ -91.285537674053231, 31.86905489180943 ], [ -91.285659529142478, 31.86956172085668 ], [ -91.285468807407938, 31.869823784184142 ], [ -91.285150509919731, 31.869873365117247 ], [ -91.284884357631753, 31.869716353578109 ], [ -91.284759816231528, 31.869244852998893 ], [ -91.28486000219398, 31.869017310613881 ] ] ], [ [ [ -91.285072092198334, 31.87021875855455 ], [ -91.285372940152527, 31.870117138572596 ], [ -91.285669874567375, 31.870226821479704 ], [ -91.285788956368393, 31.870483557061515 ], [ -91.285660427803705, 31.870736953528613 ], [ -91.285359578084737, 31.870838574122182 ], [ -91.285062642144524, 31.870728890444227 ], [ -91.284943562108282, 31.870472154250805 ], [ -91.285072092198334, 31.87021875855455 ] ] ], [ [ [ -91.278291687424073, 31.846780736625796 ], [ -91.278674778546645, 31.846687176925087 ], [ -91.278978748382116, 31.84690709116348 ], [ -91.279049039317002, 31.847526703867647 ], [ -91.278791403477442, 31.847786170487741 ], [ -91.278467965483827, 31.847781792457358 ], [ -91.27824288788149, 31.847583477203873 ], [ -91.278163174736889, 31.847034126849806 ], [ -91.278291687424073, 31.846780736625796 ] ] ], [ [ [ -91.278666569187962, 31.849263677201989 ], [ -91.278995692237572, 31.84913621778276 ], [ -91.279319916002564, 31.849272519207421 ], [ -91.279422268460138, 31.84967403148692 ], [ -91.279265275629513, 31.8499154505459 ], [ -91.278954268863885, 31.849991404151258 ], [ -91.278671433141682, 31.849857399393795 ], [ -91.27856639195565, 31.849491215597151 ], [ -91.278666569187962, 31.849263677201989 ] ] ], [ [ [ -91.282196936889733, 31.84964077892656 ], [ -91.282580036604386, 31.849547207774798 ], [ -91.282794585588519, 31.849648850728347 ], [ -91.282897379075422, 31.849800631831325 ], [ -91.282988623400058, 31.850349659389622 ], [ -91.282753362998548, 31.850632794617507 ], [ -91.283032589933157, 31.850791653304622 ], [ -91.283106330139418, 31.851132940709359 ], [ -91.28300616140254, 31.851360482851703 ], [ -91.28280000040138, 31.851474076803786 ], [ -91.282478608040549, 31.851442668799518 ], [ -91.282277369569186, 31.851226483036097 ], [ -91.282275021706482, 31.850877139704693 ], [ -91.282492836178889, 31.850663141586185 ], [ -91.282295441909568, 31.850583841451083 ], [ -91.282162360323653, 31.850407872114801 ], [ -91.282068430349696, 31.849894173225778 ], [ -91.282196936889733, 31.84964077892656 ] ] ], [ [ [ -91.274959655436945, 31.850321613310864 ], [ -91.275247332344918, 31.850195338965364 ], [ -91.27555535907095, 31.850279678666642 ], [ -91.275703299036067, 31.850525227811822 ], [ -91.275604490002081, 31.85078814757167 ], [ -91.275316811661398, 31.850914422666428 ], [ -91.275008783097476, 31.850830082328329 ], [ -91.274860844565069, 31.850584532433917 ], [ -91.274959655436945, 31.850321613310864 ] ] ], [ [ [ -91.276870890761202, 31.859084333975247 ], [ -91.27725403461416, 31.858990780573198 ], [ -91.277540901617471, 31.859178458479288 ], [ -91.277631994516796, 31.859655075802173 ], [ -91.277405358216029, 31.859934844165949 ], [ -91.27708293227694, 31.859957542871346 ], [ -91.276836137428148, 31.859779010456698 ], [ -91.276742355552031, 31.859337721555669 ], [ -91.276870890761202, 31.859084333975247 ] ] ], [ [ [ -91.28023858068147, 31.859183163899971 ], [ -91.280621722035519, 31.859089600242104 ], [ -91.280836290315435, 31.85919124705682 ], [ -91.280939090354849, 31.859343029785215 ], [ -91.28108247246368, 31.86057798590976 ], [ -91.280984978959069, 31.860770196619498 ], [ -91.280778794127826, 31.860883786309241 ], [ -91.280457370190604, 31.860852372114859 ], [ -91.280256117201532, 31.860636182904145 ], [ -91.280110054374532, 31.859436555201817 ], [ -91.28023858068147, 31.859183163899971 ] ] ], [ [ [ -91.274255862902052, 31.859492638912119 ], [ -91.274415902468746, 31.860062550055083 ], [ -91.274315701985785, 31.86029008395063 ], [ -91.27402799187881, 31.860416354844499 ], [ -91.273719933448646, 31.860332010429406 ], [ -91.273485182479178, 31.859858795570037 ], [ -91.273460003724466, 31.85961655231921 ], [ -91.273557511242061, 31.859424347856173 ], [ -91.273804094627437, 31.859302715032161 ], [ -91.274047904473719, 31.859326556920657 ], [ -91.274255862902052, 31.859492638912119 ] ] ], [ [ [ -91.279249067129726, 31.870127000758277 ], [ -91.279632255175684, 31.870033441865328 ], [ -91.279936301376239, 31.870253355818718 ], [ -91.280196913422159, 31.871332146109093 ], [ -91.280121952381961, 31.871531585786592 ], [ -91.279929781535515, 31.871661874342475 ], [ -91.279533800039346, 31.87162317343412 ], [ -91.279320861694785, 31.871330409652472 ], [ -91.279121899674621, 31.870415773975836 ], [ -91.279249067129726, 31.870127000758277 ] ] ], [ [ [ -91.281909553030559, 31.870417951357201 ], [ -91.282197284995775, 31.870291663525187 ], [ -91.282505384854161, 31.870375988701873 ], [ -91.282653373188396, 31.870621530792736 ], [ -91.282554559425733, 31.870884455101518 ], [ -91.282266826026984, 31.871010743683659 ], [ -91.281958724328433, 31.870926417870091 ], [ -91.281810737427719, 31.870680875029091 ], [ -91.281909553030559, 31.870417951357201 ] ] ], [ [ [ -91.267047042193497, 31.850312024286019 ], [ -91.267334728989439, 31.850185768227732 ], [ -91.267642747547143, 31.85027012684624 ], [ -91.267790666072202, 31.850515684457523 ], [ -91.267691834885284, 31.850778597272789 ], [ -91.26740414665602, 31.850904854080021 ], [ -91.267096126260881, 31.850820494824273 ], [ -91.266948209169144, 31.850574936464071 ], [ -91.267047042193497, 31.850312024286019 ] ] ], [ [ [ -91.263609764976366, 31.851181123338524 ], [ -91.263951961022272, 31.851081854967514 ], [ -91.264234777507923, 31.851215891828797 ], [ -91.264380559509448, 31.851574916026763 ], [ -91.264220827490348, 31.851851643393918 ], [ -91.263909803596462, 31.851927559502329 ], [ -91.263626985493275, 31.851793521871876 ], [ -91.263481206152491, 31.851434496912979 ], [ -91.263609764976366, 31.851181123338524 ] ] ], [ [ [ -91.26740385485607, 31.851509471920483 ], [ -91.267691545003998, 31.851383215191948 ], [ -91.267999567858325, 31.851467573083326 ], [ -91.268147489107861, 31.851713130336513 ], [ -91.268048657477237, 31.851976043372535 ], [ -91.267760965895945, 31.852102300850056 ], [ -91.267452941204056, 31.852017942321435 ], [ -91.267305021387898, 31.851772384319279 ], [ -91.26740385485607, 31.851509471920483 ] ] ], [ [ [ -91.260055681794015, 31.852311672002575 ], [ -91.260356495187466, 31.852210109875017 ], [ -91.260653340723493, 31.852319848440825 ], [ -91.260772331389305, 31.852576604881971 ], [ -91.260643762818717, 31.852829975188733 ], [ -91.260342947660362, 31.852931537926224 ], [ -91.260046100602224, 31.852821798588948 ], [ -91.259927111701302, 31.85256504153789 ], [ -91.260055681794015, 31.852311672002575 ] ] ], [ [ [ -91.256007296359201, 31.852666316092314 ], [ -91.256308114894921, 31.852564763749964 ], [ -91.256604956287433, 31.852674511633605 ], [ -91.256723935951001, 31.852931271467082 ], [ -91.256595355964194, 31.853184637253364 ], [ -91.256294535663301, 31.853286190205473 ], [ -91.255997692748906, 31.853176441550183 ], [ -91.255878714850525, 31.852919681106954 ], [ -91.256007296359201, 31.852666316092314 ] ] ], [ [ [ -91.270741716517264, 31.86154012893326 ], [ -91.271042549894972, 31.86143854230292 ], [ -91.271339438365942, 31.861548257256249 ], [ -91.271458469767751, 31.861805004806964 ], [ -91.271329915871576, 31.862058386153763 ], [ -91.271029080728894, 31.862159973394814 ], [ -91.270732190734307, 31.862050257670226 ], [ -91.270613161097458, 31.861793509508828 ], [ -91.270741716517264, 31.86154012893326 ] ] ], [ [ [ -91.267444600474718, 31.861532945179313 ], [ -91.267786831711476, 31.861433667848821 ], [ -91.268093861233083, 31.861596466517376 ], [ -91.268248582462647, 31.862061466282391 ], [ -91.268055132720178, 31.862358831105198 ], [ -91.267736853880876, 31.862408369056645 ], [ -91.267470753750814, 31.862251322672574 ], [ -91.267316036203439, 31.861786322101022 ], [ -91.267444600474718, 31.861532945179313 ] ] ], [ [ [ -91.263903177043673, 31.861784365223613 ], [ -91.264286343407861, 31.861690851811105 ], [ -91.26457319080086, 31.861878558275517 ], [ -91.264647850123197, 31.862282127837076 ], [ -91.264815061529262, 31.862574793002668 ], [ -91.264740075792773, 31.862774222948314 ], [ -91.264585682222446, 31.862889865163716 ], [ -91.264263244393334, 31.862912530861422 ], [ -91.264016467876729, 31.862733974229137 ], [ -91.263989025777818, 31.862461616331029 ], [ -91.263775975182654, 31.862073122158936 ], [ -91.263903177043673, 31.861784365223613 ] ] ], [ [ [ -91.261162454459836, 31.863488988265892 ], [ -91.261463303682916, 31.863387424937468 ], [ -91.261760185848644, 31.863497162054816 ], [ -91.261879192487768, 31.863753917648577 ], [ -91.261750609876515, 31.864007288205677 ], [ -91.261449758887679, 31.86410885214438 ], [ -91.261152875198846, 31.863999114255304 ], [ -91.261033870325505, 31.863742358051265 ], [ -91.261162454459836, 31.863488988265892 ] ] ], [ [ [ -91.257857096729253, 31.864050836303221 ], [ -91.258157951052937, 31.863949281001958 ], [ -91.258454830692486, 31.864059025756124 ], [ -91.258573828658271, 31.864315784122926 ], [ -91.258445236307097, 31.86456915096479 ], [ -91.258144380217388, 31.864670706876193 ], [ -91.257847499054947, 31.86456096135014 ], [ -91.257728502855201, 31.864304202373205 ], [ -91.257857096729253, 31.864050836303221 ] ] ], [ [ [ -91.254751955282586, 31.865194298324102 ], [ -91.255039704721923, 31.865068072620375 ], [ -91.255378045093664, 31.865176656236933 ], [ -91.255564213752763, 31.865524777542856 ], [ -91.255436980575837, 31.86581352486041 ], [ -91.25513611742241, 31.865915073369436 ], [ -91.254839236251669, 31.865805320821227 ], [ -91.254653069858662, 31.865457198545034 ], [ -91.254751955282586, 31.865194298324102 ] ] ], [ [ [ -91.258482197195733, 31.865317495541834 ], [ -91.258783055090859, 31.865215938902193 ], [ -91.259079939532199, 31.865325682346167 ], [ -91.259198940717383, 31.865582440198455 ], [ -91.259070348117291, 31.865835807622922 ], [ -91.258769488456053, 31.865937364872767 ], [ -91.258472602491693, 31.865827620656891 ], [ -91.258353603072607, 31.86557086219441 ], [ -91.258482197195733, 31.865317495541834 ] ] ], [ [ [ -91.267829158124201, 31.871517471665339 ], [ -91.26819977444498, 31.871392345448029 ], [ -91.268527594843547, 31.871585797151596 ], [ -91.268892435623613, 31.872426153088348 ], [ -91.26896761018736, 31.872878424265437 ], [ -91.269208950226869, 31.873241799157423 ], [ -91.26918099883477, 31.873449883023035 ], [ -91.26898636348399, 31.873627360850175 ], [ -91.268663888650693, 31.873650036390853 ], [ -91.268417075603111, 31.873471487277744 ], [ -91.268322579874919, 31.873092542516318 ], [ -91.268164243216148, 31.872925526978776 ], [ -91.267745169782984, 31.871849956846216 ], [ -91.267829158124201, 31.871517471665339 ] ] ], [ [ [ -91.271086382872056, 31.871544979530974 ], [ -91.271387248964146, 31.871443393373003 ], [ -91.271684169401482, 31.871553108504234 ], [ -91.271803213296749, 31.871809855834314 ], [ -91.271674645102053, 31.872063236691432 ], [ -91.27137377724415, 31.872164823460366 ], [ -91.271076855282374, 31.872055107557635 ], [ -91.270957813152918, 31.871798359616569 ], [ -91.271086382872056, 31.871544979530974 ] ] ], [ [ [ -91.262071107083216, 31.872338921028902 ], [ -91.262371984657122, 31.87223735667062 ], [ -91.262668895882243, 31.872347092565594 ], [ -91.262787915267253, 31.87260384746066 ], [ -91.262659321621541, 31.872857218252232 ], [ -91.262358442281155, 31.872958783221062 ], [ -91.262061529532176, 31.872849046554162 ], [ -91.261942511913645, 31.87259229104853 ], [ -91.262071107083216, 31.872338921028902 ] ] ], [ [ [ -91.265484065560628, 31.872631786453031 ], [ -91.265784940749811, 31.872530213918935 ], [ -91.266081857333305, 31.872639942011155 ], [ -91.266200886681091, 31.872896694047167 ], [ -91.266072301766627, 31.873150068598282 ], [ -91.265771424811163, 31.873251641743106 ], [ -91.265474506703555, 31.873141912879095 ], [ -91.265355479122036, 31.872885160232368 ], [ -91.265484065560628, 31.872631786453031 ] ] ], [ [ [ -91.25876686820753, 31.872647211438718 ], [ -91.259109149293096, 31.872547959433621 ], [ -91.259392022311971, 31.872682008721796 ], [ -91.259552582507624, 31.873035789519481 ], [ -91.259392796185139, 31.873312508097204 ], [ -91.259081695934825, 31.873388409440935 ], [ -91.25879882128973, 31.873254359415331 ], [ -91.258639633987571, 31.872935961661227 ], [ -91.25876686820753, 31.872647211438718 ] ] ], [ [ [ -91.271737710855973, 31.873243704050441 ], [ -91.272038581921464, 31.873142116546017 ], [ -91.272335508558015, 31.873251830346966 ], [ -91.272454556247041, 31.873508577142243 ], [ -91.272325987218196, 31.873761958573333 ], [ -91.272025114386807, 31.873863546688817 ], [ -91.27172818622563, 31.873753832116329 ], [ -91.271609140302516, 31.873497084710021 ], [ -91.271737710855973, 31.873243704050441 ] ] ], [ [ [ -91.265965288993755, 31.873650035551535 ], [ -91.266266167075443, 31.873548461992105 ], [ -91.266563087492941, 31.873658189078995 ], [ -91.266682119370401, 31.873914940718603 ], [ -91.266553534199403, 31.874168315714499 ], [ -91.266252654351391, 31.874269889884708 ], [ -91.265955732409665, 31.874160162026026 ], [ -91.265836702298543, 31.87390340977564 ], [ -91.265965288993755, 31.873650035551535 ] ] ], [ [ [ -91.259366031712645, 31.873773781856571 ], [ -91.259708316460646, 31.873674528379627 ], [ -91.259991193776997, 31.873808576464572 ], [ -91.260151540247875, 31.874163183270127 ], [ -91.259991753568414, 31.874439902548641 ], [ -91.259680649902137, 31.874515805228679 ], [ -91.259397770957293, 31.874381756405757 ], [ -91.259238797612355, 31.874062532641585 ], [ -91.259366031712645, 31.873773781856571 ] ] ] ] } },
{ "type": "Feature", "properties": { "depth_bin": "75-80 ft", "bin_order": -77.5, "survey_id": "LM_04_GGK_20190515_CS_3850_3896", "date": "2019-05-15", "year": 2019, "mile": 387.0 }, "geometry": { "type": "MultiPolygon", "coordinates": [ [ [ [ -91.326953382865014, 31.844708947244317 ], [ -91.32733642312094, 31.844615238884714 ], [ -91.327640507430573, 31.844835040594596 ], [ -91.329730960345501, 31.850071974959508 ], [ -91.329712611983965, 31.850314549351403 ], [ -91.329480374500662, 31.850506769167456 ], [ -91.329235828104345, 31.850524088772751 ], [ -91.329051523534261, 31.85044669941291 ], [ -91.32881869332472, 31.85004698222108 ], [ -91.328317034009984, 31.848847988962753 ], [ -91.328273460868971, 31.848529929984 ], [ -91.326882800528267, 31.845200803584163 ], [ -91.326827677378986, 31.844927060780631 ], [ -91.326953382865014, 31.844708947244317 ] ] ], [ [ [ -91.326108441057229, 31.848751533345663 ], [ -91.326531039490305, 31.850186304455111 ], [ -91.326402651296007, 31.850439747711292 ], [ -91.326101908742075, 31.850541468870265 ], [ -91.325868214910528, 31.85047758470218 ], [ -91.325715487511118, 31.85031364641096 ], [ -91.325225378703465, 31.848681718077511 ], [ -91.32538225218336, 31.84844023800305 ], [ -91.325693220991838, 31.848364169297845 ], [ -91.32594874788056, 31.84847147534073 ], [ -91.326108441057229, 31.848751533345663 ] ] ], [ [ [ -91.324366142924177, 31.845416902317066 ], [ -91.324749188391621, 31.8453232019524 ], [ -91.32505326851647, 31.845543009696303 ], [ -91.325116402984449, 31.845883461632923 ], [ -91.324936854531231, 31.846108021959257 ], [ -91.3252818937478, 31.846272777553803 ], [ -91.325530741704952, 31.846964586036847 ], [ -91.325457295232539, 31.847199441417501 ], [ -91.325265237059511, 31.847329802941509 ], [ -91.324941792853139, 31.847325543130435 ], [ -91.324716612906911, 31.847127306744504 ], [ -91.324504299538347, 31.846462992039498 ], [ -91.324693242105269, 31.84616816511242 ], [ -91.324399770941881, 31.846058763652827 ], [ -91.324244603496808, 31.845740824825622 ], [ -91.324366142924177, 31.845416902317066 ] ] ], [ [ [ -91.322434704529286, 31.846759676368819 ], [ -91.322817757292853, 31.846665982099928 ], [ -91.32303234713072, 31.846767558483659 ], [ -91.323135205125098, 31.846919309284232 ], [ -91.32333126624394, 31.848009854547144 ], [ -91.323233873367158, 31.848202101512339 ], [ -91.323027765824691, 31.848315762706331 ], [ -91.322706365905987, 31.84828445629984 ], [ -91.32250503702663, 31.848068331107381 ], [ -91.322307705270674, 31.847048499574932 ], [ -91.322434704529286, 31.846759676368819 ] ] ], [ [ [ -91.319653624487685, 31.848331554116886 ], [ -91.319954366114743, 31.848229848175517 ], [ -91.320251276371664, 31.848339449644079 ], [ -91.320370430335927, 31.848596156012306 ], [ -91.320242027986353, 31.848849592604452 ], [ -91.319941284598713, 31.848951299158536 ], [ -91.319644372815603, 31.848841696921266 ], [ -91.319525220611936, 31.848584989940353 ], [ -91.319653624487685, 31.848331554116886 ] ] ], [ [ [ -91.322832313055827, 31.848792985957314 ], [ -91.323215373979139, 31.8486992907938 ], [ -91.323429968890281, 31.848800866651811 ], [ -91.323532829652322, 31.848952617184011 ], [ -91.323743314987468, 31.85014512284485 ], [ -91.323643245756642, 31.850372700528553 ], [ -91.323437133729669, 31.850486362200655 ], [ -91.323115726126261, 31.85045505657623 ], [ -91.322914391781481, 31.850238931908066 ], [ -91.322705992893134, 31.849221001988617 ], [ -91.322713311272523, 31.84897615820455 ], [ -91.322832313055827, 31.848792985957314 ] ] ], [ [ [ -91.319823824133579, 31.849696513250748 ], [ -91.320206891452727, 31.84960282739814 ], [ -91.320421484871858, 31.849704408279354 ], [ -91.32052434152375, 31.849856161090329 ], [ -91.320683154829254, 31.851089054978981 ], [ -91.320585753012409, 31.851281299526299 ], [ -91.320379635392214, 31.85139495602726 ], [ -91.320058226048033, 31.851363642603975 ], [ -91.319856897191173, 31.851147513300219 ], [ -91.319695418646916, 31.849949949144968 ], [ -91.319823824133579, 31.849696513250748 ] ] ], [ [ [ -91.316705763206969, 31.849851665528611 ], [ -91.317088833885407, 31.849757989204498 ], [ -91.31730342398771, 31.849859575241499 ], [ -91.317406275571983, 31.850011330401912 ], [ -91.317485832050394, 31.850974912076037 ], [ -91.317388423843624, 31.85116715395268 ], [ -91.317182302805108, 31.851280805145141 ], [ -91.316860895318072, 31.851249483688125 ], [ -91.316659574397391, 31.851033349582185 ], [ -91.316577349101919, 31.850105097966374 ], [ -91.316705763206969, 31.849851665528611 ] ] ], [ [ [ -91.313707430653523, 31.850174868087443 ], [ -91.314090505289272, 31.850081200953564 ], [ -91.314305092595603, 31.850182791959366 ], [ -91.314407939486259, 31.850334549381316 ], [ -91.314412344866668, 31.851059709008009 ], [ -91.314293323679436, 31.851242872637119 ], [ -91.314115528170163, 31.851330658402365 ], [ -91.313794121914952, 31.851299329221487 ], [ -91.313592808278145, 31.85108319050336 ], [ -91.313581686569748, 31.850392967017743 ], [ -91.313707430653523, 31.850174868087443 ] ] ], [ [ [ -91.310201401081912, 31.850276776283568 ], [ -91.310502158446553, 31.8501750933092 ], [ -91.31079906259987, 31.850284716651093 ], [ -91.31091819219435, 31.850541430986212 ], [ -91.310789761483761, 31.850794856971675 ], [ -91.310489002357741, 31.850896540558342 ], [ -91.310192096678776, 31.85078691644728 ], [ -91.310072968845688, 31.850530201499836 ], [ -91.310201401081912, 31.850276776283568 ] ] ], [ [ [ -91.321181173473221, 31.860334244983775 ], [ -91.321492185652104, 31.860258188180779 ], [ -91.321775118923995, 31.860392100689275 ], [ -91.321864235631637, 31.860657538995842 ], [ -91.321707330983983, 31.860899013259562 ], [ -91.32139631677947, 31.860975070513856 ], [ -91.321113382353346, 31.860841157131553 ], [ -91.321024267671362, 31.860575718373699 ], [ -91.321181173473221, 31.860334244983775 ] ] ], [ [ [ -91.285930609868871, 31.848551968343575 ], [ -91.286117644452546, 31.848479522133896 ], [ -91.286361430247553, 31.84850333955325 ], [ -91.286609324975188, 31.84876963355142 ], [ -91.286484910120052, 31.849095568620623 ], [ -91.286647211642361, 31.849318941974637 ], [ -91.286701139797032, 31.850249126696337 ], [ -91.286575333287445, 31.850467196689159 ], [ -91.286357126042887, 31.850563002040133 ], [ -91.286040888471703, 31.850504865671713 ], [ -91.285865437106978, 31.850272889419276 ], [ -91.285808828272351, 31.849378033860095 ], [ -91.285940064147752, 31.849122581816978 ], [ -91.285770946582147, 31.848828725365394 ], [ -91.285930609868871, 31.848551968343575 ] ] ], [ [ [ -91.306817038038147, 31.851011111937186 ], [ -91.307117801161056, 31.850909437192236 ], [ -91.307414703245939, 31.851019068369297 ], [ -91.307533824156849, 31.851275785555718 ], [ -91.307405383234055, 31.851529207738245 ], [ -91.307104618349484, 31.851630883095368 ], [ -91.306807714739122, 31.851521251148952 ], [ -91.30668859558989, 31.851264533350363 ], [ -91.306817038038147, 31.851011111937186 ] ] ], [ [ [ -91.303468873820648, 31.851661575332006 ], [ -91.30376964238863, 31.851559908719388 ], [ -91.304066542186646, 31.851669547640565 ], [ -91.30418565441822, 31.851926267646583 ], [ -91.304057203507639, 31.852179686072432 ], [ -91.303756433177711, 31.852281353297066 ], [ -91.303459531854429, 31.852171713606374 ], [ -91.303340421384831, 31.851914992988338 ], [ -91.303468873820648, 31.851661575332006 ] ] ], [ [ [ -91.289612642577794, 31.851487226986652 ], [ -91.289923646939059, 31.851411247191475 ], [ -91.290206504783953, 31.851545227618729 ], [ -91.290295522637081, 31.851810684969642 ], [ -91.290138553614526, 31.852052118246 ], [ -91.289827547226906, 31.852128098490528 ], [ -91.28954468823099, 31.851994117188671 ], [ -91.289455672404216, 31.851728659388428 ], [ -91.289612642577794, 31.851487226986652 ] ] ], [ [ [ -91.300151162912599, 31.851833010142546 ], [ -91.300462161035313, 31.85175700430727 ], [ -91.300745036279395, 31.851890961845385 ], [ -91.300834084977822, 31.85215641286602 ], [ -91.30067714217833, 31.852397860079602 ], [ -91.300366142029745, 31.852473866364832 ], [ -91.300083265633731, 31.852339907952466 ], [ -91.299994218961146, 31.852074456481869 ], [ -91.300151162912599, 31.851833010142546 ] ] ], [ [ [ -91.293160699866107, 31.852311668937595 ], [ -91.293461480729178, 31.85221002719241 ], [ -91.293758369219844, 31.85231968982621 ], [ -91.293877453164825, 31.852576418499858 ], [ -91.293748973557811, 31.852829825470611 ], [ -91.29344819093204, 31.852931467827347 ], [ -91.29315130091679, 31.852821804423549 ], [ -91.293032218734524, 31.852565075138365 ], [ -91.293160699866107, 31.852311668937595 ] ] ], [ [ [ -91.296633442530307, 31.852650259677809 ], [ -91.296934221092542, 31.852548609626123 ], [ -91.297231115149756, 31.852658264324685 ], [ -91.297350209268032, 31.852914990082596 ], [ -91.297221738481852, 31.853168400865261 ], [ -91.296920958157131, 31.853270051528664 ], [ -91.296624062575077, 31.853160396060257 ], [ -91.296504970219289, 31.852903669690608 ], [ -91.296633442530307, 31.852650259677809 ] ] ], [ [ [ -91.287086897638986, 31.860766714697988 ], [ -91.287305128743242, 31.860670909057106 ], [ -91.28751011481323, 31.860682273644635 ], [ -91.287684619637773, 31.860774766026555 ], [ -91.287796876108018, 31.860961017747314 ], [ -91.287888804777978, 31.861714373100259 ], [ -91.287830889355163, 31.861890428020235 ], [ -91.288036484045762, 31.863496179629692 ], [ -91.287936312400376, 31.863723725190326 ], [ -91.287689734206253, 31.863845385590544 ], [ -91.287373450671566, 31.863787251035394 ], [ -91.287197972309542, 31.863555276086988 ], [ -91.287002685077383, 31.862017441965381 ], [ -91.287059220923481, 31.861806003459712 ], [ -91.286949392530062, 31.861330315799794 ], [ -91.28696781022785, 31.860949850153929 ], [ -91.287086897638986, 31.860766714697988 ] ] ], [ [ [ -91.293744833880936, 31.862334482542252 ], [ -91.294087043323955, 31.862235133519231 ], [ -91.29439412474369, 31.862397870346133 ], [ -91.294472026100649, 31.862771350581987 ], [ -91.294281343596623, 31.86303342876186 ], [ -91.293963073296084, 31.863083032797675 ], [ -91.293696924146616, 31.86292603971399 ], [ -91.293619025839249, 31.862552559116253 ], [ -91.293744833880936, 31.862334482542252 ] ] ], [ [ [ -91.290463918196536, 31.862753037517361 ], [ -91.290764736184585, 31.862651403601852 ], [ -91.291061654068187, 31.862761073420252 ], [ -91.291180742456518, 31.863017804425098 ], [ -91.291052239739628, 31.863271207508156 ], [ -91.290751419987814, 31.863372842035361 ], [ -91.290454500579031, 31.863263171446551 ], [ -91.29033541395448, 31.86300643983002 ], [ -91.290463918196536, 31.862753037517361 ] ] ], [ [ [ -91.300461599867987, 31.863898124324507 ], [ -91.300762411791069, 31.863796466510312 ], [ -91.301059346243036, 31.863906113492817 ], [ -91.301178464128057, 31.864162836101201 ], [ -91.301049986557871, 31.864416250146117 ], [ -91.300749172871562, 31.864517908572498 ], [ -91.300452236893605, 31.864408260820003 ], [ -91.300333120771796, 31.864151537599447 ], [ -91.300461599867987, 31.863898124324507 ] ] ], [ [ [ -91.287407713876277, 31.864052702199498 ], [ -91.287749935741942, 31.863953370725248 ], [ -91.288057010841214, 31.864116122631565 ], [ -91.288127077845758, 31.86449137030851 ], [ -91.287936374057821, 31.864753438149197 ], [ -91.287618095161662, 31.86480302595713 ], [ -91.287351952605746, 31.864646019830072 ], [ -91.287281888677057, 31.864270771840392 ], [ -91.287407713876277, 31.864052702199498 ] ] ], [ [ [ -91.300528649142336, 31.86524711763877 ], [ -91.300839692585612, 31.865171112588168 ], [ -91.301122608476661, 31.86530507045849 ], [ -91.301211669338684, 31.865570521164532 ], [ -91.301054703093172, 31.865811967601228 ], [ -91.300743657622746, 31.865887973102065 ], [ -91.300460740578899, 31.865754014357076 ], [ -91.300371681744039, 31.865488563200788 ], [ -91.300528649142336, 31.86524711763877 ] ] ], [ [ [ -91.287598171679178, 31.866107278680911 ], [ -91.287899003565684, 31.866005652091118 ], [ -91.288195928301221, 31.866115328806853 ], [ -91.288315012481249, 31.866372062240448 ], [ -91.288186496960648, 31.866625461860885 ], [ -91.287885663309908, 31.866727089062319 ], [ -91.287588737049134, 31.866617411575948 ], [ -91.287469654633369, 31.866360677530732 ], [ -91.287598171679178, 31.866107278680911 ] ] ], [ [ [ -91.297138925517871, 31.866985131759993 ], [ -91.297439750908964, 31.8668834823334 ], [ -91.297736690782912, 31.86699313723561 ], [ -91.297855802867801, 31.86724986265671 ], [ -91.297727311672659, 31.867503272759652 ], [ -91.297426484517871, 31.86760492279835 ], [ -91.297129543117933, 31.867495267125921 ], [ -91.297010432796725, 31.867238541092707 ], [ -91.297138925517871, 31.866985131759993 ] ] ], [ [ [ -91.294003835024611, 31.866999895334004 ], [ -91.294304663552566, 31.866898253450383 ], [ -91.294601599408452, 31.867007915549866 ], [ -91.294720702673928, 31.867264643606585 ], [ -91.294592203024152, 31.867518050239472 ], [ -91.294291372732303, 31.867619692735065 ], [ -91.293994435350655, 31.867510029865201 ], [ -91.293875333849073, 31.867253301196538 ], [ -91.294003835024611, 31.866999895334004 ] ] ], [ [ [ -91.290818775490095, 31.867727248810706 ], [ -91.291201943463676, 31.867633654240418 ], [ -91.291506010876134, 31.86785354127781 ], [ -91.291542614451473, 31.868164352891682 ], [ -91.291434378584043, 31.868366383420561 ], [ -91.291583847986757, 31.868505499921483 ], [ -91.291627933159006, 31.868711541737405 ], [ -91.291530451785405, 31.868903760768212 ], [ -91.291363536765772, 31.869005966532431 ], [ -91.291040022550121, 31.86900161789141 ], [ -91.290814867542537, 31.868803322783396 ], [ -91.290794661659746, 31.868594585470802 ], [ -91.290896166296989, 31.868427489859201 ], [ -91.29072955360968, 31.86825613356428 ], [ -91.29069026464316, 31.86798065108524 ], [ -91.290818775490095, 31.867727248810706 ] ] ], [ [ [ -91.287776991292759, 31.867969278477027 ], [ -91.288119227493013, 31.867869946559711 ], [ -91.288426315947689, 31.868032697955154 ], [ -91.288500731632311, 31.868407554656784 ], [ -91.288310020273769, 31.868669622658576 ], [ -91.287991727964936, 31.868719210908925 ], [ -91.287725573795726, 31.868562205240572 ], [ -91.28765116117826, 31.868187348199218 ], [ -91.287776991292759, 31.867969278477027 ] ] ], [ [ [ -91.285473484840523, 31.868645116998366 ], [ -91.285585431058365, 31.86918836029885 ], [ -91.28543515341849, 31.869394851727364 ], [ -91.285124084773173, 31.869470818088555 ], [ -91.284841181301815, 31.869336825050578 ], [ -91.284695630390544, 31.868835077922714 ], [ -91.284855334210079, 31.868558324406699 ], [ -91.285042410732089, 31.868485881443771 ], [ -91.285286248587482, 31.86850970269084 ], [ -91.285473484840523, 31.868645116998366 ] ] ], [ [ [ -91.287894326415099, 31.869065517818971 ], [ -91.288195167781609, 31.868963890898346 ], [ -91.2884921022236, 31.869073567217548 ], [ -91.288611190650755, 31.86933030042124 ], [ -91.288482671429932, 31.86958370011315 ], [ -91.288181828298931, 31.869685327645499 ], [ -91.287884892331462, 31.8695756505556 ], [ -91.287765805668784, 31.869318916740198 ], [ -91.287894326415099, 31.869065517818971 ] ] ], [ [ [ -91.28169237383662, 31.845669517581634 ], [ -91.282075457369217, 31.845575947335178 ], [ -91.282379432151572, 31.845795853634826 ], [ -91.282459422164663, 31.846517096591228 ], [ -91.282361947677032, 31.846709309383826 ], [ -91.282195064301632, 31.846811504496944 ], [ -91.281871629130293, 31.846807135239658 ], [ -91.281646546217303, 31.846608825810268 ], [ -91.281563871974612, 31.845922911667213 ], [ -91.28169237383662, 31.845669517581634 ] ] ], [ [ [ -91.283729231849406, 31.860696635085354 ], [ -91.283947465982166, 31.860600835324714 ], [ -91.284152451224614, 31.860612205307774 ], [ -91.284326952344031, 31.860704702178506 ], [ -91.284439201838296, 31.860890956627085 ], [ -91.284482132948554, 31.861304288434173 ], [ -91.28423824136209, 31.861558432200411 ], [ -91.284452191687649, 31.861659929960734 ], [ -91.284564442504916, 31.861846184321401 ], [ -91.284904708473007, 31.864374524928525 ], [ -91.284804528193462, 31.864602067687635 ], [ -91.284557943780186, 31.864723721769344 ], [ -91.284241659612775, 31.86466557939168 ], [ -91.284066187748152, 31.864433600366475 ], [ -91.283725944650911, 31.86190525833246 ], [ -91.283800889232253, 31.861705815694382 ], [ -91.283979263793199, 31.861580852662993 ], [ -91.28376531420308, 31.861479354129941 ], [ -91.283662507216505, 31.861327573490282 ], [ -91.283603403102219, 31.860914701050667 ], [ -91.283729231849406, 31.860696635085354 ] ] ], [ [ [ -91.281154165005916, 31.860739643549763 ], [ -91.281364847270481, 31.862347748026071 ], [ -91.281207836304262, 31.862589168447027 ], [ -91.280896787828837, 31.862665125219838 ], [ -91.280613911256481, 31.862531123579611 ], [ -91.280498633832778, 31.862236237905147 ], [ -91.280277818996282, 31.860701110781335 ], [ -91.280404968092085, 31.860412335389515 ], [ -91.280705788246962, 31.860310725366844 ], [ -91.281002685708842, 31.860420418041837 ], [ -91.281154165005916, 31.860739643549763 ] ] ], [ [ [ -91.280806070220436, 31.862999746312639 ], [ -91.281189227065425, 31.862906181532665 ], [ -91.281403804658567, 31.863007827663701 ], [ -91.281506609586927, 31.863159610027584 ], [ -91.281735763393911, 31.864626485776878 ], [ -91.28163557514219, 31.864854025746403 ], [ -91.281429381720358, 31.864967616130368 ], [ -91.281107943369506, 31.864936203094622 ], [ -91.280906680392832, 31.864720014681417 ], [ -91.280678918413145, 31.863288521912473 ], [ -91.280806070220436, 31.862999746312639 ] ] ], [ [ [ -91.28190564747365, 31.870256165110611 ], [ -91.282206498667321, 31.870154552751842 ], [ -91.28250342909088, 31.870264242929778 ], [ -91.282622502007683, 31.870520981170991 ], [ -91.28249396487, 31.870774374128146 ], [ -91.28219311191134, 31.870875987098373 ], [ -91.281896179962658, 31.870766296149444 ], [ -91.281777108810815, 31.870509557296756 ], [ -91.28190564747365, 31.870256165110611 ] ] ], [ [ [ -91.278262491904229, 31.84664604298905 ], [ -91.278563268719282, 31.846544436335375 ], [ -91.278860120056208, 31.846654132599319 ], [ -91.278979155504786, 31.846910873742026 ], [ -91.278850644466885, 31.847164264715929 ], [ -91.278549865888635, 31.847265871980269 ], [ -91.278253013028674, 31.84715617494583 ], [ -91.278133979343295, 31.846899433192458 ], [ -91.278262491904229, 31.84664604298905 ] ] ], [ [ [ -91.278981896129125, 31.850848590880922 ], [ -91.279292905787827, 31.850772637318279 ], [ -91.279575745207111, 31.850906640804592 ], [ -91.279664731704386, 31.851172104533639 ], [ -91.279507736763236, 31.851413523770578 ], [ -91.279196725077696, 31.85148947778195 ], [ -91.278913884508327, 31.851355473420696 ], [ -91.27882490003789, 31.85109000924291 ], [ -91.278981896129125, 31.850848590880922 ] ] ], [ [ [ -91.276973828673917, 31.859469465402725 ], [ -91.277202016182699, 31.859392395313026 ], [ -91.277477153122078, 31.859455192768621 ], [ -91.277612668281762, 31.859586945717897 ], [ -91.277727030800122, 31.859918412262687 ], [ -91.278106492453389, 31.861783165682063 ], [ -91.278006298833631, 31.862010702682298 ], [ -91.27780010774454, 31.86212428729279 ], [ -91.277478680895285, 31.862092865455185 ], [ -91.277277432533424, 31.861876671718019 ], [ -91.276815496071492, 31.859781593123547 ], [ -91.276973828673917, 31.859469465402725 ] ] ], [ [ [ -91.274425514909183, 31.86002371392933 ], [ -91.27522617680718, 31.862866195485129 ], [ -91.27509763142487, 31.863119580914415 ], [ -91.274796796479748, 31.86322117708189 ], [ -91.274563110988566, 31.863157198829317 ], [ -91.274410457545116, 31.862993201651015 ], [ -91.273797139053642, 31.860962070807762 ], [ -91.273626957071144, 31.860182956965794 ], [ -91.273701921547485, 31.859983520948408 ], [ -91.273856299244017, 31.859867867034339 ], [ -91.274178725264562, 31.8598451765309 ], [ -91.274425514909183, 31.86002371392933 ] ] ], [ [ [ -91.277621348827381, 31.862442197811802 ], [ -91.27801340582198, 31.862381145187946 ], [ -91.27829070262861, 31.862625435135566 ], [ -91.278541894079069, 31.863811034832317 ], [ -91.278441699077206, 31.864038572066864 ], [ -91.278235503850993, 31.864152157208949 ], [ -91.277845907266467, 31.864080517079248 ], [ -91.277660035870383, 31.863772828631106 ], [ -91.277461635252237, 31.862718942102298 ], [ -91.277621348827381, 31.862442197811802 ] ] ], [ [ [ -91.279065788332019, 31.869455242449114 ], [ -91.279448973722367, 31.869361684008105 ], [ -91.279735876542063, 31.869549357954376 ], [ -91.279932070806851, 31.870257530512113 ], [ -91.279857110185645, 31.87045697007613 ], [ -91.279702721333308, 31.870572630737847 ], [ -91.279380258492324, 31.870595333951705 ], [ -91.279133431623052, 31.870416805129917 ], [ -91.278938621338142, 31.869744015524784 ], [ -91.279065788332019, 31.869455242449114 ] ] ], [ [ [ -91.276861057232381, 31.871033726907093 ], [ -91.277161915957393, 31.87093212678694 ], [ -91.277458842282869, 31.871041828616885 ], [ -91.277577901872576, 31.871298571098116 ], [ -91.277449349985304, 31.871551958399358 ], [ -91.277148489494905, 31.871653559130749 ], [ -91.276851561644591, 31.871543856529563 ], [ -91.27673250382027, 31.871287113437099 ], [ -91.276861057232381, 31.871033726907093 ] ] ], [ [ [ -91.274004643291505, 31.871298591868467 ], [ -91.27431572596555, 31.871222653284601 ], [ -91.274598618697965, 31.871356669383395 ], [ -91.27468760757661, 31.871622135970988 ], [ -91.274530562688483, 31.871863546638146 ], [ -91.274219477985326, 31.871939485670875 ], [ -91.273936584102017, 31.871805468696312 ], [ -91.273847597252484, 31.871540001659842 ], [ -91.274004643291505, 31.871298591868467 ] ] ], [ [ [ -91.277254984539894, 31.87220988528415 ], [ -91.277566068031021, 31.872133938767572 ], [ -91.2778489685426, 31.872267947875798 ], [ -91.277937967605794, 31.872533412509902 ], [ -91.277780929341674, 31.872774827405092 ], [ -91.277469843821507, 31.872850774370729 ], [ -91.277186942158693, 31.872716764386812 ], [ -91.277097945124552, 31.872451299303634 ], [ -91.277254984539894, 31.87220988528415 ] ] ], [ [ [ -91.27440439333364, 31.847593566439102 ], [ -91.274705177066011, 31.847491969185828 ], [ -91.275002026380108, 31.847601674389068 ], [ -91.275121052050523, 31.84785841877358 ], [ -91.274992529206799, 31.848111805392659 ], [ -91.274691743710889, 31.848213403256434 ], [ -91.274394892873985, 31.848103697282504 ], [ -91.274275868967095, 31.847846952287501 ], [ -91.27440439333364, 31.847593566439102 ] ] ], [ [ [ -91.266996870077236, 31.850161488476697 ], [ -91.267297669559753, 31.850059909372423 ], [ -91.267594517342189, 31.850169631811681 ], [ -91.267713525096099, 31.850426382422906 ], [ -91.267584978445797, 31.850679760611666 ], [ -91.267284177199031, 31.850781340326169 ], [ -91.266987327894114, 31.850671617115815 ], [ -91.26686832190444, 31.850414865894383 ], [ -91.266996870077236, 31.850161488476697 ] ] ], [ [ [ -91.263521410042117, 31.850916236384492 ], [ -91.263863605178557, 31.850816968215977 ], [ -91.264146420736523, 31.850951005245911 ], [ -91.264274701741499, 31.85131188915928 ], [ -91.26411496990454, 31.851588616409217 ], [ -91.263803946830393, 31.851664532289913 ], [ -91.263521129676604, 31.851530494452614 ], [ -91.263392851383912, 31.851169609884145 ], [ -91.263521410042117, 31.850916236384492 ] ] ], [ [ [ -91.255963439347752, 31.852534279257902 ], [ -91.256264257490486, 31.852432727003748 ], [ -91.25656109841043, 31.852542474975039 ], [ -91.256680077798663, 31.85279923484428 ], [ -91.256551497895046, 31.853052600593475 ], [ -91.256250677987126, 31.853154153457375 ], [ -91.255953835545327, 31.853044404714442 ], [ -91.255834857922267, 31.852787644235466 ], [ -91.255963439347752, 31.852534279257902 ] ] ], [ [ [ -91.250185918855195, 31.856687078719442 ], [ -91.250486756377981, 31.85658554091054 ], [ -91.250783602859954, 31.856695302536895 ], [ -91.250902570733956, 31.856952067272324 ], [ -91.250773968984234, 31.857205426248175 ], [ -91.250473129695521, 31.857306964666648 ], [ -91.250176281691793, 31.857197202268267 ], [ -91.250057315583703, 31.856940436923264 ], [ -91.250185918855195, 31.856687078719442 ] ] ], [ [ [ -91.270808605909735, 31.861649910061644 ], [ -91.271160589352533, 31.861579730148634 ], [ -91.271426694242166, 31.861736768976066 ], [ -91.271606515312826, 31.862197923658982 ], [ -91.271413075802499, 31.862495293958137 ], [ -91.271094797879186, 31.862544840364848 ], [ -91.270828691329953, 31.862387800799354 ], [ -91.270648873864545, 31.861926645152998 ], [ -91.270808605909735, 31.861649910061644 ] ] ], [ [ [ -91.267596961916269, 31.86192437967064 ], [ -91.267897799652431, 31.861822800656139 ], [ -91.268194685249696, 31.861932522860929 ], [ -91.268313708228888, 31.862189273050976 ], [ -91.268185145294865, 31.862442650878847 ], [ -91.267884305793473, 31.862544230503879 ], [ -91.267587418672775, 31.862434507527709 ], [ -91.267468397458785, 31.862177756727103 ], [ -91.267596961916269, 31.86192437967064 ] ] ], [ [ [ -91.263991062804834, 31.862049502774294 ], [ -91.264374230203629, 31.861955989136348 ], [ -91.264661078579877, 31.86214369543039 ], [ -91.265028596680807, 31.863056393563546 ], [ -91.264976876492327, 31.863261136006553 ], [ -91.264800589507573, 31.863406850028838 ], [ -91.264478149897542, 31.863429516208019 ], [ -91.264231371616418, 31.863250959943286 ], [ -91.263869290339315, 31.862373358559893 ], [ -91.263991062804834, 31.862049502774294 ] ] ], [ [ [ -91.261214678113603, 31.863618954409759 ], [ -91.261515527714764, 31.863517390972678 ], [ -91.261812410357678, 31.863627127982895 ], [ -91.261931417293553, 31.863883883533823 ], [ -91.261802834624802, 31.864137254137475 ], [ -91.261501983257844, 31.864238818184855 ], [ -91.261205099091825, 31.864129080402908 ], [ -91.261086093921747, 31.863872324241701 ], [ -91.261214678113603, 31.863618954409759 ] ] ], [ [ [ -91.257918381731741, 31.864179116464253 ], [ -91.258219236419094, 31.864077561032314 ], [ -91.258516116542282, 31.864187305658444 ], [ -91.258635114828422, 31.864444063974833 ], [ -91.258506522446609, 31.864697430873452 ], [ -91.258205665993216, 31.864798986915538 ], [ -91.257908784347109, 31.864689241517532 ], [ -91.257789787827022, 31.864432482590988 ], [ -91.257918381731741, 31.864179116464253 ] ] ], [ [ [ -91.258543153654998, 31.865444870504163 ], [ -91.258844011911165, 31.865343313734517 ], [ -91.259140896832889, 31.865453057051084 ], [ -91.259259898336481, 31.865709814853243 ], [ -91.259131305706234, 31.865963182334184 ], [ -91.258830445683984, 31.866064739714037 ], [ -91.258533559239197, 31.865954995625561 ], [ -91.258414559501716, 31.865698237213206 ], [ -91.258543153654998, 31.865444870504163 ] ] ], [ [ [ -91.254913568293247, 31.865422327053128 ], [ -91.255255825904442, 31.865323084514451 ], [ -91.255538671351815, 31.865457141540126 ], [ -91.255691982673781, 31.865813535377452 ], [ -91.255532198570549, 31.866090249433899 ], [ -91.255221120183791, 31.866166142160655 ], [ -91.254938273114576, 31.866032084381629 ], [ -91.254786333274907, 31.865711073656342 ], [ -91.254913568293247, 31.865422327053128 ] ] ], [ [ [ -91.267649638786409, 31.870973657110262 ], [ -91.267991905231355, 31.87087438059638 ], [ -91.268298965649151, 31.871037179659769 ], [ -91.268517264352354, 31.871630656627641 ], [ -91.26832379395745, 31.871928020754677 ], [ -91.268005482071416, 31.871977558148121 ], [ -91.267739354733706, 31.87182051156223 ], [ -91.267522434406914, 31.871262417363656 ], [ -91.267649638786409, 31.870973657110262 ] ] ], [ [ [ -91.271029361637744, 31.871416976801456 ], [ -91.271330227362881, 31.871315390764046 ], [ -91.271627147322803, 31.871425106013735 ], [ -91.271746190909823, 31.871681853390786 ], [ -91.271617622756608, 31.871935234195846 ], [ -91.271316755265659, 31.872036820844205 ], [ -91.271019833781324, 31.871927104823019 ], [ -91.270900791960088, 31.871670356835015 ], [ -91.271029361637744, 31.871416976801456 ] ] ], [ [ [ -91.265325378405421, 31.87224336446727 ], [ -91.265667651801948, 31.872144094487307 ], [ -91.265974711962201, 31.872306899140426 ], [ -91.26616288275585, 31.87276296986855 ], [ -91.265969402424957, 31.873060330008645 ], [ -91.265651085640755, 31.873109861313335 ], [ -91.265384959375638, 31.872952809849455 ], [ -91.265198164948131, 31.872532122020118 ], [ -91.265325378405421, 31.87224336446727 ] ] ], [ [ [ -91.262007456706456, 31.872213546296258 ], [ -91.262308333928502, 31.872111982074788 ], [ -91.262605244675868, 31.872221718103606 ], [ -91.262724263737041, 31.872478473051142 ], [ -91.262595670111139, 31.872731843783054 ], [ -91.262294791122613, 31.87283340861508 ], [ -91.261997878851417, 31.872723671814327 ], [ -91.26187886155671, 31.872466916256254 ], [ -91.262007456706456, 31.872213546296258 ] ] ], [ [ [ -91.258697562835636, 31.87252289343169 ], [ -91.258998444330444, 31.872421337217009 ], [ -91.259295351749884, 31.872531080870345 ], [ -91.259414361831759, 31.872787838593908 ], [ -91.259285758834935, 31.873041205627089 ], [ -91.258984875573418, 31.873142762452165 ], [ -91.258687966630376, 31.873033018026739 ], [ -91.258568958315209, 31.872776259692785 ], [ -91.258697562835636, 31.87252289343169 ] ] ], [ [ [ -91.268308898660578, 31.87266714730832 ], [ -91.268651170836563, 31.872567869240537 ], [ -91.268934058771421, 31.872701897778345 ], [ -91.269084638060193, 31.873058901762125 ], [ -91.268924879617558, 31.873335633333564 ], [ -91.268613785972306, 31.873411558288716 ], [ -91.268330896416344, 31.873277528991867 ], [ -91.268180319764184, 31.872920524216902 ], [ -91.268308898660578, 31.87266714730832 ] ] ], [ [ [ -91.271818600872365, 31.873351319617612 ], [ -91.272129692063572, 31.873275386715623 ], [ -91.27241258752575, 31.873409407749442 ], [ -91.272501571747668, 31.873674875634432 ], [ -91.272344517543956, 31.873916283201311 ], [ -91.272033424323325, 31.873992216552082 ], [ -91.27175052771031, 31.873858194642359 ], [ -91.27166154551783, 31.873592726308587 ], [ -91.271818600872365, 31.873351319617612 ] ] ] ] } },
{ "type": "Feature", "properties": { "depth_bin": "80-85 ft", "bin_order": -82.5, "survey_id": "LM_04_GGK_20190515_CS_3850_3896", "date": "2019-05-15", "year": 2019, "mile": 387.0 }, "geometry": { "type": "MultiPolygon", "coordinates": [ [ [ [ -91.326394912092795, 31.843457841271952 ], [ -91.326586960472795, 31.843327477635942 ], [ -91.326790560438226, 31.843304428534008 ], [ -91.327118413777271, 31.843497730732722 ], [ -91.327624828440946, 31.844768610970714 ], [ -91.327597019363282, 31.844976713407505 ], [ -91.32740255419175, 31.845154287389139 ], [ -91.32708018612631, 31.845177115162684 ], [ -91.326833328325208, 31.844998677453308 ], [ -91.32633637989305, 31.843762266208078 ], [ -91.326394912092795, 31.843457841271952 ] ] ], [ [ [ -91.324110578519964, 31.84478394953112 ], [ -91.324277414502831, 31.844681697640357 ], [ -91.324521945902688, 31.84466438706124 ], [ -91.324826023373745, 31.844884195277867 ], [ -91.325031125918798, 31.845477316327784 ], [ -91.325016968793889, 31.845654353926147 ], [ -91.325148712561827, 31.84580458096535 ], [ -91.325399317367669, 31.846569897460117 ], [ -91.325325870925639, 31.846804752778095 ], [ -91.325133813421445, 31.846935114133032 ], [ -91.324810370614159, 31.84693085403476 ], [ -91.324585191879862, 31.846732617446808 ], [ -91.324340045407723, 31.846002396622666 ], [ -91.324354203907262, 31.845825359155146 ], [ -91.324222461438552, 31.845675131336268 ], [ -91.324017363754137, 31.845082009161942 ], [ -91.324110578519964, 31.84478394953112 ] ] ], [ [ [ -91.322297936323949, 31.846382614842348 ], [ -91.322668384362771, 31.846257323289848 ], [ -91.322975467626918, 31.84641999136538 ], [ -91.323124744795848, 31.846888351619359 ], [ -91.322931501321293, 31.847185807839534 ], [ -91.322613297840334, 31.847235486137528 ], [ -91.322347141551077, 31.84707855256411 ], [ -91.322199262813939, 31.846645575714177 ], [ -91.322297936323949, 31.846382614842348 ] ] ], [ [ [ -91.328168621085368, 31.847857537585064 ], [ -91.32853906797969, 31.847732228883853 ], [ -91.32884616698756, 31.847894883262978 ], [ -91.328904509043156, 31.848165849471755 ], [ -91.329101761413312, 31.848441468395286 ], [ -91.329068500327622, 31.848614474224831 ], [ -91.328909930510747, 31.848774318360437 ], [ -91.328591724035974, 31.848824011533491 ], [ -91.328325552591494, 31.848667090010931 ], [ -91.32826721199514, 31.848396123604047 ], [ -91.32807541567955, 31.848155600394406 ], [ -91.328168621085368, 31.847857537585064 ] ] ], [ [ [ -91.319567412198396, 31.848086533575131 ], [ -91.319896479736187, 31.847958966146798 ], [ -91.320220764609559, 31.848095165220975 ], [ -91.320339166371809, 31.848460526565262 ], [ -91.320179604018861, 31.848737330367744 ], [ -91.319868630050621, 31.848813385383266 ], [ -91.319585734321024, 31.848679469707626 ], [ -91.319467335324688, 31.848314107766218 ], [ -91.319567412198396, 31.848086533575131 ] ] ], [ [ [ -91.316583205338503, 31.848092621823252 ], [ -91.316912276643365, 31.847965062261753 ], [ -91.317236556790093, 31.848101268797748 ], [ -91.317318163786936, 31.848504839506553 ], [ -91.317161269635378, 31.848746308901241 ], [ -91.316850293506974, 31.848822356446981 ], [ -91.316567402431829, 31.848688434204089 ], [ -91.316475633602707, 31.848458322903454 ], [ -91.316583205338503, 31.848092621823252 ] ] ], [ [ [ -91.310159602782775, 31.850167581203692 ], [ -91.310447235012902, 31.850041225510285 ], [ -91.310755297359293, 31.850125481016811 ], [ -91.31090333237853, 31.850370992439231 ], [ -91.310804622152958, 31.850633943046734 ], [ -91.310516988492935, 31.850760299490741 ], [ -91.310208924306579, 31.850676043349274 ], [ -91.310060890717253, 31.850430531176261 ], [ -91.310159602782775, 31.850167581203692 ] ] ], [ [ [ -91.306787775953239, 31.850761385159323 ], [ -91.306965127306, 31.8506561111572 ], [ -91.306679954322163, 31.850440565722572 ], [ -91.306703317062059, 31.850132715535842 ], [ -91.306956548591643, 31.849960897854821 ], [ -91.307277947090057, 31.84999224408897 ], [ -91.307494138732835, 31.850277962702364 ], [ -91.307420643995385, 31.850512805876242 ], [ -91.307218068400175, 31.850646184963683 ], [ -91.307413770417369, 31.850743482952474 ], [ -91.307516606330609, 31.850895245568012 ], [ -91.307432781525591, 31.851227763624959 ], [ -91.307145141744954, 31.851354112205296 ], [ -91.306837079064792, 31.851269847937857 ], [ -91.306689053726032, 31.85102433213682 ], [ -91.306787775953239, 31.850761385159323 ] ] ], [ [ [ -91.314250667583494, 31.861459780165124 ], [ -91.314538330477845, 31.861333416446552 ], [ -91.314846434099962, 31.861417663318903 ], [ -91.314994496828547, 31.86166317055595 ], [ -91.314895784513894, 31.861926123878991 ], [ -91.314608120189192, 31.86205248834867 ], [ -91.314300014725845, 31.861968240841332 ], [ -91.314151953427611, 31.861722732853181 ], [ -91.314250667583494, 31.861459780165124 ] ] ], [ [ [ -91.31045165121931, 31.861431606108248 ], [ -91.310739318802391, 31.861305251163369 ], [ -91.311047418438577, 31.861389507122833 ], [ -91.311195470841312, 31.861635018437418 ], [ -91.311096747909446, 31.861897968439763 ], [ -91.310809078895716, 31.862024324135596 ], [ -91.310500977418542, 31.861940067540957 ], [ -91.310352926446427, 31.861694555475417 ], [ -91.31045165121931, 31.861431606108248 ] ] ], [ [ [ -91.281628257334717, 31.845424331745907 ], [ -91.281957362782066, 31.845296863962346 ], [ -91.282281578103607, 31.845433157592868 ], [ -91.282376012383281, 31.845834121832425 ], [ -91.282219034066728, 31.846075545177975 ], [ -91.281908042419687, 31.846151506592033 ], [ -91.28162521356397, 31.846017508591103 ], [ -91.281528091872914, 31.845651873008187 ], [ -91.281628257334717, 31.845424331745907 ] ] ], [ [ [ -91.285844273407477, 31.848465756054498 ], [ -91.286131930776904, 31.848339456317952 ], [ -91.286439962595409, 31.848423769799759 ], [ -91.286587929301277, 31.848669307255605 ], [ -91.28648915299263, 31.848932236703984 ], [ -91.286201494191488, 31.849058537190121 ], [ -91.285893460534624, 31.848974223072126 ], [ -91.285745495260471, 31.848728684866682 ], [ -91.285844273407477, 31.848465756054498 ] ] ], [ [ [ -91.282138020021435, 31.849532691722278 ], [ -91.282425685424386, 31.849406400686409 ], [ -91.282733716937884, 31.849490723141386 ], [ -91.2828816751788, 31.849736264586703 ], [ -91.282782887203652, 31.84999919070377 ], [ -91.282495220368631, 31.85012548248913 ], [ -91.282187187016874, 31.850041159397733 ], [ -91.282039230208042, 31.849795617202929 ], [ -91.282138020021435, 31.849532691722278 ] ] ], [ [ [ -91.285953452790054, 31.849697934678563 ], [ -91.286241113930231, 31.849571634847315 ], [ -91.286549149904843, 31.849655948196091 ], [ -91.28669711871764, 31.849901485558501 ], [ -91.286598341232505, 31.850164415007804 ], [ -91.286310678660527, 31.850290715588702 ], [ -91.286002640847428, 31.850206401603721 ], [ -91.285854673466432, 31.84996086349167 ], [ -91.285953452790054, 31.849697934678563 ] ] ], [ [ [ -91.282381312511106, 31.85102896569342 ], [ -91.282668982354735, 31.850902674287028 ], [ -91.282977019029005, 31.850986996316077 ], [ -91.283124980127766, 31.851232537529601 ], [ -91.283026191033429, 31.851495463744818 ], [ -91.282738519757658, 31.851621755900755 ], [ -91.282430481244987, 31.851537433235269 ], [ -91.282282521578367, 31.851291891272201 ], [ -91.282381312511106, 31.85102896569342 ] ] ], [ [ [ -91.289548841024029, 31.851397797001965 ], [ -91.28983650304329, 31.851271489080158 ], [ -91.290144548288964, 31.851355794007517 ], [ -91.290292529334224, 31.851601327550725 ], [ -91.29019375987744, 31.851864260020417 ], [ -91.289906096426577, 31.851990568692081 ], [ -91.289598049342032, 31.851906263128658 ], [ -91.289450069728389, 31.851660728835601 ], [ -91.289548841024029, 31.851397797001965 ] ] ], [ [ [ -91.300071855808781, 31.851746287468398 ], [ -91.300359505719996, 31.851619955277926 ], [ -91.300667562907776, 31.851704235074504 ], [ -91.300815572950214, 31.851949757345665 ], [ -91.300716832560127, 31.852212699005371 ], [ -91.300429181218107, 31.852339031946087 ], [ -91.300121122190816, 31.852254751514007 ], [ -91.299973113579171, 31.852009228492591 ], [ -91.300071855808781, 31.851746287468398 ] ] ], [ [ [ -91.287128329929942, 31.861613078867453 ], [ -91.287416027395167, 31.86148677784422 ], [ -91.287724103694885, 31.861571089620512 ], [ -91.287872093211789, 31.861816625951196 ], [ -91.287773304681039, 31.862079555514228 ], [ -91.287485605783289, 31.86220585728751 ], [ -91.287177527643919, 31.862121544874821 ], [ -91.287029539559541, 31.861876007794066 ], [ -91.287128329929942, 31.861613078867453 ] ] ], [ [ [ -91.281471728413038, 31.862923110201933 ], [ -91.281455012088813, 31.863279103281837 ], [ -91.281568731096343, 31.863466535909559 ], [ -91.281597521261801, 31.863914123058034 ], [ -91.28138833742878, 31.864124762641957 ], [ -91.281065897335296, 31.864147470958727 ], [ -91.280788588547026, 31.863903186704345 ], [ -91.280773187071702, 31.863373717022029 ], [ -91.280668910627483, 31.863220758285692 ], [ -91.280586105552487, 31.862780560400882 ], [ -91.280568392789093, 31.862365638341444 ], [ -91.280718668840947, 31.86215915243006 ], [ -91.28102971572136, 31.862083196032785 ], [ -91.281312591602784, 31.862217196729624 ], [ -91.281471728413038, 31.862923110201933 ] ] ], [ [ [ -91.287302425804114, 31.863393643189156 ], [ -91.287469334633798, 31.863291442475372 ], [ -91.287713918843863, 31.863274204700961 ], [ -91.288017963746029, 31.863494099437411 ], [ -91.28803816278446, 31.863702837093726 ], [ -91.287928001746025, 31.86387782801085 ], [ -91.288063604305833, 31.864009605361947 ], [ -91.288107679922177, 31.864215648189514 ], [ -91.288010196550644, 31.864407864560043 ], [ -91.287843286211697, 31.864510065917408 ], [ -91.28751978829581, 31.864505708867458 ], [ -91.287294651603503, 31.864307408034911 ], [ -91.287274454180945, 31.864098670333473 ], [ -91.28738461671054, 31.863923680041101 ], [ -91.287202252505196, 31.863621188115449 ], [ -91.287302425804114, 31.863393643189156 ] ] ], [ [ [ -91.30040220493126, 31.86365788884412 ], [ -91.300731352873697, 31.863530374160806 ], [ -91.301055660681612, 31.863666622721407 ], [ -91.301183505956288, 31.864028877206753 ], [ -91.301023858441127, 31.864305653402578 ], [ -91.30071281806967, 31.864381659020051 ], [ -91.30042990557375, 31.864247700337515 ], [ -91.300303449309524, 31.863920829244726 ], [ -91.30040220493126, 31.86365788884412 ] ] ], [ [ [ -91.281015235911056, 31.864524279696862 ], [ -91.281302950289387, 31.864397993177242 ], [ -91.281611029868571, 31.86448231987945 ], [ -91.281759007110153, 31.864727862815254 ], [ -91.281660197939544, 31.864990786793303 ], [ -91.281372482128006, 31.865117074062841 ], [ -91.281064400709255, 31.865032746723841 ], [ -91.28091642490088, 31.864787203038105 ], [ -91.281015235911056, 31.864524279696862 ] ] ], [ [ [ -91.287703203331034, 31.86772345408643 ], [ -91.288032381917361, 31.867595973485866 ], [ -91.288356683437755, 31.867732254213418 ], [ -91.288463478318519, 31.868134056444905 ], [ -91.288306474904005, 31.868375485730599 ], [ -91.287995411744234, 31.868451459334317 ], [ -91.287712506853538, 31.868317472631464 ], [ -91.287603025804643, 31.867950999050947 ], [ -91.287703203331034, 31.86772345408643 ] ] ], [ [ [ -91.284762569858941, 31.868472242196088 ], [ -91.285050292064852, 31.86834594751873 ], [ -91.285358388463578, 31.86843026566709 ], [ -91.285506381664405, 31.868675804663596 ], [ -91.285407578244076, 31.868938731624674 ], [ -91.285119854604986, 31.869065027052208 ], [ -91.284811756366111, 31.868980708267166 ], [ -91.284663764598449, 31.86873516852047 ], [ -91.284762569858941, 31.868472242196088 ] ] ], [ [ [ -91.281713682248039, 31.869053268928376 ], [ -91.281880607402371, 31.86895107621606 ], [ -91.282125207141945, 31.868933849773171 ], [ -91.282339799494366, 31.869035494758482 ], [ -91.282442612212847, 31.869187276516591 ], [ -91.282585027750841, 31.870421686865917 ], [ -91.282487525956483, 31.870613898189362 ], [ -91.28228132034026, 31.870727489443496 ], [ -91.281959861685579, 31.870696077877312 ], [ -91.281758584776895, 31.870479890490795 ], [ -91.281613488626178, 31.869280808558873 ], [ -91.281713682248039, 31.869053268928376 ] ] ], [ [ [ -91.282080806179991, 31.871230917578707 ], [ -91.282368540511371, 31.871104629454873 ], [ -91.282676643216732, 31.871188954306493 ], [ -91.282824633211135, 31.871434496229458 ], [ -91.282725818949288, 31.871697420625889 ], [ -91.282438083184331, 31.871823709499878 ], [ -91.282129978638707, 31.87173938401137 ], [ -91.281981990077881, 31.871493841338246 ], [ -91.282080806179991, 31.871230917578707 ] ] ], [ [ [ -91.274365253730124, 31.847481756004477 ], [ -91.274652922375338, 31.847355482667496 ], [ -91.274960939171223, 31.847439823492689 ], [ -91.275108873355549, 31.847685373218745 ], [ -91.275010066076547, 31.847948292676119 ], [ -91.274722395998765, 31.848074566762214 ], [ -91.274414377365289, 31.847990225300254 ], [ -91.274266444613517, 31.847744674825069 ], [ -91.274365253730124, 31.847481756004477 ] ] ], [ [ [ -91.274899782486088, 31.850051658355433 ], [ -91.275187458612791, 31.84992538411359 ], [ -91.275495484391342, 31.850009723929773 ], [ -91.275643423797774, 31.85025527313379 ], [ -91.275544614921174, 31.850518192861937 ], [ -91.275256937361789, 31.850644467853009 ], [ -91.274948909745376, 31.850560127400009 ], [ -91.274800971771626, 31.850314577446774 ], [ -91.274899782486088, 31.850051658355433 ] ] ], [ [ [ -91.278838490967431, 31.850629124703406 ], [ -91.279167618745049, 31.850501665027707 ], [ -91.279491847467241, 31.85063796616307 ], [ -91.279626829868292, 31.851002772214482 ], [ -91.279467143548288, 31.851279520406077 ], [ -91.279156132289586, 31.85135547433433 ], [ -91.278873292183192, 31.851221469896533 ], [ -91.278739690590996, 31.850892047205786 ], [ -91.278838490967431, 31.850629124703406 ] ] ], [ [ [ -91.277378765395881, 31.861682945445349 ], [ -91.277545681377077, 31.86158075801438 ], [ -91.277790261978481, 31.861563539239054 ], [ -91.278094276740191, 31.861783456746601 ], [ -91.278280910986297, 31.86259584049094 ], [ -91.2782059538564, 31.862795279403848 ], [ -91.278013799185103, 31.862925565776695 ], [ -91.2776903084727, 31.862921183916605 ], [ -91.277465197367505, 31.862722866499819 ], [ -91.277279947616336, 31.861945865814885 ], [ -91.277378765395881, 31.861682945445349 ] ] ], [ [ [ -91.274535137421935, 31.862757055811052 ], [ -91.274822854322096, 31.862630784045741 ], [ -91.275130921434879, 31.862715126063613 ], [ -91.275278878524119, 31.86296067590499 ], [ -91.275180053319914, 31.863223594333071 ], [ -91.274892334986177, 31.863349866847997 ], [ -91.274584266034353, 31.863265524193011 ], [ -91.274436310378704, 31.863019973602029 ], [ -91.274535137421935, 31.862757055811052 ] ] ], [ [ [ -91.279008541678976, 31.869205798631302 ], [ -91.279337736526614, 31.86907834118648 ], [ -91.279662029263832, 31.869214643804646 ], [ -91.279784835481166, 31.869579979154537 ], [ -91.279625114895694, 31.869856725661386 ], [ -91.279314040596248, 31.869932677573189 ], [ -91.279031144781229, 31.869798671855985 ], [ -91.278908341325817, 31.869433335884164 ], [ -91.279008541678976, 31.869205798631302 ] ] ], [ [ [ -91.276467590683836, 31.869720991788977 ], [ -91.276634522538146, 31.869618806224132 ], [ -91.276879124537317, 31.86960158997703 ], [ -91.277183162508081, 31.869821510251764 ], [ -91.277530644921882, 31.871132630904356 ], [ -91.277457055908414, 31.871367452772603 ], [ -91.277264881856638, 31.871497737181649 ], [ -91.276941361328952, 31.871493352367295 ], [ -91.276716231930436, 31.871295033201761 ], [ -91.276374195270336, 31.870019009124643 ], [ -91.276467590683836, 31.869720991788977 ] ] ], [ [ [ -91.274119529999453, 31.869900391503954 ], [ -91.274633319496118, 31.871384562045801 ], [ -91.274619977016954, 31.871559507614386 ], [ -91.274410759737009, 31.871770134302977 ], [ -91.274088292060242, 31.871792823891184 ], [ -91.273824333776915, 31.871582043966459 ], [ -91.273382072974115, 31.8702240074327 ], [ -91.27338597882104, 31.870014587055447 ], [ -91.273525564304862, 31.869842312077186 ], [ -91.273836642362042, 31.869766374490741 ], [ -91.274119529999453, 31.869900391503954 ] ] ], [ [ [ -91.270806454128589, 31.849528864548393 ], [ -91.271094133728383, 31.849402599699772 ], [ -91.271402153582756, 31.849486949247943 ], [ -91.271550081137875, 31.849732502822 ], [ -91.271451261424957, 31.849995418998216 ], [ -91.271163580392184, 31.850121684595894 ], [ -91.270855558700219, 31.850037334410711 ], [ -91.270707632578066, 31.849791780087596 ], [ -91.270806454128589, 31.849528864548393 ] ] ], [ [ [ -91.263423359527067, 31.850815133107876 ], [ -91.263711052459712, 31.850688885490872 ], [ -91.264019068940001, 31.850773252825732 ], [ -91.264166978390321, 31.851018814322664 ], [ -91.26406813644698, 31.851281723916649 ], [ -91.263780442080702, 31.851407972282455 ], [ -91.263472423763147, 31.851323604310146 ], [ -91.263324515746476, 31.851078042064422 ], [ -91.263423359527067, 31.850815133107876 ] ] ], [ [ [ -91.255864194544415, 31.852435460263191 ], [ -91.256151902086998, 31.8523092303315 ], [ -91.2564599161025, 31.852393615909261 ], [ -91.256607807456945, 31.852639185520513 ], [ -91.256508942386461, 31.852902088346816 ], [ -91.256221233409519, 31.853028319027061 ], [ -91.255913217557051, 31.852943932811421 ], [ -91.255765327636965, 31.852698362451619 ], [ -91.255864194544415, 31.852435460263191 ] ] ], [ [ [ -91.25318549865608, 31.855010225622301 ], [ -91.253473217724789, 31.85488400221849 ], [ -91.25378123743063, 31.854968394473222 ], [ -91.253929125306385, 31.855213966999408 ], [ -91.253830249625665, 31.855476867271065 ], [ -91.253542529122214, 31.855603091423404 ], [ -91.253234507579307, 31.855518698530609 ], [ -91.253086621138294, 31.855273125255881 ], [ -91.25318549865608, 31.855010225622301 ] ] ], [ [ [ -91.25009069829018, 31.85658795103263 ], [ -91.250378426241952, 31.856461734990347 ], [ -91.250686447936943, 31.856546134811648 ], [ -91.250834329742688, 31.85679171067715 ], [ -91.250735443488253, 31.857054608104715 ], [ -91.250447714101384, 31.857180824895455 ], [ -91.250139690569355, 31.857096424435902 ], [ -91.249991810198722, 31.856850847821935 ], [ -91.25009069829018, 31.85658795103263 ] ] ], [ [ [ -91.270925956800639, 31.862085938935518 ], [ -91.271255135967905, 31.861958501790092 ], [ -91.271579391367581, 31.862094823879168 ], [ -91.271707830072714, 31.862460592935076 ], [ -91.271548099144454, 31.862737329168439 ], [ -91.271237043384119, 31.862813262001094 ], [ -91.270954181393961, 31.862679239341084 ], [ -91.270827120451628, 31.862348853609753 ], [ -91.270925956800639, 31.862085938935518 ] ] ], [ [ [ -91.267592189780913, 31.862087193695579 ], [ -91.267879913262149, 31.861960937896484 ], [ -91.268187971032688, 31.862045296449697 ], [ -91.268335908328581, 31.862290853709585 ], [ -91.268237064474263, 31.862553766093498 ], [ -91.267949339558939, 31.862680022641918 ], [ -91.267641279949842, 31.862595663451234 ], [ -91.267493344088038, 31.862350105442037 ], [ -91.267592189780913, 31.862087193695579 ] ] ], [ [ [ -91.264354256305225, 31.862977661066967 ], [ -91.2646419866727, 31.862851412869805 ], [ -91.264950044034435, 31.862935779260557 ], [ -91.265097973865934, 31.863181340002615 ], [ -91.264999119863887, 31.863444249473456 ], [ -91.264711388062025, 31.863570498419836 ], [ -91.264403328861817, 31.863486131391426 ], [ -91.264255400464734, 31.863240569900157 ], [ -91.264354256305225, 31.862977661066967 ] ] ], [ [ [ -91.255014069818742, 31.865698863338313 ], [ -91.255343281971221, 31.86557146871192 ], [ -91.255667524352191, 31.865707830941201 ], [ -91.25589749578559, 31.866150102291613 ], [ -91.255739080872033, 31.866462200511819 ], [ -91.255428001365061, 31.866538093702228 ], [ -91.255145152863378, 31.866404036339926 ], [ -91.254920610783827, 31.865996862777564 ], [ -91.255014069818742, 31.865698863338313 ] ] ], [ [ [ -91.270688878201867, 31.870515956677259 ], [ -91.271059486983972, 31.870390821822195 ], [ -91.271387310272388, 31.870584266263364 ], [ -91.271694575146782, 31.871513908678516 ], [ -91.271642863938055, 31.871718653928667 ], [ -91.271466570242552, 31.871864376814347 ], [ -91.271144101876502, 31.87188705889378 ], [ -91.270897288346703, 31.871708514547851 ], [ -91.27059546345852, 31.870813969045049 ], [ -91.270688878201867, 31.870515956677259 ] ] ], [ [ [ -91.267574027028402, 31.870883579689284 ], [ -91.267861778461778, 31.87075732506705 ], [ -91.268169865102749, 31.870841684588409 ], [ -91.268317815276049, 31.871087242040751 ], [ -91.268218960762255, 31.871350153728869 ], [ -91.267931207894179, 31.871476409100683 ], [ -91.267623119413841, 31.871392048941662 ], [ -91.267475170675226, 31.87114649073974 ], [ -91.267574027028402, 31.870883579689284 ] ] ], [ [ [ -91.265167126341964, 31.872016947456729 ], [ -91.265454884393577, 31.871890698547496 ], [ -91.265793262890341, 31.871999255642159 ], [ -91.265984698880828, 31.872343832918499 ], [ -91.265857487295492, 31.87263259119505 ], [ -91.26555661183923, 31.872734163890382 ], [ -91.26525969564139, 31.872624434583756 ], [ -91.265068261874134, 31.8722798563048 ], [ -91.265167126341964, 31.872016947456729 ] ] ], [ [ [ -91.261867088959804, 31.871996752208833 ], [ -91.262154851085455, 31.871870510929806 ], [ -91.262493225210051, 31.871979076672488 ], [ -91.262669704318142, 31.872310904239221 ], [ -91.262542482600068, 31.872599658833192 ], [ -91.262241603996188, 31.872701223554472 ], [ -91.261944692210633, 31.872591486644566 ], [ -91.261768215265448, 31.872259658158207 ], [ -91.261867088959804, 31.871996752208833 ] ] ], [ [ [ -91.26602378888299, 31.873797952907463 ], [ -91.266311551516992, 31.873671702246821 ], [ -91.266619646136107, 31.873756065783297 ], [ -91.266767596391702, 31.874001624952381 ], [ -91.266668734015894, 31.874264535053239 ], [ -91.26638096994688, 31.874390786463497 ], [ -91.266072873488199, 31.874306422289216 ], [ -91.265924924667644, 31.87406086237052 ], [ -91.26602378888299, 31.873797952907463 ] ] ] ] } },
{ "type": "Feature", "properties": { "depth_bin": "85-90 ft", "bin_order": -87.5, "survey_id": "LM_04_GGK_20190515_CS_3850_3896", "date": "2019-05-15", "year": 2019, "mile": 387.0 }, "geometry": { "type": "MultiPolygon", "coordinates": [ [ [ [ -91.326264927934659, 31.843206408387697 ], [ -91.326536619929129, 31.84305656058747 ], [ -91.326885790925587, 31.843136122279638 ], [ -91.327099351679394, 31.843470209840451 ], [ -91.32700614794723, 31.843768272096248 ], [ -91.326718556420971, 31.843894666818084 ], [ -91.326410498185723, 31.843810450127759 ], [ -91.326196939243772, 31.843476361485195 ], [ -91.326264927934659, 31.843206408387697 ] ] ], [ [ [ -91.32404618074537, 31.844677370892036 ], [ -91.32431788053151, 31.844527528137348 ], [ -91.324634126409038, 31.844585569465686 ], [ -91.32480966730526, 31.844817495390227 ], [ -91.324741673007168, 31.845087447458134 ], [ -91.324469972179088, 31.845237291073065 ], [ -91.324153724217979, 31.845179249269332 ], [ -91.32397818436371, 31.844947322484561 ], [ -91.32404618074537, 31.844677370892036 ] ] ], [ [ [ -91.322206374083706, 31.846002687942633 ], [ -91.322560649911495, 31.845847005580232 ], [ -91.322909121640308, 31.846011957104341 ], [ -91.32301166554808, 31.846521268270635 ], [ -91.322821097427664, 31.846783393842557 ], [ -91.322502895293056, 31.846833071912645 ], [ -91.322236740325891, 31.846676138144673 ], [ -91.322132920150736, 31.846237541173743 ], [ -91.322206374083706, 31.846002687942633 ] ] ], [ [ [ -91.319531764849614, 31.847700645601513 ], [ -91.319886051449672, 31.84754497110983 ], [ -91.320234524315197, 31.847709929978734 ], [ -91.320301945446431, 31.848221578038235 ], [ -91.320111366124365, 31.848483699097557 ], [ -91.319793156972224, 31.848533370121935 ], [ -91.319527002113773, 31.848376430711006 ], [ -91.319456908992819, 31.847900112780753 ], [ -91.319531764849614, 31.847700645601513 ] ] ], [ [ [ -91.285817606723668, 31.848219372775482 ], [ -91.28613049383047, 31.848064973026986 ], [ -91.286496179046623, 31.848200077678392 ], [ -91.286589267062325, 31.848602781677261 ], [ -91.286432294437063, 31.848844210345614 ], [ -91.286121296343566, 31.848920181830099 ], [ -91.285838452679897, 31.848786192747912 ], [ -91.285746761169278, 31.848556061927631 ], [ -91.285817606723668, 31.848219372775482 ] ] ], [ [ [ -91.313622520349071, 31.849404662615168 ], [ -91.313894250171757, 31.849254843302298 ], [ -91.314210504292447, 31.849312910849392 ], [ -91.314386026809714, 31.849544850411526 ], [ -91.314317998275897, 31.849814795547054 ], [ -91.314046267410077, 31.849964615720044 ], [ -91.313730011205763, 31.849906547696847 ], [ -91.313554489731615, 31.849674607274601 ], [ -91.313622520349071, 31.849404662615168 ] ] ], [ [ [ -91.306737541559329, 31.849965982225715 ], [ -91.307009283510141, 31.849816178084428 ], [ -91.307325534401258, 31.849874262671658 ], [ -91.307501040222945, 31.850106211160934 ], [ -91.30743299130711, 31.850376151881054 ], [ -91.307161248312553, 31.850525956882286 ], [ -91.306844995338039, 31.850467871818534 ], [ -91.306669490560125, 31.850235922469338 ], [ -91.306737541559329, 31.849965982225715 ] ] ], [ [ [ -91.310140307705154, 31.850055425357578 ], [ -91.310412044766792, 31.849905613763191 ], [ -91.310728298496429, 31.849963689968792 ], [ -91.310903813221643, 31.850195634057588 ], [ -91.310835774058987, 31.850465576936223 ], [ -91.310564035953888, 31.850615389390672 ], [ -91.310247780140713, 31.850557312708752 ], [ -91.31007226645896, 31.850325367759915 ], [ -91.310140307705154, 31.850055425357578 ] ] ], [ [ [ -91.303409079589713, 31.851578309716668 ], [ -91.303680831440445, 31.851428513077604 ], [ -91.303997085307486, 31.851486606049722 ], [ -91.304172585437883, 31.851718558894934 ], [ -91.304104525497138, 31.851988497390391 ], [ -91.303832772602277, 31.852138294889368 ], [ -91.303516516651811, 31.852080201440515 ], [ -91.303341017565558, 31.85184824773539 ], [ -91.303409079589713, 31.851578309716668 ] ] ], [ [ [ -91.328639484848026, 31.859136904909533 ], [ -91.328911221185777, 31.858987053860975 ], [ -91.329227519432024, 31.859045085423293 ], [ -91.329403097838338, 31.859277005830439 ], [ -91.329335104218629, 31.859546959862016 ], [ -91.329063366838611, 31.859696811771435 ], [ -91.328747066507106, 31.859638779733764 ], [ -91.328571489143044, 31.859406858465761 ], [ -91.328639484848026, 31.859136904909533 ] ] ], [ [ [ -91.307188282089641, 31.861916740368674 ], [ -91.30746005934968, 31.861766936722127 ], [ -91.307776351039266, 31.861825021505862 ], [ -91.307951879250353, 31.862056969778376 ], [ -91.307883821199056, 31.862326909995772 ], [ -91.307612042894689, 31.862476714502709 ], [ -91.307295749120456, 31.862418629242303 ], [ -91.307120221953681, 31.862186680109414 ], [ -91.307188282089641, 31.861916740368674 ] ] ], [ [ [ -91.293706701834736, 31.862662815883812 ], [ -91.293978501781723, 31.862513041917651 ], [ -91.294294785937012, 31.862571160039383 ], [ -91.294470280805697, 31.862803125779138 ], [ -91.294402183134537, 31.86307305736069 ], [ -91.294130382142001, 31.863222832186878 ], [ -91.293814095902547, 31.863164713587672 ], [ -91.293638602079412, 31.862932746987891 ], [ -91.293706701834736, 31.862662815883812 ] ] ], [ [ [ -91.297047635838695, 31.865803992956376 ], [ -91.297319440188161, 31.865654212048927 ], [ -91.297635737477336, 31.865712322275535 ], [ -91.297811246517995, 31.865944283791066 ], [ -91.297743155755256, 31.866214217293937 ], [ -91.297471350360382, 31.866363999061605 ], [ -91.297155050986575, 31.866305888357665 ], [ -91.296979542991309, 31.866073925981915 ], [ -91.297047635838695, 31.865803992956376 ] ] ], [ [ [ -91.293933112104426, 31.866915937997696 ], [ -91.294204924526639, 31.86676616406583 ], [ -91.29452122325614, 31.86682428209846 ], [ -91.294696726260995, 31.867056247677951 ], [ -91.294628625521767, 31.867326179122092 ], [ -91.29435681205382, 31.867475953914134 ], [ -91.294040511239686, 31.86741783540397 ], [ -91.29386500928058, 31.867185868964302 ], [ -91.293933112104426, 31.866915937997696 ] ] ], [ [ [ -91.297097051598982, 31.867178858470162 ], [ -91.297368860017272, 31.867029077625734 ], [ -91.297685162000448, 31.867087187881872 ], [ -91.297860673610714, 31.867319149376144 ], [ -91.297792581787888, 31.867589082819499 ], [ -91.297520772324148, 31.867738864524195 ], [ -91.297204468256197, 31.867680753790719 ], [ -91.297028957691381, 31.867448791436153 ], [ -91.297097051598982, 31.867178858470162 ] ] ], [ [ [ -91.290794924598842, 31.868054841172903 ], [ -91.291066745210742, 31.867905074272773 ], [ -91.291383045453316, 31.867963200173101 ], [ -91.291558542408282, 31.868195169847588 ], [ -91.291490431599925, 31.868465099215197 ], [ -91.29121860994195, 31.868614866975467 ], [ -91.290902307614758, 31.868556740597398 ], [ -91.290726811705866, 31.868324770062767 ], [ -91.290794924598842, 31.868054841172903 ] ] ], [ [ [ -91.274901626778188, 31.850215483344957 ], [ -91.27517341769591, 31.850065749094988 ], [ -91.275489645652783, 31.850123912209298 ], [ -91.275665070072719, 31.85035590186261 ], [ -91.27559692896962, 31.850625822269812 ], [ -91.275325137005296, 31.850775557378853 ], [ -91.27500890696632, 31.850717393786137 ], [ -91.274833483593014, 31.850485403273755 ], [ -91.274901626778188, 31.850215483344957 ] ] ], [ [ [ -91.274488747045297, 31.862931848239025 ], [ -91.274760576913394, 31.862782116498469 ], [ -91.275076847607153, 31.862840282051494 ], [ -91.275252293516715, 31.863072272644455 ], [ -91.275184140067182, 31.863342191942092 ], [ -91.274912309151816, 31.863491924542149 ], [ -91.274596036374675, 31.863433758510489 ], [ -91.274420591512396, 31.86320176705803 ], [ -91.274488747045297, 31.862931848239025 ] ] ], [ [ [ -91.278794781055112, 31.868288041678213 ], [ -91.278986946181575, 31.868157754582501 ], [ -91.279190609241084, 31.86813478412763 ], [ -91.27938291260908, 31.868196456685766 ], [ -91.27953558328764, 31.868360448375064 ], [ -91.279728342317739, 31.869309370117495 ], [ -91.279653382129894, 31.869508809601317 ], [ -91.279461214995806, 31.869639097612698 ], [ -91.279137700587384, 31.869634718613597 ], [ -91.278912570623262, 31.869436403277209 ], [ -91.278721197824467, 31.868522864571322 ], [ -91.278794781055112, 31.868288041678213 ] ] ], [ [ [ -91.276053228929655, 31.868415297794972 ], [ -91.276245397988021, 31.868285014992566 ], [ -91.276449061797166, 31.868262048965619 ], [ -91.276641363398113, 31.868323725616197 ], [ -91.27679402925871, 31.868487720432395 ], [ -91.277167764208727, 31.869793699284855 ], [ -91.277094175513554, 31.87002852099528 ], [ -91.276902003848988, 31.870158804961672 ], [ -91.276578488060935, 31.87015441938798 ], [ -91.276353362589688, 31.869956099681726 ], [ -91.275985073106838, 31.868685217249052 ], [ -91.276053228929655, 31.868415297794972 ] ] ], [ [ [ -91.281627632032382, 31.86867255599438 ], [ -91.281982059245735, 31.86851699266904 ], [ -91.282330536753733, 31.868682055331373 ], [ -91.282435819481606, 31.869189093006177 ], [ -91.282245089670255, 31.869451151216865 ], [ -91.281926792135152, 31.869500724062565 ], [ -91.28166064668298, 31.869343705992385 ], [ -91.281554055557578, 31.868907380755974 ], [ -91.281627632032382, 31.86867255599438 ] ] ], [ [ [ -91.266924979927069, 31.850075984268621 ], [ -91.267196782491922, 31.849926267512139 ], [ -91.267513004003547, 31.849984450276462 ], [ -91.267688407661097, 31.850216450225961 ], [ -91.267620243640366, 31.850486365543972 ], [ -91.267348440028201, 31.850636083159316 ], [ -91.26703221643487, 31.850577899916097 ], [ -91.266856813824617, 31.850345899107758 ], [ -91.266924979927069, 31.850075984268621 ] ] ], [ [ [ -91.259947724961592, 31.852261364265306 ], [ -91.260219544664338, 31.852111663105703 ], [ -91.260535768341001, 31.852169863317219 ], [ -91.260711157922444, 31.852401872344181 ], [ -91.260642971829498, 31.85267178305244 ], [ -91.260371151078701, 31.852821485070791 ], [ -91.260054925320404, 31.85276328437994 ], [ -91.259879536786997, 31.85253127449424 ], [ -91.259947724961592, 31.852261364265306 ] ] ], [ [ [ -91.261409418607883, 31.864203497370244 ], [ -91.261681272105278, 31.864053794515598 ], [ -91.262030457095747, 31.864133534927603 ], [ -91.262247938057044, 31.864466488313234 ], [ -91.262154503490294, 31.864764493999921 ], [ -91.26186676393084, 31.864890736197502 ], [ -91.261558703324326, 31.86480636222656 ], [ -91.261341224160873, 31.864473407738153 ], [ -91.261409418607883, 31.864203497370244 ] ] ], [ [ [ -91.258555261493726, 31.865623953425313 ], [ -91.258827123593207, 31.865474257020587 ], [ -91.259143391459105, 31.865532462172776 ], [ -91.25931880113778, 31.865764473432247 ], [ -91.259250599276868, 31.866034382357359 ], [ -91.258978736128554, 31.866184079621231 ], [ -91.258662466179672, 31.866125873989422 ], [ -91.258487057549814, 31.865893861870802 ], [ -91.258555261493726, 31.865623953425313 ] ] ], [ [ [ -91.27277444480454, 31.867937197005922 ], [ -91.272966617212987, 31.867806919280049 ], [ -91.273170280523487, 31.867783958497718 ], [ -91.273362578721247, 31.867845640002184 ], [ -91.273515237833692, 31.8680096385364 ], [ -91.274149219286755, 31.869929558586769 ], [ -91.274102948261799, 31.870169403559334 ], [ -91.273888880578554, 31.870329755967589 ], [ -91.27356536470738, 31.870325362707028 ], [ -91.273340245553555, 31.870127037880906 ], [ -91.27270627992398, 31.868207114396029 ], [ -91.27277444480454, 31.867937197005922 ] ] ] ] } },
{ "type": "Feature", "properties": { "depth_bin": "90-95 ft", "bin_order": -92.5, "survey_id": "LM_04_GGK_20190515_CS_3850_3896", "date": "2019-05-15", "year": 2019, "mile": 387.0 }, "geometry": { "type": "MultiPolygon", "coordinates": [ [ [ [ -91.326174777817897, 31.842964538231097 ], [ -91.326468337376411, 31.842784607480883 ], [ -91.326847805384318, 31.842888346800926 ], [ -91.326978632457767, 31.843286628192583 ], [ -91.326850255916625, 31.843540072533568 ], [ -91.32654953656089, 31.843641795640963 ], [ -91.326252632954976, 31.843532209064723 ], [ -91.326134864517073, 31.843310891881838 ], [ -91.326174777817897, 31.842964538231097 ] ] ], [ [ [ -91.322168512609665, 31.845916318944688 ], [ -91.322421705010498, 31.845744468964536 ], [ -91.322743096026613, 31.845775775796906 ], [ -91.322944420748328, 31.845991900535083 ], [ -91.32290774544883, 31.846266240900793 ], [ -91.322654552432326, 31.846438091817411 ], [ -91.322333159169332, 31.846406784686494 ], [ -91.32213183506326, 31.846190659011842 ], [ -91.322168512609665, 31.845916318944688 ] ] ], [ [ [ -91.319515330940945, 31.847563554566676 ], [ -91.319787046285157, 31.847413722102711 ], [ -91.32010329856071, 31.847471774917235 ], [ -91.320278832947082, 31.847703706795201 ], [ -91.320210823044263, 31.847973655796295 ], [ -91.319939106657557, 31.848123489120482 ], [ -91.319622852298323, 31.84806543583025 ], [ -91.31944731895446, 31.847833503092076 ], [ -91.319515330940945, 31.847563554566676 ] ] ], [ [ [ -91.31653723825093, 31.847983533015743 ], [ -91.31680895937582, 31.847833707134583 ], [ -91.317125210856474, 31.847891767338972 ], [ -91.317300738337948, 31.848123703085076 ], [ -91.31723271946484, 31.848393650166653 ], [ -91.316960997297159, 31.848543476907942 ], [ -91.316644743732908, 31.848485416227678 ], [ -91.316469217294213, 31.84825347962143 ], [ -91.31653723825093, 31.847983533015743 ] ] ], [ [ [ -91.310110097889691, 31.849948625883417 ], [ -91.310363322901935, 31.849776801175278 ], [ -91.3106847223263, 31.849808138814922 ], [ -91.310886026327793, 31.850024281849759 ], [ -91.310849313316311, 31.850298617283521 ], [ -91.310596087687131, 31.850470442928103 ], [ -91.310274686015717, 31.850439104989075 ], [ -91.310073382631145, 31.850222961017813 ], [ -91.310110097889691, 31.849948625883417 ] ] ], [ [ [ -91.3067503652711, 31.850926252148284 ], [ -91.307022110093797, 31.850776448098088 ], [ -91.307338364244814, 31.850834532758849 ], [ -91.307513871804886, 31.85106648126099 ], [ -91.307445822087573, 31.851336421925833 ], [ -91.307174076221074, 31.851486226836002 ], [ -91.306857819986561, 31.851428141698726 ], [ -91.30668231347029, 31.851196192336616 ], [ -91.3067503652711, 31.850926252148284 ] ] ], [ [ [ -91.303418907020742, 31.851477217307611 ], [ -91.303690658552142, 31.851327420634416 ], [ -91.304006912084333, 31.851385513571223 ], [ -91.30418241206047, 31.851617466400601 ], [ -91.304114352236439, 31.85188740490899 ], [ -91.303842599660896, 31.852037202442101 ], [ -91.303526344045295, 31.851979109028573 ], [ -91.3033508451133, 31.851747155339279 ], [ -91.303418907020742, 31.851477217307611 ] ] ], [ [ [ -91.300017750193291, 31.851667578072568 ], [ -91.300270997823404, 31.851495774325674 ], [ -91.300592398555139, 31.851527137561895 ], [ -91.300793681787653, 31.851743295834943 ], [ -91.300756938096313, 31.852017627222171 ], [ -91.30050368984827, 31.852189431905401 ], [ -91.300182286869529, 31.852158068369164 ], [ -91.299981004254946, 31.85194190915977 ], [ -91.300017750193291, 31.851667578072568 ] ] ], [ [ [ -91.293117453203877, 31.85223003352737 ], [ -91.29338922261158, 31.852080259550885 ], [ -91.293705471004628, 31.852138377974018 ], [ -91.293880945836378, 31.852370344150231 ], [ -91.293812855591256, 31.852640276047381 ], [ -91.293541085138457, 31.852790050883499 ], [ -91.293224834662368, 31.85273193198303 ], [ -91.293049360875699, 31.852499964947175 ], [ -91.293117453203877, 31.85223003352737 ] ] ], [ [ [ -91.296565001307982, 31.852567881207509 ], [ -91.296836766510324, 31.852418099708135 ], [ -91.297153018620818, 31.852476209666932 ], [ -91.29732850291532, 31.852708171395523 ], [ -91.297260422335313, 31.852978105467191 ], [ -91.296988656088175, 31.853127887826314 ], [ -91.296672401894455, 31.853069777390349 ], [ -91.296496918644749, 31.852837814802019 ], [ -91.296565001307982, 31.852567881207509 ] ] ], [ [ [ -91.321053151744493, 31.860582538727915 ], [ -91.321306387494005, 31.860410692796687 ], [ -91.321627828668952, 31.860442004113896 ], [ -91.321829180978469, 31.860658131145811 ], [ -91.32179249453479, 31.860932470270924 ], [ -91.321539258169111, 31.861104317139141 ], [ -91.321217814745651, 31.861073005523181 ], [ -91.321016463052302, 31.860856877554252 ], [ -91.321053151744493, 31.860582538727915 ] ] ], [ [ [ -91.297035882878859, 31.865696418009286 ], [ -91.297289175377202, 31.865524622094139 ], [ -91.297610623214368, 31.86555599446335 ], [ -91.29781192819685, 31.865772157820867 ], [ -91.297775168158694, 31.866046487265987 ], [ -91.297521875041738, 31.866218284117956 ], [ -91.29720042495606, 31.866186911448391 ], [ -91.29699912059219, 31.865970747154059 ], [ -91.297035882878859, 31.865696418009286 ] ] ], [ [ [ -91.290632250752864, 31.865888412479052 ], [ -91.290885555067632, 31.865716629764627 ], [ -91.291207000622279, 31.865748018277351 ], [ -91.29140829056027, 31.865964191264798 ], [ -91.291371511528084, 31.86623851818511 ], [ -91.291118206594092, 31.866410301836254 ], [ -91.29079675879106, 31.8663789130228 ], [ -91.290595469472294, 31.866162739098623 ], [ -91.290632250752864, 31.865888412479052 ] ] ], [ [ [ -91.290831738048368, 31.868328671874774 ], [ -91.291103559429942, 31.868178904928083 ], [ -91.291419860627627, 31.868237030767876 ], [ -91.291595358163647, 31.868469000403319 ], [ -91.291527247221893, 31.868738929776256 ], [ -91.291255424794244, 31.868888697583095 ], [ -91.290939121511926, 31.868830571265551 ], [ -91.290763625021981, 31.868598600769975 ], [ -91.290831738048368, 31.868328671874774 ] ] ], [ [ [ -91.281557058949318, 31.845208598869867 ], [ -91.281869942240547, 31.845054209429719 ], [ -91.282208245550436, 31.845162720483572 ], [ -91.282339986288335, 31.845527446001775 ], [ -91.282211486382124, 31.845780840816552 ], [ -91.281910715672041, 31.84588245634129 ], [ -91.281613862807433, 31.845772767147807 ], [ -91.281483503810719, 31.845443425067653 ], [ -91.281557058949318, 31.845208598869867 ] ] ], [ [ [ -91.289536581147345, 31.851306530413677 ], [ -91.289808353197117, 31.851156764179755 ], [ -91.290124595789834, 31.851214891330777 ], [ -91.290300059776456, 31.851446862107661 ], [ -91.290231959994145, 31.851716791783172 ], [ -91.289960186899009, 31.851866558876615 ], [ -91.289643942223478, 31.851808431248042 ], [ -91.289468479282235, 31.851576459611646 ], [ -91.289536581147345, 31.851306530413677 ] ] ], [ [ [ -91.287542233783157, 31.866300942741809 ], [ -91.287814054037128, 31.866151182763289 ], [ -91.28813034590749, 31.866209316493574 ], [ -91.288305831380029, 31.86644129031983 ], [ -91.288237712705154, 31.866711217728852 ], [ -91.287965891404895, 31.866860978567363 ], [ -91.287649597450255, 31.866802844359171 ], [ -91.287474113023976, 31.86657086967293 ], [ -91.287542233783157, 31.866300942741809 ] ] ], [ [ [ -91.281442387531484, 31.867612472309197 ], [ -91.281618657764312, 31.867466734653554 ], [ -91.281860097271064, 31.867429131616934 ], [ -91.282052401169196, 31.867490800153064 ], [ -91.282205075628724, 31.867654788777983 ], [ -91.28238502709921, 31.868746931400342 ], [ -91.282310073074967, 31.868946372685166 ], [ -91.282117910693344, 31.869076664897328 ], [ -91.281794397797867, 31.869072292725889 ], [ -91.281569263223787, 31.868873981927365 ], [ -91.281390700294082, 31.867817222481303 ], [ -91.281442387531484, 31.867612472309197 ] ] ], [ [ [ -91.279418870335405, 31.867712659437085 ], [ -91.279497953906215, 31.868501008540804 ], [ -91.279339265766353, 31.868660786184794 ], [ -91.279061904850465, 31.868716101386479 ], [ -91.278806382064445, 31.868608701358962 ], [ -91.278703576048414, 31.868456916877999 ], [ -91.278591135889087, 31.867841556102853 ], [ -91.278718301049665, 31.867552783238516 ], [ -91.279019146447581, 31.86745117819838 ], [ -91.279316064215323, 31.867560875430843 ], [ -91.279418870335405, 31.867712659437085 ] ] ], [ [ [ -91.284724852985761, 31.868238695507451 ], [ -91.285037811052504, 31.868084301349736 ], [ -91.285376201336192, 31.868192806679048 ], [ -91.285552285300867, 31.868535217482837 ], [ -91.285425139636601, 31.868823997843631 ], [ -91.28512429600579, 31.868925618118222 ], [ -91.284827366399568, 31.868815934083788 ], [ -91.28465672238444, 31.868508620511861 ], [ -91.284724852985761, 31.868238695507451 ] ] ], [ [ [ -91.274286063646372, 31.847413417156162 ], [ -91.274539344522736, 31.847241665828804 ], [ -91.274860718711906, 31.847273093316442 ], [ -91.275061931160522, 31.847489290036332 ], [ -91.275025113906537, 31.84776361154379 ], [ -91.274771832409868, 31.847935363806933 ], [ -91.274450455974801, 31.847903936017662 ], [ -91.274249244146475, 31.847687738362001 ], [ -91.274286063646372, 31.847413417156162 ] ] ], [ [ [ -91.278378636410537, 31.847929145729371 ], [ -91.278650415178745, 31.847779403559514 ], [ -91.278966638000682, 31.847837557846372 ], [ -91.279142067308157, 31.848069542935487 ], [ -91.279073938252367, 31.848339465715412 ], [ -91.278802158437969, 31.84848920874434 ], [ -91.278485933534057, 31.848431053979326 ], [ -91.278310505272771, 31.848199068031128 ], [ -91.278378636410537, 31.847929145729371 ] ] ], [ [ [ -91.266899111563689, 31.849966415619903 ], [ -91.267170913837489, 31.849816698906345 ], [ -91.267487134958969, 31.849874881722144 ], [ -91.267662538355822, 31.850106881701503 ], [ -91.267594374356548, 31.850376797010277 ], [ -91.267322571035436, 31.850526514582672 ], [ -91.26700634783225, 31.850468331288003 ], [ -91.26683094548271, 31.8502363304498 ], [ -91.266899111563689, 31.849966415619903 ] ] ], [ [ [ -91.261213799886136, 31.863826146538006 ], [ -91.261548673038831, 31.863641740094259 ], [ -91.261751363429696, 31.863670238887064 ], [ -91.261938554121116, 31.863805686402983 ], [ -91.262115805793641, 31.864339571335695 ], [ -91.262324116949344, 31.864589022879624 ], [ -91.262296153711461, 31.864797105045117 ], [ -91.26213744358158, 31.864956860471871 ], [ -91.2618191532965, 31.865006383154508 ], [ -91.261553056556323, 31.864849324532525 ], [ -91.261491938128898, 31.864593702957393 ], [ -91.261323544064069, 31.864444489067886 ], [ -91.261176932947862, 31.864100461675267 ], [ -91.261213799886136, 31.863826146538006 ] ] ], [ [ [ -91.27270941377968, 31.867848759020781 ], [ -91.272962755173936, 31.867677013439646 ], [ -91.273284199237182, 31.867708447302196 ], [ -91.273485449986396, 31.867924647291527 ], [ -91.273448617023007, 31.868198967048293 ], [ -91.273195275007737, 31.868370713565941 ], [ -91.272873828696319, 31.868339279401486 ], [ -91.272672578568134, 31.868123078475648 ], [ -91.27270941377968, 31.867848759020781 ] ] ], [ [ [ -91.275908256808435, 31.86788110143782 ], [ -91.276262689769268, 31.867725554276845 ], [ -91.27661115340743, 31.867890632178579 ], [ -91.276795373448323, 31.868492128430244 ], [ -91.276601936092732, 31.868789506470112 ], [ -91.276283638510421, 31.868839065159946 ], [ -91.276017505052138, 31.868682035659383 ], [ -91.275834666708221, 31.86811592242741 ], [ -91.275908256808435, 31.86788110143782 ] ] ] ] } },
{ "type": "Feature", "properties": { "depth_bin": "95-100 ft", "bin_order": -97.5, "survey_id": "LM_04_GGK_20190515_CS_3850_3896", "date": "2019-05-15", "year": 2019, "mile": 387.0 }, "geometry": { "type": "MultiPolygon", "coordinates": [ [ [ [ -91.326020298617706, 31.842744482086669 ], [ -91.326291783889545, 31.842540855859031 ], [ -91.326648406952287, 31.842590819860039 ], [ -91.326881085638433, 31.842953000542497 ], [ -91.326813098948136, 31.843222954047665 ], [ -91.326541406872465, 31.843372802433557 ], [ -91.32622516368113, 31.843314765939738 ], [ -91.326001942916974, 31.842987055927932 ], [ -91.326020298617706, 31.842744482086669 ] ] ], [ [ [ -91.319491597967641, 31.84745494701842 ], [ -91.319744799423489, 31.84728310272455 ], [ -91.320066194529659, 31.847314416469228 ], [ -91.320267515980674, 31.847530545296745 ], [ -91.320230831965432, 31.84780488453336 ], [ -91.319977629893614, 31.847976729763719 ], [ -91.319656232540453, 31.847945415720279 ], [ -91.319454911705378, 31.847729285956291 ], [ -91.319491597967641, 31.84745494701842 ] ] ], [ [ [ -91.316511022079808, 31.847908163258509 ], [ -91.316743278591346, 31.84771596776061 ], [ -91.317066722798813, 31.847720248463979 ], [ -91.317291887115474, 31.847918497868772 ], [ -91.317286873220965, 31.84819458485309 ], [ -91.317054616543388, 31.848386781327783 ], [ -91.316731170011877, 31.84838250051391 ], [ -91.316506005861271, 31.848184250132334 ], [ -91.316511022079808, 31.847908163258509 ] ] ], [ [ [ -91.310102437452812, 31.849829800303958 ], [ -91.310355662143209, 31.849657975597264 ], [ -91.310677061153612, 31.849689313242507 ], [ -91.310878364891551, 31.849905456283789 ], [ -91.310841651921265, 31.850179791721107 ], [ -91.310588426613933, 31.850351617364225 ], [ -91.310267025356481, 31.85032027941962 ], [ -91.310065722235478, 31.850104135441907 ], [ -91.310102437452812, 31.849829800303958 ] ] ], [ [ [ -91.30671498309944, 31.849857582955615 ], [ -91.306968213831979, 31.849685765217437 ], [ -91.307289611385414, 31.849717111390465 ], [ -91.307490907020693, 31.849933259523496 ], [ -91.307454184048254, 31.85020759363379 ], [ -91.307200952698466, 31.850379412308357 ], [ -91.306879552898067, 31.850348065835725 ], [ -91.306678257880037, 31.850131916766326 ], [ -91.30671498309944, 31.849857582955615 ] ] ], [ [ [ -91.293061034657484, 31.852153511335967 ], [ -91.29329334885243, 31.851961360866152 ], [ -91.293616803945952, 31.851965701708419 ], [ -91.293841925974661, 31.852163991135473 ], [ -91.29383684138827, 31.852440074580969 ], [ -91.293604527024939, 31.852632226027662 ], [ -91.293281069607019, 31.852627885073346 ], [ -91.293055947746694, 31.852429594669417 ], [ -91.293061034657484, 31.852153511335967 ] ] ], [ [ [ -91.314221183222713, 31.861654911819567 ], [ -91.314474434037962, 31.861483080065561 ], [ -91.314795875792299, 31.861514408704529 ], [ -91.314997213855435, 31.861730546056226 ], [ -91.314960506684471, 31.862004882453867 ], [ -91.314707255252387, 31.862176715144805 ], [ -91.314385811249565, 31.862145386206631 ], [ -91.31418447380328, 31.861929247917999 ], [ -91.314221183222713, 31.861654911819567 ] ] ], [ [ [ -91.287276195430678, 31.863588166677303 ], [ -91.287529499152797, 31.863416390590121 ], [ -91.287850935211367, 31.863447787282936 ], [ -91.288052212312309, 31.863663965211671 ], [ -91.288015424621648, 31.863938290939828 ], [ -91.287762120280021, 31.864110067963576 ], [ -91.287440681973408, 31.864078670969832 ], [ -91.28723940549196, 31.863862492104523 ], [ -91.287276195430678, 31.863588166677303 ] ] ], [ [ [ -91.29063287646872, 31.865768203970383 ], [ -91.290886180442712, 31.865596421240078 ], [ -91.291207625582146, 31.865627809737212 ], [ -91.291408915273692, 31.865843982718502 ], [ -91.291372136308183, 31.866118309645689 ], [ -91.291118831714968, 31.86629009331271 ], [ -91.290797384327163, 31.866258704514834 ], [ -91.290596095254855, 31.866042530596825 ], [ -91.29063287646872, 31.865768203970383 ] ] ], [ [ [ -91.293892038740651, 31.866716939521744 ], [ -91.294185734980502, 31.866537088756985 ], [ -91.294534961538687, 31.866616741138952 ], [ -91.294682976927589, 31.866862270264477 ], [ -91.294590168796233, 31.86721916865914 ], [ -91.294302462149432, 31.86734548553358 ], [ -91.293994360126518, 31.867261188896947 ], [ -91.293851787165465, 31.867050756905176 ], [ -91.293892038740651, 31.866716939521744 ] ] ], [ [ [ -91.290770433494075, 31.868222348580122 ], [ -91.291023744160867, 31.868050565864724 ], [ -91.291345197847008, 31.86808195430158 ], [ -91.291546492932866, 31.868298127182737 ], [ -91.291509713049294, 31.868572454028651 ], [ -91.291256401763206, 31.868744237680865 ], [ -91.290934945828411, 31.868712848943261 ], [ -91.290733651361862, 31.868496675125296 ], [ -91.290770433494075, 31.868222348580122 ] ] ], [ [ [ -91.253074173632811, 31.855019798991119 ], [ -91.25330657472044, 31.854827724882533 ], [ -91.253630032991182, 31.85483216776181 ], [ -91.253855072620567, 31.855030525131596 ], [ -91.253849868323911, 31.855306602625618 ], [ -91.253617467063918, 31.855498677711065 ], [ -91.25329400646865, 31.855494234717128 ], [ -91.253068967011615, 31.855295876370455 ], [ -91.253074173632811, 31.855019798991119 ] ] ], [ [ [ -91.267597591313915, 31.862276505208307 ], [ -91.267850925945254, 31.86210476946956 ], [ -91.268172348386244, 31.862136215542158 ], [ -91.268373575319302, 31.862352422956906 ], [ -91.268336730296866, 31.862626741004547 ], [ -91.268083395044158, 31.862798477679522 ], [ -91.267761970355764, 31.862767031304738 ], [ -91.267560744044047, 31.862550822953768 ], [ -91.267597591313915, 31.862276505208307 ] ] ], [ [ [ -91.270935228873668, 31.862415080476605 ], [ -91.271188558027816, 31.862243337882973 ], [ -91.271509982491139, 31.862274775571006 ], [ -91.271711217761521, 31.862490977982958 ], [ -91.271674382507697, 31.862765297340168 ], [ -91.271421052732521, 31.862937040870097 ], [ -91.27109962602168, 31.862905602880083 ], [ -91.270898391372327, 31.862689399531856 ], [ -91.270935228873668, 31.862415080476605 ] ] ], [ [ [ -91.255146602882434, 31.866166323692493 ], [ -91.255379028972413, 31.865974246960725 ], [ -91.255702526522484, 31.86597868595112 ], [ -91.255927596699806, 31.866177040444295 ], [ -91.255922396325232, 31.866453117759381 ], [ -91.255689970063045, 31.866645195468461 ], [ -91.255366470187141, 31.866640756363516 ], [ -91.255141400182026, 31.866442400893025 ], [ -91.255146602882434, 31.866166323692493 ] ] ], [ [ [ -91.281388096300333, 31.867201687191244 ], [ -91.281722944370401, 31.867017226694927 ], [ -91.282088696071767, 31.867152346043916 ], [ -91.282208771992472, 31.867656045732804 ], [ -91.282049062106097, 31.867932795737371 ], [ -91.281737996052641, 31.868008753901655 ], [ -91.281455102214082, 31.867874753625053 ], [ -91.281342303872904, 31.867544877395879 ], [ -91.281388096300333, 31.867201687191244 ] ] ], [ [ [ -91.278542726718058, 31.867258632449232 ], [ -91.278877580308531, 31.86707417965826 ], [ -91.279243327681812, 31.867209307057081 ], [ -91.279393861482021, 31.867684854753534 ], [ -91.279234143295298, 31.867961600921699 ], [ -91.278923075166176, 31.868037552110778 ], [ -91.278640185619651, 31.8679035457087 ], [ -91.278491033358208, 31.867463381234277 ], [ -91.278542726718058, 31.867258632449232 ] ] ], [ [ [ -91.275776271304792, 31.867509102166821 ], [ -91.276111130986507, 31.867324656898241 ], [ -91.276476874908084, 31.867459792146544 ], [ -91.276638069733096, 31.867958849376251 ], [ -91.276478342960985, 31.86823559176279 ], [ -91.276167271964638, 31.868311536091081 ], [ -91.275884385886627, 31.868177523670951 ], [ -91.275730005981501, 31.867748948010298 ], [ -91.275776271304792, 31.867509102166821 ] ] ] ] } },
{ "type": "Feature", "properties": { "depth_bin": "100-105 ft", "bin_order": -102.5, "survey_id": "LM_04_GGK_20190515_CS_3850_3896", "date": "2019-05-15", "year": 2019, "mile": 387.0 }, "geometry": { "type": "MultiPolygon", "coordinates": [ [ [ [ -91.325958912583943, 31.842663947346029 ], [ -91.326167947725494, 31.842453228562835 ], [ -91.326490306397247, 31.842430402776074 ], [ -91.326737156895362, 31.842608840963571 ], [ -91.32676389775196, 31.842884017147551 ], [ -91.326554862901787, 31.843094736910015 ], [ -91.326232501918994, 31.843117562779533 ], [ -91.325985651129514, 31.842939123612776 ], [ -91.325958912583943, 31.842663947346029 ] ] ], [ [ [ -91.274259290595012, 31.84736678080213 ], [ -91.274468450379203, 31.847156151657448 ], [ -91.2747908319174, 31.847133457990832 ], [ -91.275037590111793, 31.847311993388235 ], [ -91.275064177561262, 31.847587174928165 ], [ -91.274855018063477, 31.847797805052824 ], [ -91.27453263421296, 31.847820498798882 ], [ -91.274285875732161, 31.847641962421498 ], [ -91.274259290595012, 31.84736678080213 ] ] ], [ [ [ -91.282010145790977, 31.849530972241677 ], [ -91.282219293690147, 31.849320329964474 ], [ -91.282541681836918, 31.849297616847611 ], [ -91.282788461262399, 31.849476137870365 ], [ -91.282815072129154, 31.849751318531709 ], [ -91.282605924517185, 31.849961961788892 ], [ -91.282283534057953, 31.84998467498572 ], [ -91.28203675434527, 31.849806152982982 ], [ -91.282010145790977, 31.849530972241677 ] ] ], [ [ [ -91.296511561054075, 31.852405046921373 ], [ -91.296758453865365, 31.85217974690395 ], [ -91.297154362363827, 31.852218391606943 ], [ -91.297329846204093, 31.852450353325775 ], [ -91.297356771591126, 31.852675206840289 ], [ -91.297284548956227, 31.852839329422988 ], [ -91.297012783163623, 31.852989111852356 ], [ -91.296696529421638, 31.852931001491207 ], [ -91.2965304922499, 31.852733512528783 ], [ -91.296511561054075, 31.852405046921373 ] ] ], [ [ [ -91.287256706383801, 31.863790325939856 ], [ -91.287503652543521, 31.863565046133928 ], [ -91.28789960425425, 31.863603721164317 ], [ -91.288075084507128, 31.86383569520703 ], [ -91.288099994713818, 31.864079338481758 ], [ -91.288027746056187, 31.864243454638714 ], [ -91.287755931876561, 31.864393215325418 ], [ -91.287439646437051, 31.864335080872817 ], [ -91.287273610305846, 31.864137580132123 ], [ -91.287256706383801, 31.863790325939856 ] ] ], [ [ [ -91.280933979601187, 31.864787248962827 ], [ -91.281143166001925, 31.864576610236654 ], [ -91.281465607585858, 31.864553901777146 ], [ -91.281712424082542, 31.864732425835363 ], [ -91.281739033938848, 31.865007606132565 ], [ -91.281529847825468, 31.865218245839312 ], [ -91.281207403927311, 31.865240954378798 ], [ -91.280960587143284, 31.865062429340004 ], [ -91.280933979601187, 31.864787248962827 ] ] ] ] } },
{ "type": "Feature", "properties": { "depth_bin": "105-110 ft", "bin_order": -107.5, "survey_id": "LM_04_GGK_20190515_CS_3850_3896", "date": "2019-05-15", "year": 2019, "mile": 387.0 }, "geometry": { "type": "MultiPolygon", "coordinates": [ [ [ [ -91.316449722603267, 31.847907708148533 ], [ -91.316606617044485, 31.847666239616455 ], [ -91.316917589418466, 31.847590192526791 ], [ -91.317200477757623, 31.847724113914502 ], [ -91.317289570724895, 31.847989555064675 ], [ -91.317132677436774, 31.848231024470302 ], [ -91.316821703038201, 31.848307072010762 ], [ -91.316538813545932, 31.848173149749488 ], [ -91.316449722603267, 31.847907708148533 ] ] ], [ [ [ -91.293639723940714, 31.862964581672728 ], [ -91.293796703905883, 31.862723144795979 ], [ -91.294107743508818, 31.86264715608932 ], [ -91.294390641402032, 31.862781128388477 ], [ -91.294479680651079, 31.863046583156162 ], [ -91.294322701837956, 31.863288020907735 ], [ -91.294011660207758, 31.863364010064195 ], [ -91.293728761162484, 31.863230036890226 ], [ -91.293639723940714, 31.862964581672728 ] ] ] ] } }
]
}
