{
"type": "FeatureCollection",
"crs": { "type": "name", "properties": { "name": "urn:ogc:def:crs:OGC:1.3:CRS84" } },
"features": [
{ "type": "Feature", "properties": { "depth_bin": -27, "survey_id": "LM_03_KGC_20260531_CS_3820_3786", "date": "2026-05-31 00:00:00+00:00", "year": 2026, "mile": 380.0, "bin_order": 27 }, "geometry": { "type": "Polygon", "coordinates": [ [ [ -91.348436058177072, 31.804191299557878 ], [ -91.34856431724171, 31.803937828071021 ], [ -91.348864884086325, 31.803836047107225 ], [ -91.349161691970636, 31.803945578141281 ], [ -91.349280875939641, 31.804202259920718 ], [ -91.349152618399856, 31.804455732173757 ], [ -91.348852049800357, 31.804557513750506 ], [ -91.348555240391192, 31.804447981950251 ], [ -91.348436058177072, 31.804191299557878 ] ] ] } },
{ "type": "Feature", "properties": { "depth_bin": -26, "survey_id": "LM_03_KGC_20260531_CS_3820_3786", "date": "2026-05-31 00:00:00+00:00", "year": 2026, "mile": 380.0, "bin_order": 26 }, "geometry": { "type": "MultiPolygon", "coordinates": [ [ [ [ -91.354235566389463, 31.773859011698647 ], [ -91.354419188022632, 31.773631767311567 ], [ -91.354737123953001, 31.773581999759589 ], [ -91.3550031331811, 31.773738862006638 ], [ -91.355061391629647, 31.774010466941359 ], [ -91.35487777073304, 31.774237712269667 ], [ -91.354559832601311, 31.774287480094667 ], [ -91.354293822636649, 31.774130616906394 ], [ -91.354235566389463, 31.773859011698647 ] ] ], [ [ [ -91.368833759876679, 31.783980821083258 ], [ -91.369017367915347, 31.783753555455409 ], [ -91.369335332602205, 31.783703752416613 ], [ -91.369601396093046, 31.783860585717779 ], [ -91.369659702525496, 31.784132185203653 ], [ -91.369476095225139, 31.784359451772762 ], [ -91.369158128336323, 31.784409255085631 ], [ -91.368892064107143, 31.784252420843206 ], [ -91.368833759876679, 31.783980821083258 ] ] ], [ [ [ -91.353186749689158, 31.785758822905155 ], [ -91.353370398696299, 31.785531581321315 ], [ -91.353688376100948, 31.785481817875088 ], [ -91.35395441660954, 31.785638683125253 ], [ -91.354012677821359, 31.785910288201567 ], [ -91.35382902955115, 31.786137530727078 ], [ -91.353511049943805, 31.786187294446439 ], [ -91.353245008698295, 31.786030428254612 ], [ -91.353186749689158, 31.785758822905155 ] ] ], [ [ [ -91.348284905805087, 31.804103149960511 ], [ -91.348468604867975, 31.803875917715388 ], [ -91.34878664763653, 31.803826168873002 ], [ -91.349052730529394, 31.803983045437416 ], [ -91.349110986317939, 31.804254651911201 ], [ -91.348927287992268, 31.804481885098735 ], [ -91.348609243018871, 31.804531634214211 ], [ -91.34834315938879, 31.804374756707361 ], [ -91.348284905805087, 31.804103149960511 ] ] ] ] } },
{ "type": "Feature", "properties": { "depth_bin": -25, "survey_id": "LM_03_KGC_20260531_CS_3820_3786", "date": "2026-05-31 00:00:00+00:00", "year": 2026, "mile": 380.0, "bin_order": 25 }, "geometry": { "type": "MultiPolygon", "coordinates": [ [ [ [ -91.368743289898049, 31.778175436367011 ], [ -91.368926886022891, 31.777948170293524 ], [ -91.36924483072994, 31.777898366772899 ], [ -91.369510877878454, 31.778055199838363 ], [ -91.369569181178989, 31.77832679947258 ], [ -91.36938558579223, 31.778554066487125 ], [ -91.369067638883834, 31.778603870281717 ], [ -91.368801590997251, 31.778447036275217 ], [ -91.368743289898049, 31.778175436367011 ] ] ], [ [ [ -91.366124383229845, 31.783742322583759 ], [ -91.366307997221199, 31.783515061062921 ], [ -91.366625962227531, 31.78346526481241 ], [ -91.36689202021752, 31.783622103606756 ], [ -91.36695031855092, 31.783893704072934 ], [ -91.366766705297621, 31.784120966535074 ], [ -91.366448738089275, 31.784170763059482 ], [ -91.366182679361202, 31.784013923323826 ], [ -91.366124383229845, 31.783742322583759 ] ] ], [ [ [ -91.371233905471499, 31.784199984524381 ], [ -91.37141750825289, 31.783972715259441 ], [ -91.371735472683312, 31.783922906208112 ], [ -91.372001541068755, 31.784079734643246 ], [ -91.372059854679762, 31.784351333260037 ], [ -91.371876252636909, 31.784578603466187 ], [ -91.371558286004557, 31.784628412791729 ], [ -91.371292216880576, 31.784471583415382 ], [ -91.371233905471499, 31.784199984524381 ] ] ], [ [ [ -91.360571714854899, 31.81003631152219 ], [ -91.360755397064153, 31.809809061120671 ], [ -91.361073455150276, 31.809759282070182 ], [ -91.36133957655926, 31.809916134069709 ], [ -91.361397871501225, 31.810187736011549 ], [ -91.361214190030537, 31.810414987355426 ], [ -91.360896129739345, 31.810464766679821 ], [ -91.36063000759178, 31.810307913737926 ], [ -91.360571714854899, 31.81003631152219 ] ] ] ] } },
{ "type": "Feature", "properties": { "depth_bin": -24, "survey_id": "LM_03_KGC_20260531_CS_3820_3786", "date": "2026-05-31 00:00:00+00:00", "year": 2026, "mile": 380.0, "bin_order": 24 }, "geometry": { "type": "MultiPolygon", "coordinates": [ [ [ [ -91.355841033768314, 31.768086325749017 ], [ -91.35604982749642, 31.767875547504179 ], [ -91.356371922474423, 31.767852636714327 ], [ -91.356618641460386, 31.768031014149877 ], [ -91.356645460025632, 31.768306189418567 ], [ -91.35643666659054, 31.76851696863957 ], [ -91.356114569310449, 31.768539879513646 ], [ -91.355867850031473, 31.768361501101921 ], [ -91.355841033768314, 31.768086325749017 ] ] ], [ [ [ -91.375861796339066, 31.772965548339958 ], [ -91.376070557628765, 31.772754736258506 ], [ -91.376392666965998, 31.772731775231158 ], [ -91.376639438697538, 31.772910115455847 ], [ -91.376666317498518, 31.773185288337881 ], [ -91.376457556503851, 31.773396101395495 ], [ -91.376135444864275, 31.773419062508385 ], [ -91.375888672837675, 31.773240721307552 ], [ -91.375861796339066, 31.772965548339958 ] ] ], [ [ [ -91.354008736276228, 31.779680616358881 ], [ -91.354217561301994, 31.779469842509549 ], [ -91.354539696851646, 31.779446937770384 ], [ -91.354786441917909, 31.77962531936744 ], [ -91.354813256794586, 31.77990049447099 ], [ -91.354604432061862, 31.780111269296949 ], [ -91.354282294208772, 31.780134174120285 ], [ -91.354035548849481, 31.779955791546605 ], [ -91.354008736276228, 31.779680616358881 ] ] ], [ [ [ -91.354117627309137, 31.782773479089787 ], [ -91.354326459375869, 31.78256270538682 ], [ -91.354648605674953, 31.782539800744466 ], [ -91.354895358902439, 31.782718182332044 ], [ -91.35492217457147, 31.78299335732547 ], [ -91.354713342797837, 31.783204132005167 ], [ -91.354391194194974, 31.783227036731738 ], [ -91.354144440674403, 31.78304865416742 ], [ -91.354117627309137, 31.782773479089787 ] ] ], [ [ [ -91.353836217682698, 31.786143000735297 ], [ -91.354045058299064, 31.785932227878895 ], [ -91.354367216362746, 31.78590932435791 ], [ -91.354613977678525, 31.786087706684778 ], [ -91.354640793021588, 31.786362881602443 ], [ -91.354431952698334, 31.786573655435713 ], [ -91.354109792330476, 31.786596559040909 ], [ -91.35386303072157, 31.786418175737168 ], [ -91.353836217682698, 31.786143000735297 ] ] ], [ [ [ -91.349281637180354, 31.801146626484176 ], [ -91.34952605098087, 31.801129263657657 ], [ -91.349710277921105, 31.80120662117416 ], [ -91.349857089091643, 31.801522806076203 ], [ -91.349700363017121, 31.801764322907275 ], [ -91.34919603511581, 31.801929110074411 ], [ -91.34878820309595, 31.801772024734657 ], [ -91.348671686270848, 31.801480010880926 ], [ -91.348862084041784, 31.801217839136953 ], [ -91.349281637180354, 31.801146626484176 ] ] ] ] } },
{ "type": "Feature", "properties": { "depth_bin": -23, "survey_id": "LM_03_KGC_20260531_CS_3820_3786", "date": "2026-05-31 00:00:00+00:00", "year": 2026, "mile": 380.0, "bin_order": 23 }, "geometry": { "type": "MultiPolygon", "coordinates": [ [ [ [ -91.354813923924567, 31.770904082382028 ], [ -91.355022726532908, 31.770693306204162 ], [ -91.355344831444171, 31.770670398361514 ], [ -91.355591555597854, 31.77084877789812 ], [ -91.355618371538085, 31.771123953191008 ], [ -91.355409569222701, 31.771334730345156 ], [ -91.355087462009038, 31.77135763827199 ], [ -91.354840737562384, 31.771179257759098 ], [ -91.354813923924567, 31.770904082382028 ] ] ], [ [ [ -91.353438446180903, 31.785365367785502 ], [ -91.353685019801972, 31.785139944192387 ], [ -91.354080675491872, 31.785178403140687 ], [ -91.354261647218948, 31.785445385529339 ], [ -91.354161105042451, 31.785771191921835 ], [ -91.353889626998409, 31.785921107222343 ], [ -91.353573557694091, 31.785863144281446 ], [ -91.353398047711124, 31.785631257338057 ], [ -91.353438446180903, 31.785365367785502 ] ] ], [ [ [ -91.367359665630502, 31.789688705729933 ], [ -91.367568484915751, 31.789477910030332 ], [ -91.367890653563549, 31.789454972589436 ], [ -91.368137451178782, 31.78963332978887 ], [ -91.368164307273858, 31.789908503090889 ], [ -91.367955488283087, 31.790119299767362 ], [ -91.367633317330913, 31.790142237293363 ], [ -91.367386519421188, 31.789963879117057 ], [ -91.367359665630502, 31.789688705729933 ] ] ], [ [ [ -91.35058136672184, 31.798968056874479 ], [ -91.350790244686195, 31.798757290993652 ], [ -91.351112447828683, 31.798734397289945 ], [ -91.351359235548642, 31.79891278652509 ], [ -91.351386043153937, 31.799187961395599 ], [ -91.351177165482611, 31.799398728253806 ], [ -91.350854960034425, 31.799421622041582 ], [ -91.350608172021438, 31.799243231829063 ], [ -91.35058136672184, 31.798968056874479 ] ] ], [ [ [ -91.353407186857112, 31.799490858864072 ], [ -91.35361605985058, 31.799280088183739 ], [ -91.353938264448615, 31.799257187363906 ], [ -91.354185059197903, 31.799435571334651 ], [ -91.354211875288826, 31.799710745876329 ], [ -91.354003002588655, 31.799921517534042 ], [ -91.353680795684923, 31.799944418438152 ], [ -91.353434000642324, 31.799766033490023 ], [ -91.353407186857112, 31.799490858864072 ] ] ], [ [ [ -91.34827528003099, 31.801139641396006 ], [ -91.348484168173812, 31.800928879712938 ], [ -91.348806379178555, 31.800905992131074 ], [ -91.349053167839131, 31.801084385826108 ], [ -91.349079968912278, 31.801359560882101 ], [ -91.348871081062313, 31.801570323542656 ], [ -91.348548867751589, 31.801593211208463 ], [ -91.34830207879817, 31.801414816535946 ], [ -91.34827528003099, 31.801139641396006 ] ] ], [ [ [ -91.348142751762296, 31.804023815350345 ], [ -91.348351646993123, 31.803813054206703 ], [ -91.348673868063031, 31.803790167310815 ], [ -91.348920663870132, 31.803968561436548 ], [ -91.348947464984846, 31.804243736415742 ], [ -91.348738570046905, 31.804454498536987 ], [ -91.348416346670689, 31.804477385516826 ], [ -91.348169550570731, 31.804298990413486 ], [ -91.348142751762296, 31.804023815350345 ] ] ] ] } },
{ "type": "Feature", "properties": { "depth_bin": -22, "survey_id": "LM_03_KGC_20260531_CS_3820_3786", "date": "2026-05-31 00:00:00+00:00", "year": 2026, "mile": 380.0, "bin_order": 22 }, "geometry": { "type": "MultiPolygon", "coordinates": [ [ [ [ -91.368896999403447, 31.778232653112511 ], [ -91.369080595281886, 31.778005386810449 ], [ -91.369398540121423, 31.777955582910131 ], [ -91.369664587703681, 31.778112415667128 ], [ -91.369722891485154, 31.778384015244868 ], [ -91.369539296344797, 31.778611282487965 ], [ -91.369221349303928, 31.778661086662286 ], [ -91.368955300983572, 31.778504252964229 ], [ -91.368896999403447, 31.778232653112511 ] ] ], [ [ [ -91.35089743821014, 31.793538027488125 ], [ -91.351106302689061, 31.793327260478065 ], [ -91.351428486879357, 31.793304365314832 ], [ -91.351675261281812, 31.793482753615081 ], [ -91.351702069005512, 31.793757928622863 ], [ -91.351493204819562, 31.79396869661009 ], [ -91.351171018324209, 31.793991591857392 ], [ -91.350924243628796, 31.793813202579962 ], [ -91.35089743821014, 31.793538027488125 ] ] ], [ [ [ -91.353768542572269, 31.796782252780631 ], [ -91.353977408391884, 31.796571481187389 ], [ -91.354299603508963, 31.796548579122543 ], [ -91.354546392023749, 31.79672696224549 ], [ -91.354573208778746, 31.797002136833132 ], [ -91.354364343252414, 31.797212909403655 ], [ -91.354042145829965, 31.797235811552778 ], [ -91.35379535702188, 31.797057427452554 ], [ -91.353768542572269, 31.796782252780631 ] ] ], [ [ [ -91.365311843496926, 31.798628780923877 ], [ -91.365495490545158, 31.798401522140434 ], [ -91.365813507251616, 31.798351729757126 ], [ -91.366079605300939, 31.798508571283023 ], [ -91.366137908587021, 31.798780171745371 ], [ -91.365954262277356, 31.799007431470656 ], [ -91.365636243367206, 31.799057224127999 ], [ -91.365370144579316, 31.79890038166026 ], [ -91.365311843496926, 31.798628780923877 ] ] ], [ [ [ -91.34855636826417, 31.801304801288982 ], [ -91.348765256179234, 31.801094039140651 ], [ -91.349087467723066, 31.801071150864598 ], [ -91.349334257373812, 31.801249544043163 ], [ -91.349361059308194, 31.801524719062947 ], [ -91.349152171686001, 31.801735482188764 ], [ -91.348829957836188, 31.801758370548779 ], [ -91.348583167892571, 31.801579976392734 ], [ -91.34855636826417, 31.801304801288982 ] ] ], [ [ [ -91.350364442515556, 31.81661553155925 ], [ -91.350573362552666, 31.816404767956247 ], [ -91.350895627220098, 31.8163818769378 ], [ -91.351142459878091, 31.816560267692552 ], [ -91.351169269510635, 31.816835442027337 ], [ -91.350960349766822, 31.817046206608399 ], [ -91.350638082791704, 31.817069097711016 ], [ -91.350391249840399, 31.816890705978224 ], [ -91.350364442515556, 31.81661553155925 ] ] ] ] } },
{ "type": "Feature", "properties": { "depth_bin": -21, "survey_id": "LM_03_KGC_20260531_CS_3820_3786", "date": "2026-05-31 00:00:00+00:00", "year": 2026, "mile": 380.0, "bin_order": 21 }, "geometry": { "type": "MultiPolygon", "coordinates": [ [ [ [ -91.365961304383404, 31.783749115687453 ], [ -91.366144918777238, 31.783521854415966 ], [ -91.366462883875684, 31.783472058576628 ], [ -91.366728941593522, 31.783628897703146 ], [ -91.366787239449877, 31.783900498227869 ], [ -91.366603625794085, 31.784127760440679 ], [ -91.366285658493581, 31.784177556553892 ], [ -91.366019600037703, 31.784020716486079 ], [ -91.365961304383404, 31.783749115687453 ] ] ], [ [ [ -91.353332578513147, 31.785799809386269 ], [ -91.353541419426477, 31.785589037357965 ], [ -91.353863576360681, 31.785566135074621 ], [ -91.354110335782195, 31.78574451832371 ], [ -91.354137149575763, 31.786019693307932 ], [ -91.353928308955503, 31.786230466313093 ], [ -91.353606149717152, 31.786253368680605 ], [ -91.353359390002581, 31.786074984454661 ], [ -91.353332578513147, 31.785799809386269 ] ] ], [ [ [ -91.352353393958282, 31.788145851995793 ], [ -91.352562242543655, 31.787935081902532 ], [ -91.352884407771327, 31.78791218238943 ], [ -91.353131171249714, 31.7880905676212 ], [ -91.353157982487062, 31.788365742639211 ], [ -91.352949134194702, 31.788576513709408 ], [ -91.352626966662612, 31.78859941330666 ], [ -91.352380202891212, 31.788421027097922 ], [ -91.352353393958282, 31.788145851995793 ] ] ], [ [ [ -91.363241401278273, 31.80452042930305 ], [ -91.363425065583414, 31.804293174271603 ], [ -91.36374310349926, 31.8042433878224 ], [ -91.364009214286767, 31.804400233988421 ], [ -91.364067514377979, 31.804671835078977 ], [ -91.363883850811447, 31.804899091052533 ], [ -91.363565810691213, 31.80494887777574 ], [ -91.363299699165111, 31.804792030667599 ], [ -91.363241401278273, 31.80452042930305 ] ] ], [ [ [ -91.352600113668117, 31.805089307920397 ], [ -91.352809001624607, 31.804878539230696 ], [ -91.353131225830808, 31.804855641137504 ], [ -91.353378033347681, 31.805034026973708 ], [ -91.353404847886551, 31.805309201427022 ], [ -91.353195960223388, 31.805519971094327 ], [ -91.352873733710823, 31.805542869271765 ], [ -91.352626925900637, 31.805364482457978 ], [ -91.352600113668117, 31.805089307920397 ] ] ], [ [ [ -91.352039734881814, 31.808020283292656 ], [ -91.352248630976334, 31.807809515882223 ], [ -91.352570865468095, 31.807786619567064 ], [ -91.352817679393127, 31.807965006638543 ], [ -91.352844492708982, 31.808240181060828 ], [ -91.35263559690776, 31.808450949448972 ], [ -91.352313360109306, 31.808473845848365 ], [ -91.352066545890963, 31.808295457799183 ], [ -91.352039734881814, 31.808020283292656 ] ] ] ] } },
{ "type": "Feature", "properties": { "depth_bin": -20, "survey_id": "LM_03_KGC_20260531_CS_3820_3786", "date": "2026-05-31 00:00:00+00:00", "year": 2026, "mile": 380.0, "bin_order": 20 }, "geometry": { "type": "MultiPolygon", "coordinates": [ [ [ [ -91.371989638454934, 31.781458743812593 ], [ -91.37219842821392, 31.781247939283638 ], [ -91.372520567609271, 31.781224989100593 ], [ -91.372767353380866, 31.781403337109055 ], [ -91.372794221979177, 31.781678510154979 ], [ -91.372585432514995, 31.781889315660443 ], [ -91.372263290816278, 31.781912265928852 ], [ -91.37201650474988, 31.781733916943885 ], [ -91.371989638454934, 31.781458743812593 ] ] ], [ [ [ -91.352993630075787, 31.788205294817804 ], [ -91.353101810311074, 31.788056297544642 ], [ -91.353319803891679, 31.787960369403368 ], [ -91.353563454659195, 31.787984053387213 ], [ -91.353741859476798, 31.788108929734051 ], [ -91.354113291694262, 31.788023652758895 ], [ -91.354379340046066, 31.788180517331131 ], [ -91.354437603760431, 31.788452122204784 ], [ -91.354318745985694, 31.788635330430697 ], [ -91.35410075174083, 31.788731260254671 ], [ -91.353857098836542, 31.788707577231264 ], [ -91.353678692743429, 31.788582701013112 ], [ -91.353307257925266, 31.788667976623547 ], [ -91.353041210129987, 31.788511109835607 ], [ -91.352993630075787, 31.788205294817804 ] ] ], [ [ [ -91.351624728147215, 31.790910942205755 ], [ -91.351833584842808, 31.790700173662618 ], [ -91.352155759791515, 31.790677276334382 ], [ -91.352402528907518, 31.790855663105962 ], [ -91.352429338396618, 31.791130838116754 ], [ -91.35222048199401, 31.791341607636955 ], [ -91.351898304740558, 31.791364505049266 ], [ -91.351651535331584, 31.791186117300633 ], [ -91.351624728147215, 31.790910942205755 ] ] ], [ [ [ -91.34963529721125, 31.798800048532307 ], [ -91.349844176856223, 31.798589284259169 ], [ -91.350166379535708, 31.798566392938746 ], [ -91.350413164920255, 31.798744783936684 ], [ -91.350439969685723, 31.79901995891689 ], [ -91.350231090333693, 31.799230724167412 ], [ -91.349908885348526, 31.799253615571875 ], [ -91.34966209967105, 31.799075223596549 ], [ -91.34963529721125, 31.798800048532307 ] ] ], [ [ [ -91.349350195207933, 31.801432333685206 ], [ -91.349636063726663, 31.801195500284489 ], [ -91.350162140601427, 31.801228198558018 ], [ -91.350428218707535, 31.801385072133758 ], [ -91.350486477273378, 31.801656678165166 ], [ -91.350367593752239, 31.801839881499795 ], [ -91.350189926958777, 31.801927722736497 ], [ -91.349663846114623, 31.80189502444669 ], [ -91.349397767952709, 31.801738149278759 ], [ -91.349350195207933, 31.801432333685206 ] ] ], [ [ [ -91.350514677832408, 31.816671010732907 ], [ -91.350723597670367, 31.816460246877583 ], [ -91.351045862511782, 31.81643735548397 ], [ -91.351292695614973, 31.816615745960455 ], [ -91.35131950570316, 31.816890920276879 ], [ -91.351110586158526, 31.817101685110249 ], [ -91.350788319009411, 31.817124576588057 ], [ -91.350541485612894, 31.816946185133521 ], [ -91.350514677832408, 31.816671010732907 ] ] ] ] } },
{ "type": "Feature", "properties": { "depth_bin": -19, "survey_id": "LM_03_KGC_20260531_CS_3820_3786", "date": "2026-05-31 00:00:00+00:00", "year": 2026, "mile": 380.0, "bin_order": 19 }, "geometry": { "type": "MultiPolygon", "coordinates": [ [ [ [ -91.36754133543576, 31.769056158179968 ], [ -91.36906683466654, 31.769168558264443 ], [ -91.369456906996589, 31.769276228419258 ], [ -91.369786199365194, 31.769249723955202 ], [ -91.370032948886362, 31.769428076346134 ], [ -91.370059807521883, 31.769703250079157 ], [ -91.36988690231567, 31.769896307272376 ], [ -91.369609884227842, 31.769951832625694 ], [ -91.369378848077517, 31.769864035292077 ], [ -91.369130497727568, 31.769905374618354 ], [ -91.366689250843919, 31.769689270476324 ], [ -91.36637946157191, 31.769608049373854 ], [ -91.366213412637279, 31.769410648916704 ], [ -91.366249919558797, 31.769136287540444 ], [ -91.366502818321038, 31.768964338006619 ], [ -91.36754133543576, 31.769056158179968 ] ] ], [ [ [ -91.353565380491517, 31.785484710863322 ], [ -91.35381834748479, 31.785312789250039 ], [ -91.354139544389312, 31.785344010292384 ], [ -91.354340819999138, 31.785560085336499 ], [ -91.354304269359801, 31.785834441212987 ], [ -91.354051301755561, 31.786006363760972 ], [ -91.353730102610143, 31.785975142422586 ], [ -91.353528827611285, 31.785759066443759 ], [ -91.353565380491517, 31.785484710863322 ] ] ], [ [ [ -91.352041726943256, 31.793629445091039 ], [ -91.352294719510226, 31.793457527563628 ], [ -91.352615943776343, 31.793488753348818 ], [ -91.352817232508229, 31.793704831014598 ], [ -91.35278067306443, 31.793979185855996 ], [ -91.352527679886123, 31.794151104318399 ], [ -91.352206453378258, 31.794119878236987 ], [ -91.352005165257722, 31.793903799636229 ], [ -91.352041726943256, 31.793629445091039 ] ] ], [ [ [ -91.349808601612764, 31.79879113995656 ], [ -91.350040664177669, 31.798598875697621 ], [ -91.35036394267496, 31.798603065977748 ], [ -91.35058906658476, 31.798801256264216 ], [ -91.35058416125905, 31.799077350064579 ], [ -91.350352098531644, 31.79926961529851 ], [ -91.350028817715824, 31.799265424910136 ], [ -91.349803693968525, 31.799067233648657 ], [ -91.349808601612764, 31.79879113995656 ] ] ], [ [ [ -91.349223571752674, 31.801342020718103 ], [ -91.349476590967186, 31.801170109882385 ], [ -91.349797840529078, 31.801201343617201 ], [ -91.349999138387631, 31.801417425833911 ], [ -91.349962566554751, 31.801691779161867 ], [ -91.349709546728405, 31.801863690932823 ], [ -91.349388294923955, 31.801832456901543 ], [ -91.349186997677251, 31.801616373749606 ], [ -91.349223571752674, 31.801342020718103 ] ] ], [ [ [ -91.351353969124077, 31.810796035845637 ], [ -91.351607011183489, 31.81062412175665 ], [ -91.351928294300336, 31.810655351198903 ], [ -91.352129616768593, 31.810871430598226 ], [ -91.352093046184152, 31.81114578423464 ], [ -91.351840003512848, 31.811317699259238 ], [ -91.351518718152349, 31.811286469520589 ], [ -91.351317396295968, 31.811070389185648 ], [ -91.351353969124077, 31.810796035845637 ] ] ] ] } },
{ "type": "Feature", "properties": { "depth_bin": -18, "survey_id": "LM_03_KGC_20260531_CS_3820_3786", "date": "2026-05-31 00:00:00+00:00", "year": 2026, "mile": 380.0, "bin_order": 18 }, "geometry": { "type": "MultiPolygon", "coordinates": [ [ [ [ -91.368951261350873, 31.769419949425597 ], [ -91.369109622578378, 31.769260046574811 ], [ -91.369303862544541, 31.769203462306994 ], [ -91.370541748862578, 31.769344110335481 ], [ -91.370807774490871, 31.769500940145548 ], [ -91.37086607738955, 31.769772539483341 ], [ -91.370747276913121, 31.769955765456853 ], [ -91.370488262045214, 31.770056395670913 ], [ -91.369250366391739, 31.76991574682209 ], [ -91.368963571706303, 31.769728276306509 ], [ -91.368951261350873, 31.769419949425597 ] ] ], [ [ [ -91.367181862425142, 31.777983865519133 ], [ -91.367434784387513, 31.777811915113713 ], [ -91.367755961627509, 31.777843101110619 ], [ -91.367957254458034, 31.77805915538449 ], [ -91.367920747838014, 31.778333516932779 ], [ -91.367667825266182, 31.778505468272851 ], [ -91.367346645785815, 31.77847428198082 ], [ -91.367145353564766, 31.778258226772316 ], [ -91.367181862425142, 31.777983865519133 ] ] ], [ [ [ -91.354250359770063, 31.785244922261171 ], [ -91.354486067347224, 31.785187160240973 ], [ -91.354719620953659, 31.785250987549453 ], [ -91.354872299477265, 31.785414890727044 ], [ -91.354899342222566, 31.785588685613252 ], [ -91.354686484037217, 31.786084751611789 ], [ -91.354519788106899, 31.786187049001477 ], [ -91.354293468032935, 31.786206949329987 ], [ -91.354456303109131, 31.786430546763444 ], [ -91.354410290307612, 31.786670432499232 ], [ -91.354234289312188, 31.786816281978989 ], [ -91.353993084129499, 31.786854031053082 ], [ -91.353710320371249, 31.786720194768506 ], [ -91.35362117264124, 31.786454775138591 ], [ -91.353777861044676, 31.786213251702147 ], [ -91.354111449742419, 31.786140302873051 ], [ -91.353945486549847, 31.785896591853348 ], [ -91.35364006219551, 31.785734214926826 ], [ -91.353575100225399, 31.785497548786104 ], [ -91.35367235940852, 31.785305272405253 ], [ -91.353839054593024, 31.785202976089966 ], [ -91.354250359770063, 31.785244922261171 ] ] ], [ [ [ -91.370308798024368, 31.78697439628462 ], [ -91.370561739733162, 31.786802440524784 ], [ -91.370882949341635, 31.786833619665114 ], [ -91.371084268202438, 31.787049669596655 ], [ -91.371047766026351, 31.787324031860816 ], [ -91.370794823708138, 31.787495988555676 ], [ -91.370473611858216, 31.787464809120362 ], [ -91.370272293606845, 31.787248758253799 ], [ -91.370308798024368, 31.78697439628462 ] ] ], [ [ [ -91.358086391888563, 31.815314748714346 ], [ -91.358318480915543, 31.815122470650408 ], [ -91.358641818305912, 31.815126641839868 ], [ -91.358866999042434, 31.815324818932687 ], [ -91.35886211518924, 31.815600913165543 ], [ -91.358630026000498, 31.815793192205135 ], [ -91.358306686289637, 31.815789020907932 ], [ -91.358081505714907, 31.815590842839462 ], [ -91.358086391888563, 31.815314748714346 ] ] ], [ [ [ -91.352532373416707, 31.788089917086285 ], [ -91.352764402791294, 31.787897646454088 ], [ -91.353087644488724, 31.787901828564923 ], [ -91.353312749545125, 31.7881000136714 ], [ -91.353307854356771, 31.788376108315148 ], [ -91.35307582482001, 31.788568379921934 ], [ -91.352752580805287, 31.788564197703021 ], [ -91.352527475911046, 31.788366011621953 ], [ -91.352532373416707, 31.788089917086285 ] ] ], [ [ [ -91.350185966396907, 31.796103482441072 ], [ -91.350438969185717, 31.795931569011962 ], [ -91.350760201133539, 31.795962799738785 ], [ -91.350961490507316, 31.796178880294867 ], [ -91.350924924289401, 31.796453234282222 ], [ -91.350671920889013, 31.796625148646385 ], [ -91.350350686699201, 31.796593917623206 ], [ -91.350149397937017, 31.796377836132056 ], [ -91.350185966396907, 31.796103482441072 ] ] ], [ [ [ -91.349512499400134, 31.798700167410914 ], [ -91.34965265389549, 31.798572064366002 ], [ -91.349888398164182, 31.798514312220259 ], [ -91.350192867648914, 31.798631298800188 ], [ -91.35079730327746, 31.7986741896997 ], [ -91.351152619635954, 31.798836707779913 ], [ -91.351224384776117, 31.79917127699763 ], [ -91.351085052307724, 31.799343647692471 ], [ -91.350857070133529, 31.799420858219065 ], [ -91.350223943326654, 31.799308686617369 ], [ -91.350041807835069, 31.799208822633414 ], [ -91.349753238272299, 31.799218657093711 ], [ -91.349489299385382, 31.799008033130882 ], [ -91.349512499400134, 31.798700167410914 ] ] ], [ [ [ -91.349533624183763, 31.801415467417392 ], [ -91.34978664305909, 31.801243555954329 ], [ -91.350107893014808, 31.801274788918104 ], [ -91.350309191769469, 31.801490870671714 ], [ -91.350272620810102, 31.801765224115815 ], [ -91.35001960132297, 31.801937136514102 ], [ -91.349698349124694, 31.801905903253907 ], [ -91.349497050981839, 31.801689820565041 ], [ -91.349533624183763, 31.801415467417392 ] ] ], [ [ [ -91.351390533237179, 31.810801626006509 ], [ -91.351643575247948, 31.810629711843166 ], [ -91.351964858400649, 31.810660941194101 ], [ -91.352166180968297, 31.810877020538673 ], [ -91.352129610488532, 31.811151374188952 ], [ -91.351876567865901, 31.811323289287913 ], [ -91.351555282469533, 31.811292059640564 ], [ -91.351353960513777, 31.811075979360382 ], [ -91.351390533237179, 31.810801626006509 ] ] ] ] } },
{ "type": "Feature", "properties": { "depth_bin": -17, "survey_id": "LM_03_KGC_20260531_CS_3820_3786", "date": "2026-05-31 00:00:00+00:00", "year": 2026, "mile": 380.0, "bin_order": 17 }, "geometry": { "type": "MultiPolygon", "coordinates": [ [ [ [ -91.370778727893679, 31.769378632631415 ], [ -91.37237550324096, 31.769563773993216 ], [ -91.372600608381475, 31.769761925425787 ], [ -91.372595773968499, 31.770038023530876 ], [ -91.372437417154288, 31.770197930856011 ], [ -91.372201757675569, 31.770255727900114 ], [ -91.370445438515276, 31.770052723684859 ], [ -91.370220337469775, 31.769854568580456 ], [ -91.370225178902814, 31.769578470794006 ], [ -91.370457125131495, 31.769386164588671 ], [ -91.370778727893679, 31.769378632631415 ] ] ], [ [ [ -91.370801976863206, 31.772199919676133 ], [ -91.371755458910101, 31.772329856801324 ], [ -91.371930992284007, 31.772561719591263 ], [ -91.371863196594219, 31.772831706184185 ], [ -91.371591784166952, 31.772981661762227 ], [ -91.371147795772998, 31.772956381346233 ], [ -91.369952181328586, 31.772808236370082 ], [ -91.369688266996874, 31.772597654442428 ], [ -91.369693110527393, 31.772321556848205 ], [ -91.369925064921674, 31.772129251958233 ], [ -91.370801976863206, 31.772199919676133 ] ] ], [ [ [ -91.36609085491736, 31.769114047718826 ], [ -91.366343753896999, 31.768942098508266 ], [ -91.366664900117428, 31.76897328625811 ], [ -91.366866172061663, 31.769189341816126 ], [ -91.36682966692365, 31.769463703427316 ], [ -91.366576767334692, 31.769635653572166 ], [ -91.366255618874916, 31.76960446552723 ], [ -91.366054347540015, 31.769388409034903 ], [ -91.36609085491736, 31.769114047718826 ] ] ], [ [ [ -91.365999909968593, 31.792507365005768 ], [ -91.366252874810272, 31.792335418726541 ], [ -91.366574101530105, 31.792366609309564 ], [ -91.366775421457504, 31.792582665943147 ], [ -91.366738903678069, 31.792857026242821 ], [ -91.366485938226404, 31.793028973457201 ], [ -91.366164709264609, 31.792997782578865 ], [ -91.365963389947197, 31.79278172501013 ], [ -91.365999909968593, 31.792507365005768 ] ] ], [ [ [ -91.350482427880252, 31.796195660079203 ], [ -91.350794081075705, 31.795983893032066 ], [ -91.351316038433069, 31.796043770058986 ], [ -91.35156281964818, 31.796222158742793 ], [ -91.351589627451915, 31.796497333676129 ], [ -91.351303778742519, 31.796734172292137 ], [ -91.350741457014095, 31.796682375802991 ], [ -91.350477522734948, 31.796471753977798 ], [ -91.350482427880252, 31.796195660079203 ] ] ], [ [ [ -91.365194927530098, 31.798510712253414 ], [ -91.365447910662496, 31.798338768329064 ], [ -91.365769157702402, 31.798369961603708 ], [ -91.365970488076414, 31.798586019688969 ], [ -91.365933964750525, 31.798860379350185 ], [ -91.365680981007884, 31.799032324209893 ], [ -91.365359731725377, 31.799001130639851 ], [ -91.36515840196158, 31.798785071619207 ], [ -91.365194927530098, 31.798510712253414 ] ] ], [ [ [ -91.348454998731697, 31.801139657002977 ], [ -91.348708018729837, 31.800967747719941 ], [ -91.349029267245569, 31.800998983363765 ], [ -91.349230562840916, 31.801215066727575 ], [ -91.349193988853528, 31.801489419768732 ], [ -91.348940968243483, 31.801661329986953 ], [ -91.348619717485263, 31.801630094046619 ], [ -91.348418422501794, 31.801414009747617 ], [ -91.348454998731697, 31.801139657002977 ] ] ], [ [ [ -91.36162577709139, 31.807160833516868 ], [ -91.361878790832733, 31.806988897927923 ], [ -91.362200066071779, 31.807020101138889 ], [ -91.362401405717094, 31.807236164941067 ], [ -91.362364867303228, 31.80751052275107 ], [ -91.362111852951102, 31.807682459275657 ], [ -91.361790575468561, 31.807651255768977 ], [ -91.361589236434057, 31.807435191031161 ], [ -91.36162577709139, 31.807160833516868 ] ] ], [ [ [ -91.360459939433596, 31.809900606850263 ], [ -91.36071296293494, 31.809728673974803 ], [ -91.361034247091794, 31.809759880422725 ], [ -91.361235589589, 31.809975946089224 ], [ -91.36119904629038, 31.810250303298904 ], [ -91.360946022178041, 31.810422237110085 ], [ -91.360624735777407, 31.810391030366365 ], [ -91.360423393891182, 31.81017496376413 ], [ -91.360459939433596, 31.809900606850263 ] ] ] ] } },
{ "type": "Feature", "properties": { "depth_bin": -16, "survey_id": "LM_03_KGC_20260531_CS_3820_3786", "date": "2026-05-31 00:00:00+00:00", "year": 2026, "mile": 380.0, "bin_order": 16 }, "geometry": { "type": "MultiPolygon", "coordinates": [ [ [ [ -91.369245018162559, 31.772033188085601 ], [ -91.37032915218893, 31.772125994427299 ], [ -91.370525384168943, 31.772212929861759 ], [ -91.370807838109542, 31.772180672550267 ], [ -91.371077913822646, 31.772343463270911 ], [ -91.371279594154245, 31.772259717197809 ], [ -91.371484401978449, 31.772270940327108 ], [ -91.371731162668425, 31.772449289722989 ], [ -91.371758026813026, 31.772724463169979 ], [ -91.371585119119061, 31.772917522511698 ], [ -91.371349452206502, 31.772975317705686 ], [ -91.370997114741954, 31.772804542152482 ], [ -91.370671571066168, 31.772891898547595 ], [ -91.370434437454392, 31.772799244291789 ], [ -91.370192881603856, 31.772837219798017 ], [ -91.36872066501887, 31.772663476958382 ], [ -91.368545139679753, 31.772431610007306 ], [ -91.368612944585649, 31.772161625478564 ], [ -91.368844010681372, 31.772019763210992 ], [ -91.369245018162559, 31.772033188085601 ] ] ], [ [ [ -91.365899527658371, 31.769155246318356 ], [ -91.366108301843695, 31.768944450923488 ], [ -91.366430399232385, 31.768921514729822 ], [ -91.366677141170342, 31.76909987338853 ], [ -91.366703989784611, 31.769375047506482 ], [ -91.366495215893295, 31.769585843877447 ], [ -91.366173116202532, 31.769608780156005 ], [ -91.365926373970581, 31.769430420521196 ], [ -91.365899527658371, 31.769155246318356 ] ] ], [ [ [ -91.365824034449318, 31.783694917270115 ], [ -91.366056026016551, 31.783502620982343 ], [ -91.366379254578575, 31.783506768842699 ], [ -91.36660437886573, 31.783704931166668 ], [ -91.366599524010113, 31.78398102784146 ], [ -91.366367532282041, 31.784173325103712 ], [ -91.366044301403164, 31.78416917713615 ], [ -91.365819177276833, 31.783971013837718 ], [ -91.365824034449318, 31.783694917270115 ] ] ], [ [ [ -91.350322272962217, 31.796174702230111 ], [ -91.350480712956042, 31.796014825827246 ], [ -91.350716450211465, 31.795957071887742 ], [ -91.350914798368251, 31.796002246604289 ], [ -91.351074010095559, 31.796135541006961 ], [ -91.351352346996876, 31.796050422361656 ], [ -91.351784932002133, 31.796140186096384 ], [ -91.352031714408369, 31.796318573907374 ], [ -91.352058523621452, 31.796593748785892 ], [ -91.351919196751425, 31.796766120644399 ], [ -91.351691221632834, 31.796843332933236 ], [ -91.351178387422351, 31.796742337848471 ], [ -91.35098197309911, 31.796593422337164 ], [ -91.350786158659488, 31.796672676378719 ], [ -91.350581301187702, 31.796661418251066 ], [ -91.350317367344786, 31.796450796107322 ], [ -91.350322272962217, 31.796174702230111 ] ] ] ] } },
{ "type": "Feature", "properties": { "depth_bin": -15, "survey_id": "LM_03_KGC_20260531_CS_3820_3786", "date": "2026-05-31 00:00:00+00:00", "year": 2026, "mile": 380.0, "bin_order": 15 }, "geometry": { "type": "MultiPolygon", "coordinates": [ [ [ [ -91.371967335513929, 31.769794838793711 ], [ -91.372176097893743, 31.769584033055192 ], [ -91.37249819671365, 31.769561081535588 ], [ -91.372744952481156, 31.769739428863538 ], [ -91.372771819222564, 31.770014602283307 ], [ -91.372563057137356, 31.770225408997895 ], [ -91.372240956015389, 31.770248360602782 ], [ -91.371994199953278, 31.77007001229876 ], [ -91.371967335513929, 31.769794838793711 ] ] ], [ [ [ -91.368566823486276, 31.771957797723587 ], [ -91.368969373015801, 31.77200608034082 ], [ -91.369177320252561, 31.77217200844045 ], [ -91.369204176765635, 31.772447182181775 ], [ -91.368995401134626, 31.772657982514108 ], [ -91.368233340576751, 31.77265064935828 ], [ -91.367946539859986, 31.772463176414448 ], [ -91.367902319657773, 31.772257153869333 ], [ -91.368027824116396, 31.772038990781791 ], [ -91.368245765103509, 31.771943035062975 ], [ -91.368566823486276, 31.771957797723587 ] ] ], [ [ [ -91.369360119755456, 31.772314611687435 ], [ -91.369568893778975, 31.772103810692439 ], [ -91.36989100170446, 31.772080866092452 ], [ -91.370137758705724, 31.772259218462789 ], [ -91.370164618086193, 31.77253439209402 ], [ -91.369955844357065, 31.772745194065219 ], [ -91.369633734129209, 31.77276813875033 ], [ -91.369386976833567, 31.77258978540381 ], [ -91.369360119755456, 31.772314611687435 ] ] ], [ [ [ -91.369082690009535, 31.778179514274168 ], [ -91.36931466080101, 31.777987211198905 ], [ -91.369637870705105, 31.777991350148916 ], [ -91.369862989381275, 31.778189506659068 ], [ -91.369858145248728, 31.778465604022077 ], [ -91.369626174296769, 31.778657908071601 ], [ -91.369302962076432, 31.778653769014607 ], [ -91.369077843560731, 31.778455611530198 ], [ -91.369082690009535, 31.778179514274168 ] ] ], [ [ [ -91.369327027899871, 31.786936196799758 ], [ -91.369559020912476, 31.7867438942489 ], [ -91.369882261315709, 31.786748033593952 ], [ -91.370107400903777, 31.786946190138366 ], [ -91.370102555845918, 31.787222287155039 ], [ -91.369870562672801, 31.787414590680495 ], [ -91.369547319952332, 31.787410451228475 ], [ -91.36932218052479, 31.787212293709455 ], [ -91.369327027899871, 31.786936196799758 ] ] ], [ [ [ -91.353470333349605, 31.785855722101026 ], [ -91.353702355063575, 31.785663449439539 ], [ -91.354025589140448, 31.785667628907934 ], [ -91.354250691080168, 31.785865812306692 ], [ -91.354245799104788, 31.78614190717775 ], [ -91.354013777228744, 31.786334180813768 ], [ -91.353690540834847, 31.786330001237364 ], [ -91.353465439057175, 31.786131816864074 ], [ -91.353470333349605, 31.785855722101026 ] ] ], [ [ [ -91.351053829100138, 31.793568278378245 ], [ -91.35126269330712, 31.793357511102744 ], [ -91.351584877582553, 31.793334615545913 ], [ -91.351831652377342, 31.793513003554956 ], [ -91.351858460570753, 31.793788178544521 ], [ -91.351649596656756, 31.793998946797188 ], [ -91.351327410076266, 31.794021842438109 ], [ -91.351080634988492, 31.793843453451892 ], [ -91.351053829100138, 31.793568278378245 ] ] ], [ [ [ -91.367295347870552, 31.795764945297293 ], [ -91.367527367825431, 31.795572647586599 ], [ -91.367850638624972, 31.795576793113423 ], [ -91.368075794258388, 31.795774953560098 ], [ -91.368070941495574, 31.796051049913892 ], [ -91.367838921379956, 31.796243348599511 ], [ -91.367515648262142, 31.796239202965584 ], [ -91.367290492789493, 31.796041041543969 ], [ -91.367295347870552, 31.795764945297293 ] ] ], [ [ [ -91.351114928715759, 31.796299099731893 ], [ -91.351346982214608, 31.7961068327158 ], [ -91.351670252249974, 31.796111019386867 ], [ -91.351895373258685, 31.796309207326452 ], [ -91.351890472292197, 31.796585301416798 ], [ -91.351658418631004, 31.796777569407801 ], [ -91.351335146277393, 31.796773382628555 ], [ -91.351110025431041, 31.796575193714069 ], [ -91.351114928715759, 31.796299099731893 ] ] ] ] } },
{ "type": "Feature", "properties": { "depth_bin": -14, "survey_id": "LM_03_KGC_20260531_CS_3820_3786", "date": "2026-05-31 00:00:00+00:00", "year": 2026, "mile": 380.0, "bin_order": 14 }, "geometry": { "type": "MultiPolygon", "coordinates": [ [ [ [ -91.37212584521771, 31.769807537097122 ], [ -91.372411556941657, 31.769570646190704 ], [ -91.372792768697352, 31.769636706716344 ], [ -91.373099632769808, 31.769592360671599 ], [ -91.373365663652152, 31.769749185298895 ], [ -91.373423974204158, 31.770020783710422 ], [ -91.373305178322695, 31.770204012222248 ], [ -91.37312759365561, 31.770291888658061 ], [ -91.372746378949088, 31.770225829043689 ], [ -91.372439512641037, 31.770270174157062 ], [ -91.372173481959223, 31.770113347609076 ], [ -91.37212584521771, 31.769807537097122 ] ] ], [ [ [ -91.368124983503662, 31.771928135879644 ], [ -91.368490504256982, 31.77206300022954 ], [ -91.36856231607338, 31.772397562424985 ], [ -91.368315812483715, 31.772623017622433 ], [ -91.367869712097445, 31.772634430468525 ], [ -91.367622958688813, 31.77245607382449 ], [ -91.367596106873151, 31.772180899906953 ], [ -91.367804884451857, 31.771970101924889 ], [ -91.368124983503662, 31.771928135879644 ] ] ], [ [ [ -91.367013749205768, 31.777927905644884 ], [ -91.367245723455127, 31.777735606455408 ], [ -91.367568932150618, 31.77773975062664 ], [ -91.367794045659693, 31.777937910635004 ], [ -91.367789195428202, 31.778214007724021 ], [ -91.36755722101816, 31.778406307887753 ], [ -91.36723401000647, 31.778402163609407 ], [ -91.367008896658078, 31.778204002626794 ], [ -91.367013749205768, 31.777927905644884 ] ] ], [ [ [ -91.367214655494024, 31.789641208444852 ], [ -91.367446659721296, 31.789448910196292 ], [ -91.3677699091959, 31.789453055217255 ], [ -91.367995050398392, 31.78965121548643 ], [ -91.36799019855215, 31.789927312094861 ], [ -91.367758194164153, 31.790119611318119 ], [ -91.367434942371986, 31.790115466190041 ], [ -91.367209801330247, 31.789917304946165 ], [ -91.367214655494024, 31.789641208444852 ] ] ], [ [ [ -91.365739428208542, 31.76913535108854 ], [ -91.36594820269822, 31.768924555966304 ], [ -91.366270300038607, 31.768901620176639 ], [ -91.366517041603885, 31.769079979134087 ], [ -91.366543889739418, 31.769355153270514 ], [ -91.366335115543734, 31.769565949368861 ], [ -91.366013015901288, 31.769588885243397 ], [ -91.365766274042016, 31.769410525309862 ], [ -91.365739428208542, 31.76913535108854 ] ] ], [ [ [ -91.35441971755688, 31.773818084527864 ], [ -91.354651706160553, 31.773625808703759 ], [ -91.35497489852537, 31.773629984354137 ], [ -91.355199974584693, 31.77382816551593 ], [ -91.355195087721043, 31.774104261041153 ], [ -91.354963098955466, 31.774296537839319 ], [ -91.354639904274975, 31.77429236208102 ], [ -91.354414828377571, 31.774094179945163 ], [ -91.35441971755688, 31.773818084527864 ] ] ], [ [ [ -91.351865124825025, 31.79363178051436 ], [ -91.352097169908888, 31.793439511774732 ], [ -91.352420430782644, 31.793443696228568 ], [ -91.352645547249622, 31.793641882756038 ], [ -91.352640649021893, 31.793917977066492 ], [ -91.352408603775757, 31.794110246780935 ], [ -91.352085340584068, 31.794106062218972 ], [ -91.351860224279349, 31.793907874716702 ], [ -91.351865124825025, 31.79363178051436 ] ] ], [ [ [ -91.36424802126102, 31.801543836473211 ], [ -91.364456875289065, 31.80133304738894 ], [ -91.364779085628797, 31.801310119273314 ], [ -91.365025907463519, 31.801488483045432 ], [ -91.365052756118146, 31.801763656317693 ], [ -91.364843902384493, 31.801974446379297 ], [ -91.364521689739007, 31.801997374579912 ], [ -91.364274867609879, 31.801819009830457 ], [ -91.36424802126102, 31.801543836473211 ] ] ], [ [ [ -91.350222800653341, 31.813497330309353 ], [ -91.350454900595381, 31.813305066936895 ], [ -91.350778230374772, 31.8133092578896 ], [ -91.35100338943252, 31.813507448240756 ], [ -91.350998482531352, 31.81378354146041 ], [ -91.350766382426769, 31.813975805808433 ], [ -91.350443050327158, 31.813971614747476 ], [ -91.350217891431939, 31.813773423420763 ], [ -91.350222800653341, 31.813497330309353 ] ] ], [ [ [ -91.357195729192455, 31.818232758729341 ], [ -91.35742782757282, 31.818040482683145 ], [ -91.357751174986063, 31.818044656475863 ], [ -91.357976360543915, 31.818242835232539 ], [ -91.357971473486188, 31.818518929215262 ], [ -91.357739374943961, 31.818711206237221 ], [ -91.357416025209901, 31.818707032336707 ], [ -91.357190839813939, 31.818508852604268 ], [ -91.357195729192455, 31.818232758729341 ] ] ] ] } },
{ "type": "Feature", "properties": { "depth_bin": -13, "survey_id": "LM_03_KGC_20260531_CS_3820_3786", "date": "2026-05-31 00:00:00+00:00", "year": 2026, "mile": 380.0, "bin_order": 13 }, "geometry": { "type": "MultiPolygon", "coordinates": [ [ [ [ -91.372462449178414, 31.769796000428336 ], [ -91.372773963371841, 31.769584174060714 ], [ -91.373417399851206, 31.769629980568027 ], [ -91.373683431405126, 31.769786804551931 ], [ -91.37374174291125, 31.770058402848218 ], [ -91.373622947591372, 31.770241631674878 ], [ -91.373445363130983, 31.770329508561119 ], [ -91.372761574452525, 31.770291790214824 ], [ -91.372474771193708, 31.770104327343997 ], [ -91.372462449178414, 31.769796000428336 ] ] ], [ [ [ -91.369245070037863, 31.778174482447128 ], [ -91.369477040493706, 31.7779821790641 ], [ -91.369800250406442, 31.777986317601464 ], [ -91.370025369430536, 31.778184473835768 ], [ -91.370020525781328, 31.778460571221341 ], [ -91.369788555165016, 31.778652875578615 ], [ -91.369465342936024, 31.778648736934297 ], [ -91.369240224072414, 31.778450579725732 ], [ -91.369245070037863, 31.778174482447128 ] ] ], [ [ [ -91.371799537715546, 31.778449722021211 ], [ -91.37203150380968, 31.77825741383683 ], [ -91.372354715090879, 31.778261545923485 ], [ -91.372579840411987, 31.778459697836364 ], [ -91.372575004299819, 31.778735795561239 ], [ -91.372343038045472, 31.778928104719895 ], [ -91.372019824447975, 31.778923972526446 ], [ -91.371794699287108, 31.778725819639295 ], [ -91.371799537715546, 31.778449722021211 ] ] ], [ [ [ -91.369929941426349, 31.781193397236304 ], [ -91.370161918348501, 31.781001092897721 ], [ -91.37048513887126, 31.781005230046887 ], [ -91.37071026643406, 31.78120338527356 ], [ -91.370705424250488, 31.78147948262237 ], [ -91.37047344716791, 31.781671787935338 ], [ -91.370150224328569, 31.781667650679239 ], [ -91.369925096926181, 31.781469494478188 ], [ -91.369929941426349, 31.781193397236304 ] ] ], [ [ [ -91.369167593693987, 31.786915338685276 ], [ -91.369438819453975, 31.786711609958129 ], [ -91.370004629539707, 31.786740150078785 ], [ -91.370251424427082, 31.786918503146069 ], [ -91.370278286391965, 31.787193676298131 ], [ -91.369992513169635, 31.787430559789321 ], [ -91.369426698892624, 31.787402019477032 ], [ -91.36916274584901, 31.787191435573924 ], [ -91.369167593693987, 31.786915338685276 ] ] ], [ [ [ -91.367135361817262, 31.772071149061553 ], [ -91.367406546994829, 31.771867422904812 ], [ -91.367846946772303, 31.771920286585527 ], [ -91.368188292268599, 31.772114744410779 ], [ -91.368221371018919, 31.772453708800199 ], [ -91.36806300261722, 31.772613610235169 ], [ -91.367868754757339, 31.772670192316067 ], [ -91.367355610736666, 31.772545406789384 ], [ -91.367130510737184, 31.772347246314343 ], [ -91.367135361817262, 31.772071149061553 ] ] ], [ [ [ -91.364340917066684, 31.77469641022692 ], [ -91.364572888247238, 31.774504115729513 ], [ -91.364896085274054, 31.774508266307841 ], [ -91.365121185349665, 31.774706430685267 ], [ -91.365116327788868, 31.774982527545884 ], [ -91.364884356447391, 31.775174823017405 ], [ -91.364561157104745, 31.775170672331786 ], [ -91.364336057190073, 31.774972506980252 ], [ -91.364340917066684, 31.77469641022692 ] ] ], [ [ [ -91.352118670603446, 31.790929784366206 ], [ -91.352350708170121, 31.790737514839691 ], [ -91.352673959681894, 31.790741698333335 ], [ -91.352899070426034, 31.790939884289738 ], [ -91.35289417346695, 31.791215978752717 ], [ -91.352662135738072, 31.791408249253926 ], [ -91.352338881908651, 31.791404065652181 ], [ -91.352113771326742, 31.791205878721073 ], [ -91.352118670603446, 31.790929784366206 ] ] ], [ [ [ -91.365830403440484, 31.792499299575891 ], [ -91.366062417833902, 31.792307004269585 ], [ -91.366385677031047, 31.792311153136541 ], [ -91.366610821817332, 31.79250931590256 ], [ -91.366605965316737, 31.792785412196153 ], [ -91.366373950762409, 31.792977708477256 ], [ -91.366050689247388, 31.7929735595031 ], [ -91.365825544621998, 31.792775395762266 ], [ -91.365830403440484, 31.792499299575891 ] ] ], [ [ [ -91.352209352982513, 31.80802591390858 ], [ -91.352441434760124, 31.807833646151209 ], [ -91.352764745804549, 31.807837831416908 ], [ -91.352989896530985, 31.80803601811024 ], [ -91.352984996582734, 31.808312111843815 ], [ -91.352752914642807, 31.80850438057653 ], [ -91.352429601278786, 31.808500195202718 ], [ -91.352204450714652, 31.808302007534031 ], [ -91.352209352982513, 31.80802591390858 ] ] ], [ [ [ -91.350381159161103, 31.813522013222762 ], [ -91.35061325885242, 31.813329749553066 ], [ -91.350936588743636, 31.813333940106396 ], [ -91.351161748210231, 31.813532130189991 ], [ -91.351156841775435, 31.813808223430627 ], [ -91.350924741921588, 31.814000488075877 ], [ -91.350601409710151, 31.81399629741431 ], [ -91.350376250406086, 31.813798106355144 ], [ -91.350381159161103, 31.813522013222762 ] ] ] ] } },
{ "type": "Feature", "properties": { "depth_bin": -12, "survey_id": "LM_03_KGC_20260531_CS_3820_3786", "date": "2026-05-31 00:00:00+00:00", "year": 2026, "mile": 380.0, "bin_order": 12 }, "geometry": { "type": "MultiPolygon", "coordinates": [ [ [ [ -91.372300704217622, 31.769787480069215 ], [ -91.37245906052739, 31.769627572888705 ], [ -91.372653299466762, 31.76957098347096 ], [ -91.372928247138901, 31.769633568454768 ], [ -91.373101586228174, 31.769857447351296 ], [ -91.373373105036464, 31.769652903482587 ], [ -91.373896506577125, 31.769680163508934 ], [ -91.374397859272193, 31.769813084188169 ], [ -91.374517634579306, 31.769955451063545 ], [ -91.374538018366621, 31.770164183821095 ], [ -91.374419224438213, 31.770347413435843 ], [ -91.374160212093699, 31.770448051211488 ], [ -91.373322214164389, 31.770330891479066 ], [ -91.373076454220438, 31.770072744284196 ], [ -91.372881883634193, 31.770251202279923 ], [ -91.372599828585891, 31.770283270206587 ], [ -91.372313025695632, 31.770095806982926 ], [ -91.372300704217622, 31.769787480069215 ] ] ], [ [ [ -91.368816516361164, 31.775144929730349 ], [ -91.369087707299215, 31.774941200263825 ], [ -91.369491033308805, 31.77496845254289 ], [ -91.369737796922124, 31.77514680584212 ], [ -91.36976465555621, 31.775421979426206 ], [ -91.369518146415089, 31.775647436677936 ], [ -91.369075589682595, 31.775631610939005 ], [ -91.368811669694267, 31.7754210270814 ], [ -91.368816516361164, 31.775144929730349 ] ] ], [ [ [ -91.365849964098032, 31.780792704399346 ], [ -91.366081948087469, 31.780600407734973 ], [ -91.366405166558607, 31.780604555192387 ], [ -91.366630284152706, 31.780802717323041 ], [ -91.36662542992255, 31.781078814127326 ], [ -91.366393445772303, 31.781271111766042 ], [ -91.366070224984625, 31.78126696420145 ], [ -91.365845107551365, 31.781068801096435 ], [ -91.365849964098032, 31.780792704399346 ] ] ], [ [ [ -91.369667100803881, 31.786919696919636 ], [ -91.369920043488889, 31.786747742468528 ], [ -91.370241252619209, 31.786778923215152 ], [ -91.37044256982756, 31.786994974109607 ], [ -91.370406065792679, 31.787269336129253 ], [ -91.370153122498195, 31.787441291515378 ], [ -91.369831911126454, 31.787410110473719 ], [ -91.369630594527564, 31.78719405864425 ], [ -91.369667100803881, 31.786919696919636 ] ] ], [ [ [ -91.367159229714616, 31.795720350446317 ], [ -91.36741220154434, 31.795548402167334 ], [ -91.367733439857503, 31.7955795901944 ], [ -91.367934769192559, 31.795795645213062 ], [ -91.367898253124238, 31.796070005784927 ], [ -91.367645280684556, 31.796241954999225 ], [ -91.367324040129034, 31.796210766676886 ], [ -91.367122711403951, 31.795994710722937 ], [ -91.367159229714616, 31.795720350446317 ] ] ], [ [ [ -91.365594941109805, 31.76908847917645 ], [ -91.365826895263851, 31.768896181673647 ], [ -91.366150072996675, 31.768900328418255 ], [ -91.366375162812517, 31.76909849037931 ], [ -91.366370310036316, 31.769374587656223 ], [ -91.366138355721475, 31.769566886132939 ], [ -91.365815175673461, 31.769562739281135 ], [ -91.365590086018429, 31.769364576346156 ], [ -91.365594941109805, 31.76908847917645 ] ] ], [ [ [ -91.365665974428239, 31.783658155084204 ], [ -91.365897966214177, 31.783465859091354 ], [ -91.36622119462281, 31.783470007348615 ], [ -91.366446318474303, 31.783668169938966 ], [ -91.366441463155965, 31.783944266593544 ], [ -91.36620947120916, 31.78413656356085 ], [ -91.36588624048369, 31.784132415196375 ], [ -91.365661116793049, 31.783934251631571 ], [ -91.365665974428239, 31.783658155084204 ] ] ], [ [ [ -91.351392203320259, 31.793551368182506 ], [ -91.35170384538533, 31.793339598452071 ], [ -91.352225276831007, 31.793399805922327 ], [ -91.35247205308157, 31.793578192735204 ], [ -91.352498863189538, 31.793853367652002 ], [ -91.352213025160609, 31.794090208758796 ], [ -91.351651230574618, 31.794038082160025 ], [ -91.351387301384122, 31.793827462322529 ], [ -91.351392203320259, 31.793551368182506 ] ] ], [ [ [ -91.35152994853037, 31.810857864928415 ], [ -91.351762039015568, 31.810665598779643 ], [ -91.352085359813287, 31.810669786102693 ], [ -91.352310515625589, 31.810867974096986 ], [ -91.352305613116471, 31.811144067613117 ], [ -91.352073522468856, 31.811336334737351 ], [ -91.351750199351244, 31.811332147306143 ], [ -91.351525043701329, 31.811133958336381 ], [ -91.35152994853037, 31.810857864928415 ] ] ], [ [ [ -91.350537623131828, 31.81355286876348 ], [ -91.350849336351786, 31.8133411041036 ], [ -91.351398077729087, 31.813454521280331 ], [ -91.351623238500395, 31.813652710586691 ], [ -91.351618333415473, 31.813928803886323 ], [ -91.351306619826559, 31.814140570404401 ], [ -91.350757874559463, 31.814027152711422 ], [ -91.35053271483639, 31.813828961916311 ], [ -91.350537623131828, 31.81355286876348 ] ] ] ] } },
{ "type": "Feature", "properties": { "depth_bin": -11, "survey_id": "LM_03_KGC_20260531_CS_3820_3786", "date": "2026-05-31 00:00:00+00:00", "year": 2026, "mile": 380.0, "bin_order": 11 }, "geometry": { "type": "MultiPolygon", "coordinates": [ [ [ [ -91.373261514523449, 31.769869661324606 ], [ -91.373419869380939, 31.769709752900283 ], [ -91.373614107976408, 31.769653162003447 ], [ -91.373853832175342, 31.769697091161046 ], [ -91.374012619215279, 31.769829744065795 ], [ -91.374207923517304, 31.769750777729001 ], [ -91.374534183548832, 31.769765633914556 ], [ -91.374800217472512, 31.769922455637452 ], [ -91.37485853233359, 31.770194053528577 ], [ -91.374739738982697, 31.770377283461432 ], [ -91.374521807939999, 31.770473250667902 ], [ -91.374155499056457, 31.770449279348139 ], [ -91.373920707854111, 31.770288587713029 ], [ -91.373560644366648, 31.770365449378556 ], [ -91.373273839192521, 31.77017798824852 ], [ -91.373261514523449, 31.769869661324606 ] ] ], [ [ [ -91.367371077144071, 31.77182629651125 ], [ -91.367719362381109, 31.771991120432141 ], [ -91.367752439391623, 31.772330084890861 ], [ -91.367481253541527, 31.772533811750396 ], [ -91.367037858130089, 31.772498205006102 ], [ -91.366812758943951, 31.772300043994367 ], [ -91.366817610958861, 31.772023946783357 ], [ -91.367049570292977, 31.771831647298978 ], [ -91.367371077144071, 31.77182629651125 ] ] ], [ [ [ -91.368655921004347, 31.775121963513083 ], [ -91.368887884717381, 31.774929660900586 ], [ -91.369211083920277, 31.774933800579014 ], [ -91.369436194540853, 31.775131957656559 ], [ -91.369431349717146, 31.775408055093486 ], [ -91.369199385843586, 31.77560035868013 ], [ -91.368876184324805, 31.775596218894695 ], [ -91.36865107386474, 31.775398060843003 ], [ -91.368655921004347, 31.775121963513083 ] ] ], [ [ [ -91.369808750480999, 31.786967900433027 ], [ -91.370120329822484, 31.786756083239261 ], [ -91.370643998222917, 31.786805476706785 ], [ -91.370890794563181, 31.786983828579352 ], [ -91.370917658439126, 31.787259001657784 ], [ -91.370631886573449, 31.787495886630197 ], [ -91.370067859234254, 31.787454580032989 ], [ -91.369803904531523, 31.787243997407657 ], [ -91.369808750480999, 31.786967900433027 ] ] ], [ [ [ -91.367057332044084, 31.789607933160582 ], [ -91.367289336497706, 31.789415635205994 ], [ -91.367612585831154, 31.789419780622474 ], [ -91.367837726607632, 31.789617941157019 ], [ -91.367832874300092, 31.789894037745213 ], [ -91.367600869685717, 31.790086336674495 ], [ -91.36727761803472, 31.790082191150891 ], [ -91.367052477418994, 31.789884029641652 ], [ -91.367057332044084, 31.789607933160582 ] ] ], [ [ [ -91.354992644330736, 31.77085416593555 ], [ -91.355224624111727, 31.770661888691127 ], [ -91.355547806265136, 31.7706660625411 ], [ -91.355772876705743, 31.770864242577048 ], [ -91.355767992107545, 31.771140338310403 ], [ -91.355536012164691, 31.771332616528767 ], [ -91.355212827695965, 31.771328442570908 ], [ -91.354987757417177, 31.771130261561005 ], [ -91.354992644330736, 31.77085416593555 ] ] ], [ [ [ -91.36685156203518, 31.77792718839256 ], [ -91.367083536604852, 31.777734889509855 ], [ -91.36740674527168, 31.777739034092573 ], [ -91.367631858419898, 31.777937194376143 ], [ -91.367627007706716, 31.778213291442842 ], [ -91.367395032976333, 31.778405591299794 ], [ -91.367071821993306, 31.778401446609948 ], [ -91.366846709005785, 31.778203285352134 ], [ -91.36685156203518, 31.77792718839256 ] ] ], [ [ [ -91.366450451320091, 31.786651952601137 ], [ -91.366682449312094, 31.786459655461616 ], [ -91.367005688262495, 31.786463802075438 ], [ -91.367230820816516, 31.786661963488253 ], [ -91.367225967263678, 31.786938060121088 ], [ -91.366993969110879, 31.787130358235196 ], [ -91.366670727843271, 31.787126211514213 ], [ -91.366445595450045, 31.786928049126821 ], [ -91.366450451320091, 31.786651952601137 ] ] ], [ [ [ -91.365669838972906, 31.792478913526235 ], [ -91.365901853632579, 31.79228661852154 ], [ -91.366225112732835, 31.792290767793759 ], [ -91.366450257115886, 31.792488930831315 ], [ -91.366445400141856, 31.792765027103663 ], [ -91.366213385321274, 31.792957323083144 ], [ -91.365890123903142, 31.792953173703708 ], [ -91.365664979681, 31.792755009691351 ], [ -91.365669838972906, 31.792478913526235 ] ] ], [ [ [ -91.351230986358189, 31.793535999532967 ], [ -91.351463032453267, 31.793343731983263 ], [ -91.351786292890367, 31.793347918035835 ], [ -91.352011407728639, 31.793546105634352 ], [ -91.35200650763413, 31.793822199860763 ], [ -91.351774461376735, 31.794014468385264 ], [ -91.351451198621703, 31.794010282224527 ], [ -91.351226083945775, 31.793812093651201 ], [ -91.351230986358189, 31.793535999532967 ] ] ], [ [ [ -91.35099387492032, 31.813689023645306 ], [ -91.351225973827368, 31.813496758833693 ], [ -91.351549304400308, 31.813500947850162 ], [ -91.35177446561525, 31.813699136902194 ], [ -91.351769560971363, 31.813975230220848 ], [ -91.351537461901827, 31.814167496008039 ], [ -91.351214129008667, 31.814163306883362 ], [ -91.35098896795617, 31.813965116855769 ], [ -91.35099387492032, 31.813689023645306 ] ] ], [ [ [ -91.350686571212307, 31.816674151374176 ], [ -91.350918678487687, 31.816481887483896 ], [ -91.351242019410975, 31.816486077630856 ], [ -91.351467186895476, 31.816684267360337 ], [ -91.351462280767677, 31.816960360506631 ], [ -91.351230173329782, 31.817152625372593 ], [ -91.350906830085904, 31.817148435117399 ], [ -91.350681662763918, 31.816950244412244 ], [ -91.350686571212307, 31.816674151374176 ] ] ] ] } },
{ "type": "Feature", "properties": { "depth_bin": -10, "survey_id": "LM_03_KGC_20260531_CS_3820_3786", "date": "2026-05-31 00:00:00+00:00", "year": 2026, "mile": 380.0, "bin_order": 10 }, "geometry": { "type": "MultiPolygon", "coordinates": [ [ [ [ -91.373578754297228, 31.769917621026245 ], [ -91.373890266491287, 31.769705791859447 ], [ -91.374133876644791, 31.769729435101578 ], [ -91.374321575664311, 31.769865484601841 ], [ -91.374692587837231, 31.769780392350022 ], [ -91.374958622084534, 31.769937213751895 ], [ -91.375016937419261, 31.770208811585629 ], [ -91.374898144353793, 31.770392041675706 ], [ -91.374680213426984, 31.770488009157432 ], [ -91.374436601106495, 31.770464366892377 ], [ -91.37424890074108, 31.77032831752793 ], [ -91.373877886010078, 31.770413408392933 ], [ -91.373591080019537, 31.770225947952614 ], [ -91.373578754297228, 31.769917621026245 ] ] ], [ [ [ -91.37128875658442, 31.772496249928324 ], [ -91.371600282658235, 31.772284426911632 ], [ -91.372123374139079, 31.772332691142871 ], [ -91.372370136271073, 31.772511039345009 ], [ -91.372397002323936, 31.772786212718511 ], [ -91.37211128029972, 31.773023103145256 ], [ -91.371547836338735, 31.77298292648619 ], [ -91.37128391776028, 31.772772347734485 ], [ -91.37128875658442, 31.772496249928324 ] ] ], [ [ [ -91.368497205029769, 31.775102994965216 ], [ -91.368729169008915, 31.77491069265082 ], [ -91.369052368120251, 31.774914832729792 ], [ -91.369277478345282, 31.775112990075694 ], [ -91.369272633053683, 31.775389087491583 ], [ -91.36904066891401, 31.77558139078014 ], [ -91.368717467486775, 31.775577250594147 ], [ -91.368492357422298, 31.775379092274104 ], [ -91.368497205029769, 31.775102994965216 ] ] ], [ [ [ -91.369401104104838, 31.778214994894764 ], [ -91.36963307435569, 31.778022691221125 ], [ -91.36995628443448, 31.77802682936721 ], [ -91.370181403898343, 31.778224985338781 ], [ -91.370176560705048, 31.778501082744054 ], [ -91.369944590293727, 31.778693387391968 ], [ -91.369621377898696, 31.778689249138925 ], [ -91.369396258595302, 31.778491092193093 ], [ -91.369401104104838, 31.778214994894764 ] ] ], [ [ [ -91.370106310528286, 31.78118960998302 ], [ -91.370359236345692, 31.781017653960681 ], [ -91.370680425942822, 31.781048832967382 ], [ -91.37088173239421, 31.781264882972398 ], [ -91.37084523268004, 31.781539245473958 ], [ -91.370592306253357, 31.781711202431083 ], [ -91.370271114415431, 31.781680023129436 ], [ -91.370069808573319, 31.781463972189627 ], [ -91.370106310528286, 31.78118960998302 ] ] ], [ [ [ -91.371121125134991, 31.784059457062256 ], [ -91.371374057225779, 31.78388749929637 ], [ -91.371695257162671, 31.783918676072108 ], [ -91.371896571963561, 31.784134724665567 ], [ -91.371860073717599, 31.784409087401933 ], [ -91.371607141017563, 31.784581046102748 ], [ -91.371285938839534, 31.784549869032109 ], [ -91.371084624647906, 31.784333819503715 ], [ -91.371121125134991, 31.784059457062256 ] ] ], [ [ [ -91.369010121471845, 31.786891468533405 ], [ -91.369242114998272, 31.786699166577165 ], [ -91.369565355194808, 31.78670330672146 ], [ -91.369790493976751, 31.786901463801556 ], [ -91.369785647985552, 31.787177560776563 ], [ -91.369553654298585, 31.787369863707394 ], [ -91.369230411784812, 31.787365723456105 ], [ -91.369005273163395, 31.787167565401418 ], [ -91.369010121471845, 31.786891468533405 ] ] ], [ [ [ -91.366690226535169, 31.77792198282382 ], [ -91.366922201411853, 31.77772968424576 ], [ -91.367245410034542, 31.777733829237309 ], [ -91.367470522813349, 31.777931989794382 ], [ -91.367465671621844, 31.778208086839083 ], [ -91.367233696584435, 31.77840038639139 ], [ -91.366910485645548, 31.778396241292707 ], [ -91.366685373027479, 31.778198079761378 ], [ -91.366690226535169, 31.77792198282382 ] ] ], [ [ [ -91.36550613913937, 31.783641198662497 ], [ -91.36573813119891, 31.783448902970203 ], [ -91.366061359522732, 31.783453051631181 ], [ -91.366286482980698, 31.783651214491918 ], [ -91.366281627190631, 31.783927311125186 ], [ -91.36604963497021, 31.784119607791951 ], [ -91.365726404329536, 31.784115459023759 ], [ -91.365501281032437, 31.783917295188552 ], [ -91.36550613913937, 31.783641198662497 ] ] ], [ [ [ -91.353789083048397, 31.785348199923952 ], [ -91.353965081825052, 31.785202350957178 ], [ -91.354206282695017, 31.78516460178211 ], [ -91.35443138708267, 31.785247676068664 ], [ -91.354564521665893, 31.785423573003282 ], [ -91.354527971756951, 31.785697928973807 ], [ -91.354312260956632, 31.78585900599354 ], [ -91.35449915706883, 31.786041034384112 ], [ -91.354519497583027, 31.786249768444527 ], [ -91.354400642986917, 31.786432976908479 ], [ -91.354223009911706, 31.786520825106049 ], [ -91.353901808916845, 31.786489604141327 ], [ -91.353700532446112, 31.786273528399605 ], [ -91.353737085094252, 31.785999172780816 ], [ -91.353952797184064, 31.785838096784108 ], [ -91.353752530898618, 31.785622555598437 ], [ -91.353789083048397, 31.785348199923952 ] ] ], [ [ [ -91.366290271648452, 31.786633461513517 ], [ -91.366522269910803, 31.786441164675033 ], [ -91.366845508771007, 31.786445311693292 ], [ -91.367070640927139, 31.786643473377037 ], [ -91.367065786901776, 31.786919569988605 ], [ -91.366833788478615, 31.78711186780167 ], [ -91.366510547301203, 31.787107720676222 ], [ -91.366285415305882, 31.786909558017911 ], [ -91.366290271648452, 31.786633461513517 ] ] ], [ [ [ -91.351801207967114, 31.790881883935818 ], [ -91.352033246040094, 31.790689615004961 ], [ -91.352356497333489, 31.790693799298911 ], [ -91.352581607262465, 31.790891985791468 ], [ -91.352576709368932, 31.79116808021238 ], [ -91.352344671133693, 31.791360350117944 ], [ -91.352021417522664, 31.791356165715868 ], [ -91.351796307755947, 31.79115797824862 ], [ -91.351801207967114, 31.790881883935818 ] ] ], [ [ [ -91.366975844645879, 31.79573535175415 ], [ -91.367207865159116, 31.795543054644892 ], [ -91.367531135804114, 31.795547200979481 ], [ -91.367756290660566, 31.795745361967118 ], [ -91.367751436953512, 31.796021458278172 ], [ -91.367519416279478, 31.796213756362377 ], [ -91.367196143316221, 31.796209609920645 ], [ -91.366970988620565, 31.796011447958065 ], [ -91.366975844645879, 31.79573535175415 ] ] ], [ [ [ -91.363122351005273, 31.80440476808695 ], [ -91.36337535435959, 31.804232829104745 ], [ -91.363696620775372, 31.804264028245957 ], [ -91.363897958329559, 31.8044800896858 ], [ -91.363861425781806, 31.804754448224674 ], [ -91.363608421816906, 31.804926388142437 ], [ -91.363287153157913, 31.804895188705636 ], [ -91.363085816214294, 31.804679126330235 ], [ -91.363122351005273, 31.80440476808695 ] ] ], [ [ [ -91.357061080517525, 31.818142980520339 ], [ -91.357314133198244, 31.817971055588124 ], [ -91.357635444239278, 31.818002271503946 ], [ -91.357836795577654, 31.818218342617079 ], [ -91.357800237897763, 31.8184926980617 ], [ -91.357547184605494, 31.818664623929891 ], [ -91.357225871319855, 31.81863340771795 ], [ -91.357024520593015, 31.818417335668844 ], [ -91.357061080517525, 31.818142980520339 ] ] ] ] } },
{ "type": "Feature", "properties": { "depth_bin": -9, "survey_id": "LM_03_KGC_20260531_CS_3820_3786", "date": "2026-05-31 00:00:00+00:00", "year": 2026, "mile": 380.0, "bin_order": 9 }, "geometry": { "type": "MultiPolygon", "coordinates": [ [ [ [ -91.367010212889824, 31.771795681198526 ], [ -91.367375731365456, 31.771930548680217 ], [ -91.367447539058006, 31.772265111373102 ], [ -91.367201033228511, 31.772490564337389 ], [ -91.366756349866364, 31.772484670965866 ], [ -91.366509599078995, 31.772306312244776 ], [ -91.366482750594699, 31.772031138198326 ], [ -91.366691530263395, 31.771820342110974 ], [ -91.367010212889824, 31.771795681198526 ] ] ], [ [ [ -91.371765058404605, 31.772559190234585 ], [ -91.37199700929915, 31.772366881452434 ], [ -91.37232020009202, 31.772371012944699 ], [ -91.372545311637325, 31.772569164614762 ], [ -91.37254047653164, 31.772845262590479 ], [ -91.372308525476896, 31.773037572346688 ], [ -91.371985332368439, 31.773033440747621 ], [ -91.371760220983333, 31.772835288103501 ], [ -91.371765058404605, 31.772559190234585 ] ] ], [ [ [ -91.366529206180928, 31.777913311461923 ], [ -91.366761181354988, 31.777721013187538 ], [ -91.367084389921558, 31.777725158586694 ], [ -91.367309502323565, 31.777923319416569 ], [ -91.367304650655356, 31.778199416439445 ], [ -91.367072675320557, 31.778391715688084 ], [ -91.366749464437788, 31.778387570181774 ], [ -91.366524352196521, 31.778189408377653 ], [ -91.366529206180928, 31.777913311461923 ] ] ], [ [ [ -91.369561812587392, 31.778227349129487 ], [ -91.369793782551014, 31.778035045153214 ], [ -91.370116992698655, 31.77803918289289 ], [ -91.370342112547121, 31.778237338592344 ], [ -91.370337269828951, 31.778513436019207 ], [ -91.370105299704889, 31.778705740969741 ], [ -91.369782087241006, 31.778701603123125 ], [ -91.369556967552967, 31.778503446449403 ], [ -91.369561812587392, 31.778227349129487 ] ] ], [ [ [ -91.371639536071413, 31.778434451043605 ], [ -91.371871502443867, 31.778242143160178 ], [ -91.372194713646223, 31.778246275651103 ], [ -91.372419838577486, 31.778444427834774 ], [ -91.372415001992863, 31.778720525538326 ], [ -91.372183035460168, 31.778912834396039 ], [ -91.371859821941541, 31.778908701798304 ], [ -91.371634697170506, 31.778710548640341 ], [ -91.371639536071413, 31.778434451043605 ] ] ], [ [ [ -91.370245612126865, 31.781250200953707 ], [ -91.370477588569059, 31.781057896024315 ], [ -91.370800809340196, 31.781062032378927 ], [ -91.371025937734288, 31.781260187072686 ], [ -91.371021096477904, 31.781536284462444 ], [ -91.370789119875326, 31.781728590366235 ], [ -91.370465896787564, 31.781724453904729 ], [ -91.370240768553884, 31.781526298236571 ], [ -91.370245612126865, 31.781250200953707 ] ] ], [ [ [ -91.36996923681923, 31.78698206932437 ], [ -91.37020122867446, 31.786789765563476 ], [ -91.370524469340737, 31.786793903283691 ], [ -91.370749610458205, 31.786992058740228 ], [ -91.370744767300266, 31.787268155843272 ], [ -91.370512775284581, 31.78746046057876 ], [ -91.37018953230104, 31.787456322751613 ], [ -91.369964391344041, 31.78725816632047 ], [ -91.36996923681923, 31.78698206932437 ] ] ], [ [ [ -91.366897201736165, 31.789594252871279 ], [ -91.367129206472569, 31.789401955218189 ], [ -91.367452455732561, 31.789406101039582 ], [ -91.367677596122405, 31.789604261845252 ], [ -91.367672743341529, 31.789880358411978 ], [ -91.367440738444358, 31.790072657039744 ], [ -91.367117486866817, 31.790068511111215 ], [ -91.366892346637741, 31.789870349330862 ], [ -91.366897201736165, 31.789594252871279 ] ] ], [ [ [ -91.365434940933099, 31.769074657503282 ], [ -91.365666895369046, 31.768882360301582 ], [ -91.365990073027987, 31.768886507450521 ], [ -91.366215162457436, 31.769084669682297 ], [ -91.366210309208682, 31.769360766937737 ], [ -91.36597835461194, 31.76955306511336 ], [ -91.365655174637823, 31.769548917857215 ], [ -91.365430085369169, 31.769350754651523 ], [ -91.365434940933099, 31.769074657503282 ] ] ], [ [ [ -91.364417495451661, 31.771812996615967 ], [ -91.364729034055713, 31.771601190841725 ], [ -91.365071310787272, 31.77167628302054 ], [ -91.365374456883828, 31.77163380018305 ], [ -91.365640479671526, 31.771790640664364 ], [ -91.365698768485018, 31.772062241816172 ], [ -91.365579954904348, 31.772245462463882 ], [ -91.365402359434952, 31.772333327719949 ], [ -91.365019731221821, 31.772266322018165 ], [ -91.364716582924729, 31.772308803932063 ], [ -91.364429790692796, 31.772121323329252 ], [ -91.364417495451661, 31.771812996615967 ] ] ], [ [ [ -91.365344436670341, 31.7836386341543 ], [ -91.365576429044509, 31.783446338767707 ], [ -91.365899657333301, 31.783450487838799 ], [ -91.3661247804271, 31.783648650973859 ], [ -91.366119924157019, 31.783924747584926 ], [ -91.365887931621955, 31.784117043946001 ], [ -91.365564701016325, 31.784112894767663 ], [ -91.365339578083422, 31.783914730658161 ], [ -91.365344436670341, 31.7836386341543 ] ] ], [ [ [ -91.363734676403425, 31.786374149113939 ], [ -91.363966679071311, 31.786181857082546 ], [ -91.364289916616485, 31.7861860105576 ], [ -91.364515042507307, 31.786384176565633 ], [ -91.364510180936307, 31.786660272835856 ], [ -91.364278178107355, 31.786852565841805 ], [ -91.36395493824503, 31.786848412259413 ], [ -91.36372981251526, 31.786650245276824 ], [ -91.363734676403425, 31.786374149113939 ] ] ], [ [ [ -91.353142985034637, 31.802203775537709 ], [ -91.353375049835051, 31.802011505351114 ], [ -91.353698340756779, 31.802015687564083 ], [ -91.353923480002152, 31.802213872369407 ], [ -91.353918583940029, 31.802489966485478 ], [ -91.35368651897744, 31.802682237647211 ], [ -91.353363225736786, 31.802678055326187 ], [ -91.353138086653587, 31.802479869545738 ], [ -91.353142985034637, 31.802203775537709 ] ] ], [ [ [ -91.358694390288832, 31.812451125191533 ], [ -91.358926470667299, 31.812258845651716 ], [ -91.359249798179818, 31.812263014962632 ], [ -91.359474973595198, 31.812461190874647 ], [ -91.359470092094725, 31.812737285316036 ], [ -91.359238011554567, 31.8129295658314 ], [ -91.358914681721913, 31.81292539641279 ], [ -91.35868950646821, 31.812727219525229 ], [ -91.358694390288832, 31.812451125191533 ] ] ] ] } },
{ "type": "Feature", "properties": { "depth_bin": -8, "survey_id": "LM_03_KGC_20260531_CS_3820_3786", "date": "2026-05-31 00:00:00+00:00", "year": 2026, "mile": 380.0, "bin_order": 8 }, "geometry": { "type": "MultiPolygon", "coordinates": [ [ [ [ -91.374536512937297, 31.770017327504647 ], [ -91.374807676407542, 31.769813584774926 ], [ -91.375213831506017, 31.76982520900242 ], [ -91.375460593405435, 31.770003551257147 ], [ -91.375487468256424, 31.770278724364115 ], [ -91.375240986714786, 31.770504193793339 ], [ -91.374795603689392, 31.770503997972344 ], [ -91.37453168422563, 31.77029342586447 ], [ -91.374536512937297, 31.770017327504647 ] ] ], [ [ [ -91.377436317367398, 31.770239149274996 ], [ -91.377689199540683, 31.770067176955656 ], [ -91.378010354751325, 31.770098336336765 ], [ -91.378211656216251, 31.770314374883625 ], [ -91.378175183837371, 31.770588740806271 ], [ -91.377922301055818, 31.770760714060128 ], [ -91.377601143605446, 31.770729554384616 ], [ -91.377399842748773, 31.77051351490325 ], [ -91.377436317367398, 31.770239149274996 ] ] ], [ [ [ -91.371923311244302, 31.772591654444831 ], [ -91.372155261908603, 31.772399345367017 ], [ -91.372478452839786, 31.772403476461498 ], [ -91.372703564810948, 31.772601627864663 ], [ -91.372698730169191, 31.772877725860702 ], [ -91.372466779344691, 31.773070035912575 ], [ -91.372143586097906, 31.773065904711309 ], [ -91.371918474286915, 31.772867752334076 ], [ -91.371923311244302, 31.772591654444831 ] ] ], [ [ [ -91.368355591058929, 31.775050639036166 ], [ -91.36860850271961, 31.774878685881841 ], [ -91.368929670393072, 31.774909868604208 ], [ -91.369130959995928, 31.775125920996 ], [ -91.369094458377987, 31.775400283157129 ], [ -91.36884154610803, 31.775572237246013 ], [ -91.368520376194525, 31.77554105422864 ], [ -91.368319087200931, 31.775325000902289 ], [ -91.368355591058929, 31.775050639036166 ] ] ], [ [ [ -91.371714206637947, 31.775362883932207 ], [ -91.371967113264375, 31.775190923933213 ], [ -91.372288283528675, 31.775222098254009 ], [ -91.372489581829868, 31.775438145608696 ], [ -91.372453089922644, 31.775712509047896 ], [ -91.372200182687251, 31.775884469981499 ], [ -91.371879010182795, 31.775853295365902 ], [ -91.371677712490552, 31.775637247076602 ], [ -91.371714206637947, 31.775362883932207 ] ] ], [ [ [ -91.373132276679598, 31.77555405193916 ], [ -91.37336423261992, 31.775361740908028 ], [ -91.373687434045721, 31.775365869277593 ], [ -91.373912555582763, 31.775564018780418 ], [ -91.373907723974654, 31.77584011681396 ], [ -91.373675767874261, 31.776032428819271 ], [ -91.373352564132503, 31.776028300342993 ], [ -91.373127442755546, 31.775830149866 ], [ -91.373132276679598, 31.77555405193916 ] ] ], [ [ [ -91.366627903868391, 31.786637633403373 ], [ -91.366880851111844, 31.786465685148229 ], [ -91.367202057897828, 31.786496873499861 ], [ -91.367403367232257, 31.786712928953584 ], [ -91.367366854406086, 31.786987289815961 ], [ -91.367113906552859, 31.787159239006051 ], [ -91.366792697525568, 31.787128050359204 ], [ -91.366591388800913, 31.78691199397052 ], [ -91.366627903868391, 31.786637633403373 ] ] ], [ [ [ -91.368867572844977, 31.786843463538549 ], [ -91.369120516723569, 31.786671510717159 ], [ -91.36944172523026, 31.786702693464232 ], [ -91.369643040363044, 31.786918745558101 ], [ -91.369606534016484, 31.787193107273495 ], [ -91.36935358952833, 31.787365061029885 ], [ -91.369032378780247, 31.78733387798772 ], [ -91.368831064257009, 31.787117824958859 ], [ -91.368867572844977, 31.786843463538549 ] ] ], [ [ [ -91.366433577453122, 31.789529774892362 ], [ -91.366726889314876, 31.789349741441814 ], [ -91.367252681119197, 31.789386432162583 ], [ -91.367499477275814, 31.789564790553889 ], [ -91.36752633146331, 31.789839963929346 ], [ -91.367240543048055, 31.790076840638175 ], [ -91.366674390898979, 31.79004823565834 ], [ -91.366410437112933, 31.789837646087872 ], [ -91.366433577453122, 31.789529774892362 ] ] ], [ [ [ -91.366836676071316, 31.795673958615978 ], [ -91.367089648338734, 31.795502010992813 ], [ -91.367410886346264, 31.795533199825378 ], [ -91.367612214811402, 31.795749255327358 ], [ -91.367575697818467, 31.796023615777248 ], [ -91.367322724941062, 31.796195564335715 ], [ -91.367001484691187, 31.796164375207859 ], [ -91.366800156836035, 31.795948318770581 ], [ -91.366836676071316, 31.795673958615978 ] ] ], [ [ [ -91.356010726167412, 31.768108306014501 ], [ -91.356242696808778, 31.767916026532383 ], [ -91.356565869582482, 31.767920197478322 ], [ -91.356790935897664, 31.768118375644999 ], [ -91.35678605484496, 31.768394471638743 ], [ -91.356554084041875, 31.768586752094699 ], [ -91.356230908953123, 31.768582581040935 ], [ -91.356005842799689, 31.768384401900409 ], [ -91.356010726167412, 31.768108306014501 ] ] ], [ [ [ -91.36529548976219, 31.769024836238152 ], [ -91.365548389890577, 31.768852888646602 ], [ -91.36586953544473, 31.768884078383948 ], [ -91.366070805297952, 31.769100135133741 ], [ -91.366034297869021, 31.76937449644284 ], [ -91.365781397131244, 31.769546444968672 ], [ -91.365460249337772, 31.76951525493617 ], [ -91.365258980093955, 31.769299197252096 ], [ -91.36529548976219, 31.769024836238152 ] ] ], [ [ [ -91.364275542026206, 31.771764129807849 ], [ -91.364609882067853, 31.771579431107181 ], [ -91.365694750609222, 31.771663859658435 ], [ -91.365960774052169, 31.771820699490771 ], [ -91.366019063823586, 31.772092300526786 ], [ -91.365900250819649, 31.772275521492531 ], [ -91.365682306798973, 31.772371473083414 ], [ -91.36455634781322, 31.772291712139861 ], [ -91.364252401687196, 31.772072001344213 ], [ -91.364275542026206, 31.771764129807849 ] ] ], [ [ [ -91.366355522049844, 31.771950769004171 ], [ -91.366608428526987, 31.771778819584206 ], [ -91.366929584628465, 31.771810006985202 ], [ -91.367130863049326, 31.772026062259293 ], [ -91.367094357189586, 31.772300423817843 ], [ -91.366841450103053, 31.772472374172214 ], [ -91.366520291761915, 31.772441186476104 ], [ -91.366319013950431, 31.772225130267611 ], [ -91.366355522049844, 31.771950769004171 ] ] ], [ [ [ -91.353951197126662, 31.785346928559978 ], [ -91.35420416305395, 31.785175006139411 ], [ -91.354525359658851, 31.78520622619698 ], [ -91.354726635910922, 31.785422300655668 ], [ -91.354690086479508, 31.785696656689002 ], [ -91.354437119941295, 31.785868580044276 ], [ -91.354115921095527, 31.785837359690689 ], [ -91.353914645454367, 31.785621284297292 ], [ -91.353951197126662, 31.785346928559978 ] ] ], [ [ [ -91.351975424228442, 31.790891332115866 ], [ -91.352228409214817, 31.790719414401046 ], [ -91.352549624018977, 31.79075064004531 ], [ -91.352750906949993, 31.790966717699163 ], [ -91.352714348764522, 31.791241072664576 ], [ -91.352461363166881, 31.791412991314289 ], [ -91.352140146121272, 31.791381765373842 ], [ -91.35193886380155, 31.791165686785106 ], [ -91.351975424228442, 31.790891332115866 ] ] ], [ [ [ -91.365528689283479, 31.792429904395615 ], [ -91.365781654737219, 31.792257959073293 ], [ -91.366102880977195, 31.792289150831877 ], [ -91.366304199613893, 31.792505208171047 ], [ -91.36626768048896, 31.792779568293021 ], [ -91.366014714425205, 31.792951514550484 ], [ -91.365693485943282, 31.792920322496553 ], [ -91.365492167916614, 31.792704264222237 ], [ -91.365528689283479, 31.792429904395615 ] ] ], [ [ [ -91.365041990869088, 31.79846508558812 ], [ -91.3652949741426, 31.798293141971989 ], [ -91.365616220956113, 31.798324335625942 ], [ -91.365817550868869, 31.79854039393943 ], [ -91.365781027117023, 31.798814753544068 ], [ -91.365528043233283, 31.798986698095568 ], [ -91.365206794177183, 31.798955504146182 ], [ -91.365005464874642, 31.79873944489734 ], [ -91.365041990869088, 31.79846508558812 ] ] ], [ [ [ -91.351161970978225, 31.813714740034126 ], [ -91.351415021588849, 31.813542826683893 ], [ -91.351736314682583, 31.81357405693678 ], [ -91.351937642709331, 31.813790136743805 ], [ -91.351901070008793, 31.81406449014623 ], [ -91.351648018786193, 31.814236404432183 ], [ -91.35132672344848, 31.814205173882858 ], [ -91.351125396033709, 31.813989093140098 ], [ -91.351161970978225, 31.813714740034126 ] ] ] ] } },
{ "type": "Feature", "properties": { "depth_bin": -7, "survey_id": "LM_03_KGC_20260531_CS_3820_3786", "date": "2026-05-31 00:00:00+00:00", "year": 2026, "mile": 380.0, "bin_order": 7 }, "geometry": { "type": "MultiPolygon", "coordinates": [ [ [ [ -91.374378034424097, 31.77000454899154 ], [ -91.374689545185987, 31.769792717820533 ], [ -91.375027857083836, 31.769865190112657 ], [ -91.375658061042571, 31.769836430899304 ], [ -91.376156467624355, 31.769976021624391 ], [ -91.376276245900442, 31.770118386938666 ], [ -91.376296633670478, 31.770327119542614 ], [ -91.376177842912128, 31.770510350902768 ], [ -91.375918831846448, 31.770610992302473 ], [ -91.37498479989064, 31.770455606585042 ], [ -91.374677170746637, 31.77050033462551 ], [ -91.374390362800668, 31.77031287592553 ], [ -91.374378034424097, 31.77000454899154 ] ] ], [ [ [ -91.372102951069721, 31.772565297465089 ], [ -91.372396197459253, 31.772385248327843 ], [ -91.372677009969536, 31.772424509376322 ], [ -91.372859052101035, 31.772596011312991 ], [ -91.373071013384475, 31.772437832531988 ], [ -91.373315349030321, 31.77242042125766 ], [ -91.373581388176632, 31.772577245650194 ], [ -91.373639700760023, 31.772848843927473 ], [ -91.37352090142312, 31.773032072455784 ], [ -91.373302962863946, 31.773128037286977 ], [ -91.373022147912934, 31.773088777543528 ], [ -91.372840104545787, 31.772917275810467 ], [ -91.372628141755527, 31.773075454145815 ], [ -91.37238380431296, 31.773092864037483 ], [ -91.372079836283106, 31.772873171249692 ], [ -91.372102951069721, 31.772565297465089 ] ] ], [ [ [ -91.373797171817742, 31.772729797119339 ], [ -91.374029119117594, 31.77253748451302 ], [ -91.37435231083029, 31.772541610868849 ], [ -91.374577427271149, 31.772739759098965 ], [ -91.374572598169124, 31.773015857346291 ], [ -91.374340650709257, 31.773208170926686 ], [ -91.374017456680946, 31.773204044464197 ], [ -91.373792340400087, 31.773005895260003 ], [ -91.373797171817742, 31.772729797119339 ] ] ], [ [ [ -91.368196754124313, 31.775032358292368 ], [ -91.368449666013177, 31.77486040546135 ], [ -91.368770833551991, 31.77489158858064 ], [ -91.36897212273621, 31.775107641210496 ], [ -91.368935620660906, 31.77538200331135 ], [ -91.368682708162751, 31.775553957076916 ], [ -91.368361538383894, 31.775522773662608 ], [ -91.368160249808938, 31.775306720098207 ], [ -91.368196754124313, 31.775032358292368 ] ] ], [ [ [ -91.371393247490147, 31.77534939200287 ], [ -91.371646154643585, 31.775177432659863 ], [ -91.372091258218788, 31.775200365072138 ], [ -91.372316375836775, 31.775398517275526 ], [ -91.37231153951835, 31.775674615097021 ], [ -91.372040353120738, 31.775878351574246 ], [ -91.371595246325299, 31.775855418878038 ], [ -91.371370129241498, 31.775657265427405 ], [ -91.371393247490147, 31.77534939200287 ] ] ], [ [ [ -91.370421542722454, 31.781244575290629 ], [ -91.370674468139313, 31.781072618628773 ], [ -91.370995658067997, 31.781103796849631 ], [ -91.371196965388876, 31.7813198463828 ], [ -91.371160466572775, 31.781594209002918 ], [ -91.370907540546696, 31.781766166599585 ], [ -91.370586348377188, 31.781734988083802 ], [ -91.370385041665571, 31.781518937615814 ], [ -91.370421542722454, 31.781244575290629 ] ] ], [ [ [ -91.366274457938474, 31.789511549414652 ], [ -91.3665274138786, 31.789339602221141 ], [ -91.366848630403013, 31.789370791780748 ], [ -91.367049944813232, 31.789586847881242 ], [ -91.367013429426819, 31.789861208450386 ], [ -91.36676047287682, 31.790033156578961 ], [ -91.366439254110773, 31.790001966724081 ], [ -91.366237940310427, 31.789785909688518 ], [ -91.366274457938474, 31.789511549414652 ] ] ], [ [ [ -91.366661014733666, 31.795677351550729 ], [ -91.366893035722271, 31.79548505503082 ], [ -91.367216306114571, 31.795489202158027 ], [ -91.367441460138281, 31.795687363677242 ], [ -91.367436605506256, 31.795963459947426 ], [ -91.367204584356827, 31.796155757442246 ], [ -91.366881311646296, 31.796151610207886 ], [ -91.366656157783382, 31.795953447713746 ], [ -91.366661014733666, 31.795677351550729 ] ] ], [ [ [ -91.365396567673287, 31.771857525701051 ], [ -91.365730905966515, 31.771672823995146 ], [ -91.365933436544765, 31.771701151385564 ], [ -91.366112281422019, 31.771826548601176 ], [ -91.366329662167431, 31.771731018071304 ], [ -91.366653857515672, 31.771756522255874 ], [ -91.366919882928102, 31.771913360145003 ], [ -91.366978175569272, 31.772184960834139 ], [ -91.366859364288786, 31.772368182752039 ], [ -91.366641420961344, 31.772464136009603 ], [ -91.366277176823985, 31.772429514213826 ], [ -91.366059523280583, 31.772291690263661 ], [ -91.365677380198079, 31.772385105776195 ], [ -91.365373431002283, 31.772165397560933 ], [ -91.365396567673287, 31.771857525701051 ] ] ], [ [ [ -91.364522010312967, 31.7746642237299 ], [ -91.364774927634343, 31.774492278385253 ], [ -91.365096092245977, 31.774523470693637 ], [ -91.365297371857949, 31.774739528832654 ], [ -91.36526085917238, 31.775013889535462 ], [ -91.365007941241387, 31.77518583581459 ], [ -91.364686774389838, 31.775154643210932 ], [ -91.36448549538747, 31.774938584137459 ], [ -91.364522010312967, 31.7746642237299 ] ] ], [ [ [ -91.366387816848189, 31.777861033719457 ], [ -91.366640739863044, 31.777689084926749 ], [ -91.366961916321486, 31.777720272904613 ], [ -91.367163206994221, 31.777936328367304 ], [ -91.36712669810413, 31.778210689615879 ], [ -91.366873774479743, 31.77838263934321 ], [ -91.366552595780945, 31.778351451070186 ], [ -91.366351305717771, 31.778135394672873 ], [ -91.366387816848189, 31.777861033719457 ] ] ], [ [ [ -91.365689430609891, 31.780782020620112 ], [ -91.365921414890536, 31.780589724258302 ], [ -91.366244633298606, 31.780593872121877 ], [ -91.366469750512266, 31.780792034524417 ], [ -91.366464895807169, 31.78106813130703 ], [ -91.366232911365685, 31.781260428643204 ], [ -91.365909690641089, 31.781256280672412 ], [ -91.365684573588268, 31.78105811729553 ], [ -91.365689430609891, 31.780782020620112 ] ] ], [ [ [ -91.365200409997612, 31.78361911495578 ], [ -91.365453351274368, 31.783447169272222 ], [ -91.365774547020564, 31.783478360874302 ], [ -91.365975846708793, 31.783694418353335 ], [ -91.365939331280643, 31.783968778829383 ], [ -91.365686389394071, 31.784140725447759 ], [ -91.365365191406951, 31.784109533550396 ], [ -91.365163892328525, 31.783893475136537 ], [ -91.365200409997612, 31.78361911495578 ] ] ], [ [ [ -91.353855709632114, 31.785607041768223 ], [ -91.354069442852108, 31.785446541280788 ], [ -91.354313814711986, 31.785429167789125 ], [ -91.354528302992364, 31.785530688338035 ], [ -91.354646073471557, 31.785751980968978 ], [ -91.354488135305587, 31.786064222093632 ], [ -91.3541172618894, 31.786130265477571 ], [ -91.354285579266545, 31.786302453036718 ], [ -91.354305919329079, 31.786511187108747 ], [ -91.354187063962257, 31.786694395340469 ], [ -91.353927985189642, 31.786794989423193 ], [ -91.353620086373397, 31.786710843499069 ], [ -91.353472029671238, 31.78646537905065 ], [ -91.353629971940535, 31.786153139344446 ], [ -91.35400084572963, 31.78608709739558 ], [ -91.353819157540954, 31.785881397454364 ], [ -91.353855709632114, 31.785607041768223 ] ] ], [ [ [ -91.353961939377584, 31.793933722322461 ], [ -91.354214929420479, 31.793761800893101 ], [ -91.354536155605288, 31.793793021886998 ], [ -91.354737449574728, 31.794009096678725 ], [ -91.354700895619388, 31.794283452246933 ], [ -91.354447904965312, 31.794455374611324 ], [ -91.354126676538669, 31.794424153321323 ], [ -91.353925383180396, 31.794208077594572 ], [ -91.353961939377584, 31.793933722322461 ] ] ], [ [ [ -91.352785682511978, 31.805070221041028 ], [ -91.353038705941898, 31.8048983033386 ], [ -91.353359969969148, 31.804929528538583 ], [ -91.353561284069684, 31.805145605551768 ], [ -91.353524720741319, 31.805419960055815 ], [ -91.353271696699807, 31.805591878693665 ], [ -91.352950430429516, 31.805560653197418 ], [ -91.352749116940558, 31.8053445752488 ], [ -91.352785682511978, 31.805070221041028 ] ] ], [ [ [ -91.352381471445469, 31.808031860029384 ], [ -91.352634503918438, 31.807859943505843 ], [ -91.35295577797153, 31.807891170054436 ], [ -91.353157097208012, 31.808107247796006 ], [ -91.353120531116943, 31.80838160198158 ], [ -91.352867498032268, 31.808553519440629 ], [ -91.352546221735807, 31.808522292595729 ], [ -91.352344903111046, 31.808306213918637 ], [ -91.352381471445469, 31.808031860029384 ] ] ] ] } },
{ "type": "Feature", "properties": { "depth_bin": -6, "survey_id": "LM_03_KGC_20260531_CS_3820_3786", "date": "2026-05-31 00:00:00+00:00", "year": 2026, "mile": 380.0, "bin_order": 6 }, "geometry": { "type": "MultiPolygon", "coordinates": [ [ [ [ -91.375021460528416, 31.770034335114381 ], [ -91.375179812750815, 31.769874424413 ], [ -91.375374050746117, 31.769817830807959 ], [ -91.3761724534845, 31.769930091470766 ], [ -91.376419217578302, 31.770108431935263 ], [ -91.376446095293787, 31.770383604931286 ], [ -91.376337973481725, 31.77053262438665 ], [ -91.376120043592948, 31.77062859436985 ], [ -91.375280553909192, 31.770521004680294 ], [ -91.375016633253793, 31.770310433540015 ], [ -91.375021460528416, 31.770034335114381 ] ] ], [ [ [ -91.372884227066294, 31.772389608301079 ], [ -91.373188195556608, 31.772609299194823 ], [ -91.373165084339774, 31.772917173294346 ], [ -91.372871837632943, 31.773097224182067 ], [ -91.372427994777837, 31.773061795364402 ], [ -91.372226701520219, 31.772845748011921 ], [ -91.372263192578885, 31.772571384503678 ], [ -91.372476864379124, 31.772410850717073 ], [ -91.372884227066294, 31.772389608301079 ] ] ], [ [ [ -91.373498369862546, 31.772656547585974 ], [ -91.373751265751622, 31.772484583615292 ], [ -91.37407242750615, 31.772515753154597 ], [ -91.374273724509905, 31.772731797718798 ], [ -91.374237239277733, 31.773006161993116 ], [ -91.373984342779949, 31.773178126898337 ], [ -91.373663178785506, 31.773146957064384 ], [ -91.373461882390473, 31.772930911565627 ], [ -91.373498369862546, 31.772656547585974 ] ] ], [ [ [ -91.374457370478027, 31.77274689841251 ], [ -91.374710264932816, 31.772574932487899 ], [ -91.375031427430798, 31.772606099628497 ], [ -91.375232726920245, 31.772822142754329 ], [ -91.375196244459985, 31.773096507393181 ], [ -91.374943349396588, 31.773268474252347 ], [ -91.374622184658648, 31.773237306817158 ], [ -91.374420885777823, 31.77302126275676 ], [ -91.374457370478027, 31.77274689841251 ] ] ], [ [ [ -91.37185763973244, 31.775405133437062 ], [ -91.372128825083848, 31.775201397301732 ], [ -91.372533442792729, 31.775220190088085 ], [ -91.372780213164418, 31.775398537700507 ], [ -91.372807080879028, 31.775673710936179 ], [ -91.372560578155969, 31.775899174295962 ], [ -91.372116729934078, 31.775891808994771 ], [ -91.371852802050086, 31.775681231195222 ], [ -91.37185763973244, 31.775405133437062 ] ] ], [ [ [ -91.366227239727422, 31.777851671185754 ], [ -91.36648016299857, 31.777679722720993 ], [ -91.36680133935225, 31.777710911101178 ], [ -91.367002629620487, 31.777926966804905 ], [ -91.366966120263143, 31.778201327992022 ], [ -91.366713196382435, 31.778373277391395 ], [ -91.366392017788442, 31.778342088716037 ], [ -91.366190728129752, 31.778126032077697 ], [ -91.366227239727422, 31.777851671185754 ] ] ], [ [ [ -91.368708762963152, 31.786820813246244 ], [ -91.368961707057736, 31.786648860747682 ], [ -91.369282915414686, 31.786680043891277 ], [ -91.369484230119724, 31.786896096223067 ], [ -91.369447723317947, 31.787170457878435 ], [ -91.369194778613817, 31.787342411311982 ], [ -91.368873568015474, 31.7873112278733 ], [ -91.368672253919996, 31.787095174606513 ], [ -91.368708762963152, 31.786820813246244 ] ] ], [ [ [ -91.366115908034473, 31.789489471009713 ], [ -91.366368864191728, 31.789317524138596 ], [ -91.366690080568446, 31.789348714094167 ], [ -91.366891394552638, 31.7895647704322 ], [ -91.366854878711464, 31.789839130941349 ], [ -91.366601921944337, 31.790011078747511 ], [ -91.366280703325998, 31.789979888496678 ], [ -91.366079389951679, 31.789763831223571 ], [ -91.366115908034473, 31.789489471009713 ] ] ], [ [ [ -91.366201956165526, 31.795580456033047 ], [ -91.366495288110059, 31.79540042393689 ], [ -91.367019195245291, 31.795449803665402 ], [ -91.367266006517625, 31.795628162871719 ], [ -91.367292860939031, 31.795903336080354 ], [ -91.367007052573442, 31.796140211402491 ], [ -91.366442782440942, 31.796098917247171 ], [ -91.366178812628107, 31.795888326829111 ], [ -91.366201956165526, 31.795580456033047 ] ] ], [ [ [ -91.364656720981657, 31.768944165600164 ], [ -91.364909622007247, 31.76877221930782 ], [ -91.365230766995225, 31.768803410640349 ], [ -91.365432035150519, 31.769019468346873 ], [ -91.365395525886498, 31.769293829413808 ], [ -91.365142624251462, 31.769465776640423 ], [ -91.364821477024208, 31.769434585012707 ], [ -91.364620209478375, 31.769218526371908 ], [ -91.364656720981657, 31.768944165600164 ] ] ], [ [ [ -91.365878183116919, 31.771892435063293 ], [ -91.366131090270116, 31.771720486614495 ], [ -91.366452245955216, 31.771751675207859 ], [ -91.366653523111154, 31.771967731197059 ], [ -91.366617015878873, 31.772242092574611 ], [ -91.366364108116258, 31.772414041957795 ], [ -91.366042950191499, 31.772382853069292 ], [ -91.365841673644994, 31.772166796145697 ], [ -91.365878183116919, 31.771892435063293 ] ] ], [ [ [ -91.35439819090972, 31.776702632940758 ], [ -91.354651131764854, 31.776530708583909 ], [ -91.354972298811973, 31.77656192654883 ], [ -91.355173558334499, 31.776777999984283 ], [ -91.355137014801912, 31.777052356662974 ], [ -91.354884073336109, 31.777224281954204 ], [ -91.354562904049089, 31.777193063693378 ], [ -91.354361645137217, 31.776976989323522 ], [ -91.35439819090972, 31.776702632940758 ] ] ], [ [ [ -91.354196908976292, 31.779636821629524 ], [ -91.354449858427785, 31.77946489803146 ], [ -91.354771035484006, 31.77949611683113 ], [ -91.354972300565422, 31.77971219068835 ], [ -91.354935754885105, 31.779986547128814 ], [ -91.354682804822843, 31.780158471661377 ], [ -91.35436162552638, 31.780127252565745 ], [ -91.354160361055733, 31.779911177774025 ], [ -91.354196908976292, 31.779636821629524 ] ] ], [ [ [ -91.354307629949801, 31.782749214027483 ], [ -91.354560587950729, 31.78257729056968 ], [ -91.354881775772455, 31.782608509440347 ], [ -91.355083047529376, 31.782824583257742 ], [ -91.355046500524125, 31.783098939570984 ], [ -91.354793541912358, 31.783270863963416 ], [ -91.354472351850049, 31.783239644796755 ], [ -91.354271080703953, 31.783023570044762 ], [ -91.354307629949801, 31.782749214027483 ] ] ], [ [ [ -91.353708105781365, 31.785549455928326 ], [ -91.353961072705459, 31.785377534030065 ], [ -91.354282269897624, 31.785408754721082 ], [ -91.354483545983399, 31.785624829553349 ], [ -91.354446995729532, 31.785899185481533 ], [ -91.35419402819447, 31.786071108314502 ], [ -91.353872828761425, 31.786039887327444 ], [ -91.353671553286617, 31.785823811560469 ], [ -91.353708105781365, 31.785549455928326 ] ] ], [ [ [ -91.363912836950846, 31.786356941261648 ], [ -91.364165788185247, 31.786184998538637 ], [ -91.364486992777287, 31.786216193680808 ], [ -91.364688295018013, 31.786432253205824 ], [ -91.364651774353618, 31.786706613035278 ], [ -91.364398822509202, 31.786878556693182 ], [ -91.364077615675939, 31.786847361255614 ], [ -91.363876314045214, 31.786631300795698 ], [ -91.363912836950846, 31.786356941261648 ] ] ], [ [ [ -91.352710623097821, 31.78807445587999 ], [ -91.352963598873004, 31.787902536324957 ], [ -91.353284804308572, 31.787933759805579 ], [ -91.353486083201361, 31.788149836239715 ], [ -91.353449528673693, 31.78842419164376 ], [ -91.353196552287372, 31.788596112133575 ], [ -91.352875344610666, 31.788564888356845 ], [ -91.352674066329001, 31.788348810987916 ], [ -91.352710623097821, 31.78807445587999 ] ] ], [ [ [ -91.353809053407815, 31.788264724522456 ], [ -91.354062027785005, 31.788092802737648 ], [ -91.354383234373685, 31.788124023479721 ], [ -91.354584516295276, 31.788340098270705 ], [ -91.354547964897904, 31.788614454089565 ], [ -91.354294989909675, 31.788786376809185 ], [ -91.353973781079816, 31.788755155771071 ], [ -91.353772499769264, 31.788539080045268 ], [ -91.353809053407815, 31.788264724522456 ] ] ], [ [ [ -91.353879727092419, 31.791147112915056 ], [ -91.354132709446702, 31.790975191325455 ], [ -91.354453925995088, 31.791006412213331 ], [ -91.354655214024973, 31.791222487015329 ], [ -91.354618661306304, 31.791496842704017 ], [ -91.354365678340912, 31.791668765228525 ], [ -91.354044459551005, 31.791637544044569 ], [ -91.35384317213223, 31.791421468307661 ], [ -91.353879727092419, 31.791147112915056 ] ] ], [ [ [ -91.365370468403299, 31.792411835607684 ], [ -91.365623434084853, 31.792239890607593 ], [ -91.365944660191047, 31.792271082761783 ], [ -91.366145978410728, 31.792487140338178 ], [ -91.36610945882984, 31.792761500400047 ], [ -91.365856492538228, 31.792933446335276 ], [ -91.3655352641901, 31.792902253885735 ], [ -91.365333946580449, 31.792686195374188 ], [ -91.365370468403299, 31.792411835607684 ] ] ], [ [ [ -91.364113969209484, 31.801490102311561 ], [ -91.36436696262173, 31.801318160953478 ], [ -91.364688219440254, 31.801349357277093 ], [ -91.364889553363696, 31.801565417108055 ], [ -91.364853025278691, 31.801839776189137 ], [ -91.364600031256018, 31.802011718482667 ], [ -91.364278772194595, 31.801980521863548 ], [ -91.364077438881552, 31.801764461097132 ], [ -91.364113969209484, 31.801490102311561 ] ] ], [ [ [ -91.360310794041666, 31.80984130946533 ], [ -91.360563817638962, 31.809669376888824 ], [ -91.360885101523834, 31.809700583705091 ], [ -91.361086443540458, 31.809916649593578 ], [ -91.361049899834157, 31.81019100674883 ], [ -91.360796875625851, 31.810362940261051 ], [ -91.360475589497213, 31.810331733148963 ], [ -91.360274248091585, 31.810115666324752 ], [ -91.360310794041666, 31.80984130946533 ] ] ], [ [ [ -91.351707788942036, 31.810850819508605 ], [ -91.351960830532491, 31.810678904700143 ], [ -91.35228211399874, 31.810710133258976 ], [ -91.352483437430109, 31.81092621212844 ], [ -91.352446867858305, 31.811200565898925 ], [ -91.352193825655988, 31.811372481643016 ], [ -91.351872539946072, 31.811341252787813 ], [ -91.351671217126551, 31.811125172982713 ], [ -91.351707788942036, 31.810850819508605 ] ] ] ] } },
{ "type": "Feature", "properties": { "depth_bin": -5, "survey_id": "LM_03_KGC_20260531_CS_3820_3786", "date": "2026-05-31 00:00:00+00:00", "year": 2026, "mile": 380.0, "bin_order": 5 }, "geometry": { "type": "MultiPolygon", "coordinates": [ [ [ [ -91.372572343622821, 31.772586057914673 ], [ -91.372730704471408, 31.772426150607689 ], [ -91.372966369233168, 31.772368352776464 ], [ -91.373364181825309, 31.772494711386177 ], [ -91.37371247434821, 31.772489086933984 ], [ -91.373957835053446, 31.772745750860722 ], [ -91.374229082589977, 31.772541839661347 ], [ -91.374756017825774, 31.772547022128681 ], [ -91.37502205989459, 31.772703843600759 ], [ -91.375080376782506, 31.772975441356291 ], [ -91.374961580052144, 31.773158671315098 ], [ -91.374702560267593, 31.773259309909342 ], [ -91.374178195400717, 31.77321982786049 ], [ -91.373932832875141, 31.772963164314643 ], [ -91.37362123489315, 31.77317516321391 ], [ -91.373249446820765, 31.773077520011842 ], [ -91.372980008134292, 31.77310468344168 ], [ -91.37260543850995, 31.772925021681907 ], [ -91.372572343622821, 31.772586057914673 ] ] ], [ [ [ -91.368017776784029, 31.775055131289768 ], [ -91.368249741591441, 31.774862829876902 ], [ -91.368572940459075, 31.774866971166883 ], [ -91.368798049511156, 31.775065129323888 ], [ -91.368793202804468, 31.775341226675856 ], [ -91.368561237836502, 31.775533529062859 ], [ -91.368238036652983, 31.775529387665838 ], [ -91.368012927761484, 31.775331228534693 ], [ -91.368017776784029, 31.775055131289768 ] ] ], [ [ [ -91.371053745667169, 31.775355610594012 ], [ -91.371285705222533, 31.775163303472077 ], [ -91.371608905624015, 31.775167437093046 ], [ -91.371834022097389, 31.77536559011336 ], [ -91.371829184352336, 31.775641687869989 ], [ -91.371597224636702, 31.775833995966096 ], [ -91.371274021919277, 31.775829862238282 ], [ -91.371048905606187, 31.7756317082438 ], [ -91.371053745667169, 31.775355610594012 ] ] ], [ [ [ -91.369723017716595, 31.778238131737073 ], [ -91.369954987387899, 31.778045827457056 ], [ -91.370278197598992, 31.778049964788895 ], [ -91.370503317829559, 31.778248120215299 ], [ -91.370498475588235, 31.778524217663872 ], [ -91.370266505756518, 31.77871652291817 ], [ -91.36994329322917, 31.778712385479402 ], [ -91.369718173159043, 31.778514229078723 ], [ -91.369723017716595, 31.778238131737073 ] ] ], [ [ [ -91.37149721798491, 31.778394418939328 ], [ -91.371750133504733, 31.778222459739727 ], [ -91.372071314106506, 31.778253634941944 ], [ -91.372272618133934, 31.778469682743832 ], [ -91.372236123987278, 31.778744045934101 ], [ -91.371983207858392, 31.778916006068442 ], [ -91.371662025016107, 31.778884830571382 ], [ -91.371460721597728, 31.778668781834774 ], [ -91.37149721798491, 31.778394418939328 ] ] ], [ [ [ -91.370579556732451, 31.78126305188869 ], [ -91.370832481923017, 31.781091094905204 ], [ -91.371153671986661, 31.781122272731142 ], [ -91.371354979724657, 31.781338322027434 ], [ -91.371318481363545, 31.781612684707479 ], [ -91.371065555563732, 31.78178464262578 ], [ -91.370744363259291, 31.781753464504924 ], [ -91.370543056130515, 31.781537414273796 ], [ -91.370579556732451, 31.78126305188869 ] ] ], [ [ [ -91.371842691350977, 31.78140684105847 ], [ -91.372074665025764, 31.781214533125276 ], [ -91.37239788659879, 31.781218665444687 ], [ -91.372623018894316, 31.78141681743557 ], [ -91.372618182353648, 31.781692915038068 ], [ -91.372386208518634, 31.781885223945665 ], [ -91.372062984628982, 31.781881091519441 ], [ -91.371837852493698, 31.781682938554166 ], [ -91.371842691350977, 31.78140684105847 ] ] ], [ [ [ -91.364479010909861, 31.768949633304548 ], [ -91.364637378738976, 31.768789736237245 ], [ -91.364831620118281, 31.76873315884751 ], [ -91.365591910605275, 31.768823982855622 ], [ -91.365857925954344, 31.768980822691024 ], [ -91.365916214023372, 31.769252423820472 ], [ -91.365797404710392, 31.769435644883874 ], [ -91.365579467388244, 31.769531596559975 ], [ -91.364778090204268, 31.76944544039134 ], [ -91.364491306414209, 31.769257960139125 ], [ -91.364479010909861, 31.768949633304548 ] ] ], [ [ [ -91.364117421995928, 31.771737481699866 ], [ -91.364370331811799, 31.771565536840509 ], [ -91.364691486168027, 31.771596729838826 ], [ -91.364892758781977, 31.77181278846821 ], [ -91.364856246455091, 31.772087149174546 ], [ -91.364603336029631, 31.772259094968256 ], [ -91.3642821794338, 31.772227901674693 ], [ -91.364080907429454, 31.772011842110935 ], [ -91.364117421995928, 31.771737481699866 ] ] ], [ [ [ -91.366048098209092, 31.777874744859442 ], [ -91.366280074238873, 31.777682447490925 ], [ -91.366603282593644, 31.77768659410652 ], [ -91.36682839384045, 31.777884755750833 ], [ -91.366823540750246, 31.778160852709053 ], [ -91.366591564559684, 31.77835315105181 ], [ -91.366268353888714, 31.778349004329034 ], [ -91.366043242802704, 31.778150841710485 ], [ -91.366048098209092, 31.777874744859442 ] ] ], [ [ [ -91.365041371033783, 31.78360140929151 ], [ -91.365294312540726, 31.783429463931817 ], [ -91.365615508154065, 31.783460655931503 ], [ -91.365816807424224, 31.783676713648937 ], [ -91.365780291537646, 31.783951074064561 ], [ -91.365527349420873, 31.784123020359061 ], [ -91.365206151566596, 31.784091828064085 ], [ -91.365004852906267, 31.783875769411825 ], [ -91.365041371033783, 31.78360140929151 ] ] ], [ [ [ -91.353615724605405, 31.785907813060085 ], [ -91.353868692699081, 31.785735891393507 ], [ -91.354189891083408, 31.785767112356847 ], [ -91.354391167685606, 31.785983187342527 ], [ -91.3543546169699, 31.786257543215374 ], [ -91.354101648265242, 31.786429465816664 ], [ -91.353780447639991, 31.786398244557279 ], [ -91.353579171648775, 31.786182168636884 ], [ -91.353615724605405, 31.785907813060085 ] ] ], [ [ [ -91.352849831161151, 31.788138310074665 ], [ -91.353081860030727, 31.787946038846929 ], [ -91.353405101948212, 31.787950220157587 ], [ -91.353630207820814, 31.788148404727981 ], [ -91.353625313566695, 31.78842449941374 ], [ -91.353393284534974, 31.788616771616077 ], [ -91.353070040300182, 31.78861259019736 ], [ -91.352844934589726, 31.788414404652375 ], [ -91.352849831161151, 31.788138310074665 ] ] ], [ [ [ -91.362972169992346, 31.8043559829425 ], [ -91.363225173474007, 31.804184044262545 ], [ -91.363546439653675, 31.804215243775854 ], [ -91.363747776746607, 31.804431305439646 ], [ -91.363711243782603, 31.804705663923141 ], [ -91.363458239690345, 31.80487760353865 ], [ -91.363136971267451, 31.804846403729741 ], [ -91.362935634785131, 31.804630341130387 ], [ -91.362972169992346, 31.8043559829425 ] ] ], [ [ [ -91.361463184685874, 31.807148458122473 ], [ -91.361716198678835, 31.80697652286554 ], [ -91.362037473801607, 31.807007726483896 ], [ -91.362238813030885, 31.807223790530166 ], [ -91.362202274144934, 31.807498148277997 ], [ -91.361949259541163, 31.807670084470555 ], [ -91.361627982174895, 31.807638880556485 ], [ -91.361426643556428, 31.807422815574576 ], [ -91.361463184685874, 31.807148458122473 ] ] ] ] } },
{ "type": "Feature", "properties": { "depth_bin": -4, "survey_id": "LM_03_KGC_20260531_CS_3820_3786", "date": "2026-05-31 00:00:00+00:00", "year": 2026, "mile": 380.0, "bin_order": 4 }, "geometry": { "type": "MultiPolygon", "coordinates": [ [ [ [ -91.372997434659496, 31.772655788306743 ], [ -91.373155794924998, 31.772495880452123 ], [ -91.373350039565466, 31.772439290182131 ], [ -91.373552574683146, 31.772467605581102 ], [ -91.373728848565207, 31.772589922080343 ], [ -91.374032967159948, 31.772484711071421 ], [ -91.374307923075023, 31.772576799662716 ], [ -91.374594793394436, 31.772542348627987 ], [ -91.374787197916334, 31.772626219812551 ], [ -91.375074036145762, 31.772591783589299 ], [ -91.375340078906532, 31.772748604417909 ], [ -91.375398396752942, 31.773020202057893 ], [ -91.37527960057497, 31.773203432331293 ], [ -91.375020580978273, 31.773304071579286 ], [ -91.374704494178062, 31.773213426535609 ], [ -91.374417653919878, 31.773247861854244 ], [ -91.374224956065817, 31.77316375677238 ], [ -91.373938083718031, 31.773198206901743 ], [ -91.373682952236308, 31.773054350814913 ], [ -91.373296571354373, 31.7731515770257 ], [ -91.373009758396933, 31.772964115109691 ], [ -91.372997434659496, 31.772655788306743 ] ] ], [ [ [ -91.375719986724874, 31.772880128080107 ], [ -91.375951930594297, 31.772687811854251 ], [ -91.376275123138385, 31.772691933348568 ], [ -91.376500244185465, 31.772890078322938 ], [ -91.376495420766346, 31.773166176827441 ], [ -91.376263476737108, 31.773358494027381 ], [ -91.375940281877362, 31.773354372426525 ], [ -91.375715160990097, 31.773156226478076 ], [ -91.375719986724874, 31.772880128080107 ] ] ], [ [ [ -91.37089316737206, 31.77534578674965 ], [ -91.371164354565323, 31.775142052732214 ], [ -91.371730196424508, 31.775168165514913 ], [ -91.371976965049015, 31.77534651462971 ], [ -91.372003830368413, 31.775621687956988 ], [ -91.371718098329339, 31.775858577074548 ], [ -91.371152252279373, 31.775832464100137 ], [ -91.370888326835939, 31.775621884377777 ], [ -91.37089316737206, 31.77534578674965 ] ] ], [ [ [ -91.372176482054641, 31.775439366438206 ], [ -91.372408439596612, 31.775247057202019 ], [ -91.372731640469965, 31.775251187983695 ], [ -91.372956759624046, 31.775449339102849 ], [ -91.372951925198308, 31.775725437010117 ], [ -91.372719967496181, 31.775917747220472 ], [ -91.372396764306899, 31.775913616332026 ], [ -91.372171645312974, 31.775715464238715 ], [ -91.372176482054641, 31.775439366438206 ] ] ], [ [ [ -91.36853096307722, 31.78683579834528 ], [ -91.368762957411519, 31.786643497289468 ], [ -91.36908619733714, 31.786647638643572 ], [ -91.369311334928057, 31.786845796534209 ], [ -91.369306487523389, 31.787121893445661 ], [ -91.369074493028506, 31.787314195476078 ], [ -91.36875125078565, 31.787310054014949 ], [ -91.368526113355315, 31.787111895149714 ], [ -91.36853096307722, 31.78683579834528 ] ] ], [ [ [ -91.363939228763655, 31.771752134143775 ], [ -91.364171193109485, 31.771559840073799 ], [ -91.364494379834625, 31.771563991328929 ], [ -91.364719472175949, 31.77176215623609 ], [ -91.36471461397889, 31.772038253168997 ], [ -91.364482649472095, 31.772230548212992 ], [ -91.364159460431452, 31.772226396850556 ], [ -91.363934368251108, 31.772028230969376 ], [ -91.363939228763655, 31.771752134143775 ] ] ], [ [ [ -91.365538044202765, 31.771903976420326 ], [ -91.365809232221579, 31.771700253762418 ], [ -91.366215053461389, 31.771716032735419 ], [ -91.366461802141401, 31.771894391971689 ], [ -91.366488650542578, 31.772169566024822 ], [ -91.366242142735686, 31.772395017065929 ], [ -91.365797091784657, 31.77239066365928 ], [ -91.365533188410112, 31.772180073460039 ], [ -91.365538044202765, 31.771903976420326 ] ] ], [ [ [ -91.367857054536486, 31.775046816243201 ], [ -91.368089019641602, 31.774854515133448 ], [ -91.368412218454395, 31.774858656830297 ], [ -91.368637327131253, 31.775056815259603 ], [ -91.368632479948715, 31.775332912589803 ], [ -91.368400514683017, 31.775525214673699 ], [ -91.368077313554338, 31.77552107286979 ], [ -91.367852205038091, 31.775322913466351 ], [ -91.367857054536486, 31.775046816243201 ] ] ], [ [ [ -91.365529665457757, 31.780770836206582 ], [ -91.365761650026798, 31.7805785401458 ], [ -91.366084868370166, 31.780582688413549 ], [ -91.366309985203927, 31.78078085108665 ], [ -91.366305130026262, 31.78105694784772 ], [ -91.366073145296355, 31.781249244882861 ], [ -91.365749924636475, 31.781245096507895 ], [ -91.365524807963553, 31.781046932860445 ], [ -91.365529665457757, 31.780770836206582 ] ] ], [ [ [ -91.3648626002621, 31.783612411844146 ], [ -91.365094593525612, 31.783420117366369 ], [ -91.365417821645337, 31.783424267657377 ], [ -91.365642943610723, 31.783622431608837 ], [ -91.365638085913844, 31.783898528154584 ], [ -91.365406092489408, 31.784090823606821 ], [ -91.36508286205283, 31.784086673208552 ], [ -91.364857740248382, 31.783888508282637 ], [ -91.3648626002621, 31.783612411844146 ] ] ], [ [ [ -91.353412977031411, 31.786156416738663 ], [ -91.353665946180413, 31.78598449551713 ], [ -91.353987145328958, 31.786015717017754 ], [ -91.354188421956607, 31.786231792318247 ], [ -91.354151870512638, 31.786506148099026 ], [ -91.353898900752625, 31.786678070255299 ], [ -91.353577699363129, 31.786646848458599 ], [ -91.353376423346489, 31.78643077222338 ], [ -91.353412977031411, 31.786156416738663 ] ] ], [ [ [ -91.365956647006186, 31.789470091938828 ], [ -91.366209603389379, 31.7892981453919 ], [ -91.366530819627357, 31.789329335745485 ], [ -91.366732133189416, 31.789545392322268 ], [ -91.366695616889942, 31.789819752770981 ], [ -91.366442659896848, 31.789991700252944 ], [ -91.366121441417263, 31.789960509604075 ], [ -91.365920128465106, 31.789744452092247 ], [ -91.365956647006186, 31.789470091938828 ] ] ] ] } },
{ "type": "Feature", "properties": { "depth_bin": -3, "survey_id": "LM_03_KGC_20260531_CS_3820_3786", "date": "2026-05-31 00:00:00+00:00", "year": 2026, "mile": 380.0, "bin_order": 3 }, "geometry": { "type": "MultiPolygon", "coordinates": [ [ [ [ -91.364942834776045, 31.769045598114534 ], [ -91.365151610801732, 31.768834804349758 ], [ -91.365473707933816, 31.768811870571405 ], [ -91.365720447668508, 31.768990231015813 ], [ -91.365747293423439, 31.769265405243846 ], [ -91.365538517691661, 31.769476199984719 ], [ -91.365216418257518, 31.769499133847912 ], [ -91.364969678228917, 31.769320772427388 ], [ -91.364942834776045, 31.769045598114534 ] ] ], [ [ [ -91.373304230833895, 31.772717214979753 ], [ -91.373512997151266, 31.772506407259932 ], [ -91.373835105960538, 31.772483452695571 ], [ -91.374081871917767, 31.772661797698802 ], [ -91.374108743080413, 31.772936970875737 ], [ -91.373899977057818, 31.77314777957173 ], [ -91.373577865946189, 31.773170734221473 ], [ -91.37333109969417, 31.772992388242074 ], [ -91.373304230833895, 31.772717214979753 ] ] ], [ [ [ -91.372321061412165, 31.775493239913132 ], [ -91.372529836413932, 31.775282434177242 ], [ -91.372851955009097, 31.775259482440251 ], [ -91.373098726121512, 31.775437829458102 ], [ -91.37312559478876, 31.775713002656836 ], [ -91.372916820081727, 31.775923809369001 ], [ -91.372594699183892, 31.775946761191328 ], [ -91.37234792777673, 31.775768413197198 ], [ -91.372321061412165, 31.775493239913132 ] ] ], [ [ [ -91.365729047624313, 31.777845528705363 ], [ -91.365961024212112, 31.777653231937194 ], [ -91.36628423241379, 31.777657379359049 ], [ -91.366509342886005, 31.777855541543268 ], [ -91.366504488853522, 31.778131638458756 ], [ -91.366272512104899, 31.778323936201176 ], [ -91.365949301587037, 31.77831978867211 ], [ -91.365724191275618, 31.778121625513659 ], [ -91.365729047624313, 31.777845528705363 ] ] ], [ [ [ -91.354250280836894, 31.785428714189248 ], [ -91.354482299893775, 31.785236440002802 ], [ -91.354805532611962, 31.785240617441534 ], [ -91.355030635287264, 31.78543879949483 ], [ -91.355025745710918, 31.785714894492742 ], [ -91.354793726492062, 31.785907169653687 ], [ -91.35447049145688, 31.785902992106994 ], [ -91.354245388943554, 31.785704809079199 ], [ -91.354250280836894, 31.785428714189248 ] ] ], [ [ [ -91.366117898795963, 31.786642825197767 ], [ -91.3663267136386, 31.786432031303644 ], [ -91.366648871845399, 31.786409096651607 ], [ -91.366895659137242, 31.786587455989679 ], [ -91.366922511073724, 31.786862629527235 ], [ -91.366713696525409, 31.78707342439812 ], [ -91.366391536014561, 31.787096359135163 ], [ -91.366144748428397, 31.786917998820336 ], [ -91.366117898795963, 31.786642825197767 ] ] ], [ [ [ -91.36835642000662, 31.786861236219057 ], [ -91.368565230450031, 31.78665043850512 ], [ -91.368887389124467, 31.786627498194257 ], [ -91.369134181476866, 31.786805853349222 ], [ -91.369161040102583, 31.78708102662981 ], [ -91.36895222995372, 31.787291825320484 ], [ -91.368630068975236, 31.787314765716513 ], [ -91.368383276328288, 31.787136409584814 ], [ -91.36835642000662, 31.786861236219057 ] ] ], [ [ [ -91.36517757837872, 31.792458791348917 ], [ -91.365386408974203, 31.792247999693263 ], [ -91.365708587551751, 31.792225068126662 ], [ -91.365955387899746, 31.792403429589733 ], [ -91.365982237929714, 31.792678603047243 ], [ -91.365773407628552, 31.792889395679882 ], [ -91.365451226746302, 31.792912327331475 ], [ -91.365204426103958, 31.792733964891411 ], [ -91.36517757837872, 31.792458791348917 ] ] ], [ [ [ -91.366025448646425, 31.795585889468665 ], [ -91.366257470661125, 31.795393594141458 ], [ -91.366580740632472, 31.795397742871735 ], [ -91.366805893034766, 31.795595905465351 ], [ -91.366801036530575, 31.795872001651887 ], [ -91.36656901435498, 31.796064297953983 ], [ -91.366245742065402, 31.796060149116528 ], [ -91.366020589824004, 31.79586198554799 ], [ -91.366025448646425, 31.795585889468665 ] ] ], [ [ [ -91.357925513181428, 31.81530436175737 ], [ -91.358157602501393, 31.815112083997022 ], [ -91.358480939829477, 31.815116255593953 ], [ -91.358706120184891, 31.815314432959457 ], [ -91.358701235855051, 31.815590527170468 ], [ -91.358469146373295, 31.815782805906476 ], [ -91.358145806724735, 31.815778634201781 ], [ -91.357920626531111, 31.81558045586063 ], [ -91.357925513181428, 31.81530436175737 ] ] ] ] } },
{ "type": "Feature", "properties": { "depth_bin": -2, "survey_id": "LM_03_KGC_20260531_CS_3820_3786", "date": "2026-05-31 00:00:00+00:00", "year": 2026, "mile": 380.0, "bin_order": 2 }, "geometry": { "type": "MultiPolygon", "coordinates": [ [ [ [ -91.374757577384798, 31.772821837767104 ], [ -91.374989523015202, 31.77262952335478 ], [ -91.375312715202142, 31.772633647284358 ], [ -91.375537833983174, 31.772831793889182 ], [ -91.375533007716442, 31.773107892264289 ], [ -91.375301061926137, 31.773300207650678 ], [ -91.374977867423539, 31.773296083614511 ], [ -91.374752748802422, 31.773097936035597 ], [ -91.374757577384798, 31.772821837767104 ] ] ], [ [ [ -91.370733347545666, 31.775334774223463 ], [ -91.37096530768352, 31.775142467705226 ], [ -91.371288507960983, 31.775146602136797 ], [ -91.371513623676478, 31.775344755699805 ], [ -91.371508784983604, 31.775620853413294 ], [ -91.371276824685438, 31.775813160905692 ], [ -91.370953622092046, 31.775809026367252 ], [ -91.370728506536878, 31.775610871830086 ], [ -91.370733347545666, 31.775334774223463 ] ] ], [ [ [ -91.369884229634565, 31.778243746595042 ], [ -91.370116199000122, 31.778051442010682 ], [ -91.370439409256718, 31.778055578934037 ], [ -91.370664529857336, 31.778253734087144 ], [ -91.370659688093909, 31.778529831557641 ], [ -91.370427718567939, 31.778722137116276 ], [ -91.370104505995087, 31.778718000085998 ], [ -91.369879385554881, 31.778519843958623 ], [ -91.369884229634565, 31.778243746595042 ] ] ], [ [ [ -91.371320634555502, 31.778401591718296 ], [ -91.371552601476395, 31.778209284434421 ], [ -91.371875812513167, 31.778213417730843 ], [ -91.372100936661809, 31.7784115704541 ], [ -91.372096099135973, 31.778687668115257 ], [ -91.37186413205481, 31.77887997637341 ], [ -91.371540918701768, 31.778875842970159 ], [ -91.371315794713382, 31.778677689272623 ], [ -91.371320634555502, 31.778401591718296 ] ] ], [ [ [ -91.369014525698901, 31.783966920418521 ], [ -91.369326096379055, 31.783755104796722 ], [ -91.369530929108109, 31.783766331890831 ], [ -91.369730430303107, 31.783883042517704 ], [ -91.369933691635566, 31.783771717303882 ], [ -91.370138826369143, 31.783765739852733 ], [ -91.370404891466876, 31.783922571524112 ], [ -91.370463200296868, 31.784194170719339 ], [ -91.370344379291097, 31.784377395274007 ], [ -91.370166764297736, 31.784465266390434 ], [ -91.369921576138424, 31.784462127312118 ], [ -91.369722073478741, 31.784345416945371 ], [ -91.369518810620775, 31.784456741761037 ], [ -91.369313674364633, 31.784462718159787 ], [ -91.369026835974807, 31.784275246688527 ], [ -91.369014525698901, 31.783966920418521 ] ] ], [ [ [ -91.365969357648495, 31.789268237247022 ], [ -91.366332148052777, 31.78930397911412 ], [ -91.366540127693341, 31.789469912230658 ], [ -91.366577653834128, 31.789710874777423 ], [ -91.366394027534866, 31.789938136086015 ], [ -91.36615831415169, 31.789995919963285 ], [ -91.365311560536952, 31.789957135713305 ], [ -91.365004580605515, 31.789794572271987 ], [ -91.364946285093652, 31.789522971222912 ], [ -91.365129913972794, 31.789295712080431 ], [ -91.36532419855132, 31.789239135544594 ], [ -91.365969357648495, 31.789268237247022 ] ] ], [ [ [ -91.364320502278602, 31.76893101482948 ], [ -91.364552458555153, 31.768738719719614 ], [ -91.364875635534759, 31.768742869679272 ], [ -91.365100722162865, 31.768941033794206 ], [ -91.365095865631659, 31.769217130902131 ], [ -91.364863909194185, 31.769409426985884 ], [ -91.364540729899417, 31.769405276918953 ], [ -91.364315643432235, 31.769207111830113 ], [ -91.364320502278602, 31.76893101482948 ] ] ], [ [ [ -91.354539564543416, 31.776754125911772 ], [ -91.354771560523304, 31.776561850193865 ], [ -91.355094763116725, 31.776566025883593 ], [ -91.355319846265516, 31.776764206994887 ], [ -91.355314959199305, 31.777040302409361 ], [ -91.355082963057498, 31.777232579101437 ], [ -91.354759758148077, 31.777228403303763 ], [ -91.35453467516119, 31.777030221218315 ], [ -91.354539564543416, 31.776754125911772 ] ] ], [ [ [ -91.364544500415931, 31.783569110427553 ], [ -91.364815725754426, 31.783365391462219 ], [ -91.365222556546598, 31.783374817523022 ], [ -91.365469333175611, 31.783553179345834 ], [ -91.365496180407618, 31.783828353138951 ], [ -91.365249638033774, 31.784053800741557 ], [ -91.364803572420357, 31.784055799750575 ], [ -91.364539639465207, 31.783845206824004 ], [ -91.364544500415931, 31.783569110427553 ] ] ] ] } },
{ "type": "Feature", "properties": { "depth_bin": -1, "survey_id": "LM_03_KGC_20260531_CS_3820_3786", "date": "2026-05-31 00:00:00+00:00", "year": 2026, "mile": 380.0, "bin_order": 1 }, "geometry": { "type": "MultiPolygon", "coordinates": [ [ [ [ -91.370557951672794, 31.77535670301334 ], [ -91.370766730221945, 31.775145900288479 ], [ -91.371088848573109, 31.775122953011362 ], [ -91.371335615793129, 31.775301303325445 ], [ -91.371362479199533, 31.775576476725934 ], [ -91.371153700944959, 31.7757872804271 ], [ -91.370831580291082, 31.775810227789442 ], [ -91.370584812776499, 31.775631876499048 ], [ -91.370557951672794, 31.77535670301334 ] ] ], [ [ [ -91.370027534564059, 31.778301398058925 ], [ -91.370236321202427, 31.778090596559618 ], [ -91.370558449868227, 31.778067650981242 ], [ -91.370805223586316, 31.778246002472176 ], [ -91.370832085867804, 31.778521175838282 ], [ -91.370623299523999, 31.778731978313985 ], [ -91.370301168555159, 31.778754923977576 ], [ -91.370054394542507, 31.778576571510246 ], [ -91.370027534564059, 31.778301398058925 ] ] ], [ [ [ -91.369895508148886, 31.783744495666504 ], [ -91.370243841904156, 31.783909314031277 ], [ -91.370276930405126, 31.784248277675577 ], [ -91.370005713845174, 31.784452008566987 ], [ -91.369558610719167, 31.784444065349881 ], [ -91.369333478168343, 31.784245908002223 ], [ -91.369338324950149, 31.783969810962251 ], [ -91.369532579137527, 31.783792164207465 ], [ -91.369895508148886, 31.783744495666504 ] ] ], [ [ [ -91.370940130385762, 31.784093299973211 ], [ -91.371172112819892, 31.783900994049979 ], [ -91.371495343592528, 31.783905128971178 ], [ -91.371720480139132, 31.784103282631612 ], [ -91.371715640410713, 31.78437937999351 ], [ -91.371483657816256, 31.784571686891237 ], [ -91.371160424726696, 31.784567551863169 ], [ -91.370935288340419, 31.78436939722824 ], [ -91.370940130385762, 31.784093299973211 ] ] ], [ [ [ -91.368195715626541, 31.786847644228096 ], [ -91.368404526390677, 31.786636846788603 ], [ -91.368726685038837, 31.786613906884234 ], [ -91.368973477033308, 31.786792262339631 ], [ -91.369000335179109, 31.787067435638622 ], [ -91.368791524709479, 31.787278234054863 ], [ -91.368469363757299, 31.787301174044376 ], [ -91.36822257146828, 31.787122817612229 ], [ -91.368195715626541, 31.786847644228096 ] ] ], [ [ [ -91.367695810903953, 31.775037845989342 ], [ -91.36792777630609, 31.774845545183602 ], [ -91.368250975061699, 31.774849687288565 ], [ -91.368476083360633, 31.775047845991018 ], [ -91.368471235700824, 31.775323943299398 ], [ -91.368239270138076, 31.775516245079277 ], [ -91.367916069066595, 31.775512102867239 ], [ -91.367690960928272, 31.775313943190639 ], [ -91.367695810903953, 31.775037845989342 ] ] ], [ [ [ -91.365888102664684, 31.777862710463687 ], [ -91.366120078981083, 31.777670413396518 ], [ -91.366443287268183, 31.777674560416742 ], [ -91.366668398132632, 31.777872722331946 ], [ -91.366663544569406, 31.778148819268615 ], [ -91.36643156809221, 31.778341117310021 ], [ -91.366108357488912, 31.778336970182622 ], [ -91.365883246785245, 31.778138807293185 ], [ -91.365888102664684, 31.777862710463687 ] ] ], [ [ [ -91.365353858878152, 31.780794575623208 ], [ -91.365562661636488, 31.780583782413512 ], [ -91.365884799588642, 31.78056084900064 ], [ -91.36613157031988, 31.780739209406807 ], [ -91.366158419090681, 31.781014383215567 ], [ -91.36594961662648, 31.781225177401822 ], [ -91.365627476370946, 31.781248110899593 ], [ -91.365380705345558, 31.781069749516888 ], [ -91.365353858878152, 31.780794575623208 ] ] ], [ [ [ -91.366769990838137, 31.786684791503589 ], [ -91.367001988280322, 31.78649249376307 ], [ -91.367325227396549, 31.78649663956962 ], [ -91.367550360734896, 31.786694800441719 ], [ -91.36754550812546, 31.786970897117182 ], [ -91.367313510522507, 31.787163195832264 ], [ -91.366990269089086, 31.787159049918596 ], [ -91.366765135911493, 31.786960888071899 ], [ -91.366769990838137, 31.786684791503589 ] ] ], [ [ [ -91.364810745159033, 31.789445558403315 ], [ -91.365042753656269, 31.789253264682209 ], [ -91.365366002061961, 31.789257415782878 ], [ -91.365591137482767, 31.789455580122688 ], [ -91.365586278528781, 31.789731676408156 ], [ -91.365354269870565, 31.789923971103935 ], [ -91.365031019147352, 31.789919819896006 ], [ -91.364805883887513, 31.789721654581516 ], [ -91.364810745159033, 31.789445558403315 ] ] ] ] } },
{ "type": "Feature", "properties": { "depth_bin": 0, "survey_id": "LM_03_KGC_20260531_CS_3820_3786", "date": "2026-05-31 00:00:00+00:00", "year": 2026, "mile": 380.0, "bin_order": 0 }, "geometry": { "type": "MultiPolygon", "coordinates": [ [ [ [ -91.375815079696395, 31.770149997490432 ], [ -91.376126587845704, 31.769938162714549 ], [ -91.376649509386084, 31.769986437607077 ], [ -91.376896274582549, 31.770164777180884 ], [ -91.376923153724192, 31.770439950121542 ], [ -91.376637450265179, 31.770676851417292 ], [ -91.376074177602874, 31.770636665582227 ], [ -91.375810254756999, 31.770426096019897 ], [ -91.375815079696395, 31.770149997490432 ] ] ], [ [ [ -91.374918769858567, 31.772826540193364 ], [ -91.375230289204637, 31.772614708064232 ], [ -91.375752342431454, 31.772670387059563 ], [ -91.37599911271937, 31.772848728480717 ], [ -91.376025989608067, 31.773123901436627 ], [ -91.375740275386647, 31.77336080027106 ], [ -91.375177869809363, 31.773313210005416 ], [ -91.374913941754073, 31.773102638483781 ], [ -91.374918769858567, 31.772826540193364 ] ] ], [ [ [ -91.37249395788659, 31.775483643556356 ], [ -91.372725914912593, 31.775291333724642 ], [ -91.373049115990952, 31.775295463705831 ], [ -91.37327423595093, 31.775493614288429 ], [ -91.37326940245994, 31.775769712237373 ], [ -91.373037445273809, 31.775962023043249 ], [ -91.372714241879507, 31.775957892955308 ], [ -91.372489122079642, 31.775759741398542 ], [ -91.37249395788659, 31.775483643556356 ] ] ], [ [ [ -91.370202549979567, 31.778285162717854 ], [ -91.370434518820076, 31.778092857535977 ], [ -91.370757729271958, 31.778096993656323 ], [ -91.37098285067384, 31.778295148271287 ], [ -91.370978009848287, 31.778571245783773 ], [ -91.370746040847393, 31.778763551939917 ], [ -91.370422828079242, 31.778759415712674 ], [ -91.370197706837757, 31.778561260123439 ], [ -91.370202549979567, 31.778285162717854 ] ] ], [ [ [ -91.364594964876858, 31.768708495431454 ], [ -91.364922645190575, 31.768901696136872 ], [ -91.364916662171197, 31.769241797780257 ], [ -91.364623412281034, 31.769421829619933 ], [ -91.364181113752778, 31.769381604696587 ], [ -91.363979847851752, 31.7691655450956 ], [ -91.364016361209423, 31.768891184568197 ], [ -91.36423003786615, 31.768730664728665 ], [ -91.364594964876858, 31.768708495431454 ] ] ], [ [ [ -91.355151047910041, 31.770877772258107 ], [ -91.35538302743781, 31.770685494716616 ], [ -91.355706209699022, 31.770689668167453 ], [ -91.355931280545335, 31.770887847935992 ], [ -91.355926396413096, 31.771163943690301 ], [ -91.355694416723509, 31.771356222205732 ], [ -91.355371232146965, 31.771352048647028 ], [ -91.355146161462471, 31.771153867904538 ], [ -91.355151047910041, 31.770877772258107 ] ] ], [ [ [ -91.364181206062298, 31.77468629490944 ], [ -91.36441317753382, 31.774494000713055 ], [ -91.364736374499657, 31.774498151695468 ], [ -91.36496147419804, 31.774696316343352 ], [ -91.364956616164761, 31.774972413182372 ], [ -91.364724644532288, 31.775164708352875 ], [ -91.364401445250635, 31.775160557263163 ], [ -91.36417634571319, 31.774962391641154 ], [ -91.364181206062298, 31.77468629490944 ] ] ], [ [ [ -91.369979961445125, 31.783824199623687 ], [ -91.370297925969709, 31.783774394171409 ], [ -91.370539801611216, 31.783902475039387 ], [ -91.370628996132368, 31.784167884461759 ], [ -91.370472354301469, 31.784409430306511 ], [ -91.370161633962724, 31.784485617678797 ], [ -91.369887824142097, 31.784360531132648 ], [ -91.369555382556385, 31.784492332089236 ], [ -91.36923123741478, 31.784356262544183 ], [ -91.369142046777327, 31.784090852277512 ], [ -91.369298691417995, 31.783849308156313 ], [ -91.369609410214963, 31.783773122835889 ], [ -91.369883217937357, 31.783898209921539 ], [ -91.369979961445125, 31.783824199623687 ] ] ], [ [ [ -91.364651664197311, 31.789430766546957 ], [ -91.364883672972312, 31.789238473125273 ], [ -91.365206921300825, 31.789242624628052 ], [ -91.365432056334726, 31.789440789237126 ], [ -91.36542719691073, 31.789716885501285 ], [ -91.365195187974734, 31.789909179897659 ], [ -91.364871937328701, 31.789905028287599 ], [ -91.364646802455781, 31.789706862703831 ], [ -91.364651664197311, 31.789430766546957 ] ] ], [ [ [ -91.356891503014765, 31.818132732339564 ], [ -91.357123601740327, 31.817940456858402 ], [ -91.357446948755609, 31.817944631412345 ], [ -91.357672133405444, 31.818142810680545 ], [ -91.357667245461542, 31.818418904625425 ], [ -91.357435146574076, 31.818611181082353 ], [ -91.357111797237991, 31.818607006420599 ], [ -91.35688661275006, 31.818408826176636 ], [ -91.356891503014765, 31.818132732339564 ] ] ] ] } },
{ "type": "Feature", "properties": { "depth_bin": 1, "survey_id": "LM_03_KGC_20260531_CS_3820_3786", "date": "2026-05-31 00:00:00+00:00", "year": 2026, "mile": 380.0, "bin_order": -1 }, "geometry": { "type": "MultiPolygon", "coordinates": [ [ [ [ -91.376280066221227, 31.77023903949102 ], [ -91.376488820183951, 31.770028226400793 ], [ -91.376810919982773, 31.770005263986793 ], [ -91.377057685551705, 31.77018360325923 ], [ -91.377084565175849, 31.770458776181158 ], [ -91.376875811508143, 31.77066959024744 ], [ -91.376553709407304, 31.770692552746993 ], [ -91.376306943543327, 31.770514212498526 ], [ -91.376280066221227, 31.77023903949102 ] ] ], [ [ [ -91.375396705477897, 31.772879777751378 ], [ -91.375628649988684, 31.772687462136858 ], [ -91.375951842479665, 31.772691584451419 ], [ -91.376176962810291, 31.772889729974462 ], [ -91.376172138431031, 31.773165828434674 ], [ -91.375940193760385, 31.773358145023273 ], [ -91.375616998953731, 31.773354022602142 ], [ -91.375391878782963, 31.773155876105029 ], [ -91.375396705477897, 31.772879777751378 ] ] ], [ [ [ -91.369133447674486, 31.77519257270092 ], [ -91.369365410621981, 31.775000269193068 ], [ -91.369688610147321, 31.775004407667939 ], [ -91.369913721989505, 31.775202563938755 ], [ -91.369908878570968, 31.775478661438346 ], [ -91.369676915463003, 31.775670965920359 ], [ -91.369353713621749, 31.775666827338505 ], [ -91.369128601940034, 31.775468670093534 ], [ -91.369133447674486, 31.77519257270092 ] ] ], [ [ [ -91.370412502288488, 31.775308387210437 ], [ -91.370644462995315, 31.775116081296144 ], [ -91.370967663129392, 31.775120216538816 ], [ -91.37119277807308, 31.77531837064496 ], [ -91.371187938432129, 31.775594468315486 ], [ -91.370955977564947, 31.775786775203933 ], [ -91.370632775114956, 31.775782639854373 ], [ -91.370407660331608, 31.775584484774065 ], [ -91.370412502288488, 31.775308387210437 ] ] ], [ [ [ -91.365838598914635, 31.777631049763542 ], [ -91.366083768551221, 31.777634196100905 ], [ -91.366285573805669, 31.777753166798075 ], [ -91.366375994302615, 31.777947861831453 ], [ -91.366324552221599, 31.778152657358305 ], [ -91.36603127598562, 31.778332691346215 ], [ -91.365431294140933, 31.778263565958188 ], [ -91.365230006948693, 31.778047507878767 ], [ -91.365266521329929, 31.777773147353411 ], [ -91.365519446071218, 31.777601200848142 ], [ -91.365838598914635, 31.777631049763542 ] ] ], [ [ [ -91.370722795170849, 31.781315941107838 ], [ -91.370954770835311, 31.781123635283073 ], [ -91.371277991911953, 31.781127770434225 ], [ -91.371503121515801, 31.781325924321401 ], [ -91.371498281664842, 31.781602021773924 ], [ -91.371266305840038, 31.781794328573088 ], [ -91.370943082446772, 31.781790193315068 ], [ -91.370717953003293, 31.781592038453503 ], [ -91.370722795170849, 31.781315941107838 ] ] ], [ [ [ -91.365032372495023, 31.79240546567133 ], [ -91.365264388231154, 31.792213171864901 ], [ -91.365587646972841, 31.792217322746961 ], [ -91.36581278977232, 31.792415486862922 ], [ -91.365807930917327, 31.792691583050516 ], [ -91.365575915020244, 31.792883877831738 ], [ -91.365252653960681, 31.792879726842422 ], [ -91.365027511322168, 31.792681561751664 ], [ -91.365032372495023, 31.79240546567133 ] ] ], [ [ [ -91.363763793320729, 31.771775840266006 ], [ -91.363972578352787, 31.77156504881787 ], [ -91.364294685134652, 31.771542118360085 ], [ -91.364541429510041, 31.77172048118392 ], [ -91.364568272178076, 31.771995655456458 ], [ -91.364359487439856, 31.772206447880809 ], [ -91.364037378355604, 31.772229378423368 ], [ -91.363790633686378, 31.772051014623315 ], [ -91.363763793320729, 31.771775840266006 ] ] ], [ [ [ -91.354581520035993, 31.773819590963868 ], [ -91.354813508322351, 31.773627314833732 ], [ -91.355136700718703, 31.773631490073708 ], [ -91.355361777139962, 31.773829670961181 ], [ -91.355356890756624, 31.774105766508807 ], [ -91.355124902308376, 31.774298043612994 ], [ -91.354801707596337, 31.774293868265087 ], [ -91.354576631336997, 31.774095686403562 ], [ -91.354581520035993, 31.773819590963868 ] ] ], [ [ [ -91.365207022776787, 31.780752258042789 ], [ -91.365439007938619, 31.780559962590406 ], [ -91.365762226165273, 31.780564111674835 ], [ -91.365987342241155, 31.780762274894514 ], [ -91.365982486108408, 31.781038371611885 ], [ -91.365750500785666, 31.781230668038628 ], [ -91.3654272802425, 31.781226518846967 ], [ -91.365202164327499, 31.781028354652928 ], [ -91.365207022776787, 31.780752258042789 ] ] ], [ [ [ -91.364384847304279, 31.783548275951301 ], [ -91.364616841350653, 31.78335598237036 ], [ -91.364940069170089, 31.783360133866513 ], [ -91.365165189927907, 31.783558298625479 ], [ -91.365160330823556, 31.783834395108073 ], [ -91.364928336616202, 31.784026689663481 ], [ -91.364605106479928, 31.784022538060036 ], [ -91.36437998588309, 31.783824372326617 ], [ -91.364384847304279, 31.783548275951301 ] ] ], [ [ [ -91.364860739862166, 31.798481467993934 ], [ -91.365092771706827, 31.798289175198288 ], [ -91.36541605156944, 31.798293327222254 ], [ -91.365641208130384, 31.798491491942354 ], [ -91.365636347616061, 31.798767587842555 ], [ -91.365404315610377, 31.798959881613218 ], [ -91.365081033429206, 31.798955729481975 ], [ -91.364855877029285, 31.798757563786868 ], [ -91.364860739862166, 31.798481467993934 ] ] ], [ [ [ -91.351290282529646, 31.81380894649039 ], [ -91.351522381158972, 31.813616681130807 ], [ -91.351845712198013, 31.813620869408375 ], [ -91.352070874349849, 31.813819057963407 ], [ -91.352065970564865, 31.814095151318096 ], [ -91.351833871773096, 31.814287417653251 ], [ -91.351510538413805, 31.814283229267499 ], [ -91.3512853764244, 31.814085039736899 ], [ -91.351290282529646, 31.81380894649039 ] ] ] ] } },
{ "type": "Feature", "properties": { "depth_bin": 2, "survey_id": "LM_03_KGC_20260531_CS_3820_3786", "date": "2026-05-31 00:00:00+00:00", "year": 2026, "mile": 380.0, "bin_order": -2 }, "geometry": { "type": "MultiPolygon", "coordinates": [ [ [ [ -91.37659972234934, 31.770258356749803 ], [ -91.376846200034578, 31.770032884549661 ], [ -91.377250447965721, 31.770027513945049 ], [ -91.377516487463197, 31.770184330163481 ], [ -91.377574810450682, 31.770455927070063 ], [ -91.37735538948705, 31.77070095412537 ], [ -91.376913413973298, 31.770720983549747 ], [ -91.376647374056077, 31.770564166066411 ], [ -91.37659972234934, 31.770258356749803 ] ] ], [ [ [ -91.375557839516077, 31.772885001102981 ], [ -91.375789783720265, 31.77269268518431 ], [ -91.376112976255286, 31.772696807090629 ], [ -91.37633809695474, 31.772894952340454 ], [ -91.376333273053092, 31.77317105082253 ], [ -91.376101328689074, 31.773363367715266 ], [ -91.375778133838409, 31.773359245702405 ], [ -91.37555301329877, 31.773161099478514 ], [ -91.375557839516077, 31.772885001102981 ] ] ], [ [ [ -91.372653320012475, 31.775502683894359 ], [ -91.3728852767712, 31.775310373763368 ], [ -91.37320847794139, 31.775314503342369 ], [ -91.373433598298519, 31.775512653655465 ], [ -91.373428765277325, 31.775788751625491 ], [ -91.373196808358458, 31.775981062730647 ], [ -91.372873604872339, 31.775976933044905 ], [ -91.372648484675324, 31.77577878175763 ], [ -91.372653320012475, 31.775502683894359 ] ] ], [ [ [ -91.370361843774262, 31.778300523339297 ], [ -91.370520218495244, 31.778140619373637 ], [ -91.370714476518359, 31.77808403362241 ], [ -91.371077888094732, 31.778127206284321 ], [ -91.371263304521932, 31.778260384797033 ], [ -91.371637489957848, 31.778172946119767 ], [ -91.371903542140984, 31.778329774339273 ], [ -91.371961852623812, 31.778601373106206 ], [ -91.371843042171847, 31.778784599552818 ], [ -91.3716250882417, 31.778880560918573 ], [ -91.37138145505476, 31.778856912126418 ], [ -91.37119603729866, 31.778723733752262 ], [ -91.370986621820506, 31.778813279255953 ], [ -91.370660982914529, 31.778796317967352 ], [ -91.370374158641411, 31.778608849867116 ], [ -91.370361843774262, 31.778300523339297 ] ] ], [ [ [ -91.369981494163312, 31.784005560978422 ], [ -91.370213478274977, 31.783813256859066 ], [ -91.370536708588034, 31.783817394203272 ], [ -91.37076184280717, 31.784015549486512 ], [ -91.370757000246712, 31.784291646720398 ], [ -91.370525015974593, 31.784483951814224 ], [ -91.370201783344612, 31.784479814363102 ], [ -91.369976649285917, 31.784281658105364 ], [ -91.369981494163312, 31.784005560978422 ] ] ], [ [ [ -91.363836787494208, 31.768917172317536 ], [ -91.364068744695345, 31.76872487812113 ], [ -91.364391921548673, 31.768729029306396 ], [ -91.364617007073576, 31.768927194241183 ], [ -91.364612149108467, 31.769203291282928 ], [ -91.364380191746378, 31.769395586453232 ], [ -91.364057012577902, 31.769391435160646 ], [ -91.363831927213951, 31.769193269251971 ], [ -91.363836787494208, 31.768917172317536 ] ] ], [ [ [ -91.364663016308512, 31.774708453393526 ], [ -91.364894986880572, 31.774516158288098 ], [ -91.365218184001307, 31.774520308050512 ], [ -91.365443284818241, 31.774718471882061 ], [ -91.365438428211931, 31.774994568786614 ], [ -91.365206457478976, 31.775186864866154 ], [ -91.364883258042425, 31.775182714996483 ], [ -91.364658157386401, 31.774984550190819 ], [ -91.364663016308512, 31.774708453393526 ] ] ], [ [ [ -91.367536261514829, 31.77501918512122 ], [ -91.367768227185508, 31.774826884615205 ], [ -91.368091425850508, 31.774831027122861 ], [ -91.368316533752733, 31.775029186095097 ], [ -91.368311685622515, 31.775305283382302 ], [ -91.368079719791211, 31.775497584862457 ], [ -91.367756518810353, 31.775493442247722 ], [ -91.36753141106874, 31.775295282301343 ], [ -91.367536261514829, 31.77501918512122 ] ] ], [ [ [ -91.365407054990726, 31.777829529384451 ], [ -91.365639032176659, 31.777637233223679 ], [ -91.365962240270676, 31.777641381460803 ], [ -91.366187349992572, 31.777839544190584 ], [ -91.366182495006512, 31.778115641062378 ], [ -91.365950517659741, 31.778307938197379 ], [ -91.365627307249511, 31.778303789853037 ], [ -91.365402197688482, 31.778105626149014 ], [ -91.365407054990726, 31.777829529384451 ] ] ], [ [ [ -91.365046127530903, 31.780746634751491 ], [ -91.3652781129978, 31.780554339602922 ], [ -91.365601331178908, 31.780558489095039 ], [ -91.365826446885322, 31.780756652587456 ], [ -91.365821590275587, 31.781032749282883 ], [ -91.365589604647781, 31.781225045405808 ], [ -91.365266384150161, 31.781220895806456 ], [ -91.365041268604656, 31.781022731339668 ], [ -91.365046127530903, 31.780746634751491 ] ] ], [ [ [ -91.368051193570238, 31.786791567414312 ], [ -91.368283188743291, 31.786599267261369 ], [ -91.368606428437673, 31.786603409828171 ], [ -91.36883156486283, 31.786801568530962 ], [ -91.368826716040729, 31.78707766537828 ], [ -91.368594720707037, 31.787269966505807 ], [ -91.368271478695419, 31.787265823831962 ], [ -91.368046342430901, 31.787067664154574 ], [ -91.368051193570238, 31.786791567414312 ] ] ], [ [ [ -91.364489985275711, 31.789428282962987 ], [ -91.364721994365567, 31.789235989847004 ], [ -91.36504524265932, 31.789240141759922 ], [ -91.365270377329196, 31.789438306643312 ], [ -91.365265517425129, 31.789714402885274 ], [ -91.365033508174264, 31.789906696975926 ], [ -91.364710257563004, 31.789902544955712 ], [ -91.364485123054124, 31.789704379097646 ], [ -91.364489985275711, 31.789428282962987 ] ] ] ] } },
{ "type": "Feature", "properties": { "depth_bin": 3, "survey_id": "LM_03_KGC_20260531_CS_3820_3786", "date": "2026-05-31 00:00:00+00:00", "year": 2026, "mile": 380.0, "bin_order": -3 }, "geometry": { "type": "MultiPolygon", "coordinates": [ [ [ [ -91.37643795627649, 31.770250968219582 ], [ -91.376546077583654, 31.770101948656681 ], [ -91.376764005805555, 31.770005977880622 ], [ -91.377109817115212, 31.770083344430809 ], [ -91.377570772948488, 31.770060650125163 ], [ -91.377836813109511, 31.770217465694593 ], [ -91.377895137056441, 31.770489062484987 ], [ -91.377776349160712, 31.770672295430543 ], [ -91.377558420310933, 31.770768267912693 ], [ -91.377052355686544, 31.770672287124459 ], [ -91.376751647053482, 31.770713595390941 ], [ -91.376485607445346, 31.770556777579184 ], [ -91.37643795627649, 31.770250968219582 ] ] ], [ [ [ -91.370254232322651, 31.775289143073863 ], [ -91.370486193294028, 31.775096837456775 ], [ -91.370809393335691, 31.77510097309883 ], [ -91.37103450788419, 31.775299127472593 ], [ -91.371029667776725, 31.775575225122179 ], [ -91.370797706644979, 31.77576753171342 ], [ -91.370474504287401, 31.775763395964468 ], [ -91.370249389899271, 31.775565240616547 ], [ -91.370254232322651, 31.775289143073863 ] ] ], [ [ [ -91.37013914509221, 31.784040093584725 ], [ -91.370450713586635, 31.783828275134486 ], [ -91.370694359438716, 31.783851926119038 ], [ -91.37087591509416, 31.783980504340729 ], [ -91.371254583795476, 31.783889717593354 ], [ -91.371520651230171, 31.784046547004255 ], [ -91.371578963408183, 31.784318145794995 ], [ -91.371460144386333, 31.784501371456269 ], [ -91.371242176402788, 31.78459733162148 ], [ -91.370998528415996, 31.784573681618177 ], [ -91.370816971460684, 31.784445103538424 ], [ -91.370438300101569, 31.784535888886072 ], [ -91.370151459105742, 31.784348419867904 ], [ -91.37013914509221, 31.784040093584725 ] ] ], [ [ [ -91.354337933571344, 31.779685459600433 ], [ -91.354569937554615, 31.779493184596639 ], [ -91.354893150309522, 31.779497361140997 ], [ -91.355118239825629, 31.77969554274679 ], [ -91.355113351602668, 31.779971638006096 ], [ -91.35488134745745, 31.780163913984175 ], [ -91.354558132386202, 31.780159737331886 ], [ -91.354333043032042, 31.779961554751793 ], [ -91.354337933571344, 31.779685459600433 ] ] ], [ [ [ -91.36405506659888, 31.786396845089129 ], [ -91.364287068689023, 31.786204552453956 ], [ -91.364610306364952, 31.786208705118401 ], [ -91.364835433018442, 31.786406870583825 ], [ -91.364830572395277, 31.786682966897303 ], [ -91.364598570144096, 31.786875260507038 ], [ -91.364275330151003, 31.78687110773528 ], [ -91.36405020365855, 31.786672941295294 ], [ -91.36405506659888, 31.786396845089129 ] ] ], [ [ [ -91.362780508803155, 31.804391296869987 ], [ -91.362989372760765, 31.804180510612351 ], [ -91.363311593211947, 31.804157586567097 ], [ -91.363558419417132, 31.804335953269003 ], [ -91.363585264140994, 31.804611126614315 ], [ -91.363376400477691, 31.80482191384943 ], [ -91.363054177720386, 31.804844837979584 ], [ -91.362807351220894, 31.804666470300212 ], [ -91.362780508803155, 31.804391296869987 ] ] ], [ [ [ -91.352930579893112, 31.805113440143739 ], [ -91.353162652672154, 31.804921170689639 ], [ -91.35348595369102, 31.804925353782611 ], [ -91.353711099237557, 31.805123539099938 ], [ -91.353706201989397, 31.805399633060198 ], [ -91.353474129048138, 31.805591903489535 ], [ -91.353150825710003, 31.8055877202885 ], [ -91.352925680325697, 31.805389533995925 ], [ -91.352930579893112, 31.805113440143739 ] ] ], [ [ [ -91.351846150134577, 31.810913664296933 ], [ -91.352078240136123, 31.810721397555461 ], [ -91.35240156117969, 31.810725584081876 ], [ -91.352626717823412, 31.810923771542253 ], [ -91.352621816244223, 31.811199865099955 ], [ -91.352389726080318, 31.811392132816884 ], [ -91.352066402716801, 31.811387946182329 ], [ -91.351841246235452, 31.811189757746487 ], [ -91.351846150134577, 31.810913664296933 ] ] ] ] } },
{ "type": "Feature", "properties": { "depth_bin": 4, "survey_id": "LM_03_KGC_20260531_CS_3820_3786", "date": "2026-05-31 00:00:00+00:00", "year": 2026, "mile": 380.0, "bin_order": -4 }, "geometry": { "type": "MultiPolygon", "coordinates": [ [ [ [ -91.363658956642169, 31.768953707271322 ], [ -91.363867735267419, 31.768742915700138 ], [ -91.364189832247163, 31.768719985169739 ], [ -91.364436569166855, 31.768898348013924 ], [ -91.364463411093013, 31.769173522387781 ], [ -91.364254632761529, 31.769384314935099 ], [ -91.363932533479712, 31.769407245550237 ], [ -91.363685796266253, 31.76922888172993 ], [ -91.363658956642169, 31.768953707271322 ] ] ], [ [ [ -91.364756426618555, 31.777777454625109 ], [ -91.365042181820854, 31.777540581997048 ], [ -91.365567763761149, 31.777560602858113 ], [ -91.365833803406332, 31.777717443376339 ], [ -91.365892095710677, 31.777989044340796 ], [ -91.365634896771624, 31.778248704414324 ], [ -91.365070081592833, 31.778240108959324 ], [ -91.364804041854327, 31.778083266850242 ], [ -91.364756426618555, 31.777777454625109 ] ] ], [ [ [ -91.370986415475556, 31.778399032269736 ], [ -91.371195200239484, 31.778188229135193 ], [ -91.371517329119399, 31.778165281133884 ], [ -91.371764105014776, 31.778343630833458 ], [ -91.371790970161314, 31.77861880408916 ], [ -91.371582185692048, 31.778829608200116 ], [ -91.371260054509094, 31.778852556286697 ], [ -91.371013278319069, 31.778674205610717 ], [ -91.370986415475556, 31.778399032269736 ] ] ], [ [ [ -91.365958298165097, 31.786624273078097 ], [ -91.366167113314361, 31.786413479456012 ], [ -91.366489271477434, 31.786390545207077 ], [ -91.366736058400789, 31.786568904843193 ], [ -91.366762909859887, 31.786844078399156 ], [ -91.366554095004943, 31.787054872997995 ], [ -91.366231934537822, 31.78707780733194 ], [ -91.365985147320146, 31.78689944671904 ], [ -91.365958298165097, 31.786624273078097 ] ] ], [ [ [ -91.353938687963165, 31.788328648143398 ], [ -91.354147533500694, 31.788117875346583 ], [ -91.354469699159679, 31.788094971829178 ], [ -91.354716466295855, 31.788273354101495 ], [ -91.35474328227491, 31.788548528938499 ], [ -91.354534437030537, 31.788759302712261 ], [ -91.354212269067133, 31.788782206313901 ], [ -91.353965501637788, 31.788603823064626 ], [ -91.353938687963165, 31.788328648143398 ] ] ], [ [ [ -91.353573906952136, 31.799509512670657 ], [ -91.353805963900101, 31.799317241362242 ], [ -91.354129245511572, 31.79932142216564 ], [ -91.354354379442526, 31.799519606099324 ], [ -91.354349485174922, 31.799795700392213 ], [ -91.354117428064825, 31.799987972675662 ], [ -91.35379414413471, 31.799983791764245 ], [ -91.353569010365902, 31.799785606855536 ], [ -91.353573906952136, 31.799509512670657 ] ] ], [ [ [ -91.358530047134479, 31.812444175749825 ], [ -91.358762127821734, 31.812251896520511 ], [ -91.359085455283378, 31.812256066248068 ], [ -91.359310630318035, 31.812454242438815 ], [ -91.359305748330002, 31.812730336857744 ], [ -91.359073667481042, 31.8129226170626 ], [ -91.358750337699263, 31.812918447227332 ], [ -91.358525162826311, 31.81272027006105 ], [ -91.358530047134479, 31.812444175749825 ] ] ] ] } },
{ "type": "Feature", "properties": { "depth_bin": 5, "survey_id": "LM_03_KGC_20260531_CS_3820_3786", "date": "2026-05-31 00:00:00+00:00", "year": 2026, "mile": 380.0, "bin_order": -5 }, "geometry": { "type": "MultiPolygon", "coordinates": [ [ [ [ -91.377241339911293, 31.77030747087726 ], [ -91.377450091925851, 31.770096656145277 ], [ -91.377772191836257, 31.770073691299341 ], [ -91.378018959511195, 31.770252028774213 ], [ -91.378045842002109, 31.770527201585928 ], [ -91.377837090282696, 31.770738017293962 ], [ -91.37751498807026, 31.770760982225529 ], [ -91.377268220100206, 31.770582643774617 ], [ -91.377241339911293, 31.77030747087726 ] ] ], [ [ [ -91.370094505254826, 31.775263340762439 ], [ -91.370326466476627, 31.775071035444586 ], [ -91.370649666402855, 31.775075171488968 ], [ -91.370874780537662, 31.775273326132474 ], [ -91.370869939960585, 31.775549423761206 ], [ -91.370637978578415, 31.775741730053223 ], [ -91.370314776336272, 31.77573759390193 ], [ -91.370089662361835, 31.775539438284273 ], [ -91.370094505254826, 31.775263340762439 ] ] ], [ [ [ -91.37281425416937, 31.775512667642658 ], [ -91.373046210634257, 31.77532035720839 ], [ -91.373369411865028, 31.775324486380171 ], [ -91.3735945326017, 31.775522636420639 ], [ -91.373589700056684, 31.775798734412309 ], [ -91.373357743431697, 31.77599104582076 ], [ -91.373034539884955, 31.775986916542255 ], [ -91.37280941930841, 31.775788765527611 ], [ -91.37281425416937, 31.775512667642658 ] ] ], [ [ [ -91.37082782981328, 31.778380834913627 ], [ -91.371036614882385, 31.778170032049303 ], [ -91.371358743719782, 31.778147084448474 ], [ -91.371605519249783, 31.778325434444184 ], [ -91.371632383922176, 31.778600607718221 ], [ -91.371423599147704, 31.778811411558937 ], [ -91.371101468007296, 31.778834359245042 ], [ -91.370854692182618, 31.778656008272925 ], [ -91.37082782981328, 31.778380834913627 ] ] ], [ [ [ -91.370887073576228, 31.781298907231697 ], [ -91.371119048870085, 31.781106601094216 ], [ -91.371442269913942, 31.781110735826459 ], [ -91.371667399841968, 31.781308889433912 ], [ -91.371662560482335, 31.781584986909763 ], [ -91.371430585028136, 31.78177729402163 ], [ -91.371107361667683, 31.781773159182535 ], [ -91.370882231899969, 31.781575004600679 ], [ -91.370887073576228, 31.781298907231697 ] ] ], [ [ [ -91.370617078114407, 31.78409389840861 ], [ -91.370849061192089, 31.783901593096669 ], [ -91.371172291914803, 31.783905728837901 ], [ -91.371397427747254, 31.784103883046757 ], [ -91.371392587058779, 31.784379980364207 ], [ -91.371160603820741, 31.784572286650647 ], [ -91.370837370781089, 31.784568150802532 ], [ -91.370612235109007, 31.784369995619183 ], [ -91.370617078114407, 31.78409389840861 ] ] ], [ [ [ -91.36400740754172, 31.774692754150365 ], [ -91.364216198899967, 31.774481962597207 ], [ -91.364538315796963, 31.774459031871039 ], [ -91.364785068151363, 31.77463739442031 ], [ -91.364811911988355, 31.77491256857305 ], [ -91.364603120924031, 31.775123361102551 ], [ -91.364281001724322, 31.775146291913504 ], [ -91.364034249075999, 31.774967928387881 ], [ -91.36400740754172, 31.774692754150365 ] ] ], [ [ [ -91.367376621638144, 31.775003961666581 ], [ -91.367608587586474, 31.774811661460841 ], [ -91.367931786172775, 31.774815804371816 ], [ -91.368156893686105, 31.775013963614168 ], [ -91.368152045084571, 31.775290060880039 ], [ -91.367920078975601, 31.775482362059918 ], [ -91.367596878073428, 31.775478219041851 ], [ -91.367371770720737, 31.775280058825373 ], [ -91.367376621638144, 31.775003961666581 ] ] ], [ [ [ -91.364884241557633, 31.780741541442293 ], [ -91.365116227332933, 31.78054924659947 ], [ -91.365439445470159, 31.780553396501844 ], [ -91.365664560806152, 31.780751560268733 ], [ -91.365659703716389, 31.78102765694204 ], [ -91.365427717780179, 31.781219952759237 ], [ -91.365104497326428, 31.7812158027496 ], [ -91.364879382151358, 31.781017638008358 ], [ -91.364884241557633, 31.780741541442293 ] ] ], [ [ [ -91.364210197274843, 31.783563620120187 ], [ -91.364419009058025, 31.783352829171076 ], [ -91.364741156796086, 31.783329898994463 ], [ -91.364987932342132, 31.783508261716818 ], [ -91.3650147781361, 31.783783435565017 ], [ -91.364805966647012, 31.783994227490801 ], [ -91.364483816605215, 31.784017157752274 ], [ -91.364237040765076, 31.783838794053256 ], [ -91.364210197274843, 31.783563620120187 ] ] ], [ [ [ -91.354021513584215, 31.791190302139412 ], [ -91.354253548046856, 31.790998029039631 ], [ -91.354576800774865, 31.79100220773315 ], [ -91.354801916343078, 31.791200390474351 ], [ -91.354797024990162, 31.791476485190472 ], [ -91.354564990365489, 31.791668759264972 ], [ -91.354241735319803, 31.791664580463472 ], [ -91.354016619913637, 31.791466396747552 ], [ -91.354021513584215, 31.791190302139412 ] ] ], [ [ [ -91.350829023864435, 31.816706794977609 ], [ -91.351061130941375, 31.816514530821117 ], [ -91.351384472001641, 31.816518720610009 ], [ -91.351609639878262, 31.81671691009932 ], [ -91.351604734168049, 31.816993003264006 ], [ -91.351372626928608, 31.817185268396184 ], [ -91.351049283547752, 31.817181078499075 ], [ -91.350824115833632, 31.816982888034083 ], [ -91.350829023864435, 31.816706794977609 ] ] ] ] } },
{ "type": "Feature", "properties": { "depth_bin": 6, "survey_id": "LM_03_KGC_20260531_CS_3820_3786", "date": "2026-05-31 00:00:00+00:00", "year": 2026, "mile": 380.0, "bin_order": -6 }, "geometry": { "type": "MultiPolygon", "coordinates": [ [ [ [ -91.372959122422316, 31.775560710410154 ], [ -91.373167896182707, 31.775349903586559 ], [ -91.373490014928919, 31.775326950237737 ], [ -91.373736787496313, 31.775505296063745 ], [ -91.373763658070203, 31.775780469188838 ], [ -91.373554884604616, 31.775991276988695 ], [ -91.37323276355572, 31.776014230422902 ], [ -91.372985990693522, 31.775835883620616 ], [ -91.372959122422316, 31.775560710410154 ] ] ], [ [ [ -91.370668131876855, 31.778360970818287 ], [ -91.370876917249674, 31.778150168225913 ], [ -91.371199046038853, 31.778127221028182 ], [ -91.371445821197014, 31.778305571322012 ], [ -91.371472685391666, 31.778580744614544 ], [ -91.37126390031348, 31.778791548183335 ], [ -91.370941769221261, 31.778814495466314 ], [ -91.370694993768481, 31.778636144196071 ], [ -91.370668131876855, 31.778360970818287 ] ] ], [ [ [ -91.370282509685467, 31.78410228026382 ], [ -91.370529040422369, 31.783876822508557 ], [ -91.370934635268043, 31.783868493432134 ], [ -91.371200702072557, 31.784025323492276 ], [ -91.371259013297575, 31.784296922398728 ], [ -91.371039541800613, 31.784541936404985 ], [ -91.370596212728884, 31.78456492217715 ], [ -91.370330145498983, 31.784408090848508 ], [ -91.370282509685467, 31.78410228026382 ] ] ], [ [ [ -91.365868105218325, 31.795563278962227 ], [ -91.36610012748713, 31.795370983930308 ], [ -91.366423397354382, 31.795375133057444 ], [ -91.366648549355318, 31.795573295917034 ], [ -91.366643692387655, 31.795849392082857 ], [ -91.366411669957927, 31.796041688089694 ], [ -91.366088397772458, 31.796037538855341 ], [ -91.365863245932431, 31.795839375020837 ], [ -91.365868105218325, 31.795563278962227 ] ] ], [ [ [ -91.364690366598992, 31.798490346537108 ], [ -91.364899212464863, 31.798279556365355 ], [ -91.365221412110728, 31.798256626759674 ], [ -91.365468226983978, 31.798434989512007 ], [ -91.36549507648742, 31.798710162832034 ], [ -91.365286230915927, 31.798920953981003 ], [ -91.36496402896465, 31.798943883671669 ], [ -91.364717213797022, 31.798765519942126 ], [ -91.364690366598992, 31.798490346537108 ] ] ], [ [ [ -91.356170062995403, 31.768126378107574 ], [ -91.356402033367331, 31.767934098326041 ], [ -91.35672520622974, 31.767938268869855 ], [ -91.35695027293977, 31.768136446767254 ], [ -91.356945392356792, 31.768412542782318 ], [ -91.356713421823173, 31.768604823537707 ], [ -91.356390246645717, 31.768600652886079 ], [ -91.356165180097406, 31.768402474014831 ], [ -91.356170062995403, 31.768126378107574 ] ] ], [ [ [ -91.363511227505541, 31.768927750197111 ], [ -91.363743185380514, 31.768735456617744 ], [ -91.364066362217983, 31.768739608630209 ], [ -91.364291447046625, 31.768937774117802 ], [ -91.364286588112691, 31.769213871114133 ], [ -91.364054630076723, 31.769406165667391 ], [ -91.363731450924107, 31.769402013547602 ], [ -91.363506366256459, 31.769203847086111 ], [ -91.363511227505541, 31.768927750197111 ] ] ], [ [ [ -91.363602827950174, 31.771768290992188 ], [ -91.363811613317523, 31.771557499819533 ], [ -91.364133720094088, 31.771534569769464 ], [ -91.364380464126697, 31.771712932894431 ], [ -91.364407306315272, 31.771988107185127 ], [ -91.364198521241732, 31.772198899334008 ], [ -91.363876412162782, 31.772221829468819 ], [ -91.363629667836335, 31.772043465367631 ], [ -91.363602827950174, 31.771768290992188 ] ] ], [ [ [ -91.354450449669969, 31.782776314241115 ], [ -91.354682461447752, 31.782584039374907 ], [ -91.355005684971559, 31.78258821599529 ], [ -91.355230781922955, 31.782786397571016 ], [ -91.355225893446175, 31.783062492711821 ], [ -91.354993881506431, 31.783254768552425 ], [ -91.354670655665913, 31.7832505918241 ], [ -91.354445558876463, 31.783052409273981 ], [ -91.354450449669969, 31.782776314241115 ] ] ], [ [ [ -91.352517537597279, 31.808102912989742 ], [ -91.352749618962264, 31.807910644657319 ], [ -91.353072930325041, 31.807914829149304 ], [ -91.35329808191436, 31.80811301532346 ], [ -91.353293182868043, 31.808389109096534 ], [ -91.353061101340771, 31.808581378404316 ], [ -91.352737787658384, 31.80857719380424 ], [ -91.352512636231367, 31.808379006654722 ], [ -91.352517537597279, 31.808102912989742 ] ] ] ] } },
{ "type": "Feature", "properties": { "depth_bin": 7, "survey_id": "LM_03_KGC_20260531_CS_3820_3786", "date": "2026-05-31 00:00:00+00:00", "year": 2026, "mile": 380.0, "bin_order": -7 }, "geometry": { "type": "MultiPolygon", "coordinates": [ [ [ [ -91.364795342245245, 31.774811319319152 ], [ -91.364978940739533, 31.774584058925733 ], [ -91.365296875512158, 31.774534264925521 ], [ -91.365562906241678, 31.774691105774995 ], [ -91.365621196256313, 31.774962706897067 ], [ -91.365437598499611, 31.775189968231508 ], [ -91.365119661525867, 31.775239762505407 ], [ -91.364853630058761, 31.775082920714915 ], [ -91.364795342245245, 31.774811319319152 ] ] ], [ [ [ -91.364438636781898, 31.777728406362215 ], [ -91.364685163554299, 31.777502959617568 ], [ -91.365129070452596, 31.777515132909933 ], [ -91.365375831842258, 31.777693494542699 ], [ -91.365402677901486, 31.777968668532502 ], [ -91.365156151518548, 31.778194116667972 ], [ -91.36471224137145, 31.778181943362153 ], [ -91.364465480060844, 31.77800358045528 ], [ -91.364438636781898, 31.777728406362215 ] ] ], [ [ [ -91.354487344398706, 31.779707868226264 ], [ -91.354696168438821, 31.779497093557922 ], [ -91.355018304021399, 31.779474187606777 ], [ -91.355265050119812, 31.779652568308794 ], [ -91.355291866423343, 31.779927743358559 ], [ -91.355083042676299, 31.780138519003525 ], [ -91.354760904790297, 31.780161425038909 ], [ -91.354514158398786, 31.779983043360264 ], [ -91.354487344398706, 31.779707868226264 ] ] ], [ [ [ -91.371035174251929, 31.781327299086779 ], [ -91.371143317723352, 31.781178285082973 ], [ -91.371361277614483, 31.781082324772505 ], [ -91.371604916606316, 31.781105973790499 ], [ -91.37179548161447, 31.78124622707011 ], [ -91.372163573311852, 31.781163373867869 ], [ -91.372429634768693, 31.781320201233179 ], [ -91.372487948277737, 31.781591799750807 ], [ -91.372369134745242, 31.781775026512637 ], [ -91.37215117415785, 31.781870988519447 ], [ -91.371907532980956, 31.781847340478048 ], [ -91.371716966604041, 31.781707087331984 ], [ -91.371348872390229, 31.781789939150446 ], [ -91.371082811552625, 31.781633109553081 ], [ -91.371035174251929, 31.781327299086779 ] ] ], [ [ [ -91.364858567258054, 31.792417285979475 ], [ -91.365067398456119, 31.792206494867195 ], [ -91.365389576930795, 31.792183564105919 ], [ -91.36563637653073, 31.792361926164538 ], [ -91.36566322560563, 31.792637099658954 ], [ -91.365454394701842, 31.79284789174822 ], [ -91.365132213922465, 31.792870822594459 ], [ -91.364885414028208, 31.792692459558857 ], [ -91.364858567258054, 31.792417285979475 ] ] ] ] } },
{ "type": "Feature", "properties": { "depth_bin": 8, "survey_id": "LM_03_KGC_20260531_CS_3820_3786", "date": "2026-05-31 00:00:00+00:00", "year": 2026, "mile": 380.0, "bin_order": -8 }, "geometry": { "type": "MultiPolygon", "coordinates": [ [ [ [ -91.363337360068883, 31.768932916656485 ], [ -91.363546139350518, 31.768722125635026 ], [ -91.363868236299822, 31.768699195918469 ], [ -91.364114972520071, 31.768877559363894 ], [ -91.364141813487507, 31.769152733774206 ], [ -91.363933034499624, 31.769363525771791 ], [ -91.363610935248246, 31.769386455573063 ], [ -91.363364198734232, 31.769208091151516 ], [ -91.363337360068883, 31.768932916656485 ] ] ], [ [ [ -91.36927673799164, 31.775249373005003 ], [ -91.369485519099356, 31.77503857246742 ], [ -91.369807637244833, 31.7750156284302 ], [ -91.370054401615377, 31.775193981138973 ], [ -91.370081261197612, 31.775469154686174 ], [ -91.369872480384331, 31.775679956200047 ], [ -91.369550359936156, 31.775702900322411 ], [ -91.369303595271177, 31.775524546637335 ], [ -91.36927673799164, 31.775249373005003 ] ] ], [ [ [ -91.364711545703116, 31.780755634029088 ], [ -91.364920349779183, 31.780544841917884 ], [ -91.365242487679595, 31.78052191013132 ], [ -91.365489257019973, 31.780700271738954 ], [ -91.365516103875464, 31.780975445620541 ], [ -91.365307300093491, 31.781186238708298 ], [ -91.36498515988967, 31.78120917057975 ], [ -91.364738390255198, 31.781030807995549 ], [ -91.364711545703116, 31.780755634029088 ] ] ], [ [ [ -91.366931067586791, 31.786694314121021 ], [ -91.367163064733589, 31.78650201607676 ], [ -91.367486303908919, 31.786506161475536 ], [ -91.367711437626284, 31.786704322074719 ], [ -91.367706585493735, 31.786980418771954 ], [ -91.367474588186198, 31.787172717790789 ], [ -91.367151346693646, 31.787168572284887 ], [ -91.366926213137035, 31.786970410711131 ], [ -91.366931067586791, 31.786694314121021 ] ] ], [ [ [ -91.364329218593298, 31.789423895238382 ], [ -91.36456122799126, 31.789231602426199 ], [ -91.364884476243759, 31.789235754746706 ], [ -91.365109610547194, 31.789433919902759 ], [ -91.365104750166125, 31.789710016122722 ], [ -91.364872740607154, 31.7899023099096 ], [ -91.364549490037149, 31.789898157481773 ], [ -91.364324355894723, 31.789699991351046 ], [ -91.364329218593298, 31.789423895238382 ] ] ], [ [ [ -91.363921081364992, 31.801536093844511 ], [ -91.364129936092738, 31.801325305320997 ], [ -91.364452146448173, 31.801302378035103 ], [ -91.36469896760542, 31.801480742419884 ], [ -91.364725815286207, 31.80175591572884 ], [ -91.364516960852825, 31.801966705229709 ], [ -91.364194748191608, 31.801989632600566 ], [ -91.363947926739996, 31.801811267238442 ], [ -91.363921081364992, 31.801536093844511 ] ] ], [ [ [ -91.354742788210856, 31.773828193495596 ], [ -91.354974776199342, 31.773635917061252 ], [ -91.355297968651826, 31.773640091893043 ], [ -91.355523045450298, 31.773838272507433 ], [ -91.355518159544346, 31.774114368077072 ], [ -91.355286171393985, 31.774306645485474 ], [ -91.354962976625828, 31.774302470545774 ], [ -91.354737899989232, 31.774104288957322 ], [ -91.354742788210856, 31.773828193495596 ] ] ], [ [ [ -91.353946548868294, 31.796747681642969 ], [ -91.354178597905303, 31.796555409315548 ], [ -91.354501869963087, 31.796559588849608 ], [ -91.354726998293827, 31.796757772007133 ], [ -91.354722105660045, 31.797033866471658 ], [ -91.354490056460975, 31.797226139774008 ], [ -91.354166782084874, 31.79722196013196 ], [ -91.353941653916209, 31.797023775999502 ], [ -91.353946548868294, 31.796747681642969 ] ] ], [ [ [ -91.353279226140288, 31.802286928440928 ], [ -91.353488106002331, 31.802076158281935 ], [ -91.353810320357098, 31.802053258124772 ], [ -91.354057122036139, 31.80223164251133 ], [ -91.354083938170547, 31.802506816978457 ], [ -91.353875058601858, 31.802717588114923 ], [ -91.353552841941053, 31.80274048835636 ], [ -91.353306039968672, 31.802562102992319 ], [ -91.353279226140288, 31.802286928440928 ] ] ], [ [ [ -91.361287451971563, 31.807150277796016 ], [ -91.361519513425961, 31.806957992745442 ], [ -91.361842822895014, 31.806962154852222 ], [ -91.362067991716742, 31.807160326086709 ], [ -91.362063118935083, 31.807436421117064 ], [ -91.361831057319279, 31.807628707143007 ], [ -91.361507745530673, 31.807624544928682 ], [ -91.361282576870366, 31.807426372718854 ], [ -91.361287451971563, 31.807150277796016 ] ] ], [ [ [ -91.360138993356685, 31.809835316676107 ], [ -91.360371064067891, 31.809643034104166 ], [ -91.360694382702718, 31.809647199440718 ], [ -91.360919555230225, 31.80984537276418 ], [ -91.360914678523429, 31.810121467519117 ], [ -91.360682607650674, 31.810313751066502 ], [ -91.360359286695996, 31.81030958562236 ], [ -91.360134114330052, 31.810111411323454 ], [ -91.360138993356685, 31.809835316676107 ] ] ] ] } },
{ "type": "Feature", "properties": { "depth_bin": 9, "survey_id": "LM_03_KGC_20260531_CS_3820_3786", "date": "2026-05-31 00:00:00+00:00", "year": 2026, "mile": 380.0, "bin_order": -9 }, "geometry": { "type": "MultiPolygon", "coordinates": [ [ [ [ -91.363846025516352, 31.774688644605419 ], [ -91.364054817218943, 31.774477853328833 ], [ -91.36437693412266, 31.774454923011884 ], [ -91.364623686142252, 31.774633285863331 ], [ -91.364650529498988, 31.774908460034158 ], [ -91.364441738090321, 31.775119252287084 ], [ -91.364119618883876, 31.775142182688807 ], [ -91.363872866570389, 31.774963818861028 ], [ -91.363846025516352, 31.774688644605419 ] ] ], [ [ [ -91.369921735319863, 31.775278402389205 ], [ -91.370130515080746, 31.7750676007478 ], [ -91.37045263324282, 31.775044655076531 ], [ -91.37069939898366, 31.775223006578219 ], [ -91.370726260487245, 31.775498180052377 ], [ -91.370517481020869, 31.775708982670078 ], [ -91.370195360556096, 31.775731928426531 ], [ -91.369948594520764, 31.775553575948539 ], [ -91.369921735319863, 31.775278402389205 ] ] ], [ [ [ -91.364552699496116, 31.780725831658625 ], [ -91.364761503850602, 31.780515039816922 ], [ -91.365083641668022, 31.780492108430128 ], [ -91.365330410612628, 31.780670470333632 ], [ -91.365357256991359, 31.78094564423386 ], [ -91.365148452930967, 31.781156437052122 ], [ -91.364826312810138, 31.781179368523791 ], [ -91.364579543571466, 31.781001005643731 ], [ -91.364552699496116, 31.780725831658625 ] ] ], [ [ [ -91.371194496148263, 31.781341861144835 ], [ -91.371441017116837, 31.781116401209918 ], [ -91.371844110817136, 31.781115759441864 ], [ -91.372110171571194, 31.781272587453476 ], [ -91.372168484115747, 31.781544186087192 ], [ -91.371949021784914, 31.781789202061322 ], [ -91.371508195144102, 31.781804500843005 ], [ -91.37124213398161, 31.781647671568646 ], [ -91.371194496148263, 31.781341861144835 ] ] ], [ [ [ -91.367877123203428, 31.78680465833941 ], [ -91.368085934565698, 31.786593861442277 ], [ -91.368408093105899, 31.786570922341859 ], [ -91.368654884349567, 31.786749278391898 ], [ -91.368681741541522, 31.787024451727852 ], [ -91.368472930473729, 31.787235249601736 ], [ -91.368150769629494, 31.78725818878728 ], [ -91.36790397809132, 31.78707983176049 ], [ -91.367877123203428, 31.78680465833941 ] ] ], [ [ [ -91.354169816042841, 31.791218573423851 ], [ -91.354378667878194, 31.791007800541486 ], [ -91.354700843568793, 31.790984896785819 ], [ -91.35494761859421, 31.791163278806724 ], [ -91.354974435698793, 31.791438453526482 ], [ -91.354765584156681, 31.791649227385896 ], [ -91.354443406161337, 31.79167213122582 ], [ -91.354196630842665, 31.791493748227882 ], [ -91.354169816042841, 31.791218573423851 ] ] ], [ [ [ -91.354108520735153, 31.793956064070645 ], [ -91.354340562203561, 31.793763791119851 ], [ -91.354663824571062, 31.793767969916058 ], [ -91.354888946765982, 31.793966152653493 ], [ -91.354884055145192, 31.794242247261675 ], [ -91.354652013514723, 31.794434521187288 ], [ -91.354328748829246, 31.794430342283107 ], [ -91.354103626796373, 31.794232158570839 ], [ -91.354108520735153, 31.793956064070645 ] ] ], [ [ [ -91.364545700838519, 31.798431518611721 ], [ -91.364777733179849, 31.798239226406846 ], [ -91.365101012817675, 31.798243379224939 ], [ -91.365326168564039, 31.798441544477356 ], [ -91.3653213071225, 31.798717640336267 ], [ -91.365089274620118, 31.798909933516168 ], [ -91.364765992663735, 31.798905780590779 ], [ -91.364540837078422, 31.798707614363341 ], [ -91.364545700838519, 31.798431518611721 ] ] ] ] } },
{ "type": "Feature", "properties": { "depth_bin": 10, "survey_id": "LM_03_KGC_20260531_CS_3820_3786", "date": "2026-05-31 00:00:00+00:00", "year": 2026, "mile": 380.0, "bin_order": -10 }, "geometry": { "type": "MultiPolygon", "coordinates": [ [ [ [ -91.363181218241138, 31.768889703574622 ], [ -91.363389997763576, 31.768678912816508 ], [ -91.363712094582908, 31.768655983491115 ], [ -91.363958830378564, 31.768834347226367 ], [ -91.363985670875479, 31.769109521655423 ], [ -91.363776891646779, 31.76932031338967 ], [ -91.36345479252536, 31.769343242799771 ], [ -91.363208056435965, 31.769164878088375 ], [ -91.363181218241138, 31.768889703574622 ] ] ], [ [ [ -91.364118704284905, 31.777697928023453 ], [ -91.364365231720996, 31.777472481920785 ], [ -91.364770017414813, 31.777472150718204 ], [ -91.365036055389751, 31.777628992852119 ], [ -91.36509434530096, 31.777900594105311 ], [ -91.364874873920044, 31.778145597679526 ], [ -91.364432355759973, 31.778160583818906 ], [ -91.364166317381304, 31.778003740418868 ], [ -91.364118704284905, 31.777697928023453 ] ] ], [ [ [ -91.371513094432927, 31.781384096738439 ], [ -91.371721885062172, 31.78117329301941 ], [ -91.372044024260248, 31.781150344037485 ], [ -91.372290808882568, 31.7813286929347 ], [ -91.37231767605283, 31.781603866036399 ], [ -91.372108885718347, 31.781814670731933 ], [ -91.371786744216905, 31.781837619799195 ], [ -91.37153995929981, 31.781659269925452 ], [ -91.371513094432927, 31.781384096738439 ] ] ], [ [ [ -91.357619488815644, 31.788663249780289 ], [ -91.35782832706434, 31.788452470697081 ], [ -91.358150493411102, 31.788429557871432 ], [ -91.358397268808773, 31.788607933266089 ], [ -91.358424095783818, 31.788883107684867 ], [ -91.358215257828661, 31.789093887744993 ], [ -91.357893089177495, 31.78911680065513 ], [ -91.357646313486299, 31.788938424283533 ], [ -91.357619488815644, 31.788663249780289 ] ] ], [ [ [ -91.364153793059515, 31.789437157050493 ], [ -91.364362618789599, 31.78922636682865 ], [ -91.364684786980362, 31.789203437499975 ], [ -91.36493157750445, 31.789381800694237 ], [ -91.364958424027947, 31.789656974361982 ], [ -91.364749598592056, 31.789867765560704 ], [ -91.364427428096903, 31.789890694974275 ], [ -91.364180637278622, 31.78971233080313 ], [ -91.364153793059515, 31.789437157050493 ] ] ], [ [ [ -91.364698700176547, 31.792410416879914 ], [ -91.364907531709406, 31.79219962604142 ], [ -91.365229710181012, 31.792176695685388 ], [ -91.365476509441876, 31.792355058043331 ], [ -91.365503358040272, 31.79263023155578 ], [ -91.365294526801719, 31.792841023371256 ], [ -91.364972346025382, 31.792863953812248 ], [ -91.364725546470225, 31.792685590477319 ], [ -91.364698700176547, 31.792410416879914 ] ] ], [ [ [ -91.353079675092118, 31.805169283762297 ], [ -91.353311747719829, 31.80497701403214 ], [ -91.353635048957443, 31.804981196753001 ], [ -91.353860194964625, 31.805179381820146 ], [ -91.353855298149242, 31.805455475798688 ], [ -91.353623225359314, 31.805647746504103 ], [ -91.353299921802432, 31.805643563675186 ], [ -91.353074775957452, 31.80544537763279 ], [ -91.353079675092118, 31.805169283762297 ] ] ], [ [ [ -91.352001706024026, 31.810950187947483 ], [ -91.352233795811188, 31.810757920915478 ], [ -91.352557117007322, 31.810762107051051 ], [ -91.352782274081164, 31.810960294249242 ], [ -91.352777372957732, 31.81123638782698 ], [ -91.352545283008226, 31.811428655834462 ], [ -91.352221959492141, 31.811424469590765 ], [ -91.351996802580658, 31.811226281417099 ], [ -91.352001706024026, 31.810950187947483 ] ] ] ] } },
{ "type": "Feature", "properties": { "depth_bin": 11, "survey_id": "LM_03_KGC_20260531_CS_3820_3786", "date": "2026-05-31 00:00:00+00:00", "year": 2026, "mile": 380.0, "bin_order": -11 }, "geometry": { "type": "MultiPolygon", "coordinates": [ [ [ [ -91.363458565779197, 31.771715890333795 ], [ -91.363690530985579, 31.77152359716904 ], [ -91.364013717507021, 31.771527749639521 ], [ -91.36423880869971, 31.771725915360257 ], [ -91.364233949081893, 31.772002012228366 ], [ -91.364001983714502, 31.772194306367126 ], [ -91.363678794877586, 31.772190153789314 ], [ -91.36345370384592, 31.771991987094559 ], [ -91.363458565779197, 31.771715890333795 ] ] ], [ [ [ -91.359379594369315, 31.774260717608627 ], [ -91.35961157427289, 31.774068432449027 ], [ -91.359934768981844, 31.774072595565794 ], [ -91.360159857056431, 31.774270768337662 ], [ -91.360154984841145, 31.774546864531363 ], [ -91.359923004776135, 31.774739150665056 ], [ -91.359599807751437, 31.774734987440688 ], [ -91.359374719838272, 31.77453681369472 ], [ -91.359379594369315, 31.774260717608627 ] ] ], [ [ [ -91.358538297640408, 31.777122716927611 ], [ -91.358809516085017, 31.776919010372666 ], [ -91.359214536956458, 31.776936220898897 ], [ -91.359461284973051, 31.777114593579004 ], [ -91.359488113364435, 31.777389768244632 ], [ -91.359241574755544, 31.777615204512859 ], [ -91.358797321183403, 31.777609417283291 ], [ -91.358533420066948, 31.777398812772976 ], [ -91.358538297640408, 31.777122716927611 ] ] ], [ [ [ -91.363973039257203, 31.777650486963687 ], [ -91.364205018827377, 31.777458193495928 ], [ -91.364528226067094, 31.777462345351335 ], [ -91.364753332196514, 31.777660510505207 ], [ -91.364748472984203, 31.777936607186867 ], [ -91.364516493253035, 31.778128901628854 ], [ -91.364193283697176, 31.778124749666141 ], [ -91.363968177728736, 31.77792658353804 ], [ -91.363973039257203, 31.777650486963687 ] ] ], [ [ [ -91.364409277428251, 31.780669274465687 ], [ -91.364641263959712, 31.78047698051342 ], [ -91.364964481768851, 31.78048113161281 ], [ -91.365189595884672, 31.780679296181994 ], [ -91.365184737397414, 31.78095539279289 ], [ -91.364952750704987, 31.781147687719503 ], [ -91.36462953057935, 31.78114353651284 ], [ -91.364404416624495, 31.780945370969306 ], [ -91.364409277428251, 31.780669274465687 ] ] ], [ [ [ -91.359096650407835, 31.783139140154422 ], [ -91.359328653898501, 31.782946856535133 ], [ -91.359651879438744, 31.782951021405569 ], [ -91.359876987528963, 31.783149195117225 ], [ -91.359872112788736, 31.78342529088653 ], [ -91.359560522752489, 31.783637082687157 ], [ -91.35924445696557, 31.783579133952546 ], [ -91.359073731414668, 31.783364719365839 ], [ -91.358912342272177, 31.78353141112839 ], [ -91.358635277683121, 31.783586910894254 ], [ -91.358283543438532, 31.783511115420335 ], [ -91.358108025567063, 31.78327923464304 ], [ -91.358175869927763, 31.78300925740384 ], [ -91.358447332744518, 31.782859332373889 ], [ -91.358887713795411, 31.782912870572112 ], [ -91.359096650407835, 31.783139140154422 ] ] ], [ [ [ -91.358654832619621, 31.785605247343852 ], [ -91.358857390706561, 31.785633586884408 ], [ -91.359044577829593, 31.785768892517794 ], [ -91.359112212295869, 31.785970224212846 ], [ -91.359037496468787, 31.786169721111673 ], [ -91.358724935948601, 31.786324312902526 ], [ -91.358128422884377, 31.7862437233163 ], [ -91.357952900560377, 31.786011842259477 ], [ -91.358020747732013, 31.785741865296711 ], [ -91.358251863863018, 31.785600024230384 ], [ -91.358654832619621, 31.785605247343852 ] ] ], [ [ [ -91.365831073320081, 31.78654016598394 ], [ -91.366084021692515, 31.786368219350603 ], [ -91.366405227782721, 31.786399409693487 ], [ -91.366606535004181, 31.786615466341527 ], [ -91.366570019885572, 31.786889826901639 ], [ -91.366317070903307, 31.787061774469919 ], [ -91.365995862571836, 31.787030583831772 ], [ -91.365794555960193, 31.786814526248794 ], [ -91.365831073320081, 31.78654016598394 ] ] ], [ [ [ -91.3611391302437, 31.807095290800419 ], [ -91.361371191850239, 31.806903006024498 ], [ -91.36169450110377, 31.806907168501592 ], [ -91.361919669468548, 31.807105339985103 ], [ -91.361914796256187, 31.807381434997332 ], [ -91.361682734488227, 31.807573720748611 ], [ -91.361359422915157, 31.80756955816398 ], [ -91.3611342547118, 31.807371385705128 ], [ -91.3611391302437, 31.807095290800419 ] ] ], [ [ [ -91.354116042214372, 31.788288886634717 ], [ -91.354348068959496, 31.788096613026845 ], [ -91.354671311606893, 31.788100791140938 ], [ -91.354896420636237, 31.788298973570786 ], [ -91.354891530116575, 31.78857506842596 ], [ -91.354659503209419, 31.788767343008438 ], [ -91.354336258244686, 31.788763164786371 ], [ -91.354111149377374, 31.78856498138191 ], [ -91.354116042214372, 31.788288886634717 ] ] ], [ [ [ -91.357472438262377, 31.788619826057094 ], [ -91.357743693686018, 31.788416123337996 ], [ -91.358309145359939, 31.788446559995034 ], [ -91.358796421716903, 31.788622417230862 ], [ -91.358908743424507, 31.788808610093778 ], [ -91.358895578780078, 31.788983572511459 ], [ -91.35875627633483, 31.789155952867095 ], [ -91.358528325318531, 31.789233178315733 ], [ -91.35773148540396, 31.78910652863172 ], [ -91.357467555337564, 31.788895921255826 ], [ -91.357472438262377, 31.788619826057094 ] ] ], [ [ [ -91.357788277515425, 31.815227798745145 ], [ -91.358041320711251, 31.815055871977506 ], [ -91.358362622027514, 31.815087085738465 ], [ -91.358563969097673, 31.81530315563954 ], [ -91.358527415106494, 31.815577511524854 ], [ -91.358274371299274, 31.81574943922837 ], [ -91.35795306773872, 31.81571822517137 ], [ -91.357751721279939, 31.815502154334411 ], [ -91.357788277515425, 31.815227798745145 ] ] ] ] } },
{ "type": "Feature", "properties": { "depth_bin": 12, "survey_id": "LM_03_KGC_20260531_CS_3820_3786", "date": "2026-05-31 00:00:00+00:00", "year": 2026, "mile": 380.0, "bin_order": -12 }, "geometry": { "type": "MultiPolygon", "coordinates": [ [ [ [ -91.359301077922382, 31.771324925853616 ], [ -91.359533050370416, 31.771132640510306 ], [ -91.359856234859649, 31.771136803483838 ], [ -91.360081315936625, 31.771334976236869 ], [ -91.360076444044992, 31.771611072547064 ], [ -91.359844471435508, 31.771803358864357 ], [ -91.359521284630887, 31.771799195783213 ], [ -91.359296203715317, 31.771601022056196 ], [ -91.359301077922382, 31.771324925853616 ] ] ], [ [ [ -91.359559279677185, 31.774240810002144 ], [ -91.359852554484291, 31.774060790801997 ], [ -91.360535555780629, 31.774128182470726 ], [ -91.360782299242189, 31.774306552499713 ], [ -91.360809131132825, 31.774581727107932 ], [ -91.36070097965414, 31.77473073218086 ], [ -91.360483024796906, 31.774826674459838 ], [ -91.359800018439529, 31.774759282344547 ], [ -91.35953612275226, 31.774548680018928 ], [ -91.359559279677185, 31.774240810002144 ] ] ], [ [ [ -91.363716880012547, 31.774627172850249 ], [ -91.363969798646451, 31.774455229151041 ], [ -91.36429096276666, 31.774486423477587 ], [ -91.364492240371106, 31.774702482825255 ], [ -91.364455725337834, 31.774976843219232 ], [ -91.364202806094241, 31.775148787852899 ], [ -91.363881639734132, 31.775117593231048 ], [ -91.363680362739373, 31.774901532948917 ], [ -91.363716880012547, 31.774627172850249 ] ] ], [ [ [ -91.364996187219859, 31.774752413551127 ], [ -91.36524910395454, 31.774580467245208 ], [ -91.365570269083989, 31.774611658372425 ], [ -91.365771550014983, 31.774827715802239 ], [ -91.365735038676974, 31.775102076683293 ], [ -91.365482121332704, 31.775274023923711 ], [ -91.365160953963326, 31.775242832501256 ], [ -91.364959673641906, 31.775026774136954 ], [ -91.364996187219859, 31.774752413551127 ] ] ], [ [ [ -91.363654422495273, 31.777613812049026 ], [ -91.363886402603214, 31.77742151917997 ], [ -91.364209609663874, 31.777425671839669 ], [ -91.364434715002332, 31.777623837532275 ], [ -91.364429854850428, 31.777899934171526 ], [ -91.364197874581464, 31.778092228014813 ], [ -91.363874665204662, 31.77808807524778 ], [ -91.363649560027227, 31.77788990858096 ], [ -91.363654422495273, 31.777613812049026 ] ] ], [ [ [ -91.362828002338233, 31.78048730127589 ], [ -91.363080938993377, 31.780315360086803 ], [ -91.363402122883954, 31.780346557299815 ], [ -91.363603410427189, 31.780562618219523 ], [ -91.363566889678879, 31.780836977950369 ], [ -91.36331395241379, 31.781008920074125 ], [ -91.362992766282673, 31.780977722565694 ], [ -91.362791479349397, 31.780761660711327 ], [ -91.362828002338233, 31.78048730127589 ] ] ], [ [ [ -91.358650465309182, 31.782911197520072 ], [ -91.358972612260715, 31.782888281939179 ], [ -91.359219375076677, 31.783066655445655 ], [ -91.359246203653697, 31.783341829949155 ], [ -91.359037380546226, 31.783552612017338 ], [ -91.358275214343635, 31.783543706903568 ], [ -91.358018068331731, 31.783397426911034 ], [ -91.357633972355572, 31.783492461517682 ], [ -91.357419485042513, 31.783390946215842 ], [ -91.357316635264993, 31.783239222173066 ], [ -91.357353175667939, 31.782964864989228 ], [ -91.357606128916501, 31.782792935313463 ], [ -91.357851311160658, 31.78279609795543 ], [ -91.358068405383051, 31.782933258040082 ], [ -91.358328807112457, 31.782831431562467 ], [ -91.358650465309182, 31.782911197520072 ] ] ], [ [ [ -91.364082328161814, 31.78349059357279 ], [ -91.364335271045491, 31.783318650165722 ], [ -91.364656465843709, 31.783349844562512 ], [ -91.364857762584364, 31.783565903717413 ], [ -91.364821243935609, 31.783840263768763 ], [ -91.364568300442016, 31.784012208110621 ], [ -91.364247103402903, 31.783981013418479 ], [ -91.364045807272149, 31.783764953328792 ], [ -91.364082328161814, 31.78349059357279 ] ] ], [ [ [ -91.358478509537917, 31.785813862371505 ], [ -91.358731468811001, 31.785641930724424 ], [ -91.359052669074245, 31.78567313945975 ], [ -91.359253957154309, 31.785889207132712 ], [ -91.359217420792149, 31.786163564891861 ], [ -91.358964460908567, 31.78633549747375 ], [ -91.3586432584043, 31.786304288442683 ], [ -91.358441970934749, 31.78608821983493 ], [ -91.358478509537917, 31.785813862371505 ] ] ], [ [ [ -91.358603164915749, 31.788742872042892 ], [ -91.35889648857281, 31.788562857045726 ], [ -91.359421882438298, 31.788605053780273 ], [ -91.359668660843354, 31.788783426802873 ], [ -91.359695491625715, 31.789058601075023 ], [ -91.359409686538569, 31.789295459635017 ], [ -91.358843932111853, 31.789261346147601 ], [ -91.358579998991459, 31.789050740983868 ], [ -91.358603164915749, 31.788742872042892 ] ] ], [ [ [ -91.357903961128883, 31.777025511811253 ], [ -91.358135951131956, 31.776833229756988 ], [ -91.358459155215485, 31.776837396940859 ], [ -91.358684246448448, 31.777035572359225 ], [ -91.358679369325102, 31.777311668228609 ], [ -91.358447379160452, 31.777503951257064 ], [ -91.358124172760867, 31.777499783965489 ], [ -91.357899081689482, 31.777301607572916 ], [ -91.357903961128883, 31.777025511811253 ] ] ], [ [ [ -91.357235492979839, 31.779924991245338 ], [ -91.357569876289276, 31.779740312725256 ], [ -91.357844842081249, 31.779802930863372 ], [ -91.358019393002678, 31.780031314529605 ], [ -91.358248225570321, 31.779844532537702 ], [ -91.358653104428655, 31.779834242431686 ], [ -91.358919138065843, 31.779991097174708 ], [ -91.358977411124101, 31.780262700579939 ], [ -91.358858573339219, 31.780445913927483 ], [ -91.358640603040683, 31.780541852452732 ], [ -91.358199250196506, 31.780495467505826 ], [ -91.357989473030344, 31.780248425890097 ], [ -91.357798370349343, 31.7804205547016 ], [ -91.357516280594368, 31.780452587942492 ], [ -91.357212326083925, 31.780232860267844 ], [ -91.357235492979839, 31.779924991245338 ] ] ], [ [ [ -91.357128908741885, 31.785704009147508 ], [ -91.357360922795095, 31.785511729543138 ], [ -91.357684156938674, 31.785515899707391 ], [ -91.35790926663357, 31.785714076890812 ], [ -91.357904385559152, 31.785990172276204 ], [ -91.35767237134425, 31.786182452855112 ], [ -91.357349134883606, 31.78617828258308 ], [ -91.357124025350444, 31.785980104425143 ], [ -91.357128908741885, 31.785704009147508 ] ] ], [ [ [ -91.357007014123639, 31.78857797861027 ], [ -91.357259983753607, 31.788406050305532 ], [ -91.357581192869873, 31.788437263047449 ], [ -91.357782483113311, 31.788653333044302 ], [ -91.357745940957457, 31.788927690083405 ], [ -91.357492970716748, 31.789099619323022 ], [ -91.357171759359176, 31.789068406285249 ], [ -91.356970469726477, 31.788852335353528 ], [ -91.357007014123639, 31.78857797861027 ] ] ], [ [ [ -91.357710729220557, 31.791553540857027 ], [ -91.358045154590471, 31.791368862792627 ], [ -91.358686378638396, 31.79145187583207 ], [ -91.358933162879211, 31.791630250411746 ], [ -91.358959991907454, 31.791905424675111 ], [ -91.358851816072786, 31.792054427007628 ], [ -91.358633817961007, 31.792150364434555 ], [ -91.35795149791862, 31.7920720165082 ], [ -91.357687559212152, 31.791861409381653 ], [ -91.357710729220557, 31.791553540857027 ] ] ], [ [ [ -91.351471269395716, 31.813791870417688 ], [ -91.351724319678624, 31.813619956441915 ], [ -91.352045613178674, 31.813651185925778 ], [ -91.352246942107755, 31.813867265270758 ], [ -91.352210370277007, 31.814141618788796 ], [ -91.351957319382137, 31.814313533700318 ], [ -91.351636023638079, 31.814282303920031 ], [ -91.351434695320975, 31.814066223639305 ], [ -91.351471269395716, 31.813791870417688 ] ] ], [ [ [ -91.356756286656633, 31.818061539612522 ], [ -91.357009339645217, 31.817889615296099 ], [ -91.357330650267173, 31.817920831969303 ], [ -91.357532000705064, 31.818136903537695 ], [ -91.357495442170745, 31.8184112588688 ], [ -91.357242388570597, 31.818583184121191 ], [ -91.356921075704022, 31.818551967151866 ], [ -91.35671972587771, 31.818335894647507 ], [ -91.356756286656633, 31.818061539612522 ] ] ] ] } },
{ "type": "Feature", "properties": { "depth_bin": 13, "survey_id": "LM_03_KGC_20260531_CS_3820_3786", "date": "2026-05-31 00:00:00+00:00", "year": 2026, "mile": 380.0, "bin_order": -13 }, "geometry": { "type": "MultiPolygon", "coordinates": [ [ [ [ -91.362895421939086, 31.76878766033758 ], [ -91.363148325623442, 31.768615717635427 ], [ -91.363593705244014, 31.768643514238249 ], [ -91.36381878880276, 31.768841680522655 ], [ -91.363813928483353, 31.769117777457883 ], [ -91.363542744083844, 31.769321496050914 ], [ -91.363097361246247, 31.769293699163818 ], [ -91.362872278234391, 31.76909553163231 ], [ -91.362895421939086, 31.76878766033758 ] ] ], [ [ [ -91.363317607540324, 31.771660939672675 ], [ -91.363570518548315, 31.771488996443129 ], [ -91.363891672279649, 31.771520191441653 ], [ -91.364092942817692, 31.771736251269992 ], [ -91.364056428179907, 31.772010611671679 ], [ -91.363803516562257, 31.772182555835574 ], [ -91.363482360591362, 31.772151360541745 ], [ -91.363281090662966, 31.771935299779059 ], [ -91.363317607540324, 31.771660939672675 ] ] ], [ [ [ -91.367256980701882, 31.774936410238933 ], [ -91.367528405557763, 31.774786464373562 ], [ -91.367844447792336, 31.774844391783073 ], [ -91.368019975620257, 31.775076259710211 ], [ -91.367952166488919, 31.775346243675287 ], [ -91.36768074059836, 31.775496190399668 ], [ -91.367364696285691, 31.775438262518399 ], [ -91.367189169492448, 31.77520639373228 ], [ -91.367256980701882, 31.774936410238933 ] ] ], [ [ [ -91.359895903525285, 31.776968431985072 ], [ -91.360162354732978, 31.777053765936735 ], [ -91.360304952863856, 31.777264126854391 ], [ -91.360277244025156, 31.777472241715234 ], [ -91.360082986560741, 31.777649874363114 ], [ -91.359158790847928, 31.777638350942532 ], [ -91.358871994453111, 31.777450857792157 ], [ -91.358845167883715, 31.777175683060154 ], [ -91.359053976406486, 31.776964900636052 ], [ -91.359895903525285, 31.776968431985072 ] ] ], [ [ [ -91.361115670448754, 31.777332494272898 ], [ -91.361408952442957, 31.777152471797965 ], [ -91.36193254418761, 31.777203248680731 ], [ -91.362179298352558, 31.777381616284408 ], [ -91.362206134863243, 31.777656790639796 ], [ -91.361920372350767, 31.777893656641535 ], [ -91.361356425250307, 31.777850963992663 ], [ -91.361092517425391, 31.777640364577145 ], [ -91.361115670448754, 31.777332494272898 ] ] ], [ [ [ -91.363035077047755, 31.77751086110689 ], [ -91.36336944061587, 31.777326166602901 ], [ -91.363683344411456, 31.777415096701809 ], [ -91.363889518020216, 31.777371914372679 ], [ -91.364330411737953, 31.777434300457291 ], [ -91.364577171315105, 31.777612663581788 ], [ -91.364604014988132, 31.777887837663105 ], [ -91.364464740444475, 31.778060225471133 ], [ -91.364236821364884, 31.778137462348724 ], [ -91.363604329855136, 31.77800325469174 ], [ -91.363275843147136, 31.778029327558279 ], [ -91.363011930298583, 31.777818731964572 ], [ -91.363035077047755, 31.77751086110689 ] ] ], [ [ [ -91.362986588990154, 31.780514057010265 ], [ -91.363239525441372, 31.780342115499298 ], [ -91.363560709495786, 31.7803733123169 ], [ -91.363761997474612, 31.780589372999291 ], [ -91.363725477178548, 31.780863732789932 ], [ -91.363472540117385, 31.781035675235572 ], [ -91.363151353822431, 31.781004478122565 ], [ -91.362950066453536, 31.780788416505512 ], [ -91.362986588990154, 31.780514057010265 ] ] ], [ [ [ -91.36410778633757, 31.780599022038697 ], [ -91.364401073456605, 31.780418992909937 ], [ -91.364805112314698, 31.780462081826119 ], [ -91.365030226033184, 31.780660246664766 ], [ -91.365025367076029, 31.780936343254488 ], [ -91.364754149516259, 31.781140062994936 ], [ -91.364309755050954, 31.781105059125959 ], [ -91.364084641893953, 31.78090689304177 ], [ -91.36410778633757, 31.780599022038697 ] ] ], [ [ [ -91.359616212228929, 31.788641710620166 ], [ -91.359882696152724, 31.788727046126994 ], [ -91.360025310340788, 31.788937407570288 ], [ -91.359979310293099, 31.789177295672115 ], [ -91.359765577944046, 31.789337806049467 ], [ -91.359321991865897, 31.789324702905326 ], [ -91.359097483011965, 31.789178750016735 ], [ -91.358722164976257, 31.789266959087861 ], [ -91.358418179589563, 31.789047233515909 ], [ -91.35842305971785, 31.788771138191965 ], [ -91.358655079157941, 31.788578856485209 ], [ -91.358939511223866, 31.788570594454004 ], [ -91.359164018390132, 31.788716547576737 ], [ -91.359374544797248, 31.78862621349273 ], [ -91.359616212228929, 31.788641710620166 ] ] ], [ [ [ -91.358141515148276, 31.774076186672886 ], [ -91.358412951243139, 31.773926260635584 ], [ -91.358728983847513, 31.773984210394243 ], [ -91.358904486816982, 31.774216090100108 ], [ -91.358836652160136, 31.774486068373534 ], [ -91.358565215029827, 31.774635995269566 ], [ -91.358249180347826, 31.774578045038638 ], [ -91.358073678413803, 31.774346164474057 ], [ -91.358141515148276, 31.774076186672886 ] ] ], [ [ [ -91.35907917275587, 31.774194869583358 ], [ -91.359332098334491, 31.774022935337097 ], [ -91.359653258869429, 31.774054141263822 ], [ -91.359854524458754, 31.774270207563898 ], [ -91.359817996018478, 31.77454456618981 ], [ -91.359565069829728, 31.774716501370449 ], [ -91.359243907055031, 31.774685295148132 ], [ -91.359042642075849, 31.774469227913677 ], [ -91.35907917275587, 31.774194869583358 ] ] ], [ [ [ -91.357784800570187, 31.77694563345333 ], [ -91.358056245804605, 31.776795708543876 ], [ -91.358372287825205, 31.776853659484928 ], [ -91.358547794971898, 31.777085539735133 ], [ -91.358479956806164, 31.777355517596053 ], [ -91.358208510536116, 31.777505443364326 ], [ -91.357892466437605, 31.777447491950948 ], [ -91.357716960326542, 31.777215610841925 ], [ -91.357784800570187, 31.77694563345333 ] ] ], [ [ [ -91.358533268557082, 31.780038045616426 ], [ -91.358804721925608, 31.779888119444749 ], [ -91.359146079886372, 31.779962611547848 ], [ -91.359491357834443, 31.779928247697875 ], [ -91.359738114090831, 31.78010662004672 ], [ -91.359764943759913, 31.78038179458666 ], [ -91.35947916656967, 31.780618654518197 ], [ -91.359097453075179, 31.780552246869345 ], [ -91.358752172700221, 31.780586609564413 ], [ -91.35848826354308, 31.780376004773153 ], [ -91.358533268557082, 31.780038045616426 ] ] ], [ [ [ -91.358049235115828, 31.782809722273079 ], [ -91.358397542920912, 31.782974572257345 ], [ -91.358430587863268, 31.783313537563235 ], [ -91.358159349302156, 31.783517242456512 ], [ -91.357714249994515, 31.783494893566967 ], [ -91.357489145892544, 31.783296716167815 ], [ -91.357494027689, 31.783020620723121 ], [ -91.357726034055574, 31.782828340123679 ], [ -91.358049235115828, 31.782809722273079 ] ] ], [ [ [ -91.358635162279811, 31.783072389461083 ], [ -91.358888113574736, 31.782900457170062 ], [ -91.359209304468877, 31.78293166520513 ], [ -91.359410587276955, 31.783147732531681 ], [ -91.359374052828244, 31.783422090501141 ], [ -91.359121100922891, 31.783594023726856 ], [ -91.35879990778804, 31.783562815396085 ], [ -91.358598625590375, 31.783346747134825 ], [ -91.358635162279811, 31.783072389461083 ] ] ], [ [ [ -91.357679988269041, 31.785545942481207 ], [ -91.35796441101779, 31.785537682315166 ], [ -91.358190408241086, 31.785685418683325 ], [ -91.358255382192937, 31.785922082862974 ], [ -91.358129834958589, 31.78614023445332 ], [ -91.357829335455293, 31.786242039850613 ], [ -91.357553385202806, 31.786149139008167 ], [ -91.357267901439258, 31.786182841020601 ], [ -91.357053408476503, 31.786081324946821 ], [ -91.356934223622218, 31.78582464980628 ], [ -91.357062432178168, 31.785571167411092 ], [ -91.357321504374184, 31.785470566699086 ], [ -91.357679988269041, 31.785545942481207 ] ] ], [ [ [ -91.358659344654384, 31.785814433548083 ], [ -91.358971903520768, 31.785659841852272 ], [ -91.359616607627927, 31.785708901627096 ], [ -91.35986337898396, 31.785887274103317 ], [ -91.359890209904648, 31.786162448445808 ], [ -91.359782042643218, 31.786311451973727 ], [ -91.359564059177572, 31.786407391563841 ], [ -91.358878261592565, 31.786362997285718 ], [ -91.358614336326184, 31.786152392376202 ], [ -91.358659344654384, 31.785814433548083 ] ] ], [ [ [ -91.354924699930137, 31.773779549462109 ], [ -91.355177631649397, 31.773607623681279 ], [ -91.355498788874385, 31.773638839995922 ], [ -91.355700043641946, 31.773854912521486 ], [ -91.355663503207069, 31.774129269563591 ], [ -91.355410570877282, 31.774301196278707 ], [ -91.355089411412706, 31.774269979668205 ], [ -91.354888157255658, 31.774053906208344 ], [ -91.354924699930137, 31.773779549462109 ] ] ], [ [ [ -91.354702140746468, 31.779626881308165 ], [ -91.354973598688787, 31.779476963466134 ], [ -91.355289647477775, 31.779534922281005 ], [ -91.355465151488588, 31.779766806599206 ], [ -91.3553973021194, 31.780036782339341 ], [ -91.355125843141067, 31.780186701040183 ], [ -91.354809792274025, 31.780128741752758 ], [ -91.354634289299213, 31.779896856575739 ], [ -91.354702140746468, 31.779626881308165 ] ] ], [ [ [ -91.35757476768697, 31.779940342627288 ], [ -91.3578462222154, 31.779790418540173 ], [ -91.358162274184565, 31.779848370315893 ], [ -91.358337786106844, 31.780080250924193 ], [ -91.358269944746141, 31.780350228456946 ], [ -91.357998489181924, 31.780500153402969 ], [ -91.357682435134521, 31.780442201154862 ], [ -91.357506924248042, 31.780210319687658 ], [ -91.35757476768697, 31.779940342627288 ] ] ], [ [ [ -91.35442942477971, 31.785404336918862 ], [ -91.354682390026895, 31.785232413524611 ], [ -91.35500358704617, 31.785263632387114 ], [ -91.355204864564342, 31.785479706129415 ], [ -91.35516831650915, 31.785754062344679 ], [ -91.354915350651069, 31.785925986673664 ], [ -91.354594151390913, 31.785894767515178 ], [ -91.354392874483622, 31.785678692838161 ], [ -91.35442942477971, 31.785404336918862 ] ] ], [ [ [ -91.354317013515853, 31.788238104758051 ], [ -91.354588497859993, 31.78808818880383 ], [ -91.354904575424698, 31.788146149482003 ], [ -91.355080093729342, 31.78837803454763 ], [ -91.35501223579864, 31.788648009481665 ], [ -91.354740750418031, 31.78879792629499 ], [ -91.354424670774378, 31.78873996514411 ], [ -91.354249153506217, 31.788508079219376 ], [ -91.354317013515853, 31.788238104758051 ] ] ], [ [ [ -91.357350986083858, 31.78855230790294 ], [ -91.357622466770664, 31.788402385349244 ], [ -91.357938547638454, 31.788460338589299 ], [ -91.358114074271825, 31.7886922197352 ], [ -91.358046224816817, 31.788962196564079 ], [ -91.357774743093799, 31.789112119976991 ], [ -91.357458660146904, 31.789054166264386 ], [ -91.357283134549746, 31.7888222842593 ], [ -91.357350986083858, 31.78855230790294 ] ] ], [ [ [ -91.354360803308921, 31.791179787193688 ], [ -91.354613784908423, 31.791007864621481 ], [ -91.354935001787382, 31.791039084304177 ], [ -91.355136291039528, 31.791255158384367 ], [ -91.355099739718881, 31.791529514257459 ], [ -91.354846757508312, 31.791701437764598 ], [ -91.354525538387833, 31.791670217785875 ], [ -91.354324249746739, 31.791454142770743 ], [ -91.354360803308921, 31.791179787193688 ] ] ], [ [ [ -91.356939378054093, 31.791408417579252 ], [ -91.35725195885226, 31.791253830969751 ], [ -91.357771703900454, 31.791335806345881 ], [ -91.357996827326545, 31.79153398368269 ], [ -91.357991945406496, 31.791810078827659 ], [ -91.357680322270213, 31.79202186466399 ], [ -91.35711948227636, 31.79194455405845 ], [ -91.356880986248385, 31.791712863465964 ], [ -91.356939378054093, 31.791408417579252 ] ] ], [ [ [ -91.35374752657907, 31.799515912152955 ], [ -91.354000532694442, 31.799343991822031 ], [ -91.354321778015319, 31.79937521398103 ], [ -91.354523082975206, 31.79959128932207 ], [ -91.354486525426481, 31.799865644502169 ], [ -91.354233518699758, 31.800037565768328 ], [ -91.353912271136437, 31.800006343313168 ], [ -91.353710966787901, 31.799790267036901 ], [ -91.35374752657907, 31.799515912152955 ] ] ], [ [ [ -91.353488767233742, 31.802226491867113 ], [ -91.353760294797297, 31.802076579423733 ], [ -91.354076418982856, 31.802134543628679 ], [ -91.354251960000923, 31.802366430171222 ], [ -91.354184087570445, 31.802636403667517 ], [ -91.353912558969654, 31.802786316970458 ], [ -91.353596432703725, 31.802728352292547 ], [ -91.353420892722895, 31.802496464890428 ], [ -91.353488767233742, 31.802226491867113 ] ] ], [ [ [ -91.353278552476411, 31.805132484313145 ], [ -91.353550089080159, 31.804982572682793 ], [ -91.353866222926726, 31.805040537714547 ], [ -91.354041768567555, 31.805272424613413 ], [ -91.353973893013531, 31.805542397786866 ], [ -91.353702355372391, 31.805692310276875 ], [ -91.353386219445156, 31.805634344772091 ], [ -91.353210674841719, 31.805402457013557 ], [ -91.353278552476411, 31.805132484313145 ] ] ] ] } },
{ "type": "Feature", "properties": { "depth_bin": 14, "survey_id": "LM_03_KGC_20260531_CS_3820_3786", "date": "2026-05-31 00:00:00+00:00", "year": 2026, "mile": 380.0, "bin_order": -14 }, "geometry": { "type": "MultiPolygon", "coordinates": [ [ [ [ -91.362263794741082, 31.768674565754718 ], [ -91.362598127137588, 31.768489872012005 ], [ -91.363235314655512, 31.768591285069469 ], [ -91.36348204932726, 31.768769649693962 ], [ -91.363508888397675, 31.769044824178096 ], [ -91.363400747998114, 31.769193832031711 ], [ -91.363182808968716, 31.769289779544255 ], [ -91.362504535842831, 31.769193033440089 ], [ -91.362240648994273, 31.768982436870353 ], [ -91.362263794741082, 31.768674565754718 ] ] ], [ [ [ -91.360056250242224, 31.771128366366131 ], [ -91.360301402018266, 31.771131523259154 ], [ -91.360503185702825, 31.771250502515326 ], [ -91.360593588190582, 31.771445201226104 ], [ -91.3605421377314, 31.771649994309104 ], [ -91.360248872013344, 31.771830015464925 ], [ -91.359645099667446, 31.771792257856124 ], [ -91.359443839682527, 31.771576191341655 ], [ -91.359480367650704, 31.771301832698242 ], [ -91.359694057528884, 31.77114132098146 ], [ -91.360056250242224, 31.771128366366131 ] ] ], [ [ [ -91.360381093134535, 31.774279505599253 ], [ -91.360652526444767, 31.774129574689152 ], [ -91.360968561388788, 31.774187518956253 ], [ -91.361144070451743, 31.774419395768557 ], [ -91.361076242072883, 31.774689375441511 ], [ -91.360804807727391, 31.774839307210396 ], [ -91.360488770705643, 31.774781362471177 ], [ -91.36031326267792, 31.774549484800069 ], [ -91.360381093134535, 31.774279505599253 ] ] ], [ [ [ -91.363578449640073, 31.774582930306554 ], [ -91.363849879013372, 31.774432992441664 ], [ -91.364165917341211, 31.774490928869774 ], [ -91.364341435126647, 31.774722801550798 ], [ -91.364273615699588, 31.774992783220231 ], [ -91.364002185291312, 31.775142721944029 ], [ -91.363686144885548, 31.775084785043955 ], [ -91.363510628135103, 31.774852911504063 ], [ -91.363578449640073, 31.774582930306554 ] ] ], [ [ [ -91.369493366260954, 31.775161611530716 ], [ -91.369764788400701, 31.775011660802875 ], [ -91.370291292282403, 31.775029916299626 ], [ -91.370538057661264, 31.775208268102798 ], [ -91.370564918683101, 31.775483441595455 ], [ -91.370279183564179, 31.77572032737941 ], [ -91.369712325833888, 31.775710158820054 ], [ -91.369448404126487, 31.775499576229254 ], [ -91.369493366260954, 31.775161611530716 ] ] ], [ [ [ -91.36145136972354, 31.777166891834202 ], [ -91.3617152771007, 31.777377490502833 ], [ -91.361670285349149, 31.7777154513536 ], [ -91.361398842835911, 31.777865384055364 ], [ -91.360919036871692, 31.777812995111542 ], [ -91.36074352236372, 31.777581117910518 ], [ -91.360811354200962, 31.777311138636261 ], [ -91.361042444729549, 31.777169291472028 ], [ -91.36145136972354, 31.777166891834202 ] ] ], [ [ [ -91.362895150436259, 31.777477240990933 ], [ -91.363166589518102, 31.777327304970065 ], [ -91.363853302278017, 31.777367133073074 ], [ -91.364100060723871, 31.77754549708752 ], [ -91.364126902968565, 31.777820671224084 ], [ -91.363841144632161, 31.778057541679946 ], [ -91.363114075350069, 31.778025798313045 ], [ -91.362850162893423, 31.777815202396493 ], [ -91.362895150436259, 31.777477240990933 ] ] ], [ [ [ -91.359653274490753, 31.780138315873817 ], [ -91.359924726462154, 31.779988387264705 ], [ -91.360330063975709, 31.780018313096775 ], [ -91.360555166748853, 31.780216485505882 ], [ -91.360550294580037, 31.780492581496336 ], [ -91.360279068984667, 31.780696291427819 ], [ -91.359833375707524, 31.780674449214668 ], [ -91.359594900319735, 31.780442764061707 ], [ -91.359653274490753, 31.780138315873817 ] ] ], [ [ [ -91.362529342970078, 31.780434320236822 ], [ -91.362800791468715, 31.780284385373459 ], [ -91.363242678446355, 31.780332316523545 ], [ -91.363443965577687, 31.780548377682361 ], [ -91.363407444368008, 31.780822737352409 ], [ -91.363114154117312, 31.781002764073005 ], [ -91.362672264052534, 31.780954832376484 ], [ -91.36246151338473, 31.780704300390806 ], [ -91.362529342970078, 31.780434320236822 ] ] ], [ [ [ -91.359940670932119, 31.783115245594242 ], [ -91.360212131391251, 31.782965316716989 ], [ -91.360528195821473, 31.783023263003859 ], [ -91.360703719435975, 31.783255140639845 ], [ -91.360635882149509, 31.783525119458066 ], [ -91.360364420654648, 31.7836750491944 ], [ -91.360048354145775, 31.783617102435237 ], [ -91.359872831567003, 31.783385223940165 ], [ -91.359940670932119, 31.783115245594242 ] ] ], [ [ [ -91.363612000939796, 31.786315553928663 ], [ -91.363883465426213, 31.786165617408336 ], [ -91.364199543368699, 31.786223554993168 ], [ -91.364375082065465, 31.786455427965571 ], [ -91.364307252596433, 31.786725408890661 ], [ -91.364035787074457, 31.786875346270282 ], [ -91.363719707052837, 31.786817408213331 ], [ -91.363544169391631, 31.786585534381636 ], [ -91.363612000939796, 31.786315553928663 ] ] ], [ [ [ -91.364426476468779, 31.798351757972828 ], [ -91.364697975814167, 31.798201821124984 ], [ -91.365014094996681, 31.79825975797457 ], [ -91.365189657157629, 31.798491630234771 ], [ -91.365121819631554, 31.798761610888267 ], [ -91.36485031925011, 31.798911548595843 ], [ -91.364534197987155, 31.798853611273984 ], [ -91.364358636862278, 31.798621738154047 ], [ -91.364426476468779, 31.798351757972828 ] ] ], [ [ [ -91.359260676100618, 31.774182212890096 ], [ -91.359532110817241, 31.77403228441829 ], [ -91.359848144605763, 31.774090231433192 ], [ -91.360023650628136, 31.774322109693276 ], [ -91.35995581910467, 31.774592088665823 ], [ -91.359684383352686, 31.774742017996406 ], [ -91.359368347486495, 31.774684070509302 ], [ -91.359192842499453, 31.774452191390463 ], [ -91.359260676100618, 31.774182212890096 ] ] ], [ [ [ -91.358101688490592, 31.776986377232575 ], [ -91.358373133366868, 31.77683645163502 ], [ -91.358689175758997, 31.776894401800266 ], [ -91.358864683789236, 31.777126281641404 ], [ -91.358796846501519, 31.777396259699611 ], [ -91.358525400589656, 31.77754618615598 ], [ -91.358209356119602, 31.777488235518419 ], [ -91.358033849124965, 31.777256354818473 ], [ -91.358101688490592, 31.776986377232575 ] ] ], [ [ [ -91.359219811900459, 31.777106073511259 ], [ -91.359491255440901, 31.776956145482917 ], [ -91.359807299062666, 31.777014092908175 ], [ -91.359982810167736, 31.777245971305128 ], [ -91.359914975998961, 31.777515950060963 ], [ -91.359643531423018, 31.777665878948156 ], [ -91.35932748572327, 31.777607931050653 ], [ -91.359151975653688, 31.77737605179485 ], [ -91.359219811900459, 31.777106073511259 ] ] ], [ [ [ -91.357736364709027, 31.779948581441055 ], [ -91.358007819017246, 31.779798657001511 ], [ -91.358323871133592, 31.779856608380232 ], [ -91.358499383484229, 31.780088488779558 ], [ -91.358431542582181, 31.78035846641373 ], [ -91.35816008723819, 31.780508391712203 ], [ -91.357844033043619, 31.780450439861095 ], [ -91.357668521728726, 31.780218558602872 ], [ -91.357736364709027, 31.779948581441055 ] ] ], [ [ [ -91.35752765097314, 31.782767069833366 ], [ -91.357730202482301, 31.782795410959626 ], [ -91.357912348460729, 31.78292473355172 ], [ -91.358167760811767, 31.782826873133597 ], [ -91.358442736109069, 31.782889490272758 ], [ -91.358618254145966, 31.78312137060546 ], [ -91.358550410963531, 31.783391348116513 ], [ -91.358196434251482, 31.783547142307985 ], [ -91.357853158642996, 31.783388276238707 ], [ -91.357597744418172, 31.783486135953929 ], [ -91.357161943169871, 31.783418735376742 ], [ -91.356995891044633, 31.783221323134544 ], [ -91.357014146811196, 31.782978739490975 ], [ -91.357208421545977, 31.782801112243476 ], [ -91.35752765097314, 31.782767069833366 ] ] ], [ [ [ -91.358818233287522, 31.783045784687921 ], [ -91.35908969524003, 31.782895858257344 ], [ -91.359405758606755, 31.782953807300625 ], [ -91.359581279223804, 31.783185686388133 ], [ -91.359513438761795, 31.783455664502696 ], [ -91.359241975773472, 31.783605591792323 ], [ -91.358925910328153, 31.78354764227667 ], [ -91.35875039074692, 31.783315762330101 ], [ -91.358818233287522, 31.783045784687921 ] ] ], [ [ [ -91.358818828276469, 31.785831428411001 ], [ -91.359131386953933, 31.785676836316895 ], [ -91.359421522393745, 31.785749355759709 ], [ -91.359615311921829, 31.785693030433855 ], [ -91.359937675576901, 31.785731959643343 ], [ -91.360184447637678, 31.785910331519219 ], [ -91.360211279516506, 31.786185505825351 ], [ -91.360103112729135, 31.786334509642071 ], [ -91.359885129514623, 31.786430449791144 ], [ -91.359395285027531, 31.786339576796138 ], [ -91.359037746204947, 31.786379991906017 ], [ -91.358773820515026, 31.786169387313954 ], [ -91.358818828276469, 31.785831428411001 ] ] ], [ [ [ -91.357274266117955, 31.788476873200359 ], [ -91.357665967188098, 31.788415561869346 ], [ -91.357840413899339, 31.788507956742013 ], [ -91.357950235247174, 31.788685050679987 ], [ -91.358181360734633, 31.788494324393575 ], [ -91.358504605388546, 31.788498492823511 ], [ -91.358729723838792, 31.788696668769415 ], [ -91.358724844636058, 31.788972764139082 ], [ -91.358566430945999, 31.789132651861053 ], [ -91.358372142951282, 31.789189217949883 ], [ -91.35809714924838, 31.789126600090199 ], [ -91.357924120164824, 31.788903818612884 ], [ -91.357613401627574, 31.789114050169239 ], [ -91.357369746516056, 31.789090373808325 ], [ -91.357191131631197, 31.788965260862 ], [ -91.356972527871903, 31.789061754701081 ], [ -91.356688485289027, 31.789048853641866 ], [ -91.356057422778719, 31.788922741972137 ], [ -91.355846673373151, 31.788672199325791 ], [ -91.355914528918973, 31.788402223866484 ], [ -91.356186011333506, 31.788252304437158 ], [ -91.356985046112513, 31.788354146220271 ], [ -91.357274266117955, 31.788476873200359 ] ] ], [ [ [ -91.357415187304767, 31.791485680256795 ], [ -91.357686676691131, 31.791335757918198 ], [ -91.358002767508879, 31.79139371131124 ], [ -91.358178299514279, 31.791625592458377 ], [ -91.358110447706409, 31.791895569136127 ], [ -91.35783895728369, 31.792045492334022 ], [ -91.357522864386524, 31.791987538468426 ], [ -91.357347333417479, 31.791755656461962 ], [ -91.357415187304767, 31.791485680256795 ] ] ], [ [ [ -91.358531902376484, 31.791613609762628 ], [ -91.358844481410216, 31.791459019180081 ], [ -91.359650496810076, 31.791516896063246 ], [ -91.359897283156798, 31.791695268839671 ], [ -91.359924115062171, 31.79197044299395 ], [ -91.359815940656588, 31.792119446194146 ], [ -91.359597943309154, 31.792215385300175 ], [ -91.358750830643146, 31.79216217367534 ], [ -91.358486889799764, 31.791951568139798 ], [ -91.358531902376484, 31.791613609762628 ] ] ], [ [ [ -91.357405728526118, 31.794122053052391 ], [ -91.358088409644651, 31.794185422071855 ], [ -91.358272630780064, 31.794262767047982 ], [ -91.358420711915969, 31.79450822647042 ], [ -91.358322201565358, 31.794771222759376 ], [ -91.357993374382644, 31.794898898814434 ], [ -91.356634752527626, 31.794743498952496 ], [ -91.356425525945085, 31.794646198392055 ], [ -91.356159280502624, 31.794672058353658 ], [ -91.355944769653505, 31.794570539920205 ], [ -91.355832447574329, 31.794384344568261 ], [ -91.355900308105177, 31.794114369491343 ], [ -91.356171807673022, 31.793964450786028 ], [ -91.356545830881885, 31.794063879523936 ], [ -91.356771166173786, 31.79403229502676 ], [ -91.357405728526118, 31.794122053052391 ] ] ], [ [ [ -91.35709844226912, 31.779660863473847 ], [ -91.357362346184303, 31.77987147099461 ], [ -91.357317337037344, 31.780209429604774 ], [ -91.357045880451338, 31.780359352484314 ], [ -91.35656734439948, 31.780303336658395 ], [ -91.356391836614591, 31.780071453751539 ], [ -91.356459683147321, 31.779801477385892 ], [ -91.356690786328414, 31.77965963860882 ], [ -91.35709844226912, 31.779660863473847 ] ] ], [ [ [ -91.356849499662616, 31.78561170281667 ], [ -91.357120972292307, 31.785461781003509 ], [ -91.357437042864078, 31.785519735166581 ], [ -91.357612562993538, 31.785751616877238 ], [ -91.357544714636688, 31.786021593581722 ], [ -91.357273240970883, 31.786171516253962 ], [ -91.356957168320349, 31.786113561618375 ], [ -91.356781649227003, 31.785881679048632 ], [ -91.356849499662616, 31.78561170281667 ] ] ], [ [ [ -91.354453853354954, 31.788288334200665 ], [ -91.3547068266639, 31.788116411096546 ], [ -91.355028033626056, 31.78814763022115 ], [ -91.355229317144122, 31.788363704043956 ], [ -91.355192767631053, 31.788638060111076 ], [ -91.354939793711154, 31.788809984150021 ], [ -91.354618584507762, 31.788778764729415 ], [ -91.354417301600677, 31.78856268997178 ], [ -91.354453853354954, 31.788288334200665 ] ] ], [ [ [ -91.355810332837436, 31.791358666185424 ], [ -91.356081824276259, 31.791208747342701 ], [ -91.356565665738515, 31.791287805440131 ], [ -91.356893662266742, 31.791231897619056 ], [ -91.357159724528444, 31.791388756771656 ], [ -91.357217998015102, 31.79166036058346 ], [ -91.357099141206746, 31.791843571364193 ], [ -91.356921499921384, 31.791931422993496 ], [ -91.356558623505279, 31.791877348558035 ], [ -91.356354327887459, 31.791940048319198 ], [ -91.356069297763995, 31.791916355184824 ], [ -91.355765310563882, 31.791696623282807 ], [ -91.355810332837436, 31.791358666185424 ] ] ], [ [ [ -91.354311889208034, 31.793893800736026 ], [ -91.354583390522777, 31.793743885479604 ], [ -91.354899487176837, 31.79380184677138 ], [ -91.355075015507722, 31.794033732007041 ], [ -91.355007152666687, 31.794303706568073 ], [ -91.354735650315178, 31.794453622683804 ], [ -91.354419551581586, 31.794395660919225 ], [ -91.354244024287468, 31.794163774824277 ], [ -91.354311889208034, 31.793893800736026 ] ] ], [ [ [ -91.352710977741495, 31.808083337826563 ], [ -91.352982524063535, 31.807933427797035 ], [ -91.353298667459697, 31.807991394540952 ], [ -91.353474216887591, 31.808223282260439 ], [ -91.353406337139589, 31.808493254882293 ], [ -91.353134789779944, 31.808643165771567 ], [ -91.352818644302843, 31.808585198554539 ], [ -91.352643095912541, 31.808353309975303 ], [ -91.352710977741495, 31.808083337826563 ] ] ] ] } },
{ "type": "Feature", "properties": { "depth_bin": 15, "survey_id": "LM_03_KGC_20260531_CS_3820_3786", "date": "2026-05-31 00:00:00+00:00", "year": 2026, "mile": 380.0, "bin_order": -15 }, "geometry": { "type": "MultiPolygon", "coordinates": [ [ [ [ -91.362602646955978, 31.768693289340607 ], [ -91.362874060163691, 31.768543352897233 ], [ -91.363190077906538, 31.768601291104954 ], [ -91.363365582745573, 31.768833164881144 ], [ -91.363297765594652, 31.76910314631964 ], [ -91.363026351352175, 31.769253083621681 ], [ -91.362710331532043, 31.769195144942042 ], [ -91.362534827727799, 31.768963270307193 ], [ -91.362602646955978, 31.768693289340607 ] ] ], [ [ [ -91.359899113643763, 31.774247492352817 ], [ -91.360211630773534, 31.774092895961743 ], [ -91.361019929032523, 31.774140987477509 ], [ -91.361266673500339, 31.774319356599733 ], [ -91.361293506832453, 31.77459453115377 ], [ -91.361185356095859, 31.7747435366636 ], [ -91.360967401669953, 31.774839479787605 ], [ -91.360118013895118, 31.7747960542426 ], [ -91.35985411735588, 31.774585452549577 ], [ -91.359899113643763, 31.774247492352817 ] ] ], [ [ [ -91.363419976697529, 31.774559720241392 ], [ -91.3636914062415, 31.774409782720195 ], [ -91.364007444374082, 31.774467719536002 ], [ -91.3641829617127, 31.774699592421559 ], [ -91.364115141849013, 31.774969573992593 ], [ -91.36384371127005, 31.775119512372665 ], [ -91.363527671059558, 31.775061575084916 ], [ -91.36335215475593, 31.774829701340469 ], [ -91.363419976697529, 31.774559720241392 ] ] ], [ [ [ -91.365177180750081, 31.774740219601377 ], [ -91.365448608171178, 31.774590278259765 ], [ -91.365764648209435, 31.774648210768738 ], [ -91.365940170366017, 31.774880081383891 ], [ -91.365872355410346, 31.775150064050937 ], [ -91.365600926954386, 31.775300006251488 ], [ -91.365284884838147, 31.775242073270658 ], [ -91.365109363716414, 31.775010201796562 ], [ -91.365177180750081, 31.774740219601377 ] ] ], [ [ [ -91.369654342276561, 31.775163875658258 ], [ -91.369925764179001, 31.775013924578744 ], [ -91.370241808949189, 31.775071846110158 ], [ -91.370417343316561, 31.775303710938424 ], [ -91.370349540897934, 31.775573696399231 ], [ -91.370078117961029, 31.77572364833782 ], [ -91.369762071112618, 31.775665726334811 ], [ -91.369586537779711, 31.775433860647464 ], [ -91.369654342276561, 31.775163875658258 ] ] ], [ [ [ -91.359886481420574, 31.77713136459678 ], [ -91.360215242182889, 31.777003681101093 ], [ -91.360535006320475, 31.777048571856387 ], [ -91.360739172798475, 31.777208943286261 ], [ -91.360964630730081, 31.777133223565642 ], [ -91.361167171333477, 31.777161558867817 ], [ -91.361392269318813, 31.777359729708831 ], [ -91.361387400178657, 31.777635825939068 ], [ -91.361229011159182, 31.777795718053937 ], [ -91.360993326170586, 31.777853493399668 ], [ -91.360795010742251, 31.777808335409425 ], [ -91.360628038637273, 31.777663582281406 ], [ -91.360402579151497, 31.777739301347168 ], [ -91.360041390338495, 31.777695614120329 ], [ -91.359796384511966, 31.777440117825162 ], [ -91.359636035631127, 31.777604468225249 ], [ -91.359400350278662, 31.777662240606031 ], [ -91.359059017065988, 31.777505664904094 ], [ -91.358802505155623, 31.777604365395479 ], [ -91.358480400808233, 31.777562984862325 ], [ -91.358305973475424, 31.777470591386287 ], [ -91.358194090486805, 31.777285945694153 ], [ -91.357925970282878, 31.777484262639376 ], [ -91.357441856721209, 31.777468719363871 ], [ -91.35718648217636, 31.777361480826777 ], [ -91.35706730702401, 31.777104805838732 ], [ -91.357195502084821, 31.776851322557821 ], [ -91.357495971353643, 31.776749517511178 ], [ -91.358014174497711, 31.776821904427599 ], [ -91.358224479680374, 31.777070895704579 ], [ -91.358379771813759, 31.776916395662195 ], [ -91.35861545579975, 31.776858625122223 ], [ -91.358934943907698, 31.77691363794996 ], [ -91.359115157175054, 31.777040672003938 ], [ -91.359330582716524, 31.776946637024466 ], [ -91.359535398518304, 31.77695787967005 ], [ -91.359709826212608, 31.777050271477254 ], [ -91.359819210800083, 31.777225805296251 ], [ -91.359886481420574, 31.77713136459678 ] ] ], [ [ [ -91.362415151490495, 31.777433924255188 ], [ -91.362727675682947, 31.777279321981048 ], [ -91.363248226520426, 31.777344775334885 ], [ -91.363473329541364, 31.777542942654541 ], [ -91.363468466548753, 31.777819039164541 ], [ -91.363156903705956, 31.778030840857138 ], [ -91.362595264306336, 31.777970054266774 ], [ -91.362356788422829, 31.77773837419582 ], [ -91.362415151490495, 31.777433924255188 ] ] ], [ [ [ -91.362394412413138, 31.780386221379221 ], [ -91.36260031990966, 31.780272488501531 ], [ -91.362845496117629, 31.780275641305803 ], [ -91.36304730257109, 31.780394617143266 ], [ -91.363133450893983, 31.780561902701265 ], [ -91.363437208518732, 31.780363681709307 ], [ -91.363790034384138, 31.780446209608179 ], [ -91.364123008908791, 31.780417919843991 ], [ -91.3643697757322, 31.780596283543332 ], [ -91.364396619244019, 31.780871457552927 ], [ -91.364257339596662, 31.781043844893166 ], [ -91.364029412925547, 31.781121081112765 ], [ -91.363717670427931, 31.781033886232105 ], [ -91.363345883097921, 31.781049747001987 ], [ -91.36309673655461, 31.780775913971191 ], [ -91.362872560342211, 31.780954624732853 ], [ -91.362588151579502, 31.780962896360204 ], [ -91.362310858149584, 31.780718787962719 ], [ -91.362394412413138, 31.780386221379221 ] ] ], [ [ [ -91.360097244725807, 31.782945679136542 ], [ -91.360369062106443, 31.783008383995707 ], [ -91.360535121245874, 31.783205792072135 ], [ -91.360516874581677, 31.78344837652088 ], [ -91.360322604530694, 31.783626008968803 ], [ -91.359238249552391, 31.783608492507774 ], [ -91.358951435109134, 31.783420999078228 ], [ -91.358924607396403, 31.783145824544533 ], [ -91.359133429793886, 31.782935042626256 ], [ -91.360097244725807, 31.782945679136542 ] ] ], [ [ [ -91.359619664121936, 31.785896361441939 ], [ -91.359891133405398, 31.785746433603581 ], [ -91.360329058379619, 31.785815051104166 ], [ -91.360530349815377, 31.786031116864159 ], [ -91.36049381713255, 31.786305475109003 ], [ -91.360200503735911, 31.786485494193524 ], [ -91.359762575737946, 31.786416876154213 ], [ -91.359551821426237, 31.786166339403668 ], [ -91.359619664121936, 31.785896361441939 ] ] ], [ [ [ -91.367771527511465, 31.786700523384017 ], [ -91.368042986843136, 31.786550577812488 ], [ -91.368359069155332, 31.786608505194476 ], [ -91.368534619186676, 31.786840372788916 ], [ -91.368466801377735, 31.787110356311381 ], [ -91.36819534101086, 31.787260302742343 ], [ -91.367879256619318, 31.787202374888469 ], [ -91.36770370762315, 31.786970506434592 ], [ -91.367771527511465, 31.786700523384017 ] ] ], [ [ [ -91.364051953432082, 31.789303081533742 ], [ -91.364323426208387, 31.789153144412083 ], [ -91.36463951456038, 31.789211081228935 ], [ -91.364815059688766, 31.789442953716588 ], [ -91.364747228905856, 31.789712934724221 ], [ -91.364475755093892, 31.789862872705282 ], [ -91.364159664662438, 31.789804935416285 ], [ -91.363984120569711, 31.789573062069216 ], [ -91.364051953432082, 31.789303081533742 ] ] ], [ [ [ -91.359386749357213, 31.791617625927806 ], [ -91.359687264994193, 31.791515817464248 ], [ -91.36008107671573, 31.791599893808783 ], [ -91.360256614410829, 31.79183177226993 ], [ -91.360188768417629, 31.792101750245923 ], [ -91.359876189256468, 31.792256344117998 ], [ -91.359552191625298, 31.792220176340862 ], [ -91.359336015625445, 31.792084137469729 ], [ -91.359115887445782, 31.792182023498018 ], [ -91.358668753073886, 31.792174179633292 ], [ -91.358413337337652, 31.792066942384043 ], [ -91.35829958785547, 31.791871592764952 ], [ -91.358114957975772, 31.792032432272954 ], [ -91.357873740380441, 31.79207018826866 ], [ -91.357618325916903, 31.791962949462647 ], [ -91.357500541032067, 31.791741659284522 ], [ -91.357599050069538, 31.791478663481612 ], [ -91.357886436926378, 31.791352191013818 ], [ -91.35819435528505, 31.791436327206757 ], [ -91.358338394587832, 31.791655846778415 ], [ -91.358487150665184, 31.791512748186705 ], [ -91.358681443525995, 31.791456182103634 ], [ -91.359168444534134, 31.791483534578173 ], [ -91.359386749357213, 31.791617625927806 ] ] ], [ [ [ -91.360021011602456, 31.809740836493688 ], [ -91.360292551807973, 31.809590910663893 ], [ -91.36060870621111, 31.809648859571421 ], [ -91.360784277322111, 31.809880737866411 ], [ -91.360716417232041, 31.810150714996606 ], [ -91.360444875989501, 31.810300641686414 ], [ -91.360128719504928, 31.810242692306176 ], [ -91.359953149430964, 31.81001081315117 ], [ -91.360021011602456, 31.809740836493688 ] ] ], [ [ [ -91.359048455279023, 31.771194103035974 ], [ -91.359335776273426, 31.77106762472614 ], [ -91.35976946506004, 31.771152680838718 ], [ -91.359944965670266, 31.771384559116257 ], [ -91.359877136459204, 31.771654538231012 ], [ -91.359564627200655, 31.771809134115472 ], [ -91.35913093559725, 31.771724077216451 ], [ -91.358949974462575, 31.771457101628684 ], [ -91.359048455279023, 31.771194103035974 ] ] ], [ [ [ -91.357981738691223, 31.774059989341115 ], [ -91.358294258149058, 31.773905397739334 ], [ -91.359377985008393, 31.773995249633145 ], [ -91.359644003672358, 31.774152102476691 ], [ -91.359702275991125, 31.774423705737092 ], [ -91.359583447607093, 31.77460692022267 ], [ -91.359365491980441, 31.774702860560861 ], [ -91.358240673430259, 31.77461767418901 ], [ -91.357936735581504, 31.774397948637407 ], [ -91.357981738691223, 31.774059989341115 ] ] ], [ [ [ -91.357451833567154, 31.779722745150689 ], [ -91.357892405813061, 31.779775755410117 ], [ -91.358118389317781, 31.779923491557675 ], [ -91.358176659984096, 31.780195095251859 ], [ -91.357993033574573, 31.78042234470691 ], [ -91.357757340109089, 31.780480113745202 ], [ -91.357356813374992, 31.780436223307763 ], [ -91.356960066582317, 31.780365964230203 ], [ -91.356785833105562, 31.780246040195475 ], [ -91.356398084017258, 31.780344422715437 ], [ -91.356183605262871, 31.780242905573754 ], [ -91.356080760799003, 31.780091180646153 ], [ -91.356117303167636, 31.779816823768396 ], [ -91.356370249746661, 31.779644896255018 ], [ -91.356615423532745, 31.779648060997271 ], [ -91.356828464708883, 31.779780415037536 ], [ -91.357092523835078, 31.77967523958452 ], [ -91.357451833567154, 31.779722745150689 ] ] ], [ [ [ -91.358851598438477, 31.780080178107813 ], [ -91.35916413726622, 31.779925585144898 ], [ -91.359366683237937, 31.779953923486868 ], [ -91.35954048098634, 31.780073322551875 ], [ -91.359725917731922, 31.779978314883103 ], [ -91.359971092810667, 31.779981473194933 ], [ -91.360217850168056, 31.780159844648107 ], [ -91.360244681271297, 31.780435019133108 ], [ -91.36013652166011, 31.780584023334828 ], [ -91.35991855224988, 31.780679964080157 ], [ -91.359674918377223, 31.780656292828333 ], [ -91.359501119391211, 31.7805368939148 ], [ -91.359315681289104, 31.780631901202703 ], [ -91.359070504574944, 31.780628741571586 ], [ -91.358806594550131, 31.780418137413346 ], [ -91.358851598438477, 31.780080178107813 ] ] ], [ [ [ -91.357289111253593, 31.782749666208524 ], [ -91.357616823689455, 31.782942886469588 ], [ -91.357610810657732, 31.783282986117495 ], [ -91.357317501796899, 31.783462998773203 ], [ -91.356876750299151, 31.783416989227685 ], [ -91.356675473017233, 31.783200918081874 ], [ -91.356712015285595, 31.782926561143952 ], [ -91.356925737406769, 31.782766055419909 ], [ -91.357289111253593, 31.782749666208524 ] ] ], [ [ [ -91.357325752418276, 31.785676455220528 ], [ -91.357597224520134, 31.785526532373414 ], [ -91.357932466284851, 31.785597017414275 ], [ -91.358285808993671, 31.785558679367522 ], [ -91.358532577288145, 31.78573705432855 ], [ -91.358559404229169, 31.786012228823463 ], [ -91.358273606097939, 31.786249085159227 ], [ -91.357898006305049, 31.786186684106401 ], [ -91.357544661084091, 31.786225020986855 ], [ -91.357280739348099, 31.786014413422592 ], [ -91.357325752418276, 31.785676455220528 ] ] ], [ [ [ -91.357222985316383, 31.788369498050354 ], [ -91.357489466039183, 31.788454838471527 ], [ -91.357632074291203, 31.788665202408492 ], [ -91.357604354906385, 31.78887331601301 ], [ -91.357410067658833, 31.789050943299241 ], [ -91.357210223664808, 31.789090969484526 ], [ -91.356769128312195, 31.788981453479892 ], [ -91.35648986884533, 31.789012374291651 ], [ -91.356203044050176, 31.788824874445066 ], [ -91.356176223688479, 31.788549699778333 ], [ -91.356385064836857, 31.788338923161881 ], [ -91.356584907492945, 31.788298898225214 ], [ -91.356866922795263, 31.788396636954396 ], [ -91.357222985316383, 31.788369498050354 ] ] ], [ [ [ -91.358303095739331, 31.788695610610045 ], [ -91.358574575412248, 31.788545685990798 ], [ -91.358890657467342, 31.788603636901328 ], [ -91.359066186793683, 31.788835516818278 ], [ -91.358998339959896, 31.789105494238726 ], [ -91.358726859250822, 31.789255419717218 ], [ -91.358410775116582, 31.789197468334208 ], [ -91.358235246826368, 31.78896558755801 ], [ -91.358303095739331, 31.788695610610045 ] ] ], [ [ [ -91.358306927144071, 31.794424967869265 ], [ -91.358594322417375, 31.794298494133894 ], [ -91.358902251146688, 31.794382628927501 ], [ -91.359050334157956, 31.794628087675342 ], [ -91.358951825425905, 31.79489108450278 ], [ -91.358664428730322, 31.795017558988871 ], [ -91.358356498163431, 31.794933423564121 ], [ -91.358208416574399, 31.794687964065542 ], [ -91.358306927144071, 31.794424967869265 ] ] ], [ [ [ -91.355107535297719, 31.773753446251874 ], [ -91.355378975022461, 31.773603526810334 ], [ -91.355695004297004, 31.773661484003217 ], [ -91.355870498927374, 31.773893367627011 ], [ -91.355802655806926, 31.774163344006936 ], [ -91.355531215046483, 31.774313264307096 ], [ -91.355215183694483, 31.774255306641788 ], [ -91.355039690099787, 31.774023422159374 ], [ -91.355107535297719, 31.773753446251874 ] ] ], [ [ [ -91.354660063439795, 31.788253537488604 ], [ -91.354947443806608, 31.788127071394484 ], [ -91.355468228149448, 31.788191098566731 ], [ -91.35569333915511, 31.788389279649092 ], [ -91.35568845098669, 31.788665374610986 ], [ -91.355376833743875, 31.788877155085938 ], [ -91.354814955734298, 31.788817791981504 ], [ -91.354567011070515, 31.788551627301484 ], [ -91.354660063439795, 31.788253537488604 ] ] ], [ [ [ -91.354568201018964, 31.791135250366601 ], [ -91.354855590603378, 31.791008784840422 ], [ -91.35516350475126, 31.791092928240214 ], [ -91.355311572829834, 31.791338390949932 ], [ -91.355213057561116, 31.791601384773948 ], [ -91.354925666554379, 31.791727851050606 ], [ -91.354617750569403, 31.791643707019542 ], [ -91.354469683913166, 31.791398243559339 ], [ -91.354568201018964, 31.791135250366601 ] ] ], [ [ [ -91.355498733681486, 31.79127941908822 ], [ -91.355811316270604, 31.791124836080684 ], [ -91.35617056821205, 31.791195600211562 ], [ -91.356350579705421, 31.791322371682757 ], [ -91.356566390964431, 31.791228080476394 ], [ -91.357057106693603, 31.791227780608306 ], [ -91.357323169235769, 31.791384639428202 ], [ -91.357381443202073, 31.791656243181361 ], [ -91.357262586714867, 31.791839454125917 ], [ -91.357044587601607, 31.791935388795114 ], [ -91.356553868134085, 31.791935688488703 ], [ -91.356294987827937, 31.791787366314857 ], [ -91.355914380483284, 31.791879528714762 ], [ -91.355491635500726, 31.791680246621013 ], [ -91.355424005387704, 31.79147891329966 ], [ -91.355498733681486, 31.79127941908822 ] ] ], [ [ [ -91.355764569450187, 31.794073307706249 ], [ -91.356051966811037, 31.793946839786226 ], [ -91.356733419467176, 31.794031809447176 ], [ -91.35695854686395, 31.794229988686006 ], [ -91.356953661345131, 31.794506083569985 ], [ -91.356642026622467, 31.794717866392467 ], [ -91.355919476593712, 31.79463756091425 ], [ -91.35567151389148, 31.794371397988023 ], [ -91.355764569450187, 31.794073307706249 ] ] ], [ [ [ -91.356039912456126, 31.797029982102288 ], [ -91.356311420558526, 31.796880063445148 ], [ -91.3566275290801, 31.796938020813709 ], [ -91.356803067406815, 31.797169903901771 ], [ -91.356735206834514, 31.797439879348982 ], [ -91.356463697695361, 31.797589798865591 ], [ -91.356147587093844, 31.797531841024288 ], [ -91.355972049803896, 31.797299957076753 ], [ -91.356039912456126, 31.797029982102288 ] ] ], [ [ [ -91.35521290184731, 31.799705926363469 ], [ -91.35550031769921, 31.799579460410882 ], [ -91.355808260577462, 31.799663603121299 ], [ -91.355956343019997, 31.799909065282591 ], [ -91.355857819334261, 31.800172059020625 ], [ -91.355570402059513, 31.800298525723974 ], [ -91.355262457343358, 31.800214382382137 ], [ -91.355114376323669, 31.799968919470057 ], [ -91.35521290184731, 31.799705926363469 ] ] ], [ [ [ -91.353671990284326, 31.802229518702539 ], [ -91.35404222101937, 31.802104127509491 ], [ -91.354929530758156, 31.802338855471575 ], [ -91.355154673486041, 31.802537038203845 ], [ -91.355149781023428, 31.802813132476924 ], [ -91.354991336654464, 31.802973014409645 ], [ -91.354755583667924, 31.803030775696019 ], [ -91.353826895905698, 31.802793773794402 ], [ -91.353578918684036, 31.802527606584185 ], [ -91.353671990284326, 31.802229518702539 ] ] ], [ [ [ -91.353458708194921, 31.805142902145622 ], [ -91.353746143437903, 31.805016440908794 ], [ -91.354054102344264, 31.805100588351365 ], [ -91.354202188063184, 31.805346052489345 ], [ -91.354103652982459, 31.805609044290708 ], [ -91.353816216316105, 31.805735506278403 ], [ -91.353508255571413, 31.80565135820418 ], [ -91.353360171275881, 31.805405893315342 ], [ -91.353458708194921, 31.805142902145622 ] ] ] ] } },
{ "type": "Feature", "properties": { "depth_bin": 16, "survey_id": "LM_03_KGC_20260531_CS_3820_3786", "date": "2026-05-31 00:00:00+00:00", "year": 2026, "mile": 380.0, "bin_order": -16 }, "geometry": { "type": "MultiPolygon", "coordinates": [ [ [ [ -91.361324709316548, 31.768561799578201 ], [ -91.361516551211395, 31.768431374840095 ], [ -91.361760877430982, 31.768413985450632 ], [ -91.361975336002018, 31.768515492661084 ], [ -91.362084878956637, 31.768691619377325 ], [ -91.362280508354132, 31.768510803233877 ], [ -91.362602604733155, 31.768487876704604 ], [ -91.362849337868354, 31.768666242508022 ], [ -91.362876175043056, 31.768941417065772 ], [ -91.362768033781592, 31.769090424354165 ], [ -91.362550094396269, 31.769186370771198 ], [ -91.362234075152628, 31.769128430926365 ], [ -91.362061335489614, 31.768906618978885 ], [ -91.361865704812217, 31.76908743473231 ], [ -91.361543606252198, 31.769110359318969 ], [ -91.361279721899677, 31.768899760835986 ], [ -91.361324709316548, 31.768561799578201 ] ] ], [ [ [ -91.359986310998067, 31.771273063741369 ], [ -91.360257735898642, 31.771123133330541 ], [ -91.360573760410574, 31.771181078251114 ], [ -91.360749263129748, 31.77141295548828 ], [ -91.360681436211593, 31.771682935108508 ], [ -91.360410010275885, 31.771832866378013 ], [ -91.360093983686539, 31.771774920985344 ], [ -91.359918482002499, 31.77154304288949 ], [ -91.359986310998067, 31.771273063741369 ] ] ], [ [ [ -91.363180185612023, 31.7716144067927 ], [ -91.363451606695136, 31.771464469439785 ], [ -91.363767634715927, 31.771522406534672 ], [ -91.363943146214993, 31.771754279646597 ], [ -91.36387532820477, 31.772024261258622 ], [ -91.36360390608678, 31.77217419947031 ], [ -91.363287875988391, 31.772116261903509 ], [ -91.363112365524216, 31.77188438793279 ], [ -91.363180185612023, 31.7716144067927 ] ] ], [ [ [ -91.360862230503159, 31.774310946638213 ], [ -91.361174746357634, 31.774156347837284 ], [ -91.36169298314779, 31.77425277699464 ], [ -91.361918075535442, 31.774450946793181 ], [ -91.36191320850854, 31.774727043222342 ], [ -91.361601652991069, 31.774938841436615 ], [ -91.361042329030909, 31.774847078593901 ], [ -91.360803864813064, 31.774615395904856 ], [ -91.360862230503159, 31.774310946638213 ] ] ], [ [ [ -91.363258996349202, 31.774559922877 ], [ -91.363530426137785, 31.77440998570783 ], [ -91.363846464152232, 31.774467922919936 ], [ -91.364021981079176, 31.774699796013959 ], [ -91.363954160751391, 31.774969777483488 ], [ -91.363682729927788, 31.77511971551154 ], [ -91.363366689835445, 31.775061777827467 ], [ -91.36319117394352, 31.774829903874558 ], [ -91.363258996349202, 31.774559922877 ] ] ], [ [ [ -91.359725049133175, 31.777120213302666 ], [ -91.360012387979168, 31.776993734165504 ], [ -91.360214927919927, 31.777022070963454 ], [ -91.360399591905647, 31.777154392100876 ], [ -91.360611491206086, 31.777063002795643 ], [ -91.360816307514014, 31.777074243393809 ], [ -91.361063059104339, 31.777252613081124 ], [ -91.361089892277619, 31.777527787564626 ], [ -91.360981737589995, 31.777676792709553 ], [ -91.360763775947333, 31.77777273520357 ], [ -91.36052014937637, 31.777749065808869 ], [ -91.360335484067662, 31.777616744812597 ], [ -91.360123583228457, 31.777708133599013 ], [ -91.359918765661604, 31.777696891842986 ], [ -91.359641488870366, 31.777452778074647 ], [ -91.359725049133175, 31.777120213302666 ] ] ], [ [ [ -91.361614664219005, 31.777367794728715 ], [ -91.3619271894256, 31.777213194455811 ], [ -91.362221712847941, 31.777288590742895 ], [ -91.362449795425135, 31.777234572825932 ], [ -91.362732055713153, 31.777274304462171 ], [ -91.362978811667332, 31.777452670572039 ], [ -91.363005650565214, 31.777727844836303 ], [ -91.362897498628072, 31.777876851700121 ], [ -91.362679538333978, 31.777972797522544 ], [ -91.362183976647017, 31.777879446939355 ], [ -91.361833581240717, 31.777916353999061 ], [ -91.361569672109326, 31.777705755532253 ], [ -91.361614664219005, 31.777367794728715 ] ] ], [ [ [ -91.359330410915362, 31.779957397534112 ], [ -91.359851171457848, 31.779962635491788 ], [ -91.360099418396828, 31.780230771608096 ], [ -91.360326176579505, 31.7800475845753 ], [ -91.360649392196905, 31.780051746575914 ], [ -91.360874495755226, 31.780249918444952 ], [ -91.360869624528817, 31.780526014478149 ], [ -91.360711229489269, 31.780685905683022 ], [ -91.360516960560091, 31.780742475757403 ], [ -91.360209074850715, 31.780658346172007 ], [ -91.360066163637597, 31.780446003437635 ], [ -91.359759820196402, 31.780648697374168 ], [ -91.359278338598443, 31.780571354617745 ], [ -91.358990864118397, 31.780633250359013 ], [ -91.358455695833072, 31.780479873323007 ], [ -91.358076354675205, 31.780499456073898 ], [ -91.357828421476555, 31.780233297847975 ], [ -91.35789626400873, 31.779963320586212 ], [ -91.358167718118764, 31.779813395798708 ], [ -91.359330410915362, 31.779957397534112 ] ] ], [ [ [ -91.363327248178578, 31.780517561428201 ], [ -91.363639781568679, 31.780362957284321 ], [ -91.364285637343457, 31.780411572879274 ], [ -91.364532404477401, 31.780589936273419 ], [ -91.364559248471679, 31.780865110265097 ], [ -91.364451095081094, 31.781014118339517 ], [ -91.364233128757547, 31.781110066583405 ], [ -91.363546182017714, 31.78106611808245 ], [ -91.363282260218455, 31.780855522834909 ], [ -91.363327248178578, 31.780517561428201 ] ] ], [ [ [ -91.359322026948888, 31.783074836523539 ], [ -91.359609385099347, 31.782948359049094 ], [ -91.359917277694834, 31.783032490293579 ], [ -91.36006534672731, 31.783277947761029 ], [ -91.359966854360678, 31.783540946326653 ], [ -91.359679494788807, 31.783667424551499 ], [ -91.35937160035671, 31.783583292676159 ], [ -91.359223532745631, 31.783337834458287 ], [ -91.359322026948888, 31.783074836523539 ] ] ], [ [ [ -91.359938130828127, 31.785940221323251 ], [ -91.360209599760211, 31.785790292793578 ], [ -91.360649219285776, 31.785855046519746 ], [ -91.360850511572309, 31.786071111800052 ], [ -91.360813979810047, 31.78634547016647 ], [ -91.360520666870173, 31.786525490004436 ], [ -91.360081044302063, 31.786460735736881 ], [ -91.359870289012619, 31.786210199483069 ], [ -91.359938130828127, 31.785940221323251 ] ] ], [ [ [ -91.364257676000761, 31.786332042963341 ], [ -91.364529139557405, 31.78618210503274 ], [ -91.364845218032244, 31.786240041029277 ], [ -91.36502075841166, 31.786471913165713 ], [ -91.364952930789954, 31.78674189449691 ], [ -91.364681466197823, 31.78689183328682 ], [ -91.364365385643808, 31.786833896818202 ], [ -91.364189846299894, 31.78660202382245 ], [ -91.364257676000761, 31.786332042963341 ] ] ], [ [ [ -91.358811307313459, 31.788696562700657 ], [ -91.359140111105987, 31.78856888363455 ], [ -91.359338448349916, 31.788614044877281 ], [ -91.35949480086785, 31.788743110787159 ], [ -91.35969261215071, 31.78866232491028 ], [ -91.359936266941673, 31.788685996807462 ], [ -91.360161389000893, 31.788884170333496 ], [ -91.360156514017518, 31.789160265893301 ], [ -91.359998102375883, 31.789320155465159 ], [ -91.359803814754869, 31.789376723754277 ], [ -91.359564048049435, 31.789332766781339 ], [ -91.359407694476133, 31.789203700931331 ], [ -91.359209881790605, 31.78928448631153 ], [ -91.35896622568545, 31.789260812979077 ], [ -91.358718267622351, 31.788994655963538 ], [ -91.358811307313459, 31.788696562700657 ] ] ], [ [ [ -91.359013380213725, 31.791644449577568 ], [ -91.359325958606505, 31.791489857789564 ], [ -91.359528529703539, 31.791518196676243 ], [ -91.359713811658452, 31.791651222117988 ], [ -91.359923412730879, 31.791561586993812 ], [ -91.360128260804728, 31.791572829749018 ], [ -91.360375048255946, 31.791751201633328 ], [ -91.360401881590676, 31.792026375732764 ], [ -91.360293707863903, 31.792175379361449 ], [ -91.360075710838416, 31.792271319297345 ], [ -91.359832046631809, 31.792247647361862 ], [ -91.359646763348564, 31.792114622058445 ], [ -91.359437160756727, 31.79220425666843 ], [ -91.359232311428116, 31.792193012757696 ], [ -91.358968369361833, 31.791982408182033 ], [ -91.359013380213725, 31.791644449577568 ] ] ], [ [ [ -91.356370735314073, 31.768078839155439 ], [ -91.356642156122874, 31.767928916263152 ], [ -91.35695816719273, 31.767986869744206 ], [ -91.357133654993362, 31.76821875156935 ], [ -91.357065820419152, 31.768488729117291 ], [ -91.356794398575033, 31.768638652868038 ], [ -91.356478385428261, 31.768580698914707 ], [ -91.356302898662946, 31.7683488162311 ], [ -91.356370735314073, 31.768078839155439 ] ] ], [ [ [ -91.357847980500779, 31.774012151975096 ], [ -91.3581353118972, 31.77388567677777 ], [ -91.358375038262409, 31.773929635177236 ], [ -91.358525661121845, 31.774050285847267 ], [ -91.358731430972952, 31.773963499167706 ], [ -91.358936240096995, 31.773974742558149 ], [ -91.359182979950546, 31.774153115574066 ], [ -91.359209807064801, 31.774428290364554 ], [ -91.359101653273555, 31.774577294001634 ], [ -91.358883697258364, 31.774673233500867 ], [ -91.358640079425356, 31.774649560786948 ], [ -91.358452261351374, 31.77451329140213 ], [ -91.358246490018743, 31.774600077573357 ], [ -91.35804167965432, 31.774588833030489 ], [ -91.357764416884919, 31.774344715538277 ], [ -91.357847980500779, 31.774012151975096 ] ] ], [ [ [ -91.35762296423654, 31.776938578856562 ], [ -91.357894409695064, 31.776788654300177 ], [ -91.358210451572319, 31.776846605638898 ], [ -91.35838595829216, 31.777078486098421 ], [ -91.358318119666123, 31.777348463857667 ], [ -91.35804667317197, 31.777498389272854 ], [ -91.357730629216817, 31.777440437461809 ], [ -91.357555123532592, 31.777208556143481 ], [ -91.35762296423654, 31.776938578856562 ] ] ], [ [ [ -91.35589676102029, 31.779546392097838 ], [ -91.356152139847026, 31.779653633339823 ], [ -91.356264446128392, 31.779839828243162 ], [ -91.356236727241551, 31.780047941812136 ], [ -91.356042456719848, 31.78022556778188 ], [ -91.355120524250012, 31.780205640316684 ], [ -91.354833728740672, 31.780018138147408 ], [ -91.35480691378531, 31.779742963049845 ], [ -91.355015737207083, 31.779532187836462 ], [ -91.35589676102029, 31.779546392097838 ] ] ], [ [ [ -91.356938260303139, 31.779855135808177 ], [ -91.357209715540876, 31.779705213102908 ], [ -91.357525766752303, 31.779763166436684 ], [ -91.357701276893664, 31.779995047866617 ], [ -91.357633433772065, 31.780265025003249 ], [ -91.357361977498485, 31.780414948567415 ], [ -91.357045924208876, 31.78035699476122 ], [ -91.356870415103359, 31.780125112472398 ], [ -91.356938260303139, 31.779855135808177 ] ] ], [ [ [ -91.357646949018161, 31.785696687160563 ], [ -91.35791842069375, 31.785546763613272 ], [ -91.358234492141591, 31.785604715821677 ], [ -91.358410014464155, 31.78583659650214 ], [ -91.358342168332797, 31.786106573704387 ], [ -91.358070695621137, 31.786256498110795 ], [ -91.357754622094475, 31.786198545429905 ], [ -91.357579100807968, 31.785966663890338 ], [ -91.357646949018161, 31.785696687160563 ] ] ], [ [ [ -91.355910623627693, 31.788255680702569 ], [ -91.356192737601816, 31.788223651877043 ], [ -91.35645879022556, 31.788380512235349 ], [ -91.356523761291086, 31.788617177117608 ], [ -91.356367075527729, 31.788858703951508 ], [ -91.356139123463265, 31.788935925081631 ], [ -91.355839547605171, 31.788857231127416 ], [ -91.355573966960549, 31.788907035517099 ], [ -91.355293701955162, 31.788864995808645 ], [ -91.355130700559002, 31.788758437969548 ], [ -91.355041547035327, 31.788493019212822 ], [ -91.355198235510244, 31.788251494093196 ], [ -91.355467613635696, 31.788173072339422 ], [ -91.355910623627693, 31.788255680702569 ] ] ], [ [ [ -91.355736918462227, 31.791098607784004 ], [ -91.355992328245847, 31.791205850226604 ], [ -91.356107803981089, 31.79141233098149 ], [ -91.356445426346724, 31.791222106965233 ], [ -91.356809684331111, 31.791355725163765 ], [ -91.357092843274572, 31.791233120293352 ], [ -91.357573811301123, 31.791297223760452 ], [ -91.357820592907103, 31.791475600415929 ], [ -91.357847418603129, 31.791750774807603 ], [ -91.35773924121807, 31.791899776143701 ], [ -91.357521242415118, 31.791995711640421 ], [ -91.356999179606376, 31.791936273083795 ], [ -91.35679867586056, 31.79181856856621 ], [ -91.356432718726509, 31.791940103715024 ], [ -91.356177306412349, 31.791832862082845 ], [ -91.356061830039778, 31.791626381381239 ], [ -91.355882627200728, 31.79177778304097 ], [ -91.355641409559695, 31.791815534798339 ], [ -91.354924090778454, 31.791712805867167 ], [ -91.354677314388468, 31.791534423767601 ], [ -91.354650498152949, 31.791259249018022 ], [ -91.354859349029269, 31.791048475314291 ], [ -91.355262446214908, 31.791016764811971 ], [ -91.355736918462227, 31.791098607784004 ] ] ], [ [ [ -91.358052009163302, 31.791565878514486 ], [ -91.358323497824514, 31.791415954792349 ], [ -91.358639589383642, 31.791473906625477 ], [ -91.358815123162685, 31.791705786950128 ], [ -91.358747273121764, 31.791975764024599 ], [ -91.35847578342424, 31.792125688606067 ], [ -91.358159689785651, 31.7920677363004 ], [ -91.357984157042921, 31.791835855116432 ], [ -91.358052009163302, 31.791565878514486 ] ] ], [ [ [ -91.357171120119887, 31.794289149258208 ], [ -91.357442618284878, 31.794139227793469 ], [ -91.357758718387572, 31.794197182084922 ], [ -91.35793425474543, 31.794429063628854 ], [ -91.357866399807804, 31.794699039969363 ], [ -91.357594900606301, 31.794848962293507 ], [ -91.357278798423906, 31.794791007529412 ], [ -91.357103263102559, 31.794559125126092 ], [ -91.357171120119887, 31.794289149258208 ] ] ], [ [ [ -91.358124350045756, 31.794420705188649 ], [ -91.358436939380326, 31.79426611601404 ], [ -91.358954939853319, 31.794351702624734 ], [ -91.359180072918932, 31.794549878109702 ], [ -91.359175193943202, 31.79482597328775 ], [ -91.358863562930168, 31.795037761675211 ], [ -91.358304466230081, 31.794956840174965 ], [ -91.358065959749808, 31.794725151547986 ], [ -91.358124350045756, 31.794420705188649 ] ] ], [ [ [ -91.355801033748364, 31.79678603895114 ], [ -91.35620154895274, 31.796830537629486 ], [ -91.356427569887913, 31.796978277709634 ], [ -91.356485843969594, 31.797249881673949 ], [ -91.356302177869338, 31.7974771268272 ], [ -91.356025069974166, 31.797532619336753 ], [ -91.355627955645446, 31.797394904071869 ], [ -91.3551930457092, 31.797403780184503 ], [ -91.354926970189965, 31.797246916592286 ], [ -91.3548687007046, 31.796975312067971 ], [ -91.355052369168973, 31.796748069051578 ], [ -91.355288105855493, 31.796690306615684 ], [ -91.355801033748364, 31.79678603895114 ] ] ], [ [ [ -91.356695527466115, 31.797111094883313 ], [ -91.35698293325332, 31.796984625193055 ], [ -91.357290869140741, 31.797068764103201 ], [ -91.357438951761353, 31.797314224627694 ], [ -91.357340435318477, 31.797577219851174 ], [ -91.357053028108723, 31.79770369029217 ], [ -91.356745090383555, 31.797619550750714 ], [ -91.356597009185492, 31.79737408947549 ], [ -91.356695527466115, 31.797111094883313 ] ] ], [ [ [ -91.355697854603548, 31.799616559817682 ], [ -91.35672060542845, 31.799811262966998 ], [ -91.356896149096329, 31.800043146017305 ], [ -91.356828286305159, 31.800313121335481 ], [ -91.356636370205052, 31.800443535936232 ], [ -91.35643287002874, 31.800466636402255 ], [ -91.355876513115859, 31.80030127985426 ], [ -91.35564370455144, 31.800335757506382 ], [ -91.354186689243448, 31.800065556266606 ], [ -91.353972168513039, 31.799964034242155 ], [ -91.353854383206595, 31.79974274090663 ], [ -91.353952911985928, 31.799479748879204 ], [ -91.354240328708315, 31.799353285802791 ], [ -91.355697854603548, 31.799616559817682 ] ] ], [ [ [ -91.357740121971858, 31.815147600175283 ], [ -91.358027583457044, 31.815021130303666 ], [ -91.358335579521494, 31.815105268504908 ], [ -91.358483691548471, 31.815350728208447 ], [ -91.358385156514657, 31.815613722980263 ], [ -91.358097693605728, 31.815740193603219 ], [ -91.357789695701811, 31.815656054770347 ], [ -91.357641585098548, 31.815410594315448 ], [ -91.357740121971858, 31.815147600175283 ] ] ], [ [ [ -91.355370490494238, 31.77084112110639 ], [ -91.355657814997485, 31.770714651223322 ], [ -91.355965663535727, 31.770798790691558 ], [ -91.356113703908107, 31.771044252197722 ], [ -91.356015215067572, 31.771307248250821 ], [ -91.355727889143452, 31.771433718883728 ], [ -91.355420038769964, 31.771349578784719 ], [ -91.35527199981847, 31.771104116528676 ], [ -91.355370490494238, 31.77084112110639 ] ] ], [ [ [ -91.355266079056989, 31.77378051426582 ], [ -91.355537518622668, 31.773630594480853 ], [ -91.355853548105628, 31.773688551286337 ], [ -91.356029043189878, 31.773920434705715 ], [ -91.355961200502861, 31.774190411183927 ], [ -91.355689759901509, 31.774340331827531 ], [ -91.355373728341078, 31.774282374549625 ], [ -91.355198234292502, 31.77405049027162 ], [ -91.355266079056989, 31.77378051426582 ] ] ], [ [ [ -91.353953308767203, 31.802339729049567 ], [ -91.354307365181654, 31.80218394976238 ], [ -91.354540960877657, 31.80224777867576 ], [ -91.354684814836261, 31.802395054539794 ], [ -91.354927219612108, 31.802333211056037 ], [ -91.355245698955599, 31.802391210192205 ], [ -91.355470842506463, 31.802589392390505 ], [ -91.355465950974036, 31.802865486705201 ], [ -91.355307507038077, 31.803025369045759 ], [ -91.355071754086694, 31.803083130919692 ], [ -91.354716067876581, 31.803009511065326 ], [ -91.354536980361502, 31.802843575890499 ], [ -91.35413341383537, 31.802875869005554 ], [ -91.353894898692488, 31.802644172501275 ], [ -91.353953308767203, 31.802339729049567 ] ] ], [ [ [ -91.352221538343855, 31.810896111972433 ], [ -91.352508993332478, 31.810769654299708 ], [ -91.352816969834493, 31.810853805271226 ], [ -91.3529650606921, 31.811099270835928 ], [ -91.352866515282571, 31.811362261126146 ], [ -91.352579058870063, 31.811488719549867 ], [ -91.352271080529277, 31.811404567946497 ], [ -91.352122991095541, 31.811159101630803 ], [ -91.352221538343855, 31.810896111972433 ] ] ] ] } },
{ "type": "Feature", "properties": { "depth_bin": 17, "survey_id": "LM_03_KGC_20260531_CS_3820_3786", "date": "2026-05-31 00:00:00+00:00", "year": 2026, "mile": 380.0, "bin_order": -17 }, "geometry": { "type": "MultiPolygon", "coordinates": [ [ [ [ -91.361485106576467, 31.768570895817209 ], [ -91.361797601716688, 31.768416294668192 ], [ -91.362106404766649, 31.76850118202729 ], [ -91.362442158546955, 31.768471499073335 ], [ -91.362688891317759, 31.768649865176325 ], [ -91.362715728013242, 31.768925039752425 ], [ -91.362607586521051, 31.769074046896858 ], [ -91.362389647021885, 31.769169993035185 ], [ -91.362039760593888, 31.769089773503712 ], [ -91.361704004490747, 31.769119455314041 ], [ -91.361440119734453, 31.768908857150723 ], [ -91.361485106576467, 31.768570895817209 ] ] ], [ [ [ -91.360339162725353, 31.771159568281789 ], [ -91.360583496258826, 31.771142181408351 ], [ -91.360825325564505, 31.771270279423756 ], [ -91.36091713846244, 31.771500362545396 ], [ -91.360817252835417, 31.771727978123593 ], [ -91.360488511833964, 31.771855663932644 ], [ -91.360239860740805, 31.771781958932017 ], [ -91.359963814209607, 31.771836977090121 ], [ -91.359738736366609, 31.771753913349354 ], [ -91.359590685177821, 31.771508455723772 ], [ -91.359689164264609, 31.771245456578111 ], [ -91.359935402744284, 31.771123643300296 ], [ -91.360339162725353, 31.771159568281789 ] ] ], [ [ [ -91.362061250154909, 31.771500166464708 ], [ -91.362332672591549, 31.771350231544485 ], [ -91.362648699401177, 31.771408171381605 ], [ -91.362824207833825, 31.771640045939016 ], [ -91.362756386698152, 31.771910026852989 ], [ -91.362484963226549, 31.77205996263195 ], [ -91.362168934339394, 31.772002022322848 ], [ -91.361993426941709, 31.7717701469067 ], [ -91.362061250154909, 31.771500166464708 ] ] ], [ [ [ -91.360703783964524, 31.774289931630477 ], [ -91.361016299992428, 31.774135333224567 ], [ -91.361533861215136, 31.774223110887135 ], [ -91.361758953181393, 31.774421280954076 ], [ -91.361754085687451, 31.774697377362525 ], [ -91.361442529927771, 31.774909175179417 ], [ -91.360883881532331, 31.774826063779862 ], [ -91.36064541777489, 31.774594380808391 ], [ -91.360703783964524, 31.774289931630477 ] ] ], [ [ [ -91.361775050716091, 31.777374635898603 ], [ -91.362046491188394, 31.777224702314758 ], [ -91.362362537603005, 31.777282643477673 ], [ -91.362538055726048, 31.777514518573753 ], [ -91.362470228689432, 31.777784498923836 ], [ -91.362198787181853, 31.777934433366607 ], [ -91.361882738689118, 31.77787649173159 ], [ -91.36170722160135, 31.777644615776588 ], [ -91.361775050716091, 31.777374635898603 ] ] ], [ [ [ -91.361732038516209, 31.780338369582328 ], [ -91.362044573764436, 31.780183769420304 ], [ -91.36272439765888, 31.780275563142773 ], [ -91.362949506334431, 31.780473731502568 ], [ -91.362944641230584, 31.780749827813011 ], [ -91.36263306711264, 31.780961627758931 ], [ -91.36191215220353, 31.780874500382637 ], [ -91.361673670959547, 31.78064281893964 ], [ -91.361732038516209, 31.780338369582328 ] ] ], [ [ [ -91.363970890433976, 31.780551826859067 ], [ -91.364242337099213, 31.780401888857313 ], [ -91.364558395854914, 31.780459824949695 ], [ -91.364733925238241, 31.780691697292809 ], [ -91.364666101785048, 31.780961678820255 ], [ -91.364394654084577, 31.781111617681116 ], [ -91.364078593250326, 31.78105368111672 ], [ -91.363903064902232, 31.78082180791451 ], [ -91.363970890433976, 31.780551826859067 ] ] ], [ [ [ -91.360100845014884, 31.783139710431552 ], [ -91.360372305304537, 31.782989781206918 ], [ -91.360688369935616, 31.783047727101984 ], [ -91.360863894003671, 31.783279604531238 ], [ -91.360796057157799, 31.783549583448917 ], [ -91.36052459583243, 31.783699513532643 ], [ -91.360208529122687, 31.783641567165287 ], [ -91.360033006090347, 31.783409688876937 ], [ -91.360100845014884, 31.783139710431552 ] ] ], [ [ [ -91.36378342669623, 31.783448695701438 ], [ -91.364054882328574, 31.783298758459715 ], [ -91.364459575048585, 31.783327164305241 ], [ -91.364684694665257, 31.783525329877968 ], [ -91.36467983413938, 31.783801426295671 ], [ -91.364408607198513, 31.78400514490523 ], [ -91.363963557565228, 31.78398482394833 ], [ -91.363725063396529, 31.783753146017116 ], [ -91.36378342669623, 31.783448695701438 ] ] ], [ [ [ -91.363294376368046, 31.786266583090747 ], [ -91.363565841189342, 31.786116647259231 ], [ -91.364005069158438, 31.786183317149352 ], [ -91.364206370174912, 31.786399377397647 ], [ -91.364169848110294, 31.786673737042761 ], [ -91.36387654025404, 31.786853764789996 ], [ -91.36343730924834, 31.786787094359571 ], [ -91.363226543946482, 31.786536563346576 ], [ -91.363294376368046, 31.786266583090747 ] ] ], [ [ [ -91.360544355791063, 31.788686107410971 ], [ -91.36081482553935, 31.788749477289223 ], [ -91.360980895357784, 31.788946884990722 ], [ -91.360962648034942, 31.789189469294616 ], [ -91.360804237683155, 31.789349359914276 ], [ -91.360609950434608, 31.789405929448343 ], [ -91.359880500106442, 31.789400374698157 ], [ -91.359573532084909, 31.789237798524212 ], [ -91.359515252850372, 31.788966195510866 ], [ -91.359698893498035, 31.788738944596133 ], [ -91.360544355791063, 31.788686107410971 ] ] ], [ [ [ -91.364589812810877, 31.792320270362918 ], [ -91.364861293818606, 31.792170332429183 ], [ -91.365177392754106, 31.792228268239839 ], [ -91.36535294461865, 31.792460140116603 ], [ -91.365285112778523, 31.792730121266594 ], [ -91.365013630735035, 31.792880060059865 ], [ -91.36469752971972, 31.792822123777043 ], [ -91.364521978890934, 31.792590251040757 ], [ -91.364589812810877, 31.792320270362918 ] ] ], [ [ [ -91.365749205338361, 31.795477716182912 ], [ -91.366020694056246, 31.795327776094108 ], [ -91.366336804509416, 31.79538570938211 ], [ -91.366512364952513, 31.795617579846368 ], [ -91.366444533726551, 31.795887561521525 ], [ -91.366173043972864, 31.796037502470018 ], [ -91.365856931439495, 31.795979568709871 ], [ -91.365681372032228, 31.795747697385934 ], [ -91.365749205338361, 31.795477716182912 ] ] ], [ [ [ -91.364267257087448, 31.798331579456953 ], [ -91.364538756613882, 31.798181642955047 ], [ -91.364854875610675, 31.798239580194721 ], [ -91.36503043732786, 31.798471452660699 ], [ -91.36496259935997, 31.798741433215067 ], [ -91.364691098797451, 31.798891370576705 ], [ -91.364374977720246, 31.798833432864757 ], [ -91.364199417039131, 31.798601559539048 ], [ -91.364267257087448, 31.798331579456953 ] ] ], [ [ [ -91.358544296833273, 31.771169835656934 ], [ -91.358815723609553, 31.771019908386709 ], [ -91.35913174670857, 31.7710778568458 ], [ -91.35930724555385, 31.771309735946698 ], [ -91.35923941456997, 31.771579714664053 ], [ -91.358967986758444, 31.771729642792931 ], [ -91.358651961582083, 31.771671693861634 ], [ -91.358476463772064, 31.771439813902099 ], [ -91.358544296833273, 31.771169835656934 ] ] ], [ [ [ -91.357501666636679, 31.774014097688973 ], [ -91.357773103515029, 31.773864173043378 ], [ -91.358215153344105, 31.773912394690527 ], [ -91.358416415191613, 31.774128463145836 ], [ -91.358379882598157, 31.774402821223553 ], [ -91.358086603983594, 31.774582836888797 ], [ -91.357644551067679, 31.774534614694687 ], [ -91.357433828112107, 31.774284075090449 ], [ -91.357501666636679, 31.774014097688973 ] ] ], [ [ [ -91.356981558704618, 31.776891784318487 ], [ -91.357253004994902, 31.776741861159209 ], [ -91.357569046240485, 31.776799814071989 ], [ -91.357744551235214, 31.77703169536051 ], [ -91.357676710801144, 31.777301672718075 ], [ -91.357405263475187, 31.777451596736153 ], [ -91.357089220151735, 31.777393643350997 ], [ -91.356913716192679, 31.777161761203683 ], [ -91.356981558704618, 31.776891784318487 ] ] ], [ [ [ -91.356530020768119, 31.77965092464202 ], [ -91.356814003557076, 31.779666518886955 ], [ -91.357039097722421, 31.779864697243045 ], [ -91.357048766235465, 31.780107641348298 ], [ -91.356875814439832, 31.780300679002185 ], [ -91.356640120687388, 31.780358445959667 ], [ -91.356117954924059, 31.780319821723097 ], [ -91.355840106074524, 31.780266878905724 ], [ -91.355652934557739, 31.780131568979137 ], [ -91.355594671356528, 31.779859964377508 ], [ -91.355778302298731, 31.779632718523896 ], [ -91.356013994650766, 31.779574953111876 ], [ -91.356530020768119, 31.77965092464202 ] ] ], [ [ [ -91.356574049219262, 31.782878624576327 ], [ -91.356845514072461, 31.782728703034316 ], [ -91.357161575217035, 31.782786657585635 ], [ -91.357337089790747, 31.783018539574222 ], [ -91.35726924300414, 31.783288516283431 ], [ -91.356997777114955, 31.783438438684431 ], [ -91.356681713891888, 31.783380483660622 ], [ -91.356506200354204, 31.783148600813039 ], [ -91.356574049219262, 31.782878624576327 ] ] ], [ [ [ -91.356562872970557, 31.785398664700921 ], [ -91.357004200922404, 31.78545653645223 ], [ -91.357230196347587, 31.785604274469087 ], [ -91.357288467193783, 31.785875878369971 ], [ -91.357104826793773, 31.786103125896606 ], [ -91.356869118269699, 31.78616089273541 ], [ -91.356147785606211, 31.786084887925576 ], [ -91.355881739936393, 31.785928027102621 ], [ -91.355816772086996, 31.785691361915443 ], [ -91.355942323994398, 31.78547321275504 ], [ -91.356160308677588, 31.785377279406937 ], [ -91.356562872970557, 31.785398664700921 ] ] ], [ [ [ -91.357492335626432, 31.794317104296013 ], [ -91.357804925584972, 31.794162516695248 ], [ -91.358146460008356, 31.794274044174959 ], [ -91.358480301891959, 31.794274106454768 ], [ -91.358705433724907, 31.794472282741317 ], [ -91.358700553352961, 31.794748377856966 ], [ -91.35854212930677, 31.794908265075925 ], [ -91.358347829048157, 31.794964830670509 ], [ -91.35800629185448, 31.794853303649059 ], [ -91.357672447945546, 31.794853240055474 ], [ -91.357433943351822, 31.794621550302423 ], [ -91.357492335626432, 31.794317104296013 ] ] ], [ [ [ -91.359073519276478, 31.794571941138138 ], [ -91.359345015404543, 31.794422015545177 ], [ -91.359785327597777, 31.794487537634936 ], [ -91.359986635601331, 31.794703604562965 ], [ -91.359950096723068, 31.794977962123955 ], [ -91.359656754151985, 31.795157978761658 ], [ -91.35921643891156, 31.795092456129595 ], [ -91.359005667500753, 31.794841918188457 ], [ -91.359073519276478, 31.794571941138138 ] ] ], [ [ [ -91.356152722267282, 31.796857259741973 ], [ -91.357029993375733, 31.79697469166361 ], [ -91.357193011056381, 31.797081247498163 ], [ -91.357280724375116, 31.797258570261864 ], [ -91.357578426662826, 31.797071004608888 ], [ -91.357980856352071, 31.797119654026112 ], [ -91.358205993699215, 31.797317831307922 ], [ -91.358201111301881, 31.797593926230867 ], [ -91.358006806129794, 31.797771553617853 ], [ -91.357724663424733, 31.797803585461526 ], [ -91.357381681353431, 31.797701266157372 ], [ -91.357236303079532, 31.797473183719376 ], [ -91.357055936472264, 31.797626591236995 ], [ -91.356814703895637, 31.797664344688588 ], [ -91.356100137630889, 31.797555745982354 ], [ -91.355911769475441, 31.79744983895446 ], [ -91.355510159418628, 31.79744705642689 ], [ -91.355311174993744, 31.797357930198363 ], [ -91.355072993802494, 31.797394495743099 ], [ -91.354671197109354, 31.797269450225979 ], [ -91.354397043627429, 31.797298373315325 ], [ -91.354182528906449, 31.797196851811425 ], [ -91.354064746295705, 31.796975558679989 ], [ -91.354163271185683, 31.796712566260602 ], [ -91.35445067889944, 31.796586102357182 ], [ -91.354776976098847, 31.796684901724376 ], [ -91.35520942417395, 31.796683294311286 ], [ -91.355408407077363, 31.796772420655891 ], [ -91.355847154843616, 31.796761022050848 ], [ -91.356152722267282, 31.796857259741973 ] ] ], [ [ [ -91.356290921191174, 31.799710053350204 ], [ -91.356565944520995, 31.799772676029704 ], [ -91.356718649106838, 31.799936577549374 ], [ -91.356738996227676, 31.800145311088986 ], [ -91.356588992316546, 31.800351897975858 ], [ -91.356278208177471, 31.800428049086225 ], [ -91.355721238166126, 31.800342975970732 ], [ -91.355519399452675, 31.800223987727929 ], [ -91.355430235309328, 31.799958569292979 ], [ -91.355586943531037, 31.799717044731462 ], [ -91.355856355089742, 31.799638623402458 ], [ -91.356290921191174, 31.799710053350204 ] ] ], [ [ [ -91.355594984769212, 31.788366224833762 ], [ -91.355866467560219, 31.788216306099148 ], [ -91.356182546502069, 31.788274263643824 ], [ -91.356358068307486, 31.788506147058342 ], [ -91.35629021395053, 31.788776122790892 ], [ -91.356018730123139, 31.788926042384649 ], [ -91.355702649102255, 31.788868084367344 ], [ -91.355527128333236, 31.78863620009367 ], [ -91.355594984769212, 31.788366224833762 ] ] ], [ [ [ -91.354470121412987, 31.793918700106385 ], [ -91.3547416225625, 31.793768784506746 ], [ -91.35505771941763, 31.793826745411444 ], [ -91.35523324819809, 31.794058630442905 ], [ -91.355165385791821, 31.79432860510224 ], [ -91.354893883605556, 31.794478521561196 ], [ -91.354577784670894, 31.794420560183703 ], [ -91.354402256927173, 31.794188674292926 ], [ -91.354470121412987, 31.793918700106385 ] ] ], [ [ [ -91.355418847513178, 31.794077361129467 ], [ -91.355690347700062, 31.793927443473148 ], [ -91.35613185651394, 31.793976502871416 ], [ -91.356333154692763, 31.794192575271747 ], [ -91.35629660533526, 31.794466931447495 ], [ -91.356003257728787, 31.79464693949231 ], [ -91.355561745830997, 31.794597879547485 ], [ -91.355350985625904, 31.794347335904781 ], [ -91.355418847513178, 31.794077361129467 ] ] ], [ [ [ -91.354887030118675, 31.802551536990467 ], [ -91.35515855653685, 31.802401621526233 ], [ -91.355597292997672, 31.802467170543075 ], [ -91.355798607395144, 31.802683244091885 ], [ -91.35576205195953, 31.802957599596731 ], [ -91.355468675772485, 31.803137605238124 ], [ -91.355029936275017, 31.803072055680492 ], [ -91.354819159359906, 31.802821510875809 ], [ -91.354887030118675, 31.802551536990467 ] ] ], [ [ [ -91.35359057068419, 31.805201754004781 ], [ -91.353903204202382, 31.805047177700352 ], [ -91.354297033974817, 31.805129850476206 ], [ -91.35449835073932, 31.805345926088478 ], [ -91.354461790062985, 31.805620280944414 ], [ -91.354168402834034, 31.805800283145924 ], [ -91.353733472893666, 31.805722273835286 ], [ -91.353522693889687, 31.8054717268978 ], [ -91.35359057068419, 31.805201754004781 ] ] ], [ [ [ -91.352890778702772, 31.808096123875007 ], [ -91.353178223996323, 31.807969664312811 ], [ -91.353486192002663, 31.808053813406286 ], [ -91.353634280540462, 31.808299278204419 ], [ -91.353535740346103, 31.808562269288576 ], [ -91.353248293628909, 31.808688729601709 ], [ -91.352940323784026, 31.808604579876498 ], [ -91.352792236669842, 31.808359114327409 ], [ -91.352890778702772, 31.808096123875007 ] ] ] ] } },
{ "type": "Feature", "properties": { "depth_bin": 18, "survey_id": "LM_03_KGC_20260531_CS_3820_3786", "date": "2026-05-31 00:00:00+00:00", "year": 2026, "mile": 380.0, "bin_order": -18 }, "geometry": { "type": "MultiPolygon", "coordinates": [ [ [ [ -91.361892598540607, 31.768509611848977 ], [ -91.362203270692476, 31.768433442910421 ], [ -91.362485993111719, 31.768567259233194 ], [ -91.362575151654255, 31.768832673645051 ], [ -91.362418517030633, 31.769074210302605 ], [ -91.36210784286429, 31.769150379692874 ], [ -91.36181459103544, 31.769004045264449 ], [ -91.361464132138948, 31.769111513743081 ], [ -91.361181409676234, 31.768977695155723 ], [ -91.361092255039921, 31.768712279902971 ], [ -91.361248892382307, 31.768470744959622 ], [ -91.361559564857941, 31.768394577604887 ], [ -91.361892598540607, 31.768509611848977 ] ] ], [ [ [ -91.361880395714564, 31.771509798081532 ], [ -91.362173657405279, 31.771329773017897 ], [ -91.362615292540255, 31.7713673081543 ], [ -91.362870657696362, 31.771474535553125 ], [ -91.362983263102919, 31.771662616759937 ], [ -91.36317272125811, 31.771493288681178 ], [ -91.363454782291726, 31.771461241879983 ], [ -91.363720801173187, 31.771618086251401 ], [ -91.363779084249131, 31.771889688096952 ], [ -91.363660267201467, 31.772072906837845 ], [ -91.363401239313419, 31.772173522144023 ], [ -91.363093378713302, 31.772089400294313 ], [ -91.36295048701075, 31.771877150510011 ], [ -91.362684073465218, 31.772072557102486 ], [ -91.36216118695441, 31.772037385233563 ], [ -91.361857247560764, 31.771817668929309 ], [ -91.361880395714564, 31.771509798081532 ] ] ], [ [ [ -91.361336887898645, 31.774393592795281 ], [ -91.361649403301342, 31.774238992813721 ], [ -91.361851937894102, 31.774267326833225 ], [ -91.362024181671273, 31.774384883182851 ], [ -91.362211623617029, 31.774288024813686 ], [ -91.362456783990822, 31.774291177837558 ], [ -91.36270353173164, 31.774469544276855 ], [ -91.362730369356839, 31.774744718666497 ], [ -91.362622220682766, 31.774893725465432 ], [ -91.362404267267863, 31.77498967108561 ], [ -91.362160647400572, 31.77496600505247 ], [ -91.361988402398609, 31.774848448855714 ], [ -91.361800959077513, 31.774945306842099 ], [ -91.361555797058926, 31.774942152498078 ], [ -91.361291896722747, 31.774731553666641 ], [ -91.361336887898645, 31.774393592795281 ] ] ], [ [ [ -91.363096080291214, 31.774559590843335 ], [ -91.363367510325759, 31.774409654030354 ], [ -91.363683548218845, 31.774467591643493 ], [ -91.363859064728189, 31.774699464948473 ], [ -91.363791243931203, 31.7749694463153 ], [ -91.363519812861639, 31.775119383987146 ], [ -91.363203772890671, 31.775061445902033 ], [ -91.363028257416346, 31.774829571738188 ], [ -91.363096080291214, 31.774559590843335 ] ] ], [ [ [ -91.36193727318026, 31.777372803549405 ], [ -91.362208713401174, 31.77722286961059 ], [ -91.362524759929386, 31.777280810373938 ], [ -91.362700278464445, 31.777512685259893 ], [ -91.362632451896957, 31.777782665712408 ], [ -91.362361010640782, 31.777932600510166 ], [ -91.36204496203446, 31.777874659274723 ], [ -91.361869444534662, 31.777642783529828 ], [ -91.36193727318026, 31.777372803549405 ] ] ], [ [ [ -91.361390428760203, 31.780336104945174 ], [ -91.36172480582951, 31.780151415292536 ], [ -91.362366692835593, 31.780228356815424 ], [ -91.362613455642176, 31.78040672379457 ], [ -91.362640293904207, 31.780681898005611 ], [ -91.362532137736835, 31.780830904357195 ], [ -91.362314170020952, 31.78092684926531 ], [ -91.361631192131853, 31.780854574224218 ], [ -91.361367275437132, 31.780643975165457 ], [ -91.361390428760203, 31.780336104945174 ] ] ], [ [ [ -91.36344141396205, 31.783448830730048 ], [ -91.363734711556702, 31.783268803560102 ], [ -91.36413771258502, 31.783310143743556 ], [ -91.364362831449043, 31.783508309861613 ], [ -91.364357969970001, 31.783784406235625 ], [ -91.364086742406045, 31.783988124137732 ], [ -91.363643384478181, 31.783954868743564 ], [ -91.36341826616939, 31.783756701381517 ], [ -91.36344141396205, 31.783448830730048 ] ] ], [ [ [ -91.367107689642836, 31.78668629576001 ], [ -91.367360636178347, 31.786514346527198 ], [ -91.36768184334872, 31.786545533678719 ], [ -91.367883153934713, 31.786761588412915 ], [ -91.367846642494186, 31.787035949457803 ], [ -91.367593695348958, 31.787207899625578 ], [ -91.367272485937264, 31.787176712178855 ], [ -91.367071175960987, 31.786960656509702 ], [ -91.367107689642836, 31.78668629576001 ] ] ], [ [ [ -91.361030265893461, 31.806978032437037 ], [ -91.361301796275001, 31.806828104063914 ], [ -91.361617942088657, 31.806886050192254 ], [ -91.361793510876055, 31.807117927100112 ], [ -91.36172565608959, 31.807387905047761 ], [ -91.361454124671255, 31.80753783428084 ], [ -91.361137976776419, 31.807479887679897 ], [ -91.360962409025817, 31.807248009912072 ], [ -91.361030265893461, 31.806978032437037 ] ] ], [ [ [ -91.360444786053222, 31.771348869449856 ], [ -91.360738049850681, 31.771168847765665 ], [ -91.36114096754865, 31.771213358932698 ], [ -91.361366051648801, 31.77141152951047 ], [ -91.361361183558316, 31.771687625995142 ], [ -91.361089986260978, 31.771891338850658 ], [ -91.360646716756449, 31.771854911706022 ], [ -91.360421633218863, 31.771656739885117 ], [ -91.360444786053222, 31.771348869449856 ] ] ], [ [ [ -91.357341762816318, 31.773998011500698 ], [ -91.357613199888775, 31.773848087202833 ], [ -91.357929231638749, 31.773906038921911 ], [ -91.358104732422305, 31.774137919660806 ], [ -91.358036895528457, 31.774407897434727 ], [ -91.357765457420498, 31.774557822591284 ], [ -91.357449423592939, 31.774499870399907 ], [ -91.357273923844886, 31.774267988802311 ], [ -91.357341762816318, 31.773998011500698 ] ] ], [ [ [ -91.357454750337908, 31.776812129265839 ], [ -91.357736828993396, 31.776780095771347 ], [ -91.357978668441461, 31.77690819944856 ], [ -91.358070479120954, 31.777138284377987 ], [ -91.357970579921385, 31.777365897089279 ], [ -91.357641815036402, 31.777493574633105 ], [ -91.357374617620906, 31.777407638874823 ], [ -91.357079726133463, 31.777446008126997 ], [ -91.356895538785082, 31.777368662387072 ], [ -91.356747486999254, 31.777123201613904 ], [ -91.356845980721232, 31.776860205363025 ], [ -91.357133322366337, 31.776733732825239 ], [ -91.357454750337908, 31.776812129265839 ] ] ], [ [ [ -91.360178694863222, 31.777200077449685 ], [ -91.360450137232064, 31.777050147335739 ], [ -91.3607661818791, 31.777108092410295 ], [ -91.360941695605746, 31.777339969568427 ], [ -91.360873864119228, 31.777609948923025 ], [ -91.360602420714955, 31.777759879895854 ], [ -91.360286373989908, 31.777701934349114 ], [ -91.360110861298651, 31.777470056332099 ], [ -91.360178694863222, 31.777200077449685 ] ] ], [ [ [ -91.35997505335736, 31.780160489069946 ], [ -91.360246504907451, 31.780010559759766 ], [ -91.360809119766515, 31.780065411153711 ], [ -91.361034223710462, 31.780263582752443 ], [ -91.361029352956024, 31.780539678807141 ], [ -91.360717775413605, 31.780751473947952 ], [ -91.360155156489768, 31.780696622017725 ], [ -91.35991668021704, 31.780464937439476 ], [ -91.35997505335736, 31.780160489069946 ] ] ], [ [ [ -91.360238898179276, 31.783183684365355 ], [ -91.360491846964834, 31.78301174880006 ], [ -91.360813038967947, 31.783042952818537 ], [ -91.361014325853773, 31.78325901773897 ], [ -91.360977796063011, 31.783533376322264 ], [ -91.360724846667196, 31.783705312822288 ], [ -91.360403652423301, 31.783674108508212 ], [ -91.360202366147746, 31.78345804265307 ], [ -91.360238898179276, 31.783183684365355 ] ] ], [ [ [ -91.360233147355672, 31.786014430472793 ], [ -91.360486104104368, 31.785842495252339 ], [ -91.360807305852447, 31.785873699601606 ], [ -91.361008598556808, 31.786089764645013 ], [ -91.360972067249691, 31.786364123071507 ], [ -91.360719109890638, 31.786536059226801 ], [ -91.360397905901465, 31.78650485458191 ], [ -91.36019661380746, 31.786288788603677 ], [ -91.360233147355672, 31.786014430472793 ] ] ], [ [ [ -91.359742336322753, 31.788840696791027 ], [ -91.360013814248418, 31.788690769040819 ], [ -91.360329897856602, 31.788748716422326 ], [ -91.360505431126711, 31.78898059447938 ], [ -91.360437588317211, 31.789250572798586 ], [ -91.360166109355532, 31.789400501408078 ], [ -91.359850023668102, 31.789342553554174 ], [ -91.359674491434021, 31.78911067463784 ], [ -91.359742336322753, 31.788840696791027 ] ] ], [ [ [ -91.359808574622051, 31.791747634895177 ], [ -91.360080061164567, 31.791597707352022 ], [ -91.360396154635268, 31.791655654878188 ], [ -91.360571693236437, 31.791887532932808 ], [ -91.360503848103576, 31.792157511103987 ], [ -91.360232360524918, 31.792307439506516 ], [ -91.359916264974657, 31.792249491507921 ], [ -91.359740727409644, 31.792017612593913 ], [ -91.359808574622051, 31.791747634895177 ] ] ], [ [ [ -91.357783991816916, 31.794411137148973 ], [ -91.358036976474338, 31.794239207938322 ], [ -91.358358206035447, 31.79427041938078 ], [ -91.358559510165236, 31.794486488445827 ], [ -91.358522967202774, 31.794760845466794 ], [ -91.358269981934527, 31.794932775612537 ], [ -91.357948750131456, 31.794901563874234 ], [ -91.357747446612478, 31.794685493874077 ], [ -91.357783991816916, 31.794411137148973 ] ] ], [ [ [ -91.356988063352219, 31.797186024729118 ], [ -91.357179972034942, 31.797055609290073 ], [ -91.357424374250584, 31.797038230867219 ], [ -91.357638892411714, 31.797139747015475 ], [ -91.357754025706811, 31.797343958872545 ], [ -91.357970442985334, 31.797178827016186 ], [ -91.358254901428907, 31.797170567416096 ], [ -91.358501699498802, 31.797348943163094 ], [ -91.358528528113666, 31.797624117292752 ], [ -91.358389211296924, 31.797796496562082 ], [ -91.358161238454159, 31.797873720527203 ], [ -91.357853299043342, 31.797789583617 ], [ -91.357707872780011, 31.79756120178514 ], [ -91.357491454131889, 31.797726333139597 ], [ -91.3572069939936, 31.79773459097256 ], [ -91.356943041539608, 31.797523981995592 ], [ -91.356988063352219, 31.797186024729118 ] ] ], [ [ [ -91.355403235201862, 31.773829229261718 ], [ -91.355656166219063, 31.773657302505967 ], [ -91.356102330826786, 31.773678440500174 ], [ -91.356327409496203, 31.77387661975229 ], [ -91.356322525972146, 31.774152715431903 ], [ -91.356051310676293, 31.77435641686132 ], [ -91.355605142839408, 31.774335278580814 ], [ -91.355380064703994, 31.774137098079819 ], [ -91.355403235201862, 31.773829229261718 ] ] ], [ [ [ -91.356071842789859, 31.782863920116625 ], [ -91.356324798009254, 31.782691993055657 ], [ -91.356770230085061, 31.782709863672551 ], [ -91.356995331229413, 31.782908042260978 ], [ -91.356990447972535, 31.783184137641399 ], [ -91.356719206785357, 31.783387839375667 ], [ -91.356273771481682, 31.783369968472567 ], [ -91.356048670862151, 31.783171788635951 ], [ -91.356071842789859, 31.782863920116625 ] ] ], [ [ [ -91.356665737778442, 31.785634572214459 ], [ -91.35691869973769, 31.785462644262555 ], [ -91.357239898562781, 31.785493857532302 ], [ -91.357441181922724, 31.78570992792282 ], [ -91.357404640323395, 31.785984284990725 ], [ -91.35715167775345, 31.786156213877405 ], [ -91.356830476687421, 31.786125000311792 ], [ -91.356629193938133, 31.785908928986515 ], [ -91.356665737778442, 31.785634572214459 ] ] ], [ [ [ -91.355435899012789, 31.788353593066628 ], [ -91.355707382007097, 31.788203674678535 ], [ -91.356023460788734, 31.788261632613626 ], [ -91.356198982164244, 31.788493516233792 ], [ -91.356131127359532, 31.788763491866721 ], [ -91.355859643328856, 31.78891341111396 ], [ -91.355543562468213, 31.788855452706226 ], [ -91.355368042129072, 31.788623568226928 ], [ -91.355435899012789, 31.788353593066628 ] ] ], [ [ [ -91.354628241969962, 31.793945057532529 ], [ -91.354982264663008, 31.79378927505061 ], [ -91.355735851582807, 31.793914766828603 ], [ -91.355982636218272, 31.794093147093665 ], [ -91.356009456845598, 31.794368321605916 ], [ -91.35587014064437, 31.794540698208849 ], [ -91.355642174036333, 31.794617917897757 ], [ -91.354847151718445, 31.794493627375388 ], [ -91.35458321372181, 31.794283013892208 ], [ -91.354628241969962, 31.793945057532529 ] ] ], [ [ [ -91.354434792915541, 31.796811673471741 ], [ -91.354687790217298, 31.796639751412211 ], [ -91.355009026531647, 31.796670971540586 ], [ -91.355210327567804, 31.79688704573843 ], [ -91.355173773476736, 31.797161401332371 ], [ -91.354920775563784, 31.797333324327042 ], [ -91.354599537007275, 31.797302103902588 ], [ -91.354398236582313, 31.797086028769591 ], [ -91.354434792915541, 31.796811673471741 ] ] ], [ [ [ -91.355202299387017, 31.802606977874564 ], [ -91.355473825493348, 31.802457061727054 ], [ -91.355789952231461, 31.80251502175102 ], [ -91.355965498316735, 31.802746906084884 ], [ -91.355897630499896, 31.803016880638609 ], [ -91.355626103356457, 31.803166797645762 ], [ -91.35530997453786, 31.803108837148912 ], [ -91.355134429489695, 31.802876951955415 ], [ -91.355202299387017, 31.802606977874564 ] ] ], [ [ [ -91.353901036101917, 31.805273344958749 ], [ -91.354172572184197, 31.805123431982992 ], [ -91.354488706967118, 31.805181395496081 ], [ -91.354664254453652, 31.805413281592632 ], [ -91.354596380573511, 31.805683255150104 ], [ -91.354324843453881, 31.805833168985565 ], [ -91.35400870659025, 31.80577520499947 ], [ -91.353833160141079, 31.805543318043227 ], [ -91.353901036101917, 31.805273344958749 ] ] ] ] } },
{ "type": "Feature", "properties": { "depth_bin": 19, "survey_id": "LM_03_KGC_20260531_CS_3820_3786", "date": "2026-05-31 00:00:00+00:00", "year": 2026, "mile": 380.0, "bin_order": -19 }, "geometry": { "type": "MultiPolygon", "coordinates": [ [ [ [ -91.360982859783292, 31.768563026354553 ], [ -91.361276113553259, 31.768383003023843 ], [ -91.361519715932971, 31.76840667018438 ], [ -91.361696363332328, 31.768529475327071 ], [ -91.362082924937113, 31.768432110575997 ], [ -91.362348932933699, 31.768588957515888 ], [ -91.362407210478537, 31.768860559914636 ], [ -91.362288394933742, 31.769043777498084 ], [ -91.362110802822656, 31.76913163830578 ], [ -91.361865656097947, 31.769128485071924 ], [ -91.361650202061156, 31.768993251914036 ], [ -91.36126363770191, 31.769090615249002 ], [ -91.360959709847776, 31.768870897100442 ], [ -91.360982859783292, 31.768563026354553 ] ] ], [ [ [ -91.361016188915343, 31.771218536134057 ], [ -91.361698776274835, 31.771272598951633 ], [ -91.361884493345912, 31.77135116433897 ], [ -91.362178295238294, 31.771313311890399 ], [ -91.362446562929861, 31.771473480293334 ], [ -91.362652996960364, 31.771386181102763 ], [ -91.362857801182713, 31.771397418012793 ], [ -91.363104542299681, 31.771575783519882 ], [ -91.36313138067581, 31.771850957956843 ], [ -91.362958457303762, 31.772044005059001 ], [ -91.362722788000596, 31.772101784184294 ], [ -91.362372260344159, 31.771933625431249 ], [ -91.362124742635828, 31.772025591306896 ], [ -91.361815346554792, 31.771940239623678 ], [ -91.361562441598693, 31.771983812996009 ], [ -91.361044058626405, 31.771918063561234 ], [ -91.360843066511634, 31.771827306864179 ], [ -91.360566148601336, 31.771857349501882 ], [ -91.360351684134187, 31.771755839760562 ], [ -91.360232506574917, 31.771499167466594 ], [ -91.360360684704062, 31.771245680231861 ], [ -91.360619712966212, 31.77114507112228 ], [ -91.361016188915343, 31.771218536134057 ] ] ], [ [ [ -91.361800435103305, 31.774429054940018 ], [ -91.3621347896012, 31.774244363302657 ], [ -91.362442656277807, 31.774328487654447 ], [ -91.362587177865848, 31.774551193021537 ], [ -91.362809856612074, 31.774375057804246 ], [ -91.36309424517971, 31.774366784994115 ], [ -91.363340994395585, 31.774545150243661 ], [ -91.363367833926816, 31.774820324560011 ], [ -91.363228562012893, 31.774992711172704 ], [ -91.363000649651582, 31.775069946091119 ], [ -91.362692779981103, 31.774985822998573 ], [ -91.362548257506234, 31.774763117734715 ], [ -91.362325577320945, 31.774939252436059 ], [ -91.36204118700914, 31.774947523466889 ], [ -91.361777285511423, 31.774736925604358 ], [ -91.361800435103305, 31.774429054940018 ] ] ], [ [ [ -91.3604978013894, 31.777243381999231 ], [ -91.360769243404349, 31.77709345119268 ], [ -91.361085288433117, 31.7771513954862 ], [ -91.361260803053511, 31.777383272232392 ], [ -91.361192972449231, 31.777653251785452 ], [ -91.36092152939888, 31.777803183450892 ], [ -91.360605482292073, 31.777745238685196 ], [ -91.360429968707052, 31.777513361080111 ], [ -91.3604978013894, 31.777243381999231 ] ] ], [ [ [ -91.360453942216765, 31.78020409883176 ], [ -91.360645810072469, 31.780073676486051 ], [ -91.360890167100791, 31.780056289835329 ], [ -91.361104650944498, 31.780157799207743 ], [ -91.361217605368509, 31.780348085095056 ], [ -91.361444409432039, 31.780164813117477 ], [ -91.361728815731482, 31.780156543966019 ], [ -91.361975577071533, 31.780334912136123 ], [ -91.362002413426453, 31.780610086420356 ], [ -91.361863129870173, 31.780782471011175 ], [ -91.361635202057087, 31.780859702900944 ], [ -91.361327314826198, 31.780775575974847 ], [ -91.361184071854055, 31.780561121041515 ], [ -91.360957266294292, 31.78074439249437 ], [ -91.360672858203131, 31.780752659858152 ], [ -91.360408944052182, 31.780542058891967 ], [ -91.360453942216765, 31.78020409883176 ] ] ], [ [ [ -91.36041774019408, 31.785988141147943 ], [ -91.360689208542638, 31.785838211574969 ], [ -91.361005283021129, 31.785896156991232 ], [ -91.361180812956803, 31.786128034091725 ], [ -91.361112974561522, 31.786398013023341 ], [ -91.36084150517712, 31.786547943455524 ], [ -91.360525428619667, 31.786489997566949 ], [ -91.360349899719822, 31.786258119607247 ], [ -91.36041774019408, 31.785988141147943 ] ] ], [ [ [ -91.365692763550797, 31.786499801270104 ], [ -91.365964225433828, 31.786349860220916 ], [ -91.366280305534303, 31.786407792701066 ], [ -91.366455849886364, 31.786639662983124 ], [ -91.366388026257297, 31.786909645208258 ], [ -91.366116563338863, 31.787059587116794 ], [ -91.365800481159155, 31.787001654164641 ], [ -91.365624937842483, 31.78676978302321 ], [ -91.365692763550797, 31.786499801270104 ] ] ], [ [ [ -91.367589081204727, 31.786714327428129 ], [ -91.367842026971474, 31.786542377211926 ], [ -91.368163234455892, 31.786573563157027 ], [ -91.368364546254767, 31.786789617168413 ], [ -91.36832803621553, 31.787063978397558 ], [ -91.36807508983911, 31.787235929548711 ], [ -91.367753880113355, 31.787204743308454 ], [ -91.36755256892414, 31.786988688362094 ], [ -91.367589081204727, 31.786714327428129 ] ] ], [ [ [ -91.36038646844564, 31.788864666795021 ], [ -91.360699035134871, 31.788710071177508 ], [ -91.36109557434186, 31.788790199172791 ], [ -91.361296873748003, 31.789006263900603 ], [ -91.361260341743829, 31.789280622279261 ], [ -91.360967020086747, 31.789460642783343 ], [ -91.360529388201059, 31.789385180711864 ], [ -91.360318625393404, 31.78913464504674 ], [ -91.36038646844564, 31.788864666795021 ] ] ], [ [ [ -91.36064012572912, 31.791651206859502 ], [ -91.36087370014387, 31.791715023502277 ], [ -91.36102639997587, 31.791878919861251 ], [ -91.361053455625566, 31.79205271372199 ], [ -91.360956203753773, 31.792244995825229 ], [ -91.360627388988988, 31.792372679158621 ], [ -91.360041730640376, 31.792255146263308 ], [ -91.359893648450097, 31.792009688620514 ], [ -91.359992151112905, 31.79174669075692 ], [ -91.36023844482753, 31.791624879087486 ], [ -91.36064012572912, 31.791651206859502 ] ] ], [ [ [ -91.364428611139516, 31.792309014420059 ], [ -91.364700092358035, 31.79215907683761 ], [ -91.365016191136505, 31.792217013044116 ], [ -91.365191742568186, 31.792448885129428 ], [ -91.365123910272899, 31.792718866178483 ], [ -91.364852428018608, 31.792868804620461 ], [ -91.364536327160337, 31.792810867941775 ], [ -91.364360776764443, 31.792578994996944 ], [ -91.364428611139516, 31.792309014420059 ] ] ], [ [ [ -91.363818276465736, 31.801409036689034 ], [ -91.36408978590562, 31.801259101541319 ], [ -91.364405914965332, 31.80131704021198 ], [ -91.364581481000414, 31.801548913347503 ], [ -91.364513639075881, 31.801818893417856 ], [ -91.364242128599713, 31.801968829425395 ], [ -91.36392599745929, 31.801910890282389 ], [ -91.363750432460492, 31.801679016287039 ], [ -91.363818276465736, 31.801409036689034 ] ] ], [ [ [ -91.356531801361115, 31.768078699698904 ], [ -91.356803221925517, 31.767928776454415 ], [ -91.357119233113863, 31.767986729539054 ], [ -91.357294721326454, 31.768218611155735 ], [ -91.357226887216399, 31.768488588805315 ], [ -91.356955465616707, 31.768638512908261 ], [ -91.356639452351416, 31.768580559351363 ], [ -91.356463965174115, 31.768348676876222 ], [ -91.356531801361115, 31.768078699698904 ] ] ], [ [ [ -91.356779604895593, 31.770803223695697 ], [ -91.357303090559981, 31.770858397490759 ], [ -91.357548576117935, 31.771115731674872 ], [ -91.357705234669169, 31.770958841113771 ], [ -91.357940903731532, 31.770901071274949 ], [ -91.358294411899294, 31.771073657440031 ], [ -91.358578485066971, 31.770984149597041 ], [ -91.358926105740338, 31.771148230361597 ], [ -91.359133519929102, 31.771060202461506 ], [ -91.359338322747533, 31.771071444995727 ], [ -91.35958505595589, 31.771249817076367 ], [ -91.359611883823959, 31.771524991914429 ], [ -91.359438953997497, 31.771718034019202 ], [ -91.359203283642628, 31.771775806585758 ], [ -91.358855660147825, 31.771611726497891 ], [ -91.358648244461293, 31.771699753887521 ], [ -91.358443440396158, 31.771688510200235 ], [ -91.358212231513178, 31.771533038000161 ], [ -91.358010658165981, 31.771616675755944 ], [ -91.357805854408127, 31.771605431051523 ], [ -91.357631438701006, 31.771513036968351 ], [ -91.357521561229476, 31.771335667830989 ], [ -91.357211732625558, 31.771544458153095 ], [ -91.356525139267674, 31.771499589812791 ], [ -91.356278411567303, 31.77132121198412 ], [ -91.356251593635832, 31.771046036770461 ], [ -91.356460393425749, 31.770835258139531 ], [ -91.356779604895593, 31.770803223695697 ] ] ], [ [ [ -91.357105902980933, 31.773895817138779 ], [ -91.357375237485257, 31.773817389717873 ], [ -91.357801536295725, 31.773920602209415 ], [ -91.357949586210637, 31.774166061796809 ], [ -91.357851098783129, 31.774429059210309 ], [ -91.35752234432907, 31.774556736847298 ], [ -91.35720137172585, 31.774509318678042 ], [ -91.357019647031251, 31.774380476176955 ], [ -91.356764468900906, 31.774478176166578 ], [ -91.35616284743719, 31.774417526226397 ], [ -91.355853729207155, 31.774333553365292 ], [ -91.355678233839015, 31.774101669707076 ], [ -91.355746077264641, 31.773831693401643 ], [ -91.356017516256429, 31.773681772573166 ], [ -91.356818064779674, 31.77376590070276 ], [ -91.357105902980933, 31.773895817138779 ] ] ], [ [ [ -91.356500102446063, 31.78276809269612 ], [ -91.356810826642345, 31.782691938840493 ], [ -91.357093583190519, 31.782825768054469 ], [ -91.357182737954545, 31.783091185614765 ], [ -91.357026063857148, 31.783332713833662 ], [ -91.356715337644729, 31.783408868141009 ], [ -91.356421569674936, 31.78326194824847 ], [ -91.356073685196336, 31.783366990904891 ], [ -91.355790928610958, 31.783233159429997 ], [ -91.355701777752515, 31.782967741030141 ], [ -91.355858454559069, 31.782726214523645 ], [ -91.356169179067336, 31.782650062247072 ], [ -91.356500102446063, 31.78276809269612 ] ] ], [ [ [ -91.358599874773034, 31.794491176503225 ], [ -91.358871371377191, 31.794341251936828 ], [ -91.359187473218014, 31.794399202730595 ], [ -91.359363013594816, 31.794631082429646 ], [ -91.359295162602805, 31.794901059658827 ], [ -91.359023664962223, 31.795050985084668 ], [ -91.358707561041626, 31.794993033818333 ], [ -91.358532021701237, 31.794761153259852 ], [ -91.358599874773034, 31.794491176503225 ] ] ], [ [ [ -91.35954607838579, 31.794662196389371 ], [ -91.359817574067847, 31.794512269773424 ], [ -91.36013367718536, 31.79457021825473 ], [ -91.360309220289821, 31.794802096732958 ], [ -91.360241371878658, 31.795072074548141 ], [ -91.359969875160274, 31.795222002023589 ], [ -91.359653769962947, 31.795164053069783 ], [ -91.359478227894812, 31.794932173732068 ], [ -91.35954607838579, 31.794662196389371 ] ] ], [ [ [ -91.356830312042575, 31.797158568029069 ], [ -91.357142912816812, 31.797003982480664 ], [ -91.357662190765723, 31.797081481965677 ], [ -91.357887327317542, 31.797279659786405 ], [ -91.35788244398006, 31.797555754666821 ], [ -91.35757080071032, 31.797767539392808 ], [ -91.357010425249584, 31.797694704552882 ], [ -91.356771915392045, 31.797463013467727 ], [ -91.356830312042575, 31.797158568029069 ] ] ], [ [ [ -91.356445150632823, 31.799971166305244 ], [ -91.356757761695121, 31.799816582109752 ], [ -91.357152920975963, 31.799896130015131 ], [ -91.357354233808636, 31.80011220112042 ], [ -91.357317684315746, 31.800386557367776 ], [ -91.357024319339331, 31.800566567041763 ], [ -91.356588062305633, 31.800491683608481 ], [ -91.356377286603049, 31.800241141343346 ], [ -91.356445150632823, 31.799971166305244 ] ] ], [ [ [ -91.356624512232074, 31.817992965985599 ], [ -91.356896082368579, 31.817843048590937 ], [ -91.357212262151151, 31.817901006743195 ], [ -91.357387839223591, 31.818132889677297 ], [ -91.357319962184349, 31.818402864123595 ], [ -91.357048391010096, 31.818552782378461 ], [ -91.356732209145378, 31.818494823753166 ], [ -91.356556633110685, 31.818262939958856 ], [ -91.356624512232074, 31.817992965985599 ] ] ], [ [ [ -91.35474442941144, 31.776667550806039 ], [ -91.355015878419593, 31.776517632512306 ], [ -91.35533191725581, 31.776575590908635 ], [ -91.355507416125278, 31.776807475086592 ], [ -91.355439569437976, 31.777077451046853 ], [ -91.355168119393966, 31.777227370199306 ], [ -91.354852078479979, 31.777169411330465 ], [ -91.354676580646384, 31.776937526293782 ], [ -91.35474442941144, 31.776667550806039 ] ] ], [ [ [ -91.354649950271551, 31.782739232511279 ], [ -91.354921417623117, 31.782589315161204 ], [ -91.355237476875359, 31.782647274435266 ], [ -91.355412986274473, 31.782879158910944 ], [ -91.355345134062134, 31.783149134414671 ], [ -91.355073665674396, 31.783299052623683 ], [ -91.354757604343746, 31.783241092877017 ], [ -91.354582095980803, 31.783009207542406 ], [ -91.354649950271551, 31.782739232511279 ] ] ], [ [ [ -91.355729652385676, 31.785508218641855 ], [ -91.35600112640266, 31.785358299265908 ], [ -91.356317195797558, 31.785416256175516 ], [ -91.356492712875394, 31.78564813933323 ], [ -91.356424861379693, 31.78591811533758 ], [ -91.356153386326497, 31.78606803557259 ], [ -91.355837314852877, 31.786010078190387 ], [ -91.355661798811255, 31.785778194173631 ], [ -91.355729652385676, 31.785508218641855 ] ] ], [ [ [ -91.354947705979171, 31.793980785204564 ], [ -91.355219206590775, 31.793830868567429 ], [ -91.355535304008626, 31.793888828302446 ], [ -91.355710834122874, 31.794120712717199 ], [ -91.355642973040119, 31.794390687674056 ], [ -91.355371471391805, 31.794540605170514 ], [ -91.35505537189438, 31.794482644962738 ], [ -91.354879842816842, 31.794250759688666 ], [ -91.354947705979171, 31.793980785204564 ] ] ], [ [ [ -91.354296967065906, 31.796766537674809 ], [ -91.354568477021118, 31.796616622799764 ], [ -91.354884583364338, 31.796674584433536 ], [ -91.355060116757471, 31.796906469771507 ], [ -91.354992251386321, 31.797176444135292 ], [ -91.354720740394185, 31.79732635986975 ], [ -91.35440463197115, 31.797268397763119 ], [ -91.354229099614912, 31.797036511565757 ], [ -91.354296967065906, 31.796766537674809 ] ] ], [ [ [ -91.35406167627491, 31.80529294773434 ], [ -91.354374309376141, 31.805138370258266 ], [ -91.354890269861727, 31.805229376752962 ], [ -91.355115419230586, 31.805427559702196 ], [ -91.355110526100859, 31.805703653844329 ], [ -91.354798848594015, 31.805915430384033 ], [ -91.354241786918763, 31.805829087512894 ], [ -91.354003264245719, 31.805597391049478 ], [ -91.35406167627491, 31.80529294773434 ] ] ], [ [ [ -91.353026200070502, 31.80814164390441 ], [ -91.353297746089368, 31.807991733191923 ], [ -91.353613889915749, 31.80804969916537 ], [ -91.353789440255284, 31.808281586478167 ], [ -91.353721561366285, 31.80855155929537 ], [ -91.353450014309843, 31.808701470867614 ], [ -91.353133868402494, 31.80864350442107 ], [ -91.352958319100537, 31.808411616248506 ], [ -91.353026200070502, 31.80814164390441 ] ] ], [ [ [ -91.352350790139212, 31.810962847001292 ], [ -91.352622345652165, 31.810812938110118 ], [ -91.352938498511648, 31.810870906047811 ], [ -91.353114052132014, 31.811102794317247 ], [ -91.353046168849573, 31.811372766523156 ], [ -91.352774612298873, 31.811522676274187 ], [ -91.352458457358139, 31.811464707863308 ], [ -91.352282904775549, 31.811232818734016 ], [ -91.352350790139212, 31.810962847001292 ] ] ], [ [ [ -91.351652912852558, 31.813781861910144 ], [ -91.351924477888474, 31.81363195488942 ], [ -91.35224063975825, 31.813689924846749 ], [ -91.352416196598298, 31.813921814101985 ], [ -91.352348308858751, 31.814191785682436 ], [ -91.352076742784874, 31.814341693563083 ], [ -91.351760578833606, 31.81428372313248 ], [ -91.351585023031532, 31.814051833017327 ], [ -91.351652912852558, 31.813781861910144 ] ] ] ] } },
{ "type": "Feature", "properties": { "depth_bin": 20, "survey_id": "LM_03_KGC_20260531_CS_3820_3786", "date": "2026-05-31 00:00:00+00:00", "year": 2026, "mile": 380.0, "bin_order": -20 }, "geometry": { "type": "MultiPolygon", "coordinates": [ [ [ [ -91.359225801385307, 31.7683873314907 ], [ -91.35947871039977, 31.768215396260288 ], [ -91.359799851016405, 31.768246601169224 ], [ -91.360001105000691, 31.768462667014017 ], [ -91.359964580066816, 31.768737026013714 ], [ -91.359711670442394, 31.768908962178308 ], [ -91.359390527586655, 31.768877756973829 ], [ -91.359189274212341, 31.768661690194868 ], [ -91.359225801385307, 31.7683873314907 ] ] ], [ [ [ -91.360660909771354, 31.768550780293037 ], [ -91.360913816720796, 31.768378842141342 ], [ -91.361358639073586, 31.768400054110259 ], [ -91.361583717117426, 31.768598224173275 ], [ -91.361578850206598, 31.768874320810124 ], [ -91.361307661861474, 31.769078034508411 ], [ -91.360862836289968, 31.769056822254555 ], [ -91.360637758776704, 31.768858650945099 ], [ -91.360660909771354, 31.768550780293037 ] ] ], [ [ [ -91.357937704005508, 31.770952052530181 ], [ -91.358260887608196, 31.770956219530404 ], [ -91.358485964732211, 31.771154394980019 ], [ -91.358481088136642, 31.771430491077073 ], [ -91.358249112827821, 31.771622774396274 ], [ -91.358004777796538, 31.771640156730584 ], [ -91.357795037065486, 31.771542410030602 ], [ -91.357166580149652, 31.771544270502691 ], [ -91.356992165230821, 31.771451875568133 ], [ -91.35688243017718, 31.771275019984245 ], [ -91.356572088109559, 31.771484699021983 ], [ -91.356079464080466, 31.771380887290242 ], [ -91.355766491375149, 31.771428207450825 ], [ -91.355552033495229, 31.771326689827397 ], [ -91.355434277516636, 31.771105398098758 ], [ -91.355532767740385, 31.770842402535489 ], [ -91.355820092043757, 31.770715932278868 ], [ -91.356113630752134, 31.770790715047841 ], [ -91.356344345214822, 31.770735399237225 ], [ -91.356624645371681, 31.770786209223623 ], [ -91.356799058682697, 31.770878604616449 ], [ -91.356908793141002, 31.7710554602616 ], [ -91.357065964929674, 31.770897680206151 ], [ -91.357260214851806, 31.770841114691006 ], [ -91.357706103161902, 31.770862796525311 ], [ -91.357937704005508, 31.770952052530181 ] ] ], [ [ [ -91.358681498620058, 31.771222889219025 ], [ -91.358934416552842, 31.771050955437801 ], [ -91.359255566680105, 31.771082162030844 ], [ -91.35945682519629, 31.771298228808202 ], [ -91.359420297160824, 31.771572587442702 ], [ -91.35916737861794, 31.77174452215819 ], [ -91.358846226251302, 31.771713315269551 ], [ -91.358644968345175, 31.771497247557932 ], [ -91.358681498620058, 31.771222889219025 ] ] ], [ [ [ -91.361081147268266, 31.771440493527436 ], [ -91.361334061591393, 31.771268554854572 ], [ -91.36165521355295, 31.771299755445334 ], [ -91.361856478272955, 31.771515818625726 ], [ -91.361819957176877, 31.771790178175639 ], [ -91.361567042243877, 31.771962117782795 ], [ -91.361245888042845, 31.771930916896594 ], [ -91.361044623932685, 31.771714852781905 ], [ -91.361081147268266, 31.771440493527436 ] ] ], [ [ [ -91.362838677923421, 31.771615580915146 ], [ -91.363091589646558, 31.771443638661591 ], [ -91.363412743005298, 31.771474834857891 ], [ -91.363614012301255, 31.771690895404166 ], [ -91.363577496279461, 31.771965255623385 ], [ -91.363324583946607, 31.772137198811276 ], [ -91.363003428348321, 31.772106002319639 ], [ -91.362802159662067, 31.771889940839024 ], [ -91.362838677923421, 31.771615580915146 ] ] ], [ [ [ -91.362457375187375, 31.77449092161163 ], [ -91.362728805984261, 31.774340986186949 ], [ -91.363294038356798, 31.774385305105522 ], [ -91.363519134598519, 31.774583472194678 ], [ -91.363514272302268, 31.774859568839403 ], [ -91.363202719796149, 31.775071371075999 ], [ -91.36263748332648, 31.775027051617542 ], [ -91.362399014551102, 31.7747953717736 ], [ -91.362457375187375, 31.77449092161163 ] ] ], [ [ [ -91.360592462012647, 31.780249882320327 ], [ -91.360885754438485, 31.780069861474509 ], [ -91.361248146219268, 31.780160032734262 ], [ -91.361569446776812, 31.780137435097394 ], [ -91.361816207747466, 31.780315803564978 ], [ -91.36184304362574, 31.780590977867529 ], [ -91.361734886323106, 31.780739983504208 ], [ -91.361516918064282, 31.780835927027795 ], [ -91.361154523380151, 31.780745756444897 ], [ -91.360833220658648, 31.780768352958013 ], [ -91.360569306085765, 31.7805577523111 ], [ -91.360592462012647, 31.780249882320327 ] ] ], [ [ [ -91.360398428529152, 31.783199467581127 ], [ -91.360651377078312, 31.783027531690685 ], [ -91.360972569207945, 31.783058735310142 ], [ -91.361173856509112, 31.78327479999141 ], [ -91.361137327179208, 31.783549158635491 ], [ -91.36088437801979, 31.783721095460667 ], [ -91.360563183649361, 31.783689891545631 ], [ -91.360361896958466, 31.783473825929626 ], [ -91.360398428529152, 31.783199467581127 ] ] ], [ [ [ -91.363284829106519, 31.783399877117333 ], [ -91.363537773138987, 31.783227935334189 ], [ -91.363858967264264, 31.783259131724442 ], [ -91.364060261904427, 31.783475192074679 ], [ -91.364023740958018, 31.783749551822996 ], [ -91.363770796315563, 31.78392149454092 ], [ -91.363449599949419, 31.78389029785524 ], [ -91.363248305919228, 31.783674236570228 ], [ -91.363284829106519, 31.783399877117333 ] ] ], [ [ [ -91.360555294874217, 31.786030277113582 ], [ -91.360808251100465, 31.785858341234611 ], [ -91.361129453048903, 31.78588954477625 ], [ -91.36133074655902, 31.786105609336005 ], [ -91.361294216191126, 31.786379967886148 ], [ -91.36104125935455, 31.786551904699945 ], [ -91.360720055165032, 31.78652070086271 ], [ -91.360518762265215, 31.786304635368129 ], [ -91.360555294874217, 31.786030277113582 ] ] ], [ [ [ -91.36042362585539, 31.791858459710657 ], [ -91.360676598691114, 31.791686524787242 ], [ -91.360997820653466, 31.7917177293109 ], [ -91.361199125858533, 31.791933794303894 ], [ -91.361162592015717, 31.7922081524849 ], [ -91.360909618569494, 31.792380088343343 ], [ -91.360588394365394, 31.792348883524038 ], [ -91.360387089770825, 31.792132817595991 ], [ -91.36042362585539, 31.791858459710657 ] ] ], [ [ [ -91.358896360855169, 31.794561940374205 ], [ -91.359149343978288, 31.794390008900393 ], [ -91.359470574562607, 31.794421217564242 ], [ -91.359671881673805, 31.794637284962874 ], [ -91.359635341904536, 31.794911642405776 ], [ -91.359382358170706, 31.795083574814711 ], [ -91.359061125344354, 31.795052365855067 ], [ -91.358859818843868, 31.794836297521311 ], [ -91.358896360855169, 31.794561940374205 ] ] ], [ [ [ -91.359870034446175, 31.794670057596257 ], [ -91.360141529660453, 31.794520130272439 ], [ -91.360457633043865, 31.794578077956647 ], [ -91.360633176992181, 31.794809956015442 ], [ -91.360565329508518, 31.795079934034536 ], [ -91.360293833257941, 31.795229862217838 ], [ -91.359977727794671, 31.795171914061164 ], [ -91.359802184882668, 31.79494003514289 ], [ -91.359870034446175, 31.794670057596257 ] ] ], [ [ [ -91.364109048617919, 31.798309716055932 ], [ -91.364380548318834, 31.798159779897539 ], [ -91.364696667124932, 31.798217717524651 ], [ -91.364872228397971, 31.798449590195023 ], [ -91.364804389992642, 31.798719570651024 ], [ -91.364532889255614, 31.798869507669153 ], [ -91.364216768369104, 31.79881156956975 ], [ -91.364041208132164, 31.798579696039646 ], [ -91.364109048617919, 31.798309716055932 ] ] ], [ [ [ -91.357346993412236, 31.799935382560715 ], [ -91.357561518032909, 31.800036899017943 ], [ -91.357679312678869, 31.800258189222607 ], [ -91.357605989264528, 31.800493068829969 ], [ -91.357414073819299, 31.800623484624534 ], [ -91.35716966212982, 31.800640862699847 ], [ -91.356782766258988, 31.800485549666377 ], [ -91.356505995934199, 31.80049156475204 ], [ -91.356242037586256, 31.800280954197639 ], [ -91.356246926319145, 31.800004859663019 ], [ -91.356478979240777, 31.799812583348803 ], [ -91.356723388809641, 31.799795206528891 ], [ -91.356954568890728, 31.799912903924547 ], [ -91.357346993412236, 31.799935382560715 ] ] ], [ [ [ -91.356831850045452, 31.768127231104568 ], [ -91.357084762539444, 31.767955300748913 ], [ -91.357405901177927, 31.767986511640466 ], [ -91.35760714888508, 31.768202581071314 ], [ -91.357570617051991, 31.768476939159804 ], [ -91.357317703947828, 31.768648870449582 ], [ -91.356996563070339, 31.768617659262333 ], [ -91.356795315973372, 31.768401588897365 ], [ -91.356831850045452, 31.768127231104568 ] ] ], [ [ [ -91.356542062176487, 31.773927390034856 ], [ -91.356813500249032, 31.77377746747726 ], [ -91.357254636393947, 31.773830428089116 ], [ -91.357455895768382, 31.774046497984354 ], [ -91.357419360394317, 31.77432085569513 ], [ -91.357126080286918, 31.774500869095494 ], [ -91.356684941069886, 31.774447907938434 ], [ -91.356474220961758, 31.774197366836407 ], [ -91.356542062176487, 31.773927390034856 ] ] ], [ [ [ -91.35647950015111, 31.776881614344337 ], [ -91.356772789172751, 31.776701602794414 ], [ -91.357173878987723, 31.776756366598931 ], [ -91.357398967185048, 31.776954544193394 ], [ -91.357394086258964, 31.77723063988811 ], [ -91.357122863908103, 31.777434343282085 ], [ -91.356681419596001, 31.777387662145653 ], [ -91.356456331981519, 31.777189483311503 ], [ -91.35647950015111, 31.776881614344337 ] ] ], [ [ [ -91.355453288706101, 31.782779791071917 ], [ -91.355765842097739, 31.78262520701432 ], [ -91.356410229883508, 31.782679729021709 ], [ -91.356656987012286, 31.782858107317008 ], [ -91.356683807939788, 31.783133282111095 ], [ -91.356575639412469, 31.783282282927409 ], [ -91.356357660143502, 31.783378217197686 ], [ -91.355672180124472, 31.783328359694419 ], [ -91.355408270743808, 31.783117748576601 ], [ -91.355453288706101, 31.782779791071917 ] ] ], [ [ [ -91.355547522774941, 31.7855186217142 ], [ -91.355800486375998, 31.785346696041113 ], [ -91.356121684295331, 31.785377912107318 ], [ -91.35632296473257, 31.785593984173829 ], [ -91.356286419905544, 31.78586834081549 ], [ -91.356033455693705, 31.786040267423324 ], [ -91.355712255533447, 31.7860090510612 ], [ -91.355510975706991, 31.785792978059948 ], [ -91.355547522774941, 31.7855186217142 ] ] ], [ [ [ -91.355362081222594, 31.802630929172427 ], [ -91.355633607158424, 31.802481012678118 ], [ -91.355949734095617, 31.802538972311009 ], [ -91.356125280632909, 31.802770856438556 ], [ -91.356057413256266, 31.803040831091632 ], [ -91.355785886283343, 31.803190748445584 ], [ -91.355469757265652, 31.803132788339827 ], [ -91.355294211765468, 31.802900903352633 ], [ -91.355362081222594, 31.802630929172427 ] ] ] ] } },
{ "type": "Feature", "properties": { "depth_bin": 21, "survey_id": "LM_03_KGC_20260531_CS_3820_3786", "date": "2026-05-31 00:00:00+00:00", "year": 2026, "mile": 380.0, "bin_order": -21 }, "geometry": { "type": "MultiPolygon", "coordinates": [ [ [ [ -91.362519171700669, 31.771580944578599 ], [ -91.362772083888615, 31.771409002975634 ], [ -91.363214764051918, 31.77143882958006 ], [ -91.363439853268659, 31.771636996651587 ], [ -91.363434991294739, 31.771913093413193 ], [ -91.363163797659936, 31.772116810810711 ], [ -91.362721114300712, 31.772086983923941 ], [ -91.362496025629667, 31.771888815609877 ], [ -91.362519171700669, 31.771580944578599 ] ] ], [ [ [ -91.361638798421538, 31.774425164699341 ], [ -91.361973153206861, 31.774240473496782 ], [ -91.362289398792555, 31.77433128487511 ], [ -91.362776376967247, 31.774324026942256 ], [ -91.363023125434609, 31.774502392784754 ], [ -91.363049964014635, 31.774777567137814 ], [ -91.362941815800014, 31.774926574223503 ], [ -91.362723862611332, 31.775022520398934 ], [ -91.362206217931345, 31.774918458018107 ], [ -91.361879549402076, 31.774943633501511 ], [ -91.361615648296876, 31.774733035316462 ], [ -91.361638798421538, 31.774425164699341 ] ] ], [ [ [ -91.365313331201762, 31.774805039755485 ], [ -91.365566247526203, 31.774633092805889 ], [ -91.365887412980086, 31.774664283142382 ], [ -91.366088694780174, 31.774880340097607 ], [ -91.366052184346842, 31.775154701098206 ], [ -91.365799267412854, 31.775326648982297 ], [ -91.365478099718999, 31.775295458350598 ], [ -91.365276818528471, 31.775079400460875 ], [ -91.365313331201762, 31.774805039755485 ] ] ], [ [ [ -91.36109290866824, 31.783038493095148 ], [ -91.361441223100172, 31.783203334955061 ], [ -91.361474279231771, 31.783542299835901 ], [ -91.361203046356607, 31.78374601141109 ], [ -91.360759634142283, 31.783722229204667 ], [ -91.360534522763757, 31.783524056961035 ], [ -91.360539395554468, 31.783247961104315 ], [ -91.360771396461473, 31.783055674766782 ], [ -91.36109290866824, 31.783038493095148 ] ] ], [ [ [ -91.36313628677371, 31.786244800175584 ], [ -91.363407751769429, 31.786094864687236 ], [ -91.363723829121852, 31.786152803436085 ], [ -91.363899366474826, 31.786384677022696 ], [ -91.363831535695411, 31.786654657652395 ], [ -91.363560069664089, 31.786804594000039 ], [ -91.363243990232561, 31.786746654779034 ], [ -91.36306845391519, 31.786514780333139 ], [ -91.36313628677371, 31.786244800175584 ] ] ], [ [ [ -91.36067990678157, 31.788955215991898 ], [ -91.360973227322788, 31.788775196100858 ], [ -91.361375795831449, 31.78882485029111 ], [ -91.361600921403834, 31.789023021381247 ], [ -91.361596050672475, 31.789299117134245 ], [ -91.361324800652952, 31.789502828235197 ], [ -91.360881872639283, 31.789461257864311 ], [ -91.360656747640888, 31.789263085531157 ], [ -91.36067990678157, 31.788955215991898 ] ] ], [ [ [ -91.363896051426465, 31.78925854950538 ], [ -91.364167524305699, 31.789108612719374 ], [ -91.364483612392263, 31.789166549915478 ], [ -91.364659157042311, 31.789398422603838 ], [ -91.364591325848352, 31.78966840351605 ], [ -91.364319851933431, 31.78981834116146 ], [ -91.364003761767435, 31.789760403493208 ], [ -91.363828218153046, 31.789528529945432 ], [ -91.363896051426465, 31.78925854950538 ] ] ], [ [ [ -91.360903911481216, 31.791894854540736 ], [ -91.361156883573742, 31.791722918636907 ], [ -91.361478105878817, 31.791754121957705 ], [ -91.361679412311787, 31.79197018623001 ], [ -91.361642879862785, 31.792244544594649 ], [ -91.361389907159818, 31.792416481433538 ], [ -91.361068682612995, 31.792385277817118 ], [ -91.360867376790466, 31.792169212609732 ], [ -91.360903911481216, 31.791894854540736 ] ] ], [ [ [ -91.364250845058393, 31.792298998146101 ], [ -91.364503812394233, 31.792127055428068 ], [ -91.364825037605485, 31.792158250383267 ], [ -91.365026352905232, 31.792374309638937 ], [ -91.364989830089769, 31.792648669274605 ], [ -91.364736862143786, 31.792820612927777 ], [ -91.36441563469063, 31.792789417677138 ], [ -91.364214320001025, 31.792573357486354 ], [ -91.364250845058393, 31.792298998146101 ] ] ], [ [ [ -91.365248780097886, 31.795452808584706 ], [ -91.365501754540148, 31.795280864191039 ], [ -91.365822991067901, 31.795312056989733 ], [ -91.366024315265406, 31.795528114871225 ], [ -91.365987793716798, 31.795802474720137 ], [ -91.365734818664393, 31.795974420049074 ], [ -91.36541357989438, 31.795943226954996 ], [ -91.365212256307018, 31.795727168138235 ], [ -91.365248780097886, 31.795452808584706 ] ] ], [ [ [ -91.36394927497264, 31.798288964457807 ], [ -91.364220774853734, 31.798139028646489 ], [ -91.364536893471737, 31.798196966664989 ], [ -91.364712454298598, 31.79842883954182 ], [ -91.364644615450345, 31.798698819898398 ], [ -91.364373114533123, 31.798848756569452 ], [ -91.364056993834723, 31.79879081807865 ], [ -91.363881434043975, 31.798558944342094 ], [ -91.36394927497264, 31.798288964457807 ] ] ], [ [ [ -91.358129758403024, 31.768241142962751 ], [ -91.358401177033357, 31.768091216244052 ], [ -91.358717189949559, 31.768149165412989 ], [ -91.358892682539846, 31.768381044966219 ], [ -91.358824852892994, 31.768651023613348 ], [ -91.358553433227513, 31.768800951190578 ], [ -91.358237418234296, 31.76874300154946 ], [ -91.358061926679156, 31.76851112113772 ], [ -91.358129758403024, 31.768241142962751 ] ] ], [ [ [ -91.359383444647037, 31.768412258100753 ], [ -91.359717781451621, 31.768227572076263 ], [ -91.360031239545791, 31.768316181770999 ], [ -91.360240040893473, 31.768271695304019 ], [ -91.360800606488681, 31.768331877836928 ], [ -91.361066611917877, 31.76848872737601 ], [ -91.361124885637935, 31.76876033023748 ], [ -91.361006067757103, 31.76894354654603 ], [ -91.360788127043051, 31.769039489899139 ], [ -91.360145057795535, 31.768985177890759 ], [ -91.359955270546067, 31.768903356796521 ], [ -91.359664212904974, 31.768939850213197 ], [ -91.359360289486077, 31.768720128385354 ], [ -91.359383444647037, 31.768412258100753 ] ] ], [ [ [ -91.358537124388661, 31.771039643570809 ], [ -91.358859230049404, 31.771016726848266 ], [ -91.359105962154572, 31.771195099823025 ], [ -91.359132788590671, 31.771470274715938 ], [ -91.358923993167181, 31.771681057866449 ], [ -91.358682829067433, 31.771718817304663 ], [ -91.358451645784058, 31.771630877411226 ], [ -91.358163433514036, 31.771665955064698 ], [ -91.357948186225201, 31.771563677597779 ], [ -91.357687807322932, 31.771587290549284 ], [ -91.357473346834666, 31.771485776081768 ], [ -91.357370509249279, 31.77133405225219 ], [ -91.357407043184324, 31.771059694397149 ], [ -91.357659962900271, 31.770887763208354 ], [ -91.358537124388661, 31.771039643570809 ] ] ], [ [ [ -91.358738920848978, 31.794533247059533 ], [ -91.358991904168604, 31.794361315905185 ], [ -91.359313134582791, 31.794392524961481 ], [ -91.359514441256877, 31.794608592595683 ], [ -91.359477901039554, 31.794882949979272 ], [ -91.359224917109174, 31.795054882068751 ], [ -91.358903684452983, 31.795023672716649 ], [ -91.358702378389637, 31.794807604147337 ], [ -91.358738920848978, 31.794533247059533 ] ] ], [ [ [ -91.359686354122033, 31.794693177926806 ], [ -91.360020787400813, 31.794508495006379 ], [ -91.360826696182613, 31.794580521248474 ], [ -91.361073492768043, 31.794758892011608 ], [ -91.361100328638202, 31.795034065937905 ], [ -91.360992152277433, 31.795183070012531 ], [ -91.36077414871167, 31.79527901088802 ], [ -91.359927141361268, 31.795211650240475 ], [ -91.359663189384818, 31.795001046859738 ], [ -91.359686354122033, 31.794693177926806 ] ] ], [ [ [ -91.357600055030744, 31.797308267343524 ], [ -91.357934501870417, 31.797123590436541 ], [ -91.35827266507367, 31.797231844049417 ], [ -91.358733341821647, 31.797229716402079 ], [ -91.358980141005944, 31.797408091255786 ], [ -91.359006971052992, 31.79768326533047 ], [ -91.35889878812975, 31.797832267348817 ], [ -91.358680776216801, 31.79792820431711 ], [ -91.35835487940416, 31.797914072381126 ], [ -91.358140425034435, 31.797812610329629 ], [ -91.357840836543005, 31.797826743236584 ], [ -91.357576882337511, 31.797616135520069 ], [ -91.357600055030744, 31.797308267343524 ] ] ], [ [ [ -91.356673239457393, 31.768104948758399 ], [ -91.356926152167716, 31.767933018725124 ], [ -91.357247290657753, 31.767964230012485 ], [ -91.357448537938595, 31.768180299680704 ], [ -91.357412005651113, 31.768454657709082 ], [ -91.357159092330591, 31.768626588676469 ], [ -91.356837951601548, 31.768595377093408 ], [ -91.356636704930892, 31.768379306491067 ], [ -91.356673239457393, 31.768104948758399 ] ] ], [ [ [ -91.355831472656561, 31.770868495388704 ], [ -91.356102902640018, 31.770718574013976 ], [ -91.356418922719115, 31.770776529118486 ], [ -91.356594414086288, 31.771008411722025 ], [ -91.356526575546539, 31.771278388747383 ], [ -91.356255144527609, 31.771428310980657 ], [ -91.355939122371325, 31.771370355403786 ], [ -91.35576363203964, 31.771138471941711 ], [ -91.355831472656561, 31.770868495388704 ] ] ], [ [ [ -91.356861795033524, 31.773958658484673 ], [ -91.357133232715327, 31.773808735231654 ], [ -91.357449263978026, 31.773866688128052 ], [ -91.357624763463136, 31.774098569487105 ], [ -91.357556925220237, 31.774368546960741 ], [ -91.357285486502903, 31.774518471072447 ], [ -91.356969453162634, 31.774460517703712 ], [ -91.356793954713069, 31.774228635485972 ], [ -91.356861795033524, 31.773958658484673 ] ] ], [ [ [ -91.35602604818736, 31.776776178032961 ], [ -91.356338580025152, 31.776621591714477 ], [ -91.356859743972294, 31.776690859300132 ], [ -91.35708483132143, 31.776889037424056 ], [ -91.35707994947461, 31.777165133078054 ], [ -91.356768375049143, 31.777376918736927 ], [ -91.35620612260746, 31.777312315851187 ], [ -91.355967664826565, 31.777080624381661 ], [ -91.35602604818736, 31.776776178032961 ] ] ], [ [ [ -91.355294828629141, 31.78275588377749 ], [ -91.355566295053251, 31.782605965018785 ], [ -91.355882354838315, 31.782663922706796 ], [ -91.356057865918402, 31.782895806348076 ], [ -91.355990015550532, 31.783165782257829 ], [ -91.355718548090309, 31.78331570187548 ], [ -91.355402486226836, 31.783257743714909 ], [ -91.355226976182863, 31.783025859214689 ], [ -91.355294828629141, 31.78275588377749 ] ] ], [ [ [ -91.354614468524332, 31.785369173948336 ], [ -91.354806355181211, 31.785238761144324 ], [ -91.355050726420117, 31.785221386214026 ], [ -91.355265215094235, 31.785322905535185 ], [ -91.355377973195587, 31.78551197581324 ], [ -91.355603619451244, 31.785330768829226 ], [ -91.355888041510042, 31.785322513287209 ], [ -91.356134804376723, 31.785500892727121 ], [ -91.356161624152662, 31.78577606749516 ], [ -91.356022321857623, 31.785948444932707 ], [ -91.355794376791891, 31.786025665710724 ], [ -91.355486478593974, 31.785941524321277 ], [ -91.355343431907983, 31.785728283619296 ], [ -91.355117784164008, 31.785909490081362 ], [ -91.35483336031605, 31.785917743838201 ], [ -91.354569445831146, 31.785707130878837 ], [ -91.354614468524332, 31.785369173948336 ] ] ], [ [ [ -91.355676495274437, 31.802690553914751 ], [ -91.355989116900346, 31.802535972023392 ], [ -91.356379225466029, 31.802629306977426 ], [ -91.35658054207579, 31.802845379357006 ], [ -91.356543988855663, 31.803119735155608 ], [ -91.356250613574957, 31.803299742629509 ], [ -91.355819406078368, 31.80321107186376 ], [ -91.355608626672677, 31.802960528289642 ], [ -91.355676495274437, 31.802690553914751 ] ] ], [ [ [ -91.354513315350133, 31.805408380785614 ], [ -91.354806700672327, 31.805228377713657 ], [ -91.355235449483388, 31.80532394370697 ], [ -91.355436768902223, 31.805540017915948 ], [ -91.355400210885264, 31.805814373124583 ], [ -91.355106824745619, 31.805994377525607 ], [ -91.354678073020949, 31.805898811008419 ], [ -91.354476754684697, 31.80568273564392 ], [ -91.354513315350133, 31.805408380785614 ] ] ], [ [ [ -91.353184541587325, 31.808165553426111 ], [ -91.353456087437749, 31.80801564236992 ], [ -91.353772231462088, 31.808073607955759 ], [ -91.353947782249989, 31.808305495064108 ], [ -91.35387990379715, 31.808575467979793 ], [ -91.353608356909177, 31.808725379895751 ], [ -91.353292210803858, 31.808667413836837 ], [ -91.353116661053519, 31.808435525868703 ], [ -91.353184541587325, 31.808165553426111 ] ] ] ] } },
{ "type": "Feature", "properties": { "depth_bin": 22, "survey_id": "LM_03_KGC_20260531_CS_3820_3786", "date": "2026-05-31 00:00:00+00:00", "year": 2026, "mile": 380.0, "bin_order": -22 }, "geometry": { "type": "MultiPolygon", "coordinates": [ [ [ [ -91.361402614556738, 31.771454666796981 ], [ -91.361655528354191, 31.771282727467067 ], [ -91.361976680509898, 31.771313927252063 ], [ -91.362177946030144, 31.77152998994994 ], [ -91.362141425871641, 31.771804349623267 ], [ -91.361888511464343, 31.771976289887487 ], [ -91.361567357069134, 31.771945089807065 ], [ -91.361366092158718, 31.771729026174878 ], [ -91.361402614556738, 31.771454666796981 ] ] ], [ [ [ -91.361477028433939, 31.774429549640601 ], [ -91.36172995045348, 31.774257610508041 ], [ -91.362051112880806, 31.774288810438364 ], [ -91.362252384705485, 31.774504873144458 ], [ -91.362215863191082, 31.774779232684132 ], [ -91.361962940561639, 31.774951172751113 ], [ -91.361641775894483, 31.774919972525328 ], [ -91.36144050467972, 31.77470390888482 ], [ -91.361477028433939, 31.774429549640601 ] ] ], [ [ [ -91.362915825515302, 31.774562897290046 ], [ -91.363168745378047, 31.774390955224767 ], [ -91.3634899089149, 31.774422151556173 ], [ -91.363691184465509, 31.774638212105234 ], [ -91.363654667110936, 31.774912572193376 ], [ -91.363401746638402, 31.775084515193097 ], [ -91.363080580861677, 31.775053318566343 ], [ -91.362879305920856, 31.774837257082837 ], [ -91.362915825515302, 31.774562897290046 ] ] ], [ [ [ -91.367094267238443, 31.774937070994937 ], [ -91.367365692343014, 31.774787125485418 ], [ -91.367681734459779, 31.7748450532956 ], [ -91.367857261872416, 31.775076921433481 ], [ -91.36778945227158, 31.775346905295983 ], [ -91.367518026132331, 31.775496851664496 ], [ -91.36720198193747, 31.775438923382588 ], [ -91.367026455559525, 31.77520705438571 ], [ -91.367094267238443, 31.774937070994937 ] ] ], [ [ [ -91.363147340482925, 31.78335469253939 ], [ -91.363418796797987, 31.783204756677499 ], [ -91.363734864404265, 31.783262695093782 ], [ -91.363910396654546, 31.783494568583563 ], [ -91.363842568405104, 31.783764549408811 ], [ -91.363571111054583, 31.783914486129884 ], [ -91.363255041369499, 31.783856547241498 ], [ -91.363079510154662, 31.78362467289255 ], [ -91.363147340482925, 31.78335469253939 ] ] ], [ [ [ -91.367886725739524, 31.78652896563549 ], [ -91.368190726604055, 31.786748669149492 ], [ -91.368167593192666, 31.787056541012188 ], [ -91.367874291420705, 31.787236578181975 ], [ -91.367430605625643, 31.787200881378894 ], [ -91.367229295220113, 31.786984825946558 ], [ -91.367265808449631, 31.786710465137133 ], [ -91.367479522155051, 31.786549941461633 ], [ -91.367886725739524, 31.78652896563549 ] ] ], [ [ [ -91.361357954993764, 31.79173736866364 ], [ -91.361601618390893, 31.791761037647195 ], [ -91.361809594522398, 31.791926978334228 ], [ -91.361853808467316, 31.792133002245464 ], [ -91.361728260451912, 31.792351157183404 ], [ -91.361427744084523, 31.79245297043834 ], [ -91.360863706774637, 31.792403429469623 ], [ -91.360649195542351, 31.792301918935117 ], [ -91.360529993399766, 31.792045246798978 ], [ -91.36065820168038, 31.791791760977652 ], [ -91.360917287987959, 31.79169115349336 ], [ -91.361357954993764, 31.79173736866364 ] ] ], [ [ [ -91.364116298439384, 31.792236034107084 ], [ -91.364387779912789, 31.792086097199022 ], [ -91.364703878214243, 31.792144034167055 ], [ -91.364879428716392, 31.79237590665495 ], [ -91.364811595583546, 31.792645887511803 ], [ -91.364540113074327, 31.792795825279384 ], [ -91.3642240126931, 31.792737887839152 ], [ -91.364048463226752, 31.792506014491746 ], [ -91.364116298439384, 31.792236034107084 ] ] ], [ [ [ -91.365430631271934, 31.795441816449827 ], [ -91.365702120365512, 31.795291877053632 ], [ -91.366140651919196, 31.795349887648442 ], [ -91.36634197695723, 31.795565945053685 ], [ -91.366305456323374, 31.795840305023184 ], [ -91.36601212260139, 31.796020336610813 ], [ -91.365573588000075, 31.795962325475365 ], [ -91.365362797078021, 31.795711797454274 ], [ -91.365430631271934, 31.795441816449827 ] ] ], [ [ [ -91.361458766283405, 31.79766863704419 ], [ -91.361807135107952, 31.797833479407558 ], [ -91.361840195326536, 31.798172443665731 ], [ -91.3615689189904, 31.798376154160419 ], [ -91.361125122257604, 31.798341407700043 ], [ -91.360899976056885, 31.798143235320467 ], [ -91.360904850534681, 31.797867140047614 ], [ -91.36113688864863, 31.797674854671765 ], [ -91.361458766283405, 31.79766863704419 ] ] ], [ [ [ -91.363484360313521, 31.801373235797428 ], [ -91.363777716067659, 31.801193210914956 ], [ -91.36417842779781, 31.801247435531025 ], [ -91.364403588492323, 31.8014456025047 ], [ -91.3643987237391, 31.801721698105847 ], [ -91.364127442034089, 31.801925413786588 ], [ -91.363686365568924, 31.801879273692894 ], [ -91.36346120545484, 31.801681105479055 ], [ -91.363484360313521, 31.801373235797428 ] ] ], [ [ [ -91.36268143022356, 31.804254918259574 ], [ -91.362952949927475, 31.804104985943543 ], [ -91.363269087761068, 31.804162927715677 ], [ -91.363444655940441, 31.804394802405771 ], [ -91.363376808274339, 31.804664781573159 ], [ -91.363105287533898, 31.804814714749092 ], [ -91.362789147619338, 31.804756772504483 ], [ -91.362613580476491, 31.804524896954504 ], [ -91.36268143022356, 31.804254918259574 ] ] ], [ [ [ -91.358559154738927, 31.768114464672475 ], [ -91.358802755485499, 31.768138136985776 ], [ -91.35898150467979, 31.768263449847748 ], [ -91.359365087149328, 31.768168819061465 ], [ -91.35964330817697, 31.76834369822798 ], [ -91.359875128310563, 31.768263522665471 ], [ -91.360199865162159, 31.768283849013411 ], [ -91.360374277672577, 31.768376239504303 ], [ -91.36048627191488, 31.768561308571147 ], [ -91.360713980181515, 31.768376415600891 ], [ -91.360998350333745, 31.768368146853373 ], [ -91.36124507993857, 31.768546515654773 ], [ -91.361271912328377, 31.768821690394496 ], [ -91.361098991137681, 31.769014735118731 ], [ -91.360821971332228, 31.769070241268565 ], [ -91.36059689924015, 31.76898717921047 ], [ -91.360454620357388, 31.768777941016861 ], [ -91.360226910575179, 31.768962833461462 ], [ -91.3598624585305, 31.76898152324214 ], [ -91.359543337714697, 31.768800922069286 ], [ -91.359228740376494, 31.768880030490617 ], [ -91.358930243523503, 31.768727446587963 ], [ -91.358587555771479, 31.768827798705505 ], [ -91.35803036588365, 31.7687465292193 ], [ -91.357828590836647, 31.768627546288972 ], [ -91.357739446175884, 31.768362129008676 ], [ -91.357896091410709, 31.76812059845199 ], [ -91.358165408358346, 31.768042168703346 ], [ -91.358559154738927, 31.768114464672475 ] ] ], [ [ [ -91.358063210063065, 31.77113263963459 ], [ -91.358334637456821, 31.770982713411797 ], [ -91.358650660075114, 31.771040663051132 ], [ -91.358826157623056, 31.77127254277368 ], [ -91.35875832528518, 31.771542521189964 ], [ -91.358486896856135, 31.771692448271384 ], [ -91.358170872160514, 31.771634498159827 ], [ -91.357995375647874, 31.771402617578659 ], [ -91.358063210063065, 31.77113263963459 ] ] ], [ [ [ -91.360751545084668, 31.780275125379514 ], [ -91.361044837301037, 31.780095104160115 ], [ -91.361447400336246, 31.780136016022553 ], [ -91.361672505858394, 31.780334186541943 ], [ -91.361667636986937, 31.780610282681877 ], [ -91.361396413376866, 31.780813995061695 ], [ -91.36095349464226, 31.780781167178095 ], [ -91.360728389673625, 31.780582995415603 ], [ -91.360751545084668, 31.780275125379514 ] ] ], [ [ [ -91.360716095093466, 31.786041101269834 ], [ -91.36096905106713, 31.785869165062529 ], [ -91.361290253125574, 31.78590036820135 ], [ -91.361491547043926, 31.786116432519801 ], [ -91.361455017143285, 31.786390791131499 ], [ -91.361202060559322, 31.786562728273665 ], [ -91.360880856259755, 31.786531524839237 ], [ -91.360679562951717, 31.786315459585939 ], [ -91.360716095093466, 31.786041101269834 ] ] ], [ [ [ -91.357914709708908, 31.79736777576657 ], [ -91.35820806265518, 31.797187763553922 ], [ -91.35855839685486, 31.797268273448111 ], [ -91.358895356722755, 31.797238059074942 ], [ -91.359142156254379, 31.797416433625411 ], [ -91.359168986784624, 31.797691607681841 ], [ -91.3590608041048, 31.797840609846187 ], [ -91.358842792326499, 31.797936547096931 ], [ -91.358492455348184, 31.797856037900587 ], [ -91.358155493145489, 31.797886251123991 ], [ -91.357891538032803, 31.797675644032335 ], [ -91.357914709708908, 31.79736777576657 ] ] ], [ [ [ -91.35846001576833, 31.800407825361528 ], [ -91.358713016094754, 31.800235895470781 ], [ -91.359034266624434, 31.80026710588513 ], [ -91.359235584739778, 31.800483174176303 ], [ -91.3591990405872, 31.800757531131136 ], [ -91.358946039649865, 31.800929461957217 ], [ -91.358624786877527, 31.800898251247023 ], [ -91.358423469373108, 31.800682182020505 ], [ -91.35846001576833, 31.800407825361528 ] ] ], [ [ [ -91.355647434283881, 31.770898704506095 ], [ -91.355900356642181, 31.770726776904308 ], [ -91.356221504280626, 31.770757991080831 ], [ -91.356422754851508, 31.770974062403532 ], [ -91.35638621806828, 31.771248419882593 ], [ -91.35613329509961, 31.771420348418584 ], [ -91.35581214522189, 31.771389133946265 ], [ -91.355610895261378, 31.771173061689368 ], [ -91.355647434283881, 31.770898704506095 ] ] ], [ [ [ -91.355842890489228, 31.776799700536898 ], [ -91.356136180410729, 31.776619690484527 ], [ -91.356662876768183, 31.776649050966387 ], [ -91.35690961891865, 31.776827428409486 ], [ -91.356936439682201, 31.777102603366952 ], [ -91.35665066604858, 31.777339457162078 ], [ -91.35608361415423, 31.777318179231539 ], [ -91.355819720247965, 31.777107569321394 ], [ -91.355842890489228, 31.776799700536898 ] ] ], [ [ [ -91.355610812868576, 31.782600689138455 ], [ -91.355874721312915, 31.78281129981859 ], [ -91.355829704856845, 31.783149257522016 ], [ -91.355558237203184, 31.783299176791004 ], [ -91.355080059492067, 31.783244855772018 ], [ -91.354904550296666, 31.783012970854745 ], [ -91.354972403661193, 31.782742995620282 ], [ -91.355203516516639, 31.782601159930611 ], [ -91.355610812868576, 31.782600689138455 ] ] ], [ [ [ -91.355070924793992, 31.785451582855682 ], [ -91.355323889045238, 31.78527965815179 ], [ -91.355767984804558, 31.785306532719019 ], [ -91.355993089766116, 31.78550471314281 ], [ -91.355988203037299, 31.785780808271486 ], [ -91.355716951901726, 31.785984507459698 ], [ -91.355272852931947, 31.78595763260812 ], [ -91.355047748513314, 31.785759450938777 ], [ -91.355070924793992, 31.785451582855682 ] ] ], [ [ [ -91.357232149330443, 31.800112971344507 ], [ -91.357544759659774, 31.799958385190642 ], [ -91.357940011019949, 31.800037351860809 ], [ -91.358141326033888, 31.800253421788238 ], [ -91.358104778782604, 31.800527778332363 ], [ -91.357811414790021, 31.800707789853725 ], [ -91.357375065639971, 31.800633487908829 ], [ -91.357164287448015, 31.800382946870293 ], [ -91.357232149330443, 31.800112971344507 ] ] ], [ [ [ -91.355520252069226, 31.802657696992011 ], [ -91.355874307292808, 31.802501913304024 ], [ -91.356205321884588, 31.80264613460006 ], [ -91.356494905750864, 31.80266012192719 ], [ -91.356720052697852, 31.802858302018873 ], [ -91.356715164828969, 31.803134396495281 ], [ -91.356556722492897, 31.803294280442149 ], [ -91.356362403370099, 31.803350842300624 ], [ -91.356159807812304, 31.80332249758586 ], [ -91.355989952268231, 31.803207823560868 ], [ -91.355700366825772, 31.803193835030509 ], [ -91.355461846853785, 31.802962141315238 ], [ -91.355520252069226, 31.802657696992011 ] ] ] ] } },
{ "type": "Feature", "properties": { "depth_bin": 23, "survey_id": "LM_03_KGC_20260531_CS_3820_3786", "date": "2026-05-31 00:00:00+00:00", "year": 2026, "mile": 380.0, "bin_order": -23 }, "geometry": { "type": "MultiPolygon", "coordinates": [ [ [ [ -91.361561610667778, 31.771470535222718 ], [ -91.361814524230113, 31.771298595568872 ], [ -91.362135676512324, 31.771329794956326 ], [ -91.362336942446618, 31.771545857415919 ], [ -91.362300422747111, 31.771820217149799 ], [ -91.362047508574946, 31.771992157737948 ], [ -91.361726354053246, 31.771960958055075 ], [ -91.361525088728783, 31.771744894661179 ], [ -91.361561610667778, 31.771470535222718 ] ] ], [ [ [ -91.361039392876293, 31.783243059866862 ], [ -91.361292340419965, 31.783071122667724 ], [ -91.361613532989693, 31.783102324681749 ], [ -91.361814821918742, 31.783318388401263 ], [ -91.361778294450971, 31.78359274729068 ], [ -91.3615253462971, 31.783764685424551 ], [ -91.361204151486575, 31.783733483114975 ], [ -91.361002863167712, 31.783517418460729 ], [ -91.361039392876293, 31.783243059866862 ] ] ], [ [ [ -91.360998773782342, 31.788996568153582 ], [ -91.361251737562952, 31.78882463171438 ], [ -91.361572949927847, 31.7888558344731 ], [ -91.361774250615014, 31.789071898485837 ], [ -91.361737719980454, 31.789346257045406 ], [ -91.361484755589501, 31.789518194419539 ], [ -91.361163540983156, 31.789486991365234 ], [ -91.360962240906346, 31.789270926417551 ], [ -91.360998773782342, 31.788996568153582 ] ] ], [ [ [ -91.361222757894083, 31.791939147023406 ], [ -91.361516087135115, 31.791759126243928 ], [ -91.361918265425658, 31.791807242687145 ], [ -91.362143399138972, 31.792005413010695 ], [ -91.362138529454612, 31.792281508709291 ], [ -91.361867271556235, 31.79248522062186 ], [ -91.361424732492026, 31.792445188124582 ], [ -91.36119959934824, 31.79224701655847 ], [ -91.361222757894083, 31.791939147023406 ] ] ], [ [ [ -91.36048247115987, 31.794793053220186 ], [ -91.360735452140247, 31.794621118521352 ], [ -91.36105668423879, 31.79465232322498 ], [ -91.361257995634219, 31.794868388247956 ], [ -91.361221460409624, 31.795142746291454 ], [ -91.360968478818677, 31.79531468192544 ], [ -91.360647244478045, 31.795283476926141 ], [ -91.3604459336932, 31.795067410967992 ], [ -91.36048247115987, 31.794793053220186 ] ] ], [ [ [ -91.365086786268137, 31.795443264427966 ], [ -91.365339760968865, 31.795271320365281 ], [ -91.365660997390478, 31.795302513570046 ], [ -91.365862321179449, 31.795518571694814 ], [ -91.365825799159197, 31.795792931481685 ], [ -91.365572823848339, 31.795964876479623 ], [ -91.365251585184453, 31.79593368297947 ], [ -91.365050262005639, 31.795717623919444 ], [ -91.365086786268137, 31.795443264427966 ] ] ], [ [ [ -91.359880485761479, 31.797399431344996 ], [ -91.361103377960646, 31.797618880379403 ], [ -91.361334123166131, 31.797773564873747 ], [ -91.361576982427621, 31.797685154392777 ], [ -91.361940761658815, 31.797726069651173 ], [ -91.362165909195838, 31.797924240242306 ], [ -91.362161038456449, 31.798200335687117 ], [ -91.362002614006315, 31.798360227133585 ], [ -91.361808308289383, 31.798416797810656 ], [ -91.361444526440678, 31.798375882088777 ], [ -91.361252596861974, 31.798233626454923 ], [ -91.360886023456203, 31.798315247592345 ], [ -91.358801165268886, 31.797930309785883 ], [ -91.35862670026583, 31.797837915732572 ], [ -91.358514369045963, 31.797651722525107 ], [ -91.358582224670172, 31.79738174596849 ], [ -91.358853729971926, 31.797231821790859 ], [ -91.359880485761479, 31.797399431344996 ] ] ], [ [ [ -91.36376966738041, 31.798293888659352 ], [ -91.364022652413425, 31.798121947631905 ], [ -91.364343898061591, 31.798153144464642 ], [ -91.364545224566754, 31.798369204684999 ], [ -91.364508697161099, 31.79864356380758 ], [ -91.364255711517742, 31.798815505770364 ], [ -91.363934463627032, 31.798784308642116 ], [ -91.363733137732211, 31.798568247486426 ], [ -91.36376966738041, 31.798293888659352 ] ] ], [ [ [ -91.362715677188916, 31.801212679038919 ], [ -91.363028282793977, 31.801058079255426 ], [ -91.363827124723443, 31.801169560601995 ], [ -91.36407394428204, 31.801347926150644 ], [ -91.364100790083057, 31.801623099533511 ], [ -91.363992610254471, 31.801772105914797 ], [ -91.363774593761903, 31.801868051419902 ], [ -91.362934650542499, 31.801761236552238 ], [ -91.362670673510834, 31.801550638762681 ], [ -91.362715677188916, 31.801212679038919 ] ] ], [ [ [ -91.356990694504645, 31.768147450682484 ], [ -91.357130791008629, 31.768019336906075 ], [ -91.357366452838662, 31.767961567865385 ], [ -91.357713409176938, 31.768124877529733 ], [ -91.357922763666934, 31.768035389547805 ], [ -91.358166363988687, 31.768059063066659 ], [ -91.358329333823093, 31.768165616242271 ], [ -91.358416135781596, 31.768337226720291 ], [ -91.35871760914695, 31.768142930682799 ], [ -91.358961210022201, 31.768166602696681 ], [ -91.359131904490866, 31.768282338037885 ], [ -91.359320581804823, 31.768184344824387 ], [ -91.359525681967227, 31.768178383327605 ], [ -91.359791684693761, 31.768335235446859 ], [ -91.359849954584632, 31.768606838769333 ], [ -91.359700011604957, 31.768813432255381 ], [ -91.359430693537007, 31.768891865209643 ], [ -91.35909889426965, 31.768746588742847 ], [ -91.358869867842117, 31.768852665329764 ], [ -91.358626265207647, 31.768828993083638 ], [ -91.358463293886814, 31.768722440248041 ], [ -91.358376491512757, 31.768550829797022 ], [ -91.358228180075372, 31.768693223685528 ], [ -91.358033935225208, 31.768749790867481 ], [ -91.357831414027615, 31.768721451194921 ], [ -91.357645557679547, 31.768587685286683 ], [ -91.357271448201516, 31.768675047607406 ], [ -91.356967531542281, 31.768455320278694 ], [ -91.356990694504645, 31.768147450682484 ] ] ], [ [ [ -91.35552167563138, 31.776783807881962 ], [ -91.355774614738479, 31.776611881231876 ], [ -91.356219919028064, 31.776632502959959 ], [ -91.356445004824081, 31.776830682166182 ], [ -91.356440121087658, 31.777106777733959 ], [ -91.356168897112994, 31.777310479040587 ], [ -91.355723589599677, 31.777289857026688 ], [ -91.355498504334562, 31.777091676572891 ], [ -91.35552167563138, 31.776783807881962 ] ] ], [ [ [ -91.354789283027742, 31.782776852246005 ], [ -91.355042240258967, 31.782604927804051 ], [ -91.355363428394057, 31.782636145467801 ], [ -91.355564701363846, 31.782852218562489 ], [ -91.355528155760524, 31.783126575060606 ], [ -91.355275197918516, 31.783298500437201 ], [ -91.35495400754283, 31.783267282477503 ], [ -91.354752735183808, 31.783051208448182 ], [ -91.354789283027742, 31.782776852246005 ] ] ], [ [ [ -91.354932883502812, 31.785408785670921 ], [ -91.35520435842939, 31.78525886802592 ], [ -91.35552042689983, 31.78531682688692 ], [ -91.355695941760601, 31.785548711073403 ], [ -91.355628088053962, 31.785818686581241 ], [ -91.355356612091114, 31.785968605085273 ], [ -91.355040541541982, 31.785910645751642 ], [ -91.354865027717494, 31.78567876070613 ], [ -91.354932883502812, 31.785408785670921 ] ] ], [ [ [ -91.359388351257678, 31.794630867446273 ], [ -91.359659847084984, 31.794480941171617 ], [ -91.359975949980139, 31.794538890038108 ], [ -91.360151492624908, 31.794770768719761 ], [ -91.360083643785984, 31.795040746437458 ], [ -91.359812146922323, 31.795190673571575 ], [ -91.359496041947338, 31.795132724232587 ], [ -91.35932050033891, 31.794900844691451 ], [ -91.359388351257678, 31.794630867446273 ] ] ], [ [ [ -91.357522368650763, 31.800212293463304 ], [ -91.3577753700784, 31.800040365472494 ], [ -91.358096619509567, 31.800071578221711 ], [ -91.358297934970139, 31.800287647915027 ], [ -91.358261388161623, 31.800562004517879 ], [ -91.358008386122989, 31.80073393344399 ], [ -91.357687134449208, 31.800702720398856 ], [ -91.357485819599631, 31.800486649770235 ], [ -91.357522368650763, 31.800212293463304 ] ] ], [ [ [ -91.354811976790117, 31.805515771211823 ], [ -91.355064997905302, 31.805343849405361 ], [ -91.35538626438705, 31.80537506956162 ], [ -91.355587584273565, 31.805591143545858 ], [ -91.355551026673425, 31.805865498810086 ], [ -91.355298004946818, 31.806037421552013 ], [ -91.354976736221928, 31.80600620109961 ], [ -91.354775416946822, 31.8057901261799 ], [ -91.354811976790117, 31.805515771211823 ] ] ], [ [ [ -91.353320277448375, 31.80822698021721 ], [ -91.353573308817047, 31.808055061790721 ], [ -91.353894583968582, 31.808086286001057 ], [ -91.354095905862792, 31.808302362338772 ], [ -91.354059342431952, 31.808576716877241 ], [ -91.353806310451645, 31.808748636239294 ], [ -91.3534850330567, 31.808717411732705 ], [ -91.353283711774125, 31.808501334459446 ], [ -91.353320277448375, 31.80822698021721 ] ] ], [ [ [ -91.352506084872687, 31.811002010867316 ], [ -91.35277764026759, 31.810852101640908 ], [ -91.353093793374342, 31.810910069200116 ], [ -91.35326934746243, 31.811141957269481 ], [ -91.353201464594179, 31.811411929570959 ], [ -91.352929908161514, 31.811561839657212 ], [ -91.352613752973511, 31.811503871624836 ], [ -91.352438199923199, 31.811271982695619 ], [ -91.352506084872687, 31.811002010867316 ] ] ], [ [ [ -91.351039082738836, 31.816671559163318 ], [ -91.351310657383834, 31.81652165383786 ], [ -91.351626828566239, 31.816579625615478 ], [ -91.351802388967428, 31.816811515749777 ], [ -91.351734496951352, 31.817081486753171 ], [ -91.351462921268194, 31.817231392938631 ], [ -91.351146748004027, 31.817173420687666 ], [ -91.350971188640983, 31.816941529693363 ], [ -91.351039082738836, 31.816671559163318 ] ] ] ] } },
{ "type": "Feature", "properties": { "depth_bin": 24, "survey_id": "LM_03_KGC_20260531_CS_3820_3786", "date": "2026-05-31 00:00:00+00:00", "year": 2026, "mile": 380.0, "bin_order": -24 }, "geometry": { "type": "MultiPolygon", "coordinates": [ [ [ [ -91.361201109672734, 31.783252804704269 ], [ -91.361494410735787, 31.783072782816959 ], [ -91.362054691519191, 31.783141831735598 ], [ -91.362279805376872, 31.78334000137988 ], [ -91.362274937740168, 31.783616097473377 ], [ -91.361963352252388, 31.783827895313408 ], [ -91.361403067439653, 31.783758845862799 ], [ -91.361177954550357, 31.783560674709104 ], [ -91.361201109672734, 31.783252804704269 ] ] ], [ [ [ -91.360875561117396, 31.786050617512782 ], [ -91.361128516837127, 31.785878680979696 ], [ -91.361449719000518, 31.785909883718933 ], [ -91.361651013321165, 31.786125947798041 ], [ -91.361614483884566, 31.786400306470842 ], [ -91.361361527554521, 31.786572243938767 ], [ -91.361040323150036, 31.786541040903955 ], [ -91.360839029439674, 31.786324975890015 ], [ -91.360875561117396, 31.786050617512782 ] ] ], [ [ [ -91.364392123295019, 31.786401467713599 ], [ -91.364645073810848, 31.7862295240134 ], [ -91.364966278772926, 31.786260717956306 ], [ -91.365167582255566, 31.786476776762452 ], [ -91.365131062977483, 31.786751136774566 ], [ -91.364878111851695, 31.786923081409686 ], [ -91.364556904648367, 31.786891887171407 ], [ -91.364355601775699, 31.786675827430347 ], [ -91.364392123295019, 31.786401467713599 ] ] ], [ [ [ -91.361159374084608, 31.789009180718601 ], [ -91.361412337617949, 31.788837243951662 ], [ -91.361733550098961, 31.788868446308243 ], [ -91.361934851197589, 31.789084510080016 ], [ -91.361898321028818, 31.789358868700962 ], [ -91.36164535688512, 31.789530806402865 ], [ -91.361324142162658, 31.789499603750706 ], [ -91.361122841674401, 31.789283539043961 ], [ -91.361159374084608, 31.789009180718601 ] ] ], [ [ [ -91.361700697656616, 31.791996200661067 ], [ -91.361953668631259, 31.791824263135585 ], [ -91.362274891645967, 31.791855464465428 ], [ -91.362476200200419, 31.792071527543737 ], [ -91.362439670042065, 31.792345886210775 ], [ -91.362186698457037, 31.792517824671332 ], [ -91.361865473200552, 31.7924866230459 ], [ -91.361664165256457, 31.792270559032517 ], [ -91.361700697656616, 31.791996200661067 ] ] ], [ [ [ -91.360639862274567, 31.794823064135237 ], [ -91.360933201955177, 31.794643045122335 ], [ -91.361336068871665, 31.794691131017888 ], [ -91.361561208005156, 31.794889302478701 ], [ -91.361556336043449, 31.795165397971608 ], [ -91.361285068205277, 31.795369108228126 ], [ -91.360841839202052, 31.795329106045745 ], [ -91.360616700639653, 31.795130933341074 ], [ -91.360639862274567, 31.794823064135237 ] ] ], [ [ [ -91.361564019637242, 31.79790009306171 ], [ -91.361857367623728, 31.797720072268632 ], [ -91.362257476942673, 31.797776671207554 ], [ -91.362482625299535, 31.797974841263613 ], [ -91.362477755492165, 31.798250936750012 ], [ -91.362206480255452, 31.798454648640899 ], [ -91.361766007593644, 31.798406133665114 ], [ -91.361540859821517, 31.798207962370178 ], [ -91.361564019637242, 31.79790009306171 ] ] ], [ [ [ -91.361032251104334, 31.800652336806614 ], [ -91.361380630073356, 31.800817180614704 ], [ -91.361413689289591, 31.801156144814506 ], [ -91.361142403035387, 31.801359853983453 ], [ -91.360698603530594, 31.801323264227612 ], [ -91.360473451334883, 31.80112509096972 ], [ -91.360478327646646, 31.800848995885307 ], [ -91.360710374348926, 31.800656711654273 ], [ -91.361032251104334, 31.800652336806614 ] ] ], [ [ [ -91.361910432561643, 31.801087610412001 ], [ -91.36205057433186, 31.800959493301455 ], [ -91.362286318079541, 31.800901718150069 ], [ -91.363669765746224, 31.801143511683861 ], [ -91.363916584921327, 31.801321877525996 ], [ -91.363943430250231, 31.801597050927224 ], [ -91.363770450259082, 31.801790096461545 ], [ -91.363534705026481, 31.801847874310273 ], [ -91.362151247363101, 31.801606078992659 ], [ -91.361887272609366, 31.801395479647411 ], [ -91.361910432561643, 31.801087610412001 ] ] ], [ [ [ -91.357468822730468, 31.76820949504345 ], [ -91.357721734335357, 31.768037563392255 ], [ -91.358042873545173, 31.768068772693461 ], [ -91.358244122949401, 31.768284841170722 ], [ -91.358207592945092, 31.768559199501002 ], [ -91.357954680730089, 31.768731132086316 ], [ -91.357633539281267, 31.768699922489471 ], [ -91.357432290487139, 31.768483853078081 ], [ -91.357468822730468, 31.76820949504345 ] ] ], [ [ [ -91.35858513701271, 31.768329405097649 ], [ -91.358878394414674, 31.768149387415612 ], [ -91.359281718600556, 31.768194038014368 ], [ -91.35950679156646, 31.768392211589362 ], [ -91.359501918526888, 31.768668307947667 ], [ -91.359230726454712, 31.768872017094726 ], [ -91.358787051648662, 31.768835449971004 ], [ -91.358561979246687, 31.768637275152344 ], [ -91.35858513701271, 31.768329405097649 ] ] ], [ [ [ -91.360184649929792, 31.768483426522952 ], [ -91.36043755752776, 31.768311489339169 ], [ -91.360758698908754, 31.768342691850936 ], [ -91.360959955390499, 31.76855875625898 ], [ -91.360923433224301, 31.768833115623963 ], [ -91.360670525016459, 31.769005053741928 ], [ -91.360349381396333, 31.768973850934682 ], [ -91.360148125524447, 31.768757785592463 ], [ -91.360184649929792, 31.768483426522952 ] ] ], [ [ [ -91.354752912938565, 31.785413507669013 ], [ -91.35500587764237, 31.785241583612606 ], [ -91.355327074839778, 31.785272801663421 ], [ -91.355528353153289, 31.785488874919917 ], [ -91.355491806044725, 31.785763231259871 ], [ -91.355238840730067, 31.785935156250986 ], [ -91.354917641291763, 31.785903937904219 ], [ -91.35471636358912, 31.785687863712994 ], [ -91.354752912938565, 31.785413507669013 ] ] ], [ [ [ -91.358718281782188, 31.797438381604952 ], [ -91.358971273305016, 31.797266450834954 ], [ -91.359292513719211, 31.797297660268043 ], [ -91.359493826332496, 31.797513728050756 ], [ -91.359457284514377, 31.797788085267683 ], [ -91.359204292380738, 31.797960016972922 ], [ -91.358883049724199, 31.797928807244009 ], [ -91.358681737721739, 31.797712738526055 ], [ -91.358718281782188, 31.797438381604952 ] ] ], [ [ [ -91.357072348534686, 31.800095756447682 ], [ -91.357264263310711, 31.799965341137582 ], [ -91.357467762236482, 31.79994223929608 ], [ -91.357791046872222, 31.800128842248522 ], [ -91.35805549648498, 31.800053460701232 ], [ -91.358490048857462, 31.80013845749269 ], [ -91.358731974941904, 31.800309635302522 ], [ -91.359119754800133, 31.800250757809419 ], [ -91.359366562527569, 31.800429132127885 ], [ -91.359393394184025, 31.800704306063725 ], [ -91.359220406762631, 31.800897345175706 ], [ -91.358984661379495, 31.800955114582706 ], [ -91.358786298238854, 31.800909951990072 ], [ -91.358620392905252, 31.800766822857092 ], [ -91.358354950891055, 31.800842813453848 ], [ -91.357920395395169, 31.800757816103058 ], [ -91.357678076980122, 31.800586057463434 ], [ -91.357291285750179, 31.800644322553627 ], [ -91.357027325126253, 31.800433713558462 ], [ -91.357072348534686, 31.800095756447682 ] ] ], [ [ [ -91.356112069098572, 31.802856304565402 ], [ -91.356365080444604, 31.802684379778643 ], [ -91.356686338348993, 31.802715596368785 ], [ -91.35688765587426, 31.802931668290025 ], [ -91.356851103512312, 31.803206024202755 ], [ -91.356598091555071, 31.803377949924919 ], [ -91.356276831407811, 31.803346733038733 ], [ -91.356075514493739, 31.803130660182109 ], [ -91.356112069098572, 31.802856304565402 ] ] ], [ [ [ -91.354964419027496, 31.805559600428126 ], [ -91.355217439997531, 31.805387678314133 ], [ -91.355538706699448, 31.805418898092093 ], [ -91.355740027042515, 31.805634971848871 ], [ -91.355703469867876, 31.805909327169712 ], [ -91.355450448286419, 31.806081250219172 ], [ -91.355129179341361, 31.806050030145091 ], [ -91.354927859609674, 31.80583395545283 ], [ -91.354964419027496, 31.805559600428126 ] ] ], [ [ [ -91.35347802544392, 31.808252406495946 ], [ -91.353771421913237, 31.808072406260116 ], [ -91.354172240625047, 31.808131389393587 ], [ -91.35439739515698, 31.808329573712744 ], [ -91.354392499339056, 31.808605667629184 ], [ -91.354121175823892, 31.808809360343751 ], [ -91.353679988634454, 31.808758458419184 ], [ -91.353454834695384, 31.808560272859779 ], [ -91.35347802544392, 31.808252406495946 ] ] ], [ [ [ -91.358409347668484, 31.81236607168762 ], [ -91.35868089820066, 31.812216149703566 ], [ -91.358997060283983, 31.812274102860616 ], [ -91.359172631929866, 31.812505983319713 ], [ -91.35910476491587, 31.812775959260897 ], [ -91.358833213346372, 31.812925882105016 ], [ -91.358517049181415, 31.812867928475118 ], [ -91.358341478572825, 31.81263604715598 ], [ -91.358409347668484, 31.81236607168762 ] ] ] ] } },
{ "type": "Feature", "properties": { "depth_bin": 25, "survey_id": "LM_03_KGC_20260531_CS_3820_3786", "date": "2026-05-31 00:00:00+00:00", "year": 2026, "mile": 380.0, "bin_order": -25 }, "geometry": { "type": "MultiPolygon", "coordinates": [ [ [ [ -91.36690921765414, 31.774975083984224 ], [ -91.367162131647902, 31.77480313378458 ], [ -91.367483298408075, 31.774834320131525 ], [ -91.367684584386211, 31.775050374694629 ], [ -91.367648078555376, 31.775324736301862 ], [ -91.36739516395221, 31.775496687436029 ], [ -91.367073994952023, 31.775465500793977 ], [ -91.366872709583291, 31.77524944529635 ], [ -91.36690921765414, 31.774975083984224 ] ] ], [ [ [ -91.361679091956177, 31.783308978551414 ], [ -91.36193203855926, 31.783137040048814 ], [ -91.36225323164534, 31.783168240463073 ], [ -91.362454522245216, 31.783384303223617 ], [ -91.362417996624046, 31.783658662356594 ], [ -91.362242013622023, 31.78380452359244 ], [ -91.362000818873852, 31.783842288233497 ], [ -91.361775710444874, 31.783759227204047 ], [ -91.361635317149009, 31.783556943974805 ], [ -91.361442210089393, 31.783732560332314 ], [ -91.361201015274133, 31.783770323453414 ], [ -91.360975907797311, 31.783687261038395 ], [ -91.360842763096983, 31.783511370439093 ], [ -91.360879293273257, 31.783237011906778 ], [ -91.361132241081677, 31.78306507503509 ], [ -91.361453433558154, 31.783096277450653 ], [ -91.361679091956177, 31.783308978551414 ] ] ], [ [ [ -91.362964636063865, 31.783379542067511 ], [ -91.363217580602736, 31.783207600938255 ], [ -91.363538774513202, 31.783238798130693 ], [ -91.363740068343176, 31.783454858961463 ], [ -91.363703546465743, 31.783729218587229 ], [ -91.36345060131687, 31.783901160651254 ], [ -91.363129405165537, 31.783869963163404 ], [ -91.362928111945578, 31.783653901397841 ], [ -91.362964636063865, 31.783379542067511 ] ] ], [ [ [ -91.362953302077258, 31.786262311981829 ], [ -91.363206254734777, 31.786090371214545 ], [ -91.363527458567035, 31.78612156875705 ], [ -91.363728758310117, 31.786337629720951 ], [ -91.363692234873241, 31.786611989184969 ], [ -91.363439281605608, 31.786783930887118 ], [ -91.363118075532171, 31.786752733049173 ], [ -91.362916776399189, 31.786536671150387 ], [ -91.362953302077258, 31.786262311981829 ] ] ], [ [ [ -91.363718643767157, 31.789248419512077 ], [ -91.363971603467576, 31.789076477526756 ], [ -91.364292817930234, 31.789107673479247 ], [ -91.364494125664322, 31.789323733412566 ], [ -91.364457602898028, 31.789598093009197 ], [ -91.364204642587495, 31.789770035929507 ], [ -91.363883425883301, 31.789738839681583 ], [ -91.363682118759328, 31.789522778813286 ], [ -91.363718643767157, 31.789248419512077 ] ] ], [ [ [ -91.361539767821057, 31.791983289401486 ], [ -91.36183309662448, 31.791803267876507 ], [ -91.362518782474297, 31.791862875340478 ], [ -91.362765575477837, 31.792041242761421 ], [ -91.362792415966098, 31.792316416585869 ], [ -91.362684245623271, 31.792465422357797 ], [ -91.362466250184667, 31.792561366444865 ], [ -91.361780559242973, 31.792501758531738 ], [ -91.36151661030614, 31.792291159027183 ], [ -91.361539767821057, 31.791983289401486 ] ] ], [ [ [ -91.363935088507347, 31.792240504300256 ], [ -91.364188056234752, 31.792068562222674 ], [ -91.364509281101732, 31.792099757964849 ], [ -91.364710595522993, 31.792315817693016 ], [ -91.364674071809446, 31.79259017720991 ], [ -91.364421103471869, 31.792762120222626 ], [ -91.364099876363014, 31.792730924185001 ], [ -91.363898562551924, 31.792514863521721 ], [ -91.363935088507347, 31.792240504300256 ] ] ], [ [ [ -91.361875126865328, 31.797973171163289 ], [ -91.362168474518938, 31.797793149642441 ], [ -91.362602847505087, 31.797878693974578 ], [ -91.362804169264322, 31.798094756802492 ], [ -91.362767636880207, 31.798369115267366 ], [ -91.362474288453171, 31.79854913813179 ], [ -91.362039912496357, 31.798463593267947 ], [ -91.361838591811548, 31.798247529275745 ], [ -91.361875126865328, 31.797973171163289 ] ] ], [ [ [ -91.363611772018729, 31.798265397266768 ], [ -91.363864757249715, 31.798093456559723 ], [ -91.364186002728289, 31.79812465378615 ], [ -91.36438732879563, 31.798340714242848 ], [ -91.364350800940386, 31.798615073305978 ], [ -91.364097815099029, 31.79878701494836 ], [ -91.363776567377926, 31.798755817426432 ], [ -91.363575241920941, 31.798539756034387 ], [ -91.363611772018729, 31.798265397266768 ] ] ], [ [ [ -91.361547840194746, 31.800731839206861 ], [ -91.362678389281101, 31.800987588671759 ], [ -91.362853950304512, 31.801219464036667 ], [ -91.362786103681387, 31.801489443038612 ], [ -91.362594193030688, 31.801619866802557 ], [ -91.362390691304853, 31.801642976756579 ], [ -91.361058551072091, 31.801373865439956 ], [ -91.360886742924762, 31.801283600873472 ], [ -91.360663208967736, 31.801314486206653 ], [ -91.360256509316926, 31.801166151999592 ], [ -91.359993453038612, 31.80119077409379 ], [ -91.35965446774135, 31.801072897160733 ], [ -91.359506373603423, 31.800827438954485 ], [ -91.359604887861394, 31.800564442092384 ], [ -91.359892300899247, 31.800437966123042 ], [ -91.360383028952157, 31.800584994532841 ], [ -91.360686141145777, 31.800569491191848 ], [ -91.361011468554011, 31.80070266212336 ], [ -91.361547840194746, 31.800731839206861 ] ] ], [ [ [ -91.357310057969173, 31.768184933095164 ], [ -91.357562969784283, 31.768013001766398 ], [ -91.357884108837723, 31.768044211463533 ], [ -91.358085357810609, 31.768260280178318 ], [ -91.358048827352647, 31.768534638448568 ], [ -91.357795914927408, 31.768706570711441 ], [ -91.357474773634934, 31.76867536071865 ], [ -91.357273525272177, 31.768459291069743 ], [ -91.357310057969173, 31.768184933095164 ] ] ], [ [ [ -91.355361787479069, 31.77676667391852 ], [ -91.355614726819255, 31.776594747594132 ], [ -91.355935894523228, 31.776625963145882 ], [ -91.356137156489666, 31.776842035136092 ], [ -91.356100615756489, 31.777116392184094 ], [ -91.355847675805748, 31.777288319442885 ], [ -91.355526505861818, 31.777257103595279 ], [ -91.355325244505948, 31.777041030670649 ], [ -91.355361787479069, 31.77676667391852 ] ] ], [ [ [ -91.361319792469686, 31.789022810911877 ], [ -91.361572755758957, 31.788850873817669 ], [ -91.361893968359496, 31.788882075772676 ], [ -91.362095269871247, 31.789098139303821 ], [ -91.362058740167186, 31.789372497986015 ], [ -91.361805776267573, 31.789544436015174 ], [ -91.361484561425584, 31.789513233764584 ], [ -91.361283260524189, 31.789297169298479 ], [ -91.361319792469686, 31.789022810911877 ] ] ], [ [ [ -91.360957755956747, 31.794867667835351 ], [ -91.361210736310085, 31.794695732170766 ], [ -91.361531968880797, 31.794726935688271 ], [ -91.361733281571048, 31.794942999999559 ], [ -91.36169674770548, 31.795217358222686 ], [ -91.36144376674163, 31.795389294822431 ], [ -91.3611225319288, 31.795358091009266 ], [ -91.360921219849075, 31.795142025762814 ], [ -91.360957755956747, 31.794867667835351 ] ] ], [ [ [ -91.360450996223918, 31.797749484121496 ], [ -91.360785439367049, 31.797564799595893 ], [ -91.361298839257245, 31.797666081402799 ], [ -91.361523985231656, 31.797864253080586 ], [ -91.361519112595133, 31.798140348439222 ], [ -91.361207475188493, 31.798352142266776 ], [ -91.360652977740187, 31.798255526288077 ], [ -91.36042783278603, 31.798057353111428 ], [ -91.360450996223918, 31.797749484121496 ] ] ], [ [ [ -91.356738755604141, 31.802979415758475 ], [ -91.356991766192891, 31.80280748970085 ], [ -91.357313024805549, 31.80283870472951 ], [ -91.357514344089765, 31.803054775713303 ], [ -91.35747779350713, 31.803329131861805 ], [ -91.357224782307213, 31.803501058854838 ], [ -91.356903521451656, 31.803469843530195 ], [ -91.356702202778578, 31.80325377161099 ], [ -91.356738755604141, 31.802979415758475 ] ] ], [ [ [ -91.355118574300718, 31.805604102000043 ], [ -91.355371595124467, 31.805432179575082 ], [ -91.355692862049665, 31.805463398970502 ], [ -91.355894182854783, 31.805679472497264 ], [ -91.355857626110307, 31.805953827875332 ], [ -91.355604604675165, 31.806125751235772 ], [ -91.355283335506812, 31.806094531544229 ], [ -91.355082015313073, 31.805878457081992 ], [ -91.355118574300718, 31.805604102000043 ] ] ], [ [ [ -91.353805904588995, 31.808310986443026 ], [ -91.354077449933328, 31.808161074044303 ], [ -91.354393594908771, 31.808219038114608 ], [ -91.354569147547835, 31.808450924422154 ], [ -91.354501270761887, 31.808720897720892 ], [ -91.354229724380033, 31.808870810979414 ], [ -91.353913577323596, 31.808812846436052 ], [ -91.353738025722038, 31.808580959268717 ], [ -91.353805904588995, 31.808310986443026 ] ] ], [ [ [ -91.351808977711485, 31.813811591778393 ], [ -91.352080542599865, 31.813661684419579 ], [ -91.352396704685631, 31.813719653995484 ], [ -91.352572261978665, 31.813951543049374 ], [ -91.352504374663752, 31.814221514726523 ], [ -91.352232808737412, 31.814371422945264 ], [ -91.351916644570139, 31.814313452896087 ], [ -91.351741088315066, 31.814081562982274 ], [ -91.351808977711485, 31.813811591778393 ] ] ] ] } },
{ "type": "Feature", "properties": { "depth_bin": 26, "survey_id": "LM_03_KGC_20260531_CS_3820_3786", "date": "2026-05-31 00:00:00+00:00", "year": 2026, "mile": 380.0, "bin_order": -26 }, "geometry": { "type": "MultiPolygon", "coordinates": [ [ [ [ -91.365492785627467, 31.786537783800302 ], [ -91.365724785226362, 31.786345488460181 ], [ -91.366048023624927, 31.786349637491615 ], [ -91.366273153791653, 31.786547800524072 ], [ -91.366268297414393, 31.786823897029816 ], [ -91.366036297654603, 31.787016193344503 ], [ -91.365713056938858, 31.787012044205841 ], [ -91.365487926933028, 31.786813880198814 ], [ -91.365492785627467, 31.786537783800302 ] ] ], [ [ [ -91.361461209039831, 31.789070448246285 ], [ -91.361732457466474, 31.788866736788744 ], [ -91.362137563899495, 31.788883938340433 ], [ -91.362384348481427, 31.789062306289921 ], [ -91.362411187381667, 31.789337480251437 ], [ -91.362164622547866, 31.789562920946974 ], [ -91.361720278614641, 31.789557143414772 ], [ -91.361456337884249, 31.789346543977899 ], [ -91.361461209039831, 31.789070448246285 ] ] ], [ [ [ -91.362161685453515, 31.792074514923581 ], [ -91.362393706036229, 31.791882226513501 ], [ -91.362716963161986, 31.79188638464495 ], [ -91.362942098829564, 31.792084553616892 ], [ -91.362937231504262, 31.792360649422456 ], [ -91.362705210760296, 31.792552938807294 ], [ -91.362381951316735, 31.792548780568403 ], [ -91.362156815810408, 31.792350610621696 ], [ -91.362161685453515, 31.792074514923581 ] ] ], [ [ [ -91.36459475852817, 31.795392125038557 ], [ -91.364906378337835, 31.795180322227282 ], [ -91.365428232721655, 31.795250698069545 ], [ -91.365675040283136, 31.795429060246772 ], [ -91.365701889942031, 31.795704233639327 ], [ -91.36541607831694, 31.795941105279503 ], [ -91.364853860942446, 31.795878814508114 ], [ -91.364589895489232, 31.795668220928849 ], [ -91.36459475852817, 31.795392125038557 ] ] ], [ [ [ -91.362167466671664, 31.798083992022445 ], [ -91.362438740869294, 31.797880280169821 ], [ -91.362844369778884, 31.797894562204668 ], [ -91.363091178940792, 31.798072929391846 ], [ -91.363118021318002, 31.798348102988321 ], [ -91.362871433193931, 31.798573544000337 ], [ -91.362426562994926, 31.798570686061847 ], [ -91.362162595906611, 31.79836008746053 ], [ -91.362167466671664, 31.798083992022445 ] ] ], [ [ [ -91.363456151284851, 31.798227294518249 ], [ -91.363709136682786, 31.798055354125822 ], [ -91.364030381959651, 31.798086551739125 ], [ -91.364231707574817, 31.798302612428376 ], [ -91.364195179281765, 31.798576971433462 ], [ -91.363942193273431, 31.798748912761223 ], [ -91.363620945754036, 31.798717714852391 ], [ -91.363419620749269, 31.798501653227817 ], [ -91.363456151284851, 31.798227294518249 ] ] ], [ [ [ -91.360447417024801, 31.800524614126061 ], [ -91.36073023232295, 31.800658436905941 ], [ -91.360819412376259, 31.800923852131767 ], [ -91.36069384913209, 31.801142005278084 ], [ -91.360393302833373, 31.80124381495926 ], [ -91.360112030943625, 31.801206845306911 ], [ -91.359916728199423, 31.801094219879616 ], [ -91.359645323323122, 31.801098679214014 ], [ -91.359446552130635, 31.800982683284499 ], [ -91.358387399824622, 31.800864117596266 ], [ -91.358185556394602, 31.800745133438813 ], [ -91.358093724782719, 31.800515048614518 ], [ -91.358221952371565, 31.800261566189828 ], [ -91.358522497584801, 31.800159761595662 ], [ -91.358959736696846, 31.800289579982255 ], [ -91.359437283423631, 31.800298528873526 ], [ -91.360098053399796, 31.800524060220958 ], [ -91.360447417024801, 31.800524614126061 ] ] ], [ [ [ -91.355249476435432, 31.805685749521196 ], [ -91.355481546091269, 31.80549347573989 ], [ -91.355804849480336, 31.805497653010622 ], [ -91.356030001502077, 31.805695834421162 ], [ -91.356025111041234, 31.805971928678627 ], [ -91.355793041223379, 31.806164203435209 ], [ -91.355469735514973, 31.806160026056556 ], [ -91.355244583655235, 31.805961843670751 ], [ -91.355249476435432, 31.805685749521196 ] ] ], [ [ [ -91.353935902399328, 31.808386147437773 ], [ -91.354188933131638, 31.808214227767088 ], [ -91.354510209111069, 31.80824545044759 ], [ -91.354711532812445, 31.808461525865948 ], [ -91.354674971109517, 31.808735880634096 ], [ -91.354421939765629, 31.808907801240352 ], [ -91.354100661542759, 31.808876578263625 ], [ -91.353899338452948, 31.80866050190971 ], [ -91.353935902399328, 31.808386147437773 ] ] ], [ [ [ -91.352640805237471, 31.811061411867268 ], [ -91.352893845777317, 31.810889495169366 ], [ -91.353215130392911, 31.81092072140607 ], [ -91.353416456500341, 31.811136798880945 ], [ -91.353379889563769, 31.81141115300132 ], [ -91.353126848412145, 31.811583070634871 ], [ -91.352805561552827, 31.811551844101839 ], [ -91.352604236057175, 31.811335765691325 ], [ -91.352640805237471, 31.811061411867268 ] ] ] ] } },
{ "type": "Feature", "properties": { "depth_bin": 27, "survey_id": "LM_03_KGC_20260531_CS_3820_3786", "date": "2026-05-31 00:00:00+00:00", "year": 2026, "mile": 380.0, "bin_order": -27 }, "geometry": { "type": "MultiPolygon", "coordinates": [ [ [ [ -91.3618214295212, 31.783350450567024 ], [ -91.362053428147235, 31.7831581618148 ], [ -91.362376654863922, 31.783162319794137 ], [ -91.362601769482566, 31.783360488893123 ], [ -91.362596902798671, 31.783636585030237 ], [ -91.362364904011415, 31.783828874756903 ], [ -91.362041674977917, 31.7838247166701 ], [ -91.361816560520509, 31.783626546596675 ], [ -91.3618214295212, 31.783350450567024 ] ] ], [ [ [ -91.362784461662301, 31.783406302587153 ], [ -91.363016458519994, 31.783214012018743 ], [ -91.363339685586809, 31.783218167560321 ], [ -91.363564802468915, 31.78341633502793 ], [ -91.363559938636001, 31.783692431295702 ], [ -91.363327941617172, 31.783884722838565 ], [ -91.363004712233561, 31.783880567189595 ], [ -91.362779595512578, 31.783682398747533 ], [ -91.362784461662301, 31.783406302587153 ] ] ], [ [ [ -91.362774902492717, 31.786278339008984 ], [ -91.363006906819066, 31.786086048783204 ], [ -91.3633301438757, 31.786090204683308 ], [ -91.363555267417127, 31.786288372315322 ], [ -91.363550403012042, 31.786564468457151 ], [ -91.363318398524527, 31.786756759657489 ], [ -91.362995159150756, 31.786752603649987 ], [ -91.362770035770495, 31.786554435043413 ], [ -91.362774902492717, 31.786278339008984 ] ] ], [ [ [ -91.361797788790355, 31.789077555263216 ], [ -91.3620911076803, 31.788897532739018 ], [ -91.362493367550883, 31.788948285237687 ], [ -91.362718495886995, 31.789146454437418 ], [ -91.362713628453747, 31.789422550339594 ], [ -91.362442380403479, 31.789626263889144 ], [ -91.361999761058399, 31.789583595566128 ], [ -91.36177463329804, 31.789385425123935 ], [ -91.361797788790355, 31.789077555263216 ] ] ], [ [ [ -91.362323066188921, 31.792090363520607 ], [ -91.362594321938133, 31.791886650551909 ], [ -91.362997489308938, 31.791910599263691 ], [ -91.363244283397677, 31.792088965790136 ], [ -91.363271125316871, 31.792364139559787 ], [ -91.363024554117175, 31.792589581618561 ], [ -91.362582148060724, 31.7925770571482 ], [ -91.362318197022503, 31.792366459240348 ], [ -91.362323066188921, 31.792090363520607 ] ] ], [ [ [ -91.363776836591924, 31.792216634107795 ], [ -91.364029804530873, 31.792044692351837 ], [ -91.364351029244048, 31.792075888489038 ], [ -91.364552343236269, 31.792291948454224 ], [ -91.364515819069737, 31.792566307911311 ], [ -91.364262850520603, 31.792738250602387 ], [ -91.363941623565552, 31.792707054169735 ], [ -91.363740310183516, 31.792490993269436 ], [ -91.363776836591924, 31.792216634107795 ] ] ], [ [ [ -91.364437328728599, 31.795373279491262 ], [ -91.364669353348489, 31.795180987146232 ], [ -91.364992622323257, 31.795185139883969 ], [ -91.36521777071097, 31.795383305162918 ], [ -91.365212909525795, 31.795659401139595 ], [ -91.364980884744867, 31.795851694459536 ], [ -91.364657613451911, 31.795847541614492 ], [ -91.364432465225235, 31.795649375360643 ], [ -91.364437328728599, 31.795373279491262 ] ] ], [ [ [ -91.362507498970913, 31.798077324133462 ], [ -91.362841939482351, 31.79789263411384 ], [ -91.363149884309777, 31.797976759113215 ], [ -91.363294753998559, 31.798201469003224 ], [ -91.36351420734448, 31.798031039321408 ], [ -91.363798668481337, 31.798022767400152 ], [ -91.364045479892084, 31.798201132805872 ], [ -91.364072325127594, 31.798476306291974 ], [ -91.363933016975736, 31.798648691912149 ], [ -91.363705046162096, 31.798725925884654 ], [ -91.363397098315062, 31.798641802137961 ], [ -91.36325222773489, 31.798417092347997 ], [ -91.363032772983189, 31.798587521521235 ], [ -91.362748310123621, 31.798595791669097 ], [ -91.362484342205676, 31.798385193709134 ], [ -91.362507498970913, 31.798077324133462 ] ] ], [ [ [ -91.357131333851072, 31.768203483259295 ], [ -91.357363302514742, 31.76801120166774 ], [ -91.357686475801231, 31.768015369781811 ], [ -91.357911544819245, 31.768213546053001 ], [ -91.357906667076264, 31.768489642198031 ], [ -91.35767469825096, 31.768681924763438 ], [ -91.357351522649438, 31.768677756541621 ], [ -91.357126453793043, 31.768479579296567 ], [ -91.357131333851072, 31.768203483259295 ] ] ], [ [ [ -91.361020063798321, 31.786089516149719 ], [ -91.361252071121427, 31.78589722922386 ], [ -91.361575307237104, 31.785901389556265 ], [ -91.36180042645104, 31.786099560156678 ], [ -91.361795556866824, 31.786375656064138 ], [ -91.361563549382382, 31.786567943964549 ], [ -91.361240310949597, 31.786563783524624 ], [ -91.361015191896982, 31.786365611949652 ], [ -91.361020063798321, 31.786089516149719 ] ] ], [ [ [ -91.361100359247018, 31.794911171699106 ], [ -91.361371626087774, 31.794707461790917 ], [ -91.361777806676628, 31.794726305757255 ], [ -91.362024605549493, 31.79490467474632 ], [ -91.362051444270747, 31.795179848562203 ], [ -91.361804862423142, 31.795405287810866 ], [ -91.361359441784543, 31.795397867658266 ], [ -91.361095485911179, 31.795187267127329 ], [ -91.361100359247018, 31.794911171699106 ] ] ], [ [ [ -91.359094552577773, 31.800502852047018 ], [ -91.359387913551757, 31.800322837455983 ], [ -91.359786512079424, 31.80038443192263 ], [ -91.360011661028054, 31.800582606308417 ], [ -91.360006783379291, 31.800858701339795 ], [ -91.359735495074716, 31.801062407443464 ], [ -91.359296531897982, 31.801008896109479 ], [ -91.35907138354267, 31.800810720487569 ], [ -91.359094552577773, 31.800502852047018 ] ] ], [ [ [ -91.356267082010589, 31.802894284013139 ], [ -91.356407234128795, 31.802766173507784 ], [ -91.356642985548874, 31.802708409101317 ], [ -91.357079289735097, 31.802781852309629 ], [ -91.35726750138079, 31.802887594295964 ], [ -91.357549530071566, 31.802880049236688 ], [ -91.35779634139972, 31.80305842666424 ], [ -91.357823168784762, 31.803333600690866 ], [ -91.357683841631911, 31.803505978706507 ], [ -91.357455854014702, 31.80358320084887 ], [ -91.357103863403211, 31.803461545819697 ], [ -91.356507869010102, 31.803412762229573 ], [ -91.356243902654796, 31.803202151491437 ], [ -91.356267082010589, 31.802894284013139 ] ] ], [ [ [ -91.355418449318634, 31.805704581348614 ], [ -91.355671469896933, 31.805532658320367 ], [ -91.355992737304391, 31.805563876973228 ], [ -91.356194059037009, 31.80577995005309 ], [ -91.356157503121963, 31.806054305541728 ], [ -91.355904481932299, 31.806226229505462 ], [ -91.355583212281644, 31.806195010556507 ], [ -91.355381891160391, 31.805978936541155 ], [ -91.355418449318634, 31.805704581348614 ] ] ] ] } },
{ "type": "Feature", "properties": { "depth_bin": 28, "survey_id": "LM_03_KGC_20260531_CS_3820_3786", "date": "2026-05-31 00:00:00+00:00", "year": 2026, "mile": 380.0, "bin_order": -28 }, "geometry": { "type": "MultiPolygon", "coordinates": [ [ [ [ -91.362834141652115, 31.789071718442784 ], [ -91.363134645514208, 31.788969901394967 ], [ -91.364058675096416, 31.789057791177257 ], [ -91.364305463987492, 31.789236155536205 ], [ -91.364332308626928, 31.789511329278348 ], [ -91.364159353099097, 31.789704376476585 ], [ -91.36392363911574, 31.789762156190005 ], [ -91.363039656049864, 31.789683383951353 ], [ -91.36279180190482, 31.789548186815992 ], [ -91.362436018952877, 31.789660452038628 ], [ -91.362153233797585, 31.789526633872097 ], [ -91.362064059334415, 31.789261219364846 ], [ -91.362220731328605, 31.789019685055298 ], [ -91.362531472635212, 31.788943517850942 ], [ -91.362834141652115, 31.789071718442784 ] ] ], [ [ [ -91.363601976386832, 31.792216277248919 ], [ -91.363833994474987, 31.79202398612858 ], [ -91.36415725232709, 31.792028140620022 ], [ -91.364382391516443, 31.792226307154426 ], [ -91.364377528445459, 31.792502403152806 ], [ -91.364145510196209, 31.792694695247928 ], [ -91.363822250026274, 31.792690540649126 ], [ -91.363597110998029, 31.792492373139936 ], [ -91.363601976386832, 31.792216277248919 ] ] ], [ [ [ -91.364295022839329, 31.795324801542758 ], [ -91.364588357449549, 31.795144773932531 ], [ -91.364951239447066, 31.795235277977 ], [ -91.365270982182309, 31.795213297877506 ], [ -91.365517789331449, 31.795391660347253 ], [ -91.365544638516909, 31.795666833758556 ], [ -91.36543646833249, 31.795815841811987 ], [ -91.36521846749369, 31.795911790396804 ], [ -91.364855582586003, 31.795821287026126 ], [ -91.364535837699407, 31.795843266006205 ], [ -91.364271873095518, 31.795632671793726 ], [ -91.364295022839329, 31.795324801542758 ] ] ], [ [ [ -91.362651160983674, 31.79811419366634 ], [ -91.362962794434708, 31.797902396157774 ], [ -91.363487055336634, 31.797950688334957 ], [ -91.363842951502008, 31.798111380342018 ], [ -91.363914762280913, 31.798445943959575 ], [ -91.363806586099258, 31.798594950368415 ], [ -91.363588577044098, 31.798690895844878 ], [ -91.362910259965858, 31.798600886806657 ], [ -91.362646291650989, 31.798390289169983 ], [ -91.362651160983674, 31.79811419366634 ] ] ], [ [ [ -91.36119677946931, 31.7860696850517 ], [ -91.361490089689653, 31.785889663550559 ], [ -91.362016782246414, 31.785931206797827 ], [ -91.362263558998976, 31.78610957478919 ], [ -91.362290397089907, 31.786384748857969 ], [ -91.362004606899049, 31.786621613840737 ], [ -91.361437555131971, 31.78658815471281 ], [ -91.361173623199306, 31.786377554900881 ], [ -91.36119677946931, 31.7860696850517 ] ] ], [ [ [ -91.361437939242848, 31.794913709025682 ], [ -91.361690918880143, 31.794741772381968 ], [ -91.362012151826789, 31.794772974697842 ], [ -91.362213465764697, 31.794989038288907 ], [ -91.362176933287714, 31.795263396695095 ], [ -91.361923953039934, 31.795435334273996 ], [ -91.36160271785117, 31.79540413166248 ], [ -91.361401404523747, 31.795188067136248 ], [ -91.361437939242848, 31.794913709025682 ] ] ], [ [ [ -91.356893884137961, 31.803016156197071 ], [ -91.357146894556877, 31.802844229825581 ], [ -91.357468153366426, 31.802875444468427 ], [ -91.35766947309898, 31.803091515220427 ], [ -91.357632922953457, 31.80336587142693 ], [ -91.357379911923402, 31.803537798733821 ], [ -91.357058650870925, 31.803506583795006 ], [ -91.356857331749524, 31.803290512107591 ], [ -91.356893884137961, 31.803016156197071 ] ] ], [ [ [ -91.359525294383886, 31.803630118422294 ], [ -91.359796590896195, 31.803426413113861 ], [ -91.360233594908635, 31.803485133238681 ], [ -91.36045875206645, 31.803683307025892 ], [ -91.360453875158584, 31.803959401984557 ], [ -91.36018257841225, 31.804163108674299 ], [ -91.359745571266927, 31.804104388273899 ], [ -91.359520414710232, 31.803906213254027 ], [ -91.359525294383886, 31.803630118422294 ] ] ], [ [ [ -91.36063123328438, 31.803846554827402 ], [ -91.360884239456752, 31.803674620888483 ], [ -91.361205502821008, 31.803705826229546 ], [ -91.36140683324156, 31.803921891394133 ], [ -91.361370293656677, 31.80419624900069 ], [ -91.361117286873494, 31.804368183875106 ], [ -91.36079602126614, 31.8043369782383 ], [ -91.360594691456384, 31.804120912138199 ], [ -91.36063123328438, 31.803846554827402 ] ] ], [ [ [ -91.355555289090333, 31.805773014175646 ], [ -91.355787358364879, 31.805580739825025 ], [ -91.35611066210754, 31.805584916329291 ], [ -91.356335815010667, 31.805783097225177 ], [ -91.356330925442691, 31.806059191521314 ], [ -91.356098856006184, 31.806251466847208 ], [ -91.355775549944156, 31.806247290235049 ], [ -91.355550397203004, 31.806049108363876 ], [ -91.355555289090333, 31.805773014175646 ] ] ], [ [ [ -91.354092826638052, 31.808415757724966 ], [ -91.354345857177307, 31.808243837735859 ], [ -91.354667133329954, 31.808275060025181 ], [ -91.354868457469394, 31.808491135208726 ], [ -91.35483189621273, 31.808765490036031 ], [ -91.35457886506191, 31.808937410960713 ], [ -91.354257586665796, 31.80890618837519 ], [ -91.354056263137934, 31.808690112256073 ], [ -91.354092826638052, 31.808415757724966 ] ] ], [ [ [ -91.352798205384175, 31.811090030568945 ], [ -91.353051245727343, 31.810918113551473 ], [ -91.353372530513013, 31.810949339395659 ], [ -91.35357385705764, 31.811165416634967 ], [ -91.353537290569307, 31.811439770814744 ], [ -91.35328424961439, 31.811611688767865 ], [ -91.352962962584982, 31.811580462627365 ], [ -91.352761636652119, 31.811364384452403 ], [ -91.352798205384175, 31.811090030568945 ] ] ] ] } },
{ "type": "Feature", "properties": { "depth_bin": 29, "survey_id": "LM_03_KGC_20260531_CS_3820_3786", "date": "2026-05-31 00:00:00+00:00", "year": 2026, "mile": 380.0, "bin_order": -29 }, "geometry": { "type": "MultiPolygon", "coordinates": [ [ [ [ -91.365456376298113, 31.774847464591176 ], [ -91.365688345654817, 31.774655168000503 ], [ -91.36601154338706, 31.774659315765931 ], [ -91.36623664628415, 31.774857478258514 ], [ -91.366231792008193, 31.775133575266491 ], [ -91.36599982249065, 31.775325872831285 ], [ -91.365676622442578, 31.775321724958655 ], [ -91.365451519706312, 31.775123561491935 ], [ -91.365456376298113, 31.774847464591176 ] ] ], [ [ [ -91.366748370933905, 31.774967043606505 ], [ -91.36700128518811, 31.774795093735495 ], [ -91.367322451847954, 31.774826280485556 ], [ -91.367523737423738, 31.775042335290127 ], [ -91.367487231124201, 31.775316696835731 ], [ -91.367234316260564, 31.775488647641279 ], [ -91.366913147360719, 31.775457460596105 ], [ -91.366711862394354, 31.775241404856999 ], [ -91.366748370933905, 31.774967043606505 ] ] ], [ [ [ -91.36264144252425, 31.783373111446107 ], [ -91.362894387613864, 31.783201170978522 ], [ -91.36321558135603, 31.783232368982212 ], [ -91.363416874397245, 31.783448430298606 ], [ -91.363380351572616, 31.783722789799867 ], [ -91.363127405872959, 31.78389473120221 ], [ -91.362806209889953, 31.78386353290308 ], [ -91.362604917458782, 31.7836474706519 ], [ -91.36264144252425, 31.783373111446107 ] ] ], [ [ [ -91.361339477095498, 31.786114233440799 ], [ -91.361651071848257, 31.785902437507179 ], [ -91.362175246712141, 31.785951916704047 ], [ -91.362422023836473, 31.78613028439969 ], [ -91.362448862401735, 31.786405458450169 ], [ -91.362163072532525, 31.786642323799498 ], [ -91.361598538486845, 31.786600928775037 ], [ -91.361334606138684, 31.786390329283858 ], [ -91.361339477095498, 31.786114233440799 ] ] ], [ [ [ -91.362275338766523, 31.78913551734502 ], [ -91.362528300690471, 31.788963578305179 ], [ -91.362849514111474, 31.788994777871736 ], [ -91.363050818148892, 31.789210839970707 ], [ -91.363014291196265, 31.789485199015957 ], [ -91.362761328662089, 31.789657138990787 ], [ -91.362440112999579, 31.789625939128697 ], [ -91.362238809572403, 31.789409876094751 ], [ -91.362275338766523, 31.78913551734502 ] ] ], [ [ [ -91.363379516613776, 31.789261211855258 ], [ -91.363611527476948, 31.789068920822174 ], [ -91.363934775009838, 31.789073075534617 ], [ -91.364159906830366, 31.789271242294287 ], [ -91.364155043657476, 31.789547338390189 ], [ -91.363923032633181, 31.789739630397939 ], [ -91.363599782782813, 31.789735475578148 ], [ -91.363374651123408, 31.789537307843798 ], [ -91.363379516613776, 31.789261211855258 ] ] ], [ [ [ -91.362656641769291, 31.792104171367079 ], [ -91.362991059933549, 31.791919480055935 ], [ -91.363312317127125, 31.792014240983143 ], [ -91.363915630807981, 31.792006400506615 ], [ -91.364181707770925, 31.792163245433198 ], [ -91.36424000233221, 31.792434846704936 ], [ -91.364121158018023, 31.792618064455571 ], [ -91.363903163585476, 31.79271401103982 ], [ -91.3634168762147, 31.792687803727418 ], [ -91.363219321660793, 31.79259982925705 ], [ -91.362937494379167, 31.79263175741136 ], [ -91.362633487900439, 31.792412041313927 ], [ -91.362656641769291, 31.792104171367079 ] ] ], [ [ [ -91.361593586357188, 31.794951814131597 ], [ -91.361846565827548, 31.79477987717322 ], [ -91.362167798975904, 31.79481107910221 ], [ -91.362369113366029, 31.795027142460725 ], [ -91.362332581326854, 31.795301500924985 ], [ -91.362079601246037, 31.79547343881854 ], [ -91.36175836585555, 31.795442236593956 ], [ -91.361557052075895, 31.79522617230025 ], [ -91.361593586357188, 31.794951814131597 ] ] ], [ [ [ -91.360851900597169, 31.80362931896461 ], [ -91.361323585550807, 31.803729525298014 ], [ -91.361510811715632, 31.803864828283395 ], [ -91.361569104176738, 31.80413643028373 ], [ -91.361385435777365, 31.804363682498991 ], [ -91.361067396452739, 31.804413462997367 ], [ -91.360243082573604, 31.804249594358065 ], [ -91.359888448559417, 31.804087098283087 ], [ -91.359464862869842, 31.804072801566178 ], [ -91.359263011189697, 31.803953818894119 ], [ -91.359172583025838, 31.803759119220061 ], [ -91.35927110171383, 31.803496122869301 ], [ -91.359558524436565, 31.803369648030817 ], [ -91.360851900597169, 31.80362931896461 ] ] ], [ [ [ -91.354881466187408, 31.776716761405961 ], [ -91.355174757600182, 31.776536753620721 ], [ -91.355699997062828, 31.776582979617352 ], [ -91.355946737108169, 31.776761358860348 ], [ -91.355973554999792, 31.777036533926449 ], [ -91.355687779221995, 31.777273385486065 ], [ -91.355122184208099, 31.777235241736701 ], [ -91.354858292801055, 31.777024629912304 ], [ -91.354881466187408, 31.776716761405961 ] ] ], [ [ [ -91.357496306806098, 31.803198298424793 ], [ -91.357654747405761, 31.803038413245439 ], [ -91.357890498855554, 31.802980646526912 ], [ -91.358187315678592, 31.803090156786663 ], [ -91.358305728869652, 31.803326857088123 ], [ -91.358502402033764, 31.8031898940533 ], [ -91.358786878935476, 31.803181633890429 ], [ -91.359033693528474, 31.803360009016693 ], [ -91.359060524640896, 31.803635182896389 ], [ -91.358921199245444, 31.803807562321364 ], [ -91.358693211803015, 31.803884786687206 ], [ -91.358385252154804, 31.803800650452605 ], [ -91.358236543947285, 31.803539780239795 ], [ -91.358039869644273, 31.803676742818229 ], [ -91.357755391233269, 31.803685001256845 ], [ -91.357491421180896, 31.803474392994104 ], [ -91.357496306806098, 31.803198298424793 ] ] ], [ [ [ -91.355890247586501, 31.80579691703057 ], [ -91.356183631647667, 31.805616910745243 ], [ -91.356587814571313, 31.805663544582767 ], [ -91.356812968715687, 31.805861724672674 ], [ -91.356808080551815, 31.806137819031573 ], [ -91.356536769569686, 31.806341517395879 ], [ -91.356092219386127, 31.806302965575298 ], [ -91.355867065813015, 31.80610478423884 ], [ -91.355890247586501, 31.80579691703057 ] ] ] ] } },
{ "type": "Feature", "properties": { "depth_bin": 30, "survey_id": "LM_03_KGC_20260531_CS_3820_3786", "date": "2026-05-31 00:00:00+00:00", "year": 2026, "mile": 380.0, "bin_order": -30 }, "geometry": { "type": "MultiPolygon", "coordinates": [ [ [ [ -91.361966191255974, 31.78339693889707 ], [ -91.362251971237143, 31.783160073554861 ], [ -91.362640132115331, 31.783230677889328 ], [ -91.362938248706939, 31.783190709302016 ], [ -91.363204299348439, 31.783347555576078 ], [ -91.363262586682978, 31.783619157374517 ], [ -91.363143752566998, 31.783802374770367 ], [ -91.362966132347239, 31.783890235653779 ], [ -91.36257796844157, 31.783819632219501 ], [ -91.362279849702261, 31.783859599886004 ], [ -91.362013799284142, 31.783702751694783 ], [ -91.361966191255974, 31.78339693889707 ] ] ], [ [ [ -91.362616052679485, 31.786254829171082 ], [ -91.362848057260479, 31.786062539243279 ], [ -91.363171294209607, 31.786066695543848 ], [ -91.363396417344376, 31.786264863444249 ], [ -91.363391552471683, 31.786540959565151 ], [ -91.363159547729524, 31.786733250467499 ], [ -91.362836308463244, 31.78672909405951 ], [ -91.362611185489655, 31.786530925184568 ], [ -91.362616052679485, 31.786254829171082 ] ] ], [ [ [ -91.362580371669353, 31.789183232533912 ], [ -91.362812383918239, 31.788990943004581 ], [ -91.363135631050525, 31.788995099736582 ], [ -91.363360760918795, 31.789193267848642 ], [ -91.363355895385538, 31.789469363837529 ], [ -91.363123882975458, 31.78966165434154 ], [ -91.362800633525694, 31.789657497502127 ], [ -91.362575503818618, 31.789459328415401 ], [ -91.362580371669353, 31.789183232533912 ] ] ], [ [ [ -91.363279590445615, 31.792201183651649 ], [ -91.36351160913533, 31.79200889313983 ], [ -91.363834866882755, 31.792013048447973 ], [ -91.364060005322543, 31.792211215528848 ], [ -91.364055141296149, 31.792487311483359 ], [ -91.363823122445325, 31.792679602969965 ], [ -91.363499862380053, 31.792675447554448 ], [ -91.363274724101402, 31.792477279498787 ], [ -91.363279590445615, 31.792201183651649 ] ] ], [ [ [ -91.36092240295369, 31.80395763378187 ], [ -91.3612340603935, 31.803745841486464 ], [ -91.361752333885278, 31.803817278907417 ], [ -91.361999156078625, 31.80399564851238 ], [ -91.362025996111143, 31.80427082204217 ], [ -91.361740148092494, 31.804507683917691 ], [ -91.36118150761007, 31.804444330257336 ], [ -91.360917527372564, 31.804233728792791 ], [ -91.36092240295369, 31.80395763378187 ] ] ], [ [ [ -91.355023384400113, 31.77677099916443 ], [ -91.355255379463088, 31.776578722532779 ], [ -91.355578582193829, 31.776582896996747 ], [ -91.355803666453724, 31.776781077288245 ], [ -91.35579878082153, 31.777057172769155 ], [ -91.355566785596693, 31.777249450374992 ], [ -91.355243580549939, 31.777245275803129 ], [ -91.355018496451919, 31.777047094537451 ], [ -91.355023384400113, 31.77677099916443 ] ] ], [ [ [ -91.357185406204181, 31.803121991368322 ], [ -91.357417465353876, 31.802929713630064 ], [ -91.357740760129843, 31.802933885684826 ], [ -91.357965910476764, 31.803132063675729 ], [ -91.357961026260583, 31.803408158313008 ], [ -91.357728966949097, 31.803600437026443 ], [ -91.35740566985406, 31.803596264863899 ], [ -91.357180519668944, 31.803398085897815 ], [ -91.357185406204181, 31.803121991368322 ] ] ], [ [ [ -91.358586157205991, 31.803439746429014 ], [ -91.35881821439618, 31.803247466074101 ], [ -91.359141510505907, 31.803251634608728 ], [ -91.359366664698555, 31.803449810238011 ], [ -91.359361784587449, 31.803725905055597 ], [ -91.359129727235597, 31.803918186385715 ], [ -91.358806428806773, 31.803914017743384 ], [ -91.358581274775773, 31.803715841138914 ], [ -91.358586157205991, 31.803439746429014 ] ] ], [ [ [ -91.356190574980403, 31.805877339460906 ], [ -91.356422643262931, 31.805685063918901 ], [ -91.35674594747212, 31.805689238821923 ], [ -91.356971102027046, 31.805887418644691 ], [ -91.356966214328565, 31.806163513024423 ], [ -91.356734145884118, 31.806355789541723 ], [ -91.356410839355547, 31.80635161453084 ], [ -91.35618568496254, 31.806153433732788 ], [ -91.356190574980403, 31.805877339460906 ] ] ], [ [ [ -91.354228064761941, 31.808487502689527 ], [ -91.354460143725376, 31.808295231160585 ], [ -91.354783456706016, 31.808299411353076 ], [ -91.355008612984889, 31.808497594643281 ], [ -91.355003718952901, 31.808773688637327 ], [ -91.354771639827334, 31.808965961141645 ], [ -91.354448324527056, 31.80896178084117 ], [ -91.354223168410286, 31.808763596575591 ], [ -91.354228064761941, 31.808487502689527 ] ] ], [ [ [ -91.352935531272564, 31.811158132009243 ], [ -91.353206864382614, 31.810954442215419 ], [ -91.353645556221124, 31.811008664826801 ], [ -91.353870716283694, 31.81120685018989 ], [ -91.353865818350926, 31.811482943908238 ], [ -91.353594485023123, 31.811686635087987 ], [ -91.353155790034663, 31.811632412198783 ], [ -91.352930630567286, 31.811434225599715 ], [ -91.352935531272564, 31.811158132009243 ] ] ] ] } },
{ "type": "Feature", "properties": { "depth_bin": 31, "survey_id": "LM_03_KGC_20260531_CS_3820_3786", "date": "2026-05-31 00:00:00+00:00", "year": 2026, "mile": 380.0, "bin_order": -31 }, "geometry": { "type": "MultiPolygon", "coordinates": [ [ [ [ -91.361803158033766, 31.786210126336481 ], [ -91.362011981327186, 31.785999339804565 ], [ -91.362334138590469, 31.785976416058432 ], [ -91.362580916097158, 31.786154783457768 ], [ -91.362607755138583, 31.786429957489801 ], [ -91.362398932139058, 31.786640744998522 ], [ -91.362076772571726, 31.786663668829384 ], [ -91.361829994771128, 31.786485300453258 ], [ -91.361803158033766, 31.786210126336481 ] ] ], [ [ [ -91.362418269759033, 31.789180364649649 ], [ -91.362650282322591, 31.788988075426811 ], [ -91.362973529418667, 31.788992232569974 ], [ -91.363198658921064, 31.789190400957018 ], [ -91.363193792906571, 31.78946649692363 ], [ -91.362961780181806, 31.789658787121144 ], [ -91.362638530768251, 31.789654629870554 ], [ -91.362413401427077, 31.789456460508848 ], [ -91.362418269759033, 31.789180364649649 ] ] ], [ [ [ -91.361732251944872, 31.795014618485325 ], [ -91.3619642810107, 31.794822331220526 ], [ -91.362287548299548, 31.794826490784555 ], [ -91.362512689857013, 31.795024660637225 ], [ -91.362507820698156, 31.795300756255834 ], [ -91.362275791471021, 31.795493044495526 ], [ -91.36195252186404, 31.795488884824003 ], [ -91.361727380467869, 31.795290713996458 ], [ -91.361732251944872, 31.795014618485325 ] ] ], [ [ [ -91.358739624535815, 31.803480456103731 ], [ -91.358971681526612, 31.803288175462797 ], [ -91.359294977802989, 31.803292343612448 ], [ -91.359520132430717, 31.803490518983285 ], [ -91.359515252768247, 31.803766613820351 ], [ -91.359283195615802, 31.803958895436477 ], [ -91.358959897020313, 31.803954727179146 ], [ -91.358734742554233, 31.803756550833107 ], [ -91.358739624535815, 31.803480456103731 ] ] ], [ [ [ -91.361394333014289, 31.804047721454364 ], [ -91.361665626870405, 31.803844012076397 ], [ -91.362074759917121, 31.80385560295991 ], [ -91.362451367384836, 31.804054479938806 ], [ -91.362498984479089, 31.804360292012234 ], [ -91.362213137332745, 31.804597154978559 ], [ -91.361653440420156, 31.804534417053784 ], [ -91.361389458819488, 31.804323816526676 ], [ -91.361394333014289, 31.804047721454364 ] ] ], [ [ [ -91.35983088919464, 31.80975500874111 ], [ -91.360062960309975, 31.809562726743607 ], [ -91.360386278615138, 31.809566892853372 ], [ -91.360611450272302, 31.809765066695892 ], [ -91.360606572664295, 31.810041161411679 ], [ -91.360374501387398, 31.810233444384629 ], [ -91.360051180762383, 31.810229278167242 ], [ -91.359826009266811, 31.810031103349271 ], [ -91.35983088919464, 31.80975500874111 ] ] ], [ [ [ -91.357340313867724, 31.803159063104875 ], [ -91.357498754657058, 31.802999178125635 ], [ -91.357693072421029, 31.80294261448044 ], [ -91.35832526966648, 31.803060859719103 ], [ -91.358572083020249, 31.803239235703391 ], [ -91.35859891274086, 31.803514409638169 ], [ -91.358490721948172, 31.803663410927538 ], [ -91.358272695667878, 31.803759346636635 ], [ -91.357599397361952, 31.803645766226211 ], [ -91.357335427786097, 31.803435157654246 ], [ -91.357340313867724, 31.803159063104875 ] ] ], [ [ [ -91.355710912683548, 31.805807526299937 ], [ -91.355942981738337, 31.805615251658477 ], [ -91.356266285626489, 31.805619427771557 ], [ -91.356491438955089, 31.805817608405022 ], [ -91.356486549843382, 31.806093702721238 ], [ -91.356254480626632, 31.806285978337975 ], [ -91.355931174419126, 31.806281802117024 ], [ -91.355706021252473, 31.806083620508268 ], [ -91.355710912683548, 31.805807526299937 ] ] ], [ [ [ -91.354382131252748, 31.808532254694661 ], [ -91.354614210026142, 31.808339982878966 ], [ -91.354937523187687, 31.808344162685387 ], [ -91.355162679912496, 31.808542345716344 ], [ -91.355157786330224, 31.808818439729841 ], [ -91.354925707394756, 31.809010712520916 ], [ -91.354602391913531, 31.809006532606535 ], [ -91.35437723535081, 31.808808348600184 ], [ -91.354382131252748, 31.808532254694661 ] ] ], [ [ [ -91.351926004817358, 31.813910292929382 ], [ -91.352158102445983, 31.813718026376851 ], [ -91.352481433941662, 31.813722213051392 ], [ -91.352706597740024, 31.813920400532332 ], [ -91.352701695826923, 31.814196493971053 ], [ -91.352469598035896, 31.814388761499156 ], [ -91.352146264219954, 31.814384574716467 ], [ -91.351921100583979, 31.814186386259951 ], [ -91.351926004817358, 31.813910292929382 ] ] ], [ [ [ -91.351159412905702, 31.816760035660018 ], [ -91.351391519464016, 31.816567770883552 ], [ -91.351714860763622, 31.81657195983934 ], [ -91.351940029497385, 31.816770148770413 ], [ -91.351935124760004, 31.81704624197878 ], [ -91.351703018039217, 31.817238507730945 ], [ -91.351379674418993, 31.817234318666952 ], [ -91.351154505847717, 31.817036128760172 ], [ -91.351159412905702, 31.816760035660018 ] ] ] ] } },
{ "type": "Feature", "properties": { "depth_bin": 32, "survey_id": "LM_03_KGC_20260531_CS_3820_3786", "date": "2026-05-31 00:00:00+00:00", "year": 2026, "mile": 380.0, "bin_order": -32 }, "geometry": { "type": "MultiPolygon", "coordinates": [ [ [ [ -91.362125829085841, 31.783410740459253 ], [ -91.362372376985533, 31.783185299083485 ], [ -91.362776840599679, 31.78318558156651 ], [ -91.363042890938701, 31.783342428168432 ], [ -91.36310117779523, 31.783614030025038 ], [ -91.362881687117991, 31.78385902932061 ], [ -91.362439488389086, 31.783873401082122 ], [ -91.362173437647456, 31.783716553214536 ], [ -91.362125829085841, 31.783410740459253 ] ] ], [ [ [ -91.362458405657776, 31.786232380786984 ], [ -91.362690410493784, 31.786040091155005 ], [ -91.363013647339315, 31.786044247853127 ], [ -91.363238770072556, 31.78624241601992 ], [ -91.363233904735637, 31.786518512120008 ], [ -91.363001899738464, 31.786710802726539 ], [ -91.362678660575796, 31.786706645920997 ], [ -91.36245353800372, 31.786508476779659 ], [ -91.362458405657776, 31.786232380786984 ] ] ], [ [ [ -91.362956432180837, 31.792183181670708 ], [ -91.363188451466087, 31.791990891768545 ], [ -91.363511709098603, 31.791995047895014 ], [ -91.363736846780341, 31.792193215523504 ], [ -91.363731981796789, 31.792469311434168 ], [ -91.363499962350375, 31.7926616023111 ], [ -91.36317670240004, 31.792657446077257 ], [ -91.362951564879467, 31.792459277473974 ], [ -91.362956432180837, 31.792183181670708 ] ] ], [ [ [ -91.361893460648503, 31.795034784197615 ], [ -91.362125489446257, 31.794842496629911 ], [ -91.362448756831384, 31.794846655786987 ], [ -91.362673898793105, 31.795044825367039 ], [ -91.362669030109657, 31.795320921007061 ], [ -91.36243700115061, 31.795513209549661 ], [ -91.362113731447337, 31.795509050285109 ], [ -91.36188858964691, 31.79531087973017 ], [ -91.361893460648503, 31.795034784197615 ] ] ], [ [ [ -91.359486764879932, 31.803335540205648 ], [ -91.359742212367976, 31.803442776203962 ], [ -91.359860016256007, 31.803664064596681 ], [ -91.359786695214183, 31.803898945435382 ], [ -91.359594775416838, 31.804029364318332 ], [ -91.359350354941952, 31.804046746285504 ], [ -91.358950483041809, 31.803889772347468 ], [ -91.358690067441401, 31.803891028054952 ], [ -91.358426094613463, 31.803680421646781 ], [ -91.358430977498415, 31.803404326956848 ], [ -91.358663034905121, 31.803212046891801 ], [ -91.358907453241898, 31.803194666173173 ], [ -91.359149350630673, 31.803322758890435 ], [ -91.359486764879932, 31.803335540205648 ] ] ], [ [ [ -91.361862059356085, 31.804150430851326 ], [ -91.362133352542003, 31.803946720454761 ], [ -91.362569718819856, 31.804005548689954 ], [ -91.362794882369144, 31.804203718537458 ], [ -91.362790012309731, 31.804479813796664 ], [ -91.36251871888841, 31.804683525573136 ], [ -91.362082349482293, 31.804624697062998 ], [ -91.361857186532731, 31.804426525983867 ], [ -91.361862059356085, 31.804150430851326 ] ] ], [ [ [ -91.356651028490418, 31.806000302992913 ], [ -91.356883096176901, 31.805808026592761 ], [ -91.357206400889112, 31.805812200340746 ], [ -91.357431556751465, 31.806010379388145 ], [ -91.357426670398993, 31.806286473826404 ], [ -91.357194602550649, 31.806478751201851 ], [ -91.356871295519056, 31.806474577346041 ], [ -91.356646139818565, 31.806276397323344 ], [ -91.356651028490418, 31.806000302992913 ] ] ], [ [ [ -91.354536899332587, 31.808570595194492 ], [ -91.354848586608128, 31.808358819702491 ], [ -91.355371418794974, 31.808421450281561 ], [ -91.3556182399889, 31.808599832141379 ], [ -91.355645061735288, 31.80887500623356 ], [ -91.355359183359852, 31.809111852580926 ], [ -91.354795981655457, 31.809057303641314 ], [ -91.354532003883676, 31.808846689119857 ], [ -91.354536899332587, 31.808570595194492 ] ] ], [ [ [ -91.353246832234859, 31.811227765101581 ], [ -91.353478920267619, 31.811035495742253 ], [ -91.353802242633407, 31.811039678747644 ], [ -91.354027403115779, 31.811237863846316 ], [ -91.354022505643201, 31.811513957585095 ], [ -91.353790417448195, 31.811706227919888 ], [ -91.353467092762443, 31.811702044806452 ], [ -91.353241932442302, 31.811503858732305 ], [ -91.353246832234859, 31.811227765101581 ] ] ] ] } },
{ "type": "Feature", "properties": { "depth_bin": 33, "survey_id": "LM_03_KGC_20260531_CS_3820_3786", "date": "2026-05-31 00:00:00+00:00", "year": 2026, "mile": 380.0, "bin_order": -33 }, "geometry": { "type": "MultiPolygon", "coordinates": [ [ [ [ -91.366556764532632, 31.775018966460543 ], [ -91.366765551065697, 31.774808170566537 ], [ -91.36708766876508, 31.774785233407197 ], [ -91.367334427079371, 31.774963591199306 ], [ -91.367361278542731, 31.775238765057566 ], [ -91.367152492303831, 31.775449561927886 ], [ -91.366830372301735, 31.775472499172192 ], [ -91.366583613693265, 31.775294140403755 ], [ -91.366556764532632, 31.775018966460543 ] ] ], [ [ [ -91.362782849179638, 31.792194750205404 ], [ -91.362991684410275, 31.791983962633932 ], [ -91.363313862380849, 31.791961037118366 ], [ -91.363560657235368, 31.792139403054829 ], [ -91.363587500103137, 31.792414576787635 ], [ -91.363378665166607, 31.792625365336125 ], [ -91.363056484891302, 31.792648290936526 ], [ -91.36280968974269, 31.792469924023052 ], [ -91.362782849179638, 31.792194750205404 ] ] ], [ [ [ -91.36203754299909, 31.795082267723362 ], [ -91.362284123408088, 31.794856827964995 ], [ -91.362690450595423, 31.79484640368679 ], [ -91.362956533289889, 31.795003251311936 ], [ -91.3630148256414, 31.795274852968078 ], [ -91.362795305755384, 31.795519850749489 ], [ -91.362351238605385, 31.795544929060814 ], [ -91.362085155481452, 31.795388080164962 ], [ -91.36203754299909, 31.795082267723362 ] ] ], [ [ [ -91.364100898467413, 31.795374266387405 ], [ -91.364309738290302, 31.795163476893645 ], [ -91.364631927160673, 31.795140548411652 ], [ -91.364878732837767, 31.795318912075153 ], [ -91.364905580111326, 31.795594085560015 ], [ -91.364696740582701, 31.795804876030886 ], [ -91.364374549407273, 31.79582780459782 ], [ -91.364127743435887, 31.795649439957188 ], [ -91.364100898467413, 31.795374266387405 ] ] ], [ [ [ -91.356329579793041, 31.805953539819964 ], [ -91.356538461597339, 31.805742764814209 ], [ -91.356860688331267, 31.805719857348556 ], [ -91.357070655083163, 31.805848488738828 ], [ -91.357464058525764, 31.805918722909734 ], [ -91.357597226844234, 31.806094617317285 ], [ -91.35759352066728, 31.806304048884403 ], [ -91.357384639857202, 31.806514825642754 ], [ -91.357062410421278, 31.806537734344023 ], [ -91.356852442165803, 31.806409102901323 ], [ -91.356459037211479, 31.806338866789872 ], [ -91.356325870776686, 31.806162971258352 ], [ -91.356329579793041, 31.805953539819964 ] ] ], [ [ [ -91.35881519241282, 31.80653621414794 ], [ -91.359047257188337, 31.806343933709801 ], [ -91.359370564118151, 31.806348102023975 ], [ -91.359595726027621, 31.806546277424676 ], [ -91.359590846009681, 31.806822372139582 ], [ -91.359358781072515, 31.807014653553054 ], [ -91.359035471823248, 31.807010485131197 ], [ -91.358810310075413, 31.806812308755166 ], [ -91.35881519241282, 31.80653621414794 ] ] ], [ [ [ -91.355010305306507, 31.808655664017511 ], [ -91.355242383151563, 31.808463391025931 ], [ -91.35556569684509, 31.808467569251295 ], [ -91.355790855250561, 31.808665751222158 ], [ -91.355785963513199, 31.808941845317509 ], [ -91.355553885506112, 31.809134119284469 ], [ -91.355230569492889, 31.809129940951177 ], [ -91.355005411249465, 31.808931758004928 ], [ -91.355010305306507, 31.808655664017511 ] ] ] ] } },
{ "type": "Feature", "properties": { "depth_bin": 34, "survey_id": "LM_03_KGC_20260531_CS_3820_3786", "date": "2026-05-31 00:00:00+00:00", "year": 2026, "mile": 380.0, "bin_order": -34 }, "geometry": { "type": "MultiPolygon", "coordinates": [ [ [ [ -91.361977639402099, 31.786193549527177 ], [ -91.362209645092577, 31.78600126080072 ], [ -91.362532881725201, 31.786005418714648 ], [ -91.362758003302901, 31.786203587695354 ], [ -91.362753136544626, 31.786479683730686 ], [ -91.362521130692912, 31.786671973431698 ], [ -91.362197891743151, 31.786667815410308 ], [ -91.361972770326702, 31.786469645455057 ], [ -91.361977639402099, 31.786193549527177 ] ] ], [ [ [ -91.364531473267775, 31.786465940347085 ], [ -91.364763474590518, 31.78627364681811 ], [ -91.365086712583832, 31.786277798281311 ], [ -91.365311840453586, 31.786475962941715 ], [ -91.365306981233118, 31.786752059317958 ], [ -91.365074979749394, 31.786944353821497 ], [ -91.364751739438901, 31.786940202251007 ], [ -91.364526611730142, 31.78674203661604 ], [ -91.364531473267775, 31.786465940347085 ] ] ], [ [ [ -91.362372131250481, 31.795080751106148 ], [ -91.362604159216147, 31.794888462637477 ], [ -91.362927426838738, 31.794892620584605 ], [ -91.363152569968378, 31.795090789354443 ], [ -91.363147702699194, 31.795366885058616 ], [ -91.362915674572292, 31.795559174502166 ], [ -91.362592404631542, 31.795555016447608 ], [ -91.362367261663138, 31.79535684670288 ], [ -91.362372131250481, 31.795080751106148 ] ] ], [ [ [ -91.363975329778043, 31.795298252863137 ], [ -91.364228306028394, 31.79512631106217 ], [ -91.364549541447786, 31.795157507044078 ], [ -91.364750862269716, 31.79537356683467 ], [ -91.364714337055617, 31.795647926200207 ], [ -91.364461360195008, 31.795819868936409 ], [ -91.364140122533399, 31.795788672659032 ], [ -91.363938802321712, 31.795572611933203 ], [ -91.363975329778043, 31.795298252863137 ] ] ], [ [ [ -91.359360554062789, 31.806365416721341 ], [ -91.360401292676329, 31.806638105813047 ], [ -91.360549397794983, 31.806883563154116 ], [ -91.360450878644883, 31.807146560361293 ], [ -91.360284149815243, 31.807248863917327 ], [ -91.360039720899152, 31.807266246919458 ], [ -91.358459005330019, 31.806862147781519 ], [ -91.358216486498719, 31.806690118457478 ], [ -91.357828442647929, 31.806749137289813 ], [ -91.357626587522176, 31.806630151944063 ], [ -91.357534752164696, 31.806400066770969 ], [ -91.357662990129967, 31.806146585460027 ], [ -91.357963555255523, 31.806044782939374 ], [ -91.358161928798438, 31.806089947135991 ], [ -91.358328419282316, 31.806233927654009 ], [ -91.35863548705457, 31.80616006366326 ], [ -91.359360554062789, 31.806365416721341 ] ] ], [ [ [ -91.360850306691972, 31.806978887261685 ], [ -91.361103321287601, 31.806806953241864 ], [ -91.361424595548371, 31.806838158382046 ], [ -91.361625932955874, 31.807054223343446 ], [ -91.361589392355498, 31.807328580863626 ], [ -91.361336377148987, 31.807500515819061 ], [ -91.361015100644764, 31.807469310383116 ], [ -91.360813763848142, 31.807253244486098 ], [ -91.360850306691972, 31.806978887261685 ] ] ], [ [ [ -91.357959605712693, 31.803314718815287 ], [ -91.358230904553935, 31.803111016920422 ], [ -91.358668207557741, 31.803167981414322 ], [ -91.358893360506158, 31.80336615784282 ], [ -91.358888479003454, 31.803642252598483 ], [ -91.358617179933958, 31.803845955875513 ], [ -91.358179873793631, 31.803788991105485 ], [ -91.357954721443051, 31.803590813443776 ], [ -91.357959605712693, 31.803314718815287 ] ] ], [ [ [ -91.355181568695656, 31.808662767491001 ], [ -91.355434598012366, 31.808490845297502 ], [ -91.355755875510184, 31.808522064877376 ], [ -91.355957202774519, 31.808738138433537 ], [ -91.355920644592061, 31.809012493668813 ], [ -91.355667614663872, 31.809184416797912 ], [ -91.355346334922558, 31.809153196921898 ], [ -91.355145008269687, 31.808937122430141 ], [ -91.355181568695656, 31.808662767491001 ] ] ], [ [ [ -91.356566872641096, 31.809003442066505 ], [ -91.356838191614841, 31.808799743979922 ], [ -91.357279471906722, 31.808847199090824 ], [ -91.357504634997326, 31.809045378171604 ], [ -91.357499748285107, 31.809321472488261 ], [ -91.357228429119971, 31.809525171967259 ], [ -91.356787145653456, 31.80947771657636 ], [ -91.3565619831476, 31.809279536254902 ], [ -91.356566872641096, 31.809003442066505 ] ] ], [ [ [ -91.352101620162856, 31.813902440450601 ], [ -91.352354669646687, 31.813730525194465 ], [ -91.352675963814022, 31.813761753105787 ], [ -91.352877294485879, 31.813977831507231 ], [ -91.352840724452548, 31.814252185263424 ], [ -91.352587674356812, 31.814424101455312 ], [ -91.352266377945455, 31.814392873247598 ], [ -91.352065047885489, 31.814176793910416 ], [ -91.352101620162856, 31.813902440450601 ] ] ] ] } },
{ "type": "Feature", "properties": { "depth_bin": 35, "survey_id": "LM_03_KGC_20260531_CS_3820_3786", "date": "2026-05-31 00:00:00+00:00", "year": 2026, "mile": 380.0, "bin_order": -35 }, "geometry": { "type": "MultiPolygon", "coordinates": [ [ [ [ -91.365604438422821, 31.77487058479068 ], [ -91.365813226696048, 31.774659790515329 ], [ -91.366135344003482, 31.774636855755965 ], [ -91.366382100023358, 31.774815215323542 ], [ -91.366408948633776, 31.775090389292707 ], [ -91.366200160654628, 31.775301184544386 ], [ -91.365878041044482, 31.775324119388646 ], [ -91.365631284730526, 31.77514575884474 ], [ -91.365604438422821, 31.77487058479068 ] ] ], [ [ [ -91.362532519511518, 31.795099466182727 ], [ -91.362764547206964, 31.794907177412544 ], [ -91.363087814920661, 31.794911334954637 ], [ -91.363312958449342, 31.795109503453173 ], [ -91.363308091653408, 31.795385599178701 ], [ -91.36307606379674, 31.795577888923766 ], [ -91.362752793764898, 31.795573731274246 ], [ -91.362527650397439, 31.795375561800821 ], [ -91.362532519511518, 31.795099466182727 ] ] ], [ [ [ -91.362164759281242, 31.804241277820637 ], [ -91.362396811437762, 31.804048990779922 ], [ -91.362720110918374, 31.80405315031992 ], [ -91.362945274911951, 31.80425131991451 ], [ -91.362940405290757, 31.804527415192425 ], [ -91.362708352972916, 31.804719703208391 ], [ -91.362385051173078, 31.804715543560928 ], [ -91.362159887340823, 31.8045173729911 ], [ -91.362164759281242, 31.804241277820637 ] ] ], [ [ [ -91.358079492596303, 31.80606975993258 ], [ -91.358564555411988, 31.806127450148836 ], [ -91.358766410745432, 31.806246434019094 ], [ -91.35885558975103, 31.806511850389441 ], [ -91.358698877558467, 31.806753378629491 ], [ -91.3584294471882, 31.806831805278343 ], [ -91.35767171365795, 31.806710843546128 ], [ -91.357463961503356, 31.80658484857555 ], [ -91.35713643500678, 31.806555454131026 ], [ -91.35693510941131, 31.806339382436956 ], [ -91.35697166318856, 31.806065026662953 ], [ -91.357224682045398, 31.805893100491179 ], [ -91.357429865611678, 31.805887145219842 ], [ -91.357677675894863, 31.806022260836329 ], [ -91.358079492596303, 31.80606975993258 ] ] ], [ [ [ -91.359891883894917, 31.80682388120459 ], [ -91.360203553500142, 31.806612091928066 ], [ -91.360719508294892, 31.80669363932066 ], [ -91.360966335807248, 31.806872011042426 ], [ -91.360993173205472, 31.807147184595728 ], [ -91.360884981658643, 31.807296187826349 ], [ -91.360666948954716, 31.807392127382048 ], [ -91.360150990359855, 31.807310579655805 ], [ -91.359887004705058, 31.80709997594845 ], [ -91.359891883894917, 31.80682388120459 ] ] ], [ [ [ -91.357368406326088, 31.815146475340764 ], [ -91.357600496343863, 31.814954198617876 ], [ -91.357923833031421, 31.814958371611631 ], [ -91.358149011783198, 31.815156549915105 ], [ -91.358144125825902, 31.815432644055768 ], [ -91.357912035646294, 31.815624921754292 ], [ -91.357588696638288, 31.815620748652748 ], [ -91.357363518048359, 31.815422569373631 ], [ -91.357368406326088, 31.815146475340764 ] ] ], [ [ [ -91.35532058172025, 31.808729369424416 ], [ -91.355479035830214, 31.808569487532925 ], [ -91.355714802661907, 31.808511725413769 ], [ -91.356014578138286, 31.808624100791445 ], [ -91.35635034629631, 31.80862344257547 ], [ -91.356568213262534, 31.808807922312592 ], [ -91.356929262679998, 31.808765475537054 ], [ -91.357176087893791, 31.808943854496974 ], [ -91.357202914328539, 31.809219028405526 ], [ -91.357029905793468, 31.809412063602917 ], [ -91.356794137353887, 31.809469828101925 ], [ -91.356560521962564, 31.809406002729602 ], [ -91.356415096402458, 31.809255801656388 ], [ -91.356176395761693, 31.809315364046824 ], [ -91.355876617876646, 31.809202988980253 ], [ -91.355579668633339, 31.809216076417218 ], [ -91.35531568857202, 31.809005463451712 ], [ -91.35532058172025, 31.808729369424416 ] ] ], [ [ [ -91.352239417841034, 31.813969219371469 ], [ -91.352471514999607, 31.813776952231827 ], [ -91.352794846751621, 31.813781138117132 ], [ -91.353020011382554, 31.813979325068992 ], [ -91.353015110390615, 31.814255418548726 ], [ -91.352783013069697, 31.814447686663947 ], [ -91.352459678997391, 31.814443500670517 ], [ -91.352234514528803, 31.814245312743086 ], [ -91.352239417841034, 31.813969219371469 ] ] ], [ [ [ -91.351308608187892, 31.816799881803018 ], [ -91.351540714553082, 31.816607616748374 ], [ -91.351864056015842, 31.816611805329817 ], [ -91.352089225173472, 31.816809994009649 ], [ -91.352084320872379, 31.817086087237033 ], [ -91.351852214344746, 31.817278353267351 ], [ -91.351528870561367, 31.817274164577722 ], [ -91.351303701566209, 31.817075974922219 ], [ -91.351308608187892, 31.816799881803018 ] ] ] ] } },
{ "type": "Feature", "properties": { "depth_bin": 36, "survey_id": "LM_03_KGC_20260531_CS_3820_3786", "date": "2026-05-31 00:00:00+00:00", "year": 2026, "mile": 380.0, "bin_order": -36 }, "geometry": { "type": "MultiPolygon", "coordinates": [ [ [ [ -91.362122085880657, 31.786246060746965 ], [ -91.362368641634603, 31.786020619728351 ], [ -91.362772683260616, 31.786013621795391 ], [ -91.363038741474867, 31.786170468611314 ], [ -91.363097029713202, 31.786442070413273 ], [ -91.362877531996588, 31.786687069372096 ], [ -91.362435754091038, 31.78670872150278 ], [ -91.362169695453062, 31.786551873421391 ], [ -91.362122085880657, 31.786246060746965 ] ] ], [ [ [ -91.365333414927974, 31.786531159342463 ], [ -91.365565414826378, 31.786338864303197 ], [ -91.365888653176157, 31.786343013738406 ], [ -91.366113782974367, 31.786541177041023 ], [ -91.366108926124753, 31.786817273525067 ], [ -91.365876926065454, 31.787009569538906 ], [ -91.365553685398481, 31.787005419996479 ], [ -91.365328555761167, 31.786807255719278 ], [ -91.365333414927974, 31.786531159342463 ] ] ], [ [ [ -91.360030106509399, 31.806898763548585 ], [ -91.360238982414515, 31.806687982285808 ], [ -91.360561211960842, 31.806665065530609 ], [ -91.36080803908122, 31.806843437547453 ], [ -91.360834876004049, 31.807118611119279 ], [ -91.360626000393012, 31.807329393359648 ], [ -91.360303768540234, 31.807352310199594 ], [ -91.360056941125777, 31.807173937205146 ], [ -91.360030106509399, 31.806898763548585 ] ] ], [ [ [ -91.359675715344906, 31.809712334811856 ], [ -91.359907786657985, 31.809520053103416 ], [ -91.360231104789349, 31.809524219602341 ], [ -91.360456276002978, 31.809722393706171 ], [ -91.360451397941532, 31.809998488402336 ], [ -91.360219326466876, 31.810190771086223 ], [ -91.35989600601566, 31.810186604479657 ], [ -91.359670834963623, 31.809988429400388 ], [ -91.359675715344906, 31.809712334811856 ] ] ], [ [ [ -91.357524432881561, 31.815183949656095 ], [ -91.357756522686373, 31.814991672641892 ], [ -91.358079859529823, 31.814995845243651 ], [ -91.358305038715017, 31.815194023284093 ], [ -91.358300153214799, 31.815470117444743 ], [ -91.35806806324814, 31.8156623954346 ], [ -91.357744724084242, 31.815658222725059 ], [ -91.357519545060896, 31.815460043708981 ], [ -91.357524432881561, 31.815183949656095 ] ] ], [ [ [ -91.356483509944198, 31.805992159807118 ], [ -91.356692391501483, 31.805781384540996 ], [ -91.357014618350007, 31.805758476688858 ], [ -91.357240661735617, 31.805906215902542 ], [ -91.357308008235677, 31.806111488997679 ], [ -91.357571773354749, 31.805970236618734 ], [ -91.357887913512528, 31.806028191846739 ], [ -91.358040630291072, 31.806192092050729 ], [ -91.358050300986548, 31.80643503529641 ], [ -91.357841420870898, 31.806645812825586 ], [ -91.357519191037909, 31.806668722671805 ], [ -91.357293145384276, 31.806520983892451 ], [ -91.3572257986621, 31.806315710793193 ], [ -91.356962032042972, 31.806456962396663 ], [ -91.356645891121261, 31.806399004841914 ], [ -91.356493176560264, 31.806235103040372 ], [ -91.356483509944198, 31.805992159807118 ] ] ], [ [ [ -91.356872265199954, 31.809092301163311 ], [ -91.357104340477107, 31.808900024694445 ], [ -91.357427655993973, 31.808904198241624 ], [ -91.35765281954599, 31.809102377073756 ], [ -91.357647933263678, 31.809378471408465 ], [ -91.357415857824648, 31.809570748852735 ], [ -91.357092539988045, 31.809566575197756 ], [ -91.356867376597904, 31.809368395390205 ], [ -91.356872265199954, 31.809092301163311 ] ] ], [ [ [ -91.353390278744257, 31.811294587194091 ], [ -91.353498486994255, 31.811145590990346 ], [ -91.353716535544805, 31.811049664322145 ], [ -91.353921425318831, 31.811060918463475 ], [ -91.354109979374741, 31.811166985843048 ], [ -91.354389880850306, 31.811160075050552 ], [ -91.354636707111752, 31.811338458923217 ], [ -91.354663526353008, 31.811613633037194 ], [ -91.354555319347696, 31.811762630266145 ], [ -91.354337269887949, 31.811858558334485 ], [ -91.354132378275125, 31.811847304803102 ], [ -91.353943822845181, 31.811741237420087 ], [ -91.353663919626186, 31.811748147170196 ], [ -91.353417094269176, 31.811569761447426 ], [ -91.353390278744257, 31.811294587194091 ] ] ], [ [ [ -91.351460504380867, 31.816845230757803 ], [ -91.351692610561855, 31.816652965420495 ], [ -91.352015952207367, 31.816657153621371 ], [ -91.352241121807666, 31.816855342045635 ], [ -91.352236217949866, 31.817131435292172 ], [ -91.352004111606433, 31.817323701605172 ], [ -91.351680767640289, 31.817319513296123 ], [ -91.351455598202435, 31.817121323896156 ], [ -91.351460504380867, 31.816845230757803 ] ] ] ] } },
{ "type": "Feature", "properties": { "depth_bin": 37, "survey_id": "LM_03_KGC_20260531_CS_3820_3786", "date": "2026-05-31 00:00:00+00:00", "year": 2026, "mile": 380.0, "bin_order": -37 }, "geometry": { "type": "MultiPolygon", "coordinates": [ [ [ [ -91.365769062291065, 31.774842147574539 ], [ -91.365908329379906, 31.774669758012365 ], [ -91.366136238566199, 31.774592517769001 ], [ -91.366637840879804, 31.774770457082298 ], [ -91.366928685991581, 31.774759668169946 ], [ -91.3671754439208, 31.774938026258411 ], [ -91.367202294907756, 31.775213200135212 ], [ -91.367094152652072, 31.775362210945616 ], [ -91.366876202382159, 31.775458164334214 ], [ -91.366671388446306, 31.775446933579136 ], [ -91.366486957803744, 31.775344838040823 ], [ -91.366196110851831, 31.775355625879708 ], [ -91.36581667981828, 31.775147959617662 ], [ -91.365769062291065, 31.774842147574539 ] ] ], [ [ [ -91.362676032983131, 31.795150746684264 ], [ -91.362884875407829, 31.794939959613696 ], [ -91.363207063685635, 31.794917034724396 ], [ -91.363453865922949, 31.7950954010456 ], [ -91.363480708924385, 31.795370574696346 ], [ -91.363271866793824, 31.795581362744031 ], [ -91.362949676210931, 31.795604287718177 ], [ -91.362702873679495, 31.795425920419842 ], [ -91.362676032983131, 31.795150746684264 ] ] ], [ [ [ -91.360363805459954, 31.806914823877467 ], [ -91.360635110150938, 31.806711117143038 ], [ -91.361037010565056, 31.80674278064749 ], [ -91.36128383884261, 31.806921151776841 ], [ -91.361310677193117, 31.807196325293265 ], [ -91.361064060334257, 31.807421761563621 ], [ -91.360622914676853, 31.807401521452661 ], [ -91.360358927656378, 31.807190918682714 ], [ -91.360363805459954, 31.806914823877467 ] ] ], [ [ [ -91.359502700629534, 31.809723041345961 ], [ -91.359711584347878, 31.809512261293111 ], [ -91.360033823804756, 31.80948934621782 ], [ -91.360280657127774, 31.809667719400498 ], [ -91.360307492911915, 31.80994289294123 ], [ -91.36009860948765, 31.810153673971769 ], [ -91.359776367723995, 31.810176589131792 ], [ -91.359529534106898, 31.809998214971419 ], [ -91.359502700629534, 31.809723041345961 ] ] ], [ [ [ -91.357888678040325, 31.80630227755049 ], [ -91.358120744050439, 31.80610999884054 ], [ -91.358444050015208, 31.806114169480516 ], [ -91.358669209325356, 31.806312346442247 ], [ -91.358664326596312, 31.806588441038961 ], [ -91.358432260424465, 31.806780720724202 ], [ -91.358108952140256, 31.80677654997649 ], [ -91.357883792991871, 31.806578372039446 ], [ -91.357888678040325, 31.80630227755049 ] ] ], [ [ [ -91.357024427495617, 31.809136459219872 ], [ -91.357256502584917, 31.808944182467794 ], [ -91.357579818280314, 31.808948355633657 ], [ -91.357804982272626, 31.809146534209713 ], [ -91.357800096434516, 31.809422628563606 ], [ -91.357568021183354, 31.809614906291092 ], [ -91.35724470316822, 31.809610733017429 ], [ -91.357019539337756, 31.809412553465968 ], [ -91.357024427495617, 31.809136459219872 ] ] ], [ [ [ -91.353560597954015, 31.811290231581342 ], [ -91.353831930153078, 31.81108654042508 ], [ -91.354235725673476, 31.811119282871704 ], [ -91.354482551519723, 31.811297667030903 ], [ -91.354509370296, 31.811572841163251 ], [ -91.35426272539226, 31.811798263150795 ], [ -91.353819681997749, 31.811776941900366 ], [ -91.353555699082875, 31.811566325252976 ], [ -91.353560597954015, 31.811290231581342 ] ] ], [ [ [ -91.35239524799907, 31.814003787802481 ], [ -91.352666590855861, 31.813800099569701 ], [ -91.35310614547862, 31.813855526760364 ], [ -91.353331310973459, 31.814053713187519 ], [ -91.35332641089343, 31.814329806707313 ], [ -91.353055067816925, 31.814533496327904 ], [ -91.352615510038675, 31.814478068858929 ], [ -91.352390345143817, 31.814279881194274 ], [ -91.35239524799907, 31.814003787802481 ] ] ] ] } },
{ "type": "Feature", "properties": { "depth_bin": 38, "survey_id": "LM_03_KGC_20260531_CS_3820_3786", "date": "2026-05-31 00:00:00+00:00", "year": 2026, "mile": 380.0, "bin_order": -38 }, "geometry": { "type": "MultiPolygon", "coordinates": [ [ [ [ -91.366092736989771, 31.774921937424633 ], [ -91.366363932961107, 31.77471821393274 ], [ -91.366768119882622, 31.77474208687287 ], [ -91.367014877444106, 31.774920445261159 ], [ -91.367041727951175, 31.77519561915642 ], [ -91.366795213069622, 31.775421070941192 ], [ -91.366351795217767, 31.775408623693522 ], [ -91.366087882274158, 31.775198034409954 ], [ -91.366092736989771, 31.774921937424633 ] ] ], [ [ [ -91.362484581785395, 31.804288473322416 ], [ -91.362716633428562, 31.804096185681438 ], [ -91.363039933125293, 31.804100344414707 ], [ -91.36326509793787, 31.80429851346868 ], [ -91.363260229258813, 31.804574608788734 ], [ -91.363028177454382, 31.804766897404956 ], [ -91.362704875438439, 31.804762738564229 ], [ -91.362479710787156, 31.804564568535028 ], [ -91.362484581785395, 31.804288473322416 ] ] ], [ [ [ -91.360676412158099, 31.80697816251325 ], [ -91.360908474380565, 31.806785878600355 ], [ -91.361231783151226, 31.80679004223899 ], [ -91.361456950217175, 31.806988214502198 ], [ -91.361452075650817, 31.807264309455505 ], [ -91.361220013266887, 31.807456594343751 ], [ -91.360896702176717, 31.807452430597547 ], [ -91.360671535272232, 31.807254257359009 ], [ -91.360676412158099, 31.80697816251325 ] ] ], [ [ [ -91.358583899110343, 31.809477702158677 ], [ -91.358742349121712, 31.809317816074259 ], [ -91.358978116124192, 31.809260047909479 ], [ -91.359879148082086, 31.809453870515238 ], [ -91.360125981002611, 31.809632243985796 ], [ -91.360152816321033, 31.809907417544867 ], [ -91.360013482942776, 31.810079797754348 ], [ -91.359785480664641, 31.810157023516517 ], [ -91.358843005359972, 31.809964403097563 ], [ -91.35857901552609, 31.809753796606149 ], [ -91.358583899110343, 31.809477702158677 ] ] ], [ [ [ -91.357103495382802, 31.806149029385725 ], [ -91.357335562555974, 31.80595675214548 ], [ -91.357658867859598, 31.805960924761692 ], [ -91.357884025071655, 31.806159103048607 ], [ -91.357879140036573, 31.806435197543138 ], [ -91.357647072701567, 31.806627475758674 ], [ -91.357323765078533, 31.806623303034662 ], [ -91.357098608028309, 31.806425123772453 ], [ -91.357103495382802, 31.806149029385725 ] ] ], [ [ [ -91.355947490676726, 31.808854570762932 ], [ -91.356179567175104, 31.808662296018749 ], [ -91.356502881713737, 31.808666471887001 ], [ -91.356728042661061, 31.808864652276988 ], [ -91.356723153673343, 31.80914074649376 ], [ -91.356491077013004, 31.809333022213352 ], [ -91.356167760154662, 31.809328846237221 ], [ -91.3559425993693, 31.809130664871827 ], [ -91.355947490676726, 31.808854570762932 ] ] ], [ [ [ -91.357203740677875, 31.809126178278593 ], [ -91.357456767736636, 31.808954251991416 ], [ -91.357778047748553, 31.808985466539301 ], [ -91.357979380826421, 31.809201537072742 ], [ -91.357942828351568, 31.809475893065283 ], [ -91.357689800681555, 31.809647820288109 ], [ -91.357368518426014, 31.809616605444202 ], [ -91.357167185959426, 31.809400533975118 ], [ -91.357203740677875, 31.809126178278593 ] ] ], [ [ [ -91.354047809230607, 31.811361544234316 ], [ -91.354382314660569, 31.811176879004222 ], [ -91.355048480852474, 31.811321051167798 ], [ -91.355273644754675, 31.811519234165132 ], [ -91.355268750935593, 31.8117953280648 ], [ -91.355110290707927, 31.81195520941851 ], [ -91.354915952419859, 31.812011768352153 ], [ -91.354249781555254, 31.81186759534916 ], [ -91.354024619113261, 31.811669410595279 ], [ -91.354047809230607, 31.811361544234316 ] ] ], [ [ [ -91.352700958303117, 31.814088200912522 ], [ -91.352972300774312, 31.813884512015871 ], [ -91.353412307235445, 31.813939962494278 ], [ -91.353637473606199, 31.814138148405988 ], [ -91.353632574420885, 31.814414241964663 ], [ -91.353361231730915, 31.814617932250112 ], [ -91.352921222110979, 31.814562481493127 ], [ -91.352696056341244, 31.814364294343171 ], [ -91.352700958303117, 31.814088200912522 ] ] ], [ [ [ -91.351634709348801, 31.816843272800973 ], [ -91.35188776793153, 31.816671358850233 ], [ -91.352209072028927, 31.816702588265866 ], [ -91.352410407645365, 31.816918667489336 ], [ -91.352373834674566, 31.817193020903833 ], [ -91.352120775479804, 31.817364935790415 ], [ -91.351799469138072, 31.817333706078351 ], [ -91.351598134133667, 31.817117625919039 ], [ -91.351634709348801, 31.816843272800973 ] ] ] ] } },
{ "type": "Feature", "properties": { "depth_bin": 39, "survey_id": "LM_03_KGC_20260531_CS_3820_3786", "date": "2026-05-31 00:00:00+00:00", "year": 2026, "mile": 380.0, "bin_order": -39 }, "geometry": { "type": "MultiPolygon", "coordinates": [ [ [ [ -91.362308136971862, 31.804305259037815 ], [ -91.362517001764175, 31.804094473582449 ], [ -91.362839221977211, 31.804071550727105 ], [ -91.363086047010896, 31.804249918309562 ], [ -91.363112890316131, 31.804525091710257 ], [ -91.362904025818082, 31.804735878143084 ], [ -91.362581803298923, 31.804758801083302 ], [ -91.362334977970988, 31.804580432523384 ], [ -91.362308136971862, 31.804305259037815 ] ] ], [ [ [ -91.356694884172512, 31.808707773915518 ], [ -91.356950342679383, 31.808815015822219 ], [ -91.357068146018719, 31.809036306626272 ], [ -91.356994813109424, 31.809271185284572 ], [ -91.356763634538012, 31.809413021509094 ], [ -91.35636133941442, 31.809381402394784 ], [ -91.356161651813267, 31.809264523456086 ], [ -91.355736325703646, 31.809247528380141 ], [ -91.355458969911254, 31.809003403851403 ], [ -91.355495529448092, 31.808729048794341 ], [ -91.355748558398318, 31.808557125964576 ], [ -91.356694884172512, 31.808707773915518 ] ] ], [ [ [ -91.357342545359828, 31.809185385591203 ], [ -91.357500996916713, 31.80902550110109 ], [ -91.357736763834637, 31.808967735235338 ], [ -91.358212118665918, 31.809057092670077 ], [ -91.358427581849384, 31.809237045017678 ], [ -91.358795066482884, 31.809190645267101 ], [ -91.359150262769006, 31.809351906426194 ], [ -91.359222063336261, 31.809686471848657 ], [ -91.359049057959268, 31.809879509890489 ], [ -91.358813289402747, 31.809937278129844 ], [ -91.358461572591182, 31.809849836548526 ], [ -91.358283315872555, 31.809685503499377 ], [ -91.358038180937299, 31.809749017082243 ], [ -91.357601644234364, 31.80967208883304 ], [ -91.357337658138874, 31.809461479879293 ], [ -91.357342545359828, 31.809185385591203 ] ] ], [ [ [ -91.356410410257112, 31.818048743118347 ], [ -91.356619320392682, 31.817837969276052 ], [ -91.356941589272907, 31.817815063062458 ], [ -91.357188437790271, 31.817993442567012 ], [ -91.357215265639013, 31.818268616186767 ], [ -91.357006355797353, 31.818479391007102 ], [ -91.35668408460937, 31.818502297305287 ], [ -91.356437235798083, 31.818323916822688 ], [ -91.356410410257112, 31.818048743118347 ] ] ], [ [ [ -91.354182038549297, 31.81143777840207 ], [ -91.354340499398219, 31.811277898216318 ], [ -91.354534836438276, 31.811221340115495 ], [ -91.354882542587077, 31.811338816888721 ], [ -91.355169455283914, 31.811329629869793 ], [ -91.355416283550568, 31.811508012291103 ], [ -91.355443105137809, 31.811783186313338 ], [ -91.355334899143656, 31.811932184237165 ], [ -91.355116850021631, 31.812028113653053 ], [ -91.35491195788255, 31.812016861361769 ], [ -91.354728040797269, 31.8119153016086 ], [ -91.354441126288563, 31.811924487568554 ], [ -91.354177141498596, 31.81171387215365 ], [ -91.354182038549297, 31.81143777840207 ] ] ], [ [ [ -91.351771893439746, 31.81689188699173 ], [ -91.352003999122758, 31.816699621069713 ], [ -91.352327340981589, 31.816703808484974 ], [ -91.352552511381504, 31.816901996382921 ], [ -91.35254760844127, 31.817178089670744 ], [ -91.352315502595843, 31.817370356568468 ], [ -91.351992158416394, 31.817366169045048 ], [ -91.351766988178881, 31.817167980171408 ], [ -91.351771893439746, 31.81689188699173 ] ] ] ] } },
{ "type": "Feature", "properties": { "depth_bin": 40, "survey_id": "LM_03_KGC_20260531_CS_3820_3786", "date": "2026-05-31 00:00:00+00:00", "year": 2026, "mile": 380.0, "bin_order": -40 }, "geometry": { "type": "MultiPolygon", "coordinates": [ [ [ [ -91.362833435274254, 31.795187461686833 ], [ -91.363042277439845, 31.794976674349869 ], [ -91.363364465824986, 31.794953749065122 ], [ -91.363611268473193, 31.795132115093512 ], [ -91.363638111948404, 31.795407288725546 ], [ -91.363429270076949, 31.795618077039627 ], [ -91.363107079386737, 31.795641002409223 ], [ -91.36286027644438, 31.79546263540373 ], [ -91.362833435274254, 31.795187461686833 ] ] ], [ [ [ -91.357485757913707, 31.809248548157242 ], [ -91.357593957208195, 31.809099548121743 ], [ -91.357811996941166, 31.809003614099399 ], [ -91.358481325100215, 31.80912717509112 ], [ -91.358728154367611, 31.809305551162918 ], [ -91.358754985476324, 31.809580724887685 ], [ -91.358646787404112, 31.809729725943729 ], [ -91.358428746727071, 31.809825661357937 ], [ -91.357759413654179, 31.809702099935251 ], [ -91.357512585316385, 31.809523722021748 ], [ -91.357485757913707, 31.809248548157242 ] ] ], [ [ [ -91.354807151735358, 31.81156495195232 ], [ -91.355039237541732, 31.811372679675433 ], [ -91.355362561335895, 31.81137685875693 ], [ -91.355587726064769, 31.811575041223882 ], [ -91.355582833169365, 31.811851135164734 ], [ -91.35535074720093, 31.812043408417107 ], [ -91.355027421086731, 31.812039229227661 ], [ -91.354802256519932, 31.811841045785219 ], [ -91.354807151735358, 31.81156495195232 ] ] ], [ [ [ -91.352993449709871, 31.814210453426256 ], [ -91.353240104270057, 31.813985034302359 ], [ -91.353680199882959, 31.814009625247778 ], [ -91.353927032045021, 31.814188010630641 ], [ -91.353953849606683, 31.814463184732748 ], [ -91.353707195391735, 31.814688605239994 ], [ -91.353267096553964, 31.814664014281497 ], [ -91.353020264496053, 31.814485627630965 ], [ -91.352993449709871, 31.814210453426256 ] ] ], [ [ [ -91.354237454225583, 31.81755046837759 ], [ -91.354523362355366, 31.817313625826497 ], [ -91.355049062322095, 31.817350402770661 ], [ -91.355315194148915, 31.817507267584247 ], [ -91.355373475066855, 31.817778871542366 ], [ -91.355254578848403, 31.817962078626898 ], [ -91.355076884779393, 31.818049925588859 ], [ -91.354551180843785, 31.818013148629483 ], [ -91.354285048971079, 31.817856282223957 ], [ -91.354237454225583, 31.81755046837759 ] ] ] ] } },
{ "type": "Feature", "properties": { "depth_bin": 41, "survey_id": "LM_03_KGC_20260531_CS_3820_3786", "date": "2026-05-31 00:00:00+00:00", "year": 2026, "mile": 380.0, "bin_order": -41 }, "geometry": { "type": "MultiPolygon", "coordinates": [ [ [ [ -91.358098302963768, 31.809420705844875 ], [ -91.358281989778703, 31.809193459156397 ], [ -91.358600046780879, 31.809143686258775 ], [ -91.358866162051228, 31.809300543246824 ], [ -91.358924449395602, 31.809572146090673 ], [ -91.358740763318977, 31.809799393721544 ], [ -91.358422704111703, 31.809849166892928 ], [ -91.358156588103043, 31.809692308962468 ], [ -91.358098302963768, 31.809420705844875 ] ] ], [ [ [ -91.356340173929027, 31.811978775175621 ], [ -91.35654906990969, 31.811768000800448 ], [ -91.356871317639531, 31.811745094033967 ], [ -91.35711815040014, 31.811923473289522 ], [ -91.357144977115794, 31.812198647109874 ], [ -91.356936081428941, 31.812409422462846 ], [ -91.356613831392025, 31.812432329313872 ], [ -91.356366998337606, 31.81225394908051 ], [ -91.356340173929027, 31.811978775175621 ] ] ], [ [ [ -91.358204264403469, 31.81240940988307 ], [ -91.358413157304753, 31.812198632350537 ], [ -91.358735406293206, 31.812175720898342 ], [ -91.358982243913218, 31.812354096684569 ], [ -91.359009076242572, 31.812629270284262 ], [ -91.358800183635282, 31.812840048794595 ], [ -91.358477932339724, 31.812862960331465 ], [ -91.358231094425733, 31.812684583567432 ], [ -91.358204264403469, 31.81240940988307 ] ] ], [ [ [ -91.353308853624156, 31.814268757039383 ], [ -91.353555507607709, 31.814043337285256 ], [ -91.353996436795342, 31.814067534475555 ], [ -91.354243269742966, 31.814245919268966 ], [ -91.354270088254736, 31.814521093334236 ], [ -91.354023434619492, 31.814746514473448 ], [ -91.353582502200851, 31.814722317270011 ], [ -91.353335669358017, 31.814543931207353 ], [ -91.353308853624156, 31.814268757039383 ] ] ], [ [ [ -91.355797950680738, 31.814829215572722 ], [ -91.356006854571504, 31.81461844243648 ], [ -91.356329112307407, 31.814595537391636 ], [ -91.356575951308926, 31.814773917843045 ], [ -91.356602776844426, 31.815049091633011 ], [ -91.35639387324747, 31.81525986574718 ], [ -91.356071613204136, 31.815282770876546 ], [ -91.355824773908836, 31.815104389447221 ], [ -91.355797950680738, 31.814829215572722 ] ] ], [ [ [ -91.354708196814912, 31.81764377824739 ], [ -91.354917109735155, 31.817433007287601 ], [ -91.355239377424567, 31.817410105352039 ], [ -91.355486221473186, 31.817588488024249 ], [ -91.355513044192847, 31.817863661845685 ], [ -91.355304131566356, 31.818074433783515 ], [ -91.354981861569186, 31.818097335803543 ], [ -91.35473501722683, 31.817918952153295 ], [ -91.354708196814912, 31.81764377824739 ] ] ] ] } },
{ "type": "Feature", "properties": { "depth_bin": 42, "survey_id": "LM_03_KGC_20260531_CS_3820_3786", "date": "2026-05-31 00:00:00+00:00", "year": 2026, "mile": 380.0, "bin_order": -42 }, "geometry": { "type": "MultiPolygon", "coordinates": [ [ [ [ -91.362989477977465, 31.79521772858816 ], [ -91.363198319871771, 31.795006940986447 ], [ -91.363520508341963, 31.794984015308959 ], [ -91.363767311381764, 31.795162381046634 ], [ -91.363794155325706, 31.795437554660339 ], [ -91.363585313725565, 31.795648343239176 ], [ -91.363263122950286, 31.795671269001534 ], [ -91.363016319616321, 31.795492902286728 ], [ -91.362989477977465, 31.79521772858816 ] ] ], [ [ [ -91.354945402156929, 31.811642176000483 ], [ -91.355154300407563, 31.811431403986305 ], [ -91.355476547145287, 31.811408500724017 ], [ -91.355723376232902, 31.811586882574336 ], [ -91.355750198746122, 31.811862056560056 ], [ -91.355541300789156, 31.812072829552037 ], [ -91.355219051744356, 31.812095732898772 ], [ -91.354972222363088, 31.811917350070644 ], [ -91.354945402156929, 31.811642176000483 ] ] ], [ [ [ -91.356182471799613, 31.811952307861233 ], [ -91.35646835724755, 31.81171545998944 ], [ -91.356989998998444, 31.811757758829039 ], [ -91.357256118685768, 31.811914619284135 ], [ -91.357314402571106, 31.812186222655161 ], [ -91.357195517782415, 31.81236943207907 ], [ -91.357017836385907, 31.812457282249426 ], [ -91.356496190697911, 31.812414983395456 ], [ -91.356230070972728, 31.812258121357388 ], [ -91.356182471799613, 31.811952307861233 ] ] ], [ [ [ -91.351924204776054, 31.816959106706481 ], [ -91.352133122197358, 31.816748340458922 ], [ -91.352455387860715, 31.816725445517299 ], [ -91.352702224542952, 31.816903833368325 ], [ -91.352729038870848, 31.817179007519776 ], [ -91.352520121742998, 31.817389774745379 ], [ -91.352197853771926, 31.817412669771283 ], [ -91.351951016796221, 31.817234280942209 ], [ -91.351924204776054, 31.816959106706481 ] ] ], [ [ [ -91.354087828942994, 31.817501036415432 ], [ -91.354260859283059, 31.817308006170247 ], [ -91.354496649233312, 31.817250247159837 ], [ -91.35479350656577, 31.817359766506961 ], [ -91.354911971875708, 31.817597585942973 ], [ -91.355226866981198, 31.817439950080892 ], [ -91.35570560753942, 31.817520489561474 ], [ -91.355952452810655, 31.817698871366062 ], [ -91.355979276935074, 31.81797404513231 ], [ -91.355806248756934, 31.818167077774405 ], [ -91.355570457152567, 31.818224839153356 ], [ -91.355021880020161, 31.818096386932837 ], [ -91.354840189431783, 31.817812877989205 ], [ -91.354646012397495, 31.817946345854132 ], [ -91.354361490212526, 31.817954595199527 ], [ -91.354114647486412, 31.81777621039458 ], [ -91.354087828942994, 31.817501036415432 ] ] ] ] } },
{ "type": "Feature", "properties": { "depth_bin": 43, "survey_id": "LM_03_KGC_20260531_CS_3820_3786", "date": "2026-05-31 00:00:00+00:00", "year": 2026, "mile": 380.0, "bin_order": -43 }, "geometry": { "type": "MultiPolygon", "coordinates": [ [ [ [ -91.356801203007578, 31.812101540045692 ], [ -91.357087087417483, 31.811864690751005 ], [ -91.357488362859485, 31.811904919356561 ], [ -91.357735197273101, 31.812083297464834 ], [ -91.35776202584961, 31.812358471211624 ], [ -91.357476141512933, 31.812595322012289 ], [ -91.357074863105126, 31.812555093271943 ], [ -91.356828028806987, 31.812376713895542 ], [ -91.356801203007578, 31.812101540045692 ] ] ], [ [ [ -91.355183018267667, 31.814666918680341 ], [ -91.355356040836952, 31.814473886607722 ], [ -91.355591822912189, 31.814416125276576 ], [ -91.35591255442219, 31.814548837245059 ], [ -91.356802595194722, 31.814678783923767 ], [ -91.357049435363464, 31.814857163492306 ], [ -91.35707626232103, 31.815132337227102 ], [ -91.356790367427337, 31.81536918604051 ], [ -91.356229190337956, 31.815312043074741 ], [ -91.355721396754632, 31.815117983729195 ], [ -91.35534540709051, 31.815073765162627 ], [ -91.355192681326628, 31.814909861610229 ], [ -91.355183018267667, 31.814666918680341 ] ] ], [ [ [ -91.355331956256293, 31.817787424082315 ], [ -91.355540868144971, 31.817576652065743 ], [ -91.3558631362542, 31.817553748561959 ], [ -91.356109981928157, 31.817732130073143 ], [ -91.356136806526592, 31.818007303820863 ], [ -91.355927894931725, 31.818218076815491 ], [ -91.355605624514723, 31.818240980403772 ], [ -91.355358778546972, 31.818062597914551 ], [ -91.355331956256293, 31.817787424082315 ] ] ] ] } },
{ "type": "Feature", "properties": { "depth_bin": 44, "survey_id": "LM_03_KGC_20260531_CS_3820_3786", "date": "2026-05-31 00:00:00+00:00", "year": 2026, "mile": 380.0, "bin_order": -44 }, "geometry": { "type": "MultiPolygon", "coordinates": [ [ [ [ -91.364676110046176, 31.786520975880091 ], [ -91.36478426990513, 31.786371967941516 ], [ -91.365002248304066, 31.78627601922561 ], [ -91.365377237787982, 31.78637620827724 ], [ -91.365641710880965, 31.786351006537032 ], [ -91.365907775158135, 31.786507847542374 ], [ -91.365966072015539, 31.786779448305385 ], [ -91.365847238786216, 31.786962668181509 ], [ -91.36566961476791, 31.787050532678997 ], [ -91.365464472811297, 31.787056502670644 ], [ -91.365254267037116, 31.786958429909568 ], [ -91.364989792138289, 31.786983630780689 ], [ -91.364723728173686, 31.786826787873771 ], [ -91.364676110046176, 31.786520975880091 ] ] ], [ [ [ -91.355250564030783, 31.81173282723984 ], [ -91.355389908643645, 31.811560452671927 ], [ -91.355617917720551, 31.811483235043713 ], [ -91.356094407317812, 31.811563818091578 ], [ -91.35629564137561, 31.811682194717129 ], [ -91.356559385150263, 31.811679982302131 ], [ -91.35680621711559, 31.811858362138636 ], [ -91.35683304289293, 31.812133535995656 ], [ -91.356693699978663, 31.812305912190833 ], [ -91.3564656896543, 31.812383131699704 ], [ -91.356100661311984, 31.812248840231838 ], [ -91.355524215387632, 31.812186383534829 ], [ -91.355277385158971, 31.812008001273323 ], [ -91.355250564030783, 31.81173282723984 ] ] ], [ [ [ -91.355492779511422, 31.81474167179616 ], [ -91.355701683866144, 31.81453089917505 ], [ -91.356023941336517, 31.814507994895294 ], [ -91.35627077949853, 31.81468637591361 ], [ -91.356297604112342, 31.814961549740211 ], [ -91.356088700051401, 31.815172323339258 ], [ -91.355766440273612, 31.815195227703505 ], [ -91.355519601817818, 31.81501684570727 ], [ -91.355492779511422, 31.81474167179616 ] ] ], [ [ [ -91.352224220559407, 31.81706346701662 ], [ -91.352433137567814, 31.816852700264526 ], [ -91.352755403556131, 31.816829804572919 ], [ -91.353002241110886, 31.817008191867799 ], [ -91.353029056347737, 31.817283365982764 ], [ -91.35282013963284, 31.817494133712891 ], [ -91.352497871336794, 31.817517029488808 ], [ -91.352251033488542, 31.817338641215887 ], [ -91.352224220559407, 31.81706346701662 ] ] ], [ [ [ -91.356261184866469, 31.818009508385657 ], [ -91.356470095237384, 31.817798734795648 ], [ -91.356792364000199, 31.817775828956631 ], [ -91.357039212116206, 31.817954208738652 ], [ -91.357066039514734, 31.818229382376234 ], [ -91.356857129437742, 31.818440156944281 ], [ -91.356534858367155, 31.818463062867863 ], [ -91.35628800995724, 31.818284682107787 ], [ -91.356261184866469, 31.818009508385657 ] ] ] ] } },
{ "type": "Feature", "properties": { "depth_bin": 45, "survey_id": "LM_03_KGC_20260531_CS_3820_3786", "date": "2026-05-31 00:00:00+00:00", "year": 2026, "mile": 380.0, "bin_order": -45 }, "geometry": { "type": "MultiPolygon", "coordinates": [ [ [ [ -91.355926108311138, 31.811783351212128 ], [ -91.356118049554794, 31.81165293873039 ], [ -91.356321574451911, 31.811629839636804 ], [ -91.356577040383399, 31.811737082502525 ], [ -91.356695262621813, 31.811968838629362 ], [ -91.357018835924848, 31.811799216510746 ], [ -91.357382913181738, 31.81193258186541 ], [ -91.357645990718382, 31.811930561362473 ], [ -91.357892825515222, 31.812108939176692 ], [ -91.357919654564768, 31.812384112905175 ], [ -91.357746641268776, 31.812577148836606 ], [ -91.357428572049642, 31.812626919162934 ], [ -91.357188222853352, 31.812500346846065 ], [ -91.356813875824756, 31.812455657656269 ], [ -91.356632431095335, 31.812178212980562 ], [ -91.356467312792773, 31.812309013353421 ], [ -91.356267417904448, 31.812349036214762 ], [ -91.355970574436199, 31.81223952070653 ], [ -91.355852055060637, 31.81200025648867 ], [ -91.355616850088367, 31.812147622682129 ], [ -91.355332768480622, 31.812132022494257 ], [ -91.355169727400835, 31.81202546369807 ], [ -91.355079300877037, 31.811830761375884 ], [ -91.355177840651507, 31.811567769195204 ], [ -91.35546529404283, 31.811441304789327 ], [ -91.355773275759603, 31.811525448760928 ], [ -91.355926108311138, 31.811783351212128 ] ] ], [ [ [ -91.356439361830155, 31.814914138055592 ], [ -91.356725256127362, 31.814677289997761 ], [ -91.357123377835947, 31.81472235569629 ], [ -91.357475879115768, 31.814891587575271 ], [ -91.357547676965709, 31.815226153604286 ], [ -91.357338775027003, 31.815436929323511 ], [ -91.357016514489189, 31.815459836833224 ], [ -91.356538533003459, 31.815275294379049 ], [ -91.356426186562544, 31.815089099247206 ], [ -91.356439361830155, 31.814914138055592 ] ] ], [ [ [ -91.35208683926335, 31.816986865473936 ], [ -91.35239856102686, 31.816775097397777 ], [ -91.353071924307557, 31.816871771172256 ], [ -91.353318762607529, 31.817050157876107 ], [ -91.353345578793025, 31.817325331954709 ], [ -91.353237362633848, 31.817474327637846 ], [ -91.353019298213709, 31.817570252865067 ], [ -91.352345929962965, 31.817473578652773 ], [ -91.352081934921415, 31.817262958693298 ], [ -91.35208683926335, 31.816986865473936 ] ] ], [ [ [ -91.353945824116835, 31.817422742457662 ], [ -91.354177926856138, 31.817230472476901 ], [ -91.354501270918618, 31.817234654431456 ], [ -91.354726447378738, 31.817432838665457 ], [ -91.354721550805422, 31.817708932232385 ], [ -91.35448944790393, 31.817901203188871 ], [ -91.354166101520761, 31.817897021126292 ], [ -91.35394092522283, 31.817698835916588 ], [ -91.353945824116835, 31.817422742457662 ] ] ], [ [ [ -91.355507956300698, 31.817771695868128 ], [ -91.355740056839934, 31.817579422967274 ], [ -91.356063402372371, 31.817583600993995 ], [ -91.356288583111422, 31.817781782593237 ], [ -91.356283691119586, 31.818057876361884 ], [ -91.356051590418303, 31.818250150238487 ], [ -91.355728242565121, 31.818245972103849 ], [ -91.355503061988102, 31.818047789528883 ], [ -91.355507956300698, 31.817771695868128 ] ] ] ] } },
{ "type": "Feature", "properties": { "depth_bin": 46, "survey_id": "LM_03_KGC_20260531_CS_3820_3786", "date": "2026-05-31 00:00:00+00:00", "year": 2026, "mile": 380.0, "bin_order": -46 }, "geometry": { "type": "MultiPolygon", "coordinates": [ [ [ [ -91.35727478897256, 31.812186461620538 ], [ -91.357483683389944, 31.811975685661444 ], [ -91.357805931722197, 31.811952776544647 ], [ -91.358052766898069, 31.812131154060278 ], [ -91.358079596427032, 31.812406327770297 ], [ -91.357870702303543, 31.812617104707204 ], [ -91.357548451664215, 31.812640013908599 ], [ -91.357301616194434, 31.812461635415158 ], [ -91.35727478897256, 31.812186461620538 ] ] ], [ [ [ -91.353623908661277, 31.814327473895322 ], [ -91.353832816144489, 31.814116704442032 ], [ -91.354155072413491, 31.814093804862384 ], [ -91.354401905748034, 31.814272189359915 ], [ -91.354428724735996, 31.814547363406778 ], [ -91.35421981754638, 31.814758133838005 ], [ -91.353897558969962, 31.814781033502033 ], [ -91.353650725341836, 31.814602648026558 ], [ -91.353623908661277, 31.814327473895322 ] ] ], [ [ [ -91.354864354862457, 31.81461975191927 ], [ -91.354972564928971, 31.814470754587312 ], [ -91.355190620047921, 31.814374825652763 ], [ -91.355828585545481, 31.814463535162165 ], [ -91.356094710708092, 31.814620398178338 ], [ -91.356152992502075, 31.814892001913364 ], [ -91.356034101754346, 31.815075209982908 ], [ -91.355816045760847, 31.815171140327131 ], [ -91.355178075442254, 31.815082430600615 ], [ -91.354911950629031, 31.81492556568524 ], [ -91.354864354862457, 31.81461975191927 ] ] ], [ [ [ -91.352695300616645, 31.817144055108166 ], [ -91.352904216780303, 31.8169332875549 ], [ -91.353226482988532, 31.816910390675591 ], [ -91.353473321699042, 31.817088777091971 ], [ -91.353500138350498, 31.817363951152249 ], [ -91.353291222480394, 31.817574719683559 ], [ -91.352968953964407, 31.817597616647195 ], [ -91.352722114960358, 31.817419229252771 ], [ -91.352695300616645, 31.817144055108166 ] ] ], [ [ [ -91.353777943021967, 31.817412812223161 ], [ -91.353986857441157, 31.817202042837675 ], [ -91.354309124446033, 31.817179143238846 ], [ -91.354555966027618, 31.817357527641445 ], [ -91.354582785942853, 31.817632701573316 ], [ -91.354373871817316, 31.817843471936861 ], [ -91.354051602504711, 31.817866371620077 ], [ -91.353804760629473, 31.817687986239431 ], [ -91.353777943021967, 31.817412812223161 ] ] ], [ [ [ -91.355662450160651, 31.817801241422934 ], [ -91.355820919922451, 31.817641359826982 ], [ -91.356015269677457, 31.817584799937848 ], [ -91.356217896129905, 31.817613145870403 ], [ -91.356396885837583, 31.817738645129769 ], [ -91.356675915951016, 31.817755258350402 ], [ -91.356901098448972, 31.817953438918291 ], [ -91.356896208246937, 31.81822953276448 ], [ -91.356737739225139, 31.818389415714499 ], [ -91.356543388150826, 31.818445976658683 ], [ -91.356340759766994, 31.818417631183536 ], [ -91.356161768870876, 31.818292131816463 ], [ -91.355882737290756, 31.818275517417977 ], [ -91.35565755630212, 31.818077335103848 ], [ -91.355662450160651, 31.817801241422934 ] ] ] ] } },
{ "type": "Feature", "properties": { "depth_bin": 47, "survey_id": "LM_03_KGC_20260531_CS_3820_3786", "date": "2026-05-31 00:00:00+00:00", "year": 2026, "mile": 380.0, "bin_order": -47 }, "geometry": { "type": "MultiPolygon", "coordinates": [ [ [ [ -91.355406131948968, 31.811767230004509 ], [ -91.355514337626829, 31.811618232006037 ], [ -91.35573238538619, 31.811522301856552 ], [ -91.356248147630765, 31.811604776364465 ], [ -91.356494978776226, 31.811783156779988 ], [ -91.356521803615792, 31.812058330673914 ], [ -91.356413598970533, 31.812207329556696 ], [ -91.356195550218644, 31.812303260833392 ], [ -91.355679784175678, 31.81222078599156 ], [ -91.355432953545389, 31.812042404019643 ], [ -91.355406131948968, 31.811767230004509 ] ] ], [ [ [ -91.357430516249096, 31.812217753809829 ], [ -91.357639410398193, 31.812006977586464 ], [ -91.357961658819249, 31.811984068077667 ], [ -91.358208494389032, 31.812162445303176 ], [ -91.358235324386271, 31.812437618994899 ], [ -91.358026430531083, 31.812648396196078 ], [ -91.357704179802923, 31.812671305789497 ], [ -91.357457343939231, 31.812492927586185 ], [ -91.357430516249096, 31.812217753809829 ] ] ], [ [ [ -91.353779639361349, 31.814358853453371 ], [ -91.353988546576474, 31.814148083735745 ], [ -91.354310802934691, 31.814125183764066 ], [ -91.354557636663429, 31.814303567971507 ], [ -91.35458445611971, 31.814578742000116 ], [ -91.354375549198167, 31.814789512695654 ], [ -91.354053290532576, 31.814812412751721 ], [ -91.353806456510213, 31.814634027566367 ], [ -91.353779639361349, 31.814358853453371 ] ] ], [ [ [ -91.354709708661986, 31.81458171311667 ], [ -91.354918614359647, 31.814370941824354 ], [ -91.355240871374065, 31.814348039515622 ], [ -91.35548770754832, 31.814526421992646 ], [ -91.355514529806896, 31.814801595911142 ], [ -91.355305624402916, 31.815012368181399 ], [ -91.354983365081097, 31.815035270574576 ], [ -91.354736528613159, 31.814856887119635 ], [ -91.354709708661986, 31.81458171311667 ] ] ], [ [ [ -91.356895292224891, 31.815051868569235 ], [ -91.357104194230061, 31.814841093570845 ], [ -91.357426452599569, 31.814818185763709 ], [ -91.357673294382664, 31.81499656417078 ], [ -91.357700123218464, 31.81527173783191 ], [ -91.357491221507189, 31.815482513808249 ], [ -91.357168960830279, 31.81550542169996 ], [ -91.356922118753246, 31.815327042314959 ], [ -91.356895292224891, 31.815051868569235 ] ] ], [ [ [ -91.353619893875631, 31.817387746086354 ], [ -91.353828808582904, 31.817176976969858 ], [ -91.354151075520875, 31.817154077769771 ], [ -91.35439791671979, 31.817332462467245 ], [ -91.354424736160723, 31.817607636417424 ], [ -91.354215821747076, 31.817818406511957 ], [ -91.353893552501376, 31.817841305796446 ], [ -91.353646711008821, 31.817662920120924 ], [ -91.353619893875631, 31.817387746086354 ] ] ], [ [ [ -91.355817105361425, 31.81783372635034 ], [ -91.35608845263522, 31.817630031060251 ], [ -91.356492523763905, 31.817661719451333 ], [ -91.356739370982709, 31.817840099788665 ], [ -91.356766197471245, 31.818115273463139 ], [ -91.356519539716402, 31.818340699202647 ], [ -91.356076218150292, 31.818320432608779 ], [ -91.355812211956874, 31.818109820051315 ], [ -91.355817105361425, 31.81783372635034 ] ] ] ] } },
{ "type": "Feature", "properties": { "depth_bin": 48, "survey_id": "LM_03_KGC_20260531_CS_3820_3786", "date": "2026-05-31 00:00:00+00:00", "year": 2026, "mile": 380.0, "bin_order": -48 }, "geometry": { "type": "MultiPolygon", "coordinates": [ [ [ [ -91.364825175197041, 31.786569038041993 ], [ -91.365008798189749, 31.786341778786813 ], [ -91.365326773492612, 31.786291986151674 ], [ -91.36572532357529, 31.786459213571906 ], [ -91.365807808817877, 31.786759565749023 ], [ -91.36562418685449, 31.786986826180609 ], [ -91.365306209280249, 31.787036619479103 ], [ -91.364907657582236, 31.786869390703064 ], [ -91.364825175197041, 31.786569038041993 ] ] ], [ [ [ -91.363149164895873, 31.795245629178957 ], [ -91.363358006505322, 31.79503484130597 ], [ -91.363680195051856, 31.795011915226166 ], [ -91.363926998484473, 31.795190280666198 ], [ -91.363953842907634, 31.795465454261223 ], [ -91.363745001592392, 31.795676243111323 ], [ -91.363422810740772, 31.795699169275981 ], [ -91.363176007013962, 31.795520802858853 ], [ -91.363149164895873, 31.795245629178957 ] ] ], [ [ [ -91.354544212766896, 31.814577361962325 ], [ -91.354727918847374, 31.814350121220365 ], [ -91.355045995155393, 31.81430035790774 ], [ -91.355312118463317, 31.814457222504622 ], [ -91.355370397868569, 31.814728826524174 ], [ -91.355186692526274, 31.814956068208804 ], [ -91.354868614012474, 31.81500583179502 ], [ -91.354602489966382, 31.814848966255472 ], [ -91.354544212766896, 31.814577361962325 ] ] ], [ [ [ -91.357050386266721, 31.815086603106042 ], [ -91.357259288013083, 31.814875827844798 ], [ -91.357581546483502, 31.814852919647645 ], [ -91.357828388668153, 31.815031297765987 ], [ -91.357855217970894, 31.815306471408789 ], [ -91.357646316518455, 31.815517247647964 ], [ -91.357324055740619, 31.815540155929707 ], [ -91.357077213262031, 31.815361776833441 ], [ -91.357050386266721, 31.815086603106042 ] ] ], [ [ [ -91.353468975707983, 31.817343628301519 ], [ -91.353677890642757, 31.817132859439717 ], [ -91.354000157446478, 31.817109960617906 ], [ -91.354246998228049, 31.817288345595699 ], [ -91.354273817212999, 31.817563519563976 ], [ -91.354064902571864, 31.817774289403829 ], [ -91.353742633460399, 31.817797188310017 ], [ -91.353495792385189, 31.817618802354186 ], [ -91.353468975707983, 31.817343628301519 ] ] ] ] } },
{ "type": "Feature", "properties": { "depth_bin": 49, "survey_id": "LM_03_KGC_20260531_CS_3820_3786", "date": "2026-05-31 00:00:00+00:00", "year": 2026, "mile": 380.0, "bin_order": -49 }, "geometry": { "type": "MultiPolygon", "coordinates": [ [ [ [ -91.363761158224648, 31.795431238116858 ], [ -91.363917837052441, 31.795189702144167 ], [ -91.364228598044562, 31.795113531513639 ], [ -91.364511403052703, 31.795247345627732 ], [ -91.36460058955457, 31.795512758608591 ], [ -91.364443911880741, 31.79575429545152 ], [ -91.364133148871616, 31.795830466534422 ], [ -91.363850342709512, 31.795696651550085 ], [ -91.363761158224648, 31.795431238116858 ] ] ], [ [ [ -91.357577458096728, 31.812285824156831 ], [ -91.357761152150488, 31.812058578552637 ], [ -91.358079219266656, 31.812008807318861 ], [ -91.358345341601748, 31.812165665575669 ], [ -91.358403628823268, 31.812437268550056 ], [ -91.35821993550789, 31.81266451509677 ], [ -91.357901866186324, 31.812714286604297 ], [ -91.357635743112823, 31.812557427404968 ], [ -91.357577458096728, 31.812285824156831 ] ] ], [ [ [ -91.353919347289846, 31.8144422700849 ], [ -91.354103054576626, 31.814215030283346 ], [ -91.35442113068099, 31.814165268527859 ], [ -91.354687252494585, 31.814322134386465 ], [ -91.354745529990197, 31.814593738633267 ], [ -91.354561823441529, 31.814820979377483 ], [ -91.354243745131399, 31.814870741406544 ], [ -91.353977622579663, 31.814713874605246 ], [ -91.353919347289846, 31.8144422700849 ] ] ] ] } },
{ "type": "Feature", "properties": { "depth_bin": 50, "survey_id": "LM_03_KGC_20260531_CS_3820_3786", "date": "2026-05-31 00:00:00+00:00", "year": 2026, "mile": 380.0, "bin_order": -50 }, "geometry": { "type": "MultiPolygon", "coordinates": [ [ [ [ -91.354079409689504, 31.814466467553306 ], [ -91.354263116645484, 31.814239227509809 ], [ -91.354581192766076, 31.814189465354168 ], [ -91.354847314933409, 31.814346330888842 ], [ -91.354905592913042, 31.814617935077624 ], [ -91.354721886695202, 31.814845176063795 ], [ -91.354403808368829, 31.814894938493005 ], [ -91.354137685463357, 31.814738072015658 ], [ -91.354079409689504, 31.814466467553306 ] ] ], [ [ [ -91.357191042383675, 31.815165142257907 ], [ -91.357374743386657, 31.814937897534318 ], [ -91.357692820610694, 31.814888127627775 ], [ -91.357958950291462, 31.815044986880949 ], [ -91.358017237793547, 31.815316589937243 ], [ -91.357833537529018, 31.815543835603464 ], [ -91.357515458099243, 31.815593605783778 ], [ -91.357249327680009, 31.815436745587974 ], [ -91.357191042383675, 31.815165142257907 ] ] ], [ [ [ -91.353148597295501, 31.81727757105703 ], [ -91.35333231235694, 31.817050332719074 ], [ -91.353650398580015, 31.817000573254241 ], [ -91.354027951061667, 31.817146446520379 ], [ -91.35413779776863, 31.817473394876423 ], [ -91.353954083740945, 31.817700634401579 ], [ -91.353635995227137, 31.817750394545044 ], [ -91.353258441001074, 31.81760452006661 ], [ -91.353148597295501, 31.81727757105703 ] ] ] ] } },
{ "type": "Feature", "properties": { "depth_bin": 51, "survey_id": "LM_03_KGC_20260531_CS_3820_3786", "date": "2026-05-31 00:00:00+00:00", "year": 2026, "mile": 380.0, "bin_order": -51 }, "geometry": { "type": "Polygon", "coordinates": [ [ [ -91.357723411795448, 31.812390909257172 ], [ -91.357851658291679, 31.812137428246658 ], [ -91.358152242944811, 31.812035626018897 ], [ -91.358449088582574, 31.81214513650437 ], [ -91.358568308135474, 31.812401810487533 ], [ -91.358440063165403, 31.812655292264072 ], [ -91.358139476757316, 31.812757095105439 ], [ -91.357842629593378, 31.812647583853973 ], [ -91.357723411795448, 31.812390909257172 ] ] ] } },
{ "type": "Feature", "properties": { "depth_bin": 52, "survey_id": "LM_03_KGC_20260531_CS_3820_3786", "date": "2026-05-31 00:00:00+00:00", "year": 2026, "mile": 380.0, "bin_order": -52 }, "geometry": { "type": "MultiPolygon", "coordinates": [ [ [ [ -91.354232571883657, 31.814525357280147 ], [ -91.354389309516463, 31.814283835659982 ], [ -91.354700141936675, 31.81420769094132 ], [ -91.354982989156071, 31.814341527347896 ], [ -91.355072163925783, 31.814606945943861 ], [ -91.354915427447267, 31.814848468435212 ], [ -91.354604593007664, 31.814924613606092 ], [ -91.354321744633992, 31.814790776328344 ], [ -91.354232571883657, 31.814525357280147 ] ] ], [ [ [ -91.352834352719668, 31.817234871249379 ], [ -91.353091699378083, 31.816975243428114 ], [ -91.353499080661123, 31.816978641865703 ], [ -91.353765208678425, 31.81713550980658 ], [ -91.353823484840831, 31.817407114329111 ], [ -91.35356613890815, 31.817666743642697 ], [ -91.35315875459122, 31.81766334531812 ], [ -91.352892626185096, 31.817506476104384 ], [ -91.352834352719668, 31.817234871249379 ] ] ] ] } },
{ "type": "Feature", "properties": { "depth_bin": 53, "survey_id": "LM_03_KGC_20260531_CS_3820_3786", "date": "2026-05-31 00:00:00+00:00", "year": 2026, "mile": 380.0, "bin_order": -53 }, "geometry": { "type": "MultiPolygon", "coordinates": [ [ [ [ -91.357873926181739, 31.812411452150201 ], [ -91.358030650713758, 31.812169925526618 ], [ -91.358341473391661, 31.812093771546767 ], [ -91.358624319933838, 31.812227599859337 ], [ -91.358713503488303, 31.812493016269737 ], [ -91.358556780110774, 31.812734543764311 ], [ -91.358245955413878, 31.812810698196543 ], [ -91.357963107717225, 31.812676869012982 ], [ -91.357873926181739, 31.812411452150201 ] ] ], [ [ [ -91.354385429659331, 31.814564730394803 ], [ -91.354542166974099, 31.814323208576546 ], [ -91.354852999419549, 31.814247063485041 ], [ -91.355135846992653, 31.81438089956243 ], [ -91.355225022237406, 31.814646318065691 ], [ -91.355068286076957, 31.814887840755127 ], [ -91.35475745161213, 31.814963986298867 ], [ -91.354474602884707, 31.814830149350314 ], [ -91.354385429659331, 31.814564730394803 ] ] ] ] } },
{ "type": "Feature", "properties": { "depth_bin": 54, "survey_id": "LM_03_KGC_20260531_CS_3820_3786", "date": "2026-05-31 00:00:00+00:00", "year": 2026, "mile": 380.0, "bin_order": -54 }, "geometry": { "type": "Polygon", "coordinates": [ [ [ -91.358027822047774, 31.812483044233158 ], [ -91.358156067865337, 31.812229562895549 ], [ -91.358456652520815, 31.812127759948723 ], [ -91.358753498840585, 31.812237269744358 ], [ -91.358872719355645, 31.812493943470997 ], [ -91.35874447506427, 31.812747425574607 ], [ -91.358443888653852, 31.812849229135065 ], [ -91.358147040807893, 31.812739718573443 ], [ -91.358027822047774, 31.812483044233158 ] ] ] } },
{ "type": "Feature", "properties": { "depth_bin": 60, "survey_id": "LM_03_KGC_20260531_CS_3820_3786", "date": "2026-05-31 00:00:00+00:00", "year": 2026, "mile": 380.0, "bin_order": -60 }, "geometry": { "type": "Polygon", "coordinates": [ [ [ -91.363285798630841, 31.795375699770439 ], [ -91.363414004533027, 31.795122211201551 ], [ -91.363714527714436, 31.795020393514022 ], [ -91.364011327010815, 31.795129889694579 ], [ -91.364130542498188, 31.795386558906774 ], [ -91.364002338121239, 31.795640048240934 ], [ -91.36370181318668, 31.795741866541892 ], [ -91.36340501236505, 31.795632369596071 ], [ -91.363285798630841, 31.795375699770439 ] ] ] } },
{ "type": "Feature", "properties": { "depth_bin": 67, "survey_id": "LM_03_KGC_20260531_CS_3820_3786", "date": "2026-05-31 00:00:00+00:00", "year": 2026, "mile": 380.0, "bin_order": -67 }, "geometry": { "type": "Polygon", "coordinates": [ [ [ -91.363598148746362, 31.795448296606772 ], [ -91.363726353919432, 31.795194807700682 ], [ -91.364026877030881, 31.795092989272973 ], [ -91.364323676957454, 31.795202484743953 ], [ -91.364442893406007, 31.795459153692846 ], [ -91.364314689758203, 31.795712643364215 ], [ -91.364014164893632, 31.795814462405357 ], [ -91.363717363441779, 31.795704966169108 ], [ -91.363598148746362, 31.795448296606772 ] ] ] } },
{ "type": "Feature", "properties": { "depth_bin": 68, "survey_id": "LM_03_KGC_20260531_CS_3820_3786", "date": "2026-05-31 00:00:00+00:00", "year": 2026, "mile": 380.0, "bin_order": -68 }, "geometry": { "type": "Polygon", "coordinates": [ [ [ -91.363446831701012, 31.795391466714282 ], [ -91.363575037194664, 31.795137977969716 ], [ -91.363875560268767, 31.795036159897897 ], [ -91.364172359821978, 31.795145655710648 ], [ -91.364291575779816, 31.795402324787016 ], [ -91.364163371811429, 31.79565581429685 ], [ -91.363862846984176, 31.795757632982109 ], [ -91.363566045905714, 31.795648136404079 ], [ -91.363446831701012, 31.795391466714282 ] ] ] } }
]
}
