{
"type": "FeatureCollection",
"name": "LM_11_YBS_20240626_CS_5468_5428_depth_polygons",
"crs": { "type": "name", "properties": { "name": "urn:ogc:def:crs:OGC:1.3:CRS84" } },
"features": [
{ "type": "Feature", "properties": { "depth_bin": "10-11 ft", "survey_id": "LM_11_YBS_20240626_CS_5468_5428", "date": "2024-06-26 00:00:00+00:00", "year": 2024, "mile": 545.0, "bin_order": 7 }, "geometry": { "type": "MultiPolygon", "coordinates": [ [ [ [ -91.12058425948824, 33.462585978179625 ], [ -91.120988635063469, 33.462558776575349 ], [ -91.121240279963104, 33.462825474464317 ], [ -91.121144435649057, 33.463123225817739 ], [ -91.120745817951345, 33.463298530139674 ], [ -91.120424027877874, 33.463239790232343 ], [ -91.120246044786668, 33.463007541367489 ], [ -91.120316127949735, 33.462737832425006 ], [ -91.12058425948824, 33.462585978179625 ] ] ], [ [ [ -91.120698794555906, 33.466092958939207 ], [ -91.120917107807202, 33.465933053732513 ], [ -91.121206901265879, 33.465925522162102 ], [ -91.121436616068991, 33.466073783415425 ], [ -91.121501966780045, 33.466310530517553 ], [ -91.121307119345275, 33.466572141474977 ], [ -91.12102502435188, 33.466626934098656 ], [ -91.120796155897168, 33.466804697721841 ], [ -91.120588783299112, 33.466827273479637 ], [ -91.120301182268932, 33.466692769820753 ], [ -91.120211296936233, 33.46642721762386 ], [ -91.120371779353093, 33.466186174098794 ], [ -91.120698794555906, 33.466092958939207 ] ] ], [ [ [ -91.124120657625369, 33.467795005069824 ], [ -91.124378980458189, 33.467623773985174 ], [ -91.12470610864564, 33.467655785077277 ], [ -91.124910416650764, 33.46787228691273 ], [ -91.124872223132186, 33.468146456355989 ], [ -91.124613899616477, 33.468317688435363 ], [ -91.124286768998516, 33.468285677017668 ], [ -91.124082461676295, 33.468069174187491 ], [ -91.124120657625369, 33.467795005069824 ] ] ], [ [ [ -91.123279514696023, 33.468226714754785 ], [ -91.123537840421079, 33.46805548553769 ], [ -91.123864969804359, 33.468087498894661 ], [ -91.124069276608409, 33.468304002065651 ], [ -91.124031080195394, 33.468578171132748 ], [ -91.12377275378735, 33.468749401344581 ], [ -91.123445621973531, 33.46871738766194 ], [ -91.123241315852468, 33.468500883496233 ], [ -91.123279514696023, 33.468226714754785 ] ] ], [ [ [ -91.127083570221558, 33.473418991510776 ], [ -91.127341904774553, 33.473247754771513 ], [ -91.127669055483466, 33.473279758782972 ], [ -91.12787338361909, 33.473496256259352 ], [ -91.127835196048011, 33.473770426618799 ], [ -91.127576860812255, 33.473941664353042 ], [ -91.127249707672092, 33.473909660016162 ], [ -91.127045380219215, 33.473693161544773 ], [ -91.127083570221558, 33.473418991510776 ] ] ], [ [ [ -91.12992965728732, 33.475512621693852 ], [ -91.130187992951676, 33.475341379094687 ], [ -91.130515152914327, 33.475373375887649 ], [ -91.130719493025623, 33.475589869015344 ], [ -91.130681313137075, 33.475864040443398 ], [ -91.130422976790172, 33.4760352840377 ], [ -91.130095814395915, 33.476003286919465 ], [ -91.129891474967167, 33.475786792796633 ], [ -91.12992965728732, 33.475512621693852 ] ] ], [ [ [ -91.138740702334829, 33.4766047546428 ], [ -91.138938847601068, 33.476548676874607 ], [ -91.139182989836684, 33.476593199174161 ], [ -91.139335410933811, 33.476713206998625 ], [ -91.13940364513131, 33.476914632699319 ], [ -91.139349201517376, 33.477083853777806 ], [ -91.139157485770809, 33.477267123737903 ], [ -91.138937245587542, 33.477424184965194 ], [ -91.13873349340092, 33.47746371685615 ], [ -91.138431485718016, 33.477353529603427 ], [ -91.138310909621282, 33.477096655888815 ], [ -91.138387713758505, 33.476897408849801 ], [ -91.138740702334829, 33.4766047546428 ] ] ], [ [ [ -91.131986979612762, 33.477929148007803 ], [ -91.132245318849883, 33.47775790128906 ], [ -91.132572488882516, 33.477789892976553 ], [ -91.132776839662327, 33.47800638300356 ], [ -91.132738664791503, 33.478280555152118 ], [ -91.132480324871963, 33.478451802866104 ], [ -91.132153152407398, 33.478419810853453 ], [ -91.131948802310006, 33.478203319831195 ], [ -91.131986979612762, 33.477929148007803 ] ] ], [ [ [ -91.141256414721312, 33.478758365498813 ], [ -91.141514739200161, 33.478587098923072 ], [ -91.141841916948025, 33.478619066345587 ], [ -91.142046293397328, 33.47883554191332 ], [ -91.142008147114055, 33.479109717878494 ], [ -91.141749821953695, 33.47928098544967 ], [ -91.141422641773573, 33.479249017702564 ], [ -91.141218266005779, 33.479032541139397 ], [ -91.141256414721312, 33.478758365498813 ] ] ], [ [ [ -91.1346067477849, 33.479993346782024 ], [ -91.13486508846411, 33.479822094686526 ], [ -91.135192267528353, 33.479854079745103 ], [ -91.135396629638961, 33.480070565774035 ], [ -91.135358461760788, 33.480344738897486 ], [ -91.135100120399372, 33.480515991988362 ], [ -91.13477293890287, 33.480484006604769 ], [ -91.134568577474482, 33.480267519580465 ], [ -91.1346067477849, 33.479993346782024 ] ] ], [ [ [ -91.126998198751735, 33.481703389269903 ], [ -91.127256558876027, 33.481532153784983 ], [ -91.127583740553021, 33.481564159060866 ], [ -91.127788086913512, 33.481780657071177 ], [ -91.12774989414801, 33.482054826921491 ], [ -91.127491533340688, 33.482226063401711 ], [ -91.12716434923145, 33.482194057800307 ], [ -91.126960003553975, 33.481977558794696 ], [ -91.126998198751735, 33.481703389269903 ] ] ], [ [ [ -91.137009551838077, 33.482190613755854 ], [ -91.137267894771867, 33.4820193567678 ], [ -91.13759508325829, 33.482051335783673 ], [ -91.137799456439552, 33.4822678181594 ], [ -91.137761294795567, 33.482541992159206 ], [ -91.137502951179755, 33.482713250142758 ], [ -91.137175760260732, 33.482681270801997 ], [ -91.136971387761534, 33.482464787430779 ], [ -91.137009551838077, 33.482190613755854 ] ] ], [ [ [ -91.139699626543631, 33.484163309286622 ], [ -91.139957970506202, 33.483992046758139 ], [ -91.140285167717181, 33.484024018947203 ], [ -91.140489552208237, 33.484240497208646 ], [ -91.140451397834354, 33.48451467221691 ], [ -91.140193053189961, 33.484685935740991 ], [ -91.139865853546084, 33.484653963227224 ], [ -91.139661469736865, 33.484437483970162 ], [ -91.139699626543631, 33.484163309286622 ] ] ], [ [ [ -91.144966850032816, 33.487997897937099 ], [ -91.145243987131934, 33.487848667139765 ], [ -91.145565887367212, 33.487907346059721 ], [ -91.145743987540214, 33.488139561743829 ], [ -91.145673958176786, 33.488409286039627 ], [ -91.145396819934589, 33.488558517750384 ], [ -91.145074917445513, 33.488499838317964 ], [ -91.144896818415603, 33.488267621720439 ], [ -91.144966850032816, 33.487997897937099 ] ] ], [ [ [ -91.140656924286176, 33.492325225774366 ], [ -91.1409340824694, 33.492176005450126 ], [ -91.141255995126897, 33.492234695985431 ], [ -91.141434091783694, 33.492466917623275 ], [ -91.141364045024929, 33.492736638723578 ], [ -91.141086885698002, 33.492885859961277 ], [ -91.140764970786421, 33.492827168913159 ], [ -91.140586875273343, 33.492594946361876 ], [ -91.140656924286176, 33.492325225774366 ] ] ], [ [ [ -91.110978811182619, 33.439856853348012 ], [ -91.111237072880201, 33.439685646938223 ], [ -91.11156409005703, 33.439717689027425 ], [ -91.111768302202051, 33.43993421002498 ], [ -91.111730084127117, 33.440208375569497 ], [ -91.111471821746179, 33.44037958297271 ], [ -91.111144802142547, 33.440347540557319 ], [ -91.110940590680883, 33.440131018566348 ], [ -91.110978811182619, 33.439856853348012 ] ] ], [ [ [ -91.119056648649149, 33.441680103836788 ], [ -91.119442151139864, 33.441491762301965 ], [ -91.11974401033271, 33.441601991289708 ], [ -91.119863178294509, 33.44182350499252 ], [ -91.119761917894252, 33.442086158878809 ], [ -91.119468782214497, 33.442211854513218 ], [ -91.119169949656197, 33.442136297548906 ], [ -91.118868505622387, 33.442318982725659 ], [ -91.118513345719421, 33.442238645908517 ], [ -91.11836341850541, 33.44199289182685 ], [ -91.118464682943895, 33.441730239223084 ], [ -91.118757818299287, 33.441604545948657 ], [ -91.119056648649149, 33.441680103836788 ] ] ], [ [ [ -91.11961143890845, 33.450200168108836 ], [ -91.120239070932655, 33.450059679824726 ], [ -91.120484973251919, 33.450188356535328 ], [ -91.120574845118838, 33.450453908637428 ], [ -91.120446185818494, 33.450671663850883 ], [ -91.11992023741108, 33.450858554635431 ], [ -91.119623938218467, 33.450813128986816 ], [ -91.1194899557984, 33.450966207946479 ], [ -91.119299366082473, 33.45103826319604 ], [ -91.118913405127657, 33.450933687324891 ], [ -91.118792920324552, 33.450676796849869 ], [ -91.118924418323658, 33.450423730548174 ], [ -91.119188667674734, 33.450323827245512 ], [ -91.119443095804456, 33.450373812714567 ], [ -91.11961143890845, 33.450200168108836 ] ] ], [ [ [ -91.120279667551628, 33.453124222477015 ], [ -91.120517348058385, 33.453188617720464 ], [ -91.120654934195571, 33.453320586571323 ], [ -91.12069922675056, 33.453526652610179 ], [ -91.120625240050188, 33.453690575713033 ], [ -91.120429316339724, 33.453820458413297 ], [ -91.120033179707676, 33.453912381272268 ], [ -91.119711424591287, 33.453853640655971 ], [ -91.119533461401403, 33.453621391169577 ], [ -91.119603537752383, 33.453351682056827 ], [ -91.119799461540367, 33.453221800659279 ], [ -91.120279667551628, 33.453124222477015 ] ] ], [ [ [ -91.112517624240454, 33.458934506354396 ], [ -91.112726619365091, 33.458929087910718 ], [ -91.112944750610893, 33.459031128245762 ], [ -91.113058486478707, 33.459217549982711 ], [ -91.113044435430027, 33.459392416226649 ], [ -91.112830929188647, 33.459602575253918 ], [ -91.112450206365651, 33.4597391664716 ], [ -91.112200442650973, 33.45973536228783 ], [ -91.111949714278765, 33.459556401967895 ], [ -91.111923396420337, 33.459281254132669 ], [ -91.112100297947052, 33.459088737571854 ], [ -91.112517624240454, 33.458934506354396 ] ] ], [ [ [ -91.111049025923052, 33.459535839595993 ], [ -91.111307347796625, 33.459364635595136 ], [ -91.111634438565716, 33.459396679993198 ], [ -91.111838694611592, 33.459613201847127 ], [ -91.111800465029148, 33.459887366294481 ], [ -91.111542142471635, 33.46005857128953 ], [ -91.111215049273355, 33.460026526565109 ], [ -91.111010793911447, 33.459810003716974 ], [ -91.111049025923052, 33.459535839595993 ] ] ], [ [ [ -91.118727276963725, 33.460043301248646 ], [ -91.118985586085401, 33.459872080775874 ], [ -91.119312682586497, 33.459904105064162 ], [ -91.119516959490724, 33.460120614950128 ], [ -91.119478753674983, 33.460394782582121 ], [ -91.119220443870105, 33.460566004049227 ], [ -91.118893344939579, 33.460533979435084 ], [ -91.118689068718567, 33.460317468554756 ], [ -91.118727276963725, 33.460043301248646 ] ] ], [ [ [ -91.111548451586913, 33.463000696100181 ], [ -91.111825560559538, 33.462851538729538 ], [ -91.112147342295529, 33.462910300722605 ], [ -91.112325303008674, 33.46314256046427 ], [ -91.112255194917239, 33.463412263992453 ], [ -91.111978084799759, 33.463561422274658 ], [ -91.111656300814289, 33.463502659767528 ], [ -91.111478341246027, 33.463270399114286 ], [ -91.111548451586913, 33.463000696100181 ] ] ] ] } },
{ "type": "Feature", "properties": { "depth_bin": "11-12 ft", "survey_id": "LM_11_YBS_20240626_CS_5468_5428", "date": "2024-06-26 00:00:00+00:00", "year": 2024, "mile": 545.0, "bin_order": 6 }, "geometry": { "type": "MultiPolygon", "coordinates": [ [ [ [ -91.125170308159056, 33.470833761548469 ], [ -91.125407367954523, 33.470642132319732 ], [ -91.125736676194009, 33.470647113635152 ], [ -91.125965330357076, 33.470845787596225 ], [ -91.125959387797849, 33.471121774425932 ], [ -91.125722327806869, 33.471313404693916 ], [ -91.125393017049973, 33.471308423253305 ], [ -91.125164363082419, 33.471109748252957 ], [ -91.125170308159056, 33.470833761548469 ] ] ], [ [ [ -91.126928133958174, 33.473524354002215 ], [ -91.127165197672568, 33.473332721608166 ], [ -91.127494516420796, 33.473337698605057 ], [ -91.127723181526775, 33.473536369624078 ], [ -91.127717243934555, 33.47381235661166 ], [ -91.127480180024818, 33.474003990045091 ], [ -91.127150858758839, 33.473999012923102 ], [ -91.126922193848216, 33.473800340864706 ], [ -91.126928133958174, 33.473524354002215 ] ] ], [ [ [ -91.136108744879834, 33.474935600985461 ], [ -91.136391238495804, 33.47488079601866 ], [ -91.136620317935495, 33.474964382183295 ], [ -91.136764903585146, 33.475175019301695 ], [ -91.13673595681189, 33.475382994086566 ], [ -91.13598227245204, 33.476019531475664 ], [ -91.135691055551646, 33.476144684722328 ], [ -91.135442884055053, 33.47612042386762 ], [ -91.135214194114241, 33.475921766334309 ], [ -91.135220108412199, 33.475645778258794 ], [ -91.136108744879834, 33.474935600985461 ] ] ], [ [ [ -91.131854256510906, 33.478054761286813 ], [ -91.132091322677013, 33.47786311964871 ], [ -91.132420659492126, 33.477868084147971 ], [ -91.132649347697281, 33.478066746736467 ], [ -91.132643424705662, 33.478342734299297 ], [ -91.132406358344696, 33.478534376976967 ], [ -91.13207701901122, 33.478529412352948 ], [ -91.131848331000938, 33.478330748724879 ], [ -91.131854256510906, 33.478054761286813 ] ] ], [ [ [ -91.134488409355214, 33.480087768237006 ], [ -91.13474675054492, 33.479916516408551 ], [ -91.135073929903754, 33.479948501790048 ], [ -91.135278291920514, 33.480164988008603 ], [ -91.135240123615006, 33.480439161077321 ], [ -91.134981781743079, 33.480610413901147 ], [ -91.134654599951972, 33.480578428194633 ], [ -91.134450238617461, 33.480361940980686 ], [ -91.134488409355214, 33.480087768237006 ] ] ], [ [ [ -91.142311965320985, 33.486153875987981 ], [ -91.142570310511545, 33.485982608088612 ], [ -91.142897516475529, 33.486014573656647 ], [ -91.143101912117416, 33.486231047925358 ], [ -91.143063764760313, 33.486505223908161 ], [ -91.14280541888813, 33.486676492803269 ], [ -91.142478210490964, 33.486644526910652 ], [ -91.1422738155307, 33.4864280516462 ], [ -91.142311965320985, 33.486153875987981 ] ] ], [ [ [ -91.1448421549795, 33.488183088877577 ], [ -91.145079222448487, 33.487991422640079 ], [ -91.145408600029015, 33.487996353938797 ], [ -91.145637344583221, 33.488194994173433 ], [ -91.145631460516697, 33.488470983323964 ], [ -91.145394392854129, 33.488662650601462 ], [ -91.145065012753903, 33.488657719178825 ], [ -91.144836268393306, 33.488459077904182 ], [ -91.1448421549795, 33.488183088877577 ] ] ], [ [ [ -91.117940241625959, 33.436165730358155 ], [ -91.118198479058933, 33.435994508482935 ], [ -91.118525485921168, 33.436026531825313 ], [ -91.11872970774354, 33.436243041775903 ], [ -91.118691513669646, 33.436517210444485 ], [ -91.118433275554125, 33.436688433313115 ], [ -91.118106266265343, 33.436656409645053 ], [ -91.117902045125518, 33.436439898701039 ], [ -91.117940241625959, 33.436165730358155 ] ] ], [ [ [ -91.119455734059187, 33.447388807884067 ], [ -91.119714003043612, 33.447217584201965 ], [ -91.120041052596562, 33.447249604980449 ], [ -91.120245303242314, 33.447466113112036 ], [ -91.120207107239921, 33.447740281772397 ], [ -91.119948837572764, 33.447911506448357 ], [ -91.119621785591846, 33.447879485344167 ], [ -91.119417535628855, 33.447662976218723 ], [ -91.119455734059187, 33.447388807884067 ] ] ], [ [ [ -91.109778913562423, 33.449588828982115 ], [ -91.110015945595222, 33.44939722774491 ], [ -91.110345170607701, 33.449402247148981 ], [ -91.110573734830737, 33.449600946984745 ], [ -91.110567748303097, 33.449876932317487 ], [ -91.110330716073321, 33.450068534593079 ], [ -91.11000148854616, 33.450063515062801 ], [ -91.109772924520101, 33.449864814188672 ], [ -91.109778913562423, 33.449588828982115 ] ] ], [ [ [ -91.119699548668748, 33.450198745091917 ], [ -91.119963796516871, 33.450098840077843 ], [ -91.120277120653142, 33.450183732935173 ], [ -91.120421627606888, 33.450394387120959 ], [ -91.12037391397854, 33.45063407361458 ], [ -91.120115635756122, 33.450805298274609 ], [ -91.119778597194809, 33.45076805710216 ], [ -91.119492717473662, 33.450990627087037 ], [ -91.119165654210718, 33.450958604396298 ], [ -91.118961398576417, 33.450742094408341 ], [ -91.118999600268282, 33.450467926440552 ], [ -91.119257879536264, 33.45029670413976 ], [ -91.119594915989936, 33.45033394665991 ], [ -91.119699548668748, 33.450198745091917 ] ] ], [ [ [ -91.110757771567322, 33.456046352861854 ], [ -91.110994819830196, 33.455854750481585 ], [ -91.111324069430822, 33.455859768137266 ], [ -91.111552652197247, 33.456058466643469 ], [ -91.111546667305817, 33.456334451844477 ], [ -91.111309618846022, 33.456526055263375 ], [ -91.110980366729919, 33.456521037481551 ], [ -91.110751784160399, 33.456322337936719 ], [ -91.110757771567322, 33.456046352861854 ] ] ], [ [ [ -91.112706468282767, 33.458935539919096 ], [ -91.112964785227874, 33.458764332270086 ], [ -91.113291874580213, 33.458796372237451 ], [ -91.113496133550925, 33.459012891473549 ], [ -91.113457909521728, 33.459287056649366 ], [ -91.113199591892823, 33.459458265292582 ], [ -91.112872500111351, 33.459426224998971 ], [ -91.112668241824423, 33.459209704768668 ], [ -91.112706468282767, 33.458935539919096 ] ] ], [ [ [ -91.120138947245593, 33.462822812107575 ], [ -91.120397262257043, 33.462651588954799 ], [ -91.120724369858252, 33.462683609884309 ], [ -91.120928656570882, 33.462900117700208 ], [ -91.120890453526258, 33.463174285763515 ], [ -91.120632137831649, 33.463345509910766 ], [ -91.12030502780064, 33.463313488655473 ], [ -91.120100741771154, 33.463096979845083 ], [ -91.120138947245593, 33.462822812107575 ] ] ], [ [ [ -91.120529335784852, 33.466188096989342 ], [ -91.120766392197723, 33.465996476421452 ], [ -91.121095681991378, 33.466001469457296 ], [ -91.121324313450245, 33.466200151332927 ], [ -91.121318357227963, 33.466476137634935 ], [ -91.121081300619124, 33.466667759241894 ], [ -91.120752008308671, 33.466662766080546 ], [ -91.120523377045757, 33.466464083165846 ], [ -91.120529335784852, 33.466188096989342 ] ] ], [ [ [ -91.115346804239209, 33.468779706184698 ], [ -91.115605146449823, 33.468608494127061 ], [ -91.115932273943372, 33.468640528401409 ], [ -91.116136561589286, 33.468857043994895 ], [ -91.116098339971714, 33.469131209712664 ], [ -91.115839997077288, 33.469302422764919 ], [ -91.115512867153328, 33.469270388164418 ], [ -91.115308580191225, 33.469053871576293 ], [ -91.115346804239209, 33.468779706184698 ] ] ], [ [ [ -91.117222992810753, 33.471510778223099 ], [ -91.117481339900266, 33.471339562477986 ], [ -91.117808478549648, 33.471371592166371 ], [ -91.118012777093654, 33.471588104961725 ], [ -91.117974559732559, 33.471862271308389 ], [ -91.117716211959333, 33.472033488048247 ], [ -91.117389070879184, 33.472001458033802 ], [ -91.117184773018877, 33.471784944243673 ], [ -91.117222992810753, 33.471510778223099 ] ] ] ] } },
{ "type": "Feature", "properties": { "depth_bin": "12-13 ft", "survey_id": "LM_11_YBS_20240626_CS_5468_5428", "date": "2024-06-26 00:00:00+00:00", "year": 2024, "mile": 545.0, "bin_order": 5 }, "geometry": { "type": "MultiPolygon", "coordinates": [ [ [ [ -91.120136142997694, 33.466380909882098 ], [ -91.120575710354842, 33.466056734341421 ], [ -91.120821575552782, 33.466019607445226 ], [ -91.121050615700995, 33.466103221187481 ], [ -91.121185630928196, 33.466279392945722 ], [ -91.121125065199593, 33.466583584231628 ], [ -91.120629352672523, 33.466903608114116 ], [ -91.120302229332538, 33.466871586402952 ], [ -91.120097935396259, 33.466655077414899 ], [ -91.120136142997694, 33.466380909882098 ] ] ], [ [ [ -91.125039427457466, 33.470915392616142 ], [ -91.125276487760146, 33.470723763658015 ], [ -91.125605796283693, 33.470728745331797 ], [ -91.125834450341259, 33.470927419529069 ], [ -91.125828507348785, 33.471203406334425 ], [ -91.125591446850564, 33.471395036331799 ], [ -91.125262135809606, 33.471390054532819 ], [ -91.125033481947582, 33.471191379296286 ], [ -91.125039427457466, 33.470915392616142 ] ] ], [ [ [ -91.13547790612445, 33.475476446096927 ], [ -91.135714957341577, 33.475284796928818 ], [ -91.136044285082676, 33.475289751464679 ], [ -91.136272975403955, 33.47548840749262 ], [ -91.136267064479327, 33.475764395740754 ], [ -91.136030013067725, 33.475956045948344 ], [ -91.135700682808576, 33.475951091287961 ], [ -91.135471992681758, 33.475752434220539 ], [ -91.13547790612445, 33.475476446096927 ] ] ], [ [ [ -91.129984002601589, 33.475458832517269 ], [ -91.130351827170358, 33.475449248357307 ], [ -91.130603537044095, 33.47571592898818 ], [ -91.130507708035452, 33.476013687618682 ], [ -91.130132294216793, 33.476220750205648 ], [ -91.129810449235279, 33.476162032920413 ], [ -91.129632415689557, 33.475929796214338 ], [ -91.129702482407339, 33.47566008184539 ], [ -91.129984002601589, 33.475458832517269 ] ] ], [ [ [ -91.141350764181553, 33.478689204541077 ], [ -91.141587812113457, 33.478497544082877 ], [ -91.141917153110299, 33.478502483431249 ], [ -91.142145865463604, 33.478701129270696 ], [ -91.142139972441626, 33.478977118297678 ], [ -91.141902924315843, 33.479168779795508 ], [ -91.141573580800497, 33.479163840322997 ], [ -91.14134486864107, 33.478965193443926 ], [ -91.141350764181553, 33.478689204541077 ] ] ], [ [ [ -91.134353477454326, 33.480208562172393 ], [ -91.13459054445326, 33.480016915826234 ], [ -91.134919889887627, 33.480021873964908 ], [ -91.135148589449614, 33.480220532266117 ], [ -91.135142673899892, 33.480496520126444 ], [ -91.134905606706326, 33.480688167512241 ], [ -91.134576258753327, 33.480683209248966 ], [ -91.134347559385972, 33.480484549908105 ], [ -91.134353477454326, 33.480208562172393 ] ] ], [ [ [ -91.127101298848004, 33.481646412288754 ], [ -91.127338385219019, 33.481454780555907 ], [ -91.127667734729869, 33.481459758152965 ], [ -91.127896420684891, 33.481658429359534 ], [ -91.127890481815001, 33.481934416012443 ], [ -91.127653395248586, 33.482126048784984 ], [ -91.127324043218962, 33.482121071062821 ], [ -91.127095357459339, 33.481922398816565 ], [ -91.127101298848004, 33.481646412288754 ] ] ], [ [ [ -91.135535486860547, 33.487858982468353 ], [ -91.135793849936221, 33.487687729385136 ], [ -91.136121058915947, 33.487719712984784 ], [ -91.136325440937682, 33.487936197938218 ], [ -91.136287271302521, 33.488210370999823 ], [ -91.136028907544485, 33.488381625078731 ], [ -91.135701696131534, 33.488349641154059 ], [ -91.135497314792161, 33.488133155204942 ], [ -91.135535486860547, 33.487858982468353 ] ] ], [ [ [ -91.140764765276742, 33.492269377311736 ], [ -91.141023132119997, 33.492098113530432 ], [ -91.14135036022121, 33.492130083928643 ], [ -91.141554765517725, 33.492346560910278 ], [ -91.141516609676827, 33.492620735899678 ], [ -91.141258242151608, 33.492792000676914 ], [ -91.140931011616487, 33.492760029953985 ], [ -91.140726607001966, 33.492543551976404 ], [ -91.140764765276742, 33.492269377311736 ] ] ], [ [ [ -91.11857620811476, 33.438940608125456 ], [ -91.118813191484492, 33.438748988058826 ], [ -91.119142377945181, 33.43875398270859 ], [ -91.11937093630992, 33.438952666365481 ], [ -91.11936498004988, 33.43922865357186 ], [ -91.119127996484167, 33.439420274676472 ], [ -91.118798807510061, 33.439415279901112 ], [ -91.118570249341303, 33.43921659520624 ], [ -91.11857620811476, 33.438940608125456 ] ] ], [ [ [ -91.118793096404772, 33.444610109328529 ], [ -91.119030095364295, 33.444418489535053 ], [ -91.119359303278614, 33.444423484352811 ], [ -91.119587876394064, 33.444622167974103 ], [ -91.119581919541034, 33.444898154962303 ], [ -91.119344920385487, 33.445089775793974 ], [ -91.119015709957054, 33.445084780850628 ], [ -91.118787137037614, 33.444886096191148 ], [ -91.118793096404772, 33.444610109328529 ] ] ], [ [ [ -91.117675328163358, 33.444817965517657 ], [ -91.117912330064499, 33.444626347973774 ], [ -91.118241538552311, 33.444631345786178 ], [ -91.118470109537228, 33.44483003139301 ], [ -91.118464149097605, 33.445106018194551 ], [ -91.11822714700034, 33.445297636776651 ], [ -91.117897935998371, 33.445292638838573 ], [ -91.117669365209579, 33.445093952193538 ], [ -91.117675328163358, 33.444817965517657 ] ] ], [ [ [ -91.119421437519605, 33.45336013819621 ], [ -91.119669538375305, 33.453384428820037 ], [ -91.119859728012926, 33.453520167515542 ], [ -91.119927901070938, 33.453721602460547 ], [ -91.119851078309736, 33.453920838002951 ], [ -91.119655152969756, 33.454050719416074 ], [ -91.119256672419112, 33.454140922634281 ], [ -91.118969879866199, 33.454168331542391 ], [ -91.118774325378311, 33.454106309620599 ], [ -91.118596364272207, 33.453874058866326 ], [ -91.118666443742299, 33.453604350402401 ], [ -91.118862369442084, 33.453474470560337 ], [ -91.119421437519605, 33.45336013819621 ] ] ], [ [ [ -91.118422682010063, 33.456926816474272 ], [ -91.11865971662472, 33.456735198948529 ], [ -91.118988971007369, 33.456740196365381 ], [ -91.119217574184944, 33.45693888139462 ], [ -91.119211613377757, 33.457214867775235 ], [ -91.118974578567006, 33.457406486339657 ], [ -91.118645321668694, 33.457401488797188 ], [ -91.118416718687243, 33.457202802729249 ], [ -91.118422682010063, 33.456926816474272 ] ] ], [ [ [ -91.119554608761632, 33.463083366138754 ], [ -91.119950994400568, 33.463155725691159 ], [ -91.120099433277389, 33.463472167151828 ], [ -91.119938955501624, 33.46371321057218 ], [ -91.119470715580903, 33.463851310808458 ], [ -91.119183126014974, 33.463716804895633 ], [ -91.119093246757728, 33.463451251992751 ], [ -91.119221929849843, 33.46323349938632 ], [ -91.119554608761632, 33.463083366138754 ] ] ] ] } },
{ "type": "Feature", "properties": { "depth_bin": "13-14 ft", "survey_id": "LM_11_YBS_20240626_CS_5468_5428", "date": "2024-06-26 00:00:00+00:00", "year": 2024, "mile": 545.0, "bin_order": 4 }, "geometry": { "type": "MultiPolygon", "coordinates": [ [ [ [ -91.122910485031838, 33.468380390098538 ], [ -91.123156356078098, 33.468343258775228 ], [ -91.123385404689671, 33.468426868461648 ], [ -91.123520428142726, 33.468603037902383 ], [ -91.12351591492407, 33.468812387610782 ], [ -91.123405182947209, 33.468961063293705 ], [ -91.122937356411583, 33.469242116323777 ], [ -91.122572447796955, 33.469281847029691 ], [ -91.122321670519923, 33.469102906261504 ], [ -91.122295318368529, 33.468827759787295 ], [ -91.122437849714956, 33.468655794732051 ], [ -91.122910485031838, 33.468380390098538 ] ] ], [ [ [ -91.126793339256224, 33.473601394776772 ], [ -91.127030403473142, 33.473409762660545 ], [ -91.12735972248737, 33.473414740025611 ], [ -91.127588387467043, 33.473613411287495 ], [ -91.127582449430179, 33.47388939825035 ], [ -91.12734538501789, 33.474081031405952 ], [ -91.127016063485897, 33.47407605391578 ], [ -91.126787398701595, 33.473877381614535 ], [ -91.126793339256224, 33.473601394776772 ] ] ], [ [ [ -91.131903912289673, 33.477997203162666 ], [ -91.132308358023465, 33.477969967029217 ], [ -91.132550557222245, 33.478202162776867 ], [ -91.132490020599988, 33.478506360154981 ], [ -91.132136835035027, 33.478747600206717 ], [ -91.131809661634179, 33.478715607254003 ], [ -91.131605311760978, 33.478499115680343 ], [ -91.13164349031706, 33.478224944017185 ], [ -91.131903912289673, 33.477997203162666 ] ] ], [ [ [ -91.145513857656198, 33.478981710561747 ], [ -91.145750897632922, 33.478790041856413 ], [ -91.14608024051455, 33.478794970180672 ], [ -91.146308963488536, 33.478993608676575 ], [ -91.146303083601964, 33.479269598342377 ], [ -91.146066043431787, 33.479461268087377 ], [ -91.145736698031612, 33.479456339639263 ], [ -91.145507975251093, 33.479257700103723 ], [ -91.145513857656198, 33.478981710561747 ] ] ], [ [ [ -91.134430413066667, 33.480134927220604 ], [ -91.134676313796007, 33.4800977740761 ], [ -91.134871938365904, 33.480159773064571 ], [ -91.135026957129824, 33.480323989051655 ], [ -91.135053925080015, 33.480497789369103 ], [ -91.134954174479105, 33.480689765077635 ], [ -91.13465019991493, 33.480925896649339 ], [ -91.13433331477799, 33.481001266228276 ], [ -91.134045645138315, 33.480866792415917 ], [ -91.133955704844382, 33.480601248807979 ], [ -91.13405545749859, 33.480409273973663 ], [ -91.134430413066667, 33.480134927220604 ] ] ], [ [ [ -91.139689836754755, 33.484146894005619 ], [ -91.140089173519158, 33.484086543909889 ], [ -91.140370917871564, 33.484331243975177 ], [ -91.140310403097118, 33.484635445686578 ], [ -91.139957250284851, 33.484877202406217 ], [ -91.139630050041987, 33.484845229248585 ], [ -91.139425666412691, 33.484628749613435 ], [ -91.139445083847761, 33.484386293559645 ], [ -91.139689836754755, 33.484146894005619 ] ] ], [ [ [ -91.142199435731271, 33.486255742091863 ], [ -91.142457781444463, 33.486084474447935 ], [ -91.142784987734018, 33.486116440324544 ], [ -91.142989383313704, 33.486332914774216 ], [ -91.142951235543052, 33.486607090704325 ], [ -91.142692889148208, 33.486778359343987 ], [ -91.142365680425456, 33.486746393142788 ], [ -91.142161285527422, 33.486529917697389 ], [ -91.142199435731271, 33.486255742091863 ] ] ], [ [ [ -91.140856101179111, 33.492191991867927 ], [ -91.14109318842678, 33.492000334057025 ], [ -91.141422580439468, 33.492005276469271 ], [ -91.141651325625446, 33.492203923994431 ], [ -91.141645428019942, 33.492479912341878 ], [ -91.141408340578238, 33.492671571192943 ], [ -91.141078946045397, 33.492666628656508 ], [ -91.140850201053439, 33.492467980091192 ], [ -91.140856101179111, 33.492191991867927 ] ] ], [ [ [ -91.118255915028584, 33.441806579769818 ], [ -91.118514169148355, 33.441635357946836 ], [ -91.118841197242034, 33.441667381172259 ], [ -91.119045432403908, 33.441883890905245 ], [ -91.119007235963366, 33.44215805938321 ], [ -91.118748981160891, 33.442329282199815 ], [ -91.118421950639998, 33.442297258648672 ], [ -91.118217716160814, 33.442080747922049 ], [ -91.118255915028584, 33.441806579769818 ] ] ], [ [ [ -91.118950850638768, 33.44442329536917 ], [ -91.119336783176934, 33.444527870222316 ], [ -91.119447478621623, 33.444854983255908 ], [ -91.119223027107935, 33.44509932649563 ], [ -91.118773985132194, 33.445158141577096 ], [ -91.118503567929736, 33.445000657174951 ], [ -91.118445188217322, 33.444728998551739 ], [ -91.118598682873511, 33.444522865314418 ], [ -91.118950850638768, 33.44442329536917 ] ] ], [ [ [ -91.119296214740771, 33.447436474316682 ], [ -91.119682498404075, 33.447246854274098 ], [ -91.119984377517156, 33.447357083286107 ], [ -91.120104861785606, 33.447613972695244 ], [ -91.119973371803809, 33.447867040626065 ], [ -91.119709130865743, 33.447966945931277 ], [ -91.119410688365875, 33.447891653466463 ], [ -91.119228091319258, 33.448041770790113 ], [ -91.118910056521827, 33.448119339843615 ], [ -91.118565976883076, 33.448010204609844 ], [ -91.118445496738659, 33.447753313859216 ], [ -91.118576990892166, 33.447500247694336 ], [ -91.118997774442647, 33.447361180927139 ], [ -91.119296214740771, 33.447436474316682 ] ] ], [ [ [ -91.119029171155745, 33.450355919729013 ], [ -91.119401043628372, 33.450491704146813 ], [ -91.119472964276113, 33.450826337851375 ], [ -91.119221007109132, 33.451051060370851 ], [ -91.118770578298651, 33.45108989162236 ], [ -91.11851985977502, 33.450910944760238 ], [ -91.118493522336081, 33.45063579732328 ], [ -91.118670391281285, 33.450443270006097 ], [ -91.119029171155745, 33.450355919729013 ] ] ], [ [ [ -91.118967067808001, 33.453574973178746 ], [ -91.119225356657438, 33.453403751350862 ], [ -91.119552429091243, 33.453435774193224 ], [ -91.119756692230879, 33.453652283389424 ], [ -91.119718491016528, 33.453926451491654 ], [ -91.119460201484117, 33.454097674313637 ], [ -91.119133126621648, 33.454065651145484 ], [ -91.118928864164985, 33.453849140955192 ], [ -91.118967067808001, 33.453574973178746 ] ] ], [ [ [ -91.112858637016743, 33.458892261942367 ], [ -91.113116953545656, 33.458721053959977 ], [ -91.113444042812176, 33.458753093522077 ], [ -91.113648302077706, 33.458969612518395 ], [ -91.113610078551275, 33.459243777760413 ], [ -91.113351761338592, 33.459414986737016 ], [ -91.11302466964294, 33.459382946848685 ], [ -91.112820411061179, 33.459166426858161 ], [ -91.112858637016743, 33.458892261942367 ] ] ], [ [ [ -91.119191840431697, 33.463244378371058 ], [ -91.119597452694194, 33.463250533470273 ], [ -91.11981669417051, 33.46353662309447 ], [ -91.11968648529708, 33.463825064991276 ], [ -91.119282939831777, 33.464008266974822 ], [ -91.118969567693611, 33.463923370080856 ], [ -91.1188196048561, 33.463677616017378 ], [ -91.11889513170523, 33.463443006039959 ], [ -91.119191840431697, 33.463244378371058 ] ] ], [ [ [ -91.11953787781718, 33.474098029852456 ], [ -91.119796228526397, 33.473926809455747 ], [ -91.120123378013488, 33.473958833386178 ], [ -91.120327688264908, 33.474175342690096 ], [ -91.120289476622986, 33.474449509857138 ], [ -91.120031125230227, 33.474620731248756 ], [ -91.119703973311971, 33.474588706992364 ], [ -91.119499663744108, 33.474372196693551 ], [ -91.11953787781718, 33.474098029852456 ] ] ] ] } },
{ "type": "Feature", "properties": { "depth_bin": "14-15 ft", "survey_id": "LM_11_YBS_20240626_CS_5468_5428", "date": "2024-06-26 00:00:00+00:00", "year": 2024, "mile": 545.0, "bin_order": 3 }, "geometry": { "type": "MultiPolygon", "coordinates": [ [ [ [ -91.120100517965184, 33.466346216192555 ], [ -91.120499782878781, 33.466285926725654 ], [ -91.120781414748748, 33.466530668104127 ], [ -91.120720847398417, 33.46683485912542 ], [ -91.120339625091773, 33.467041535779472 ], [ -91.12001250138033, 33.467009513289518 ], [ -91.11980820788186, 33.466793003842064 ], [ -91.119846416473862, 33.466518836438304 ], [ -91.120100517965184, 33.466346216192555 ] ] ], [ [ [ -91.122462955447531, 33.468683766393546 ], [ -91.122721284096698, 33.468512538994418 ], [ -91.123048414782843, 33.468544554554903 ], [ -91.123252720505306, 33.468761059024203 ], [ -91.123214521259783, 33.469035227723893 ], [ -91.1229561919275, 33.469206456117774 ], [ -91.122629058810787, 33.46917444023159 ], [ -91.122424753771412, 33.468957934767545 ], [ -91.122462955447531, 33.468683766393546 ] ] ], [ [ [ -91.124907719558664, 33.470944354159059 ], [ -91.125166050580972, 33.470773121786564 ], [ -91.125493190944709, 33.470805131206099 ], [ -91.125697507980476, 33.471021631964021 ], [ -91.125659315056879, 33.471295801556067 ], [ -91.125400983351653, 33.471467034923428 ], [ -91.125073840557008, 33.47143502517833 ], [ -91.124869524204144, 33.471218523425556 ], [ -91.124907719558664, 33.470944354159059 ] ] ], [ [ [ -91.12973540013509, 33.475638014807586 ], [ -91.130103225453496, 33.475628431413362 ], [ -91.130354935031576, 33.475895112533692 ], [ -91.130284870093419, 33.47616482732554 ], [ -91.129891987539168, 33.476407161779349 ], [ -91.129570142067138, 33.476348443853077 ], [ -91.129392108823069, 33.476116206817203 ], [ -91.129439815227727, 33.475876517406427 ], [ -91.12973540013509, 33.475638014807586 ] ] ], [ [ [ -91.131533314696981, 33.478329890590508 ], [ -91.131791656009838, 33.478158644900617 ], [ -91.132118827316702, 33.478190637830913 ], [ -91.132323177822897, 33.478407128586653 ], [ -91.132285001290796, 33.478681300523043 ], [ -91.132026659295462, 33.478852547208199 ], [ -91.131699485556609, 33.478820553952701 ], [ -91.131495135732891, 33.47860406220169 ], [ -91.131533314696981, 33.478329890590508 ] ] ], [ [ [ -91.141477245068117, 33.478549579063639 ], [ -91.141735568494454, 33.478378311985537 ], [ -91.142062745570414, 33.478410278801505 ], [ -91.142267122122064, 33.478626754013781 ], [ -91.142228976655403, 33.478900930082816 ], [ -91.141970652547599, 33.479072198156373 ], [ -91.141643473039366, 33.479040231015837 ], [ -91.141439097169211, 33.478823754808133 ], [ -91.141477245068117, 33.478549579063639 ] ] ], [ [ [ -91.124921218957041, 33.479212046384141 ], [ -91.125119378064866, 33.479155991261493 ], [ -91.125363519135391, 33.479200540792569 ], [ -91.125515924717874, 33.47932056507365 ], [ -91.125584128283833, 33.479521997269593 ], [ -91.125452601133219, 33.47977506865935 ], [ -91.12514712445514, 33.480009747702965 ], [ -91.124906748374642, 33.480066900839802 ], [ -91.124604750995942, 33.47995668020932 ], [ -91.12448421316968, 33.479699794426537 ], [ -91.124561051150849, 33.4795005572186 ], [ -91.124921218957041, 33.479212046384141 ] ] ], [ [ [ -91.133896724742726, 33.480564738005135 ], [ -91.134155068499794, 33.480393487512593 ], [ -91.134482249349858, 33.480425474509268 ], [ -91.134686610908162, 33.480641961676191 ], [ -91.134648440463053, 33.480916134470903 ], [ -91.134390096023679, 33.481087385958837 ], [ -91.134062912741314, 33.481055398637089 ], [ -91.133858551865302, 33.480838910474766 ], [ -91.133896724742726, 33.480564738005135 ] ] ], [ [ [ -91.127249225322501, 33.481525131038282 ], [ -91.12750758443147, 33.481353894989525 ], [ -91.127834765566178, 33.481385899583067 ], [ -91.128039112175088, 33.481602397192241 ], [ -91.128000920303208, 33.481876567157585 ], [ -91.127742560511223, 33.482047804201656 ], [ -91.127415376944271, 33.4820157992826 ], [ -91.127211031018348, 33.481799300678126 ], [ -91.127249225322501, 33.481525131038282 ] ] ], [ [ [ -91.136887640781907, 33.482285252685287 ], [ -91.13714598423357, 33.482113995972 ], [ -91.137473173013717, 33.482145975320208 ], [ -91.137677546092448, 33.482362457891178 ], [ -91.137639384009788, 33.482636631834765 ], [ -91.137381039876075, 33.482807889543558 ], [ -91.137053848663342, 33.482775909870448 ], [ -91.136849476266661, 33.482559426303979 ], [ -91.136887640781907, 33.482285252685287 ] ] ], [ [ [ -91.144790265010485, 33.488279812735655 ], [ -91.145048612093959, 33.488108539771225 ], [ -91.14537582725157, 33.488140499086775 ], [ -91.145580234002523, 33.488356969578078 ], [ -91.145542093162547, 33.488631146471356 ], [ -91.14528374539762, 33.488802420431647 ], [ -91.144956527806499, 33.488770460791677 ], [ -91.144752121736985, 33.488553989304513 ], [ -91.144790265010485, 33.488279812735655 ] ] ], [ [ [ -91.13889901219467, 33.489541985994158 ], [ -91.139136096059829, 33.48935033175227 ], [ -91.139465477672999, 33.489355279022924 ], [ -91.13969421153412, 33.489553929849997 ], [ -91.139688308312202, 33.489829918008567 ], [ -91.139451224252809, 33.490021573290512 ], [ -91.139121840119827, 33.490016625895535 ], [ -91.13889310645294, 33.489817974028419 ], [ -91.13889901219467, 33.489541985994158 ] ] ], [ [ [ -91.118123880404411, 33.43600465252451 ], [ -91.118367897306442, 33.436049211792586 ], [ -91.118541263709673, 33.436199924310174 ], [ -91.11858554453066, 33.436405991165167 ], [ -91.118485813596436, 33.43659795540281 ], [ -91.118275685715304, 33.436711113118172 ], [ -91.117705061220747, 33.436789942197841 ], [ -91.117391787448526, 33.436705044433602 ], [ -91.117241872214436, 33.436459289230676 ], [ -91.117343132726816, 33.436196637214735 ], [ -91.117553260466508, 33.436083481070618 ], [ -91.118123880404411, 33.43600465252451 ] ] ], [ [ [ -91.118433791717919, 33.438932997128937 ], [ -91.118692036705809, 33.438761774550322 ], [ -91.119019054151863, 33.438793796945966 ], [ -91.119223283387342, 33.439010306261075 ], [ -91.119185089213317, 33.439284474977754 ], [ -91.118926843542852, 33.439455698549878 ], [ -91.118599823669911, 33.439423675828557 ], [ -91.118395595117022, 33.439207165519917 ], [ -91.118433791717919, 33.438932997128937 ] ] ], [ [ [ -91.118089408773244, 33.441823022538216 ], [ -91.118347663253459, 33.441651801075821 ], [ -91.118674691325538, 33.441683824740586 ], [ -91.118878926096386, 33.441900334734342 ], [ -91.118840729124457, 33.44217450314175 ], [ -91.118582473961538, 33.442345725597789 ], [ -91.118255443462232, 33.442313701607276 ], [ -91.118051209374073, 33.442097190619883 ], [ -91.118089408773244, 33.441823022538216 ] ] ], [ [ [ -91.119136800747484, 33.44744744155377 ], [ -91.119395070505647, 33.447276218565932 ], [ -91.119722120118695, 33.447308240189514 ], [ -91.119926370075646, 33.447524748822026 ], [ -91.119888173039072, 33.447798917345693 ], [ -91.119546901310756, 33.447982677431654 ], [ -91.119340683787655, 33.447953828245026 ], [ -91.119153045364868, 33.447821069830546 ], [ -91.11895576752238, 33.448113421914996 ], [ -91.11847382671985, 33.448216742677644 ], [ -91.118225740970146, 33.448192450165905 ], [ -91.118035565229533, 33.448056709346822 ], [ -91.117977185412954, 33.447785050609404 ], [ -91.118165047709894, 33.447558352989248 ], [ -91.118773176190075, 33.447451754425543 ], [ -91.11908270625436, 33.447612083677292 ], [ -91.119136800747484, 33.44744744155377 ] ] ], [ [ [ -91.118711957321523, 33.450428282256112 ], [ -91.119056046568431, 33.450537417384034 ], [ -91.119166747464803, 33.450864530597869 ], [ -91.118942278860146, 33.451108872536579 ], [ -91.118495234309634, 33.451185482026432 ], [ -91.118224799464301, 33.45102799652507 ], [ -91.118166417521238, 33.450756337909972 ], [ -91.118319924154036, 33.4505502056018 ], [ -91.118711957321523, 33.450428282256112 ] ] ], [ [ [ -91.118484506109638, 33.453679739412308 ], [ -91.118742796179262, 33.453508518637129 ], [ -91.119069868764015, 33.453540542760408 ], [ -91.11927413089694, 33.453757052715424 ], [ -91.119235928107869, 33.454031220609863 ], [ -91.118977637355229, 33.454202442379142 ], [ -91.118650562341813, 33.454170417930058 ], [ -91.118446300891932, 33.453953906980921 ], [ -91.118484506109638, 33.453679739412308 ] ] ], [ [ [ -91.118282570853509, 33.456938071130203 ], [ -91.11854087128556, 33.456766851212457 ], [ -91.118867955952453, 33.456798876277368 ], [ -91.119072224809955, 33.457015386706665 ], [ -91.119034019448648, 33.457289554330274 ], [ -91.118775718333438, 33.457460775242239 ], [ -91.118448631237484, 33.457428749851466 ], [ -91.118244363063155, 33.45721223842795 ], [ -91.118282570853509, 33.456938071130203 ] ] ], [ [ [ -91.118579662822597, 33.460111538796497 ], [ -91.118837972428551, 33.459940318650489 ], [ -91.11916506911119, 33.459972343335224 ], [ -91.11936934578786, 33.460188853455129 ], [ -91.119331139468784, 33.460463021021468 ], [ -91.119072829179586, 33.460634242161802 ], [ -91.118745730067516, 33.460602217151205 ], [ -91.118541454074062, 33.460385706036945 ], [ -91.118579662822597, 33.460111538796497 ] ] ] ] } },
{ "type": "Feature", "properties": { "depth_bin": "15-17.5 ft", "survey_id": "LM_11_YBS_20240626_CS_5468_5428", "date": "2024-06-26 00:00:00+00:00", "year": 2024, "mile": 545.0, "bin_order": 2 }, "geometry": { "type": "MultiPolygon", "coordinates": [ [ [ [ -91.126784087576084, 33.473545299103264 ], [ -91.127183382208983, 33.473484989146279 ], [ -91.127465055934564, 33.473729716521703 ], [ -91.127404505534457, 33.474033911113871 ], [ -91.127028123403207, 33.474248079176924 ], [ -91.126700969389717, 33.474216073359187 ], [ -91.126496642665217, 33.473999574015146 ], [ -91.12653483457089, 33.473725404227864 ], [ -91.126784087576084, 33.473545299103264 ] ] ], [ [ [ -91.129370323930061, 33.475916379312096 ], [ -91.129621681342897, 33.47579522620174 ], [ -91.129907696888722, 33.47583520469319 ], [ -91.130098526709389, 33.476018165605559 ], [ -91.130107537827286, 33.476261049039778 ], [ -91.129307229394144, 33.476904085749375 ], [ -91.128942290447881, 33.476943834160757 ], [ -91.128691478121624, 33.476764905277747 ], [ -91.128665104633114, 33.476489759701401 ], [ -91.129057203811698, 33.47613609980656 ], [ -91.129281731335738, 33.476060340224677 ], [ -91.129370323930061, 33.475916379312096 ] ] ], [ [ [ -91.141612951272435, 33.478374303403065 ], [ -91.142119579352496, 33.478074562190756 ], [ -91.142367758916293, 33.478098809916254 ], [ -91.142558037803894, 33.478234516339207 ], [ -91.142626280572088, 33.478435940515546 ], [ -91.142494803918737, 33.478689031812429 ], [ -91.142173358838548, 33.478911462639637 ], [ -91.141932995394328, 33.478968649322134 ], [ -91.141630978143567, 33.478858469576984 ], [ -91.141510390576684, 33.478601598639088 ], [ -91.141612951272435, 33.478374303403065 ] ] ], [ [ [ -91.131667180310501, 33.478256154333899 ], [ -91.131876222315853, 33.478250705166843 ], [ -91.13209442501234, 33.47835271394009 ], [ -91.132205205721633, 33.478679817039541 ], [ -91.13181058966596, 33.479062546941613 ], [ -91.131452049691262, 33.479132087117009 ], [ -91.131181505633322, 33.478974626745938 ], [ -91.13112306849915, 33.47870297334282 ], [ -91.131244798635464, 33.47852011911835 ], [ -91.131667180310501, 33.478256154333899 ] ] ], [ [ [ -91.145669568901425, 33.478818465285585 ], [ -91.145946674848844, 33.478669231660312 ], [ -91.146268541973015, 33.478727907686299 ], [ -91.146446626470819, 33.478960122105512 ], [ -91.146376608050829, 33.47922984750624 ], [ -91.146099500960887, 33.479379082044616 ], [ -91.14577763158394, 33.479320405506371 ], [ -91.14559954822866, 33.479088190174039 ], [ -91.145669568901425, 33.478818465285585 ] ] ], [ [ [ -91.134027455091925, 33.480481428154945 ], [ -91.134423933618237, 33.480553744362844 ], [ -91.134575282468901, 33.480834857159849 ], [ -91.134443778837465, 33.481087938883668 ], [ -91.13400421090175, 33.481270215052483 ], [ -91.133702196796733, 33.481160016082285 ], [ -91.133581630169843, 33.480903138213307 ], [ -91.133684214273586, 33.480675850432057 ], [ -91.134027455091925, 33.480481428154945 ] ] ], [ [ [ -91.127426468319797, 33.481380522550751 ], [ -91.127719728194563, 33.481254813025444 ], [ -91.128033171567949, 33.481339690021507 ], [ -91.128183188966972, 33.481585434227746 ], [ -91.128081901129576, 33.481848092583135 ], [ -91.127788639693023, 33.481973802903426 ], [ -91.127475194333911, 33.481888925225746 ], [ -91.127325178496662, 33.48164318022453 ], [ -91.127426468319797, 33.481380522550751 ] ] ], [ [ [ -91.13697229237377, 33.482206789397047 ], [ -91.137221360468018, 33.482190007827171 ], [ -91.137408798095308, 33.482267772686193 ], [ -91.137530357273889, 33.482410395714098 ], [ -91.137550384891213, 33.482619106667599 ], [ -91.137042903891043, 33.483109598510744 ], [ -91.136684350511061, 33.483179153358918 ], [ -91.136413784187781, 33.483021703753238 ], [ -91.136355328491007, 33.482750052328768 ], [ -91.136477053962608, 33.4825671928905 ], [ -91.13697229237377, 33.482206789397047 ] ] ], [ [ [ -91.129779829521325, 33.483816647472537 ], [ -91.130073094658101, 33.483690932588146 ], [ -91.13038654928566, 33.483775803980031 ], [ -91.130536577338745, 33.484021545619761 ], [ -91.130435293314292, 33.484284205949898 ], [ -91.130142026615758, 33.484409921629435 ], [ -91.129828570002076, 33.484325049556027 ], [ -91.129678543510749, 33.484079307121135 ], [ -91.129779829521325, 33.483816647472537 ] ] ], [ [ [ -91.139537856933501, 33.4843123874291 ], [ -91.139905719337278, 33.484302776163553 ], [ -91.140157483751679, 33.484569438910476 ], [ -91.140087440631277, 33.484839159697465 ], [ -91.139698765030289, 33.485090951447845 ], [ -91.139376879835098, 33.485032257747044 ], [ -91.139198803073057, 33.484800033599747 ], [ -91.139246488575907, 33.484560339961604 ], [ -91.139537856933501, 33.4843123874291 ] ] ], [ [ [ -91.142262911163158, 33.486210269534034 ], [ -91.14263078170174, 33.486200650442555 ], [ -91.142882559954543, 33.48646730804851 ], [ -91.14281252339444, 33.48673703053656 ], [ -91.142419676550787, 33.486984817790528 ], [ -91.142097782224084, 33.486926130874529 ], [ -91.141919694372802, 33.486693910323581 ], [ -91.141967373721087, 33.486454215484898 ], [ -91.142262911163158, 33.486210269534034 ] ] ], [ [ [ -91.135665185351201, 33.487721166877748 ], [ -91.13594233648837, 33.487571957410019 ], [ -91.136264228244471, 33.487630660259342 ], [ -91.136442302387707, 33.487862888455467 ], [ -91.136372244691231, 33.488132606516388 ], [ -91.136095092410116, 33.48828181689727 ], [ -91.135773198400685, 33.488223113534922 ], [ -91.135595125401395, 33.487990884425635 ], [ -91.135665185351201, 33.487721166877748 ] ] ], [ [ [ -91.144722932282804, 33.488366700701668 ], [ -91.145000070980387, 33.488217470513362 ], [ -91.145321972373324, 33.48827615010525 ], [ -91.145500072585008, 33.48850836613061 ], [ -91.145430042118647, 33.488778090237091 ], [ -91.145152902277943, 33.488927321338814 ], [ -91.144830998631193, 33.48886864123444 ], [ -91.144652899562615, 33.488636424295649 ], [ -91.144722932282804, 33.488366700701668 ] ] ], [ [ [ -91.140996904448755, 33.492026872012069 ], [ -91.141274061109357, 33.491877650867281 ], [ -91.141595972944728, 33.491936340491343 ], [ -91.141774069961457, 33.492168561661032 ], [ -91.141704024533894, 33.492438283010515 ], [ -91.141426866729631, 33.492587505068776 ], [ -91.141104952640177, 33.49252881493193 ], [ -91.140926856767109, 33.492296592848781 ], [ -91.140996904448755, 33.492026872012069 ] ] ], [ [ [ -91.118658082843865, 33.438777346484152 ], [ -91.118895723369263, 33.438841743570919 ], [ -91.119050641289576, 33.439005976978258 ], [ -91.119070619609758, 33.439214690416897 ], [ -91.118917136020215, 33.439420824771581 ], [ -91.117991523234167, 33.439564791616284 ], [ -91.117661894233365, 33.439427908196336 ], [ -91.117572041061393, 33.439162354241574 ], [ -91.11773247661651, 33.438921311632008 ], [ -91.118658082843865, 33.438777346484152 ] ] ], [ [ [ -91.11831388843899, 33.441665530875611 ], [ -91.118551536451022, 33.441729928860319 ], [ -91.118689102258898, 33.441861899389309 ], [ -91.118733385645115, 33.44206796612599 ], [ -91.118659406108861, 33.442231888552641 ], [ -91.11822418410631, 33.442414521500424 ], [ -91.117938237728538, 33.442440521214294 ], [ -91.117742709978018, 33.442378498498421 ], [ -91.117564774109979, 33.442146246779345 ], [ -91.117634845503432, 33.441876538197569 ], [ -91.117830745405669, 33.441746658886345 ], [ -91.11831388843899, 33.441665530875611 ] ] ], [ [ [ -91.11837064511532, 33.44460612019477 ], [ -91.118663790481406, 33.444480427540753 ], [ -91.118977093243615, 33.444565323008547 ], [ -91.119127026294123, 33.444811076466202 ], [ -91.119025759782446, 33.445073729432281 ], [ -91.118648291733095, 33.445198143182409 ], [ -91.118333517583039, 33.445030874527859 ], [ -91.118173686532685, 33.445268828237737 ], [ -91.117780211998067, 33.445384631182122 ], [ -91.117408363708734, 33.445248842643778 ], [ -91.117318506195829, 33.444983288558518 ], [ -91.117478953960003, 33.444742246890719 ], [ -91.11795674643551, 33.44462772500988 ], [ -91.11827151839563, 33.444794994555686 ], [ -91.11837064511532, 33.44460612019477 ] ] ], [ [ [ -91.119315311124666, 33.447289502718228 ], [ -91.119595174220166, 33.447352802513251 ], [ -91.119763609680788, 33.447550569576407 ], [ -91.119744150853151, 33.447793022291989 ], [ -91.119545630350672, 33.447970092078428 ], [ -91.11918405132424, 33.448041264708102 ], [ -91.11896149359815, 33.447984773469265 ], [ -91.118721659683601, 33.448182651142481 ], [ -91.118091197845345, 33.448225350439195 ], [ -91.11783736695206, 33.448349247897092 ], [ -91.117523441561147, 33.448294588211283 ], [ -91.117209093100868, 33.448499065188265 ], [ -91.116961007029388, 33.448474770129572 ], [ -91.116749787202735, 33.448308345290371 ], [ -91.116723455754396, 33.448033197590604 ], [ -91.116936923171679, 33.447823030164201 ], [ -91.117140613434856, 33.447783531873775 ], [ -91.117370469395496, 33.447843846680307 ], [ -91.117565192487021, 33.447673214083579 ], [ -91.117906636114171, 33.447655332404985 ], [ -91.118160464844109, 33.447531434717973 ], [ -91.118572032104481, 33.44748641335844 ], [ -91.118794588285482, 33.447542905247829 ], [ -91.118959334234447, 33.447377221346628 ], [ -91.119315311124666, 33.447289502718228 ] ] ], [ [ [ -91.118105842536281, 33.450634250555161 ], [ -91.118399008980077, 33.450508559365247 ], [ -91.118712332848759, 33.450593456172442 ], [ -91.118862274670988, 33.450839210060309 ], [ -91.118760999457663, 33.451101862295531 ], [ -91.1184678314536, 33.451227554279072 ], [ -91.118154505602845, 33.451142656790473 ], [ -91.118004565340854, 33.450896902108973 ], [ -91.118105842536281, 33.450634250555161 ] ] ], [ [ [ -91.118022747217523, 33.453750869999311 ], [ -91.118805927399009, 33.4535584271771 ], [ -91.119076370991493, 33.453715911660098 ], [ -91.119134757321277, 33.453987569891893 ], [ -91.118946882772022, 33.454214268363607 ], [ -91.118331544769987, 33.454409260148445 ], [ -91.118042219580559, 33.454367485476659 ], [ -91.117834270838216, 33.454565396664727 ], [ -91.117251955306202, 33.454720585821924 ], [ -91.117003851576158, 33.4546962902525 ], [ -91.11681366413093, 33.454560547263199 ], [ -91.116755284803034, 33.454288888200836 ], [ -91.11694316506491, 33.454062193259887 ], [ -91.117562079363168, 33.453889362808759 ], [ -91.117851402688885, 33.453931138541328 ], [ -91.118022747217523, 33.453750869999311 ] ] ], [ [ [ -91.118143916796384, 33.456947761634602 ], [ -91.118420995412862, 33.456798588305503 ], [ -91.11874276027855, 33.456857332595973 ], [ -91.118920727489353, 33.457089583260469 ], [ -91.118850645457997, 33.457359291654171 ], [ -91.118573565697588, 33.457508465894804 ], [ -91.11825179858279, 33.457449721090775 ], [ -91.118073832515918, 33.457217469514738 ], [ -91.118143916796384, 33.456947761634602 ] ] ], [ [ [ -91.118909411539747, 33.463383465580449 ], [ -91.119196920744869, 33.463352167905356 ], [ -91.119415070971115, 33.463454197430295 ], [ -91.119534265234918, 33.463675711724001 ], [ -91.119458739856412, 33.46391032213576 ], [ -91.118615545595802, 33.464266838033112 ], [ -91.11825261252342, 33.464216068975801 ], [ -91.118074633514738, 33.463983817158265 ], [ -91.118144724282857, 33.463714109746583 ], [ -91.118492000656389, 33.463530591631404 ], [ -91.118740771563608, 33.463513811130376 ], [ -91.118909411539747, 33.463383465580449 ] ] ], [ [ [ -91.1197646226545, 33.466539506184127 ], [ -91.120057841613686, 33.466413813158965 ], [ -91.120371223798315, 33.466498707617106 ], [ -91.120521195577552, 33.46674446001834 ], [ -91.120419904413112, 33.46700711250061 ], [ -91.120126683892607, 33.467132806319974 ], [ -91.1198132997242, 33.467047911180146 ], [ -91.119663329506295, 33.466802157984709 ], [ -91.1197646226545, 33.466539506184127 ] ] ], [ [ [ -91.122370028981024, 33.468694042149444 ], [ -91.122775667368373, 33.468700187729091 ], [ -91.122994932416006, 33.468986272331591 ], [ -91.122864724862254, 33.469274717411743 ], [ -91.122454405886998, 33.469447062619444 ], [ -91.12214101093204, 33.469362173029424 ], [ -91.12199103033501, 33.469116422371322 ], [ -91.122066554177067, 33.468881810521935 ], [ -91.122370028981024, 33.468694042149444 ] ] ], [ [ [ -91.124792993527606, 33.470991466391006 ], [ -91.125070107393483, 33.470842279669327 ], [ -91.125391929063383, 33.470901008525658 ], [ -91.125569941359416, 33.471133250755457 ], [ -91.125499866283889, 33.471402962655311 ], [ -91.125222751273952, 33.471552150289213 ], [ -91.124900927353082, 33.471493420919487 ], [ -91.124722916201122, 33.47126117777745 ], [ -91.124792993527606, 33.470991466391006 ] ] ], [ [ [ -91.122234774647353, 33.476374526852553 ], [ -91.122528024181193, 33.47624882919829 ], [ -91.12284144403958, 33.476333718595733 ], [ -91.122991438523712, 33.476579468469254 ], [ -91.122890141794699, 33.476842122437766 ], [ -91.122596890699, 33.476967820886635 ], [ -91.122283468855713, 33.476882930807406 ], [ -91.122133475933424, 33.476637180139292 ], [ -91.122234774647353, 33.476374526852553 ] ] ], [ [ [ -91.124946272743458, 33.479194444160932 ], [ -91.125239528385507, 33.479068740334966 ], [ -91.125552961255067, 33.479153623279032 ], [ -91.125702968031888, 33.47939937019769 ], [ -91.125601675676208, 33.479662026440963 ], [ -91.125308418472343, 33.479787731061734 ], [ -91.124994983617427, 33.479702847435981 ], [ -91.124844978402422, 33.479457099722495 ], [ -91.124946272743458, 33.479194444160932 ] ] ], [ [ [ -91.117918243187688, 33.436032892634664 ], [ -91.1181662943563, 33.436057184594489 ], [ -91.118356445040334, 33.436192924553843 ], [ -91.118421768904, 33.43642967328713 ], [ -91.118322037585727, 33.436621637378714 ], [ -91.118111909446981, 33.436734794806554 ], [ -91.11780446814943, 33.436710896440673 ], [ -91.117545518633762, 33.436806945071822 ], [ -91.117232244976762, 33.436722046907803 ], [ -91.117082330175478, 33.436476291527228 ], [ -91.117183591184713, 33.436213639659819 ], [ -91.117393719160304, 33.436100483795215 ], [ -91.117701158148591, 33.436124383103071 ], [ -91.117918243187688, 33.436032892634664 ] ] ], [ [ [ -91.114290522023282, 33.442320038882251 ], [ -91.115049928346536, 33.442193697566928 ], [ -91.11525504189602, 33.442313162848606 ], [ -91.11534641973816, 33.442508029509945 ], [ -91.11527090439786, 33.442742638374959 ], [ -91.115074998565504, 33.442872513407806 ], [ -91.114565302351011, 33.443002652911083 ], [ -91.114202460251121, 33.442951875005171 ], [ -91.114024532981475, 33.442719618512221 ], [ -91.11409461578809, 33.442449912355649 ], [ -91.114290522023282, 33.442320038882251 ] ] ], [ [ [ -91.116680368472316, 33.44488172752289 ], [ -91.116992424009666, 33.445045042392643 ], [ -91.117024860122186, 33.445383974647356 ], [ -91.116787854207942, 33.445575590331366 ], [ -91.116300428663948, 33.445598685026631 ], [ -91.11607186089789, 33.445399995543411 ], [ -91.116077828979755, 33.445124009135007 ], [ -91.116276349481581, 33.444946944847089 ], [ -91.116680368472316, 33.44488172752289 ] ] ], [ [ [ -91.114881538325307, 33.445223814816956 ], [ -91.11521118407174, 33.445360706125918 ], [ -91.11528308523954, 33.445695341813995 ], [ -91.115069619443702, 33.445905506502356 ], [ -91.114584115609091, 33.445967205769861 ], [ -91.114333420336294, 33.445788251113079 ], [ -91.114307096914317, 33.445513103087613 ], [ -91.114483963850105, 33.445320581555393 ], [ -91.114881538325307, 33.445223814816956 ] ] ], [ [ [ -91.109922491906801, 33.446269463470109 ], [ -91.110215654189176, 33.446143791457395 ], [ -91.110528953554734, 33.446228708185188 ], [ -91.110678864885074, 33.446474471068058 ], [ -91.110577571052531, 33.446737116103186 ], [ -91.110284407209548, 33.446862788909051 ], [ -91.109971105862854, 33.446777871499513 ], [ -91.109821196093122, 33.446532107823508 ], [ -91.109922491906801, 33.446269463470109 ] ] ], [ [ [ -91.11072465273125, 33.449237190082158 ], [ -91.111007075252616, 33.449182440431692 ], [ -91.111266824206339, 33.449290311612359 ], [ -91.111385979746146, 33.449511832821067 ], [ -91.111310446842083, 33.449746438435007 ], [ -91.111033379879331, 33.44989559638227 ], [ -91.110722199256458, 33.449842356226725 ], [ -91.110447821126698, 33.450040776457961 ], [ -91.110084952906561, 33.449989985605917 ], [ -91.109907023468821, 33.449757723331047 ], [ -91.10997712566342, 33.449488020438743 ], [ -91.110254192986005, 33.449338864862099 ], [ -91.110565371480007, 33.449392106124023 ], [ -91.11072465273125, 33.449237190082158 ] ] ], [ [ [ -91.112176292428231, 33.455454578162289 ], [ -91.112520392131287, 33.455563731765423 ], [ -91.112631073631462, 33.455890849932189 ], [ -91.11244317828212, 33.456117537739836 ], [ -91.112188414764461, 33.456235076744719 ], [ -91.111979426128215, 33.456240494507966 ], [ -91.111708988530083, 33.456082994768977 ], [ -91.111650624467458, 33.455811333886196 ], [ -91.111804155635397, 33.455605210661801 ], [ -91.112176292428231, 33.455454578162289 ] ] ] ] } },
{ "type": "Feature", "properties": { "depth_bin": "17.5-20 ft", "survey_id": "LM_11_YBS_20240626_CS_5468_5428", "date": "2024-06-26 00:00:00+00:00", "year": 2024, "mile": 545.0, "bin_order": 1 }, "geometry": { "type": "MultiPolygon", "coordinates": [ [ [ [ -91.124727009007771, 33.471035001205095 ], [ -91.125033526648778, 33.470933989557544 ], [ -91.125335493864299, 33.471044208225706 ], [ -91.125454712923485, 33.471265717451182 ], [ -91.125353430513385, 33.471528374120936 ], [ -91.12397738255828, 33.47228148890008 ], [ -91.123731500568766, 33.472318621455955 ], [ -91.123502441532125, 33.472235012091467 ], [ -91.123352452457141, 33.471989262883774 ], [ -91.123453741432854, 33.471726608097335 ], [ -91.124727009007771, 33.471035001205095 ] ] ], [ [ [ -91.126702999369243, 33.473623455947219 ], [ -91.126951160475102, 33.473647733991491 ], [ -91.127141404749764, 33.473783463021299 ], [ -91.127206775886961, 33.474020207574931 ], [ -91.127107016411813, 33.474212176811136 ], [ -91.126023794682553, 33.474851809007731 ], [ -91.125777906046309, 33.474888945389466 ], [ -91.125548838209809, 33.474805339538882 ], [ -91.125398839158677, 33.474559592551067 ], [ -91.125500125415201, 33.474296936083739 ], [ -91.126702999369243, 33.473623455947219 ] ] ], [ [ [ -91.129241967680485, 33.475998328571521 ], [ -91.129493325501699, 33.475877175737558 ], [ -91.129779341241502, 33.475917154532183 ], [ -91.129970170953712, 33.476100115636903 ], [ -91.129979181709942, 33.476342999065302 ], [ -91.129727173471423, 33.476567740453383 ], [ -91.129348324227848, 33.476540958658887 ], [ -91.12938738145381, 33.476737240856281 ], [ -91.129287623292356, 33.47692921182783 ], [ -91.129077408572286, 33.477042384270284 ], [ -91.128827592833488, 33.477038611870654 ], [ -91.12857678049096, 33.476859682756682 ], [ -91.128550407352535, 33.476584537171476 ], [ -91.128802418564206, 33.476359798285358 ], [ -91.129181266771013, 33.476386581717236 ], [ -91.129142210131789, 33.476190299465884 ], [ -91.129241967680485, 33.475998328571521 ] ] ], [ [ [ -91.131339283379774, 33.478511182971715 ], [ -91.131587460115384, 33.478535452236315 ], [ -91.131753177424983, 33.478642372173439 ], [ -91.131844626936882, 33.478837228191225 ], [ -91.131791480525919, 33.479041821071341 ], [ -91.131477131436384, 33.479266104410954 ], [ -91.13121073380843, 33.47930038639155 ], [ -91.131156367133414, 33.479472147468584 ], [ -91.13092119868503, 33.479725886321567 ], [ -91.130723041541998, 33.479781950806704 ], [ -91.130478895587544, 33.479737411692867 ], [ -91.130274546859624, 33.479520917988921 ], [ -91.130312730197787, 33.479246746939594 ], [ -91.130513528159881, 33.479013577532051 ], [ -91.130850906911903, 33.478941082478073 ], [ -91.130982322838051, 33.478685460470757 ], [ -91.131339283379774, 33.478511182971715 ] ] ], [ [ [ -91.125071121034935, 33.479104386427224 ], [ -91.125364376201063, 33.478978682287114 ], [ -91.125677808887886, 33.479063564909353 ], [ -91.125827815882189, 33.479309311687054 ], [ -91.125726524016827, 33.479571968052767 ], [ -91.125433267288898, 33.479697672987697 ], [ -91.125119832616718, 33.479612789683763 ], [ -91.124969827184216, 33.479367042111264 ], [ -91.125071121034935, 33.479104386427224 ] ] ], [ [ [ -91.13356863302667, 33.480774293362813 ], [ -91.133861882652042, 33.480648568904051 ], [ -91.134175330629645, 33.48073343049478 ], [ -91.134325364789646, 33.480979167847771 ], [ -91.134224096052009, 33.481241831916734 ], [ -91.133930844865404, 33.481367557170692 ], [ -91.133617394901734, 33.481282694898695 ], [ -91.133467362302966, 33.481036956750494 ], [ -91.13356863302667, 33.480774293362813 ] ] ], [ [ [ -91.127945533842222, 33.481099639571326 ], [ -91.128331639075213, 33.481204191844469 ], [ -91.128449357897068, 33.481496387389313 ], [ -91.12828886700089, 33.481737440612505 ], [ -91.127832387065581, 33.481894181362264 ], [ -91.127544725337373, 33.481759692714057 ], [ -91.127454804337063, 33.481494145076937 ], [ -91.127583495854964, 33.48127638458427 ], [ -91.127945533842222, 33.481099639571326 ] ] ], [ [ [ -91.136331134298089, 33.482687181006817 ], [ -91.136582502742314, 33.482566014236014 ], [ -91.136868544392243, 33.482605977490799 ], [ -91.137059403539538, 33.482788928507262 ], [ -91.137068433893248, 33.483031811879016 ], [ -91.136891534551921, 33.483224363621808 ], [ -91.136612071670669, 33.483279340757136 ], [ -91.136558612457989, 33.483475309137404 ], [ -91.136336549911917, 33.483681529728699 ], [ -91.135937213011232, 33.483741867702136 ], [ -91.135686366679465, 33.483562951995971 ], [ -91.135659969985198, 33.483287807359247 ], [ -91.135915715066773, 33.483016765516233 ], [ -91.136229548639321, 33.482941220087177 ], [ -91.136331134298089, 33.482687181006817 ] ] ], [ [ [ -91.129895008964169, 33.483716424532723 ], [ -91.130188273602755, 33.483590709356193 ], [ -91.130501728000652, 33.48367558044923 ], [ -91.130651756227152, 33.483921321958483 ], [ -91.130550472677612, 33.484183982402932 ], [ -91.130257206477282, 33.484309698374616 ], [ -91.129943750093275, 33.484224826600041 ], [ -91.12979372342852, 33.48397908429564 ], [ -91.129895008964169, 33.483716424532723 ] ] ], [ [ [ -91.139352020475769, 33.484494792952205 ], [ -91.139755070217078, 33.484534178820844 ], [ -91.139938596104201, 33.484801499468709 ], [ -91.1398373390778, 33.485064168404968 ], [ -91.139629318098798, 33.485238799056681 ], [ -91.13943115314845, 33.485294877188089 ], [ -91.139117683165352, 33.485210028215143 ], [ -91.13896762846548, 33.484964296108323 ], [ -91.139043122891565, 33.484729673368712 ], [ -91.139352020475769, 33.484494792952205 ] ] ], [ [ [ -91.142011672865507, 33.486435649233819 ], [ -91.142416156429732, 33.486408381369593 ], [ -91.142658405983909, 33.486640558789325 ], [ -91.142620256992117, 33.486914734564039 ], [ -91.142271534347032, 33.487196875376405 ], [ -91.141944324266291, 33.48716490801511 ], [ -91.141739929518565, 33.486948431890383 ], [ -91.141759341353449, 33.486705975355584 ], [ -91.142011672865507, 33.486435649233819 ] ] ], [ [ [ -91.135796265531823, 33.487590154665881 ], [ -91.136089535666528, 33.487464425745728 ], [ -91.136403010337716, 33.487549282532783 ], [ -91.136553061739392, 33.487795017553779 ], [ -91.136451790691339, 33.488057683128709 ], [ -91.136158518995089, 33.488183412844386 ], [ -91.135845042337039, 33.48809855537602 ], [ -91.135694992496909, 33.487852819559507 ], [ -91.135796265531823, 33.487590154665881 ] ] ], [ [ [ -91.144775260426243, 33.488354176184743 ], [ -91.145021181157773, 33.488317003193913 ], [ -91.145216832108176, 33.488378986653153 ], [ -91.145401701350934, 33.488681675628349 ], [ -91.145324901340828, 33.488880926852374 ], [ -91.145049065548619, 33.489139222157966 ], [ -91.144742503516596, 33.489240281650872 ], [ -91.144440447330965, 33.489130107582092 ], [ -91.144319838571718, 33.488873239008889 ], [ -91.144396640847035, 33.488673988486795 ], [ -91.144775260426243, 33.488354176184743 ] ] ], [ [ [ -91.139061328963052, 33.489339424231964 ], [ -91.139354600780308, 33.489213687653695 ], [ -91.139668085267004, 33.489298536479993 ], [ -91.13981814886759, 33.48954426790079 ], [ -91.139716885256007, 33.489806936345161 ], [ -91.139423611877334, 33.489932673719117 ], [ -91.139110125403406, 33.489847824211637 ], [ -91.138960063364223, 33.489602091995145 ], [ -91.139061328963052, 33.489339424231964 ] ] ], [ [ [ -91.118117211198793, 33.438991605940451 ], [ -91.118459292769217, 33.438806421169474 ], [ -91.118772575171462, 33.438891316508261 ], [ -91.118922498660595, 33.439137070065236 ], [ -91.118821238987394, 33.439399723300646 ], [ -91.118528111294324, 33.43952541702977 ], [ -91.118223200642944, 33.439445927400293 ], [ -91.117922980018633, 33.439626552896854 ], [ -91.117542362499364, 33.439580367094187 ], [ -91.117365707306803, 33.439488089148405 ], [ -91.117174807641732, 33.439612529409089 ], [ -91.116848203249788, 33.439661830300338 ], [ -91.116610562226114, 33.439597429269952 ], [ -91.116442148621502, 33.43939965846819 ], [ -91.116480351455579, 33.439125490905241 ], [ -91.116738600670374, 33.438954272556579 ], [ -91.117067323803369, 33.438918666453645 ], [ -91.117326374564584, 33.439025991329906 ], [ -91.117598400367172, 33.438882256011858 ], [ -91.118117211198793, 33.438991605940451 ] ] ], [ [ [ -91.118030525828615, 33.444613991710426 ], [ -91.118639850746234, 33.444520828437639 ], [ -91.118910266763109, 33.444678312510504 ], [ -91.118968647911032, 33.444949970966157 ], [ -91.118780793609901, 33.445176670164486 ], [ -91.118260828857174, 33.445294583139336 ], [ -91.117971196462165, 33.445224968567636 ], [ -91.117745631848848, 33.445397225960996 ], [ -91.117152826268779, 33.445528837062973 ], [ -91.116908783789157, 33.445484274560386 ], [ -91.116737904688165, 33.44533720725255 ], [ -91.116663803379922, 33.445502560377726 ], [ -91.116467893101955, 33.445632437413501 ], [ -91.116144153590682, 33.44568570220077 ], [ -91.115897273212724, 33.445615344261199 ], [ -91.115668804057833, 33.445792504936172 ], [ -91.114894443395826, 33.445887082764642 ], [ -91.114467123137047, 33.446041490108684 ], [ -91.114181213666441, 33.446001479448974 ], [ -91.113990481194236, 33.445818496640491 ], [ -91.113996455962067, 33.44554251058176 ], [ -91.114233467658948, 33.445350900447551 ], [ -91.11469716100801, 33.445319072992298 ], [ -91.114874160685289, 33.445209785393573 ], [ -91.115435139507284, 33.445101917204795 ], [ -91.115766082811348, 33.445166622844305 ], [ -91.115956064368888, 33.445004011845974 ], [ -91.116276089125805, 33.444937293118578 ], [ -91.116520129700788, 33.444981856806088 ], [ -91.116691007751655, 33.445128924384989 ], [ -91.116765108655841, 33.444963571221194 ], [ -91.116961016959621, 33.444833693634166 ], [ -91.117553817999806, 33.444702083280639 ], [ -91.117843448294451, 33.444771698761095 ], [ -91.118030525828615, 33.444613991710426 ] ] ], [ [ [ -91.117566341955879, 33.450730433092673 ], [ -91.118319629830253, 33.450544128748426 ], [ -91.118607175455111, 33.450678635371844 ], [ -91.118697041959024, 33.450944188633905 ], [ -91.118536585207181, 33.45118523136933 ], [ -91.117875126422064, 33.45138882418869 ], [ -91.117600623673468, 33.451353565064139 ], [ -91.117391233135066, 33.451554684568464 ], [ -91.116787687592591, 33.451676368141641 ], [ -91.116539592671487, 33.451652071938788 ], [ -91.116349412399799, 33.45151632843131 ], [ -91.116291036100449, 33.451244669145773 ], [ -91.116478910572638, 33.451017974616107 ], [ -91.117119053399549, 33.450878649877048 ], [ -91.117393554412331, 33.450913910011977 ], [ -91.117566341955879, 33.450730433092673 ] ] ], [ [ [ -91.118268108584743, 33.456834155247073 ], [ -91.118654094472959, 33.456938733919891 ], [ -91.118771751550355, 33.457230937472069 ], [ -91.118611282548244, 33.45747197967556 ], [ -91.11815216207475, 33.457625297902872 ], [ -91.11786459479282, 33.457490789589869 ], [ -91.117774725092005, 33.457225235842394 ], [ -91.117903401436507, 33.457007484192282 ], [ -91.118268108584743, 33.456834155247073 ] ] ], [ [ [ -91.117905878156407, 33.460365782507161 ], [ -91.118199078338478, 33.460240093131219 ], [ -91.118512436544307, 33.460324991533263 ], [ -91.118662393189041, 33.460570745862761 ], [ -91.118561104600175, 33.460833397127921 ], [ -91.118267902857127, 33.460959087297802 ], [ -91.11795454266823, 33.46087418821412 ], [ -91.117804587584516, 33.46062843309069 ], [ -91.117905878156407, 33.460365782507161 ] ] ], [ [ [ -91.118837808953998, 33.463408261757053 ], [ -91.119127078818835, 33.46342457776263 ], [ -91.119317288731466, 33.463560317818143 ], [ -91.11938263207287, 33.463797065862586 ], [ -91.11928286848557, 33.463989028904749 ], [ -91.118949722656808, 33.464145104573269 ], [ -91.118721711343682, 33.464164789600773 ], [ -91.118247344130509, 33.464485322016834 ], [ -91.117998325117753, 33.464502067113344 ], [ -91.117810943783851, 33.464424274603616 ], [ -91.117660983495014, 33.464178519240392 ], [ -91.117762279158569, 33.463915869076068 ], [ -91.118155226253194, 33.463660968727268 ], [ -91.118421730046691, 33.463626734323064 ], [ -91.118837808953998, 33.463408261757053 ] ] ], [ [ [ -91.119947472858385, 33.466473511917698 ], [ -91.120185189054752, 33.466537908929133 ], [ -91.120340156185549, 33.466702141832847 ], [ -91.120360140668566, 33.466910854509692 ], [ -91.120238405634566, 33.467093698131016 ], [ -91.119592437765064, 33.467460114544842 ], [ -91.119204396700113, 33.467580531807222 ], [ -91.118995380631148, 33.46758596046125 ], [ -91.118777220815772, 33.467483929917684 ], [ -91.118656715934605, 33.467227039174787 ], [ -91.118788241717752, 33.466973974543741 ], [ -91.11924475289392, 33.466801763854747 ], [ -91.119592780827347, 33.466564261454685 ], [ -91.119947472858385, 33.466473511917698 ] ] ], [ [ [ -91.122168555727541, 33.468807278424727 ], [ -91.122418346894506, 33.468811063428106 ], [ -91.122623532075892, 33.468930518564001 ], [ -91.122714951671185, 33.469125380547126 ], [ -91.12266179104428, 33.469329969274177 ], [ -91.121817236524933, 33.469880646982858 ], [ -91.121411592861364, 33.469874498076528 ], [ -91.121207289393482, 33.469657990675842 ], [ -91.121245495304052, 33.469383822850901 ], [ -91.122168555727541, 33.468807278424727 ] ] ], [ [ [ -91.119685233692309, 33.473983175859168 ], [ -91.119962365535159, 33.473834001269623 ], [ -91.120284194066713, 33.473892743635098 ], [ -91.120462198089697, 33.474124992837858 ], [ -91.120392104452179, 33.4743947010898 ], [ -91.120114971464631, 33.474543876591547 ], [ -91.119793140681992, 33.474485133712307 ], [ -91.119615137803706, 33.474252883597359 ], [ -91.119685233692309, 33.473983175859168 ] ] ], [ [ [ -91.117023065128549, 33.436223173648607 ], [ -91.117316183467452, 33.436097483103588 ], [ -91.117629455001079, 33.436182380987887 ], [ -91.117779370914192, 33.436428135753907 ], [ -91.117678111395549, 33.436690788153577 ], [ -91.117384991497374, 33.436816479491718 ], [ -91.11707171798318, 33.436731580926292 ], [ -91.116921803629339, 33.436485825367143 ], [ -91.117023065128549, 33.436223173648607 ] ] ], [ [ [ -91.117500829254922, 33.441891773691538 ], [ -91.117793966443244, 33.44176608276782 ], [ -91.118107258615396, 33.44185098009941 ], [ -91.118257184866835, 33.442096734462559 ], [ -91.118155919329993, 33.442359386845318 ], [ -91.117862780582016, 33.442485078562342 ], [ -91.117549486428686, 33.442400180549534 ], [ -91.117399561736917, 33.44215442539307 ], [ -91.117500829254922, 33.441891773691538 ] ] ], [ [ [ -91.116953965887149, 33.441915825768199 ], [ -91.117172060829617, 33.442017857609677 ], [ -91.11729122264363, 33.442239373563147 ], [ -91.117215712752127, 33.44247398381421 ], [ -91.116979809965656, 33.442615179902617 ], [ -91.116221386910894, 33.442703117699011 ], [ -91.115466628002807, 33.442937226522403 ], [ -91.114959957193946, 33.442896932492602 ], [ -91.11471507920858, 33.442726449405626 ], [ -91.114640014447289, 33.442903781661272 ], [ -91.114482592394467, 33.443019106154217 ], [ -91.113842741038269, 33.443134250264187 ], [ -91.113562896174642, 33.4430709380566 ], [ -91.113394483372772, 33.442873163224981 ], [ -91.113432697821423, 33.442598997136159 ], [ -91.113690963350038, 33.442427785799758 ], [ -91.114336642517245, 33.442339791299958 ], [ -91.114663918438211, 33.442525323491367 ], [ -91.114764742209132, 33.442319950503702 ], [ -91.11497488824871, 33.442206799471322 ], [ -91.115325455748646, 33.442228704514378 ], [ -91.115974655006312, 33.44201747226294 ], [ -91.116953965887149, 33.441915825768199 ] ] ], [ [ [ -91.118173426921231, 33.447569396869575 ], [ -91.118391537228888, 33.447671427021021 ], [ -91.118505271377941, 33.447857843970432 ], [ -91.118476293497864, 33.448065814156102 ], [ -91.118314370039272, 33.448225238871096 ], [ -91.117006858368057, 33.448529838205175 ], [ -91.116800640609796, 33.448500984777745 ], [ -91.11661046654956, 33.448365241831851 ], [ -91.116552091053379, 33.448093582583887 ], [ -91.116739957658609, 33.447866887287944 ], [ -91.118173426921231, 33.447569396869575 ] ] ], [ [ [ -91.118147736998793, 33.453738405092182 ], [ -91.118407508856194, 33.453846262012007 ], [ -91.118521250449888, 33.454032679053611 ], [ -91.118492269819953, 33.454240648976402 ], [ -91.118330334343597, 33.454400073162027 ], [ -91.117779750689238, 33.45455195694165 ], [ -91.117443854279969, 33.454407777504038 ], [ -91.117341789742952, 33.454649311150988 ], [ -91.117090479001178, 33.454770441267975 ], [ -91.116842375190885, 33.454746145371978 ], [ -91.11665218790472, 33.45461040214083 ], [ -91.116593809058799, 33.454338743020884 ], [ -91.116781689843037, 33.454112048344975 ], [ -91.117105771689751, 33.454063112067196 ], [ -91.117357892263684, 33.454199088952436 ], [ -91.117411834673476, 33.454015619134083 ], [ -91.117555030098828, 33.453887911481132 ], [ -91.118147736998793, 33.453738405092182 ] ] ], [ [ [ -91.115542345663954, 33.468654290132676 ], [ -91.11583557750437, 33.468528607604277 ], [ -91.116148962553154, 33.468613512838822 ], [ -91.116298925501653, 33.468859269983646 ], [ -91.116197618984145, 33.469121918397867 ], [ -91.115904385581914, 33.469247601720369 ], [ -91.115590998549422, 33.469162695803867 ], [ -91.115441037162739, 33.46891693786494 ], [ -91.115542345663954, 33.468654290132676 ] ] ], [ [ [ -91.117416312684071, 33.471385813293111 ], [ -91.117709551440115, 33.471260126607667 ], [ -91.118022948259835, 33.471345027472616 ], [ -91.118172920939585, 33.471590782594902 ], [ -91.118071616413204, 33.471853432518543 ], [ -91.117778376095288, 33.471979119998259 ], [ -91.117464977291476, 33.471894218451396 ], [ -91.11731500617357, 33.471648462534844 ], [ -91.117416312684071, 33.471385813293111 ] ] ], [ [ [ -91.111066857008581, 33.442943643688963 ], [ -91.111360006339652, 33.442817968454655 ], [ -91.11167329516249, 33.442902881951959 ], [ -91.111823204534303, 33.443148643487739 ], [ -91.111721918474927, 33.443411289848235 ], [ -91.111428767583575, 33.443536965875658 ], [ -91.111115476779858, 33.443452051696745 ], [ -91.110965568968325, 33.443206289367879 ], [ -91.111066857008581, 33.442943643688963 ] ] ], [ [ [ -91.110886383438711, 33.449198251843136 ], [ -91.111168805749259, 33.449143501815684 ], [ -91.111428554806494, 33.449251372660918 ], [ -91.111547710717176, 33.449472893727965 ], [ -91.111472178282966, 33.449707499458341 ], [ -91.111195111706493, 33.449856657782192 ], [ -91.110885236825226, 33.449804101438673 ], [ -91.11060725856214, 33.450009107466286 ], [ -91.110244390356755, 33.44995831708232 ], [ -91.110066460542811, 33.449726055022637 ], [ -91.110136562217647, 33.449456352020604 ], [ -91.110413629181423, 33.449307196073619 ], [ -91.110723501965722, 33.449359753528618 ], [ -91.110886383438711, 33.449198251843136 ] ] ], [ [ [ -91.112172544697088, 33.455452326441446 ], [ -91.112460029207455, 33.455421043531707 ], [ -91.112705934010137, 33.455549735703414 ], [ -91.112795786589345, 33.455815292594473 ], [ -91.11266709964282, 33.456033038594192 ], [ -91.112313392728367, 33.456130928697057 ], [ -91.111947015621638, 33.456369503927633 ], [ -91.111429136445963, 33.45649591682708 ], [ -91.111220147199262, 33.456501333285729 ], [ -91.11100202431831, 33.456399290167532 ], [ -91.11088155648217, 33.456142392765855 ], [ -91.111013086107235, 33.455889336165882 ], [ -91.111985017944122, 33.455610725026602 ], [ -91.112172544697088, 33.455452326441446 ] ] ], [ [ [ -91.113074093502945, 33.458799840014287 ], [ -91.113367294705952, 33.45867416210308 ], [ -91.113680642029109, 33.458759072385156 ], [ -91.113830582262139, 33.459004832051008 ], [ -91.113729281346096, 33.459267478982682 ], [ -91.113436078581813, 33.459393157687579 ], [ -91.113122729276085, 33.459308246723637 ], [ -91.112972790604346, 33.459062486264102 ], [ -91.113074093502945, 33.458799840014287 ] ] ], [ [ [ -91.113756564658857, 33.46579038051852 ], [ -91.114049789011418, 33.46566470191533 ], [ -91.114363161917453, 33.465749611283655 ], [ -91.114513115181097, 33.465995370349347 ], [ -91.114411807109917, 33.466258017346199 ], [ -91.114118581195598, 33.466383696743328 ], [ -91.113805206306253, 33.466298786693002 ], [ -91.113655254604367, 33.466053026833379 ], [ -91.113756564658857, 33.46579038051852 ] ] ] ] } },
{ "type": "Feature", "properties": { "depth_bin": "5-6 ft", "survey_id": "LM_11_YBS_20240626_CS_5468_5428", "date": "2024-06-26 00:00:00+00:00", "year": 2024, "mile": 545.0, "bin_order": 12 }, "geometry": { "type": "MultiPolygon", "coordinates": [ [ [ [ -91.130232271665378, 33.471497746218226 ], [ -91.130622577331536, 33.471404915882971 ], [ -91.130931519641905, 33.471625318693008 ], [ -91.130906852281214, 33.471933023546413 ], [ -91.130554873743193, 33.47217432699891 ], [ -91.130225558819077, 33.472169358284312 ], [ -91.129996891209572, 33.471970691769897 ], [ -91.130002821161114, 33.471694704340308 ], [ -91.130232271665378, 33.471497746218226 ] ] ], [ [ [ -91.133459401113186, 33.472939596613969 ], [ -91.133865061855204, 33.47294570658687 ], [ -91.134084374348049, 33.473231773006859 ], [ -91.133954195938188, 33.47352023061022 ], [ -91.13355371844024, 33.473703706394723 ], [ -91.133240296140599, 33.473618844036245 ], [ -91.133090276782639, 33.473373105636966 ], [ -91.13316577528883, 33.473138486263821 ], [ -91.133459401113186, 33.472939596613969 ] ] ], [ [ [ -91.131431558013404, 33.474389165295044 ], [ -91.131835986987596, 33.474361930113631 ], [ -91.132087698578005, 33.474628607821302 ], [ -91.131991875974393, 33.474926367866878 ], [ -91.131607912272131, 33.475133490239649 ], [ -91.131286070092159, 33.475074776883822 ], [ -91.1311080345844, 33.474842542200811 ], [ -91.131155735421899, 33.474602851894524 ], [ -91.131431558013404, 33.474389165295044 ] ] ], [ [ [ -91.134383117038922, 33.476255046247054 ], [ -91.134641446670173, 33.476083794151684 ], [ -91.134968611628935, 33.476115779330783 ], [ -91.135172964839001, 33.476332265530026 ], [ -91.135134798479115, 33.476606438773686 ], [ -91.134876468165729, 33.476777691864278 ], [ -91.134549300775177, 33.476745706360184 ], [ -91.134344948247232, 33.47652921916572 ], [ -91.134383117038922, 33.476255046247054 ] ] ], [ [ [ -91.137193311383953, 33.477884661462497 ], [ -91.137451640768049, 33.477713403524639 ], [ -91.137778813225026, 33.477745381519846 ], [ -91.137983177286515, 33.477961863401916 ], [ -91.137945018774829, 33.478236037724137 ], [ -91.137686688708854, 33.478407296657331 ], [ -91.137359513819817, 33.478375318337278 ], [ -91.137155150440194, 33.47815883545988 ], [ -91.137193311383953, 33.477884661462497 ] ] ], [ [ [ -91.145796739638087, 33.478733621743103 ], [ -91.146032699170476, 33.478592373327068 ], [ -91.146322027605365, 33.478608627702506 ], [ -91.146533377171906, 33.478775005839523 ], [ -91.146570799613713, 33.47901597608508 ], [ -91.146417304645922, 33.479222143080626 ], [ -91.146105570274514, 33.47929783187837 ], [ -91.145943247393248, 33.479599465512408 ], [ -91.145584714479071, 33.479669046907581 ], [ -91.145314141698975, 33.479511616482952 ], [ -91.145255659817749, 33.479239968238524 ], [ -91.145409157502272, 33.479033802778851 ], [ -91.145720891436426, 33.478958115719202 ], [ -91.145796739638087, 33.478733621743103 ] ] ], [ [ [ -91.140889465368062, 33.478981587549626 ], [ -91.141166579526711, 33.478832364922908 ], [ -91.141488443415994, 33.47889105327959 ], [ -91.141666515127611, 33.479123274138693 ], [ -91.141596481859793, 33.479392996316008 ], [ -91.141319366558164, 33.479542219855709 ], [ -91.14099750041629, 33.479483530986471 ], [ -91.140819429847653, 33.479251309214376 ], [ -91.140889465368062, 33.478981587549626 ] ] ], [ [ [ -91.135435698325963, 33.47932867953368 ], [ -91.13569403541932, 33.479157425567124 ], [ -91.136021212407712, 33.479189408363325 ], [ -91.136225575168439, 33.479405893063792 ], [ -91.136187410285615, 33.47968006657085 ], [ -91.135929072510152, 33.47985132153277 ], [ -91.135601893089571, 33.479819338411616 ], [ -91.135397531010952, 33.479602852715786 ], [ -91.135435698325963, 33.47932867953368 ] ] ], [ [ [ -91.137248161120937, 33.482005050656454 ], [ -91.137506503040086, 33.48183379313059 ], [ -91.137833690950416, 33.481865771495961 ], [ -91.138038064331568, 33.482082253489509 ], [ -91.137999903546401, 33.482356427599377 ], [ -91.13774156094523, 33.482527686120726 ], [ -91.137414370602343, 33.482495707430509 ], [ -91.137209997903199, 33.482279224441456 ], [ -91.137248161120937, 33.482005050656454 ] ] ], [ [ [ -91.140546281038056, 33.483406849430047 ], [ -91.140923889525737, 33.483282374330564 ], [ -91.141257190040122, 33.483476311907573 ], [ -91.141268665554307, 33.483784561185708 ], [ -91.140970757853381, 33.48407775991037 ], [ -91.140642403704376, 33.484099892735806 ], [ -91.140391546227562, 33.483920986200751 ], [ -91.140354139553807, 33.483680014785449 ], [ -91.140546281038056, 33.483406849430047 ] ] ], [ [ [ -91.142619307464571, 33.485833498758069 ], [ -91.142877651098374, 33.485662230155604 ], [ -91.143204856015259, 33.485694194875606 ], [ -91.143409251733075, 33.48591066864811 ], [ -91.143371105530463, 33.486184844777149 ], [ -91.143112761215065, 33.486356114375354 ], [ -91.142785553865011, 33.486324149330777 ], [ -91.14258115882879, 33.486107674562561 ], [ -91.142619307464571, 33.485833498758069 ] ] ], [ [ [ -91.132690605795617, 33.485766635027446 ], [ -91.132948967762502, 33.485595387803414 ], [ -91.133276167490024, 33.485627378621992 ], [ -91.133480537535675, 33.485843867925439 ], [ -91.133442360215838, 33.486118039919909 ], [ -91.133183997566348, 33.486289288139503 ], [ -91.132856795405942, 33.486257296995738 ], [ -91.132652426042867, 33.486040806696714 ], [ -91.132690605795617, 33.485766635027446 ] ] ], [ [ [ -91.146064724167033, 33.487110909279295 ], [ -91.146432598652609, 33.487101279012073 ], [ -91.146684391415704, 33.487367929341531 ], [ -91.146614365682098, 33.487637654322405 ], [ -91.14622523314172, 33.487889248599494 ], [ -91.145903332444092, 33.487830571380293 ], [ -91.145725232426912, 33.487598355921484 ], [ -91.145772901973913, 33.487358659307553 ], [ -91.146064724167033, 33.487110909279295 ] ] ], [ [ [ -91.11844507478348, 33.436160584256896 ], [ -91.118703311260759, 33.435989361294411 ], [ -91.119030318355527, 33.436021383310532 ], [ -91.119234541462475, 33.436237892472775 ], [ -91.119196348972736, 33.436512061352751 ], [ -91.118938111812966, 33.436683285308646 ], [ -91.118611102291652, 33.436651262966862 ], [ -91.11840687986718, 33.436434752811195 ], [ -91.11844507478348, 33.436160584256896 ] ] ], [ [ [ -91.111248571553929, 33.442865875976295 ], [ -91.111578202367809, 33.443002776486566 ], [ -91.111650087975562, 33.443337413846074 ], [ -91.111398134042673, 33.443562120767417 ], [ -91.110946823116038, 33.443589882471713 ], [ -91.110696142284311, 33.443410920892852 ], [ -91.110669830736683, 33.443135772422686 ], [ -91.110883299650325, 33.442925615359037 ], [ -91.111248571553929, 33.442865875976295 ] ] ], [ [ [ -91.11975945702487, 33.444344372953914 ], [ -91.120017716117459, 33.444173148223278 ], [ -91.120344754444034, 33.444205167820115 ], [ -91.120548999104841, 33.444421675329103 ], [ -91.120510805864953, 33.444695844290536 ], [ -91.120252546089731, 33.444867070014929 ], [ -91.119925505335587, 33.444835050092451 ], [ -91.119721261357398, 33.444618541589705 ], [ -91.11975945702487, 33.444344372953914 ] ] ], [ [ [ -91.119929938749692, 33.447273703475467 ], [ -91.120188206498113, 33.447102478757529 ], [ -91.120515255857356, 33.44713449827595 ], [ -91.120719507465125, 33.447351005661375 ], [ -91.120681313017016, 33.447625174526564 ], [ -91.120423044585905, 33.447796400238396 ], [ -91.120095992798738, 33.44776438039429 ], [ -91.119891741873644, 33.447547872014979 ], [ -91.119929938749692, 33.447273703475467 ] ] ], [ [ [ -91.120098183173525, 33.450175317992901 ], [ -91.120356459498225, 33.450004093288804 ], [ -91.120683519787022, 33.450036112731127 ], [ -91.120887778275488, 33.450252619995084 ], [ -91.120849582628551, 33.45052678876467 ], [ -91.12059130562109, 33.450698014462745 ], [ -91.120264242904, 33.450665994694738 ], [ -91.120059985098308, 33.450449486436796 ], [ -91.120098183173525, 33.450175317992901 ] ] ], [ [ [ -91.11990232777174, 33.459500604939748 ], [ -91.120288327541587, 33.459605178959116 ], [ -91.120405993342445, 33.459897381157091 ], [ -91.120211158012808, 33.460158991032571 ], [ -91.119778396941015, 33.460270528992943 ], [ -91.119490818421937, 33.460136024116686 ], [ -91.119400941370472, 33.459870471387923 ], [ -91.119529617969633, 33.459652718131281 ], [ -91.11990232777174, 33.459500604939748 ] ] ], [ [ [ -91.121050064107862, 33.462434530562589 ], [ -91.121327155999737, 33.462285351293964 ], [ -91.121648943301935, 33.462344088762237 ], [ -91.121826928967877, 33.46257633571819 ], [ -91.121756850599496, 33.462846045689616 ], [ -91.121479757563677, 33.462995225870074 ], [ -91.121157968011644, 33.462936487888292 ], [ -91.120979983489647, 33.462704240020514 ], [ -91.121050064107862, 33.462434530562589 ] ] ], [ [ [ -91.123451299602465, 33.464670093358649 ], [ -91.123854248190014, 33.464709527654449 ], [ -91.124037685236786, 33.464976869529977 ], [ -91.123907487742969, 33.465265316211834 ], [ -91.123505292609352, 33.46544907328564 ], [ -91.123191910703738, 33.465364186767658 ], [ -91.12304193340745, 33.46511843736824 ], [ -91.123117450443843, 33.464883824515454 ], [ -91.123451299602465, 33.464670093358649 ] ] ], [ [ [ -91.127618084825812, 33.469397867146604 ], [ -91.12787640605093, 33.469226628736592 ], [ -91.128203541978664, 33.469258630838382 ], [ -91.128407862538097, 33.469475127284831 ], [ -91.128369679033952, 33.469749298097291 ], [ -91.128070213974681, 33.469928517142932 ], [ -91.127717057808638, 33.469849574065336 ], [ -91.127656928214677, 33.470154803191058 ], [ -91.127111280437532, 33.470523974518898 ], [ -91.126865404482331, 33.470561113524674 ], [ -91.126669807490643, 33.470499102745414 ], [ -91.126491793394322, 33.470266862016857 ], [ -91.126561864333382, 33.469997149370464 ], [ -91.127146006010847, 33.469613427366632 ], [ -91.127353384126636, 33.469590840812579 ], [ -91.127580315448412, 33.469673071739514 ], [ -91.127618084825812, 33.469397867146604 ] ] ], [ [ [ -91.117108201866941, 33.471551123578095 ], [ -91.117385329888052, 33.471401954582923 ], [ -91.117707147431659, 33.471460703291768 ], [ -91.117885139736799, 33.471692955871127 ], [ -91.117815040515623, 33.471962662554809 ], [ -91.117537911349729, 33.472111832462012 ], [ -91.11721609155542, 33.472053083239281 ], [ -91.117038100395092, 33.471820829747898 ], [ -91.117108201866941, 33.471551123578095 ] ] ], [ [ [ -91.12897071589164, 33.472266541580041 ], [ -91.129247827224475, 33.472117345433382 ], [ -91.129569656924701, 33.472176063685254 ], [ -91.129747683110566, 33.47240830034292 ], [ -91.129677619648149, 33.472678014967165 ], [ -91.129400507171567, 33.472827212026225 ], [ -91.129078675220057, 33.472768493261178 ], [ -91.128900650177926, 33.472536255691111 ], [ -91.12897071589164, 33.472266541580041 ] ] ] ] } },
{ "type": "Feature", "properties": { "depth_bin": "6-7 ft", "survey_id": "LM_11_YBS_20240626_CS_5468_5428", "date": "2024-06-26 00:00:00+00:00", "year": 2024, "mile": 545.0, "bin_order": 11 }, "geometry": { "type": "MultiPolygon", "coordinates": [ [ [ [ -91.127903479047816, 33.472864198987516 ], [ -91.129331129049802, 33.472039554076268 ], [ -91.12965827622827, 33.472071552707533 ], [ -91.129862606786887, 33.472288047015667 ], [ -91.129824426173059, 33.47256221827471 ], [ -91.129331466324572, 33.472924447846495 ], [ -91.128427155973455, 33.47341906210459 ], [ -91.128181272207598, 33.473456203441664 ], [ -91.127952205546435, 33.473372602068309 ], [ -91.127802201832608, 33.473126857787349 ], [ -91.127903479047816, 33.472864198987516 ] ] ], [ [ [ -91.133154870485328, 33.473123503865281 ], [ -91.133559293293516, 33.473096262829536 ], [ -91.133801483022594, 33.473328455950451 ], [ -91.133740954975707, 33.473632654435313 ], [ -91.133384557425231, 33.473868010320196 ], [ -91.13305740166804, 33.473836021258357 ], [ -91.132853059453097, 33.473619531870803 ], [ -91.13289123119614, 33.473345359408263 ], [ -91.133154870485328, 33.473123503865281 ] ] ], [ [ [ -91.131426790810167, 33.474393723082066 ], [ -91.131703905157593, 33.474244521577866 ], [ -91.132025744628919, 33.474303233758903 ], [ -91.13220378161887, 33.474535467188552 ], [ -91.132133723664722, 33.474805183318644 ], [ -91.131856608173663, 33.47495438573538 ], [ -91.131534766450685, 33.474895673041296 ], [ -91.131356730604352, 33.474663438699103 ], [ -91.131426790810167, 33.474393723082066 ] ] ], [ [ [ -91.134523522779929, 33.476127907880588 ], [ -91.13480063782788, 33.475978699494931 ], [ -91.135122486143999, 33.476037403907746 ], [ -91.135300534942118, 33.47626963323286 ], [ -91.135230484842566, 33.476539351326551 ], [ -91.134953368651196, 33.476688560624901 ], [ -91.134631518083097, 33.476629855699187 ], [ -91.134453470428397, 33.476397625461374 ], [ -91.134523522779929, 33.476127907880588 ] ] ], [ [ [ -91.133011726601097, 33.477237979677732 ], [ -91.133270061806073, 33.477066730662692 ], [ -91.133597229761577, 33.477098719569803 ], [ -91.133801581636035, 33.477315207960999 ], [ -91.133763410390443, 33.477589380576561 ], [ -91.133505074503177, 33.477760630586829 ], [ -91.133177904115797, 33.477728641354624 ], [ -91.13297355292363, 33.477512151968192 ], [ -91.133011726601097, 33.477237979677732 ] ] ], [ [ [ -91.137625459913849, 33.477563771175546 ], [ -91.138031143168391, 33.47756986825398 ], [ -91.13825048063606, 33.477855927969983 ], [ -91.138149227694825, 33.478118595908285 ], [ -91.137721264479936, 33.478328199436078 ], [ -91.137407821154412, 33.478243346968021 ], [ -91.137257782441139, 33.47799761310857 ], [ -91.137333274458669, 33.477762991111582 ], [ -91.137625459913849, 33.477563771175546 ] ] ], [ [ [ -91.148322369050817, 33.480478563850667 ], [ -91.148599476164762, 33.480329324353299 ], [ -91.148921351504242, 33.480387993742376 ], [ -91.149099446453945, 33.4806202046476 ], [ -91.149029434599981, 33.480889931715787 ], [ -91.148752326343683, 33.481039172126401 ], [ -91.1484304487511, 33.480980502225172 ], [ -91.14825235494375, 33.480748290406702 ], [ -91.148322369050817, 33.480478563850667 ] ] ], [ [ [ -91.137148278225425, 33.482069171708524 ], [ -91.137425408490458, 33.481919958083594 ], [ -91.137747280702584, 33.481978656441925 ], [ -91.137925348078213, 33.482210882443916 ], [ -91.137855300355184, 33.482480601892703 ], [ -91.137578168946646, 33.482629816430624 ], [ -91.137256294481745, 33.482571117559438 ], [ -91.137078228249607, 33.482338890644471 ], [ -91.137148278225425, 33.482069171708524 ] ] ], [ [ [ -91.140423172195909, 33.483593757941392 ], [ -91.140781724842114, 33.483524192228948 ], [ -91.141090735681644, 33.483744571661703 ], [ -91.141084838187467, 33.48402056029839 ], [ -91.140750907144863, 33.484323187331867 ], [ -91.140421544338992, 33.484318244130051 ], [ -91.140192821936694, 33.484119594904129 ], [ -91.140183782881351, 33.483876711496116 ], [ -91.140423172195909, 33.483593757941392 ] ] ], [ [ [ -91.145839109205397, 33.487310693709496 ], [ -91.14608502661217, 33.4872735184832 ], [ -91.146280676091408, 33.487335500217014 ], [ -91.146435729228287, 33.487499702923536 ], [ -91.146462721625767, 33.487673501426116 ], [ -91.146180998677721, 33.488007601745267 ], [ -91.145711400939376, 33.488154325483869 ], [ -91.145423689286517, 33.488019876829441 ], [ -91.145333707513544, 33.487754340325878 ], [ -91.145462365202874, 33.487536560240308 ], [ -91.145839109205397, 33.487310693709496 ] ] ], [ [ [ -91.125415729493383, 33.467077506131645 ], [ -91.12570324937704, 33.46704619371652 ], [ -91.125973746900712, 33.467203664709835 ], [ -91.126039110771259, 33.467440409835987 ], [ -91.125878641205432, 33.46768146112241 ], [ -91.12544431660973, 33.4678826302898 ], [ -91.125181222133051, 33.467874632867272 ], [ -91.124992018558089, 33.468107933151529 ], [ -91.124657468964784, 33.468154532775031 ], [ -91.124582190587674, 33.468334476103259 ], [ -91.124386238421678, 33.468464363829192 ], [ -91.124066318245013, 33.46854265866142 ], [ -91.123797716944267, 33.468458342227748 ], [ -91.1237795190562, 33.468703916677413 ], [ -91.123580956636175, 33.46888099098954 ], [ -91.123293430136883, 33.468912298232475 ], [ -91.123047471856125, 33.468783625478238 ], [ -91.122957576199425, 33.468518074992161 ], [ -91.123118055328035, 33.46827702785567 ], [ -91.123392767495488, 33.468199310565893 ], [ -91.123661367573121, 33.46828362783954 ], [ -91.123664623069203, 33.468071156448062 ], [ -91.12380715047388, 33.467899189660123 ], [ -91.124111309521851, 33.46778176875371 ], [ -91.124330744579353, 33.467778687012959 ], [ -91.124492503738736, 33.467521619488544 ], [ -91.124683126324399, 33.467449557537847 ], [ -91.124905077205554, 33.467465534595405 ], [ -91.125028115750709, 33.467276092454647 ], [ -91.125415729493383, 33.467077506131645 ] ] ], [ [ [ -91.127229056888396, 33.469594452202173 ], [ -91.127506162278408, 33.469445259699327 ], [ -91.127827980784488, 33.469503982116805 ], [ -91.12800599708207, 33.469736221021776 ], [ -91.127935930829594, 33.470005934658481 ], [ -91.127658824295835, 33.470155128073586 ], [ -91.127337003538813, 33.470096405142861 ], [ -91.127158988385006, 33.469864165325646 ], [ -91.127229056888396, 33.469594452202173 ] ] ], [ [ [ -91.126372367568536, 33.470066524080991 ], [ -91.126630693167328, 33.469895288440334 ], [ -91.126957830976323, 33.469927293900092 ], [ -91.12716214982261, 33.470143792326127 ], [ -91.127123962014323, 33.470417962580164 ], [ -91.126865635732784, 33.470589199215667 ], [ -91.126538495492952, 33.470557193430444 ], [ -91.126334177329412, 33.470340694009558 ], [ -91.126372367568536, 33.470066524080991 ] ] ], [ [ [ -91.119597048271856, 33.441446860062882 ], [ -91.119846000979692, 33.441430109383361 ], [ -91.120091878945743, 33.441558786173431 ], [ -91.120184575676817, 33.441789025505642 ], [ -91.120082007723056, 33.442016303827884 ], [ -91.119911868129975, 33.442118144963793 ], [ -91.11961316533872, 33.442122825150641 ], [ -91.11919330818516, 33.442273531453715 ], [ -91.118838148119622, 33.44219319556295 ], [ -91.118688220041463, 33.441947441843276 ], [ -91.11878948345398, 33.441684788936222 ], [ -91.118999623030533, 33.441571630831348 ], [ -91.11942281800367, 33.441553154632963 ], [ -91.119597048271856, 33.441446860062882 ] ] ], [ [ [ -91.118739148641481, 33.456785762670052 ], [ -91.118997447755874, 33.45661454174931 ], [ -91.119324532081066, 33.456646565595463 ], [ -91.11952880177293, 33.456863075304142 ], [ -91.119490597933392, 33.45713724312742 ], [ -91.119232298135884, 33.457308465042388 ], [ -91.118905211381644, 33.457276440870395 ], [ -91.118700942372882, 33.457059930167496 ], [ -91.118739148641481, 33.456785762670052 ] ] ], [ [ [ -91.119300233988199, 33.459782250764263 ], [ -91.119558541241801, 33.459611029023705 ], [ -91.119885637052477, 33.459643051773632 ], [ -91.120089914848364, 33.459859560751831 ], [ -91.1200517109841, 33.46013372863834 ], [ -91.119793403047353, 33.460304951373246 ], [ -91.119466304807275, 33.460272928297485 ], [ -91.119262027694518, 33.460056418324953 ], [ -91.119300233988199, 33.459782250764263 ] ] ], [ [ [ -91.121194686043452, 33.462367840500356 ], [ -91.121580700111622, 33.462472410944201 ], [ -91.121698373711567, 33.462764612072768 ], [ -91.121537901663757, 33.463005657790198 ], [ -91.121079637751578, 33.463151257323553 ], [ -91.120792047773435, 33.46301675512543 ], [ -91.12070216416582, 33.462751203215603 ], [ -91.120830842193101, 33.462533448738235 ], [ -91.121194686043452, 33.462367840500356 ] ] ], [ [ [ -91.123268435290669, 33.464820581881156 ], [ -91.12365446290454, 33.46492514628914 ], [ -91.123772146473954, 33.465217345695898 ], [ -91.123577308298096, 33.465478960590453 ], [ -91.123141588205684, 33.46559220461134 ], [ -91.122853986923388, 33.465457706858665 ], [ -91.122764094797475, 33.465192156237265 ], [ -91.122892771683411, 33.464974399645371 ], [ -91.123268435290669, 33.464820581881156 ] ] ], [ [ [ -91.121634754992542, 33.465623585574434 ], [ -91.121963286271779, 33.465389788604277 ], [ -91.122211422215415, 33.465414075312182 ], [ -91.122401641368739, 33.465549810909444 ], [ -91.122466994407674, 33.465786557599117 ], [ -91.12230651845212, 33.466027604081013 ], [ -91.122034307144546, 33.466105254335801 ], [ -91.121825420421189, 33.46630520341197 ], [ -91.121579554739824, 33.46634233228577 ], [ -91.121291953629779, 33.4662078309197 ], [ -91.121202065665386, 33.4659422793342 ], [ -91.121330747582022, 33.465724524564536 ], [ -91.121634754992542, 33.465623585574434 ] ] ], [ [ [ -91.11358155255644, 33.465881936265575 ], [ -91.113858667691645, 33.46573277461161 ], [ -91.114180461620748, 33.465791531718182 ], [ -91.114358433415248, 33.466023788832572 ], [ -91.114288328802132, 33.466293493531843 ], [ -91.114011212522087, 33.466442656097556 ], [ -91.113689416343092, 33.466383898476984 ], [ -91.113511445693433, 33.466151640450846 ], [ -91.11358155255644, 33.465881936265575 ] ] ] ] } },
{ "type": "Feature", "properties": { "depth_bin": "7-8 ft", "survey_id": "LM_11_YBS_20240626_CS_5468_5428", "date": "2024-06-26 00:00:00+00:00", "year": 2024, "mile": 545.0, "bin_order": 10 }, "geometry": { "type": "MultiPolygon", "coordinates": [ [ [ [ -91.129382990785516, 33.471929330408365 ], [ -91.130017121212163, 33.47160575621092 ], [ -91.130303123305708, 33.471645733344019 ], [ -91.13049394523253, 33.471828693474912 ], [ -91.130502957598722, 33.472071577059218 ], [ -91.130392232830303, 33.472220259184375 ], [ -91.129801582856061, 33.472595481384424 ], [ -91.129436662236273, 33.472635231912683 ], [ -91.12918586082904, 33.472456304308132 ], [ -91.129159486405371, 33.472181158646826 ], [ -91.129382990785516, 33.471929330408365 ] ] ], [ [ [ -91.132993546821993, 33.473277062529284 ], [ -91.133396540935763, 33.473316467262954 ], [ -91.13358002484263, 33.473583796299692 ], [ -91.133478763593217, 33.473846460276242 ], [ -91.133056911748483, 33.474063401049939 ], [ -91.132743488716741, 33.47397853741095 ], [ -91.132593470221551, 33.473732798450563 ], [ -91.132668970412652, 33.473498179450274 ], [ -91.132993546821993, 33.473277062529284 ] ] ], [ [ [ -91.13195264575559, 33.474000422277385 ], [ -91.132198529830006, 33.473963273454181 ], [ -91.132394138860079, 33.474025275876258 ], [ -91.132549142430875, 33.474189494578958 ], [ -91.132576104104942, 33.474363295362132 ], [ -91.13247635583491, 33.47455526930942 ], [ -91.132171736365308, 33.474783896837998 ], [ -91.131854872031198, 33.474859260846131 ], [ -91.131567226352345, 33.474724781986019 ], [ -91.131477299140855, 33.474459236810226 ], [ -91.131577049455458, 33.474267263737175 ], [ -91.13195264575559, 33.474000422277385 ] ] ], [ [ [ -91.134619070415368, 33.476067032152855 ], [ -91.134877399029719, 33.475895779525096 ], [ -91.135204563402141, 33.47592776406043 ], [ -91.135408916799889, 33.476144249881628 ], [ -91.135370751291802, 33.476418423234421 ], [ -91.135112421995359, 33.476589676857408 ], [ -91.134785255191161, 33.476557691997087 ], [ -91.134580902475506, 33.476341205180667 ], [ -91.134619070415368, 33.476067032152855 ] ] ], [ [ [ -91.133099745339919, 33.477165707332404 ], [ -91.133502757447843, 33.477205112321677 ], [ -91.133686249303267, 33.477472441336886 ], [ -91.133584983265379, 33.477735105098596 ], [ -91.13317465303659, 33.477955351431 ], [ -91.132861216038478, 33.477870487651522 ], [ -91.132711191032797, 33.477624748736382 ], [ -91.13278669480502, 33.477390129909878 ], [ -91.133099745339919, 33.477165707332404 ] ] ], [ [ [ -91.137803572107742, 33.477378038279547 ], [ -91.138208014052367, 33.477350782715142 ], [ -91.138450227924722, 33.47758296743195 ], [ -91.13841207110309, 33.477857141970446 ], [ -91.138047291529972, 33.478130883984541 ], [ -91.137720117496329, 33.478098906647006 ], [ -91.137515753805644, 33.477882424346902 ], [ -91.137535174121041, 33.477639968473817 ], [ -91.137803572107742, 33.477378038279547 ] ] ], [ [ [ -91.141023833311635, 33.478897993084971 ], [ -91.141300946981133, 33.478748770138594 ], [ -91.141622810671606, 33.4788074581393 ], [ -91.141800882591227, 33.479039678814665 ], [ -91.141730849816398, 33.479309401088067 ], [ -91.14145373500395, 33.479458624947426 ], [ -91.141131869060885, 33.479399936434149 ], [ -91.140953798284215, 33.479167714845829 ], [ -91.141023833311635, 33.478897993084971 ] ] ], [ [ [ -91.134964480423562, 33.479709734174968 ], [ -91.135222819565172, 33.479538481272421 ], [ -91.135549997745656, 33.479570465355053 ], [ -91.135754360144006, 33.479786950810855 ], [ -91.13571619355659, 33.480061124099684 ], [ -91.135457853732802, 33.480232377997595 ], [ -91.135130673120102, 33.480200393589968 ], [ -91.134926311403916, 33.479983907138802 ], [ -91.134964480423562, 33.479709734174968 ] ] ], [ [ [ -91.148221221831633, 33.480589593995255 ], [ -91.148498329471167, 33.480440354744822 ], [ -91.148820205136857, 33.480499024407514 ], [ -91.148998300022285, 33.48073123545278 ], [ -91.148928287751232, 33.481000962445378 ], [ -91.148651178969331, 33.481150202609058 ], [ -91.148329301050538, 33.481091532434213 ], [ -91.148151207307464, 33.480859320475709 ], [ -91.148221221831633, 33.480589593995255 ] ] ], [ [ [ -91.140109843918836, 33.483869356196557 ], [ -91.14038697531582, 33.483720136008209 ], [ -91.14070885650797, 33.483778826951671 ], [ -91.140886935451576, 33.484011049030777 ], [ -91.14081689510823, 33.484280770346736 ], [ -91.14053976256794, 33.484429991448216 ], [ -91.140217879122687, 33.484371299992056 ], [ -91.140039801322388, 33.484139076999824 ], [ -91.140109843918836, 33.483869356196557 ] ] ], [ [ [ -91.142519389341942, 33.485944268294297 ], [ -91.142777733502143, 33.485772999921252 ], [ -91.143104938784219, 33.485804964917783 ], [ -91.143309334492074, 33.486021438851907 ], [ -91.14327118791023, 33.486295614933034 ], [ -91.143012843068419, 33.486466884301798 ], [ -91.142685635353175, 33.48643491898072 ], [ -91.142481240326916, 33.486218444050856 ], [ -91.142519389341942, 33.485944268294297 ] ] ], [ [ [ -91.145270745057331, 33.487673908719003 ], [ -91.145547880608234, 33.487524677180822 ], [ -91.145869779898419, 33.487583355279632 ], [ -91.146047880283035, 33.487815570543283 ], [ -91.145977852164037, 33.48808529506563 ], [ -91.145700715470113, 33.488234527517221 ], [ -91.145378813926172, 33.488175848905968 ], [ -91.145200714684577, 33.4879436327289 ], [ -91.145270745057331, 33.487673908719003 ] ] ], [ [ [ -91.122882747087885, 33.464948969982451 ], [ -91.123172537322787, 33.464941433692566 ], [ -91.123402253140668, 33.465089691349277 ], [ -91.123467608644489, 33.465326437610386 ], [ -91.123338932603275, 33.465544194819586 ], [ -91.122263480723873, 33.466029602778043 ], [ -91.121520547581369, 33.466482902918898 ], [ -91.121271523136585, 33.466499654412999 ], [ -91.121053363113859, 33.466397627863039 ], [ -91.12093285274841, 33.466140739110052 ], [ -91.121064370233086, 33.465887671732474 ], [ -91.121941840252006, 33.465373698461796 ], [ -91.122882747087885, 33.464948969982451 ] ] ], [ [ [ -91.125241340215581, 33.467163552622125 ], [ -91.125523813977367, 33.467108771736889 ], [ -91.125783634830455, 33.467216614675905 ], [ -91.125902850289108, 33.4674381234572 ], [ -91.125849698317538, 33.467642713901398 ], [ -91.125059787775598, 33.468072190340308 ], [ -91.124692646554024, 33.468051500052503 ], [ -91.12448833870981, 33.467834997868025 ], [ -91.124526533246865, 33.467560828567358 ], [ -91.125241340215581, 33.467163552622125 ] ] ], [ [ [ -91.1235677784492, 33.468038654338827 ], [ -91.123844884625129, 33.46788947003693 ], [ -91.124166694487286, 33.467948201694675 ], [ -91.124344697774305, 33.468180445466523 ], [ -91.124274621765878, 33.468450156745661 ], [ -91.123997514445932, 33.46859934195966 ], [ -91.123675702333188, 33.468540609788484 ], [ -91.123497700190185, 33.468308365104519 ], [ -91.1235677784492, 33.468038654338827 ] ] ], [ [ [ -91.127747911375067, 33.46931407364395 ], [ -91.127956931785064, 33.469308630347783 ], [ -91.12817510763395, 33.469410645228471 ], [ -91.128288889287148, 33.46959705429262 ], [ -91.128259924862036, 33.469805026636706 ], [ -91.128132343970378, 33.469943895072085 ], [ -91.127636814592151, 33.470189099614252 ], [ -91.127269012390826, 33.470198676480294 ], [ -91.127040356759494, 33.470000004861809 ], [ -91.127046295639801, 33.469724017811231 ], [ -91.127208245618718, 33.469564583041958 ], [ -91.127747911375067, 33.46931407364395 ] ] ], [ [ [ -91.126247611611859, 33.470154301441319 ], [ -91.126465925709084, 33.469994386554298 ], [ -91.126795231698381, 33.469999364972971 ], [ -91.127006522172167, 33.470165774632839 ], [ -91.127043887703294, 33.470406749096405 ], [ -91.126855995597452, 33.470633458477835 ], [ -91.126527243243999, 33.470681375430061 ], [ -91.126330623543907, 33.470965140942717 ], [ -91.12600648227118, 33.471014099217747 ], [ -91.125735973179133, 33.470856627974186 ], [ -91.125677557378651, 33.470584972443632 ], [ -91.125865452355939, 33.470358264951045 ], [ -91.12619420375735, 33.470310349723164 ], [ -91.126247611611859, 33.470154301441319 ] ] ], [ [ [ -91.127747999801329, 33.472965212107297 ], [ -91.128025115380723, 33.472816018861955 ], [ -91.128346946660216, 33.472874740345453 ], [ -91.128524970832984, 33.473106978672092 ], [ -91.128454902944227, 33.473376692424971 ], [ -91.128177786220945, 33.473525886582699 ], [ -91.127855952690112, 33.473467164585927 ], [ -91.127677929661246, 33.473234925346915 ], [ -91.127747999801329, 33.472965212107297 ] ] ], [ [ [ -91.126484870460033, 33.482061047501489 ], [ -91.126743232639527, 33.481889813168706 ], [ -91.127070415399714, 33.481921819839066 ], [ -91.127274761236919, 33.48213831866935 ], [ -91.127236566648136, 33.482412488284808 ], [ -91.126978203785541, 33.482583723612905 ], [ -91.126651018593066, 33.482551716616982 ], [ -91.126446673438949, 33.482335216791384 ], [ -91.126484870460033, 33.482061047501489 ] ] ], [ [ [ -91.118295432687972, 33.436125850591772 ], [ -91.118572443045764, 33.43597667412746 ], [ -91.118894131803103, 33.436035415529723 ], [ -91.11907205963746, 33.436267665244678 ], [ -91.11900199802858, 33.436537375183207 ], [ -91.118724986527994, 33.436686552558299 ], [ -91.118403295523905, 33.436627810642811 ], [ -91.118225368832327, 33.436395560017054 ], [ -91.118295432687972, 33.436125850591772 ] ] ], [ [ [ -91.119820276565918, 33.444236169450207 ], [ -91.120223128811361, 33.444275612325605 ], [ -91.120407823173409, 33.444578334375855 ], [ -91.120244549841374, 33.444854693170761 ], [ -91.11981592313839, 33.444974578163823 ], [ -91.119514052368245, 33.444864348996916 ], [ -91.119393573272689, 33.444607459098933 ], [ -91.11952505951686, 33.44435439154438 ], [ -91.119820276565918, 33.444236169450207 ] ] ], [ [ [ -91.1200399066133, 33.450096769480396 ], [ -91.120356688476377, 33.450021432627246 ], [ -91.120616452438526, 33.450129284685666 ], [ -91.120735633254384, 33.450350797745223 ], [ -91.120660124419558, 33.450585409882898 ], [ -91.120383069693858, 33.450734589184478 ], [ -91.120086708353895, 33.450689132063417 ], [ -91.119806740474175, 33.450898606795889 ], [ -91.119443861881635, 33.450847843043981 ], [ -91.119265905170565, 33.450615593305827 ], [ -91.119335979461326, 33.450345884165039 ], [ -91.11961303459492, 33.450196707215383 ], [ -91.119909393968015, 33.450242165405754 ], [ -91.1200399066133, 33.450096769480396 ] ] ], [ [ [ -91.119140732246748, 33.459826518092839 ], [ -91.119399039933327, 33.459655296701534 ], [ -91.119726135829964, 33.459687319876124 ], [ -91.119930413314464, 33.459903829105649 ], [ -91.119892208923858, 33.460177996922937 ], [ -91.119633900554135, 33.46034921930859 ], [ -91.119306802228067, 33.460317195808152 ], [ -91.119102525426726, 33.460100685584287 ], [ -91.119140732246748, 33.459826518092839 ] ] ], [ [ [ -91.12061364146841, 33.4626321739471 ], [ -91.120890734706052, 33.462482995707127 ], [ -91.121212522381654, 33.462541734322443 ], [ -91.121390507229933, 33.462773981871926 ], [ -91.121320427331739, 33.463043691535674 ], [ -91.121043332950094, 33.463192870687465 ], [ -91.120721543024629, 33.463134131558625 ], [ -91.120543559320367, 33.462901883097331 ], [ -91.12061364146841, 33.4626321739471 ] ] ] ] } },
{ "type": "Feature", "properties": { "depth_bin": "8-9 ft", "survey_id": "LM_11_YBS_20240626_CS_5468_5428", "date": "2024-06-26 00:00:00+00:00", "year": 2024, "mile": 545.0, "bin_order": 9 }, "geometry": { "type": "MultiPolygon", "coordinates": [ [ [ [ -91.13269971660894, 33.473468375835324 ], [ -91.132987255939014, 33.473437047184021 ], [ -91.133205448238002, 33.473539053702495 ], [ -91.133319245860818, 33.473725458588078 ], [ -91.133290291542167, 33.473933432345774 ], [ -91.132910542235336, 33.474250967549338 ], [ -91.1326885543359, 33.474326458131578 ], [ -91.132506084225994, 33.474536343969405 ], [ -91.132101654540222, 33.474563581317284 ], [ -91.131872976451589, 33.474364917972977 ], [ -91.131878900993314, 33.474088930354256 ], [ -91.13269971660894, 33.473468375835324 ] ] ], [ [ [ -91.13474139724859, 33.475975442899816 ], [ -91.134999725353794, 33.475804189996801 ], [ -91.135326889444244, 33.475836174199131 ], [ -91.135531242952396, 33.47605265982461 ], [ -91.135493077882415, 33.476326833233642 ], [ -91.135234749095147, 33.47649808713188 ], [ -91.134907582572907, 33.476466102604583 ], [ -91.134703229746833, 33.476249615983875 ], [ -91.13474139724859, 33.475975442899816 ] ] ], [ [ [ -91.138199010026014, 33.477077090889118 ], [ -91.138444900803862, 33.477039929891241 ], [ -91.138640521582005, 33.477101922811734 ], [ -91.138825345405877, 33.477404620512992 ], [ -91.138748541752918, 33.477603867827007 ], [ -91.13846427857851, 33.477849864168377 ], [ -91.138157750132564, 33.477950908643066 ], [ -91.137855741586634, 33.477840719961492 ], [ -91.137735166613027, 33.477583845740874 ], [ -91.137811972536582, 33.477384599134069 ], [ -91.138199010026014, 33.477077090889118 ] ] ], [ [ [ -91.132784718621338, 33.477393997140787 ], [ -91.13298286908163, 33.47733792910249 ], [ -91.133227009886554, 33.477382463108086 ], [ -91.133379423735235, 33.47750247801153 ], [ -91.133447644508024, 33.477703906514144 ], [ -91.13331614283652, 33.477956987212103 ], [ -91.133018028605846, 33.478186801961549 ], [ -91.132777662041747, 33.478243970743961 ], [ -91.132475659957876, 33.478133769148847 ], [ -91.13235510076737, 33.477876890237233 ], [ -91.132431919142817, 33.477677647410566 ], [ -91.132784718621338, 33.477393997140787 ] ] ], [ [ [ -91.13486222004309, 33.479768427526324 ], [ -91.135139346453485, 33.47961921884653 ], [ -91.135461208392044, 33.479677922819619 ], [ -91.135639265093033, 33.479910151817002 ], [ -91.135569212547281, 33.480179869887053 ], [ -91.135292084993296, 33.480329079479674 ], [ -91.13497022080233, 33.480270374993637 ], [ -91.134792165244932, 33.480038145083441 ], [ -91.13486222004309, 33.479768427526324 ] ] ], [ [ [ -91.139956774329818, 33.483982375528399 ], [ -91.140215117257213, 33.483811112422799 ], [ -91.14054231391853, 33.483843083913172 ], [ -91.140746698667357, 33.484059561763644 ], [ -91.14070854520773, 33.484333736889354 ], [ -91.140450201598512, 33.484505000990552 ], [ -91.140123002504339, 33.484473029175483 ], [ -91.139918618437292, 33.484256550329413 ], [ -91.139956774329818, 33.483982375528399 ] ] ], [ [ [ -91.132796196176656, 33.485654352656695 ], [ -91.133054557601923, 33.48548310519071 ], [ -91.133381756961541, 33.485515095717602 ], [ -91.133586127028522, 33.485731584850491 ], [ -91.133547950106731, 33.486005756895416 ], [ -91.133289587998874, 33.486177005356957 ], [ -91.132962386206387, 33.486145014504892 ], [ -91.132758016821981, 33.485928524376433 ], [ -91.132796196176656, 33.485654352656695 ] ] ], [ [ [ -91.145178581690516, 33.487836276611112 ], [ -91.145436926688035, 33.487665002753459 ], [ -91.145764140377295, 33.487696960992729 ], [ -91.145968547137613, 33.487913430855173 ], [ -91.145930407779247, 33.488187607935373 ], [ -91.145672062100346, 33.488358882788894 ], [ -91.145344845977618, 33.488326924225213 ], [ -91.145140439898682, 33.488110453366914 ], [ -91.145178581690516, 33.487836276611112 ] ] ], [ [ [ -91.135462737303314, 33.487935760224026 ], [ -91.135739889467786, 33.487786551249862 ], [ -91.136061781848682, 33.487845254646174 ], [ -91.136239855848245, 33.488077483122289 ], [ -91.136169797323745, 33.488347201032198 ], [ -91.135892644015314, 33.488496410919495 ], [ -91.135570749381046, 33.488437707010156 ], [ -91.135392676525456, 33.48820547762088 ], [ -91.135462737303314, 33.487935760224026 ] ] ], [ [ [ -91.126135149173678, 33.470202616623325 ], [ -91.126417632434638, 33.470147834048369 ], [ -91.126677463377376, 33.470255675416034 ], [ -91.126796684935812, 33.47047718345771 ], [ -91.12674353283731, 33.470681774198901 ], [ -91.125887247080342, 33.471210212573055 ], [ -91.125481596275193, 33.471204076771166 ], [ -91.125277279388314, 33.470987575666932 ], [ -91.125315473326665, 33.470713406216859 ], [ -91.126135149173678, 33.470202616623325 ] ] ], [ [ [ -91.130080340171446, 33.471567133310735 ], [ -91.130329378347355, 33.471550364564926 ], [ -91.130516786841724, 33.471628138974346 ], [ -91.130638320377201, 33.471770768093521 ], [ -91.130658330209698, 33.471979479844599 ], [ -91.130470443653252, 33.472206194862956 ], [ -91.130108225269069, 33.472364649105245 ], [ -91.129859184733732, 33.472381417322083 ], [ -91.129588664123432, 33.472223954136155 ], [ -91.129530235495878, 33.471952300030395 ], [ -91.129683755782466, 33.471746154672637 ], [ -91.130080340171446, 33.471567133310735 ] ] ], [ [ [ -91.127611360717722, 33.473088883518791 ], [ -91.127869693273794, 33.47291764560007 ], [ -91.128196843010286, 33.472949648182798 ], [ -91.128401171767621, 33.473166144818116 ], [ -91.128362986048188, 33.473440315416838 ], [ -91.128104652809398, 33.473611554330546 ], [ -91.127777500641656, 33.473579551422404 ], [ -91.127573172567054, 33.473363053792099 ], [ -91.127611360717722, 33.473088883518791 ] ] ], [ [ [ -91.127090928612574, 33.481632521158232 ], [ -91.127339995983633, 33.481615759468198 ], [ -91.127527422825239, 33.48169353894032 ], [ -91.127675918010141, 33.482009972480199 ], [ -91.127576149516543, 33.482201941577792 ], [ -91.127267326209832, 33.482430528644876 ], [ -91.126950430059395, 33.482505878904583 ], [ -91.12666276781961, 33.482371388197535 ], [ -91.126572849003765, 33.482105840016352 ], [ -91.126672619551456, 33.481913871797182 ], [ -91.127090928612574, 33.481632521158232 ] ] ], [ [ [ -91.129646836900704, 33.484001784862407 ], [ -91.129905199133987, 33.483830543968104 ], [ -91.130232390736651, 33.483862542568659 ], [ -91.130436749025492, 33.484079036547911 ], [ -91.130398563203613, 33.484353207372877 ], [ -91.130140200287485, 33.484524449262643 ], [ -91.129813006252192, 33.48449245033671 ], [ -91.129608648646226, 33.484275955362008 ], [ -91.129646836900704, 33.484001784862407 ] ] ], [ [ [ -91.119219235233786, 33.441633500272154 ], [ -91.1194774870294, 33.441462276353029 ], [ -91.119804514956812, 33.441494297026722 ], [ -91.120008752207667, 33.441710805247169 ], [ -91.119970558887758, 33.441984974137789 ], [ -91.119712306409554, 33.442156199050586 ], [ -91.119385276054913, 33.442124178051209 ], [ -91.119181039486634, 33.441907668837111 ], [ -91.119219235233786, 33.441633500272154 ] ] ], [ [ [ -91.11931368222109, 33.444450438945083 ], [ -91.11959071813223, 33.444301261257785 ], [ -91.119912438174921, 33.444360001039236 ], [ -91.120090384700831, 33.44459224968503 ], [ -91.120020318240165, 33.444861959732606 ], [ -91.119743281185904, 33.445011138331026 ], [ -91.119421558895453, 33.444952398036278 ], [ -91.11924361351268, 33.444720148479369 ], [ -91.11931368222109, 33.444450438945083 ] ] ], [ [ [ -91.119797534133497, 33.447280332776614 ], [ -91.120074578512927, 33.44713115435723 ], [ -91.120396309304482, 33.44718989323308 ], [ -91.120574262563508, 33.447422141330286 ], [ -91.120504194875977, 33.447691851507699 ], [ -91.120227149353283, 33.447841030838312 ], [ -91.119905416313657, 33.447782291449151 ], [ -91.119727464197865, 33.44755004244071 ], [ -91.119797534133497, 33.447280332776614 ] ] ], [ [ [ -91.119155532551204, 33.450425936048944 ], [ -91.119413811400022, 33.450254713406963 ], [ -91.119740872155504, 33.450286735357025 ], [ -91.119945128779847, 33.450503244105441 ], [ -91.119906930029899, 33.450777412466579 ], [ -91.119648650498235, 33.450948636102552 ], [ -91.11932158731446, 33.450916613826735 ], [ -91.119117331372976, 33.450700104084348 ], [ -91.119155532551204, 33.450425936048944 ] ] ], [ [ [ -91.110686454878859, 33.452568442377157 ], [ -91.110944756069429, 33.452397238250782 ], [ -91.111271820606021, 33.452429282718612 ], [ -91.111476060235915, 33.452645804796695 ], [ -91.11143783367045, 33.452919969491077 ], [ -91.111179531796083, 33.453091174611366 ], [ -91.110852464831169, 33.45305912981722 ], [ -91.110648225885058, 33.452842606745214 ], [ -91.110686454878859, 33.452568442377157 ] ] ], [ [ [ -91.120129270010736, 33.453189882534495 ], [ -91.120393526660123, 33.453089976948981 ], [ -91.120706861889218, 33.453174869070679 ], [ -91.120856813545515, 33.4534206207992 ], [ -91.120781301960719, 33.453655232819237 ], [ -91.120504237399103, 33.453804411988457 ], [ -91.120198211286095, 33.453753903036535 ], [ -91.119919650408789, 33.453960238271073 ], [ -91.119556759061282, 33.453909474426212 ], [ -91.119378796188315, 33.453677224730043 ], [ -91.11944887306764, 33.453407515725353 ], [ -91.119725938023691, 33.453258338926148 ], [ -91.120031962077064, 33.453308848978118 ], [ -91.120129270010736, 33.453189882534495 ] ] ], [ [ [ -91.111220438303761, 33.459439833624693 ], [ -91.111497536160343, 33.459290676529385 ], [ -91.111819304586987, 33.459349438937842 ], [ -91.111997257593629, 33.459581698991613 ], [ -91.111927151913008, 33.459851402545674 ], [ -91.111650052911713, 33.460000560552402 ], [ -91.111328282236002, 33.459941797629902 ], [ -91.111150330374088, 33.459709536664718 ], [ -91.111220438303761, 33.459439833624693 ] ] ], [ [ [ -91.119008315649253, 33.45990389332205 ], [ -91.119266623819783, 33.459732672225954 ], [ -91.119593719939743, 33.45976469575821 ], [ -91.119797997256072, 33.459981205198375 ], [ -91.119759792404324, 33.460255372955857 ], [ -91.119501483550593, 33.4604265950463 ], [ -91.119174385001216, 33.460394571188189 ], [ -91.118970108368075, 33.460178060753684 ], [ -91.119008315649253, 33.45990389332205 ] ] ], [ [ [ -91.119840585893925, 33.462941698849889 ], [ -91.12023697117661, 33.463014057474616 ], [ -91.120388245621285, 33.463295185707501 ], [ -91.120256730497886, 33.463548252535524 ], [ -91.119811719178259, 33.463727162935278 ], [ -91.119509784559625, 33.46361693180615 ], [ -91.119389282268969, 33.463360041735335 ], [ -91.119491879917106, 33.463132765668071 ], [ -91.119840585893925, 33.462941698849889 ] ] ], [ [ [ -91.124038377933459, 33.467823650046832 ], [ -91.124545882978651, 33.467530514657156 ], [ -91.124794025974253, 33.467554796421169 ], [ -91.124984253866998, 33.467690528310953 ], [ -91.125052448401377, 33.467891960798454 ], [ -91.124920938987984, 33.468145032630645 ], [ -91.124598608310478, 33.468360883549479 ], [ -91.124358264487583, 33.468418036829299 ], [ -91.124056307577803, 33.468307816094374 ], [ -91.123935785835712, 33.468050929937455 ], [ -91.124038377933459, 33.467823650046832 ] ] ], [ [ [ -91.124430086577249, 33.479585211311608 ], [ -91.124707229132937, 33.479436026570575 ], [ -91.125029082019864, 33.479494757388338 ], [ -91.125207109774308, 33.479727000411529 ], [ -91.125137025342895, 33.479996711472182 ], [ -91.124859881642635, 33.480145897125759 ], [ -91.124538026503785, 33.480087165794423 ], [ -91.124359999893898, 33.479854921858703 ], [ -91.124430086577249, 33.479585211311608 ] ] ] ] } },
{ "type": "Feature", "properties": { "depth_bin": "9-10 ft", "survey_id": "LM_11_YBS_20240626_CS_5468_5428", "date": "2024-06-26 00:00:00+00:00", "year": 2024, "mile": 545.0, "bin_order": 8 }, "geometry": { "type": "MultiPolygon", "coordinates": [ [ [ [ -91.13219824734432, 33.473818502028571 ], [ -91.132575824226933, 33.473694051172906 ], [ -91.132909069332484, 33.473888009588087 ], [ -91.13292051562803, 33.474196259026726 ], [ -91.132593968996076, 33.474466236813598 ], [ -91.132265650212446, 33.474488348643064 ], [ -91.132014837549406, 33.474309426431091 ], [ -91.131988453875536, 33.474034281120915 ], [ -91.13219824734432, 33.473818502028571 ] ] ], [ [ [ -91.134893519760439, 33.475856637736278 ], [ -91.135411152695227, 33.475524192507883 ], [ -91.135659322486944, 33.475548453369342 ], [ -91.135825039559705, 33.475655367883554 ], [ -91.135916495530168, 33.475850221190534 ], [ -91.135815238266929, 33.476112887138761 ], [ -91.135479632459763, 33.476365780854245 ], [ -91.135281485657814, 33.476421853027432 ], [ -91.134968051794175, 33.47633699467962 ], [ -91.134818023142458, 33.476091258144514 ], [ -91.134893519760439, 33.475856637736278 ] ] ], [ [ [ -91.138748130918117, 33.47661604903611 ], [ -91.138984095325398, 33.476474814198951 ], [ -91.139273414611623, 33.476491084757342 ], [ -91.139502115624069, 33.476689735149726 ], [ -91.139511153010901, 33.476932618783373 ], [ -91.139334271974548, 33.477125174808855 ], [ -91.139060795509522, 33.477180493714535 ], [ -91.139007614312334, 33.47738367079161 ], [ -91.13878471988734, 33.477589873771883 ], [ -91.138385412475188, 33.477650220718402 ], [ -91.138134577817524, 33.477471310236311 ], [ -91.138108174254626, 33.47719616566151 ], [ -91.138364746836288, 33.476925140562969 ], [ -91.138672591015251, 33.476849252530535 ], [ -91.138748130918117, 33.47661604903611 ] ] ], [ [ [ -91.13250195891878, 33.47763759877396 ], [ -91.132904972836059, 33.47767700577176 ], [ -91.13308977740212, 33.477979711357904 ], [ -91.132926475604521, 33.47825608467928 ], [ -91.132506293879018, 33.478404700407637 ], [ -91.132204291623509, 33.478294498146113 ], [ -91.132083733048077, 33.478037618996701 ], [ -91.132186317256611, 33.477810332374972 ], [ -91.13250195891878, 33.47763759877396 ] ] ], [ [ [ -91.141149223974793, 33.478815254019857 ], [ -91.141426337172334, 33.478666030774555 ], [ -91.141748200659933, 33.478724718442528 ], [ -91.141926272764593, 33.478956938946219 ], [ -91.141856240454345, 33.479226661309625 ], [ -91.141579126113882, 33.479375885467896 ], [ -91.141257260373678, 33.479317197287379 ], [ -91.141079189411954, 33.479084975870698 ], [ -91.141149223974793, 33.478815254019857 ] ] ], [ [ [ -91.145446456879313, 33.479024196843966 ], [ -91.145723563857871, 33.47887496375823 ], [ -91.146045431557724, 33.478933640383147 ], [ -91.146223515838557, 33.479165855109862 ], [ -91.146153496536016, 33.479435580346539 ], [ -91.145876388414905, 33.479584814345365 ], [ -91.145554518462248, 33.479526137208161 ], [ -91.145376435323968, 33.479293921568335 ], [ -91.145446456879313, 33.479024196843966 ] ] ], [ [ [ -91.134716426404268, 33.479895134009723 ], [ -91.134974766577528, 33.479723881665329 ], [ -91.135301945328663, 33.479755866423289 ], [ -91.135506307502411, 33.479972352275958 ], [ -91.13546814002666, 33.48024652545076 ], [ -91.135209799171207, 33.480417778790518 ], [ -91.134882617987827, 33.480385793707569 ], [ -91.134678256496287, 33.480169306859516 ], [ -91.134716426404268, 33.479895134009723 ] ] ], [ [ [ -91.139847447383445, 33.484043125029132 ], [ -91.140124579770301, 33.483893905466495 ], [ -91.140446461389374, 33.48395259710643 ], [ -91.14062453994687, 33.48418481954478 ], [ -91.140554498630522, 33.484454540672338 ], [ -91.140277365100317, 33.484603761148108 ], [ -91.139955481228128, 33.484545068995459 ], [ -91.13977740381398, 33.484312845643977 ], [ -91.139847447383445, 33.484043125029132 ] ] ], [ [ [ -91.142438633165085, 33.486019618182098 ], [ -91.142715767854853, 33.485870392929833 ], [ -91.143037658803848, 33.485929078128976 ], [ -91.143215748253155, 33.486161297148222 ], [ -91.143145713010341, 33.486431019881337 ], [ -91.142868577177339, 33.486580246046877 ], [ -91.142546683974899, 33.486521560335142 ], [ -91.142368595668799, 33.486289340402621 ], [ -91.142438633165085, 33.486019618182098 ] ] ], [ [ [ -91.145084166678885, 33.487939125689415 ], [ -91.14534251216827, 33.487767852048293 ], [ -91.145669726195834, 33.487799810548623 ], [ -91.145874132942765, 33.488016280563741 ], [ -91.145835993227109, 33.488290457598787 ], [ -91.145577647056328, 33.488461732235749 ], [ -91.145250430595269, 33.488429773411013 ], [ -91.145046024529762, 33.488213302400055 ], [ -91.145084166678885, 33.487939125689415 ] ] ], [ [ [ -91.138814550451045, 33.489570756510524 ], [ -91.139091702581183, 33.489421540053492 ], [ -91.13941360365196, 33.489480235009083 ], [ -91.139591689975447, 33.489712459030997 ], [ -91.139521640189898, 33.489982179082517 ], [ -91.139244486916013, 33.490131396452867 ], [ -91.138922583591551, 33.490072700984406 ], [ -91.138744498411796, 33.489840476049189 ], [ -91.138814550451045, 33.489570756510524 ] ] ], [ [ [ -91.120193112270229, 33.462702286485737 ], [ -91.120442125912362, 33.462685536778494 ], [ -91.120629506129049, 33.462763325280434 ], [ -91.120751011315647, 33.46290596329932 ], [ -91.120770996367057, 33.463114676034948 ], [ -91.120649267882357, 33.463297520381168 ], [ -91.120317835235767, 33.463506822792013 ], [ -91.119993719350049, 33.463555766238393 ], [ -91.119723244307067, 33.463398282870813 ], [ -91.119664851271594, 33.463126625022873 ], [ -91.119906934935941, 33.462840841877806 ], [ -91.120193112270229, 33.462702286485737 ] ] ], [ [ [ -91.120867866090634, 33.466009789062873 ], [ -91.121144969962828, 33.465860610690662 ], [ -91.12146677021957, 33.465919349056144 ], [ -91.121644762225998, 33.466151596384591 ], [ -91.121574679869738, 33.466421305985662 ], [ -91.121297574853415, 33.466570485269827 ], [ -91.120975772346412, 33.466511746390772 ], [ -91.120797781484129, 33.466279498150385 ], [ -91.120867866090634, 33.466009789062873 ] ] ], [ [ [ -91.12466953275289, 33.467492614312938 ], [ -91.124927853635029, 33.467321382007029 ], [ -91.125254980964741, 33.46735339161863 ], [ -91.125459289707521, 33.467569892581594 ], [ -91.12542109808993, 33.46784406227146 ], [ -91.125162776524974, 33.468015295572108 ], [ -91.124835646764765, 33.467983285634944 ], [ -91.124631338704816, 33.467766783677256 ], [ -91.12466953275289, 33.467492614312938 ] ] ], [ [ [ -91.123593735266212, 33.467997836039643 ], [ -91.123881258653768, 33.467966527986434 ], [ -91.124099426081486, 33.468068549783702 ], [ -91.124213197204739, 33.46825496226554 ], [ -91.124184223690094, 33.468462933376387 ], [ -91.123437707092421, 33.468947255369933 ], [ -91.123069910302263, 33.468956819935848 ], [ -91.122841267766205, 33.468758140975055 ], [ -91.122847219676459, 33.468482154533461 ], [ -91.123593735266212, 33.467997836039643 ] ] ], [ [ [ -91.126147209015613, 33.470214816896096 ], [ -91.126424318169541, 33.470065626960576 ], [ -91.126746138080549, 33.47012435223747 ], [ -91.126924152601077, 33.470356592618998 ], [ -91.126854082430427, 33.470626305484451 ], [ -91.126576972132625, 33.47077549633223 ], [ -91.126255149970646, 33.470716770542019 ], [ -91.126077136594034, 33.470484529248239 ], [ -91.126147209015613, 33.470214816896096 ] ] ], [ [ [ -91.127664898016931, 33.473032791415797 ], [ -91.127910780746959, 33.472995651067535 ], [ -91.128106384245143, 33.473057660088884 ], [ -91.128261377823051, 33.47322188384144 ], [ -91.128288330680007, 33.473395685276451 ], [ -91.128127855402496, 33.473636739092321 ], [ -91.127790844111161, 33.473837726497415 ], [ -91.127544958943801, 33.473874866518486 ], [ -91.127257323601668, 33.473740377972923 ], [ -91.127167410570209, 33.473474830119414 ], [ -91.127296089936848, 33.473257069271753 ], [ -91.127664898016931, 33.473032791415797 ] ] ], [ [ [ -91.130314184815902, 33.475201340257442 ], [ -91.130718617748627, 33.475174108870711 ], [ -91.130960805133398, 33.475406307410054 ], [ -91.130900265417282, 33.475710504016213 ], [ -91.130547864309165, 33.47594709054863 ], [ -91.130220702182811, 33.475915093769743 ], [ -91.130016362629434, 33.475698599846453 ], [ -91.130054544505427, 33.475424428686495 ], [ -91.130314184815902, 33.475201340257442 ] ] ], [ [ [ -91.122074094206141, 33.476463858345589 ], [ -91.122351230331262, 33.476314678599991 ], [ -91.122673069878545, 33.476373415111468 ], [ -91.122851085198135, 33.4766056611914 ], [ -91.122780996520774, 33.476875370881103 ], [ -91.122503859251069, 33.477024551539046 ], [ -91.122182017452303, 33.476965814513896 ], [ -91.122004003277326, 33.476733567521627 ], [ -91.122074094206141, 33.476463858345589 ] ] ], [ [ [ -91.118108453948821, 33.436154360430457 ], [ -91.118366691033785, 33.435983138191716 ], [ -91.118693697937431, 33.436015161090957 ], [ -91.118897920166404, 33.436231670778398 ], [ -91.118859726626098, 33.436505839517977 ], [ -91.118601488858602, 33.436677062750142 ], [ -91.118274479528409, 33.43664503952521 ], [ -91.118070257981969, 33.436428528844353 ], [ -91.118108453948821, 33.436154360430457 ] ] ], [ [ [ -91.110647839454359, 33.436889807477613 ], [ -91.110924864550512, 33.436740648668817 ], [ -91.111246549957272, 33.436799409833618 ], [ -91.111424458314687, 33.437031669841836 ], [ -91.111354372511258, 33.437301374574538 ], [ -91.111077346271557, 33.43745053429393 ], [ -91.110755658618288, 33.43739177261542 ], [ -91.110577751404406, 33.437159511696613 ], [ -91.110647839454359, 33.436889807477613 ] ] ], [ [ [ -91.118783582709341, 33.438863800418275 ], [ -91.119060601225087, 33.43871462320012 ], [ -91.119382300393823, 33.438773363675232 ], [ -91.119560234794406, 33.439005612832851 ], [ -91.119490172060097, 33.43927532291044 ], [ -91.119213152401443, 33.439424501039511 ], [ -91.118891450985615, 33.43936576005116 ], [ -91.118713517727926, 33.439133509982618 ], [ -91.118783582709341, 33.438863800418275 ] ] ], [ [ [ -91.118579901602388, 33.441765284468246 ], [ -91.118838154992318, 33.441594061942475 ], [ -91.119165183093287, 33.441626084311814 ], [ -91.119369418995305, 33.441842593536926 ], [ -91.119331223594244, 33.442116762152729 ], [ -91.119072969521682, 33.442287985672138 ], [ -91.11874593899347, 33.442255962977065 ], [ -91.118541703774085, 33.442039452758323 ], [ -91.118579901602388, 33.441765284468246 ] ] ], [ [ [ -91.119554366476308, 33.444329653653107 ], [ -91.11986642583598, 33.444492961418035 ], [ -91.119898873072373, 33.444831893332264 ], [ -91.119661874771708, 33.445023514802713 ], [ -91.119175576231427, 33.445054802270214 ], [ -91.118947003007889, 33.444856117894723 ], [ -91.118952961862021, 33.444580131005409 ], [ -91.119151475452256, 33.444403061849144 ], [ -91.119554366476308, 33.444329653653107 ] ] ], [ [ [ -91.11960909904046, 33.447346256186535 ], [ -91.119867367608833, 33.447175032168737 ], [ -91.120194417079247, 33.447207052539028 ], [ -91.120398668024279, 33.447423560429037 ], [ -91.120360472527736, 33.447697729155948 ], [ -91.120102203276645, 33.447868954167618 ], [ -91.119775151378306, 33.447836933471628 ], [ -91.119570901115978, 33.447620424587747 ], [ -91.11960909904046, 33.447346256186535 ] ] ], [ [ [ -91.119304511124653, 33.453464273870878 ], [ -91.119581576497495, 33.453315097410716 ], [ -91.119903329537166, 33.453373838296585 ], [ -91.120081293266864, 33.453606087277279 ], [ -91.1200112181387, 33.453875796694227 ], [ -91.119734151622211, 33.454024974065824 ], [ -91.119412396333772, 33.453966232666509 ], [ -91.119234433747721, 33.453733982774374 ], [ -91.119304511124653, 33.453464273870878 ] ] ], [ [ [ -91.118609794745566, 33.456812377719793 ], [ -91.118886872172951, 33.456663203302817 ], [ -91.119208636917193, 33.456721946378053 ], [ -91.11938660514538, 33.456954196411829 ], [ -91.119316524674261, 33.457223905128799 ], [ -91.119039446103002, 33.457373080457337 ], [ -91.11871767910965, 33.457314336868556 ], [ -91.118539712025367, 33.457082085923226 ], [ -91.118609794745566, 33.456812377719793 ] ] ], [ [ [ -91.112850837427899, 33.458806964378979 ], [ -91.113098951244368, 33.458831268619107 ], [ -91.113310188313093, 33.458997700063577 ], [ -91.113354465570865, 33.459203768042762 ], [ -91.113225774561229, 33.459421514383706 ], [ -91.112859171603503, 33.459579422135093 ], [ -91.112585200582885, 33.459544381481862 ], [ -91.112440854409911, 33.459721962016879 ], [ -91.112137914988068, 33.459831267442823 ], [ -91.111928917707161, 33.459836684815507 ], [ -91.111710785769588, 33.459734642675407 ], [ -91.111590311681653, 33.459477745858905 ], [ -91.111721844807107, 33.459224688739724 ], [ -91.112097718462266, 33.459084121986571 ], [ -91.112371687793413, 33.459119163662727 ], [ -91.112516033042539, 33.458941583161902 ], [ -91.112850837427899, 33.458806964378979 ] ] ], [ [ [ -91.118887739607288, 33.459948206020449 ], [ -91.119164826838329, 33.459799031384883 ], [ -91.11948660329324, 33.459857774120849 ], [ -91.119664578279398, 33.46009002389345 ], [ -91.119594495654738, 33.460359732580422 ], [ -91.119317407279695, 33.460508908127665 ], [ -91.11899562857532, 33.460450164878111 ], [ -91.118817654733178, 33.460217914193834 ], [ -91.118887739607288, 33.459948206020449 ] ] ], [ [ [ -91.119413631440096, 33.474133766025233 ], [ -91.119690764211128, 33.473984592079745 ], [ -91.120012593076368, 33.474043335162591 ], [ -91.12019059664307, 33.474275584735814 ], [ -91.12012050202658, 33.474545292794303 ], [ -91.119843368110836, 33.474694467651986 ], [ -91.119521536994498, 33.474635724055346 ], [ -91.119343534572536, 33.474403473569936 ], [ -91.119413631440096, 33.474133766025233 ] ] ] ] } },
{ "type": "Feature", "properties": { "depth_bin": "<5 ft", "survey_id": "LM_11_YBS_20240626_CS_5468_5428", "date": "2024-06-26 00:00:00+00:00", "year": 2024, "mile": 545.0, "bin_order": 13 }, "geometry": { "type": "MultiPolygon", "coordinates": [ [ [ [ -91.148775532656146, 33.480124330978597 ], [ -91.14898457949883, 33.480118853054499 ], [ -91.149202808315962, 33.480220832507669 ], [ -91.149316648982605, 33.480407223982915 ], [ -91.149302665093018, 33.480582096168455 ], [ -91.148194242212824, 33.481787316587088 ], [ -91.146461901884507, 33.483334110062792 ], [ -91.145942660793878, 33.483964386317105 ], [ -91.145459384409008, 33.484278088722313 ], [ -91.14376791404122, 33.485888984515945 ], [ -91.14326493667042, 33.48624179809071 ], [ -91.143015857502903, 33.486258591445555 ], [ -91.14282840601787, 33.486180834651776 ], [ -91.142678339070216, 33.485935106659269 ], [ -91.142779588771447, 33.485672435174827 ], [ -91.144910784667275, 33.483725357390995 ], [ -91.145307831541018, 33.483478425442428 ], [ -91.145862692533584, 33.482820749063698 ], [ -91.146867237513007, 33.481868313469619 ], [ -91.147185051675791, 33.481668304216761 ], [ -91.148159656656404, 33.480670836681064 ], [ -91.148369028016759, 33.480557866070882 ], [ -91.148565333747769, 33.480237537048843 ], [ -91.148775532656146, 33.480124330978597 ] ] ], [ [ [ -91.151293052049709, 33.481959942548635 ], [ -91.151696097404283, 33.481999289353617 ], [ -91.151879655893367, 33.482266593484731 ], [ -91.151826553704112, 33.482471196400908 ], [ -91.151381565491889, 33.482967170634325 ], [ -91.148733232376955, 33.485485968665721 ], [ -91.148025258651472, 33.486342218721965 ], [ -91.147551127615898, 33.486642237326414 ], [ -91.146662486665448, 33.487584743957896 ], [ -91.146398150690075, 33.48768470248514 ], [ -91.146084664543807, 33.487599870648971 ], [ -91.145963084085324, 33.487457255399455 ], [ -91.145943035663194, 33.487248545228752 ], [ -91.146330458030448, 33.486759571453838 ], [ -91.146986065017941, 33.486099351943366 ], [ -91.147369311844983, 33.485868150473735 ], [ -91.148131900715711, 33.48497415218678 ], [ -91.149213386141412, 33.484014592297711 ], [ -91.150046186002257, 33.483097907162922 ], [ -91.151293052049709, 33.481959942548635 ] ] ], [ [ [ -91.142238494980077, 33.477896403976146 ], [ -91.142641516056344, 33.477935779483744 ], [ -91.142825038095097, 33.478203095950498 ], [ -91.142632920306639, 33.47856375602349 ], [ -91.142339689518991, 33.478689501968859 ], [ -91.142026239830003, 33.478604660993597 ], [ -91.141876187220902, 33.47835893227176 ], [ -91.14195166727977, 33.478124307054536 ], [ -91.142238494980077, 33.477896403976146 ] ] ], [ [ [ -91.140996378606744, 33.478924101700244 ], [ -91.141285706624615, 33.478940367845475 ], [ -91.141475985519193, 33.479076075918577 ], [ -91.14154139931351, 33.479312814197954 ], [ -91.14144166426378, 33.479504795706504 ], [ -91.140646457353924, 33.480117327458984 ], [ -91.139458823131463, 33.481200714501206 ], [ -91.137984593357842, 33.482343189515596 ], [ -91.13770984734029, 33.482420937907669 ], [ -91.137438605643425, 33.48233498268722 ], [ -91.137287244992919, 33.482053873044443 ], [ -91.137478864356552, 33.481720585343353 ], [ -91.139150167806008, 33.480450989288016 ], [ -91.140564732814482, 33.479190714869056 ], [ -91.140996378606744, 33.478924101700244 ] ] ], [ [ [ -91.145387276970098, 33.479071113784649 ], [ -91.145790305390392, 33.479110479275043 ], [ -91.145973839637065, 33.479377791445593 ], [ -91.145920725773337, 33.47958239150406 ], [ -91.145509425280082, 33.480102252212177 ], [ -91.144699246040517, 33.480733975128864 ], [ -91.143991157906896, 33.48141070667932 ], [ -91.143500135720728, 33.481737203688134 ], [ -91.143111795520994, 33.482175056509455 ], [ -91.141288381340175, 33.483796861895925 ], [ -91.141024051476663, 33.483896809193787 ], [ -91.140710584714569, 33.483811964354601 ], [ -91.140560527637462, 33.483566234053306 ], [ -91.140661780542274, 33.483303564330278 ], [ -91.142524697689808, 33.481653860709528 ], [ -91.142879173431353, 33.481238888890324 ], [ -91.143347499461683, 33.480935993065799 ], [ -91.14404315638258, 33.480273747881817 ], [ -91.14481429607666, 33.479681419028076 ], [ -91.145217090696008, 33.479172987618306 ], [ -91.145387276970098, 33.479071113784649 ] ] ], [ [ [ -91.140641239188795, 33.492311320223955 ], [ -91.141045750390717, 33.492284057815681 ], [ -91.141288011757538, 33.49251623814461 ], [ -91.141294533153228, 33.49269141643957 ], [ -91.141171055079155, 33.492915774349328 ], [ -91.140912686003091, 33.493087038344257 ], [ -91.140585454534502, 33.493055066675751 ], [ -91.140381050150722, 33.492838588143272 ], [ -91.140400467885087, 33.49259613221578 ], [ -91.140641239188795, 33.492311320223955 ] ] ], [ [ [ -91.133332975296256, 33.469663609118619 ], [ -91.133528575706691, 33.469725609483568 ], [ -91.133683574227874, 33.469889826683776 ], [ -91.133703591179696, 33.470098538240741 ], [ -91.133581878748871, 33.470281395703594 ], [ -91.132115416007736, 33.471089158577911 ], [ -91.131825497366819, 33.471424366291693 ], [ -91.131159342628791, 33.471681159195967 ], [ -91.130878227462745, 33.471965171012521 ], [ -91.1305957405513, 33.472019963637685 ], [ -91.130335899184757, 33.471912130167404 ], [ -91.130225132951082, 33.471585025599161 ], [ -91.130552918969187, 33.471169947336392 ], [ -91.131310670818209, 33.47084639732843 ], [ -91.131508818227488, 33.470576321829846 ], [ -91.132439464724243, 33.470100717473109 ], [ -91.132893727997867, 33.469775810798673 ], [ -91.133332975296256, 33.469663609118619 ] ] ], [ [ [ -91.134471256350722, 33.472259871155032 ], [ -91.134677537331712, 33.472288697218879 ], [ -91.134867791378142, 33.472424414723967 ], [ -91.134936012233879, 33.472625842544751 ], [ -91.134859204548178, 33.472825087430877 ], [ -91.133972341783505, 33.473487028025161 ], [ -91.13372645964931, 33.473524180445096 ], [ -91.133530850675214, 33.47346218012845 ], [ -91.133352812104064, 33.473229948521613 ], [ -91.133422864803308, 33.472960231462402 ], [ -91.134238751166478, 33.472336511519508 ], [ -91.134471256350722, 33.472259871155032 ] ] ], [ [ [ -91.136437300122864, 33.474692055432953 ], [ -91.136800289833786, 33.474742773008508 ], [ -91.136983787241533, 33.475010097409779 ], [ -91.13694939457433, 33.475182974891915 ], [ -91.136786442822071, 33.475374876192973 ], [ -91.136493215238445, 33.475500608437464 ], [ -91.136179783317289, 33.475415753217867 ], [ -91.136029752631174, 33.475170018052559 ], [ -91.136105245095436, 33.474935396732171 ], [ -91.136437300122864, 33.474692055432953 ] ] ], [ [ [ -91.13460221672355, 33.476163359690972 ], [ -91.134846355247461, 33.476207890427332 ], [ -91.135019827885586, 33.476358582724302 ], [ -91.13506416374743, 33.476564644485968 ], [ -91.134964418106435, 33.476756620474852 ], [ -91.133739322613465, 33.477622982291862 ], [ -91.133456818633405, 33.477677780821715 ], [ -91.133227735503795, 33.477594188698873 ], [ -91.133077709878876, 33.477348450197987 ], [ -91.133178976920576, 33.477085786872891 ], [ -91.134369701039986, 33.476239999898937 ], [ -91.13460221672355, 33.476163359690972 ] ] ], [ [ [ -91.13899413322774, 33.476431706358603 ], [ -91.139318289199906, 33.476382714580716 ], [ -91.139588841029877, 33.476540157470552 ], [ -91.139647303679567, 33.476811807831247 ], [ -91.139459428824097, 33.47703853676586 ], [ -91.139135270451121, 33.477087528826722 ], [ -91.138864717836839, 33.476930084928931 ], [ -91.138806257587945, 33.476658434285255 ], [ -91.13899413322774, 33.476431706358603 ] ] ], [ [ [ -91.137386596098239, 33.477814963052246 ], [ -91.137634773139936, 33.477839220191569 ], [ -91.13782504373809, 33.477974933617134 ], [ -91.137890446819299, 33.478211673493618 ], [ -91.13779070523708, 33.478403651860312 ], [ -91.137512406046497, 33.478655535661751 ], [ -91.137048383932424, 33.478918609108092 ], [ -91.13572708463326, 33.480079648689262 ], [ -91.135452344093935, 33.480157392277363 ], [ -91.135181111821012, 33.480071432403662 ], [ -91.135031076631876, 33.479825696023767 ], [ -91.135132341105461, 33.479563031096937 ], [ -91.136406810796672, 33.478441653770929 ], [ -91.137386596098239, 33.477814963052246 ] ] ], [ [ [ -91.132923362180122, 33.485684236693402 ], [ -91.133129674143689, 33.485713066358983 ], [ -91.133319953994402, 33.485848786894529 ], [ -91.133388180223946, 33.486050215394194 ], [ -91.133311355669747, 33.48624945837885 ], [ -91.132403080115225, 33.486902868077443 ], [ -91.132157159249843, 33.486940015970831 ], [ -91.131961521811178, 33.48687801229805 ], [ -91.131783461840385, 33.486645778106976 ], [ -91.131853532218869, 33.486376063031123 ], [ -91.13269081930305, 33.485760872706749 ], [ -91.132923362180122, 33.485684236693402 ] ] ], [ [ [ -91.135574676246733, 33.487888057699791 ], [ -91.135971189772164, 33.487960370082547 ], [ -91.13612255543255, 33.488241481287631 ], [ -91.135889975045274, 33.488606298774393 ], [ -91.135583405389269, 33.48870733529963 ], [ -91.135281363725113, 33.488597139345053 ], [ -91.135160783125798, 33.488340262788618 ], [ -91.135338674740495, 33.488029284534598 ], [ -91.135574676246733, 33.487888057699791 ] ] ], [ [ [ -91.138808809659409, 33.489561045220889 ], [ -91.139006984820753, 33.48950496847069 ], [ -91.139251163149524, 33.489549491802101 ], [ -91.139403606178391, 33.489669500090265 ], [ -91.139471849230318, 33.489870925709589 ], [ -91.13939503462629, 33.490070172716081 ], [ -91.139107098528712, 33.490320426985946 ], [ -91.138800526078285, 33.490421471369707 ], [ -91.138498474102661, 33.4903112829451 ], [ -91.138377881715442, 33.490054409179059 ], [ -91.138454698603923, 33.489855162882854 ], [ -91.138808809659409, 33.489561045220889 ] ] ], [ [ [ -91.124955890854366, 33.435288177940308 ], [ -91.126627340671504, 33.435212759201704 ], [ -91.126855907900605, 33.43541142943257 ], [ -91.126849976134551, 33.435687417982052 ], [ -91.126613018344472, 33.43587905441251 ], [ -91.119011281651311, 33.436685542699195 ], [ -91.118731452935265, 33.43662224269378 ], [ -91.11855352535602, 33.436389992508801 ], [ -91.118678254972778, 33.436066451242048 ], [ -91.11905990681413, 33.435939344654962 ], [ -91.124552574087261, 33.435378941516518 ], [ -91.124955890854366, 33.435288177940308 ] ] ], [ [ [ -91.126339488259788, 33.463232277181874 ], [ -91.126625460912749, 33.463272261843585 ], [ -91.1268162573338, 33.463455226968698 ], [ -91.126836257040821, 33.46366393921825 ], [ -91.126682745387555, 33.463870081562497 ], [ -91.123930710098136, 33.465238403151368 ], [ -91.123643195785689, 33.465269711646471 ], [ -91.123397246982847, 33.465141039855148 ], [ -91.123307353458841, 33.464875489568826 ], [ -91.123467824423557, 33.464634441577601 ], [ -91.126339488259788, 33.463232277181874 ] ] ], [ [ [ -91.128690660413042, 33.46538279170678 ], [ -91.128908827569731, 33.465484805044866 ], [ -91.129022606109743, 33.465671213423484 ], [ -91.128993645199913, 33.46587918617012 ], [ -91.128866071507446, 33.466018055684764 ], [ -91.126292040727236, 33.467390244378201 ], [ -91.125947575658955, 33.467643506864327 ], [ -91.125660053850822, 33.467674819778189 ], [ -91.125414095245318, 33.467546151698691 ], [ -91.125342140951958, 33.467211521022868 ], [ -91.125724169274463, 33.466849745896837 ], [ -91.126384328926576, 33.466542235780437 ], [ -91.126996737960653, 33.466146340301172 ], [ -91.127676048183403, 33.465853413640218 ], [ -91.128086560631843, 33.465540042712341 ], [ -91.128481649430313, 33.465388236572984 ], [ -91.128690660413042, 33.46538279170678 ] ] ], [ [ [ -91.131726728358899, 33.467016813702529 ], [ -91.132070900266939, 33.467125915248737 ], [ -91.132181668670853, 33.467453018433261 ], [ -91.132088874712835, 33.46761008172934 ], [ -91.131426640196906, 33.468128439791577 ], [ -91.131005983808507, 33.468291725746617 ], [ -91.129527521753374, 33.469097666270201 ], [ -91.1290571578905, 33.469435915278126 ], [ -91.128302181065635, 33.469788001646378 ], [ -91.128014652710092, 33.469819319798852 ], [ -91.127768684486028, 33.469690656105634 ], [ -91.127678773450157, 33.469425108549913 ], [ -91.127839241598551, 33.46918405493431 ], [ -91.128527012946748, 33.46887202882732 ], [ -91.12909502014287, 33.468475047233014 ], [ -91.130612241179804, 33.467654046485002 ], [ -91.130933701541792, 33.46753895888029 ], [ -91.131365884272299, 33.467177873941758 ], [ -91.131726728358899, 33.467016813702529 ] ] ], [ [ [ -91.126778714572325, 33.469836497073217 ], [ -91.127095564154303, 33.469761145510923 ], [ -91.127383186375695, 33.469895634048846 ], [ -91.127473096914102, 33.470161181785578 ], [ -91.127312625838769, 33.470402234793113 ], [ -91.126995774055189, 33.470477586828764 ], [ -91.126708150597679, 33.470343097357251 ], [ -91.126618242260889, 33.470077549147163 ], [ -91.126778714572325, 33.469836497073217 ] ] ], [ [ [ -91.131330302263891, 33.474509155245393 ], [ -91.131578467632892, 33.474533424147602 ], [ -91.131744177548825, 33.474640343898017 ], [ -91.131835623274455, 33.474835199895459 ], [ -91.131782479751521, 33.475039792980844 ], [ -91.130903926893652, 33.47570805414535 ], [ -91.130705779021866, 33.475764118953805 ], [ -91.130461644254169, 33.475719580169347 ], [ -91.130257304516803, 33.475503086632216 ], [ -91.130295485520818, 33.475228915360518 ], [ -91.131139668922046, 33.474581227002581 ], [ -91.131330302263891, 33.474509155245393 ] ] ], [ [ [ -91.12674604165808, 33.48195363136859 ], [ -91.127075843931763, 33.482090495826725 ], [ -91.127158814363071, 33.482390954012402 ], [ -91.126846616238979, 33.482705602135638 ], [ -91.126522431108782, 33.482754560164949 ], [ -91.126251885562468, 33.482597089031302 ], [ -91.126193462065714, 33.482325433902218 ], [ -91.126471288070377, 33.482031354528097 ], [ -91.12674604165808, 33.48195363136859 ] ] ], [ [ [ -91.129885962520859, 33.48392031330232 ], [ -91.130230197710091, 33.484029421917477 ], [ -91.130340977504332, 33.484356526407979 ], [ -91.130021100934371, 33.484674007155533 ], [ -91.129696909788393, 33.48472297328766 ], [ -91.129426352203012, 33.484565508724977 ], [ -91.129367917696499, 33.484293854785797 ], [ -91.129521461585952, 33.484087710786383 ], [ -91.129885962520859, 33.48392031330232 ] ] ], [ [ [ -91.126193352784512, 33.437924656217291 ], [ -91.126348283370433, 33.438088880947262 ], [ -91.12636827913299, 33.438297593840218 ], [ -91.126246599402336, 33.438480445994728 ], [ -91.126024257207689, 33.43857580479299 ], [ -91.123514303425935, 33.438835896787594 ], [ -91.1226243935307, 33.439049066571741 ], [ -91.121540028895296, 33.439104331120127 ], [ -91.119331728520393, 33.439412928381223 ], [ -91.119051890872427, 33.439349628811676 ], [ -91.118873957206333, 33.439117378959146 ], [ -91.118944021680022, 33.438847669285629 ], [ -91.119221039886156, 33.438698491697075 ], [ -91.121489663349848, 33.438389821460078 ], [ -91.122558453192852, 33.438333679410775 ], [ -91.12343035082958, 33.43812076583513 ], [ -91.124885253975449, 33.437953495999906 ], [ -91.125955708639054, 33.437860273014742 ], [ -91.126193352784512, 33.437924656217291 ] ] ], [ [ [ -91.125393057989413, 33.440550451316049 ], [ -91.125583229946216, 33.440686180827548 ], [ -91.125648576404799, 33.440922926390499 ], [ -91.125548855089235, 33.441114896541855 ], [ -91.125338724602514, 33.441228066095356 ], [ -91.119948579282607, 33.442116638930713 ], [ -91.119668732528069, 33.44205334046142 ], [ -91.119500307301351, 33.44185557348171 ], [ -91.119538502017392, 33.441581404780287 ], [ -91.119796753058864, 33.441410180167125 ], [ -91.124819910317498, 33.440561666454727 ], [ -91.125393057989413, 33.440550451316049 ] ] ], [ [ [ -91.125461585077872, 33.443236647193231 ], [ -91.125634977936713, 33.443387350547212 ], [ -91.125679278476952, 33.443593415352986 ], [ -91.125579553878808, 33.443785385346665 ], [ -91.125369416814522, 33.443898554683258 ], [ -91.120697347551882, 33.44482609646888 ], [ -91.120156566644212, 33.444819491290261 ], [ -91.119875003805348, 33.444574750189055 ], [ -91.119913198965094, 33.444300581486495 ], [ -91.120171457637198, 33.444129356419211 ], [ -91.120510700070824, 33.444122829596772 ], [ -91.124688374024331, 33.443266580547409 ], [ -91.125217543900746, 33.443192101114334 ], [ -91.125461585077872, 33.443236647193231 ] ] ], [ [ [ -91.123707376239167, 33.446302017486317 ], [ -91.124029106913014, 33.446360746915758 ], [ -91.124197550935065, 33.446558508265575 ], [ -91.124178104776888, 33.446800962151912 ], [ -91.123941109913076, 33.446992591890663 ], [ -91.120533770797778, 33.447762164437073 ], [ -91.120247852234058, 33.447722167491577 ], [ -91.1200571029607, 33.447539193492823 ], [ -91.12006305890506, 33.447263206546921 ], [ -91.120300062701119, 33.447071584556554 ], [ -91.123707376239167, 33.446302017486317 ] ] ], [ [ [ -91.124852306525838, 33.460661542779256 ], [ -91.125112107623991, 33.460769386535183 ], [ -91.125225872193695, 33.460955798038718 ], [ -91.125196904380658, 33.461163769787078 ], [ -91.12503496724166, 33.461323202546708 ], [ -91.121685211509316, 33.462878651025953 ], [ -91.121395428195896, 33.462886184073554 ], [ -91.121165721611817, 33.462737922967079 ], [ -91.121118323753947, 33.46243209467697 ], [ -91.121416758219709, 33.462152802531477 ], [ -91.123859963669801, 33.461100741897617 ], [ -91.124606457901805, 33.460698678292005 ], [ -91.124852306525838, 33.460661542779256 ] ] ], [ [ [ -91.124629205728013, 33.47952044735235 ], [ -91.124835499737912, 33.479549290259754 ], [ -91.125025753003499, 33.47968502275026 ], [ -91.125093955664923, 33.479886455175425 ], [ -91.12501711850355, 33.480085692732786 ], [ -91.124175738226171, 33.480751571420917 ], [ -91.123827921190482, 33.480875029656644 ], [ -91.123547947923157, 33.480811735888707 ], [ -91.123369922640137, 33.480579490595865 ], [ -91.123440013061241, 33.480309780765928 ], [ -91.124396673060872, 33.479597068182301 ], [ -91.124629205728013, 33.47952044735235 ] ] ], [ [ [ -91.122607090259407, 33.449487001304838 ], [ -91.122825210841299, 33.449589023970383 ], [ -91.122944396710395, 33.449810535093661 ], [ -91.122891250662533, 33.450015124952486 ], [ -91.122711469247491, 33.450160483571757 ], [ -91.120707250322596, 33.450671219747058 ], [ -91.120459156768334, 33.450646931450571 ], [ -91.120247924896105, 33.450480512212728 ], [ -91.120221582040685, 33.450205364939052 ], [ -91.120435046899431, 33.449995191446952 ], [ -91.122607090259407, 33.449487001304838 ] ] ], [ [ [ -91.122408371962308, 33.452540250755916 ], [ -91.122613519880204, 33.45265970486993 ], [ -91.122704924168104, 33.452854566749522 ], [ -91.122651775349937, 33.453059156326141 ], [ -91.122471987014634, 33.453204514297482 ], [ -91.120664434816774, 33.453762117640387 ], [ -91.120416332513472, 33.453737828962993 ], [ -91.120205093520624, 33.453571409472104 ], [ -91.120178750350505, 33.453296262291403 ], [ -91.120392223257653, 33.453086089240209 ], [ -91.122158627455036, 33.452536467348544 ], [ -91.122408371962308, 33.452540250755916 ] ] ], [ [ [ -91.12279210608628, 33.458280162508437 ], [ -91.123081360154103, 33.458296468725869 ], [ -91.123309976958339, 33.45849514662418 ], [ -91.123318969707043, 33.45873803048174 ], [ -91.123142092950729, 33.458930563962099 ], [ -91.120292899509352, 33.460142372338638 ], [ -91.120003125359361, 33.460149902445785 ], [ -91.119773428265816, 33.460001639029997 ], [ -91.119715036825397, 33.459729981138665 ], [ -91.119902922049917, 33.459503282038526 ], [ -91.12279210608628, 33.458280162508437 ] ] ], [ [ [ -91.122250334215963, 33.476386547764307 ], [ -91.122456619859435, 33.476415394362078 ], [ -91.122646862618879, 33.476551130204577 ], [ -91.122715057607891, 33.476752563759383 ], [ -91.122638218193956, 33.476951799843192 ], [ -91.12183843901505, 33.477489184484014 ], [ -91.121592541491964, 33.47752631222037 ], [ -91.121396933255326, 33.477464292766555 ], [ -91.121218920278267, 33.477232044701033 ], [ -91.121289014097712, 33.476962336088498 ], [ -91.122017808189284, 33.476463164383134 ], [ -91.122250334215963, 33.476386547764307 ] ] ], [ [ [ -91.121976996920864, 33.455657689927378 ], [ -91.122142659611072, 33.455764621171099 ], [ -91.122234065743413, 33.455959483382429 ], [ -91.122180913571384, 33.456164072555424 ], [ -91.122001117814207, 33.456309429523792 ], [ -91.119380483229577, 33.457238629066843 ], [ -91.119091233789163, 33.457222314352798 ], [ -91.118879989316767, 33.457055892484703 ], [ -91.118868592068907, 33.456747642749377 ], [ -91.119203860925538, 33.456498943687933 ], [ -91.120093587225441, 33.45625529325811 ], [ -91.121514079108607, 33.455688782234233 ], [ -91.121976996920864, 33.455657689927378 ] ] ], [ [ [ -91.110598096934311, 33.436790339374021 ], [ -91.110922116509215, 33.436741417003617 ], [ -91.111192494282236, 33.436898916770502 ], [ -91.111250847172343, 33.437170578159481 ], [ -91.111062991152934, 33.437397265811683 ], [ -91.110738969180872, 33.437446188462729 ], [ -91.110468590627974, 33.437288687688685 ], [ -91.110410240134996, 33.437017026019078 ], [ -91.110598096934311, 33.436790339374021 ] ] ], [ [ [ -91.110694216942662, 33.442970209591444 ], [ -91.111018259639124, 33.442921287820162 ], [ -91.111288656222868, 33.443078787907396 ], [ -91.111347012594024, 33.443350449150387 ], [ -91.111159142686276, 33.443577136275884 ], [ -91.110835097591959, 33.443626058327879 ], [ -91.110564700228068, 33.443468557233302 ], [ -91.110506346254766, 33.443196895709583 ], [ -91.110694216942662, 33.442970209591444 ] ] ], [ [ [ -91.109860844553367, 33.446237878970898 ], [ -91.11018489985976, 33.446188959846168 ], [ -91.110455304696814, 33.446346461976198 ], [ -91.110513660129982, 33.446618123461732 ], [ -91.110325780642128, 33.446844808887398 ], [ -91.110001722937454, 33.446893728292835 ], [ -91.109731317320197, 33.446736225155298 ], [ -91.109672964285323, 33.446464563389057 ], [ -91.109860844553367, 33.446237878970898 ] ] ], [ [ [ -91.110148735259159, 33.449428298203408 ], [ -91.110416786196836, 33.449639525755529 ], [ -91.110392056604482, 33.449947225243285 ], [ -91.110248857853918, 33.450074924553704 ], [ -91.109981733896802, 33.450157607886808 ], [ -91.10965467849681, 33.450125560318213 ], [ -91.109450449145612, 33.44990903552047 ], [ -91.109488680143727, 33.449634871486246 ], [ -91.10970697022492, 33.449474984907617 ], [ -91.110148735259159, 33.449428298203408 ] ] ], [ [ [ -91.110628777029532, 33.45248647824512 ], [ -91.110945574635565, 33.452411166070299 ], [ -91.111233114038384, 33.452545689585875 ], [ -91.111322959427781, 33.452811247400987 ], [ -91.111162479037148, 33.453052279682943 ], [ -91.110845679230508, 33.453127592329828 ], [ -91.110558138594129, 33.452993067880683 ], [ -91.110468295405326, 33.452727509593515 ], [ -91.110628777029532, 33.45248647824512 ] ] ], [ [ [ -91.111083230593806, 33.455859884281736 ], [ -91.111392067772329, 33.45608033269103 ], [ -91.111418983147772, 33.456254136890202 ], [ -91.111319211789095, 33.456446093428703 ], [ -91.110752251825204, 33.456654410890827 ], [ -91.110397042750691, 33.456574049200128 ], [ -91.110247116264119, 33.456328285773658 ], [ -91.110348423682737, 33.456065641819499 ], [ -91.110558609155945, 33.455952499878194 ], [ -91.111083230593806, 33.455859884281736 ] ] ], [ [ [ -91.111961215703261, 33.459185545864592 ], [ -91.112179346612336, 33.459287587534412 ], [ -91.112283567123697, 33.459439527351513 ], [ -91.112290030853643, 33.459614705940687 ], [ -91.112168290226933, 33.459797541599592 ], [ -91.111653131836363, 33.459943926843593 ], [ -91.111243289173757, 33.460165068428914 ], [ -91.111034291109789, 33.460170484262058 ], [ -91.110816159482525, 33.460068440559382 ], [ -91.110695687665626, 33.459811542962278 ], [ -91.110827223897616, 33.459558486914609 ], [ -91.111345835687345, 33.459409747244599 ], [ -91.111712211324502, 33.459202278826766 ], [ -91.111961215703261, 33.459185545864592 ] ] ], [ [ [ -91.11185368202986, 33.462934890029508 ], [ -91.11216254546801, 33.463155337227093 ], [ -91.112137815807927, 33.463463036509751 ], [ -91.111727826548346, 33.463691778989791 ], [ -91.11140071966858, 33.463659734292968 ], [ -91.111196455752861, 33.463443211556374 ], [ -91.111234689349004, 33.463169047565657 ], [ -91.111566172418136, 33.462966170619779 ], [ -91.11185368202986, 33.462934890029508 ] ] ], [ [ [ -91.113679306876222, 33.46581252144658 ], [ -91.114075699013753, 33.465884900032243 ], [ -91.114226957709548, 33.466166035144873 ], [ -91.114095420239593, 33.46641909454344 ], [ -91.113662336129053, 33.46660736052894 ], [ -91.113360400233219, 33.466497114382953 ], [ -91.113239912827979, 33.466240218938246 ], [ -91.113342530053259, 33.466012948743781 ], [ -91.113679306876222, 33.46581252144658 ] ] ], [ [ [ -91.115297831698626, 33.46871915343425 ], [ -91.115614685649149, 33.468643831431088 ], [ -91.115902285193499, 33.46877834590304 ], [ -91.115992159292404, 33.469043900757136 ], [ -91.115831659360538, 33.469284937895644 ], [ -91.115514803207901, 33.469360260371474 ], [ -91.115227202428542, 33.46922574496557 ], [ -91.115137330531724, 33.468960189638814 ], [ -91.115297831698626, 33.46871915343425 ] ] ], [ [ [ -91.117063198023914, 33.471561127629933 ], [ -91.117380061142995, 33.471485801451486 ], [ -91.117667672796827, 33.471620312189081 ], [ -91.11775755485283, 33.471885865937324 ], [ -91.117597054064348, 33.472126905246391 ], [ -91.117280188742967, 33.472202231897654 ], [ -91.116992575853786, 33.472067720226086 ], [ -91.116902696000096, 33.471802166005013 ], [ -91.117063198023914, 33.471561127629933 ] ] ], [ [ [ -91.119709509755097, 33.474052337172964 ], [ -91.120001069473375, 33.474240503187254 ], [ -91.120012469954958, 33.47454875221392 ], [ -91.119633937113932, 33.474811125122969 ], [ -91.119304614277098, 33.47480612704922 ], [ -91.119075965973636, 33.47460744107979 ], [ -91.119081931139974, 33.4743314554959 ], [ -91.119421965124346, 33.474083634760781 ], [ -91.119709509755097, 33.474052337172964 ] ] ] ] } },
{ "type": "Feature", "properties": { "depth_bin": ">20 ft", "survey_id": "LM_11_YBS_20240626_CS_5468_5428", "date": "2024-06-26 00:00:00+00:00", "year": 2024, "mile": 545.0, "bin_order": 0 }, "geometry": { "type": "MultiPolygon", "coordinates": [ [ [ [ -91.141788649605928, 33.478227206555474 ], [ -91.14210551899275, 33.478151817298745 ], [ -91.14239319323849, 33.478286272566258 ], [ -91.142483157546948, 33.478551810945824 ], [ -91.142322710489509, 33.47879288399146 ], [ -91.142005838900985, 33.478868273722576 ], [ -91.141718163417252, 33.4787338175217 ], [ -91.14162820131051, 33.478468278667769 ], [ -91.141788649605928, 33.478227206555474 ] ] ], [ [ [ -91.139178783747681, 33.484698027334332 ], [ -91.139468130374354, 33.484714298361268 ], [ -91.139658418487457, 33.484850009444308 ], [ -91.139723830859268, 33.485086748453611 ], [ -91.139624084621701, 33.48527872796258 ], [ -91.137726298919986, 33.486918509557597 ], [ -91.13748009054062, 33.487217307269212 ], [ -91.136524779537467, 33.487974540129002 ], [ -91.136260431761656, 33.488074476568769 ], [ -91.135946955378998, 33.487989619367099 ], [ -91.135796905417635, 33.487743883666518 ], [ -91.135898178005704, 33.487481218670176 ], [ -91.136488540652877, 33.486956189067136 ], [ -91.13682569810689, 33.486754753329571 ], [ -91.137039159471001, 33.486486886740906 ], [ -91.138883518718515, 33.484881276228073 ], [ -91.139178783747681, 33.484698027334332 ] ] ], [ [ [ -91.141942874231447, 33.486617482520991 ], [ -91.142192719335341, 33.486621229427961 ], [ -91.142397974102195, 33.486740653866065 ], [ -91.142489455477985, 33.486935502897161 ], [ -91.142413968041382, 33.487170127912506 ], [ -91.141972960361514, 33.487510676892683 ], [ -91.141567870660552, 33.488058387912183 ], [ -91.140123163753245, 33.489311248611742 ], [ -91.139788216734999, 33.489721987311135 ], [ -91.139523866956822, 33.489821930636758 ], [ -91.13924385203056, 33.489758671051092 ], [ -91.139088809097998, 33.489594459725275 ], [ -91.139061831111292, 33.489420660153151 ], [ -91.139406686052425, 33.488912438563283 ], [ -91.140868156600078, 33.487643632528709 ], [ -91.141361359395106, 33.487006371977124 ], [ -91.141942874231447, 33.486617482520991 ] ] ], [ [ [ -91.144486134798598, 33.488651394832758 ], [ -91.14473522070422, 33.488634598752569 ], [ -91.144981267886934, 33.488763231087567 ], [ -91.145072757051707, 33.488958078421916 ], [ -91.14499727448613, 33.489192705118441 ], [ -91.143786313234571, 33.49030590999844 ], [ -91.14350863662159, 33.490701068628113 ], [ -91.142756504829904, 33.491350833768834 ], [ -91.141749592981199, 33.492381873697695 ], [ -91.141485237014635, 33.492481820969005 ], [ -91.141205211971069, 33.492418565500401 ], [ -91.141020350336547, 33.49211587066263 ], [ -91.141191330357827, 33.491803720689276 ], [ -91.142856999537329, 33.490230055425762 ], [ -91.143105456068554, 33.489865930236114 ], [ -91.144486134798598, 33.488651394832758 ] ] ], [ [ [ -91.1291721307214, 33.476037968159154 ], [ -91.129489001385394, 33.475962611256989 ], [ -91.129748853465856, 33.476070446819904 ], [ -91.129869402593528, 33.476327327986191 ], [ -91.129737892976578, 33.476580404649923 ], [ -91.129515454893593, 33.476675765913214 ], [ -91.129231517433283, 33.476636649860964 ], [ -91.129262111205918, 33.476865028752265 ], [ -91.129140379485492, 33.477047881010201 ], [ -91.127514433382359, 33.478261037100992 ], [ -91.126786523867679, 33.478675158345254 ], [ -91.125787000486355, 33.479523101558428 ], [ -91.12547011395904, 33.479598448386966 ], [ -91.125210257302726, 33.479490603723612 ], [ -91.125089718236737, 33.479233718472159 ], [ -91.125221245527655, 33.478980647455067 ], [ -91.126265027403633, 33.478107376016332 ], [ -91.126946800443918, 33.477720262378725 ], [ -91.128574618194421, 33.476505441852616 ], [ -91.128807139168615, 33.476428812728166 ], [ -91.129049194301274, 33.476472491376384 ], [ -91.129018601177478, 33.476244112442942 ], [ -91.1291721307214, 33.476037968159154 ] ] ], [ [ [ -91.131144095003762, 33.478654371487067 ], [ -91.131381853391176, 33.478718748331929 ], [ -91.131536862915794, 33.478882968406843 ], [ -91.131563823549129, 33.479056769265931 ], [ -91.131464067192212, 33.479248741996585 ], [ -91.130995431428019, 33.479529094409749 ], [ -91.13086472496903, 33.47977212896366 ], [ -91.13036643044174, 33.480062414247001 ], [ -91.130017441214335, 33.480423144054875 ], [ -91.129067869866148, 33.4810653470171 ], [ -91.128404037183984, 33.481643485338914 ], [ -91.128129285890054, 33.48172121226569 ], [ -91.127858056845113, 33.481635236456675 ], [ -91.127736515017972, 33.481492604504879 ], [ -91.127716511157715, 33.481283892752614 ], [ -91.128027161567388, 33.480915974238108 ], [ -91.129378601658132, 33.479943210515849 ], [ -91.129763950454986, 33.47955422834282 ], [ -91.130444530342345, 33.479166711228451 ], [ -91.130607036460248, 33.478900384676407 ], [ -91.130940336996943, 33.47869389032806 ], [ -91.131144095003762, 33.478654371487067 ] ] ], [ [ [ -91.133746570637669, 33.480744206254172 ], [ -91.134090798822953, 33.480853303924462 ], [ -91.134211366916333, 33.481110181349308 ], [ -91.134134549144179, 33.481309425211144 ], [ -91.133667546255694, 33.481749518000278 ], [ -91.130604699238887, 33.484140210039975 ], [ -91.130329941672684, 33.484217941614226 ], [ -91.130058702548737, 33.48413197031261 ], [ -91.129910195309762, 33.483815539306683 ], [ -91.130121133447474, 33.483512021311959 ], [ -91.133002984355599, 33.481291879311378 ], [ -91.133482242348578, 33.480844137523164 ], [ -91.133746570637669, 33.480744206254172 ] ] ], [ [ [ -91.136457407113781, 33.482656827116266 ], [ -91.136705597555476, 33.482681086567304 ], [ -91.136895876855547, 33.482816801635188 ], [ -91.136961280377236, 33.483053541865281 ], [ -91.136861530702546, 33.483245519079105 ], [ -91.136380811193661, 33.48355771293469 ], [ -91.136148473559828, 33.483862967818624 ], [ -91.135316634726124, 33.484457646854615 ], [ -91.134538642147291, 33.485236487454934 ], [ -91.133556084031071, 33.486016988650199 ], [ -91.133281322767914, 33.486094726636367 ], [ -91.133010074644602, 33.486008761520281 ], [ -91.132860036301523, 33.48576302259152 ], [ -91.13296131504184, 33.485500360144037 ], [ -91.133975098620482, 33.484692692222502 ], [ -91.134678029965684, 33.483977418993746 ], [ -91.135874748532146, 33.483149383150035 ], [ -91.136234959935436, 33.482752200076852 ], [ -91.136457407113781, 33.482656827116266 ] ] ], [ [ [ -91.121731806078898, 33.469063892745758 ], [ -91.122021610002449, 33.469056359633512 ], [ -91.122251334270004, 33.46920461964104 ], [ -91.122316689148562, 33.469441366359028 ], [ -91.122156205543888, 33.469682412262465 ], [ -91.121875890678666, 33.469759811038728 ], [ -91.121709637159881, 33.469928749826202 ], [ -91.118078367379653, 33.471869104238486 ], [ -91.117790829605283, 33.471900398281178 ], [ -91.117544871776445, 33.471771714648646 ], [ -91.117454990477952, 33.471506160768179 ], [ -91.117615490420292, 33.471265121594122 ], [ -91.120677429138695, 33.469601319882798 ], [ -91.121490449288885, 33.469265026195153 ], [ -91.121731806078898, 33.469063892745758 ] ] ], [ [ [ -91.124221382875348, 33.471324525912891 ], [ -91.124538239831665, 33.471249181174528 ], [ -91.124825862611914, 33.471383675653556 ], [ -91.124915766566218, 33.471649224968459 ], [ -91.124755285620537, 33.471890274266684 ], [ -91.124438426462305, 33.471965619478269 ], [ -91.124150802446081, 33.47183112406551 ], [ -91.124060900693678, 33.471565574277371 ], [ -91.124221382875348, 33.471324525912891 ] ] ], [ [ [ -91.123577832676588, 33.471692377497028 ], [ -91.123863831358847, 33.471732369404855 ], [ -91.124054639434178, 33.471915338989824 ], [ -91.124074633435583, 33.472124051252621 ], [ -91.123921099490417, 33.472330189161688 ], [ -91.122026229058449, 33.473468542714699 ], [ -91.120991846479853, 33.473994369118572 ], [ -91.120401092412251, 33.47440818489563 ], [ -91.120076935646324, 33.47445712706525 ], [ -91.119830967169378, 33.474328447652923 ], [ -91.119739549249388, 33.474133583730811 ], [ -91.119773975363941, 33.47396071217333 ], [ -91.120275949821561, 33.473548317298423 ], [ -91.123577832676588, 33.471692377497028 ] ] ], [ [ [ -91.125521499918889, 33.47430183291695 ], [ -91.125889319426108, 33.474292261854849 ], [ -91.126131491114634, 33.47452446933611 ], [ -91.126093297468586, 33.474798638909213 ], [ -91.125787356064606, 33.475091500680257 ], [ -91.122934117387075, 33.476828081446257 ], [ -91.122651610424313, 33.476882855190397 ], [ -91.122391765501888, 33.47677500497219 ], [ -91.122271238262428, 33.476518117291171 ], [ -91.122402769108319, 33.476265049304395 ], [ -91.125151919643798, 33.474607910934715 ], [ -91.125521499918889, 33.47430183291695 ] ] ], [ [ [ -91.11691127768033, 33.441896348874636 ], [ -91.11784653029838, 33.441835150246256 ], [ -91.118036692625822, 33.441970890999706 ], [ -91.11810201916478, 33.442207639813581 ], [ -91.117973367015622, 33.442425392943271 ], [ -91.11779213706653, 33.442512759506911 ], [ -91.117063080974901, 33.442602810333021 ], [ -91.116719025357625, 33.442493670720921 ], [ -91.11659855757344, 33.442236778415008 ], [ -91.11673004787032, 33.441983713893265 ], [ -91.11691127768033, 33.441896348874636 ] ] ], [ [ [ -91.118124415088758, 33.444622109048545 ], [ -91.118441178215008, 33.444546776392208 ], [ -91.118728704698071, 33.444681282172041 ], [ -91.118818566296099, 33.444946835386204 ], [ -91.118658121748524, 33.445187878897364 ], [ -91.118341356422903, 33.445263212026042 ], [ -91.118053828706095, 33.445128705313159 ], [ -91.117963969307439, 33.444863151626677 ], [ -91.118124415088758, 33.444622109048545 ] ] ], [ [ [ -91.117183021940889, 33.447801715432902 ], [ -91.117499797464731, 33.447726385652118 ], [ -91.11778733263975, 33.447860893866881 ], [ -91.117877194132532, 33.448126447649059 ], [ -91.117716740743916, 33.448367489528614 ], [ -91.117442087595691, 33.448445196473834 ], [ -91.117196278682073, 33.44837553830456 ], [ -91.116972753155181, 33.448544326116689 ], [ -91.116146399844297, 33.448757021310804 ], [ -91.111395460989215, 33.449814156693641 ], [ -91.111126217415986, 33.449804162420875 ], [ -91.110720103750765, 33.449972777945014 ], [ -91.110398370549078, 33.449914013837919 ], [ -91.110229952689068, 33.449716234699963 ], [ -91.110290541557703, 33.449412048877619 ], [ -91.110683390645562, 33.44922148832714 ], [ -91.110952632321556, 33.449231483498124 ], [ -91.111120687027011, 33.449131536463177 ], [ -91.112259787375507, 33.44884718929157 ], [ -91.11669793836549, 33.447861716733286 ], [ -91.11706894629738, 33.447917745578636 ], [ -91.117183021940889, 33.447801715432902 ] ] ], [ [ [ -91.118078066388335, 33.450578442784689 ], [ -91.118357938898086, 33.450641745680002 ], [ -91.118535893172393, 33.45087399663867 ], [ -91.118488174060474, 33.451113682198233 ], [ -91.118269895076978, 33.451273584627515 ], [ -91.117975002587301, 33.451279478224251 ], [ -91.117498165020521, 33.451502634680466 ], [ -91.117218831383511, 33.451512514279052 ], [ -91.117029565186471, 33.451635145316089 ], [ -91.11605620193636, 33.451905051107325 ], [ -91.115493593556693, 33.451969735023361 ], [ -91.114171889556303, 33.452377852668562 ], [ -91.111808606513932, 33.452952787232483 ], [ -91.111167507009014, 33.453063328411751 ], [ -91.110971961135945, 33.453001294445933 ], [ -91.110817035370644, 33.452837050951253 ], [ -91.110864125876788, 33.452499329971594 ], [ -91.111210524412982, 33.452320069191501 ], [ -91.113998237231542, 33.451673768059472 ], [ -91.115329066924517, 33.451264657464492 ], [ -91.115835897520071, 33.451208309615971 ], [ -91.116795876341271, 33.450944559842178 ], [ -91.116994069023761, 33.450953975120093 ], [ -91.117324422550269, 33.450753613882142 ], [ -91.117781039525752, 33.45070833457418 ], [ -91.118078066388335, 33.450578442784689 ] ] ], [ [ [ -91.118113257569846, 33.456981991500953 ], [ -91.118373038860767, 33.457089848775894 ], [ -91.118486784272292, 33.457276265902074 ], [ -91.118457802095705, 33.457484235673164 ], [ -91.118259256000698, 33.457661302273813 ], [ -91.114531974144526, 33.45896867757844 ], [ -91.113721194938236, 33.459350701522055 ], [ -91.113391931687147, 33.459345689772739 ], [ -91.11318069364377, 33.45917925844148 ], [ -91.113136416810079, 33.458973190414241 ], [ -91.113236187408418, 33.458781232447528 ], [ -91.114092266440878, 33.458350873279386 ], [ -91.115775776132551, 33.457726609112761 ], [ -91.118113257569846, 33.456981991500953 ] ] ], [ [ [ -91.118857609878475, 33.459990238667729 ], [ -91.119145186875542, 33.460124744965938 ], [ -91.119235063361529, 33.460390297851873 ], [ -91.119106384858569, 33.460608050714299 ], [ -91.118721192456562, 33.46081171344499 ], [ -91.115656998605999, 33.462025330270642 ], [ -91.115219942065252, 33.462309216610649 ], [ -91.113434299633553, 33.462934508864812 ], [ -91.113006035976284, 33.463209410177846 ], [ -91.112212393625924, 33.463498463672416 ], [ -91.111883114980884, 33.463493447369999 ], [ -91.111671870278713, 33.463327013320082 ], [ -91.111627595423442, 33.463120944935341 ], [ -91.111756296280291, 33.46290320070905 ], [ -91.112286269634765, 33.462640554110855 ], [ -91.112666302441056, 33.462548812733004 ], [ -91.113003584215292, 33.462297665051679 ], [ -91.114806814191979, 33.461677280666109 ], [ -91.115220098420806, 33.461405836009533 ], [ -91.118611761197201, 33.460027362264881 ], [ -91.118857609878475, 33.459990238667729 ] ] ], [ [ [ -91.118081976723658, 33.463875000552932 ], [ -91.118287144292808, 33.463994462348595 ], [ -91.118378549380992, 33.464189327159879 ], [ -91.118344125342659, 33.464362198625857 ], [ -91.118182169851579, 33.464521621704755 ], [ -91.117339649156676, 33.464858952626841 ], [ -91.114425947821886, 33.466282410328205 ], [ -91.114138427717535, 33.466313696518128 ], [ -91.113867955582592, 33.466156200503114 ], [ -91.113809579540515, 33.46588454058346 ], [ -91.113997493787693, 33.465657851654619 ], [ -91.117435363782576, 33.464000111350586 ], [ -91.117873341368167, 33.46386323098816 ], [ -91.118081976723658, 33.463875000552932 ] ] ], [ [ [ -91.118961100388034, 33.466960225840168 ], [ -91.119198817072302, 33.467024624760576 ], [ -91.119353783101403, 33.467188858851365 ], [ -91.119373765264442, 33.467397571593274 ], [ -91.119220229366064, 33.467603703727207 ], [ -91.116205152326756, 33.469140636485569 ], [ -91.115917623160769, 33.469171926484073 ], [ -91.115671675800272, 33.469043239444225 ], [ -91.115581802691679, 33.468777684391753 ], [ -91.115742302294066, 33.468536647549797 ], [ -91.116736253739418, 33.467988891862738 ], [ -91.118757365490524, 33.466999725470792 ], [ -91.118961100388034, 33.466960225840168 ] ] ], [ [ [ -91.117389974353912, 33.436155542002481 ], [ -91.117563339199748, 33.436306255833912 ], [ -91.117607617731665, 33.436512322956055 ], [ -91.117478973491487, 33.436730076012665 ], [ -91.117256627042977, 33.436825418927086 ], [ -91.114208071404249, 33.437107018811453 ], [ -91.113484201780338, 33.437276057528329 ], [ -91.113083174964856, 33.437242744968081 ], [ -91.11119715854592, 33.437452784521916 ], [ -91.110917333950482, 33.437389466992222 ], [ -91.110739426298366, 33.437157206290472 ], [ -91.110864185785246, 33.436833673981468 ], [ -91.111249776818255, 33.436712943450807 ], [ -91.113081187930803, 33.436524041158215 ], [ -91.113469130029898, 33.436556615093806 ], [ -91.114011637632274, 33.436405903485444 ], [ -91.117145957752683, 33.436110980816679 ], [ -91.117389974353912, 33.436155542002481 ] ] ], [ [ [ -91.117750349585563, 33.43893525876031 ], [ -91.117905265432725, 33.4390994935275 ], [ -91.117925241009601, 33.439308207052683 ], [ -91.117803542450048, 33.43949105022115 ], [ -91.117581189130021, 33.439586393443804 ], [ -91.116970311701238, 33.439569957895564 ], [ -91.115645533630797, 33.439866757072849 ], [ -91.11154558771446, 33.440345373638898 ], [ -91.111265753638875, 33.440282056589233 ], [ -91.111087839509594, 33.440049796250506 ], [ -91.111212602398865, 33.439726263833556 ], [ -91.111596044787049, 33.439598481770503 ], [ -91.115548040332044, 33.439151976362176 ], [ -91.116491867527543, 33.438945112862875 ], [ -91.116903095678779, 33.438982604841385 ], [ -91.117512709764412, 33.438870859498735 ], [ -91.117750349585563, 33.43893525876031 ] ] ], [ [ [ -91.117200567267759, 33.444903830927693 ], [ -91.117355492101055, 33.445068066567181 ], [ -91.117382417134635, 33.44524187006035 ], [ -91.117282672510981, 33.44543383262441 ], [ -91.117112522960184, 33.445535669516048 ], [ -91.116701126958162, 33.445567043307342 ], [ -91.11642356820191, 33.445399138478052 ], [ -91.116227928394892, 33.445671048146444 ], [ -91.11566768054702, 33.445795997055299 ], [ -91.115430023996538, 33.445731593266537 ], [ -91.115275101796115, 33.445567355322027 ], [ -91.115281072439004, 33.445291369047752 ], [ -91.115518080720648, 33.445099756326279 ], [ -91.116045362187748, 33.44500937729358 ], [ -91.116364561169135, 33.445183109736874 ], [ -91.116439375134775, 33.44500888422845 ], [ -91.116635284004033, 33.444879007177839 ], [ -91.116962911839323, 33.4448394301156 ], [ -91.117200567267759, 33.444903830927693 ] ] ], [ [ [ -91.117030600304588, 33.454132888847575 ], [ -91.117220787203479, 33.454268631491935 ], [ -91.11728895458333, 33.454470067673284 ], [ -91.117212125118343, 33.454669301322724 ], [ -91.117016194308547, 33.454799178351614 ], [ -91.112642260401358, 33.456080608865022 ], [ -91.112353016843926, 33.456064278595143 ], [ -91.112124432162389, 33.455865581501307 ], [ -91.112130415117136, 33.455589596187352 ], [ -91.11236745919571, 33.455397991018046 ], [ -91.116741361867724, 33.45411656901527 ], [ -91.117030600304588, 33.454132888847575 ] ] ], [ [ [ -91.113781455644684, 33.442448994350904 ], [ -91.11398656793348, 33.442568461687699 ], [ -91.11407794313034, 33.442763329186874 ], [ -91.114002424155956, 33.442997937142387 ], [ -91.11380651593862, 33.443127810078465 ], [ -91.111590263186429, 33.443516990373979 ], [ -91.111310418997931, 33.443453673097522 ], [ -91.111155508661454, 33.443289430359464 ], [ -91.111161491833613, 33.443013444639512 ], [ -91.111398502337465, 33.44282183983114 ], [ -91.113781455644684, 33.442448994350904 ] ] ], [ [ [ -91.114377696054675, 33.445393188357194 ], [ -91.114582815943734, 33.44551265492462 ], [ -91.114675501594107, 33.445742897876826 ], [ -91.114572914320163, 33.445970170836311 ], [ -91.11436275846755, 33.446083320785903 ], [ -91.112734234205973, 33.446428314663095 ], [ -91.112181315089558, 33.446452241381806 ], [ -91.111329293779491, 33.446706655184641 ], [ -91.11048403316434, 33.446830065026894 ], [ -91.110162311658627, 33.44677130069131 ], [ -91.109993900073107, 33.446573521369508 ], [ -91.110032127379966, 33.446299356916597 ], [ -91.110290410577221, 33.44612815338354 ], [ -91.111176314800829, 33.446000320965872 ], [ -91.112072113811692, 33.445737763621985 ], [ -91.112555312184568, 33.44572355232151 ], [ -91.113686222509031, 33.445464288335366 ], [ -91.114377696054675, 33.445393188357194 ] ] ] ] } }
]
}
