{
"type": "FeatureCollection",
"name": "LM_15_CVB_20180418_CS_6170_6000_depth_polygons",
"crs": { "type": "name", "properties": { "name": "urn:ogc:def:crs:OGC:1.3:CRS84" } },
"features": [
{ "type": "Feature", "properties": { "depth_bin": "140-145 ft", "bin_order": -142.5, "survey_id": "LM_15_CVB_20180418_CS_6170_6000", "date": "2018-04-18", "year": 2018, "mile": 601.0 }, "geometry": { "type": "MultiPolygon", "coordinates": [ [ [ [ -91.074309555684124, 33.981955287040492 ], [ -91.074421075735643, 33.981806693129442 ], [ -91.074644905838269, 33.981711486253147 ], [ -91.075123924095777, 33.981832398416664 ], [ -91.075738374412467, 33.982340942048488 ], [ -91.075782768092353, 33.982547013241962 ], [ -91.075708191371135, 33.982710877240095 ], [ -91.075429302007578, 33.982859880878593 ], [ -91.075105620447189, 33.982800960696558 ], [ -91.074381641309074, 33.982289929145217 ], [ -91.074309555684124, 33.981955287040492 ] ] ], [ [ [ -91.073023343562141, 33.980883363384031 ], [ -91.073277039260574, 33.980658811908121 ], [ -91.073646344907573, 33.980679729494156 ], [ -91.073945833874774, 33.980971215855007 ], [ -91.073920726285706, 33.981278873061576 ], [ -91.073660712840066, 33.981449927660307 ], [ -91.073331663556772, 33.981417716209421 ], [ -91.073049612950157, 33.981158498742481 ], [ -91.073023343562141, 33.980883363384031 ] ] ], [ [ [ -91.07012471480472, 33.981928895771432 ], [ -91.070363359102743, 33.981737440832831 ], [ -91.070694614498152, 33.981742636917254 ], [ -91.070924437898185, 33.981941440320561 ], [ -91.070918201727181, 33.982217395454441 ], [ -91.070679557224224, 33.982408851452462 ], [ -91.070348299247442, 33.982403655238429 ], [ -91.070118476052343, 33.982204850775709 ], [ -91.07012471480472, 33.981928895771432 ] ] ], [ [ [ -91.056170546571352, 33.982942934941001 ], [ -91.056424291270133, 33.982718420066007 ], [ -91.056829615973328, 33.982758154289598 ], [ -91.057163967606471, 33.9831949464037 ], [ -91.05710272097339, 33.983499061403514 ], [ -91.056823798589747, 33.983648021601901 ], [ -91.056500129370932, 33.983589052790023 ], [ -91.056233373485568, 33.983315761517339 ], [ -91.056170546571352, 33.982942934941001 ] ] ] ] } },
{ "type": "Feature", "properties": { "depth_bin": "145-150 ft", "bin_order": -147.5, "survey_id": "LM_15_CVB_20180418_CS_6170_6000", "date": "2018-04-18", "year": 2018, "mile": 601.0 }, "geometry": { "type": "MultiPolygon", "coordinates": [ [ [ [ -91.0929568995724, 33.969274531775497 ], [ -91.093277096612539, 33.969063769520474 ], [ -91.093685333713637, 33.969135435620366 ], [ -91.093915180300172, 33.969334197112332 ], [ -91.09390902134534, 33.969610156531431 ], [ -91.093588823668199, 33.969820920397325 ], [ -91.09318058341438, 33.969749253875086 ], [ -91.092950737536128, 33.969550491043165 ], [ -91.0929568995724, 33.969274531775497 ] ] ], [ [ [ -91.07680751779337, 33.979915586745371 ], [ -91.077108913969198, 33.97973657172367 ], [ -91.077466225444823, 33.979817097191365 ], [ -91.077755183867566, 33.980098834443638 ], [ -91.078233203829257, 33.980402009861464 ], [ -91.078348472199295, 33.980594759264569 ], [ -91.078624598551315, 33.980752954248004 ], [ -91.078690151250285, 33.980989714855717 ], [ -91.078589640439205, 33.981181605683311 ], [ -91.078294571434867, 33.981307126934148 ], [ -91.077979383571616, 33.981222068352999 ], [ -91.077833179597107, 33.981005064998648 ], [ -91.077239700259781, 33.980675829514759 ], [ -91.076845672639578, 33.980315020854363 ], [ -91.076753872381445, 33.980120124843928 ], [ -91.07680751779337, 33.979915586745371 ] ] ], [ [ [ -91.074401581061764, 33.981268286475554 ], [ -91.074957160161205, 33.981730128434137 ], [ -91.075048957797847, 33.981925025655848 ], [ -91.074946843790869, 33.982187594025767 ], [ -91.074651766310794, 33.982313106209908 ], [ -91.074406239527207, 33.982268410869963 ], [ -91.074051818828806, 33.982025459966522 ], [ -91.073789979479741, 33.981758989324867 ], [ -91.073721860082401, 33.981553838807578 ], [ -91.073349974872514, 33.98144728672299 ], [ -91.073230971230828, 33.981230375941394 ], [ -91.07293761951945, 33.981013664804927 ], [ -91.072962730517304, 33.980706007906505 ], [ -91.073222742947408, 33.980534954734217 ], [ -91.073551788787668, 33.980567166361787 ], [ -91.07377138599125, 33.980848704365947 ], [ -91.07402615038724, 33.981002452416519 ], [ -91.074094270150425, 33.981207602792686 ], [ -91.074401581061764, 33.981268286475554 ] ] ], [ [ [ -91.075065214650934, 33.982468364002443 ], [ -91.075303849910711, 33.98227689915943 ], [ -91.075635108362789, 33.982282082015949 ], [ -91.075864945123939, 33.982480876616364 ], [ -91.075858724792113, 33.982756832529006 ], [ -91.075620089327927, 33.982948298431467 ], [ -91.075288828294376, 33.982943115445664 ], [ -91.075058991737635, 33.982744319785787 ], [ -91.075065214650934, 33.982468364002443 ] ] ], [ [ [ -91.069948379259401, 33.981674627707541 ], [ -91.070249795382907, 33.98149563026071 ], [ -91.070638040407445, 33.981600431045287 ], [ -91.07133934648229, 33.982369965879847 ], [ -91.071359269159359, 33.982578670016501 ], [ -91.071236646947511, 33.982761421675505 ], [ -91.070928216580839, 33.982862225818835 ], [ -91.070624559356261, 33.982751822310043 ], [ -91.070503584700774, 33.98249570903306 ], [ -91.069940693604892, 33.982014554311725 ], [ -91.069948379259401, 33.981674627707541 ] ] ], [ [ [ -91.06685887777796, 33.982443132467729 ], [ -91.067160302799124, 33.982264142934739 ], [ -91.067517613907626, 33.982344697323079 ], [ -91.067743684913978, 33.982676371058531 ], [ -91.067646987644324, 33.982974030358683 ], [ -91.067351897524063, 33.98309952454229 ], [ -91.067036715437865, 33.983014438082328 ], [ -91.066820189436612, 33.982717247828191 ], [ -91.06685887777796, 33.982443132467729 ] ] ], [ [ [ -91.07137032018575, 33.983191153394856 ], [ -91.07167173901621, 33.983012152586106 ], [ -91.071995418548525, 33.983071081751753 ], [ -91.072270422062303, 33.983372194896006 ], [ -91.072209228738046, 33.983676319275808 ], [ -91.071930330420201, 33.983825314635098 ], [ -91.07160664810614, 33.983766385207424 ], [ -91.071345202284192, 33.983498809626553 ], [ -91.07137032018575, 33.983191153394856 ] ] ], [ [ [ -91.056413465343653, 33.98325129951035 ], [ -91.056673517205255, 33.983080282826442 ], [ -91.057002564344003, 33.983112538853625 ], [ -91.057207857170482, 33.983329172685288 ], [ -91.05716913743197, 33.983603283877649 ], [ -91.05690908486433, 33.983774301575153 ], [ -91.056580035233964, 33.983742045213262 ], [ -91.056374743113537, 33.983525410367996 ], [ -91.056413465343653, 33.98325129951035 ] ] ] ] } },
{ "type": "Feature", "properties": { "depth_bin": "150-155 ft", "bin_order": -152.5, "survey_id": "LM_15_CVB_20180418_CS_6170_6000", "date": "2018-04-18", "year": 2018, "mile": 601.0 }, "geometry": { "type": "MultiPolygon", "coordinates": [ [ [ [ -91.09282650842475, 33.969188240611246 ], [ -91.092970635143303, 33.969060602608835 ], [ -91.093212413436547, 33.969003564058056 ], [ -91.093552369785186, 33.969150361190479 ], [ -91.093848000525483, 33.96916548258644 ], [ -91.094077847583179, 33.969364243789194 ], [ -91.094071689146816, 33.969640203233126 ], [ -91.09390869160319, 33.969799547542387 ], [ -91.093709367264537, 33.969855508461279 ], [ -91.093501917221133, 33.96982657530657 ], [ -91.093326952113443, 33.969709790490825 ], [ -91.093031319647125, 33.969694667782143 ], [ -91.092801474270885, 33.969495904686532 ], [ -91.09282650842475, 33.969188240611246 ] ] ], [ [ [ -91.080698336513635, 33.978479607902138 ], [ -91.080958327245909, 33.9783085375445 ], [ -91.081287368492141, 33.978340728286845 ], [ -91.081970468190931, 33.978725085041042 ], [ -91.082062279213943, 33.97891997755751 ], [ -91.082008647027337, 33.979124518435626 ], [ -91.081864486813018, 33.979252142244057 ], [ -91.081622672671188, 33.979309157133535 ], [ -91.081121739782191, 33.979144963076173 ], [ -91.080690694568801, 33.9788195368331 ], [ -91.080698336513635, 33.978479607902138 ] ] ], [ [ [ -91.076545100883649, 33.979750455535935 ], [ -91.076805103503176, 33.979579394414394 ], [ -91.077134147506314, 33.979611596379449 ], [ -91.077461752380174, 33.979877073221985 ], [ -91.077436657949818, 33.980184731647157 ], [ -91.077176654625092, 33.980355794068281 ], [ -91.076847607744668, 33.980323592121003 ], [ -91.076520003217738, 33.980058113667162 ], [ -91.076545100883649, 33.979750455535935 ] ] ], [ [ [ -91.077401684046265, 33.980396565903995 ], [ -91.077582692644029, 33.980251326438719 ], [ -91.077830054652836, 33.980214340042835 ], [ -91.078318379202685, 33.980468751891706 ], [ -91.078554241913992, 33.980712585655006 ], [ -91.079612915264704, 33.98142864195335 ], [ -91.0797060125158, 33.981658909134744 ], [ -91.079602623952127, 33.98188610881931 ], [ -91.079431338579283, 33.981987846806383 ], [ -91.079180810922679, 33.982004459730582 ], [ -91.078602576622728, 33.981674671835776 ], [ -91.077439841785903, 33.980795999902554 ], [ -91.077348039685887, 33.980601104285405 ], [ -91.077401684046265, 33.980396565903995 ] ] ], [ [ [ -91.075214330576969, 33.982503227795227 ], [ -91.075493219094952, 33.982354224608869 ], [ -91.07585053965029, 33.982434755065341 ], [ -91.076103982661152, 33.982754186258866 ], [ -91.076007314127168, 33.983051853136089 ], [ -91.075712235028192, 33.983177367799229 ], [ -91.075397043252991, 33.983092302473153 ], [ -91.075153148450227, 33.982807354065116 ], [ -91.075214330576969, 33.982503227795227 ] ] ], [ [ [ -91.072677188976655, 33.980559170971567 ], [ -91.073020726094597, 33.980375632866554 ], [ -91.073474852636267, 33.980538266133948 ], [ -91.073620069320924, 33.980748985117728 ], [ -91.073581955065038, 33.980971666494419 ], [ -91.073797914376158, 33.980927037926548 ], [ -91.0740009756706, 33.980972806287461 ], [ -91.074631892527336, 33.981468782936687 ], [ -91.074697434493174, 33.981705545283241 ], [ -91.0745969139425, 33.981897432486512 ], [ -91.074301837014232, 33.982022943853359 ], [ -91.0739866510322, 33.981937875092719 ], [ -91.073425394292769, 33.981482268269417 ], [ -91.073358260818864, 33.981316186175974 ], [ -91.073401818082445, 33.981128602576973 ], [ -91.07306057221453, 33.981155737051658 ], [ -91.072715324563191, 33.980958605663979 ], [ -91.07262353327306, 33.980763706891466 ], [ -91.072677188976655, 33.980559170971567 ] ] ], [ [ [ -91.070356797938359, 33.982104788338781 ], [ -91.070658214819659, 33.981925789925512 ], [ -91.07104646234103, 33.982030589498727 ], [ -91.071930754957847, 33.982942722608286 ], [ -91.072074864557777, 33.983236920987714 ], [ -91.072439274168389, 33.983521255346517 ], [ -91.072483660293202, 33.983727327439425 ], [ -91.072354015912907, 33.983944982565376 ], [ -91.072045582378351, 33.984045789390933 ], [ -91.07174191943453, 33.983935388465866 ], [ -91.07152084259404, 33.983605091579342 ], [ -91.070973521841282, 33.983174603734547 ], [ -91.070370263695693, 33.982475406528579 ], [ -91.070303135566547, 33.98230932297124 ], [ -91.070356797938359, 33.982104788338781 ] ] ], [ [ [ -91.066795487922917, 33.982299929892591 ], [ -91.067116521039452, 33.982146414745877 ], [ -91.06746263307096, 33.982255757052847 ], [ -91.06758178540808, 33.98253525532381 ], [ -91.067824912929865, 33.9827675022497 ], [ -91.067831272018196, 33.982942667317502 ], [ -91.067708641863788, 33.983125415167635 ], [ -91.067400206434129, 33.983226210265094 ], [ -91.067096552938168, 33.983115798162764 ], [ -91.066977401498406, 33.982836299473512 ], [ -91.066734276180583, 33.982604050947458 ], [ -91.066795487922917, 33.982299929892591 ] ] ], [ [ [ -91.056495394717132, 33.983349137406371 ], [ -91.05677431663338, 33.983200177932083 ], [ -91.057097984616306, 33.983259145980831 ], [ -91.057276799981778, 33.983491499241353 ], [ -91.057206014280538, 33.983761128981683 ], [ -91.056927091185742, 33.983910089384814 ], [ -91.056603420896806, 33.983851120810044 ], [ -91.056424606709896, 33.983618766620694 ], [ -91.056495394717132, 33.983349137406371 ] ] ] ] } },
{ "type": "Feature", "properties": { "depth_bin": "155-160 ft", "bin_order": -157.5, "survey_id": "LM_15_CVB_20180418_CS_6170_6000", "date": "2018-04-18", "year": 2018, "mile": 601.0 }, "geometry": { "type": "MultiPolygon", "coordinates": [ [ [ [ -91.079998883464071, 33.978116235302551 ], [ -91.080342395756745, 33.977932675789766 ], [ -91.080729129148381, 33.978046079396343 ], [ -91.081530378659991, 33.978525890103981 ], [ -91.082343826554563, 33.97887672854548 ], [ -91.082489063036121, 33.979087437766225 ], [ -91.082440877626254, 33.979327076261761 ], [ -91.082221144243661, 33.979486852941825 ], [ -91.081970624214676, 33.979503471828338 ], [ -91.080983019723334, 33.979067545116266 ], [ -91.080037052911237, 33.978515669019174 ], [ -91.079945246977474, 33.978320775152866 ], [ -91.079998883464071, 33.978116235302551 ] ] ], [ [ [ -91.076292188303626, 33.979568336476774 ], [ -91.076655655570747, 33.979413722652218 ], [ -91.077029205933343, 33.979552809609096 ], [ -91.07720806975496, 33.979785135625541 ], [ -91.077137350121319, 33.980054779280884 ], [ -91.076773880867862, 33.98020939444995 ], [ -91.076400328139101, 33.980070306646518 ], [ -91.076221466015951, 33.979837979520568 ], [ -91.076292188303626, 33.979568336476774 ] ] ], [ [ [ -91.079014965316929, 33.981574179892206 ], [ -91.079274968983526, 33.981403113616778 ], [ -91.079604021245331, 33.981435309238051 ], [ -91.079929111284557, 33.981701976960224 ], [ -91.079904024861364, 33.982009636091036 ], [ -91.079644020481268, 33.982180703660482 ], [ -91.079314965338597, 33.982148508050294 ], [ -91.078989875667503, 33.981881838730153 ], [ -91.079014965316929, 33.981574179892206 ] ] ], [ [ [ -91.075438918264695, 33.982710138729573 ], [ -91.075717807110124, 33.98256113504835 ], [ -91.07604148827194, 33.982620053604123 ], [ -91.076220355346578, 33.982852381077116 ], [ -91.076149629595548, 33.983122023841723 ], [ -91.075870739573432, 33.983271028452329 ], [ -91.07554705610481, 33.983212109371692 ], [ -91.075368190206873, 33.98297978096933 ], [ -91.075438918264695, 33.982710138729573 ] ] ], [ [ [ -91.072343114442646, 33.983460152052508 ], [ -91.073109951890288, 33.984263965421775 ], [ -91.073061736676266, 33.984503599039975 ], [ -91.072841972752926, 33.98466335776407 ], [ -91.072510705607741, 33.984658167070279 ], [ -91.072251341272079, 33.984481174202024 ], [ -91.071805560976543, 33.983985335245912 ], [ -91.071773206307896, 33.983646418225881 ], [ -91.072011852062673, 33.98345496017641 ], [ -91.072343114442646, 33.983460152052508 ] ] ], [ [ [ -91.069875544336341, 33.98153439522568 ], [ -91.070154438321865, 33.98138540433979 ], [ -91.070478110492232, 33.981444337264428 ], [ -91.070656959710647, 33.981676672262942 ], [ -91.070586217698221, 33.98194631130125 ], [ -91.070307322535498, 33.98209530311631 ], [ -91.069983648058724, 33.982036369666496 ], [ -91.069804800017494, 33.981804033738818 ], [ -91.069875544336341, 33.98153439522568 ] ] ], [ [ [ -91.066700993049608, 33.982185849235442 ], [ -91.067022025884327, 33.982032334323783 ], [ -91.067396067364257, 33.982168342030228 ], [ -91.067489131892984, 33.982398617321486 ], [ -91.067389537816709, 33.982621671624983 ], [ -91.067626677631608, 33.982628334244325 ], [ -91.067805043369233, 33.982721246244736 ], [ -91.067925190307747, 33.982988588771853 ], [ -91.068121925714934, 33.983126172103738 ], [ -91.068490253148269, 33.983668877430965 ], [ -91.06851016897798, 33.983877581756595 ], [ -91.068355529410979, 33.984083597734568 ], [ -91.068036716398424, 33.984158724468678 ], [ -91.067747512179423, 33.984024051318947 ], [ -91.067325557517876, 33.983303629196953 ], [ -91.067090238431874, 33.983103081457138 ], [ -91.067063301380855, 33.982929278986163 ], [ -91.067160012382644, 33.98274153251883 ], [ -91.066883151164447, 33.982722320365049 ], [ -91.066670771026097, 33.982555780860878 ], [ -91.066626399513083, 33.9823497071405 ], [ -91.066700993049608, 33.982185849235442 ] ] ], [ [ [ -91.063503616468708, 33.982436819005024 ], [ -91.063805048093315, 33.982257837941177 ], [ -91.064162355519983, 33.982338401969173 ], [ -91.064384226476037, 33.982670244460152 ], [ -91.064287517627136, 33.982967900711657 ], [ -91.06399242299112, 33.983093386661636 ], [ -91.063677244708586, 33.983008291706966 ], [ -91.063464917405142, 33.98271093293549 ], [ -91.063503616468708, 33.982436819005024 ] ] ], [ [ [ -91.060921878287715, 33.98315394166341 ], [ -91.06124249851247, 33.983825607585189 ], [ -91.061109939005277, 33.984078557134531 ], [ -91.060801493108031, 33.984179335272835 ], [ -91.060497845637826, 33.984068907068881 ], [ -91.060133310335544, 33.983449557049006 ], [ -91.06010995485768, 33.983258036754769 ], [ -91.059847858570606, 33.982913212024634 ], [ -91.059841515891293, 33.982738047113493 ], [ -91.059964161903537, 33.982555307665834 ], [ -91.060272602717291, 33.982454531433014 ], [ -91.060576244227761, 33.982564960010379 ], [ -91.06074753720344, 33.983003115593881 ], [ -91.060921878287715, 33.98315394166341 ] ] ], [ [ [ -91.050308969244824, 33.982395123346983 ], [ -91.050672492028824, 33.982240588459021 ], [ -91.051028696465934, 33.982406529415847 ], [ -91.051254311578219, 33.983004401781514 ], [ -91.051055114279947, 33.983301139243629 ], [ -91.050728992313054, 33.983349826469691 ], [ -91.05045706311914, 33.983192150708 ], [ -91.050238162811056, 33.982664748382916 ], [ -91.050308969244824, 33.982395123346983 ] ] ], [ [ [ -91.047942706068369, 33.982546588412113 ], [ -91.04822163924311, 33.982397648752432 ], [ -91.048545297163585, 33.982456639009733 ], [ -91.04872408703973, 33.982689003863641 ], [ -91.048653275353075, 33.982958627790744 ], [ -91.048374340999004, 33.983107568378976 ], [ -91.048050680773031, 33.983048577595156 ], [ -91.047871892076202, 33.98281621181269 ], [ -91.047942706068369, 33.982546588412113 ] ] ], [ [ [ -91.053651497428575, 33.983015210358552 ], [ -91.05401501735507, 33.982860665483386 ], [ -91.05437123130838, 33.983026597058476 ], [ -91.054624407998276, 33.983720080113564 ], [ -91.054589596132175, 33.983892908196594 ], [ -91.054426498940458, 33.984052196313741 ], [ -91.054100375554668, 33.984100892443642 ], [ -91.05382843743098, 33.98394322385515 ], [ -91.053580700846922, 33.98328483764508 ], [ -91.053651497428575, 33.983015210358552 ] ] ], [ [ [ -91.056569590194172, 33.983470819153105 ], [ -91.056848512397806, 33.983321859522633 ], [ -91.057172180899201, 33.983380827392857 ], [ -91.057350996710511, 33.983613180557064 ], [ -91.057280211121324, 33.983882810339736 ], [ -91.057001287739112, 33.984031770899044 ], [ -91.056677616931722, 33.983972802502805 ], [ -91.056498802298975, 33.983740448409755 ], [ -91.056569590194172, 33.983470819153105 ] ] ] ] } },
{ "type": "Feature", "properties": { "depth_bin": "160-165 ft", "bin_order": -162.5, "survey_id": "LM_15_CVB_20180418_CS_6170_6000", "date": "2018-04-18", "year": 2018, "mile": 601.0 }, "geometry": { "type": "MultiPolygon", "coordinates": [ [ [ [ -91.092670971785907, 33.969140314718615 ], [ -91.092930910403041, 33.968969217002474 ], [ -91.093259921921856, 33.969001374674619 ], [ -91.093465277618066, 33.969217950441717 ], [ -91.093426682413664, 33.969492077873461 ], [ -91.09316674309467, 33.969663176603241 ], [ -91.092837729085034, 33.969631018598882 ], [ -91.092632374090698, 33.969414441818138 ], [ -91.092670971785907, 33.969140314718615 ] ] ], [ [ [ -91.083891240285325, 33.976127619886171 ], [ -91.084151217553625, 33.97595654224876 ], [ -91.084480251404059, 33.975988724188177 ], [ -91.084685600031236, 33.97620531419615 ], [ -91.084646972497268, 33.976479437500323 ], [ -91.084386994525985, 33.976650516151523 ], [ -91.084057958184104, 33.976618333879244 ], [ -91.083852610259939, 33.97640174285749 ], [ -91.083891240285325, 33.976127619886171 ] ] ], [ [ [ -91.079698989050684, 33.977995634963918 ], [ -91.080000372532481, 33.977816612358836 ], [ -91.080440858914102, 33.977912164665923 ], [ -91.080646201340869, 33.978128761161827 ], [ -91.08060755971826, 33.978402882639045 ], [ -91.080306175304727, 33.97858190668876 ], [ -91.079865685678271, 33.978486353795027 ], [ -91.07966034448188, 33.978269756046231 ], [ -91.079698989050684, 33.977995634963918 ] ] ], [ [ [ -91.081839544673784, 33.979025472055611 ], [ -91.082140927669897, 33.978846444202865 ], [ -91.082464600143581, 33.978905345550857 ], [ -91.083246845363703, 33.979359285202783 ], [ -91.083338659959395, 33.979554176871076 ], [ -91.083262513497971, 33.979788727357523 ], [ -91.082899055600635, 33.979943361060421 ], [ -91.082368694042074, 33.979745478988406 ], [ -91.081853060544816, 33.979396090866928 ], [ -91.081785911879294, 33.979230012812586 ], [ -91.081839544673784, 33.979025472055611 ] ] ], [ [ [ -91.076154248180686, 33.979495334674738 ], [ -91.076414250739802, 33.979324274373177 ], [ -91.076743293564505, 33.97935647734635 ], [ -91.076948629592508, 33.979573079765053 ], [ -91.076909975265764, 33.979847199586899 ], [ -91.076649972002755, 33.980018260902234 ], [ -91.076320926686392, 33.979986057595674 ], [ -91.076115591362282, 33.979769454163197 ], [ -91.076154248180686, 33.979495334674738 ] ] ], [ [ [ -91.072570051533518, 33.980448605705909 ], [ -91.072830063899303, 33.98027755335734 ], [ -91.073159108551252, 33.980309765997553 ], [ -91.07336443735673, 33.980526374134676 ], [ -91.073325770988248, 33.980800492376545 ], [ -91.073065757918172, 33.980971545738875 ], [ -91.072736710774549, 33.980939332765047 ], [ -91.072531382673347, 33.980722723614157 ], [ -91.072570051533518, 33.980448605705909 ] ] ], [ [ [ -91.075549726851307, 33.982815761831233 ], [ -91.075851136059015, 33.982636750417456 ], [ -91.076208458173795, 33.982717279882827 ], [ -91.076782208290041, 33.983221644169177 ], [ -91.076826604862021, 33.983427715060763 ], [ -91.076726086791282, 33.983619604049288 ], [ -91.076431006658737, 33.983745120395184 ], [ -91.07611581200608, 33.983660056821904 ], [ -91.075542063164733, 33.983155689494104 ], [ -91.075549726851307, 33.982815761831233 ] ] ], [ [ [ -91.072392679298744, 33.9842587981639 ], [ -91.072652703993043, 33.984087746704624 ], [ -91.072981763175974, 33.984119960306707 ], [ -91.073187100203171, 33.984336568914884 ], [ -91.0731484309309, 33.98461068686116 ], [ -91.072888405532183, 33.984781739334359 ], [ -91.072559343857094, 33.984749525398605 ], [ -91.072354007534315, 33.984532915776498 ], [ -91.072392679298744, 33.9842587981639 ] ] ], [ [ [ -91.063622977289839, 33.982693289772982 ], [ -91.063924409611715, 33.982514308446355 ], [ -91.064281718230319, 33.982594872165556 ], [ -91.064483921518502, 33.982778466823923 ], [ -91.064581817555293, 33.983010665904558 ], [ -91.064494651072977, 33.983342807153143 ], [ -91.064199555392449, 33.983468293558559 ], [ -91.063884375510611, 33.983383199084436 ], [ -91.06358427845025, 33.982967403739508 ], [ -91.063622977289839, 33.982693289772982 ] ] ], [ [ [ -91.067207519720583, 33.982920155611133 ], [ -91.067551077598978, 33.982736633592367 ], [ -91.067925123033945, 33.982872639811042 ], [ -91.068093671253166, 33.983106971512292 ], [ -91.068084158143392, 33.983326787574782 ], [ -91.068348232333562, 33.983457950350193 ], [ -91.068677410949576, 33.98389383193053 ], [ -91.068697327263635, 33.984102536236328 ], [ -91.068542687701935, 33.984308552444105 ], [ -91.068223873979434, 33.984383679637489 ], [ -91.067934668698257, 33.984249006895951 ], [ -91.067605492696444, 33.983813123434928 ], [ -91.067601452151706, 33.983559768117381 ], [ -91.067396242736919, 33.983479525112458 ], [ -91.067199822795317, 33.983260081596306 ], [ -91.067207519720583, 33.982920155611133 ] ] ], [ [ [ -91.060011649695241, 33.982894386228935 ], [ -91.060313089879799, 33.982715414049821 ], [ -91.060670395394908, 33.982795988171866 ], [ -91.06088790030006, 33.98313181937722 ], [ -91.060791178788151, 33.983429472414933 ], [ -91.060496077800508, 33.983554949730006 ], [ -91.060180901772611, 33.983469845880791 ], [ -91.059972939187347, 33.983168498643288 ], [ -91.060011649695241, 33.982894386228935 ] ] ], [ [ [ -91.047924922756351, 33.982718163372517 ], [ -91.048184989047229, 33.982547165167141 ], [ -91.048514029785608, 33.98257944372989 ], [ -91.048719299131093, 33.982796090953535 ], [ -91.048680552585211, 33.983070198549321 ], [ -91.048420485587428, 33.983241197768145 ], [ -91.048091442357745, 33.983208918870133 ], [ -91.047886173719164, 33.982992270633048 ], [ -91.047924922756351, 33.982718163372517 ] ] ], [ [ [ -91.050491869983475, 33.982954198103968 ], [ -91.050793329178191, 33.982775249971262 ], [ -91.051150624558247, 33.98285585145203 ], [ -91.051349757779818, 33.983196366794807 ], [ -91.051253003287115, 33.983494011161092 ], [ -91.05095788919725, 33.983619465083954 ], [ -91.050642723679388, 33.98353433710934 ], [ -91.050443592616503, 33.983193820710234 ], [ -91.050491869983475, 33.982954198103968 ] ] ], [ [ [ -91.064239382351573, 33.983666684557882 ], [ -91.064499420664944, 33.983495650830754 ], [ -91.064828473406038, 33.983527886070497 ], [ -91.065033787703811, 33.983744507547179 ], [ -91.064995092728523, 33.984018622054471 ], [ -91.064735053709896, 33.984189656795337 ], [ -91.064405998476943, 33.984157421221397 ], [ -91.064200684884426, 33.983940798730963 ], [ -91.064239382351573, 33.983666684557882 ] ] ], [ [ [ -91.056616158897185, 33.983627948368344 ], [ -91.056876211560024, 33.983456931291499 ], [ -91.057205260248054, 33.983489186827697 ], [ -91.057410554464354, 33.983705820357947 ], [ -91.057371835142092, 33.98397993161506 ], [ -91.057111781773244, 33.984150949705537 ], [ -91.056782730593554, 33.984118693834638 ], [ -91.056577437083291, 33.983902059290756 ], [ -91.056616158897185, 33.983627948368344 ] ] ], [ [ [ -91.060506912718779, 33.983744472510097 ], [ -91.060785829415423, 33.983595503745498 ], [ -91.061109502186781, 33.983654461379189 ], [ -91.061288329543842, 33.983886809200726 ], [ -91.061217556013105, 33.984156441664318 ], [ -91.060938638138254, 33.98430541135788 ], [ -91.060614963060686, 33.984246453198409 ], [ -91.060436136881819, 33.984014104447908 ], [ -91.060506912718779, 33.983744472510097 ] ] ], [ [ [ -91.053885109003687, 33.983675957366962 ], [ -91.054164036276148, 33.9835270040182 ], [ -91.054487703337756, 33.983585978915826 ], [ -91.054666512043994, 33.983818335736728 ], [ -91.054595717846325, 33.984087963663271 ], [ -91.054316789395045, 33.984236917940798 ], [ -91.053993120027542, 33.984177942516979 ], [ -91.053814312500108, 33.983945584767319 ], [ -91.053885109003687, 33.983675957366962 ] ] ] ] } },
{ "type": "Feature", "properties": { "depth_bin": "165-170 ft", "bin_order": -167.5, "survey_id": "LM_15_CVB_20180418_CS_6170_6000", "date": "2018-04-18", "year": 2018, "mile": 601.0 }, "geometry": { "type": "MultiPolygon", "coordinates": [ [ [ [ -91.092515608845019, 33.969100713377038 ], [ -91.092775547632826, 33.968929615994782 ], [ -91.093104558920729, 33.968961774075538 ], [ -91.093309914119686, 33.969178350086615 ], [ -91.093271318442987, 33.969452477454787 ], [ -91.093011378953321, 33.969623575850683 ], [ -91.09268236517461, 33.969591417437712 ], [ -91.092477010677541, 33.969374840412982 ], [ -91.092515608845019, 33.969100713377038 ] ] ], [ [ [ -91.091034683922715, 33.972673412702129 ], [ -91.091294636756842, 33.972502319018943 ], [ -91.091623660994586, 33.972534481497014 ], [ -91.091829020461347, 33.972751060027896 ], [ -91.0917904178702, 33.97302518656236 ], [ -91.091530464333943, 33.973196281259305 ], [ -91.09120143760498, 33.973164118448878 ], [ -91.090996078840362, 33.972947538904229 ], [ -91.091034683922715, 33.972673412702129 ] ] ], [ [ [ -91.088843238980289, 33.975229134747693 ], [ -91.089024217545415, 33.975083877278301 ], [ -91.089271560647489, 33.975046867151121 ], [ -91.089861146743388, 33.97528669415307 ], [ -91.090066507869153, 33.975503275609427 ], [ -91.090027897963282, 33.975777401237764 ], [ -91.089726541711585, 33.975956449446272 ], [ -91.089290913232531, 33.975858509662281 ], [ -91.088856785518885, 33.975599754029737 ], [ -91.088789625656048, 33.975433679337478 ], [ -91.088843238980289, 33.975229134747693 ] ] ], [ [ [ -91.083426653221466, 33.975991297527614 ], [ -91.083770149837392, 33.975807727830727 ], [ -91.084291095186558, 33.975923852665026 ], [ -91.084757467859319, 33.976146832720808 ], [ -91.084849282868277, 33.976341723357137 ], [ -91.084814535545249, 33.976514562411467 ], [ -91.08465150756534, 33.976673893237205 ], [ -91.084409702404329, 33.976730913945623 ], [ -91.083631422224457, 33.976497738468069 ], [ -91.083401582072241, 33.976298958133924 ], [ -91.083426653221466, 33.975991297527614 ] ] ], [ [ [ -91.086193471060994, 33.976906304487414 ], [ -91.086556910264562, 33.976751660324609 ], [ -91.087065768879782, 33.97689487300083 ], [ -91.08727112634854, 33.977111458961353 ], [ -91.0872325065246, 33.977385583310877 ], [ -91.086889010358107, 33.977569162672843 ], [ -91.086337688536076, 33.977427025420361 ], [ -91.08612278239832, 33.977175954489013 ], [ -91.086193471060994, 33.976906304487414 ] ] ], [ [ [ -91.079568291259775, 33.977911186953598 ], [ -91.079828282350263, 33.977740118988763 ], [ -91.080157320839135, 33.977772312667625 ], [ -91.08036266220391, 33.977988909605266 ], [ -91.080324019760596, 33.978263030970048 ], [ -91.080064027966628, 33.978434099948657 ], [ -91.07973498698621, 33.978401905936657 ], [ -91.079529646324929, 33.978185307985235 ], [ -91.079568291259775, 33.977911186953598 ] ] ], [ [ [ -91.075843587708064, 33.979162152369653 ], [ -91.076207053955315, 33.979007539829823 ], [ -91.076574374514294, 33.979151309624051 ], [ -91.076858948606755, 33.979448673064041 ], [ -91.076797775032688, 33.979752800573067 ], [ -91.076518897373603, 33.97990180715032 ], [ -91.076195226036916, 33.979842890171525 ], [ -91.075795968489956, 33.979499817830046 ], [ -91.075843587708064, 33.979162152369653 ] ] ], [ [ [ -91.082669942910712, 33.979476711318654 ], [ -91.082929933034521, 33.979305636786926 ], [ -91.083258979112088, 33.979337822406386 ], [ -91.08346433217578, 33.979554414513096 ], [ -91.083425698688757, 33.979828537105362 ], [ -91.083165707861738, 33.979999612650978 ], [ -91.08283665929234, 33.979967426698558 ], [ -91.082631306931859, 33.97975083357796 ], [ -91.082669942910712, 33.979476711318654 ] ] ], [ [ [ -91.079282544733644, 33.981732460497192 ], [ -91.079542548389966, 33.981561393658254 ], [ -91.079871601395709, 33.981593588587174 ], [ -91.08007695072493, 33.981810186166847 ], [ -91.080038305028069, 33.982084307189616 ], [ -91.07977830066811, 33.982255375042485 ], [ -91.079449245170352, 33.98222317978037 ], [ -91.079243896544767, 33.982006581186766 ], [ -91.079282544733644, 33.981732460497192 ] ] ], [ [ [ -91.076147921869918, 33.983289521216392 ], [ -91.076426811501349, 33.983140515962866 ], [ -91.076750495423582, 33.983199432739731 ], [ -91.076929365616124, 33.983431759269223 ], [ -91.07685864151405, 33.983701402478481 ], [ -91.07657975070596, 33.983850408661397 ], [ -91.076256064476823, 33.98379149135971 ], [ -91.076077195460954, 33.983559163900814 ], [ -91.076147921869918, 33.983289521216392 ] ] ], [ [ [ -91.072505932514431, 33.984352672856637 ], [ -91.072784831661963, 33.984203676228617 ], [ -91.073108516588277, 33.984262602636207 ], [ -91.073287378684654, 33.984494934160288 ], [ -91.073216642128529, 33.984764574802149 ], [ -91.072937741803898, 33.984913572359517 ], [ -91.072614054570707, 33.984854645426864 ], [ -91.072435193651444, 33.984622312973443 ], [ -91.072505932514431, 33.984352672856637 ] ] ], [ [ [ -91.059740712339377, 33.982395807214367 ], [ -91.060042151245014, 33.982216835644238 ], [ -91.060399454400596, 33.982297410478189 ], [ -91.060600587689692, 33.982636223866365 ], [ -91.060503865835372, 33.982933876685344 ], [ -91.060208766210451, 33.983059353365356 ], [ -91.059893592311951, 33.982974248846915 ], [ -91.059692461158832, 33.982635434389806 ], [ -91.059740712339377, 33.982395807214367 ] ] ], [ [ [ -91.063854177803904, 33.983059288511029 ], [ -91.064035214338617, 33.982914070045005 ], [ -91.064282588633844, 33.982877111390394 ], [ -91.064479283856585, 33.982939255411495 ], [ -91.064722067982075, 33.983142498861753 ], [ -91.06490023662576, 33.98352912185149 ], [ -91.064875434434725, 33.983727057127147 ], [ -91.065121841965563, 33.983855682692834 ], [ -91.065263296464991, 33.984145769335115 ], [ -91.065233944771691, 33.984353699068549 ], [ -91.06507086582053, 33.984513001955278 ], [ -91.064744745319757, 33.984561726466033 ], [ -91.064472784918948, 33.984404080696173 ], [ -91.064355990375248, 33.984142811159153 ], [ -91.064380793935229, 33.983944876046998 ], [ -91.06413438734505, 33.983816249027782 ], [ -91.063829032940603, 33.98336694227374 ], [ -91.063854177803904, 33.983059288511029 ] ] ], [ [ [ -91.047967955501036, 33.98282032790906 ], [ -91.04816522917109, 33.982690617142147 ], [ -91.048373866643544, 33.982668209402156 ], [ -91.048708827321562, 33.98286244277849 ], [ -91.048818243472653, 33.983482614586983 ], [ -91.048585081681978, 33.983761653195877 ], [ -91.04825479943085, 33.983783470592499 ], [ -91.048002736244968, 33.983604345476643 ], [ -91.047873756990086, 33.983195899478105 ], [ -91.047967955501036, 33.98282032790906 ] ] ], [ [ [ -91.050608429215501, 33.983185635741307 ], [ -91.050929492741119, 33.983032164013366 ], [ -91.051275585273075, 33.983141551272972 ], [ -91.051436035114179, 33.983497433560828 ], [ -91.051304724922048, 33.983785744500061 ], [ -91.050996269757789, 33.983886497676878 ], [ -91.050692637220649, 33.983776045732192 ], [ -91.050532190063862, 33.983420162579598 ], [ -91.050608429215501, 33.983185635741307 ] ] ], [ [ [ -91.056689690240162, 33.983749112841345 ], [ -91.056949743144912, 33.983578095619883 ], [ -91.057278792335609, 33.983610350975958 ], [ -91.057484087020867, 33.983826984396096 ], [ -91.057445367859117, 33.984101095677588 ], [ -91.057185314248329, 33.984272113912667 ], [ -91.056856262565972, 33.984239858221912 ], [ -91.056650968586752, 33.984023223788149 ], [ -91.056689690240162, 33.983749112841345 ] ] ], [ [ [ -91.067995768770132, 33.983941775499723 ], [ -91.068274673903773, 33.983792789319445 ], [ -91.068631992555581, 33.983873340708932 ], [ -91.068866905593481, 33.984200287818581 ], [ -91.068770210205429, 33.984497948008453 ], [ -91.068475116219915, 33.984623444733003 ], [ -91.068159927316216, 33.98453836093816 ], [ -91.067925016188852, 33.984211412556391 ], [ -91.067995768770132, 33.983941775499723 ] ] ], [ [ [ -91.060557228612737, 33.983899269218504 ], [ -91.060817274648912, 33.983728243566638 ], [ -91.061146326397406, 33.98376048864251 ], [ -91.061351631568584, 33.98397711595446 ], [ -91.061312924678688, 33.984251228877916 ], [ -91.061052877936888, 33.984422255543478 ], [ -91.060723823696605, 33.984390010133168 ], [ -91.060518519231053, 33.984173381807516 ], [ -91.060557228612737, 33.983899269218504 ] ] ], [ [ [ -91.053910976773196, 33.983835351802966 ], [ -91.054212432425587, 33.983656395169412 ], [ -91.054569735183861, 33.983736986945182 ], [ -91.054767986896664, 33.98407684320415 ], [ -91.054671243039948, 33.984374490601972 ], [ -91.05437613045234, 33.984499952781867 ], [ -91.054060957874441, 33.984414833348104 ], [ -91.053862708317737, 33.984074976037633 ], [ -91.053910976773196, 33.983835351802966 ] ] ] ] } },
{ "type": "Feature", "properties": { "depth_bin": "170-175 ft", "bin_order": -172.5, "survey_id": "LM_15_CVB_20180418_CS_6170_6000", "date": "2018-04-18", "year": 2018, "mile": 601.0 }, "geometry": { "type": "MultiPolygon", "coordinates": [ [ [ [ -91.092197797958491, 33.96901844975099 ], [ -91.092499124114141, 33.968839394278106 ], [ -91.092910003930953, 33.968900713945494 ], [ -91.093139848035861, 33.969099476810193 ], [ -91.093133686631091, 33.969375436115158 ], [ -91.092854875405422, 33.969578239053334 ], [ -91.092402605041983, 33.969524877840385 ], [ -91.092172761625179, 33.969326113630366 ], [ -91.092197797958491, 33.96901844975099 ] ] ], [ [ [ -91.093474631611159, 33.96932424343435 ], [ -91.093753446099356, 33.969175195958933 ], [ -91.094077091754414, 33.969234065845825 ], [ -91.094255982971632, 33.969466368283882 ], [ -91.094185326871866, 33.969736024312645 ], [ -91.093906511209411, 33.969885072717453 ], [ -91.093582863248258, 33.969826202307026 ], [ -91.093403973205284, 33.969593898939586 ], [ -91.093474631611159, 33.96932424343435 ] ] ], [ [ [ -91.090287971134345, 33.972384337080982 ], [ -91.090507671186018, 33.972224544665202 ], [ -91.090758168978454, 33.972207907576838 ], [ -91.091883542944259, 33.972638215098726 ], [ -91.092113394198023, 33.972836980030721 ], [ -91.092107228611198, 33.973112939002711 ], [ -91.091944220578029, 33.973272280270173 ], [ -91.091660049371001, 33.97332692165827 ], [ -91.090628750911534, 33.972960333369194 ], [ -91.090280369100597, 33.972724268256925 ], [ -91.090287971134345, 33.972384337080982 ] ] ], [ [ [ -91.088422217661673, 33.975015647178381 ], [ -91.088619414439123, 33.974885868605611 ], [ -91.088910925642239, 33.974878473127148 ], [ -91.089603424160302, 33.975187061460737 ], [ -91.089737369190317, 33.975312716364868 ], [ -91.090155055480551, 33.975419920158203 ], [ -91.090360417680216, 33.975636501155883 ], [ -91.090321808632339, 33.975910626901182 ], [ -91.090102098420047, 33.976070418556915 ], [ -91.089851589192733, 33.976087053905616 ], [ -91.089419503202052, 33.975839492244738 ], [ -91.089183205396267, 33.975813658427036 ], [ -91.088566446240108, 33.975536366005997 ], [ -91.088351537838591, 33.975285298835182 ], [ -91.088422217661673, 33.975015647178381 ] ] ], [ [ [ -91.086797829327111, 33.976942927828183 ], [ -91.087182168514389, 33.976926674234697 ], [ -91.087541037346256, 33.977157764960324 ], [ -91.087567353143072, 33.97743289894602 ], [ -91.087352436699348, 33.977642950285166 ], [ -91.086982460812223, 33.97765233083765 ], [ -91.086728281782229, 33.977531653454434 ], [ -91.086602369575729, 33.977379622677958 ], [ -91.086257750207309, 33.977408416785764 ], [ -91.085988179592363, 33.977197098621886 ], [ -91.085994365896454, 33.976921140819691 ], [ -91.086232961558039, 33.976729653224631 ], [ -91.086524478993255, 33.976722263629185 ], [ -91.086797829327111, 33.976942927828183 ] ] ], [ [ [ -91.083145117800797, 33.975859077373904 ], [ -91.08346609882274, 33.975705517537833 ], [ -91.083868591644602, 33.975788916931556 ], [ -91.084073938213308, 33.976005507897661 ], [ -91.08403530884658, 33.97627963095362 ], [ -91.083733938925519, 33.976458663968913 ], [ -91.083289315047068, 33.976379801264905 ], [ -91.083074420625323, 33.976128725364894 ], [ -91.083145117800797, 33.975859077373904 ] ] ], [ [ [ -91.084209922319786, 33.976225698339057 ], [ -91.084530902975246, 33.9760721357137 ], [ -91.084931830357476, 33.976168291867182 ], [ -91.085137180577462, 33.976384881169324 ], [ -91.085098554377041, 33.976659004654891 ], [ -91.084797185178118, 33.976838040296244 ], [ -91.084354126633087, 33.976746421196985 ], [ -91.084139228116953, 33.976495347032397 ], [ -91.084209922319786, 33.976225698339057 ] ] ], [ [ [ -91.079015867088657, 33.977610502639727 ], [ -91.079379321306732, 33.977455880259612 ], [ -91.079912807192017, 33.977647545203872 ], [ -91.080209106705595, 33.977934718208211 ], [ -91.080147946341256, 33.978238847903945 ], [ -91.079950729356, 33.978368612113854 ], [ -91.079742108070207, 33.97839107410136 ], [ -91.079124021155906, 33.978112471032311 ], [ -91.078945155259092, 33.977880147684175 ], [ -91.079015867088657, 33.977610502639727 ] ] ], [ [ [ -91.075665630719371, 33.979126267596158 ], [ -91.075925633045202, 33.978955208313074 ], [ -91.07625467420435, 33.9789874125401 ], [ -91.076460008110132, 33.97920401571352 ], [ -91.076421352447639, 33.979478135348863 ], [ -91.076161349417887, 33.979649195645685 ], [ -91.07583230576715, 33.979616991085258 ], [ -91.075626972565274, 33.979400386898078 ], [ -91.075665630719371, 33.979126267596158 ] ] ], [ [ [ -91.082833967066563, 33.979521958453759 ], [ -91.083112833135715, 33.979372937122257 ], [ -91.083436508385972, 33.979431835998945 ], [ -91.08361538987667, 33.979664153291452 ], [ -91.0835446904252, 33.979933801337822 ], [ -91.083265823180213, 33.980082823598778 ], [ -91.082942145623178, 33.980023924197731 ], [ -91.082763265308316, 33.979791605975777 ], [ -91.082833967066563, 33.979521958453759 ] ] ], [ [ [ -91.072343511857014, 33.980241094744066 ], [ -91.072664527784724, 33.98008756444915 ], [ -91.07309467322554, 33.980220368044122 ], [ -91.073273527358822, 33.980452699438104 ], [ -91.073202794747047, 33.980722340353807 ], [ -91.072881777272769, 33.980875871989916 ], [ -91.072451628947064, 33.980743067560638 ], [ -91.072272776541951, 33.980510735037868 ], [ -91.072343511857014, 33.980241094744066 ] ] ], [ [ [ -91.06965713176703, 33.981326448021214 ], [ -91.06993602541138, 33.981177457615644 ], [ -91.070293335044042, 33.981258003884172 ], [ -91.070524743287905, 33.981584061983234 ], [ -91.07042805703874, 33.981881723899605 ], [ -91.070132974533152, 33.982007225051568 ], [ -91.069817793297901, 33.98192214575014 ], [ -91.069586386969505, 33.981596086399335 ], [ -91.06965713176703, 33.981326448021214 ] ] ], [ [ [ -91.079397402429706, 33.981834508356201 ], [ -91.079698800465763, 33.981655487085277 ], [ -91.080022481493003, 33.981714395145545 ], [ -91.080304180933453, 33.982012593333458 ], [ -91.080243017260941, 33.982316722796874 ], [ -91.079964136627609, 33.982465737048045 ], [ -91.079640452823938, 33.982406828744111 ], [ -91.079372314032085, 33.982142167304829 ], [ -91.079397402429706, 33.981834508356201 ] ] ], [ [ [ -91.069264241509529, 33.984768231242981 ], [ -91.069639696900268, 33.985295702220263 ], [ -91.069563507295058, 33.985530242536065 ], [ -91.069284598434692, 33.985679231481399 ], [ -91.0689609113264, 33.985620294924864 ], [ -91.068636463896141, 33.985181166902159 ], [ -91.068727351931869, 33.984845716587586 ], [ -91.068369450351014, 33.984793350315861 ], [ -91.068143522640767, 33.98451231036843 ], [ -91.068116583131271, 33.984338508075965 ], [ -91.068217121140847, 33.984146626847277 ], [ -91.068512213790726, 33.984021130688731 ], [ -91.06882740120588, 33.984106213533174 ], [ -91.069042790702994, 33.984433662894247 ], [ -91.068942360335811, 33.984734628960197 ], [ -91.069264241509529, 33.984768231242981 ] ] ], [ [ [ -91.066625329437159, 33.982063742462152 ], [ -91.066904230505571, 33.981914759217609 ], [ -91.067227901993164, 33.981973700685195 ], [ -91.067406743163062, 33.982206040124069 ], [ -91.067335990450843, 33.982475676898986 ], [ -91.067057088204905, 33.982624661072606 ], [ -91.066733414411004, 33.982565719079638 ], [ -91.066554574418632, 33.982333378711672 ], [ -91.066625329437159, 33.982063742462152 ] ] ], [ [ [ -91.063374789005906, 33.98216248652119 ], [ -91.063695827299952, 33.982008980498577 ], [ -91.064041933917295, 33.982118332265301 ], [ -91.064212472646417, 33.982471584186321 ], [ -91.064081206694397, 33.982759910374199 ], [ -91.063772768778037, 33.98286069627467 ], [ -91.063469121701729, 33.982750275415874 ], [ -91.063304023711765, 33.982432120536203 ], [ -91.063374789005906, 33.98216248652119 ] ] ], [ [ [ -91.050236481127058, 33.982301210116852 ], [ -91.050496541719127, 33.982130206804456 ], [ -91.050825582044098, 33.982162479157481 ], [ -91.051030856503743, 33.982379122706149 ], [ -91.050992117603997, 33.98265323131448 ], [ -91.050732056305293, 33.982824235640351 ], [ -91.050403013489017, 33.982791962952227 ], [ -91.050197739736006, 33.98257531839009 ], [ -91.050236481127058, 33.982301210116852 ] ] ], [ [ [ -91.056158321767541, 33.982720054536102 ], [ -91.056437242122129, 33.982571095760868 ], [ -91.056760907463016, 33.982630064611271 ], [ -91.056939720653688, 33.982862418306425 ], [ -91.056868934518818, 33.983132047859755 ], [ -91.056590012985652, 33.983281007563782 ], [ -91.056266345338869, 33.983222038187357 ], [ -91.05608753332676, 33.982989683563396 ], [ -91.056158321767541, 33.982720054536102 ] ] ], [ [ [ -91.053589389962596, 33.98289087220374 ], [ -91.053868315082042, 33.982741919436279 ], [ -91.054191978949234, 33.98280089500831 ], [ -91.054370785290857, 33.983033252201665 ], [ -91.054299990943505, 33.983302879980492 ], [ -91.054021064645255, 33.983451833676703 ], [ -91.053697398472238, 33.983392857578465 ], [ -91.053518593309434, 33.983160499456382 ], [ -91.053589389962596, 33.98289087220374 ] ] ], [ [ [ -91.064162588797487, 33.983525593308002 ], [ -91.064483631028835, 33.983372085389504 ], [ -91.064857673842297, 33.983508100853598 ], [ -91.065087149727987, 33.983836342689699 ], [ -91.065114147652025, 33.984009353365167 ], [ -91.065330349204203, 33.984230474621292 ], [ -91.065325604640933, 33.984439799734908 ], [ -91.065182055072768, 33.984611651275365 ], [ -91.064863237681237, 33.984686769608942 ], [ -91.064574037096776, 33.984552089117301 ], [ -91.064483799260501, 33.984287296553624 ], [ -91.064101366638369, 33.983829712638268 ], [ -91.064162588797487, 33.983525593308002 ] ] ], [ [ [ -91.048095507278177, 33.983363294162586 ], [ -91.048374442945587, 33.983214354259111 ], [ -91.048698104061501, 33.983273344219036 ], [ -91.048876895964099, 33.983505708896168 ], [ -91.048806083947781, 33.983775332870678 ], [ -91.048527147101012, 33.98392427370274 ], [ -91.048203483679487, 33.983865283216296 ], [ -91.048024692956247, 33.983632917610571 ], [ -91.048095507278177, 33.983363294162586 ] ] ], [ [ [ -91.050707330918186, 33.983445618463378 ], [ -91.050986262601668, 33.983296672486183 ], [ -91.051309926179485, 33.983355655644004 ], [ -91.051488725547799, 33.983588016775109 ], [ -91.051417921627817, 33.98385764253694 ], [ -91.051138988765217, 33.984006589442807 ], [ -91.050815322881661, 33.983947605758608 ], [ -91.050636524692493, 33.983715243698832 ], [ -91.050707330918186, 33.983445618463378 ] ] ], [ [ [ -91.056742631524898, 33.98387723929811 ], [ -91.057002684732595, 33.983706221977947 ], [ -91.05733173444213, 33.983738477209641 ], [ -91.057537029558176, 33.98395511055255 ], [ -91.057498310486849, 33.98422922184924 ], [ -91.057238256573115, 33.984400240183014 ], [ -91.056909204371905, 33.98436798461664 ], [ -91.056703909961897, 33.984151350260085 ], [ -91.056742631524898, 33.98387723929811 ] ] ], [ [ [ -91.060653063586145, 33.983990730120958 ], [ -91.060931980870848, 33.983841761049575 ], [ -91.061255654688139, 33.983900718332329 ], [ -91.061434482936363, 33.984133065964329 ], [ -91.061363709619982, 33.984402698510834 ], [ -91.061084791157086, 33.984551668511187 ], [ -91.060761115033529, 33.984492710702661 ], [ -91.060582287963499, 33.984260362141676 ], [ -91.060653063586145, 33.983990730120958 ] ] ], [ [ [ -91.054055049591199, 33.984065745873096 ], [ -91.054333977894899, 33.983916792181851 ], [ -91.05465764656158, 33.983975766684345 ], [ -91.05483645650655, 33.984208123288894 ], [ -91.054765662455594, 33.984477751304617 ], [ -91.054486732973047, 33.984626705924654 ], [ -91.054163062000413, 33.984567730895982 ], [ -91.053984253234276, 33.98433537336264 ], [ -91.054055049591199, 33.984065745873096 ] ] ] ] } },
{ "type": "Feature", "properties": { "depth_bin": "175-180 ft", "bin_order": -177.5, "survey_id": "LM_15_CVB_20180418_CS_6170_6000", "date": "2018-04-18", "year": 2018, "mile": 601.0 }, "geometry": { "type": "MultiPolygon", "coordinates": [ [ [ [ -91.091715430318743, 33.968927195869405 ], [ -91.092058881077733, 33.968743601233093 ], [ -91.092587228668279, 33.96883876145246 ], [ -91.092817071832258, 33.969037524890837 ], [ -91.092810909399276, 33.969313484146639 ], [ -91.092490710301107, 33.969524245108225 ], [ -91.09192023430893, 33.969433624663608 ], [ -91.091690392294907, 33.969234859596206 ], [ -91.091715430318743, 33.968927195869405 ] ] ], [ [ [ -91.093630595294357, 33.969371918638629 ], [ -91.093909409687527, 33.969222870806711 ], [ -91.094233055649511, 33.969281740292601 ], [ -91.094411947395798, 33.969514042520032 ], [ -91.094341291737365, 33.969783698651945 ], [ -91.094062476169967, 33.96993274741326 ], [ -91.093738827901873, 33.969873877403835 ], [ -91.093559937329815, 33.969641574247014 ], [ -91.093630595294357, 33.969371918638629 ] ] ], [ [ [ -91.090002783858168, 33.972245614988196 ], [ -91.090323739518396, 33.972092036276393 ], [ -91.090722383426595, 33.972192391283556 ], [ -91.090927739752146, 33.972408971224262 ], [ -91.090889134489558, 33.972683097396256 ], [ -91.090587791185655, 33.972862148237247 ], [ -91.090147018325567, 33.972766332353984 ], [ -91.089932111709771, 33.972515267918354 ], [ -91.090002783858168, 33.972245614988196 ] ] ], [ [ [ -91.091505752509846, 33.972817468514997 ], [ -91.091869165088141, 33.972662807626939 ], [ -91.092529677563519, 33.972859746224373 ], [ -91.092735040145556, 33.973076323337004 ], [ -91.092696440251373, 33.973350450236843 ], [ -91.092552305579019, 33.973478087571458 ], [ -91.092310514087643, 33.973535124335726 ], [ -91.091649997026849, 33.973338184419738 ], [ -91.091435084503956, 33.973087122431814 ], [ -91.091505752509846, 33.972817468514997 ] ] ], [ [ [ -91.085669391057721, 33.973515987331574 ], [ -91.086343442942763, 33.973847259776377 ], [ -91.086409012905008, 33.974084017074553 ], [ -91.086308528039183, 33.974275915292154 ], [ -91.08609701108125, 33.974388961712656 ], [ -91.085845756515454, 33.974385052494249 ], [ -91.085324893138989, 33.974173870597646 ], [ -91.085119547468551, 33.973957281701971 ], [ -91.085158171949217, 33.973683158051649 ], [ -91.08541813912251, 33.97351207732796 ], [ -91.085669391057721, 33.973515987331574 ] ] ], [ [ [ -91.088123294886515, 33.974900502218929 ], [ -91.088444263904975, 33.974746928934117 ], [ -91.088867557070671, 33.974873261464431 ], [ -91.08904644479594, 33.975105571198505 ], [ -91.088975766838715, 33.975375223275528 ], [ -91.088654796289305, 33.975528797884522 ], [ -91.088231500271689, 33.975402464533737 ], [ -91.088052614240894, 33.975170153679535 ], [ -91.088123294886515, 33.974900502218929 ] ] ], [ [ [ -91.089734235923544, 33.975585864315264 ], [ -91.090013077517028, 33.975436826389313 ], [ -91.090336743634538, 33.975495706789232 ], [ -91.09051563668514, 33.975728014545737 ], [ -91.090444962715225, 33.975997667582966 ], [ -91.090166119946801, 33.976146706438421 ], [ -91.089842451522642, 33.976087825514632 ], [ -91.089663559646993, 33.975855516828616 ], [ -91.089734235923544, 33.975585864315264 ] ] ], [ [ [ -91.084866333572364, 33.976195813605727 ], [ -91.086489293052423, 33.976710104244425 ], [ -91.08664506548601, 33.976874396329151 ], [ -91.086638881295144, 33.977150354238482 ], [ -91.086400285282437, 33.977341842599685 ], [ -91.086108765732064, 33.977349231826864 ], [ -91.084685154675327, 33.976886901428159 ], [ -91.084493906017954, 33.97675108107736 ], [ -91.08442546288299, 33.976549631178727 ], [ -91.084557941722423, 33.976296653411993 ], [ -91.084866333572364, 33.976195813605727 ] ] ], [ [ [ -91.086955134498368, 33.977163409835633 ], [ -91.087318573551201, 33.977008763417949 ], [ -91.08798369385643, 33.977198333494016 ], [ -91.088189054422628, 33.977414918016549 ], [ -91.088150437347224, 33.977689042738113 ], [ -91.088006288492309, 33.977816674174299 ], [ -91.087764481970481, 33.977873701435527 ], [ -91.087099357021685, 33.977684130029317 ], [ -91.086884447967336, 33.97743306033982 ], [ -91.086955134498368, 33.977163409835633 ] ] ], [ [ [ -91.082532132570677, 33.975643140998223 ], [ -91.082729339332886, 33.975513372241622 ], [ -91.082937953012191, 33.975490904906643 ], [ -91.083553816745393, 33.975704963733293 ], [ -91.083759162297795, 33.975921555193388 ], [ -91.08372053197634, 33.976195678120504 ], [ -91.083576379386983, 33.976323304251807 ], [ -91.083334574617439, 33.976380322858574 ], [ -91.0826763257419, 33.976163865483962 ], [ -91.082461433688749, 33.975912788585191 ], [ -91.082532132570677, 33.975643140998223 ] ] ], [ [ [ -91.07916667242003, 33.977671004998321 ], [ -91.079445538271031, 33.977521991953751 ], [ -91.079769203554207, 33.977580900171446 ], [ -91.079948071167138, 33.977813222387297 ], [ -91.079877362056507, 33.978082868055218 ], [ -91.079598495029416, 33.978231882029057 ], [ -91.07927482743986, 33.978172973286831 ], [ -91.079095961002992, 33.977940650141697 ], [ -91.07916667242003, 33.977671004998321 ] ] ], [ [ [ -91.075459365759826, 33.978898910437692 ], [ -91.075738241784748, 33.978749906191226 ], [ -91.076095547683892, 33.978830435466769 ], [ -91.076341948969926, 33.979152820674052 ], [ -91.076245285961804, 33.979450488072622 ], [ -91.075950219901571, 33.979576003818615 ], [ -91.075635040982277, 33.979490939507009 ], [ -91.075398187724204, 33.979203037117344 ], [ -91.075459365759826, 33.978898910437692 ] ] ], [ [ [ -91.082972416486641, 33.979590830112997 ], [ -91.083335872728654, 33.97943619612861 ], [ -91.083869478911595, 33.97963158119979 ], [ -91.084156294867356, 33.979877596786793 ], [ -91.084108707842162, 33.980215266548662 ], [ -91.0839114918478, 33.980345037121964 ], [ -91.083702866413574, 33.980367505692229 ], [ -91.08308059593088, 33.980092795760889 ], [ -91.082901715094053, 33.979860477724863 ], [ -91.082972416486641, 33.979590830112997 ] ] ], [ [ [ -91.076261880887088, 33.983386851489527 ], [ -91.076540770658951, 33.983237845983872 ], [ -91.076864455040692, 33.983296762475305 ], [ -91.077043325742622, 33.983529088853302 ], [ -91.07697260190146, 33.983798732133721 ], [ -91.07669371095291, 33.983947738568787 ], [ -91.07637002426425, 33.983888821552526 ], [ -91.076191154738993, 33.983656494245132 ], [ -91.076261880887088, 33.983386851489527 ] ] ], [ [ [ -91.07223420733267, 33.980139252973117 ], [ -91.072513092785613, 33.979990256404868 ], [ -91.072836761650862, 33.980049183006393 ], [ -91.073015614727694, 33.980281514744938 ], [ -91.072944881477213, 33.980551155496052 ], [ -91.072665994847398, 33.980700152993485 ], [ -91.072342323675798, 33.980641225866947 ], [ -91.072163471775852, 33.980408893199233 ], [ -91.07223420733267, 33.980139252973117 ] ] ], [ [ [ -91.069539724925846, 33.981229571207578 ], [ -91.069818618436827, 33.981080581062216 ], [ -91.070142289185398, 33.981139514825522 ], [ -91.070321136867591, 33.981371850269575 ], [ -91.07025039410442, 33.981641489099275 ], [ -91.069971499416226, 33.981790480173771 ], [ -91.069647826361305, 33.981731545885275 ], [ -91.06946897985631, 33.98149920951208 ], [ -91.069539724925846, 33.981229571207578 ] ] ], [ [ [ -91.06328900644975, 33.982044614584993 ], [ -91.063567912900183, 33.981895639108167 ], [ -91.063891581571554, 33.981954589276 ], [ -91.064070413376555, 33.982186933251313 ], [ -91.063999650236397, 33.982456567741401 ], [ -91.063720742608126, 33.982605544147212 ], [ -91.063397071630604, 33.98254659345379 ], [ -91.063218241003426, 33.9823142485495 ], [ -91.06328900644975, 33.982044614584993 ] ] ], [ [ [ -91.04789666971871, 33.982410228240852 ], [ -91.048175602510753, 33.982261288669676 ], [ -91.048499259880785, 33.982320279030169 ], [ -91.048678049361214, 33.982552643941474 ], [ -91.048607237665337, 33.982822267846565 ], [ -91.048328303693964, 33.982971208346285 ], [ -91.048004644018434, 33.982912217459265 ], [ -91.047825855717335, 33.982679851619416 ], [ -91.04789666971871, 33.982410228240852 ] ] ], [ [ [ -91.048131746766543, 33.98349575423552 ], [ -91.04845281561569, 33.983342289179191 ], [ -91.048798905858519, 33.983451683338025 ], [ -91.048930056793125, 33.983848560251921 ], [ -91.048797461413486, 33.984101495247963 ], [ -91.048489002445564, 33.984202241986019 ], [ -91.048185372363747, 33.984091783929138 ], [ -91.048065710690679, 33.983870199438321 ], [ -91.048131746766543, 33.98349575423552 ] ] ], [ [ [ -91.050741390963708, 33.983581222435134 ], [ -91.051062455792135, 33.983427750413028 ], [ -91.051408550092475, 33.983537137353821 ], [ -91.05156229683837, 33.98393261590369 ], [ -91.051429708975732, 33.984185554003737 ], [ -91.051121252474047, 33.984286307442524 ], [ -91.050817618362828, 33.984175855757819 ], [ -91.050665151765102, 33.983815749342064 ], [ -91.050741390963708, 33.983581222435134 ] ] ], [ [ [ -91.056832659568897, 33.983976899156318 ], [ -91.057153715765637, 33.983823410906574 ], [ -91.05749982031719, 33.983932781022958 ], [ -91.057772522854336, 33.984358111010643 ], [ -91.057646668129351, 33.984681527511938 ], [ -91.057338216362169, 33.984782296733975 ], [ -91.057034571697443, 33.984671860068495 ], [ -91.056771411061789, 33.984281013893835 ], [ -91.056832659568897, 33.983976899156318 ] ] ], [ [ [ -91.060713876800733, 33.984116830284663 ], [ -91.060992794409458, 33.983967861088878 ], [ -91.061350105851076, 33.984048433425109 ], [ -91.061578202684856, 33.984380023924778 ], [ -91.061481481920509, 33.984677677483091 ], [ -91.061186377455655, 33.984803156316033 ], [ -91.060871196101985, 33.984718054068161 ], [ -91.06064310124394, 33.984386462338236 ], [ -91.060713876800733, 33.984116830284663 ] ] ], [ [ [ -91.064623036314117, 33.984251718919353 ], [ -91.064901947994485, 33.984102740636629 ], [ -91.065225626059487, 33.984161687595623 ], [ -91.065404465919414, 33.984394029838803 ], [ -91.065333704776947, 33.984663665088227 ], [ -91.06505479191874, 33.98481264430005 ], [ -91.064731111547275, 33.984753696815517 ], [ -91.064552272865186, 33.984521353643224 ], [ -91.064623036314117, 33.984251718919353 ] ] ], [ [ [ -91.072618919613774, 33.984456305166162 ], [ -91.072897818924559, 33.984307308289097 ], [ -91.073221504333347, 33.984366234414587 ], [ -91.073400366948761, 33.984598565788772 ], [ -91.07332963064421, 33.984868206500721 ], [ -91.073050730156339, 33.985017204307127 ], [ -91.072727042440718, 33.98495827765656 ], [ -91.072548181002375, 33.98472594535307 ], [ -91.072618919613774, 33.984456305166162 ] ] ], [ [ [ -91.068337772013422, 33.984408639241408 ], [ -91.068658810680134, 33.984255120296382 ], [ -91.069004933323924, 33.984364458591571 ], [ -91.069378977932004, 33.984869012880502 ], [ -91.069385340155918, 33.98504417792747 ], [ -91.069262710007322, 33.985226927279349 ], [ -91.068869985509266, 33.985319472432678 ], [ -91.068532900993603, 33.985113269715001 ], [ -91.06827656384138, 33.984712761103893 ], [ -91.068337772013422, 33.984408639241408 ] ] ], [ [ [ -91.054112057756328, 33.984191596683182 ], [ -91.054390986389507, 33.984042642876375 ], [ -91.054714655576191, 33.984101617245713 ], [ -91.05489346592708, 33.984333973777488 ], [ -91.054822671930197, 33.98460360182348 ], [ -91.054543742118184, 33.984752556559087 ], [ -91.054220070625519, 33.984693581663585 ], [ -91.054041261453463, 33.984461224202995 ], [ -91.054112057756328, 33.984191596683182 ] ] ] ] } },
{ "type": "Feature", "properties": { "depth_bin": "180-185 ft", "bin_order": -182.5, "survey_id": "LM_15_CVB_20180418_CS_6170_6000", "date": "2018-04-18", "year": 2018, "mile": 601.0 }, "geometry": { "type": "MultiPolygon", "coordinates": [ [ [ [ -91.091254569414474, 33.968776536076852 ], [ -91.09159802047887, 33.968592942736556 ], [ -91.092115342606135, 33.968716970248572 ], [ -91.092345184314027, 33.968915734523705 ], [ -91.092339020385083, 33.969191693709057 ], [ -91.092176020618481, 33.9693510356513 ], [ -91.091976696344418, 33.969406993762696 ], [ -91.09145937031559, 33.969282965544139 ], [ -91.091229529805418, 33.969084199661509 ], [ -91.091254569414474, 33.968776536076852 ] ] ], [ [ [ -91.089849943893469, 33.972189727245024 ], [ -91.090128773910465, 33.972040688591299 ], [ -91.09045242736093, 33.972099568278388 ], [ -91.090631314073832, 33.972331875754506 ], [ -91.090560643808232, 33.97260152910799 ], [ -91.090281812616468, 33.972750568691097 ], [ -91.089958156859751, 33.972691688480197 ], [ -91.089779271321603, 33.972459380074689 ], [ -91.089849943893469, 33.972189727245024 ] ] ], [ [ [ -91.086132862691201, 33.973746204918932 ], [ -91.087219028873008, 33.974234304165904 ], [ -91.087277585813496, 33.974505964568159 ], [ -91.087088423668803, 33.974732553988332 ], [ -91.086721345409472, 33.974772100507529 ], [ -91.085913646541997, 33.974421569720668 ], [ -91.085739300967688, 33.974270788046667 ], [ -91.08569749971258, 33.974051719224846 ], [ -91.085469976442482, 33.974150245611781 ], [ -91.08518233930333, 33.97411011034918 ], [ -91.084886637013739, 33.973919633224639 ], [ -91.084821071418119, 33.973682875258319 ], [ -91.08498266871851, 33.973441932887624 ], [ -91.085301428492542, 33.973366760197933 ], [ -91.08570520585333, 33.973545113681261 ], [ -91.085820756188866, 33.973850346469995 ], [ -91.086132862691201, 33.973746204918932 ] ] ], [ [ [ -91.087543266336453, 33.974629842167595 ], [ -91.087740463460207, 33.974500065011917 ], [ -91.087949073751531, 33.974477589041683 ], [ -91.08854715039179, 33.974719898215852 ], [ -91.088752506782143, 33.974936481724228 ], [ -91.088713893022856, 33.975210606827801 ], [ -91.088569749347172, 33.975338239145763 ], [ -91.088327950250772, 33.97539526779078 ], [ -91.087829199701076, 33.975223090101579 ], [ -91.087495696601223, 33.97496751407359 ], [ -91.087543266336453, 33.974629842167595 ] ] ], [ [ [ -91.08988575479755, 33.975637060469225 ], [ -91.090164596315105, 33.975488022197524 ], [ -91.090488262749247, 33.975546902208421 ], [ -91.090667156323576, 33.975779209760489 ], [ -91.090596482777684, 33.976048862897642 ], [ -91.090317640085175, 33.976197902098875 ], [ -91.089993971344384, 33.976139021564101 ], [ -91.089815078944994, 33.975906713082516 ], [ -91.08988575479755, 33.975637060469225 ] ] ], [ [ [ -91.087565933835009, 33.977368537690225 ], [ -91.08784478494988, 33.977219505051998 ], [ -91.088168455988921, 33.977278391323807 ], [ -91.088347346478287, 33.977510702096779 ], [ -91.088276663964493, 33.977780353528068 ], [ -91.087997811674356, 33.977929387095813 ], [ -91.087674138328595, 33.977870500299964 ], [ -91.087495249014466, 33.977638188597481 ], [ -91.087565933835009, 33.977368537690225 ] ] ], [ [ [ -91.082207015149137, 33.975574225501411 ], [ -91.082550512496169, 33.975390659232247 ], [ -91.082940015265009, 33.975497388100059 ], [ -91.083145358735649, 33.975713980521242 ], [ -91.083106726579373, 33.975988103199633 ], [ -91.082763227883291, 33.976171670964085 ], [ -91.082373722327958, 33.976064941448975 ], [ -91.082168380079267, 33.975848347789274 ], [ -91.082207015149137, 33.975574225501411 ] ] ], [ [ [ -91.08528550766296, 33.976598097885699 ], [ -91.085564359919942, 33.976449070451551 ], [ -91.085888026192805, 33.976507962578374 ], [ -91.086066908799538, 33.97674027642762 ], [ -91.085996219904104, 33.977009926354313 ], [ -91.085717366471684, 33.977158954717886 ], [ -91.085393697892272, 33.977100062066896 ], [ -91.085214816460947, 33.976867747288239 ], [ -91.08528550766296, 33.976598097885699 ] ] ], [ [ [ -91.078715048429032, 33.977495621948577 ], [ -91.079016432037051, 33.977316601751674 ], [ -91.079455068223083, 33.977412251675375 ], [ -91.079660406926365, 33.977628849706377 ], [ -91.079621762458871, 33.97790297079348 ], [ -91.079320377914996, 33.978081992430283 ], [ -91.078881738498865, 33.97798634192241 ], [ -91.078676401021411, 33.977769742641492 ], [ -91.078715048429032, 33.977495621948577 ] ] ], [ [ [ -91.083513382865036, 33.979913301732061 ], [ -91.083773372759978, 33.979742225416011 ], [ -91.084102420942827, 33.97977440884511 ], [ -91.084307777212757, 33.979990999638488 ], [ -91.084269146154782, 33.9802651225638 ], [ -91.084009155556686, 33.980436199893767 ], [ -91.083680104881935, 33.98040401613175 ], [ -91.083474749315158, 33.98018742432447 ], [ -91.083513382865036, 33.979913301732061 ] ] ], [ [ [ -91.079671582895628, 33.981979281919685 ], [ -91.079950462374825, 33.98183026828373 ], [ -91.080274144265715, 33.981889175708766 ], [ -91.080453021737711, 33.982121497395049 ], [ -91.080382309962019, 33.982391143106817 ], [ -91.080103429306561, 33.982540157672226 ], [ -91.079779745108766, 33.982481249722618 ], [ -91.079600868813017, 33.982248927106866 ], [ -91.079671582895628, 33.981979281919685 ] ] ], [ [ [ -91.063196045494834, 33.981928104135079 ], [ -91.063474951705984, 33.981779128858868 ], [ -91.063798619862965, 33.981838079254878 ], [ -91.063977451179767, 33.982070423352262 ], [ -91.063906687863593, 33.982340057786821 ], [ -91.063627780474604, 33.982489033992003 ], [ -91.063304110011487, 33.982430083070419 ], [ -91.063125279872509, 33.982197738044043 ], [ -91.063196045494834, 33.981928104135079 ] ] ], [ [ [ -91.064677473657298, 33.984405391352638 ], [ -91.064978910125063, 33.984226407621122 ], [ -91.065367160101033, 33.984331225212024 ], [ -91.065625749777809, 33.984764014102119 ], [ -91.06549992374336, 33.985087439636274 ], [ -91.065191478772903, 33.985188228825677 ], [ -91.064887821552475, 33.985077811158433 ], [ -91.06463877713685, 33.984679505669803 ], [ -91.064677473657298, 33.984405391352638 ] ] ], [ [ [ -91.06890144756612, 33.985271667213247 ], [ -91.069161482079338, 33.985100623513539 ], [ -91.069490543364992, 33.985132846544012 ], [ -91.069695873547047, 33.985349460726553 ], [ -91.069657192491249, 33.98562357712774 ], [ -91.069397157273215, 33.985794621841336 ], [ -91.069068093495375, 33.985762398476943 ], [ -91.068862764018135, 33.985545783280529 ], [ -91.06890144756612, 33.985271667213247 ] ] ], [ [ [ -91.059705935822009, 33.982237262587496 ], [ -91.059984848766987, 33.982088295482576 ], [ -91.060308515213919, 33.982147255020109 ], [ -91.060487337378433, 33.982379603874435 ], [ -91.060416562828763, 33.982649235894712 ], [ -91.060137648705577, 33.982798203928539 ], [ -91.059813979952651, 33.982739243865204 ], [ -91.059635158966316, 33.982506894081972 ], [ -91.059705935822009, 33.982237262587496 ] ] ], [ [ [ -91.053521864688733, 33.982765467635367 ], [ -91.053800789497373, 33.982616515008012 ], [ -91.054124452837598, 33.982675490740689 ], [ -91.054303258744795, 33.982907848021114 ], [ -91.054232464310005, 33.983177475762439 ], [ -91.053953538322546, 33.983326429318517 ], [ -91.053629872676524, 33.983267453059639 ], [ -91.05345106794816, 33.9830350948505 ], [ -91.053521864688733, 33.982765467635367 ] ] ], [ [ [ -91.048152047503493, 33.98379527167144 ], [ -91.048495647305046, 33.983611804478215 ], [ -91.048703111555881, 33.983640814134972 ], [ -91.048894315342224, 33.983776688562706 ], [ -91.049037197102123, 33.984395491273965 ], [ -91.048837988782324, 33.984692224696957 ], [ -91.048511860489782, 33.984740905801225 ], [ -91.04823993133688, 33.984583225157721 ], [ -91.04809833112482, 33.983999794662935 ], [ -91.048152047503493, 33.98379527167144 ] ] ], [ [ [ -91.050828945076788, 33.983874934335908 ], [ -91.051172539828983, 33.983691459473711 ], [ -91.051546560759718, 33.983827514734045 ], [ -91.051681127369733, 33.984333807982566 ], [ -91.051516525204121, 33.984610009105864 ], [ -91.051197697570217, 33.98468509158392 ], [ -91.050908520180542, 33.984550379701901 ], [ -91.050775234996152, 33.984079458717332 ], [ -91.050828945076788, 33.983874934335908 ] ] ], [ [ [ -91.057077540717572, 33.984333239590278 ], [ -91.057356464987322, 33.984184278894602 ], [ -91.057680137148623, 33.98424324554616 ], [ -91.057858956069808, 33.984475598052136 ], [ -91.057788171218718, 33.984745228122605 ], [ -91.057509245770405, 33.98489418974718 ], [ -91.057185571302966, 33.984835222569608 ], [ -91.057006753560344, 33.984602869134747 ], [ -91.057077540717572, 33.984333239590278 ] ] ], [ [ [ -91.054128612482046, 33.984353711497675 ], [ -91.05438867215139, 33.984182699952648 ], [ -91.054717722349253, 33.98421496220746 ], [ -91.054923011694285, 33.984431599707619 ], [ -91.054884283972953, 33.98470570986035 ], [ -91.054624223597301, 33.984876722419003 ], [ -91.054295170907764, 33.984844459829311 ], [ -91.054089882269039, 33.984627821315541 ], [ -91.054128612482046, 33.984353711497675 ] ] ], [ [ [ -91.060927994282608, 33.984492113279948 ], [ -91.061206912801538, 33.9843431436367 ], [ -91.061564226030413, 33.984423715407758 ], [ -91.061794256384147, 33.984757575010669 ], [ -91.061697535870977, 33.98505522873301 ], [ -91.061402430364112, 33.98518070804289 ], [ -91.061087247391313, 33.985095606297747 ], [ -91.060857219025479, 33.984761745453952 ], [ -91.060927994282608, 33.984492113279948 ] ] ] ] } },
{ "type": "Feature", "properties": { "depth_bin": "185-190 ft", "bin_order": -187.5, "survey_id": "LM_15_CVB_20180418_CS_6170_6000", "date": "2018-04-18", "year": 2018, "mile": 601.0 }, "geometry": { "type": "MultiPolygon", "coordinates": [ [ [ [ -91.090903009989134, 33.968747883702065 ], [ -91.091181822823671, 33.968545085229159 ], [ -91.091602298216046, 33.968580118479643 ], [ -91.091854414547598, 33.968759156258294 ], [ -91.091880743041841, 33.969034290064116 ], [ -91.091627130452139, 33.969258883192232 ], [ -91.091166399929577, 33.96923514986284 ], [ -91.090896841440951, 33.969023842662772 ], [ -91.090903009989134, 33.968747883702065 ] ] ], [ [ [ -91.089386727037976, 33.972041549878014 ], [ -91.089530863728555, 33.971913916304722 ], [ -91.089772652161415, 33.971856884897811 ], [ -91.090272242651679, 33.972021436625759 ], [ -91.090477597408153, 33.972238017270556 ], [ -91.090438990811421, 33.972512143261497 ], [ -91.090294854371706, 33.972639777899403 ], [ -91.090053063993551, 33.972696810262072 ], [ -91.089553470081441, 33.972532257539626 ], [ -91.089348117075048, 33.972315675417576 ], [ -91.089386727037976, 33.972041549878014 ] ] ], [ [ [ -91.092102463140463, 33.973033984436476 ], [ -91.092362415079592, 33.972862888469862 ], [ -91.092691441243844, 33.97289504815064 ], [ -91.092896804330181, 33.973111625008961 ], [ -91.092858204931417, 33.973385751975329 ], [ -91.092598252290244, 33.973556848955738 ], [ -91.092269223634702, 33.973524688942653 ], [ -91.092063861250409, 33.973308111070565 ], [ -91.092102463140463, 33.973033984436476 ] ] ], [ [ [ -91.084812788399233, 33.973187841691932 ], [ -91.085416783680969, 33.973404258608127 ], [ -91.085531083907298, 33.973590712620052 ], [ -91.085501786264985, 33.973798649356446 ], [ -91.085373349853327, 33.973937434478181 ], [ -91.085012693995864, 33.974006761518197 ], [ -91.084465036374979, 33.973771923766606 ], [ -91.084374810364721, 33.97350635153424 ], [ -91.084536408536835, 33.973265409775287 ], [ -91.084812788399233, 33.973187841691932 ] ] ], [ [ [ -91.086631843864197, 33.974303531675304 ], [ -91.086812823991082, 33.974158277501722 ], [ -91.087060165129799, 33.974121271758086 ], [ -91.087816077724113, 33.974399027638427 ], [ -91.088136785320856, 33.974614639108744 ], [ -91.088129174088607, 33.974954569734187 ], [ -91.087948194350474, 33.975099825846286 ], [ -91.087700850651657, 33.975136833286342 ], [ -91.086941242378117, 33.97485948411547 ], [ -91.086624226731999, 33.97464346201884 ], [ -91.086631843864197, 33.974303531675304 ] ] ], [ [ [ -91.090027003308819, 33.975715279496804 ], [ -91.090286967623172, 33.975544188410872 ], [ -91.090616003017203, 33.975576353959212 ], [ -91.090821366781356, 33.975792934234903 ], [ -91.090782759111221, 33.976067060166699 ], [ -91.090522794094525, 33.97623815226649 ], [ -91.090193756208947, 33.9762059863857 ], [ -91.089988393147109, 33.975989405096158 ], [ -91.090027003308819, 33.975715279496804 ] ] ], [ [ [ -91.087696898296528, 33.977454846133931 ], [ -91.087998264006416, 33.977275803268597 ], [ -91.088438347899128, 33.97736602654382 ], [ -91.088643710039122, 33.977582610354936 ], [ -91.088605094314502, 33.977856735259756 ], [ -91.088303727692434, 33.978035779569623 ], [ -91.087863640547241, 33.97794555570816 ], [ -91.087658279623568, 33.977728970644343 ], [ -91.087696898296528, 33.977454846133931 ] ] ], [ [ [ -91.081928172311891, 33.975408710648765 ], [ -91.082188151047788, 33.975237637202873 ], [ -91.082517181139437, 33.975269824277667 ], [ -91.082834827915207, 33.975494838607446 ], [ -91.082827195330722, 33.975834768129374 ], [ -91.082567215930382, 33.976005842892114 ], [ -91.082238182989585, 33.97597365585645 ], [ -91.081920536143912, 33.975748639994777 ], [ -91.081928172311891, 33.975408710648765 ] ] ], [ [ [ -91.078560485468884, 33.9774390986911 ], [ -91.078820476988355, 33.977268032864814 ], [ -91.079149513151762, 33.977300229166886 ], [ -91.079354850798808, 33.977516827675814 ], [ -91.079316205423254, 33.977790948639495 ], [ -91.079056213200204, 33.97796201547952 ], [ -91.078727174545335, 33.977929818844224 ], [ -91.078521837601855, 33.977713219321558 ], [ -91.078560485468884, 33.9774390986911 ] ] ], [ [ [ -91.07516600312799, 33.978765180517286 ], [ -91.075426005266536, 33.978594122277777 ], [ -91.075755044785097, 33.978626327788959 ], [ -91.07607582920032, 33.978897400175931 ], [ -91.076050730251353, 33.979205058201906 ], [ -91.075790727376926, 33.979376117725295 ], [ -91.075461684963258, 33.979343912212933 ], [ -91.075140900970823, 33.979072838251753 ], [ -91.07516600312799, 33.978765180517286 ] ] ], [ [ [ -91.08366089726529, 33.979973846519727 ], [ -91.083920887070448, 33.97980276988951 ], [ -91.08424993556082, 33.979834952933508 ], [ -91.084455292355443, 33.980051543496394 ], [ -91.084416661731993, 33.980325666480859 ], [ -91.084156671223695, 33.980496744124991 ], [ -91.083827620241408, 33.980464560748089 ], [ -91.083622264149923, 33.98024796917128 ], [ -91.08366089726529, 33.979973846519727 ] ] ], [ [ [ -91.079787903858374, 33.982084867829165 ], [ -91.08004790766357, 33.981913799932933 ], [ -91.08037696227953, 33.981945993561105 ], [ -91.080582313737111, 33.982162590358499 ], [ -91.080543669440019, 33.98243671157573 ], [ -91.08028366493123, 33.982607780485885 ], [ -91.079954607823197, 33.982575586524547 ], [ -91.079749257069224, 33.982358988713209 ], [ -91.079787903858374, 33.982084867829165 ] ] ], [ [ [ -91.060836448817298, 33.984393071342119 ], [ -91.061096495878104, 33.984222045145557 ], [ -91.061425549664634, 33.98425428954166 ], [ -91.061630856693498, 33.984470916436969 ], [ -91.061592150392698, 33.984745029450991 ], [ -91.061332102626281, 33.98491605666127 ], [ -91.061003046347892, 33.984883811930736 ], [ -91.060797740024654, 33.984667184021717 ], [ -91.060836448817298, 33.984393071342119 ] ] ], [ [ [ -91.072688435716884, 33.984597159898854 ], [ -91.072948460914446, 33.984426107838132 ], [ -91.073277521547098, 33.984458320695992 ], [ -91.073482860121274, 33.984674928853131 ], [ -91.073444191587043, 33.984949046905747 ], [ -91.073184165685078, 33.985120099980385 ], [ -91.072855102560226, 33.985087886788861 ], [ -91.072649764690453, 33.984871277617799 ], [ -91.072688435716884, 33.984597159898854 ] ] ], [ [ [ -91.057106578084102, 33.984496214589207 ], [ -91.057366632549957, 33.984325196555865 ], [ -91.057695684821411, 33.984357450898507 ], [ -91.057900982302471, 33.984574083697304 ], [ -91.057862264013863, 33.984848195113543 ], [ -91.057602208841985, 33.985019214160552 ], [ -91.057273154078771, 33.984986959483244 ], [ -91.057067857303721, 33.984770325670773 ], [ -91.057106578084102, 33.984496214589207 ] ] ], [ [ [ -91.054180608755786, 33.984483631480295 ], [ -91.054440668735566, 33.98431261983886 ], [ -91.054769719458676, 33.984344881972078 ], [ -91.054975009236117, 33.984561519396621 ], [ -91.05493628160103, 33.984835629564039 ], [ -91.054676220914956, 33.985006642219076 ], [ -91.054347167700143, 33.984974379750994 ], [ -91.054141878629025, 33.984757741312848 ], [ -91.054180608755786, 33.984483631480295 ] ] ], [ [ [ -91.064898980520312, 33.984774742550343 ], [ -91.065159021069633, 33.984603707528649 ], [ -91.065488078400719, 33.984635941154735 ], [ -91.065693396953904, 33.984852561643876 ], [ -91.065654703406707, 33.985126676368282 ], [ -91.065394662152173, 33.985297712403771 ], [ -91.065065602329085, 33.985265478443516 ], [ -91.064860284481099, 33.98504885694058 ], [ -91.064898980520312, 33.984774742550343 ] ] ], [ [ [ -91.068974362274844, 33.98539557578782 ], [ -91.069234397039637, 33.985224531945171 ], [ -91.069563458838147, 33.985256754797412 ], [ -91.069768789493907, 33.9854733688708 ], [ -91.069730108595166, 33.985747485295896 ], [ -91.069470073125558, 33.985918530152439 ], [ -91.069141008834848, 33.985886306966286 ], [ -91.068935678883918, 33.985669691879004 ], [ -91.068974362274844, 33.98539557578782 ] ] ] ] } },
{ "type": "Feature", "properties": { "depth_bin": "190-195 ft", "bin_order": -192.5, "survey_id": "LM_15_CVB_20180418_CS_6170_6000", "date": "2018-04-18", "year": 2018, "mile": 601.0 }, "geometry": { "type": "MultiPolygon", "coordinates": [ [ [ [ -91.090617243264219, 33.968627619576985 ], [ -91.09091857112351, 33.968448568032414 ], [ -91.091362840777677, 33.968535758306423 ], [ -91.091568190443184, 33.968752337053431 ], [ -91.091529589460976, 33.969026463707792 ], [ -91.091228260709556, 33.969205516707596 ], [ -91.090783987765306, 33.969118325841514 ], [ -91.090578639319503, 33.968901745835289 ], [ -91.090617243264219, 33.968627619576985 ] ] ], [ [ [ -91.093765577484916, 33.969443494574676 ], [ -91.09402551497557, 33.969272394509346 ], [ -91.09435452821397, 33.969304549305676 ], [ -91.094559887468549, 33.969521123354944 ], [ -91.094521295576953, 33.969795251233116 ], [ -91.094261357384553, 33.969966352312127 ], [ -91.093932341655275, 33.96993419718364 ], [ -91.093726983102442, 33.96971762212069 ], [ -91.093765577484916, 33.969443494574676 ] ] ], [ [ [ -91.086710078180573, 33.970980196665849 ], [ -91.086907267798978, 33.970850420527256 ], [ -91.087115869272992, 33.970827945658868 ], [ -91.087886423856546, 33.971075219295827 ], [ -91.088091770205182, 33.971291803670162 ], [ -91.088053156562111, 33.971565928703555 ], [ -91.087909018361088, 33.971693560495979 ], [ -91.087667229332467, 33.971750588213233 ], [ -91.086854290614966, 33.971500917231296 ], [ -91.08663939697, 33.971249847434763 ], [ -91.086710078180573, 33.970980196665849 ] ] ], [ [ [ -91.088809891458894, 33.971784613780414 ], [ -91.089173304038027, 33.971629960851324 ], [ -91.089826638675206, 33.971841191683339 ], [ -91.090031991853294, 33.972057773024595 ], [ -91.089993383942613, 33.972331898836927 ], [ -91.089849247180112, 33.972459532943667 ], [ -91.089607457064062, 33.972516564439047 ], [ -91.088954117940375, 33.972305332305659 ], [ -91.088739216029822, 33.972054265927852 ], [ -91.088809891458894, 33.971784613780414 ] ] ], [ [ [ -91.084138974965015, 33.973230118086725 ], [ -91.084440332350567, 33.973051083568429 ], [ -91.084763984932195, 33.973109978214609 ], [ -91.085053248136376, 33.973366310254242 ], [ -91.085005669549943, 33.973703980948024 ], [ -91.084726825586145, 33.973853007453066 ], [ -91.084403170243021, 33.973794112619721 ], [ -91.084113907680802, 33.973537779085078 ], [ -91.084138974965015, 33.973230118086725 ] ] ], [ [ [ -91.088032359424673, 33.97751343378728 ], [ -91.088311210263342, 33.977364400082919 ], [ -91.088634882229499, 33.977423285155581 ], [ -91.08881377430626, 33.977655595298835 ], [ -91.088743093110295, 33.977925247038719 ], [ -91.088464241096418, 33.978074281672598 ], [ -91.088140566823469, 33.978015396075918 ], [ -91.087961675921932, 33.977783085003139 ], [ -91.088032359424673, 33.97751343378728 ] ] ], [ [ [ -91.081610850787399, 33.97533878255026 ], [ -91.081912220832876, 33.975159754724665 ], [ -91.082323420861414, 33.975217481372127 ], [ -91.082553255615224, 33.975416263567752 ], [ -91.082547058543881, 33.975692220881363 ], [ -91.082268201978607, 33.975894998045028 ], [ -91.081815607492416, 33.975845226140144 ], [ -91.081585773419491, 33.975646442598304 ], [ -91.081610850787399, 33.97533878255026 ] ] ], [ [ [ -91.078448608027074, 33.977331643574047 ], [ -91.078727473912551, 33.977182632155191 ], [ -91.079051137330751, 33.977241542204546 ], [ -91.079230002271728, 33.977473865385072 ], [ -91.079159291247294, 33.977743510585562 ], [ -91.078880424185684, 33.977892522933665 ], [ -91.078556758461161, 33.977833612359738 ], [ -91.078377894696303, 33.977601288249957 ], [ -91.078448608027074, 33.977331643574047 ] ] ], [ [ [ -91.075030743617006, 33.978686800071692 ], [ -91.075290745765813, 33.97851574211726 ], [ -91.075619784914579, 33.978547947978555 ], [ -91.075825116154277, 33.978764552134585 ], [ -91.075786458731699, 33.979038671525252 ], [ -91.075526455878915, 33.979209730493409 ], [ -91.075197414238616, 33.979177524298656 ], [ -91.074992083702895, 33.978960919128895 ], [ -91.075030743617006, 33.978686800071692 ] ] ], [ [ [ -91.083825597438377, 33.980009524544705 ], [ -91.084104463522891, 33.979860500970645 ], [ -91.084428141419565, 33.979919397319769 ], [ -91.084607026637599, 33.980151713280272 ], [ -91.084536329810987, 33.980421361970521 ], [ -91.08425746255071, 33.980570386474085 ], [ -91.083933782347131, 33.980511489600651 ], [ -91.083754898304875, 33.980279172710638 ], [ -91.083825597438377, 33.980009524544705 ] ] ], [ [ [ -91.072097083481083, 33.980054973552022 ], [ -91.07237596887515, 33.979905977291601 ], [ -91.072699637310947, 33.979964904240497 ], [ -91.072878489839283, 33.980197236162482 ], [ -91.072807756242597, 33.980466876825631 ], [ -91.072528869671643, 33.980615874015207 ], [ -91.072205198929495, 33.980556946541284 ], [ -91.072026347578046, 33.980324613690144 ], [ -91.072097083481083, 33.980054973552022 ] ] ], [ [ [ -91.069438642812614, 33.98112710210728 ], [ -91.069698663260127, 33.980956056687511 ], [ -91.070027708915219, 33.980988277753937 ], [ -91.070233031057654, 33.9812048908789 ], [ -91.070194354262796, 33.981479007748405 ], [ -91.069934333110666, 33.981650054181912 ], [ -91.069605284963885, 33.981617832781644 ], [ -91.069399963526095, 33.981401218642951 ], [ -91.069438642812614, 33.98112710210728 ] ] ], [ [ [ -91.063124251943208, 33.981828313875006 ], [ -91.06338428658654, 33.98165728234099 ], [ -91.063713331702218, 33.981689520313125 ], [ -91.063918638885895, 33.981906143460897 ], [ -91.06387994147515, 33.982180257599047 ], [ -91.063619906126505, 33.982351290146724 ], [ -91.063290858519224, 33.982319051840328 ], [ -91.06308555204086, 33.982102427678889 ], [ -91.063124251943208, 33.981828313875006 ] ] ], [ [ [ -91.066535506972969, 33.981966177664866 ], [ -91.066795535573846, 33.981795138697187 ], [ -91.067124582964098, 33.981827367602818 ], [ -91.067329899407056, 33.982043985362161 ], [ -91.067291212816571, 33.982318100946436 ], [ -91.06703118351075, 33.982489140927846 ], [ -91.066702133628795, 33.982456911688168 ], [ -91.06649681789078, 33.982240292915108 ], [ -91.066535506972969, 33.981966177664866 ] ] ], [ [ [ -91.061093201233348, 33.984729024847042 ], [ -91.061414253221997, 33.984575525321169 ], [ -91.061760366839451, 33.98468488372788 ], [ -91.061925926449945, 33.985038855055045 ], [ -91.06179464850878, 33.985327178281963 ], [ -91.06148619874611, 33.985427957989756 ], [ -91.061182545942103, 33.985317531312447 ], [ -91.061016988983198, 33.98496355908793 ], [ -91.061093201233348, 33.984729024847042 ] ] ], [ [ [ -91.057997183637909, 33.984720913601883 ], [ -91.058029483596187, 33.985059832301239 ], [ -91.057709142107754, 33.985270497150069 ], [ -91.057351829576035, 33.985189914189171 ], [ -91.05712485038876, 33.984863832586008 ], [ -91.057195637434162, 33.984594202978883 ], [ -91.057474562387227, 33.984445242043812 ], [ -91.057798235626706, 33.984504208419501 ], [ -91.057997183637909, 33.984720913601883 ] ] ], [ [ [ -91.06498342566762, 33.984890038287219 ], [ -91.065284863294281, 33.984711053856088 ], [ -91.065673115870069, 33.984815870562706 ], [ -91.06593010234171, 33.985249905291184 ], [ -91.065804276636669, 33.985573331127881 ], [ -91.065495830202181, 33.985674121024786 ], [ -91.065192170852356, 33.985563704043706 ], [ -91.064944729827559, 33.985164152706794 ], [ -91.06498342566762, 33.984890038287219 ] ] ], [ [ [ -91.050234770238234, 33.982134309335045 ], [ -91.050513698290402, 33.981985364278813 ], [ -91.050837356550375, 33.982044348506982 ], [ -91.051016152029305, 33.982276710230856 ], [ -91.050945347926785, 33.982546335760581 ], [ -91.050666418695513, 33.982695281745428 ], [ -91.050342758129986, 33.982636296990869 ], [ -91.050163963830158, 33.982403934338393 ], [ -91.050234770238234, 33.982134309335045 ] ] ], [ [ [ -91.047829453096526, 33.982285229792041 ], [ -91.048108385578558, 33.982136290360323 ], [ -91.048432042423414, 33.982195280880632 ], [ -91.048610831471123, 33.982427645878531 ], [ -91.048540019688474, 33.982697269746275 ], [ -91.048261086027111, 33.982846210106565 ], [ -91.0479374268768, 33.982787219059709 ], [ -91.047758639008407, 33.982554853133252 ], [ -91.047829453096526, 33.982285229792041 ] ] ], [ [ [ -91.056035870035046, 33.982639821007851 ], [ -91.056295920688029, 33.982468805067924 ], [ -91.056624965286758, 33.982501062021399 ], [ -91.056830255729665, 33.982717696419094 ], [ -91.056791535160272, 33.982991807485604 ], [ -91.056531483801237, 33.983162824439113 ], [ -91.056202436711004, 33.983130567150901 ], [ -91.05599714697415, 33.982913931739638 ], [ -91.056035870035046, 33.982639821007851 ] ] ], [ [ [ -91.053451504411953, 33.982662283187629 ], [ -91.05371156004027, 33.98249127289769 ], [ -91.054040603400125, 33.982523536736196 ], [ -91.054245887115599, 33.982740175220925 ], [ -91.05420715827087, 33.983014285182321 ], [ -91.053947101936231, 33.983185296485786 ], [ -91.053618056084929, 33.983153032312387 ], [ -91.053412773075792, 33.982936392814125 ], [ -91.053451504411953, 33.982662283187629 ] ] ], [ [ [ -91.050948390215837, 33.984275244359509 ], [ -91.051249853316762, 33.984096295273524 ], [ -91.05163808366126, 33.984201155610258 ], [ -91.051868227526995, 33.984681249307094 ], [ -91.051736916748453, 33.984969560642924 ], [ -91.051428457689568, 33.98507031475387 ], [ -91.051124820403402, 33.984959863729578 ], [ -91.050900113187367, 33.984514867115202 ], [ -91.050948390215837, 33.984275244359509 ] ] ], [ [ [ -91.048270803283501, 33.984309296586289 ], [ -91.048634337785316, 33.984154768184808 ], [ -91.048990545764013, 33.984320715138765 ], [ -91.049177337860968, 33.984927940552801 ], [ -91.048978128680417, 33.985224674152157 ], [ -91.048651998398441, 33.985273355555677 ], [ -91.048380067323521, 33.985115675166476 ], [ -91.048194556619507, 33.984543821674393 ], [ -91.048270803283501, 33.984309296586289 ] ] ], [ [ [ -91.054242916891653, 33.984615854886194 ], [ -91.054544374728891, 33.984436897532191 ], [ -91.054901681080722, 33.984517488458756 ], [ -91.055096320776997, 33.984894995500895 ], [ -91.054994142187837, 33.985157544918266 ], [ -91.05469902726955, 33.985283007780133 ], [ -91.054383851474469, 33.985197889072033 ], [ -91.054194648809997, 33.984855479239627 ], [ -91.054242916891653, 33.984615854886194 ] ] ] ] } },
{ "type": "Feature", "properties": { "depth_bin": "195-200 ft", "bin_order": -197.5, "survey_id": "LM_15_CVB_20180418_CS_6170_6000", "date": "2018-04-18", "year": 2018, "mile": 601.0 }, "geometry": { "type": "MultiPolygon", "coordinates": [ [ [ [ -91.089979254643865, 33.968466942194461 ], [ -91.090123384183343, 33.968339307619011 ], [ -91.090365162035724, 33.968282274654776 ], [ -91.091008533993374, 33.968449271742102 ], [ -91.091238372332299, 33.968648037980863 ], [ -91.091232204890474, 33.96892399700004 ], [ -91.090912003606292, 33.969134753780239 ], [ -91.09034082872455, 33.969039129449484 ], [ -91.08997165250176, 33.968806873525772 ], [ -91.089979254643865, 33.968466942194461 ] ] ], [ [ [ -91.093950312690794, 33.969445730942624 ], [ -91.094229126808955, 33.969296682376687 ], [ -91.094552773310213, 33.969355551037623 ], [ -91.094731666094205, 33.969587852832419 ], [ -91.094661011364011, 33.969857509177452 ], [ -91.094382196071635, 33.9700065586728 ], [ -91.094058547264254, 33.969947689488343 ], [ -91.093879655654462, 33.969715386764129 ], [ -91.093950312690794, 33.969445730942624 ] ] ], [ [ [ -91.08787893803084, 33.971089516210164 ], [ -91.089324812478765, 33.971681897507203 ], [ -91.089445860954484, 33.971938818522737 ], [ -91.089313403744342, 33.972191802454674 ], [ -91.089089614173929, 33.97228703759253 ], [ -91.088879754332297, 33.972275177212687 ], [ -91.088043185029179, 33.971970206212177 ], [ -91.087488836866555, 33.97167121256458 ], [ -91.087398603235542, 33.971405642218016 ], [ -91.087560188798875, 33.971164695977642 ], [ -91.08787893803084, 33.971089516210164 ] ] ], [ [ [ -91.092244322999022, 33.973112195441324 ], [ -91.092504274914518, 33.972941099175308 ], [ -91.092833301450995, 33.972973258488317 ], [ -91.09303866508732, 33.973189835125886 ], [ -91.093000066094177, 33.973463962147889 ], [ -91.092740113476637, 33.973635059427707 ], [ -91.092411084448884, 33.973602899782421 ], [ -91.092205721514574, 33.973386322131056 ], [ -91.092244322999022, 33.973112195441324 ] ] ], [ [ [ -91.090194953768929, 33.975746175941239 ], [ -91.090473795147119, 33.975597136964616 ], [ -91.090797462244836, 33.975656016182171 ], [ -91.090976356897002, 33.975888323317236 ], [ -91.090905684211833, 33.97615797665798 ], [ -91.090626841658718, 33.976307016564142 ], [ -91.090303172254323, 33.976248136822726 ], [ -91.090124278777068, 33.97601582875815 ], [ -91.090194953768929, 33.975746175941239 ] ] ], [ [ [ -91.08625912131248, 33.970804753302822 ], [ -91.086622533880302, 33.970650107903872 ], [ -91.087126403395828, 33.970811568228129 ], [ -91.087331747152248, 33.971028153792275 ], [ -91.087293131241523, 33.971302278518358 ], [ -91.086949660325402, 33.971485859067052 ], [ -91.086403330726483, 33.971325474306376 ], [ -91.08618843886299, 33.971074403775837 ], [ -91.08625912131248, 33.970804753302822 ] ] ], [ [ [ -91.083690423141704, 33.973055145693422 ], [ -91.083834569805333, 33.972927519168501 ], [ -91.084076364393681, 33.972870499200091 ], [ -91.084574244236165, 33.973043686181704 ], [ -91.084779586394816, 33.973260275895157 ], [ -91.08474096096289, 33.973534399409139 ], [ -91.084596814531963, 33.97366202699601 ], [ -91.084355017972129, 33.973719047915615 ], [ -91.083857134747078, 33.973545859944089 ], [ -91.083651794354395, 33.973329268756729 ], [ -91.083690423141704, 33.973055145693422 ] ] ], [ [ [ -91.081150806131035, 33.975174202657847 ], [ -91.081294960180202, 33.975046579405593 ], [ -91.081536762290426, 33.974989564714619 ], [ -91.082038716382641, 33.975152569557572 ], [ -91.082244056705221, 33.975369163387953 ], [ -91.082205421879237, 33.97564328570337 ], [ -91.081904050655424, 33.975822314196627 ], [ -91.081465445116706, 33.975733405684593 ], [ -91.081143166936741, 33.975514131861864 ], [ -91.081150806131035, 33.975174202657847 ] ] ], [ [ [ -91.07493316402352, 33.97856546102269 ], [ -91.075212039789108, 33.978416457956108 ], [ -91.075535704957005, 33.978475377325466 ], [ -91.075714562492337, 33.978707705334351 ], [ -91.075643839244705, 33.978977348043152 ], [ -91.075364962302586, 33.979126352038925 ], [ -91.075041294828381, 33.979067432144753 ], [ -91.07486243846958, 33.978835103206663 ], [ -91.07493316402352, 33.97856546102269 ] ] ], [ [ [ -91.083970413783931, 33.98007456431138 ], [ -91.084249279850013, 33.979925540408971 ], [ -91.084572958110016, 33.979984436388236 ], [ -91.084751843860289, 33.980216752153986 ], [ -91.084681147423083, 33.980486400938688 ], [ -91.084402280181251, 33.980635425770593 ], [ -91.084078599614372, 33.98057652926704 ], [ -91.083899715039848, 33.980344212571772 ], [ -91.083970413783931, 33.98007456431138 ] ] ], [ [ [ -91.076369377939756, 33.98350222155171 ], [ -91.076629392699289, 33.983331161307312 ], [ -91.076958451009787, 33.983363364221319 ], [ -91.077163796737992, 33.9835799664992 ], [ -91.077125140643503, 33.983854086181175 ], [ -91.076865125179978, 33.984025147439517 ], [ -91.076536064377322, 33.983992944192103 ], [ -91.076330719353109, 33.983776340900285 ], [ -91.076369377939756, 33.98350222155171 ] ] ], [ [ [ -91.069098756044284, 33.985477240492656 ], [ -91.06937766453018, 33.985328251952659 ], [ -91.06970135088325, 33.985387187386216 ], [ -91.069880205658961, 33.985619523587083 ], [ -91.069809457322819, 33.9858891618169 ], [ -91.06953054765944, 33.986038151286188 ], [ -91.06920685899955, 33.985979215327319 ], [ -91.069028005401321, 33.985746878197197 ], [ -91.069098756044284, 33.985477240492656 ] ] ], [ [ [ -91.065891654467066, 33.985188535583902 ], [ -91.066150673332842, 33.985695816596611 ], [ -91.066073190416489, 33.985894981393699 ], [ -91.0658759348769, 33.986024721520387 ], [ -91.065667292258823, 33.986047158823212 ], [ -91.065353427362766, 33.985883662305049 ], [ -91.065149886640398, 33.985396555796591 ], [ -91.065311562023354, 33.985155642404727 ], [ -91.065630380851076, 33.985080522961127 ], [ -91.065891654467066, 33.985188535583902 ] ] ], [ [ [ -91.063041391195569, 33.981708693447004 ], [ -91.063301425619656, 33.981537662078189 ], [ -91.063630470233903, 33.981569900255522 ], [ -91.063835776927689, 33.981786523528321 ], [ -91.063797079325553, 33.98206063763805 ], [ -91.063537044196153, 33.982231670020511 ], [ -91.063207997090331, 33.98219943150891 ], [ -91.063002691101843, 33.981982807222472 ], [ -91.063041391195569, 33.981708693447004 ] ] ], [ [ [ -91.047742275866781, 33.982017784735973 ], [ -91.048063339669426, 33.981864320491574 ], [ -91.048409423458423, 33.981973715543951 ], [ -91.048553966784979, 33.982367163020712 ], [ -91.048421372834753, 33.982620097710203 ], [ -91.048112918914256, 33.98272084369971 ], [ -91.047809294541025, 33.982610384890805 ], [ -91.047666030132447, 33.982252309599552 ], [ -91.047742275866781, 33.982017784735973 ] ] ], [ [ [ -91.048333264897721, 33.984605299924233 ], [ -91.048676867685259, 33.984421832347998 ], [ -91.04905088739622, 33.98455789515787 ], [ -91.04920939716628, 33.985061220712097 ], [ -91.049044785643659, 33.985337418166175 ], [ -91.048725953407356, 33.985412494054785 ], [ -91.048436777806316, 33.985277776424518 ], [ -91.048279548341426, 33.984809822966866 ], [ -91.048333264897721, 33.984605299924233 ] ] ], [ [ [ -91.051086151944347, 33.984668521664553 ], [ -91.051346218378967, 33.984497516809924 ], [ -91.051675268224272, 33.984529787207975 ], [ -91.051880550305398, 33.984746429534091 ], [ -91.05184181266371, 33.985020538368531 ], [ -91.051581745522455, 33.98519154423672 ], [ -91.051252693185532, 33.985159273503605 ], [ -91.051047411811041, 33.984942630163914 ], [ -91.051086151944347, 33.984668521664553 ] ] ], [ [ [ -91.057322769900026, 33.984868991738281 ], [ -91.057624222577985, 33.984690026645566 ], [ -91.057981533336957, 33.984770608756982 ], [ -91.058178466445668, 33.985148345671178 ], [ -91.05807629686997, 33.985410897960023 ], [ -91.057781185217195, 33.985536368342736 ], [ -91.057466005026654, 33.985451257399127 ], [ -91.057274510228694, 33.985108617588331 ], [ -91.057322769900026, 33.984868991738281 ] ] ], [ [ [ -91.054366334621733, 33.984849418619412 ], [ -91.054687398293552, 33.984695937100014 ], [ -91.055033502817537, 33.984805314157676 ], [ -91.055207412732841, 33.985151413131462 ], [ -91.055076112255264, 33.985439728381714 ], [ -91.054767654990172, 33.985540490941382 ], [ -91.054464011323176, 33.98543004796219 ], [ -91.054295538464572, 33.985119046267435 ], [ -91.054366334621733, 33.984849418619412 ] ] ], [ [ [ -91.061206001133527, 33.984990235586274 ], [ -91.061484920870726, 33.984841265363507 ], [ -91.061842236465182, 33.984921836402208 ], [ -91.062073182027632, 33.98525055125274 ], [ -91.061976461831463, 33.985548205186404 ], [ -91.061681354959745, 33.985673685111209 ], [ -91.061366169876322, 33.985588584014479 ], [ -91.061135226254763, 33.9852598679159 ], [ -91.061206001133527, 33.984990235586274 ] ] ] ] } },
{ "type": "Feature", "properties": { "depth_bin": "200-205 ft", "bin_order": -202.5, "survey_id": "LM_15_CVB_20180418_CS_6170_6000", "date": "2018-04-18", "year": 2018, "mile": 601.0 }, "geometry": { "type": "MultiPolygon", "coordinates": [ [ [ [ -91.089351887507547, 33.968328509622211 ], [ -91.08969534055089, 33.968144921661533 ], [ -91.090380232263627, 33.968272599172565 ], [ -91.090610068626418, 33.968471366524447 ], [ -91.090603899196211, 33.968747325450387 ], [ -91.090440897194156, 33.968906665021748 ], [ -91.090241572973667, 33.968962620321264 ], [ -91.0895566760219, 33.968834941868664 ], [ -91.089326841272054, 33.968636172609791 ], [ -91.089351887507547, 33.968328509622211 ] ] ], [ [ [ -91.085519797874412, 33.970508430474872 ], [ -91.085883210385219, 33.970353787256357 ], [ -91.086542015755569, 33.970559067109569 ], [ -91.086858704333892, 33.970780807086129 ], [ -91.086851089113452, 33.971120737669594 ], [ -91.086670115744951, 33.971265992190894 ], [ -91.086422782810729, 33.971302997444838 ], [ -91.085664002324592, 33.971029152196792 ], [ -91.085449113402348, 33.970778080463326 ], [ -91.085519797874412, 33.970508430474872 ] ] ], [ [ [ -91.083418122066689, 33.972902974259952 ], [ -91.083739091252568, 33.972749413241907 ], [ -91.084138406596168, 33.97285179229219 ], [ -91.084343747175339, 33.973068382685852 ], [ -91.084305120467889, 33.973342506025837 ], [ -91.08400376175598, 33.973521540159581 ], [ -91.083562316894898, 33.973423697952711 ], [ -91.083347428657589, 33.973172622644356 ], [ -91.083418122066689, 33.972902974259952 ] ] ], [ [ [ -91.081114329604375, 33.974851345736305 ], [ -91.081717233917402, 33.975072810464795 ], [ -91.081809040837854, 33.975267703124416 ], [ -91.081774287945876, 33.975440541151187 ], [ -91.081611256641395, 33.975599867847656 ], [ -91.081285177716751, 33.97564863779764 ], [ -91.08085269035881, 33.975524302071804 ], [ -91.08069950401304, 33.975404203330207 ], [ -91.0806409676903, 33.975132540532961 ], [ -91.08083014739826, 33.974905961664888 ], [ -91.081114329604375, 33.974851345736305 ] ] ], [ [ [ -91.09031446142842, 33.975846126788056 ], [ -91.090574425608082, 33.975675035091754 ], [ -91.090903461650427, 33.975707199891296 ], [ -91.091108826466183, 33.975923779718364 ], [ -91.091070219634901, 33.976197905764529 ], [ -91.090810254752938, 33.97636899847469 ], [ -91.090481216218976, 33.976336833342728 ], [ -91.090275852105549, 33.976120252501779 ], [ -91.09031446142842, 33.975846126788056 ] ] ], [ [ [ -91.088152739133932, 33.977607611379923 ], [ -91.088412712961173, 33.977436524633006 ], [ -91.088741754661072, 33.9774686954133 ], [ -91.088947117830287, 33.977685278749178 ], [ -91.088908503012732, 33.977959403776829 ], [ -91.088648528482892, 33.978130491537641 ], [ -91.088319484291262, 33.978098320424756 ], [ -91.088114121824646, 33.97788173607497 ], [ -91.088152739133932, 33.977607611379923 ] ] ], [ [ [ -91.084110431345565, 33.98015271287008 ], [ -91.084389297445014, 33.980003688652282 ], [ -91.084712976113664, 33.980062584275771 ], [ -91.084891862408497, 33.980294899853767 ], [ -91.084821166332759, 33.980564548728729 ], [ -91.084542299057574, 33.980713573876038 ], [ -91.084218618082019, 33.980654677728261 ], [ -91.084039732962935, 33.980422361220747 ], [ -91.084110431345565, 33.98015271287008 ] ] ], [ [ [ -91.077687715740979, 33.977052801769034 ], [ -91.077831878079394, 33.976925182901624 ], [ -91.078073687549193, 33.976868175300424 ], [ -91.078276741938694, 33.976913936374359 ], [ -91.078447846012935, 33.977060037403163 ], [ -91.078718722357735, 33.977101993766169 ], [ -91.079044332347181, 33.977362339669853 ], [ -91.079019244796356, 33.977669998759225 ], [ -91.078838244231875, 33.977815240670111 ], [ -91.078590889564808, 33.977852229362881 ], [ -91.078125276606926, 33.977585480645217 ], [ -91.077854399096168, 33.977543522935136 ], [ -91.077649065320941, 33.977326922050715 ], [ -91.077687715740979, 33.977052801769034 ] ] ], [ [ [ -91.074811341376204, 33.978469385750678 ], [ -91.075090217018413, 33.978320382954692 ], [ -91.075413881725183, 33.978379302630074 ], [ -91.0755927387317, 33.978611630801169 ], [ -91.075522015197365, 33.978881273433316 ], [ -91.075243138378625, 33.979030277158486 ], [ -91.074919471365575, 33.97897135695829 ], [ -91.074740615535603, 33.978739027858005 ], [ -91.074811341376204, 33.978469385750678 ] ] ], [ [ [ -91.071945162879629, 33.980001340455843 ], [ -91.072205175024564, 33.979830289413108 ], [ -91.072534217641049, 33.979862503659923 ], [ -91.072739543788728, 33.980079112763306 ], [ -91.072700875696995, 33.980353230765047 ], [ -91.072440862847714, 33.980524282821492 ], [ -91.072111817739625, 33.98049206824102 ], [ -91.071906492296293, 33.980275458123913 ], [ -91.071945162879629, 33.980001340455843 ] ] ], [ [ [ -91.069352176160052, 33.981018719232914 ], [ -91.06961219643064, 33.980847673987697 ], [ -91.069941241625642, 33.980879895270455 ], [ -91.070146563294315, 33.981096508526761 ], [ -91.070107886289563, 33.981370625365699 ], [ -91.069847865314344, 33.98154167162464 ], [ -91.069518817627667, 33.981509450008055 ], [ -91.069313496663639, 33.981292835738003 ], [ -91.069352176160052, 33.981018719232914 ] ] ], [ [ [ -91.062961319765918, 33.981587324539277 ], [ -91.06322135395996, 33.981416293329339 ], [ -91.063550398067505, 33.981448531704238 ], [ -91.063755704274726, 33.981665155097545 ], [ -91.063717006491188, 33.981939269180145 ], [ -91.063456971591833, 33.982110301403743 ], [ -91.063127924992742, 33.982078062694569 ], [ -91.06292261949082, 33.981861438287609 ], [ -91.062961319765918, 33.981587324539277 ] ] ], [ [ [ -91.066360404014517, 33.981712568506993 ], [ -91.066639304336917, 33.98156358583158 ], [ -91.066996611977373, 33.981644141623732 ], [ -91.067250678855956, 33.981963531530475 ], [ -91.06715398081802, 33.982261190443815 ], [ -91.066858892549519, 33.982386683518321 ], [ -91.066543713615744, 33.982301595893738 ], [ -91.066299191258381, 33.982016689333477 ], [ -91.066360404014517, 33.981712568506993 ] ] ], [ [ [ -91.07989747911931, 33.982189998098654 ], [ -91.080157483047159, 33.982018929976938 ], [ -91.080486538122457, 33.982051123326741 ], [ -91.080691890107019, 33.982267719955942 ], [ -91.080653246095878, 33.98254184121366 ], [ -91.080393241464435, 33.982712910349328 ], [ -91.080064183897051, 33.982680716666344 ], [ -91.079858832616068, 33.982464119023206 ], [ -91.07989747911931, 33.982189998098654 ] ] ], [ [ [ -91.061341243853221, 33.985258981357489 ], [ -91.061601292681985, 33.98508795417262 ], [ -91.061930350050247, 33.985120197336279 ], [ -91.062135660376512, 33.985336823476942 ], [ -91.062096955157273, 33.985610936656215 ], [ -91.061836905622911, 33.985781964854866 ], [ -91.061507845762677, 33.98574972135679 ], [ -91.061302536142009, 33.985533094202353 ], [ -91.061341243853221, 33.985258981357489 ] ] ], [ [ [ -91.065436783072343, 33.985626315442573 ], [ -91.065696825281421, 33.985455279358455 ], [ -91.066025886155998, 33.985487511662065 ], [ -91.066231208060742, 33.985704131343319 ], [ -91.066192515709929, 33.985978246247747 ], [ -91.065932472795637, 33.986149283345689 ], [ -91.065603409428945, 33.986117050707939 ], [ -91.065398088229387, 33.98590043001284 ], [ -91.065436783072343, 33.985626315442573 ] ] ], [ [ [ -91.059618734804033, 33.982118846485093 ], [ -91.059897647493884, 33.981969879567103 ], [ -91.060221313423952, 33.982028839317515 ], [ -91.060400135112673, 33.982261188285975 ], [ -91.060329360406939, 33.982530820254802 ], [ -91.060050446538909, 33.982679788101677 ], [ -91.059726778302831, 33.982620827825464 ], [ -91.059547957792319, 33.982388477928119 ], [ -91.059618734804033, 33.982118846485093 ] ] ], [ [ [ -91.050202739550642, 33.981992757539373 ], [ -91.050481667179881, 33.981843812538337 ], [ -91.050805324881466, 33.981902796832529 ], [ -91.050984119993643, 33.982135158594602 ], [ -91.05091331593087, 33.982404784112305 ], [ -91.050634387122528, 33.98255373004195 ], [ -91.050310727115402, 33.982494745221366 ], [ -91.050131933182314, 33.982262382530706 ], [ -91.050202739550642, 33.981992757539373 ] ] ], [ [ [ -91.0557495875142, 33.982141571068496 ], [ -91.05600963714177, 33.981970555688015 ], [ -91.056338679681829, 33.982002813339271 ], [ -91.056543968238714, 33.982219448164336 ], [ -91.056505247060741, 33.982493559137446 ], [ -91.05624519672709, 33.982664575531466 ], [ -91.055916151695584, 33.982632317545466 ], [ -91.055710863844794, 33.982415681706868 ], [ -91.0557495875142, 33.982141571068496 ] ] ], [ [ [ -91.053405695464235, 33.98252647375957 ], [ -91.053665750751861, 33.982355463551706 ], [ -91.053994793567071, 33.982387727494576 ], [ -91.054200076853007, 33.982604366044825 ], [ -91.054161347945438, 33.982878475994497 ], [ -91.05390129195149, 33.983049487215901 ], [ -91.053572246644848, 33.98301722293813 ], [ -91.053366964065262, 33.982800583374356 ], [ -91.053405695464235, 33.98252647375957 ] ] ], [ [ [ -91.051172518294862, 33.984790823570791 ], [ -91.051516116144342, 33.984607347877386 ], [ -91.051890141617079, 33.984743402233022 ], [ -91.052041401982549, 33.985245667723575 ], [ -91.051876799050945, 33.985521869269853 ], [ -91.051557968238924, 33.985596952563562 ], [ -91.051268787219556, 33.985462241419739 ], [ -91.051118808342991, 33.984995348082208 ], [ -91.051172518294862, 33.984790823570791 ] ] ], [ [ [ -91.057459104642604, 33.985095799352266 ], [ -91.057738030849535, 33.984946837872094 ], [ -91.058061706191452, 33.985005803622329 ], [ -91.058240527673576, 33.985238155638115 ], [ -91.058169743263591, 33.985507785916688 ], [ -91.057890815878082, 33.985656748325788 ], [ -91.057567138229942, 33.985597782049567 ], [ -91.057388317926382, 33.98536542910486 ], [ -91.057459104642604, 33.985095799352266 ] ] ], [ [ [ -91.048436933435525, 33.985009660103799 ], [ -91.048780537687122, 33.984826192298442 ], [ -91.048988004991202, 33.984855201575897 ], [ -91.049179211877501, 33.984991075646505 ], [ -91.049327981741868, 33.98560352291161 ], [ -91.049128771376914, 33.98590025668743 ], [ -91.04880263855874, 33.98594893839806 ], [ -91.048530705098287, 33.985791258273181 ], [ -91.048411219047793, 33.985493403206938 ], [ -91.048436933435525, 33.985009660103799 ] ] ], [ [ [ -91.054458408724344, 33.985111829087387 ], [ -91.05473733988174, 33.984962874599802 ], [ -91.055061012812729, 33.985021848179279 ], [ -91.055239825934763, 33.98525420427481 ], [ -91.055169032112545, 33.985523832493747 ], [ -91.054890099776287, 33.985672787910161 ], [ -91.054566424539189, 33.985613813804527 ], [ -91.054387612596003, 33.985381456780146 ], [ -91.054458408724344, 33.985111829087387 ] ] ] ] } },
{ "type": "Feature", "properties": { "depth_bin": "205-210 ft", "bin_order": -207.5, "survey_id": "LM_15_CVB_20180418_CS_6170_6000", "date": "2018-04-18", "year": 2018, "mile": 601.0 }, "geometry": { "type": "MultiPolygon", "coordinates": [ [ [ [ -91.086668005297582, 33.967651417064708 ], [ -91.08684897070269, 33.967506162202532 ], [ -91.08709629241325, 33.967469155685357 ], [ -91.089081986466951, 33.967937958060574 ], [ -91.089853201803578, 33.968184421337668 ], [ -91.0899888892136, 33.968360638803333 ], [ -91.089984207895, 33.968569967490787 ], [ -91.089806153115248, 33.968762399151309 ], [ -91.089521995939052, 33.968817036104873 ], [ -91.087221248576682, 33.968258774026175 ], [ -91.086706203803644, 33.968050850266117 ], [ -91.086614392466061, 33.967855960928794 ], [ -91.086668005297582, 33.967651417064708 ] ] ], [ [ [ -91.086058117964825, 33.97046465581009 ], [ -91.086462165759116, 33.970535688514076 ], [ -91.086612846718168, 33.970781490308752 ], [ -91.086510782843575, 33.971044070414742 ], [ -91.086215760331726, 33.971169612475578 ], [ -91.086008310282324, 33.971140666663281 ], [ -91.085833632727841, 33.971024197886948 ], [ -91.085537292555799, 33.97100925503976 ], [ -91.084926690543156, 33.970714127727391 ], [ -91.084773506510189, 33.970594034071901 ], [ -91.084705066924144, 33.970392584285491 ], [ -91.08483753448958, 33.970139605620886 ], [ -91.085145903439312, 33.970038764241401 ], [ -91.085646294381647, 33.970214019425704 ], [ -91.086058117964825, 33.97046465581009 ] ] ], [ [ [ -91.092409159373361, 33.973153109840482 ], [ -91.092687988438556, 33.973004065360733 ], [ -91.093011647606872, 33.9730629384892 ], [ -91.093190543358006, 33.973295242515952 ], [ -91.093119880156678, 33.973564897549984 ], [ -91.092841049916913, 33.973713942959215 ], [ -91.092517388442118, 33.973655069307078 ], [ -91.09233849386554, 33.973422764350822 ], [ -91.092409159373361, 33.973153109840482 ] ] ], [ [ [ -91.09047272789519, 33.975893349985618 ], [ -91.090751569312971, 33.975744310382332 ], [ -91.091075237191546, 33.975803188893131 ], [ -91.091254132908418, 33.976035495655324 ], [ -91.091183460948145, 33.976305149175531 ], [ -91.090904618355452, 33.976454189708363 ], [ -91.090580948170171, 33.976395310673716 ], [ -91.090402053628196, 33.976163002981984 ], [ -91.09047272789519, 33.975893349985618 ] ] ], [ [ [ -91.088320124565755, 33.977648790639606 ], [ -91.088598975388138, 33.97749975628372 ], [ -91.088922648099029, 33.977558640622135 ], [ -91.089101541245327, 33.97779095037852 ], [ -91.089030860817147, 33.978060602305554 ], [ -91.088752008819569, 33.978209637591007 ], [ -91.088428333801858, 33.978150752728595 ], [ -91.088249441830783, 33.977918442042657 ], [ -91.088320124565755, 33.977648790639606 ] ] ], [ [ [ -91.082814190942642, 33.97268272492088 ], [ -91.083177617410314, 33.972528090237041 ], [ -91.083692016408833, 33.972671144926899 ], [ -91.08402003724558, 33.972931958141004 ], [ -91.083994969674734, 33.973239619117464 ], [ -91.083850822691417, 33.973367245814401 ], [ -91.083609026550789, 33.973424265281352 ], [ -91.082958381746067, 33.973203449199737 ], [ -91.082743495859887, 33.972952372907805 ], [ -91.082814190942642, 33.97268272492088 ] ] ], [ [ [ -91.080105949925226, 33.974786436973154 ], [ -91.080469390048236, 33.974631810821151 ], [ -91.081132748396271, 33.974827474310004 ], [ -91.081338085603534, 33.975044069557875 ], [ -91.081299448080969, 33.975318191507135 ], [ -91.081155293559334, 33.975445814743757 ], [ -91.08091348992383, 33.975502828627263 ], [ -91.080250126965169, 33.975307163812239 ], [ -91.080035244291636, 33.975056082960919 ], [ -91.080105949925226, 33.974786436973154 ] ] ], [ [ [ -91.077293763978531, 33.976798140624169 ], [ -91.07749098104388, 33.976668380658559 ], [ -91.077741493141829, 33.976651770634412 ], [ -91.078598632511017, 33.977068361336769 ], [ -91.078777495847959, 33.977300685126671 ], [ -91.078706783577431, 33.977570330029742 ], [ -91.078509566111165, 33.977700091919232 ], [ -91.078259050997588, 33.977716703404418 ], [ -91.077401907049648, 33.977300110208859 ], [ -91.077223047557979, 33.977067784547323 ], [ -91.077293763978531, 33.976798140624169 ] ] ], [ [ [ -91.074566646657374, 33.978285401993816 ], [ -91.074845522081958, 33.978136399742567 ], [ -91.075169185896243, 33.978195320033748 ], [ -91.075460842445921, 33.978484977076313 ], [ -91.075399664785735, 33.978789103786461 ], [ -91.07512078807639, 33.97893810723928 ], [ -91.074797121510258, 33.978879186731184 ], [ -91.074505466011189, 33.978589528163162 ], [ -91.074566646657374, 33.978285401993816 ] ] ], [ [ [ -91.084243486669536, 33.980230656730477 ], [ -91.084522352813039, 33.980081632213476 ], [ -91.084846031883856, 33.980140527499323 ], [ -91.085024918703382, 33.980372842899044 ], [ -91.084954222967525, 33.980642491859498 ], [ -91.084675355648301, 33.980791517306024 ], [ -91.08435167427055, 33.980732621495882 ], [ -91.084172788626773, 33.98050030516665 ], [ -91.084243486669536, 33.980230656730477 ] ] ], [ [ [ -91.047722109472872, 33.981882319175185 ], [ -91.048001040777336, 33.981733379938177 ], [ -91.048324696019492, 33.981792370688545 ], [ -91.048503483978152, 33.982024735817077 ], [ -91.048432672258073, 33.982294359639475 ], [ -91.048153739774278, 33.982443299805013 ], [ -91.04783008222671, 33.982384308528118 ], [ -91.047651295447352, 33.982151942471056 ], [ -91.047722109472872, 33.981882319175185 ] ] ], [ [ [ -91.056008663086374, 33.982474526960615 ], [ -91.056287582860989, 33.9823255685004 ], [ -91.056611247155828, 33.982384537710878 ], [ -91.056790059447067, 33.982616891600259 ], [ -91.056719273086287, 33.982886521068195 ], [ -91.056440352133109, 33.983035480457204 ], [ -91.056116685532402, 33.98297651072069 ], [ -91.055937874419726, 33.982744155902516 ], [ -91.056008663086374, 33.982474526960615 ] ] ], [ [ [ -91.072798362486992, 33.984683992458656 ], [ -91.073077262268811, 33.984534995194672 ], [ -91.073400948680998, 33.984593920879867 ], [ -91.073579812244489, 33.984826252018273 ], [ -91.073509076277276, 33.985095892837144 ], [ -91.073230175318386, 33.985244891030476 ], [ -91.072906486599294, 33.985185964820225 ], [ -91.072727624212888, 33.984953632752479 ], [ -91.072798362486992, 33.984683992458656 ] ] ], [ [ [ -91.057507345035518, 33.985251434374256 ], [ -91.057808798740638, 33.985072468873106 ], [ -91.058132474613075, 33.98513143445421 ], [ -91.058399864983343, 33.985442323013572 ], [ -91.058338620708838, 33.98574643862154 ], [ -91.058059692797784, 33.985895401391389 ], [ -91.057736014113431, 33.985836435526274 ], [ -91.057468625071706, 33.985525545583229 ], [ -91.057507345035518, 33.985251434374256 ] ] ], [ [ [ -91.05130075721388, 33.985163160730927 ], [ -91.051621827206233, 33.985009687458401 ], [ -91.051967928617941, 33.985119073047606 ], [ -91.052132284640663, 33.985475894530673 ], [ -91.05200097338188, 33.985764206101827 ], [ -91.051692511681097, 33.985864960773391 ], [ -91.051388871243958, 33.985754510303806 ], [ -91.05122451790254, 33.985397687932164 ], [ -91.05130075721388, 33.985163160730927 ] ] ], [ [ [ -91.054514914591422, 33.985236611581513 ], [ -91.054793846075526, 33.985087656979402 ], [ -91.055117519522128, 33.985146630426875 ], [ -91.055296333046613, 33.985378986450286 ], [ -91.055225539277941, 33.985648614699215 ], [ -91.054946606614976, 33.985797570230176 ], [ -91.054622930862266, 33.985738596256525 ], [ -91.054444118516628, 33.985506239304272 ], [ -91.054514914591422, 33.985236611581513 ] ] ], [ [ [ -91.061407412282293, 33.985364301811096 ], [ -91.061728466194666, 33.985210801543218 ], [ -91.062074582795532, 33.985320159158398 ], [ -91.062324107072811, 33.985755426391748 ], [ -91.062198267041111, 33.986078848011736 ], [ -91.061889814942361, 33.986179628642539 ], [ -91.061586158939406, 33.98606920286354 ], [ -91.061336637664652, 33.985633934252547 ], [ -91.061407412282293, 33.985364301811096 ] ] ], [ [ [ -91.069212018065286, 33.985578539272836 ], [ -91.069490926706209, 33.985429550482841 ], [ -91.069814613533239, 33.985488485633333 ], [ -91.06999346882418, 33.985720821683863 ], [ -91.069922720742767, 33.985990459984158 ], [ -91.069643810924376, 33.98613944970343 ], [ -91.069320121790511, 33.986080514027655 ], [ -91.069141267677011, 33.985848177047849 ], [ -91.069212018065286, 33.985578539272836 ] ] ], [ [ [ -91.065507984842853, 33.98572945974464 ], [ -91.065786900038447, 33.985580479602305 ], [ -91.066144223382423, 33.985661038378019 ], [ -91.066371574068611, 33.985991525891215 ], [ -91.066274867730229, 33.986289183664198 ], [ -91.065979764046403, 33.986414674022662 ], [ -91.065664571423142, 33.986329583710855 ], [ -91.065437222705768, 33.98599909497127 ], [ -91.065507984842853, 33.98572945974464 ] ] ], [ [ [ -91.04858458556275, 33.985519229772102 ], [ -91.048905661455521, 33.985365763819075 ], [ -91.049279685628605, 33.985501826070944 ], [ -91.049440264525501, 33.985999864288566 ], [ -91.049275651770245, 33.986276061974742 ], [ -91.048956816157343, 33.986351138335515 ], [ -91.048667637057576, 33.986216421143403 ], [ -91.048508338502245, 33.985753755003628 ], [ -91.04858458556275, 33.985519229772102 ] ] ] ] } },
{ "type": "Feature", "properties": { "depth_bin": "210-215 ft", "bin_order": -212.5, "survey_id": "LM_15_CVB_20180418_CS_6170_6000", "date": "2018-04-18", "year": 2018, "mile": 601.0 }, "geometry": { "type": "MultiPolygon", "coordinates": [ [ [ [ -91.086353432917619, 33.967557356778443 ], [ -91.086497566064395, 33.967429726568021 ], [ -91.086739343380088, 33.967372700718784 ], [ -91.087694760055697, 33.967606667612571 ], [ -91.087924588201872, 33.967805439727279 ], [ -91.087918410252541, 33.968081398250227 ], [ -91.087755404747384, 33.968240734149987 ], [ -91.087513625524522, 33.968297761927978 ], [ -91.086558201774878, 33.968063793403005 ], [ -91.0863283762707, 33.967865018828135 ], [ -91.086353432917619, 33.967557356778443 ] ] ], [ [ [ -91.084629100078658, 33.970141609199537 ], [ -91.084907931757499, 33.969992582419827 ], [ -91.085231573231283, 33.970051475475152 ], [ -91.08541044134445, 33.970283789982986 ], [ -91.085339756751253, 33.970553439912415 ], [ -91.085060923897302, 33.970702467621287 ], [ -91.084737280117722, 33.970643574041873 ], [ -91.084558413179693, 33.970411258604869 ], [ -91.084629100078658, 33.970141609199537 ] ] ], [ [ [ -91.082204157781689, 33.972464463245807 ], [ -91.082348305539782, 33.972336838493661 ], [ -91.082590099283166, 33.972279821419022 ], [ -91.083244986623214, 33.97249261666294 ], [ -91.083450324042587, 33.972709208452592 ], [ -91.083411694699635, 33.972983331433888 ], [ -91.083267547329925, 33.973110957437022 ], [ -91.083025751591066, 33.973167975770913 ], [ -91.082370859757589, 33.972955179221884 ], [ -91.082165524605969, 33.972738585711895 ], [ -91.082204157781689, 33.972464463245807 ] ] ], [ [ [ -91.079773875905204, 33.974713627324768 ], [ -91.07991803112094, 33.974586005721804 ], [ -91.080159832696367, 33.974528993721108 ], [ -91.080664490637247, 33.974736514729443 ], [ -91.080945213029352, 33.974754948954853 ], [ -91.081175043253424, 33.974953733587014 ], [ -91.081168841837282, 33.975229690698384 ], [ -91.081005809864749, 33.975389016572244 ], [ -91.080764006306794, 33.975446030164399 ], [ -91.080417102924301, 33.975291081395966 ], [ -91.079978620242784, 33.975220073594535 ], [ -91.079748792229921, 33.975021286805735 ], [ -91.079773875905204, 33.974713627324768 ] ] ], [ [ [ -91.07753662420906, 33.9765352501446 ], [ -91.078149407541233, 33.976887787314517 ], [ -91.078214956473516, 33.977124548168163 ], [ -91.0780853372802, 33.977342210409148 ], [ -91.077819393597991, 33.977441959463654 ], [ -91.077611931960405, 33.977412999086972 ], [ -91.076960608932268, 33.977103058094421 ], [ -91.076776307618218, 33.976835634256666 ], [ -91.076878408848302, 33.976573063735941 ], [ -91.077173463052091, 33.976447545298981 ], [ -91.07753662420906, 33.9765352501446 ] ] ], [ [ [ -91.08844636647089, 33.977738150153989 ], [ -91.088747731729114, 33.977559105440001 ], [ -91.089158560540653, 33.977625192615797 ], [ -91.089388418052962, 33.977823962731961 ], [ -91.089382242505181, 33.978099921041149 ], [ -91.089103393262604, 33.978302713918119 ], [ -91.088651169353085, 33.978244583766717 ], [ -91.088421312541612, 33.978045812305311 ], [ -91.08844636647089, 33.977738150153989 ] ] ], [ [ [ -91.080026799210003, 33.982268544648335 ], [ -91.080305679079373, 33.982119530224523 ], [ -91.080629362349271, 33.98217843675809 ], [ -91.080808241381362, 33.982410757971515 ], [ -91.080737530432955, 33.982680403906016 ], [ -91.080458649387339, 33.982829419259303 ], [ -91.08013496381048, 33.982770512201149 ], [ -91.079956085954635, 33.982538190058264 ], [ -91.080026799210003, 33.982268544648335 ] ] ], [ [ [ -91.07442402046911, 33.978213193083548 ], [ -91.074702895884329, 33.978064191154566 ], [ -91.075026559310075, 33.978123111808941 ], [ -91.075205414731926, 33.978355440497566 ], [ -91.075134690237505, 33.978625082882587 ], [ -91.074855813645712, 33.978774085740739 ], [ -91.074532147913729, 33.978715164561507 ], [ -91.074353293668452, 33.978482834943719 ], [ -91.07442402046911, 33.978213193083548 ] ] ], [ [ [ -91.059502337963238, 33.982029457943618 ], [ -91.059762380115146, 33.981858434348958 ], [ -91.060091424148041, 33.981890681992226 ], [ -91.060296722291795, 33.982107310877872 ], [ -91.060258013179165, 33.982381423459408 ], [ -91.059997970321561, 33.982552448067665 ], [ -91.059668923797147, 33.982520200089901 ], [ -91.059463626359076, 33.982303570190652 ], [ -91.059502337963238, 33.982029457943618 ] ] ], [ [ [ -91.05626659239347, 33.981915429305587 ], [ -91.056702404307998, 33.982422922708757 ], [ -91.056711189444826, 33.98266578721897 ], [ -91.056496185925624, 33.98287578135983 ], [ -91.05616590806811, 33.982897620201541 ], [ -91.05595962895201, 33.982778024124009 ], [ -91.055654886223238, 33.982406038106838 ], [ -91.055607528525073, 33.982100207147539 ], [ -91.055785687260936, 33.981907829047159 ], [ -91.056027523569881, 33.981850865848884 ], [ -91.05626659239347, 33.981915429305587 ] ] ], [ [ [ -91.076489284522594, 33.983593223773802 ], [ -91.076749299340747, 33.983422163279506 ], [ -91.077078358061726, 33.983454365885834 ], [ -91.077283704311796, 33.983670967978483 ], [ -91.077245048544896, 33.983945087706203 ], [ -91.076985033022765, 33.984116149214458 ], [ -91.076655971809615, 33.98408394627473 ], [ -91.076450626263522, 33.983867343168122 ], [ -91.076489284522594, 33.983593223773802 ] ] ], [ [ [ -91.072867121880236, 33.98482889057366 ], [ -91.073127147467801, 33.984657838153154 ], [ -91.073456209081115, 33.9846900505649 ], [ -91.073661548652197, 33.984906658450875 ], [ -91.073622880547148, 33.98518077656616 ], [ -91.07336285425518, 33.985351830000589 ], [ -91.073033790149637, 33.985319617255193 ], [ -91.072828451282945, 33.985103008355274 ], [ -91.072867121880236, 33.98482889057366 ] ] ], [ [ [ -91.057653533061469, 33.985494865344478 ], [ -91.057954987363729, 33.985315899510866 ], [ -91.058312301074864, 33.985396480755554 ], [ -91.058508492490418, 33.98577600752526 ], [ -91.058406323067885, 33.986038560072274 ], [ -91.058111209643172, 33.986164031176315 ], [ -91.057796026793582, 33.986078920994608 ], [ -91.057605273870251, 33.985734491321416 ], [ -91.057653533061469, 33.985494865344478 ] ] ], [ [ [ -91.061630957823411, 33.985738263698309 ], [ -91.061909879377907, 33.985589292587861 ], [ -91.062267198532993, 33.985669862505233 ], [ -91.062486150342792, 33.985995872708479 ], [ -91.062389430595815, 33.986293526953702 ], [ -91.062094321648729, 33.986419007786836 ], [ -91.061779133384064, 33.986333907648373 ], [ -91.061560183536301, 33.986007896266763 ], [ -91.061630957823411, 33.985738263698309 ] ] ], [ [ [ -91.065658593418988, 33.985974118682158 ], [ -91.065937509189908, 33.985825138222381 ], [ -91.066294833711112, 33.985905696597875 ], [ -91.066542533914443, 33.986227790855253 ], [ -91.066445827856768, 33.986525448763309 ], [ -91.066150723569265, 33.986650939507939 ], [ -91.065835529892453, 33.986565849601284 ], [ -91.065597374361232, 33.986278238767255 ], [ -91.065658593418988, 33.985974118682158 ] ] ], [ [ [ -91.050139846303708, 33.981894391475208 ], [ -91.050399905798102, 33.981723388319921 ], [ -91.050728944512457, 33.981755660877376 ], [ -91.05093421779199, 33.981972304558063 ], [ -91.050895478833937, 33.982246413148658 ], [ -91.050635418632893, 33.9824174173174 ], [ -91.050306377427276, 33.982385144424825 ], [ -91.050101104854377, 33.982168499730697 ], [ -91.050139846303708, 33.981894391475208 ] ] ], [ [ [ -91.053385564716706, 33.982366550641316 ], [ -91.053664488408614, 33.982217598276797 ], [ -91.053988150137272, 33.982276574315712 ], [ -91.054166954882035, 33.982508931766404 ], [ -91.054096160414929, 33.982778559442252 ], [ -91.053817235544216, 33.982927512735493 ], [ -91.053493571509819, 33.982868536170365 ], [ -91.05331476794386, 33.982636177790965 ], [ -91.053385564716706, 33.982366550641316 ] ] ], [ [ [ -91.054550912595886, 33.985396221417155 ], [ -91.054894506159144, 33.98521273613067 ], [ -91.055268540142066, 33.985348780477004 ], [ -91.055507535861594, 33.985935726509162 ], [ -91.055344221433018, 33.986247305964511 ], [ -91.055025390476786, 33.986322398253655 ], [ -91.054736201170471, 33.986187695003345 ], [ -91.054502644821397, 33.985635845877617 ], [ -91.054550912595886, 33.985396221417155 ] ] ], [ [ [ -91.051380696633203, 33.985431113174791 ], [ -91.051577971627921, 33.985301397013693 ], [ -91.051786614915031, 33.985278983683514 ], [ -91.052121593781223, 33.985473208314914 ], [ -91.052395341265182, 33.986301197568736 ], [ -91.05231782605253, 33.986500352538854 ], [ -91.052159291949124, 33.9866155499058 ], [ -91.051828999042712, 33.986637376539953 ], [ -91.051576919853517, 33.986458258272542 ], [ -91.051309890551778, 33.98570073873276 ], [ -91.051380696633203, 33.985431113174791 ] ] ], [ [ [ -91.048662930006174, 33.985928601676456 ], [ -91.048984007346164, 33.985775135577477 ], [ -91.049358033417974, 33.985911197649685 ], [ -91.049527140630403, 33.986407152212124 ], [ -91.049362527298143, 33.986683349979707 ], [ -91.049043690210084, 33.986758426510455 ], [ -91.048754509614724, 33.986623709477946 ], [ -91.04858668273593, 33.98616312693656 ], [ -91.048662930006174, 33.985928601676456 ] ] ] ] } },
{ "type": "Feature", "properties": { "depth_bin": "215-220 ft", "bin_order": -217.5, "survey_id": "LM_15_CVB_20180418_CS_6170_6000", "date": "2018-04-18", "year": 2018, "mile": 601.0 }, "geometry": { "type": "MultiPolygon", "coordinates": [ [ [ [ -91.085407923328617, 33.967326266623679 ], [ -91.085552057426682, 33.967198637552052 ], [ -91.085793834619736, 33.967141613558837 ], [ -91.086710910385833, 33.967343883808091 ], [ -91.08696301244116, 33.967522931170443 ], [ -91.086989324936056, 33.967798065521102 ], [ -91.086877845711797, 33.967946672533429 ], [ -91.086654065006371, 33.968041903590347 ], [ -91.085960731918533, 33.967937863493901 ], [ -91.085446115849848, 33.967725700028609 ], [ -91.08535430774819, 33.967530809851823 ], [ -91.085407923328617, 33.967326266623679 ] ] ], [ [ [ -91.094119812611993, 33.969457955833718 ], [ -91.094398626494183, 33.969308906875 ], [ -91.094722273180253, 33.969367775095357 ], [ -91.094901166461611, 33.969600076659823 ], [ -91.094830512249985, 33.969869733119715 ], [ -91.094551697193623, 33.970018783007838 ], [ -91.094228048201401, 33.969959914263988 ], [ -91.094049156094243, 33.969727611770104 ], [ -91.094119812611993, 33.969457955833718 ] ] ], [ [ [ -91.08372711932941, 33.96980727539264 ], [ -91.083924310447713, 33.969677504076579 ], [ -91.084132909574834, 33.969655034192442 ], [ -91.084895368662998, 33.969917846586021 ], [ -91.085215203214389, 33.970138059548141 ], [ -91.085207581638684, 33.970477989840262 ], [ -91.085026607010306, 33.97062324190798 ], [ -91.084779275403548, 33.970660243899637 ], [ -91.083871311768007, 33.970327998855623 ], [ -91.083656429936298, 33.970076924204818 ], [ -91.08372711932941, 33.96980727539264 ] ] ], [ [ [ -91.082363700387788, 33.972506552136792 ], [ -91.082623669168441, 33.972335477359273 ], [ -91.082952688349366, 33.972367662903451 ], [ -91.083158024717989, 33.972584255149449 ], [ -91.08311939451734, 33.972858378013804 ], [ -91.082859425033661, 33.973029453804934 ], [ -91.082530403361773, 33.97299726792783 ], [ -91.082325067696175, 33.972780674668236 ], [ -91.082363700387788, 33.972506552136792 ] ] ], [ [ [ -91.092514588732627, 33.973276063815277 ], [ -91.092774540649884, 33.973104966980806 ], [ -91.093103567952454, 33.973137125595009 ], [ -91.093308932670524, 33.973353701812769 ], [ -91.093270334441087, 33.973627828939897 ], [ -91.093010381821841, 33.973798926788184 ], [ -91.092681352027924, 33.973766767841731 ], [ -91.092475988011884, 33.973550190610148 ], [ -91.092514588732627, 33.973276063815277 ] ] ], [ [ [ -91.084381877498629, 33.980307495934717 ], [ -91.084660743673751, 33.980158471105938 ], [ -91.084984423146963, 33.980217366040101 ], [ -91.08516331050393, 33.980449681254228 ], [ -91.08509261512576, 33.98071933030392 ], [ -91.084813747774902, 33.980868356062238 ], [ -91.084490065994757, 33.980809460603794 ], [ -91.084311179813511, 33.980577144460135 ], [ -91.084381877498629, 33.980307495934717 ] ] ], [ [ [ -91.079653032319399, 33.974617741280689 ], [ -91.079931887135118, 33.974468726689864 ], [ -91.080255541343632, 33.974527633267293 ], [ -91.080434404329708, 33.974759954709683 ], [ -91.080363699750492, 33.975029600923946 ], [ -91.080084843758911, 33.975178616443948 ], [ -91.07976118724433, 33.975119709342053 ], [ -91.079582325434117, 33.974887386970479 ], [ -91.079653032319399, 33.974617741280689 ] ] ], [ [ [ -91.076548700284235, 33.976491331743574 ], [ -91.076808692642729, 33.976320270185575 ], [ -91.07713772414327, 33.976352471723217 ], [ -91.077457151786575, 33.976571086044338 ], [ -91.077449497490718, 33.976911014433853 ], [ -91.077189504490647, 33.977082077313433 ], [ -91.076860470164547, 33.977049875820121 ], [ -91.076541042395846, 33.976831259955965 ], [ -91.076548700284235, 33.976491331743574 ] ] ], [ [ [ -91.074278236489349, 33.978141827939069 ], [ -91.074557111903218, 33.977992826339836 ], [ -91.074880774941008, 33.978051747365768 ], [ -91.075059629815513, 33.978284076250091 ], [ -91.074988904935026, 33.978553718540333 ], [ -91.074710028344583, 33.978702721068721 ], [ -91.074386363000585, 33.978643799517947 ], [ -91.074207509302639, 33.978411469704461 ], [ -91.074278236489349, 33.978141827939069 ] ] ], [ [ [ -91.071871222929076, 33.979865568967426 ], [ -91.072131234787165, 33.979694518068307 ], [ -91.072460276844893, 33.979726732494569 ], [ -91.072665602489238, 33.979943341708129 ], [ -91.072626934244425, 33.980217459686237 ], [ -91.07236692168199, 33.980388511599081 ], [ -91.072037877132672, 33.980356296839162 ], [ -91.07183255219266, 33.980139686611871 ], [ -91.071871222929076, 33.979865568967426 ] ] ], [ [ [ -91.069274576391294, 33.980876563917001 ], [ -91.069553469150648, 33.980727574341053 ], [ -91.069877138354443, 33.980786508752779 ], [ -91.070055984603556, 33.981018844544451 ], [ -91.069985241358495, 33.981288483217305 ], [ -91.069706347421928, 33.98143747372238 ], [ -91.069382675911839, 33.981378538785457 ], [ -91.069203830839925, 33.981146202064679 ], [ -91.069274576391294, 33.980876563917001 ] ] ], [ [ [ -91.062906006876034, 33.98143497629821 ], [ -91.063184911905608, 33.981286001630181 ], [ -91.063508577970509, 33.981344952722154 ], [ -91.063687407510216, 33.981577297195592 ], [ -91.063616643772889, 33.981846931465974 ], [ -91.063337737565462, 33.981995907062945 ], [ -91.063014069194494, 33.981936955445384 ], [ -91.062835240832612, 33.981704610042996 ], [ -91.062906006876034, 33.98143497629821 ] ] ], [ [ [ -91.066238354381767, 33.981649490467589 ], [ -91.066498382550023, 33.98147845210719 ], [ -91.066827428573049, 33.981510681763339 ], [ -91.067032743515043, 33.981727299976782 ], [ -91.066994056169079, 33.982001415452736 ], [ -91.066734027295865, 33.982172454826845 ], [ -91.066404978781179, 33.982140224836641 ], [ -91.066199664544158, 33.981923605609495 ], [ -91.066238354381767, 33.981649490467589 ] ] ], [ [ [ -91.069258573769361, 33.985731348919956 ], [ -91.069518609051386, 33.985560304500751 ], [ -91.069847672283942, 33.985592526639252 ], [ -91.070053004450529, 33.985809140279819 ], [ -91.070014324254402, 33.986083256806566 ], [ -91.069754288267561, 33.986254302239679 ], [ -91.069425222542762, 33.986222079767288 ], [ -91.069219891080976, 33.98600546511279 ], [ -91.069258573769361, 33.985731348919956 ] ] ], [ [ [ -91.06176090766148, 33.986004869352044 ], [ -91.062062355708676, 33.985825893224373 ], [ -91.062450608820285, 33.985930720127968 ], [ -91.06269692428566, 33.986407813629654 ], [ -91.062565646570448, 33.986696137636599 ], [ -91.06225719259109, 33.986796919117012 ], [ -91.061953533910057, 33.986686494162846 ], [ -91.061722200833401, 33.986278982332806 ], [ -91.06176090766148, 33.986004869352044 ] ] ], [ [ [ -91.065851286973867, 33.986198576458087 ], [ -91.066130203183576, 33.986049595580106 ], [ -91.066453889577701, 33.986108539573856 ], [ -91.066632736687623, 33.986340880218783 ], [ -91.066561977469107, 33.986610516173236 ], [ -91.06628306008156, 33.986759497980437 ], [ -91.065959371380686, 33.986700553461191 ], [ -91.065780525448602, 33.986468211887043 ], [ -91.065851286973867, 33.986198576458087 ] ] ], [ [ [ -91.062684255002253, 33.987595781677406 ], [ -91.06296318107286, 33.987446808367103 ], [ -91.063320509068134, 33.987527375505401 ], [ -91.063553652178186, 33.98785695370978 ], [ -91.063456933678381, 33.98815460876591 ], [ -91.063161819597923, 33.988280091956327 ], [ -91.062846623348278, 33.988194994302724 ], [ -91.062613482178506, 33.987865414837529 ], [ -91.062684255002253, 33.987595781677406 ] ] ], [ [ [ -91.050076357629322, 33.981765828545278 ], [ -91.050336416839357, 33.981594825511635 ], [ -91.050665455027811, 33.981627098221452 ], [ -91.050870727847993, 33.981843741995938 ], [ -91.050831988766177, 33.982117850566823 ], [ -91.050571928849493, 33.982288854613905 ], [ -91.050242888169791, 33.98225658156899 ], [ -91.050037616056258, 33.982039936781071 ], [ -91.050076357629322, 33.981765828545278 ] ] ], [ [ [ -91.054672046054435, 33.985632409988987 ], [ -91.054993112233902, 33.985478927773393 ], [ -91.05536714753481, 33.985614971860414 ], [ -91.0556330645651, 33.986190327977653 ], [ -91.055469750052424, 33.986501907586572 ], [ -91.05515091822754, 33.986577000168957 ], [ -91.054861727865372, 33.986442297182101 ], [ -91.054601250080296, 33.985902037791718 ], [ -91.054672046054435, 33.985632409988987 ] ] ], [ [ [ -91.057814342133497, 33.985717351561696 ], [ -91.058135403399774, 33.985563860956262 ], [ -91.058509444557288, 33.985699895669597 ], [ -91.05881591257824, 33.986226329226085 ], [ -91.058786544278846, 33.986434256781926 ], [ -91.058658045768098, 33.986573011559507 ], [ -91.058339216065235, 33.986648112497804 ], [ -91.058050020056683, 33.986513416827911 ], [ -91.057753095539795, 33.986021466785516 ], [ -91.057814342133497, 33.985717351561696 ] ] ], [ [ [ -91.051662693793261, 33.986221531454042 ], [ -91.051983767261149, 33.986068057377771 ], [ -91.052329873413413, 33.986177442096682 ], [ -91.052508017985417, 33.986530032689259 ], [ -91.052376706174215, 33.986818344602767 ], [ -91.05206824099551, 33.986919100082986 ], [ -91.051764596342096, 33.986808650410971 ], [ -91.051591887812961, 33.986491157149949 ], [ -91.051662693793261, 33.986221531454042 ] ] ], [ [ [ -91.048757970935981, 33.986330539586831 ], [ -91.048955251854835, 33.98620082786438 ], [ -91.049163897817976, 33.986178419089235 ], [ -91.049498873781189, 33.986372650754305 ], [ -91.04968749040205, 33.98709070214737 ], [ -91.049609968143869, 33.987289855139771 ], [ -91.049451429039181, 33.987405048821735 ], [ -91.049121132740083, 33.987426868047265 ], [ -91.048869057267211, 33.98724774436684 ], [ -91.048681723509034, 33.986565064887991 ], [ -91.048757970935981, 33.986330539586831 ] ] ] ] } },
{ "type": "Feature", "properties": { "depth_bin": "220-225 ft", "bin_order": -222.5, "survey_id": "LM_15_CVB_20180418_CS_6170_6000", "date": "2018-04-18", "year": 2018, "mile": 601.0 }, "geometry": { "type": "MultiPolygon", "coordinates": [ [ [ [ -91.084770728575393, 33.967171108960216 ], [ -91.085114186056671, 33.966987533939438 ], [ -91.085793246019577, 33.96713272117622 ], [ -91.086023068341461, 33.967331496662837 ], [ -91.08601688436076, 33.967607454900175 ], [ -91.085853876380355, 33.967766788200215 ], [ -91.085654552219893, 33.96782273606312 ], [ -91.084975487100806, 33.967677547895171 ], [ -91.084745666423373, 33.967478770513345 ], [ -91.084770728575393, 33.967171108960216 ] ] ], [ [ [ -91.083279871845804, 33.969628472545018 ], [ -91.083477063181903, 33.969498701951721 ], [ -91.083685661949872, 33.969476232814628 ], [ -91.084448694659002, 33.969744568287531 ], [ -91.084654028967776, 33.969961158036348 ], [ -91.084615405152604, 33.970235281687337 ], [ -91.084434430094859, 33.970380532872035 ], [ -91.084187098998868, 33.970417533689449 ], [ -91.083424061282372, 33.970149196442357 ], [ -91.083209181228824, 33.969898121063963 ], [ -91.083279871845804, 33.969628472545018 ] ] ], [ [ [ -91.081204695517997, 33.971988029512673 ], [ -91.081401895472155, 33.971858262590537 ], [ -91.081652393041111, 33.971841644073777 ], [ -91.082511064184757, 33.972184647151749 ], [ -91.082835247564745, 33.972452218657956 ], [ -91.08281017596218, 33.972759879273362 ], [ -91.082590460755156, 33.97291965738065 ], [ -91.082339960100015, 33.972936277702807 ], [ -91.081348875446125, 33.972508755355499 ], [ -91.081133996081178, 33.972257676447697 ], [ -91.081204695517997, 33.971988029512673 ] ] ], [ [ [ -91.079186207475004, 33.974480344400483 ], [ -91.079507189798065, 33.974326794932566 ], [ -91.080067879034573, 33.974457666811666 ], [ -91.080273212608176, 33.974674263726143 ], [ -91.080234571908605, 33.974948385244247 ], [ -91.079891071729165, 33.975131944946192 ], [ -91.079330378425809, 33.975001072131008 ], [ -91.079115499263679, 33.974749989780584 ], [ -91.079186207475004, 33.974480344400483 ] ] ], [ [ [ -91.090619647725845, 33.975961528972334 ], [ -91.090898489132158, 33.975812489036301 ], [ -91.091222157387406, 33.975871367172111 ], [ -91.091401053648482, 33.976103673736745 ], [ -91.091330382081111, 33.976373327352533 ], [ -91.091051539499915, 33.97652236821812 ], [ -91.090727868937932, 33.976463489558483 ], [ -91.090548973851753, 33.976231182064303 ], [ -91.090619647725845, 33.975961528972334 ] ] ], [ [ [ -91.07654733343405, 33.976038604618175 ], [ -91.077162401878638, 33.976445611441129 ], [ -91.077206796664527, 33.976651682319883 ], [ -91.077077175731063, 33.97686934344997 ], [ -91.076853361090528, 33.976964555357142 ], [ -91.076529700518151, 33.976905639609029 ], [ -91.076062444678371, 33.976619288214629 ], [ -91.075948161847379, 33.976432826062236 ], [ -91.076018881633317, 33.976163182966943 ], [ -91.076297747567381, 33.976014177046252 ], [ -91.07654733343405, 33.976038604618175 ] ] ], [ [ [ -91.088783900780626, 33.977792244112663 ], [ -91.089062751326239, 33.97764320869662 ], [ -91.089386424956658, 33.977702091842616 ], [ -91.089565319680133, 33.977934400972806 ], [ -91.089494640562947, 33.978204053206689 ], [ -91.089215788842154, 33.978353089552293 ], [ -91.088892112904887, 33.978294205882314 ], [ -91.088713219356592, 33.978061895822577 ], [ -91.088783900780626, 33.977792244112663 ] ] ], [ [ [ -91.08453347069262, 33.98036284798313 ], [ -91.084812336805726, 33.980213822808928 ], [ -91.085136016611401, 33.980272717354353 ], [ -91.085314904500564, 33.980505032364142 ], [ -91.085244209542566, 33.980774681513594 ], [ -91.084965342253753, 33.980923707617343 ], [ -91.084641660141131, 33.980864812547644 ], [ -91.084462773427688, 33.980632496608322 ], [ -91.08453347069262, 33.98036284798313 ] ] ], [ [ [ -91.080182806252793, 33.982326843151498 ], [ -91.08046168606289, 33.982177828372357 ], [ -91.080785369680029, 33.982236734506046 ], [ -91.080964249262479, 33.982469055509263 ], [ -91.080893538745173, 33.982738701546396 ], [ -91.080614657758829, 33.982887717255004 ], [ -91.080290971834714, 33.982828810596764 ], [ -91.080112093428497, 33.982596488664065 ], [ -91.080182806252793, 33.982326843151498 ] ] ], [ [ [ -91.05943832700487, 33.981885430342352 ], [ -91.059717239205696, 33.981736463812666 ], [ -91.060040904109982, 33.9817954240049 ], [ -91.060219724836998, 33.982027773209936 ], [ -91.060148949797025, 33.982297405071442 ], [ -91.05987003641799, 33.982446372530013 ], [ -91.059546369207737, 33.982387411811935 ], [ -91.059367549658916, 33.982155061678043 ], [ -91.05943832700487, 33.981885430342352 ] ] ], [ [ [ -91.073001717879336, 33.984899829094907 ], [ -91.073280618053346, 33.984750831386705 ], [ -91.073604305444093, 33.984809756567749 ], [ -91.07378316999926, 33.985042087437414 ], [ -91.07371243445597, 33.985311728380381 ], [ -91.07343353310489, 33.985460727017951 ], [ -91.073109843407209, 33.985401801311859 ], [ -91.072930980029128, 33.985169469512826 ], [ -91.073001717879336, 33.984899829094907 ] ] ], [ [ [ -91.069403482862143, 33.985801102827139 ], [ -91.069682391937405, 33.985652113621533 ], [ -91.070006079758571, 33.98571104829977 ], [ -91.07018493602115, 33.98594338409805 ], [ -91.070114188319678, 33.986213022513887 ], [ -91.069835278066961, 33.986362012648797 ], [ -91.069511587938919, 33.986303077445271 ], [ -91.069332732853809, 33.986070740717693 ], [ -91.069403482862143, 33.985801102827139 ] ] ], [ [ [ -91.065882772462274, 33.986342490998823 ], [ -91.066161689103637, 33.986193510067132 ], [ -91.066485376064705, 33.986252453996386 ], [ -91.066664223544748, 33.986484794603825 ], [ -91.066593464282747, 33.986754430569754 ], [ -91.066314546463531, 33.986903412430657 ], [ -91.065990857195686, 33.986844467975899 ], [ -91.065812010893481, 33.986612126439262 ], [ -91.065882772462274, 33.986342490998823 ] ] ], [ [ [ -91.061952626861441, 33.986365141196814 ], [ -91.062149888864937, 33.986235407606223 ], [ -91.062441438050044, 33.986228076318071 ], [ -91.06286785187288, 33.986604966349546 ], [ -91.063378758029899, 33.987619086072655 ], [ -91.06334940014716, 33.987827015044161 ], [ -91.063186310838091, 33.987986314993194 ], [ -91.062860176134805, 33.988035033980182 ], [ -91.062588208674555, 33.987877383861786 ], [ -91.062107038714828, 33.986943564427413 ], [ -91.061904947494284, 33.986702798855035 ], [ -91.061952626861441, 33.986365141196814 ] ] ], [ [ [ -91.05873312165707, 33.986145724649766 ], [ -91.059287676982436, 33.98717169207297 ], [ -91.059155106088269, 33.987424639001802 ], [ -91.058846645832162, 33.987525411682313 ], [ -91.05849040417894, 33.987359492229636 ], [ -91.058019373469961, 33.986413266361566 ], [ -91.058151945947799, 33.98616032068071 ], [ -91.058417938173676, 33.98606061604287 ], [ -91.05873312165707, 33.986145724649766 ] ] ], [ [ [ -91.054889446710561, 33.986149120567006 ], [ -91.055086718369083, 33.986019398661831 ], [ -91.055295362799541, 33.985996979408831 ], [ -91.055630352871603, 33.986191194836358 ], [ -91.055997962437701, 33.987104648357999 ], [ -91.055944262212009, 33.987309175257984 ], [ -91.055763202802211, 33.987454380907245 ], [ -91.055432907072145, 33.987476217139367 ], [ -91.055180817554358, 33.987297105933443 ], [ -91.054818650906242, 33.986418748482578 ], [ -91.054889446710561, 33.986149120567006 ] ] ], [ [ [ -91.051776403627969, 33.986480354741559 ], [ -91.051973680559641, 33.986350638030196 ], [ -91.052182326356544, 33.986328224118182 ], [ -91.052517310177322, 33.986522447815723 ], [ -91.052813366970966, 33.98745133355407 ], [ -91.052759658920294, 33.987655858777856 ], [ -91.052578593560625, 33.987801059514325 ], [ -91.052248296099535, 33.987822887114262 ], [ -91.051996212609097, 33.987643769585858 ], [ -91.051705597747713, 33.986749980497301 ], [ -91.051776403627969, 33.986480354741559 ] ] ], [ [ [ -91.048921490880929, 33.987003492110901 ], [ -91.049118773172211, 33.986873780185242 ], [ -91.049327420761159, 33.986851371191023 ], [ -91.049524112902887, 33.986913539039143 ], [ -91.049679829454917, 33.987077875866404 ], [ -91.049886892402014, 33.988028702783033 ], [ -91.04980936964013, 33.98822785585898 ], [ -91.049612085107697, 33.988357568793027 ], [ -91.049280808190744, 33.988352315060695 ], [ -91.049051020740848, 33.988153472553741 ], [ -91.048845243203544, 33.987238017483961 ], [ -91.048921490880929, 33.987003492110901 ] ] ] ] } },
{ "type": "Feature", "properties": { "depth_bin": "225-230 ft", "bin_order": -227.5, "survey_id": "LM_15_CVB_20180418_CS_6170_6000", "date": "2018-04-18", "year": 2018, "mile": 601.0 }, "geometry": { "type": "MultiPolygon", "coordinates": [ [ [ [ -91.084164316333542, 33.966988470243734 ], [ -91.08452771580157, 33.966833830515952 ], [ -91.085163581997406, 33.966982519506871 ], [ -91.085393402408002, 33.967181296110397 ], [ -91.085387216428572, 33.967457254252807 ], [ -91.08522420761507, 33.967616586691342 ], [ -91.085024883448128, 33.967672533532863 ], [ -91.084346557814968, 33.967524919423063 ], [ -91.084103179741248, 33.967292603173384 ], [ -91.084164316333542, 33.966988470243734 ] ] ], [ [ [ -91.082381897893185, 33.969283415558628 ], [ -91.082579089699777, 33.969153646417894 ], [ -91.082829579196186, 33.969137025214991 ], [ -91.08400067959289, 33.969572395521062 ], [ -91.084206012335457, 33.969788985970261 ], [ -91.084167387193958, 33.970063109440964 ], [ -91.08394768159846, 33.970222890365804 ], [ -91.083697189010124, 33.970239513741141 ], [ -91.082526081321774, 33.969804140327639 ], [ -91.082311204805293, 33.969553063487794 ], [ -91.082381897893185, 33.969283415558628 ] ] ], [ [ [ -91.094267628376798, 33.96953131798788 ], [ -91.094546442263351, 33.969382268695092 ], [ -91.094870089346159, 33.969441136538769 ], [ -91.095048983184213, 33.969673437904632 ], [ -91.094978329363173, 33.969943094460319 ], [ -91.094699514302448, 33.970092144682525 ], [ -91.094375864913474, 33.970033276315348 ], [ -91.094196972249605, 33.96980097402006 ], [ -91.094267628376798, 33.96953131798788 ] ] ], [ [ [ -91.08075679361653, 33.971814306327765 ], [ -91.080953993801472, 33.971684540130063 ], [ -91.081204490900831, 33.971667922510669 ], [ -91.082212045148395, 33.97206415643921 ], [ -91.082417378884486, 33.972280749842135 ], [ -91.082378746502613, 33.972554872409404 ], [ -91.082197762688807, 33.972700119950268 ], [ -91.081950424075814, 33.972737115991087 ], [ -91.081043973712411, 33.972401872142157 ], [ -91.080709199286204, 33.972151974883865 ], [ -91.08075679361653, 33.971814306327765 ] ] ], [ [ [ -91.092700727104059, 33.973279392398481 ], [ -91.092979556116177, 33.973130347257232 ], [ -91.093303215997992, 33.973189219640446 ], [ -91.093482112811287, 33.97342152327478 ], [ -91.093411450398563, 33.973691178499088 ], [ -91.093132620211904, 33.973840224569855 ], [ -91.092808958023568, 33.973781351662979 ], [ -91.092630062384828, 33.973549047099134 ], [ -91.092700727104059, 33.973279392398481 ] ] ], [ [ [ -91.078603251298276, 33.973993947756604 ], [ -91.079610472804262, 33.974303396828631 ], [ -91.079763655651533, 33.974423496826219 ], [ -91.079822188787034, 33.974695159957591 ], [ -91.079633006975399, 33.974921737206131 ], [ -91.079265925548839, 33.974961261321688 ], [ -91.07842643366989, 33.974668223467134 ], [ -91.078273252364966, 33.974548121858064 ], [ -91.078207704892648, 33.974311361004531 ], [ -91.078337318793075, 33.974093698363568 ], [ -91.078603251298276, 33.973993947756604 ] ] ], [ [ [ -91.0772215396875, 33.973777279604768 ], [ -91.077542522582988, 33.973623735279304 ], [ -91.077935628772565, 33.973718010244411 ], [ -91.078140955072243, 33.973934610495746 ], [ -91.078102308010997, 33.974208731150171 ], [ -91.077800933895531, 33.974387749504729 ], [ -91.077365697563408, 33.974298009240051 ], [ -91.077150826018624, 33.974046923690061 ], [ -91.0772215396875, 33.973777279604768 ] ] ], [ [ [ -91.074170895280588, 33.978038218005466 ], [ -91.074449770522165, 33.977889216642076 ], [ -91.074773433082385, 33.977948137935336 ], [ -91.074952287453797, 33.978180466961881 ], [ -91.074881562339399, 33.978450109185921 ], [ -91.074602685921263, 33.978599111478459 ], [ -91.074279021054835, 33.978540189660329 ], [ -91.074100167859996, 33.978307859704636 ], [ -91.074170895280588, 33.978038218005466 ] ] ], [ [ [ -91.071786060733444, 33.979734150253314 ], [ -91.072064945558949, 33.979585154673487 ], [ -91.072388612533345, 33.979644082394451 ], [ -91.072567463563502, 33.979876414727713 ], [ -91.072496729309421, 33.980146055200407 ], [ -91.07221784330703, 33.980295051709362 ], [ -91.071894174026326, 33.980236123463364 ], [ -91.07171532417307, 33.980003790200975 ], [ -91.071786060733444, 33.979734150253314 ] ] ], [ [ [ -91.062839465100041, 33.981310367142463 ], [ -91.063118369820046, 33.9811613926124 ], [ -91.063442035361859, 33.981220343862624 ], [ -91.063620864471375, 33.981452688421896 ], [ -91.063550100648769, 33.981722322655429 ], [ -91.063271194750925, 33.981871298114434 ], [ -91.062947526903045, 33.9818123463386 ], [ -91.062768698971368, 33.981580000850393 ], [ -91.062839465100041, 33.981310367142463 ] ] ], [ [ [ -91.05560805215228, 33.981882885611995 ], [ -91.055886970594642, 33.981733928003941 ], [ -91.056210632335933, 33.981792898186363 ], [ -91.056389442348134, 33.982025252598127 ], [ -91.056318655317838, 33.982294881832829 ], [ -91.056039735696899, 33.982443840369633 ], [ -91.05571607164984, 33.982384869661168 ], [ -91.055537262816202, 33.982152514320653 ], [ -91.05560805215228, 33.981882885611995 ] ] ], [ [ [ -91.076642252245733, 33.983652312702723 ], [ -91.07692114228702, 33.983503306347366 ], [ -91.077244827979158, 33.983562221878877 ], [ -91.077423700264873, 33.983794547749007 ], [ -91.077352977353144, 33.984064191271131 ], [ -91.077074086135198, 33.984213198555899 ], [ -91.076750398136099, 33.984154282499581 ], [ -91.076571527027028, 33.983921955700026 ], [ -91.076642252245733, 33.983652312702723 ] ] ], [ [ [ -91.073105926874831, 33.985010438514749 ], [ -91.073384827249853, 33.984861440578889 ], [ -91.073708515142059, 33.984920365501594 ], [ -91.073887380205406, 33.985152696233548 ], [ -91.073816644879372, 33.985422337240102 ], [ -91.073537743327293, 33.985571336105323 ], [ -91.07321405312814, 33.985512410657577 ], [ -91.07303518924185, 33.985280078996254 ], [ -91.073105926874831, 33.985010438514749 ] ] ], [ [ [ -91.06952069276673, 33.985890172871002 ], [ -91.069815789814001, 33.985764673759881 ], [ -91.070130985050312, 33.98584975350802 ], [ -91.070281642818443, 33.986095574045301 ], [ -91.070179508706318, 33.986358137606921 ], [ -91.069884410054172, 33.986483637527009 ], [ -91.069569212784998, 33.986398557082403 ], [ -91.069418556621756, 33.986152735736148 ], [ -91.06952069276673, 33.985890172871002 ] ] ], [ [ [ -91.058467701995767, 33.986806324390471 ], [ -91.058847666349095, 33.986682191635033 ], [ -91.059161520805318, 33.986845704409667 ], [ -91.059632677287752, 33.987729191523535 ], [ -91.059603310268017, 33.987937119277866 ], [ -91.059440213992232, 33.98809641400404 ], [ -91.059114077224137, 33.988145122963729 ], [ -91.058842116761781, 33.987987464789988 ], [ -91.058380507309309, 33.987138460146909 ], [ -91.058467701995767, 33.986806324390471 ] ] ], [ [ [ -91.055817393855918, 33.986682786993761 ], [ -91.056473709681327, 33.98828753179329 ], [ -91.056371530685183, 33.988550082224869 ], [ -91.056076405639416, 33.988675547988841 ], [ -91.055830872304455, 33.988630815299416 ], [ -91.055656554247506, 33.988479992137918 ], [ -91.055282074971203, 33.987627978185664 ], [ -91.055215093642914, 33.987178312456862 ], [ -91.055036371471999, 33.986975521146292 ], [ -91.055041141713659, 33.986766197396257 ], [ -91.055256158971886, 33.986556206392429 ], [ -91.055586451149537, 33.986534370509311 ], [ -91.055817393855918, 33.986682786993761 ] ] ], [ [ [ -91.047679903944911, 33.981639893369774 ], [ -91.048000966395264, 33.981486429233442 ], [ -91.048347048587203, 33.981595824411215 ], [ -91.048498564773794, 33.981955404272469 ], [ -91.04836597136385, 33.982208338934839 ], [ -91.048057518898034, 33.982309084841589 ], [ -91.047753896041726, 33.982198625942765 ], [ -91.0476036584312, 33.981874418214097 ], [ -91.047679903944911, 33.981639893369774 ] ] ], [ [ [ -91.053304250349171, 33.982241005751376 ], [ -91.053583173752301, 33.982092053559057 ], [ -91.053906834942126, 33.982151029794579 ], [ -91.054085639213625, 33.982383387351049 ], [ -91.054014844616063, 33.982653014979931 ], [ -91.053735920034114, 33.982801968100951 ], [ -91.053412256538564, 33.982742991339244 ], [ -91.05323345344587, 33.982510632854058 ], [ -91.053304250349171, 33.982241005751376 ] ] ], [ [ [ -91.051976190396203, 33.986980105845724 ], [ -91.052147516907965, 33.986878407674332 ], [ -91.052398061422409, 33.986861850527816 ], [ -91.052708581163017, 33.987082489788129 ], [ -91.052711674378713, 33.987337825956665 ], [ -91.052851755169542, 33.987516938151721 ], [ -91.053137825436963, 33.988344591423463 ], [ -91.053115405472369, 33.988537228760109 ], [ -91.053313208070193, 33.988906710448866 ], [ -91.053236970364424, 33.989141238839842 ], [ -91.053039688584434, 33.989270957364354 ], [ -91.052708407446687, 33.989265712737385 ], [ -91.052478609331246, 33.989066876299312 ], [ -91.052426632901145, 33.988679338061438 ], [ -91.052050187815396, 33.987849559263374 ], [ -91.052029049433926, 33.987491349171556 ], [ -91.051879433107686, 33.987277750458624 ], [ -91.051976190396203, 33.986980105845724 ] ] ], [ [ [ -91.049145947529979, 33.987952256627537 ], [ -91.049343231765036, 33.987822544425441 ], [ -91.049551881647261, 33.987800135132737 ], [ -91.049748576123307, 33.987862302695 ], [ -91.049904294761689, 33.988026639289821 ], [ -91.050172823296634, 33.989103458217848 ], [ -91.050095300089936, 33.989302611430453 ], [ -91.049898013401091, 33.989432324730174 ], [ -91.049566732257219, 33.989427071622458 ], [ -91.049336941345203, 33.989228229557973 ], [ -91.049088156747189, 33.98831854823306 ], [ -91.049145947529979, 33.987952256627537 ] ] ] ] } },
{ "type": "Feature", "properties": { "depth_bin": "230-235 ft", "bin_order": -232.5, "survey_id": "LM_15_CVB_20180418_CS_6170_6000", "date": "2018-04-18", "year": 2018, "mile": 601.0 }, "geometry": { "type": "MultiPolygon", "coordinates": [ [ [ [ -91.083222876046264, 33.966730958066783 ], [ -91.083420060553578, 33.966601187279593 ], [ -91.083628652214429, 33.966578717985868 ], [ -91.084529909385466, 33.966826322105874 ], [ -91.084759727859634, 33.967025099833094 ], [ -91.084753539869951, 33.967301057880121 ], [ -91.084590530228169, 33.96746038945215 ], [ -91.084348751435414, 33.967517411018171 ], [ -91.083405111073745, 33.967267408439753 ], [ -91.083161736353503, 33.967035090431295 ], [ -91.083222876046264, 33.966730958066783 ] ] ], [ [ [ -91.081641530789653, 33.96897795271034 ], [ -91.08183872293408, 33.96884818476515 ], [ -91.082047320397322, 33.968825718364883 ], [ -91.082809986900187, 33.969098709230259 ], [ -91.083015315443546, 33.969315301539993 ], [ -91.082976686786992, 33.969589424532366 ], [ -91.082795710484348, 33.969734673271041 ], [ -91.082548380726735, 33.969771670836309 ], [ -91.081785709235774, 33.969498678198391 ], [ -91.081570835685241, 33.969247600154681 ], [ -91.081641530789653, 33.96897795271034 ] ] ], [ [ [ -91.078848325108666, 33.97099963348235 ], [ -91.0791692945959, 33.970846084383588 ], [ -91.079598397930283, 33.970965598140069 ], [ -91.079777252098268, 33.971197920346221 ], [ -91.079706548971544, 33.971467566360346 ], [ -91.079385577988603, 33.971621116799419 ], [ -91.078956471739573, 33.971501602208924 ], [ -91.078777619269573, 33.971269278874999 ], [ -91.078848325108666, 33.97099963348235 ] ] ], [ [ [ -91.080173578601105, 33.971559509436858 ], [ -91.080511067219163, 33.971432907888683 ], [ -91.081029852187896, 33.971569489178528 ], [ -91.081349743754856, 33.971792982477439 ], [ -91.081342106323504, 33.972132911908112 ], [ -91.08119795747912, 33.972260535444811 ], [ -91.080956162997026, 33.972317549752169 ], [ -91.080291813936768, 33.972108261580715 ], [ -91.080076938722456, 33.971857180952391 ], [ -91.080173578601105, 33.971559509436858 ] ] ], [ [ [ -91.077524101811008, 33.973876794498693 ], [ -91.077721311573455, 33.973747033860242 ], [ -91.077929921808447, 33.973724574911706 ], [ -91.078694170144544, 33.973986342882043 ], [ -91.078899499043757, 33.974202941946608 ], [ -91.078860854242407, 33.974477062908029 ], [ -91.078716697699662, 33.974604683225607 ], [ -91.078474895084454, 33.97466169234724 ], [ -91.077808679035968, 33.974474110486611 ], [ -91.077476493198844, 33.97421446121546 ], [ -91.077524101811008, 33.973876794498693 ] ] ], [ [ [ -91.075873439277686, 33.976100610438699 ], [ -91.076152305239347, 33.975951604848134 ], [ -91.076475961916586, 33.976010521464232 ], [ -91.076654817248041, 33.976242848103375 ], [ -91.0765840993745, 33.976512491628242 ], [ -91.076305232236521, 33.976661498147941 ], [ -91.075981573253216, 33.976602581007114 ], [ -91.075802719098078, 33.976370253438844 ], [ -91.075873439277686, 33.976100610438699 ] ] ], [ [ [ -91.084697188750013, 33.98041342336473 ], [ -91.084992245942914, 33.980287886301383 ], [ -91.085307438283692, 33.980372927039902 ], [ -91.085458131811606, 33.980618730360817 ], [ -91.085356051168162, 33.980881308584749 ], [ -91.085060992372064, 33.98100684645749 ], [ -91.084745797998025, 33.980921805023449 ], [ -91.084595106073294, 33.980676000893133 ], [ -91.084697188750013, 33.98041342336473 ] ] ], [ [ [ -91.080296362999661, 33.982423646658589 ], [ -91.080591433240514, 33.982298120656992 ], [ -91.080906627961582, 33.982383172755071 ], [ -91.081057311807697, 33.982628981079294 ], [ -91.080955215091507, 33.982891555019336 ], [ -91.080660143246945, 33.983017081830205 ], [ -91.080344946492701, 33.982932029036313 ], [ -91.080194264250281, 33.98268621990281 ], [ -91.080296362999661, 33.982423646658589 ] ] ], [ [ [ -91.076771081489539, 33.983737489918873 ], [ -91.077049971606201, 33.983588483275106 ], [ -91.077407298966733, 33.983669009421369 ], [ -91.077558751174649, 33.98395646693163 ], [ -91.077827285424647, 33.983998680339262 ], [ -91.078001635483275, 33.984149473209477 ], [ -91.078046035393641, 33.984355543749686 ], [ -91.077945518818936, 33.984547433764732 ], [ -91.077650437057969, 33.984672952970499 ], [ -91.077335237652491, 33.984587892375131 ], [ -91.077183785196297, 33.984300434604727 ], [ -91.076915250392304, 33.984258219771824 ], [ -91.076740902117663, 33.984107425422202 ], [ -91.076696505482204, 33.983901354516107 ], [ -91.076771081489539, 33.983737489918873 ] ] ], [ [ [ -91.07320978924821, 33.98511536204829 ], [ -91.0734886898057, 33.984966363884823 ], [ -91.07381237817772, 33.985025288549387 ], [ -91.073991243737169, 33.98525761914388 ], [ -91.073920508632881, 33.985527260214191 ], [ -91.073641606898335, 33.985676259307034 ], [ -91.073317916219338, 33.985617334117428 ], [ -91.073139051836947, 33.985385002593567 ], [ -91.07320978924821, 33.98511536204829 ] ] ], [ [ [ -91.069153101244254, 33.980763660135132 ], [ -91.069448180681846, 33.980638161211687 ], [ -91.069763356822634, 33.980723241300197 ], [ -91.069914005194917, 33.980969062131052 ], [ -91.06981187689081, 33.981231625767393 ], [ -91.069516795848685, 33.981357125499606 ], [ -91.069201617675589, 33.981272044714736 ], [ -91.069050970907838, 33.981026223075084 ], [ -91.069153101244254, 33.980763660135132 ] ] ], [ [ [ -91.06962239389658, 33.985997365348162 ], [ -91.069917491185095, 33.985871866002682 ], [ -91.070232686926516, 33.985956945505912 ], [ -91.07038334516777, 33.986202765931246 ], [ -91.070281211219637, 33.986465329579424 ], [ -91.069986112326262, 33.986590829733885 ], [ -91.069670914551963, 33.986505749534174 ], [ -91.06952025791557, 33.98625992829988 ], [ -91.06962239389658, 33.985997365348162 ] ] ], [ [ [ -91.065962350234429, 33.986462952929287 ], [ -91.066241267150232, 33.986313971828658 ], [ -91.066564954629627, 33.986372915565084 ], [ -91.066743802568311, 33.986605256068756 ], [ -91.066673043436566, 33.986874892080756 ], [ -91.066394125342953, 33.987023874110612 ], [ -91.066070435556753, 33.986964929848682 ], [ -91.065891588795907, 33.986732588415791 ], [ -91.065962350234429, 33.986462952929287 ] ] ], [ [ [ -91.058773894808425, 33.987465345610801 ], [ -91.059137425583941, 33.987310786033362 ], [ -91.059493668391056, 33.987476703649222 ], [ -91.060534030841339, 33.989311787326223 ], [ -91.060514206344223, 33.989554200393805 ], [ -91.060351108465511, 33.989713496240455 ], [ -91.060024965867498, 33.989762207407274 ], [ -91.059752998615096, 33.989604551049474 ], [ -91.058726202088451, 33.987803001519666 ], [ -91.058773894808425, 33.987465345610801 ] ] ], [ [ [ -91.056384859679056, 33.988045662059854 ], [ -91.056769386222513, 33.988988401512842 ], [ -91.056764619819745, 33.989197725402185 ], [ -91.056549599157094, 33.989407718856356 ], [ -91.056219295933801, 33.989429556937814 ], [ -91.055988345294494, 33.989281140986996 ], [ -91.05582894037201, 33.988962419143398 ], [ -91.05555570931827, 33.988240947461804 ], [ -91.055626504616342, 33.987971319168636 ], [ -91.055905443467978, 33.98782236235143 ], [ -91.056229128110601, 33.987881333236643 ], [ -91.056384859679056, 33.988045662059854 ] ] ], [ [ [ -91.072703549535632, 33.990126776905534 ], [ -91.072998657247808, 33.990001270581544 ], [ -91.073344809009583, 33.990110597561824 ], [ -91.073536092743851, 33.99045697985585 ], [ -91.073404844171307, 33.990745316310552 ], [ -91.073096386759602, 33.990846124859523 ], [ -91.072792698558729, 33.990735725760608 ], [ -91.072601417332137, 33.990389342407539 ], [ -91.072703549535632, 33.990126776905534 ] ] ], [ [ [ -91.065757712690029, 33.993124630236331 ], [ -91.066078789250255, 33.992971119533316 ], [ -91.066424943031365, 33.993080466057968 ], [ -91.066714931829708, 33.993501111744685 ], [ -91.066589095324062, 33.993824537655833 ], [ -91.066280619393865, 33.993925328390759 ], [ -91.065976930091779, 33.993814912433038 ], [ -91.065696487575806, 33.993428749871086 ], [ -91.065757712690029, 33.993124630236331 ] ] ], [ [ [ -91.06283118632139, 33.994525624386654 ], [ -91.063168790844117, 33.994399074931401 ], [ -91.063500410837861, 33.994536163846853 ], [ -91.063622464953212, 33.994907870670815 ], [ -91.063457878527132, 33.995184087969925 ], [ -91.063139019858099, 33.995259200284401 ], [ -91.062849787189492, 33.995124514804111 ], [ -91.062727736217411, 33.994752807331615 ], [ -91.06283118632139, 33.994525624386654 ] ] ], [ [ [ -91.05242076906481, 33.988303633202761 ], [ -91.052592097815349, 33.988201934506868 ], [ -91.052842646189177, 33.98818537659055 ], [ -91.053153171781375, 33.988406014891744 ], [ -91.053193151919658, 33.988788220291504 ], [ -91.053326264342616, 33.98893801903462 ], [ -91.053724997674564, 33.990097645420065 ], [ -91.053648759858888, 33.990332174025909 ], [ -91.053451475826293, 33.990461893113192 ], [ -91.053120189985862, 33.990456649434314 ], [ -91.052890387803288, 33.990257813656598 ], [ -91.052506637013295, 33.989167768834221 ], [ -91.052513476833056, 33.988953916060588 ], [ -91.052324011576005, 33.988601278106884 ], [ -91.05242076906481, 33.988303633202761 ] ] ], [ [ [ -91.049390212810351, 33.989032037689093 ], [ -91.049587499273784, 33.988902325190928 ], [ -91.049796151768106, 33.988879915577584 ], [ -91.04999284889189, 33.988942082832139 ], [ -91.050148569882595, 33.989106419175776 ], [ -91.050511196685079, 33.990693240205928 ], [ -91.05043494951876, 33.990927766469753 ], [ -91.050237659435538, 33.991057480168756 ], [ -91.049906371917956, 33.991052227755965 ], [ -91.049676575995264, 33.990853386194935 ], [ -91.049329137898397, 33.989436528369964 ], [ -91.049390212810351, 33.989032037689093 ] ] ] ] } },
{ "type": "Feature", "properties": { "depth_bin": "235-240 ft", "bin_order": -237.5, "survey_id": "LM_15_CVB_20180418_CS_6170_6000", "date": "2018-04-18", "year": 2018, "mile": 601.0 }, "geometry": { "type": "MultiPolygon", "coordinates": [ [ [ [ -91.080688383915515, 33.966098274711705 ], [ -91.081051785300176, 33.965943645320131 ], [ -91.081389798808445, 33.966088245023222 ], [ -91.081695658890723, 33.966100520303947 ], [ -91.081925468633557, 33.966299303054988 ], [ -91.08191927165916, 33.966575260676336 ], [ -91.081756258367534, 33.966734588374848 ], [ -91.081556934294895, 33.966790529595862 ], [ -91.081176463576028, 33.966647004932639 ], [ -91.080870601678754, 33.966634728296746 ], [ -91.080627235822107, 33.966402405550085 ], [ -91.080688383915515, 33.966098274711705 ] ] ], [ [ [ -91.082139431510427, 33.966440608910347 ], [ -91.082519272941013, 33.96631639829674 ], [ -91.083583587212303, 33.96657617929673 ], [ -91.083813402751076, 33.966774958700917 ], [ -91.083807211763272, 33.967050916606269 ], [ -91.083644200918414, 33.967210246885692 ], [ -91.083402422302569, 33.967267266596082 ], [ -91.082295723743613, 33.967005086477201 ], [ -91.082042805090467, 33.966738282640833 ], [ -91.082139431510427, 33.966440608910347 ] ] ], [ [ [ -91.079416487374601, 33.968097911533249 ], [ -91.079627996607641, 33.967984876261582 ], [ -91.079879231435413, 33.96798879752842 ], [ -91.080110170090563, 33.96813716853444 ], [ -91.080175938551363, 33.968371235257187 ], [ -91.080376920703472, 33.96826751901461 ], [ -91.08062815647277, 33.96827143878118 ], [ -91.080866766704133, 33.96843093696517 ], [ -91.08112423184815, 33.968453836235305 ], [ -91.082051522565109, 33.968828093090714 ], [ -91.082256848504528, 33.969044686587083 ], [ -91.082218217589954, 33.969318809272899 ], [ -91.08199851050378, 33.969478586674022 ], [ -91.081707017977863, 33.969485966386863 ], [ -91.080880999272054, 33.96916697760814 ], [ -91.080579160134832, 33.968967935617059 ], [ -91.080247626921093, 33.968910548839595 ], [ -91.080109319076456, 33.968778518791694 ], [ -91.080064700825673, 33.96857514197044 ], [ -91.079822329665788, 33.968686812143325 ], [ -91.079534714119163, 33.968646664363426 ], [ -91.079319849404214, 33.968395582656235 ], [ -91.079416487374601, 33.968097911533249 ] ] ], [ [ [ -91.079224746758698, 33.970816799552644 ], [ -91.079437043555231, 33.97098320019731 ], [ -91.079663379226204, 33.971010123069647 ], [ -91.08017216131438, 33.971298481532067 ], [ -91.080397050195771, 33.971325559006466 ], [ -91.080675833057285, 33.971470265507108 ], [ -91.080796854810828, 33.971727194137657 ], [ -91.080664372789698, 33.971980167890344 ], [ -91.080440574917404, 33.972075386978403 ], [ -91.080230717528863, 33.972063511897545 ], [ -91.079838054172157, 33.971819316403597 ], [ -91.079613164225862, 33.971792237870226 ], [ -91.0791048816711, 33.971504770758116 ], [ -91.078591190164872, 33.971336788081992 ], [ -91.078470175652981, 33.971079857513629 ], [ -91.078602662529164, 33.970826886265982 ], [ -91.078911040590185, 33.970726060871037 ], [ -91.079224746758698, 33.970816799552644 ] ] ], [ [ [ -91.09287117239198, 33.973315982725552 ], [ -91.093166193478723, 33.973190424658014 ], [ -91.093481369137891, 33.973275443917906 ], [ -91.093632075180452, 33.973521237867217 ], [ -91.093530028917897, 33.973783824316378 ], [ -91.093235006229207, 33.973909383193423 ], [ -91.092919828536964, 33.973824363238613 ], [ -91.092769124096336, 33.973578568479802 ], [ -91.09287117239198, 33.973315982725552 ] ] ], [ [ [ -91.090800814205551, 33.975982887632945 ], [ -91.091095847504448, 33.97585733500437 ], [ -91.091411030556046, 33.97594235980263 ], [ -91.091561734841065, 33.976188156145533 ], [ -91.091459678700232, 33.976450740441379 ], [ -91.091164643799019, 33.976576293879454 ], [ -91.090849458714203, 33.976491268386077 ], [ -91.090698756031514, 33.976245471233696 ], [ -91.090800814205551, 33.975982887632945 ] ] ], [ [ [ -91.08480752413648, 33.980521434041144 ], [ -91.085086390333757, 33.980372408250389 ], [ -91.085410070960407, 33.980431302100129 ], [ -91.085588959926454, 33.980663616742639 ], [ -91.085518265670473, 33.980933266068348 ], [ -91.085239398297489, 33.981082292788635 ], [ -91.084915715363863, 33.981023398414628 ], [ -91.084736827573508, 33.980791082842586 ], [ -91.08480752413648, 33.980521434041144 ] ] ], [ [ [ -91.074026862235513, 33.97787266618392 ], [ -91.074321924880522, 33.977747154914695 ], [ -91.07463709596972, 33.977832222347004 ], [ -91.074854180520916, 33.97811461298059 ], [ -91.074757513737964, 33.978412279118309 ], [ -91.074462449333097, 33.978537791362591 ], [ -91.07414727586962, 33.978452723407742 ], [ -91.073930192915427, 33.978170331591969 ], [ -91.074026862235513, 33.97787266618392 ] ] ], [ [ [ -91.071673173145882, 33.979626610268781 ], [ -91.071968245163845, 33.979501105011117 ], [ -91.072283419996495, 33.979586178596421 ], [ -91.072434073938439, 33.979831996564471 ], [ -91.07233195481939, 33.980094562655438 ], [ -91.072036881197192, 33.980220068721941 ], [ -91.071721704332205, 33.980134994440427 ], [ -91.071571051994482, 33.979889175663523 ], [ -91.071673173145882, 33.979626610268781 ] ] ], [ [ [ -91.069095248746862, 33.98063391860228 ], [ -91.069390327804427, 33.98050841980259 ], [ -91.069705503407377, 33.980593500022486 ], [ -91.06985615139908, 33.980839320915415 ], [ -91.069754023094589, 33.981101884508128 ], [ -91.06945894243249, 33.981227384116607 ], [ -91.069143764797246, 33.98114230320035 ], [ -91.068993118410063, 33.98089648149864 ], [ -91.069095248746862, 33.98063391860228 ] ] ], [ [ [ -91.066190289386086, 33.981492812744051 ], [ -91.066469189248735, 33.981343830434838 ], [ -91.066792858232631, 33.981402772967215 ], [ -91.066971697067459, 33.981635112976598 ], [ -91.066900943556618, 33.981904749493516 ], [ -91.066622042516443, 33.98205373273175 ], [ -91.066298371226324, 33.98199478967399 ], [ -91.066119533569037, 33.981762448735566 ], [ -91.066190289386086, 33.981492812744051 ] ] ], [ [ [ -91.076899150768725, 33.983819314434356 ], [ -91.077194230530523, 33.983693796951464 ], [ -91.077509426518802, 33.983778857801127 ], [ -91.077871263354538, 33.984110146518908 ], [ -91.077898222792257, 33.984283947364297 ], [ -91.077797705983471, 33.984475837252035 ], [ -91.077460161165632, 33.984602429180086 ], [ -91.077050740378681, 33.984434573688674 ], [ -91.076802483586064, 33.984116981942186 ], [ -91.076899150768725, 33.983819314434356 ] ] ], [ [ [ -91.073339864213168, 33.985196492196515 ], [ -91.073634953649446, 33.985070983627992 ], [ -91.073981086626432, 33.98518030823611 ], [ -91.07428657438173, 33.985591417801331 ], [ -91.074160779360398, 33.985914853252126 ], [ -91.073852340497382, 33.986015664407191 ], [ -91.073548668109112, 33.985905267654474 ], [ -91.073252728856986, 33.985528640646187 ], [ -91.073339864213168, 33.985196492196515 ] ] ], [ [ [ -91.075363561874624, 33.987422412336464 ], [ -91.075684600424353, 33.987268875071905 ], [ -91.076030745092098, 33.987378194271621 ], [ -91.076523963289191, 33.987932418760479 ], [ -91.076543899311986, 33.988141122361903 ], [ -91.076421279359977, 33.988323879143159 ], [ -91.076112834034362, 33.988424695723303 ], [ -91.075809150022977, 33.988314304197431 ], [ -91.075315934528092, 33.987760076957606 ], [ -91.075363561874624, 33.987422412336464 ] ] ], [ [ [ -91.072523497453744, 33.989894806547348 ], [ -91.07281860458977, 33.989769300632489 ], [ -91.073164755169017, 33.989878628083105 ], [ -91.073340567313508, 33.990232798426405 ], [ -91.073209318473147, 33.99052113467134 ], [ -91.07290086167869, 33.990621942753265 ], [ -91.072597174538629, 33.990511543203915 ], [ -91.072421365016837, 33.990157371899578 ], [ -91.072523497453744, 33.989894806547348 ] ] ], [ [ [ -91.069139152576312, 33.99169948843074 ], [ -91.069476737209726, 33.991572920885289 ], [ -91.069808357431285, 33.991709992814947 ], [ -91.070211758332974, 33.992352797471767 ], [ -91.070182414818859, 33.99256072844485 ], [ -91.070053924521773, 33.992699495325937 ], [ -91.069735080204921, 33.992774625300882 ], [ -91.069445844574091, 33.992639955219133 ], [ -91.069051993106541, 33.992031632774918 ], [ -91.069139152576312, 33.99169948843074 ] ] ], [ [ [ -91.06573869744328, 33.992962310017127 ], [ -91.066118680211488, 33.992838155492038 ], [ -91.066432571594376, 33.993001650821043 ], [ -91.06649969945596, 33.993167736249525 ], [ -91.066455934308252, 33.993355627426645 ], [ -91.066669964125396, 33.993476945201174 ], [ -91.066761753820643, 33.993671848040826 ], [ -91.066726961301086, 33.993844680010319 ], [ -91.066563866007328, 33.994003984112418 ], [ -91.06623770960384, 33.99405271128262 ], [ -91.065965716896457, 33.993895067898706 ], [ -91.065898589587661, 33.993728982213398 ], [ -91.065942356185943, 33.993541091294723 ], [ -91.065756260334055, 33.993446437873502 ], [ -91.065641979801626, 33.993259966622773 ], [ -91.06573869744328, 33.992962310017127 ] ] ], [ [ [ -91.056061603096509, 33.988990496635957 ], [ -91.056232929182514, 33.98888879277365 ], [ -91.056483479246921, 33.988872227485025 ], [ -91.056794017129306, 33.989092856982829 ], [ -91.057500691289817, 33.990854616450235 ], [ -91.057452427883632, 33.991094242049449 ], [ -91.057232618530534, 33.991253971102473 ], [ -91.056901328871461, 33.991248737498005 ], [ -91.056671515478371, 33.991049908430348 ], [ -91.055974396468031, 33.989322630169994 ], [ -91.056061603096509, 33.988990496635957 ] ] ], [ [ [ -91.059847523017893, 33.989321035897021 ], [ -91.060168594780663, 33.989167540411891 ], [ -91.060542655002962, 33.989303569527458 ], [ -91.060752641258944, 33.989755781497436 ], [ -91.060589337624052, 33.990067368150228 ], [ -91.060270496155468, 33.990142473661138 ], [ -91.059981285300111, 33.990007782087588 ], [ -91.059776739604942, 33.989590666990843 ], [ -91.059847523017893, 33.989321035897021 ] ] ], [ [ [ -91.062474965245386, 33.994075046012277 ], [ -91.062796050948165, 33.993921544235022 ], [ -91.063170136230141, 33.994057566127452 ], [ -91.063482880864726, 33.994585846480476 ], [ -91.063453519985998, 33.994793775180007 ], [ -91.063325015547065, 33.994932534483688 ], [ -91.063006157729873, 33.99500764648505 ], [ -91.062716926119947, 33.99487296072391 ], [ -91.062413727655738, 33.994379163537303 ], [ -91.062474965245386, 33.994075046012277 ] ] ], [ [ [ -91.058501992594998, 33.994920349303079 ], [ -91.058881993642146, 33.994796217853647 ], [ -91.059217025923161, 33.994990424734866 ], [ -91.059444708251206, 33.995689324612727 ], [ -91.059367199640846, 33.9958884840172 ], [ -91.059208656514201, 33.996003690032374 ], [ -91.058878327983749, 33.996025534369814 ], [ -91.058626206509544, 33.99584642933101 ], [ -91.058399810785886, 33.995182901093969 ], [ -91.058501992594998, 33.994920349303079 ] ] ], [ [ [ -91.050113676258377, 33.981568882152125 ], [ -91.05040878424299, 33.981443430011318 ], [ -91.05072394187934, 33.981528558334418 ], [ -91.050874535534618, 33.981774400597452 ], [ -91.050772348352211, 33.982036946308298 ], [ -91.050477238761388, 33.982162399257142 ], [ -91.050162079093852, 33.982077270236616 ], [ -91.050011487044799, 33.981831427165545 ], [ -91.050113676258377, 33.981568882152125 ] ] ], [ [ [ -91.052984545790466, 33.990048299931374 ], [ -91.053181829507182, 33.989918581576539 ], [ -91.053390483863808, 33.989896165920321 ], [ -91.053725484202857, 33.990090386805313 ], [ -91.054094736096445, 33.991151812771115 ], [ -91.05404102831325, 33.99135633846452 ], [ -91.053859956867697, 33.991501540807583 ], [ -91.053529645184625, 33.991523371348542 ], [ -91.053277548326861, 33.991344256073013 ], [ -91.052913740164101, 33.990317926265341 ], [ -91.052984545790466, 33.990048299931374 ] ] ], [ [ [ -91.049789100962997, 33.990618924357761 ], [ -91.049960437455496, 33.990517229637909 ], [ -91.050210992892829, 33.990500677346475 ], [ -91.050430362479446, 33.990602864817795 ], [ -91.050535068659102, 33.990754863277814 ], [ -91.05075988537854, 33.991734069788087 ], [ -91.050767997036587, 33.99222782572663 ], [ -91.050930433634463, 33.992581510511521 ], [ -91.050854185658039, 33.992816036948717 ], [ -91.05061662382694, 33.992957037208036 ], [ -91.050287542177614, 33.99292476289493 ], [ -91.050082245642017, 33.992708117633562 ], [ -91.050069176677638, 33.992327935449751 ], [ -91.049950535552455, 33.99213800211664 ], [ -91.04968689851826, 33.990881468322584 ], [ -91.049789100962997, 33.990618924357761 ] ] ], [ [ [ -91.055145658404314, 33.996085782087853 ], [ -91.055483279563077, 33.995959254382221 ], [ -91.055814892102362, 33.996096363778229 ], [ -91.055913143884553, 33.99650757418005 ], [ -91.055751419450161, 33.996748473117727 ], [ -91.055432549079526, 33.996823564984666 ], [ -91.055143324311061, 33.996688861644024 ], [ -91.055042186051125, 33.996312957731256 ], [ -91.055145658404314, 33.996085782087853 ] ] ], [ [ [ -91.051072202046186, 33.996151384487469 ], [ -91.051409828949673, 33.996024868190965 ], [ -91.051741434636511, 33.996161988354224 ], [ -91.05182863106802, 33.996567358250715 ], [ -91.051666895244381, 33.996808251405625 ], [ -91.051348021584573, 33.996883332543305 ], [ -91.051058803553872, 33.996748619812173 ], [ -91.050968718926299, 33.996378556317886 ], [ -91.051072202046186, 33.996151384487469 ] ] ] ] } },
{ "type": "Feature", "properties": { "depth_bin": "240-245 ft", "bin_order": -242.5, "survey_id": "LM_15_CVB_20180418_CS_6170_6000", "date": "2018-04-18", "year": 2018, "mile": 601.0 }, "geometry": { "type": "MultiPolygon", "coordinates": [ [ [ [ -91.07822410970509, 33.965216431263819 ], [ -91.082797869493035, 33.966380916791934 ], [ -91.083027682626621, 33.966579697589218 ], [ -91.08302148914666, 33.966855655376278 ], [ -91.082782915285748, 33.967047137733061 ], [ -91.082491431047387, 33.967054519596317 ], [ -91.07838490610817, 33.966024955005594 ], [ -91.077935207470119, 33.965851411220889 ], [ -91.077783271630096, 33.965570226627555 ], [ -91.077915751142783, 33.965317255680858 ], [ -91.07822410970509, 33.965216431263819 ] ] ], [ [ [ -91.078607120845078, 33.967493570642539 ], [ -91.081078751917858, 33.968454970016786 ], [ -91.081229413674038, 33.968700777825603 ], [ -91.081127336267826, 33.96896335306284 ], [ -91.080956079304229, 33.969065094332443 ], [ -91.080705589844342, 33.969081711714182 ], [ -91.079269857228937, 33.968555629943303 ], [ -91.078275836086689, 33.968126152408729 ], [ -91.078126774408844, 33.967809660124409 ], [ -91.078288378225125, 33.967568726601257 ], [ -91.078607120845078, 33.967493570642539 ] ] ], [ [ [ -91.079606816885999, 33.971280350140439 ], [ -91.079944305143073, 33.97115375013319 ], [ -91.080331522875241, 33.97127521198594 ], [ -91.080510379698268, 33.971507533205987 ], [ -91.080439678561376, 33.971777179699835 ], [ -91.080118707610268, 33.97193073205046 ], [ -91.079689030539342, 33.971810343514669 ], [ -91.079504731077023, 33.971542923648173 ], [ -91.079606816885999, 33.971280350140439 ] ] ], [ [ [ -91.078269239969359, 33.970748100324066 ], [ -91.078606727884107, 33.970621503973106 ], [ -91.078999170976317, 33.970737524477109 ], [ -91.079178023023161, 33.970969847490146 ], [ -91.079107318245448, 33.971239493110382 ], [ -91.078786347140365, 33.971393041983205 ], [ -91.078351444925389, 33.97127809433146 ], [ -91.078167150819255, 33.971010672622818 ], [ -91.078269239969359, 33.970748100324066 ] ] ], [ [ [ -91.071388422871962, 33.979482297748461 ], [ -91.071667307501727, 33.979333303060308 ], [ -91.071990973202773, 33.979392231787678 ], [ -91.072277260867224, 33.979642234301508 ], [ -91.072229627243871, 33.9799798978583 ], [ -91.071950741362826, 33.980128893767905 ], [ -91.071627072926162, 33.980069964845498 ], [ -91.071340785869623, 33.979819960850506 ], [ -91.071388422871962, 33.979482297748461 ] ] ], [ [ [ -91.077386628047023, 33.984193768848407 ], [ -91.077681708472298, 33.984068250222748 ], [ -91.077996906373443, 33.984153309882345 ], [ -91.078147584532445, 33.984399121524383 ], [ -91.078045476593118, 33.984661692594948 ], [ -91.077750394563751, 33.984787212029836 ], [ -91.07743519462943, 33.98470215167422 ], [ -91.077284518074507, 33.984456339222959 ], [ -91.077386628047023, 33.984193768848407 ] ] ], [ [ [ -91.075285085425833, 33.98728664014628 ], [ -91.075580179615613, 33.987161127100222 ], [ -91.075895386426623, 33.987246192429218 ], [ -91.076046063421686, 33.987492006509491 ], [ -91.075943944926124, 33.987754575358871 ], [ -91.075648849131838, 33.987880089214165 ], [ -91.075333640287482, 33.98779502318898 ], [ -91.075182964896911, 33.987549208299455 ], [ -91.075285085425833, 33.98728664014628 ] ] ], [ [ [ -91.072425102540308, 33.989785672827509 ], [ -91.072720209423778, 33.989660167138673 ], [ -91.073035422127319, 33.989745239988096 ], [ -91.073186094762036, 33.989991057346828 ], [ -91.0730839642072, 33.990253623312164 ], [ -91.072788855718784, 33.990379129810208 ], [ -91.072473640981826, 33.990294056264368 ], [ -91.072322969952026, 33.990048238096428 ], [ -91.072425102540308, 33.989785672827509 ] ] ], [ [ [ -91.060763899924197, 33.98970857272078 ], [ -91.061125838033362, 33.990405810255865 ], [ -91.061022389005856, 33.990632991925239 ], [ -91.060769398915454, 33.990753939603536 ], [ -91.060481720699357, 33.990713745120694 ], [ -91.06005647624086, 33.990168814452836 ], [ -91.059967886757022, 33.989931754618048 ], [ -91.060021579390778, 33.989727225764284 ], [ -91.060281644795268, 33.989556202054253 ], [ -91.060610718638088, 33.989588449310325 ], [ -91.060763899924197, 33.98970857272078 ] ] ], [ [ [ -91.0656820304538, 33.992882710585313 ], [ -91.065977157392524, 33.992757221858014 ], [ -91.066292373797637, 33.99284231211962 ], [ -91.066443031611826, 33.993088137141619 ], [ -91.066340876395429, 33.993350696532204 ], [ -91.066045747850936, 33.993476186068548 ], [ -91.065730529412519, 33.993391095110105 ], [ -91.065579873204072, 33.993145269279054 ], [ -91.0656820304538, 33.992882710585313 ] ] ], [ [ [ -91.062341829097022, 33.993825691107553 ], [ -91.062620776644096, 33.993676719445666 ], [ -91.062978130069723, 33.993757288398122 ], [ -91.063192605777189, 33.994089698907516 ], [ -91.063095877874716, 33.994387353105424 ], [ -91.062800741282302, 33.994512834541013 ], [ -91.062485522718504, 33.99442773525486 ], [ -91.062271049044625, 33.99409532359536 ], [ -91.062341829097022, 33.993825691107553 ] ] ], [ [ [ -91.059369362348903, 33.981739643979878 ], [ -91.059664458445511, 33.981614169173106 ], [ -91.059979627130332, 33.981699274113716 ], [ -91.060130248298933, 33.981945105974518 ], [ -91.060028088978328, 33.982207660357133 ], [ -91.059732991276277, 33.982333135972326 ], [ -91.059417820559659, 33.982248030334802 ], [ -91.059267200996501, 33.98200219766558 ], [ -91.059369362348903, 33.981739643979878 ] ] ], [ [ [ -91.055539641334448, 33.981758338409335 ], [ -91.055818559470367, 33.981609380943567 ], [ -91.056142220687221, 33.981668351289059 ], [ -91.056321030264186, 33.981900705789144 ], [ -91.056250243142813, 33.982170334985675 ], [ -91.055971323828317, 33.982319293380186 ], [ -91.055647660305695, 33.982260322508651 ], [ -91.055468851907307, 33.982027967079809 ], [ -91.055539641334448, 33.981758338409335 ] ] ], [ [ [ -91.056791046240562, 33.990811248775714 ], [ -91.057171030905039, 33.990687121985403 ], [ -91.057506043385757, 33.990881332953684 ], [ -91.057826496728495, 33.991664064376714 ], [ -91.057772797427177, 33.991868591985124 ], [ -91.057591730926788, 33.992013799996862 ], [ -91.057261417704424, 33.992035640526957 ], [ -91.05700931116553, 33.991856532591804 ], [ -91.056694300543469, 33.991108897437805 ], [ -91.056791046240562, 33.990811248775714 ] ] ], [ [ [ -91.054056677075067, 33.991120007675853 ], [ -91.054596353725358, 33.992641509291211 ], [ -91.054463759857512, 33.992894450166922 ], [ -91.054155274546048, 33.992995210108425 ], [ -91.053916176897488, 33.992930641627431 ], [ -91.053760441797124, 33.992766309654854 ], [ -91.053275607818819, 33.99141272881365 ], [ -91.053280383173913, 33.991203405434007 ], [ -91.053495416345896, 33.990993418194606 ], [ -91.05382572597405, 33.990971587672462 ], [ -91.054056677075067, 33.991120007675853 ] ] ], [ [ [ -91.058429762707902, 33.994794590559046 ], [ -91.05872490620051, 33.994669119880548 ], [ -91.059040121408259, 33.994754228706825 ], [ -91.059190760975071, 33.995000061934768 ], [ -91.05908858114978, 33.995262614365465 ], [ -91.058793436050649, 33.995388085852802 ], [ -91.058478218809839, 33.995302976329235 ], [ -91.05832758084955, 33.995057142292467 ], [ -91.058429762707902, 33.994794590559046 ] ] ], [ [ [ -91.054946870708477, 33.995565226868486 ], [ -91.055326879298178, 33.995441106701477 ], [ -91.055640757939372, 33.995604629133425 ], [ -91.055841621317725, 33.996201455774468 ], [ -91.055642406472586, 33.996498199549784 ], [ -91.055316235673871, 33.996546897175413 ], [ -91.055044256644365, 33.996389230113721 ], [ -91.054844677230875, 33.995827775269618 ], [ -91.054946870708477, 33.995565226868486 ] ] ], [ [ [ -91.050038066107646, 33.991698593259237 ], [ -91.050209404554465, 33.99159689827475 ], [ -91.050459963151113, 33.991580345587884 ], [ -91.0506793357699, 33.991682532705617 ], [ -91.050784043632248, 33.991834530990289 ], [ -91.050847677095291, 33.992482954411571 ], [ -91.051013627581156, 33.992815028005744 ], [ -91.051384093917903, 33.994472930639461 ], [ -91.0513078452217, 33.994707457274515 ], [ -91.051070278670423, 33.994848458211607 ], [ -91.050671530801964, 33.994775798994318 ], [ -91.050491443196151, 33.994465370955169 ], [ -91.05012142468982, 33.992805908448105 ], [ -91.05014961154663, 33.992600630280698 ], [ -91.050033110106881, 33.992439381191168 ], [ -91.049941295950987, 33.991996235707511 ], [ -91.050038066107646, 33.991698593259237 ] ] ], [ [ [ -91.050909872175197, 33.995475159180714 ], [ -91.051289885603765, 33.995351051682668 ], [ -91.051624901670948, 33.99554527871102 ], [ -91.051785932811981, 33.996262196055802 ], [ -91.051708405971141, 33.99646134997117 ], [ -91.051549851891551, 33.996576545700172 ], [ -91.051219520209017, 33.996598369309375 ], [ -91.050967413977332, 33.996419249081136 ], [ -91.050807666560488, 33.995737703798873 ], [ -91.050909872175197, 33.995475159180714 ] ] ] ] } },
{ "type": "Feature", "properties": { "depth_bin": "245-250 ft", "bin_order": -247.5, "survey_id": "LM_15_CVB_20180418_CS_6170_6000", "date": "2018-04-18", "year": 2018, "mile": 601.0 }, "geometry": { "type": "MultiPolygon", "coordinates": [ [ [ [ -91.075956676540969, 33.964902930961827 ], [ -91.076153867152499, 33.964773172023989 ], [ -91.076362455622601, 33.96475071495982 ], [ -91.078180905172033, 33.965210234022955 ], [ -91.078432982392926, 33.965389298095168 ], [ -91.078459266993193, 33.965664433390202 ], [ -91.078281193450749, 33.965856847764023 ], [ -91.078039415654956, 33.965913856951502 ], [ -91.076648810853342, 33.965597046234222 ], [ -91.075972308917102, 33.965332373641047 ], [ -91.075880525094163, 33.96513747715602 ], [ -91.075956676540969, 33.964902930961827 ] ] ], [ [ [ -91.077169164399294, 33.967216983535231 ], [ -91.077366358784488, 33.967087222820432 ], [ -91.07761684268489, 33.967070612055423 ], [ -91.078923085586609, 33.967590180395923 ], [ -91.079128400508438, 33.967806778780094 ], [ -91.079089760355259, 33.968080900208044 ], [ -91.078870050992776, 33.968240671958306 ], [ -91.078619563765017, 33.968257285162714 ], [ -91.077451554342133, 33.967815743595231 ], [ -91.07712155941509, 33.967554650539746 ], [ -91.077169164399294, 33.967216983535231 ] ] ], [ [ [ -91.077837775881051, 33.970544149651552 ], [ -91.078217641464306, 33.9704199532488 ], [ -91.078699846086963, 33.970618538877716 ], [ -91.07887869706434, 33.970850862293602 ], [ -91.078807991466931, 33.971120507717437 ], [ -91.078444563844869, 33.97127512945471 ], [ -91.077919978010542, 33.971074143864691 ], [ -91.077735685696751, 33.970806721562944 ], [ -91.077837775881051, 33.970544149651552 ] ] ], [ [ [ -91.092999847222586, 33.973390651084024 ], [ -91.093278676118913, 33.973241605261641 ], [ -91.093602336663949, 33.973300476878102 ], [ -91.093781234531008, 33.973532780109174 ], [ -91.093710572945341, 33.97380243552994 ], [ -91.0934317428745, 33.973951482281869 ], [ -91.093108080022901, 33.973892610141775 ], [ -91.092929183330384, 33.973660305981177 ], [ -91.092999847222586, 33.973390651084024 ] ] ], [ [ [ -91.090930840688017, 33.976060846683211 ], [ -91.091209681918812, 33.975911806036272 ], [ -91.091533350802464, 33.97597068337236 ], [ -91.09171224812772, 33.976202989516878 ], [ -91.091641577437017, 33.97647264333829 ], [ -91.091362735031339, 33.976621684914782 ], [ -91.091039063840938, 33.976562807054883 ], [ -91.09086016769055, 33.976330499980811 ], [ -91.090930840688017, 33.976060846683211 ] ] ], [ [ [ -91.071194725382, 33.979248947336728 ], [ -91.071489796712768, 33.9791234431991 ], [ -91.071804969631216, 33.97920851795088 ], [ -91.072064865633422, 33.979518024717706 ], [ -91.071968187396678, 33.979815688206656 ], [ -91.071673114267767, 33.979941193420437 ], [ -91.0713579388281, 33.979856118251085 ], [ -91.071098044495926, 33.979546610059252 ], [ -91.071194725382, 33.979248947336728 ] ] ], [ [ [ -91.066116922683648, 33.981392291313284 ], [ -91.06639582232873, 33.981243309161229 ], [ -91.066719490874476, 33.981302251872648 ], [ -91.066898329307193, 33.981534591978075 ], [ -91.066827575665883, 33.981804228451772 ], [ -91.066548674843276, 33.981953211532868 ], [ -91.06622500399132, 33.981894268296053 ], [ -91.066046166736129, 33.981661927261584 ], [ -91.066116922683648, 33.981392291313284 ] ] ], [ [ [ -91.072366742309185, 33.989712983489042 ], [ -91.072661849014736, 33.989587477933163 ], [ -91.072977061387618, 33.989672550921867 ], [ -91.073127733732662, 33.989918368344597 ], [ -91.07302560309877, 33.990180934261183 ], [ -91.072730494788289, 33.99030644062627 ], [ -91.072415280381961, 33.990221366941149 ], [ -91.072264609641863, 33.989975548709204 ], [ -91.072366742309185, 33.989712983489042 ] ] ], [ [ [ -91.061403264922248, 33.990830425143287 ], [ -91.061468775715412, 33.991067193176107 ], [ -91.061339091721933, 33.991284835077792 ], [ -91.0611152223305, 33.991380016202079 ], [ -91.060827541814135, 33.991339822453192 ], [ -91.060577169519732, 33.99110351472568 ], [ -91.060310535239068, 33.990673289603166 ], [ -91.060335696229671, 33.990365637421554 ], [ -91.060595763048298, 33.99019461310963 ], [ -91.060924839502761, 33.990226859611589 ], [ -91.061403264922248, 33.990830425143287 ] ] ], [ [ [ -91.059300408925267, 33.981663825992996 ], [ -91.059579320607384, 33.981514859754235 ], [ -91.059902984565255, 33.981573820278939 ], [ -91.060081804472532, 33.981806169663201 ], [ -91.060011029219652, 33.98207580144571 ], [ -91.059732116359342, 33.982224768613321 ], [ -91.059408450095532, 33.982165807562787 ], [ -91.059229631366449, 33.981933457249681 ], [ -91.059300408925267, 33.981663825992996 ] ] ], [ [ [ -91.057133781020809, 33.991590084495613 ], [ -91.057305111280641, 33.991488379317197 ], [ -91.057555668907739, 33.991471812109019 ], [ -91.057866218825509, 33.991692439237141 ], [ -91.058927222260266, 33.994328471749213 ], [ -91.058874909908781, 33.994620683627119 ], [ -91.059146728760993, 33.994862034066692 ], [ -91.059126898250582, 33.995104446521879 ], [ -91.058888190927632, 33.995295877078654 ], [ -91.058556885255356, 33.995290647388401 ], [ -91.05832705742975, 33.995091821024943 ], [ -91.05836581913637, 33.994766069227438 ], [ -91.058170796543237, 33.99465004239832 ], [ -91.05804613313444, 33.994430840818566 ], [ -91.057134299981911, 33.992183415431455 ], [ -91.057030319934967, 33.991817262343929 ], [ -91.057133781020809, 33.991590084495613 ] ] ], [ [ [ -91.055414370756807, 33.995035444193739 ], [ -91.055619602848935, 33.995504386344791 ], [ -91.055569325620979, 33.995853076467476 ], [ -91.055309231433725, 33.996024089044511 ], [ -91.054980135600275, 33.99599182683324 ], [ -91.05477481975943, 33.995775188836305 ], [ -91.054756533170462, 33.99550902222402 ], [ -91.054587824513433, 33.99524821601068 ], [ -91.053785849756849, 33.992819733080097 ], [ -91.053815233166816, 33.99261180742473 ], [ -91.054015198481252, 33.992434907177902 ], [ -91.054345513647448, 33.992413075454294 ], [ -91.054597615904157, 33.992592188699049 ], [ -91.055414370756807, 33.995035444193739 ] ] ], [ [ [ -91.053323784454804, 33.982089779298072 ], [ -91.053618889948112, 33.981964319360472 ], [ -91.053934053099297, 33.982049439627765 ], [ -91.054084657045195, 33.982295278294835 ], [ -91.053982478901275, 33.982557826976141 ], [ -91.053687371801985, 33.98268328772194 ], [ -91.053372206619358, 33.982598166757377 ], [ -91.053221604279443, 33.982352327282122 ], [ -91.053323784454804, 33.982089779298072 ] ] ], [ [ [ -91.050536942901758, 33.993999661483514 ], [ -91.050708285549689, 33.993897965980501 ], [ -91.050958850883092, 33.993881412515734 ], [ -91.05126939135728, 33.994102055937063 ], [ -91.051271701602246, 33.994359099374577 ], [ -91.051409968450926, 33.994537042638598 ], [ -91.05162875721615, 33.995551165027784 ], [ -91.051552508071723, 33.995785691765633 ], [ -91.051355207987854, 33.995915406827983 ], [ -91.0510239013948, 33.995910156768389 ], [ -91.050794090243471, 33.995711316895509 ], [ -91.050587764269949, 33.994834104010323 ], [ -91.050587973899795, 33.994509734040072 ], [ -91.050434738151836, 33.994262205872737 ], [ -91.050536942901758, 33.993999661483514 ] ] ] ] } },
{ "type": "Feature", "properties": { "depth_bin": "250-255 ft", "bin_order": -252.5, "survey_id": "LM_15_CVB_20180418_CS_6170_6000", "date": "2018-04-18", "year": 2018, "mile": 601.0 }, "geometry": { "type": "MultiPolygon", "coordinates": [ [ [ [ -91.075570756306689, 33.964956514687024 ], [ -91.075759925190042, 33.964729942950349 ], [ -91.076085964528261, 33.96468118623752 ], [ -91.076473716645197, 33.964816082085093 ], [ -91.076584818547943, 33.965143225149717 ], [ -91.076395650820047, 33.965369798184852 ], [ -91.076069608968709, 33.965418555628723 ], [ -91.075681854865081, 33.965283658446978 ], [ -91.075570756306689, 33.964956514687024 ] ] ], [ [ [ -91.076965299282676, 33.967293522324582 ], [ -91.077180213063301, 33.967083488787551 ], [ -91.077510426968132, 33.967061591143874 ], [ -91.077762507987288, 33.967240656679721 ], [ -91.077788790692907, 33.96751579198488 ], [ -91.077573877215357, 33.9677258265856 ], [ -91.07724366074072, 33.967747724309206 ], [ -91.07699157941849, 33.967568657709656 ], [ -91.076965299282676, 33.967293522324582 ] ] ], [ [ [ -91.077606672332308, 33.970610114036681 ], [ -91.077821593346201, 33.970400079719717 ], [ -91.078151820043217, 33.970378180802427 ], [ -91.078403911920276, 33.970557245317018 ], [ -91.078430197189178, 33.970832380451604 ], [ -91.078215276478488, 33.971042415832393 ], [ -91.077885047211268, 33.971064314829682 ], [ -91.077632955031007, 33.970885249251261 ], [ -91.077606672332308, 33.970610114036681 ] ] ], [ [ [ -91.049956534173617, 33.981567146335443 ], [ -91.050171549751084, 33.981357164035664 ], [ -91.050501822348792, 33.98133534113601 ], [ -91.050753884576949, 33.981514461139803 ], [ -91.050780082013347, 33.981789598730842 ], [ -91.050565066736382, 33.981999582095142 ], [ -91.050234791566666, 33.982021405073034 ], [ -91.049982729038021, 33.981842284004699 ], [ -91.049956534173617, 33.981567146335443 ] ] ], [ [ [ -91.058153653194424, 33.994442326354147 ], [ -91.058407428607538, 33.994217808792726 ], [ -91.058812808935556, 33.994257538344662 ], [ -91.058951121958245, 33.994389592121351 ], [ -91.059026660336457, 33.994626365371751 ], [ -91.058955869107677, 33.994895995529724 ], [ -91.058676911481712, 33.995044958485991 ], [ -91.058353197886234, 33.994985993103953 ], [ -91.058183897589515, 33.994788126108368 ], [ -91.058153653194424, 33.994442326354147 ] ] ] ] } }
]
}
