{
"type": "FeatureCollection",
"name": "LM_18_FRI_20150425_CS_6649_6690_SORT_depth_polygons",
"crs": { "type": "name", "properties": { "name": "urn:ogc:def:crs:OGC:1.3:CRS84" } },
"features": [
{ "type": "Feature", "properties": { "depth_bin": "-45--40 ft", "bin_order": 42.5, "survey_id": "LM_18_FRI_20150425_CS_6649_6690_SORT", "date": "2015-04-25", "year": 2015, "mile": 667.0 }, "geometry": { "type": "MultiPolygon", "coordinates": [ [ [ [ -90.554741320942597, 34.547220715366052 ], [ -90.55498275345677, 34.547030394049159 ], [ -90.555316117694034, 34.547037072731371 ], [ -90.555546135279684, 34.54723683924805 ], [ -90.555538064844384, 34.547512673846846 ], [ -90.55529663206535, 34.547702996243927 ], [ -90.55496326517742, 34.5476963173965 ], [ -90.554733247856618, 34.547496549799625 ], [ -90.554741320942597, 34.547220715366052 ] ] ], [ [ [ -90.560026602480889, 34.555849307874318 ], [ -90.560268049763707, 34.555658976884544 ], [ -90.560601449731891, 34.555665642585517 ], [ -90.560831503080905, 34.555865400416614 ], [ -90.560823447492041, 34.556141235713625 ], [ -90.560581999944873, 34.556331567783971 ], [ -90.560248597324843, 34.556324901918117 ], [ -90.560018544240194, 34.556125143006462 ], [ -90.560026602480889, 34.555849307874318 ] ] ], [ [ [ -90.561186037477938, 34.557919124032871 ], [ -90.56142748853749, 34.557728790947408 ], [ -90.561760897051641, 34.557735453829508 ], [ -90.561990958709899, 34.557935209769724 ], [ -90.561982906326193, 34.558211045211571 ], [ -90.561741455002377, 34.558401379377699 ], [ -90.56140804383611, 34.558394716330795 ], [ -90.561177982442118, 34.558194959309922 ], [ -90.561186037477938, 34.557919124032871 ] ] ], [ [ [ -90.561612338070347, 34.559811883357433 ], [ -90.561853793952068, 34.559621549671803 ], [ -90.56218721012425, 34.559628211707157 ], [ -90.562417277790587, 34.559827967050047 ], [ -90.562409226245606, 34.560103802493941 ], [ -90.562167770099634, 34.5602941372603 ], [ -90.561834351275124, 34.560287475060186 ], [ -90.561604283872995, 34.560087718636559 ], [ -90.561612338070347, 34.559811883357433 ] ] ], [ [ [ -90.568720123867266, 34.561530427933867 ], [ -90.568961569618409, 34.561340079748611 ], [ -90.569294994412004, 34.56134672266014 ], [ -90.569525084401661, 34.561546465457134 ], [ -90.569517055805719, 34.56182230228238 ], [ -90.569275609791092, 34.562012651548478 ], [ -90.568942182344855, 34.562006008472657 ], [ -90.568712092618682, 34.561806264594814 ], [ -90.568720123867266, 34.561530427933867 ] ] ], [ [ [ -90.568556388596448, 34.563145115948828 ], [ -90.568797839599597, 34.562954768346103 ], [ -90.569131270796319, 34.562961411974804 ], [ -90.569361364589525, 34.563161155203524 ], [ -90.569353334969435, 34.563436991922167 ], [ -90.56911188370276, 34.563627340605798 ], [ -90.568778449853198, 34.563620696812791 ], [ -90.568548356323504, 34.563420952503158 ], [ -90.568556388596448, 34.563145115948828 ] ] ], [ [ [ -90.567134756095328, 34.567370718313562 ], [ -90.567376222989594, 34.567180374297706 ], [ -90.567709670699358, 34.567187022516151 ], [ -90.567939771954812, 34.567386768648937 ], [ -90.567931736374774, 34.567662604884966 ], [ -90.567690269216811, 34.567852949981891 ], [ -90.567356818853639, 34.56784630159904 ], [ -90.567126717861896, 34.567646554385178 ], [ -90.567134756095328, 34.567370718313562 ] ] ], [ [ [ -90.570319427494255, 34.576762895530791 ], [ -90.570560916015694, 34.576572546312306 ], [ -90.570894402013948, 34.576579187400974 ], [ -90.571124535791185, 34.576778928653255 ], [ -90.571116507915576, 34.577054765117211 ], [ -90.570875019130682, 34.577245115417149 ], [ -90.570541530477783, 34.577238474164254 ], [ -90.570311396964001, 34.577038731830527 ], [ -90.570319427494255, 34.576762895530791 ] ] ], [ [ [ -90.570933741804865, 34.579738881172815 ], [ -90.571175238033561, 34.579548531125241 ], [ -90.571508736069518, 34.57955517103256 ], [ -90.571738879163703, 34.579754911443203 ], [ -90.571730852426555, 34.580030747898356 ], [ -90.571489355934446, 34.580221099027497 ], [ -90.571155855243447, 34.580214458956 ], [ -90.570925712412674, 34.580014717463783 ], [ -90.570933741804865, 34.579738881172815 ] ] ], [ [ [ -90.55430715895379, 34.544337320836007 ], [ -90.554548583660448, 34.544146999985315 ], [ -90.554881936292333, 34.54415367936776 ], [ -90.555111945272785, 34.544353446408536 ], [ -90.555103874273215, 34.544629281048188 ], [ -90.554862449301694, 34.544819602978954 ], [ -90.554529094019514, 34.544812923431266 ], [ -90.554299085303938, 34.544613155310422 ], [ -90.55430715895379, 34.544337320836007 ] ] ], [ [ [ -90.552197389241542, 34.544435435778851 ], [ -90.55243881879548, 34.544245119323357 ], [ -90.55277217129256, 34.54425180448176 ], [ -90.553002175235036, 34.544451575295859 ], [ -90.552994097245374, 34.544727409495877 ], [ -90.552752667426319, 34.544917727031454 ], [ -90.552419312278957, 34.544911041707671 ], [ -90.552189308601584, 34.544711269813483 ], [ -90.552197389241542, 34.544435435778851 ] ] ], [ [ [ -90.549635530160131, 34.544407490260845 ], [ -90.549876965153629, 34.54421717912048 ], [ -90.550210316899935, 34.544223871267754 ], [ -90.550440314341131, 34.544423646650614 ], [ -90.55043222790782, 34.544699480322919 ], [ -90.550190792648948, 34.544889792543323 ], [ -90.549857438252374, 34.544883100230493 ], [ -90.549627441076566, 34.544683323767593 ], [ -90.549635530160131, 34.544407490260845 ] ] ], [ [ [ -90.536969174904073, 34.553197153823959 ], [ -90.537210663875243, 34.553006870323415 ], [ -90.537544047503204, 34.553013598537291 ], [ -90.537797675063487, 34.553226047387838 ], [ -90.537789544250032, 34.553501878043555 ], [ -90.537548055024601, 34.553692162671673 ], [ -90.537214668688961, 34.553685434353781 ], [ -90.536961041365146, 34.553472984308932 ], [ -90.536969174904073, 34.553197153823959 ] ] ], [ [ [ -90.537266738390969, 34.559433050509064 ], [ -90.537508245649562, 34.559242767336691 ], [ -90.537841654229723, 34.55924949579429 ], [ -90.538071659782275, 34.559449294560324 ], [ -90.538063527985287, 34.559725124991495 ], [ -90.537822020459828, 34.559915409244482 ], [ -90.537488609227566, 34.55990868062046 ], [ -90.537258603941865, 34.559708880773826 ], [ -90.537266738390969, 34.559433050509064 ] ] ], [ [ [ -90.537655191400603, 34.562500432109829 ], [ -90.537918089406347, 34.562330648602121 ], [ -90.538249107818672, 34.562364380170621 ], [ -90.538454342343741, 34.562581867584463 ], [ -90.538413568829313, 34.562855710392817 ], [ -90.538150670044359, 34.563025494928034 ], [ -90.537819649082536, 34.562991762985483 ], [ -90.537614415336662, 34.562774274544132 ], [ -90.537655191400603, 34.562500432109829 ] ] ], [ [ [ -90.540170013508614, 34.569009279389505 ], [ -90.540432928068597, 34.568839491279448 ], [ -90.540763973582628, 34.568873217130772 ], [ -90.540969229881725, 34.569090701061583 ], [ -90.540928460058709, 34.569364544661582 ], [ -90.540665544719559, 34.56953433379946 ], [ -90.540334496655134, 34.569500607574184 ], [ -90.54012924113519, 34.569283122615566 ], [ -90.540170013508614, 34.569009279389505 ] ] ] ] } },
{ "type": "Feature", "properties": { "depth_bin": "-40--35 ft", "bin_order": 37.5, "survey_id": "LM_18_FRI_20150425_CS_6649_6690_SORT", "date": "2015-04-25", "year": 2015, "mile": 667.0 }, "geometry": { "type": "MultiPolygon", "coordinates": [ [ [ [ -90.548069213874825, 34.531267284644038 ], [ -90.548310612405785, 34.53107697476851 ], [ -90.548643911386762, 34.531083668975242 ], [ -90.548873870667791, 34.53128344600583 ], [ -90.548865783033165, 34.531559279948539 ], [ -90.548624384236803, 34.531749590903594 ], [ -90.548291082607292, 34.531742896531227 ], [ -90.54806112359168, 34.531543118421119 ], [ -90.548069213874825, 34.531267284644038 ] ] ], [ [ [ -90.544279862820034, 34.533539065547764 ], [ -90.544521276403401, 34.533348763883019 ], [ -90.544854583489411, 34.533355468814584 ], [ -90.545084539180465, 34.533555252801797 ], [ -90.545076438363552, 34.533831085857869 ], [ -90.544835024514342, 34.534021388602213 ], [ -90.544501714779528, 34.534014683504743 ], [ -90.544271759354316, 34.533814898437939 ], [ -90.544279862820034, 34.533539065547764 ] ] ], [ [ [ -90.553493504619667, 34.538852698395935 ], [ -90.553734914451738, 34.5386623784064 ], [ -90.554068245016111, 34.538669059087006 ], [ -90.554298237662437, 34.538868827102533 ], [ -90.554290165630448, 34.539144661822384 ], [ -90.554048755533486, 34.539334982891766 ], [ -90.553715422319542, 34.539328302045874 ], [ -90.553485429938121, 34.539128532950492 ], [ -90.553493504619667, 34.538852698395935 ] ] ], [ [ [ -90.553601527621936, 34.540906496297843 ], [ -90.553864324607446, 34.54073667360187 ], [ -90.554195267073624, 34.540770358631931 ], [ -90.554400495213287, 34.540987819417886 ], [ -90.554359788616367, 34.541261671106753 ], [ -90.554096990854063, 34.541431494829688 ], [ -90.553766045840661, 34.54139780942684 ], [ -90.553560818477763, 34.541180347613924 ], [ -90.553601527621936, 34.540906496297843 ] ] ], [ [ [ -90.548806979713405, 34.542020929989 ], [ -90.549069789455174, 34.541851118215128 ], [ -90.549400733568902, 34.541884816354639 ], [ -90.549605951282317, 34.542102284758244 ], [ -90.549565228292508, 34.542376134110633 ], [ -90.549302417773418, 34.542545946911424 ], [ -90.548971471112438, 34.542512248398793 ], [ -90.548766254176357, 34.542294778968277 ], [ -90.548806979713405, 34.542020929989 ] ] ], [ [ [ -90.553949020251878, 34.542837221265728 ], [ -90.554190441182229, 34.542646900932134 ], [ -90.554523787744046, 34.542653581039858 ], [ -90.554753791916269, 34.542853348589247 ], [ -90.554745720186901, 34.543129183222881 ], [ -90.55450429899166, 34.543319504636493 ], [ -90.554170949779731, 34.543312824363518 ], [ -90.553940945872412, 34.543113055734111 ], [ -90.553949020251878, 34.542837221265728 ] ] ], [ [ [ -90.538088577400131, 34.552922181316092 ], [ -90.538463069755011, 34.552947814388936 ], [ -90.538694540453704, 34.553097219451082 ], [ -90.538751609077664, 34.553369062193077 ], [ -90.538559631645768, 34.553594671045204 ], [ -90.538315840756084, 34.553650525858728 ], [ -90.537932099975052, 34.553600009385775 ], [ -90.537434994323618, 34.553726122826902 ], [ -90.537141304175378, 34.553650247636924 ], [ -90.536987928187571, 34.553529468229513 ], [ -90.536930865281576, 34.553257624909008 ], [ -90.537122846123836, 34.553032018764526 ], [ -90.537366635830935, 34.552976166287863 ], [ -90.537826072426881, 34.55302859682741 ], [ -90.538088577400131, 34.552922181316092 ] ] ], [ [ [ -90.542344345688576, 34.564789627084629 ], [ -90.54260724228449, 34.564619833424963 ], [ -90.542938272408122, 34.564653552718752 ], [ -90.543143524905659, 34.564871032925289 ], [ -90.543102765097075, 34.565144877815825 ], [ -90.542839867722364, 34.565314672503185 ], [ -90.542508835048807, 34.565280952835643 ], [ -90.542303583330067, 34.565063471601412 ], [ -90.542344345688576, 34.564789627084629 ] ] ], [ [ [ -90.567104005875379, 34.567362020022209 ], [ -90.567366863807862, 34.56719217125432 ], [ -90.567697918227807, 34.567225824165014 ], [ -90.567903243749683, 34.56744326559879 ], [ -90.567862562918563, 34.567717122039809 ], [ -90.567599704209783, 34.567886971835918 ], [ -90.567268647238862, 34.567853318553041 ], [ -90.567063322493283, 34.56763587609106 ], [ -90.567104005875379, 34.567362020022209 ] ] ] ] } },
{ "type": "Feature", "properties": { "depth_bin": "-35--30 ft", "bin_order": 32.5, "survey_id": "LM_18_FRI_20150425_CS_6649_6690_SORT", "date": "2015-04-25", "year": 2015, "mile": 667.0 }, "geometry": { "type": "MultiPolygon", "coordinates": [ [ [ [ -90.560979894359406, 34.557778152999582 ], [ -90.561209954168859, 34.557977910338032 ], [ -90.561217273636515, 34.558220733320383 ], [ -90.561036732108462, 34.558412279437263 ], [ -90.560705745958728, 34.558500505383272 ], [ -90.556394705042976, 34.558770723228029 ], [ -90.556120742759646, 34.558683382464615 ], [ -90.555975942030244, 34.55847208066043 ], [ -90.55604890408442, 34.558202849394668 ], [ -90.556330607636099, 34.558055156409196 ], [ -90.560979894359406, 34.557778152999582 ] ] ], [ [ [ -90.561337002331086, 34.559820211529257 ], [ -90.561511518915992, 34.559971737228203 ], [ -90.561554867703208, 34.560177937882393 ], [ -90.56142296155106, 34.56039494329363 ], [ -90.561197029745585, 34.560489117774154 ], [ -90.556465977025496, 34.561006291091452 ], [ -90.556182978502463, 34.560941586492575 ], [ -90.556004452736445, 34.560708528483872 ], [ -90.556077417101179, 34.560439297369733 ], [ -90.556359128400302, 34.560291604685041 ], [ -90.560809604547117, 34.559792869296992 ], [ -90.561337002331086, 34.559820211529257 ] ] ], [ [ [ -90.567180096931082, 34.567264775782625 ], [ -90.567501519765585, 34.567191067265227 ], [ -90.567791806320528, 34.567326958510975 ], [ -90.567880911556358, 34.56759284697128 ], [ -90.567716637170761, 34.567832979120212 ], [ -90.567395211983538, 34.567906688101495 ], [ -90.567104924173705, 34.567770795865542 ], [ -90.56701582129061, 34.56750490694133 ], [ -90.567180096931082, 34.567264775782625 ] ] ], [ [ [ -90.55938435743883, 34.555013897278705 ], [ -90.559546048505425, 34.555267813079922 ], [ -90.559417604440682, 34.555550663475685 ], [ -90.55978907484878, 34.55565906524064 ], [ -90.559938047481339, 34.555994594650976 ], [ -90.55983355435491, 34.556256616973428 ], [ -90.559535720487418, 34.556380764187686 ], [ -90.559216153253161, 34.556351598943031 ], [ -90.55898986149181, 34.556196781579544 ], [ -90.558932725007125, 34.555924945547858 ], [ -90.559167509449225, 34.555651546856367 ], [ -90.558809571756612, 34.555555446011574 ], [ -90.558561481876851, 34.555225877725775 ], [ -90.558639682070407, 34.554991754559943 ], [ -90.558879652084357, 34.554851818915793 ], [ -90.559172451079689, 34.554869598138907 ], [ -90.55938435743883, 34.555013897278705 ] ] ], [ [ [ -90.559160397926178, 34.56142912066769 ], [ -90.5593138215376, 34.561549874018965 ], [ -90.559381387703425, 34.56175156763701 ], [ -90.55930211684506, 34.561950323970976 ], [ -90.559141816514781, 34.562064801389639 ], [ -90.558497084148968, 34.562190185100782 ], [ -90.558271615190435, 34.562314711881356 ], [ -90.557745804534264, 34.562380738922286 ], [ -90.557498937871756, 34.562334953676981 ], [ -90.557324424250453, 34.562183422387598 ], [ -90.557299773074618, 34.561908262011208 ], [ -90.557517531969722, 34.561699273762834 ], [ -90.558223800511527, 34.561611701174549 ], [ -90.558441294464927, 34.561486543639639 ], [ -90.558871092679723, 34.561387681777752 ], [ -90.559160397926178, 34.56142912066769 ] ] ], [ [ [ -90.558605752071642, 34.556150231636913 ], [ -90.558878849318972, 34.556367128091303 ], [ -90.559180257779502, 34.5564063283651 ], [ -90.559372106747432, 34.556590194249083 ], [ -90.559364046123704, 34.556866029213019 ], [ -90.559122593228309, 34.55705635814379 ], [ -90.558764798315622, 34.557086152505349 ], [ -90.558460716030524, 34.557000315357229 ], [ -90.557717461023017, 34.556400986668059 ], [ -90.557346330563178, 34.556457122878363 ], [ -90.556869446414268, 34.556399758866171 ], [ -90.555253894957872, 34.556429967664826 ], [ -90.554991608583322, 34.556320829624276 ], [ -90.554871482079633, 34.556063435530568 ], [ -90.554977053698281, 34.555836784982787 ], [ -90.555190735202487, 34.555724754113982 ], [ -90.557305750475138, 34.555719628301908 ], [ -90.557480907662168, 34.555539652597581 ], [ -90.557724693696883, 34.555483759174329 ], [ -90.557928792830097, 34.555530424047099 ], [ -90.558105600270764, 34.555677268277044 ], [ -90.558480025488677, 34.555756535326658 ], [ -90.558615444221076, 34.555933318860362 ], [ -90.558605752071642, 34.556150231636913 ] ] ], [ [ [ -90.551835196063124, 34.528461052250961 ], [ -90.5521564784774, 34.528387377996694 ], [ -90.552446606825697, 34.528523299783814 ], [ -90.552535628740955, 34.528789197172436 ], [ -90.552371394731509, 34.529029311405317 ], [ -90.552050109968107, 34.529102986121757 ], [ -90.551759980368885, 34.528967063345249 ], [ -90.551670960802753, 34.528701165494446 ], [ -90.551835196063124, 34.528461052250961 ] ] ], [ [ [ -90.544444689188481, 34.533441800727516 ], [ -90.544808118006074, 34.533374186916262 ], [ -90.545080752327465, 34.533533005920908 ], [ -90.545129452811977, 34.5338640583537 ], [ -90.544937540102055, 34.534089680544056 ], [ -90.544609053808855, 34.53413691689186 ], [ -90.544336418550259, 34.53397809680142 ], [ -90.544280422624439, 34.533681902521025 ], [ -90.544444689188481, 34.533441800727516 ] ] ], [ [ [ -90.55533340729113, 34.552877067978578 ], [ -90.555654782466405, 34.552803388630153 ], [ -90.555978518873999, 34.55295943151166 ], [ -90.55606757342764, 34.55322532693517 ], [ -90.555903296865665, 34.55346544344237 ], [ -90.555581919284208, 34.553539123339789 ], [ -90.555258181502012, 34.553383079355058 ], [ -90.555169129425892, 34.553117183448819 ], [ -90.55533340729113, 34.552877067978578 ] ] ], [ [ [ -90.537094137742116, 34.553054525813828 ], [ -90.537415526718306, 34.552980895249476 ], [ -90.537726771532647, 34.553130249225688 ], [ -90.537815767268441, 34.553396155503506 ], [ -90.53765143936792, 34.553636245167169 ], [ -90.537330048001834, 34.553709876247304 ], [ -90.537018801863852, 34.553560521209462 ], [ -90.536929808560444, 34.553294614457364 ], [ -90.537094137742116, 34.553054525813828 ] ] ], [ [ [ -90.547928595850777, 34.573917585476813 ], [ -90.548122199515717, 34.573846552330963 ], [ -90.548373332518139, 34.573872120054077 ], [ -90.548540333389596, 34.573979866192566 ], [ -90.548631457196322, 34.574175117010142 ], [ -90.548618340628096, 34.574761968703065 ], [ -90.548477127216429, 34.575180347607748 ], [ -90.54833148112813, 34.57535149361879 ], [ -90.548095426118124, 34.575426866265403 ], [ -90.547778662362902, 34.575340382012484 ], [ -90.547628611128246, 34.575093960019821 ], [ -90.54775207642804, 34.574686590203378 ], [ -90.54776016581441, 34.574166703216626 ], [ -90.547928595850777, 34.573917585476813 ] ] ], [ [ [ -90.545251872709713, 34.574727224589225 ], [ -90.545615482897333, 34.574659616407288 ], [ -90.545903462710228, 34.574825052166318 ], [ -90.545992503719333, 34.575090953709307 ], [ -90.545828152049637, 34.575331052800891 ], [ -90.5454645390341, 34.575398661493374 ], [ -90.545176558246311, 34.575233224664501 ], [ -90.545087519751689, 34.574967322635239 ], [ -90.545251872709713, 34.574727224589225 ] ] ] ] } },
{ "type": "Feature", "properties": { "depth_bin": "-30--25 ft", "bin_order": 27.5, "survey_id": "LM_18_FRI_20150425_CS_6649_6690_SORT", "date": "2015-04-25", "year": 2015, "mile": 667.0 }, "geometry": { "type": "MultiPolygon", "coordinates": [ [ [ [ -90.561334295102469, 34.557745888184485 ], [ -90.561587171044863, 34.558013748142564 ], [ -90.561458456996405, 34.558336513990511 ], [ -90.561005813494646, 34.558459987320198 ], [ -90.560741995342084, 34.558454022169997 ], [ -90.560521830495517, 34.558350930356859 ], [ -90.560401684065425, 34.55809354094432 ], [ -90.560536718263805, 34.557841253474599 ], [ -90.56076264338644, 34.557747079908964 ], [ -90.561334295102469, 34.557745888184485 ] ] ], [ [ [ -90.561667605435261, 34.559658717284094 ], [ -90.561961117948698, 34.559652660557234 ], [ -90.562279840735044, 34.559825857986333 ], [ -90.56233699010464, 34.560097692864822 ], [ -90.562154523213849, 34.560356855546992 ], [ -90.561960962129405, 34.560427912946039 ], [ -90.560940612460726, 34.560507051077089 ], [ -90.560607712335184, 34.560368555769649 ], [ -90.560518636897086, 34.560102663011278 ], [ -90.560682914808979, 34.559862540514978 ], [ -90.561510923380098, 34.559745385096718 ], [ -90.561667605435261, 34.559658717284094 ] ] ], [ [ [ -90.569156916329945, 34.560336579057015 ], [ -90.569489518565405, 34.560316152543173 ], [ -90.56974216377273, 34.560496275511241 ], [ -90.569766855999177, 34.560771435141604 ], [ -90.569543428313821, 34.560992588368499 ], [ -90.569210823376423, 34.561013014914366 ], [ -90.568958177887865, 34.560832890841702 ], [ -90.568933488332107, 34.560557731161602 ], [ -90.569156916329945, 34.560336579057015 ] ] ], [ [ [ -90.560877441906669, 34.561100418365477 ], [ -90.561033166864647, 34.561265366495576 ], [ -90.561059170116323, 34.561439229965274 ], [ -90.560956736192608, 34.561630602948604 ], [ -90.560743046193082, 34.561742643510975 ], [ -90.558861268027428, 34.562082809025632 ], [ -90.55841075156097, 34.562287572293464 ], [ -90.558049942994927, 34.562303358751734 ], [ -90.556942412929914, 34.562580772451383 ], [ -90.556476551685108, 34.562583154652692 ], [ -90.556233063649444, 34.562349799977852 ], [ -90.55627377870502, 34.562075948699999 ], [ -90.556536639924971, 34.561906123374129 ], [ -90.557744828482598, 34.561642371399628 ], [ -90.55796022937291, 34.561656537543307 ], [ -90.558414160996918, 34.561500732940559 ], [ -90.558647834198013, 34.561501394177817 ], [ -90.55886218754415, 34.56138865572499 ], [ -90.560551998831684, 34.561040067856183 ], [ -90.560877441906669, 34.561100418365477 ] ] ], [ [ [ -90.564500957517851, 34.569363961372986 ], [ -90.564750231039383, 34.569328093934118 ], [ -90.564947857042682, 34.569391075351739 ], [ -90.565156946180366, 34.569714337101438 ], [ -90.565185560422861, 34.570609064222225 ], [ -90.565060939482308, 34.570791213314045 ], [ -90.564834982491433, 34.570885393375448 ], [ -90.564583851286073, 34.57085985971716 ], [ -90.564371097208721, 34.570692444204049 ], [ -90.564297405050553, 34.56997456317378 ], [ -90.564100379957353, 34.570100874730571 ], [ -90.563848054389382, 34.570116356891489 ], [ -90.563627855474365, 34.570013269405656 ], [ -90.563514004071706, 34.569826359370182 ], [ -90.563544874426199, 34.569618627111311 ], [ -90.563747263892566, 34.56944264065708 ], [ -90.564038679377362, 34.569412808766536 ], [ -90.564293598651687, 34.56955062251528 ], [ -90.564500957517851, 34.569363961372986 ] ] ], [ [ [ -90.564419950713443, 34.572167605656759 ], [ -90.5646135377972, 34.572096545538905 ], [ -90.564864672715117, 34.572122079288633 ], [ -90.565117601170499, 34.572389933666038 ], [ -90.565021833115097, 34.572683378411625 ], [ -90.565126649127109, 34.572891700577621 ], [ -90.565124123197663, 34.573409932256318 ], [ -90.564999497565736, 34.573592081027201 ], [ -90.564773532730726, 34.573686260612675 ], [ -90.564448037660483, 34.57362591842638 ], [ -90.564269463102605, 34.573392870840571 ], [ -90.56425944668355, 34.572874388873053 ], [ -90.564358409006218, 34.572686704916592 ], [ -90.564255656833282, 34.572407732178888 ], [ -90.564419950713443, 34.572167605656759 ] ] ], [ [ [ -90.559563622865312, 34.55516592399654 ], [ -90.559849622267436, 34.555694163314243 ], [ -90.560143648050868, 34.55575859067676 ], [ -90.560312791069549, 34.555957127488 ], [ -90.560272093409154, 34.556230981050895 ], [ -90.560009257880353, 34.556400815650164 ], [ -90.559442713942047, 34.55637481037391 ], [ -90.559222556171164, 34.556271716482627 ], [ -90.558872876392783, 34.555606060929101 ], [ -90.558587465431231, 34.55534067904307 ], [ -90.558521212816615, 34.555051419543837 ], [ -90.55868548546924, 34.554811299380141 ], [ -90.559006865784227, 34.554737611408768 ], [ -90.559238172914561, 34.554822355875132 ], [ -90.559563622865312, 34.55516592399654 ] ] ], [ [ [ -90.559475818712869, 34.563326648121048 ], [ -90.55962924612443, 34.563447401207988 ], [ -90.559696814316638, 34.563649094691321 ], [ -90.559617542115205, 34.563847851129651 ], [ -90.559457238386059, 34.56396232879483 ], [ -90.557756617166177, 34.5644866128874 ], [ -90.557505508166088, 34.564461065530438 ], [ -90.557292784578536, 34.564293638795561 ], [ -90.557268133314111, 34.564018478477429 ], [ -90.557485898118458, 34.563809490587616 ], [ -90.559144784359432, 34.563292973659678 ], [ -90.559475818712869, 34.563326648121048 ] ] ], [ [ [ -90.556657324529354, 34.535168629436214 ], [ -90.556978629640497, 34.53509494346833 ], [ -90.557268789163871, 34.535230854970685 ], [ -90.557357832471084, 34.535496749528136 ], [ -90.557193597538983, 34.535736870042193 ], [ -90.556872290078203, 34.535810556472683 ], [ -90.556582129303024, 34.535674643980862 ], [ -90.556493088345448, 34.535408748960819 ], [ -90.556657324529354, 34.535168629436214 ] ] ], [ [ [ -90.556724001240823, 34.558134937419567 ], [ -90.556845991889872, 34.558278134425798 ], [ -90.556864689648521, 34.558486857545105 ], [ -90.556740070806711, 34.558668998459297 ], [ -90.556514139045944, 34.558763164261414 ], [ -90.554450861830105, 34.55890290813997 ], [ -90.554188569041173, 34.558793768127622 ], [ -90.554074753080982, 34.55860685050753 ], [ -90.554147721342474, 34.558337620649553 ], [ -90.554429428456345, 34.558189932220948 ], [ -90.556407291689652, 34.55804847776222 ], [ -90.556724001240823, 34.558134937419567 ] ] ], [ [ [ -90.556611277479107, 34.560338157997656 ], [ -90.556764695295655, 34.560458914335136 ], [ -90.556832254492889, 34.56066060910053 ], [ -90.556752978862562, 34.560859363596606 ], [ -90.556592677430629, 34.560973837623386 ], [ -90.555493287899324, 34.56111796583091 ], [ -90.555253040347878, 34.561052379176445 ], [ -90.555114669996229, 34.560919762200747 ], [ -90.555090026249758, 34.560644601650012 ], [ -90.555307786941569, 34.560435617403272 ], [ -90.556364417554136, 34.560292370723459 ], [ -90.556611277479107, 34.560338157997656 ] ] ], [ [ [ -90.555666128151344, 34.552798974635131 ], [ -90.555891371279316, 34.552902804979844 ], [ -90.556010433112093, 34.553124831227557 ], [ -90.555932227721144, 34.553358952534353 ], [ -90.555692257571295, 34.553498882382051 ], [ -90.554955745518427, 34.553476487760236 ], [ -90.554462730528698, 34.553566406855708 ], [ -90.553750732551293, 34.553572550941041 ], [ -90.553519435020817, 34.55348779643294 ], [ -90.553384031078224, 34.553311007800964 ], [ -90.553424749178163, 34.553037157314542 ], [ -90.553687586211126, 34.552867336940992 ], [ -90.555666128151344, 34.552798974635131 ] ] ], [ [ [ -90.555323997455176, 34.55571050017943 ], [ -90.555586282440075, 34.555819637452153 ], [ -90.555705347123435, 34.556041664043015 ], [ -90.555627137649893, 34.55627578490035 ], [ -90.555427756935586, 34.556404605159543 ], [ -90.554228525470151, 34.556441898109277 ], [ -90.554030938692094, 34.556378900835774 ], [ -90.553875236646306, 34.556213944614925 ], [ -90.553883315190348, 34.55593811075255 ], [ -90.554124775998417, 34.555747792533154 ], [ -90.555323997455176, 34.55571050017943 ] ] ], [ [ [ -90.551789821682533, 34.528516170610928 ], [ -90.552111104344348, 34.528442496487486 ], [ -90.55240123279799, 34.528578418386402 ], [ -90.552490254614639, 34.528844315802289 ], [ -90.552326020360397, 34.529084429961983 ], [ -90.552004735349428, 34.529158104547612 ], [ -90.551714605644889, 34.5290221816593 ], [ -90.55162558617738, 34.528756283781213 ], [ -90.551789821682533, 34.528516170610928 ] ] ], [ [ [ -90.552043402994457, 34.542342944498529 ], [ -90.552364739415836, 34.542269272107738 ], [ -90.552685370301504, 34.542423199762482 ], [ -90.552774405059452, 34.542689097087205 ], [ -90.552610141907493, 34.542929210013014 ], [ -90.552288803087052, 34.543002882944535 ], [ -90.551968170837512, 34.542848954197126 ], [ -90.551879138544265, 34.542583056391884 ], [ -90.552043402994457, 34.542342944498529 ] ] ], [ [ [ -90.552387263875232, 34.544299781560873 ], [ -90.552708607686426, 34.544226108592248 ], [ -90.552998790436476, 34.54436203111883 ], [ -90.553087827891261, 34.544627928267957 ], [ -90.552923561454989, 34.544868041422937 ], [ -90.552602215292893, 34.544941714854112 ], [ -90.552312031290839, 34.544805791337602 ], [ -90.55222299618697, 34.544539893725911 ], [ -90.552387263875232, 34.544299781560873 ] ] ], [ [ [ -90.551779556503732, 34.547090750330398 ], [ -90.551954029712959, 34.547242288131933 ], [ -90.551997350017231, 34.547448491294645 ], [ -90.55189491494194, 34.547639856912497 ], [ -90.551681250738199, 34.547751882831371 ], [ -90.550563318013204, 34.547733200780833 ], [ -90.550249830231309, 34.547800394049403 ], [ -90.550018552294929, 34.54771563365788 ], [ -90.549883164610662, 34.547538841698717 ], [ -90.549923890132717, 34.547264992513497 ], [ -90.550186714919391, 34.547095179070112 ], [ -90.551575481785477, 34.547044076127875 ], [ -90.551779556503732, 34.547090750330398 ] ] ], [ [ [ -90.554461711530749, 34.549111513351697 ], [ -90.554655251427675, 34.549040466895612 ], [ -90.554906313094889, 34.549066018179417 ], [ -90.555073275302817, 34.549173754022689 ], [ -90.55516439120656, 34.54936900017988 ], [ -90.554946559254162, 34.55045408850777 ], [ -90.554800972246937, 34.550625245267966 ], [ -90.554564993625235, 34.550700633928564 ], [ -90.554248314386598, 34.550614169857738 ], [ -90.554098283488003, 34.550367755993349 ], [ -90.554304735507785, 34.549316769020436 ], [ -90.554461711530749, 34.549111513351697 ] ] ], [ [ [ -90.547826469499512, 34.571029973382394 ], [ -90.548147920987134, 34.570956317267104 ], [ -90.548438185887619, 34.571092253735621 ], [ -90.548527231845156, 34.571358153749067 ], [ -90.548362895280846, 34.571598257013065 ], [ -90.548041441439025, 34.571671913591203 ], [ -90.547751175285242, 34.571535976131663 ], [ -90.547662131681903, 34.571270075655384 ], [ -90.547826469499512, 34.571029973382394 ] ] ], [ [ [ -90.549499266347894, 34.572284906636057 ], [ -90.549692864954267, 34.572213870761182 ], [ -90.549943993754226, 34.572239435066983 ], [ -90.550373134696471, 34.572570063240669 ], [ -90.550493267660883, 34.572827461551967 ], [ -90.550358176722327, 34.573079735020244 ], [ -90.550132198458954, 34.573173886834731 ], [ -90.54992097478376, 34.57316104619872 ], [ -90.549451925064361, 34.572817692877699 ], [ -90.549334930509062, 34.572525011218389 ], [ -90.549499266347894, 34.572284906636057 ] ] ], [ [ [ -90.547968320497972, 34.573738017711811 ], [ -90.548331924624335, 34.573670401141392 ], [ -90.548625783794449, 34.573859994355175 ], [ -90.548619431619855, 34.574271373782757 ], [ -90.548401616651958, 34.57448034341035 ], [ -90.548068956130109, 34.574500709744584 ], [ -90.547816319953711, 34.574320542428829 ], [ -90.547811278934475, 34.573943261623249 ], [ -90.547968320497972, 34.573738017711811 ] ] ], [ [ [ -90.547856570746447, 34.574787324394279 ], [ -90.54814800835247, 34.574757531542538 ], [ -90.548396143317746, 34.574887429054769 ], [ -90.54847548391453, 34.57519538876597 ], [ -90.54868671958593, 34.575387331664963 ], [ -90.548694000948927, 34.575630153288401 ], [ -90.548337354412268, 34.576084045815463 ], [ -90.547695111203936, 34.576399134919654 ], [ -90.547270443375467, 34.576443845944077 ], [ -90.547000461436298, 34.576231337727926 ], [ -90.547021496105131, 34.575934250857337 ], [ -90.546762326476369, 34.57593086219984 ], [ -90.546530779568613, 34.575781469654203 ], [ -90.546485072544229, 34.575475531487598 ], [ -90.546820636437388, 34.575155945921935 ], [ -90.547331428334246, 34.574980255648462 ], [ -90.547655832555122, 34.574960492328238 ], [ -90.547856570746447, 34.574787324394279 ] ] ], [ [ [ -90.548234369282014, 34.531168674211251 ], [ -90.548555664843079, 34.531095010048432 ], [ -90.548845795930816, 34.531230940495689 ], [ -90.548934808573307, 34.531496840040283 ], [ -90.548770558710387, 34.531736948661958 ], [ -90.548449260799686, 34.531810613286794 ], [ -90.548159128461194, 34.531674681849942 ], [ -90.548070118168326, 34.531408781843297 ], [ -90.548234369282014, 34.531168674211251 ] ] ], [ [ [ -90.544444118531018, 34.533540325761521 ], [ -90.54476542606497, 34.533466672139085 ], [ -90.545055558421907, 34.533602611641655 ], [ -90.545144560886328, 34.533868513452184 ], [ -90.544980295359878, 34.534108616222916 ], [ -90.544658985475834, 34.534182270307198 ], [ -90.544368851868327, 34.534046329814814 ], [ -90.544279851754027, 34.533780427542432 ], [ -90.544444118531018, 34.533540325761521 ] ] ], [ [ [ -90.541241207786925, 34.536574646368621 ], [ -90.541562529458091, 34.536501001834679 ], [ -90.541852666360413, 34.536636949121437 ], [ -90.541941661115644, 34.53690285285213 ], [ -90.541777380141028, 34.537142950554099 ], [ -90.54145605611923, 34.537216595549786 ], [ -90.541165917966467, 34.537080647272987 ], [ -90.541076925561853, 34.536814743080562 ], [ -90.541241207786925, 34.536574646368621 ] ] ], [ [ [ -90.53860684510461, 34.547192665880303 ], [ -90.538928210107301, 34.547119030245483 ], [ -90.539260652829839, 34.547267563947109 ], [ -90.539380719274561, 34.547524971168244 ], [ -90.539245641218017, 34.547777233589578 ], [ -90.53889190309323, 34.547873982298697 ], [ -90.538559458741986, 34.547725447530247 ], [ -90.538442532734962, 34.547432757449684 ], [ -90.53860684510461, 34.547192665880303 ] ] ], [ [ [ -90.537003691723768, 34.553034619518364 ], [ -90.53732508068714, 34.552960989192293 ], [ -90.537726720440958, 34.553114111685936 ], [ -90.53784678934727, 34.553371520350197 ], [ -90.537711696200205, 34.553623780251485 ], [ -90.537400575540858, 34.553723120337452 ], [ -90.536991005309361, 34.553599754998942 ], [ -90.536836223178639, 34.553309990075356 ], [ -90.537003691723768, 34.553034619518364 ] ] ], [ [ [ -90.537924954562101, 34.562381862153522 ], [ -90.538246379374201, 34.562308231002305 ], [ -90.538536597467214, 34.562444189251245 ], [ -90.538625603903483, 34.56271009510278 ], [ -90.538461258255438, 34.562950184842173 ], [ -90.538139831089623, 34.563023816455477 ], [ -90.537849611744804, 34.562887857215486 ], [ -90.537760607662278, 34.56262195090185 ], [ -90.537924954562101, 34.562381862153522 ] ] ], [ [ [ -90.541316696695944, 34.56322861275364 ], [ -90.54153684815924, 34.563331738707248 ], [ -90.541641263308165, 34.563484150522257 ], [ -90.541646500950193, 34.563659284399712 ], [ -90.541521841433706, 34.563841407879792 ], [ -90.540769580520291, 34.564025642531711 ], [ -90.540421890499388, 34.563914751630215 ], [ -90.540301800348473, 34.56365734492077 ], [ -90.540436903976072, 34.563405082885296 ], [ -90.540889510402494, 34.563227805004509 ], [ -90.541316696695944, 34.56322861275364 ] ] ], [ [ [ -90.541989621296537, 34.564093078068368 ], [ -90.542311049874243, 34.564019436348623 ], [ -90.54260128097016, 34.564155385423341 ], [ -90.54269030203001, 34.564421288869049 ], [ -90.542525964059976, 34.564661384380464 ], [ -90.542204533128569, 34.564735026562573 ], [ -90.541914300780348, 34.56459907649689 ], [ -90.541825282074214, 34.564333172588817 ], [ -90.541989621296537, 34.564093078068368 ] ] ], [ [ [ -90.539507936208253, 34.565282256926224 ], [ -90.539917669090912, 34.565257196080402 ], [ -90.540170494795916, 34.565525098199593 ], [ -90.540017069454109, 34.565994642062833 ], [ -90.539712438193689, 34.566172186856022 ], [ -90.539386994382198, 34.566111779710766 ], [ -90.539208506891242, 34.565878698814458 ], [ -90.539256326482274, 34.56560839128317 ], [ -90.539507936208253, 34.565282256926224 ] ] ], [ [ [ -90.544762081762642, 34.567547533691382 ], [ -90.545118795969458, 34.567473655477158 ], [ -90.54542375390956, 34.567585410058122 ], [ -90.545543865076567, 34.567842812484351 ], [ -90.545408768518158, 34.568095080363065 ], [ -90.545090620908141, 34.568194572478731 ], [ -90.544714714905197, 34.568080317298836 ], [ -90.544597742864198, 34.567787631875156 ], [ -90.544762081762642, 34.567547533691382 ] ] ], [ [ [ -90.547069678550315, 34.569911951892578 ], [ -90.547391126213014, 34.569838297605877 ], [ -90.54768138599141, 34.569974235681393 ], [ -90.547770428530043, 34.570240136138864 ], [ -90.547606092252806, 34.570480238423769 ], [ -90.547284642235994, 34.570553893173255 ], [ -90.546994381204456, 34.570417954106738 ], [ -90.546905341019936, 34.570152053186504 ], [ -90.547069678550315, 34.569911951892578 ] ] ], [ [ [ -90.545434849518102, 34.574453841144447 ], [ -90.54622189025153, 34.575187279379342 ], [ -90.546213780599189, 34.575463110788078 ], [ -90.54597224286681, 34.575653409592697 ], [ -90.545564418133154, 34.575611881264315 ], [ -90.545236305208363, 34.575248723204304 ], [ -90.544680374750769, 34.574840489055703 ], [ -90.544673105013672, 34.574597667663141 ], [ -90.544853719936043, 34.574406149319614 ], [ -90.545172522096664, 34.57434468041415 ], [ -90.545434849518102, 34.574453841144447 ] ] ] ] } },
{ "type": "Feature", "properties": { "depth_bin": "-25--20 ft", "bin_order": 22.5, "survey_id": "LM_18_FRI_20150425_CS_6649_6690_SORT", "date": "2015-04-25", "year": 2015, "mile": 667.0 }, "geometry": { "type": "MultiPolygon", "coordinates": [ [ [ [ -90.569245523884007, 34.559192803113952 ], [ -90.569574099798942, 34.559145504160327 ], [ -90.569874780593821, 34.559325437413541 ], [ -90.569931954678509, 34.559597269780383 ], [ -90.569740043134203, 34.559822930468073 ], [ -90.56941146459512, 34.559870229755745 ], [ -90.56911078297891, 34.5596902953341 ], [ -90.569053611547474, 34.55941846269593 ], [ -90.569245523884007, 34.559192803113952 ] ] ], [ [ [ -90.569085362473459, 34.560382968787557 ], [ -90.569413943179924, 34.560335670475006 ], [ -90.569686712586517, 34.560494439531126 ], [ -90.569743886619889, 34.560766271946648 ], [ -90.569551971702623, 34.560991932164377 ], [ -90.569223388444726, 34.56103923073875 ], [ -90.56895061826647, 34.560880460621235 ], [ -90.568893446784514, 34.560608627943893 ], [ -90.569085362473459, 34.560382968787557 ] ] ], [ [ [ -90.56721627172287, 34.567235153593131 ], [ -90.567548901709841, 34.567214733572087 ], [ -90.567801562452232, 34.567394861078846 ], [ -90.567826248896978, 34.567670020635312 ], [ -90.567608498182992, 34.567879027540222 ], [ -90.567275865542129, 34.567899447610891 ], [ -90.567023204540746, 34.567719319011772 ], [ -90.566998520749877, 34.56744415940566 ], [ -90.56721627172287, 34.567235153593131 ] ] ], [ [ [ -90.565661433835047, 34.568821867793524 ], [ -90.566033979037726, 34.568814170451887 ], [ -90.566264080334491, 34.569013919718671 ], [ -90.566275006575808, 34.569329493666288 ], [ -90.566018155849676, 34.5695528479134 ], [ -90.565684699115423, 34.569546194678473 ], [ -90.565454597883601, 34.569346444330691 ], [ -90.565443674751862, 34.569030870441033 ], [ -90.565661433835047, 34.568821867793524 ] ] ], [ [ [ -90.567347209704366, 34.571456476291928 ], [ -90.567596488668372, 34.571420603256676 ], [ -90.567794121964369, 34.571483580340242 ], [ -90.567979026132946, 34.571787099967125 ], [ -90.567904665693092, 34.572067025258534 ], [ -90.567706356517789, 34.572241105454765 ], [ -90.567795865034967, 34.572468509666805 ], [ -90.567644687443661, 34.573014457838788 ], [ -90.567479501112373, 34.573172999321571 ], [ -90.567235667992549, 34.573228910197244 ], [ -90.566930657301612, 34.573117208165172 ], [ -90.566810472254275, 34.572859823904977 ], [ -90.566961654899202, 34.57231387697292 ], [ -90.56715996573638, 34.572139798062622 ], [ -90.567071527653709, 34.571947760375778 ], [ -90.567129447375763, 34.571665481756405 ], [ -90.567347209704366, 34.571456476291928 ] ] ], [ [ [ -90.5651700086825, 34.572341408929042 ], [ -90.565058986382354, 34.573069404146949 ], [ -90.565134950393414, 34.573363297506425 ], [ -90.56499067207011, 34.573631384567442 ], [ -90.564725175992294, 34.573783590836399 ], [ -90.564356929975915, 34.57379467085115 ], [ -90.563953617958973, 34.573648883164211 ], [ -90.56325909024504, 34.572931416305643 ], [ -90.563285396892255, 34.572523742015292 ], [ -90.563632451533223, 34.5723417925267 ], [ -90.564067909025525, 34.572489103726852 ], [ -90.564263915108043, 34.572856915244678 ], [ -90.564300906266936, 34.572217354801204 ], [ -90.564557770011362, 34.571994004800281 ], [ -90.564965590545171, 34.572035469265941 ], [ -90.5651700086825, 34.572341408929042 ] ] ], [ [ [ -90.567621753475464, 34.574728433140706 ], [ -90.56773881589325, 34.575021099991325 ], [ -90.567502361535404, 34.575299066031519 ], [ -90.565156178341084, 34.57611146296415 ], [ -90.564863302912713, 34.576093694967838 ], [ -90.564650535541773, 34.575926279486886 ], [ -90.564625858845517, 34.575651119964974 ], [ -90.564843638192144, 34.57544211979944 ], [ -90.567151941298178, 34.574630594856771 ], [ -90.567401537653112, 34.574625351832488 ], [ -90.567621753475464, 34.574728433140706 ] ] ], [ [ [ -90.57027145103325, 34.576761265188424 ], [ -90.570600096345814, 34.576713966480312 ], [ -90.570872919810583, 34.576872734841785 ], [ -90.570930105688234, 34.577144566670931 ], [ -90.570738153461704, 34.577370226754255 ], [ -90.57040950559572, 34.577417525724492 ], [ -90.570136681358491, 34.577258756301013 ], [ -90.570079498034247, 34.576986924209756 ], [ -90.57027145103325, 34.576761265188424 ] ] ], [ [ [ -90.570834178506047, 34.57966277362776 ], [ -90.571162835127694, 34.579615473890208 ], [ -90.571435668893685, 34.579774241367396 ], [ -90.57149285803051, 34.580046072975428 ], [ -90.57130090011168, 34.580271733630426 ], [ -90.570972240936257, 34.580319033630175 ], [ -90.570699406397623, 34.580160265090903 ], [ -90.570642219814559, 34.579888433220653 ], [ -90.570834178506047, 34.57966277362776 ] ] ], [ [ [ -90.564526864420301, 34.55851771612614 ], [ -90.564831819361956, 34.558629422029753 ], [ -90.564948852720676, 34.558922090898001 ], [ -90.564729705791009, 34.5592483709761 ], [ -90.564375943195671, 34.5593451926377 ], [ -90.564085689668872, 34.559209294503084 ], [ -90.563996604002767, 34.558943403823932 ], [ -90.564215752842983, 34.558617125135648 ], [ -90.564526864420301, 34.55851771612614 ] ] ], [ [ [ -90.562913236872177, 34.559473219748334 ], [ -90.563245634897356, 34.559448027243334 ], [ -90.563518388921807, 34.559606809501567 ], [ -90.563575542255435, 34.559878643972382 ], [ -90.563383613446348, 34.560104293894362 ], [ -90.563014013513438, 34.560146936882241 ], [ -90.562741258816303, 34.559988153474571 ], [ -90.562684108171226, 34.559716318728697 ], [ -90.562913236872177, 34.559473219748334 ] ] ], [ [ [ -90.562261107581648, 34.559966662721244 ], [ -90.56223384376429, 34.560274104881884 ], [ -90.561893208421154, 34.560459615878315 ], [ -90.561256986190827, 34.560437453712176 ], [ -90.561004104486699, 34.560169592900735 ], [ -90.561103348562298, 34.559872459604776 ], [ -90.561640636113935, 34.559519748437801 ], [ -90.561999796822747, 34.559601850416492 ], [ -90.562261107581648, 34.559966662721244 ] ] ], [ [ [ -90.563064856668987, 34.560675156644891 ], [ -90.563174592312123, 34.561002686533321 ], [ -90.562906371658116, 34.561260135476211 ], [ -90.560695713878715, 34.561748151858517 ], [ -90.560412708989503, 34.561683456838772 ], [ -90.560256984577663, 34.561518507945415 ], [ -90.56026504365272, 34.561242673008124 ], [ -90.560506506783682, 34.561052342335749 ], [ -90.562674706896431, 34.560568673363598 ], [ -90.563064856668987, 34.560675156644891 ] ] ], [ [ [ -90.564195737351966, 34.56200268078193 ], [ -90.564379541847586, 34.562270837921453 ], [ -90.564275053357179, 34.562532864061595 ], [ -90.563876240420413, 34.562679323907773 ], [ -90.563559505357048, 34.5625928818448 ], [ -90.563409426911775, 34.562346477805242 ], [ -90.563513917805054, 34.562084452504429 ], [ -90.563870287852581, 34.56194233888759 ], [ -90.564195737351966, 34.56200268078193 ] ] ], [ [ [ -90.56221423166842, 34.562502731052327 ], [ -90.562457737587167, 34.562736074503235 ], [ -90.562394177531473, 34.563039825352234 ], [ -90.561959559884116, 34.563245178393416 ], [ -90.5615923854226, 34.563192595207887 ], [ -90.561413839632465, 34.562959544355692 ], [ -90.561486789161549, 34.562690309440647 ], [ -90.561921404894207, 34.562484957994734 ], [ -90.56221423166842, 34.562502731052327 ] ] ], [ [ [ -90.56378840297802, 34.563511623423189 ], [ -90.563972209151657, 34.563779781201347 ], [ -90.563805870637125, 34.564090558133124 ], [ -90.563260161136284, 34.564265815955551 ], [ -90.562884490046386, 34.564128208705263 ], [ -90.562795403976935, 34.563862317283593 ], [ -90.562959683595494, 34.56362219189041 ], [ -90.563462948022448, 34.56345128021934 ], [ -90.56378840297802, 34.563511623423189 ] ] ], [ [ [ -90.562329855704391, 34.56401021851503 ], [ -90.562496856827764, 34.5641179456223 ], [ -90.562588004596719, 34.564313187220741 ], [ -90.56253267009194, 34.564517416003341 ], [ -90.562349503575888, 34.564661794258704 ], [ -90.558734192625622, 34.566100003148236 ], [ -90.558400751484697, 34.566093330595905 ], [ -90.558188022045201, 34.565925905211806 ], [ -90.558163367667717, 34.565650744996425 ], [ -90.558381134841198, 34.565441755643896 ], [ -90.561996422009969, 34.564003556134367 ], [ -90.562329855704391, 34.56401021851503 ] ] ], [ [ [ -90.563836677599085, 34.56946013273518 ], [ -90.564195883054012, 34.569542230019721 ], [ -90.564345975515423, 34.569788633470495 ], [ -90.564214293204358, 34.570139985342415 ], [ -90.563890115543245, 34.570292040115476 ], [ -90.563573352048977, 34.570205596967071 ], [ -90.563423261253945, 34.569959192645072 ], [ -90.563554946511559, 34.569607841746489 ], [ -90.563836677599085, 34.56946013273518 ] ] ], [ [ [ -90.564573998911882, 34.570288688751383 ], [ -90.564906641322324, 34.570268276488676 ], [ -90.565159304864423, 34.570448409538194 ], [ -90.565183982844928, 34.570723569175087 ], [ -90.564966217360706, 34.570932570650868 ], [ -90.564633572295975, 34.570952982963057 ], [ -90.564380908495096, 34.570772848821022 ], [ -90.56435623316888, 34.570497689134655 ], [ -90.564573998911882, 34.570288688751383 ] ] ], [ [ [ -90.561571490014472, 34.557730541909237 ], [ -90.561805188422071, 34.557932019741834 ], [ -90.561787540271453, 34.558223641179346 ], [ -90.561909994221196, 34.558535294026129 ], [ -90.561745722586011, 34.558775418482611 ], [ -90.561424328475468, 34.558849113073173 ], [ -90.561109445251716, 34.558684291632304 ], [ -90.56102974332866, 34.558399352870758 ], [ -90.560822216286368, 34.558257638475148 ], [ -90.56075777828039, 34.558020662467086 ], [ -90.56086020770833, 34.557829289379931 ], [ -90.561033288606936, 34.557728358549745 ], [ -90.561571490014472, 34.557730541909237 ] ] ], [ [ [ -90.561300499201067, 34.566708898502903 ], [ -90.561479464522904, 34.566802567203965 ], [ -90.561593307541798, 34.566989478857096 ], [ -90.561562433735091, 34.567197210539341 ], [ -90.56143220473767, 34.567335361898245 ], [ -90.559857414697674, 34.568122091125048 ], [ -90.559605094891594, 34.568137564728879 ], [ -90.559356960489509, 34.568007690010447 ], [ -90.559265816927947, 34.567812446253114 ], [ -90.559321162020709, 34.567608219483652 ], [ -90.559880759947617, 34.56719561151467 ], [ -90.561006961885425, 34.56671495258292 ], [ -90.561300499201067, 34.566708898502903 ] ] ], [ [ [ -90.560484297459652, 34.555672807843628 ], [ -90.560737164695325, 34.555940669266583 ], [ -90.560608451107001, 34.556263434313315 ], [ -90.560382529947347, 34.556357607776469 ], [ -90.559617180463434, 34.556390474824866 ], [ -90.559364570283378, 34.556210332216175 ], [ -90.559351287642599, 34.555910748295361 ], [ -90.559105288352029, 34.555864949514259 ], [ -90.558951875000687, 34.555744196252832 ], [ -90.558784299129442, 34.555466845772038 ], [ -90.558790414661274, 34.555257611088905 ], [ -90.559008151607401, 34.555048619079557 ], [ -90.559340733466854, 34.555028219446093 ], [ -90.559664375723401, 34.555302934537394 ], [ -90.55974921222419, 34.555489451541085 ], [ -90.559722339769962, 34.555688594525641 ], [ -90.560174608440207, 34.555627328679478 ], [ -90.560484297459652, 34.555672807843628 ] ] ], [ [ [ -90.560249310565226, 34.563051490605865 ], [ -90.560416306984365, 34.563159220383689 ], [ -90.560507448880472, 34.563354463315534 ], [ -90.560341098699084, 34.563665235031237 ], [ -90.559370321700499, 34.563986925748452 ], [ -90.559119213495364, 34.563961381755654 ], [ -90.558952217319103, 34.563853650217141 ], [ -90.558863144196252, 34.563587756453359 ], [ -90.559027434214173, 34.563347636803627 ], [ -90.559956482582308, 34.563033712767179 ], [ -90.560249310565226, 34.563051490605865 ] ] ], [ [ [ -90.5567316826953, 34.535104629603097 ], [ -90.557064184999732, 34.535084232777308 ], [ -90.557316728835971, 34.53526437780274 ], [ -90.557341377631857, 34.535539538938238 ], [ -90.557123690583339, 34.535748530556944 ], [ -90.556791185629109, 34.535768927431477 ], [ -90.556538641535496, 34.535588781314864 ], [ -90.556513995389437, 34.535313620130623 ], [ -90.5567316826953, 34.535104629603097 ] ] ], [ [ [ -90.555561651342856, 34.549928492461632 ], [ -90.555890195944656, 34.549881229098986 ], [ -90.55617367399924, 34.550049942104216 ], [ -90.556230798581325, 34.550321779116246 ], [ -90.556038874201448, 34.550547417889589 ], [ -90.555710327013983, 34.550594681540595 ], [ -90.555426848180844, 34.550425967433306 ], [ -90.555369726189511, 34.550154130156798 ], [ -90.555561651342856, 34.549928492461632 ] ] ], [ [ [ -90.557522041399793, 34.552769225136672 ], [ -90.557719622786593, 34.552832216537254 ], [ -90.55787532683857, 34.552997167987186 ], [ -90.557901321958838, 34.553171031957604 ], [ -90.557814415987011, 34.553348495331377 ], [ -90.557388886251914, 34.553544038892227 ], [ -90.556923434200087, 34.55348208555796 ], [ -90.556744920966253, 34.553249028961915 ], [ -90.556817874961155, 34.552979796728117 ], [ -90.557017245163436, 34.552850973693126 ], [ -90.557522041399793, 34.552769225136672 ] ] ], [ [ [ -90.555785595187018, 34.56051556569939 ], [ -90.555895301685027, 34.560843100929297 ], [ -90.555627060107469, 34.561100532937758 ], [ -90.554465324588591, 34.561250501879393 ], [ -90.554225077595291, 34.56118491321886 ], [ -90.554069366772012, 34.561019956967975 ], [ -90.554077446123756, 34.560744123282909 ], [ -90.554318921096126, 34.560553805385815 ], [ -90.555437896894674, 34.560404717333029 ], [ -90.555785595187018, 34.56051556569939 ] ] ], [ [ [ -90.556932616223108, 34.562010106923729 ], [ -90.557042328888997, 34.562337641322266 ], [ -90.556774085604658, 34.562595075743168 ], [ -90.555344368184009, 34.562861222737567 ], [ -90.555104115833672, 34.56279563559918 ], [ -90.554948400394778, 34.56263068030961 ], [ -90.554956477329952, 34.562354846516108 ], [ -90.555197955293494, 34.562164527036366 ], [ -90.556584910100625, 34.561899261524836 ], [ -90.556932616223108, 34.562010106923729 ] ] ], [ [ [ -90.557823104226301, 34.563810013764765 ], [ -90.557990098765387, 34.563917746785094 ], [ -90.558081235591459, 34.56411299130346 ], [ -90.557914874891736, 34.56442375922795 ], [ -90.557006427983723, 34.564684219332086 ], [ -90.556630766556367, 34.564546593178633 ], [ -90.556541700332559, 34.564280698028035 ], [ -90.556705998324972, 34.564040581871382 ], [ -90.557530274468448, 34.563792230010591 ], [ -90.557823104226301, 34.563810013764765 ] ] ], [ [ [ -90.554087554965548, 34.542625401637849 ], [ -90.554420087525031, 34.542605013340143 ], [ -90.55470231126354, 34.542813209917796 ], [ -90.55472695210149, 34.543088371001232 ], [ -90.554509237953823, 34.543297356606935 ], [ -90.554176702633612, 34.543317745029633 ], [ -90.553894478653632, 34.543109547234643 ], [ -90.553869840567188, 34.542834386099933 ], [ -90.554087554965548, 34.542625401637849 ] ] ], [ [ [ -90.554359775698856, 34.544221577110108 ], [ -90.554688298125285, 34.544174316022158 ], [ -90.554960986587716, 34.544333114980418 ], [ -90.555018104427276, 34.544604952459132 ], [ -90.554826190985153, 34.544830589934321 ], [ -90.5544976660088, 34.544877851282941 ], [ -90.554224976776879, 34.54471905126357 ], [ -90.55416786148723, 34.544447213524201 ], [ -90.554359775698856, 34.544221577110108 ] ] ], [ [ [ -90.554984155733649, 34.548171023801494 ], [ -90.555221763093286, 34.548241250568047 ], [ -90.555397400943903, 34.548394563398695 ], [ -90.555589546797307, 34.549234055204067 ], [ -90.555516592907182, 34.549503286824283 ], [ -90.555234917826652, 34.549650979278965 ], [ -90.554548338417973, 34.549455963894118 ], [ -90.554333708570596, 34.549203987024185 ], [ -90.554364590831341, 34.54899625709448 ], [ -90.554510123312369, 34.548849176989073 ], [ -90.55436359804321, 34.54863674832243 ], [ -90.554413691536624, 34.548397412789889 ], [ -90.554668172258559, 34.548210948622788 ], [ -90.554984155733649, 34.548171023801494 ] ] ], [ [ [ -90.553683087133706, 34.549953965198192 ], [ -90.55392685869819, 34.549898078737286 ], [ -90.554638115889276, 34.549947312776311 ], [ -90.55486813936038, 34.550147080756133 ], [ -90.554860065811383, 34.55042291508353 ], [ -90.554694903626114, 34.550581440645011 ], [ -90.554350064743645, 34.550691106998613 ], [ -90.553739867590252, 34.550588093203672 ], [ -90.55357290450057, 34.550480355510608 ], [ -90.553481791340417, 34.550285108303051 ], [ -90.553517923795098, 34.550112489121332 ], [ -90.553683087133706, 34.549953965198192 ] ] ], [ [ [ -90.555441498049532, 34.552871484919486 ], [ -90.555589469563117, 34.553188547161319 ], [ -90.555353042539792, 34.553466491450678 ], [ -90.554676101503659, 34.553515259799006 ], [ -90.554382296460659, 34.553325683045408 ], [ -90.554357655830472, 34.553050522232361 ], [ -90.554575397286243, 34.552841538295247 ], [ -90.555167555876238, 34.552784142799929 ], [ -90.555441498049532, 34.552871484919486 ] ] ], [ [ [ -90.553099197929598, 34.552790084397593 ], [ -90.554092892589694, 34.552904822853804 ], [ -90.554298148323042, 34.553122284671915 ], [ -90.554257433011514, 34.553396135566175 ], [ -90.553994595330153, 34.553565957133131 ], [ -90.553073342821804, 34.553510584860057 ], [ -90.550776681144924, 34.553568948846497 ], [ -90.550514409979172, 34.553459801759026 ], [ -90.550400608992376, 34.553272881218533 ], [ -90.550473583239679, 34.553003653649938 ], [ -90.550755277742113, 34.552855973103973 ], [ -90.553099197929598, 34.552790084397593 ] ] ], [ [ [ -90.554530939684199, 34.555813910365799 ], [ -90.554675732453987, 34.556025213619385 ], [ -90.554625633773895, 34.556264548825247 ], [ -90.554442473308242, 34.556408915568348 ], [ -90.554137142993966, 34.556461196988096 ], [ -90.553085533291522, 34.556416894438726 ], [ -90.5528019569809, 34.556287342101164 ], [ -90.552494453893615, 34.556421718648679 ], [ -90.550856716690276, 34.556433592091501 ], [ -90.55059443664031, 34.556324444836356 ], [ -90.55047538550464, 34.556102413824028 ], [ -90.550579907288622, 34.55584040075184 ], [ -90.550877751144142, 34.555716275884393 ], [ -90.552515474280938, 34.555704401560767 ], [ -90.552799048181157, 34.555833954473002 ], [ -90.553106548601633, 34.555699577033025 ], [ -90.554256989124184, 34.555726565870266 ], [ -90.554530939684199, 34.555813910365799 ] ] ], [ [ [ -90.554785970042786, 34.558298927769023 ], [ -90.554899787259686, 34.558485844783526 ], [ -90.55488427833923, 34.558660563075676 ], [ -90.554771046944609, 34.558808602424314 ], [ -90.554545112800284, 34.558902764466083 ], [ -90.553191985530447, 34.558983685374074 ], [ -90.552860969526989, 34.558846956335806 ], [ -90.552558516403977, 34.559021756588528 ], [ -90.551629832631022, 34.559058359685686 ], [ -90.551355875071707, 34.558971008391893 ], [ -90.551211086302573, 34.558759701428748 ], [ -90.551284063859924, 34.558490473687939 ], [ -90.551565776164111, 34.558342792115212 ], [ -90.552537099249079, 34.558308781033432 ], [ -90.552825465204549, 34.558442919093487 ], [ -90.553170354629202, 34.558263776581704 ], [ -90.554481031280176, 34.558187197356418 ], [ -90.554785970042786, 34.558298927769023 ] ] ], [ [ [ -90.55362676054169, 34.538664901130701 ], [ -90.553955261207761, 34.538617641068583 ], [ -90.554227930685954, 34.538776440968782 ], [ -90.554285043437872, 34.539048278753626 ], [ -90.554093141785458, 34.539273915719747 ], [ -90.553764638570115, 34.539321176042407 ], [ -90.553491968322746, 34.539162375081311 ], [ -90.55343485812007, 34.538890537035925 ], [ -90.55362676054169, 34.538664901130701 ] ] ], [ [ [ -90.55234247907002, 34.542298447672195 ], [ -90.553015242482886, 34.542415494739288 ], [ -90.553150629379601, 34.542592283285387 ], [ -90.553155892606554, 34.542767418182827 ], [ -90.553031291493738, 34.542949556385537 ], [ -90.55280539961052, 34.543043717163194 ], [ -90.552469256220149, 34.543041707285717 ], [ -90.552059226612457, 34.542906623627829 ], [ -90.551939126065776, 34.542649227332909 ], [ -90.552074157389711, 34.542396948677677 ], [ -90.55234247907002, 34.542298447672195 ] ] ], [ [ [ -90.553079796084575, 34.544322101410039 ], [ -90.55319677059245, 34.544614779587249 ], [ -90.55303250448857, 34.544854892903814 ], [ -90.552638437684621, 34.544930653051075 ], [ -90.55234825365558, 34.544794729619653 ], [ -90.552259218444348, 34.544528832029577 ], [ -90.55242348600774, 34.544288719810012 ], [ -90.552774909760657, 34.5442103687596 ], [ -90.553079796084575, 34.544322101410039 ] ] ], [ [ [ -90.552548246471275, 34.545177718194438 ], [ -90.552797450751385, 34.545141872219624 ], [ -90.552995010406306, 34.545204870430105 ], [ -90.55317980706522, 34.545508408947569 ], [ -90.553123402307918, 34.545677266675213 ], [ -90.552962710041911, 34.545811103098721 ], [ -90.552986582666108, 34.546140603066988 ], [ -90.552525280428171, 34.546816583784256 ], [ -90.552342138265757, 34.546960948301027 ], [ -90.552123469312491, 34.546998649388172 ], [ -90.552504858000205, 34.547038458334605 ], [ -90.552736339754347, 34.547187837247016 ], [ -90.552793451663902, 34.547459675427568 ], [ -90.552601525387587, 34.547685308772721 ], [ -90.551588329367874, 34.547760407470271 ], [ -90.5513150297637, 34.547673458623557 ], [ -90.550409470721959, 34.547803296655076 ], [ -90.548424248928896, 34.547817238469982 ], [ -90.54818053560858, 34.547770119257336 ], [ -90.548027153060957, 34.547649353408566 ], [ -90.547996826812906, 34.547310404394416 ], [ -90.548278868949225, 34.547108990758531 ], [ -90.550275626258383, 34.547077072405777 ], [ -90.550001430031344, 34.546753245047576 ], [ -90.549562476543571, 34.545902174401895 ], [ -90.549583989303898, 34.545659930038404 ], [ -90.549749150449387, 34.545501411280959 ], [ -90.550077679795493, 34.54545416294625 ], [ -90.550325733722246, 34.545584053529353 ], [ -90.550895756209002, 34.54661277415272 ], [ -90.550882861819204, 34.546896518391094 ], [ -90.551019039007031, 34.5469847279372 ], [ -90.551730135732015, 34.546744943725777 ], [ -90.551747766876261, 34.546493001188722 ], [ -90.552369766700892, 34.545683188192378 ], [ -90.552330521340451, 34.545386699383364 ], [ -90.552548246471275, 34.545177718194438 ] ] ], [ [ [ -90.552365840865576, 34.549977586554455 ], [ -90.552540320899055, 34.550129123753088 ], [ -90.552583643720382, 34.550335326743792 ], [ -90.552451731982046, 34.550552322440303 ], [ -90.552225818410761, 34.550646481137314 ], [ -90.551729537790465, 34.550649797270452 ], [ -90.551501744914063, 34.550539347384998 ], [ -90.551227476434562, 34.550642991969056 ], [ -90.550168857121449, 34.550685498923208 ], [ -90.549809334740416, 34.550608357181581 ], [ -90.549496309806031, 34.550677155163889 ], [ -90.549234049335766, 34.550568005732551 ], [ -90.549120254830385, 34.550381084205789 ], [ -90.549193230053007, 34.55011185735534 ], [ -90.54947491656192, 34.549964179385135 ], [ -90.549809227805326, 34.550030314203227 ], [ -90.550036862448422, 34.549959801007198 ], [ -90.551018708084911, 34.549909874577217 ], [ -90.551331846128392, 34.549941138448709 ], [ -90.551518424681561, 34.550042163040423 ], [ -90.551792690820321, 34.549938517693668 ], [ -90.552365840865576, 34.549977586554455 ] ] ], [ [ [ -90.551331855300191, 34.577433745734389 ], [ -90.551643078522304, 34.577655671006305 ], [ -90.551592893021152, 34.577993002339561 ], [ -90.551050693571526, 34.578331624145719 ], [ -90.550642852242348, 34.578290112160758 ], [ -90.550464308328657, 34.578057045725274 ], [ -90.550537309009215, 34.577787820023964 ], [ -90.550976295474442, 34.577486054076218 ], [ -90.551331855300191, 34.577433745734389 ] ] ], [ [ [ -90.55186734631495, 34.52851290928561 ], [ -90.552199822651389, 34.528492524636086 ], [ -90.552452336329821, 34.528672678618584 ], [ -90.552476968443614, 34.528947840244896 ], [ -90.552259287961476, 34.529156823600367 ], [ -90.551926808975978, 34.529177208298279 ], [ -90.551674295040826, 34.528997053224806 ], [ -90.551649665576065, 34.528721891550134 ], [ -90.55186734631495, 34.52851290928561 ] ] ], [ [ [ -90.551454830298127, 34.53933007889956 ], [ -90.551796374461219, 34.539570189567485 ], [ -90.552075199297832, 34.539979489009369 ], [ -90.552099249597418, 34.540472237136498 ], [ -90.551870146232176, 34.5407153173634 ], [ -90.551578829004313, 34.540745124361322 ], [ -90.551329866840845, 34.540622671493757 ], [ -90.55118962064617, 34.540410600723497 ], [ -90.551221716534968, 34.540151220182494 ], [ -90.551092372753445, 34.539995648153308 ], [ -90.551004663501629, 34.539977810161886 ], [ -90.550839070835934, 34.540232905939675 ], [ -90.550565194101566, 34.540319700166016 ], [ -90.550058172009827, 34.540175994815662 ], [ -90.549883716377266, 34.540024454915503 ], [ -90.549859091835629, 34.539749293443904 ], [ -90.550076807305231, 34.539540316129795 ], [ -90.55032599536078, 34.539504474505399 ], [ -90.550717427524987, 34.539609607607574 ], [ -90.55079489195434, 34.539431153778452 ], [ -90.55095515767502, 34.53931668558787 ], [ -90.551198679866275, 34.539277756062056 ], [ -90.551454830298127, 34.53933007889956 ] ] ], [ [ [ -90.550066425921514, 34.572261730417587 ], [ -90.550455302948293, 34.572666609321224 ], [ -90.550490600026677, 34.572980415165183 ], [ -90.550359774596188, 34.573273249923041 ], [ -90.550092417230573, 34.573444824944744 ], [ -90.549803771770542, 34.573470429552522 ], [ -90.549493882692332, 34.573250950624775 ], [ -90.548942872970045, 34.573207977393714 ], [ -90.548672896502879, 34.572995473042425 ], [ -90.548680997287249, 34.572719641013428 ], [ -90.549015937869683, 34.572393410690118 ], [ -90.54937342581394, 34.57241010610737 ], [ -90.549548587892019, 34.572230249144908 ], [ -90.549835081933765, 34.572176967118047 ], [ -90.550066425921514, 34.572261730417587 ] ] ], [ [ [ -90.549621708564089, 34.575949426261651 ], [ -90.549950358917812, 34.575902183575145 ], [ -90.550223137657227, 34.576060996392954 ], [ -90.550280255241034, 34.576332835071518 ], [ -90.55008825115732, 34.576558460384128 ], [ -90.549759598249594, 34.576605703331417 ], [ -90.549486818739851, 34.576446889451191 ], [ -90.549429703710075, 34.576175050511843 ], [ -90.549621708564089, 34.575949426261651 ] ] ], [ [ [ -90.548706132843961, 34.57322085277341 ], [ -90.54871838625985, 34.573885885678848 ], [ -90.548576951224518, 34.574217070828304 ], [ -90.548279036539967, 34.574341186784707 ], [ -90.547962276618094, 34.574254703161763 ], [ -90.547811166410227, 34.573972914686493 ], [ -90.547866990970206, 34.573306640112655 ], [ -90.547969470232616, 34.573115280340524 ], [ -90.548224934158455, 34.572995504376109 ], [ -90.548514272448088, 34.573036969938187 ], [ -90.548706132843961, 34.57322085277341 ] ] ], [ [ [ -90.549573933455747, 34.574979241515514 ], [ -90.549826575561454, 34.575159405416876 ], [ -90.549952522951799, 34.575595227204985 ], [ -90.549788181267104, 34.575835332058595 ], [ -90.549466711889536, 34.575908991709156 ], [ -90.549235358695398, 34.575824226914513 ], [ -90.548950893829328, 34.575545705397033 ], [ -90.548861842859253, 34.575279805612091 ], [ -90.549098357042837, 34.575001878352325 ], [ -90.549573933455747, 34.574979241515514 ] ] ], [ [ [ -90.548024952898913, 34.574919569739201 ], [ -90.548672769653606, 34.575206506293682 ], [ -90.548791839992347, 34.575428539387076 ], [ -90.548736463043113, 34.575632759826085 ], [ -90.548501772365185, 34.57581842457666 ], [ -90.548210331102595, 34.575848218117486 ], [ -90.547931807703293, 34.575681011018752 ], [ -90.547546251742958, 34.575672885661156 ], [ -90.547307219365777, 34.575551711287801 ], [ -90.547271596194406, 34.575767801987084 ], [ -90.547551059899746, 34.575704738042916 ], [ -90.547797958965049, 34.57575054478572 ], [ -90.547972481292987, 34.575902089874113 ], [ -90.548016826566766, 34.576096768056829 ], [ -90.548404071550905, 34.576316478609414 ], [ -90.548413311349663, 34.576624649365534 ], [ -90.548089435292752, 34.576833818027069 ], [ -90.547546416809979, 34.57670951587842 ], [ -90.547342991682186, 34.576496711304159 ], [ -90.547019737793917, 34.576666898730686 ], [ -90.54665537765456, 34.576604298603513 ], [ -90.546476848563017, 34.576371226895354 ], [ -90.546545698733269, 34.576107442399135 ], [ -90.546243767560213, 34.576023186130456 ], [ -90.545732637471218, 34.575737598053337 ], [ -90.545478370712956, 34.575455931501885 ], [ -90.54555138450543, 34.575186709268365 ], [ -90.545833164349119, 34.575039044133966 ], [ -90.546084299925056, 34.575064616690511 ], [ -90.546583618489308, 34.575348339057555 ], [ -90.546888526961084, 34.575253465278031 ], [ -90.547212356465877, 34.575383274387761 ], [ -90.547262374446774, 34.57514351508388 ], [ -90.547525295630436, 34.574973712041981 ], [ -90.548024952898913, 34.574919569739201 ] ] ], [ [ [ -90.548308059453547, 34.531156273135039 ], [ -90.548636532449308, 34.531109026217194 ], [ -90.548936105752205, 34.531286705495837 ], [ -90.5489931975209, 34.531558545112581 ], [ -90.548801300551744, 34.531784174128674 ], [ -90.548472824943346, 34.531831421376523 ], [ -90.548173250815097, 34.531653740933343 ], [ -90.54811616169242, 34.531381901047403 ], [ -90.548308059453547, 34.531156273135039 ] ] ], [ [ [ -90.545047300560242, 34.533588121792633 ], [ -90.545230984884128, 34.533856303661295 ], [ -90.545097008332519, 34.534143941661469 ], [ -90.544785969299198, 34.534243304341395 ], [ -90.544413830209095, 34.534105440516882 ], [ -90.544293764661091, 34.533848037897265 ], [ -90.544428802671689, 34.533595767752445 ], [ -90.544739839614252, 34.533496405889132 ], [ -90.545047300560242, 34.533588121792633 ] ] ], [ [ [ -90.544638973422821, 34.56749155894758 ], [ -90.545323325844976, 34.567502747378867 ], [ -90.545536031901335, 34.567670194244535 ], [ -90.545572041766107, 34.567911256963775 ], [ -90.545415006357061, 34.56811649818227 ], [ -90.544958083399905, 34.568185528501601 ], [ -90.544650043949758, 34.5683872962924 ], [ -90.544345400078029, 34.568448415008021 ], [ -90.543974419512978, 34.568404132983751 ], [ -90.543750337205537, 34.568252255732148 ], [ -90.543661309390529, 34.567986352894621 ], [ -90.54382565133244, 34.567746256111413 ], [ -90.544061687522714, 34.567670890886227 ], [ -90.544302573652573, 34.567714212054469 ], [ -90.544638973422821, 34.56749155894758 ] ] ], [ [ [ -90.547564182425774, 34.569878251191298 ], [ -90.547769459473727, 34.570095724499112 ], [ -90.547728711135917, 34.570369571259512 ], [ -90.547432442074253, 34.570549943008238 ], [ -90.547101386128318, 34.570516234875114 ], [ -90.546896109925015, 34.570298760486068 ], [ -90.546936860929691, 34.570024914115635 ], [ -90.547233129053126, 34.569844543523423 ], [ -90.547564182425774, 34.569878251191298 ] ] ], [ [ [ -90.5464788633045, 34.570132539576129 ], [ -90.546783832776072, 34.570244291201078 ], [ -90.546900815526428, 34.570536974892313 ], [ -90.546736476181252, 34.570777075863326 ], [ -90.546378408020402, 34.570855570346502 ], [ -90.546088147580349, 34.570719629146659 ], [ -90.545999110063164, 34.570453727685525 ], [ -90.546163450774173, 34.570213627759969 ], [ -90.5464788633045, 34.570132539576129 ] ] ], [ [ [ -90.54800183239918, 34.570932521699774 ], [ -90.548369029521567, 34.57098514683311 ], [ -90.548547553477803, 34.57121821569261 ], [ -90.548480661938967, 34.571548739406836 ], [ -90.548176026362242, 34.571726305104193 ], [ -90.547850553601947, 34.571665919420255 ], [ -90.547672030775857, 34.571432849597656 ], [ -90.547718397336936, 34.571129391879374 ], [ -90.54800183239918, 34.570932521699774 ] ] ], [ [ [ -90.545070621703886, 34.574367382472659 ], [ -90.54540354782786, 34.574505921188901 ], [ -90.545473885953868, 34.574840779226889 ], [ -90.545115266634554, 34.57513923592257 ], [ -90.544782603228995, 34.575159593141542 ], [ -90.54452997266678, 34.574979419249907 ], [ -90.544505362686436, 34.574704258442573 ], [ -90.544791809774509, 34.57444362467362 ], [ -90.545070621703886, 34.574367382472659 ] ] ], [ [ [ -90.541352196624189, 34.536534613562765 ], [ -90.541680365229752, 34.536510244665216 ], [ -90.541988295351317, 34.536677145109444 ], [ -90.542045366900908, 34.536948986953455 ], [ -90.541853438556217, 34.53717460353046 ], [ -90.541524938795547, 34.537221830959211 ], [ -90.54118014350675, 34.53704951500076 ], [ -90.541123074749976, 34.5367776728731 ], [ -90.541352196624189, 34.536534613562765 ] ] ], [ [ [ -90.539297555802207, 34.547239981234789 ], [ -90.539447536838409, 34.547486411323142 ], [ -90.539313515971671, 34.547774040604395 ], [ -90.538968077517026, 34.547876870010704 ], [ -90.53866319958766, 34.547765102392432 ], [ -90.538543135099886, 34.547507694553723 ], [ -90.538678214743655, 34.547255432972321 ], [ -90.538980907744133, 34.547153478706086 ], [ -90.539297555802207, 34.547239981234789 ] ] ], [ [ [ -90.538149073417856, 34.550124795731875 ], [ -90.538327526905547, 34.550357877163229 ], [ -90.538254516782601, 34.55062709599936 ], [ -90.537937274910291, 34.550787137213014 ], [ -90.537611891973214, 34.55072672780436 ], [ -90.537433439824554, 34.550493645390198 ], [ -90.537506452421127, 34.550224427148294 ], [ -90.537823692843929, 34.550064386985987 ], [ -90.538149073417856, 34.550124795731875 ] ] ], [ [ [ -90.537222972325964, 34.553014071197474 ], [ -90.537618083240744, 34.553007871198552 ], [ -90.537866137917561, 34.553137787109058 ], [ -90.537955134110192, 34.553403693304162 ], [ -90.537790806582635, 34.553643783171815 ], [ -90.537325014960771, 34.553711615555081 ], [ -90.53703482849923, 34.553575655625139 ], [ -90.536964537153622, 34.55324079386461 ], [ -90.537222972325964, 34.553014071197474 ] ] ], [ [ [ -90.541132961232393, 34.562137864001578 ], [ -90.54125199455784, 34.56235990324442 ], [ -90.541173738091985, 34.562594012634946 ], [ -90.540933717486467, 34.562733911064157 ], [ -90.540586241589494, 34.562712359696164 ], [ -90.540491136526668, 34.562768223500171 ], [ -90.540521155898375, 34.563106766751559 ], [ -90.540165568797718, 34.563346031032083 ], [ -90.540418002851197, 34.563285152266495 ], [ -90.540920155629308, 34.563366583175174 ], [ -90.541271398698456, 34.563230360359967 ], [ -90.541593053858875, 34.563328582644303 ], [ -90.542687033153001, 34.564207672033866 ], [ -90.542760542744986, 34.564532992186024 ], [ -90.543003870540417, 34.564661808382645 ], [ -90.543287316248183, 34.565058423352539 ], [ -90.543256398165198, 34.565266148554763 ], [ -90.54309118378923, 34.565424655863083 ], [ -90.542762572343193, 34.565471881722267 ], [ -90.542514358000346, 34.565341837982345 ], [ -90.5423810656103, 34.565573764769063 ], [ -90.542001523054381, 34.565755320940468 ], [ -90.541611380992791, 34.565648770475065 ], [ -90.541501726212928, 34.565321224742647 ], [ -90.541584101969704, 34.565098387263603 ], [ -90.541767303485727, 34.56495404177916 ], [ -90.541973920498521, 34.564915624976216 ], [ -90.542239799534926, 34.5649776296097 ], [ -90.542243379802187, 34.564780181264986 ], [ -90.54179690596348, 34.564544203518203 ], [ -90.54111112080956, 34.563928912709947 ], [ -90.54077998486288, 34.564035443619822 ], [ -90.540276771771886, 34.564019573880614 ], [ -90.540264698458742, 34.564419045720911 ], [ -90.540105887558681, 34.564783934888816 ], [ -90.539922683715616, 34.564928277774037 ], [ -90.539550158429094, 34.564935895971253 ], [ -90.539297336463534, 34.564667992703129 ], [ -90.539531691856411, 34.56397485354308 ], [ -90.539771718339765, 34.563834958151858 ], [ -90.540046583994823, 34.563847056906049 ], [ -90.539972100936239, 34.563632743203378 ], [ -90.539593662303673, 34.563675552541469 ], [ -90.539323740273275, 34.563463029511688 ], [ -90.539308085257488, 34.56321119578071 ], [ -90.539450291787489, 34.562795231294167 ], [ -90.539301274007357, 34.562581165852095 ], [ -90.539351421160831, 34.562341839199128 ], [ -90.53961431542335, 34.562172051861722 ], [ -90.540256200106668, 34.56208992291424 ], [ -90.540483484506069, 34.562127597099781 ], [ -90.540718846204413, 34.562033877706533 ], [ -90.540954030284311, 34.562044166766476 ], [ -90.541132961232393, 34.562137864001578 ] ] ], [ [ [ -90.538305356342946, 34.562272293066272 ], [ -90.538676054715367, 34.562415347933452 ], [ -90.538757757433146, 34.562716111346532 ], [ -90.538528551695151, 34.562959161447765 ], [ -90.538130348738918, 34.562994032348556 ], [ -90.537857635878041, 34.562835194963554 ], [ -90.537800565640012, 34.562563352034459 ], [ -90.537992567191196, 34.562337745646033 ], [ -90.538305356342946, 34.562272293066272 ] ] ], [ [ [ -90.539624954545388, 34.565148029940801 ], [ -90.539958387222185, 34.5651547536172 ], [ -90.540188413488664, 34.565354549124088 ], [ -90.540207069910338, 34.565563272873213 ], [ -90.540036333608469, 34.565994282849992 ], [ -90.539765623405202, 34.566212421606345 ], [ -90.539476383592444, 34.566230975907487 ], [ -90.539244675536281, 34.566330094977019 ], [ -90.53899356906048, 34.566304509506686 ], [ -90.538763543318169, 34.56610471178417 ], [ -90.538771674739309, 34.565828881496209 ], [ -90.538974104218013, 34.565652937895024 ], [ -90.539331216435457, 34.56558200855217 ], [ -90.539402655353953, 34.565306713902295 ], [ -90.539624954545388, 34.565148029940801 ] ] ], [ [ [ -90.541395493838891, 34.568618676490651 ], [ -90.541648333995084, 34.568886576046822 ], [ -90.541519524745397, 34.569209316334174 ], [ -90.541293548280024, 34.569303451841719 ], [ -90.541021840276073, 34.569285736389119 ], [ -90.540925579803499, 34.569447362078087 ], [ -90.540711844414076, 34.569559365409553 ], [ -90.54050012594189, 34.569563695850711 ], [ -90.540279959911302, 34.569460567475211 ], [ -90.540159863289091, 34.569203160517304 ], [ -90.540294977360148, 34.568950899248186 ], [ -90.540479227315174, 34.568864522961078 ], [ -90.540722744464219, 34.568867467141416 ], [ -90.540992131331862, 34.568604941357705 ], [ -90.541395493838891, 34.568618676490651 ] ] ], [ [ [ -90.542530807204514, 34.571681925978304 ], [ -90.542878532131738, 34.571792812233959 ], [ -90.542998640540816, 34.572050216929973 ], [ -90.542861427491104, 34.572317441819926 ], [ -90.542521947722847, 34.572437902525117 ], [ -90.542216976786094, 34.572326140177474 ], [ -90.542096870492557, 34.572068734807658 ], [ -90.542232893729974, 34.571806027209362 ], [ -90.542530807204514, 34.571681925978304 ] ] ] ] } },
{ "type": "Feature", "properties": { "depth_bin": "-20--15 ft", "bin_order": 17.5, "survey_id": "LM_18_FRI_20150425_CS_6649_6690_SORT", "date": "2015-04-25", "year": 2015, "mile": 667.0 }, "geometry": { "type": "MultiPolygon", "coordinates": [ [ [ [ -90.569692308031804, 34.559199972098256 ], [ -90.569870870289691, 34.559433011594223 ], [ -90.569797950995138, 34.559702252915493 ], [ -90.569483235216069, 34.559857288345945 ], [ -90.569157789295943, 34.559796960736243 ], [ -90.568979228377259, 34.559563920259777 ], [ -90.569052150134638, 34.559294679528655 ], [ -90.569366864460207, 34.559139645142189 ], [ -90.569692308031804, 34.559199972098256 ] ] ], [ [ [ -90.567196811395817, 34.559791370308787 ], [ -90.567318822905975, 34.559934557662416 ], [ -90.567337547071475, 34.560143280244802 ], [ -90.567212947730297, 34.560325432677125 ], [ -90.567028742357024, 34.560411851438992 ], [ -90.562789720481348, 34.561284206568615 ], [ -90.562464275000011, 34.561223861076222 ], [ -90.562295116778188, 34.56102532673836 ], [ -90.562335811150916, 34.560751472514504 ], [ -90.562598656502715, 34.560581633389333 ], [ -90.566554572213747, 34.559741804790576 ], [ -90.566965481793929, 34.559706640080137 ], [ -90.567196811395817, 34.559791370308787 ] ] ], [ [ [ -90.569082002670697, 34.560361053868299 ], [ -90.56941460500984, 34.560340627563761 ], [ -90.56966725011678, 34.560520750682706 ], [ -90.569691942097577, 34.560795910317132 ], [ -90.569474214848825, 34.561004921720205 ], [ -90.569141609856743, 34.561025348074459 ], [ -90.568888964490725, 34.560845223863431 ], [ -90.568864275162881, 34.560570064179274 ], [ -90.569082002670697, 34.560361053868299 ] ] ], [ [ [ -90.566763211910796, 34.561159554185636 ], [ -90.566975947916291, 34.561326964940875 ], [ -90.567012018506574, 34.561568024055809 ], [ -90.566887416156632, 34.561750175997183 ], [ -90.566583457578631, 34.561887709690311 ], [ -90.560219160696505, 34.563715465889722 ], [ -90.559926330403172, 34.563697687882197 ], [ -90.559696258892586, 34.563497927755812 ], [ -90.559723533810242, 34.563190486749939 ], [ -90.560075025191082, 34.562983183706706 ], [ -90.563782599054647, 34.561967487840256 ], [ -90.566470388190268, 34.561141792206904 ], [ -90.566763211910796, 34.561159554185636 ] ] ], [ [ [ -90.567178849759884, 34.562105446794547 ], [ -90.567332286779006, 34.562226190585989 ], [ -90.567399873045886, 34.562427880580699 ], [ -90.567320620223001, 34.562626642885817 ], [ -90.56716032888697, 34.562741131243698 ], [ -90.562341353659349, 34.56466538561363 ], [ -90.562007917347231, 34.564658723154508 ], [ -90.561795183761234, 34.564491303876899 ], [ -90.561770517575198, 34.564216143847538 ], [ -90.562018273963332, 34.563990930102428 ], [ -90.566807215707456, 34.562082905604555 ], [ -90.567178849759884, 34.562105446794547 ] ] ], [ [ [ -90.567064038631571, 34.563847963240569 ], [ -90.567326365445936, 34.563957076854621 ], [ -90.567445472345511, 34.564179093519805 ], [ -90.567367286309732, 34.564413222690924 ], [ -90.567112844126626, 34.564612085651582 ], [ -90.561387565054829, 34.567355635698569 ], [ -90.561096156243821, 34.567385461524935 ], [ -90.560823382649104, 34.567226673153506 ], [ -90.560777625623871, 34.566920737937039 ], [ -90.5610729596509, 34.566660703422869 ], [ -90.566777582024841, 34.563901287489891 ], [ -90.567064038631571, 34.563847963240569 ] ] ], [ [ [ -90.5675183240743, 34.56722561014255 ], [ -90.567788333353874, 34.567438074182519 ], [ -90.567780297258409, 34.567713910385159 ], [ -90.567501193901791, 34.567955805980752 ], [ -90.567128652396306, 34.56796350797373 ], [ -90.566898551671343, 34.567763760342153 ], [ -90.56690659069335, 34.567487924322663 ], [ -90.567185694041441, 34.567246030077989 ], [ -90.5675183240743, 34.56722561014255 ] ] ], [ [ [ -90.565944560511511, 34.567804170701699 ], [ -90.566235969774866, 34.56777433327764 ], [ -90.566508756143236, 34.567933110036527 ], [ -90.566573216589092, 34.56817008366631 ], [ -90.566408937309291, 34.568410213826198 ], [ -90.566172916503206, 34.568485623071176 ], [ -90.565955726324944, 34.568452207343512 ], [ -90.565734504944004, 34.568695974357702 ], [ -90.565514270172727, 34.568777188907674 ], [ -90.565296225619292, 34.568762199297396 ], [ -90.564708942979024, 34.569130575009424 ], [ -90.563556032388206, 34.56968755821579 ], [ -90.563259502935907, 34.569694464661858 ], [ -90.563025715143084, 34.569553285754822 ], [ -90.562936623890508, 34.569287394388169 ], [ -90.563125143503953, 34.569022940984567 ], [ -90.564436493970206, 34.568467277358174 ], [ -90.564725597911774, 34.568256482754123 ], [ -90.565065060085104, 34.568238245725531 ], [ -90.565413346498943, 34.568029375738035 ], [ -90.565714703258152, 34.568050680640084 ], [ -90.565944560511511, 34.567804170701699 ] ] ], [ [ [ -90.565658659465697, 34.56894892619767 ], [ -90.566031205236214, 34.568941228888562 ], [ -90.566274739981068, 34.5691745657344 ], [ -90.56623328075986, 34.569574717935986 ], [ -90.56595120011184, 34.569776171049213 ], [ -90.565620136631708, 34.569742513011796 ], [ -90.565414812007333, 34.569525067820059 ], [ -90.565440900024612, 34.569157928821994 ], [ -90.565658659465697, 34.56894892619767 ] ] ], [ [ [ -90.566738424543416, 34.569070543192851 ], [ -90.567071061912401, 34.569050124794202 ], [ -90.567335897023099, 34.569238931595471 ], [ -90.567360582097578, 34.569514091128767 ], [ -90.567142825170748, 34.569723096892659 ], [ -90.56681018511388, 34.569743515372771 ], [ -90.566545349731726, 34.569554707426434 ], [ -90.566520667352449, 34.569279547842491 ], [ -90.566738424543416, 34.569070543192851 ] ] ], [ [ [ -90.567323362486732, 34.570996976678806 ], [ -90.567614782682796, 34.57096713642234 ], [ -90.567834989413086, 34.571070217006245 ], [ -90.567939462806336, 34.571222608561072 ], [ -90.568013876839984, 34.571644468063703 ], [ -90.567787396271669, 34.572527625309036 ], [ -90.567598191848361, 34.572723234905325 ], [ -90.567664955083259, 34.573124758998887 ], [ -90.567484393409373, 34.573316313501699 ], [ -90.567240559867386, 34.573372224368462 ], [ -90.566907598204281, 34.573233743923367 ], [ -90.566809430696338, 34.572925201794327 ], [ -90.567020447872366, 34.572625350003271 ], [ -90.566937810400503, 34.57240600547059 ], [ -90.567163286427188, 34.571525883337074 ], [ -90.567094212409216, 34.571240082736502 ], [ -90.567323362486732, 34.570996976678806 ] ] ], [ [ [ -90.566333493282542, 34.571355818113581 ], [ -90.566623791837941, 34.571491712586059 ], [ -90.566712896929985, 34.571757601765256 ], [ -90.566532363159396, 34.572013785455624 ], [ -90.566210920782098, 34.572087490546146 ], [ -90.565920620946258, 34.571951595043657 ], [ -90.565831518246, 34.57168570539077 ], [ -90.566012053332969, 34.571429522786417 ], [ -90.566333493282542, 34.571355818113581 ] ] ], [ [ [ -90.56628362727254, 34.573038097919564 ], [ -90.566616280556985, 34.573017681444888 ], [ -90.566868955971145, 34.573197811383686 ], [ -90.566893639867445, 34.573472970833393 ], [ -90.566675870877091, 34.57368197515526 ], [ -90.566343214938016, 34.573702391679561 ], [ -90.566090539264863, 34.573522260648147 ], [ -90.566065858023194, 34.573247101148844 ], [ -90.56628362727254, 34.573038097919564 ] ] ], [ [ [ -90.567151993983472, 34.574662071993586 ], [ -90.567484653702195, 34.574641653418169 ], [ -90.567766302069572, 34.574836675403532 ], [ -90.567790989089588, 34.575111834749244 ], [ -90.567573217717651, 34.575320840537429 ], [ -90.567240555286716, 34.575341259239316 ], [ -90.566958906592092, 34.575146236034058 ], [ -90.566934222324207, 34.574871076636391 ], [ -90.567151993983472, 34.574662071993586 ] ] ], [ [ [ -90.570208027767691, 34.576764423252349 ], [ -90.570575182240489, 34.576740151583351 ], [ -90.570848005736991, 34.576898920001568 ], [ -90.570905191545449, 34.577170751838672 ], [ -90.570713239189303, 34.577396411876521 ], [ -90.570351590168627, 34.577449840997055 ], [ -90.570036051889161, 34.577279366334324 ], [ -90.569978868885798, 34.577007534209898 ], [ -90.570208027767691, 34.576764423252349 ] ] ], [ [ [ -90.571315342032975, 34.579698354028736 ], [ -90.57146547249738, 34.579944749994141 ], [ -90.571360980337317, 34.580206781520943 ], [ -90.571030588369126, 34.580338742183585 ], [ -90.570713778816568, 34.580252315801395 ], [ -90.570563650132101, 34.580005918991617 ], [ -90.570668144465031, 34.579743888235107 ], [ -90.570998534531881, 34.579611928468111 ], [ -90.571315342032975, 34.579698354028736 ] ] ], [ [ [ -90.565256377842985, 34.57547863668929 ], [ -90.565440212869945, 34.575746793085742 ], [ -90.565306228415224, 34.576034451595199 ], [ -90.56486847001328, 34.576176638395843 ], [ -90.564520694063418, 34.576065812927013 ], [ -90.564400512910638, 34.575808426538636 ], [ -90.564535567266716, 34.575556136006419 ], [ -90.56493087542934, 34.575418295498814 ], [ -90.565256377842985, 34.57547863668929 ] ] ], [ [ [ -90.564710846734073, 34.558306374595482 ], [ -90.565100989108217, 34.558412851061327 ], [ -90.565214830160343, 34.558599759426535 ], [ -90.56519934271725, 34.558774479938513 ], [ -90.564612494483583, 34.55939152596325 ], [ -90.564207744718217, 34.559449772918569 ], [ -90.563955115191078, 34.55926963909269 ], [ -90.563930442337963, 34.558994479050497 ], [ -90.564218170924335, 34.558620916865344 ], [ -90.564710846734073, 34.558306374595482 ] ] ], [ [ [ -90.56457363833222, 34.570353420291028 ], [ -90.564946190278576, 34.570345726567545 ], [ -90.565199113971616, 34.570613580630898 ], [ -90.565180045675021, 34.571263988011758 ], [ -90.56506681347345, 34.571412036692699 ], [ -90.564840854763773, 34.57150621668567 ], [ -90.564515368043132, 34.571445875015975 ], [ -90.564336797582712, 34.571212827641752 ], [ -90.564344482443133, 34.570596520940697 ], [ -90.56457363833222, 34.570353420291028 ] ] ], [ [ [ -90.564573988072382, 34.572062958510287 ], [ -90.564946547663268, 34.572055265109491 ], [ -90.565190087795344, 34.572288604268735 ], [ -90.565133707059942, 34.572679637538229 ], [ -90.564851612952182, 34.572881087459663 ], [ -90.564520537854349, 34.572847425951295 ], [ -90.564315209066578, 34.572629978807164 ], [ -90.564356217423764, 34.572271958642936 ], [ -90.564573988072382, 34.572062958510287 ] ] ], [ [ [ -90.562638756242734, 34.559436507928005 ], [ -90.563818132001757, 34.559364384403644 ], [ -90.564090886930813, 34.559523165417701 ], [ -90.564155335406568, 34.559760140059687 ], [ -90.56399106741695, 34.560000267668094 ], [ -90.563509117217777, 34.560151795986066 ], [ -90.56289808960419, 34.560137551497796 ], [ -90.562490658996765, 34.560362112169777 ], [ -90.562016600056339, 34.560432349473302 ], [ -90.561626452944267, 34.560325862938498 ], [ -90.561512618019123, 34.560138951511213 ], [ -90.561531428457414, 34.559957114177251 ], [ -90.561270259535434, 34.559848151763354 ], [ -90.561156426014136, 34.559661240051454 ], [ -90.561215740088343, 34.55925251721559 ], [ -90.561520302748178, 34.559074915509065 ], [ -90.561771397382472, 34.559100453985685 ], [ -90.561963025356661, 34.559237097886545 ], [ -90.562029530086292, 34.559403423368856 ], [ -90.56199623967575, 34.559719535173713 ], [ -90.562077579438792, 34.559734628288219 ], [ -90.562638756242734, 34.559436507928005 ] ] ], [ [ [ -90.563724262103861, 34.569628442871689 ], [ -90.563935982026692, 34.569624072056286 ], [ -90.564156180359134, 34.569727158964355 ], [ -90.564270033115818, 34.569914068457862 ], [ -90.56425454014159, 34.570088788382797 ], [ -90.563571960046019, 34.571210461179106 ], [ -90.563372553683919, 34.571339293153784 ], [ -90.56307899989784, 34.571345351537175 ], [ -90.562826338516231, 34.571165214275453 ], [ -90.562801668300736, 34.570890054501945 ], [ -90.56346138925791, 34.569798283088296 ], [ -90.563724262103861, 34.569628442871689 ] ] ], [ [ [ -90.563812334237326, 34.572485682347398 ], [ -90.564042439541808, 34.572685435900354 ], [ -90.5640343895017, 34.572961271096666 ], [ -90.56376315844409, 34.573167802313911 ], [ -90.563429687837086, 34.573161142313303 ], [ -90.563199582829171, 34.572961387624559 ], [ -90.563207635626412, 34.572685552599779 ], [ -90.563478866341654, 34.572479022595438 ], [ -90.563812334237326, 34.572485682347398 ] ] ], [ [ [ -90.562202767705671, 34.569722605317992 ], [ -90.562292806214387, 34.569998051417386 ], [ -90.562093553758487, 34.570258557238567 ], [ -90.561530628661956, 34.570445223726495 ], [ -90.561163584050149, 34.570276605768505 ], [ -90.561106433611329, 34.570004770619917 ], [ -90.561298392783726, 34.5697791258373 ], [ -90.561827074545121, 34.569584993958337 ], [ -90.562202767705671, 34.569722605317992 ] ] ], [ [ [ -90.558962610325793, 34.56531450403395 ], [ -90.559182790913781, 34.565417599250459 ], [ -90.559296626957149, 34.565604512789456 ], [ -90.559265748193582, 34.565812243713125 ], [ -90.559100561743719, 34.565970773943853 ], [ -90.557294992599623, 34.566596987930403 ], [ -90.557002153288323, 34.56657920250634 ], [ -90.556810517800955, 34.566442550589144 ], [ -90.556753383526129, 34.566170713955231 ], [ -90.556945344586424, 34.565945076021904 ], [ -90.558710298990789, 34.565329976144298 ], [ -90.558962610325793, 34.56531450403395 ] ] ], [ [ [ -90.559996606502139, 34.567294550195243 ], [ -90.56021679355726, 34.567397643788787 ], [ -90.560332253372124, 34.567566748145829 ], [ -90.560326138893444, 34.567775982647362 ], [ -90.560180530106706, 34.567947144577133 ], [ -90.559805915808397, 34.568160228010207 ], [ -90.55949864748041, 34.568233441973582 ], [ -90.559034346282886, 34.568560610510708 ], [ -90.558596555484343, 34.568600315888446 ], [ -90.558306280954952, 34.568464403221078 ], [ -90.558217205905038, 34.568198509047207 ], [ -90.558381507626734, 34.567958390895377 ], [ -90.559705197613795, 34.567324372685391 ], [ -90.559996606502139, 34.567294550195243 ] ] ], [ [ [ -90.558886201184833, 34.583717935965382 ], [ -90.559218897797962, 34.583697541582943 ], [ -90.55947158722563, 34.58387768725818 ], [ -90.55949624761088, 34.584152846870658 ], [ -90.559278431356347, 34.584361835686025 ], [ -90.558945732087096, 34.584382230117647 ], [ -90.55869304240106, 34.584202083349304 ], [ -90.558668384671918, 34.583926923687628 ], [ -90.558886201184833, 34.583717935965382 ] ] ], [ [ [ -90.556717272293056, 34.535076230901566 ], [ -90.557049774485108, 34.535055834110338 ], [ -90.557302318206368, 34.535235979161421 ], [ -90.55732696695199, 34.535511140298624 ], [ -90.557109279947426, 34.535720131894102 ], [ -90.556776775105561, 34.535740528734088 ], [ -90.556524231126957, 34.535560382591832 ], [ -90.556499585031148, 34.535285221405886 ], [ -90.556717272293056, 34.535076230901566 ] ] ], [ [ [ -90.555084207972172, 34.546976512088435 ], [ -90.55527892828195, 34.547073802032791 ], [ -90.555419366760972, 34.547259678017369 ], [ -90.555413244616446, 34.547468912448025 ], [ -90.555267664115661, 34.547640070102624 ], [ -90.555031694463707, 34.547715460075224 ], [ -90.553891152721917, 34.547769652553235 ], [ -90.552191350482772, 34.547721227581789 ], [ -90.551984498635207, 34.547600765794712 ], [ -90.551894880279008, 34.547415477044048 ], [ -90.551645923883612, 34.54743003358017 ], [ -90.551456774647491, 34.547351313656179 ], [ -90.551306757467188, 34.547104896836011 ], [ -90.551384968700788, 34.546870778578835 ], [ -90.551846000729697, 34.546403037180873 ], [ -90.55199675913488, 34.546092915794908 ], [ -90.552186695072265, 34.545967559549091 ], [ -90.552380320021967, 34.545602514306189 ], [ -90.552310814483846, 34.545432627359375 ], [ -90.552366158171836, 34.54522840315726 ], [ -90.55271311752945, 34.545046480208264 ], [ -90.553060749021412, 34.545157333732654 ], [ -90.553177724450066, 34.545450011938478 ], [ -90.553019356751037, 34.545685911107746 ], [ -90.553052732988064, 34.546028416919057 ], [ -90.552787600674478, 34.54627583262257 ], [ -90.552369389756933, 34.547020373791554 ], [ -90.553215175381212, 34.547068059247856 ], [ -90.555084207972172, 34.546976512088435 ] ] ], [ [ [ -90.555003996537152, 34.549254679611508 ], [ -90.555253212350749, 34.549218829111517 ], [ -90.555484500285743, 34.549303579958575 ], [ -90.555876029073985, 34.549870701280348 ], [ -90.556175946031715, 34.550090046218756 ], [ -90.556148665359629, 34.550397486660003 ], [ -90.555773149350401, 34.550735094906251 ], [ -90.555365438709671, 34.550693604158923 ], [ -90.555079472504715, 34.550351113325327 ], [ -90.554765511671832, 34.549603273079619 ], [ -90.554820852820981, 34.549399047753155 ], [ -90.555003996537152, 34.549254679611508 ] ] ], [ [ [ -90.556868599456166, 34.552857219538303 ], [ -90.557303108373191, 34.552837329819056 ], [ -90.557551195677277, 34.552967206968134 ], [ -90.557640255318105, 34.553233101455227 ], [ -90.55747598313225, 34.553473220271584 ], [ -90.557011455203465, 34.553536975997154 ], [ -90.556721234363224, 34.553401061576679 ], [ -90.556639473203873, 34.55310030742428 ], [ -90.556868599456166, 34.552857219538303 ] ] ], [ [ [ -90.554893024531609, 34.560626472334022 ], [ -90.555002727595635, 34.560954008219419 ], [ -90.554878100790617, 34.561136146835608 ], [ -90.554693881954393, 34.561222546337063 ], [ -90.552618909213564, 34.561414702446058 ], [ -90.552378663432023, 34.561349110190577 ], [ -90.552209529834457, 34.561150562870033 ], [ -90.552250257181825, 34.560876713421401 ], [ -90.552513122124282, 34.560706896925893 ], [ -90.554545327129361, 34.56051562145494 ], [ -90.554893024531609, 34.560626472334022 ] ] ], [ [ [ -90.555780979499843, 34.562210552828567 ], [ -90.55592896669215, 34.562527614972623 ], [ -90.555826519779444, 34.562718983060805 ], [ -90.555653422316837, 34.562819905720723 ], [ -90.55428567831693, 34.563129510311349 ], [ -90.554002674698921, 34.563064800439236 ], [ -90.553846961055044, 34.562899843820595 ], [ -90.553855041707649, 34.562624010266433 ], [ -90.554096522865137, 34.562433693115047 ], [ -90.555315132621672, 34.562140720852206 ], [ -90.555591793333434, 34.562131837907536 ], [ -90.555780979499843, 34.562210552828567 ] ] ], [ [ [ -90.557155307621017, 34.564021049251217 ], [ -90.557375231309919, 34.56430813282978 ], [ -90.557339098800256, 34.564480752866693 ], [ -90.557173911643446, 34.564639280475362 ], [ -90.556154055131486, 34.564964710870591 ], [ -90.555902945396369, 34.56493916017488 ], [ -90.555711315416744, 34.564802506732164 ], [ -90.555654185547525, 34.564530669715751 ], [ -90.55584614542596, 34.564305033423913 ], [ -90.556824271855902, 34.563987368416328 ], [ -90.557155307621017, 34.564021049251217 ] ] ], [ [ [ -90.556341206467877, 34.578433721411457 ], [ -90.556520190114597, 34.578527398056522 ], [ -90.556634036114815, 34.578714314220242 ], [ -90.556603143891692, 34.578922043577769 ], [ -90.556472887501855, 34.579060188276586 ], [ -90.555556211787007, 34.579388257983545 ], [ -90.555305059161427, 34.579362704282055 ], [ -90.555138038628925, 34.579254966670753 ], [ -90.55504896442423, 34.57898907054981 ], [ -90.555213298178515, 34.578748958339077 ], [ -90.556047628215552, 34.578439761780835 ], [ -90.556341206467877, 34.578433721411457 ] ] ], [ [ [ -90.555109027708568, 34.536645438457896 ], [ -90.555229130730751, 34.536902831909927 ], [ -90.555094118631089, 34.537155115045572 ], [ -90.55478131206165, 34.537254742776426 ], [ -90.554476448411847, 34.537143015259389 ], [ -90.554356347455482, 34.536885621159172 ], [ -90.554491361246903, 34.536633338906071 ], [ -90.554804165743079, 34.53653371182557 ], [ -90.555109027708568, 34.536645438457896 ] ] ], [ [ [ -90.553262613431528, 34.538406255285807 ], [ -90.553595129190398, 34.538385868520336 ], [ -90.554132759381417, 34.538665262118165 ], [ -90.554277511868236, 34.538948402809439 ], [ -90.554142493270092, 34.539200684552625 ], [ -90.55374668119984, 34.539291441991637 ], [ -90.553143191486583, 34.538976875254754 ], [ -90.553026223842025, 34.538684197123246 ], [ -90.553262613431528, 34.538406255285807 ] ] ], [ [ [ -90.554053151500682, 34.542612923899 ], [ -90.554385684012885, 34.542592535693295 ], [ -90.554638243429793, 34.542772686780708 ], [ -90.554662884052135, 34.543047847869289 ], [ -90.554445169863129, 34.543256833359585 ], [ -90.55411263470009, 34.543277221613899 ], [ -90.553860075026009, 34.543097069434985 ], [ -90.553835437054502, 34.542821908297775 ], [ -90.554053151500682, 34.542612923899 ] ] ], [ [ [ -90.554323888007815, 34.544197004102422 ], [ -90.554653720279731, 34.544174585091532 ], [ -90.554926408672458, 34.544333384124343 ], [ -90.554983526398573, 34.544605221614468 ], [ -90.554791612865714, 34.544830859031272 ], [ -90.554463087874495, 34.544878120285844 ], [ -90.554151895014741, 34.544711925978071 ], [ -90.554094779968565, 34.544440088214486 ], [ -90.554323888007815, 34.544197004102422 ] ] ], [ [ [ -90.554015291959985, 34.549910213246747 ], [ -90.55424678423816, 34.55005958968043 ], [ -90.554311198799752, 34.550296568367457 ], [ -90.554179291503502, 34.550513566126845 ], [ -90.553953379790059, 34.550607728111792 ], [ -90.551333458368319, 34.550661331539239 ], [ -90.550982998704683, 34.550582016861618 ], [ -90.550804508293595, 34.55034895243535 ], [ -90.550877478112739, 34.550079724343973 ], [ -90.55115916177165, 34.549932042351614 ], [ -90.554015291959985, 34.549910213246747 ] ] ], [ [ [ -90.553239892159723, 34.555715437166725 ], [ -90.553446765333291, 34.555835897608141 ], [ -90.553537883664688, 34.556031144933655 ], [ -90.553482534011195, 34.556235369156546 ], [ -90.553299371741844, 34.556379734102208 ], [ -90.552448388739933, 34.556417551896665 ], [ -90.552112445496746, 34.556221931854793 ], [ -90.552087812113868, 34.555946770982921 ], [ -90.552305567005732, 34.55573779175036 ], [ -90.553239892159723, 34.555715437166725 ] ] ], [ [ [ -90.553511780000335, 34.558403419141086 ], [ -90.55360290091798, 34.558598666468541 ], [ -90.553566763877114, 34.558771285308787 ], [ -90.553242971964409, 34.558980471701169 ], [ -90.551827336248664, 34.559008927676793 ], [ -90.550344514875604, 34.559165968275536 ], [ -90.55007055849434, 34.559078614137476 ], [ -90.549925772904317, 34.558867305781689 ], [ -90.549998754675855, 34.558598078994365 ], [ -90.55028046944534, 34.5584504005054 ], [ -90.551059067253121, 34.558355156679774 ], [ -90.552285965552301, 34.558362129380143 ], [ -90.553178901632592, 34.558264904386071 ], [ -90.553511780000335, 34.558403419141086 ] ] ], [ [ [ -90.552673242955379, 34.579553520388494 ], [ -90.553005923361965, 34.579533142311519 ], [ -90.553258586508321, 34.579713299876232 ], [ -90.553283225932205, 34.579988459997445 ], [ -90.55306540631544, 34.580197437642418 ], [ -90.552732723253186, 34.58021781576813 ], [ -90.552480059849216, 34.580037657110424 ], [ -90.552455423081, 34.579762496940482 ], [ -90.552673242955379, 34.579553520388494 ] ] ], [ [ [ -90.552101663567029, 34.540201840310111 ], [ -90.55256367300133, 34.540320374766139 ], [ -90.552992260746436, 34.540522993570477 ], [ -90.553081294844446, 34.540788890701968 ], [ -90.552917036625402, 34.541029004305145 ], [ -90.552553579179758, 34.541096641064783 ], [ -90.552060678131738, 34.540887969551477 ], [ -90.551818718164753, 34.540885541890326 ], [ -90.551533699451326, 34.540779514887873 ], [ -90.551282290667487, 34.540508311761272 ], [ -90.5512731562754, 34.539978418571359 ], [ -90.550907893256465, 34.5401027556236 ], [ -90.550696139166405, 34.540275109119769 ], [ -90.550404823238736, 34.540304913362931 ], [ -90.549491036212018, 34.53995626096372 ], [ -90.549355661241378, 34.539779468796461 ], [ -90.549361796786513, 34.53957023505054 ], [ -90.549475009257435, 34.53942219959945 ], [ -90.54970089446428, 34.539328044682634 ], [ -90.550408162759496, 34.539515586541491 ], [ -90.550909100338572, 34.539316462180075 ], [ -90.551246934422309, 34.539301918344989 ], [ -90.551516814150574, 34.539514413719012 ], [ -90.55150540251843, 34.539795726748004 ], [ -90.551918899121802, 34.539835083634379 ], [ -90.552074568611047, 34.540000041296096 ], [ -90.552101663567029, 34.540201840310111 ] ] ], [ [ [ -90.552567434852278, 34.542374110774389 ], [ -90.552858757592162, 34.542344301648569 ], [ -90.553281499294883, 34.542516598273721 ], [ -90.553370536059035, 34.54278249524431 ], [ -90.55320627437105, 34.543022609034601 ], [ -90.552884935614713, 34.543096283542802 ], [ -90.552420064795513, 34.542917948062026 ], [ -90.552338327234565, 34.542617191648226 ], [ -90.552567434852278, 34.542374110774389 ] ] ], [ [ [ -90.55325541783445, 34.544297732376997 ], [ -90.55337239293948, 34.54459041041148 ], [ -90.553208127378241, 34.544830523988935 ], [ -90.552787122156204, 34.544927237655529 ], [ -90.552454297459903, 34.544788722973863 ], [ -90.552365261911405, 34.544522825446926 ], [ -90.552529529165838, 34.544282713070864 ], [ -90.552950531335313, 34.544186000158987 ], [ -90.55325541783445, 34.544297732376997 ] ] ], [ [ [ -90.551869581835916, 34.577349832675075 ], [ -90.552089519046945, 34.577636925935458 ], [ -90.551923106441976, 34.577947682969828 ], [ -90.551054705466996, 34.578304880486968 ], [ -90.550803558036947, 34.578279317703782 ], [ -90.550636545784727, 34.578171574245822 ], [ -90.55056618476614, 34.577836718354703 ], [ -90.550847556432402, 34.577559783516769 ], [ -90.551538496530725, 34.577316135405212 ], [ -90.551869581835916, 34.577349832675075 ] ] ], [ [ [ -90.551888737212948, 34.528535292962466 ], [ -90.55222121363721, 34.528514908258281 ], [ -90.552473727429145, 34.52869506220074 ], [ -90.552498359615697, 34.528970223825077 ], [ -90.552280679122902, 34.529179207217823 ], [ -90.551948200049594, 34.529199591970404 ], [ -90.551695686000926, 34.529019436936991 ], [ -90.55167105646342, 34.528744275264273 ], [ -90.551888737212948, 34.528535292962466 ] ] ], [ [ [ -90.550617815445094, 34.546131924324648 ], [ -90.551068979024748, 34.547104121835254 ], [ -90.551038089607758, 34.547311850670788 ], [ -90.550796647732355, 34.547502163754416 ], [ -90.550463282767723, 34.547495472655278 ], [ -90.55021324611549, 34.547277385720889 ], [ -90.549854554128203, 34.546450046833755 ], [ -90.549849298081043, 34.546274912174127 ], [ -90.54996162412634, 34.546103462532955 ], [ -90.549730410349099, 34.546057343115777 ], [ -90.54955594371549, 34.545905802382869 ], [ -90.549282006470193, 34.545026929772696 ], [ -90.54771537840999, 34.544981535225148 ], [ -90.546813235760993, 34.545044346648154 ], [ -90.54650214236537, 34.544822413679157 ], [ -90.546529455328411, 34.544514976571854 ], [ -90.546876423310593, 34.544333070622727 ], [ -90.547135686446765, 34.544385398080649 ], [ -90.548119941737582, 34.544281918739635 ], [ -90.549085725765295, 34.544335398518449 ], [ -90.549612001116373, 34.544247368038903 ], [ -90.549858809593132, 34.544293166921626 ], [ -90.550064034076769, 34.544510634778511 ], [ -90.550110539177538, 34.544944326406551 ], [ -90.550374294945584, 34.545681892674928 ], [ -90.550257847410776, 34.545993961503761 ], [ -90.550617815445094, 34.546131924324648 ] ] ], [ [ [ -90.55108068091279, 34.5529394618137 ], [ -90.551202654489657, 34.553082663844002 ], [ -90.551221337723703, 34.553291387342654 ], [ -90.551096715383252, 34.55347352243745 ], [ -90.550870792329434, 34.553567678182922 ], [ -90.54880035422498, 34.553605928230759 ], [ -90.548538085793879, 34.553496776998152 ], [ -90.548424289301693, 34.553309854800148 ], [ -90.548497269889396, 34.553040628687789 ], [ -90.54877896773381, 34.552892952861676 ], [ -90.550806743690572, 34.552852110082945 ], [ -90.55108068091279, 34.5529394618137 ] ] ], [ [ [ -90.55121814188152, 34.555855600927529 ], [ -90.551309254915168, 34.55605084969757 ], [ -90.551273114602239, 34.556223467769271 ], [ -90.550949327598019, 34.556432648326037 ], [ -90.549599899480597, 34.556457600681547 ], [ -90.549379754756089, 34.556354489527266 ], [ -90.549265952831334, 34.556167567948833 ], [ -90.549338933805998, 34.55589834143823 ], [ -90.54962064023988, 34.555750664076982 ], [ -90.550927923500694, 34.555719672824395 ], [ -90.55121814188152, 34.555855600927529 ] ] ], [ [ [ -90.549887991554257, 34.572742003958219 ], [ -90.550275594309156, 34.572848793908705 ], [ -90.550394666034819, 34.573070825552861 ], [ -90.55031642294793, 34.573304941100744 ], [ -90.550116992248135, 34.573433750275626 ], [ -90.54967751522112, 34.573460668922543 ], [ -90.549204510720045, 34.573223339756105 ], [ -90.54869775129869, 34.573408157064392 ], [ -90.548487652585465, 34.573600573783587 ], [ -90.54828101612776, 34.573639000789569 ], [ -90.548040739679266, 34.573573398757027 ], [ -90.547849214374665, 34.573374329059476 ], [ -90.547834855817214, 34.573030003707437 ], [ -90.547937334772456, 34.572838643943129 ], [ -90.548110462428639, 34.572737733666322 ], [ -90.548477626578304, 34.572717134011597 ], [ -90.548733040100458, 34.572611770915906 ], [ -90.548993472200422, 34.572377901376363 ], [ -90.549326936083546, 34.572384600683122 ], [ -90.549590263282724, 34.5725998237711 ], [ -90.549887991554257, 34.572742003958219 ] ] ], [ [ [ -90.550496681756243, 34.574657637996275 ], [ -90.550652409017573, 34.574822599254041 ], [ -90.550659696163137, 34.575065421021002 ], [ -90.550479092517605, 34.575256948452392 ], [ -90.549924427446697, 34.575485235495769 ], [ -90.550061017426302, 34.575792348156618 ], [ -90.550010890242561, 34.576031679696335 ], [ -90.549747970318379, 34.576201488145301 ], [ -90.549416890757243, 34.576167785337233 ], [ -90.549242365150619, 34.576016242187741 ], [ -90.549134461314196, 34.575668435706163 ], [ -90.548843745831007, 34.575451190894626 ], [ -90.548871067228461, 34.575143754725403 ], [ -90.549054279955698, 34.574999398908403 ], [ -90.550075359351737, 34.574617640596458 ], [ -90.550496681756243, 34.574657637996275 ] ] ], [ [ [ -90.549835210707897, 34.547205588468522 ], [ -90.549924240415834, 34.547471487515573 ], [ -90.549759959044977, 34.547711595683886 ], [ -90.54942372875314, 34.547786171373311 ], [ -90.549133540795964, 34.547650240151441 ], [ -90.549044513486663, 34.547384340633108 ], [ -90.549208796152897, 34.547144233476892 ], [ -90.549545023979277, 34.547069658271255 ], [ -90.549835210707897, 34.547205588468522 ] ] ], [ [ [ -90.549973878265419, 34.549948645045184 ], [ -90.550358376451783, 34.550010204778303 ], [ -90.550550191302122, 34.55019408326924 ], [ -90.550542103490159, 34.550469916703314 ], [ -90.550300650965596, 34.550660228279682 ], [ -90.547838359641403, 34.550698833943599 ], [ -90.547595081843895, 34.55060462491091 ], [ -90.54737163789045, 34.550650962370007 ], [ -90.547060531199335, 34.550607505211829 ], [ -90.546807724701381, 34.550339617764479 ], [ -90.54688070725112, 34.55007039261163 ], [ -90.547162397374592, 34.549922720149958 ], [ -90.547477572575403, 34.549938809298844 ], [ -90.547678718062187, 34.550026979311816 ], [ -90.549973878265419, 34.549948645045184 ] ] ], [ [ [ -90.5483944825761, 34.531179769216195 ], [ -90.548726969825353, 34.531159394527677 ], [ -90.548979483272461, 34.531339555651954 ], [ -90.549004104146093, 34.531614717417341 ], [ -90.548786407998975, 34.531823693827597 ], [ -90.548453918100293, 34.53184406856429 ], [ -90.548201404396792, 34.531663906348903 ], [ -90.54817678617259, 34.531388744535356 ], [ -90.5483944825761, 34.531179769216195 ] ] ], [ [ [ -90.548786017036761, 34.541802126971383 ], [ -90.549118546703269, 34.541781753041491 ], [ -90.549453062239522, 34.541958833228492 ], [ -90.549542086155952, 34.542224732473066 ], [ -90.549377814976424, 34.54246484070616 ], [ -90.549014348997474, 34.542532466517066 ], [ -90.548638623878347, 34.542345958732852 ], [ -90.548556900525398, 34.542045200361578 ], [ -90.548786017036761, 34.541802126971383 ] ] ], [ [ [ -90.547415720076103, 34.547085767788786 ], [ -90.548456050507795, 34.547103814653958 ], [ -90.548676170303295, 34.547206926533299 ], [ -90.548796266276227, 34.547464325717819 ], [ -90.548661216129375, 34.547716599784444 ], [ -90.54839287280133, 34.547815091687042 ], [ -90.547479738182687, 34.547801336861809 ], [ -90.547174847805991, 34.547689590048059 ], [ -90.547054756649899, 34.547432189474193 ], [ -90.547189811026783, 34.54717991736262 ], [ -90.547415720076103, 34.547085767788786 ] ] ], [ [ [ -90.547432464791356, 34.569820827980934 ], [ -90.547630077126655, 34.569883836960415 ], [ -90.547785790165534, 34.57004880137859 ], [ -90.547804465987141, 34.570257524671376 ], [ -90.547679808768621, 34.570439654420873 ], [ -90.547355186425023, 34.570567374765297 ], [ -90.547101708860893, 34.570540825445072 ], [ -90.54696181459704, 34.57069963988944 ], [ -90.546656917751122, 34.570832624514054 ], [ -90.546410938839131, 34.570841771789986 ], [ -90.546190761563452, 34.570738653654381 ], [ -90.546070644746308, 34.570481251714625 ], [ -90.546205743660906, 34.570228983271299 ], [ -90.546577273237062, 34.570068079002425 ], [ -90.546872475848531, 34.570086869808229 ], [ -90.547047329736671, 34.569907677723101 ], [ -90.547432464791356, 34.569820827980934 ] ] ], [ [ [ -90.548191699811383, 34.575116323671217 ], [ -90.548524362788655, 34.575095957106811 ], [ -90.548777002830306, 34.575276123098973 ], [ -90.548801627008103, 34.575551283625707 ], [ -90.548583808935234, 34.57576025341654 ], [ -90.548251143302821, 34.575780620029349 ], [ -90.547998503004095, 34.575600452944336 ], [ -90.54797388148144, 34.575325292369179 ], [ -90.548191699811383, 34.575116323671217 ] ] ], [ [ [ -90.547373319998044, 34.575800745490675 ], [ -90.548231369234543, 34.57623563960658 ], [ -90.548288480352994, 34.576507478940997 ], [ -90.548096470644182, 34.576733100865106 ], [ -90.547767816246818, 34.576780338364429 ], [ -90.547237081673515, 34.576584374176953 ], [ -90.546885188724332, 34.576588245301835 ], [ -90.546653639830041, 34.576438852917377 ], [ -90.546589231688799, 34.576201871175066 ], [ -90.546691717785436, 34.576010512835047 ], [ -90.546896389216812, 34.57589570293046 ], [ -90.547373319998044, 34.575800745490675 ] ] ], [ [ [ -90.545225452287241, 34.533660628049702 ], [ -90.545314455350479, 34.533926529759633 ], [ -90.54511524469072, 34.534187010646789 ], [ -90.544741590594938, 34.534235729690138 ], [ -90.544468954755118, 34.534076909873804 ], [ -90.544411876628459, 34.533805068795083 ], [ -90.544603790005041, 34.533579447454841 ], [ -90.544935319433066, 34.533524688932062 ], [ -90.545225452287241, 34.533660628049702 ] ] ], [ [ [ -90.541456978410693, 34.536558761816721 ], [ -90.541789487666875, 34.536538407039508 ], [ -90.54207397353143, 34.536729997622992 ], [ -90.542098572055863, 34.537005159659806 ], [ -90.541880844512775, 34.537214122242872 ], [ -90.54154833256311, 34.537234477153348 ], [ -90.541263846334417, 34.53704288533639 ], [ -90.541239250566946, 34.536767723249561 ], [ -90.541456978410693, 34.536558761816721 ] ] ], [ [ [ -90.53956837170827, 34.540334098224818 ], [ -90.539900896191781, 34.540313749268584 ], [ -90.540153415911135, 34.540493928787463 ], [ -90.540178008420241, 34.540769090834807 ], [ -90.539960265886464, 34.540978049248807 ], [ -90.539627738752216, 34.54099839825269 ], [ -90.539375218777266, 34.54081821764224 ], [ -90.539350628918896, 34.540543055547275 ], [ -90.53956837170827, 34.540334098224818 ] ] ], [ [ [ -90.538600603693382, 34.544479367187499 ], [ -90.538933144817776, 34.544459021596779 ], [ -90.539185674302075, 34.544639203453919 ], [ -90.539210263979982, 34.544914365442594 ], [ -90.538992507676952, 34.545123321435391 ], [ -90.538659963901253, 34.545143667073688 ], [ -90.5384074341614, 34.54496348412485 ], [ -90.538382847134784, 34.544688322088582 ], [ -90.538600603693382, 34.544479367187499 ] ] ], [ [ [ -90.539368504002226, 34.547227122864747 ], [ -90.539518485232534, 34.547473552874273 ], [ -90.539384464628753, 34.547761182245345 ], [ -90.539036755263666, 34.547864433042953 ], [ -90.538731877276049, 34.547752665594203 ], [ -90.538611812587817, 34.547495257814361 ], [ -90.538746892006358, 34.5472429961467 ], [ -90.539051855907118, 34.547140620519045 ], [ -90.539368504002226, 34.547227122864747 ] ] ], [ [ [ -90.538356206769024, 34.550157086326358 ], [ -90.538473135688562, 34.55044977652085 ], [ -90.538308815951439, 34.550689867503749 ], [ -90.537878970496465, 34.550774776473574 ], [ -90.537588792961301, 34.550638818199531 ], [ -90.537499800350858, 34.550372911803173 ], [ -90.537664121666012, 34.550132821971744 ], [ -90.538051321617445, 34.550045316896039 ], [ -90.538356206769024, 34.550157086326358 ] ] ], [ [ [ -90.537509520032714, 34.55299306824449 ], [ -90.537798065998189, 34.553172531905439 ], [ -90.537855131712732, 34.553444374941598 ], [ -90.537663151759929, 34.553669982269092 ], [ -90.537332925249942, 34.553717161930145 ], [ -90.537028640360759, 34.553551063512998 ], [ -90.536971577310624, 34.553279220206129 ], [ -90.537180955749264, 34.553040281100628 ], [ -90.537509520032714, 34.55299306824449 ] ] ], [ [ [ -90.537127759011938, 34.555962436156719 ], [ -90.537460346162916, 34.555942096584353 ], [ -90.537712905471096, 34.55612228252977 ], [ -90.537737491299779, 34.556397444282169 ], [ -90.537519699728136, 34.556606395852484 ], [ -90.537187109924361, 34.556626735472413 ], [ -90.536934550360598, 34.556446548434806 ], [ -90.536909967184727, 34.556171386634858 ], [ -90.537127759011938, 34.555962436156719 ] ] ], [ [ [ -90.541172252992297, 34.562134561187513 ], [ -90.541291286420503, 34.562356600396363 ], [ -90.541186726536822, 34.562618603664028 ], [ -90.540973009532379, 34.562730608326881 ], [ -90.540510363713395, 34.562793345956884 ], [ -90.540682766450402, 34.563128611597307 ], [ -90.540678318792487, 34.563332712753486 ], [ -90.540923900119068, 34.563398218621607 ], [ -90.541079588059418, 34.563563190684967 ], [ -90.541105549892194, 34.563737056614301 ], [ -90.541003068100721, 34.56392841070479 ], [ -90.540829951417379, 34.564029311433472 ], [ -90.540521399148602, 34.564067879917346 ], [ -90.540245195349883, 34.563997362218636 ], [ -90.540079449641524, 34.563807215491309 ], [ -90.539769252804973, 34.563944364442527 ], [ -90.539452541882653, 34.56385786063133 ], [ -90.53930777642374, 34.563646540609454 ], [ -90.53930777798999, 34.563302631570927 ], [ -90.539488378670214, 34.563111120336877 ], [ -90.539746728332887, 34.563056149054788 ], [ -90.539788912479636, 34.562872858113906 ], [ -90.539356868978615, 34.56287778508166 ], [ -90.53913672161724, 34.562774655350744 ], [ -90.539017693525906, 34.562552614271205 ], [ -90.539122260008526, 34.562290613147638 ], [ -90.539454021070085, 34.562164315584383 ], [ -90.539966151536234, 34.562238196320173 ], [ -90.540205985351889, 34.562098497901786 ], [ -90.540824570087992, 34.562023671715806 ], [ -90.541172252992297, 34.562134561187513 ] ] ], [ [ [ -90.538173979179675, 34.562319641374543 ], [ -90.538537657350048, 34.562300917556811 ], [ -90.538810369917314, 34.56245975341421 ], [ -90.538867443424635, 34.562731596012057 ], [ -90.538675443180466, 34.562957203827118 ], [ -90.538274556835717, 34.56299337032236 ], [ -90.538001843682324, 34.562834533248285 ], [ -90.537944772970619, 34.562562690366647 ], [ -90.538173979179675, 34.562319641374543 ] ] ], [ [ [ -90.539636718385623, 34.564040725992271 ], [ -90.540009239679051, 34.564033107358988 ], [ -90.54023926314828, 34.564232902676778 ], [ -90.540257919621467, 34.564441626447724 ], [ -90.540027190841528, 34.56496949386004 ], [ -90.540234015696214, 34.565159632541778 ], [ -90.540238321466674, 34.565455227686911 ], [ -90.540156608989733, 34.565632756261792 ], [ -90.539949747213186, 34.56576358225665 ], [ -90.539960711212942, 34.56595305620619 ], [ -90.539836044385481, 34.566135177597779 ], [ -90.539100074627711, 34.56629714451239 ], [ -90.538827349381222, 34.566138308835733 ], [ -90.538770274366613, 34.565866466263294 ], [ -90.538993196812214, 34.565622027702304 ], [ -90.53938009448386, 34.565520681832353 ], [ -90.539494123418251, 34.565057526525635 ], [ -90.539304637384674, 34.564899726713868 ], [ -90.539261342341334, 34.564693520527726 ], [ -90.539434294358685, 34.564216670961997 ], [ -90.539636718385623, 34.564040725992271 ] ] ], [ [ [ -90.542155731256059, 34.564159096966698 ], [ -90.542484337727501, 34.564111872528443 ], [ -90.542757064060751, 34.564270700087349 ], [ -90.542814151412443, 34.564542541364503 ], [ -90.542622156981082, 34.56476815561053 ], [ -90.542293547956831, 34.564815380308929 ], [ -90.542020820854518, 34.564656551687897 ], [ -90.541963736055635, 34.564384710150591 ], [ -90.542155731256059, 34.564159096966698 ] ] ], [ [ [ -90.542698588395439, 34.564805103376337 ], [ -90.542989991985721, 34.564775321406117 ], [ -90.54326272144182, 34.564934147951462 ], [ -90.543327113313211, 34.565171131077634 ], [ -90.543162775511249, 34.565411227435689 ], [ -90.542841342107693, 34.565484871189391 ], [ -90.542557160087696, 34.56535472596282 ], [ -90.542415013224527, 34.565562440476512 ], [ -90.54214660468962, 34.565660915616462 ], [ -90.541794200388324, 34.565635517887578 ], [ -90.541587321848155, 34.565515037534595 ], [ -90.54149830340323, 34.565249133426846 ], [ -90.541662645507017, 34.565009039496701 ], [ -90.542140751074399, 34.564924041678601 ], [ -90.542467581159585, 34.56505678331451 ], [ -90.542698588395439, 34.564805103376337 ] ] ], [ [ [ -90.545194411001859, 34.567468691500977 ], [ -90.545434667579187, 34.56753429836094 ], [ -90.545590372006018, 34.567699265270129 ], [ -90.545609042152989, 34.56790798871662 ], [ -90.545484384109997, 34.568090116230721 ], [ -90.545258414771894, 34.568184259421862 ], [ -90.544991010609095, 34.568151907065719 ], [ -90.544746828327433, 34.568344369926017 ], [ -90.54449566664178, 34.568429485261731 ], [ -90.544105508606066, 34.56832294215257 ], [ -90.543985401365617, 34.568065538487019 ], [ -90.544120502076552, 34.567813272365285 ], [ -90.544472997445126, 34.56761426049647 ], [ -90.544822730590681, 34.567627750330885 ], [ -90.545194411001859, 34.567468691500977 ] ] ], [ [ [ -90.541332999538113, 34.568638510853923 ], [ -90.541552878197805, 34.568925620978284 ], [ -90.541418825411611, 34.569213250497604 ], [ -90.540749363071996, 34.569562210527486 ], [ -90.540537644590486, 34.569566541033581 ], [ -90.54031747850199, 34.569463412723586 ], [ -90.540200520512684, 34.56917072371548 ], [ -90.540454061281068, 34.568792948147333 ], [ -90.541043680996736, 34.568597029022328 ], [ -90.541332999538113, 34.568638510853923 ] ] ], [ [ [ -90.542596503704104, 34.571742683930736 ], [ -90.54290768200525, 34.571964629801812 ], [ -90.542880340480082, 34.572272063890516 ], [ -90.542523284726499, 34.572488954146557 ], [ -90.542087883606683, 34.572472089888677 ], [ -90.541882616502164, 34.57225460747263 ], [ -90.54192338521527, 34.571980763598276 ], [ -90.542145698471998, 34.571822075751243 ], [ -90.542596503704104, 34.571742683930736 ] ] ], [ [ [ -90.545025056781085, 34.574487233525943 ], [ -90.545295028045885, 34.57469974571859 ], [ -90.545267693764004, 34.575007180553214 ], [ -90.544873804826992, 34.575223556277464 ], [ -90.544542731914404, 34.575189840475765 ], [ -90.544337451904397, 34.574972361724733 ], [ -90.5443782144919, 34.574698516854198 ], [ -90.544731493308149, 34.574493247202192 ], [ -90.545025056781085, 34.574487233525943 ] ] ] ] } },
{ "type": "Feature", "properties": { "depth_bin": "-15--10 ft", "bin_order": 12.5, "survey_id": "LM_18_FRI_20150425_CS_6649_6690_SORT", "date": "2015-04-25", "year": 2015, "mile": 667.0 }, "geometry": { "type": "MultiPolygon", "coordinates": [ [ [ [ -90.569626971846802, 34.559214937703629 ], [ -90.569810788709603, 34.559483087244075 ], [ -90.569706321015019, 34.559745119012589 ], [ -90.569373622465747, 34.559875795355303 ], [ -90.569056891290785, 34.559789367744486 ], [ -90.568906800729408, 34.559542969896675 ], [ -90.569011270600015, 34.559280938900272 ], [ -90.569301528275474, 34.559154610572847 ], [ -90.569626971846802, 34.559214937703629 ] ] ], [ [ [ -90.568117525124961, 34.559518418753292 ], [ -90.568270959048803, 34.559639161267022 ], [ -90.568338545905931, 34.559840850826639 ], [ -90.568259298117226, 34.560039614016247 ], [ -90.568099013180486, 34.560154103915835 ], [ -90.566983289099753, 34.560418992707298 ], [ -90.566736421953323, 34.560373226181902 ], [ -90.566561894626361, 34.560221707534524 ], [ -90.566537213058027, 34.559946547684646 ], [ -90.566754944415237, 34.559737541686381 ], [ -90.56782822068682, 34.559477001195155 ], [ -90.568117525124961, 34.559518418753292 ] ] ], [ [ [ -90.569029559335846, 34.560314405448324 ], [ -90.569366751790525, 34.560318625645195 ], [ -90.569619396724406, 34.560498748856723 ], [ -90.569655474787822, 34.560739807525913 ], [ -90.569463559705298, 34.560965467597875 ], [ -90.569061949104565, 34.560995764008538 ], [ -90.568916624365329, 34.561159362076481 ], [ -90.568680626439019, 34.561234777216328 ], [ -90.568471962462638, 34.561204905852371 ], [ -90.568292435023992, 34.561082490060009 ], [ -90.568259956686589, 34.561279371056244 ], [ -90.568094796077361, 34.561437914677761 ], [ -90.566735988609366, 34.561822986766316 ], [ -90.566443162579418, 34.561805224626106 ], [ -90.566251521197842, 34.561668587260336 ], [ -90.56620574593731, 34.561362653116532 ], [ -90.566444388128957, 34.561141043104719 ], [ -90.567786801412538, 34.560778263605812 ], [ -90.568037903852073, 34.560803789468629 ], [ -90.568217430319891, 34.560926205599841 ], [ -90.568347747477119, 34.560614285168619 ], [ -90.568536906445132, 34.560524254264507 ], [ -90.568777953318872, 34.560526581432924 ], [ -90.569029559335846, 34.560314405448324 ] ] ], [ [ [ -90.568048015165488, 34.56165313102143 ], [ -90.568268198606688, 34.561756209953778 ], [ -90.568372662198783, 34.561908600891599 ], [ -90.568377956120628, 34.562083736026999 ], [ -90.568253355826997, 34.562265889443331 ], [ -90.567114021092209, 34.562752917121259 ], [ -90.566902318453103, 34.562757294201411 ], [ -90.566682134285657, 34.562654212777787 ], [ -90.566561963104334, 34.562396828537814 ], [ -90.566696986865125, 34.562144533916268 ], [ -90.567795715469501, 34.561668622478521 ], [ -90.568048015165488, 34.56165313102143 ] ] ], [ [ [ -90.568911032363218, 34.56300335904556 ], [ -90.569225948007798, 34.563168161569372 ], [ -90.569271734993777, 34.563474095004864 ], [ -90.569031877017466, 34.563707064929858 ], [ -90.568626064604146, 34.563738506168306 ], [ -90.568373412562607, 34.563558380663004 ], [ -90.568348724688846, 34.563283221023681 ], [ -90.568529261327328, 34.563091663956371 ], [ -90.568911032363218, 34.56300335904556 ] ] ], [ [ [ -90.567767201721651, 34.563618605490767 ], [ -90.567946168473, 34.563712264769784 ], [ -90.568060022559749, 34.563899170903923 ], [ -90.567931322645649, 34.564221943973827 ], [ -90.567077396819457, 34.564595815276427 ], [ -90.566865689500816, 34.564600192094694 ], [ -90.566645500659973, 34.564497110430295 ], [ -90.566525327289852, 34.564239726117933 ], [ -90.566682755307454, 34.56396078431284 ], [ -90.56747367480159, 34.563624675619955 ], [ -90.567767201721651, 34.563618605490767 ] ] ], [ [ [ -90.5672852225117, 34.56729278808907 ], [ -90.567618161761132, 34.567431266653699 ], [ -90.567688585637242, 34.567766115739651 ], [ -90.567508036370526, 34.567957670921302 ], [ -90.566294675429589, 34.56846739292795 ], [ -90.566617691483529, 34.568578723380192 ], [ -90.566734743017562, 34.568871390951841 ], [ -90.566602834855004, 34.569088401673888 ], [ -90.566257261374219, 34.569191022726983 ], [ -90.566195225442328, 34.569285601592291 ], [ -90.56626289011453, 34.569775741321962 ], [ -90.566063650229992, 34.570036254184949 ], [ -90.565693805492913, 34.570074120502568 ], [ -90.565423793714899, 34.56986165177296 ], [ -90.565399127797463, 34.569439962091728 ], [ -90.565484267782807, 34.569266933359764 ], [ -90.565415260094525, 34.569024620264827 ], [ -90.565535551019721, 34.568781215653779 ], [ -90.565094561256046, 34.568908334980996 ], [ -90.564582759102322, 34.569166951350958 ], [ -90.564331633146722, 34.569141417387918 ], [ -90.564139979317289, 34.569004776288239 ], [ -90.564073463837033, 34.56883845169498 ], [ -90.564128798131222, 34.568634222306606 ], [ -90.564566796281326, 34.568338443515231 ], [ -90.56678980778203, 34.567431829589623 ], [ -90.5672852225117, 34.56729278808907 ] ] ], [ [ [ -90.566766593168339, 34.569121090176822 ], [ -90.567095209520829, 34.56907379967938 ], [ -90.567392648150431, 34.56923834184871 ], [ -90.56744981888275, 34.569510174922669 ], [ -90.567257876415766, 34.569735830126724 ], [ -90.566929257497648, 34.569783120951982 ], [ -90.56663181797542, 34.569618577622236 ], [ -90.566574649879499, 34.569346744278235 ], [ -90.566766593168339, 34.569121090176822 ] ] ], [ [ [ -90.567307326706825, 34.571068899608051 ], [ -90.56763595058311, 34.571021607977087 ], [ -90.567929847537485, 34.571211156192888 ], [ -90.568010693251708, 34.571660073968985 ], [ -90.567781543157338, 34.57190318130214 ], [ -90.567448894423649, 34.571923601158815 ], [ -90.567196221373521, 34.571743472497474 ], [ -90.567108086641738, 34.571329414134844 ], [ -90.567307326706825, 34.571068899608051 ] ] ], [ [ [ -90.567037414508391, 34.572803798150559 ], [ -90.567447181914631, 34.572778646025363 ], [ -90.567700120853402, 34.573046495451834 ], [ -90.567622956576656, 34.573499544396157 ], [ -90.567478658391323, 34.573673442742859 ], [ -90.567252695846605, 34.573767627030847 ], [ -90.566927198261553, 34.573707291375413 ], [ -90.566748616393411, 34.573474247124707 ], [ -90.566856852190739, 34.572995351701707 ], [ -90.567037414508391, 34.572803798150559 ] ] ], [ [ [ -90.570677108786924, 34.576829468423625 ], [ -90.57079418460188, 34.577122132823398 ], [ -90.57062989790785, 34.577362268119536 ], [ -90.570200798784342, 34.577440598831132 ], [ -90.569910473768488, 34.577304711880672 ], [ -90.569821353501112, 34.577038824580626 ], [ -90.569985641761846, 34.576798690433584 ], [ -90.570372080087481, 34.576717774314069 ], [ -90.570677108786924, 34.576829468423625 ] ] ], [ [ [ -90.571247100941051, 34.579712136282318 ], [ -90.571397231220985, 34.579958532323843 ], [ -90.571263259251253, 34.580246197779033 ], [ -90.570879885474767, 34.580354542409808 ], [ -90.570574843869423, 34.580242848313105 ], [ -90.570454638438605, 34.579985467014559 ], [ -90.570589682434147, 34.57973316944684 ], [ -90.570930293470099, 34.579625710545322 ], [ -90.571247100941051, 34.579712136282318 ] ] ], [ [ [ -90.566152769279356, 34.559886512999213 ], [ -90.566359672409149, 34.560006952681789 ], [ -90.566450825496062, 34.560202191704178 ], [ -90.566395503682813, 34.560406422878565 ], [ -90.566212352954224, 34.56055080768752 ], [ -90.565806855316964, 34.560569732663424 ], [ -90.565412346210124, 34.560749959756521 ], [ -90.565058778181992, 34.560671480799549 ], [ -90.564890137230492, 34.560837483744052 ], [ -90.564518123633022, 34.560942952840641 ], [ -90.564271256613807, 34.560897181319547 ], [ -90.564096732942915, 34.560745659298163 ], [ -90.564072059484744, 34.560470499307122 ], [ -90.564289798192249, 34.560261498045072 ], [ -90.564667360043003, 34.560172597102124 ], [ -90.564935735750737, 34.560256305917513 ], [ -90.565180661547302, 34.560058501536297 ], [ -90.56561166409692, 34.56004620543527 ], [ -90.56582236231668, 34.559902561013544 ], [ -90.566152769279356, 34.559886512999213 ] ] ], [ [ [ -90.566407166171587, 34.571412759927796 ], [ -90.56666009776643, 34.571680611251558 ], [ -90.566690202385644, 34.572596484394687 ], [ -90.566796404111585, 34.573098164633137 ], [ -90.566661360877106, 34.573350458218094 ], [ -90.56635019510712, 34.573449870230057 ], [ -90.566109902786607, 34.573384303231329 ], [ -90.565940712704119, 34.573185772906506 ], [ -90.565762837791155, 34.571741882212834 ], [ -90.565965211030047, 34.571446086928702 ], [ -90.566198478017554, 34.571382883680378 ], [ -90.566407166171587, 34.571412759927796 ] ] ], [ [ [ -90.564084712168864, 34.558859696354233 ], [ -90.564371152602732, 34.558806377733823 ], [ -90.564633460097738, 34.558915496406712 ], [ -90.564752553301787, 34.55913751526397 ], [ -90.564697228246374, 34.559341745554796 ], [ -90.564431709228487, 34.559512088760414 ], [ -90.564383494497605, 34.559758264071149 ], [ -90.564137695373276, 34.559944505972503 ], [ -90.563576036135373, 34.560144119814332 ], [ -90.563252788747135, 34.560107179287861 ], [ -90.563047492698573, 34.559889731057268 ], [ -90.563088183834324, 34.559615876408344 ], [ -90.563234138570763, 34.559488946714247 ], [ -90.563890544048945, 34.55923280226596 ], [ -90.563919549048009, 34.559018234245151 ], [ -90.564084712168864, 34.558859696354233 ] ] ], [ [ [ -90.563662956252784, 34.568915422500773 ], [ -90.563894517552995, 34.569064783151759 ], [ -90.563958971164453, 34.569301757847484 ], [ -90.563856532976544, 34.569493132915838 ], [ -90.56351584485877, 34.569715615858733 ], [ -90.562700763441867, 34.569985397586308 ], [ -90.560985253879778, 34.570717207072406 ], [ -90.560692398826134, 34.570699429878609 ], [ -90.560480290141584, 34.57054440331337 ], [ -90.560423141819442, 34.570272567941608 ], [ -90.560615103434515, 34.570046924347878 ], [ -90.562636875016011, 34.569158236975206 ], [ -90.563410014871721, 34.568910370970784 ], [ -90.563662956252784, 34.568915422500773 ] ] ], [ [ [ -90.564780233943907, 34.571972401623661 ], [ -90.565139451164072, 34.572054496592571 ], [ -90.565289550547135, 34.572300899097321 ], [ -90.56518505036378, 34.572562925216019 ], [ -90.564831781166049, 34.572724831980736 ], [ -90.564515007462575, 34.572638390879746 ], [ -90.564364909880283, 34.572391987504652 ], [ -90.564469412349297, 34.572129962181812 ], [ -90.564780233943907, 34.571972401623661 ] ] ], [ [ [ -90.563344974433747, 34.572545805556267 ], [ -90.563673605768216, 34.572498524955996 ], [ -90.563946401800536, 34.572657307781654 ], [ -90.564003562860378, 34.57292914195834 ], [ -90.563811602968769, 34.573154790897085 ], [ -90.563482969081178, 34.573202071758963 ], [ -90.563210172277252, 34.573043287871336 ], [ -90.563153013770545, 34.57277145343302 ], [ -90.563344974433747, 34.572545805556267 ] ] ], [ [ [ -90.564939450684662, 34.575483862556815 ], [ -90.565209478480341, 34.57569633289571 ], [ -90.565182216774446, 34.576003775235399 ], [ -90.564752557136927, 34.576229393732937 ], [ -90.564421468888398, 34.576195731413961 ], [ -90.56421613266437, 34.575978283875095 ], [ -90.564256831090674, 34.575704429662807 ], [ -90.564581667986204, 34.575510377651121 ], [ -90.564939450684662, 34.575483862556815 ] ] ], [ [ [ -90.562437730294462, 34.559547787288587 ], [ -90.562845488889579, 34.55958925631154 ], [ -90.563001215256918, 34.559754202010588 ], [ -90.56302722235796, 34.559928065253011 ], [ -90.562924794913997, 34.560119440201632 ], [ -90.562382926015914, 34.560417797858065 ], [ -90.561971223426809, 34.560466372822042 ], [ -90.561697249077014, 34.560379044128048 ], [ -90.561547179849825, 34.560132638115256 ], [ -90.561651673291024, 34.559870614453565 ], [ -90.562437730294462, 34.559547787288587 ] ] ], [ [ [ -90.556580596720877, 34.534862846141628 ], [ -90.556952989338484, 34.534855170129127 ], [ -90.557235951861884, 34.535095884752046 ], [ -90.557324490504726, 34.535448074854585 ], [ -90.557095416425156, 34.535691166307224 ], [ -90.556684827197714, 34.535682947582778 ], [ -90.55638755534568, 34.535346997618305 ], [ -90.556362909721244, 34.535071836417742 ], [ -90.556580596720877, 34.534862846141628 ] ] ], [ [ [ -90.556257038755874, 34.564306117275756 ], [ -90.556476959944789, 34.564593202363355 ], [ -90.556440825433356, 34.564765822042894 ], [ -90.556275636047317, 34.564924348331779 ], [ -90.555232912257438, 34.565216091825995 ], [ -90.555024244648905, 34.565186197249062 ], [ -90.554832615651478, 34.565049542467257 ], [ -90.554775488551059, 34.564777705163173 ], [ -90.554967451329688, 34.564552070387705 ], [ -90.555926002380318, 34.564272433970984 ], [ -90.556257038755874, 34.564306117275756 ] ] ], [ [ [ -90.557566183282475, 34.565911453434211 ], [ -90.557751038185373, 34.566214986731971 ], [ -90.557548650498262, 34.566510767918459 ], [ -90.556246377723184, 34.567060566526692 ], [ -90.555953537170154, 34.567042778525888 ], [ -90.555761902484335, 34.566906124997601 ], [ -90.555704771432318, 34.566634288022222 ], [ -90.555896736370386, 34.566408651920568 ], [ -90.5571583977015, 34.565869965600307 ], [ -90.557566183282475, 34.565911453434211 ] ] ], [ [ [ -90.558667082116884, 34.567904542119493 ], [ -90.558981993797246, 34.568069370907594 ], [ -90.559012367155816, 34.568408318349128 ], [ -90.558602866827627, 34.568711195587987 ], [ -90.558230322801208, 34.568718870213743 ], [ -90.558000242445345, 34.568519106623022 ], [ -90.558008311077288, 34.568243272466944 ], [ -90.558380607273975, 34.567957845793785 ], [ -90.558667082116884, 34.567904542119493 ] ] ], [ [ [ -90.556620793908294, 34.578405372485079 ], [ -90.556840750564078, 34.578692457937784 ], [ -90.556804608887518, 34.578865077135653 ], [ -90.556639390583499, 34.579023602432478 ], [ -90.55617312848571, 34.579163234397399 ], [ -90.555875122963968, 34.579088885450147 ], [ -90.555711697630812, 34.579324665480243 ], [ -90.555211359110999, 34.579537314803368 ], [ -90.554918475291416, 34.579519522505507 ], [ -90.554726814999839, 34.579382866463312 ], [ -90.554696457882301, 34.579043919076575 ], [ -90.555007990378726, 34.578790122134286 ], [ -90.555411232411927, 34.578681024426459 ], [ -90.555709236015034, 34.578755374433129 ], [ -90.555810797875779, 34.578568340860507 ], [ -90.556038961181656, 34.578442792388152 ], [ -90.556373881122568, 34.578359583091711 ], [ -90.556620793908294, 34.578405372485079 ] ] ], [ [ [ -90.559119580618415, 34.580708089526787 ], [ -90.559298154723109, 34.580941144455544 ], [ -90.559225178612422, 34.581210376355322 ], [ -90.558940251524007, 34.581358916363648 ], [ -90.55861473203187, 34.581298557585654 ], [ -90.558436159195281, 34.58106550171653 ], [ -90.55850913766858, 34.580796270385505 ], [ -90.558794063478388, 34.580647731323623 ], [ -90.559119580618415, 34.580708089526787 ] ] ], [ [ [ -90.559470995531768, 34.58379097421723 ], [ -90.559588039623307, 34.584083647828834 ], [ -90.559423706639862, 34.584323765834078 ], [ -90.559066369960362, 34.584399452398408 ], [ -90.558776041194307, 34.584263538814831 ], [ -90.558686950860988, 34.583997644834774 ], [ -90.558851285204128, 34.583757527873537 ], [ -90.559165958680595, 34.583679251743035 ], [ -90.559470995531768, 34.58379097421723 ] ] ], [ [ [ -90.55450753111279, 34.536592113650279 ], [ -90.554836023202668, 34.536544850834495 ], [ -90.555108687954771, 34.536703648598831 ], [ -90.555165802599177, 34.536975486116695 ], [ -90.554973908349453, 34.537201124841154 ], [ -90.554645413710617, 34.537248387917501 ], [ -90.554372748189323, 34.537089589092361 ], [ -90.554315636093861, 34.536817751313926 ], [ -90.55450753111279, 34.536592113650279 ] ] ], [ [ [ -90.553467598567323, 34.538291915760539 ], [ -90.553991092013149, 34.538652181761641 ], [ -90.554034414250381, 34.538858384489153 ], [ -90.553931995493414, 34.539049752707889 ], [ -90.553718356493334, 34.539161783387229 ], [ -90.553289023419836, 34.539078859457142 ], [ -90.552871359616631, 34.538717797995957 ], [ -90.552912069306558, 34.538443946854478 ], [ -90.553174859543176, 34.538274125312398 ], [ -90.553467598567323, 34.538291915760539 ] ] ], [ [ [ -90.552114970178451, 34.540186219152936 ], [ -90.554120513497253, 34.540813622626693 ], [ -90.554312317128336, 34.54099749490792 ], [ -90.554304244501608, 34.54127332953442 ], [ -90.554062827981355, 34.541463650311663 ], [ -90.553769380093655, 34.541469690729365 ], [ -90.551810933616807, 34.540871487690929 ], [ -90.551619363535465, 34.540734829954161 ], [ -90.551554962395571, 34.540497850144753 ], [ -90.551754169898715, 34.540237358770881 ], [ -90.552114970178451, 34.540186219152936 ] ] ], [ [ [ -90.553980906618463, 34.542621920608326 ], [ -90.554309422846927, 34.542574660271903 ], [ -90.554582105501197, 34.542733459863129 ], [ -90.554639221324663, 34.543005297485415 ], [ -90.554447310839663, 34.54323093453069 ], [ -90.554118792061473, 34.543278195127733 ], [ -90.553846108637813, 34.543119394475461 ], [ -90.553788995364073, 34.542847556592555 ], [ -90.553980906618463, 34.542621920608326 ] ] ], [ [ [ -90.554409961854773, 34.544158544274175 ], [ -90.554661008829385, 34.544184095456146 ], [ -90.554852591747306, 34.544320748891749 ], [ -90.554917004629246, 34.544557727346778 ], [ -90.554814580050149, 34.544749095933447 ], [ -90.554516781586713, 34.544873232525859 ], [ -90.554139008742808, 34.544733015620594 ], [ -90.55385730458211, 34.544880762400524 ], [ -90.552999492606446, 34.544905816807372 ], [ -90.553181491028994, 34.545172868872719 ], [ -90.553035920146542, 34.545468800810134 ], [ -90.553153964120497, 34.545689870015266 ], [ -90.553084840678054, 34.545958276394273 ], [ -90.552761099320477, 34.546167463962618 ], [ -90.55240200636068, 34.546085337443152 ], [ -90.552251988361704, 34.545838921717355 ], [ -90.552430555996594, 34.54544720394167 ], [ -90.552314583934063, 34.545155484441715 ], [ -90.552446486624234, 34.544938488372409 ], [ -90.552721267033931, 34.544839854208462 ], [ -90.552538782305632, 34.544572486303046 ], [ -90.552643281046727, 34.544310470125026 ], [ -90.552898648154738, 34.544190679831388 ], [ -90.553438022631838, 34.544232244331269 ], [ -90.553793232301089, 34.544165194139659 ], [ -90.554128260135698, 34.544306291795095 ], [ -90.554409961854773, 34.544158544274175 ] ] ], [ [ [ -90.553742957242434, 34.547091846522569 ], [ -90.553896347528777, 34.547212605499887 ], [ -90.553963890957917, 34.547414301504951 ], [ -90.553884623144512, 34.547613054772505 ], [ -90.553724344572913, 34.547727526165922 ], [ -90.552913826107073, 34.547754346218497 ], [ -90.552620044792121, 34.547564766085763 ], [ -90.552595410516361, 34.547289604998731 ], [ -90.552813140270629, 34.547080623578545 ], [ -90.553352587484497, 34.547041440710395 ], [ -90.553742957242434, 34.547091846522569 ] ] ], [ [ [ -90.554470836351101, 34.562483312375321 ], [ -90.554626550551248, 34.562648268226781 ], [ -90.554652540623167, 34.562822132480235 ], [ -90.554416081314955, 34.563100073265524 ], [ -90.553058966848397, 34.563380767325683 ], [ -90.552812100420198, 34.563334972581636 ], [ -90.552637593746013, 34.563183434878738 ], [ -90.552612957991954, 34.562908274238012 ], [ -90.552830730871293, 34.562699294998772 ], [ -90.554145393635608, 34.562422944746864 ], [ -90.554470836351101, 34.562483312375321 ] ] ], [ [ [ -90.552770683643573, 34.576937011419126 ], [ -90.552937696460333, 34.577044751985198 ], [ -90.55302883366906, 34.577240000004586 ], [ -90.552862425368275, 34.577550758521319 ], [ -90.551803992187459, 34.577998181365437 ], [ -90.551551025536668, 34.577993104102802 ], [ -90.551344102334866, 34.577872638629984 ], [ -90.551255041601621, 34.577606740256812 ], [ -90.551419382992279, 34.577366633458126 ], [ -90.552437200722281, 34.576930320753775 ], [ -90.552770683643573, 34.576937011419126 ] ] ], [ [ [ -90.553850219702014, 34.579251612053994 ], [ -90.5542259407394, 34.579389249081899 ], [ -90.554317083246303, 34.579584496305991 ], [ -90.554280935891498, 34.579757114495386 ], [ -90.554115711129555, 34.579915636073054 ], [ -90.552934739485707, 34.580226977259528 ], [ -90.552726035723254, 34.580197077260749 ], [ -90.552534377749211, 34.580060417871501 ], [ -90.552477250951867, 34.579788579980836 ], [ -90.552669256783091, 34.579562951055379 ], [ -90.553375330044204, 34.579341336108371 ], [ -90.553850219702014, 34.579251612053994 ] ] ], [ [ [ -90.552738685272331, 34.542439181286809 ], [ -90.55302507432107, 34.542385887106306 ], [ -90.553529174453899, 34.542531864337121 ], [ -90.55367919098255, 34.542778278521219 ], [ -90.553574697652067, 34.543040295865879 ], [ -90.553234162526451, 34.543165309154688 ], [ -90.552687419703958, 34.543016739102676 ], [ -90.552539475062488, 34.542699674090649 ], [ -90.552738685272331, 34.542439181286809 ] ] ], [ [ [ -90.552803995504007, 34.560744811375891 ], [ -90.55297849766977, 34.560896348692417 ], [ -90.553021825524482, 34.561102551479301 ], [ -90.552919374047988, 34.561293916957275 ], [ -90.552746276387651, 34.561394835487846 ], [ -90.551384260915327, 34.5615499628504 ], [ -90.551144015872126, 34.561484368188218 ], [ -90.550988310860816, 34.56131940824465 ], [ -90.550996400474077, 34.561043575209084 ], [ -90.551237883003736, 34.560853263756783 ], [ -90.552557136955997, 34.56069901643405 ], [ -90.552803995504007, 34.560744811375891 ] ] ], [ [ [ -90.551922650305102, 34.528554081904304 ], [ -90.552255126801853, 34.528533697110568 ], [ -90.552542949161477, 34.528732611845271 ], [ -90.552567581580263, 34.529007773464244 ], [ -90.552349901149285, 34.529216756982571 ], [ -90.552017421931183, 34.529237141918067 ], [ -90.551729599236083, 34.529038225937654 ], [ -90.551704969584762, 34.528763064267572 ], [ -90.551922650305102, 34.528554081904304 ] ] ], [ [ [ -90.550903571455862, 34.537118216069807 ], [ -90.551104568429167, 34.537063212444316 ], [ -90.551351356925906, 34.537109007488837 ], [ -90.552468044260635, 34.537785149385265 ], [ -90.552663769916705, 34.538034022696706 ], [ -90.552564526996875, 34.5383311499196 ], [ -90.552309177890606, 34.538450940358338 ], [ -90.552058149060542, 34.538425385075499 ], [ -90.55085229879252, 34.53769577317216 ], [ -90.550704369428772, 34.537378706378803 ], [ -90.550903571455862, 34.537118216069807 ] ] ], [ [ [ -90.550898365159782, 34.574238814362225 ], [ -90.551153501426924, 34.57424429328065 ], [ -90.551385053061878, 34.574393677250541 ], [ -90.551449473908534, 34.574630657041382 ], [ -90.551347000371464, 34.574822019955121 ], [ -90.55015363889828, 34.57537908562675 ], [ -90.549901296500792, 34.575394538124698 ], [ -90.549712087318511, 34.575315813202643 ], [ -90.549562030263814, 34.575069393348414 ], [ -90.549666582322629, 34.574807382929741 ], [ -90.550898365159782, 34.574238814362225 ] ] ], [ [ [ -90.54912126161571, 34.539216534946156 ], [ -90.549412573990764, 34.53918673362206 ], [ -90.550027557539408, 34.539403015880858 ], [ -90.550177558421396, 34.539649433809423 ], [ -90.550073058814363, 34.539911447975967 ], [ -90.549689894251529, 34.540033859409711 ], [ -90.549032781850187, 34.539811536806468 ], [ -90.54888485628183, 34.53949446804058 ], [ -90.54912126161571, 34.539216534946156 ] ] ], [ [ [ -90.549049591159701, 34.541751764057821 ], [ -90.549318235560705, 34.541915056655462 ], [ -90.54937533370196, 34.542186896024553 ], [ -90.549183411525803, 34.542412524290384 ], [ -90.548854893896419, 34.542459770724562 ], [ -90.548537137472195, 34.54230987447864 ], [ -90.548455414516212, 34.542009116054786 ], [ -90.548684531205623, 34.541766042862271 ], [ -90.549049591159701, 34.541751764057821 ] ] ], [ [ [ -90.549504818387106, 34.54439488065551 ], [ -90.549652753881929, 34.544711948906816 ], [ -90.549453528496528, 34.544972435942746 ], [ -90.548921709207775, 34.545031700630233 ], [ -90.548606903092491, 34.544866849824658 ], [ -90.548549806184099, 34.544595010232769 ], [ -90.548741735392412, 34.5443693833233 ], [ -90.549230910512662, 34.544307526534311 ], [ -90.549504818387106, 34.54439488065551 ] ] ], [ [ [ -90.54934658487096, 34.552985650033662 ], [ -90.549460383084849, 34.553172571448961 ], [ -90.549444864497872, 34.55334728874648 ], [ -90.549331631560733, 34.553495323058002 ], [ -90.549105706658281, 34.553589475446032 ], [ -90.547112595997348, 34.55360133184125 ], [ -90.546850330012575, 34.553492177073068 ], [ -90.546736537403135, 34.553305253460856 ], [ -90.54680952336652, 34.55303602858956 ], [ -90.547091223938608, 34.552888356788308 ], [ -90.549041673202353, 34.552873907063052 ], [ -90.54934658487096, 34.552985650033662 ] ] ], [ [ [ -90.550308733077458, 34.55579755079944 ], [ -90.550464427066743, 34.555962511252488 ], [ -90.550483108645949, 34.556171234723671 ], [ -90.550358480052139, 34.556353368735003 ], [ -90.550132548254155, 34.556447522706172 ], [ -90.548312709298429, 34.55645254376649 ], [ -90.548050432856684, 34.556343391178522 ], [ -90.547936633999498, 34.556156468486272 ], [ -90.54800961920067, 34.555887242952515 ], [ -90.548291327757269, 34.555739568760281 ], [ -90.550068505289033, 34.555731954700413 ], [ -90.550308733077458, 34.55579755079944 ] ] ], [ [ [ -90.550495577605275, 34.558478537338566 ], [ -90.550687184655999, 34.558615198129495 ], [ -90.550754727740141, 34.558816895631658 ], [ -90.550675439903856, 34.559015645691737 ], [ -90.55047604524114, 34.559144457200141 ], [ -90.549016381674818, 34.559279160704811 ], [ -90.548776145208492, 34.559213561711481 ], [ -90.548620449023559, 34.559048599066898 ], [ -90.548628545767727, 34.558772766417917 ], [ -90.548870026514479, 34.558582459540844 ], [ -90.550495577605275, 34.558478537338566 ] ] ], [ [ [ -90.549561164481219, 34.572188872658707 ], [ -90.549931022948343, 34.57215105599898 ], [ -90.550201000193695, 34.572363557610934 ], [ -90.550219682240609, 34.572572280740019 ], [ -90.550116196518047, 34.572736010346659 ], [ -90.550330262036184, 34.572858113828161 ], [ -90.55042245034447, 34.573088730223368 ], [ -90.550343146059419, 34.573287479035706 ], [ -90.550143715441607, 34.573416288258151 ], [ -90.549810247235158, 34.573409591008847 ], [ -90.549580175784442, 34.573209811973911 ], [ -90.549561495299884, 34.573001088828477 ], [ -90.549664982443176, 34.572837359759269 ], [ -90.549450918022643, 34.572715255152787 ], [ -90.549358732794644, 34.572484638141503 ], [ -90.549561164481219, 34.572188872658707 ] ] ], [ [ [ -90.548907590933226, 34.572667993365158 ], [ -90.549151085899823, 34.572901362718419 ], [ -90.549087467790912, 34.573205103789007 ], [ -90.548683798737002, 34.573411386037627 ], [ -90.548316590771705, 34.573358761409771 ], [ -90.548138063271523, 34.573125692119405 ], [ -90.548211066071772, 34.572856467748565 ], [ -90.548614733427172, 34.57265018698385 ], [ -90.548907590933226, 34.572667993365158 ] ] ], [ [ [ -90.548501980261747, 34.575051325364207 ], [ -90.548792259628001, 34.575187261535817 ], [ -90.548874008888049, 34.575488019678026 ], [ -90.548682003223945, 34.575713642725368 ], [ -90.548322012847663, 34.575774898076176 ], [ -90.548049238893881, 34.575616081190944 ], [ -90.547992128992348, 34.575344241767304 ], [ -90.54818413554294, 34.575118619837163 ], [ -90.548501980261747, 34.575051325364207 ] ] ], [ [ [ -90.548378136922238, 34.531220138658909 ], [ -90.548706610143441, 34.531172891561802 ], [ -90.548979245493655, 34.53133170191466 ], [ -90.549036337425633, 34.531603541516652 ], [ -90.548844440457884, 34.531829170599671 ], [ -90.548515964688178, 34.531876417956887 ], [ -90.548243328569598, 34.531717606543296 ], [ -90.548186239186109, 34.531445766681188 ], [ -90.548378136922238, 34.531220138658909 ] ] ], [ [ [ -90.54821058533976, 34.54443838170269 ], [ -90.548301680397202, 34.544633632224027 ], [ -90.548265540327691, 34.544806249643926 ], [ -90.547941792336033, 34.545015424132046 ], [ -90.546248702486054, 34.545060859062673 ], [ -90.545986463880027, 34.544951703486646 ], [ -90.545872683706875, 34.544764779407807 ], [ -90.545945663247267, 34.544495554511904 ], [ -90.546227335470235, 34.544347883357815 ], [ -90.547877770908215, 34.54429985492704 ], [ -90.54821058533976, 34.54443838170269 ] ] ], [ [ [ -90.547998647145619, 34.547083248952411 ], [ -90.548281591833302, 34.547147970415232 ], [ -90.548460068683653, 34.547381038055363 ], [ -90.548387094057418, 34.547650264577605 ], [ -90.548147129183789, 34.547790179857039 ], [ -90.547742018107911, 34.547712413376686 ], [ -90.547487699485913, 34.547800887340223 ], [ -90.546434425039308, 34.547799059554713 ], [ -90.546203151429197, 34.547714292092344 ], [ -90.546067772088875, 34.547537496241048 ], [ -90.54610851004486, 34.547263648861929 ], [ -90.54637134207637, 34.547093843970742 ], [ -90.547466114756091, 34.54708097854828 ], [ -90.547744330720136, 34.547171723552431 ], [ -90.547998647145619, 34.547083248952411 ] ] ], [ [ [ -90.547327698450928, 34.549921784117956 ], [ -90.548142476493354, 34.550065702780309 ], [ -90.548292488870771, 34.550312123213473 ], [ -90.548187968027136, 34.550574134530002 ], [ -90.54789013940082, 34.550698253532353 ], [ -90.547217658572521, 34.550636867992196 ], [ -90.546215562914099, 34.550706775608205 ], [ -90.545977637614627, 34.550659081279541 ], [ -90.545803169028446, 34.550507535162538 ], [ -90.54577855703883, 34.550232373737266 ], [ -90.545996311232273, 34.550023405630718 ], [ -90.547327698450928, 34.549921784117956 ] ] ], [ [ [ -90.547585759582219, 34.569832146835921 ], [ -90.547752751605302, 34.569939893731714 ], [ -90.547843869705403, 34.570135144990033 ], [ -90.547677458340758, 34.570445896540441 ], [ -90.546797333156206, 34.570755457097363 ], [ -90.546546210161893, 34.570729886534814 ], [ -90.546379218281643, 34.570622137998122 ], [ -90.546290179908254, 34.570356236710708 ], [ -90.546454519596395, 34.570116136345568 ], [ -90.547292912473296, 34.569814337706418 ], [ -90.547585759582219, 34.569832146835921 ] ] ], [ [ [ -90.544719393081692, 34.533573829155308 ], [ -90.545051890169148, 34.533553464935387 ], [ -90.545327147014476, 34.53375511163842 ], [ -90.545351756029618, 34.534030273560198 ], [ -90.545134044480719, 34.534239242719899 ], [ -90.54480154465935, 34.534259607046266 ], [ -90.544526287569909, 34.534057959155518 ], [ -90.544501681281687, 34.533782797183811 ], [ -90.544719393081692, 34.533573829155308 ] ] ], [ [ [ -90.54148536403595, 34.536598850270451 ], [ -90.541813861340316, 34.536551622840385 ], [ -90.542118717577296, 34.536720301944833 ], [ -90.542175789575907, 34.536992143745429 ], [ -90.541983861464317, 34.537217760537011 ], [ -90.541655361584262, 34.537264988312629 ], [ -90.541350504435599, 34.537096308018882 ], [ -90.541293435096918, 34.536824465947817 ], [ -90.54148536403595, 34.536598850270451 ] ] ], [ [ [ -90.539559302024273, 34.540377525772861 ], [ -90.539887815089955, 34.540330304237315 ], [ -90.540160461253294, 34.540489134644794 ], [ -90.540217528632439, 34.540760977047157 ], [ -90.540025586127641, 34.54098659003553 ], [ -90.539697070512005, 34.541033811830751 ], [ -90.539424423580854, 34.540874980361998 ], [ -90.539367358751633, 34.540603137699975 ], [ -90.539559302024273, 34.540377525772861 ] ] ], [ [ [ -90.539150367545815, 34.544509284478067 ], [ -90.539300343733544, 34.544755714619868 ], [ -90.53916632733889, 34.545043344021657 ], [ -90.538819524394782, 34.545147793744334 ], [ -90.538514656424582, 34.545036026142931 ], [ -90.538394595803751, 34.544778618240379 ], [ -90.538529670957232, 34.544526356551771 ], [ -90.538833729843205, 34.54442278198033 ], [ -90.539150367545815, 34.544509284478067 ] ] ], [ [ [ -90.538888838695073, 34.547193814542148 ], [ -90.539217379084533, 34.547146596020731 ], [ -90.539490045328037, 34.547305428660806 ], [ -90.539547113781239, 34.547577271206592 ], [ -90.539355152714521, 34.547802882165236 ], [ -90.53902660977424, 34.547850100946363 ], [ -90.53875394276271, 34.547691267244737 ], [ -90.538696876860342, 34.547419424439255 ], [ -90.538888838695073, 34.547193814542148 ] ] ], [ [ [ -90.537841507988986, 34.550096937861071 ], [ -90.538170060321661, 34.550049722694297 ], [ -90.538442733564096, 34.550208557926865 ], [ -90.538499799972087, 34.550480400784423 ], [ -90.538307829013817, 34.550706009591494 ], [ -90.537979274129953, 34.550753225017942 ], [ -90.537706600119463, 34.550594388723695 ], [ -90.537649536262691, 34.550322545606441 ], [ -90.537841507988986, 34.550096937861071 ] ] ], [ [ [ -90.53766314656329, 34.552996602305676 ], [ -90.537893135369757, 34.553196400841244 ], [ -90.537885004880351, 34.553472231518136 ], [ -90.537659307013556, 34.553687025877906 ], [ -90.537286832189935, 34.553694639303799 ], [ -90.537041993579976, 34.553464561056707 ], [ -90.537050126849195, 34.553188730554545 ], [ -90.537291615620262, 34.55299844688453 ], [ -90.53766314656329, 34.552996602305676 ] ] ], [ [ [ -90.537646997505391, 34.555953958309274 ], [ -90.537830702098219, 34.556222151515243 ], [ -90.537726140420048, 34.556484151919278 ], [ -90.53739189487662, 34.55661773076968 ], [ -90.537075214134163, 34.556531221979874 ], [ -90.536925225696237, 34.556284788911086 ], [ -90.537029789556954, 34.556022789282657 ], [ -90.537321594918794, 34.555893547322121 ], [ -90.537646997505391, 34.555953958309274 ] ] ], [ [ [ -90.540985976539787, 34.562029424560855 ], [ -90.541297115682227, 34.56225137313946 ], [ -90.541323077733026, 34.562425239058371 ], [ -90.541220598227284, 34.562616593458912 ], [ -90.541047484608015, 34.562717494643238 ], [ -90.540637854301536, 34.562777020198681 ], [ -90.540321146693671, 34.562690518779021 ], [ -90.540171138484681, 34.562444089048682 ], [ -90.540275701250138, 34.562182086771614 ], [ -90.540489417663807, 34.562070083301883 ], [ -90.540985976539787, 34.562029424560855 ] ] ], [ [ [ -90.539427044801386, 34.562169372537532 ], [ -90.539784543119808, 34.562336845020823 ], [ -90.539852061930517, 34.562538547457159 ], [ -90.539772744481979, 34.562737289061864 ], [ -90.539612417376659, 34.562851739588965 ], [ -90.539254727380708, 34.562890315994906 ], [ -90.538979831167836, 34.562728296729723 ], [ -90.538818745059771, 34.562952835999482 ], [ -90.538503563648106, 34.563029044974925 ], [ -90.538264764949346, 34.562976179640458 ], [ -90.538090286698136, 34.562824622265651 ], [ -90.53806569912868, 34.562549460717385 ], [ -90.538283505831231, 34.562340508959807 ], [ -90.538645998947317, 34.562316925208236 ], [ -90.538920893159684, 34.562478945150581 ], [ -90.539154141832952, 34.562216587513298 ], [ -90.539427044801386, 34.562169372537532 ] ] ], [ [ [ -90.540918162693643, 34.563457292691211 ], [ -90.5410382545342, 34.563714698869958 ], [ -90.540903152123576, 34.563966961616195 ], [ -90.54058723450207, 34.564066707168635 ], [ -90.540282296359848, 34.563954941255091 ], [ -90.540162206597984, 34.563697534425572 ], [ -90.540297310710628, 34.563445272567044 ], [ -90.540613226232935, 34.563345527671139 ], [ -90.540918162693643, 34.563457292691211 ] ] ], [ [ [ -90.542205265977501, 34.564207274526161 ], [ -90.542491735769318, 34.564154008719377 ], [ -90.542723049690863, 34.56423878479147 ], [ -90.542961509412663, 34.564525468930654 ], [ -90.542970404693193, 34.564763415353127 ], [ -90.543298744108014, 34.56492910274288 ], [ -90.543355833557371, 34.565200943834 ], [ -90.543163838911994, 34.565426558908726 ], [ -90.542877365031472, 34.565479826116928 ], [ -90.542646047572816, 34.565395050200216 ], [ -90.542510649660429, 34.565218249965611 ], [ -90.542515178555476, 34.565013893346794 ], [ -90.542270390056899, 34.564928296893115 ], [ -90.542070355772097, 34.564704729307863 ], [ -90.542013270787194, 34.564432887787433 ], [ -90.542205265977501, 34.564207274526161 ] ] ], [ [ [ -90.539777092924581, 34.565617478110674 ], [ -90.53989404519784, 34.565910167404482 ], [ -90.539694735630974, 34.566170634222551 ], [ -90.539236585346032, 34.566259091845552 ], [ -90.538921722453395, 34.566094213962558 ], [ -90.538864647149751, 34.565822371420694 ], [ -90.539056653976346, 34.565596763663109 ], [ -90.53947215045541, 34.56550571000156 ], [ -90.539777092924581, 34.565617478110674 ] ] ], [ [ [ -90.544989710399335, 34.567517871775081 ], [ -90.545318329088019, 34.567470640216605 ], [ -90.545591071791762, 34.567629462052857 ], [ -90.545648170077854, 34.567901302357221 ], [ -90.545456174739385, 34.568126920950341 ], [ -90.545127553497551, 34.568174152769188 ], [ -90.544854810024333, 34.568015329870747 ], [ -90.544797714291363, 34.567743489305997 ], [ -90.544989710399335, 34.567517871775081 ] ] ], [ [ [ -90.542282725359883, 34.571810961109897 ], [ -90.542587694554342, 34.571922723225299 ], [ -90.542704664319814, 34.572215410343837 ], [ -90.542494531923452, 34.572514210447771 ], [ -90.542173070281237, 34.572587851172365 ], [ -90.54188281146439, 34.572451900030501 ], [ -90.54179378603709, 34.572185996058195 ], [ -90.541971540251254, 34.571910309934282 ], [ -90.542282725359883, 34.571810961109897 ] ] ], [ [ [ -90.544524712490414, 34.574557990569716 ], [ -90.544857373506659, 34.574537633953362 ], [ -90.545110003539406, 34.574717807151607 ], [ -90.545134615523239, 34.574992967921233 ], [ -90.544916790214401, 34.575201930849317 ], [ -90.544584126543043, 34.575222287513839 ], [ -90.544331496253605, 34.575042113222729 ], [ -90.5443068869249, 34.574766952404929 ], [ -90.544524712490414, 34.574557990569716 ] ] ] ] } },
{ "type": "Feature", "properties": { "depth_bin": "-10--5 ft", "bin_order": 7.5, "survey_id": "LM_18_FRI_20150425_CS_6649_6690_SORT", "date": "2015-04-25", "year": 2015, "mile": 667.0 }, "geometry": { "type": "MultiPolygon", "coordinates": [ [ [ [ -90.569559405260847, 34.55922779797514 ], [ -90.569715144794927, 34.559392735639278 ], [ -90.56974116590483, 34.559566598043553 ], [ -90.56963875400433, 34.559757979309509 ], [ -90.569465678400363, 34.559858922585072 ], [ -90.567486856526074, 34.560285624217386 ], [ -90.567203850290966, 34.560220944932666 ], [ -90.567048114472641, 34.560056004225459 ], [ -90.567056150689837, 34.559780167826659 ], [ -90.567297594724039, 34.559589822833082 ], [ -90.569233961699865, 34.5591674706641 ], [ -90.569559405260847, 34.55922779797514 ] ] ], [ [ [ -90.569244731733093, 34.560297401794273 ], [ -90.569492860575437, 34.56042725622212 ], [ -90.569585091126285, 34.56065786020978 ], [ -90.569528706960043, 34.560826726112282 ], [ -90.569255039123163, 34.561089720398236 ], [ -90.567765904772571, 34.56153611992378 ], [ -90.567514800260966, 34.561510593414305 ], [ -90.567323157667971, 34.561373957681376 ], [ -90.567265991294988, 34.561102124470075 ], [ -90.567457912443942, 34.560876468125016 ], [ -90.567986206138755, 34.560670670459821 ], [ -90.56834560907069, 34.560612611917499 ], [ -90.56899243622108, 34.560312895912602 ], [ -90.569244731733093, 34.560297401794273 ] ] ], [ [ [ -90.569139950947303, 34.56131052617166 ], [ -90.569346862104155, 34.561430961090153 ], [ -90.569438023667431, 34.56162619819775 ], [ -90.569401917394401, 34.561798822978993 ], [ -90.569236757770781, 34.561957368183066 ], [ -90.567833654216074, 34.562441918697225 ], [ -90.567582546966605, 34.562416392215027 ], [ -90.567390902267249, 34.562279756514755 ], [ -90.567333735232765, 34.562007923336523 ], [ -90.567525658439038, 34.561782266995372 ], [ -90.568309930670949, 34.561528249233447 ], [ -90.568688541567226, 34.561313838740922 ], [ -90.569139950947303, 34.56131052617166 ] ] ], [ [ [ -90.568728007510074, 34.56303399936521 ], [ -90.569000488350042, 34.563082997771879 ], [ -90.569175025983967, 34.563234513302568 ], [ -90.569218395073648, 34.563440712001146 ], [ -90.569086502659843, 34.563657726219468 ], [ -90.568744155265549, 34.563756830732714 ], [ -90.567754816962122, 34.564315829915763 ], [ -90.567502509167866, 34.56433132041861 ], [ -90.567282320158554, 34.564228239896828 ], [ -90.567162145121671, 34.563970856135356 ], [ -90.567297169948674, 34.563718560939321 ], [ -90.568310643855753, 34.563131272210654 ], [ -90.568728007510074, 34.56303399936521 ] ] ], [ [ [ -90.570431813107902, 34.57677627203789 ], [ -90.570646559114593, 34.577028224572793 ], [ -90.570573623424025, 34.577297465109027 ], [ -90.570255642907696, 34.577458481277972 ], [ -90.569930128417639, 34.577398152976272 ], [ -90.569751530620209, 34.577165112567435 ], [ -90.569824468792419, 34.576895872624405 ], [ -90.570100719461379, 34.576742624957888 ], [ -90.570431813107902, 34.57677627203789 ] ] ], [ [ [ -90.571071083185487, 34.579684854641293 ], [ -90.571285838142401, 34.579936806336534 ], [ -90.571212901371624, 34.580206047118139 ], [ -90.5708655039153, 34.580371782487994 ], [ -90.570539977642156, 34.580311455344479 ], [ -90.570361372346923, 34.580078415596567 ], [ -90.570434311698648, 34.579809175430157 ], [ -90.570739977699247, 34.579651208815946 ], [ -90.571071083185487, 34.579684854641293 ] ] ], [ [ [ -90.567380379498488, 34.567322248327329 ], [ -90.567650388705601, 34.567534712668106 ], [ -90.567623140480464, 34.56784215641926 ], [ -90.5672642712629, 34.568041993199614 ], [ -90.566933213872076, 34.568008338986516 ], [ -90.566727889678845, 34.567790895985425 ], [ -90.566768574261985, 34.567517040084404 ], [ -90.567022032883386, 34.567347688267354 ], [ -90.567380379498488, 34.567322248327329 ] ] ], [ [ [ -90.566721807106163, 34.568494578888377 ], [ -90.566888822890007, 34.568602300525249 ], [ -90.566979985391271, 34.568797539349362 ], [ -90.566813646672543, 34.569108320202368 ], [ -90.56620806830631, 34.569208907655941 ], [ -90.565880559748294, 34.569365332513982 ], [ -90.56550486139561, 34.569227732292035 ], [ -90.565423056227431, 34.568926982748785 ], [ -90.565639693615751, 34.568630989017791 ], [ -90.566338154553065, 34.568452694630125 ], [ -90.566721807106163, 34.568494578888377 ] ] ], [ [ [ -90.566132593944985, 34.571400364982622 ], [ -90.566415636584239, 34.571465048208616 ], [ -90.566571391010285, 34.571629990287335 ], [ -90.566590114122462, 34.571838712651925 ], [ -90.566465494158109, 34.572020863197821 ], [ -90.565465797373491, 34.572514599716897 ], [ -90.565042849872313, 34.572647468651482 ], [ -90.564790516627042, 34.572662952439764 ], [ -90.56457030991416, 34.572559866362816 ], [ -90.564450132990174, 34.572302480095111 ], [ -90.564585180869912, 34.572050189130344 ], [ -90.566132593944985, 34.571400364982622 ] ] ], [ [ [ -90.56406725700279, 34.558969617816409 ], [ -90.564268300144903, 34.558914594532254 ], [ -90.564515161364625, 34.558960365825406 ], [ -90.564668588821277, 34.559081112619033 ], [ -90.564736166480813, 34.559282803806013 ], [ -90.56452397490564, 34.559710674895456 ], [ -90.564026261588651, 34.559922900606907 ], [ -90.563721303229713, 34.559811192556282 ], [ -90.563601144913491, 34.559553805846981 ], [ -90.563680403077015, 34.559355046118782 ], [ -90.56406725700279, 34.558969617816409 ] ] ], [ [ [ -90.564781632447747, 34.568360853132283 ], [ -90.565054417696899, 34.568519633095313 ], [ -90.565100191019383, 34.568825567332105 ], [ -90.564791935238702, 34.569088405944058 ], [ -90.564459297541731, 34.569108818094556 ], [ -90.564206639479337, 34.568928683793118 ], [ -90.56418196490074, 34.568653524042986 ], [ -90.564453018001046, 34.568408137462079 ], [ -90.564781632447747, 34.568360853132283 ] ] ], [ [ [ -90.563317827213808, 34.572565349980124 ], [ -90.563646458636825, 34.572518069457068 ], [ -90.563919254675369, 34.572676852343513 ], [ -90.563976415655418, 34.572948686528967 ], [ -90.563784455644779, 34.573174335419317 ], [ -90.563455821668626, 34.573221616203995 ], [ -90.563183024858489, 34.573062832255559 ], [ -90.563125866431577, 34.572790997808482 ], [ -90.563317827213808, 34.572565349980124 ] ] ], [ [ [ -90.562675273061586, 34.572915869277544 ], [ -90.56295871917942, 34.573161931998399 ], [ -90.562868850424024, 34.573493581018958 ], [ -90.56223919968852, 34.573727613093531 ], [ -90.561879978745907, 34.573645509416188 ], [ -90.561729887518567, 34.573399103085912 ], [ -90.561834399582196, 34.573137080463511 ], [ -90.562179491711191, 34.572974219303546 ], [ -90.562675273061586, 34.572915869277544 ] ] ], [ [ [ -90.564698709564865, 34.575544731285163 ], [ -90.564971517295447, 34.575703512246946 ], [ -90.565017292631268, 34.576009446340151 ], [ -90.564769004904832, 34.576231302770736 ], [ -90.564404432433335, 34.576263578810753 ], [ -90.564151753776542, 34.576083443679373 ], [ -90.564127078717448, 34.575808284130353 ], [ -90.564344859693648, 34.575599284930689 ], [ -90.564698709564865, 34.575544731285163 ] ] ], [ [ [ -90.556153899007199, 34.534396049657545 ], [ -90.556397623169232, 34.534340156133858 ], [ -90.556637796206402, 34.534405737577536 ], [ -90.557118664071879, 34.534971104481016 ], [ -90.557175784480066, 34.535242941354923 ], [ -90.556983899734092, 34.535468583698687 ], [ -90.556574315151494, 34.53549370841462 ], [ -90.556244622965977, 34.535223990067756 ], [ -90.555952654075853, 34.534727199613066 ], [ -90.555988772746872, 34.534554578797227 ], [ -90.556153899007199, 34.534396049657545 ] ] ], [ [ [ -90.562371516708552, 34.559745905753552 ], [ -90.562641489153208, 34.559958379854315 ], [ -90.562591362906289, 34.560295718933112 ], [ -90.562207415995502, 34.560484771846703 ], [ -90.561769366619387, 34.560414508219147 ], [ -90.561590825784052, 34.560181457759647 ], [ -90.561663771767172, 34.559912222500465 ], [ -90.561903751735045, 34.559772281391318 ], [ -90.562371516708552, 34.559745905753552 ] ] ], [ [ [ -90.556193987010985, 34.566373952417017 ], [ -90.556414166583878, 34.566477052590521 ], [ -90.556527997564018, 34.566663968483709 ], [ -90.556497111395544, 34.566871698365254 ], [ -90.556366874886464, 34.567009843987378 ], [ -90.555527501739931, 34.567339883293229 ], [ -90.555259087159868, 34.567367050759877 ], [ -90.555100900629199, 34.567514044778733 ], [ -90.554787035991851, 34.567626723929109 ], [ -90.554534100188491, 34.567621654172122 ], [ -90.554327197164966, 34.567501194482993 ], [ -90.554238135814728, 34.567235297944073 ], [ -90.554402446588384, 34.566995185524249 ], [ -90.554942544970118, 34.566854844244155 ], [ -90.55513793426087, 34.56669040278247 ], [ -90.555941672300833, 34.56638941863833 ], [ -90.556193987010985, 34.566373952417017 ] ] ], [ [ [ -90.558314250183642, 34.568114365473953 ], [ -90.558625459847107, 34.568336272544769 ], [ -90.558575310341524, 34.56867360865207 ], [ -90.558034262068162, 34.568942379367421 ], [ -90.557667065960132, 34.568889783450601 ], [ -90.557488520280245, 34.568656726996473 ], [ -90.557561488447206, 34.568387495404799 ], [ -90.558061930312064, 34.568129835873094 ], [ -90.558314250183642, 34.568114365473953 ] ] ], [ [ [ -90.561781123447119, 34.569602828957677 ], [ -90.562109743711702, 34.569555552100276 ], [ -90.562382527273314, 34.569714337963298 ], [ -90.562439681766548, 34.569986172692566 ], [ -90.562247725059322, 34.570211819375302 ], [ -90.561919102241902, 34.570259096494183 ], [ -90.561646317908995, 34.570100309569256 ], [ -90.561589165968584, 34.5698284745785 ], [ -90.561781123447119, 34.569602828957677 ] ] ], [ [ [ -90.560991912978082, 34.570036302654337 ], [ -90.561267001027517, 34.570323897422654 ], [ -90.561236124667218, 34.570531628832519 ], [ -90.561105889605187, 34.570669779531578 ], [ -90.560743246217697, 34.570795625139439 ], [ -90.560471824335636, 34.570763582234051 ], [ -90.56033904580093, 34.570990179323104 ], [ -90.56005969114311, 34.571112274357084 ], [ -90.559791956963636, 34.571105077515398 ], [ -90.559585037468352, 34.570984626125572 ], [ -90.559495956090117, 34.570718732700023 ], [ -90.559660259649064, 34.570478612969403 ], [ -90.559918919612556, 34.570379240898959 ], [ -90.560229995190113, 34.570405841356163 ], [ -90.560333293949483, 34.570204875739982 ], [ -90.560658455562461, 34.570029635608336 ], [ -90.560991912978082, 34.570036302654337 ] ] ], [ [ [ -90.556205674330698, 34.578405577553802 ], [ -90.556534331817545, 34.578358317386517 ], [ -90.55680713174948, 34.578517116284075 ], [ -90.556864272171438, 34.578788952757186 ], [ -90.556672279193194, 34.579014588871388 ], [ -90.556343619152258, 34.57906184929994 ], [ -90.556070818449214, 34.578903049340006 ], [ -90.556013680581358, 34.578631212605636 ], [ -90.556205674330698, 34.578405577553802 ] ] ], [ [ [ -90.55511769571936, 34.578846851627098 ], [ -90.555349063777669, 34.578931605828018 ], [ -90.555484510245236, 34.579108393539023 ], [ -90.555478380986074, 34.579317626887182 ], [ -90.555332740996903, 34.579488781459638 ], [ -90.554031093710975, 34.579944620764337 ], [ -90.553778120741669, 34.579939547869024 ], [ -90.553571189433242, 34.579819085870859 ], [ -90.553482119803874, 34.579553188813286 ], [ -90.553646459150883, 34.579313078972895 ], [ -90.554557039184246, 34.57895532955304 ], [ -90.55511769571936, 34.578846851627098 ] ] ], [ [ [ -90.559113623910577, 34.5806804618665 ], [ -90.559328343820781, 34.58093243317407 ], [ -90.559255367815808, 34.581201665096692 ], [ -90.558905460352591, 34.581368221496746 ], [ -90.558579940855466, 34.581307862625472 ], [ -90.558401368100931, 34.581074806708962 ], [ -90.558474346695249, 34.580805575404227 ], [ -90.558782521322783, 34.580646783605225 ], [ -90.559113623910577, 34.5806804618665 ] ] ], [ [ [ -90.558958094593223, 34.58372869249159 ], [ -90.559286772144986, 34.583681425761235 ], [ -90.559559594487538, 34.583840219329815 ], [ -90.559616746538381, 34.584112054829788 ], [ -90.559424747594818, 34.584337694896888 ], [ -90.559096067488383, 34.584384961888745 ], [ -90.558823244374224, 34.584226167257654 ], [ -90.558766094878052, 34.583954331496194 ], [ -90.558958094593223, 34.58372869249159 ] ] ], [ [ [ -90.554437252031519, 34.536564354120465 ], [ -90.554765744039315, 34.536517091490808 ], [ -90.555069896941333, 34.536691413253223 ], [ -90.555127011452456, 34.536963250784048 ], [ -90.55493511713189, 34.537188889444629 ], [ -90.554606622526123, 34.537236152417712 ], [ -90.554302468749327, 34.537061829471078 ], [ -90.554245356898022, 34.536789991669131 ], [ -90.554437252031519, 34.536564354120465 ] ] ], [ [ [ -90.554586852079467, 34.544168763743848 ], [ -90.554793699759415, 34.544289220977404 ], [ -90.554884810373409, 34.544484467232024 ], [ -90.554806611463405, 34.544718588327783 ], [ -90.554607258269286, 34.544847408583315 ], [ -90.553270475952388, 34.544926729547065 ], [ -90.553072916707066, 34.544863731799289 ], [ -90.552917236695592, 34.544698775062983 ], [ -90.552925314930206, 34.544422940877546 ], [ -90.553166742876513, 34.544232622908787 ], [ -90.554586852079467, 34.544168763743848 ] ] ], [ [ [ -90.555301296934516, 34.564527995874357 ], [ -90.55550819435939, 34.564648453711321 ], [ -90.555599325955711, 34.564843699851572 ], [ -90.55554397410944, 34.56504792470799 ], [ -90.555360794928291, 34.565192291892423 ], [ -90.553553530572799, 34.565710944406526 ], [ -90.553302419733782, 34.565685388296444 ], [ -90.553089702064455, 34.5655179544841 ], [ -90.553065064601242, 34.565242793938097 ], [ -90.553282842853164, 34.565033814174285 ], [ -90.555048370415918, 34.564522927578203 ], [ -90.555301296934516, 34.564527995874357 ] ] ], [ [ [ -90.553961345883195, 34.576447329229623 ], [ -90.554168269731377, 34.576567790295897 ], [ -90.55425940942574, 34.576763037509082 ], [ -90.554223263536727, 34.576935655800703 ], [ -90.554058044591415, 34.577094177598802 ], [ -90.552110898968081, 34.577891543405606 ], [ -90.551818022029053, 34.577873743927078 ], [ -90.551626370735022, 34.577737083352048 ], [ -90.551569248046377, 34.577465245134462 ], [ -90.551761250507511, 34.57723961743848 ], [ -90.553095718009175, 34.576652483939647 ], [ -90.553708383522149, 34.576442256636064 ], [ -90.553961345883195, 34.576447329229623 ] ] ], [ [ [ -90.553354543791031, 34.540576206642648 ], [ -90.554119839077586, 34.540832846269147 ], [ -90.554275514825818, 34.540997801360518 ], [ -90.554282815665701, 34.541240624456762 ], [ -90.554102297988919, 34.541432161674095 ], [ -90.553732577591092, 34.541469997009209 ], [ -90.553086740408347, 34.541247734383745 ], [ -90.552933361778074, 34.541126974795262 ], [ -90.552876252462639, 34.540855136588064 ], [ -90.55306816118204, 34.540629501883416 ], [ -90.553354543791031, 34.540576206642648 ] ] ], [ [ [ -90.553205950876688, 34.542459115881485 ], [ -90.554272383693785, 34.542569411324394 ], [ -90.55446152530223, 34.542648126590905 ], [ -90.554611544840668, 34.542894539749433 ], [ -90.554507054218021, 34.543156558006245 ], [ -90.554166519842056, 34.543281573935253 ], [ -90.553361806475763, 34.543204959388078 ], [ -90.552996109288728, 34.543087338685638 ], [ -90.552846094329041, 34.542840923734637 ], [ -90.552950589618703, 34.542578907092846 ], [ -90.553205950876688, 34.542459115881485 ] ] ], [ [ [ -90.552960522433224, 34.562672568011067 ], [ -90.553207387024301, 34.562718362379535 ], [ -90.553381893863445, 34.562869899280081 ], [ -90.553425223446624, 34.56307610194861 ], [ -90.553322770170979, 34.563267467645751 ], [ -90.552796394205117, 34.563453264835275 ], [ -90.552460231709517, 34.563479330258779 ], [ -90.552228908807308, 34.563394572319538 ], [ -90.552078863386797, 34.563148155718785 ], [ -90.552183390416957, 34.562886141708006 ], [ -90.552356491913685, 34.562785224158944 ], [ -90.552960522433224, 34.562672568011067 ] ] ], [ [ [ -90.551947796225235, 34.528610782017772 ], [ -90.552276257673938, 34.528563524768288 ], [ -90.552548892097221, 34.528722327131106 ], [ -90.552605994490989, 34.52899416558575 ], [ -90.552414113245675, 34.529219801036319 ], [ -90.552085649248937, 34.529267058546111 ], [ -90.551813014057046, 34.529108255122715 ], [ -90.551755914211327, 34.528836416407785 ], [ -90.551947796225235, 34.528610782017772 ] ] ], [ [ [ -90.551533633437202, 34.537333432979501 ], [ -90.551964745911008, 34.537503255390952 ], [ -90.55200330954483, 34.537824549116642 ], [ -90.55235709825061, 34.537762543929183 ], [ -90.552657777745793, 34.537938670859823 ], [ -90.552714884937885, 34.538210509172671 ], [ -90.552522981261859, 34.538436143598219 ], [ -90.552279242865268, 34.538492028728292 ], [ -90.552039062231145, 34.538426438388882 ], [ -90.551855379654825, 34.53824415691097 ], [ -90.551855237089285, 34.537985977970934 ], [ -90.551586208724558, 34.53805661103334 ], [ -90.551346029950182, 34.537991019401233 ], [ -90.551161135395276, 34.537763686592733 ], [ -90.550931055377191, 34.537735985897406 ], [ -90.550426586729444, 34.537475427470405 ], [ -90.550278659352117, 34.537158360235559 ], [ -90.550442916633571, 34.536918250045886 ], [ -90.550764233037668, 34.5368445809858 ], [ -90.55121471522142, 34.537027076500053 ], [ -90.551450826262268, 34.537184491263218 ], [ -90.551533633437202, 34.537333432979501 ] ] ], [ [ [ -90.552846417508633, 34.538218177957802 ], [ -90.553174916713374, 34.538170919938409 ], [ -90.553576890182512, 34.538359059111315 ], [ -90.55369699052666, 34.5386164539105 ], [ -90.553561970813561, 34.538868734971906 ], [ -90.553208285075073, 34.538965527641061 ], [ -90.552764184558711, 34.538771349978383 ], [ -90.552647218508014, 34.538478671543032 ], [ -90.552846417508633, 34.538218177957802 ] ] ], [ [ [ -90.552185324121282, 34.560810988735476 ], [ -90.552359825239733, 34.560962526894158 ], [ -90.552403151576371, 34.561168729835501 ], [ -90.552300698622702, 34.561360094728172 ], [ -90.552127600126354, 34.561461012341937 ], [ -90.551908355660487, 34.561482958488732 ], [ -90.551702045056132, 34.561414334483224 ], [ -90.551473319345575, 34.561542295172451 ], [ -90.550539936830702, 34.561644989508515 ], [ -90.550299692285336, 34.561579393200233 ], [ -90.550143988844212, 34.561414432244106 ], [ -90.550152081273453, 34.561138599387242 ], [ -90.550393565913367, 34.56094828970312 ], [ -90.551324791643722, 34.560835367532761 ], [ -90.551616499399472, 34.560905705825817 ], [ -90.551929385048751, 34.560765642310741 ], [ -90.552185324121282, 34.560810988735476 ] ] ], [ [ [ -90.551222022618106, 34.574165188313152 ], [ -90.551432067430923, 34.574231765719645 ], [ -90.551587795873246, 34.57439672583773 ], [ -90.551613781716341, 34.574570590321116 ], [ -90.551511308630012, 34.574761953393768 ], [ -90.550636348768748, 34.575176396449372 ], [ -90.550375297418825, 34.575178022299703 ], [ -90.550186088222091, 34.575099298112626 ], [ -90.550036030080719, 34.57485287879102 ], [ -90.550140580362196, 34.574590867882762 ], [ -90.550908707132251, 34.574222851237067 ], [ -90.551222022618106, 34.574165188313152 ] ] ], [ [ [ -90.548591807175811, 34.538936653539629 ], [ -90.549499543220421, 34.539212782568086 ], [ -90.549673996517754, 34.539364322934404 ], [ -90.549698620412457, 34.539639484428427 ], [ -90.549480903764533, 34.539848461013172 ], [ -90.549148381852106, 34.539868836267765 ], [ -90.548366609783869, 34.539610762505738 ], [ -90.548192158487808, 34.539459220353947 ], [ -90.54815614818034, 34.539218157586582 ], [ -90.548313118303057, 34.539012909358398 ], [ -90.548591807175811, 34.538936653539629 ] ] ], [ [ [ -90.548454685456932, 34.541832440447656 ], [ -90.548896456019364, 34.541726104032698 ], [ -90.549186623567053, 34.541862035047572 ], [ -90.549275646539002, 34.542127934450036 ], [ -90.549111374823354, 34.542368042303259 ], [ -90.548719640514875, 34.542435895376343 ], [ -90.548522090936288, 34.542372890629665 ], [ -90.548371670539339, 34.542217714283652 ], [ -90.548042930702721, 34.542332452800594 ], [ -90.546710211214346, 34.542160524856484 ], [ -90.546462173206891, 34.542030627525079 ], [ -90.546370025000144, 34.541800008990428 ], [ -90.546505071232588, 34.541547737125974 ], [ -90.546816136236103, 34.541448371240847 ], [ -90.548148844740496, 34.541620297571761 ], [ -90.548454685456932, 34.541832440447656 ] ] ], [ [ [ -90.548966822686822, 34.555772259023456 ], [ -90.54915842114751, 34.555908921901704 ], [ -90.549222824581378, 34.556145902648346 ], [ -90.549120371380965, 34.556337264964348 ], [ -90.54890668076942, 34.55644928477335 ], [ -90.548553656682301, 34.556404051830889 ], [ -90.547903080986629, 34.556501192584669 ], [ -90.547121856193613, 34.556517063257644 ], [ -90.546890558200218, 34.556432296152643 ], [ -90.546755164364541, 34.556255500631103 ], [ -90.546795906110674, 34.555981653463057 ], [ -90.547058765386694, 34.555811848418365 ], [ -90.548296507075705, 34.555736157124194 ], [ -90.548966822686822, 34.555772259023456 ] ] ], [ [ [ -90.550345368164699, 34.558550754512915 ], [ -90.550467348037799, 34.558693957453372 ], [ -90.550486029812248, 34.55890268086538 ], [ -90.55036139677631, 34.559084814632747 ], [ -90.55013545739601, 34.559178968257335 ], [ -90.548222748600978, 34.559277059347998 ], [ -90.547960463641928, 34.559167906240461 ], [ -90.547846661532787, 34.558980983387897 ], [ -90.547919650056258, 34.55871175813855 ], [ -90.548201368602875, 34.55856408462801 ], [ -90.550071413761955, 34.558463400454421 ], [ -90.550345368164699, 34.558550754512915 ] ] ], [ [ [ -90.548807098883657, 34.571437309419906 ], [ -90.549135731626492, 34.57139006816324 ], [ -90.549408494478897, 34.571548882219098 ], [ -90.549465607205747, 34.5718207212186 ], [ -90.549273612140681, 34.572046345746926 ], [ -90.548944976844339, 34.572093587264284 ], [ -90.548672213221906, 34.571934772146157 ], [ -90.548615103048547, 34.571662932885978 ], [ -90.548807098883657, 34.571437309419906 ] ] ], [ [ [ -90.548665171859014, 34.57486676117324 ], [ -90.548876904264631, 34.574862417109394 ], [ -90.549097095730943, 34.574965530933163 ], [ -90.54921092029808, 34.575152453217491 ], [ -90.549195394248045, 34.575327169715209 ], [ -90.5489336264001, 34.575594552591241 ], [ -90.548597640953929, 34.575741969832322 ], [ -90.548344681745434, 34.575736886213036 ], [ -90.548092041359254, 34.575556719317738 ], [ -90.548067419530781, 34.575281558747143 ], [ -90.548213066010334, 34.575110413067591 ], [ -90.548665171859014, 34.57486676117324 ] ] ], [ [ [ -90.54839852157383, 34.531243987521613 ], [ -90.548726994881534, 34.531196740373275 ], [ -90.548999630348348, 34.531355550684964 ], [ -90.549056722358728, 34.531627390279965 ], [ -90.548864825385252, 34.531853019394269 ], [ -90.548536349529058, 34.531900266802715 ], [ -90.548263713293878, 34.531741455430279 ], [ -90.548206623832002, 34.531469615575176 ], [ -90.54839852157383, 34.531243987521613 ] ] ], [ [ [ -90.546646408969224, 34.547082170744879 ], [ -90.546954994954689, 34.547149751184683 ], [ -90.547133467984878, 34.547382820608931 ], [ -90.54706048912837, 34.547652046155378 ], [ -90.546820522188412, 34.547791958729732 ], [ -90.545182155874642, 34.547796956587334 ], [ -90.544950883689211, 34.547712186804468 ], [ -90.544815507090092, 34.547535389675971 ], [ -90.544856249125885, 34.547261542889792 ], [ -90.545119083529542, 34.547091740805456 ], [ -90.546646408969224, 34.547082170744879 ] ] ], [ [ [ -90.547445020013001, 34.552995862049542 ], [ -90.547554685261545, 34.553323403341665 ], [ -90.547430055101202, 34.55350553434657 ], [ -90.547245846584119, 34.553591923081903 ], [ -90.546358759110589, 34.553601262100472 ], [ -90.54613862606729, 34.553498145541319 ], [ -90.546034213825777, 34.553345737532787 ], [ -90.54607495590912, 34.553071890527058 ], [ -90.546337807024699, 34.552902086635648 ], [ -90.547182755402289, 34.552886708048845 ], [ -90.547445020013001, 34.552995862049542 ] ] ], [ [ [ -90.544689965510031, 34.533661092840653 ], [ -90.545053395139604, 34.533593478332975 ], [ -90.545353382992786, 34.533765942135304 ], [ -90.54544238656041, 34.534031843769839 ], [ -90.545278121514684, 34.534271946958583 ], [ -90.544956811207257, 34.534345601810053 ], [ -90.544637182287062, 34.534192993734841 ], [ -90.54452569915999, 34.533901194968308 ], [ -90.544689965510031, 34.533661092840653 ] ] ], [ [ [ -90.541516296685828, 34.536640612751285 ], [ -90.541837618416963, 34.536566967493854 ], [ -90.542127756030212, 34.536702914153778 ], [ -90.542216751730891, 34.536968817721458 ], [ -90.542052471382434, 34.537208915819775 ], [ -90.541731147300666, 34.537282561538973 ], [ -90.541441008436948, 34.537146613889036 ], [ -90.541352015086872, 34.536880709859581 ], [ -90.541516296685828, 34.536640612751285 ] ] ], [ [ [ -90.539589738275012, 34.540396055145727 ], [ -90.539918251402142, 34.5403488335307 ], [ -90.540190897685903, 34.540507663874749 ], [ -90.540247965173918, 34.54077950626688 ], [ -90.540056022702657, 34.541005119304231 ], [ -90.539727507025589, 34.541052341178926 ], [ -90.539454859974001, 34.540893509773603 ], [ -90.53939779503591, 34.540621667121798 ], [ -90.539589738275012, 34.540396055145727 ] ] ], [ [ [ -90.546478792368148, 34.544391310765086 ], [ -90.546693386183151, 34.544643300106742 ], [ -90.546594113008425, 34.544940420941806 ], [ -90.546296302870161, 34.545064536909663 ], [ -90.545868814632357, 34.544982226204489 ], [ -90.545718818192086, 34.544735803305812 ], [ -90.545823338206233, 34.544473793896266 ], [ -90.546078714725141, 34.544354018322721 ], [ -90.546478792368148, 34.544391310765086 ] ] ], [ [ [ -90.538669414357841, 34.544481911364684 ], [ -90.538997944068583, 34.544434692965389 ], [ -90.539270601329775, 34.54459352576464 ], [ -90.539327667758684, 34.544865368413333 ], [ -90.539135712811742, 34.545090979358328 ], [ -90.538807180550521, 34.545138198017284 ], [ -90.538534522521431, 34.544979364156582 ], [ -90.538477458643001, 34.54470752124822 ], [ -90.538669414357841, 34.544481911364684 ] ] ], [ [ [ -90.539542208161407, 34.547276214623594 ], [ -90.539631204683374, 34.547542119788751 ], [ -90.539431941750053, 34.547802588724068 ], [ -90.539064930201448, 34.547850213829534 ], [ -90.538792263111318, 34.547691380210452 ], [ -90.538735197083014, 34.547419537417568 ], [ -90.53892715881824, 34.547193927455751 ], [ -90.539252039475798, 34.547140260639488 ], [ -90.539542208161407, 34.547276214623594 ] ] ], [ [ [ -90.546786641151968, 34.550098296953514 ], [ -90.546896300680103, 34.550425838707511 ], [ -90.546628068044498, 34.550683251563221 ], [ -90.545899565698932, 34.550691733195755 ], [ -90.545588454766559, 34.550469797290972 ], [ -90.545596558924927, 34.550193964881252 ], [ -90.545838020180042, 34.55000366300397 ], [ -90.546524386357646, 34.549989141913343 ], [ -90.546786641151968, 34.550098296953514 ] ] ], [ [ [ -90.538428597702236, 34.550123295297951 ], [ -90.538578580756422, 34.550369726460737 ], [ -90.538444551707883, 34.550657354338391 ], [ -90.538099263216949, 34.550758013133752 ], [ -90.53779437630493, 34.55064624299208 ], [ -90.537674310959432, 34.550388834345902 ], [ -90.537809398372616, 34.550136574146002 ], [ -90.538111939935547, 34.550036790121965 ], [ -90.538428597702236, 34.550123295297951 ] ] ], [ [ [ -90.537324598244268, 34.553001465766251 ], [ -90.537697069974669, 34.552993852092101 ], [ -90.53792705885914, 34.553193650566925 ], [ -90.537903092436707, 34.553507576016102 ], [ -90.537661603438821, 34.553697860879247 ], [ -90.537323708662655, 34.553692003793515 ], [ -90.53709371999453, 34.553492204198619 ], [ -90.537101853101419, 34.553216373686979 ], [ -90.537324598244268, 34.553001465766251 ] ] ], [ [ [ -90.537198071755896, 34.555939154560519 ], [ -90.537526647545747, 34.555891942165083 ], [ -90.53779933786582, 34.556050779460143 ], [ -90.537856404968167, 34.556322622463334 ], [ -90.537664417913689, 34.556548229413877 ], [ -90.537335839571881, 34.556595442069039 ], [ -90.537063148483597, 34.556436603712058 ], [ -90.537006083933207, 34.55616476044915 ], [ -90.537198071755896, 34.555939154560519 ] ] ], [ [ [ -90.537900009058561, 34.559195734785881 ], [ -90.538260593273151, 34.559297400010919 ], [ -90.538429688999287, 34.559495965162057 ], [ -90.538388917542989, 34.559769808148829 ], [ -90.538126028823982, 34.559939593121264 ], [ -90.537655859112235, 34.559894607296954 ], [ -90.53741243341868, 34.559661217519505 ], [ -90.5375023838819, 34.55932959024674 ], [ -90.537900009058561, 34.559195734785881 ] ] ], [ [ [ -90.539491576321808, 34.562213593224563 ], [ -90.539658542567096, 34.562321350234939 ], [ -90.539749634138175, 34.562516606603793 ], [ -90.539713466497105, 34.562689219946193 ], [ -90.539548251096505, 34.562847722445269 ], [ -90.53928132202789, 34.562911596831235 ], [ -90.539025031616063, 34.562860833935098 ], [ -90.538576665654247, 34.56302469422873 ], [ -90.538219167119649, 34.562857218198801 ], [ -90.538162095682708, 34.562585375388963 ], [ -90.538354096346282, 34.562359768392469 ], [ -90.538655045197117, 34.562274214943329 ], [ -90.538911333555944, 34.56232497853523 ], [ -90.539240482048044, 34.562188008771678 ], [ -90.539491576321808, 34.562213593224563 ] ] ], [ [ [ -90.542731777946685, 34.564812066790616 ], [ -90.543060386783168, 34.564764840899983 ], [ -90.543333116350041, 34.564923667292362 ], [ -90.543390205909759, 34.565195508372206 ], [ -90.543198211367383, 34.565421123505729 ], [ -90.542869599978033, 34.565468349656562 ], [ -90.542596869642011, 34.565309522202043 ], [ -90.54253978263516, 34.565037680862005 ], [ -90.542731777946685, 34.564812066790616 ] ] ] ] } },
{ "type": "Feature", "properties": { "depth_bin": "-5-0 ft", "bin_order": 2.5, "survey_id": "LM_18_FRI_20150425_CS_6649_6690_SORT", "date": "2015-04-25", "year": 2015, "mile": 667.0 }, "geometry": { "type": "MultiPolygon", "coordinates": [ [ [ [ -90.568691003846993, 34.561395119889404 ], [ -90.569005913148388, 34.561559922747257 ], [ -90.56903632663861, 34.561898869636856 ], [ -90.568620276903829, 34.562191760401291 ], [ -90.568247761058316, 34.562199466908162 ], [ -90.568017672570008, 34.561999721773248 ], [ -90.568025706169081, 34.561723885263461 ], [ -90.568404556561077, 34.561448448378904 ], [ -90.568691003846993, 34.561395119889404 ] ] ], [ [ [ -90.566418597042841, 34.568454216333713 ], [ -90.566685809770092, 34.568482814640106 ], [ -90.566877466869144, 34.56861945187368 ], [ -90.566941928784573, 34.568856425350702 ], [ -90.566839497894762, 34.569047803249404 ], [ -90.566625795549086, 34.569159853530081 ], [ -90.56631547088692, 34.569138445251603 ], [ -90.566043967487957, 34.569237466303662 ], [ -90.565727205354136, 34.5691510288123 ], [ -90.565577109739593, 34.568904626914865 ], [ -90.565681603422078, 34.56864260007206 ], [ -90.565895305566244, 34.568530551435288 ], [ -90.566192678325336, 34.568548377561783 ], [ -90.566418597042841, 34.568454216333713 ] ] ], [ [ [ -90.563407080481397, 34.572541093963302 ], [ -90.563699942956887, 34.572558864928446 ], [ -90.563912700144527, 34.572726281710054 ], [ -90.563948764727741, 34.572967341155682 ], [ -90.563791762783154, 34.573172607397829 ], [ -90.563405987768434, 34.573235200844529 ], [ -90.562765206849591, 34.573568378232643 ], [ -90.56248530588357, 34.573599857343879 ], [ -90.56179682813044, 34.573970148588401 ], [ -90.561544490680475, 34.573985625460956 ], [ -90.561296336181655, 34.573855753941146 ], [ -90.561207246769996, 34.573589861520169 ], [ -90.561371551710394, 34.573349739616944 ], [ -90.562736726062184, 34.572767419725579 ], [ -90.563143924675785, 34.572711381766865 ], [ -90.563407080481397, 34.572541093963302 ] ] ], [ [ [ -90.564238897046593, 34.575647764316521 ], [ -90.564560354760246, 34.575574065116236 ], [ -90.564850664424512, 34.575709964222142 ], [ -90.564939767462846, 34.575975854481577 ], [ -90.564775466859459, 34.576215981314682 ], [ -90.564454006791948, 34.576289680978867 ], [ -90.564163695872537, 34.576153780882343 ], [ -90.56407459518806, 34.575887890158995 ], [ -90.564238897046593, 34.575647764316521 ] ] ], [ [ [ -90.570288502681734, 34.576776289357461 ], [ -90.570558548814248, 34.576988748556545 ], [ -90.570550519006218, 34.577264584895048 ], [ -90.570244294746971, 34.577488652292303 ], [ -90.569910805277715, 34.577482009275435 ], [ -90.569680672711513, 34.577282265793592 ], [ -90.569688705398121, 34.577006429634118 ], [ -90.569955834633021, 34.576796715248015 ], [ -90.570288502681734, 34.576776289357461 ] ] ], [ [ [ -90.561392561719984, 34.576680087486352 ], [ -90.561665366280835, 34.57683887571082 ], [ -90.561711129779255, 34.5771448105084 ], [ -90.561487687163506, 34.577356219386118 ], [ -90.561120951519811, 34.577390668048189 ], [ -90.560868277109805, 34.577210526296639 ], [ -90.560843612820108, 34.576935366572279 ], [ -90.561061404779593, 34.576726373744634 ], [ -90.561392561719984, 34.576680087486352 ] ] ], [ [ [ -90.570971975179859, 34.579713575063849 ], [ -90.571177338316048, 34.579931012229686 ], [ -90.571136659556473, 34.580204869448522 ], [ -90.570841739158368, 34.580385023113827 ], [ -90.570510631040321, 34.580351376556138 ], [ -90.570305268743638, 34.580133938310354 ], [ -90.570345950167479, 34.579860081479325 ], [ -90.570640869636833, 34.579679928966343 ], [ -90.570971975179859, 34.579713575063849 ] ] ], [ [ [ -90.569686389173796, 34.58014598592473 ], [ -90.569853431442283, 34.580253704455494 ], [ -90.569944612077364, 34.58044894155082 ], [ -90.569778258249229, 34.580759725395332 ], [ -90.569355191092953, 34.580922094255818 ], [ -90.569152169165406, 34.58092772234626 ], [ -90.56883672884365, 34.581123122240065 ], [ -90.568585565271547, 34.581097595515175 ], [ -90.568418523124208, 34.58098987525846 ], [ -90.568329404464777, 34.580723987048458 ], [ -90.56849370480991, 34.580483855530233 ], [ -90.568848598868072, 34.580414929261416 ], [ -90.569005393535051, 34.580270211828797 ], [ -90.569352889229478, 34.580139340939368 ], [ -90.569686389173796, 34.58014598592473 ] ] ], [ [ [ -90.567606353805132, 34.580781893062316 ], [ -90.567846668440069, 34.580847457985655 ], [ -90.568002442189226, 34.581012398861638 ], [ -90.568021169558023, 34.581221120953451 ], [ -90.567864160525133, 34.581426391955254 ], [ -90.566506753069831, 34.581917910038428 ], [ -90.566253771767222, 34.58191286275008 ], [ -90.56604681641052, 34.581792420998937 ], [ -90.56595770471975, 34.581526531369157 ], [ -90.566122013421165, 34.581286403430276 ], [ -90.567606353805132, 34.580781893062316 ] ] ], [ [ [ -90.56077347047443, 34.570108328451894 ], [ -90.560980389714672, 34.570228777821143 ], [ -90.561071539658855, 34.570424020507275 ], [ -90.561013928677724, 34.570634248306163 ], [ -90.56080498516738, 34.570798054735015 ], [ -90.560506002749889, 34.570849573104205 ], [ -90.560303900605561, 34.571025064486953 ], [ -90.557549944915252, 34.572212678116806 ], [ -90.557093375716306, 34.572305364053669 ], [ -90.556778452595452, 34.572140529973211 ], [ -90.556721315671268, 34.57186869339467 ], [ -90.556913290878853, 34.571643056261756 ], [ -90.55734741526976, 34.571517537810152 ], [ -90.558166459517992, 34.571094947569037 ], [ -90.559889863811136, 34.570373120484064 ], [ -90.560170187121159, 34.570341708860482 ], [ -90.560378851715967, 34.570152275408738 ], [ -90.56077347047443, 34.570108328451894 ] ] ], [ [ [ -90.55852840128945, 34.580738909467627 ], [ -90.55884988302212, 34.580665226422738 ], [ -90.559140199753074, 34.580801139379567 ], [ -90.559229288766048, 34.581067033072003 ], [ -90.559064961260489, 34.581307150909041 ], [ -90.558743477173081, 34.581380834417594 ], [ -90.558453159187195, 34.581244920469793 ], [ -90.55836407252896, 34.580979026313685 ], [ -90.55852840128945, 34.580738909467627 ] ] ], [ [ [ -90.559474043816266, 34.583704611873785 ], [ -90.559688772078246, 34.583956582807481 ], [ -90.559615793974459, 34.584225814761808 ], [ -90.559299675872325, 34.58438060080902 ], [ -90.558974144399301, 34.584320242509015 ], [ -90.558795564575732, 34.584087186955813 ], [ -90.558868545148741, 34.583817955593659 ], [ -90.559142929089575, 34.583670934093547 ], [ -90.559474043816266, 34.583704611873785 ] ] ], [ [ [ -90.557852414167357, 34.568253751658901 ], [ -90.558228094156263, 34.56839137476323 ], [ -90.558319235790179, 34.56858661920355 ], [ -90.558283102816517, 34.568759239414284 ], [ -90.557867199215607, 34.569056024197344 ], [ -90.55761334124756, 34.569136740821456 ], [ -90.557362218401792, 34.569111192597134 ], [ -90.557132139201855, 34.56891142742203 ], [ -90.557140210818503, 34.568635593462496 ], [ -90.557305406418081, 34.568477066331305 ], [ -90.557852414167357, 34.568253751658901 ] ] ], [ [ [ -90.556525207755456, 34.568871067061885 ], [ -90.556933007466995, 34.568912557602054 ], [ -90.557088737942536, 34.569077510864489 ], [ -90.557107437060807, 34.569286233738453 ], [ -90.556982801146646, 34.569468373947444 ], [ -90.55596277135291, 34.569909062465818 ], [ -90.555538881503864, 34.57017415644286 ], [ -90.555286555219311, 34.570189620808193 ], [ -90.555066367651449, 34.570086518299732 ], [ -90.554949356301464, 34.569793841237122 ], [ -90.555159452299932, 34.569515760997454 ], [ -90.555574966521476, 34.569263562605123 ], [ -90.556525207755456, 34.568871067061885 ] ] ], [ [ [ -90.556328764213958, 34.581664133102365 ], [ -90.556598787934121, 34.581876622236948 ], [ -90.556590710541485, 34.582152455485932 ], [ -90.556317023517082, 34.582360623448167 ], [ -90.555983518049032, 34.582353941560342 ], [ -90.555753407739118, 34.582154172772604 ], [ -90.555761487898536, 34.58187833969626 ], [ -90.555996075524973, 34.581684519915981 ], [ -90.556328764213958, 34.581664133102365 ] ] ], [ [ [ -90.555674204741308, 34.533848011241808 ], [ -90.556037628331381, 34.5337803636654 ], [ -90.556310286835753, 34.533939158523346 ], [ -90.556789010954517, 34.534578694420908 ], [ -90.556767523858639, 34.534820941462378 ], [ -90.556602397821607, 34.534979471436507 ], [ -90.556358671879465, 34.535035365290767 ], [ -90.556118497315779, 34.534969783236185 ], [ -90.555661957396779, 34.534458372373614 ], [ -90.555506838574004, 34.534123412471224 ], [ -90.555674204741308, 34.533848011241808 ] ] ], [ [ [ -90.554666635346607, 34.564670252017045 ], [ -90.555024177424386, 34.56483768150617 ], [ -90.555091735245568, 34.565039377076232 ], [ -90.555012450734395, 34.56523812995929 ], [ -90.554852138272679, 34.565352601165849 ], [ -90.5543888887929, 34.565423241936053 ], [ -90.553103365160439, 34.565885724250869 ], [ -90.552334404249905, 34.566058986551283 ], [ -90.552083292898914, 34.566033427903129 ], [ -90.551870576963694, 34.565865992038589 ], [ -90.551845943504489, 34.565590831426562 ], [ -90.552063725637367, 34.565381854019037 ], [ -90.554340600265562, 34.564720158776041 ], [ -90.554666635346607, 34.564670252017045 ] ] ], [ [ [ -90.555512428971312, 34.566707964177901 ], [ -90.555732353334918, 34.566995050665241 ], [ -90.555696215949155, 34.567167669953051 ], [ -90.555531020173206, 34.567326194915189 ], [ -90.553863026145152, 34.567984927055853 ], [ -90.553570183222178, 34.567967133217195 ], [ -90.553378550642407, 34.567830476037066 ], [ -90.553321426978272, 34.567558638284424 ], [ -90.55351340041112, 34.567333006329356 ], [ -90.555101983021657, 34.566696699439035 ], [ -90.555512428971312, 34.566707964177901 ] ] ], [ [ [ -90.554114790756344, 34.576374896192917 ], [ -90.554398221514376, 34.576620978119095 ], [ -90.554308314533586, 34.576952619061203 ], [ -90.553710496161372, 34.577224753250412 ], [ -90.553309540504671, 34.577150385827323 ], [ -90.553159469581885, 34.576903969878614 ], [ -90.553264013187146, 34.576641956065131 ], [ -90.553821219930768, 34.576380931502307 ], [ -90.554114790756344, 34.576374896192917 ] ] ], [ [ [ -90.554409976018476, 34.536545534727608 ], [ -90.554738467962466, 34.536498272168792 ], [ -90.555011132369017, 34.536657070137998 ], [ -90.555068246670643, 34.536928907688626 ], [ -90.554876352281696, 34.537154546254527 ], [ -90.554547857788734, 34.537201809073899 ], [ -90.554275192613005, 34.537043010043895 ], [ -90.554218080860338, 34.536771172232712 ], [ -90.554409976018476, 34.536545534727608 ] ] ], [ [ [ -90.552814207803962, 34.538117106801785 ], [ -90.553147535965351, 34.538123789903672 ], [ -90.553441129632631, 34.538343843638565 ], [ -90.55346576589308, 34.538619004927916 ], [ -90.553248061072665, 34.538827988781968 ], [ -90.552837457625358, 34.538819756472023 ], [ -90.552627769605408, 34.53867529191858 ], [ -90.552537973315523, 34.538488766884463 ], [ -90.552305755897677, 34.538518384298754 ], [ -90.552038358601067, 34.538420511532678 ], [ -90.551888354069348, 34.538174095708051 ], [ -90.551992845566303, 34.537912079584245 ], [ -90.552290621936635, 34.537787948131587 ], [ -90.552609681529191, 34.537865775525397 ], [ -90.552814207803962, 34.538117106801785 ] ] ], [ [ [ -90.554454983660847, 34.544273221808972 ], [ -90.554571963012563, 34.544565898870815 ], [ -90.554407700853247, 34.544806014213123 ], [ -90.55405152906107, 34.544880532490886 ], [ -90.553761342692667, 34.544744612330518 ], [ -90.553672302961374, 34.544478715581491 ], [ -90.553836566471873, 34.544238601280306 ], [ -90.554150095458326, 34.544161492525063 ], [ -90.554454983660847, 34.544273221808972 ] ] ], [ [ [ -90.55273067433788, 34.562834791156099 ], [ -90.552886385573345, 34.562999749103263 ], [ -90.552912372060689, 34.563173613569553 ], [ -90.552809917502032, 34.563364978778068 ], [ -90.552636815267704, 34.563465896934403 ], [ -90.550616044418106, 34.563858615181353 ], [ -90.550333041735826, 34.563793896814715 ], [ -90.550177334365401, 34.56362893577753 ], [ -90.550185427353071, 34.563353103013938 ], [ -90.5504269186426, 34.563162793595232 ], [ -90.552405231813822, 34.562774418881432 ], [ -90.55273067433788, 34.562834791156099 ] ] ], [ [ [ -90.551965463725537, 34.528634437874324 ], [ -90.552293925261026, 34.528587180580942 ], [ -90.552566559794727, 34.528745982908433 ], [ -90.552623662257886, 34.529017821356973 ], [ -90.552431781000294, 34.529243456834266 ], [ -90.552103316916757, 34.529290714387926 ], [ -90.551830681614433, 34.529131910999887 ], [ -90.551773581699337, 34.528860072291046 ], [ -90.551965463725537, 34.528634437874324 ] ] ], [ [ [ -90.549825047751852, 34.536536534788162 ], [ -90.550234638092107, 34.536511433043316 ], [ -90.550965093003938, 34.536913698086721 ], [ -90.551115092708443, 34.537160114881274 ], [ -90.551010599591635, 34.537422130205492 ], [ -90.550796961288896, 34.537534155805353 ], [ -90.550544117290585, 34.537529081627497 ], [ -90.549773768265581, 34.537114091185479 ], [ -90.549625843970333, 34.536797023274332 ], [ -90.549825047751852, 34.536536534788162 ] ] ], [ [ [ -90.548176665581423, 34.541616048913902 ], [ -90.549020147709527, 34.541802166016801 ], [ -90.549164904027208, 34.542013474631005 ], [ -90.549134012572168, 34.542221203020624 ], [ -90.5489316633453, 34.542397167427474 ], [ -90.548682466159775, 34.542433005795395 ], [ -90.547992096272694, 34.542324035534968 ], [ -90.547698345207209, 34.542134444679597 ], [ -90.547673727702801, 34.541859283132958 ], [ -90.547891454227027, 34.541650310251882 ], [ -90.548176665581423, 34.541616048913902 ] ] ], [ [ [ -90.54845219273956, 34.558607908137311 ], [ -90.548626682389667, 34.558759451205013 ], [ -90.548669998613846, 34.558965655100543 ], [ -90.548567540312192, 34.559157016670838 ], [ -90.548353841564264, 34.559269035125858 ], [ -90.546899171556419, 34.559369600668688 ], [ -90.546667866089805, 34.559284832850956 ], [ -90.54653246848882, 34.559108036980689 ], [ -90.546573212934661, 34.558834190093677 ], [ -90.546836081978299, 34.558664386002249 ], [ -90.548205343373979, 34.558562104740282 ], [ -90.54845219273956, 34.558607908137311 ] ] ], [ [ [ -90.550763010146085, 34.560992629694979 ], [ -90.550918714124521, 34.561157589889547 ], [ -90.550944696150367, 34.561331454624771 ], [ -90.550708229469393, 34.561609387936763 ], [ -90.549652429127832, 34.561786514818202 ], [ -90.549412184987986, 34.561720916774938 ], [ -90.549273823286541, 34.561588293530924 ], [ -90.549249198811182, 34.561313132635661 ], [ -90.549466975331583, 34.561104159535269 ], [ -90.55048001691047, 34.560927912049252 ], [ -90.550763010146085, 34.560992629694979 ] ] ], [ [ [ -90.548924570487145, 34.571598305692078 ], [ -90.549246023405871, 34.571524646739476 ], [ -90.549536292178018, 34.571660580741856 ], [ -90.549625342179908, 34.571926480104914 ], [ -90.54946100746352, 34.572166584915365 ], [ -90.549139552190596, 34.572240244330871 ], [ -90.548849282165008, 34.572104309337519 ], [ -90.548760234517317, 34.571838409511521 ], [ -90.548924570487145, 34.571598305692078 ] ] ], [ [ [ -90.549581916534748, 34.572151864137147 ], [ -90.549910551808424, 34.572104620897697 ], [ -90.55018331849557, 34.572263433364768 ], [ -90.550240434114855, 34.572535272100147 ], [ -90.550048439305485, 34.5727608978438 ], [ -90.549719801478261, 34.572808141343984 ], [ -90.549447034020943, 34.572649327814638 ], [ -90.549389920955221, 34.572377488818525 ], [ -90.549581916534748, 34.572151864137147 ] ] ], [ [ [ -90.551278534739595, 34.574129606725919 ], [ -90.55159617075131, 34.574251932292341 ], [ -90.551713175422307, 34.574544612145218 ], [ -90.551548840916453, 34.574784719712376 ], [ -90.551162010640823, 34.574876114726159 ], [ -90.550857884571201, 34.574734190555873 ], [ -90.550768828141557, 34.574468291910755 ], [ -90.550933164147835, 34.574228185452455 ], [ -90.551278534739595, 34.574129606725919 ] ] ], [ [ [ -90.548689314695281, 34.574833090759086 ], [ -90.548901047016656, 34.574828746649608 ], [ -90.549121238429208, 34.574931860427796 ], [ -90.549230933843688, 34.57525940064464 ], [ -90.548905845867111, 34.575611800148238 ], [ -90.548627197507201, 34.575728714770328 ], [ -90.548415462913496, 34.575733058306085 ], [ -90.548142688900683, 34.575574241627216 ], [ -90.548085578712062, 34.575302402233952 ], [ -90.548210242996149, 34.575120272472326 ], [ -90.548689314695281, 34.574833090759086 ] ] ], [ [ [ -90.548382943631893, 34.531287863959825 ], [ -90.548704239551185, 34.531214199420894 ], [ -90.549016728935342, 34.531373495944074 ], [ -90.549105742253332, 34.531639395387899 ], [ -90.548941492561696, 34.531879504243598 ], [ -90.54862019421769, 34.53195316930023 ], [ -90.548307703553093, 34.531793871714889 ], [ -90.548218692677196, 34.531527971795875 ], [ -90.548382943631893, 34.531287863959825 ] ] ], [ [ [ -90.547254316737082, 34.538429548808772 ], [ -90.54799516756816, 34.538756972863219 ], [ -90.548968052974686, 34.53904955752126 ], [ -90.549118050079699, 34.539295976605985 ], [ -90.549013547716172, 34.539557989756098 ], [ -90.548715760497842, 34.539682112700163 ], [ -90.548305810566148, 34.539601420879833 ], [ -90.546944348356362, 34.539095022375832 ], [ -90.546752565774995, 34.538911139330978 ], [ -90.546760662599141, 34.538635306157687 ], [ -90.547002086286867, 34.538445000113612 ], [ -90.547254316737082, 34.538429548808772 ] ] ], [ [ [ -90.547482290437245, 34.555936371033035 ], [ -90.547573394635094, 34.556131622224719 ], [ -90.547537246619342, 34.556304238857507 ], [ -90.547213450542003, 34.556513409080949 ], [ -90.54583749881759, 34.55648700610697 ], [ -90.545617359087515, 34.556383888354937 ], [ -90.545503565770659, 34.556196963622455 ], [ -90.545576558772879, 34.555927739881731 ], [ -90.545858271426226, 34.555780071500052 ], [ -90.547192078419386, 34.555800434286752 ], [ -90.547482290437245, 34.555936371033035 ] ] ], [ [ [ -90.547171025197912, 34.569860049445992 ], [ -90.547492472584864, 34.569786394879223 ], [ -90.547782732368034, 34.569922332713851 ], [ -90.547871775189151, 34.570188233110713 ], [ -90.547707439306649, 34.570428335550815 ], [ -90.547385989565583, 34.570501990580361 ], [ -90.547095728529257, 34.570366051754739 ], [ -90.54700668806224, 34.570100150895094 ], [ -90.547171025197912, 34.569860049445992 ] ] ], [ [ [ -90.545892355435569, 34.541334866460858 ], [ -90.547292083270733, 34.541551547204307 ], [ -90.547470546277978, 34.541784615860898 ], [ -90.547397574509191, 34.542053842087846 ], [ -90.547030740520157, 34.542206733474622 ], [ -90.545716174135805, 34.541984833223836 ], [ -90.54553771579117, 34.541751762197251 ], [ -90.545610693162217, 34.541482537314842 ], [ -90.545892355435569, 34.541334866460858 ] ] ], [ [ [ -90.546455047585241, 34.544488803828393 ], [ -90.546536765125381, 34.544789563278336 ], [ -90.546307633592292, 34.545032631707812 ], [ -90.545777068273281, 34.545062340463573 ], [ -90.545483313321796, 34.544872744154631 ], [ -90.545458702897335, 34.544597582549322 ], [ -90.545676442284318, 34.54438861424736 ], [ -90.546164876025699, 34.54435286616873 ], [ -90.546455047585241, 34.544488803828393 ] ] ], [ [ [ -90.546274375871519, 34.550090195383106 ], [ -90.546384033352552, 34.550417737512227 ], [ -90.546259405444061, 34.550599867475412 ], [ -90.546075202423779, 34.550686254700899 ], [ -90.545165245278284, 34.55071768618761 ], [ -90.544945121225666, 34.550614567815828 ], [ -90.54484071450608, 34.550462158966027 ], [ -90.544881458484696, 34.550188312348084 ], [ -90.54514430242439, 34.550018510673326 ], [ -90.546012121840192, 34.549981039270733 ], [ -90.546274375871519, 34.550090195383106 ] ] ], [ [ [ -90.54680354242673, 34.552880046773318 ], [ -90.547104844704279, 34.552948382245447 ], [ -90.547283329557871, 34.55318145179379 ], [ -90.547210344948738, 34.553450677002381 ], [ -90.546970360969823, 34.553590589052817 ], [ -90.544928571813628, 34.553628935341749 ], [ -90.54469728412684, 34.553544164475127 ], [ -90.544561899392548, 34.553367366839112 ], [ -90.544602646290315, 34.553093520532101 ], [ -90.544865500274469, 34.552923719945063 ], [ -90.54680354242673, 34.552880046773318 ] ] ], [ [ [ -90.544779100813372, 34.533711412657645 ], [ -90.545142910510236, 34.533640013958042 ], [ -90.545440611786205, 34.533756946335551 ], [ -90.545560680824778, 34.534014347974683 ], [ -90.545425645399192, 34.534266619473613 ], [ -90.545114606238812, 34.534365982986948 ], [ -90.544731766677572, 34.534244199778385 ], [ -90.544614834604133, 34.533951514910228 ], [ -90.544779100813372, 34.533711412657645 ] ] ], [ [ [ -90.541550138938419, 34.536652835624274 ], [ -90.541871460692974, 34.536579190278552 ], [ -90.542193557434928, 34.536727018725564 ], [ -90.542282553368992, 34.536992922254321 ], [ -90.542118273152425, 34.537233020446436 ], [ -90.541796949023848, 34.537306666337244 ], [ -90.541474850877648, 34.537158836790248 ], [ -90.54138585740769, 34.536892932780837 ], [ -90.541550138938419, 34.536652835624274 ] ] ], [ [ [ -90.540177295802422, 34.540434695216568 ], [ -90.540327268530675, 34.540681124062182 ], [ -90.540193263016036, 34.540968755196673 ], [ -90.539848141529461, 34.541068599411901 ], [ -90.539543286574258, 34.540956834890508 ], [ -90.539423227800725, 34.540699427959183 ], [ -90.539558292552059, 34.540447164564071 ], [ -90.539869360537125, 34.540347816557663 ], [ -90.540177295802422, 34.540434695216568 ] ] ], [ [ [ -90.53870565248161, 34.544486159937648 ], [ -90.539034182194825, 34.544438941440589 ], [ -90.539306839543357, 34.544597774162256 ], [ -90.539363906093328, 34.544869616798984 ], [ -90.539171951230273, 34.545095227804616 ], [ -90.538843418966607, 34.545142446561336 ], [ -90.538570760850149, 34.544983612778211 ], [ -90.538513696850671, 34.544711769881829 ], [ -90.53870565248161, 34.544486159937648 ] ] ], [ [ [ -90.545481314578282, 34.547168980912161 ], [ -90.545632373831623, 34.547450771003689 ], [ -90.545464945357807, 34.547726155327837 ], [ -90.545001624820642, 34.547806129960001 ], [ -90.544711444649337, 34.54767018851949 ], [ -90.544622431606257, 34.547404286371972 ], [ -90.544786726661911, 34.547164185715978 ], [ -90.545207402554595, 34.547081617582521 ], [ -90.545481314578282, 34.547168980912161 ] ] ], [ [ [ -90.539000443825643, 34.547191915642721 ], [ -90.539328984163177, 34.547144696817618 ], [ -90.539601650628555, 34.547303529217004 ], [ -90.539658719447459, 34.547575371726083 ], [ -90.539466758676085, 34.547800982873511 ], [ -90.53913821578773, 34.547848201958331 ], [ -90.538865548554313, 34.547689368497387 ], [ -90.5388084822862, 34.547417525728605 ], [ -90.539000443825643, 34.547191915642721 ] ] ], [ [ [ -90.53794489348536, 34.550091247388167 ], [ -90.538270045498948, 34.550038908767903 ], [ -90.538560222220283, 34.550174865391419 ], [ -90.538649218084743, 34.550440771156829 ], [ -90.53848489885857, 34.550680862399659 ], [ -90.538124790169547, 34.550753576938909 ], [ -90.537834612269137, 34.550617619235425 ], [ -90.537745618882937, 34.55035171298519 ], [ -90.53794489348536, 34.550091247388167 ] ] ], [ [ [ -90.537400026094758, 34.55299030349093 ], [ -90.53773340970416, 34.552997031184944 ], [ -90.537963398688177, 34.553196829595215 ], [ -90.537958568585012, 34.553502650735993 ], [ -90.537717079721688, 34.553692935715134 ], [ -90.53736335586531, 34.553687748281561 ], [ -90.537133367108737, 34.553487948757777 ], [ -90.537141500083479, 34.553212118237681 ], [ -90.537400026094758, 34.55299030349093 ] ] ], [ [ [ -90.537584916026759, 34.559273575582139 ], [ -90.537863681963373, 34.559197347810894 ], [ -90.538330304832655, 34.559282896633775 ], [ -90.538508776830128, 34.55951597833873 ], [ -90.538435757433518, 34.55978519659957 ], [ -90.53807639854935, 34.559948673078274 ], [ -90.537602202605498, 34.559852506643644 ], [ -90.53741849150444, 34.559584312928862 ], [ -90.537584916026759, 34.559273575582139 ] ] ], [ [ [ -90.540658109723054, 34.562095295772103 ], [ -90.540979531452379, 34.56202165726296 ], [ -90.541269753435756, 34.562157609159442 ], [ -90.541358768456746, 34.562423513385085 ], [ -90.541194431059125, 34.562663607177669 ], [ -90.540873006976241, 34.562737246149041 ], [ -90.540582783740817, 34.562601293261622 ], [ -90.540493771073386, 34.562335388573743 ], [ -90.540658109723054, 34.562095295772103 ] ] ], [ [ [ -90.539498560094302, 34.562283498027043 ], [ -90.539646484304569, 34.562600577303613 ], [ -90.539409977496845, 34.56287848689729 ], [ -90.538671675443808, 34.562978848847663 ], [ -90.538335741398043, 34.562783191291352 ], [ -90.538311153019805, 34.562508029756891 ], [ -90.538528959020439, 34.562299077528756 ], [ -90.539224606550363, 34.562196119608828 ], [ -90.539498560094302, 34.562283498027043 ] ] ], [ [ [ -90.545028844438676, 34.567508711987536 ], [ -90.545357463075362, 34.567461480321043 ], [ -90.545630205830179, 34.567620302071859 ], [ -90.545687304240516, 34.567892142363441 ], [ -90.545495309026649, 34.568117761023871 ], [ -90.54516668783684, 34.568164992950749 ], [ -90.544893944312534, 34.568006170137721 ], [ -90.544836848455333, 34.567734329585775 ], [ -90.545028844438676, 34.567508711987536 ] ] ] ] } },
{ "type": "Feature", "properties": { "depth_bin": "0-5 ft", "bin_order": -2.5, "survey_id": "LM_18_FRI_20150425_CS_6649_6690_SORT", "date": "2015-04-25", "year": 2015, "mile": 667.0 }, "geometry": { "type": "MultiPolygon", "coordinates": [ [ [ [ -90.570232247803602, 34.576835534684278 ], [ -90.570462380587855, 34.57703527714196 ], [ -90.570435137431815, 34.577342721390899 ], [ -90.570076407771865, 34.57754682789043 ], [ -90.569745311288173, 34.577513179726452 ], [ -90.569539957600142, 34.577295740476984 ], [ -90.569580639564137, 34.577021883832742 ], [ -90.569898760945634, 34.576828891743652 ], [ -90.570232247803602, 34.576835534684278 ] ] ], [ [ [ -90.570660666274179, 34.579689420645032 ], [ -90.571008466274677, 34.579800229516479 ], [ -90.571125546802051, 34.58009289369231 ], [ -90.570993630229196, 34.580309908535682 ], [ -90.570540378142397, 34.580527334584318 ], [ -90.569534424186244, 34.580824098532773 ], [ -90.568627236510082, 34.581221748918921 ], [ -90.567994064578116, 34.581378207736691 ], [ -90.565902427684691, 34.582152966887769 ], [ -90.565568920662159, 34.58214631122712 ], [ -90.565356137104544, 34.581978896418832 ], [ -90.565366051238101, 34.581639117539275 ], [ -90.565793166951337, 34.581384580925913 ], [ -90.570660666274179, 34.579689420645032 ] ] ], [ [ [ -90.563631837409716, 34.572562921704034 ], [ -90.563810817713559, 34.572656587541289 ], [ -90.563924673270265, 34.572843497411547 ], [ -90.563795941695801, 34.573166264429155 ], [ -90.563136401417594, 34.573401208631189 ], [ -90.562746193027493, 34.573294723266024 ], [ -90.562626020923858, 34.573037335421184 ], [ -90.562761075522715, 34.572785046787509 ], [ -90.563378884988396, 34.572557869645877 ], [ -90.563631837409716, 34.572562921704034 ] ] ], [ [ [ -90.565868180394759, 34.57835331609688 ], [ -90.5660352139613, 34.578461039529678 ], [ -90.566126383780031, 34.578656279074423 ], [ -90.566071046161056, 34.578860508989912 ], [ -90.565887852415898, 34.57900489118294 ], [ -90.563067523260784, 34.579960863137586 ], [ -90.562774635118814, 34.579943089582486 ], [ -90.5625618628208, 34.579775670315065 ], [ -90.562537192685397, 34.579500510770998 ], [ -90.562754987682538, 34.579291515101218 ], [ -90.565534688557463, 34.578346660978795 ], [ -90.565868180394759, 34.57835331609688 ] ] ], [ [ [ -90.560595752337733, 34.570129673253348 ], [ -90.560858089079275, 34.570238801158375 ], [ -90.560978439570889, 34.570482721192548 ], [ -90.560900228644698, 34.570716844981192 ], [ -90.560628212409668, 34.57089522749628 ], [ -90.559912171069357, 34.571179781395699 ], [ -90.559684103807925, 34.571198729455872 ], [ -90.55937151288704, 34.571430651195591 ], [ -90.555898164440393, 34.572918814718889 ], [ -90.555571969012789, 34.572925381873389 ], [ -90.555340413300797, 34.572776005678257 ], [ -90.555294674723953, 34.572470069378952 ], [ -90.555559729578093, 34.572233431726303 ], [ -90.558808589591223, 34.570834555993379 ], [ -90.559362624278364, 34.570687744953041 ], [ -90.559521880025386, 34.570538985399061 ], [ -90.560346475137649, 34.570165532017377 ], [ -90.560595752337733, 34.570129673253348 ] ] ], [ [ [ -90.561837816000249, 34.57317534349729 ], [ -90.562078103851874, 34.573240918751274 ], [ -90.562233852459144, 34.573405866105823 ], [ -90.562252564801696, 34.573614588640332 ], [ -90.56212793274679, 34.573796734192875 ], [ -90.560824289129201, 34.574356721168421 ], [ -90.560612557349287, 34.574361086063149 ], [ -90.560392351911602, 34.574257992494644 ], [ -90.560272186009968, 34.574000602614611 ], [ -90.560407249306635, 34.573748316991065 ], [ -90.561837816000249, 34.57317534349729 ] ] ], [ [ [ -90.562079752988026, 34.576556965616248 ], [ -90.562233207523633, 34.576677716374213 ], [ -90.562300790843878, 34.576879408734349 ], [ -90.562221510224404, 34.577078166204672 ], [ -90.562061183312011, 34.577192646145313 ], [ -90.560243790435308, 34.577769305917101 ], [ -90.559992640622085, 34.577743762012176 ], [ -90.559779879547207, 34.577576338306656 ], [ -90.559755218828244, 34.577301178524131 ], [ -90.559973014406907, 34.577092187807793 ], [ -90.561471040299409, 34.576583392153942 ], [ -90.561832841932699, 34.576511187371388 ], [ -90.562079752988026, 34.576556965616248 ] ] ], [ [ [ -90.559351495182725, 34.574287210676431 ], [ -90.559518511962722, 34.574394942404567 ], [ -90.559609662368459, 34.574590186110065 ], [ -90.559573528673894, 34.57476280655159 ], [ -90.559408324008899, 34.574921336263593 ], [ -90.557986912818677, 34.575479730791535 ], [ -90.557694042190548, 34.575461945728456 ], [ -90.557502385995051, 34.57532529416919 ], [ -90.557445245150348, 34.575053457867106 ], [ -90.557637226332233, 34.574827819928494 ], [ -90.559018021202903, 34.57428053843568 ], [ -90.559351495182725, 34.574287210676431 ] ] ], [ [ [ -90.558700377670874, 34.580677524926003 ], [ -90.559029043192666, 34.5806302583674 ], [ -90.55930185538476, 34.580789052142947 ], [ -90.559359005110494, 34.581060887763762 ], [ -90.55916701302948, 34.581286527794774 ], [ -90.558838344953386, 34.581333794614814 ], [ -90.558565531989842, 34.581174999776863 ], [ -90.55850838481841, 34.580903163894611 ], [ -90.558700377670874, 34.580677524926003 ] ] ], [ [ [ -90.559584736894308, 34.583709054847638 ], [ -90.559768569668265, 34.583977219463655 ], [ -90.559664035536215, 34.584239239043704 ], [ -90.55932894529515, 34.584370496149894 ], [ -90.559012134684963, 34.58428403927379 ], [ -90.558862034941228, 34.584037629353134 ], [ -90.558966571259205, 34.583775610548678 ], [ -90.559259207759766, 34.583648697404819 ], [ -90.559584736894308, 34.583709054847638 ] ] ], [ [ [ -90.557679195314492, 34.568467273234518 ], [ -90.55793208942228, 34.568735141222142 ], [ -90.557803342373361, 34.56905790139853 ], [ -90.556873377726731, 34.569530311063517 ], [ -90.556621053473577, 34.569545778285061 ], [ -90.556400865757567, 34.569442678178937 ], [ -90.556280718433129, 34.569185284993722 ], [ -90.556415784832026, 34.568933003791543 ], [ -90.5573066524681, 34.568474945080645 ], [ -90.557679195314492, 34.568467273234518 ] ] ], [ [ [ -90.555898940683065, 34.533371616634547 ], [ -90.556470180604663, 34.534194841735136 ], [ -90.556464064072799, 34.534404076778216 ], [ -90.556246378061061, 34.534613066898956 ], [ -90.555913877577524, 34.5346334615679 ], [ -90.555682423171149, 34.534484089641019 ], [ -90.555166578187269, 34.533755705059399 ], [ -90.555157308369147, 34.53344753199061 ], [ -90.555398698230462, 34.533257207731445 ], [ -90.555732007667274, 34.533263882961585 ], [ -90.555898940683065, 34.533371616634547 ] ] ], [ [ [ -90.555490406434302, 34.569512455124098 ], [ -90.555669370525408, 34.569606132292819 ], [ -90.555783203629801, 34.569793048904188 ], [ -90.55575231397836, 34.570000778372638 ], [ -90.555622071080066, 34.570138922875849 ], [ -90.554458132883951, 34.570637812951496 ], [ -90.554205188024795, 34.570632742128787 ], [ -90.553998278311909, 34.570512281639509 ], [ -90.553909215404218, 34.570246384887987 ], [ -90.554073533563781, 34.570006273310447 ], [ -90.555196859684997, 34.569518494778343 ], [ -90.555490406434302, 34.569512455124098 ] ] ], [ [ [ -90.556276128600402, 34.578377089738922 ], [ -90.556608804023654, 34.578356701590316 ], [ -90.55686147200764, 34.578536851897567 ], [ -90.556886123256604, 34.578812011826756 ], [ -90.556668315525513, 34.579020996457828 ], [ -90.556335637446807, 34.579041384655405 ], [ -90.556082969204809, 34.578861233255239 ], [ -90.556058320611328, 34.578586073277073 ], [ -90.556276128600402, 34.578377089738922 ] ] ], [ [ [ -90.55602705338508, 34.581667059868558 ], [ -90.556359742001774, 34.581646672967075 ], [ -90.556612418945093, 34.581826824100759 ], [ -90.556637069670998, 34.582101983951638 ], [ -90.556419252240573, 34.582310967645533 ], [ -90.556086560967984, 34.582331354595993 ], [ -90.555833883766653, 34.582151202369275 ], [ -90.555809235696643, 34.581876042469418 ], [ -90.55602705338508, 34.581667059868558 ] ] ], [ [ [ -90.553121458328206, 34.535010034889467 ], [ -90.554923080514882, 34.536538742708551 ], [ -90.555053762840615, 34.536871216786608 ], [ -90.5548545739735, 34.537131714457388 ], [ -90.554568204050184, 34.537185013789141 ], [ -90.55433694995321, 34.53710026251369 ], [ -90.553648053260048, 34.536387720783807 ], [ -90.553421564447632, 34.536283702885889 ], [ -90.552595892596372, 34.535514565454172 ], [ -90.552571259494187, 34.535239404022292 ], [ -90.552788956023463, 34.535030420939371 ], [ -90.553121458328206, 34.535010034889467 ] ] ], [ [ [ -90.552434615854722, 34.565397455631484 ], [ -90.552654526109279, 34.565684547131653 ], [ -90.552488142160456, 34.565995306590217 ], [ -90.551739962819141, 34.566233250314568 ], [ -90.551364304267167, 34.566095608039255 ], [ -90.551275253716398, 34.565829709744094 ], [ -90.551439569750926, 34.565589601510908 ], [ -90.552103577362203, 34.565363761836146 ], [ -90.552434615854722, 34.565397455631484 ] ] ], [ [ [ -90.554188433829083, 34.567275371817701 ], [ -90.554372215798821, 34.567543542962866 ], [ -90.554205833966904, 34.567854304793308 ], [ -90.553446490543337, 34.568164386010324 ], [ -90.553195372412972, 34.568138829377723 ], [ -90.553028376359919, 34.568031089762592 ], [ -90.552939318746667, 34.567765192447311 ], [ -90.553103634287879, 34.567525081999356 ], [ -90.553821248133843, 34.567222764718437 ], [ -90.554188433829083, 34.567275371817701 ] ] ], [ [ [ -90.554172737374643, 34.576325528285288 ], [ -90.554445526073437, 34.576484332044203 ], [ -90.554491262806636, 34.576790268440277 ], [ -90.554273454932215, 34.576999248825025 ], [ -90.553872676773651, 34.577047007099232 ], [ -90.553620019943367, 34.5768668510214 ], [ -90.553595379689114, 34.576591690832196 ], [ -90.55381318806009, 34.576382711673098 ], [ -90.554172737374643, 34.576325528285288 ] ] ], [ [ [ -90.551976045613031, 34.52866199042321 ], [ -90.552304507253581, 34.52861473310589 ], [ -90.552577141895526, 34.528773535413748 ], [ -90.55263424440669, 34.529045373858473 ], [ -90.552442363108739, 34.529271009350005 ], [ -90.55211389892014, 34.529318266927625 ], [ -90.551841263509587, 34.529159463559211 ], [ -90.551784163546472, 34.528887624854178 ], [ -90.551976045613031, 34.52866199042321 ] ] ], [ [ [ -90.549504611060726, 34.536106619552932 ], [ -90.550795081643145, 34.536828872291125 ], [ -90.550887237643408, 34.537059487939523 ], [ -90.550752212444905, 34.537311765695598 ], [ -90.550441167213236, 34.537411142534282 ], [ -90.550237116699194, 34.53736446706128 ], [ -90.549124835026504, 34.536731423935208 ], [ -90.549002887284601, 34.536588220643836 ], [ -90.54898421076355, 34.536379496680098 ], [ -90.549176118583759, 34.536153867958546 ], [ -90.549504611060726, 34.536106619552932 ] ] ], [ [ [ -90.552163852595882, 34.537865161090906 ], [ -90.552364850695994, 34.537810155435785 ], [ -90.552639403681368, 34.537852726812297 ], [ -90.553227987757566, 34.538162825325841 ], [ -90.553377996325551, 34.538409239670216 ], [ -90.553273508381736, 34.538671257119283 ], [ -90.553100459711189, 34.538772178499869 ], [ -90.552848228554083, 34.538787641895716 ], [ -90.552476413830661, 34.538554495960078 ], [ -90.552112587835595, 34.538442719009332 ], [ -90.551964652445733, 34.538125653520453 ], [ -90.552163852595882, 34.537865161090906 ] ] ], [ [ [ -90.549913402275052, 34.561158581391169 ], [ -90.550035384914437, 34.561301784838385 ], [ -90.55005406578384, 34.561510508214376 ], [ -90.549929427584985, 34.561692641264145 ], [ -90.549745202824312, 34.561779033012463 ], [ -90.548810207109739, 34.561804492984059 ], [ -90.54790531979755, 34.561940134697998 ], [ -90.547665076809892, 34.561874533253423 ], [ -90.547495953845271, 34.561675979841034 ], [ -90.547536696926286, 34.5614021326558 ], [ -90.54779957255154, 34.561232326812586 ], [ -90.548717412689285, 34.561195922594401 ], [ -90.54891597072988, 34.561121327354414 ], [ -90.549596689595148, 34.561072103895945 ], [ -90.549913402275052, 34.561158581391169 ] ] ], [ [ [ -90.552109172334767, 34.563018161952179 ], [ -90.552218866879954, 34.563345699895613 ], [ -90.551950605938885, 34.563603122898542 ], [ -90.551026136679951, 34.563720189234985 ], [ -90.549547098827517, 34.564161503282108 ], [ -90.549115034247478, 34.564163707710492 ], [ -90.548845085155932, 34.56395120467716 ], [ -90.548853182639391, 34.56367537220347 ], [ -90.549094677781994, 34.563485065601057 ], [ -90.551542356010032, 34.562929696915823 ], [ -90.551889007424919, 34.562915054563518 ], [ -90.552109172334767, 34.563018161952179 ] ] ], [ [ [ -90.549606757279889, 34.572131726592467 ], [ -90.549935392463595, 34.572084483281962 ], [ -90.550208159138023, 34.572243295693148 ], [ -90.550265274829243, 34.572515134420541 ], [ -90.55007328013437, 34.572740760208809 ], [ -90.549744642397116, 34.572788003780047 ], [ -90.54947187495253, 34.572629190306607 ], [ -90.549414761814845, 34.572357351318466 ], [ -90.549606757279889, 34.572131726592467 ] ] ], [ [ [ -90.551513695961333, 34.574135452176243 ], [ -90.551750318012253, 34.574348878234026 ], [ -90.551742226873174, 34.574624710823457 ], [ -90.551468506473881, 34.574826548109492 ], [ -90.551135032305424, 34.574819854241852 ], [ -90.550896218454227, 34.574607591931056 ], [ -90.550904312382386, 34.574331759515559 ], [ -90.551180224541199, 34.574128758548454 ], [ -90.551513695961333, 34.574135452176243 ] ] ], [ [ [ -90.548878240851792, 34.574694381793982 ], [ -90.549325877614919, 34.574737605687986 ], [ -90.5494816026075, 34.574902568347511 ], [ -90.549431410765692, 34.575239898629057 ], [ -90.548755639723936, 34.575680612265288 ], [ -90.548506342196561, 34.575716445871812 ], [ -90.548308715566307, 34.575653437753019 ], [ -90.548130183574926, 34.575420368323378 ], [ -90.54820318886803, 34.575151144135653 ], [ -90.548621220198541, 34.574816515980082 ], [ -90.548878240851792, 34.574694381793982 ] ] ], [ [ [ -90.548463217082187, 34.531311371700781 ], [ -90.548791690631418, 34.531264124388407 ], [ -90.549089355615067, 34.531444650737768 ], [ -90.549146447962912, 34.53171649030218 ], [ -90.548954551003376, 34.531942119556234 ], [ -90.548626074829471, 34.531989367192921 ], [ -90.548328409049375, 34.531808839687699 ], [ -90.548271319342675, 34.531536999854694 ], [ -90.548463217082187, 34.531311371700781 ] ] ], [ [ [ -90.546733148045107, 34.538283827025005 ], [ -90.547411946038935, 34.538496375172151 ], [ -90.547545168798848, 34.538667798389433 ], [ -90.547837670692445, 34.538662028559003 ], [ -90.548586880954531, 34.538944272303489 ], [ -90.548736876736015, 34.539190691805011 ], [ -90.548632373349179, 34.539452704587397 ], [ -90.548418726752089, 34.539564725631358 ], [ -90.548165877064775, 34.539559646269744 ], [ -90.547486499151319, 34.539318077071137 ], [ -90.547283439612883, 34.539105976418554 ], [ -90.547032142778704, 34.539121171688109 ], [ -90.546543384403009, 34.538983960546972 ], [ -90.546290854438226, 34.538803793824847 ], [ -90.546266241888716, 34.538528632096629 ], [ -90.546483962578051, 34.538319661404863 ], [ -90.546733148045107, 34.538283827025005 ] ] ], [ [ [ -90.54720180884226, 34.558740812441698 ], [ -90.54734975745869, 34.559057883517568 ], [ -90.5472472960723, 34.559249243842487 ], [ -90.547074196446701, 34.559350154240583 ], [ -90.54585788755864, 34.559460745184218 ], [ -90.545660300935012, 34.55939773434023 ], [ -90.545504610834982, 34.559232767968787 ], [ -90.545512717920005, 34.558956935972709 ], [ -90.545754205947517, 34.558766635595987 ], [ -90.546927857556568, 34.558653451436321 ], [ -90.54720180884226, 34.558740812441698 ] ] ], [ [ [ -90.547234479247479, 34.569825214576788 ], [ -90.547563106210617, 34.569777977316079 ], [ -90.547835860770206, 34.569936794577764 ], [ -90.547892967548776, 34.570208634114984 ], [ -90.547700972364481, 34.570434256197878 ], [ -90.547372342848007, 34.570481493719143 ], [ -90.547099587518602, 34.570322675395218 ], [ -90.547042483293367, 34.570050835597435 ], [ -90.547234479247479, 34.569825214576788 ] ] ], [ [ [ -90.545049566915964, 34.541215777332425 ], [ -90.546070650124207, 34.541342268584451 ], [ -90.546249544358332, 34.541435956957571 ], [ -90.54636962550795, 34.541693358081901 ], [ -90.546234578612825, 34.541945629763461 ], [ -90.545880872449416, 34.542042400224595 ], [ -90.545070511349195, 34.541914953652089 ], [ -90.544850409954023, 34.541811835966641 ], [ -90.544731392737489, 34.541589800396359 ], [ -90.544809616018398, 34.541355686727911 ], [ -90.545049566915964, 34.541215777332425 ] ] ], [ [ [ -90.54618179189427, 34.544488283413138 ], [ -90.546252115354136, 34.544823141557337 ], [ -90.545954699084959, 34.545057560981988 ], [ -90.545117276361012, 34.545077289985677 ], [ -90.544897166810273, 34.54497417207596 ], [ -90.544792766593858, 34.544821763360929 ], [ -90.544833506826464, 34.544547916418473 ], [ -90.545096332388525, 34.544378113952959 ], [ -90.54589162082172, 34.544352345122334 ], [ -90.54618179189427, 34.544488283413138 ] ] ], [ [ [ -90.545542692966436, 34.550121534457801 ], [ -90.545656478936635, 34.550308458974463 ], [ -90.545640953323101, 34.550483175546674 ], [ -90.545527718060114, 34.550631206267674 ], [ -90.54530179725694, 34.55072535179572 ], [ -90.544279804417158, 34.550694236729314 ], [ -90.544060027945534, 34.550616888757688 ], [ -90.543824394292386, 34.550719474787478 ], [ -90.543449290959231, 34.550728629833856 ], [ -90.543187039045804, 34.550619467728346 ], [ -90.543073258367471, 34.550432541133524 ], [ -90.54314625292119, 34.550163318735379 ], [ -90.543427949437842, 34.550015655196383 ], [ -90.543803049560907, 34.550006500078396 ], [ -90.544022824193917, 34.550083848441659 ], [ -90.544300890806923, 34.549976923384698 ], [ -90.545237797203086, 34.550009782589775 ], [ -90.545542692966436, 34.550121534457801 ] ] ], [ [ [ -90.545615098755746, 34.553050935113269 ], [ -90.545685425001253, 34.553385793367191 ], [ -90.545387975227698, 34.553620209745439 ], [ -90.544588983043738, 34.553613943939105 ], [ -90.544305656560439, 34.553367842913921 ], [ -90.544346404293861, 34.553093996728308 ], [ -90.544609258766457, 34.552924196715864 ], [ -90.54532489979465, 34.552914994420661 ], [ -90.545615098755746, 34.553050935113269 ] ] ], [ [ [ -90.546382922225817, 34.555777291065709 ], [ -90.546699513298904, 34.555847040527311 ], [ -90.546878002679591, 34.556080110783597 ], [ -90.546805013663104, 34.556349335470031 ], [ -90.546523300564999, 34.556497006015924 ], [ -90.543990643453682, 34.556499828479332 ], [ -90.543728373097039, 34.556390666830033 ], [ -90.543614584111921, 34.556203740514562 ], [ -90.54368758314412, 34.555934518164314 ], [ -90.54396929889181, 34.555786854289927 ], [ -90.546382922225817, 34.555777291065709 ] ] ], [ [ [ -90.545059905526799, 34.567498428729259 ], [ -90.545388524110237, 34.567451196976513 ], [ -90.54566126689609, 34.567610018659181 ], [ -90.545718365403559, 34.567881858940616 ], [ -90.545526370296059, 34.568107477654898 ], [ -90.545197749159513, 34.568154709668036 ], [ -90.544925005604156, 34.567995886923157 ], [ -90.54486790964981, 34.56772404638135 ], [ -90.545059905526799, 34.567498428729259 ] ] ], [ [ [ -90.544922230622561, 34.533714561590138 ], [ -90.545250715115444, 34.53366732431769 ], [ -90.545523351261863, 34.533826142402717 ], [ -90.545580433048002, 34.53409798311511 ], [ -90.545388520935319, 34.534323606036153 ], [ -90.545060033893506, 34.534370843568503 ], [ -90.544787396978975, 34.53421202442258 ], [ -90.544730317741781, 34.53394018345027 ], [ -90.544922230622561, 34.533714561590138 ] ] ], [ [ [ -90.541650061430929, 34.536657536038987 ], [ -90.541978558902642, 34.536610308171632 ], [ -90.542283912217968, 34.53678581233266 ], [ -90.542340984790528, 34.537057654078133 ], [ -90.542149056947409, 34.537283271140048 ], [ -90.54182055687312, 34.537330499353139 ], [ -90.541515202683613, 34.537154994002947 ], [ -90.541458132775901, 34.536883151986757 ], [ -90.541650061430929, 34.536657536038987 ] ] ], [ [ [ -90.539697931583419, 34.540402605918089 ], [ -90.53998431998447, 34.540349342399814 ], [ -90.540385742969534, 34.540482006238882 ], [ -90.540505804497926, 34.540739412344251 ], [ -90.540370742015682, 34.540991676879607 ], [ -90.540059672101435, 34.541091026078398 ], [ -90.539615609046663, 34.540955765091432 ], [ -90.539498687275113, 34.540663075974898 ], [ -90.539697931583419, 34.540402605918089 ] ] ], [ [ [ -90.538897887426842, 34.544437566787941 ], [ -90.539603078520955, 34.544473698034388 ], [ -90.539777523375093, 34.544625252140612 ], [ -90.539820812384036, 34.544831458370375 ], [ -90.539718353621552, 34.54502281278355 ], [ -90.539420534006894, 34.545146911511779 ], [ -90.538919191755525, 34.545150541100313 ], [ -90.538687933830914, 34.545065759990806 ], [ -90.538537958997637, 34.544819329160624 ], [ -90.538642501281203, 34.544557326873608 ], [ -90.538897887426842, 34.544437566787941 ] ] ], [ [ [ -90.545336269705004, 34.547200434995965 ], [ -90.545453220014991, 34.547493119492202 ], [ -90.545216777770676, 34.547771043617587 ], [ -90.544636742145926, 34.547800905784584 ], [ -90.544342980706233, 34.547611306506404 ], [ -90.544318373807855, 34.54733614490884 ], [ -90.544536123489706, 34.547127179153485 ], [ -90.545074025867791, 34.547091277257586 ], [ -90.545336269705004, 34.547200434995965 ] ] ], [ [ [ -90.539034833836524, 34.547189037380299 ], [ -90.539363374148962, 34.547141818461213 ], [ -90.539636040675504, 34.54730065078617 ], [ -90.539693109605977, 34.547572493283958 ], [ -90.539501148931265, 34.547798104489857 ], [ -90.539172606068021, 34.54784532366866 ], [ -90.53889993877344, 34.547686490282167 ], [ -90.538842872393758, 34.547414647524654 ], [ -90.539034833836524, 34.547189037380299 ] ] ], [ [ [ -90.538018287275904, 34.550094651996922 ], [ -90.538375237769799, 34.550047405406183 ], [ -90.538665414706713, 34.550183361787802 ], [ -90.538754410918372, 34.550449267490798 ], [ -90.538590091967663, 34.550689358887254 ], [ -90.538198184554787, 34.550756981464211 ], [ -90.537908006512467, 34.550621023929835 ], [ -90.537819012886203, 34.550355117723157 ], [ -90.538018287275904, 34.550094651996922 ] ] ], [ [ [ -90.543361269506292, 34.552995162972891 ], [ -90.543509194416117, 34.553312237926022 ], [ -90.54330992829486, 34.55357271290287 ], [ -90.542788425869631, 34.553624711534837 ], [ -90.542473601501044, 34.553459844244159 ], [ -90.542416520604007, 34.553188002728689 ], [ -90.542608486985969, 34.552962387307083 ], [ -90.543087341260204, 34.552907794237917 ], [ -90.543361269506292, 34.552995162972891 ] ] ], [ [ [ -90.537358503596863, 34.553026773609808 ], [ -90.537687067756082, 34.552979560268632 ], [ -90.537987532194776, 34.553154702344941 ], [ -90.5380445985233, 34.553426545318949 ], [ -90.537852619108008, 34.553652152968922 ], [ -90.537511650789355, 34.553702083244332 ], [ -90.537223587059145, 34.553524223396202 ], [ -90.53716652338133, 34.553252380153168 ], [ -90.537358503596863, 34.553026773609808 ] ] ], [ [ [ -90.537819766059656, 34.55591507037294 ], [ -90.538034360246655, 34.556167074667798 ], [ -90.53793504043486, 34.556464186045936 ], [ -90.537499671836741, 34.556600781275151 ], [ -90.537182991028359, 34.556514272763003 ], [ -90.537033002291281, 34.556267839813884 ], [ -90.537137565794893, 34.556005840077027 ], [ -90.537392989951314, 34.555886084933874 ], [ -90.537819766059656, 34.55591507037294 ] ] ], [ [ [ -90.538281836491748, 34.559187874928078 ], [ -90.538621352775181, 34.559354955197094 ], [ -90.538667025626751, 34.559660895442988 ], [ -90.538410135978438, 34.55988418997871 ], [ -90.53797849218644, 34.559905757438003 ], [ -90.537725921330122, 34.55972557163139 ], [ -90.537701335243099, 34.559450409972818 ], [ -90.53791913424557, 34.559241458463717 ], [ -90.538281836491748, 34.559187874928078 ] ] ], [ [ [ -90.540733228391716, 34.562073695487889 ], [ -90.541061827143977, 34.562026474553349 ], [ -90.541334544002822, 34.562185304938019 ], [ -90.541391625674663, 34.562457146707644 ], [ -90.541199632685363, 34.562682758824288 ], [ -90.540871031380505, 34.562729980018858 ], [ -90.540598313752838, 34.562571148572118 ], [ -90.540541234633594, 34.562299306542457 ], [ -90.540733228391716, 34.562073695487889 ] ] ], [ [ [ -90.539392587389699, 34.562270035492006 ], [ -90.539577367227139, 34.562573593353342 ], [ -90.539374926626337, 34.562869342170231 ], [ -90.538738316577565, 34.562955929975665 ], [ -90.5384234668076, 34.562791051298007 ], [ -90.538366394730957, 34.562519208554676 ], [ -90.538558394698853, 34.562293601204203 ], [ -90.539109600343181, 34.562205291659822 ], [ -90.539392587389699, 34.562270035492006 ] ] ], [ [ [ -90.542805967537419, 34.564793005056906 ], [ -90.54313858959695, 34.564772651462818 ], [ -90.543391187437209, 34.564952827069739 ], [ -90.543415792850467, 34.565227988223228 ], [ -90.54319799044282, 34.565436949285356 ], [ -90.542865365729426, 34.56545730292742 ], [ -90.542612767632832, 34.565277126228004 ], [ -90.542588164873422, 34.565001965026525 ], [ -90.542805967537419, 34.564793005056906 ] ] ] ] } },
{ "type": "Feature", "properties": { "depth_bin": "5-10 ft", "bin_order": -7.5, "survey_id": "LM_18_FRI_20150425_CS_6649_6690_SORT", "date": "2015-04-25", "year": 2015, "mile": 667.0 }, "geometry": { "type": "MultiPolygon", "coordinates": [ [ [ [ -90.563646502165582, 34.572621372786223 ], [ -90.563861217016097, 34.572873336115471 ], [ -90.563788264131503, 34.573142571989735 ], [ -90.56340817391451, 34.573321536842649 ], [ -90.56308268146357, 34.573261191109403 ], [ -90.562904111561579, 34.573028141704796 ], [ -90.562977067144459, 34.572758906471137 ], [ -90.563315428780072, 34.572587708067928 ], [ -90.563646502165582, 34.572621372786223 ] ] ], [ [ [ -90.564238815866815, 34.575637371236724 ], [ -90.564567459131652, 34.575590088740903 ], [ -90.56484026673732, 34.575748869991052 ], [ -90.564897432234105, 34.576020703835262 ], [ -90.564705467043709, 34.576246353879398 ], [ -90.564376821225395, 34.57629363663694 ], [ -90.564104012847906, 34.576134854324707 ], [ -90.564046849904614, 34.575863020218776 ], [ -90.564238815866815, 34.575637371236724 ] ] ], [ [ [ -90.563587867080415, 34.576033245191205 ], [ -90.563807842741127, 34.576320318922598 ], [ -90.563771716688237, 34.576492940898731 ], [ -90.563606516022318, 34.576651476450927 ], [ -90.562013685175174, 34.577208499852688 ], [ -90.561720807043756, 34.577190724175544 ], [ -90.561529140062248, 34.577054078535888 ], [ -90.561471985140201, 34.57678224358731 ], [ -90.561663960087657, 34.576556599073811 ], [ -90.56253564286844, 34.576199471066587 ], [ -90.563256780270621, 34.575999579760762 ], [ -90.563587867080415, 34.576033245191205 ] ] ], [ [ [ -90.570102181920475, 34.576882459700613 ], [ -90.570355141358846, 34.577150304336477 ], [ -90.570255905428354, 34.577447444919244 ], [ -90.56973140477983, 34.577652476824596 ], [ -90.569372158437218, 34.577570394249818 ], [ -90.569222038158898, 34.577323996058816 ], [ -90.569326532758211, 34.577061966383276 ], [ -90.569809302010455, 34.57686470343036 ], [ -90.570102181920475, 34.576882459700613 ] ] ], [ [ [ -90.56632803898205, 34.57816805872659 ], [ -90.566507034198096, 34.578261721161333 ], [ -90.566620902830195, 34.578448628933948 ], [ -90.566590035466291, 34.578656361883013 ], [ -90.566459795404327, 34.578794517973087 ], [ -90.565533801743285, 34.579122230841776 ], [ -90.565282645589548, 34.57909669760042 ], [ -90.565115611835978, 34.578988973134017 ], [ -90.565026505601523, 34.578723082963457 ], [ -90.565190810886534, 34.578482956059517 ], [ -90.566034460907474, 34.57817412321679 ], [ -90.56632803898205, 34.57816805872659 ] ] ], [ [ [ -90.563614600258134, 34.579125088310157 ], [ -90.56378163220792, 34.579232814760829 ], [ -90.563872797379403, 34.579428055781712 ], [ -90.563817453676037, 34.57963228439656 ], [ -90.563634254460169, 34.579776662950522 ], [ -90.560970030155261, 34.580715287244779 ], [ -90.560677140131347, 34.580697508559282 ], [ -90.560464370438595, 34.580530085746148 ], [ -90.560439707180507, 34.580254926091172 ], [ -90.560657509289996, 34.580045934497228 ], [ -90.563281105898056, 34.57911842690536 ], [ -90.563614600258134, 34.579125088310157 ] ] ], [ [ [ -90.570835628332617, 34.579731643190044 ], [ -90.571088598300037, 34.579999486652241 ], [ -90.57098936093216, 34.580296627672965 ], [ -90.570496189436824, 34.580540207672328 ], [ -90.570095199654347, 34.580465894194035 ], [ -90.569945072498641, 34.580219496690987 ], [ -90.570049569051463, 34.579957466566015 ], [ -90.570502129758523, 34.579725001414069 ], [ -90.570835628332617, 34.579731643190044 ] ] ], [ [ [ -90.565953563400427, 34.581388842413169 ], [ -90.566215942370789, 34.581497960393278 ], [ -90.566336136355048, 34.58175534535458 ], [ -90.566230557844932, 34.581982004780151 ], [ -90.565906180455954, 34.582153244338834 ], [ -90.563955512274902, 34.58278698334987 ], [ -90.563702528819377, 34.58278193066301 ], [ -90.563471599481119, 34.582633352363708 ], [ -90.56337371262488, 34.582935562696662 ], [ -90.562998903014318, 34.583107806777065 ], [ -90.562706003885111, 34.58309003260009 ], [ -90.562493224091867, 34.582922612958761 ], [ -90.562468553892842, 34.582647453500329 ], [ -90.562686357759802, 34.582438458405129 ], [ -90.563096736152332, 34.582342394645359 ], [ -90.563411041882091, 34.58250643030307 ], [ -90.563440538151326, 34.582293621767739 ], [ -90.563642960234247, 34.582117637125656 ], [ -90.565953563400427, 34.581388842413169 ] ] ], [ [ [ -90.560579119592219, 34.570190643468763 ], [ -90.560890343041407, 34.570412545271182 ], [ -90.560840200870231, 34.57074988253968 ], [ -90.560288093055235, 34.571026273390494 ], [ -90.559920886015718, 34.570973683830566 ], [ -90.559742329735144, 34.570740630295042 ], [ -90.55982234881354, 34.570447082957031 ], [ -90.560326793547802, 34.570206118302821 ], [ -90.560579119592219, 34.570190643468763 ] ] ], [ [ [ -90.560792080664626, 34.57363984659456 ], [ -90.561054428444933, 34.573748974496858 ], [ -90.561168279006608, 34.57393588671313 ], [ -90.561137400510106, 34.574143617919212 ], [ -90.560972199985684, 34.574302149942326 ], [ -90.556549758521825, 34.576081635652628 ], [ -90.5562561885435, 34.576087676877073 ], [ -90.556024623096832, 34.575938301628838 ], [ -90.555967486814723, 34.575666464844872 ], [ -90.556159473363962, 34.575440829482702 ], [ -90.559731186782287, 34.573986188829814 ], [ -90.560792080664626, 34.57363984659456 ] ] ], [ [ [ -90.560274372984409, 34.577083748217667 ], [ -90.560453358601833, 34.577177419171129 ], [ -90.560567211987816, 34.577364331993785 ], [ -90.560536330207583, 34.577572062824594 ], [ -90.560406082320014, 34.577710212117964 ], [ -90.559340874390628, 34.578085790924476 ], [ -90.559089724021661, 34.578060245132029 ], [ -90.558922700784166, 34.577952512588752 ], [ -90.558833615476686, 34.577686618730482 ], [ -90.558997935851593, 34.577446500802459 ], [ -90.559980799190328, 34.577089798272929 ], [ -90.560274372984409, 34.577083748217667 ] ] ], [ [ [ -90.560152731743813, 34.583429788857217 ], [ -90.560405676518712, 34.583697653367032 ], [ -90.560276912207883, 34.584020414864149 ], [ -90.559442070500111, 34.584351218259307 ], [ -90.559051817181754, 34.584244719279333 ], [ -90.558931643010709, 34.583987328028492 ], [ -90.559066728310583, 34.583735045120321 ], [ -90.559819221049622, 34.58342311727116 ], [ -90.560152731743813, 34.583429788857217 ] ] ], [ [ [ -90.557293424015455, 34.568674292286545 ], [ -90.55754631742164, 34.568942161040248 ], [ -90.557447048074977, 34.569239290047278 ], [ -90.556960666743535, 34.569489079696829 ], [ -90.556559744284641, 34.569414724327522 ], [ -90.556409676016813, 34.569168312277995 ], [ -90.556514198388143, 34.568906294533171 ], [ -90.556959972957529, 34.568667615366309 ], [ -90.557293424015455, 34.568674292286545 ] ] ], [ [ [ -90.55628431286155, 34.571998762844864 ], [ -90.556515663676578, 34.572083514165122 ], [ -90.556651102473623, 34.572260300394881 ], [ -90.556644977702319, 34.572469534160426 ], [ -90.556499352847041, 34.572640690908223 ], [ -90.555084777846929, 34.573268740512319 ], [ -90.554756156909804, 34.573320350003627 ], [ -90.554465873253861, 34.573184427858173 ], [ -90.5543768065085, 34.572918531370348 ], [ -90.554541129100627, 34.572678419424101 ], [ -90.556035028718, 34.572034612469089 ], [ -90.55628431286155, 34.571998762844864 ] ] ], [ [ [ -90.556269290016701, 34.578383000682351 ], [ -90.556597947388326, 34.578335740338098 ], [ -90.55687074737898, 34.578494539095828 ], [ -90.556927887999223, 34.578766375548163 ], [ -90.556735895242667, 34.57899201177279 ], [ -90.556407235316939, 34.579039272378296 ], [ -90.556134434555176, 34.57888047255819 ], [ -90.556077296489036, 34.578608635844603 ], [ -90.556269290016701, 34.578383000682351 ] ] ], [ [ [ -90.558531342999487, 34.580730801844894 ], [ -90.558860008800806, 34.58068353575532 ], [ -90.559132820815705, 34.580842329901664 ], [ -90.559189970011317, 34.581114165577837 ], [ -90.558997977357791, 34.581339805316347 ], [ -90.558669309002156, 34.581387071667336 ], [ -90.558396496215821, 34.581228276458582 ], [ -90.558339349574524, 34.580956440520993 ], [ -90.558531342999487, 34.580730801844894 ] ] ], [ [ [ -90.556451528051994, 34.581601606936879 ], [ -90.556721551909163, 34.581814095806166 ], [ -90.556713474940963, 34.582089929083274 ], [ -90.556410627705461, 34.582309109318281 ], [ -90.556077122419879, 34.582302427694906 ], [ -90.555847012009309, 34.582102659078849 ], [ -90.555855091843966, 34.58182682598089 ], [ -90.556118839622741, 34.581621994097532 ], [ -90.556451528051994, 34.581601606936879 ] ] ], [ [ [ -90.55493730584196, 34.532762169438186 ], [ -90.555306987133633, 34.532724328744493 ], [ -90.555614074010606, 34.532971361974376 ], [ -90.556052035026369, 34.533608938183534 ], [ -90.556021164995173, 34.533816669436042 ], [ -90.555856039707422, 34.533975198447614 ], [ -90.555446462370199, 34.534000319677972 ], [ -90.555147741731858, 34.533736852407678 ], [ -90.554741307963141, 34.533128427834313 ], [ -90.554772180796533, 34.532920697008606 ], [ -90.55493730584196, 34.532762169438186 ] ] ], [ [ [ -90.554393778840407, 34.536038648633223 ], [ -90.554543398354568, 34.536239191383196 ], [ -90.554537276535541, 34.536448426054839 ], [ -90.554391714912981, 34.536619583683461 ], [ -90.554155776329011, 34.536694973372008 ], [ -90.553839149791017, 34.536608510328307 ], [ -90.553417965387396, 34.53627749645927 ], [ -90.553326866034737, 34.536082249395292 ], [ -90.553431350072017, 34.535820231654881 ], [ -90.553729116872134, 34.535696096244408 ], [ -90.553975903144178, 34.535741885877627 ], [ -90.554393778840407, 34.536038648633223 ] ] ], [ [ [ -90.553480075980076, 34.567483369234488 ], [ -90.553686977648937, 34.567603830307831 ], [ -90.553778107699287, 34.567799077679503 ], [ -90.553741965854854, 34.567971696181445 ], [ -90.553576764843001, 34.568130218252087 ], [ -90.551587552221818, 34.568877414078521 ], [ -90.551294707001702, 34.568859614664596 ], [ -90.551103076411252, 34.568722953997202 ], [ -90.551045959796369, 34.56845111550296 ], [ -90.551237941364278, 34.568225487508641 ], [ -90.553186536533218, 34.567489404346503 ], [ -90.553480075980076, 34.567483369234488 ] ] ], [ [ [ -90.554859389747548, 34.569761844591149 ], [ -90.555057008300537, 34.569824841764849 ], [ -90.555212736509986, 34.569989797316197 ], [ -90.5552314309802, 34.570198520259567 ], [ -90.555106789602618, 34.570380658294994 ], [ -90.554770735697559, 34.570478528756723 ], [ -90.553766260671139, 34.571025923275847 ], [ -90.553513931698845, 34.571041383847529 ], [ -90.553293744336855, 34.570938278148333 ], [ -90.553173604920062, 34.570680882273251 ], [ -90.553308683203369, 34.570428605069836 ], [ -90.554236591162578, 34.569921714850395 ], [ -90.554859389747548, 34.569761844591149 ] ] ], [ [ [ -90.554317519765533, 34.57629732347209 ], [ -90.554587521554595, 34.57650981628003 ], [ -90.554579439135054, 34.576785649357163 ], [ -90.554266101673761, 34.577001673688734 ], [ -90.553932618121181, 34.57699498709821 ], [ -90.553702526956272, 34.576795215112895 ], [ -90.553710612275253, 34.576519382217072 ], [ -90.553952135930928, 34.576329067463227 ], [ -90.554317519765533, 34.57629732347209 ] ] ], [ [ [ -90.5523888323183, 34.534323880038613 ], [ -90.553388899978685, 34.535271274698239 ], [ -90.553315954060224, 34.535540505778918 ], [ -90.553034324024409, 34.53568819529103 ], [ -90.552783303130553, 34.53566264183312 ], [ -90.552561644638331, 34.535517486593243 ], [ -90.551761060036796, 34.534818808692464 ], [ -90.551672035386815, 34.534552910809289 ], [ -90.551836283191477, 34.534312798262263 ], [ -90.552157588429623, 34.534239125025202 ], [ -90.5523888323183, 34.534323880038613 ] ] ], [ [ [ -90.552307312003308, 34.537898786290839 ], [ -90.55271297554718, 34.537870139090764 ], [ -90.553147253847527, 34.53811699140951 ], [ -90.553267352539578, 34.538374386570069 ], [ -90.553132331994846, 34.538626667126515 ], [ -90.552736521789001, 34.538717421363977 ], [ -90.552225075950986, 34.538451957836067 ], [ -90.552108112199377, 34.538159278968976 ], [ -90.552307312003308, 34.537898786290839 ] ] ], [ [ [ -90.551477368513673, 34.565568233080548 ], [ -90.551768772953551, 34.56553843011239 ], [ -90.552041522742186, 34.565697237817595 ], [ -90.552105940289749, 34.565934217363285 ], [ -90.55194162537714, 34.566174326534707 ], [ -90.550513260819258, 34.566644184654486 ], [ -90.550262148508395, 34.566618622206768 ], [ -90.55009515941326, 34.566510878839225 ], [ -90.550006112603356, 34.566244979786326 ], [ -90.550170433076033, 34.566004873467982 ], [ -90.551477368513673, 34.565568233080548 ] ] ], [ [ [ -90.551554828611714, 34.574060691106773 ], [ -90.551848696908806, 34.574250276909716 ], [ -90.551877457448711, 34.574533131548591 ], [ -90.551571503211846, 34.574787819895612 ], [ -90.551238841697128, 34.574808194859486 ], [ -90.550978099896355, 34.574615314070442 ], [ -90.550953468596177, 34.574340153652294 ], [ -90.551171277065421, 34.574131179174493 ], [ -90.551554828611714, 34.574060691106773 ] ] ], [ [ [ -90.551986505256281, 34.528693718152269 ], [ -90.552314967018503, 34.528646460812055 ], [ -90.552587601781553, 34.52880526310102 ], [ -90.55268654611902, 34.529092671015427 ], [ -90.552487370159398, 34.529353165596525 ], [ -90.55215890566285, 34.529400423282119 ], [ -90.5518677719501, 34.529217974522389 ], [ -90.551794623138775, 34.528919352596731 ], [ -90.551986505256281, 34.528693718152269 ] ] ], [ [ [ -90.549078289409451, 34.535821237341999 ], [ -90.549724326937678, 34.536220196937158 ], [ -90.549815417833003, 34.536415446336427 ], [ -90.549737213871154, 34.536649564180884 ], [ -90.54949728384689, 34.536789483785348 ], [ -90.549130234860272, 34.536736868138206 ], [ -90.548617415628371, 34.536423890984111 ], [ -90.548482047828116, 34.536247098076146 ], [ -90.548522770111248, 34.535973248859271 ], [ -90.548785560600209, 34.535803436760403 ], [ -90.549078289409451, 34.535821237341999 ] ] ], [ [ [ -90.549092439925531, 34.561138059641202 ], [ -90.549299319633064, 34.561258527337962 ], [ -90.549391494214831, 34.561489144246856 ], [ -90.549285899625346, 34.561715788820827 ], [ -90.549072194998132, 34.561827808254904 ], [ -90.548561204325296, 34.561880689659176 ], [ -90.54835178992586, 34.561831230577326 ], [ -90.548129169506467, 34.561923003437975 ], [ -90.546766105248807, 34.5620588560976 ], [ -90.546525862960053, 34.561993252433084 ], [ -90.54635674258104, 34.561794697549026 ], [ -90.546397489459011, 34.561520850910597 ], [ -90.54666036763885, 34.561351047640791 ], [ -90.548022392044032, 34.561208312803224 ], [ -90.548274555150769, 34.561256895019994 ], [ -90.548497173604304, 34.56116512180256 ], [ -90.549092439925531, 34.561138059641202 ] ] ], [ [ [ -90.549750392752742, 34.563561622354349 ], [ -90.549860078489772, 34.563889162030925 ], [ -90.549591808742363, 34.564146579440518 ], [ -90.548855953710216, 34.564302432128549 ], [ -90.548627047525358, 34.564283944751786 ], [ -90.547959092902062, 34.564483213634723 ], [ -90.547676090574697, 34.564418489104696 ], [ -90.547520387578516, 34.564253524863339 ], [ -90.547528489526883, 34.563977692677234 ], [ -90.547769988445651, 34.563787388872555 ], [ -90.548256927957411, 34.563664131307078 ], [ -90.548485832325369, 34.56368261930475 ], [ -90.549214299157882, 34.563463019228855 ], [ -90.549530229629241, 34.563458510777664 ], [ -90.549750392752742, 34.563561622354349 ] ] ], [ [ [ -90.54921349123812, 34.574721111508637 ], [ -90.549428165930166, 34.574973098561117 ], [ -90.549355164737108, 34.575242323663879 ], [ -90.548993427647105, 34.575444613345979 ], [ -90.548626210556833, 34.575391989278693 ], [ -90.54844767816374, 34.575158920291045 ], [ -90.548520682162646, 34.574889695849507 ], [ -90.548882417822142, 34.574687407499965 ], [ -90.54921349123812, 34.574721111508637 ] ] ], [ [ [ -90.548509598445449, 34.53135451045322 ], [ -90.548838072147319, 34.531307263022356 ], [ -90.54913159556807, 34.531488612127085 ], [ -90.549188688075745, 34.531760451677073 ], [ -90.548996791117816, 34.53198608099666 ], [ -90.548668314786326, 34.532033328740454 ], [ -90.548374790600064, 34.531851978497009 ], [ -90.548317700720347, 34.531580138679772 ], [ -90.548509598445449, 34.53135451045322 ] ] ], [ [ [ -90.546274758721466, 34.538286412992996 ], [ -90.546561136547993, 34.538233133527363 ], [ -90.546961210555963, 34.538382401413458 ], [ -90.547081290136802, 34.538639801860739 ], [ -90.54694625085304, 34.538892074746542 ], [ -90.546592558538165, 34.538988847900896 ], [ -90.546192482426591, 34.538839578723483 ], [ -90.546075539715346, 34.538546894964263 ], [ -90.546274758721466, 34.538286412992996 ] ] ], [ [ [ -90.544338729863028, 34.541092937702416 ], [ -90.545808354307439, 34.541306782385554 ], [ -90.546013560963686, 34.541524256394148 ], [ -90.54597282666775, 34.541798104081572 ], [ -90.545710011216741, 34.541967908922572 ], [ -90.54431846085734, 34.541782686123383 ], [ -90.544035173188021, 34.541536585778857 ], [ -90.544075913616666, 34.541262738993012 ], [ -90.544338729863028, 34.541092937702416 ] ] ], [ [ [ -90.542049904193888, 34.555835393060718 ], [ -90.54537110969251, 34.555804563188161 ], [ -90.545623686699457, 34.555984733461656 ], [ -90.545648298694658, 34.556259894732804 ], [ -90.545430526429456, 34.556468861294796 ], [ -90.542113878176735, 34.556550962345455 ], [ -90.541839939972675, 34.556463590413323 ], [ -90.541695179953209, 34.556252273281991 ], [ -90.541768185157196, 34.555983052348154 ], [ -90.542049904193888, 34.555835393060718 ] ] ], [ [ [ -90.546493063460133, 34.558755243255277 ], [ -90.546667549670261, 34.558906788985105 ], [ -90.546710861064554, 34.559112993369666 ], [ -90.546578919164673, 34.559329981191517 ], [ -90.546352975271205, 34.559424127594504 ], [ -90.543876425335668, 34.559553873752634 ], [ -90.54360247537916, 34.559466505321268 ], [ -90.543457706031134, 34.559255189965285 ], [ -90.543530708844457, 34.558985967966443 ], [ -90.543812435482764, 34.558838304971658 ], [ -90.546139214553676, 34.558712339741 ], [ -90.546493063460133, 34.558755243255277 ] ] ], [ [ [ -90.544949600941024, 34.533733439935084 ], [ -90.545278085497898, 34.533686202591575 ], [ -90.545639264589425, 34.533889325419274 ], [ -90.545728269187052, 34.53415522688465 ], [ -90.545564004674432, 34.534395330478652 ], [ -90.545200571834613, 34.534462946368649 ], [ -90.544839391497163, 34.534259822199097 ], [ -90.544750389678526, 34.533993920205006 ], [ -90.544949600941024, 34.533733439935084 ] ] ], [ [ [ -90.544708130291511, 34.544410356097565 ], [ -90.545189796233018, 34.54436454851276 ], [ -90.545463699499464, 34.544451911537259 ], [ -90.545613694709445, 34.544698334706382 ], [ -90.545509173723815, 34.544960343887553 ], [ -90.545211362064634, 34.545084457134088 ], [ -90.544656807332998, 34.544987907954287 ], [ -90.544508890761165, 34.544670834442286 ], [ -90.544708130291511, 34.544410356097565 ] ] ], [ [ [ -90.544981776568591, 34.547175913319464 ], [ -90.545103731498799, 34.54731912077002 ], [ -90.545122399031726, 34.547527844679209 ], [ -90.544997773156723, 34.547709973497916 ], [ -90.544813575511228, 34.547796359070695 ], [ -90.543806460064445, 34.547810328412631 ], [ -90.543586345284751, 34.547707207941265 ], [ -90.543481944423732, 34.54755479812254 ], [ -90.543522690819145, 34.547280951969285 ], [ -90.543785527819693, 34.547111152877562 ], [ -90.544707865115043, 34.547088548889221 ], [ -90.544981776568591, 34.547175913319464 ] ] ], [ [ [ -90.54460955231346, 34.550087428918594 ], [ -90.544719203166736, 34.550414972266822 ], [ -90.544594571736454, 34.55059710037434 ], [ -90.54441036715599, 34.550683485012122 ], [ -90.543196184447979, 34.550731145714551 ], [ -90.542964906570276, 34.550646371942278 ], [ -90.542829529942381, 34.550469572662934 ], [ -90.542870280481466, 34.550195726998254 ], [ -90.543133128266462, 34.550025929833602 ], [ -90.544304658065911, 34.549975674775439 ], [ -90.54460955231346, 34.550087428918594 ] ] ], [ [ [ -90.545032238514409, 34.553049706377124 ], [ -90.545123334136377, 34.553244959105562 ], [ -90.545087182719925, 34.553417574924012 ], [ -90.54492199651996, 34.553576086138172 ], [ -90.544720955678613, 34.553631077574806 ], [ -90.542958781254654, 34.553603985029184 ], [ -90.540964711418582, 34.553675078088553 ], [ -90.540702454069915, 34.553565910431779 ], [ -90.540583433325381, 34.553343870958216 ], [ -90.540687981639948, 34.553081867431693 ], [ -90.540985828604946, 34.552957766881121 ], [ -90.543987072838874, 34.55289318004337 ], [ -90.544784172031285, 34.552919804578266 ], [ -90.545032238514409, 34.553049706377124 ] ] ], [ [ [ -90.543321281048506, 34.559021714001645 ], [ -90.543441374916512, 34.559279118027376 ], [ -90.543306287619629, 34.559531384217742 ], [ -90.542979094553004, 34.559631183506617 ], [ -90.54267416867377, 34.559519424054635 ], [ -90.54255407691933, 34.559262019368489 ], [ -90.542689165951487, 34.559009754079568 ], [ -90.543016356833888, 34.558909955470497 ], [ -90.543321281048506, 34.559021714001645 ] ] ], [ [ [ -90.542804932511473, 34.564811644282464 ], [ -90.543133541317118, 34.56476441819283 ], [ -90.543406271032083, 34.564923244427462 ], [ -90.543463360832064, 34.56519508548319 ], [ -90.543271366481392, 34.565420700740383 ], [ -90.54294275512288, 34.565467927090218 ], [ -90.542670024638753, 34.56530909979346 ], [ -90.542612937391638, 34.565037258477531 ], [ -90.542804932511473, 34.564811644282464 ] ] ], [ [ [ -90.541714094422275, 34.536689793699502 ], [ -90.54204259199652, 34.536642565663783 ], [ -90.542345328157054, 34.536817906984069 ], [ -90.542402400946713, 34.537089748708986 ], [ -90.542210473184326, 34.537315365870391 ], [ -90.541881973007108, 34.537362594244755 ], [ -90.541579235987868, 34.537187251745912 ], [ -90.541522165854374, 34.536915409751167 ], [ -90.541714094422275, 34.536689793699502 ] ] ], [ [ [ -90.539872623533327, 34.540431077723191 ], [ -90.540227969937405, 34.540386100228261 ], [ -90.540518117572319, 34.540522051093987 ], [ -90.540607111387573, 34.540787955639971 ], [ -90.540442818350726, 34.541028050915948 ], [ -90.540121478210182, 34.541101691665368 ], [ -90.539762370912868, 34.540957453133231 ], [ -90.539673379678604, 34.54069154808461 ], [ -90.539872623533327, 34.540431077723191 ] ] ], [ [ [ -90.539637277218546, 34.544479498187137 ], [ -90.539857091391994, 34.544766609442057 ], [ -90.539820933946629, 34.544939223609823 ], [ -90.539655755968241, 34.545097728179634 ], [ -90.538952690163981, 34.545153084586929 ], [ -90.538637904889129, 34.544988208871082 ], [ -90.538580840666867, 34.544716365996827 ], [ -90.538772796134339, 34.544490755939833 ], [ -90.539365172104596, 34.544426101598098 ], [ -90.539637277218546, 34.544479498187137 ] ] ], [ [ [ -90.538125754717996, 34.550102590741623 ], [ -90.538446798188346, 34.550052201668471 ], [ -90.538736975268591, 34.55018815788538 ], [ -90.538825971715582, 34.550454063545907 ], [ -90.538661652954374, 34.55069415504699 ], [ -90.538305652872552, 34.550764920086714 ], [ -90.538015474612479, 34.550628962799571 ], [ -90.537926480632137, 34.550363056656678 ], [ -90.538125754717996, 34.550102590741623 ] ] ], [ [ [ -90.537394414823538, 34.553030960158907 ], [ -90.537722978985101, 34.552983746720841 ], [ -90.537995660550365, 34.553142583256275 ], [ -90.538052726899778, 34.553414426227754 ], [ -90.537860747535547, 34.553640033893068 ], [ -90.53753218082241, 34.553687247590823 ], [ -90.537259498489021, 34.553528409993568 ], [ -90.53720243469121, 34.5532565667624 ], [ -90.537394414823538, 34.553030960158907 ] ] ], [ [ [ -90.537820074238667, 34.555964407560467 ], [ -90.537970064870478, 34.55621083962847 ], [ -90.537836023133465, 34.556498466097608 ], [ -90.53749083337479, 34.556599426527988 ], [ -90.537185926523279, 34.556487654086666 ], [ -90.537065855811989, 34.556230244786789 ], [ -90.537200955575869, 34.555977985962173 ], [ -90.537503395419705, 34.555877899961068 ], [ -90.537820074238667, 34.555964407560467 ] ] ], [ [ [ -90.538383805276581, 34.559203505134029 ], [ -90.538713391697115, 34.559404530994556 ], [ -90.538703377405184, 34.55974430433502 ], [ -90.538398767199524, 34.55992184686464 ], [ -90.537934493237373, 34.5598650682456 ], [ -90.537729266362021, 34.55964758021144 ], [ -90.537770039884407, 34.559373737530017 ], [ -90.537992325487593, 34.559215055863476 ], [ -90.538383805276581, 34.559203505134029 ] ] ], [ [ [ -90.539350327987691, 34.56232521221424 ], [ -90.539467274842991, 34.562617901800536 ], [ -90.539267972491132, 34.562878368326977 ], [ -90.53880493113958, 34.562940676973803 ], [ -90.538490081282944, 34.562775798464628 ], [ -90.538433008994701, 34.562503955743047 ], [ -90.538625008751353, 34.562278348278006 ], [ -90.539088046488644, 34.562216040157409 ], [ -90.539350327987691, 34.56232521221424 ] ] ] ] } },
{ "type": "Feature", "properties": { "depth_bin": "10-15 ft", "bin_order": -12.5, "survey_id": "LM_18_FRI_20150425_CS_6649_6690_SORT", "date": "2015-04-25", "year": 2015, "mile": 667.0 }, "geometry": { "type": "MultiPolygon", "coordinates": [ [ [ [ -90.564365431120791, 34.575595672557419 ], [ -90.564654788738338, 34.575637100515912 ], [ -90.564846691912052, 34.575820959632971 ], [ -90.564854020341997, 34.57606378226297 ], [ -90.564673445691056, 34.57625533197853 ], [ -90.564318279017229, 34.576296553728056 ], [ -90.56413932359861, 34.576435396396995 ], [ -90.563353314002924, 34.576732551846305 ], [ -90.56310034900433, 34.576727498680867 ], [ -90.562908999432395, 34.576621987694246 ], [ -90.562804034726867, 34.576869057817063 ], [ -90.562431469427395, 34.577049534163898 ], [ -90.562138591701185, 34.577031759509815 ], [ -90.561946924343943, 34.576895114510307 ], [ -90.561889768125127, 34.57662327969831 ], [ -90.562081741590447, 34.576397634458445 ], [ -90.562484422901832, 34.576273300187047 ], [ -90.562801799859514, 34.576396857364799 ], [ -90.562857594318928, 34.576207582371055 ], [ -90.563003579974122, 34.576080654506754 ], [ -90.563786183483316, 34.575777161915028 ], [ -90.564065046859, 34.57576774159034 ], [ -90.564365431120791, 34.575595672557419 ] ] ], [ [ [ -90.569801181328941, 34.576978820822703 ], [ -90.570044749167451, 34.577212151288798 ], [ -90.569981202219921, 34.577515906135538 ], [ -90.569565535730462, 34.577712729040471 ], [ -90.569240020871831, 34.577652398877639 ], [ -90.569061424564069, 34.577419357524832 ], [ -90.569134365211511, 34.577150118107966 ], [ -90.569508301190339, 34.576961063818047 ], [ -90.569801181328941, 34.576978820822703 ] ] ], [ [ [ -90.568064680500456, 34.577635309066793 ], [ -90.568284675953777, 34.577922375478003 ], [ -90.568118321697668, 34.578233157126419 ], [ -90.567404897782026, 34.578487798285501 ], [ -90.567153742716897, 34.578462268952954 ], [ -90.566986707608905, 34.578354546991839 ], [ -90.566897595878203, 34.57808865794113 ], [ -90.567061894568738, 34.577848528213153 ], [ -90.567733584815329, 34.577601655458913 ], [ -90.568064680500456, 34.577635309066793 ] ] ], [ [ [ -90.566642918397818, 34.57808775283921 ], [ -90.566895869702762, 34.578355604291147 ], [ -90.566796619922357, 34.5786527414255 ], [ -90.566298103954438, 34.57885588564789 ], [ -90.565938856502584, 34.578773792894403 ], [ -90.565788744680503, 34.578527390855648 ], [ -90.565893251625951, 34.578265364687667 ], [ -90.566350035518738, 34.578069988114301 ], [ -90.566642918397818, 34.57808775283921 ] ] ], [ [ [ -90.565191374180742, 34.581637696143233 ], [ -90.565481705465928, 34.581773594555884 ], [ -90.565570815833027, 34.582039484471032 ], [ -90.565438881783237, 34.582256492502282 ], [ -90.565051111942239, 34.582442367698228 ], [ -90.562728310873382, 34.583168375106581 ], [ -90.562124450355967, 34.583458818813611 ], [ -90.561741341108984, 34.583430301846711 ], [ -90.561534322587846, 34.583616133749743 ], [ -90.560026143787383, 34.584129148432339 ], [ -90.559733242158146, 34.584111366990442 ], [ -90.559520466174064, 34.583943942327409 ], [ -90.559495805727821, 34.583668782710468 ], [ -90.559713619543842, 34.583459793385678 ], [ -90.561221787667677, 34.582946782088911 ], [ -90.561564283371183, 34.582986410641425 ], [ -90.561734090231383, 34.58281802793158 ], [ -90.562655752200939, 34.582450074982191 ], [ -90.565191374180742, 34.581637696143233 ] ] ], [ [ [ -90.562423712103893, 34.579550703185845 ], [ -90.562615386123539, 34.579687347671893 ], [ -90.562682972371405, 34.579889039871397 ], [ -90.562603689344201, 34.580087797418742 ], [ -90.56243985634957, 34.580203828559149 ], [ -90.560084421572498, 34.580992141851389 ], [ -90.559791530899915, 34.580974361005715 ], [ -90.559578762408492, 34.580806936699005 ], [ -90.559554102058115, 34.580531776996104 ], [ -90.559771907055321, 34.580322787117289 ], [ -90.562090216339826, 34.579544038455822 ], [ -90.562423712103893, 34.579550703185845 ] ] ], [ [ [ -90.555425538667976, 34.572354210302557 ], [ -90.55566581837239, 34.572419797889673 ], [ -90.555821552360854, 34.572584752855427 ], [ -90.55584024854025, 34.572793475713702 ], [ -90.555715604225782, 34.572975614193268 ], [ -90.55442742037603, 34.573533066974235 ], [ -90.554215691041563, 34.573537420834079 ], [ -90.553995496335958, 34.573434316125031 ], [ -90.553875351592694, 34.573176920793394 ], [ -90.554010432310861, 34.572924642987637 ], [ -90.555425538667976, 34.572354210302557 ] ] ], [ [ [ -90.557313774840722, 34.575078633471996 ], [ -90.557492752700867, 34.575172308477889 ], [ -90.557606596821657, 34.575359223725485 ], [ -90.557575708764631, 34.575566953588307 ], [ -90.557445459504791, 34.575705099684974 ], [ -90.556141857727653, 34.576217611352718 ], [ -90.555888895650085, 34.576212543307435 ], [ -90.555681969985841, 34.576092085087481 ], [ -90.555592896777057, 34.575826189308046 ], [ -90.555757222215703, 34.575586075921017 ], [ -90.557020208338841, 34.575084676688732 ], [ -90.557313774840722, 34.575078633471996 ] ] ], [ [ [ -90.559750374655067, 34.577317242204479 ], [ -90.559917397810082, 34.577424973615415 ], [ -90.560008552041708, 34.577620217113648 ], [ -90.559972417465644, 34.577792837574798 ], [ -90.55980720716812, 34.577951367534276 ], [ -90.558441401642256, 34.578416049103247 ], [ -90.558190250674912, 34.578390501428586 ], [ -90.557998587184713, 34.578253850390411 ], [ -90.557941443291497, 34.577982014286533 ], [ -90.55813343040974, 34.577756375893209 ], [ -90.559457496961102, 34.577299461094377 ], [ -90.559750374655067, 34.577317242204479 ] ] ], [ [ [ -90.556302709474934, 34.578370591033909 ], [ -90.556631366783847, 34.578323330596618 ], [ -90.556904166803633, 34.578482129280836 ], [ -90.556961307527772, 34.578753965722235 ], [ -90.55676931488901, 34.578979602004956 ], [ -90.556440655025995, 34.579026862703515 ], [ -90.556167854235113, 34.578868062956914 ], [ -90.556110716065078, 34.578596226254255 ], [ -90.556302709474934, 34.578370591033909 ] ] ], [ [ [ -90.558891512475228, 34.580614564010048 ], [ -90.559281748854033, 34.580721062835032 ], [ -90.559395603894401, 34.580907976746467 ], [ -90.559380097284318, 34.581082695248035 ], [ -90.559162289246046, 34.581291684277858 ], [ -90.558818970058539, 34.58140977133661 ], [ -90.558565991745027, 34.581404708178212 ], [ -90.558313311553917, 34.581224560958304 ], [ -90.558288655356478, 34.580949401187695 ], [ -90.558469254917767, 34.580757862111902 ], [ -90.558891512475228, 34.580614564010048 ] ] ], [ [ [ -90.556114123800114, 34.581621215060601 ], [ -90.556442794109557, 34.581573955700726 ], [ -90.556715603995642, 34.581732755164232 ], [ -90.556772745672376, 34.582004591630373 ], [ -90.556580744514221, 34.5822302271688 ], [ -90.556252071650249, 34.58227748678997 ], [ -90.555979260992956, 34.582118686263968 ], [ -90.555922121870722, 34.581846849536539 ], [ -90.556114123800114, 34.581621215060601 ] ] ], [ [ [ -90.554687200685763, 34.532396065997737 ], [ -90.555015676056755, 34.532348801964325 ], [ -90.555288327973216, 34.532507598860001 ], [ -90.555587643715768, 34.533016189145791 ], [ -90.555551525085193, 34.533188809875504 ], [ -90.555386400260403, 34.53334733828099 ], [ -90.554976825969661, 34.533372458061301 ], [ -90.554693390571956, 34.533110999798332 ], [ -90.554484891838129, 34.532691846604145 ], [ -90.554687200685763, 34.532396065997737 ] ] ], [ [ [ -90.552511119571221, 34.56786486479178 ], [ -90.552678114593007, 34.567972605075674 ], [ -90.552769242585057, 34.568167853107724 ], [ -90.55260285352874, 34.568478612416044 ], [ -90.551373921344336, 34.568987462629799 ], [ -90.551120982066564, 34.568982385627031 ], [ -90.550914081076883, 34.568861920236067 ], [ -90.550825029574938, 34.568596021657385 ], [ -90.55098935280904, 34.568355914415903 ], [ -90.552177672936651, 34.56785817494459 ], [ -90.552511119571221, 34.56786486479178 ] ] ], [ [ [ -90.553715970074038, 34.570365476190801 ], [ -90.553894933782146, 34.570459155945407 ], [ -90.554008763854014, 34.570646074070723 ], [ -90.553977869364601, 34.57085380286275 ], [ -90.553847622225959, 34.570991945272013 ], [ -90.552750681288899, 34.571456275320635 ], [ -90.552494098160594, 34.571451732821018 ], [ -90.552287189140159, 34.571331269461112 ], [ -90.552198131051, 34.571065371686089 ], [ -90.55236245575189, 34.57082526272098 ], [ -90.553422420455249, 34.570371511439411 ], [ -90.553715970074038, 34.570365476190801 ] ] ], [ [ [ -90.551727699609714, 34.573957820088893 ], [ -90.552035503765296, 34.574169502623711 ], [ -90.552044757252105, 34.57447767376172 ], [ -90.551647633409104, 34.574738118831092 ], [ -90.551314159549051, 34.574731425467718 ], [ -90.551084080870538, 34.574531649003113 ], [ -90.551093492705022, 34.574250512375016 ], [ -90.551436265564092, 34.573987621674341 ], [ -90.551727699609714, 34.573957820088893 ] ] ], [ [ [ -90.554462731786387, 34.576306046422502 ], [ -90.554677426692791, 34.576558025015999 ], [ -90.554604440545674, 34.57682725385714 ], [ -90.554286824658789, 34.5769850742956 ], [ -90.55396132617922, 34.576924703916781 ], [ -90.553782775377982, 34.576691642025196 ], [ -90.553855764001284, 34.576422413777763 ], [ -90.554131649115178, 34.576272356321091 ], [ -90.554462731786387, 34.576306046422502 ] ] ], [ [ [ -90.552040284815931, 34.528769921971374 ], [ -90.55236874685896, 34.528722664498318 ], [ -90.552641381971355, 34.528881466680176 ], [ -90.552698484745392, 34.529153305102476 ], [ -90.552506603348732, 34.529378940688275 ], [ -90.552178138757625, 34.529426198421625 ], [ -90.551905502876593, 34.529267395179197 ], [ -90.551848402650634, 34.528995556496596 ], [ -90.552040284815931, 34.528769921971374 ] ] ], [ [ [ -90.551256795866166, 34.533752481860418 ], [ -90.551500520793894, 34.533696598175744 ], [ -90.551740687569861, 34.533762189026383 ], [ -90.552861647586539, 34.534718162898649 ], [ -90.552981741143341, 34.534975558226037 ], [ -90.552846725885871, 34.535227838790689 ], [ -90.552620855238871, 34.535322000212382 ], [ -90.552331643845534, 34.535280549619756 ], [ -90.551528686426522, 34.534637633425518 ], [ -90.551070158807406, 34.534153249413059 ], [ -90.551091662071286, 34.533911004045279 ], [ -90.551256795866166, 34.533752481860418 ] ] ], [ [ [ -90.54909447608334, 34.563605543591052 ], [ -90.549268976843962, 34.563757086119857 ], [ -90.549312296497689, 34.563963289811099 ], [ -90.549209832788421, 34.564154651580644 ], [ -90.549002491930295, 34.564266444863264 ], [ -90.546146951013952, 34.564820015905475 ], [ -90.545863949227297, 34.56475528718375 ], [ -90.545708249370307, 34.564590320762044 ], [ -90.54571635740345, 34.564314488966126 ], [ -90.54595786125472, 34.564124188977239 ], [ -90.548805169836612, 34.563564080723303 ], [ -90.54909447608334, 34.563605543591052 ] ] ], [ [ [ -90.551136034349156, 34.56581987188811 ], [ -90.551314556128048, 34.566052936734529 ], [ -90.551241570542061, 34.566322163913782 ], [ -90.550463178539417, 34.566675416944051 ], [ -90.549687541733348, 34.566771891838954 ], [ -90.54924539508238, 34.566972290047097 ], [ -90.549005173579715, 34.566994168550153 ], [ -90.547468213614906, 34.567518475454492 ], [ -90.547178894968553, 34.567477008210332 ], [ -90.546987050512371, 34.567293123517963 ], [ -90.546995155140479, 34.567017291579674 ], [ -90.547236664438245, 34.566826989342843 ], [ -90.548757289633713, 34.566396115028631 ], [ -90.549344566624811, 34.566108730223512 ], [ -90.550028017255926, 34.566039811662669 ], [ -90.5508105817336, 34.565759494939265 ], [ -90.551136034349156, 34.56581987188811 ] ] ], [ [ [ -90.549637903862163, 34.572117459233731 ], [ -90.549966538976705, 34.572070215836035 ], [ -90.550239305669791, 34.572229028178405 ], [ -90.550296421456522, 34.57250086689568 ], [ -90.550104426878093, 34.572726492738433 ], [ -90.549775789209974, 34.572773736396876 ], [ -90.549503021746744, 34.572614922992244 ], [ -90.549445908513547, 34.572343084014221 ], [ -90.549637903862163, 34.572117459233731 ] ] ], [ [ [ -90.548554201527764, 34.531401679312872 ], [ -90.548882675398985, 34.531354431769032 ], [ -90.549155311679343, 34.531513241763513 ], [ -90.549212404276716, 34.531785081305394 ], [ -90.549020507319838, 34.53201071066178 ], [ -90.548692030900099, 34.532057958465714 ], [ -90.548419393851361, 34.531899147410513 ], [ -90.54836230380252, 34.531627307608517 ], [ -90.548554201527764, 34.531401679312872 ] ] ], [ [ [ -90.548331888247859, 34.535644282892335 ], [ -90.548701584125297, 34.535606462903488 ], [ -90.549245344710442, 34.535919111413939 ], [ -90.549365428399952, 34.536176509855665 ], [ -90.549230400302534, 34.536428785825571 ], [ -90.549004522663054, 34.53652294022244 ], [ -90.548793391658393, 34.536510101507751 ], [ -90.548249629180106, 34.536197450918337 ], [ -90.548132682261908, 34.535904768867013 ], [ -90.548331888247859, 34.535644282892335 ] ] ], [ [ [ -90.547263964466595, 34.569812095388755 ], [ -90.547592591365827, 34.569764858045573 ], [ -90.547865345944302, 34.569923675242158 ], [ -90.547922452813481, 34.5701955147698 ], [ -90.547730457738453, 34.570421136904223 ], [ -90.547401828285871, 34.570468374507975 ], [ -90.54712907293758, 34.570309556249143 ], [ -90.547071968621736, 34.570037716460952 ], [ -90.547263964466595, 34.569812095388755 ] ] ], [ [ [ -90.545780459734573, 34.538136587692506 ], [ -90.54614390838168, 34.538068970772088 ], [ -90.546722591245285, 34.538283325478091 ], [ -90.546901046194478, 34.53851639471678 ], [ -90.546828076121002, 34.538785620777446 ], [ -90.546628726159426, 34.538914428184668 ], [ -90.546418618803145, 34.538935917520554 ], [ -90.545797807954074, 34.538715521647177 ], [ -90.545614112041179, 34.538447340293764 ], [ -90.545780459734573, 34.538136587692506 ] ] ], [ [ [ -90.54515128460838, 34.558773138096456 ], [ -90.545456211525121, 34.558884891391358 ], [ -90.545575252513629, 34.5591069268132 ], [ -90.545470710557254, 34.559368934626477 ], [ -90.545215285969249, 34.559488706667835 ], [ -90.542203372642035, 34.559638092400583 ], [ -90.541929424399825, 34.559550720274245 ], [ -90.541784659278804, 34.559339403108659 ], [ -90.541857667517462, 34.559070182347732 ], [ -90.542139397169052, 34.558922523358419 ], [ -90.54515128460838, 34.558773138096456 ] ] ], [ [ [ -90.547267486895436, 34.56140685547718 ], [ -90.547389465166574, 34.561550061388722 ], [ -90.54740813940991, 34.561758784883693 ], [ -90.547283495199494, 34.561940914961092 ], [ -90.547099267383587, 34.5620273025689 ], [ -90.5446338839714, 34.562316575875485 ], [ -90.54439364289054, 34.562250968052034 ], [ -90.544224527284427, 34.562052410411688 ], [ -90.544265281293633, 34.561778564799184 ], [ -90.544528164370973, 34.561608766351803 ], [ -90.546950776457621, 34.561320371188962 ], [ -90.547267486895436, 34.56140685547718 ] ] ], [ [ [ -90.545095471197527, 34.567485240382737 ], [ -90.545424089714373, 34.567438008530978 ], [ -90.54569683253132, 34.567596830135436 ], [ -90.545753931149363, 34.567868670405289 ], [ -90.545561936167132, 34.568094289181396 ], [ -90.545233315097164, 34.568141521293548 ], [ -90.544960571510728, 34.567982698626892 ], [ -90.544903475445807, 34.567710858096646 ], [ -90.545095471197527, 34.567485240382737 ] ] ], [ [ [ -90.545092565362822, 34.533824300677971 ], [ -90.545421050223283, 34.533777062961853 ], [ -90.545721412509351, 34.533951688236314 ], [ -90.545778495006147, 34.534223528882052 ], [ -90.545586583099549, 34.53444915212097 ], [ -90.545258095638459, 34.534496390169593 ], [ -90.544957732504116, 34.534321763726226 ], [ -90.544900652654889, 34.534049922811271 ], [ -90.545092565362822, 34.533824300677971 ] ] ], [ [ [ -90.543685743081213, 34.540979393597389 ], [ -90.544558405105192, 34.541091422086808 ], [ -90.544765229916706, 34.541211895444469 ], [ -90.544854238046028, 34.541477797471408 ], [ -90.544689955383163, 34.541717898906192 ], [ -90.544368615599325, 34.541791550884568 ], [ -90.543623756204298, 34.54167690075856 ], [ -90.543416932049965, 34.54155642549464 ], [ -90.543324792837595, 34.541325805023277 ], [ -90.543430374062424, 34.541099164513774 ], [ -90.543685743081213, 34.540979393597389 ] ] ], [ [ [ -90.545223228756896, 34.544466113316538 ], [ -90.545332876040305, 34.544793656175578 ], [ -90.545064657970912, 34.54505106637329 ], [ -90.544378042843078, 34.545080030215289 ], [ -90.544066956178938, 34.544858091305564 ], [ -90.544075063660316, 34.544582258957114 ], [ -90.544316511172582, 34.544391959390119 ], [ -90.54496099344793, 34.544356955662373 ], [ -90.545223228756896, 34.544466113316538 ] ] ], [ [ [ -90.544509533339209, 34.547165500855122 ], [ -90.544665200370531, 34.547330467752545 ], [ -90.54469116677312, 34.547504333441793 ], [ -90.544588715256864, 34.547695692206204 ], [ -90.544375041897737, 34.547807704900684 ], [ -90.542768968770417, 34.547856323187887 ], [ -90.542537699159055, 34.547771548926754 ], [ -90.542402327748107, 34.547594749334522 ], [ -90.542443077689725, 34.547320903695272 ], [ -90.542705916871938, 34.547151107030224 ], [ -90.544054033918897, 34.547097842526689 ], [ -90.544509533339209, 34.547165500855122 ] ] ], [ [ [ -90.54349750530541, 34.550100580532174 ], [ -90.543619461557682, 34.550243789478124 ], [ -90.543638125565082, 34.550452513393473 ], [ -90.54351349178387, 34.550634640292337 ], [ -90.543287568931689, 34.550728781991722 ], [ -90.541652062708096, 34.550751184249684 ], [ -90.541389813316187, 34.550642018376656 ], [ -90.541276036738765, 34.550455090275733 ], [ -90.541349037045521, 34.550185869201997 ], [ -90.541630736561217, 34.550038209953627 ], [ -90.54322358620729, 34.550013212463853 ], [ -90.54349750530541, 34.550100580532174 ] ] ], [ [ [ -90.543202354239256, 34.555820023265099 ], [ -90.543450426399247, 34.555949928487735 ], [ -90.543542579592796, 34.556180549063839 ], [ -90.543436977046284, 34.556407188362236 ], [ -90.543181559132776, 34.556526956457787 ], [ -90.542888250776755, 34.556483370208468 ], [ -90.54267048990144, 34.556548099677961 ], [ -90.540689021391557, 34.556543432183588 ], [ -90.540426755661457, 34.556434263611862 ], [ -90.540312974208902, 34.556247334529097 ], [ -90.540385983814403, 34.555978114612351 ], [ -90.540667705080381, 34.555830458621593 ], [ -90.542857069372261, 34.555876992901396 ], [ -90.543202354239256, 34.555820023265099 ] ] ], [ [ [ -90.541771661387614, 34.536726289831662 ], [ -90.542100159083788, 34.536679061645891 ], [ -90.542402959201496, 34.536863499493762 ], [ -90.542460032202328, 34.537135341199168 ], [ -90.542268104477543, 34.537360958451906 ], [ -90.541939604142328, 34.537408186974922 ], [ -90.541636803219646, 34.537223747951131 ], [ -90.541579732879583, 34.536951905975755 ], [ -90.541771661387614, 34.536726289831662 ] ] ], [ [ [ -90.5399800340724, 34.540443904128878 ], [ -90.540308547234233, 34.540396681461537 ], [ -90.540625125290717, 34.540539540460379 ], [ -90.540714119466728, 34.540805444942919 ], [ -90.540549826690992, 34.541045540374078 ], [ -90.540228486558988, 34.541119181406387 ], [ -90.539869782100908, 34.540970279663178 ], [ -90.539780790508644, 34.540704374678263 ], [ -90.5399800340724, 34.540443904128878 ] ] ], [ [ [ -90.538965159042036, 34.544442330240884 ], [ -90.539707239763786, 34.544506411254595 ], [ -90.539862892295332, 34.544671383731348 ], [ -90.539881546497512, 34.544880107941438 ], [ -90.539756913835632, 34.545062231157573 ], [ -90.539531002650278, 34.545156366438093 ], [ -90.539205054913339, 34.545161998874832 ], [ -90.538903128512473, 34.545139832851795 ], [ -90.53872423551546, 34.545046133767634 ], [ -90.53860417422311, 34.544788726043606 ], [ -90.538739248776167, 34.544536464096936 ], [ -90.538965159042036, 34.544442330240884 ] ] ], [ [ [ -90.539068252084874, 34.547185341673057 ], [ -90.539396792369345, 34.547138122662503 ], [ -90.539669458952474, 34.547296954915012 ], [ -90.539726527990979, 34.547568797401844 ], [ -90.539534567412389, 34.547794408664693 ], [ -90.539206024577112, 34.547841627934979 ], [ -90.538933357225929, 34.547682794620911 ], [ -90.538876290738244, 34.547410951874362 ], [ -90.539068252084874, 34.547185341673057 ] ] ], [ [ [ -90.538194686044932, 34.55010868006859 ], [ -90.538523238283773, 34.550061463943827 ], [ -90.538795912284343, 34.550220298416725 ], [ -90.538852979858305, 34.550492141157925 ], [ -90.538661009790886, 34.550717750560139 ], [ -90.538332455000841, 34.550764966944612 ], [ -90.538059780232203, 34.550606131410035 ], [ -90.53800271520943, 34.550334288409118 ], [ -90.538194686044932, 34.55010868006859 ] ] ], [ [ [ -90.541876752908038, 34.553018629230529 ], [ -90.541998710230715, 34.553161839798243 ], [ -90.542017370368811, 34.553370563726126 ], [ -90.541892728401848, 34.553552688553218 ], [ -90.541708514567176, 34.553639068674926 ], [ -90.54033399722671, 34.553685970374943 ], [ -90.540102714593772, 34.55360119098669 ], [ -90.539967339823221, 34.55342438866186 ], [ -90.540008101737726, 34.55315054453574 ], [ -90.540270964638225, 34.552980754259565 ], [ -90.541602826347699, 34.552931257224039 ], [ -90.541876752908038, 34.553018629230529 ] ] ], [ [ [ -90.537812821471803, 34.552989486560215 ], [ -90.538082707236342, 34.553202011657795 ], [ -90.538074577370864, 34.553477842373781 ], [ -90.537823551782139, 34.553673953647042 ], [ -90.537464027824726, 34.553671726329618 ], [ -90.537234038857093, 34.553471926986823 ], [ -90.537242171494754, 34.553196096445113 ], [ -90.537483659874113, 34.553005812377222 ], [ -90.537812821471803, 34.552989486560215 ] ] ], [ [ [ -90.537407662830546, 34.55592046833042 ], [ -90.537736238462827, 34.555873255361895 ], [ -90.538008929152141, 34.556032092203097 ], [ -90.538065996934236, 34.556303935137514 ], [ -90.537874010471882, 34.556529542444686 ], [ -90.537545432287658, 34.55657675567295 ], [ -90.537272740830105, 34.556417917769828 ], [ -90.537215675599953, 34.556146074575672 ], [ -90.537407662830546, 34.55592046833042 ] ] ], [ [ [ -90.53812904904926, 34.55927108665697 ], [ -90.538457637703928, 34.559223872313275 ], [ -90.538730340417075, 34.559382707987282 ], [ -90.538787412181222, 34.55965455064635 ], [ -90.538595419326199, 34.55988015873131 ], [ -90.538266828119177, 34.559927373334851 ], [ -90.537994124637592, 34.559768536598796 ], [ -90.537937055425786, 34.559496693679911 ], [ -90.53812904904926, 34.55927108665697 ] ] ], [ [ [ -90.540769357808415, 34.562071758858018 ], [ -90.541097956538607, 34.562024537824904 ], [ -90.541370673465124, 34.562183368131457 ], [ -90.541427755254787, 34.562455209889215 ], [ -90.541235762364423, 34.562680822067158 ], [ -90.540907161081634, 34.562728043360323 ], [ -90.540634443386267, 34.562569211991679 ], [ -90.5405773641492, 34.562297369973891 ], [ -90.540769357808415, 34.562071758858018 ] ] ] ] } },
{ "type": "Feature", "properties": { "depth_bin": "15-20 ft", "bin_order": -17.5, "survey_id": "LM_18_FRI_20150425_CS_6649_6690_SORT", "date": "2015-04-25", "year": 2015, "mile": 667.0 }, "geometry": { "type": "MultiPolygon", "coordinates": [ [ [ [ -90.564582683346686, 34.57563061494487 ], [ -90.564749709908185, 34.575738339883088 ], [ -90.564840874074662, 34.575933580216386 ], [ -90.5646745116983, 34.576244356884317 ], [ -90.563922178752691, 34.576505180597671 ], [ -90.563671031128564, 34.576479644378999 ], [ -90.56350400462577, 34.576371917970967 ], [ -90.563414905883874, 34.576106026852983 ], [ -90.563579210055266, 34.575865902005575 ], [ -90.564289809807505, 34.575612845645828 ], [ -90.564582683346686, 34.57563061494487 ] ] ], [ [ [ -90.56963279623767, 34.577041083907766 ], [ -90.56987636375554, 34.577274414695957 ], [ -90.56981281613875, 34.577578169424307 ], [ -90.56940642252053, 34.577777405069412 ], [ -90.569039178581022, 34.57772484153368 ], [ -90.56886058270986, 34.577491799906241 ], [ -90.568933524076002, 34.57722256064239 ], [ -90.569339915941953, 34.577023326491052 ], [ -90.56963279623767, 34.577041083907766 ] ] ], [ [ [ -90.568235252411696, 34.577488060281944 ], [ -90.568442200858243, 34.577608498078781 ], [ -90.568534444530911, 34.577839102946918 ], [ -90.568455177464742, 34.5780378650297 ], [ -90.568179358786907, 34.578217562181649 ], [ -90.567958171701193, 34.578294144897853 ], [ -90.567705091158103, 34.578267815819117 ], [ -90.56749195338044, 34.578466853440894 ], [ -90.56657339089135, 34.578758746434872 ], [ -90.56632223537531, 34.578733215366647 ], [ -90.56613055701979, 34.578596576526031 ], [ -90.566073386219529, 34.578324743120923 ], [ -90.56626535297157, 34.578099091038389 ], [ -90.56676845181515, 34.577889229560107 ], [ -90.567221115597476, 34.577789748927252 ], [ -90.567474194484518, 34.577816078945126 ], [ -90.567582789478607, 34.577677995921633 ], [ -90.567902581354915, 34.5775084804268 ], [ -90.568235252411696, 34.577488060281944 ] ] ], [ [ [ -90.564185865345152, 34.581948417346958 ], [ -90.564514533722544, 34.581901136087659 ], [ -90.56478736112561, 34.582059918172234 ], [ -90.564844529507752, 34.582331751960183 ], [ -90.564652548599909, 34.582557401090334 ], [ -90.56432387766823, 34.582604682611453 ], [ -90.564051049493116, 34.582445899464538 ], [ -90.563993883665248, 34.582174065414797 ], [ -90.564185865345152, 34.581948417346958 ] ] ], [ [ [ -90.563456532341775, 34.582280526946377 ], [ -90.563663484854288, 34.582400972979769 ], [ -90.563754652750347, 34.582596214130994 ], [ -90.563699306180268, 34.582800442494822 ], [ -90.563516099472508, 34.582944820500991 ], [ -90.563111187824433, 34.582982266851857 ], [ -90.562955311880813, 34.583125440057827 ], [ -90.562226079974863, 34.583422775202123 ], [ -90.560628739123644, 34.583954954063991 ], [ -90.5603358378862, 34.583937174089954 ], [ -90.560123061050177, 34.583769750442123 ], [ -90.560098398623907, 34.583494590858216 ], [ -90.560316210514031, 34.583285600368285 ], [ -90.562564946610024, 34.58248465160122 ], [ -90.562859583891807, 34.582478928895121 ], [ -90.56309176647693, 34.582303956752035 ], [ -90.563456532341775, 34.582280526946377 ] ] ], [ [ [ -90.554734927622604, 34.572634168807994 ], [ -90.55502778728895, 34.572651960540568 ], [ -90.55525787096704, 34.572851729798778 ], [ -90.55526517171964, 34.573094551922019 ], [ -90.555084582774526, 34.573286086860648 ], [ -90.554748205220946, 34.573331574482957 ], [ -90.554336754521003, 34.573600780064638 ], [ -90.553801913717251, 34.57377502118009 ], [ -90.552885831072842, 34.574231574002873 ], [ -90.552377394299185, 34.574396147751763 ], [ -90.552137010744715, 34.574393946748124 ], [ -90.551870485362883, 34.574646061021873 ], [ -90.551543350434073, 34.574662875606776 ], [ -90.551311797779533, 34.574513491899864 ], [ -90.551241056587429, 34.574216786873734 ], [ -90.551433051882242, 34.573991159306161 ], [ -90.55184379434094, 34.573945820812355 ], [ -90.55206496429912, 34.573726776265083 ], [ -90.553477861951279, 34.573189586049367 ], [ -90.55403798578962, 34.572867844090851 ], [ -90.554476916276954, 34.572797598462017 ], [ -90.554734927622604, 34.572634168807994 ] ] ], [ [ [ -90.555913927672378, 34.575528222093183 ], [ -90.556203279621371, 34.575569669924583 ], [ -90.556395163197351, 34.57575354155361 ], [ -90.55641386103774, 34.575962264316011 ], [ -90.556256835056956, 34.576167519741091 ], [ -90.555655490058157, 34.576446683354305 ], [ -90.555313918676958, 34.576436635241009 ], [ -90.555158773304186, 34.576636250520664 ], [ -90.554842187036186, 34.576714925371093 ], [ -90.554441140159469, 34.576946270041866 ], [ -90.554188793247505, 34.576961731243934 ], [ -90.553940642559382, 34.576831844918921 ], [ -90.553851574336548, 34.576565948098008 ], [ -90.554015906232323, 34.576325837358446 ], [ -90.554489836968315, 34.576194620929869 ], [ -90.55473353532183, 34.576015820152762 ], [ -90.555075104812303, 34.576025869816966 ], [ -90.555230249152999, 34.575826254586069 ], [ -90.555913927672378, 34.575528222093183 ] ] ], [ [ [ -90.558471125806818, 34.577731931915366 ], [ -90.558741143165477, 34.577944416121888 ], [ -90.558690985948317, 34.578281751568944 ], [ -90.55825361153245, 34.578486291876452 ], [ -90.557886373600596, 34.578433694913642 ], [ -90.557707808505498, 34.578200638223095 ], [ -90.557780786225123, 34.577931407206457 ], [ -90.558177549865491, 34.577737977525636 ], [ -90.558471125806818, 34.577731931915366 ] ] ], [ [ [ -90.556334101217146, 34.578359348782342 ], [ -90.556662758468804, 34.578312088257704 ], [ -90.556935558517239, 34.578470886872914 ], [ -90.556992699339176, 34.578742723304053 ], [ -90.556800706810066, 34.578968359641273 ], [ -90.55647204700432, 34.579015620427164 ], [ -90.556199246184761, 34.578856820749593 ], [ -90.556142107916926, 34.578584984057187 ], [ -90.556334101217146, 34.578359348782342 ] ] ], [ [ [ -90.560792886021588, 34.5800981711349 ], [ -90.560999829186272, 34.580218621338886 ], [ -90.561090988652097, 34.580413864182134 ], [ -90.561054854729605, 34.580586484935665 ], [ -90.560889640537169, 34.580745016149301 ], [ -90.560518214434978, 34.580858836931242 ], [ -90.560301065182102, 34.580844132007051 ], [ -90.560127377108131, 34.580976061068256 ], [ -90.559671063105696, 34.581111095295576 ], [ -90.559419903539606, 34.581085549805955 ], [ -90.5592282319936, 34.580948900409368 ], [ -90.559171082752158, 34.580677064743952 ], [ -90.559363073317584, 34.580451424626304 ], [ -90.559814862291674, 34.580306706430676 ], [ -90.56007374094726, 34.580313648278654 ], [ -90.560539911309505, 34.580093112234763 ], [ -90.560792886021588, 34.5800981711349 ] ] ], [ [ [ -90.558641091105798, 34.580719713705768 ], [ -90.558988877233617, 34.580830556360326 ], [ -90.559109047636753, 34.581087947491362 ], [ -90.558973967244626, 34.581340230732536 ], [ -90.558635890541623, 34.581459884122246 ], [ -90.558330863273014, 34.58134815992679 ], [ -90.55821069499379, 34.58109076812422 ], [ -90.558345777192187, 34.580838485799902 ], [ -90.558641091105798, 34.580719713705768 ] ] ], [ [ [ -90.55650105918032, 34.58153563665455 ], [ -90.556773869064557, 34.581694435987949 ], [ -90.556819616069646, 34.582000371754653 ], [ -90.556570968457933, 34.582229759675919 ], [ -90.55623827752207, 34.582250147055959 ], [ -90.555985600208757, 34.582069995138077 ], [ -90.555960951643655, 34.581794835245411 ], [ -90.556172389046552, 34.581582896179576 ], [ -90.55650105918032, 34.58153563665455 ] ] ], [ [ [ -90.554185616179666, 34.531795704753996 ], [ -90.554549031669453, 34.531728061264396 ], [ -90.554821680681528, 34.531886859094236 ], [ -90.555355950065533, 34.532629100560897 ], [ -90.555334459681092, 34.532871347265392 ], [ -90.555169335127417, 34.533029875393673 ], [ -90.554840857115892, 34.533077139726153 ], [ -90.554568204320191, 34.532918341800986 ], [ -90.554033940458268, 34.532176097134474 ], [ -90.554040062560389, 34.531966862395073 ], [ -90.554185616179666, 34.531795704753996 ] ] ], [ [ [ -90.553196935221607, 34.570467909057882 ], [ -90.553483421341625, 34.57041461808857 ], [ -90.553745748705978, 34.570523760937007 ], [ -90.553864826942231, 34.570745789519542 ], [ -90.553760293728075, 34.571007804471364 ], [ -90.55346239772912, 34.571131933965709 ], [ -90.553139262298799, 34.571040441531949 ], [ -90.553039642560776, 34.571335345257502 ], [ -90.552455427241767, 34.571674549835286 ], [ -90.552203096225057, 34.571690007599067 ], [ -90.552013892835603, 34.571611286469945 ], [ -90.55186383479176, 34.571364869307061 ], [ -90.551968374378703, 34.571102856266549 ], [ -90.552442438343974, 34.570776643285811 ], [ -90.552762774457065, 34.57074215743809 ], [ -90.55300049913113, 34.570831937690045 ], [ -90.553031727983111, 34.570626430077795 ], [ -90.553196935221607, 34.570467909057882 ] ] ], [ [ [ -90.552058336612845, 34.528794108402543 ], [ -90.552428000998503, 34.528756275721427 ], [ -90.55269947112015, 34.52895228892428 ], [ -90.552756574118973, 34.5292241273266 ], [ -90.552564692699008, 34.529449763001146 ], [ -90.55219502526181, 34.529487595964881 ], [ -90.5519235547318, 34.529291581631426 ], [ -90.551866454434943, 34.529019742955057 ], [ -90.552058336612845, 34.528794108402543 ] ] ], [ [ [ -90.550954002445735, 34.533468243658788 ], [ -90.551363577580034, 34.53344313745788 ], [ -90.551809114161301, 34.533812920985383 ], [ -90.551898138611278, 34.534078818782874 ], [ -90.551733891481021, 34.534318931448659 ], [ -90.551540384276635, 34.534389974767258 ], [ -90.551289367907046, 34.534364418415024 ], [ -90.550843830954307, 34.53399463299224 ], [ -90.550754809981044, 34.533728734568307 ], [ -90.550954002445735, 34.533468243658788 ] ] ], [ [ [ -90.550274504685319, 34.566138007073597 ], [ -90.550422476581161, 34.566455075123585 ], [ -90.550320011945942, 34.566646437733226 ], [ -90.550146899865382, 34.566747351888807 ], [ -90.549580754785552, 34.566797075023629 ], [ -90.548623941430264, 34.567158905788588 ], [ -90.548288407426838, 34.567092019046335 ], [ -90.548063157672729, 34.567323292095857 ], [ -90.546980627543618, 34.567661920703756 ], [ -90.546687788243204, 34.567644110443972 ], [ -90.546457739679369, 34.567444326337387 ], [ -90.546465846100944, 34.56716849451545 ], [ -90.546707357000031, 34.566978193401255 ], [ -90.547750785944643, 34.566653911439886 ], [ -90.54812804259717, 34.566713039524195 ], [ -90.548316085416218, 34.566499211722991 ], [ -90.549419113020988, 34.566091487865052 ], [ -90.550000525949201, 34.566050651900973 ], [ -90.550274504685319, 34.566138007073597 ] ] ], [ [ [ -90.551400135632022, 34.56832541849338 ], [ -90.551653008371247, 34.568593298638774 ], [ -90.551524237693371, 34.568916051171726 ], [ -90.550743763293966, 34.569220823211843 ], [ -90.55035359240081, 34.56911429961432 ], [ -90.550233464513113, 34.5688569012679 ], [ -90.550368548190661, 34.568604627505053 ], [ -90.551107292410066, 34.568307618711657 ], [ -90.551400135632022, 34.56832541849338 ] ] ], [ [ [ -90.549958156437469, 34.568811357138948 ], [ -90.550137112358314, 34.568905042111112 ], [ -90.550250931888343, 34.569091963341457 ], [ -90.550220028915973, 34.569299690857157 ], [ -90.550089778389122, 34.569437829122947 ], [ -90.549718859464718, 34.569633726169101 ], [ -90.5490256508035, 34.569846699765868 ], [ -90.548774529559807, 34.5698211338768 ], [ -90.54860753635846, 34.569713388332715 ], [ -90.548518491571841, 34.569447488376383 ], [ -90.548682823080597, 34.569207384626907 ], [ -90.549664612582859, 34.568817383561466 ], [ -90.549958156437469, 34.568811357138948 ] ] ], [ [ [ -90.54967579594387, 34.57211220273917 ], [ -90.550004431022415, 34.572064959237501 ], [ -90.55027719777631, 34.572223771497562 ], [ -90.550334313685113, 34.572495610202381 ], [ -90.550142319218438, 34.572721236109842 ], [ -90.549813681586357, 34.572768479872252 ], [ -90.549540914062305, 34.57260966654993 ], [ -90.549483800707037, 34.57233782758437 ], [ -90.54967579594387, 34.57211220273917 ] ] ], [ [ [ -90.548541503654761, 34.531444707591291 ], [ -90.548862800071959, 34.531371042656147 ], [ -90.549175266566095, 34.531530035420062 ], [ -90.549264280531716, 34.531795934770528 ], [ -90.549100030946761, 34.532036043840407 ], [ -90.548778732106015, 34.532109709293252 ], [ -90.548466264330017, 34.531950715467168 ], [ -90.548377252806148, 34.531684815641498 ], [ -90.548541503654761, 34.531444707591291 ] ] ], [ [ [ -90.547894517671423, 34.535414489101441 ], [ -90.548264212641058, 34.535376670402123 ], [ -90.548849879756446, 34.535684611780177 ], [ -90.548969961910871, 34.535942010554095 ], [ -90.548834933069287, 34.536194286060358 ], [ -90.548439130750026, 34.536285026676588 ], [ -90.547812256046328, 34.535967656737853 ], [ -90.547695310958431, 34.535674974336018 ], [ -90.547894517671423, 34.535414489101441 ] ] ], [ [ [ -90.546678258251106, 34.564137987028751 ], [ -90.546826213134892, 34.564455058806892 ], [ -90.54672374317984, 34.564646418205399 ], [ -90.546550631366145, 34.564747327276507 ], [ -90.544899623722586, 34.565107678296144 ], [ -90.544616622121566, 34.565042946681679 ], [ -90.544460924328163, 34.564877978756243 ], [ -90.544469036566539, 34.564602147231561 ], [ -90.544710543982404, 34.56441184987775 ], [ -90.546283457026192, 34.56405916271185 ], [ -90.546678258251106, 34.564137987028751 ] ] ], [ [ [ -90.547294172562658, 34.56980033758478 ], [ -90.547622799403115, 34.569753100157399 ], [ -90.547895554006232, 34.569911917287492 ], [ -90.547952660969059, 34.570183756805299 ], [ -90.547760666001807, 34.570409378992316 ], [ -90.547432036608015, 34.570456616680254 ], [ -90.547159281235068, 34.570297798487921 ], [ -90.547102176825575, 34.570025958709564 ], [ -90.547294172562658, 34.56980033758478 ] ] ], [ [ [ -90.545152457725237, 34.53385619828093 ], [ -90.545480942688414, 34.53380896040764 ], [ -90.545830169108498, 34.533980435322917 ], [ -90.54591917440149, 34.53424633667538 ], [ -90.545754910226165, 34.534486440538949 ], [ -90.545391477104531, 34.534554056986543 ], [ -90.545042249338195, 34.534382580766135 ], [ -90.544953246758126, 34.53411667889187 ], [ -90.545152457725237, 34.53385619828093 ] ] ], [ [ [ -90.545507475443486, 34.538014997636139 ], [ -90.545835976766739, 34.537967759523752 ], [ -90.546453830235308, 34.538194229454824 ], [ -90.54660381835096, 34.538440651282066 ], [ -90.546499309470647, 34.538702662021365 ], [ -90.546116146022911, 34.538825062263207 ], [ -90.54545616467172, 34.538592550781985 ], [ -90.545308254822345, 34.538275478290366 ], [ -90.545507475443486, 34.538014997636139 ] ] ], [ [ [ -90.546402478882229, 34.56149426003676 ], [ -90.546558174769842, 34.5616592254609 ], [ -90.546584147744312, 34.561833090733096 ], [ -90.54648168083979, 34.562024450116148 ], [ -90.546267971937141, 34.562136464436719 ], [ -90.545164798597824, 34.562269439659502 ], [ -90.544879777438823, 34.562242680709616 ], [ -90.542927277276732, 34.562538337654829 ], [ -90.542644286080503, 34.56247360187345 ], [ -90.5424751743695, 34.562275041971262 ], [ -90.542515934237258, 34.56200119720144 ], [ -90.54277882136914, 34.561831402712578 ], [ -90.546119487979439, 34.561429532346907 ], [ -90.546402478882229, 34.56149426003676 ] ] ], [ [ [ -90.545125687604781, 34.567473180360508 ], [ -90.545454306061643, 34.567425948424471 ], [ -90.545727048902307, 34.567584769962394 ], [ -90.545784147613858, 34.567856610222421 ], [ -90.54559215274017, 34.568082229051164 ], [ -90.545263531730185, 34.56812946124758 ], [ -90.544990788120032, 34.567970638647466 ], [ -90.544933691961589, 34.567698798127061 ], [ -90.545125687604781, 34.567473180360508 ] ] ], [ [ [ -90.543006285418173, 34.540979722369244 ], [ -90.54328498505717, 34.540903479184529 ], [ -90.543940848468978, 34.541016908876138 ], [ -90.544146049401334, 34.541234385798852 ], [ -90.544105309220825, 34.541508232619655 ], [ -90.543758347811846, 34.541690131004472 ], [ -90.543059739148987, 34.541577576104821 ], [ -90.542839921316897, 34.541290470374328 ], [ -90.543006285418173, 34.540979722369244 ] ] ], [ [ [ -90.544654181978174, 34.544414625989688 ], [ -90.544828636332625, 34.544566173257493 ], [ -90.544871937905256, 34.544772378226071 ], [ -90.544769490535174, 34.54496373738052 ], [ -90.544555824617859, 34.545075750745191 ], [ -90.543324248526261, 34.545111276434881 ], [ -90.543092985715404, 34.545026503491897 ], [ -90.542957617179141, 34.544849704583257 ], [ -90.542998363411343, 34.544575858511863 ], [ -90.543261192550688, 34.544406060164533 ], [ -90.544416204200289, 34.544367092914158 ], [ -90.544654181978174, 34.544414625989688 ] ] ], [ [ [ -90.543853467455847, 34.547193685324132 ], [ -90.54397542040472, 34.547336893821345 ], [ -90.543994085107471, 34.547545617782795 ], [ -90.543869456813908, 34.547727745342094 ], [ -90.543685258066631, 34.547814129159072 ], [ -90.542292183666717, 34.547820151626517 ], [ -90.542072070902208, 34.547717028500756 ], [ -90.541967672874875, 34.547564617503127 ], [ -90.542008424212213, 34.547290772067981 ], [ -90.542271264121396, 34.547120976372575 ], [ -90.543579557283351, 34.5471063184077 ], [ -90.543853467455847, 34.547193685324132 ] ] ], [ [ [ -90.54280431427118, 34.558917671104361 ], [ -90.543087293727936, 34.558982406040769 ], [ -90.543265778853836, 34.559215481331748 ], [ -90.543215645262478, 34.559454810263823 ], [ -90.542993368331594, 34.55961350184252 ], [ -90.542662693960565, 34.559641073882517 ], [ -90.542445443211278, 34.559565365955308 ], [ -90.541188297383187, 34.559752558213439 ], [ -90.540948066689367, 34.559686944005705 ], [ -90.540792385774253, 34.559521971998215 ], [ -90.540800508501732, 34.55924614099159 ], [ -90.541042007571448, 34.559055850448459 ], [ -90.542146179280422, 34.558921094251787 ], [ -90.542448824450943, 34.558998522683886 ], [ -90.54280431427118, 34.558917671104361 ] ] ], [ [ [ -90.541829824611781, 34.536770739385162 ], [ -90.542158322461205, 34.536723511049097 ], [ -90.54246720670362, 34.536884895837588 ], [ -90.542556203658179, 34.537150799204717 ], [ -90.542391923866546, 34.537390897780064 ], [ -90.542070599318336, 34.537464544374444 ], [ -90.541719590484647, 34.537297117583293 ], [ -90.54163059610454, 34.537031213718414 ], [ -90.541829824611781, 34.536770739385162 ] ] ], [ [ [ -90.542491186486359, 34.550044853325005 ], [ -90.542774136004383, 34.550109587782728 ], [ -90.542952602796291, 34.550342662995263 ], [ -90.542902475225958, 34.550581992303506 ], [ -90.542680222411178, 34.550740684501562 ], [ -90.542427954371064, 34.550756124698374 ], [ -90.542201017287098, 34.550646465901593 ], [ -90.541965490119807, 34.550748953794255 ], [ -90.541182277094578, 34.550762052692527 ], [ -90.54098471465359, 34.550699035217846 ], [ -90.540829049320308, 34.550534063747435 ], [ -90.540837169203542, 34.55025823232674 ], [ -90.541078640916254, 34.550067940344924 ], [ -90.541944161292164, 34.550035979438775 ], [ -90.542213226211999, 34.550151679702047 ], [ -90.542491186486359, 34.550044853325005 ] ] ], [ [ [ -90.541768869260963, 34.555934136917642 ], [ -90.541882653675358, 34.556121064771318 ], [ -90.541867118355086, 34.556295780329428 ], [ -90.541753868091305, 34.556443806797247 ], [ -90.541527927326726, 34.556537944401036 ], [ -90.541160079491306, 34.556497230351184 ], [ -90.540007549094341, 34.556573028805062 ], [ -90.539745284256242, 34.556463858802125 ], [ -90.539631504333286, 34.556276929147636 ], [ -90.539704516143303, 34.556007709734878 ], [ -90.539986238619946, 34.555860055374829 ], [ -90.540681242739723, 34.55582325353943 ], [ -90.541153841958121, 34.555877185517865 ], [ -90.541463958389514, 34.555822375021883 ], [ -90.541768869260963, 34.555934136917642 ] ] ], [ [ [ -90.54080249172641, 34.562068854018989 ], [ -90.541131090431861, 34.562021632895274 ], [ -90.541403807416913, 34.562180463130062 ], [ -90.541460889314081, 34.562452304876928 ], [ -90.541268896517224, 34.562677917111259 ], [ -90.540940295259176, 34.562725138495004 ], [ -90.540667577505275, 34.562566307198132 ], [ -90.540610498160717, 34.562294465191236 ], [ -90.54080249172641, 34.562068854018989 ] ] ], [ [ [ -90.540046705962638, 34.540481991584784 ], [ -90.540368043738354, 34.54040835092669 ], [ -90.540664011761592, 34.540522731586726 ], [ -90.540784074215466, 34.540780137455698 ], [ -90.540649012481055, 34.541032402330728 ], [ -90.54033794269894, 34.541131752246287 ], [ -90.539999335227421, 34.54101477488075 ], [ -90.539882412018386, 34.540722086073771 ], [ -90.540046705962638, 34.540481991584784 ] ] ], [ [ [ -90.538956667844275, 34.544449576630093 ], [ -90.539589238950228, 34.544458678733633 ], [ -90.539809340030445, 34.544561805893643 ], [ -90.53992834760453, 34.544783845791542 ], [ -90.539872974209914, 34.544988063079956 ], [ -90.539568422105802, 34.545165611323 ], [ -90.538858265601377, 34.545110694861911 ], [ -90.538653070097567, 34.54489320934907 ], [ -90.538693830387203, 34.544619365320607 ], [ -90.538956667844275, 34.544449576630093 ] ] ], [ [ [ -90.539263321779018, 34.547130897654981 ], [ -90.53991305301868, 34.547195615605297 ], [ -90.540068710655461, 34.547360587984436 ], [ -90.540094667430878, 34.547534454244058 ], [ -90.539992205578898, 34.54772580869561 ], [ -90.53969437643795, 34.547849907648818 ], [ -90.539284628486385, 34.547843871780032 ], [ -90.539053362858112, 34.547759091063426 ], [ -90.538903382575853, 34.54751266052903 ], [ -90.539007927631147, 34.547250658128782 ], [ -90.539263321779018, 34.547130897654981 ] ] ], [ [ [ -90.538197300256954, 34.550132176316282 ], [ -90.538545434951118, 34.550059653493953 ], [ -90.538850320892351, 34.550171421719142 ], [ -90.538970389665167, 34.550428829357138 ], [ -90.538835305152048, 34.550681090961625 ], [ -90.538524196836605, 34.550780434482647 ], [ -90.53814990845315, 34.550664957391206 ], [ -90.538032980431765, 34.55037226693166 ], [ -90.538197300256954, 34.550132176316282 ] ] ], [ [ [ -90.539763335899934, 34.553005411667293 ], [ -90.540042078866406, 34.552929177867611 ], [ -90.540598911694431, 34.553030301094189 ], [ -90.540777377951585, 34.553263379396014 ], [ -90.540704372513417, 34.553532599810907 ], [ -90.540380222280973, 34.553684593376751 ], [ -90.539780639017636, 34.553584343549069 ], [ -90.539596933254018, 34.553316153155748 ], [ -90.539763335899934, 34.553005411667293 ] ] ], [ [ [ -90.538098427832153, 34.552964900383948 ], [ -90.538318507135969, 34.553235699516378 ], [ -90.538219192459295, 34.553532811447532 ], [ -90.537737122399122, 34.553696053773088 ], [ -90.537420452138932, 34.55360954629986 ], [ -90.537270467367549, 34.553363113729048 ], [ -90.537383796175462, 34.55308636957497 ], [ -90.537809165225411, 34.552923413165189 ], [ -90.538098427832153, 34.552964900383948 ] ] ], [ [ [ -90.537406321048081, 34.555938472064604 ], [ -90.53772772106305, 34.555864841171086 ], [ -90.538017916482175, 34.556000799793438 ], [ -90.538106915649479, 34.556266705915249 ], [ -90.537942582395985, 34.556506795663303 ], [ -90.537621180027969, 34.556580427018737 ], [ -90.537330983357521, 34.556444467405534 ], [ -90.537241986543236, 34.556178560821813 ], [ -90.537406321048081, 34.555938472064604 ] ] ], [ [ [ -90.539105926204428, 34.559092002700957 ], [ -90.53971777286452, 34.559192120984626 ], [ -90.539886871985843, 34.559390684256755 ], [ -90.539865325173906, 34.559632925064832 ], [ -90.539662912875954, 34.559808871005686 ], [ -90.538423140995576, 34.559945452333196 ], [ -90.538184783206844, 34.559894820842601 ], [ -90.538010311201873, 34.559743263564705 ], [ -90.537985724172017, 34.559468101923997 ], [ -90.538203522543057, 34.559259149879061 ], [ -90.539105926204428, 34.559092002700957 ] ] ] ] } },
{ "type": "Feature", "properties": { "depth_bin": "20-25 ft", "bin_order": -22.5, "survey_id": "LM_18_FRI_20150425_CS_6649_6690_SORT", "date": "2015-04-25", "year": 2015, "mile": 667.0 }, "geometry": { "type": "MultiPolygon", "coordinates": [ [ [ [ -90.554294974747208, 34.572813682806569 ], [ -90.554535254726048, 34.572879272635802 ], [ -90.554690987191108, 34.573044228976123 ], [ -90.554709680562709, 34.573252951878132 ], [ -90.554552656036734, 34.573458205229471 ], [ -90.551938381708368, 34.574625853095512 ], [ -90.551652249009649, 34.574651759442723 ], [ -90.55140410924119, 34.574521868368137 ], [ -90.551300838037037, 34.574234307196257 ], [ -90.551465172053568, 34.573994199927988 ], [ -90.554294974747208, 34.572813682806569 ] ] ], [ [ [ -90.564073900789566, 34.57569634827194 ], [ -90.564395358812106, 34.5756226495213 ], [ -90.564685668347551, 34.575758549014942 ], [ -90.564774770894843, 34.57602443937305 ], [ -90.564610469725793, 34.576264565958006 ], [ -90.56428900934938, 34.576338265172538 ], [ -90.563998698558805, 34.576202364688278 ], [ -90.563909598365385, 34.575936473866257 ], [ -90.564073900789566, 34.57569634827194 ] ] ], [ [ [ -90.555516596065203, 34.575768609671201 ], [ -90.55571422913107, 34.575831606346256 ], [ -90.555869969172207, 34.575996561439709 ], [ -90.555888665710171, 34.576205284221828 ], [ -90.555764015939175, 34.576387422447027 ], [ -90.55460130407802, 34.576886497013888 ], [ -90.554389566210247, 34.576890850813676 ], [ -90.55416936267352, 34.576787746086445 ], [ -90.554049213192783, 34.576530350827717 ], [ -90.554184299455471, 34.576278073163095 ], [ -90.555267300321731, 34.5758044572149 ], [ -90.555516596065203, 34.575768609671201 ] ] ], [ [ [ -90.569392825462018, 34.577099038878387 ], [ -90.569662870185439, 34.577311499999261 ], [ -90.569635623940329, 34.577618943929139 ], [ -90.569240927483406, 34.577835053493892 ], [ -90.568909830339194, 34.577801403028296 ], [ -90.568704478252428, 34.57758396244261 ], [ -90.568745163141401, 34.577310106210263 ], [ -90.569099250924225, 34.577105110917849 ], [ -90.569392825462018, 34.577099038878387 ] ] ], [ [ [ -90.568215831528846, 34.577437198389639 ], [ -90.568506153983378, 34.577573089276449 ], [ -90.568587976956863, 34.577873837187646 ], [ -90.568362354964208, 34.578118001956 ], [ -90.568033703171878, 34.578165294335527 ], [ -90.567760881425798, 34.578006519700217 ], [ -90.567703705550755, 34.577734686829118 ], [ -90.567895666593245, 34.577509031916648 ], [ -90.568215831528846, 34.577437198389639 ] ] ], [ [ [ -90.558318451747795, 34.577834597963644 ], [ -90.558538413052645, 34.578121680560983 ], [ -90.558372022854627, 34.578432447351098 ], [ -90.557917722342822, 34.578631689828235 ], [ -90.5575139708465, 34.578702408539428 ], [ -90.557262819424324, 34.578676858930734 ], [ -90.5570957975157, 34.578569123941875 ], [ -90.557006717578034, 34.578303228991324 ], [ -90.557171044385271, 34.5780631138215 ], [ -90.557987360842219, 34.577800918019157 ], [ -90.558318451747795, 34.577834597963644 ] ] ], [ [ [ -90.556851463266611, 34.578331267163513 ], [ -90.557066170485527, 34.578583241999588 ], [ -90.556993189784947, 34.578852472440644 ], [ -90.556677476169568, 34.579008744126334 ], [ -90.556351967757109, 34.578948379741774 ], [ -90.5561734060757, 34.578715320956221 ], [ -90.556246389245075, 34.578446091107239 ], [ -90.556520371240254, 34.578297583178973 ], [ -90.556851463266611, 34.578331267163513 ] ] ], [ [ [ -90.559932787087163, 34.580374926667787 ], [ -90.560099816373466, 34.580482658048091 ], [ -90.56019097394109, 34.580677901479945 ], [ -90.560154838023877, 34.580850521876435 ], [ -90.559989621641591, 34.58100905176974 ], [ -90.558985566095231, 34.581315968418494 ], [ -90.55867399611509, 34.581509335813962 ], [ -90.558381104142683, 34.581491551516876 ], [ -90.558189433507678, 34.581354900527693 ], [ -90.558143681653092, 34.581048965048254 ], [ -90.55838520722078, 34.580817840571179 ], [ -90.559599288650503, 34.580368254993388 ], [ -90.559932787087163, 34.580374926667787 ] ] ], [ [ [ -90.556431174880871, 34.581486783091769 ], [ -90.556778960817979, 34.581597632049608 ], [ -90.556899125224504, 34.581855025088224 ], [ -90.556764036911716, 34.582107305516679 ], [ -90.556424667002773, 34.582227806587028 ], [ -90.556119640293161, 34.582116076877796 ], [ -90.555999478013788, 34.581858683166615 ], [ -90.556134568138077, 34.581606403656821 ], [ -90.556431174880871, 34.581486783091769 ] ] ], [ [ [ -90.562061921243838, 34.58284397797339 ], [ -90.562276655551187, 34.583095944617156 ], [ -90.562203686632557, 34.583365178539545 ], [ -90.561882906708902, 34.583525153976346 ], [ -90.561557376242078, 34.583464802629265 ], [ -90.561378790649471, 34.583231750603446 ], [ -90.5614517620578, 34.582962517276876 ], [ -90.561730808434589, 34.582810307318418 ], [ -90.562061921243838, 34.58284397797339 ] ] ], [ [ [ -90.55382691512537, 34.531262608976988 ], [ -90.554190328493675, 34.531194966464604 ], [ -90.554462975097252, 34.531353765006067 ], [ -90.55486097375821, 34.531991395596165 ], [ -90.55483010163077, 34.532199126497041 ], [ -90.554664977569999, 34.532357653974216 ], [ -90.554295297740936, 34.532395492780751 ], [ -90.554019343437176, 34.532192220554158 ], [ -90.553665858862701, 34.531608485158586 ], [ -90.553696733557501, 34.531400754647663 ], [ -90.55382691512537, 34.531262608976988 ] ] ], [ [ [ -90.552084881134562, 34.52888378520683 ], [ -90.552406165018098, 34.528810110359288 ], [ -90.5527187101236, 34.528969727566384 ], [ -90.552807733304689, 34.529235624795696 ], [ -90.552643499097428, 34.529475739374909 ], [ -90.552322212788425, 34.529549414740401 ], [ -90.552009666403578, 34.529389796471271 ], [ -90.55192064566458, 34.529123898766535 ], [ -90.552084881134562, 34.52888378520683 ] ] ], [ [ [ -90.550842292409271, 34.568441445860515 ], [ -90.551082556871847, 34.568507041888537 ], [ -90.551251701518808, 34.568705591073154 ], [ -90.55123018349299, 34.568947834852125 ], [ -90.551064975871469, 34.569106353212099 ], [ -90.549171390862625, 34.569802591119775 ], [ -90.547719832826132, 34.570429049525906 ], [ -90.547426283444679, 34.570435070309301 ], [ -90.547194749914155, 34.570285679499463 ], [ -90.547137645393903, 34.570013839732674 ], [ -90.547329641008588, 34.569788218546364 ], [ -90.549687701335259, 34.568806873464915 ], [ -90.550842292409271, 34.568441445860515 ] ] ], [ [ [ -90.552361775980671, 34.570996391396918 ], [ -90.552581962235521, 34.571099498736103 ], [ -90.552686406990389, 34.571251902183896 ], [ -90.552691667324268, 34.571427036388386 ], [ -90.552567018560566, 34.571609171481384 ], [ -90.55218224569002, 34.571734172966288 ], [ -90.551655898489415, 34.572038992683105 ], [ -90.551444173105452, 34.57204334188512 ], [ -90.551223985965152, 34.571940232459575 ], [ -90.551103851809501, 34.571682834792846 ], [ -90.551238938020177, 34.571430560254299 ], [ -90.551778200611608, 34.571210757035573 ], [ -90.551969927399085, 34.571052371906255 ], [ -90.552361775980671, 34.570996391396918 ] ] ], [ [ [ -90.550674394952722, 34.533285265600242 ], [ -90.550867900191079, 34.533214223566333 ], [ -90.551118912943593, 34.533239780637992 ], [ -90.551572879805647, 34.533587057918325 ], [ -90.55169296790271, 34.533844454320302 ], [ -90.551557950881474, 34.534096733413257 ], [ -90.551332082067248, 34.534190892532514 ], [ -90.551120956326955, 34.534178058077501 ], [ -90.550627098685041, 34.533818056651498 ], [ -90.550510146108977, 34.533525376563425 ], [ -90.550674394952722, 34.533285265600242 ] ] ], [ [ [ -90.54875833421066, 34.566369832854768 ], [ -90.549079766817385, 34.566296173434566 ], [ -90.549370017631148, 34.566432107155499 ], [ -90.549459062547797, 34.566698006588027 ], [ -90.549294738598604, 34.566938111778057 ], [ -90.548973303638277, 34.567011771661058 ], [ -90.54868305157143, 34.566875836949308 ], [ -90.548594009008397, 34.566609937053983 ], [ -90.54875833421066, 34.566369832854768 ] ] ], [ [ [ -90.548585601642387, 34.531489860421772 ], [ -90.548990222379885, 34.531431659783117 ], [ -90.549383387372544, 34.531729227492434 ], [ -90.549472402182886, 34.531995126720332 ], [ -90.54930815275155, 34.532235236072111 ], [ -90.548903528243287, 34.532293437602306 ], [ -90.548510362525391, 34.531995868331094 ], [ -90.548421350819979, 34.531729968531366 ], [ -90.548585601642387, 34.531489860421772 ] ] ], [ [ [ -90.54756086104166, 34.535274245247237 ], [ -90.547924295978476, 34.535206622401631 ], [ -90.548440712185936, 34.535461957033753 ], [ -90.548590701909418, 34.535708376558645 ], [ -90.548486203106947, 34.53597038951748 ], [ -90.548313154871664, 34.536071304138609 ], [ -90.548060931629792, 34.536086757949718 ], [ -90.547544512938984, 34.535831421618504 ], [ -90.547393465667156, 34.535549634027078 ], [ -90.54756086104166, 34.535274245247237 ] ] ], [ [ [ -90.545204449846366, 34.537713331314215 ], [ -90.546023419672963, 34.538058705383293 ], [ -90.546142435954337, 34.538280739741587 ], [ -90.546064219772191, 34.538514854653648 ], [ -90.545824278491452, 34.538654766504237 ], [ -90.545571432047538, 34.538649681887357 ], [ -90.544853262544905, 34.538369371626892 ], [ -90.544648066272231, 34.538151896022541 ], [ -90.544688802362813, 34.537878048738051 ], [ -90.54495160636651, 34.537708245534638 ], [ -90.545204449846366, 34.537713331314215 ] ] ], [ [ [ -90.545920671336802, 34.564131525417032 ], [ -90.546209977675289, 34.564172995148184 ], [ -90.546401813595821, 34.564356880771264 ], [ -90.546393707812982, 34.564632712707123 ], [ -90.54619129582349, 34.564808669424174 ], [ -90.545799638632857, 34.56480834490204 ], [ -90.54550698932546, 34.564990923118032 ], [ -90.54411217149395, 34.565274422983947 ], [ -90.543861066059279, 34.565248847606071 ], [ -90.543648369416957, 34.565081398163258 ], [ -90.54362376324697, 34.564806237019909 ], [ -90.543841562891075, 34.564597275062205 ], [ -90.545364920727835, 34.564250591440036 ], [ -90.54563515551358, 34.564284125559318 ], [ -90.545920671336802, 34.564131525417032 ] ] ], [ [ [ -90.547008437523729, 34.566994194663614 ], [ -90.547175423299123, 34.567101942122868 ], [ -90.547266537333854, 34.567297193706267 ], [ -90.547230382418448, 34.567469809728429 ], [ -90.547065170634284, 34.567628322505108 ], [ -90.545954616192702, 34.567951732056649 ], [ -90.545703501950626, 34.567926160117111 ], [ -90.545511883113434, 34.567789491122646 ], [ -90.545454785329255, 34.567517650772039 ], [ -90.545646779166958, 34.567292032101214 ], [ -90.546715600548083, 34.566976384568129 ], [ -90.547008437523729, 34.566994194663614 ] ] ], [ [ [ -90.54525363688667, 34.533933501341309 ], [ -90.545574945373303, 34.533859845624782 ], [ -90.545865080493087, 34.5339957833081 ], [ -90.545954085912115, 34.534261684639915 ], [ -90.545789821801293, 34.534501788552923 ], [ -90.545468510964554, 34.534575444731388 ], [ -90.54517837459413, 34.534439506058249 ], [ -90.545089371525194, 34.534173604264524 ], [ -90.54525363688667, 34.533933501341309 ] ] ], [ [ [ -90.54276787771667, 34.540794339472392 ], [ -90.543628600224054, 34.540965982266954 ], [ -90.543841238394108, 34.541133429729264 ], [ -90.543877236649777, 34.541374493206739 ], [ -90.543685302160227, 34.541600112295235 ], [ -90.543441549582084, 34.5416559790931 ], [ -90.542977662960524, 34.5415817877184 ], [ -90.542580820518054, 34.541484334709494 ], [ -90.54238926509835, 34.541347663070667 ], [ -90.542332190304734, 34.541075821389782 ], [ -90.542524127024265, 34.540850204517476 ], [ -90.54276787771667, 34.540794339472392 ] ] ], [ [ [ -90.543833666504526, 34.544406753714874 ], [ -90.544025231135208, 34.544543423422368 ], [ -90.544092748621807, 34.544745123868687 ], [ -90.544013460638809, 34.544943869907904 ], [ -90.543814091330361, 34.545072671785718 ], [ -90.542639996059208, 34.54510761231132 ], [ -90.542442445484895, 34.545044597668202 ], [ -90.542286787002212, 34.544879628246008 ], [ -90.542294900363203, 34.544603796267388 ], [ -90.542536351778494, 34.544413500400751 ], [ -90.543833666504526, 34.544406753714874 ] ] ], [ [ [ -90.544790323434881, 34.56164941977233 ], [ -90.544943725516262, 34.56177019033538 ], [ -90.545011256601668, 34.561971890442813 ], [ -90.544931951854565, 34.562170635966069 ], [ -90.544771632540758, 34.56228509363411 ], [ -90.544445566721237, 34.562318112166729 ], [ -90.544211723025583, 34.562201867055066 ], [ -90.544047241938244, 34.562359183672847 ], [ -90.54375856835199, 34.562420217937472 ], [ -90.543518327773199, 34.562354608406991 ], [ -90.543379974866141, 34.562221978841002 ], [ -90.543355369841677, 34.561946817599797 ], [ -90.543573162219673, 34.561737855743623 ], [ -90.543867278426674, 34.561696860937992 ], [ -90.544143256060877, 34.561819147281255 ], [ -90.544424633031966, 34.561618937869802 ], [ -90.544790323434881, 34.56164941977233 ] ] ], [ [ [ -90.543038361505637, 34.561852453095355 ], [ -90.543205331939447, 34.561960205418877 ], [ -90.543296431632783, 34.56215545948492 ], [ -90.543130021477978, 34.562466205154742 ], [ -90.542409015580986, 34.562578683520869 ], [ -90.54207614130037, 34.56244013861712 ], [ -90.541987123946441, 34.562174234817789 ], [ -90.54215145807845, 34.561934139801195 ], [ -90.542387478811989, 34.56185877711664 ], [ -90.543038361505637, 34.561852453095355 ] ] ], [ [ [ -90.542805259888567, 34.564833912486144 ], [ -90.543119107196489, 34.564759121534877 ], [ -90.543424052451698, 34.564870880626891 ], [ -90.543544153939607, 34.565128284698723 ], [ -90.543409056377882, 34.56538055039352 ], [ -90.543097896892647, 34.565479903265121 ], [ -90.542757883200224, 34.565366695082837 ], [ -90.542640921353197, 34.565074008117257 ], [ -90.542805259888567, 34.564833912486144 ] ] ], [ [ [ -90.541889073896257, 34.536836484414209 ], [ -90.542210396124119, 34.536762838194981 ], [ -90.542532930844587, 34.536911636506133 ], [ -90.542621928034563, 34.537177539834389 ], [ -90.542457648368966, 34.537417638503122 ], [ -90.542136323763586, 34.537491285268437 ], [ -90.541813787640933, 34.537342485856065 ], [ -90.541724792917307, 34.537076582046858 ], [ -90.541889073896257, 34.536836484414209 ] ] ], [ [ [ -90.542564959519765, 34.54715369536131 ], [ -90.542784790556553, 34.547440801953961 ], [ -90.542618411280642, 34.547751548774357 ], [ -90.542424865383907, 34.547822575833052 ], [ -90.541974376720532, 34.547829934376168 ], [ -90.541684201845996, 34.547693985939432 ], [ -90.541595198560685, 34.547428081992905 ], [ -90.541759502119007, 34.547187985788845 ], [ -90.54199548063869, 34.547112621936954 ], [ -90.542564959519765, 34.54715369536131 ] ] ], [ [ [ -90.54068918381688, 34.550045177100863 ], [ -90.541412250871602, 34.550088308748251 ], [ -90.541586710267538, 34.550239860779875 ], [ -90.541630005832602, 34.550446066509565 ], [ -90.541527543430519, 34.550637422165806 ], [ -90.5412297056819, 34.550761524469415 ], [ -90.540710501910411, 34.550758151218226 ], [ -90.540479226777137, 34.550673372836521 ], [ -90.540329237477252, 34.550426943759994 ], [ -90.540433782353034, 34.550164940215879 ], [ -90.54068918381688, 34.550045177100863 ] ] ], [ [ [ -90.541344438440319, 34.558999713603299 ], [ -90.541627416828163, 34.559064451890542 ], [ -90.541805897905249, 34.559297529149497 ], [ -90.541732889257005, 34.559566749854731 ], [ -90.541492878543039, 34.559706649858356 ], [ -90.539491022935096, 34.559847049620537 ], [ -90.539250793516516, 34.559781432115066 ], [ -90.539081695229683, 34.559582868003126 ], [ -90.539122464297662, 34.559309024676296 ], [ -90.539385349057028, 34.559139237368548 ], [ -90.541344438440319, 34.558999713603299 ] ] ], [ [ [ -90.541353192811926, 34.562070060373138 ], [ -90.541536921902491, 34.562338248832098 ], [ -90.541432362803505, 34.56260025234495 ], [ -90.541100737246225, 34.562728755933229 ], [ -90.540784029263776, 34.562642255702663 ], [ -90.540634019730263, 34.562395826485492 ], [ -90.540738580997171, 34.562133823745107 ], [ -90.541027763354435, 34.562009658201191 ], [ -90.541353192811926, 34.562070060373138 ] ] ], [ [ [ -90.540114192557979, 34.540494040191739 ], [ -90.540435530332289, 34.540420399355419 ], [ -90.540725678451523, 34.540556349746169 ], [ -90.540814672966846, 34.540822254169072 ], [ -90.540650380435665, 34.541062349746014 ], [ -90.54032904031024, 34.541135991044086 ], [ -90.540038890940409, 34.541000039663118 ], [ -90.539949898776229, 34.540734134778461 ], [ -90.540114192557979, 34.540494040191739 ] ] ], [ [ [ -90.53926021365956, 34.547135778854681 ], [ -90.539873540875746, 34.547162842446085 ], [ -90.54006510467957, 34.547299518311128 ], [ -90.540132614277553, 34.547501220554302 ], [ -90.540053314002975, 34.547699963423959 ], [ -90.53972918600067, 34.547851956306168 ], [ -90.539125682264284, 34.547777975394865 ], [ -90.538947231541144, 34.547544895182128 ], [ -90.539020236141567, 34.547275675597476 ], [ -90.53926021365956, 34.547135778854681 ] ] ], [ [ [ -90.538302856248293, 34.550137355581981 ], [ -90.538624232965887, 34.550063721275507 ], [ -90.538914410400267, 34.550199677084017 ], [ -90.539003407430485, 34.550465582639212 ], [ -90.538839089139927, 34.550705674399772 ], [ -90.53851771007001, 34.550779309168099 ], [ -90.538227531384592, 34.550643352368986 ], [ -90.538138536706697, 34.550377446351938 ], [ -90.538302856248293, 34.550137355581981 ] ] ], [ [ [ -90.539551720060444, 34.552994962314372 ], [ -90.539830463154573, 34.552918729005036 ], [ -90.540280005034873, 34.553014178799749 ], [ -90.540429998358775, 34.553260608033831 ], [ -90.540325448989435, 34.553522611288152 ], [ -90.540027599075373, 34.553646710087563 ], [ -90.539535307752345, 34.553552133715449 ], [ -90.539384259790609, 34.55327033673413 ], [ -90.539551720060444, 34.552994962314372 ] ] ], [ [ [ -90.537651323545603, 34.552987101267213 ], [ -90.537972711858544, 34.552913469201592 ], [ -90.538262897751977, 34.553049426880037 ], [ -90.538351895149859, 34.553315332838949 ], [ -90.538187568919938, 34.553555423300537 ], [ -90.537866178254319, 34.553629055828033 ], [ -90.537575991109719, 34.553493097158864 ], [ -90.537486996064516, 34.553227190738063 ], [ -90.537651323545603, 34.552987101267213 ] ] ], [ [ [ -90.540528979846144, 34.555923443520982 ], [ -90.540650938706591, 34.556066655456981 ], [ -90.540669595658926, 34.556275379384893 ], [ -90.540544946104717, 34.556457502445461 ], [ -90.540319004078029, 34.556551637749365 ], [ -90.538776960542179, 34.556569124394699 ], [ -90.53855683011831, 34.556465994259867 ], [ -90.538443052923512, 34.55627906360985 ], [ -90.538516068524856, 34.556009845072303 ], [ -90.538797792940329, 34.555862193547952 ], [ -90.540255045541429, 34.555836068178621 ], [ -90.540528979846144, 34.555923443520982 ] ] ], [ [ [ -90.537994428164396, 34.555926044489873 ], [ -90.538178133850366, 34.556194237218534 ], [ -90.538073573284663, 34.556456237969599 ], [ -90.537775709625038, 34.556580330625195 ], [ -90.537424988396552, 34.556494866722964 ], [ -90.537274998957713, 34.556248434041805 ], [ -90.537379561686507, 34.555986434063222 ], [ -90.537677423700345, 34.555862342299058 ], [ -90.537994428164396, 34.555926044489873 ] ] ] ] } },
{ "type": "Feature", "properties": { "depth_bin": "25-30 ft", "bin_order": -27.5, "survey_id": "LM_18_FRI_20150425_CS_6649_6690_SORT", "date": "2015-04-25", "year": 2015, "mile": 667.0 }, "geometry": { "type": "MultiPolygon", "coordinates": [ [ [ [ -90.569059592052483, 34.577137658589962 ], [ -90.569435331768332, 34.577275249441129 ], [ -90.569526508577582, 34.57747048675791 ], [ -90.569490393612028, 34.57764311087616 ], [ -90.569325200927125, 34.577801654512186 ], [ -90.568979351226403, 34.57788768560323 ], [ -90.568690257839847, 34.577788525620015 ], [ -90.568557400715093, 34.57801612480332 ], [ -90.568269258465477, 34.57813462564495 ], [ -90.568018104083151, 34.578109098125459 ], [ -90.567826424156621, 34.577972461881998 ], [ -90.567769248082584, 34.57770062903225 ], [ -90.567961208870017, 34.577474974004666 ], [ -90.56826722238452, 34.577394747164604 ], [ -90.568556313870232, 34.577493908078246 ], [ -90.568633391180683, 34.577319842131843 ], [ -90.568793709858966, 34.577205353180503 ], [ -90.569059592052483, 34.577137658589962 ] ] ], [ [ [ -90.557973379006555, 34.577821442553471 ], [ -90.558256435632231, 34.577886145313343 ], [ -90.558412184487622, 34.578051097483119 ], [ -90.55843088755492, 34.578259820099689 ], [ -90.558273861702602, 34.578465078079454 ], [ -90.556784892187366, 34.578983777249817 ], [ -90.556531921608396, 34.578978710184579 ], [ -90.556324988331582, 34.578858252776335 ], [ -90.556235910634427, 34.578592357364833 ], [ -90.556400240217869, 34.578352243362296 ], [ -90.556981660647097, 34.578098177550103 ], [ -90.557973379006555, 34.577821442553471 ] ] ], [ [ [ -90.559448780135355, 34.580465601031285 ], [ -90.559646427477063, 34.580528591883009 ], [ -90.559802183803967, 34.580693542536309 ], [ -90.559820890547826, 34.580902265029223 ], [ -90.559696241462618, 34.581084407213794 ], [ -90.559190571239981, 34.581277512548674 ], [ -90.558938307064565, 34.581292996749575 ], [ -90.55882584978589, 34.581439320499314 ], [ -90.558582331251046, 34.581552538040192 ], [ -90.558370581301602, 34.581556898259826 ], [ -90.558150360434084, 34.581453800066811 ], [ -90.558030192590891, 34.581196408107466 ], [ -90.558165275513886, 34.580944126017449 ], [ -90.558408792735818, 34.580830909248292 ], [ -90.558620445222914, 34.5808265351898 ], [ -90.558900388524421, 34.580590462638746 ], [ -90.559448780135355, 34.580465601031285 ] ] ], [ [ [ -90.557330171275893, 34.581202584141792 ], [ -90.557613238624796, 34.581267288826339 ], [ -90.557768992059039, 34.581432241947724 ], [ -90.557787693746107, 34.581640964521696 ], [ -90.557663039144401, 34.58182310437293 ], [ -90.557315170184182, 34.581983468670202 ], [ -90.556963109865706, 34.581905986906008 ], [ -90.556819173744728, 34.582073482135804 ], [ -90.556563815066653, 34.582181266120237 ], [ -90.556173575978292, 34.582074758475592 ], [ -90.556053413580798, 34.581817364811471 ], [ -90.556188503470949, 34.581565085230636 ], [ -90.556518691216027, 34.581429843295609 ], [ -90.556828298278873, 34.581511668496489 ], [ -90.5570312916863, 34.581306034754768 ], [ -90.557330171275893, 34.581202584141792 ] ] ], [ [ [ -90.55341959178044, 34.530782062061384 ], [ -90.553815363248702, 34.530691303872871 ], [ -90.554153761984338, 34.530922287292469 ], [ -90.55446590889828, 34.531357990060144 ], [ -90.554506640043002, 34.531576568694291 ], [ -90.554739083982696, 34.531805364389413 ], [ -90.554717592176104, 34.532047610948069 ], [ -90.554552468228565, 34.532206138280181 ], [ -90.554223993238722, 34.532253401079906 ], [ -90.553951344292443, 34.532094601920257 ], [ -90.553889531312336, 34.531845247095006 ], [ -90.553733558572873, 34.531742070465832 ], [ -90.553313697684587, 34.531172925520039 ], [ -90.553295010723346, 34.530964201641957 ], [ -90.55341959178044, 34.530782062061384 ] ] ], [ [ [ -90.552447699054269, 34.571043355529227 ], [ -90.552667623034964, 34.571330447396583 ], [ -90.552501226571351, 34.57164120613642 ], [ -90.551246981419297, 34.572188070274613 ], [ -90.550994032473, 34.57218299259987 ], [ -90.550787124028076, 34.572062526722213 ], [ -90.550698070151967, 34.57179662804996 ], [ -90.550862400616168, 34.571556521376934 ], [ -90.551473740872964, 34.571346168332362 ], [ -90.551974692731108, 34.571049840245927 ], [ -90.55224356614444, 34.570996680111989 ], [ -90.552447699054269, 34.571043355529227 ] ] ], [ [ [ -90.555028745973814, 34.575926436759438 ], [ -90.555339932873949, 34.575827054641181 ], [ -90.555644935937309, 34.575938785389383 ], [ -90.555765089700614, 34.576196179270383 ], [ -90.555630008259115, 34.576448458897616 ], [ -90.555318819294541, 34.576547841663668 ], [ -90.555013814541667, 34.576436110033974 ], [ -90.554893662842801, 34.576178715505186 ], [ -90.555028745973814, 34.575926436759438 ] ] ], [ [ [ -90.552129520144575, 34.528930871471239 ], [ -90.552450804179671, 34.528857196512668 ], [ -90.552740934634201, 34.528993117679867 ], [ -90.552829957907335, 34.52925901489612 ], [ -90.552665723711925, 34.529499129505176 ], [ -90.552344437327662, 34.529572804925948 ], [ -90.55205430562215, 34.529436882769353 ], [ -90.551965284698198, 34.529170985090886 ], [ -90.552129520144575, 34.528930871471239 ] ] ], [ [ [ -90.548610194042382, 34.531513985781991 ], [ -90.549014814885723, 34.531455785066221 ], [ -90.549466471376448, 34.531783427494204 ], [ -90.54958655060689, 34.53204082565307 ], [ -90.549451530622207, 34.532293102335785 ], [ -90.549055747595702, 34.532383845819979 ], [ -90.548649272451016, 34.532137677809708 ], [ -90.548443871354536, 34.531824743557763 ], [ -90.548610194042382, 34.531513985781991 ] ] ], [ [ [ -90.550521041993392, 34.533207416757165 ], [ -90.550916827680624, 34.533116668627827 ], [ -90.551332033661737, 34.533378007498392 ], [ -90.55145212074143, 34.533635404101204 ], [ -90.55131710338641, 34.533887682918909 ], [ -90.5509213143485, 34.533978432199866 ], [ -90.550506106871268, 34.533717091882401 ], [ -90.550386022662423, 34.533459694470245 ], [ -90.550521041993392, 34.533207416757165 ] ] ], [ [ [ -90.547916446925043, 34.535181487259102 ], [ -90.548166333127909, 34.535350531891616 ], [ -90.548223424325428, 34.535622371715668 ], [ -90.548031515335154, 34.535847998898632 ], [ -90.547703023297458, 34.535895243346623 ], [ -90.547279797295175, 34.535675380664969 ], [ -90.54719808392683, 34.535374621570043 ], [ -90.54732268506487, 34.535192489181199 ], [ -90.54750685174281, 34.535106098363954 ], [ -90.547916446925043, 34.535181487259102 ] ] ], [ [ [ -90.547829804619155, 34.569706287902861 ], [ -90.548099768697497, 34.569918793682476 ], [ -90.548072447373571, 34.570226229870265 ], [ -90.547702348044027, 34.570433310479494 ], [ -90.547371292403497, 34.570399603093712 ], [ -90.547166015736494, 34.570182129137656 ], [ -90.547206765780032, 34.569908282632227 ], [ -90.54753625777569, 34.569712309060002 ], [ -90.547829804619155, 34.569706287902861 ] ] ], [ [ [ -90.549655326739142, 34.572162572976133 ], [ -90.5499665048726, 34.572063204194244 ], [ -90.550271486455216, 34.572174947560399 ], [ -90.550391618606255, 34.572432345949608 ], [ -90.550256528081206, 34.572684619334197 ], [ -90.549945347883323, 34.572783988763511 ], [ -90.54964036461196, 34.572672244515722 ], [ -90.549520234525346, 34.572414845479109 ], [ -90.549655326739142, 34.572162572976133 ] ] ], [ [ [ -90.545250246463326, 34.533971816493981 ], [ -90.54556128398707, 34.533872452559571 ], [ -90.545866122663867, 34.533984201398894 ], [ -90.545986193322747, 34.534241602680183 ], [ -90.545851158742877, 34.53449387468072 ], [ -90.54554011915819, 34.534593239261277 ], [ -90.54523527879627, 34.534481489541271 ], [ -90.545115210198347, 34.534224087613843 ], [ -90.545250246463326, 34.533971816493981 ] ] ], [ [ [ -90.544467972627899, 34.537695538778564 ], [ -90.544821661451508, 34.537598771638216 ], [ -90.545385220070528, 34.537781667250982 ], [ -90.545563670181323, 34.538014738259342 ], [ -90.545490696385414, 34.538283963375186 ], [ -90.545123876249278, 34.538436849668699 ], [ -90.544517677275053, 34.538251358483393 ], [ -90.544333986520613, 34.537983175401969 ], [ -90.544467972627899, 34.537695538778564 ] ] ], [ [ [ -90.544249289207002, 34.564629226280147 ], [ -90.544434091861319, 34.564932777648501 ], [ -90.544231661729711, 34.565228534914162 ], [ -90.54343717463027, 34.565412050372622 ], [ -90.543079655522902, 34.565244587803051 ], [ -90.54302256696036, 34.564972746621393 ], [ -90.543214560853386, 34.564747131725689 ], [ -90.543814843911491, 34.564578590094641 ], [ -90.544249289207002, 34.564629226280147 ] ] ], [ [ [ -90.546042965591525, 34.56722881906331 ], [ -90.546263133674287, 34.567331937118553 ], [ -90.546367562260244, 34.567484345374943 ], [ -90.546372809565057, 34.567659479377348 ], [ -90.546248153545903, 34.567841607765708 ], [ -90.54546663537721, 34.56811945167717 ], [ -90.545076477333822, 34.568012911679212 ], [ -90.544956367425129, 34.567755508849928 ], [ -90.545091464706701, 34.567503241494499 ], [ -90.545588095879538, 34.567290337691148 ], [ -90.546042965591525, 34.56722881906331 ] ] ], [ [ [ -90.541920954439973, 34.536883506214814 ], [ -90.54223200645346, 34.536784151444216 ], [ -90.542571822818729, 34.536906944333872 ], [ -90.542691886765283, 34.537164348492475 ], [ -90.542556837188755, 34.537416616110811 ], [ -90.54224578310793, 34.537515971616514 ], [ -90.541905964856483, 34.537393177744434 ], [ -90.541785903095075, 34.537135772910204 ], [ -90.541920954439973, 34.536883506214814 ] ] ], [ [ [ -90.542245146146882, 34.540834314452503 ], [ -90.542523845879018, 34.540758073014352 ], [ -90.543007383299226, 34.540875409555674 ], [ -90.543157365305476, 34.541121835294732 ], [ -90.543052841918197, 34.541383842372838 ], [ -90.542712299776156, 34.541508825931459 ], [ -90.542228759231236, 34.541391488092692 ], [ -90.542077721414927, 34.541109694487247 ], [ -90.542245146146882, 34.540834314452503 ] ] ], [ [ [ -90.542874203658172, 34.544436807533039 ], [ -90.543094029221308, 34.544723913425074 ], [ -90.542960025692949, 34.545011547556022 ], [ -90.54277583225705, 34.545097930249511 ], [ -90.542481726960219, 34.545114679164122 ], [ -90.542176853636249, 34.545002920513156 ], [ -90.54205678154274, 34.544745515735372 ], [ -90.542191845825357, 34.544493249515547 ], [ -90.54246018470046, 34.544394771065356 ], [ -90.542874203658172, 34.544436807533039 ] ] ], [ [ [ -90.54224491948564, 34.547178220417322 ], [ -90.542429679973708, 34.547481773657601 ], [ -90.542227289111594, 34.547777529863787 ], [ -90.541615826016127, 34.547840819528687 ], [ -90.541301025251812, 34.547675950096639 ], [ -90.541243950989553, 34.5474041081293 ], [ -90.541435906153595, 34.547178493927561 ], [ -90.542004723401817, 34.547112609674144 ], [ -90.54224491948564, 34.547178220417322 ] ] ], [ [ [ -90.540823193467148, 34.550050021604754 ], [ -90.541043310520294, 34.550153147145203 ], [ -90.541162328495105, 34.550375186133699 ], [ -90.541106953523936, 34.550579403782947 ], [ -90.540923784025154, 34.550723749879523 ], [ -90.540022305278328, 34.550757221711621 ], [ -90.539686415238151, 34.550561569481879 ], [ -90.539661823481197, 34.550286407682705 ], [ -90.539879592454795, 34.550077451158259 ], [ -90.540823193467148, 34.550050021604754 ] ] ], [ [ [ -90.540652352805424, 34.559019475781412 ], [ -90.540974635554335, 34.559051363237067 ], [ -90.541153560319685, 34.559145060211407 ], [ -90.541267347250383, 34.55933198867762 ], [ -90.5412364271792, 34.559539713421081 ], [ -90.540954325194292, 34.559741107883916 ], [ -90.540250462317928, 34.55974000351307 ], [ -90.540020450535337, 34.559540208609157 ], [ -90.540028575816478, 34.559264377763469 ], [ -90.54023098598924, 34.559088431112237 ], [ -90.540652352805424, 34.559019475781412 ] ] ], [ [ [ -90.542704897613973, 34.561899584160415 ], [ -90.542924764831824, 34.562186691544149 ], [ -90.542888603885601, 34.562359306122509 ], [ -90.542723394940694, 34.56251781321626 ], [ -90.541914998758401, 34.562629623275519 ], [ -90.541557494557836, 34.562462156810582 ], [ -90.541500412338394, 34.562190315095656 ], [ -90.541692403328113, 34.561964702405994 ], [ -90.542458042501508, 34.561853768870755 ], [ -90.542704897613973, 34.561899584160415 ] ] ], [ [ [ -90.540148739464954, 34.540502650893025 ], [ -90.540470077248074, 34.540429009965891 ], [ -90.540792076438947, 34.54057381757999 ], [ -90.540881071183847, 34.540839721963565 ], [ -90.540716778800501, 34.541079817636003 ], [ -90.540395438654556, 34.541153459108457 ], [ -90.540073438044359, 34.541008650393692 ], [ -90.539984445761135, 34.540742745529492 ], [ -90.540148739464954, 34.540502650893025 ] ] ], [ [ [ -90.539231201033417, 34.544559931907692 ], [ -90.539542284980897, 34.544460585466581 ], [ -90.539847152433651, 34.544572350477736 ], [ -90.539967217364406, 34.544829757136583 ], [ -90.539832145906757, 34.54508202057027 ], [ -90.539521059896842, 34.54518136765752 ], [ -90.539216190758566, 34.5450696017651 ], [ -90.539096127890232, 34.544812194460135 ], [ -90.539231201033417, 34.544559931907692 ] ] ], [ [ [ -90.538304481272974, 34.550161950473367 ], [ -90.538615587464278, 34.550062607416557 ], [ -90.538961093273784, 34.550151457460117 ], [ -90.539111077986036, 34.55039788803618 ], [ -90.539006528692468, 34.550659890247779 ], [ -90.538708687497461, 34.55078398623062 ], [ -90.53832043447558, 34.550696009493436 ], [ -90.538170451677033, 34.55044957803262 ], [ -90.538304481272974, 34.550161950473367 ] ] ], [ [ [ -90.539961695629785, 34.552947697280175 ], [ -90.5402051103584, 34.553181081671084 ], [ -90.540141479471913, 34.553484818220682 ], [ -90.539859765525819, 34.553632473345019 ], [ -90.539427231849643, 34.553570842141298 ], [ -90.539248768881578, 34.553337762006876 ], [ -90.539321778750491, 34.553068542648482 ], [ -90.539561773057159, 34.552928646121529 ], [ -90.539961695629785, 34.552947697280175 ] ] ], [ [ [ -90.537797153223707, 34.552931133203195 ], [ -90.538130536696769, 34.552937859802839 ], [ -90.538360526523789, 34.553137657499477 ], [ -90.538358847521891, 34.553443679290218 ], [ -90.538117359700635, 34.553633965109924 ], [ -90.537748390928385, 34.553627675187691 ], [ -90.537518401361467, 34.553427876356025 ], [ -90.537526533047313, 34.553152045753258 ], [ -90.537797153223707, 34.552931133203195 ] ] ], [ [ [ -90.539230089285383, 34.555880605820875 ], [ -90.539421671089713, 34.556017283327371 ], [ -90.53948604662321, 34.556254268039048 ], [ -90.539383571459709, 34.556445621214927 ], [ -90.539169868555447, 34.556557623390795 ], [ -90.538431194067655, 34.556578828282426 ], [ -90.538149851136666, 34.556407364682521 ], [ -90.537974954668883, 34.556540869064989 ], [ -90.537725711575661, 34.55657668296822 ], [ -90.537494424073188, 34.556491898440761 ], [ -90.537359050701056, 34.556315093332074 ], [ -90.537399823120992, 34.55604125062095 ], [ -90.537662700446589, 34.555871466654935 ], [ -90.537955495318343, 34.55588929677954 ], [ -90.53815572455126, 34.55603860380495 ], [ -90.538452029398215, 34.555871897620754 ], [ -90.539230089285383, 34.555880605820875 ] ] ] ] } },
{ "type": "Feature", "properties": { "depth_bin": "30-35 ft", "bin_order": -32.5, "survey_id": "LM_18_FRI_20150425_CS_6649_6690_SORT", "date": "2015-04-25", "year": 2015, "mile": 667.0 }, "geometry": { "type": "MultiPolygon", "coordinates": [ [ [ [ -90.553439836964984, 34.530069703755089 ], [ -90.554134168230036, 34.530994482397624 ], [ -90.554055982216781, 34.53122860392935 ], [ -90.553774368392126, 34.531376295917447 ], [ -90.553485169795422, 34.531334848591001 ], [ -90.552836227663576, 34.530545619706821 ], [ -90.552846173645989, 34.530205841136663 ], [ -90.553108937055086, 34.530036018433705 ], [ -90.553439836964984, 34.530069703755089 ] ] ], [ [ [ -90.568927082222217, 34.577179504965862 ], [ -90.569174000011472, 34.577225269084842 ], [ -90.569348565986871, 34.577376785305511 ], [ -90.569391940712435, 34.577582983834361 ], [ -90.569289503369163, 34.577774363327798 ], [ -90.5688602397327, 34.577990801582963 ], [ -90.56840492050236, 34.578092157734254 ], [ -90.568003944642925, 34.578017837923383 ], [ -90.567853827786351, 34.577771438200188 ], [ -90.567958327259205, 34.577509409919372 ], [ -90.568927082222217, 34.577179504965862 ] ] ], [ [ [ -90.556930976408708, 34.578169321189321 ], [ -90.557263939023585, 34.578307828912891 ], [ -90.557334327454441, 34.578642682068804 ], [ -90.557221070950789, 34.578790722288353 ], [ -90.556927521944573, 34.578939028080804 ], [ -90.556594844213748, 34.578959417002515 ], [ -90.55634217561601, 34.578779266124215 ], [ -90.556317526171568, 34.578504106159961 ], [ -90.556498124437255, 34.578312569902039 ], [ -90.556930976408708, 34.578169321189321 ] ] ], [ [ [ -90.558853292387369, 34.58063167649302 ], [ -90.559164493236551, 34.580532285230873 ], [ -90.559469518833922, 34.580644007275133 ], [ -90.55958969051656, 34.5809013979908 ], [ -90.559454611882714, 34.581153681845748 ], [ -90.559143408968893, 34.581253073756017 ], [ -90.558864449047618, 34.581161863127669 ], [ -90.558764308335114, 34.581453250131723 ], [ -90.55831701404874, 34.581651232211158 ], [ -90.558064035098397, 34.581646167981582 ], [ -90.557865203981351, 34.581533484358303 ], [ -90.557730537529963, 34.581799670572785 ], [ -90.557295103763295, 34.582006452979805 ], [ -90.556981747112644, 34.58198015312626 ], [ -90.55681951048264, 34.582097099780903 ], [ -90.556573608067765, 34.582141568470369 ], [ -90.556215990567097, 34.581974140688274 ], [ -90.556158850736225, 34.581702304037513 ], [ -90.556350851691093, 34.581476669142702 ], [ -90.556591201587352, 34.581415632929648 ], [ -90.556820373456588, 34.581454038701345 ], [ -90.557355218634328, 34.581183492948526 ], [ -90.557566464493092, 34.58119632159589 ], [ -90.557765294400568, 34.581309005661076 ], [ -90.557844171659838, 34.581096347273167 ], [ -90.55810015959544, 34.580944467028914 ], [ -90.55844471047412, 34.580857482794606 ], [ -90.558723668879324, 34.580948694325251 ], [ -90.558853292387369, 34.58063167649302 ] ] ], [ [ [ -90.552124809834666, 34.528980343773121 ], [ -90.552435821318269, 34.528880961098054 ], [ -90.552740652457942, 34.528992692457159 ], [ -90.552902943380815, 34.52926219216836 ], [ -90.552769001069905, 34.529549840227439 ], [ -90.552457987390738, 34.529649223653166 ], [ -90.55215315433199, 34.529537491512926 ], [ -90.551990865409806, 34.529267990895264 ], [ -90.552124809834666, 34.528980343773121 ] ] ], [ [ [ -90.551089462152689, 34.571474806766986 ], [ -90.551340589347959, 34.571500368122656 ], [ -90.551532226448913, 34.571637028647032 ], [ -90.551596646074586, 34.571874008385024 ], [ -90.551494176645676, 34.572065371658908 ], [ -90.550483874195564, 34.572519113181698 ], [ -90.550193390015963, 34.572758332971006 ], [ -90.549944348640139, 34.572784842161354 ], [ -90.549713003372958, 34.572700078580517 ], [ -90.549562950542196, 34.572453658830753 ], [ -90.549667498810294, 34.572191648169976 ], [ -90.550063508020145, 34.572050507679364 ], [ -90.550245594200987, 34.571854525076866 ], [ -90.551089462152689, 34.571474806766986 ] ] ], [ [ [ -90.548767050784576, 34.531710579271142 ], [ -90.549162830831506, 34.531619836592277 ], [ -90.54957590819626, 34.5318604477606 ], [ -90.549771417271984, 34.53214966015252 ], [ -90.549637459146325, 34.532437303994236 ], [ -90.549411592990907, 34.532531459679241 ], [ -90.549200471930035, 34.532518622087764 ], [ -90.548752105809228, 34.532220253851683 ], [ -90.54863202897721, 34.531962854976619 ], [ -90.548767050784576, 34.531710579271142 ] ] ], [ [ [ -90.55037800553508, 34.533081443140972 ], [ -90.550689034390388, 34.532982065717441 ], [ -90.550993877546929, 34.533093801910013 ], [ -90.551274796455289, 34.53342718149586 ], [ -90.551146086998145, 34.533749937560394 ], [ -90.550792420936318, 34.533846724099647 ], [ -90.550434066719902, 34.533655468967865 ], [ -90.550244047763428, 34.533369087634192 ], [ -90.55037800553508, 34.533081443140972 ] ] ], [ [ [ -90.545277890750341, 34.533989272277779 ], [ -90.545588928311872, 34.533889908274489 ], [ -90.545919557432512, 34.534021190368769 ], [ -90.546039628305394, 34.534278591605307 ], [ -90.545904593816473, 34.534530863667946 ], [ -90.545593554146407, 34.534630228381054 ], [ -90.545262923241978, 34.534498945334178 ], [ -90.545142854535442, 34.534241543429928 ], [ -90.545277890750341, 34.533989272277779 ] ] ], [ [ [ -90.547061636816878, 34.535057628558988 ], [ -90.547415311743407, 34.534960853256429 ], [ -90.547879245223257, 34.535165755753845 ], [ -90.54802923276992, 34.535412175886975 ], [ -90.547924732664399, 34.535674188317195 ], [ -90.547541585195631, 34.535796593772012 ], [ -90.547077649216291, 34.535591689895718 ], [ -90.546927664260096, 34.535345268704766 ], [ -90.547061636816878, 34.535057628558988 ] ] ], [ [ [ -90.544267515973161, 34.537615143659529 ], [ -90.544621204646617, 34.537518377094699 ], [ -90.545018130533293, 34.537670310941316 ], [ -90.545168113458615, 34.537916734332924 ], [ -90.545063600908634, 34.538178743698694 ], [ -90.544723074793481, 34.538303733615919 ], [ -90.544283509957964, 34.538149204419746 ], [ -90.544133529335411, 34.537902780042252 ], [ -90.544267515973161, 34.537615143659529 ] ] ], [ [ [ -90.543663427477057, 34.564757762617035 ], [ -90.543847169590293, 34.565025948055059 ], [ -90.543680755050559, 34.565336694187401 ], [ -90.54313391367036, 34.565479584614963 ], [ -90.542801026789732, 34.565341041206487 ], [ -90.542712004572934, 34.565075137821289 ], [ -90.542876342912166, 34.564835042085811 ], [ -90.543343027063841, 34.564696369790951 ], [ -90.543663427477057, 34.564757762617035 ] ] ], [ [ [ -90.541987619297345, 34.53690422056539 ], [ -90.542298671320793, 34.536804865624994 ], [ -90.542603515583068, 34.536916622839541 ], [ -90.542723579641304, 34.537174026971329 ], [ -90.542588530140861, 34.537426294627821 ], [ -90.542277476055915, 34.537525650214285 ], [ -90.541972630108546, 34.537413892118821 ], [ -90.541852568111793, 34.53715648734098 ], [ -90.541987619297345, 34.53690422056539 ] ] ], [ [ [ -90.541726193650092, 34.540789950652218 ], [ -90.542037260702685, 34.540690597066181 ], [ -90.542691812769647, 34.540801040117557 ], [ -90.542897009823207, 34.541018518987549 ], [ -90.54285626572225, 34.54129236522995 ], [ -90.542509302739916, 34.541474259989627 ], [ -90.541812005547641, 34.541364691298753 ], [ -90.541592192659891, 34.541077583517044 ], [ -90.541726193650092, 34.540789950652218 ] ] ], [ [ [ -90.542743528153409, 34.544482077724602 ], [ -90.542891437598797, 34.544799153086885 ], [ -90.542654995322593, 34.54507707231889 ], [ -90.542030964303947, 34.545122029424697 ], [ -90.541737218218145, 34.544932424447751 ], [ -90.541712620179794, 34.544657262614088 ], [ -90.541930368690302, 34.544448301408039 ], [ -90.542469628015951, 34.544394708708353 ], [ -90.542743528153409, 34.544482077724602 ] ] ], [ [ [ -90.542104491438124, 34.561959730250308 ], [ -90.542257889964858, 34.56208050404571 ], [ -90.542325414670373, 34.562282205365811 ], [ -90.542246103294147, 34.562480948848254 ], [ -90.54208577989327, 34.562595402797378 ], [ -90.541125724211483, 34.56272135155389 ], [ -90.540885485173234, 34.562655736889994 ], [ -90.54074713616717, 34.562523104499398 ], [ -90.540722539830369, 34.562247943105092 ], [ -90.540940339341518, 34.562038986275212 ], [ -90.541857636555036, 34.561913913751951 ], [ -90.542104491438124, 34.561959730250308 ] ] ], [ [ [ -90.540185099655091, 34.540545283804143 ], [ -90.54049616736684, 34.540445934184319 ], [ -90.540833045643581, 34.540566310966213 ], [ -90.540953108683098, 34.540823716691996 ], [ -90.54081804736893, 34.541075981771343 ], [ -90.540506977595513, 34.541175332119032 ], [ -90.540170097442854, 34.541054954362686 ], [ -90.540050036576702, 34.540797547963713 ], [ -90.540185099655091, 34.540545283804143 ] ] ], [ [ [ -90.539265426303317, 34.544568233496825 ], [ -90.539576510247088, 34.544468886968119 ], [ -90.539916816372312, 34.544586119968166 ], [ -90.540036881539251, 34.544843526567909 ], [ -90.539901810262378, 34.545095790086272 ], [ -90.53959072427196, 34.545195137352351 ], [ -90.539250416232463, 34.545077903366668 ], [ -90.539130353246193, 34.544820496090701 ], [ -90.539265426303317, 34.544568233496825 ] ] ], [ [ [ -90.542029206200894, 34.547208695472555 ], [ -90.542177117065549, 34.547525771662634 ], [ -90.541977861857944, 34.54778624509855 ], [ -90.541400539311539, 34.547846099630888 ], [ -90.54108573898769, 34.547681229660505 ], [ -90.541028665430105, 34.547409387622366 ], [ -90.54122062116781, 34.547183773784958 ], [ -90.541755298143954, 34.547121324538232 ], [ -90.542029206200894, 34.547208695472555 ] ] ], [ [ [ -90.539431573423059, 34.54723262307796 ], [ -90.539742667319786, 34.5471332765798 ], [ -90.540047544607845, 34.54724504147319 ], [ -90.540167613498724, 34.547502448022534 ], [ -90.540032537806084, 34.547754711419223 ], [ -90.539721441846666, 34.547854058563587 ], [ -90.539416562872859, 34.547742292788882 ], [ -90.539296496044656, 34.547484885593327 ], [ -90.539431573423059, 34.54723262307796 ] ] ], [ [ [ -90.539522375827929, 34.55015862985185 ], [ -90.539820213648213, 34.550034531723455 ], [ -90.540251739394989, 34.550085173147167 ], [ -90.540456951148798, 34.550302656523677 ], [ -90.540416192669596, 34.55057650103798 ], [ -90.540111620510345, 34.550754049669912 ], [ -90.539637655913197, 34.550707744524594 ], [ -90.539423069717841, 34.550455743238402 ], [ -90.539522375827929, 34.55015862985185 ] ] ], [ [ [ -90.539856980311114, 34.552962584416292 ], [ -90.540071573836642, 34.553214585175439 ], [ -90.539972265340609, 34.553511698802367 ], [ -90.539674414995133, 34.553635796718602 ], [ -90.539252655958109, 34.553553962510279 ], [ -90.539102665726901, 34.553307531964521 ], [ -90.539207218557493, 34.553045529902313 ], [ -90.539462630691531, 34.552925769858298 ], [ -90.539856980311114, 34.552962584416292 ] ] ], [ [ [ -90.537688370959671, 34.553007657281285 ], [ -90.537999488602594, 34.552908316322096 ], [ -90.538304383894257, 34.553020086277478 ], [ -90.538424454500159, 34.553277494446789 ], [ -90.538289363228813, 34.553529755072518 ], [ -90.537978243522517, 34.553629096677987 ], [ -90.537673346544722, 34.553517325841035 ], [ -90.537553278002207, 34.553259917025436 ], [ -90.537688370959671, 34.553007657281285 ] ] ], [ [ [ -90.53848802279677, 34.555866560428328 ], [ -90.538743469337817, 34.55593186755673 ], [ -90.538912559934644, 34.556130431896023 ], [ -90.538891011736524, 34.556372672564855 ], [ -90.538725808094796, 34.556531174565066 ], [ -90.538524756568449, 34.556586155284776 ], [ -90.538079087043798, 34.556524526330257 ], [ -90.537760822488153, 34.556576540464249 ], [ -90.537445998088074, 34.556411660214643 ], [ -90.537388932291577, 34.556139817077423 ], [ -90.537580919055429, 34.555914210538582 ], [ -90.53848802279677, 34.555866560428328 ] ] ] ] } },
{ "type": "Feature", "properties": { "depth_bin": "35-40 ft", "bin_order": -37.5, "survey_id": "LM_18_FRI_20150425_CS_6649_6690_SORT", "date": "2015-04-25", "year": 2015, "mile": 667.0 }, "geometry": { "type": "MultiPolygon", "coordinates": [ [ [ [ -90.553311997691125, 34.529851823400556 ], [ -90.553694916699044, 34.53035271148751 ], [ -90.553673422510869, 34.530594957802002 ], [ -90.553432036998728, 34.530785278882149 ], [ -90.553098738011627, 34.530778597792377 ], [ -90.55293181381839, 34.53067086061882 ], [ -90.552672266294238, 34.530308821285487 ], [ -90.552663005283279, 34.530000648275632 ], [ -90.552828128039138, 34.529842123416302 ], [ -90.553071840540539, 34.52978623603039 ], [ -90.553311997691125, 34.529851823400556 ] ] ], [ [ [ -90.568587009572312, 34.577350675344022 ], [ -90.568859830936205, 34.577509448121958 ], [ -90.568905621208401, 34.577815381314615 ], [ -90.568687845031405, 34.578024388830045 ], [ -90.568287986506647, 34.578059985695056 ], [ -90.568035293762961, 34.577879858079179 ], [ -90.568010605676292, 34.577604698828239 ], [ -90.568228382315525, 34.577395692534829 ], [ -90.568587009572312, 34.577350675344022 ] ] ], [ [ [ -90.55829916388825, 34.580971491019362 ], [ -90.558506105279079, 34.581091945380422 ], [ -90.558597259619731, 34.581287189856845 ], [ -90.558561120090715, 34.581459809614778 ], [ -90.558395899533295, 34.581618337154744 ], [ -90.557843370220453, 34.581733791710874 ], [ -90.557273426245317, 34.582024937441197 ], [ -90.556882520422349, 34.582107716477047 ], [ -90.556521342728473, 34.582113947735515 ], [ -90.556289760708978, 34.581964572397716 ], [ -90.556232620640088, 34.581692735771249 ], [ -90.556424621378909, 34.581467100750565 ], [ -90.557110529142534, 34.581315675644355 ], [ -90.55790367461411, 34.581002290110682 ], [ -90.55829916388825, 34.580971491019362 ] ] ], [ [ [ -90.552160072176022, 34.529076820404917 ], [ -90.552457816016883, 34.528952687032749 ], [ -90.552774412378824, 34.529039152468243 ], [ -90.553004459511328, 34.52934105892021 ], [ -90.55290523002958, 34.529638187295085 ], [ -90.55260748427969, 34.5297623216711 ], [ -90.55229088542346, 34.529675855702635 ], [ -90.55206084010608, 34.529373947990386 ], [ -90.552160072176022, 34.529076820404917 ] ] ], [ [ [ -90.548916121044485, 34.531861714940185 ], [ -90.549213879395452, 34.53173759016444 ], [ -90.549530482252109, 34.531824064289331 ], [ -90.549806773387999, 34.532128436886111 ], [ -90.549716907239713, 34.532460077901682 ], [ -90.549419146918169, 34.532584203814267 ], [ -90.549102541362757, 34.532497729292601 ], [ -90.54882625175388, 34.532193355174606 ], [ -90.548916121044485, 34.531861714940185 ] ] ], [ [ [ -90.550170278240657, 34.532962806038547 ], [ -90.550468038944317, 34.532838678309304 ], [ -90.550784647403376, 34.532925149397286 ], [ -90.551074221093785, 34.533225224115071 ], [ -90.550984358469165, 34.53355686617391 ], [ -90.550686595828381, 34.533680995074079 ], [ -90.550369984670482, 34.533594523623904 ], [ -90.550080412415667, 34.533294447303881 ], [ -90.550170278240657, 34.532962806038547 ] ] ], [ [ [ -90.545301852628711, 34.534056505451098 ], [ -90.545599623827187, 34.533932390100283 ], [ -90.545916230536548, 34.534018873772766 ], [ -90.546066210293361, 34.534265296027726 ], [ -90.545961705793346, 34.534527306619928 ], [ -90.545663932902258, 34.5346514227763 ], [ -90.545347324138078, 34.534564938366145 ], [ -90.545197346073877, 34.534318515305614 ], [ -90.545301852628711, 34.534056505451098 ] ] ], [ [ [ -90.546835707705384, 34.534950518191394 ], [ -90.547008755189353, 34.534849605626697 ], [ -90.547260974740951, 34.534834153837835 ], [ -90.54771016174459, 34.535078797133544 ], [ -90.547860148639316, 34.53532521744993 ], [ -90.547755648138164, 34.535587229720761 ], [ -90.547372500861385, 34.535709634652449 ], [ -90.546990309865109, 34.535537780995021 ], [ -90.546736448692883, 34.535247640082986 ], [ -90.546835707705384, 34.534950518191394 ] ] ], [ [ [ -90.550457475171555, 34.571813367669797 ], [ -90.550815037763527, 34.571980810263625 ], [ -90.550881528480105, 34.572147140999327 ], [ -90.550826159264659, 34.572351362796695 ], [ -90.550295918044469, 34.57271511765807 ], [ -90.549885148977282, 34.572706868386703 ], [ -90.549679860189286, 34.572489398219282 ], [ -90.54972060362924, 34.572215550665497 ], [ -90.550152381688406, 34.571899778876535 ], [ -90.550457475171555, 34.571813367669797 ] ] ], [ [ [ -90.541993403056551, 34.536939131347545 ], [ -90.542291189211014, 34.53681502477432 ], [ -90.542607802701127, 34.536901517317006 ], [ -90.54275777709141, 34.537147943338923 ], [ -90.542653258220881, 34.53740995038816 ], [ -90.542355470373295, 34.537534057766877 ], [ -90.542038854828292, 34.53744756448625 ], [ -90.541888882131119, 34.537201137658833 ], [ -90.541993403056551, 34.536939131347545 ] ] ], [ [ [ -90.543903157822442, 34.537532637640595 ], [ -90.544243681806662, 34.537407649916496 ], [ -90.544783266521335, 34.537568170884796 ], [ -90.544961714478518, 34.537801242690328 ], [ -90.544888738994018, 34.538070467379931 ], [ -90.544521918830512, 34.538223351860928 ], [ -90.543982330535684, 34.538062829593208 ], [ -90.54379864192731, 34.537794645788871 ], [ -90.543903157822442, 34.537532637640595 ] ] ], [ [ [ -90.541376873167593, 34.540763658839857 ], [ -90.541674674134754, 34.540639554462999 ], [ -90.542275220130833, 34.540742832867522 ], [ -90.542480415922327, 34.540960312387966 ], [ -90.542439670504265, 34.541234158436566 ], [ -90.542092706938021, 34.541416051984328 ], [ -90.541492156434259, 34.541312772494713 ], [ -90.541277586816804, 34.541060774909717 ], [ -90.541376873167593, 34.540763658839857 ] ] ], [ [ [ -90.542264421400702, 34.544443827845427 ], [ -90.542517196061084, 34.544711723565506 ], [ -90.542388433232063, 34.545034467664053 ], [ -90.541894429434564, 34.545142008206447 ], [ -90.541549158955803, 34.545029653365333 ], [ -90.541429088802403, 34.544772248051409 ], [ -90.541564154986332, 34.544519982610396 ], [ -90.541790062347687, 34.544425843383713 ], [ -90.542264421400702, 34.544443827845427 ] ] ], [ [ [ -90.541634075403479, 34.547176136280243 ], [ -90.541853903189107, 34.547463244416065 ], [ -90.541719890489802, 34.547750876697705 ], [ -90.541535689668024, 34.547837257170755 ], [ -90.541161307529777, 34.547867554229228 ], [ -90.5408564263562, 34.547755791970111 ], [ -90.540736354983778, 34.54749838600258 ], [ -90.54087142813556, 34.547246121708369 ], [ -90.541207373568668, 34.547140352308304 ], [ -90.541634075403479, 34.547176136280243 ] ] ], [ [ [ -90.543355044803832, 34.564786239186546 ], [ -90.543585078641158, 34.564986028599016 ], [ -90.543576963368054, 34.565261859923233 ], [ -90.543335450925582, 34.565452154792972 ], [ -90.542988542423402, 34.56544728388883 ], [ -90.542758508881434, 34.56524749337126 ], [ -90.542766626852469, 34.564971662215989 ], [ -90.543008139063289, 34.564781368455385 ], [ -90.543355044803832, 34.564786239186546 ] ] ], [ [ [ -90.54022170142747, 34.540586888376637 ], [ -90.540519503288891, 34.540462786863415 ], [ -90.540836128251044, 34.540549284469641 ], [ -90.540986103158517, 34.540795712592598 ], [ -90.540881573546983, 34.541057717549648 ], [ -90.540583769991997, 34.541181819868413 ], [ -90.540267142974685, 34.541095321524075 ], [ -90.540117169760791, 34.540848892595555 ], [ -90.54022170142747, 34.540586888376637 ] ] ], [ [ [ -90.53930693064963, 34.544600154892365 ], [ -90.53960474841513, 34.544476056355478 ], [ -90.539921387239758, 34.544562556893418 ], [ -90.540071365847879, 34.544808986186261 ], [ -90.539966827607117, 34.545070989866083 ], [ -90.539669008147655, 34.545195089208619 ], [ -90.539352367267526, 34.545108587932397 ], [ -90.539202390353381, 34.544862157833919 ], [ -90.53930693064963, 34.544600154892365 ] ] ], [ [ [ -90.53999404102413, 34.550063007146136 ], [ -90.540246823996725, 34.550330907762543 ], [ -90.540147520185059, 34.55062802183258 ], [ -90.539849680629217, 34.550752120679881 ], [ -90.539350606258509, 34.550664056713423 ], [ -90.539200620391611, 34.550417626391187 ], [ -90.539305168735652, 34.550155623964812 ], [ -90.539560571642014, 34.550035863281103 ], [ -90.53999404102413, 34.550063007146136 ] ] ], [ [ [ -90.538385492430749, 34.550189888470491 ], [ -90.53868333188241, 34.550065793196111 ], [ -90.538999990441752, 34.550152296917979 ], [ -90.539149975273148, 34.55039872745111 ], [ -90.539045426098355, 34.5506607297012 ], [ -90.538747584952191, 34.550784825781349 ], [ -90.538430924336836, 34.550698321321065 ], [ -90.538280941199943, 34.550451889982128 ], [ -90.538385492430749, 34.550189888470491 ] ] ], [ [ [ -90.539554415065396, 34.552925670836316 ], [ -90.539751981447353, 34.552988690785881 ], [ -90.539907648841719, 34.553153663675275 ], [ -90.53985743708742, 34.553490990018709 ], [ -90.539575722658228, 34.553638644464421 ], [ -90.539163894522261, 34.553663999314807 ], [ -90.538966327077077, 34.55360097836958 ], [ -90.538787865378779, 34.553367897613803 ], [ -90.538860876749425, 34.553098678597074 ], [ -90.539100871861805, 34.552958783014468 ], [ -90.539554415065396, 34.552925670836316 ] ] ], [ [ [ -90.537865939759726, 34.552941066592865 ], [ -90.53819932328966, 34.552947793006382 ], [ -90.538437084847686, 34.553162256280302 ], [ -90.538428956163784, 34.553438087071669 ], [ -90.538187468510671, 34.553628373037881 ], [ -90.537819352576719, 34.553624682465163 ], [ -90.537589362839427, 34.553424883760357 ], [ -90.537597494290154, 34.553149053142725 ], [ -90.537865939759726, 34.552941066592865 ] ] ], [ [ [ -90.538462137507707, 34.555896633725403 ], [ -90.538714931866011, 34.556164537828288 ], [ -90.538615614445902, 34.556461649864318 ], [ -90.538317751489842, 34.55658574387742 ], [ -90.537854032120862, 34.55650052926601 ], [ -90.537704041373232, 34.556254097058314 ], [ -90.537808602786399, 34.555992096654926 ], [ -90.538064026024344, 34.555872340063047 ], [ -90.538462137507707, 34.555896633725403 ] ] ] ] } },
{ "type": "Feature", "properties": { "depth_bin": "40-45 ft", "bin_order": -42.5, "survey_id": "LM_18_FRI_20150425_CS_6649_6690_SORT", "date": "2015-04-25", "year": 2015, "mile": 667.0 }, "geometry": { "type": "MultiPolygon", "coordinates": [ [ [ [ -90.553024250724249, 34.529310980257009 ], [ -90.553481358146342, 34.530130404437756 ], [ -90.553346353100622, 34.530382686134026 ], [ -90.553035336855231, 34.530482070916968 ], [ -90.55267794194971, 34.530314641146752 ], [ -90.552160824034502, 34.529417576061832 ], [ -90.552266364703954, 34.529190925843281 ], [ -90.552521684739006, 34.529071134129673 ], [ -90.552810874950055, 34.529112583401364 ], [ -90.553024250724249, 34.529310980257009 ] ] ], [ [ [ -90.557978421735029, 34.581040719761241 ], [ -90.558198641311421, 34.581143818216169 ], [ -90.558312494380303, 34.581330733049263 ], [ -90.558281604940191, 34.581538462886755 ], [ -90.558151346865543, 34.581676609269948 ], [ -90.557028477852015, 34.582085908617117 ], [ -90.556679211154218, 34.582110018770663 ], [ -90.556431041449571, 34.581980136803153 ], [ -90.556341960689778, 34.581714241437695 ], [ -90.556506296684134, 34.581474127651155 ], [ -90.557150233459652, 34.581329568864533 ], [ -90.557296263003778, 34.581202605629329 ], [ -90.557726062589808, 34.58105618778022 ], [ -90.557978421735029, 34.581040719761241 ] ] ], [ [ [ -90.549083022132848, 34.532014988615245 ], [ -90.549380780821565, 34.5318908634476 ], [ -90.549697384448905, 34.531977337169366 ], [ -90.549847372356837, 34.532223755168516 ], [ -90.549742882466631, 34.532485769692862 ], [ -90.549445122085785, 34.532609895666134 ], [ -90.549128516403599, 34.532523421206932 ], [ -90.548978530187782, 34.532277002402147 ], [ -90.549083022132848, 34.532014988615245 ] ] ], [ [ [ -90.550016857189732, 34.532836596537599 ], [ -90.550314617636616, 34.532712469171116 ], [ -90.550631225441961, 34.532798940631864 ], [ -90.550890121065876, 34.533079632355047 ], [ -90.550800257911277, 34.533411274261042 ], [ -90.550502495557197, 34.533535402724922 ], [ -90.55018588516198, 34.533448930826559 ], [ -90.549926990929563, 34.533168237676023 ], [ -90.550016857189732, 34.532836596537599 ] ] ], [ [ [ -90.545331878959075, 34.534076536077436 ], [ -90.545672386642778, 34.533951543609327 ], [ -90.546010575749975, 34.534077265960136 ], [ -90.546160555886445, 34.534323688113275 ], [ -90.546056051592885, 34.534585698793514 ], [ -90.54571554177268, 34.534710692235237 ], [ -90.545377350655201, 34.534584968988 ], [ -90.545227372467835, 34.53433854595982 ], [ -90.545331878959075, 34.534076536077436 ] ] ], [ [ [ -90.546633000829786, 34.534813421549977 ], [ -90.546973509864628, 34.534688425508349 ], [ -90.547365716099449, 34.534850731511916 ], [ -90.547565815291719, 34.535102585353044 ], [ -90.547466558625004, 34.535399707934857 ], [ -90.547083411858239, 34.535522111980441 ], [ -90.546678480597862, 34.535321854273853 ], [ -90.546528497284783, 34.535075432652874 ], [ -90.546633000829786, 34.534813421549977 ] ] ], [ [ [ -90.54370645417923, 34.537277286667234 ], [ -90.54441264419971, 34.53744368298517 ], [ -90.544604418232055, 34.537627569386693 ], [ -90.544596314600369, 34.537903402159237 ], [ -90.544354887369352, 34.538093703289967 ], [ -90.544102657773664, 34.538109148619959 ], [ -90.543562152815085, 34.537966408154027 ], [ -90.543332189456081, 34.537766621065657 ], [ -90.543313527079206, 34.537557896862459 ], [ -90.54347050534075, 34.537352655189672 ], [ -90.54370645417923, 34.537277286667234 ] ] ], [ [ [ -90.550253136245601, 34.571885822625084 ], [ -90.550643319734178, 34.571992347044237 ], [ -90.55076031832678, 34.572285027634152 ], [ -90.550515557572524, 34.572586416765091 ], [ -90.550105044259382, 34.572713109613645 ], [ -90.549814770920221, 34.57257717679213 ], [ -90.54972571973984, 34.572311277538148 ], [ -90.549857676290515, 34.572094287254636 ], [ -90.550253136245601, 34.571885822625084 ] ] ], [ [ [ -90.542025884181754, 34.536946820010265 ], [ -90.542323670321011, 34.536822713356983 ], [ -90.542640283878654, 34.536909205817935 ], [ -90.542790258379654, 34.537155631804303 ], [ -90.542685739598156, 34.537417638884982 ], [ -90.542387951765775, 34.53754174634377 ], [ -90.542071336153242, 34.537455253144891 ], [ -90.541921363345367, 34.537208826353009 ], [ -90.542025884181754, 34.536946820010265 ] ] ], [ [ [ -90.540847026741631, 34.540657607139849 ], [ -90.541187567800634, 34.540532628744536 ], [ -90.541848797725422, 34.540664103117464 ], [ -90.542078764908652, 34.540863893105296 ], [ -90.542070651966824, 34.541139725208232 ], [ -90.541905486033343, 34.541298233417031 ], [ -90.541704473579003, 34.541353221156093 ], [ -90.541000498416977, 34.541222621053159 ], [ -90.540747738682242, 34.540954722708065 ], [ -90.540847026741631, 34.540657607139849 ] ] ], [ [ [ -90.541185391677161, 34.544535632876325 ], [ -90.541440774439053, 34.544415867307009 ], [ -90.542004663798309, 34.544450686449409 ], [ -90.542234641236774, 34.544650476490965 ], [ -90.542226527662834, 34.544926308454997 ], [ -90.541944479497616, 34.545127707851748 ], [ -90.541338871161983, 34.545100646439032 ], [ -90.541086099334365, 34.544832748403174 ], [ -90.541185391677161, 34.544535632876325 ] ] ], [ [ [ -90.541314321312043, 34.547182097114344 ], [ -90.541567100544469, 34.54744999491777 ], [ -90.54143832922378, 34.547772737545124 ], [ -90.5409121983148, 34.547888033913438 ], [ -90.540532760694376, 34.547774054427961 ], [ -90.540412690316899, 34.547516648183887 ], [ -90.540547764457244, 34.547264384291807 ], [ -90.540773680465165, 34.54717024735168 ], [ -90.541314321312043, 34.547182097114344 ] ] ], [ [ [ -90.539926131170674, 34.544520932924051 ], [ -90.540140704802411, 34.544772932962104 ], [ -90.540067706463859, 34.54504215356522 ], [ -90.539786021814891, 34.545189809913822 ], [ -90.539424017960229, 34.545129794378937 ], [ -90.539245571576203, 34.544896714716742 ], [ -90.539318572378463, 34.544627494707555 ], [ -90.539600255827892, 34.544479839380593 ], [ -90.539926131170674, 34.544520932924051 ] ] ], [ [ [ -90.539436161432334, 34.547259650430568 ], [ -90.539733988757646, 34.547135552023619 ], [ -90.540050637650921, 34.547222052627575 ], [ -90.54020062093862, 34.547468481883847 ], [ -90.540096079247022, 34.547730485446017 ], [ -90.539798250227534, 34.547854584658694 ], [ -90.539481599278488, 34.547768083316413 ], [ -90.539331617684951, 34.547521653254407 ], [ -90.539436161432334, 34.547259650430568 ] ] ], [ [ [ -90.539812951330319, 34.55007770150948 ], [ -90.539987407659552, 34.550229255704593 ], [ -90.540030699235089, 34.550435461833786 ], [ -90.539928233265357, 34.550626815990881 ], [ -90.539755143966616, 34.550727716513727 ], [ -90.53933138438866, 34.550755524892431 ], [ -90.539087279053916, 34.550687389623675 ], [ -90.538697294397096, 34.550783344439495 ], [ -90.538499734033309, 34.550720323017067 ], [ -90.538344073771157, 34.550555348582868 ], [ -90.538352201860945, 34.550279517678767 ], [ -90.538593678995866, 34.550089230862227 ], [ -90.538841856655282, 34.550067258748626 ], [ -90.53904331755156, 34.550132798049418 ], [ -90.53946321836186, 34.550032082070189 ], [ -90.539812951330319, 34.55007770150948 ] ] ], [ [ [ -90.539232210907812, 34.552952257252215 ], [ -90.539494464258837, 34.553061427916774 ], [ -90.539613481684626, 34.553283468321894 ], [ -90.539535230783201, 34.553517577144099 ], [ -90.539335833722873, 34.553646370369009 ], [ -90.538770098182013, 34.553685651960322 ], [ -90.538580948522906, 34.553606912052196 ], [ -90.538453922749184, 34.553450997942313 ], [ -90.538255924956715, 34.553615969750709 ], [ -90.538006690760255, 34.553651784621508 ], [ -90.53780912433389, 34.553588761839805 ], [ -90.537653460496003, 34.553423786424545 ], [ -90.537661591734874, 34.553147955793548 ], [ -90.537907815229801, 34.552953617654865 ], [ -90.53824119882033, 34.552960343956173 ], [ -90.538476262896381, 34.553172841812341 ], [ -90.538708610979739, 34.55299758088762 ], [ -90.539232210907812, 34.552952257252215 ] ] ], [ [ [ -90.537725528286359, 34.555883585380336 ], [ -90.538316127291466, 34.555912913105637 ], [ -90.538521347180662, 34.556130399946618 ], [ -90.53848057835522, 34.556404243184204 ], [ -90.538217700837947, 34.556574028899327 ], [ -90.53770589605638, 34.556549499139798 ], [ -90.5374624793902, 34.556316109756189 ], [ -90.537552425223367, 34.555984482119072 ], [ -90.537725528286359, 34.555883585380336 ] ] ] ] } },
{ "type": "Feature", "properties": { "depth_bin": "45-50 ft", "bin_order": -47.5, "survey_id": "LM_18_FRI_20150425_CS_6649_6690_SORT", "date": "2015-04-25", "year": 2015, "mile": 667.0 }, "geometry": { "type": "MultiPolygon", "coordinates": [ [ [ [ -90.552298339242768, 34.52929050067327 ], [ -90.552622372322318, 34.529138469935013 ], [ -90.55296993878413, 34.529249321165842 ], [ -90.553279411686958, 34.52975728860401 ], [ -90.553150716376123, 34.530080047529182 ], [ -90.552839701077858, 34.53017943185575 ], [ -90.552534865558954, 34.530067700574399 ], [ -90.552234775541621, 34.529594247255361 ], [ -90.552298339242768, 34.52929050067327 ] ] ], [ [ [ -90.549107611440917, 34.532038151899833 ], [ -90.549405370181503, 34.531914026674578 ], [ -90.549721973924548, 34.532000500337006 ], [ -90.549894434024282, 34.532267511088314 ], [ -90.549789944215931, 34.532529525655214 ], [ -90.549492183737897, 34.53265365173889 ], [ -90.549175577836394, 34.532567177393297 ], [ -90.54900311953817, 34.532300165708946 ], [ -90.549107611440917, 34.532038151899833 ] ] ], [ [ [ -90.549818503862852, 34.53263933246685 ], [ -90.550116263853113, 34.532515205563548 ], [ -90.550463840316894, 34.532626064334998 ], [ -90.550754332131959, 34.532988407282375 ], [ -90.550625621479242, 34.533311162762125 ], [ -90.550314591308961, 34.53341053996381 ], [ -90.5500097480368, 34.533298802068352 ], [ -90.549728637085124, 34.532970973444428 ], [ -90.549818503862852, 34.53263933246685 ] ] ], [ [ [ -90.557723691091297, 34.581102475274527 ], [ -90.557921338437012, 34.581165468925967 ], [ -90.558077092327281, 34.581330421673918 ], [ -90.558095794781352, 34.5815391442354 ], [ -90.557971140999129, 34.581721284439325 ], [ -90.557707817243426, 34.581826325405537 ], [ -90.55741656821111, 34.581783899161955 ], [ -90.557317255738369, 34.581960186686011 ], [ -90.557103507473954, 34.582072218121588 ], [ -90.556891756284486, 34.582076575713025 ], [ -90.556671536077644, 34.581973474875689 ], [ -90.556551372239383, 34.581716081639733 ], [ -90.556686460474083, 34.581463801432648 ], [ -90.556954905836477, 34.581365295939399 ], [ -90.557203702398937, 34.581412065600801 ], [ -90.557364877895367, 34.581187030925243 ], [ -90.557723691091297, 34.581102475274527 ] ] ], [ [ [ -90.545364423683381, 34.534095573389315 ], [ -90.54574756596034, 34.533973174546098 ], [ -90.546139869709151, 34.534149741910532 ], [ -90.546289850353745, 34.534396163923795 ], [ -90.546185346354036, 34.534658174725408 ], [ -90.545802201428785, 34.534780574824794 ], [ -90.545409895581528, 34.534604006295169 ], [ -90.545259917264971, 34.534357583302175 ], [ -90.545364423683381, 34.534095573389315 ] ] ], [ [ [ -90.546392895552003, 34.534733068934386 ], [ -90.546759696915998, 34.534580177948961 ], [ -90.547185664080629, 34.534738843335525 ], [ -90.547364113405877, 34.53497191175255 ], [ -90.547291148613994, 34.535241138427637 ], [ -90.546924345145854, 34.535394030914077 ], [ -90.546498375270559, 34.53523536450934 ], [ -90.546319927922411, 34.535002294913738 ], [ -90.546392895552003, 34.534733068934386 ] ] ], [ [ [ -90.543434645099509, 34.537149068344831 ], [ -90.544224988863007, 34.537446539883412 ], [ -90.544313991980545, 34.537712442209603 ], [ -90.544149715889461, 34.537952543300626 ], [ -90.543786266509983, 34.538020154232683 ], [ -90.542915689088886, 34.537702271591627 ], [ -90.542824613426362, 34.537507017704037 ], [ -90.542902837440309, 34.537272905180949 ], [ -90.543142779143636, 34.537132999088058 ], [ -90.543434645099509, 34.537149068344831 ] ] ], [ [ [ -90.540467959670806, 34.540480869902609 ], [ -90.541280684578965, 34.540543134802071 ], [ -90.541598767205713, 34.540669804861807 ], [ -90.5417188327812, 34.540927209936797 ], [ -90.54158377354041, 34.541179475951679 ], [ -90.541230066127369, 34.541276232844687 ], [ -90.540488865895952, 34.541180045442616 ], [ -90.540268772553219, 34.541076919801377 ], [ -90.540149768722003, 34.540854880299804 ], [ -90.540228003847091, 34.540620770062439 ], [ -90.540467959670806, 34.540480869902609 ] ] ], [ [ [ -90.541420692017638, 34.544405675999776 ], [ -90.541795072463628, 34.544520622486061 ], [ -90.541904706166306, 34.544848167854738 ], [ -90.54167556151944, 34.545091226998316 ], [ -90.541207485644378, 34.545115580021609 ], [ -90.540934822786411, 34.544956751335171 ], [ -90.540877751034571, 34.544684909216443 ], [ -90.541069700443629, 34.544459295275452 ], [ -90.541420692017638, 34.544405675999776 ] ] ], [ [ [ -90.540305996633876, 34.54726806355864 ], [ -90.540603822829397, 34.547143962973749 ], [ -90.541026294918524, 34.547209504797927 ], [ -90.541231502169339, 34.547426986748953 ], [ -90.541190748205651, 34.547700831807489 ], [ -90.541044783311492, 34.547827734792861 ], [ -90.540801010855901, 34.547883595411278 ], [ -90.540421279111982, 34.54781717777653 ], [ -90.540218932093396, 34.547606850615651 ], [ -90.540072667663793, 34.547779944564233 ], [ -90.539836685716594, 34.547855304533591 ], [ -90.539589873591325, 34.547809485178654 ], [ -90.53941542280181, 34.54765793060664 ], [ -90.539390832200539, 34.54738276870841 ], [ -90.539608593795961, 34.547173812283511 ], [ -90.539981039719848, 34.547166190509017 ], [ -90.540221579727799, 34.547392418254397 ], [ -90.540305996633876, 34.54726806355864 ] ] ], [ [ [ -90.539393491601288, 34.544625185604211 ], [ -90.539675174920973, 34.544477530098199 ], [ -90.540000535622184, 34.544537933082978 ], [ -90.540178983478029, 34.544771011710139 ], [ -90.540105985263509, 34.545040232341584 ], [ -90.539824300683421, 34.545187888781797 ], [ -90.539498937635713, 34.545127485230083 ], [ -90.539320491040272, 34.544894405668735 ], [ -90.539393491601288, 34.544625185604211 ] ] ], [ [ [ -90.539402652162224, 34.55004443928982 ], [ -90.539622767286659, 34.550147567318973 ], [ -90.539736539689954, 34.550334496795251 ], [ -90.539705620560213, 34.550542221408577 ], [ -90.539575384530679, 34.550680349334236 ], [ -90.538812675581397, 34.550784577306558 ], [ -90.538479853696884, 34.550646024601242 ], [ -90.538390858201524, 34.550380118734026 ], [ -90.538555177044401, 34.550140027593457 ], [ -90.538748731345976, 34.550069007070221 ], [ -90.539402652162224, 34.55004443928982 ] ] ], [ [ [ -90.537770090772639, 34.553051079967418 ], [ -90.538067941518875, 34.552926986723485 ], [ -90.538364413443588, 34.553000456311437 ], [ -90.538622172216847, 34.552936458207277 ], [ -90.538964826655473, 34.552989589908243 ], [ -90.539217380869147, 34.5531697725744 ], [ -90.539241971412963, 34.553444934318811 ], [ -90.539128720828231, 34.553592958377877 ], [ -90.538902785322861, 34.553687091360317 ], [ -90.538363523569558, 34.553593087951832 ], [ -90.537962458985547, 34.553649109196968 ], [ -90.537679152884721, 34.553402993604735 ], [ -90.537770090772639, 34.553051079967418 ] ] ] ] } },
{ "type": "Feature", "properties": { "depth_bin": "50-55 ft", "bin_order": -52.5, "survey_id": "LM_18_FRI_20150425_CS_6649_6690_SORT", "date": "2015-04-25", "year": 2015, "mile": 667.0 }, "geometry": { "type": "MultiPolygon", "coordinates": [ [ [ [ -90.549127105181284, 34.532108019799317 ], [ -90.549408729102666, 34.531960339010354 ], [ -90.54976775870901, 34.532042471810627 ], [ -90.549889701657335, 34.532185674207959 ], [ -90.54991123232233, 34.532380771364394 ], [ -90.550199623850688, 34.532422309947343 ], [ -90.550514145762364, 34.532693002735066 ], [ -90.550557457161588, 34.532899206384826 ], [ -90.550455038773123, 34.533090571826008 ], [ -90.550157277131049, 34.533214699479885 ], [ -90.549840668343649, 34.533128226748175 ], [ -90.549595979256395, 34.532898208191511 ], [ -90.549557114295766, 34.532670772394788 ], [ -90.549306912280187, 34.532645129494924 ], [ -90.549115364570696, 34.532508468633694 ], [ -90.54904784283805, 34.532306770504952 ], [ -90.549127105181284, 34.532108019799317 ] ] ], [ [ [ -90.545438283902314, 34.534183105007521 ], [ -90.545762347863771, 34.534031093942147 ], [ -90.546162741821306, 34.53415508826248 ], [ -90.546318389597445, 34.534320052476538 ], [ -90.546342150913304, 34.534504456137306 ], [ -90.546676796305562, 34.534483081584135 ], [ -90.547064433324763, 34.534703331759928 ], [ -90.547155516445386, 34.534898582854936 ], [ -90.547077306818494, 34.535132698790164 ], [ -90.546710503487432, 34.53528559063961 ], [ -90.546319130847706, 34.535139406350623 ], [ -90.546151196886214, 34.53498758290506 ], [ -90.546110101925706, 34.534770840165621 ], [ -90.545775455327714, 34.534792213107856 ], [ -90.545451149112878, 34.53461247188342 ], [ -90.545360070325557, 34.534417219690262 ], [ -90.545438283902314, 34.534183105007521 ] ] ], [ [ [ -90.54273439162111, 34.536897944801517 ], [ -90.543540116004635, 34.537222239925022 ], [ -90.5436591244802, 34.537444276402226 ], [ -90.543554607960388, 34.537706284316954 ], [ -90.543299249070458, 34.537826055435481 ], [ -90.542176882980868, 34.537504319033161 ], [ -90.541962320291262, 34.537252322838881 ], [ -90.542035304220619, 34.53698310023892 ], [ -90.542316956633314, 34.536835437165564 ], [ -90.54273439162111, 34.536897944801517 ] ] ], [ [ [ -90.540707698695783, 34.540478834494586 ], [ -90.541047530778386, 34.540548511178436 ], [ -90.541225973820445, 34.54078158817326 ], [ -90.541152983230518, 34.541050809883878 ], [ -90.540871314247312, 34.541198469482723 ], [ -90.540424361687826, 34.541148948113104 ], [ -90.540209795799555, 34.540896948798739 ], [ -90.540338559530099, 34.540574206888472 ], [ -90.540707698695783, 34.540478834494586 ] ] ], [ [ [ -90.541482703970487, 34.544450741975297 ], [ -90.541702524626785, 34.544737850172517 ], [ -90.541536147426925, 34.545048595699384 ], [ -90.540999461709092, 34.545135243397993 ], [ -90.540666657759417, 34.544996697349539 ], [ -90.540577660101093, 34.544730792814278 ], [ -90.540741960709553, 34.544490697783132 ], [ -90.541050963824262, 34.544410597509042 ], [ -90.541482703970487, 34.544450741975297 ] ] ], [ [ [ -90.5405597492867, 34.547132898019314 ], [ -90.540853111657711, 34.547204478529721 ], [ -90.541008771242076, 34.547369449788675 ], [ -90.541016032858835, 34.547612271829841 ], [ -90.540835471288517, 34.547803787346623 ], [ -90.540634442311315, 34.547858772571097 ], [ -90.539787504435481, 34.547853434052413 ], [ -90.539472707529441, 34.547688560053089 ], [ -90.53941563926719, 34.547416717484076 ], [ -90.53960759922353, 34.547191106372409 ], [ -90.5405597492867, 34.547132898019314 ] ] ], [ [ [ -90.539432960833679, 34.544621199785624 ], [ -90.539714644075374, 34.544473544184804 ], [ -90.540040004796353, 34.544533947064892 ], [ -90.540218452758126, 34.544767025638784 ], [ -90.540145454673691, 34.545036246299574 ], [ -90.539863770171607, 34.545183902834594 ], [ -90.539538407104132, 34.5451234993876 ], [ -90.539359960402749, 34.544890419879515 ], [ -90.539432960833679, 34.544621199785624 ] ] ], [ [ [ -90.539111518356194, 34.550072172302571 ], [ -90.53938139863736, 34.550284694357011 ], [ -90.539373273942232, 34.550560525474516 ], [ -90.539131797057934, 34.550750813839059 ], [ -90.538759567152638, 34.550747428371707 ], [ -90.538529582552357, 34.550547631596707 ], [ -90.53853771002764, 34.550271800653746 ], [ -90.53877918673922, 34.550081513450664 ], [ -90.539111518356194, 34.550072172302571 ] ] ], [ [ [ -90.538056043929757, 34.552927349589645 ], [ -90.538827483513472, 34.552997305557923 ], [ -90.538983149022243, 34.553162279550044 ], [ -90.539001801591397, 34.553371003617926 ], [ -90.538877153236257, 34.553553125082203 ], [ -90.538651217586818, 34.553647257591606 ], [ -90.538121954799436, 34.553672911319516 ], [ -90.53781705745044, 34.553561140827576 ], [ -90.537695016623019, 34.553273740537179 ], [ -90.537830109186913, 34.553021480619208 ], [ -90.538056043929757, 34.552927349589645 ] ] ] ] } },
{ "type": "Feature", "properties": { "depth_bin": "55-60 ft", "bin_order": -57.5, "survey_id": "LM_18_FRI_20150425_CS_6649_6690_SORT", "date": "2015-04-25", "year": 2015, "mile": 667.0 }, "geometry": { "type": "MultiPolygon", "coordinates": [ [ [ [ -90.549643755229297, 34.531994704727019 ], [ -90.550375280329419, 34.532553592227679 ], [ -90.550461123718293, 34.532713730628934 ], [ -90.550388171216937, 34.532982959755337 ], [ -90.55010654532704, 34.533130642710205 ], [ -90.549747510715491, 34.533048510707459 ], [ -90.549163896158689, 34.532558915848782 ], [ -90.549078055453805, 34.53239877664339 ], [ -90.549128151334514, 34.532159442932141 ], [ -90.549350340988383, 34.532000735921265 ], [ -90.549643755229297, 34.531994704727019 ] ] ], [ [ [ -90.545585403145296, 34.534255720943051 ], [ -90.545867040295931, 34.534108048953115 ], [ -90.546224521590815, 34.534182682499399 ], [ -90.546381968985742, 34.534352150442047 ], [ -90.546615485507274, 34.534417346918545 ], [ -90.546878420281061, 34.534613102955888 ], [ -90.546945938219309, 34.534814802072674 ], [ -90.546866667806285, 34.535013550950737 ], [ -90.546585029126902, 34.53516122517415 ], [ -90.546259698677034, 34.535100841022697 ], [ -90.545956549766217, 34.534837463433924 ], [ -90.545573644636477, 34.534656168572887 ], [ -90.545506130163375, 34.534454468838234 ], [ -90.545585403145296, 34.534255720943051 ] ] ], [ [ [ -90.542436136121253, 34.536837749649933 ], [ -90.543149286288596, 34.537055574851358 ], [ -90.543318352313435, 34.537254132457853 ], [ -90.543277612189627, 34.537527979131632 ], [ -90.543014805597096, 34.537697778611879 ], [ -90.542803167895528, 34.537702116517835 ], [ -90.542249087109411, 34.537527745045665 ], [ -90.542005709318374, 34.53729436589154 ], [ -90.542027240145643, 34.53705212338933 ], [ -90.542192396959891, 34.536893614547665 ], [ -90.542436136121253, 34.536837749649933 ] ] ], [ [ [ -90.54098113897895, 34.544417318520097 ], [ -90.541313941254515, 34.544555863646153 ], [ -90.541395640113521, 34.544856625751798 ], [ -90.541166494019635, 34.54509968387444 ], [ -90.540762891675186, 34.545139265285485 ], [ -90.54049022965026, 34.544980435638372 ], [ -90.540433159347373, 34.544708593373564 ], [ -90.540625109972538, 34.544482980186643 ], [ -90.54098113897895, 34.544417318520097 ] ] ], [ [ [ -90.540036026642312, 34.54446782088381 ], [ -90.540305892177827, 34.544680340397598 ], [ -90.540297772231526, 34.544956171960322 ], [ -90.540056314344397, 34.545146463095257 ], [ -90.539653370731642, 34.545151667147614 ], [ -90.539423398466766, 34.544951872457943 ], [ -90.539431521296478, 34.544676041076428 ], [ -90.539672979103315, 34.54448575116789 ], [ -90.540036026642312, 34.54446782088381 ] ] ], [ [ [ -90.540113260564567, 34.547127617877301 ], [ -90.540449138364153, 34.547323268485101 ], [ -90.540439135639758, 34.547663042942226 ], [ -90.540176290475429, 34.547832834443668 ], [ -90.539664911516013, 34.547807756236082 ], [ -90.53945970763597, 34.547590271795443 ], [ -90.539500467164643, 34.547316427550655 ], [ -90.539722716141853, 34.547157740935745 ], [ -90.540113260564567, 34.547127617877301 ] ] ], [ [ [ -90.537800420066489, 34.553070910575222 ], [ -90.538082135401794, 34.552923260270546 ], [ -90.538640701266729, 34.552959170683089 ], [ -90.538870692430322, 34.553158967471482 ], [ -90.53886256517842, 34.553434798352995 ], [ -90.538580479358245, 34.553636188142484 ], [ -90.53799099150045, 34.553644962487802 ], [ -90.537747581965718, 34.553411573899687 ], [ -90.537800420066489, 34.553070910575222 ] ] ] ] } },
{ "type": "Feature", "properties": { "depth_bin": "60-65 ft", "bin_order": -62.5, "survey_id": "LM_18_FRI_20150425_CS_6649_6690_SORT", "date": "2015-04-25", "year": 2015, "mile": 667.0 }, "geometry": { "type": "MultiPolygon", "coordinates": [ [ [ [ -90.545610459731549, 34.534346953969191 ], [ -90.545851872896634, 34.534156649664176 ], [ -90.546223373520377, 34.534179249290986 ], [ -90.546705199077323, 34.534499763510041 ], [ -90.546771656252176, 34.534666095799594 ], [ -90.546716307643948, 34.534870317500555 ], [ -90.546453516278788, 34.535040125110775 ], [ -90.546122600799492, 34.535006420144427 ], [ -90.545640774819418, 34.534685903618943 ], [ -90.545610459731549, 34.534346953969191 ] ] ], [ [ [ -90.542288173739109, 34.537081965711685 ], [ -90.542550979695832, 34.536912167761905 ], [ -90.542885089957181, 34.536946935838074 ], [ -90.543090278689874, 34.537164414125691 ], [ -90.543049537885096, 34.537438260696938 ], [ -90.542786731153157, 34.537608059680302 ], [ -90.542452618322059, 34.53757329122714 ], [ -90.542247430378239, 34.537355811907993 ], [ -90.542288173739109, 34.537081965711685 ] ] ], [ [ [ -90.54096167148586, 34.544447456773597 ], [ -90.541168498739623, 34.544567936303544 ], [ -90.541259577126027, 34.544763191385712 ], [ -90.541181340247576, 34.54499730209826 ], [ -90.540981966725965, 34.545126099153642 ], [ -90.540529882956278, 34.545154490066452 ], [ -90.54027928195768, 34.545054480803969 ], [ -90.53988189366224, 34.545163274460769 ], [ -90.539684345318506, 34.545100255433653 ], [ -90.539528692407245, 34.544935282720502 ], [ -90.539536814884542, 34.544659451316392 ], [ -90.539778272414097, 34.544469161186626 ], [ -90.540064261577001, 34.544450311108022 ], [ -90.540272733689051, 34.544544279134925 ], [ -90.540508564858314, 34.544441515449343 ], [ -90.54096167148586, 34.544447456773597 ] ] ], [ [ [ -90.539964515606002, 34.547130659483294 ], [ -90.540269393216221, 34.547242423834362 ], [ -90.540386325511577, 34.547535112433401 ], [ -90.54022201737439, 34.547775206577569 ], [ -90.539861516857982, 34.547850419493059 ], [ -90.539571345667753, 34.547714466173055 ], [ -90.53948234918964, 34.547448560971326 ], [ -90.53964665869043, 34.547208467875329 ], [ -90.539964515606002, 34.547130659483294 ] ] ], [ [ [ -90.537793640091238, 34.55309799435728 ], [ -90.538098225682376, 34.552920452151746 ], [ -90.538566252143539, 34.552966681340841 ], [ -90.538796243139757, 34.553166478262717 ], [ -90.538788115639889, 34.553442309128449 ], [ -90.538546628748364, 34.553632595840199 ], [ -90.538062572081188, 34.553643521892944 ], [ -90.537766290304901, 34.553405427623701 ], [ -90.537793640091238, 34.55309799435728 ] ] ] ] } },
{ "type": "Feature", "properties": { "depth_bin": "65-70 ft", "bin_order": -67.5, "survey_id": "LM_18_FRI_20150425_CS_6649_6690_SORT", "date": "2015-04-25", "year": 2015, "mile": 667.0 }, "geometry": { "type": "MultiPolygon", "coordinates": [ [ [ [ -90.54567578878067, 34.534379180621933 ], [ -90.545917201902654, 34.534188876186157 ], [ -90.546250512685717, 34.534195577449921 ], [ -90.546557607402391, 34.534415011670788 ], [ -90.546566845340351, 34.534723184004207 ], [ -90.546325431998625, 34.534913489707868 ], [ -90.545992118335846, 34.534906788527358 ], [ -90.545685023465523, 34.534687352885101 ], [ -90.54567578878067, 34.534379180621933 ] ] ], [ [ [ -90.54055632459152, 34.544437032934418 ], [ -90.540796511793886, 34.544502646179822 ], [ -90.540952166557503, 34.544667617357895 ], [ -90.540970823492628, 34.544876341517543 ], [ -90.540813823994029, 34.545081578878239 ], [ -90.540577850404333, 34.545156940665692 ], [ -90.539996126921906, 34.545159235186844 ], [ -90.539663324714382, 34.545020686467844 ], [ -90.53957433027594, 34.54475478133655 ], [ -90.539738633736604, 34.544514687782979 ], [ -90.53997460613148, 34.544439327566998 ], [ -90.54055632459152, 34.544437032934418 ] ] ], [ [ [ -90.537828590082469, 34.553090841106815 ], [ -90.53809145692783, 34.552921055708332 ], [ -90.538523996892195, 34.552958262859363 ], [ -90.53875451492074, 34.553210799168212 ], [ -90.538713748878109, 34.553484642696219 ], [ -90.538392086874424, 34.553664589728506 ], [ -90.537993033710649, 34.553582171689762 ], [ -90.537787821104672, 34.553364684203103 ], [ -90.537828590082469, 34.553090841106815 ] ] ] ] } },
{ "type": "Feature", "properties": { "depth_bin": "70-75 ft", "bin_order": -72.5, "survey_id": "LM_18_FRI_20150425_CS_6649_6690_SORT", "date": "2015-04-25", "year": 2015, "mile": 667.0 }, "geometry": { "type": "Polygon", "coordinates": [ [ [ -90.538286498041572, 34.552900559808648 ], [ -90.538591393734563, 34.55301232906173 ], [ -90.538708326868388, 34.553305019112045 ], [ -90.538544001655865, 34.553545110098902 ], [ -90.53818844429631, 34.553619620188336 ], [ -90.537898256610873, 34.553483662264874 ], [ -90.537809260532626, 34.553217756035522 ], [ -90.537973587093617, 34.552977666089731 ], [ -90.538286498041572, 34.552900559808648 ] ] ] } }
]
}
