{
"type": "FeatureCollection",
"name": "LM_10_SSL_20180601_CS_5234_5368_depth_polygons",
"crs": { "type": "name", "properties": { "name": "urn:ogc:def:crs:OGC:1.3:CRS84" } },
"features": [
{ "type": "Feature", "properties": { "depth_bin": "110-115 ft", "bin_order": -112.5, "survey_id": "LM_10_SSL_20180601_CS_5234_5368", "date": "2018-06-01", "year": 2018, "mile": 525.0 }, "geometry": { "type": "Polygon", "coordinates": [ [ [ -91.09504160674561, 33.215632966659797 ], [ -91.095792930954104, 33.215366408817012 ], [ -91.096021301207728, 33.215450047870924 ], [ -91.09615590348146, 33.215626238116549 ], [ -91.096151368229044, 33.215835593051224 ], [ -91.096009223229657, 33.216007547293607 ], [ -91.095652570090976, 33.216190796513459 ], [ -91.095175709156024, 33.216259052106338 ], [ -91.094925689460311, 33.21608007673165 ], [ -91.094899459986351, 33.215804919572641 ], [ -91.09504160674561, 33.215632966659797 ] ] ] } },
{ "type": "Feature", "properties": { "depth_bin": "115-120 ft", "bin_order": -117.5, "survey_id": "LM_10_SSL_20180601_CS_5234_5368", "date": "2018-06-01", "year": 2018, "mile": 525.0 }, "geometry": { "type": "MultiPolygon", "coordinates": [ [ [ [ -91.093159796351074, 33.200342695635157 ], [ -91.093793613389636, 33.200201498575836 ], [ -91.094011091799871, 33.200303552537981 ], [ -91.094124478264831, 33.200489985611625 ], [ -91.094110457003723, 33.200664856738463 ], [ -91.093897568813773, 33.200875012269172 ], [ -91.093467606362765, 33.201001134717167 ], [ -91.093259600764313, 33.200989345649155 ], [ -91.093009627029787, 33.200810367705742 ], [ -91.092983405705141, 33.200535209882815 ], [ -91.093159796351074, 33.200342695635157 ] ] ], [ [ [ -91.095619212299667, 33.215377193883732 ], [ -91.096235402608784, 33.215189841443625 ], [ -91.096463772874415, 33.215273479685749 ], [ -91.09658491429272, 33.215416133186039 ], [ -91.096604814637033, 33.215624853647768 ], [ -91.09638092102395, 33.215869182687442 ], [ -91.095793971021223, 33.216012502614284 ], [ -91.095524284487709, 33.215854989205013 ], [ -91.095466093656, 33.215583318230422 ], [ -91.095619212299667, 33.215377193883732 ] ] ] ] } },
{ "type": "Feature", "properties": { "depth_bin": "120-125 ft", "bin_order": -122.5, "survey_id": "LM_10_SSL_20180601_CS_5234_5368", "date": "2018-06-01", "year": 2018, "mile": 525.0 }, "geometry": { "type": "MultiPolygon", "coordinates": [ [ [ [ -91.095979209978495, 33.212010074329164 ], [ -91.096374446259063, 33.212082470983795 ], [ -91.096525249549543, 33.212363620985123 ], [ -91.096362372066849, 33.212639970823098 ], [ -91.095939952761185, 33.212774001216779 ], [ -91.095638900563955, 33.212663739528402 ], [ -91.095518777868463, 33.212406831175095 ], [ -91.095649949579482, 33.212153770037027 ], [ -91.095979209978495, 33.212010074329164 ] ] ], [ [ [ -91.097038353630651, 33.214775414405729 ], [ -91.097286661933396, 33.214758685708865 ], [ -91.097531884900135, 33.214887387906955 ], [ -91.097624311472231, 33.215117641440422 ], [ -91.097521980857351, 33.215344916306599 ], [ -91.096442833262245, 33.21582308835589 ], [ -91.096047580242171, 33.215750691354785 ], [ -91.095898073225783, 33.215504917638924 ], [ -91.095999108158452, 33.215242267396853 ], [ -91.097038353630651, 33.214775414405729 ] ] ], [ [ [ -91.094780541340654, 33.215793748345547 ], [ -91.095038150291231, 33.215622547449762 ], [ -91.095364326953089, 33.21565460338843 ], [ -91.095568003158149, 33.215871138457381 ], [ -91.09552986766839, 33.216145310046159 ], [ -91.095272258039728, 33.216316511926522 ], [ -91.09494607897831, 33.216284455662645 ], [ -91.094742403451335, 33.216067919609117 ], [ -91.094780541340654, 33.215793748345547 ] ] ], [ [ [ -91.097454102061562, 33.217911726099992 ], [ -91.097740805976443, 33.217880448683715 ], [ -91.097958332039354, 33.21798249720041 ], [ -91.098077167942051, 33.218204026638546 ], [ -91.098001830446364, 33.218438638234829 ], [ -91.097087270828339, 33.218897493652968 ], [ -91.096685464431246, 33.218858011444688 ], [ -91.096508010301491, 33.218625739708926 ], [ -91.096577932551952, 33.218356029782655 ], [ -91.097454102061562, 33.217911726099992 ] ] ], [ [ [ -91.09344471103384, 33.200366078564713 ], [ -91.093772548952828, 33.200131724239618 ], [ -91.09409335997023, 33.20019050067593 ], [ -91.094270772788917, 33.200422774944521 ], [ -91.094223158593607, 33.200662462811742 ], [ -91.093965593473683, 33.200833663924982 ], [ -91.093648479003875, 33.200805357886885 ], [ -91.093401547500562, 33.201020424477257 ], [ -91.093035534706985, 33.200999679657492 ], [ -91.092831897558582, 33.200783141412074 ], [ -91.092870032323603, 33.200508970073294 ], [ -91.093127598478489, 33.200337771263037 ], [ -91.09344471103384, 33.200366078564713 ] ] ], [ [ [ -91.094496123776267, 33.209328243236833 ], [ -91.094744416858831, 33.209311519068308 ], [ -91.094989621049237, 33.209440225708242 ], [ -91.095082035857047, 33.209670480877918 ], [ -91.094979705830852, 33.20989775383179 ], [ -91.094019964057026, 33.210287642218425 ], [ -91.09362473809486, 33.210215238419394 ], [ -91.093475246637198, 33.209969462164509 ], [ -91.093576281507396, 33.209706813701558 ], [ -91.094496123776267, 33.209328243236833 ] ] ], [ [ [ -91.094961909353231, 33.212452949150553 ], [ -91.095250345313161, 33.212469291880254 ], [ -91.095439990778999, 33.212605053086421 ], [ -91.09550511570994, 33.212841813833954 ], [ -91.095405614259718, 33.213033773306599 ], [ -91.094370062193647, 33.213518041605575 ], [ -91.09412175714958, 33.213534764586882 ], [ -91.093934924700392, 33.213456952855005 ], [ -91.093785427300944, 33.213211176865094 ], [ -91.093886465476601, 33.212948528380025 ], [ -91.094961909353231, 33.212452949150553 ] ] ], [ [ [ -91.092418165735097, 33.216744239997645 ], [ -91.09281341960704, 33.216816648578558 ], [ -91.09296421863948, 33.217097802579218 ], [ -91.092801320658296, 33.21737414683674 ], [ -91.092377194343015, 33.217518205736326 ], [ -91.09207613109983, 33.217407935078143 ], [ -91.091956013215579, 33.217151023609262 ], [ -91.092087202776213, 33.216897967034832 ], [ -91.092418165735097, 33.216744239997645 ] ] ] ] } },
{ "type": "Feature", "properties": { "depth_bin": "125-130 ft", "bin_order": -127.5, "survey_id": "LM_10_SSL_20180601_CS_5234_5368", "date": "2018-06-01", "year": 2018, "mile": 525.0 }, "geometry": { "type": "MultiPolygon", "coordinates": [ [ [ [ -91.101381194000766, 33.212921027952241 ], [ -91.101724340953623, 33.213030181297114 ], [ -91.101834720582971, 33.2133573089029 ], [ -91.101647349993655, 33.213584006182309 ], [ -91.101169154694588, 33.213685669381945 ], [ -91.100899464865066, 33.213528167486402 ], [ -91.100841258460989, 33.213256498391843 ], [ -91.100994360496657, 33.213050366756733 ], [ -91.101381194000766, 33.212921027952241 ] ] ], [ [ [ -91.097746791758894, 33.214495077920489 ], [ -91.097952454523451, 33.214523944282512 ], [ -91.098142108647991, 33.214659701633337 ], [ -91.09820877183995, 33.214825770602097 ], [ -91.098155738641623, 33.215030360202988 ], [ -91.097501781617069, 33.215378466392011 ], [ -91.097135707605958, 33.21535773150751 ], [ -91.096932028532706, 33.215141198893932 ], [ -91.096970159073464, 33.214867026660876 ], [ -91.097149478754986, 33.214721684516626 ], [ -91.097746791758894, 33.214495077920489 ] ] ], [ [ [ -91.100363919861934, 33.216651470521775 ], [ -91.100734786341462, 33.216787279556634 ], [ -91.100825921216313, 33.216982154128601 ], [ -91.100791584419269, 33.217155029454112 ], [ -91.100307631487468, 33.217469179653669 ], [ -91.099940893435317, 33.217478713297744 ], [ -91.099712933700047, 33.217280009183213 ], [ -91.099718901678486, 33.21700401523988 ], [ -91.099880409146607, 33.216844595225965 ], [ -91.100363919861934, 33.216651470521775 ] ] ], [ [ [ -91.098744603881329, 33.2173837143417 ], [ -91.099020934857649, 33.217234553201763 ], [ -91.099341811938814, 33.217293318307043 ], [ -91.099519271253342, 33.21752558621705 ], [ -91.0994493587405, 33.217795298178316 ], [ -91.099131268519287, 33.217949016269564 ], [ -91.09879501580825, 33.217845314721522 ], [ -91.098671111132916, 33.218170840459287 ], [ -91.09795679164904, 33.218508413828062 ], [ -91.097708472770563, 33.218525143478836 ], [ -91.097490945708202, 33.218423094495705 ], [ -91.09737081048425, 33.218166187680588 ], [ -91.097501986400104, 33.217913124927193 ], [ -91.098256200748025, 33.21756423827884 ], [ -91.098464618682286, 33.217558823263197 ], [ -91.098675235331854, 33.217655411071 ], [ -91.098744603881329, 33.2173837143417 ] ] ], [ [ [ -91.104520455142676, 33.218189509346111 ], [ -91.104796779563827, 33.218040335127931 ], [ -91.105117664178124, 33.218099085562685 ], [ -91.105295140701557, 33.218331345803449 ], [ -91.105225244992994, 33.218601061589411 ], [ -91.104948919439451, 33.218750236710171 ], [ -91.104628032603287, 33.218691485764907 ], [ -91.104450557212246, 33.218459224621569 ], [ -91.104520455142676, 33.218189509346111 ] ] ], [ [ [ -91.096706938544216, 33.21826700229105 ], [ -91.097091857970526, 33.218371613648245 ], [ -91.097209161436055, 33.218663834363007 ], [ -91.097049104632504, 33.218904870841428 ], [ -91.096591651411089, 33.219045521829436 ], [ -91.096304884920158, 33.218910987612119 ], [ -91.096215289948802, 33.218645419591446 ], [ -91.096343638403567, 33.218427671847138 ], [ -91.096706938544216, 33.21826700229105 ] ] ], [ [ [ -91.106392984007911, 33.220516506891222 ], [ -91.106630030128983, 33.220580908365847 ], [ -91.10676724659973, 33.220712883654492 ], [ -91.106811415935738, 33.22091895665308 ], [ -91.106737621977331, 33.221082883310665 ], [ -91.106115567664801, 33.221423514974497 ], [ -91.105713744237107, 33.221384061402112 ], [ -91.10553626081564, 33.221151801607427 ], [ -91.105606158002971, 33.220882085789597 ], [ -91.106033920132973, 33.220604053107202 ], [ -91.106392984007911, 33.220516506891222 ] ] ], [ [ [ -91.095148240941171, 33.199614127102954 ], [ -91.095519028008326, 33.199749949180045 ], [ -91.095610135370052, 33.199944827032077 ], [ -91.095575796740761, 33.20011770123611 ], [ -91.095448579952318, 33.20025655386096 ], [ -91.09505223175978, 33.20043489993477 ], [ -91.094723944540718, 33.200429873057011 ], [ -91.094496039356414, 33.200231160871645 ], [ -91.094502019833698, 33.199955167009072 ], [ -91.094663503521886, 33.199795752573763 ], [ -91.095148240941171, 33.199614127102954 ] ] ], [ [ [ -91.093645343486571, 33.200229397200197 ], [ -91.093921627126562, 33.200080245378985 ], [ -91.094242438077046, 33.200139021428029 ], [ -91.094419851203497, 33.200371295496183 ], [ -91.094349939501839, 33.200641005222032 ], [ -91.094073654729371, 33.20079015794488 ], [ -91.093752841559507, 33.200731381384976 ], [ -91.093575429565519, 33.200499106415201 ], [ -91.093645343486571, 33.200229397200197 ] ] ], [ [ [ -91.09552230709869, 33.208987985743924 ], [ -91.095801397568863, 33.209051313870901 ], [ -91.095955886007715, 33.209215565900635 ], [ -91.095964811851999, 33.209458457377558 ], [ -91.095788407837958, 33.209650974901272 ], [ -91.094876902111622, 33.209967091771624 ], [ -91.094668875043311, 33.209955304308615 ], [ -91.094482227533888, 33.209853051206153 ], [ -91.094448521352419, 33.210030067442844 ], [ -91.094287017539571, 33.210189480662123 ], [ -91.092981966305814, 33.210687754046901 ], [ -91.092693536866619, 33.210671406275935 ], [ -91.092503899879077, 33.210535641143125 ], [ -91.092445721146404, 33.210263968996919 ], [ -91.092633107259047, 33.210037286066125 ], [ -91.093938150436742, 33.209539016017757 ], [ -91.094187198514433, 33.209542831730552 ], [ -91.094373845017415, 33.209645085244709 ], [ -91.09440755116124, 33.20946806901803 ], [ -91.094569053370947, 33.209308655569295 ], [ -91.09552230709869, 33.208987985743924 ] ] ], [ [ [ -91.096361432042571, 33.211876599751925 ], [ -91.096640532282748, 33.21193992631818 ], [ -91.096795027148218, 33.212104177471424 ], [ -91.096803955203782, 33.212347068875097 ], [ -91.0966275468475, 33.212539587362798 ], [ -91.09619253357846, 33.212654217857732 ], [ -91.096042594501426, 33.212794008490839 ], [ -91.09533324688222, 33.213069781373406 ], [ -91.095084188648727, 33.213065967597743 ], [ -91.094906777746786, 33.212972608135459 ], [ -91.094781235210931, 33.21328911393546 ], [ -91.094455143330435, 33.213388926187712 ], [ -91.094221506497703, 33.213575838463441 ], [ -91.093817514429688, 33.213634764528628 ], [ -91.093547838740108, 33.213477247164413 ], [ -91.093489655268868, 33.213205575442352 ], [ -91.093677045427327, 33.212978891168206 ], [ -91.094092842124894, 33.212880726796399 ], [ -91.09440739730212, 33.212674527161525 ], [ -91.094792840741405, 33.212779675136979 ], [ -91.094822854042903, 33.212578732995979 ], [ -91.094984361530706, 33.212419319261272 ], [ -91.095653808792278, 33.212154863207509 ], [ -91.095870183477089, 33.21213365529897 ], [ -91.096020121637665, 33.211993864829189 ], [ -91.096361432042571, 33.211876599751925 ] ] ], [ [ [ -91.094658836532702, 33.215829933984459 ], [ -91.094935168964753, 33.215680781963243 ], [ -91.09525603715538, 33.215739557325513 ], [ -91.095433482440797, 33.215971830622543 ], [ -91.09536355897815, 33.216241539945067 ], [ -91.095087225412897, 33.216390692868494 ], [ -91.094766355001127, 33.216331916995173 ], [ -91.094588910848898, 33.216099642795939 ], [ -91.094658836532702, 33.215829933984459 ] ] ], [ [ [ -91.09293831533401, 33.200417330018674 ], [ -91.093186583294965, 33.200400608044738 ], [ -91.093373387855266, 33.200478420035211 ], [ -91.093494504928941, 33.200621075955254 ], [ -91.093514396341504, 33.200829796997454 ], [ -91.093327033272757, 33.201056482359995 ], [ -91.092965595459532, 33.201221511033417 ], [ -91.092717325152364, 33.201238232479312 ], [ -91.092447688466876, 33.201080713869153 ], [ -91.092389514682665, 33.200809041537305 ], [ -91.092542612848604, 33.200602919851029 ], [ -91.09293831533401, 33.200417330018674 ] ] ], [ [ [ -91.090969097682361, 33.201173200552901 ], [ -91.091174726697218, 33.20120207698367 ], [ -91.091364342121821, 33.201337843538532 ], [ -91.091432281752901, 33.201539292577984 ], [ -91.091355645038874, 33.201738523696825 ], [ -91.090665565405274, 33.202041095905997 ], [ -91.090303731565868, 33.201990282273826 ], [ -91.09012632656497, 33.201758002664462 ], [ -91.090196252168568, 33.201488295856592 ], [ -91.090353254661792, 33.201372983615336 ], [ -91.090969097682361, 33.201173200552901 ] ] ], [ [ [ -91.093124120384545, 33.203431093367563 ], [ -91.093403191409564, 33.20349442623499 ], [ -91.093557665973734, 33.20365868087142 ], [ -91.093577557857785, 33.203867401837229 ], [ -91.093424455978763, 33.204073524578305 ], [ -91.092897836474791, 33.204264071399294 ], [ -91.092550937817165, 33.204151241010415 ], [ -91.09242382160862, 33.204457510689579 ], [ -91.091944431485871, 33.204661805404996 ], [ -91.091695397555725, 33.204657985697963 ], [ -91.091490858198398, 33.204538498086514 ], [ -91.09140129040162, 33.204272927065304 ], [ -91.091561333638523, 33.204031896920064 ], [ -91.092091786597805, 33.2038383640364 ], [ -91.092438683386348, 33.203951195645928 ], [ -91.092565798721878, 33.203644925899823 ], [ -91.093124120384545, 33.203431093367563 ] ] ], [ [ [ -91.092851232179541, 33.216559772225644 ], [ -91.093139680943153, 33.21657612031111 ], [ -91.093329331527173, 33.216711884852813 ], [ -91.093394453196282, 33.216948646463187 ], [ -91.093294942112735, 33.217140603794604 ], [ -91.09236020964947, 33.217562892926559 ], [ -91.091964952897825, 33.217490482805985 ], [ -91.091815454839278, 33.217244704549593 ], [ -91.091916504075115, 33.216982058204387 ], [ -91.09208622378776, 33.216880237572958 ], [ -91.092315244595213, 33.216860810142599 ], [ -91.092851232179541, 33.216559772225644 ] ] ] ] } },
{ "type": "Feature", "properties": { "depth_bin": "130-135 ft", "bin_order": -132.5, "survey_id": "LM_10_SSL_20180601_CS_5234_5368", "date": "2018-06-01", "year": 2018, "mile": 525.0 }, "geometry": { "type": "MultiPolygon", "coordinates": [ [ [ [ -91.101137227923203, 33.213061283666775 ], [ -91.101374249844454, 33.213125694378867 ], [ -91.101511447047244, 33.213257674919937 ], [ -91.101555601094603, 33.213463749445474 ], [ -91.101481804451268, 33.213627673043035 ], [ -91.100804582193888, 33.213945610764867 ], [ -91.100442692323213, 33.213894824761283 ], [ -91.100265237348879, 33.213662558215923 ], [ -91.100335143449115, 33.213392845419243 ], [ -91.100784588428937, 33.213155371357672 ], [ -91.101137227923203, 33.213061283666775 ] ] ], [ [ [ -91.102921371341765, 33.215499945018877 ], [ -91.103206527168126, 33.215539956210115 ], [ -91.103396758908062, 33.215722943469025 ], [ -91.103405705101281, 33.21596583493033 ], [ -91.103229303070464, 33.216158362935765 ], [ -91.100744516976604, 33.21727801049196 ], [ -91.100378548015385, 33.217287789848328 ], [ -91.100192704046975, 33.217509690745239 ], [ -91.098672894665455, 33.218183426573148 ], [ -91.098383922991218, 33.218190934760663 ], [ -91.098154878715647, 33.218042649632451 ], [ -91.098096678579807, 33.217770979636214 ], [ -91.098284067538245, 33.217544288499099 ], [ -91.099803868355266, 33.216870557069797 ], [ -91.100131449619084, 33.216875328338666 ], [ -91.100455384539359, 33.216569166453759 ], [ -91.102921371341765, 33.215499945018877 ] ] ], [ [ [ -91.100201928706241, 33.220072306098231 ], [ -91.100494330225743, 33.219946626369342 ], [ -91.100806820686614, 33.220031541552068 ], [ -91.100956348799613, 33.220277309962746 ], [ -91.100855321931917, 33.220539964355076 ], [ -91.100645705141844, 33.220653113497875 ], [ -91.100370664321943, 33.220641052096681 ], [ -91.100217433870739, 33.220847750362957 ], [ -91.09989907008385, 33.22092272951312 ], [ -91.09967423338027, 33.221094704437242 ], [ -91.099350017699706, 33.221091006935517 ], [ -91.099091079243365, 33.221339454970149 ], [ -91.098842752435075, 33.221356186600609 ], [ -91.0986252171096, 33.22125413934797 ], [ -91.098505075059776, 33.220997233482201 ], [ -91.098636252409435, 33.220744169675392 ], [ -91.098858057069847, 33.220648838254903 ], [ -91.099101344479692, 33.220671827364036 ], [ -91.09928538699323, 33.22045556905622 ], [ -91.099569476411489, 33.220401155291697 ], [ -91.099834210716836, 33.220217864265443 ], [ -91.100109250080806, 33.220229926804173 ], [ -91.100201928706241, 33.220072306098231 ] ] ], [ [ [ -91.107144079576656, 33.220185343388323 ], [ -91.107372473988107, 33.220268962363974 ], [ -91.10750710654672, 33.220445141267277 ], [ -91.107502597498637, 33.220654497418771 ], [ -91.107360465790379, 33.220826465027258 ], [ -91.106645972508957, 33.221158772148492 ], [ -91.106437545833273, 33.221164200589151 ], [ -91.106232529276909, 33.221072063150736 ], [ -91.106109879437824, 33.221402076356398 ], [ -91.105396791593463, 33.221745510279 ], [ -91.105148464198322, 33.221762254505315 ], [ -91.104903210628478, 33.221633566380639 ], [ -91.104813586985543, 33.221368003638858 ], [ -91.104973627816833, 33.221126956654565 ], [ -91.105694902290153, 33.22079549692112 ], [ -91.105903328072856, 33.22079006969561 ], [ -91.106108343613187, 33.220882207645069 ], [ -91.106120567159778, 33.22070087031863 ], [ -91.106262701008504, 33.220528904203562 ], [ -91.106748929927974, 33.220275260842719 ], [ -91.107144079576656, 33.220185343388323 ] ] ], [ [ [ -91.098901802250168, 33.204337587172489 ], [ -91.099207397643795, 33.204236603234826 ], [ -91.099508426422133, 33.204346855551762 ], [ -91.09962855115343, 33.20460376038897 ], [ -91.099497403058919, 33.204856826828077 ], [ -91.099191805769706, 33.204957811403617 ], [ -91.098890775373548, 33.20484755826979 ], [ -91.098770652537837, 33.204590652794714 ], [ -91.098901802250168, 33.204337587172489 ] ] ], [ [ [ -91.097331304285717, 33.211434043584099 ], [ -91.09757871483221, 33.211458354759948 ], [ -91.097768361972953, 33.211594112486516 ], [ -91.097833492628823, 33.211830872248825 ], [ -91.097733997428151, 33.212022833837409 ], [ -91.096693215777051, 33.212511991107604 ], [ -91.09644491379288, 33.212528718848496 ], [ -91.096258081203274, 33.212450910598392 ], [ -91.096108578732355, 33.212205137192456 ], [ -91.096209608749362, 33.211942486489036 ], [ -91.097331304285717, 33.211434043584099 ] ] ], [ [ [ -91.098999575750511, 33.213919852050552 ], [ -91.099322769607582, 33.213870929281356 ], [ -91.099567993348415, 33.213999627499234 ], [ -91.099657594550749, 33.214265193484692 ], [ -91.099529260741207, 33.21448294529926 ], [ -91.098085517873869, 33.215133225682216 ], [ -91.097837208580174, 33.21514995594103 ], [ -91.097619689515852, 33.215047907424584 ], [ -91.097499558024651, 33.214791000753792 ], [ -91.097630728043953, 33.214537937540982 ], [ -91.098999575750511, 33.213919852050552 ] ] ], [ [ [ -91.097635356203185, 33.221211701546764 ], [ -91.097872396908585, 33.221276119549678 ], [ -91.09802690969093, 33.221440369609368 ], [ -91.098046814112962, 33.221649089820581 ], [ -91.097925400301307, 33.221831928814119 ], [ -91.096623854936809, 33.222421406422832 ], [ -91.096375524838621, 33.222438132996146 ], [ -91.096157989982487, 33.222336081450003 ], [ -91.096037853950705, 33.222079173447703 ], [ -91.096169040051151, 33.22182611259808 ], [ -91.097635356203185, 33.221211701546764 ] ] ], [ [ [ -91.097613478031263, 33.224493875517368 ], [ -91.098015310653423, 33.224533355630243 ], [ -91.098198200313092, 33.22480072489882 ], [ -91.09809715942194, 33.225063376388064 ], [ -91.097672693513658, 33.225271319356182 ], [ -91.097360188094484, 33.22518639580489 ], [ -91.097210662601327, 33.224940623313493 ], [ -91.097286008643508, 33.224706012703876 ], [ -91.097613478031263, 33.224493875517368 ] ] ], [ [ [ -91.095534733803419, 33.199509567813742 ], [ -91.095763063348286, 33.19959320605728 ], [ -91.095897642416588, 33.199769396117922 ], [ -91.095893109283935, 33.199978751555129 ], [ -91.095750991015777, 33.200150706818185 ], [ -91.095415873149221, 33.2002805247796 ], [ -91.095154771114878, 33.200250494191678 ], [ -91.094861045386921, 33.200494521258662 ], [ -91.09455267544547, 33.200469859550381 ], [ -91.094438907735494, 33.200628959060118 ], [ -91.0942581683003, 33.200716311411014 ], [ -91.094009145204438, 33.200712496732812 ], [ -91.093804611417298, 33.20059301307198 ], [ -91.093715039959534, 33.200327443451286 ], [ -91.093875069268933, 33.200086409698017 ], [ -91.094106871349268, 33.200009817436452 ], [ -91.09433247212317, 33.200047008116606 ], [ -91.094548707116147, 33.199826418399127 ], [ -91.094929094715951, 33.199822614254337 ], [ -91.095108050548049, 33.199622090014316 ], [ -91.095534733803419, 33.199509567813742 ] ] ], [ [ [ -91.094230636697034, 33.202984951503176 ], [ -91.094519041448805, 33.203001294832916 ], [ -91.09474695355209, 33.203200007152113 ], [ -91.0947558762835, 33.203442898796162 ], [ -91.094579482451834, 33.203635415119116 ], [ -91.093463891430545, 33.204066058642859 ], [ -91.093123394212114, 33.204055946800445 ], [ -91.093010030616654, 33.204213762855858 ], [ -91.092761125148982, 33.204346362959498 ], [ -91.092347235625752, 33.20449610146165 ], [ -91.092086315601463, 33.204466144464838 ], [ -91.091906360175471, 33.204669723088308 ], [ -91.091246697309614, 33.20494157508233 ], [ -91.090957769482657, 33.204949067567028 ], [ -91.090728771816444, 33.204800770150143 ], [ -91.090670601508918, 33.204529097270303 ], [ -91.090857979083751, 33.204302416541971 ], [ -91.091557530869309, 33.204019252639327 ], [ -91.091859469068851, 33.204041238435501 ], [ -91.091973449393933, 33.203881508503194 ], [ -91.0922146727371, 33.203752722120271 ], [ -91.092636240749115, 33.203599171739867 ], [ -91.09289582425194, 33.203628571759943 ], [ -91.093111660390434, 33.203409266907556 ], [ -91.094230636697034, 33.202984951503176 ] ] ], [ [ [ -91.094939569888368, 33.205968122195685 ], [ -91.095176567798745, 33.206032543942463 ], [ -91.095344509804832, 33.206230332999752 ], [ -91.09532507071394, 33.206472790310372 ], [ -91.095163575298884, 33.206632205045857 ], [ -91.091400189489207, 33.208139347274134 ], [ -91.091111251129547, 33.208146839734397 ], [ -91.090882245131468, 33.207998542363349 ], [ -91.090824072732005, 33.207726869594183 ], [ -91.091011457160661, 33.207500188975636 ], [ -91.094939569888368, 33.205968122195685 ] ] ], [ [ [ -91.096497220653646, 33.208657759217715 ], [ -91.096692218309784, 33.208719798572133 ], [ -91.096846707918488, 33.208884049542171 ], [ -91.096866608194091, 33.209092770138568 ], [ -91.096745210661382, 33.209275608862164 ], [ -91.095780822259655, 33.209640477595478 ], [ -91.095395942325027, 33.209535863467615 ], [ -91.095275824163934, 33.209278954936231 ], [ -91.095406991435169, 33.209025893791789 ], [ -91.096497220653646, 33.208657759217715 ] ] ], [ [ [ -91.092116177891754, 33.210242900417917 ], [ -91.093619055123909, 33.209701581069659 ], [ -91.093920094577626, 33.209811847242996 ], [ -91.094040209357743, 33.210068756947123 ], [ -91.093909036514134, 33.21032181641263 ], [ -91.093521707832934, 33.210414832091487 ], [ -91.093314903589658, 33.210560047797323 ], [ -91.093087577678162, 33.210579713317721 ], [ -91.092949691516125, 33.210700776506108 ], [ -91.092531012832424, 33.210849521001641 ], [ -91.092322610974364, 33.21085492663466 ], [ -91.092105109185255, 33.210752869015842 ], [ -91.091984999324524, 33.210495957638763 ], [ -91.092116177891754, 33.210242900417917 ] ] ], [ [ [ -91.093445020232608, 33.213129670512352 ], [ -91.093737407001242, 33.213004006059471 ], [ -91.094049865714155, 33.213088937195081 ], [ -91.094199363678882, 33.213334712890685 ], [ -91.094098325922985, 33.213597361632225 ], [ -91.093805937609702, 33.213723026870149 ], [ -91.093493476939699, 33.213638095057291 ], [ -91.093343980519649, 33.213392318576638 ], [ -91.093445020232608, 33.213129670512352 ] ] ], [ [ [ -91.094838875233123, 33.215746767801143 ], [ -91.095182024001474, 33.215855939258553 ], [ -91.095292381992564, 33.216183071786297 ], [ -91.095104988624286, 33.216409758288883 ], [ -91.094632916013737, 33.216514930686991 ], [ -91.09436323019311, 33.216357414790714 ], [ -91.094305042725608, 33.216085743410289 ], [ -91.094458164956507, 33.215879620638248 ], [ -91.094838875233123, 33.215746767801143 ] ] ], [ [ [ -91.093714190995499, 33.216245053103712 ], [ -91.093951215228159, 33.21630947804767 ], [ -91.094105712165771, 33.216473732528577 ], [ -91.094132543316363, 33.216647542989357 ], [ -91.094033034190161, 33.216839500990375 ], [ -91.093240361816441, 33.217199888612804 ], [ -91.0928451058153, 33.21712748131884 ], [ -91.092695605806583, 33.216881704040972 ], [ -91.092796651974467, 33.216619056856501 ], [ -91.093063810402768, 33.216457079489224 ], [ -91.093714190995499, 33.216245053103712 ] ] ], [ [ [ -91.096462825815394, 33.218393643779081 ], [ -91.096805987002242, 33.2185028111533 ], [ -91.096916353939719, 33.218829942443719 ], [ -91.096728958645215, 33.219056631250574 ], [ -91.096262515830645, 33.219167711422948 ], [ -91.095992819005318, 33.219010198728363 ], [ -91.095934625118204, 33.218738527976562 ], [ -91.096087748567058, 33.218532403309425 ], [ -91.096462825815394, 33.218393643779081 ] ] ], [ [ [ -91.092091072503365, 33.197616991138403 ], [ -91.092350065964055, 33.197724878681406 ], [ -91.092463445781064, 33.197911313096455 ], [ -91.092434518874967, 33.19811928586644 ], [ -91.092273034525832, 33.198278697413571 ], [ -91.090350934426382, 33.198962282109406 ], [ -91.090062544155288, 33.198945929607916 ], [ -91.089872935814029, 33.198810161276825 ], [ -91.08981477119427, 33.198538487987136 ], [ -91.090002137353949, 33.198311807961957 ], [ -91.092091072503365, 33.197616991138403 ] ] ], [ [ [ -91.092653797249895, 33.200558990198502 ], [ -91.092890778879564, 33.200623415770501 ], [ -91.093058705867648, 33.200821207521543 ], [ -91.093039262443426, 33.201063664490782 ], [ -91.092877773470505, 33.201223076596897 ], [ -91.091275193898056, 33.201826757613759 ], [ -91.091026168091787, 33.201822936854711 ], [ -91.09082789337144, 33.201709469673617 ], [ -91.090797032431425, 33.201904944688003 ], [ -91.09066980561218, 33.202043792022479 ], [ -91.089660697082508, 33.202424657997163 ], [ -91.089371777592888, 33.202432147092665 ], [ -91.089142789093088, 33.202283847030778 ], [ -91.089084624995451, 33.20201217354149 ], [ -91.089272000842755, 33.201785495070226 ], [ -91.09032774615838, 33.201405908303975 ], [ -91.090535752097097, 33.201417702296261 ], [ -91.090734025777593, 33.201531169910922 ], [ -91.090764886683417, 33.201335694901395 ], [ -91.090926379566085, 33.201176285686856 ], [ -91.092653797249895, 33.200558990198502 ] ] ], [ [ [ -91.091773369757902, 33.217047541853056 ], [ -91.092065772042574, 33.216921881959962 ], [ -91.092378242668573, 33.217006817687981 ], [ -91.0925277419651, 33.217252595318548 ], [ -91.092426694179295, 33.217515242204158 ], [ -91.092134290349549, 33.217640902882344 ], [ -91.091821817766188, 33.217555966476908 ], [ -91.091672320014737, 33.217310188061241 ], [ -91.091773369757902, 33.217047541853056 ] ] ], [ [ [ -91.090159095979544, 33.195257244556451 ], [ -91.090451426301414, 33.195131585519867 ], [ -91.090763818763421, 33.195216522744992 ], [ -91.090913279480588, 33.195462301636027 ], [ -91.090812255300335, 33.19572494880655 ], [ -91.090519923434883, 33.195850608627474 ], [ -91.090207529017761, 33.195765670725343 ], [ -91.090058069844204, 33.195519891049969 ], [ -91.090159095979544, 33.195257244556451 ] ] ], [ [ [ -91.089621697314257, 33.195431315275108 ], [ -91.089816660702667, 33.195493364305996 ], [ -91.089971115039134, 33.195657622850348 ], [ -91.089990997533803, 33.195866344272254 ], [ -91.089869605705275, 33.196049176794162 ], [ -91.089033972450721, 33.1963315057599 ], [ -91.088649159078997, 33.196226872924015 ], [ -91.088529077178336, 33.195969958719559 ], [ -91.08866024170284, 33.195716904163547 ], [ -91.089621697314257, 33.195431315275108 ] ] ] ] } },
{ "type": "Feature", "properties": { "depth_bin": "135-140 ft", "bin_order": -137.5, "survey_id": "LM_10_SSL_20180601_CS_5234_5368", "date": "2018-06-01", "year": 2018, "mile": 525.0 }, "geometry": { "type": "MultiPolygon", "coordinates": [ [ [ [ -91.102104059127242, 33.212700825235039 ], [ -91.102412045790999, 33.212921272994684 ], [ -91.102438892736757, 33.213095082305699 ], [ -91.102339405840524, 33.21328704785099 ], [ -91.101670333137236, 33.213566642389793 ], [ -91.101275085025918, 33.213494262190309 ], [ -91.101125566587513, 33.213248494290106 ], [ -91.101226583170501, 33.212985839058426 ], [ -91.101689470248886, 33.212750910699235 ], [ -91.102104059127242, 33.212700825235039 ] ] ], [ [ [ -91.101693458860154, 33.216056970579878 ], [ -91.101999092835626, 33.215955981303821 ], [ -91.102300164867472, 33.216066228226261 ], [ -91.102420312187448, 33.216323130773041 ], [ -91.10228915278401, 33.216576199367793 ], [ -91.101983516912057, 33.21667718928218 ], [ -91.101682443261225, 33.216566941542631 ], [ -91.101562297837745, 33.216310038357548 ], [ -91.101693458860154, 33.216056970579878 ] ] ], [ [ [ -91.104815268259784, 33.218001431679006 ], [ -91.105101970705647, 33.217970137205533 ], [ -91.105371681764822, 33.218127630634669 ], [ -91.105429904753109, 33.218399298022135 ], [ -91.105242531756446, 33.21862600049284 ], [ -91.104846119394708, 33.218806389989517 ], [ -91.104568713137624, 33.218793584236373 ], [ -91.104306311990683, 33.219053153842403 ], [ -91.103985059108496, 33.219050408869151 ], [ -91.103762739475741, 33.219289882042993 ], [ -91.097968774175655, 33.221840801772792 ], [ -91.097682057316504, 33.221872079236149 ], [ -91.097412349731115, 33.221714569297262 ], [ -91.0973541500518, 33.221442899100253 ], [ -91.097541549183816, 33.221216209557817 ], [ -91.103223655656521, 33.218708660557617 ], [ -91.103491298545549, 33.218613822771346 ], [ -91.10373162596099, 33.21863586246954 ], [ -91.103953943930406, 33.218396389271483 ], [ -91.104309632681449, 33.218383328385237 ], [ -91.104431162545609, 33.218199806845014 ], [ -91.104815268259784, 33.218001431679006 ] ] ], [ [ [ -91.106938560843574, 33.220213911391511 ], [ -91.107244204144521, 33.220112909586398 ], [ -91.107545297384945, 33.220223144480435 ], [ -91.107665465373472, 33.220480042545447 ], [ -91.107534313991167, 33.220733116830708 ], [ -91.107228668793724, 33.220834119274521 ], [ -91.106927573933547, 33.220723883563494 ], [ -91.106807407841544, 33.220466984859797 ], [ -91.106938560843574, 33.220213911391511 ] ] ], [ [ [ -91.104933585584675, 33.221129182241562 ], [ -91.105181911203132, 33.22111243838048 ], [ -91.105368770409598, 33.221190234058497 ], [ -91.10548993440284, 33.221332879561437 ], [ -91.105509856609103, 33.221541599213182 ], [ -91.105186942612789, 33.221853761069887 ], [ -91.104710405365765, 33.221951550154763 ], [ -91.10444068416858, 33.221794055006285 ], [ -91.104382462542929, 33.221522387324747 ], [ -91.104535571876241, 33.221316251805817 ], [ -91.104933585584675, 33.221129182241562 ] ] ], [ [ [ -91.102580413086358, 33.222242567955149 ], [ -91.102865590452566, 33.222282580663169 ], [ -91.10305583534938, 33.222465568751893 ], [ -91.103064780343459, 33.222708459979451 ], [ -91.102888363301446, 33.222900986793718 ], [ -91.102464016491766, 33.223023821188114 ], [ -91.102314769282287, 33.223162429843292 ], [ -91.101272101703231, 33.223644035145611 ], [ -91.100926667561211, 33.223660354996014 ], [ -91.100738279790548, 33.223892041488426 ], [ -91.099804128823195, 33.224321650273808 ], [ -91.099515136889835, 33.224329160364938 ], [ -91.099286075115714, 33.22418087681838 ], [ -91.099227868347839, 33.223909207334685 ], [ -91.099415268371416, 33.223682515068155 ], [ -91.10034941413663, 33.223252908987931 ], [ -91.100656458002007, 33.223251139732703 ], [ -91.100844844521973, 33.223019453300296 ], [ -91.101887506674586, 33.222537851354424 ], [ -91.102132265779318, 33.222500712269806 ], [ -91.102580413086358, 33.222242567955149 ] ] ], [ [ [ -91.099078241368716, 33.20431179523225 ], [ -91.099383836490389, 33.204210810850135 ], [ -91.09968486542499, 33.20432106274518 ], [ -91.099804990649247, 33.204577967430147 ], [ -91.099673843095616, 33.20483103407588 ], [ -91.099368246078356, 33.204932019095871 ], [ -91.099067215525949, 33.204821766383951 ], [ -91.098947092197278, 33.204564861061108 ], [ -91.099078241368716, 33.20431179523225 ] ] ], [ [ [ -91.099763268405425, 33.21037851304348 ], [ -91.100051699032207, 33.210394844429025 ], [ -91.100262334654417, 33.210561282275464 ], [ -91.100299551128217, 33.210802267817506 ], [ -91.100146451689994, 33.211008398749364 ], [ -91.09770457720731, 33.212063724545352 ], [ -91.097456276584495, 33.212080454359274 ], [ -91.097211061362188, 33.211951752241667 ], [ -91.09712146964921, 33.211686184749034 ], [ -91.097281512103805, 33.211445147434851 ], [ -91.099763268405425, 33.21037851304348 ] ] ], [ [ [ -91.100554929715003, 33.213307711108463 ], [ -91.100791951808873, 33.213372122936626 ], [ -91.100946457079431, 33.213536369263636 ], [ -91.100966367621524, 33.21374508944232 ], [ -91.100844971499328, 33.21392793211443 ], [ -91.099501273957856, 33.214516953616048 ], [ -91.099292863225699, 33.214522370632331 ], [ -91.099075343858502, 33.214420324647811 ], [ -91.098955208804512, 33.214163419237273 ], [ -91.099086373680009, 33.213910354281104 ], [ -91.100199714145347, 33.213398955637629 ], [ -91.100554929715003, 33.213307711108463 ] ] ], [ [ [ -91.099233711233822, 33.217143159973787 ], [ -91.09953935157337, 33.21704217699704 ], [ -91.099840423870617, 33.217152429880151 ], [ -91.099960565201798, 33.217409334557367 ], [ -91.099829397063331, 33.217662400204297 ], [ -91.099523754827032, 33.217763383819282 ], [ -91.099222680910884, 33.217653130118919 ], [ -91.099102541476469, 33.217396224803487 ], [ -91.099233711233822, 33.217143159973787 ] ] ], [ [ [ -91.097641568718217, 33.224470866333263 ], [ -91.098268945461442, 33.224295666503849 ], [ -91.098497341089711, 33.224379301811524 ], [ -91.098618497721404, 33.224521953700474 ], [ -91.098638403881765, 33.224730673794433 ], [ -91.098414491244299, 33.224975005529728 ], [ -91.0978163569728, 33.225106172514131 ], [ -91.097546639493416, 33.224948662580012 ], [ -91.097488437759111, 33.224676992487929 ], [ -91.097641568718217, 33.224470866333263 ] ] ], [ [ [ -91.096031477715911, 33.199351505312045 ], [ -91.096339403301343, 33.199571966338048 ], [ -91.09629244207872, 33.199909697662591 ], [ -91.095752563940721, 33.20015872070617 ], [ -91.095390734102267, 33.200107922032686 ], [ -91.095213318836244, 33.19987564926727 ], [ -91.095283227185448, 33.199605938907773 ], [ -91.095619190632505, 33.199407549425864 ], [ -91.096031477715911, 33.199351505312045 ] ] ], [ [ [ -91.094593442148295, 33.199832316360855 ], [ -91.0949466083609, 33.199998040557254 ], [ -91.095013255711251, 33.200164110994059 ], [ -91.094960225721536, 33.200368699738668 ], [ -91.094446855356082, 33.200643652053515 ], [ -91.094080843723901, 33.200622910356451 ], [ -91.093877204739144, 33.200406373749132 ], [ -91.093915336036829, 33.20013220195117 ], [ -91.094094629245163, 33.199986862989306 ], [ -91.094593442148295, 33.199832316360855 ] ] ], [ [ [ -91.094675217512659, 33.202813241402197 ], [ -91.094883600331201, 33.202807831130315 ], [ -91.095101086398998, 33.202909883422755 ], [ -91.095214478307952, 33.203096315632365 ], [ -91.095200458530172, 33.203271186875718 ], [ -91.094987566222386, 33.203481344056073 ], [ -91.094609886377043, 33.203617951793589 ], [ -91.094360855015424, 33.203614137525733 ], [ -91.094110871732326, 33.203435161518776 ], [ -91.094084646582758, 33.203160003885934 ], [ -91.094261040455649, 33.202967488255624 ], [ -91.094675217512659, 33.202813241402197 ] ] ], [ [ [ -91.096950012451885, 33.205122841415246 ], [ -91.097236674528361, 33.205091563612314 ], [ -91.097506332263947, 33.205249072491931 ], [ -91.097564524228417, 33.205520742919383 ], [ -91.097377160681987, 33.205747434238326 ], [ -91.097073199617185, 33.205799048729446 ], [ -91.096756019741946, 33.206004794150779 ], [ -91.096122675647493, 33.20625667547926 ], [ -91.095899723142423, 33.206276958901157 ], [ -91.09575660528381, 33.206405194182778 ], [ -91.095236200129634, 33.20660407219804 ], [ -91.094909151677314, 33.2065994464676 ], [ -91.09464909720991, 33.206851464212072 ], [ -91.094360162983918, 33.206858964384821 ], [ -91.094131154444895, 33.206710672891639 ], [ -91.094072972574395, 33.206439001259135 ], [ -91.094260345956314, 33.20621231530103 ], [ -91.094662275875663, 33.20618475522712 ], [ -91.094883946380435, 33.20594728489575 ], [ -91.095590798886363, 33.205745765960586 ], [ -91.095770416406438, 33.205599890465734 ], [ -91.096545591133477, 33.20528228186091 ], [ -91.09677466917752, 33.205262857440133 ], [ -91.096950012451885, 33.205122841415246 ] ] ], [ [ [ -91.098099918997022, 33.208033244245144 ], [ -91.098405528278874, 33.207932262827939 ], [ -91.098706568377423, 33.208042517441228 ], [ -91.098826695229903, 33.208299423005577 ], [ -91.098695538814681, 33.208552488176714 ], [ -91.098389927636816, 33.208653470231852 ], [ -91.098088885920205, 33.20854321480153 ], [ -91.097968760963724, 33.208286308599263 ], [ -91.098099918997022, 33.208033244245144 ] ] ], [ [ [ -91.096716426901466, 33.208540504428633 ], [ -91.097059550575821, 33.208649669899316 ], [ -91.097169907951297, 33.208976801045267 ], [ -91.096982535596155, 33.209203491350024 ], [ -91.09651301788432, 33.209304451030235 ], [ -91.096243349962506, 33.20914693971153 ], [ -91.096185160280996, 33.208875268875921 ], [ -91.096338264794497, 33.20866914295415 ], [ -91.096716426901466, 33.208540504428633 ] ] ], [ [ [ -91.094544439171386, 33.215873698097084 ], [ -91.094787834120652, 33.215918283022745 ], [ -91.094960741618777, 33.216069016629227 ], [ -91.09500488126092, 33.216275092893113 ], [ -91.094905374468723, 33.216467051686649 ], [ -91.09394562838915, 33.216864771632892 ], [ -91.093550373186673, 33.216792366610534 ], [ -91.093400871684352, 33.216546590117822 ], [ -91.093501915336333, 33.21628394225732 ], [ -91.094544439171386, 33.215873698097084 ] ] ], [ [ [ -91.096215159527731, 33.218520940583716 ], [ -91.096568402365435, 33.218686662505789 ], [ -91.096635065209725, 33.218852732219524 ], [ -91.096582025473722, 33.219057320805568 ], [ -91.09607649364807, 33.219347152981548 ], [ -91.095710403694369, 33.219326413332638 ], [ -91.095506719546776, 33.219109878311009 ], [ -91.095544856864805, 33.218835706901643 ], [ -91.095724187234765, 33.218690367275464 ], [ -91.096215159527731, 33.218520940583716 ] ] ], [ [ [ -91.096031832334319, 33.221900607523168 ], [ -91.09633749278801, 33.221799633215177 ], [ -91.096638576678146, 33.221909894211919 ], [ -91.096758714290132, 33.222166801694982 ], [ -91.096627529298544, 33.222419863196322 ], [ -91.096321866947449, 33.222520838142508 ], [ -91.09602078143827, 33.222410576328251 ], [ -91.095900645723702, 33.222153668207007 ], [ -91.096031832334319, 33.221900607523168 ] ] ], [ [ [ -91.090993855393691, 33.194992398165553 ], [ -91.091252839823525, 33.195100287709991 ], [ -91.091366214161056, 33.195286722994275 ], [ -91.091337285851637, 33.195494695529746 ], [ -91.091175804648472, 33.19565410581761 ], [ -91.089797834595132, 33.196084275273051 ], [ -91.089550470046547, 33.196059950192826 ], [ -91.089360868533475, 33.19592418127403 ], [ -91.08930270696365, 33.195652507751419 ], [ -91.08949006787465, 33.195425828224408 ], [ -91.090993855393691, 33.194992398165553 ] ] ], [ [ [ -91.092570015073747, 33.197407671824998 ], [ -91.092817384536531, 33.197431991060959 ], [ -91.09298253721154, 33.197538946836431 ], [ -91.09307363681323, 33.197733826327855 ], [ -91.093020604104765, 33.197938414211521 ], [ -91.092515179762913, 33.198227931561668 ], [ -91.092232362335679, 33.198291389853466 ], [ -91.091989017299113, 33.198246801606103 ], [ -91.091785388848265, 33.19803026187838 ], [ -91.091823525230168, 33.197756090820185 ], [ -91.0920028166977, 33.197610754771596 ], [ -91.092570015073747, 33.197407671824998 ] ] ], [ [ [ -91.09013959812566, 33.198314429104748 ], [ -91.09039859099579, 33.198422320687946 ], [ -91.090511967407849, 33.198608756745784 ], [ -91.090483035594502, 33.198816728865545 ], [ -91.090285047743862, 33.198993776527942 ], [ -91.087330927290537, 33.200011106221055 ], [ -91.087042534507077, 33.199994746615417 ], [ -91.086831949365703, 33.199828287920418 ], [ -91.08680574758192, 33.199553129460739 ], [ -91.087018648746479, 33.199342986522709 ], [ -91.09013959812566, 33.198314429104748 ] ] ], [ [ [ -91.089200406965446, 33.201807846591755 ], [ -91.089489324394535, 33.201800357820339 ], [ -91.089718312293442, 33.201948657230766 ], [ -91.089783415219358, 33.2021854205206 ], [ -91.089655076620943, 33.202403162299447 ], [ -91.088283567796836, 33.202924350062332 ], [ -91.088075184858297, 33.202929749250266 ], [ -91.087857707525814, 33.202827684962649 ], [ -91.087737619942857, 33.20257077001019 ], [ -91.087868797521281, 33.202317716979508 ], [ -91.089200406965446, 33.201807846591755 ] ] ], [ [ [ -91.090986851355737, 33.204304951931903 ], [ -91.091245862633627, 33.204412842324572 ], [ -91.091359247963098, 33.204599277782727 ], [ -91.091330315451486, 33.204807249911454 ], [ -91.091168816267981, 33.204966659349076 ], [ -91.08928207916027, 33.205716520560586 ], [ -91.08899366711573, 33.205700164806849 ], [ -91.088804046468681, 33.205564394520444 ], [ -91.088745881771572, 33.205292720967691 ], [ -91.088933265891541, 33.205066043402987 ], [ -91.090780098519218, 33.204327500584078 ], [ -91.090986851355737, 33.204304951931903 ] ] ], [ [ [ -91.091307866961884, 33.207384019739088 ], [ -91.091555263886804, 33.207408342445348 ], [ -91.091744892831713, 33.207544108794309 ], [ -91.091810004649659, 33.207780871167117 ], [ -91.091710501569736, 33.207972827746545 ], [ -91.090779089162154, 33.208390578234855 ], [ -91.090383874847319, 33.208318164516719 ], [ -91.090234395610139, 33.208072384736532 ], [ -91.090335437563766, 33.20780973910081 ], [ -91.091307866961884, 33.207384019739088 ] ] ], [ [ [ -91.091964259442733, 33.210300716019788 ], [ -91.092269883028465, 33.210199750252912 ], [ -91.092570922298108, 33.210310019684691 ], [ -91.092691033674257, 33.210566930555466 ], [ -91.092559856200637, 33.210819988412368 ], [ -91.092254230718282, 33.210920954816913 ], [ -91.091953189830861, 33.210810684567768 ], [ -91.091833080351336, 33.210553773059317 ], [ -91.091964259442733, 33.210300716019788 ] ] ], [ [ [ -91.093329778809277, 33.213168550268456 ], [ -91.093635411139545, 33.213067581491025 ], [ -91.093936461934234, 33.213177847982884 ], [ -91.094056580864958, 33.213434757706565 ], [ -91.093925402549971, 33.21368781688124 ], [ -91.093619768322924, 33.213788786296504 ], [ -91.093318715910115, 33.213678518987251 ], [ -91.093198598876185, 33.213421608625737 ], [ -91.093329778809277, 33.213168550268456 ] ] ], [ [ [ -91.091653521886997, 33.217079852616088 ], [ -91.091959169770604, 33.216978888576797 ], [ -91.092260231409469, 33.217089159467314 ], [ -91.092380350122994, 33.217346070673614 ], [ -91.092249160656309, 33.217599127546414 ], [ -91.091943510875439, 33.217700092223545 ], [ -91.091642447618256, 33.217589820515457 ], [ -91.091522330802007, 33.217332908671303 ], [ -91.091653521886997, 33.217079852616088 ] ] ], [ [ [ -91.088854055170899, 33.195664111568419 ], [ -91.089113038684673, 33.195772005534273 ], [ -91.089226409178906, 33.195958442617957 ], [ -91.08919747553098, 33.196166414444328 ], [ -91.088999491436184, 33.196343460253168 ], [ -91.08688818186161, 33.196996240446992 ], [ -91.086640815859951, 33.196971909519633 ], [ -91.086430238463336, 33.196805450356408 ], [ -91.086404038359717, 33.196530291763558 ], [ -91.08661693276018, 33.196320149187429 ], [ -91.088854055170899, 33.195664111568419 ] ] ], [ [ [ -91.088843824234544, 33.208382349530822 ], [ -91.089214636907002, 33.20851819120395 ], [ -91.089305738155559, 33.208713073239217 ], [ -91.089271382910539, 33.208885944903038 ], [ -91.088789214397281, 33.209209246445802 ], [ -91.088422511345016, 33.209218747322147 ], [ -91.088194599215129, 33.209020023546444 ], [ -91.088200601468586, 33.208744031088905 ], [ -91.088362113131026, 33.208584626041194 ], [ -91.088843824234544, 33.208382349530822 ] ] ] ] } },
{ "type": "Feature", "properties": { "depth_bin": "140-145 ft", "bin_order": -142.5, "survey_id": "LM_10_SSL_20180601_CS_5234_5368", "date": "2018-06-01", "year": 2018, "mile": 525.0 }, "geometry": { "type": "MultiPolygon", "coordinates": [ [ [ [ -91.099787593469529, 33.20740427539095 ], [ -91.100076014369208, 33.207420606378413 ], [ -91.100303950508135, 33.207619309239824 ], [ -91.100312888448187, 33.207862200887938 ], [ -91.100136497029496, 33.208054725082292 ], [ -91.097028676873791, 33.209202338056983 ], [ -91.096740251067388, 33.209185999816725 ], [ -91.096550610603444, 33.209050240715548 ], [ -91.096492420013547, 33.208778569987977 ], [ -91.096679792633978, 33.20855188041994 ], [ -91.099787593469529, 33.20740427539095 ] ] ], [ [ [ -91.099695832843622, 33.210424799789557 ], [ -91.099988202219578, 33.210299119944217 ], [ -91.100300658283828, 33.210384035279269 ], [ -91.10045016989551, 33.2106298040217 ], [ -91.100349154088519, 33.210892458730591 ], [ -91.10005678316864, 33.21101813936113 ], [ -91.099744325147199, 33.210933223349222 ], [ -91.099594815079456, 33.210687453821606 ], [ -91.099695832843622, 33.210424799789557 ] ] ], [ [ [ -91.104589361159384, 33.218164501969831 ], [ -91.104826399524285, 33.218228906632852 ], [ -91.104980920674691, 33.218393148399159 ], [ -91.105000841353018, 33.218601868158935 ], [ -91.104879446206766, 33.218784714695239 ], [ -91.103829470182788, 33.219256588386806 ], [ -91.103621048091057, 33.219262012262163 ], [ -91.103403511855049, 33.219159973324537 ], [ -91.103283358150648, 33.21890307159758 ], [ -91.103414518555851, 33.218650002065367 ], [ -91.104589361159384, 33.218164501969831 ] ] ], [ [ [ -91.104675583304996, 33.221313085049033 ], [ -91.104912630121973, 33.221377489822046 ], [ -91.105080622301045, 33.22157526709843 ], [ -91.105061204466111, 33.221817726203959 ], [ -91.104899696460606, 33.221977152836523 ], [ -91.102998706257921, 33.222851569658282 ], [ -91.102755474711643, 33.222888796917687 ], [ -91.102383122165293, 33.223126952995955 ], [ -91.102134790580351, 33.223143691039319 ], [ -91.101930010988212, 33.223051733458533 ], [ -91.101918851687174, 33.223236971018046 ], [ -91.101776704933712, 33.223408931636307 ], [ -91.101586606715941, 33.223480979187769 ], [ -91.101360052976361, 33.223463319765145 ], [ -91.101205732236934, 33.223675492873021 ], [ -91.100557746247745, 33.223978481385153 ], [ -91.100271022991052, 33.224009764592601 ], [ -91.100001304107394, 33.223852259920712 ], [ -91.099943095276458, 33.223580590687 ], [ -91.100130492764237, 33.223353897239974 ], [ -91.100782590086141, 33.223056925886901 ], [ -91.10109007105045, 33.223055294767313 ], [ -91.101353559852555, 33.222790366470704 ], [ -91.101601890505066, 33.222773629956578 ], [ -91.101806669092596, 33.222865588046282 ], [ -91.101832732722158, 33.222647247648894 ], [ -91.10199424738731, 33.222487825259485 ], [ -91.102416984298614, 33.222374442289734 ], [ -91.103025451315801, 33.22199100332589 ], [ -91.104675583304996, 33.221313085049033 ] ] ], [ [ [ -91.099270382029587, 33.223742659567471 ], [ -91.099552075982487, 33.223687908575293 ], [ -91.099811154628227, 33.223795783231139 ], [ -91.09993000241731, 33.224017311150781 ], [ -91.099828967654375, 33.224279964296215 ], [ -91.098507184401285, 33.224909790477319 ], [ -91.098258847410861, 33.224926520567323 ], [ -91.098071987260838, 33.224848714188205 ], [ -91.097922460259355, 33.224602942489618 ], [ -91.098023501066322, 33.224340291123717 ], [ -91.099270382029587, 33.223742659567471 ] ] ], [ [ [ -91.09690807523971, 33.198959967108102 ], [ -91.097231214550675, 33.198911047734597 ], [ -91.097476394388536, 33.199039748765124 ], [ -91.097565976232829, 33.199305316089202 ], [ -91.097437661073073, 33.199523066837216 ], [ -91.096203884981392, 33.199993505622011 ], [ -91.095995508812663, 33.199998918350722 ], [ -91.095778028658088, 33.199896867798408 ], [ -91.095657921104959, 33.199639959692043 ], [ -91.095789071503091, 33.199386897218439 ], [ -91.09690807523971, 33.198959967108102 ] ] ], [ [ [ -91.098035091301554, 33.204725748053988 ], [ -91.098272088476008, 33.204790163874712 ], [ -91.098426574601191, 33.204954412838468 ], [ -91.098446478225114, 33.205163133409243 ], [ -91.098293385050098, 33.205369262432441 ], [ -91.09696409808582, 33.205903003067725 ], [ -91.096715059912867, 33.205899193279826 ], [ -91.096510510508551, 33.205779713598801 ], [ -91.096420926285106, 33.205514145653581 ], [ -91.096580958516427, 33.205273108680913 ], [ -91.098035091301554, 33.204725748053988 ] ] ], [ [ [ -91.091266251773291, 33.194907358731001 ], [ -91.091594935463732, 33.195044283168905 ], [ -91.091666588452782, 33.195378934788565 ], [ -91.091453708076344, 33.195589086554897 ], [ -91.09097620723594, 33.195657663086678 ], [ -91.090726252992425, 33.19547868112101 ], [ -91.090700039580739, 33.195203522907903 ], [ -91.090876423770609, 33.195011011537851 ], [ -91.091266251773291, 33.194907358731001 ] ] ], [ [ [ -91.092472322741742, 33.197488191269365 ], [ -91.092764657614353, 33.197362526986055 ], [ -91.093077060424704, 33.197447458737393 ], [ -91.093226531226108, 33.197693235133954 ], [ -91.093125510958842, 33.197955884250696 ], [ -91.092833174542648, 33.198081549318516 ], [ -91.092520769776826, 33.197996616890229 ], [ -91.092371300519005, 33.197750839709165 ], [ -91.092472322741742, 33.197488191269365 ] ] ], [ [ [ -91.095579024784513, 33.202508096844547 ], [ -91.095774008294995, 33.202570137184289 ], [ -91.095928485902547, 33.202734388999524 ], [ -91.095955317862533, 33.20290819940886 ], [ -91.095855829725693, 33.203100159970106 ], [ -91.095058532232656, 33.203443605299761 ], [ -91.094663335740293, 33.203371205799904 ], [ -91.09451385198463, 33.203125430851429 ], [ -91.094614874886702, 33.202862780877673 ], [ -91.095218483276469, 33.202581558690333 ], [ -91.095579024784513, 33.202508096844547 ] ] ], [ [ [ -91.095827048393829, 33.205616296684568 ], [ -91.096155779000114, 33.205753210538056 ], [ -91.09622745614675, 33.206087859921773 ], [ -91.096014559040626, 33.206298018613687 ], [ -91.095535575612132, 33.206375414007816 ], [ -91.095285582247897, 33.206196440069839 ], [ -91.095259353022797, 33.205921282638705 ], [ -91.095435750256271, 33.205728765529443 ], [ -91.095827048393829, 33.205616296684568 ] ] ], [ [ [ -91.090562666849536, 33.207758367074639 ], [ -91.090791012230369, 33.207842014942329 ], [ -91.090925592848521, 33.208018210258437 ], [ -91.090921046456927, 33.208227564811096 ], [ -91.090778904589712, 33.208399513347594 ], [ -91.089149098059181, 33.209038471078273 ], [ -91.088900052142009, 33.209034645333958 ], [ -91.088695506935437, 33.208915152974363 ], [ -91.088605943901143, 33.208649580259809 ], [ -91.088766003203631, 33.208408554435074 ], [ -91.0902007073325, 33.207825666838794 ], [ -91.090562666849536, 33.207758367074639 ] ] ], [ [ [ -91.091783319884115, 33.210370962334061 ], [ -91.092075699450064, 33.210245301491575 ], [ -91.092388146669592, 33.210330236428582 ], [ -91.092537635582573, 33.210576013889799 ], [ -91.092436596519065, 33.210838661326747 ], [ -91.092144215408538, 33.210964322954119 ], [ -91.091831766232318, 33.210879387339851 ], [ -91.091682278863914, 33.210633609093748 ], [ -91.091783319884115, 33.210370962334061 ] ] ], [ [ [ -91.09316305298384, 33.213268640522365 ], [ -91.093455440594695, 33.21314297676625 ], [ -91.09376789948648, 33.213227908616574 ], [ -91.093917396861926, 33.213473684626187 ], [ -91.09381635809379, 33.213736333097074 ], [ -91.093523968938257, 33.213861997638226 ], [ -91.093211508089411, 33.213777065110641 ], [ -91.093062012258656, 33.213531288315991 ], [ -91.09316305298384, 33.213268640522365 ] ] ], [ [ [ -91.091769163496437, 33.217047966909476 ], [ -91.092112313020237, 33.217157146862853 ], [ -91.092222660830004, 33.217484281698994 ], [ -91.092035256828794, 33.217710963146217 ], [ -91.091567284336065, 33.21781510952848 ], [ -91.091297600477191, 33.217657587067855 ], [ -91.09123942190655, 33.217385914615903 ], [ -91.091392553560198, 33.217179795999641 ], [ -91.091769163496437, 33.217047966909476 ] ] ], [ [ [ -91.095620386402075, 33.218737317546875 ], [ -91.095868706068686, 33.218720592102798 ], [ -91.096086231821701, 33.218822643878447 ], [ -91.096205063941497, 33.219044174949254 ], [ -91.096152023075035, 33.219248763305892 ], [ -91.09587187701986, 33.219452387882122 ], [ -91.095350719050202, 33.219663856905413 ], [ -91.094984628060089, 33.219643115079279 ], [ -91.094780945067214, 33.219426578916881 ], [ -91.094819084827009, 33.219152407829441 ], [ -91.094961910615595, 33.219024709216825 ], [ -91.095620386402075, 33.218737317546875 ] ] ], [ [ [ -91.095859176722712, 33.22199339992239 ], [ -91.096151590473752, 33.221867730895234 ], [ -91.096464082924044, 33.221952657062822 ], [ -91.096613601618927, 33.222198430306911 ], [ -91.096512559442218, 33.222461080549763 ], [ -91.096220144146088, 33.222586750362332 ], [ -91.095907649737697, 33.222501823517426 ], [ -91.095758132587918, 33.222256049487925 ], [ -91.095859176722712, 33.22199339992239 ] ] ], [ [ [ -91.086712819768451, 33.196351297535067 ], [ -91.086971802408442, 33.196459195926664 ], [ -91.087085169074172, 33.19664563481102 ], [ -91.087056230077152, 33.196853605926897 ], [ -91.086858240225737, 33.197030648097495 ], [ -91.086015656804634, 33.197290995305231 ], [ -91.085790402929945, 33.197292558093082 ], [ -91.085594715062328, 33.197422823806889 ], [ -91.084941886104517, 33.197626589942004 ], [ -91.084721208092404, 33.197629189780095 ], [ -91.084484311146156, 33.197772537142612 ], [ -91.084195926552198, 33.197756171214451 ], [ -91.083985352193551, 33.19758970803074 ], [ -91.083959159660253, 33.197314549223329 ], [ -91.084172061686218, 33.197104411136728 ], [ -91.084471008157067, 33.197075956194794 ], [ -91.084968028624573, 33.196836657779286 ], [ -91.085546089754104, 33.196738593622712 ], [ -91.085886203943758, 33.196544547538366 ], [ -91.086712819768451, 33.196351297535067 ] ] ], [ [ [ -91.087296581891621, 33.199267440210903 ], [ -91.087543954568488, 33.199291770064775 ], [ -91.087733560132634, 33.199427541844535 ], [ -91.087798656138176, 33.19966430600433 ], [ -91.087699154552041, 33.199856259626308 ], [ -91.086733167306932, 33.200240688844296 ], [ -91.086337993285994, 33.200168263618153 ], [ -91.086188538310367, 33.199922479577147 ], [ -91.086289581576693, 33.199659837001469 ], [ -91.087296581891621, 33.199267440210903 ] ] ], [ [ [ -91.088017935959925, 33.202273472488287 ], [ -91.088254918300422, 33.202337906921521 ], [ -91.088392079045505, 33.20246990084091 ], [ -91.088436197955701, 33.202675979063052 ], [ -91.088362387316536, 33.202839894590063 ], [ -91.0876750725824, 33.203154525329936 ], [ -91.087313236364196, 33.203103702902531 ], [ -91.08713583738637, 33.202871419270075 ], [ -91.087205773140653, 33.202601714551676 ], [ -91.087513954617066, 33.202415299551397 ], [ -91.088017935959925, 33.202273472488287 ] ] ], [ [ [ -91.089021725121526, 33.205065199941252 ], [ -91.08925871571887, 33.205129632731705 ], [ -91.089413184993973, 33.205293892300354 ], [ -91.089440004521464, 33.205467703612747 ], [ -91.089340499237395, 33.20565965827128 ], [ -91.088538394204903, 33.206000837305801 ], [ -91.088143192746202, 33.205928416893151 ], [ -91.087993723637553, 33.205682634702065 ], [ -91.088094769083824, 33.20541999093372 ], [ -91.089021725121526, 33.205065199941252 ] ] ] ] } },
{ "type": "Feature", "properties": { "depth_bin": "145-150 ft", "bin_order": -147.5, "survey_id": "LM_10_SSL_20180601_CS_5234_5368", "date": "2018-06-01", "year": 2018, "mile": 525.0 }, "geometry": { "type": "MultiPolygon", "coordinates": [ [ [ [ -91.096933431961702, 33.199003628521233 ], [ -91.097209706434995, 33.198854469029364 ], [ -91.097530515582349, 33.198913236525968 ], [ -91.097707935325516, 33.199145506169629 ], [ -91.097638034784694, 33.199415218190779 ], [ -91.097361759179307, 33.19956437858432 ], [ -91.097040947812559, 33.199505610577077 ], [ -91.096863529201485, 33.199273340031752 ], [ -91.096933431961702, 33.199003628521233 ] ] ], [ [ [ -91.097629830076755, 33.201638082956379 ], [ -91.097918231453633, 33.201654418270657 ], [ -91.098128842742568, 33.201820859057385 ], [ -91.098166050846373, 33.202061845216257 ], [ -91.098012962801789, 33.202267974161373 ], [ -91.095842434973022, 33.203152797055338 ], [ -91.095594159447614, 33.203169524063448 ], [ -91.095348971341153, 33.203040819088642 ], [ -91.095259393041758, 33.202775250422114 ], [ -91.095419423014533, 33.202534214779213 ], [ -91.097629830076755, 33.201638082956379 ] ] ], [ [ [ -91.09903529080313, 33.204311464208274 ], [ -91.099314369523555, 33.204374784054764 ], [ -91.099468856971399, 33.204539031777692 ], [ -91.099488763035026, 33.204747752280056 ], [ -91.099367377288459, 33.204930594094478 ], [ -91.098309367439171, 33.205384030956026 ], [ -91.0981009784241, 33.205389446754921 ], [ -91.097883482616879, 33.20528739940265 ], [ -91.097763362238979, 33.205030493055695 ], [ -91.097894515518476, 33.204777428640092 ], [ -91.098269241939619, 33.204573166218658 ], [ -91.09903529080313, 33.204311464208274 ] ] ], [ [ [ -91.100226889840883, 33.207221474992309 ], [ -91.100475932266534, 33.207225277885968 ], [ -91.100680490657737, 33.207344751331327 ], [ -91.100771616675857, 33.207539625868499 ], [ -91.10069629687807, 33.207774240062129 ], [ -91.099871243253219, 33.20815165124413 ], [ -91.099509377752881, 33.208100863352286 ], [ -91.099331936239039, 33.207868595777185 ], [ -91.099401839667678, 33.207598883205144 ], [ -91.100226889840883, 33.207221474992309 ] ] ], [ [ [ -91.100860225950413, 33.209923251557903 ], [ -91.101103608399455, 33.209967823685787 ], [ -91.101276515984409, 33.210118548614666 ], [ -91.101320668271413, 33.210324623245931 ], [ -91.101221182420346, 33.210516588002214 ], [ -91.100292833169107, 33.210942333522425 ], [ -91.099897598110218, 33.210869949378115 ], [ -91.099748087703134, 33.210624180020936 ], [ -91.099849104933128, 33.210361525842849 ], [ -91.100860225950413, 33.209923251557903 ] ] ], [ [ [ -91.097143261298726, 33.224767982778125 ], [ -91.09741961868265, 33.224618826293614 ], [ -91.097740521211193, 33.224677596392731 ], [ -91.097917990106723, 33.224909866709815 ], [ -91.0978480656957, 33.225179577081512 ], [ -91.097571707178346, 33.225328734468626 ], [ -91.097250802427538, 33.225269963858452 ], [ -91.097073334665438, 33.225037692638779 ], [ -91.097143261298726, 33.224767982778125 ] ] ], [ [ [ -91.091723297661872, 33.194759960654075 ], [ -91.092076438158699, 33.194925692201792 ], [ -91.09214307665043, 33.195091763971732 ], [ -91.092090043702981, 33.195296351520192 ], [ -91.091910757287863, 33.1954416879205 ], [ -91.091529671530424, 33.19556640717429 ], [ -91.091203570955017, 33.195534343807772 ], [ -91.09099995044707, 33.195317803000322 ], [ -91.091038087659243, 33.195043632115741 ], [ -91.091217374607766, 33.194898296987283 ], [ -91.091723297661872, 33.194759960654075 ] ] ], [ [ [ -91.093030817224758, 33.197273877327483 ], [ -91.093415641020698, 33.197378496941752 ], [ -91.093532907608562, 33.19767072061321 ], [ -91.093338616676462, 33.197932316615123 ], [ -91.092909425324066, 33.198037838100944 ], [ -91.092622731817315, 33.197903297624777 ], [ -91.092533166301081, 33.197637727271037 ], [ -91.092693193502512, 33.197396694880531 ], [ -91.093030817224758, 33.197273877327483 ] ] ], [ [ [ -91.096068990172895, 33.19930355624814 ], [ -91.096361326502063, 33.199177883577462 ], [ -91.096673739608391, 33.199262806626976 ], [ -91.096823223514278, 33.199508579104595 ], [ -91.096722211483666, 33.199771231381035 ], [ -91.0964298736111, 33.199896904836407 ], [ -91.096117458548889, 33.199811981110102 ], [ -91.095967976186415, 33.199566207847795 ], [ -91.096068990172895, 33.19930355624814 ] ] ], [ [ [ -91.088189304723002, 33.205347327334323 ], [ -91.088574156852744, 33.205451962866078 ], [ -91.088691416517378, 33.205744190552672 ], [ -91.088531362240161, 33.205985216546289 ], [ -91.088067076102021, 33.206119366764824 ], [ -91.087780364844377, 33.205984814608762 ], [ -91.087690807144725, 33.205719241323933 ], [ -91.087819155767292, 33.205501502031495 ], [ -91.088189304723002, 33.205347327334323 ] ] ], [ [ [ -91.089130471655551, 33.208322979125057 ], [ -91.089406788590466, 33.208173838708404 ], [ -91.089727625198691, 33.208232627285945 ], [ -91.089905041316257, 33.208464907667768 ], [ -91.089835108186321, 33.208734613794135 ], [ -91.08955879011809, 33.208883755112581 ], [ -91.089237951289775, 33.208824966023784 ], [ -91.089060536305524, 33.208592684740182 ], [ -91.089130471655551, 33.208322979125057 ] ] ], [ [ [ -91.088101188087393, 33.208751662317489 ], [ -91.088377508037837, 33.208602524309107 ], [ -91.088662633321306, 33.208642567854227 ], [ -91.088852819436966, 33.208825575932302 ], [ -91.088846819211838, 33.209101568491398 ], [ -91.088610419686333, 33.209293157824376 ], [ -91.088278233775384, 33.209286502013342 ], [ -91.088022748114753, 33.209524197656435 ], [ -91.087694428314634, 33.20951915102161 ], [ -91.08746651715478, 33.209320425951709 ], [ -91.087472521761867, 33.209044433625003 ], [ -91.087670538724311, 33.208867391729889 ], [ -91.08804110711408, 33.208859503785071 ], [ -91.088101188087393, 33.208751662317489 ] ] ], [ [ [ -91.091609979190707, 33.210459373793576 ], [ -91.091886299100054, 33.210310228005724 ], [ -91.092207145420446, 33.210369010506525 ], [ -91.092384572298911, 33.210601287665675 ], [ -91.092314644675099, 33.210870995311332 ], [ -91.092038323632565, 33.211020142001104 ], [ -91.091717475091727, 33.210961358989152 ], [ -91.091540049346463, 33.210729080928076 ], [ -91.091609979190707, 33.210459373793576 ] ] ], [ [ [ -91.088610561144833, 33.211547267145079 ], [ -91.0888868893216, 33.211398128353352 ], [ -91.089207737177105, 33.211456918654498 ], [ -91.089385157959128, 33.211689199849012 ], [ -91.089315220178278, 33.21195890540114 ], [ -91.089038890867982, 33.212108045094752 ], [ -91.08871804079206, 33.212049254282263 ], [ -91.088540621143579, 33.211816972185872 ], [ -91.088610561144833, 33.211547267145079 ] ] ], [ [ [ -91.091182129883236, 33.217286835374829 ], [ -91.091474533756909, 33.217161176935754 ], [ -91.091787004575195, 33.217246114156595 ], [ -91.091936502554589, 33.217491892444357 ], [ -91.091835452713767, 33.217754538766563 ], [ -91.091543047294934, 33.217880197990716 ], [ -91.091230574519329, 33.217795260092416 ], [ -91.091081078085082, 33.21754948101956 ], [ -91.091182129883236, 33.217286835374829 ] ] ], [ [ [ -91.094895304815736, 33.219061902496627 ], [ -91.095143625467699, 33.219045178539382 ], [ -91.095361151098643, 33.219147231577203 ], [ -91.095479981752206, 33.219368763280315 ], [ -91.095426938978221, 33.219573351249977 ], [ -91.094637613852896, 33.219990620953773 ], [ -91.094271521779731, 33.219969876986113 ], [ -91.094067839887245, 33.219753339702066 ], [ -91.094105982055481, 33.219479168931912 ], [ -91.094895304815736, 33.219061902496627 ] ] ], [ [ [ -91.095709522319424, 33.222046505916254 ], [ -91.096001936447408, 33.221920837256093 ], [ -91.09631442892028, 33.222005763800745 ], [ -91.096463947270124, 33.222251537211079 ], [ -91.09636290458289, 33.222514187311951 ], [ -91.096070488909788, 33.222639856757517 ], [ -91.095757994478831, 33.222554929535548 ], [ -91.095608477674105, 33.222309155339815 ], [ -91.095709522319424, 33.222046505916254 ] ] ], [ [ [ -91.085704936016555, 33.196618024949913 ], [ -91.086047998680328, 33.196727218833061 ], [ -91.086158301863961, 33.197054358330014 ], [ -91.085970928933207, 33.197281032347028 ], [ -91.085497177526605, 33.197381511559257 ], [ -91.085227566054741, 33.197223978095309 ], [ -91.085169416701433, 33.196952303122977 ], [ -91.085322524166244, 33.196746190571922 ], [ -91.085704936016555, 33.196618024949913 ] ] ], [ [ [ -91.084675674336353, 33.196964440574604 ], [ -91.084912639787873, 33.19702888082417 ], [ -91.085080541821114, 33.197226682561499 ], [ -91.085061077755498, 33.197469137651673 ], [ -91.084899581778004, 33.197628539201844 ], [ -91.083210104064065, 33.1981526112259 ], [ -91.082962736216388, 33.198128272906544 ], [ -91.082773141092247, 33.197992494193635 ], [ -91.082714998995684, 33.197720818360963 ], [ -91.082902381066589, 33.19749414960134 ], [ -91.084675674336353, 33.196964440574604 ] ] ], [ [ [ -91.086474185645343, 33.199585479776303 ], [ -91.086711159557638, 33.199649916875671 ], [ -91.086865614802136, 33.199814179227069 ], [ -91.086885490335192, 33.200022900781867 ], [ -91.086732380337821, 33.200229015080858 ], [ -91.085327125930945, 33.20070845500058 ], [ -91.085079750125715, 33.200684120620835 ], [ -91.084914601887192, 33.200577154535573 ], [ -91.084825057628692, 33.200311579479596 ], [ -91.084985110701297, 33.200070558042299 ], [ -91.085689739562554, 33.199785039666203 ], [ -91.086474185645343, 33.199585479776303 ] ] ], [ [ [ -91.087382150771802, 33.202505992396162 ], [ -91.08772523836231, 33.202615182458146 ], [ -91.087835554135651, 33.202942320666025 ], [ -91.087648172075745, 33.2031689967109 ], [ -91.087174107277818, 33.203274594834504 ], [ -91.08690447507756, 33.203117064387179 ], [ -91.086846317531737, 33.202845390114753 ], [ -91.08699943213955, 33.20263927591202 ], [ -91.087382150771802, 33.202505992396162 ] ] ] ] } },
{ "type": "Feature", "properties": { "depth_bin": "150-155 ft", "bin_order": -152.5, "survey_id": "LM_10_SSL_20180601_CS_5234_5368", "date": "2018-06-01", "year": 2018, "mile": 525.0 }, "geometry": { "type": "MultiPolygon", "coordinates": [ [ [ [ -91.091827967169607, 33.194695438171593 ], [ -91.092232330586967, 33.194701638718406 ], [ -91.09245085224552, 33.19498776135255 ], [ -91.09232099827608, 33.195276197323047 ], [ -91.091902241608565, 33.195429704003026 ], [ -91.091589847154225, 33.195344769573254 ], [ -91.091440384687388, 33.195098991430037 ], [ -91.091541406202666, 33.194836343630961 ], [ -91.091827967169607, 33.194695438171593 ] ] ], [ [ [ -91.092885392756017, 33.197396544172612 ], [ -91.093142949455114, 33.197225344920895 ], [ -91.093469057237584, 33.197257403444958 ], [ -91.093672688282354, 33.197473940526145 ], [ -91.093634557805942, 33.197748112374704 ], [ -91.093377000429143, 33.197919312610274 ], [ -91.093050890249373, 33.197887253761039 ], [ -91.092847259882305, 33.19767071569602 ], [ -91.092885392756017, 33.197396544172612 ] ] ], [ [ [ -91.09801569880905, 33.201523516344423 ], [ -91.098358797325645, 33.201632677423135 ], [ -91.098469152108407, 33.201959807622707 ], [ -91.09828179888288, 33.202186500782794 ], [ -91.097805144141859, 33.202281821752685 ], [ -91.097535494672186, 33.202124313756954 ], [ -91.097477304514641, 33.201852643259436 ], [ -91.097630393009254, 33.201646514979792 ], [ -91.09801569880905, 33.201523516344423 ] ] ], [ [ [ -91.098271852768974, 33.204651945210493 ], [ -91.098548143361953, 33.204502783428033 ], [ -91.098868974004148, 33.204561548191982 ], [ -91.099046408026396, 33.204793816261677 ], [ -91.098976506184272, 33.205063528789786 ], [ -91.098700214459029, 33.205212691474173 ], [ -91.098379381596757, 33.205153926199579 ], [ -91.098201948706773, 33.204921657227956 ], [ -91.098271852768974, 33.204651945210493 ] ] ], [ [ [ -91.100660294873578, 33.210040502483352 ], [ -91.100917875547452, 33.209869288242771 ], [ -91.101244033883248, 33.209901328098262 ], [ -91.101447712447694, 33.210117853766683 ], [ -91.101409598621174, 33.210392028144184 ], [ -91.101152017269996, 33.210563243369236 ], [ -91.100825856535181, 33.210531203188964 ], [ -91.100622178648052, 33.210314676536086 ], [ -91.100660294873578, 33.210040502483352 ] ] ], [ [ [ -91.091618488978497, 33.210395698302726 ], [ -91.092022924528123, 33.210401902111293 ], [ -91.092241481925896, 33.210688025808857 ], [ -91.092111601462463, 33.210976460014265 ], [ -91.091689035386551, 33.211140568043994 ], [ -91.091376586090419, 33.211055631281511 ], [ -91.091227099748295, 33.210809852529756 ], [ -91.091328142339762, 33.210547206203138 ], [ -91.091618488978497, 33.210395698302726 ] ] ], [ [ [ -91.101774117331345, 33.212807531216598 ], [ -91.102031704336099, 33.212636314953087 ], [ -91.102357873446365, 33.212668352255044 ], [ -91.102561560917593, 33.21288487633506 ], [ -91.10252344891272, 33.213159051019872 ], [ -91.102265861230691, 33.213330268267967 ], [ -91.101939689721036, 33.213298230641293 ], [ -91.101736002927098, 33.213081705576705 ], [ -91.101774117331345, 33.212807531216598 ] ] ], [ [ [ -91.092984999393323, 33.213345677566664 ], [ -91.09326132645019, 33.213196529030704 ], [ -91.093582184312837, 33.213255308369057 ], [ -91.093759620367251, 33.213487583803889 ], [ -91.093689694177925, 33.213757292173554 ], [ -91.093413365987857, 33.213906441611599 ], [ -91.093092505904394, 33.213847661762131 ], [ -91.092915070983196, 33.213615385425221 ], [ -91.092984999393323, 33.213345677566664 ] ] ], [ [ [ -91.094143101529113, 33.219407529994797 ], [ -91.094547579131188, 33.219413727077878 ], [ -91.094766165907785, 33.219699847044915 ], [ -91.094636278773308, 33.219988283311864 ], [ -91.094226106135693, 33.22014578237183 ], [ -91.093913622474716, 33.220060850863781 ], [ -91.093764114835167, 33.219815074693997 ], [ -91.093865161672028, 33.219552426764686 ], [ -91.094143101529113, 33.219407529994797 ] ] ], [ [ [ -91.10700421520599, 33.220229879947496 ], [ -91.107261815058749, 33.220058653454494 ], [ -91.107588014191833, 33.220090678050411 ], [ -91.107791731274403, 33.220307194390671 ], [ -91.1077536311237, 33.220581370836108 ], [ -91.107496030593936, 33.220752598314036 ], [ -91.107169829060467, 33.220720573393677 ], [ -91.106966112654888, 33.220504056068471 ], [ -91.10700421520599, 33.220229879947496 ] ] ], [ [ [ -91.095512184558459, 33.222168033080152 ], [ -91.095769811485141, 33.221996831453154 ], [ -91.096096012064407, 33.222028886298929 ], [ -91.096299704118252, 33.222245420553513 ], [ -91.096261567124529, 33.222519592083671 ], [ -91.096003939519647, 33.222690794695509 ], [ -91.095677736540054, 33.222658739524526 ], [ -91.095474045164408, 33.222442204285095 ], [ -91.095512184558459, 33.222168033080152 ] ] ], [ [ [ -91.097000657881892, 33.224831600936909 ], [ -91.097277015697614, 33.22468244478668 ], [ -91.097597918342402, 33.224741215258227 ], [ -91.097775386970497, 33.224973485767755 ], [ -91.097705462065008, 33.225243196039138 ], [ -91.097429103115815, 33.225392353091969 ], [ -91.097108198248748, 33.225333582109357 ], [ -91.096930730754124, 33.225101310697234 ], [ -91.097000657881892, 33.224831600936909 ] ] ], [ [ [ -91.087701634273486, 33.205532739334977 ], [ -91.088099718191827, 33.20547251022284 ], [ -91.088380453733691, 33.205717301826233 ], [ -91.088320000538289, 33.206021491541215 ], [ -91.087942557078222, 33.206230222105383 ], [ -91.087616418923631, 33.206198148007601 ], [ -91.087412784185688, 33.205981601106487 ], [ -91.087450938852299, 33.205707432335707 ], [ -91.087701634273486, 33.205532739334977 ] ] ], [ [ [ -91.087436632405925, 33.208948324936074 ], [ -91.087977271418453, 33.208775250482269 ], [ -91.088220642900652, 33.208819847484278 ], [ -91.08839352531777, 33.208970589478454 ], [ -91.08843764671856, 33.209176667614123 ], [ -91.088243313845553, 33.209438253737304 ], [ -91.087652849546572, 33.209589475813665 ], [ -91.087366127920333, 33.209454922388652 ], [ -91.087276568485578, 33.209189348863227 ], [ -91.087436632405925, 33.208948324936074 ] ] ], [ [ [ -91.089275441332532, 33.211297853598694 ], [ -91.089512448717699, 33.211362286455973 ], [ -91.089666928846697, 33.211526545965008 ], [ -91.089693750153714, 33.211700357144515 ], [ -91.089594237662524, 33.211892311590368 ], [ -91.08888121666628, 33.212151133504037 ], [ -91.088527011228166, 33.212070742239732 ], [ -91.088377531449012, 33.211824960324712 ], [ -91.088478583762509, 33.211562316702548 ], [ -91.089275441332532, 33.211297853598694 ] ] ], [ [ [ -91.091199789584053, 33.214105365694991 ], [ -91.091488229810068, 33.214121717317319 ], [ -91.09167787260813, 33.214257484146763 ], [ -91.09174298829916, 33.214494246485309 ], [ -91.091643476726887, 33.214686202536861 ], [ -91.090559403707942, 33.215168420893619 ], [ -91.090164159404964, 33.215096005462357 ], [ -91.090014670228982, 33.214850225278724 ], [ -91.090115721655977, 33.214587580395943 ], [ -91.091199789584053, 33.214105365694991 ] ] ], [ [ [ -91.082992921102687, 33.197492967109334 ], [ -91.083321600253242, 33.197629913241634 ], [ -91.083393223110704, 33.197964568436383 ], [ -91.083180317102872, 33.198174705019831 ], [ -91.082699740341852, 33.198245164065767 ], [ -91.082449796709653, 33.198066165879411 ], [ -91.082423608933496, 33.197791006936981 ], [ -91.082600016128552, 33.19759850822151 ], [ -91.082992921102687, 33.197492967109334 ] ] ], [ [ [ -91.085067605066286, 33.200048888763483 ], [ -91.085273229033561, 33.200077774792341 ], [ -91.085462832547279, 33.20021354995248 ], [ -91.085530757750988, 33.20041500173172 ], [ -91.085454108955901, 33.200614228801257 ], [ -91.084763454285621, 33.200912044159679 ], [ -91.084401629348662, 33.20086121363704 ], [ -91.084224242501023, 33.20062892621285 ], [ -91.084294184970489, 33.200359223297802 ], [ -91.08445119273425, 33.200243918694284 ], [ -91.085067605066286, 33.200048888763483 ] ] ], [ [ [ -91.086959117780765, 33.202639461648133 ], [ -91.087207392569454, 33.202622751883162 ], [ -91.087452566801474, 33.202751472447162 ], [ -91.087544955434737, 33.202981732488844 ], [ -91.087442614900695, 33.203208999050531 ], [ -91.087119112909633, 33.203368828333694 ], [ -91.086726263804849, 33.203432040836894 ], [ -91.086331595877439, 33.2036535291764 ], [ -91.085936407051435, 33.203581102170567 ], [ -91.085786947906939, 33.203335317605642 ], [ -91.085887996800224, 33.203072675677141 ], [ -91.086959117780765, 33.202639461648133 ] ] ] ] } },
{ "type": "Feature", "properties": { "depth_bin": "155-160 ft", "bin_order": -157.5, "survey_id": "LM_10_SSL_20180601_CS_5234_5368", "date": "2018-06-01", "year": 2018, "mile": 525.0 }, "geometry": { "type": "MultiPolygon", "coordinates": [ [ [ [ -91.096547280832056, 33.196060096546312 ], [ -91.096826331582278, 33.196123421052341 ], [ -91.096980800504724, 33.196287671385726 ], [ -91.097000699764934, 33.19649639226953 ], [ -91.09687932123046, 33.196679232107705 ], [ -91.09580266155001, 33.19710184469745 ], [ -91.095594292254106, 33.197107257001313 ], [ -91.095376819584388, 33.197005205975913 ], [ -91.095256716745283, 33.196748297552993 ], [ -91.095387863540324, 33.196495235277894 ], [ -91.096547280832056, 33.196060096546312 ] ] ], [ [ [ -91.093404537807999, 33.197133269869681 ], [ -91.09380624336417, 33.197172759193769 ], [ -91.093990366497152, 33.197475510217714 ], [ -91.093827511178844, 33.19775185806499 ], [ -91.093403996156212, 33.19788371821712 ], [ -91.093102997507174, 33.19777345208476 ], [ -91.092982900489119, 33.19751654169702 ], [ -91.093085219554538, 33.197289269626381 ], [ -91.093404537807999, 33.197133269869681 ] ] ], [ [ [ -91.097076710342179, 33.198943469661764 ], [ -91.097352984394234, 33.19879430983476 ], [ -91.097673793438602, 33.198853076957896 ], [ -91.097851213457332, 33.199085346408481 ], [ -91.097781313409243, 33.199355058530095 ], [ -91.097505038225123, 33.199504219258777 ], [ -91.097184226961346, 33.199445451625039 ], [ -91.097006808074667, 33.199213181272768 ], [ -91.097076710342179, 33.198943469661764 ] ] ], [ [ [ -91.097847466590082, 33.201618571591553 ], [ -91.098123748059223, 33.201469410367409 ], [ -91.098444567392391, 33.201528175846633 ], [ -91.098621994544871, 33.201760444369548 ], [ -91.098552094296551, 33.20203015682322 ], [ -91.098275811695274, 33.20217931894917 ], [ -91.09795499014237, 33.202120552959315 ], [ -91.09777756412204, 33.201888283534608 ], [ -91.097847466590082, 33.201618571591553 ] ] ], [ [ [ -91.100827510830172, 33.209945413908329 ], [ -91.101103814470889, 33.209796247007802 ], [ -91.10142466630306, 33.209855005883099 ], [ -91.10160211724525, 33.210087270742996 ], [ -91.101532218141529, 33.210356984620553 ], [ -91.101255913368504, 33.210506152423257 ], [ -91.100935059315546, 33.210447393037384 ], [ -91.100757609505663, 33.210215127275312 ], [ -91.100827510830172, 33.209945413908329 ] ] ], [ [ [ -91.093121813740495, 33.213267928636029 ], [ -91.093406956771062, 33.213307961895374 ], [ -91.093597162742242, 33.213490963304757 ], [ -91.093617055760021, 33.213699684035554 ], [ -91.093463935667472, 33.213905805905604 ], [ -91.091609169818355, 33.21471807824274 ], [ -91.091360861125608, 33.214734795566834 ], [ -91.091115648232147, 33.214606081534853 ], [ -91.091026072867805, 33.214340510321691 ], [ -91.091186136851547, 33.214099481724126 ], [ -91.093121813740495, 33.213267928636029 ] ] ], [ [ [ -91.102809066773233, 33.215548653081271 ], [ -91.103101449487781, 33.215422966463613 ], [ -91.103413926928908, 33.215507874667622 ], [ -91.103563455433985, 33.215753640097475 ], [ -91.103462442140867, 33.216016297252956 ], [ -91.103170057882281, 33.216141984656097 ], [ -91.102857578483253, 33.216057075775311 ], [ -91.102708051522242, 33.215811309559953 ], [ -91.102809066773233, 33.215548653081271 ] ] ], [ [ [ -91.104814800282881, 33.218071598874488 ], [ -91.105091123856155, 33.21792242396841 ], [ -91.105412008278918, 33.217981173636218 ], [ -91.105589485379312, 33.218213433480258 ], [ -91.105519590678284, 33.218483149472092 ], [ -91.105243265972646, 33.218632325280744 ], [ -91.104922379328031, 33.218573575102461 ], [ -91.104744903359986, 33.218341314355861 ], [ -91.104814800282881, 33.218071598874488 ] ] ], [ [ [ -91.093882613250855, 33.219510869055256 ], [ -91.094130935266591, 33.21949414717421 ], [ -91.094317780473389, 33.219571959006863 ], [ -91.094438923874463, 33.219714614592391 ], [ -91.094458819557929, 33.219923335113315 ], [ -91.094366243910017, 33.220080383022342 ], [ -91.094137732450832, 33.22022361202108 ], [ -91.093664777306969, 33.220335161149336 ], [ -91.093395081947705, 33.220177642886128 ], [ -91.093336895566708, 33.219905971227035 ], [ -91.093490027123451, 33.219699850087395 ], [ -91.093882613250855, 33.219510869055256 ] ] ], [ [ [ -91.095394155758981, 33.222199195525299 ], [ -91.095670507612013, 33.222050042687556 ], [ -91.095991399442255, 33.222108816946481 ], [ -91.096168858738721, 33.222341089499707 ], [ -91.096098931450825, 33.222610798873866 ], [ -91.095822578464336, 33.222759952614062 ], [ -91.095501684412199, 33.222701177844037 ], [ -91.09532422624919, 33.22246890438835 ], [ -91.095394155758981, 33.222199195525299 ] ] ], [ [ [ -91.097092375215297, 33.224758385332947 ], [ -91.097487669425661, 33.224830780395465 ], [ -91.097638496167917, 33.225111929412741 ], [ -91.097475596440276, 33.22538827945241 ], [ -91.097058559119176, 33.22553154068838 ], [ -91.096757462464154, 33.225421280306094 ], [ -91.096637320886288, 33.22516437278972 ], [ -91.096768510350671, 33.224911311529418 ], [ -91.097092375215297, 33.224758385332947 ] ] ], [ [ [ -91.092482490475049, 33.194508262493088 ], [ -91.09283563152573, 33.194673991906662 ], [ -91.092902271305618, 33.194840063320868 ], [ -91.092849240289993, 33.195044651269818 ], [ -91.092706452293726, 33.195172349210182 ], [ -91.092290346776679, 33.195315224380387 ], [ -91.091964246749441, 33.195283163030616 ], [ -91.091760624854857, 33.195066623413808 ], [ -91.091798759557932, 33.194792452196282 ], [ -91.091978044771452, 33.194647115902136 ], [ -91.092482490475049, 33.194508262493088 ] ] ], [ [ [ -91.0914803086322, 33.210475524854985 ], [ -91.091759400398615, 33.210538862104741 ], [ -91.091913883500766, 33.21070311894173 ], [ -91.091922798099233, 33.210946010258191 ], [ -91.091746382368328, 33.211138521579002 ], [ -91.089533172900076, 33.211950123438363 ], [ -91.089244740377481, 33.211933767544778 ], [ -91.089055106361215, 33.211797997271894 ], [ -91.088996937736894, 33.211526323917546 ], [ -91.089184335340505, 33.2112996466442 ], [ -91.0914803086322, 33.210475524854985 ] ] ], [ [ [ -91.09021271493873, 33.214529687828801 ], [ -91.090460131469726, 33.21455401339982 ], [ -91.090625312236853, 33.214660973081095 ], [ -91.090716422343277, 33.214855854242323 ], [ -91.090663371837252, 33.215060440019663 ], [ -91.090520546789094, 33.215188133778426 ], [ -91.090002002162763, 33.215394096051398 ], [ -91.089635930979114, 33.21537333914722 ], [ -91.089432270981476, 33.215156794911209 ], [ -91.089470424820362, 33.214882625819619 ], [ -91.089649756392831, 33.214737294938573 ], [ -91.09021271493873, 33.214529687828801 ] ] ], [ [ [ -91.091012177272958, 33.217379320607236 ], [ -91.091288520492341, 33.217230177123085 ], [ -91.091609391371705, 33.21728896199793 ], [ -91.091786829672273, 33.217521240210864 ], [ -91.091716893642513, 33.217790946972947 ], [ -91.091440549289501, 33.21794009135926 ], [ -91.091119676188967, 33.21788130597313 ], [ -91.090942239022027, 33.21764902685802 ], [ -91.091012177272958, 33.217379320607236 ] ] ], [ [ [ -91.082331147224863, 33.197747415880599 ], [ -91.082607440764249, 33.197598289548715 ], [ -91.082928233687809, 33.197657094206008 ], [ -91.083105611420393, 33.197889383243428 ], [ -91.083035667690538, 33.198159085530506 ], [ -91.082759373017765, 33.198308212763592 ], [ -91.082438577875607, 33.198249407594808 ], [ -91.082261201276395, 33.198017117656171 ], [ -91.082331147224863, 33.197747415880599 ] ] ], [ [ [ -91.084506810882644, 33.20025733966007 ], [ -91.084743784947563, 33.200321780514955 ], [ -91.08488093723075, 33.20045377804373 ], [ -91.084925047074378, 33.200659857241348 ], [ -91.084851231878375, 33.200823770559616 ], [ -91.084166972125914, 33.201124347202011 ], [ -91.083805146754813, 33.201073514926513 ], [ -91.083627761127147, 33.20084122670044 ], [ -91.083697705611911, 33.200571524201692 ], [ -91.084144970949964, 33.200337833370192 ], [ -91.084506810882644, 33.20025733966007 ] ] ], [ [ [ -91.086592127283566, 33.20279116754903 ], [ -91.086839509561457, 33.202815499141458 ], [ -91.087029121306543, 33.202951272157215 ], [ -91.087094217521638, 33.203188036584628 ], [ -91.086994710044436, 33.20337998934108 ], [ -91.08667883374325, 33.203533339714781 ], [ -91.086424345260056, 33.203548638410375 ], [ -91.086032817000969, 33.203758808507857 ], [ -91.08563762800064, 33.203686380545541 ], [ -91.085488169546011, 33.203440595649127 ], [ -91.08558921945685, 33.203177954004147 ], [ -91.086592127283566, 33.20279116754903 ] ] ], [ [ [ -91.0876059959256, 33.205584879519158 ], [ -91.087990848294751, 33.205689516864808 ], [ -91.088108106268436, 33.20598174503246 ], [ -91.087913779990515, 33.206243330986659 ], [ -91.087479068843635, 33.206354747480368 ], [ -91.08719235780579, 33.206220193978176 ], [ -91.08710280170105, 33.205954620334722 ], [ -91.087231152123024, 33.205736881721819 ], [ -91.0876059959256, 33.205584879519158 ] ] ], [ [ [ -91.087526913780152, 33.208937902967477 ], [ -91.087897726517383, 33.209073748567356 ], [ -91.087988825309367, 33.209268631466564 ], [ -91.087954467219177, 33.209441502650904 ], [ -91.087792953190018, 33.209600907065074 ], [ -91.087427762459427, 33.2097567352331 ], [ -91.087099441905323, 33.209751686997421 ], [ -91.086871531570338, 33.209552960870752 ], [ -91.08687753809788, 33.209276968650393 ], [ -91.087039053101734, 33.209117565455792 ], [ -91.087526913780152, 33.208937902967477 ] ] ] ] } },
{ "type": "Feature", "properties": { "depth_bin": "160-165 ft", "bin_order": -162.5, "survey_id": "LM_10_SSL_20180601_CS_5234_5368", "date": "2018-06-01", "year": 2018, "mile": 525.0 }, "geometry": { "type": "MultiPolygon", "coordinates": [ [ [ [ -91.098256464955597, 33.192674013908636 ], [ -91.098462077238054, 33.192702877700945 ], [ -91.098651686815487, 33.192838633067069 ], [ -91.098719637767616, 33.193040078749156 ], [ -91.098643025727412, 33.193239315473711 ], [ -91.09848604864402, 33.193354639233391 ], [ -91.097949387175788, 33.193516831946596 ], [ -91.097587582884927, 33.19346604054752 ], [ -91.097410174168886, 33.193233770953903 ], [ -91.097480069525929, 33.192964058656258 ], [ -91.097675422755984, 33.192834187543347 ], [ -91.098256464955597, 33.192674013908636 ] ] ], [ [ [ -91.097050219900112, 33.195907109874547 ], [ -91.097403375704587, 33.19607282679403 ], [ -91.097470025163247, 33.196238896073083 ], [ -91.097417003669378, 33.196443486277218 ], [ -91.097237723235111, 33.196588830563172 ], [ -91.096851190193945, 33.19670716888173 ], [ -91.096525082758902, 33.196675119252092 ], [ -91.096321446201699, 33.196458586629106 ], [ -91.096359567576783, 33.196184413582309 ], [ -91.096538848540007, 33.196039070575765 ], [ -91.097050219900112, 33.195907109874547 ] ] ], [ [ [ -91.094879529351118, 33.196624722822236 ], [ -91.09562050641982, 33.196446822075139 ], [ -91.095837978045665, 33.196548872643682 ], [ -91.095956782259123, 33.196770403599764 ], [ -91.095903756893051, 33.196974993004439 ], [ -91.095724472939139, 33.197120334968702 ], [ -91.09519186003817, 33.197292824858046 ], [ -91.094865751267278, 33.197260770824165 ], [ -91.094662117651694, 33.197044235601588 ], [ -91.094700244522556, 33.196770063282649 ], [ -91.094879529351118, 33.196624722822236 ] ] ], [ [ [ -91.097229799182301, 33.198883881585559 ], [ -91.097506072799462, 33.198734721401109 ], [ -91.097826881750734, 33.198793488125752 ], [ -91.098004302072766, 33.199025757370237 ], [ -91.09793440254667, 33.199295469598866 ], [ -91.097658127797487, 33.199444630685001 ], [ -91.097337316626806, 33.199385863449756 ], [ -91.097159897436811, 33.199153593303578 ], [ -91.097229799182301, 33.198883881585559 ] ] ], [ [ [ -91.097962604404088, 33.201577724054452 ], [ -91.098220164412538, 33.201406514481562 ], [ -91.098546290156435, 33.20143856029452 ], [ -91.09874994329364, 33.201655089720376 ], [ -91.098711826099446, 33.201929263454005 ], [ -91.098454265413679, 33.202100474010969 ], [ -91.098128137271829, 33.202068427873151 ], [ -91.097924484811955, 33.2018518974632 ], [ -91.097962604404088, 33.201577724054452 ] ] ], [ [ [ -91.099153945494265, 33.204292928716868 ], [ -91.09943023352993, 33.204143764872462 ], [ -91.099751063578736, 33.204202527338133 ], [ -91.099928499319134, 33.204434794219431 ], [ -91.099858600500326, 33.204704507365165 ], [ -91.099582311332512, 33.204853672111504 ], [ -91.099261479063614, 33.204794909135259 ], [ -91.099084044455381, 33.204562641352034 ], [ -91.099153945494265, 33.204292928716868 ] ] ], [ [ [ -91.100144862889351, 33.207319893110565 ], [ -91.100421159131116, 33.207170727413526 ], [ -91.100742000920107, 33.207229487714599 ], [ -91.10091944505777, 33.207461753387356 ], [ -91.100849546374235, 33.207731466988619 ], [ -91.100573249000234, 33.207880633587713 ], [ -91.100252404990783, 33.207821872776073 ], [ -91.100074961985356, 33.207589606201267 ], [ -91.100144862889351, 33.207319893110565 ] ] ], [ [ [ -91.107152013461345, 33.220171301630792 ], [ -91.10740961286389, 33.220000074813683 ], [ -91.107735811853914, 33.220032099016279 ], [ -91.107939529184435, 33.220248615124433 ], [ -91.107901429527431, 33.220522791634927 ], [ -91.107643829447923, 33.220694019436976 ], [ -91.107317628057501, 33.220661994909946 ], [ -91.107113911403957, 33.22044547781686 ], [ -91.107152013461345, 33.220171301630792 ] ] ], [ [ [ -91.09523974913732, 33.222266374281745 ], [ -91.095516101452347, 33.222117221805711 ], [ -91.09583699340223, 33.222175996467662 ], [ -91.096014452405882, 33.222408269229156 ], [ -91.095944524584297, 33.222677978494801 ], [ -91.095668171135785, 33.222827131873302 ], [ -91.095347276964006, 33.222768356700222 ], [ -91.095169819093826, 33.222536083036289 ], [ -91.09523974913732, 33.222266374281745 ] ] ], [ [ [ -91.096762935965785, 33.224898969323206 ], [ -91.097011273011645, 33.224882242228759 ], [ -91.097198132210949, 33.224960050170722 ], [ -91.097319287421499, 33.225102703266387 ], [ -91.097339190545171, 33.225311423444175 ], [ -91.097151781632036, 33.225538112208945 ], [ -91.09680144716188, 33.225715945153247 ], [ -91.096553107731609, 33.225732671740602 ], [ -91.096283390789651, 33.225575159093005 ], [ -91.096225192676272, 33.225303488560428 ], [ -91.096346615109226, 33.225120651622412 ], [ -91.096762935965785, 33.224898969323206 ] ] ], [ [ [ -91.092977157406139, 33.19432979046389 ], [ -91.093226162286527, 33.194333606561109 ], [ -91.093430681108543, 33.194453090735593 ], [ -91.093521778870354, 33.194647969910974 ], [ -91.09346874942149, 33.194852558186007 ], [ -91.093289466126777, 33.194997896697956 ], [ -91.092750142029843, 33.1951719553972 ], [ -91.092424042302383, 33.19513989526537 ], [ -91.092220419550927, 33.194923356367816 ], [ -91.092258552742436, 33.194649184949576 ], [ -91.092437836925399, 33.194503847951644 ], [ -91.092977157406139, 33.19432979046389 ] ] ], [ [ [ -91.093628739487301, 33.197060598265985 ], [ -91.09403188919697, 33.197033440188456 ], [ -91.094282727096939, 33.197300173555931 ], [ -91.094187128004975, 33.197597923201307 ], [ -91.093791836242559, 33.197776534869845 ], [ -91.09347103419401, 33.197717757957797 ], [ -91.093293628642556, 33.197485482724829 ], [ -91.09336354055354, 33.197215773489688 ], [ -91.093628739487301, 33.197060598265985 ] ] ], [ [ [ -91.088315934993886, 33.211670611471725 ], [ -91.088592264035995, 33.21152147336948 ], [ -91.088913112101892, 33.211580264438886 ], [ -91.089090532316078, 33.211812546030366 ], [ -91.089020593521795, 33.212082251375676 ], [ -91.088744263346115, 33.212231390379777 ], [ -91.088423413059814, 33.212172598799029 ], [ -91.0882459939792, 33.211940316305665 ], [ -91.088315934993886, 33.211670611471725 ] ] ], [ [ [ -91.093456421379756, 33.219712805021281 ], [ -91.09370474400626, 33.219696084015361 ], [ -91.093949974783072, 33.219824793487454 ], [ -91.094042396369701, 33.220055049360425 ], [ -91.093940050236768, 33.220282320569517 ], [ -91.092899754586185, 33.220765725936523 ], [ -91.092651428853628, 33.220782445217871 ], [ -91.092464582729662, 33.220704630855856 ], [ -91.092315078229007, 33.220458853073772 ], [ -91.092416130177469, 33.22019620652992 ], [ -91.093456421379756, 33.219712805021281 ] ] ], [ [ [ -91.083811106907135, 33.200460095045791 ], [ -91.084195932030767, 33.200564743244762 ], [ -91.084313171236346, 33.200856974516675 ], [ -91.084153114823351, 33.201097994942259 ], [ -91.083691054844152, 33.201230273945598 ], [ -91.083404366367617, 33.201095712417448 ], [ -91.08331482627942, 33.200830136440622 ], [ -91.08344317775483, 33.200612401636363 ], [ -91.083811106907135, 33.200460095045791 ] ] ], [ [ [ -91.085569413451154, 33.203144998468588 ], [ -91.085856071755074, 33.203113746803716 ], [ -91.086073547275547, 33.203215814529067 ], [ -91.086192334560664, 33.203437354026953 ], [ -91.086116980363968, 33.203671958263314 ], [ -91.085677051797973, 33.203927817699842 ], [ -91.085178452178397, 33.204092670610322 ], [ -91.084776720451686, 33.204053152459608 ], [ -91.084599326573866, 33.203820865414912 ], [ -91.084669270943223, 33.203551162469786 ], [ -91.085569413451154, 33.203144998468588 ] ] ], [ [ [ -91.08702956098611, 33.205854641570916 ], [ -91.087305873274104, 33.205705505615619 ], [ -91.087626699273216, 33.205764299260707 ], [ -91.087804105033882, 33.205996582347858 ], [ -91.087734167866145, 33.206266287232481 ], [ -91.087457854444779, 33.206415424089414 ], [ -91.087137026225946, 33.206356629932969 ], [ -91.086959621598666, 33.20612434594419 ], [ -91.08702956098611, 33.205854641570916 ] ] ], [ [ [ -91.088177599661449, 33.208652519057971 ], [ -91.088572813290909, 33.208724939773255 ], [ -91.088723585920818, 33.209006098275474 ], [ -91.088560691181186, 33.209282437377077 ], [ -91.088150485911015, 33.209425876316025 ], [ -91.087849455706134, 33.209315596476216 ], [ -91.087729360248204, 33.209058681450685 ], [ -91.087831707635999, 33.208831415073604 ], [ -91.088177599661449, 33.208652519057971 ] ] ], [ [ [ -91.086760777074758, 33.209263240804447 ], [ -91.087037100801382, 33.209114105926098 ], [ -91.087357938913826, 33.209172900675881 ], [ -91.087535350366963, 33.209405184248368 ], [ -91.087465409136101, 33.209674888714737 ], [ -91.087189084275906, 33.209824024494836 ], [ -91.086868243943385, 33.209765229233653 ], [ -91.08669083362382, 33.209532944759417 ], [ -91.086760777074758, 33.209263240804447 ] ] ], [ [ [ -91.085293957149347, 33.209830202078813 ], [ -91.085637069982681, 33.209939398717601 ], [ -91.085747385692414, 33.210266538465078 ], [ -91.085559981825241, 33.210493210354208 ], [ -91.08509092491559, 33.210604429699401 ], [ -91.084821274859536, 33.210446894234401 ], [ -91.084763120108562, 33.210175219347548 ], [ -91.084916253120028, 33.209969108575933 ], [ -91.085293957149347, 33.209830202078813 ] ] ], [ [ [ -91.085569692577792, 33.219720911359673 ], [ -91.085846051991155, 33.219571780623035 ], [ -91.086166926986877, 33.219630579699562 ], [ -91.086344354914871, 33.219862865249453 ], [ -91.086274400099256, 33.220132568185797 ], [ -91.08599803955164, 33.220281699824504 ], [ -91.085677162334733, 33.220222900236323 ], [ -91.085499735541006, 33.219990613784361 ], [ -91.085569692577792, 33.219720911359673 ] ] ], [ [ [ -91.085872898738359, 33.223135743130889 ], [ -91.086149268711978, 33.222986612166018 ], [ -91.086470156310057, 33.223045410885902 ], [ -91.086647591500508, 33.223277696159698 ], [ -91.086577634353077, 33.223547399062333 ], [ -91.086301263245062, 33.223696530929416 ], [ -91.0859803734254, 33.223637731697828 ], [ -91.085802939369358, 33.223405445521813 ], [ -91.085872898738359, 33.223135743130889 ] ] ] ] } },
{ "type": "Feature", "properties": { "depth_bin": "165-170 ft", "bin_order": -167.5, "survey_id": "LM_10_SSL_20180601_CS_5234_5368", "date": "2018-06-01", "year": 2018, "mile": 525.0 }, "geometry": { "type": "MultiPolygon", "coordinates": [ [ [ [ -91.097642585235988, 33.192863870052548 ], [ -91.09784819770627, 33.19289273486752 ], [ -91.098037806682996, 33.193028491146244 ], [ -91.098105756336338, 33.193229937112747 ], [ -91.098029142736991, 33.193429173397661 ], [ -91.097335976924441, 33.193720150711584 ], [ -91.096974172247727, 33.193669357512434 ], [ -91.096796764813547, 33.193437087094438 ], [ -91.096866662228024, 33.193167375223119 ], [ -91.097023640984972, 33.193052053568131 ], [ -91.097642585235988, 33.192863870052548 ] ] ], [ [ [ -91.097805804596561, 33.195647266678186 ], [ -91.098042777442004, 33.195711682141813 ], [ -91.098197248029294, 33.195875931030209 ], [ -91.098224083094252, 33.196049741216996 ], [ -91.098124608341394, 33.196241704249054 ], [ -91.097302938263269, 33.196555852685876 ], [ -91.096907770238161, 33.196483461286384 ], [ -91.096758290805695, 33.196237688973348 ], [ -91.096859298134291, 33.195975036377078 ], [ -91.097805804596561, 33.195647266678186 ] ] ], [ [ [ -91.09789461837569, 33.198629884119143 ], [ -91.09822332690274, 33.198766791831886 ], [ -91.098295007633155, 33.199101440457255 ], [ -91.098082133060373, 33.199311603695364 ], [ -91.097593181901487, 33.199369749461297 ], [ -91.097343203339733, 33.199190780033042 ], [ -91.097316968629244, 33.19891562258691 ], [ -91.097493346666226, 33.19872310168855 ], [ -91.09789461837569, 33.198629884119143 ] ] ], [ [ [ -91.099749183887155, 33.204059728736105 ], [ -91.100025470226399, 33.20391056350158 ], [ -91.100346299907542, 33.20396932441745 ], [ -91.1005237368244, 33.204201590497135 ], [ -91.100453840037062, 33.204471304058998 ], [ -91.100177552565739, 33.204620470195458 ], [ -91.099856720664505, 33.204561708769042 ], [ -91.099679284879741, 33.204329441787422 ], [ -91.099749183887155, 33.204059728736105 ] ] ], [ [ [ -91.095383279974286, 33.22218858295448 ], [ -91.095768214565709, 33.222293198906513 ], [ -91.095881630853611, 33.222479630905909 ], [ -91.095867607349206, 33.222654501645877 ], [ -91.095654667252859, 33.222864657722553 ], [ -91.095289405355331, 33.223013640927313 ], [ -91.09504031895429, 33.223009826059055 ], [ -91.094790281029731, 33.222830849916882 ], [ -91.094764051038453, 33.222555692954671 ], [ -91.09494048457401, 33.222363178271458 ], [ -91.095383279974286, 33.22218858295448 ] ] ], [ [ [ -91.096382906746598, 33.225101049755622 ], [ -91.096591342546162, 33.225095638530973 ], [ -91.096808884617317, 33.225197689538788 ], [ -91.096922306601073, 33.225384120719852 ], [ -91.096908284406013, 33.22555899155757 ], [ -91.096695339314664, 33.225769149160939 ], [ -91.096312035842857, 33.225905218825687 ], [ -91.096062941098211, 33.225901405712698 ], [ -91.095812893051104, 33.225722431336408 ], [ -91.095786659440634, 33.225447274565219 ], [ -91.095963096938846, 33.225254758643175 ], [ -91.096382906746598, 33.225101049755622 ] ] ], [ [ [ -91.094130586284251, 33.193969059782603 ], [ -91.094417212461096, 33.193937787156244 ], [ -91.094662374397913, 33.194066493185865 ], [ -91.094751943333733, 33.194332062250723 ], [ -91.09462362923523, 33.194549810270438 ], [ -91.093359902187629, 33.194978933296476 ], [ -91.093151537987438, 33.194984341684858 ], [ -91.092934073496394, 33.194882286645729 ], [ -91.092813980500296, 33.194625376141644 ], [ -91.092945130718419, 33.194372316499468 ], [ -91.094130586284251, 33.193969059782603 ] ] ], [ [ [ -91.094891328015294, 33.196638114768838 ], [ -91.095170379197711, 33.196701443007747 ], [ -91.095324845882715, 33.196865695308823 ], [ -91.095344741259098, 33.197074416302875 ], [ -91.095223358503489, 33.197257254356686 ], [ -91.094127293848345, 33.197652736493026 ], [ -91.093918923284392, 33.197658145938952 ], [ -91.093701451378024, 33.197556092013464 ], [ -91.093581352846314, 33.19729918214297 ], [ -91.09371250527667, 33.197046121858371 ], [ -91.094891328015294, 33.196638114768838 ] ] ], [ [ [ -91.092577602927463, 33.220155413480072 ], [ -91.092920765513028, 33.220264591622332 ], [ -91.093031119686174, 33.220591725834538 ], [ -91.092843710672113, 33.220818408230237 ], [ -91.092399810740531, 33.220913698498961 ], [ -91.092130116065491, 33.220756177523249 ], [ -91.092071933334822, 33.220484505422682 ], [ -91.092225068858511, 33.22027838600193 ], [ -91.092577602927463, 33.220155413480072 ] ] ], [ [ [ -91.082487031554095, 33.19762585292726 ], [ -91.082830093636545, 33.197735055667671 ], [ -91.082940385772545, 33.198062197581862 ], [ -91.082753002511026, 33.198288866338977 ], [ -91.082282306224414, 33.198399894800545 ], [ -91.082012697839659, 33.198242354486901 ], [ -91.081954557985625, 33.197970678387968 ], [ -91.082107674681438, 33.197764570162796 ], [ -91.082487031554095, 33.19762585292726 ] ] ], [ [ [ -91.083517170908721, 33.200576470244975 ], [ -91.083901996138366, 33.200681119357391 ], [ -91.084019234488039, 33.200973350871578 ], [ -91.083824908200413, 33.201234930595874 ], [ -91.083388935454607, 33.201341805653094 ], [ -91.083102247121118, 33.201207243434325 ], [ -91.083012707860462, 33.200941667273305 ], [ -91.083172767018993, 33.200700648412344 ], [ -91.083517170908721, 33.200576470244975 ] ] ], [ [ [ -91.084741978658968, 33.203443495438123 ], [ -91.085137165694064, 33.203515926183357 ], [ -91.085287919032794, 33.203797088355543 ], [ -91.08512502420956, 33.204073423133956 ], [ -91.084703151116415, 33.204203483456745 ], [ -91.084402143218043, 33.204093195984989 ], [ -91.084282064366107, 33.203836278046928 ], [ -91.084413253782415, 33.20358322913679 ], [ -91.084741978658968, 33.203443495438123 ] ] ], [ [ [ -91.087202297463648, 33.205752869638168 ], [ -91.087545397275065, 33.205862060590967 ], [ -91.087655715830579, 33.206189198919645 ], [ -91.087468325970988, 33.206415874315702 ], [ -91.086996153052525, 33.206523025967194 ], [ -91.086726511521292, 33.206365494864187 ], [ -91.086668352892119, 33.206093820584975 ], [ -91.086821473954032, 33.205887706922034 ], [ -91.087202297463648, 33.205752869638168 ] ] ], [ [ [ -91.086606205094341, 33.209339930124194 ], [ -91.086863809548845, 33.209168745888178 ], [ -91.087189958298126, 33.209200822332534 ], [ -91.087393599524233, 33.20941736974148 ], [ -91.087355442478895, 33.209691538275685 ], [ -91.087097837345695, 33.209862723495895 ], [ -91.086771686197835, 33.209830646725855 ], [ -91.086568045650424, 33.209614098332729 ], [ -91.086606205094341, 33.209339930124194 ] ] ], [ [ [ -91.089351567329672, 33.214923103494598 ], [ -91.089627905241983, 33.214773963469213 ], [ -91.089948765904296, 33.214832752289205 ], [ -91.090126195062595, 33.215065032622711 ], [ -91.090056256320707, 33.215334738438457 ], [ -91.089779917274754, 33.215483879365856 ], [ -91.089459054391625, 33.215425090034522 ], [ -91.089281626366983, 33.215192808798996 ], [ -91.089351567329672, 33.214923103494598 ] ] ], [ [ [ -91.090871854731986, 33.217448716429303 ], [ -91.091148198398074, 33.217299573275007 ], [ -91.091469069416249, 33.217358358517096 ], [ -91.09164650746645, 33.217590636919553 ], [ -91.091576570943758, 33.217860343582402 ], [ -91.091300226144043, 33.218009487638859 ], [ -91.090979352904696, 33.217950701885464 ], [ -91.090801915988138, 33.217718422580852 ], [ -91.090871854731986, 33.217448716429303 ] ] ], [ [ [ -91.085702909954179, 33.219649420301721 ], [ -91.085979268925357, 33.219500289251116 ], [ -91.086300143769037, 33.219559087978269 ], [ -91.086477571924235, 33.219791373348045 ], [ -91.086407617581997, 33.220061076379054 ], [ -91.086131257476609, 33.220210208331771 ], [ -91.085810380411729, 33.220151409092971 ], [ -91.085632953390757, 33.219919122821103 ], [ -91.085702909954179, 33.219649420301721 ] ] ], [ [ [ -91.085991230679667, 33.226330895527681 ], [ -91.086267610797833, 33.22618176472691 ], [ -91.086588510057027, 33.226240563535846 ], [ -91.086765951594501, 33.226472848771522 ], [ -91.086695991761871, 33.226742551531267 ], [ -91.086419610509139, 33.226891683234385 ], [ -91.086098709028008, 33.226832883913701 ], [ -91.085921268625114, 33.226600597775693 ], [ -91.085991230679667, 33.226330895527681 ] ] ], [ [ [ -91.086969798929957, 33.229480299948278 ], [ -91.087246187682553, 33.229331167340099 ], [ -91.087567099128222, 33.229389964032379 ], [ -91.087744549265821, 33.229622248082059 ], [ -91.087674589409076, 33.229891951281303 ], [ -91.087398199521843, 33.230041084791957 ], [ -91.087077285853823, 33.22998228758793 ], [ -91.08689983685089, 33.229750002635782 ], [ -91.086969798929957, 33.229480299948278 ] ] ], [ [ [ -91.091898819555468, 33.230545768289112 ], [ -91.092175203938979, 33.230396624565692 ], [ -91.092496123190131, 33.230455408782106 ], [ -91.092673588735636, 33.230687686303284 ], [ -91.092603642863821, 33.230957392745815 ], [ -91.092327257346071, 33.231106537371893 ], [ -91.092006335872256, 33.231047752644031 ], [ -91.091828871460976, 33.230815474220201 ], [ -91.091898819555468, 33.230545768289112 ] ] ] ] } },
{ "type": "Feature", "properties": { "depth_bin": "170-175 ft", "bin_order": -172.5, "survey_id": "LM_10_SSL_20180601_CS_5234_5368", "date": "2018-06-01", "year": 2018, "mile": 525.0 }, "geometry": { "type": "MultiPolygon", "coordinates": [ [ [ [ -91.097038483949305, 33.193062210938692 ], [ -91.097317525703829, 33.193125534043006 ], [ -91.097485449489213, 33.193323319885906 ], [ -91.097466020946428, 33.19356577832086 ], [ -91.097268058956473, 33.193742838169797 ], [ -91.096570135355691, 33.193956500405854 ], [ -91.096351381500625, 33.193959555949405 ], [ -91.096154160286801, 33.194091934171212 ], [ -91.094278533493934, 33.194684531856616 ], [ -91.093990156021533, 33.194668188929732 ], [ -91.093779569372728, 33.194501741849628 ], [ -91.093753346508208, 33.19422658390625 ], [ -91.093966218123285, 33.194016427844332 ], [ -91.095840321090236, 33.193420601721662 ], [ -91.096098960899781, 33.193406231545396 ], [ -91.096296180601769, 33.193273853345133 ], [ -91.097038483949305, 33.193062210938692 ] ] ], [ [ [ -91.098424020655898, 33.195374023115086 ], [ -91.098673029281088, 33.195377828421307 ], [ -91.098877558317042, 33.195497303972651 ], [ -91.098968669319405, 33.195692179599206 ], [ -91.098893356517692, 33.195926793314641 ], [ -91.098595615392966, 33.196120703198126 ], [ -91.098061383170602, 33.196293462399005 ], [ -91.097699567453233, 33.196242670935277 ], [ -91.09752215320232, 33.196010401387959 ], [ -91.097592050858438, 33.195740689208044 ], [ -91.098424020655898, 33.195374023115086 ] ] ], [ [ [ -91.098335942723679, 33.198459253125542 ], [ -91.098689111145688, 33.198624966784074 ], [ -91.098755764758693, 33.19879103546603 ], [ -91.098702744388959, 33.198995626190971 ], [ -91.098192802125226, 33.19927159036353 ], [ -91.097826794746609, 33.19925085985971 ], [ -91.09762314923006, 33.199034329124046 ], [ -91.097661268090008, 33.198760155680112 ], [ -91.097978683084492, 33.198545557873324 ], [ -91.098335942723679, 33.198459253125542 ] ] ], [ [ [ -91.098144399299713, 33.201498983994448 ], [ -91.098420679912195, 33.201349822076409 ], [ -91.098741499050263, 33.201408586782186 ], [ -91.098918926783455, 33.20164085490515 ], [ -91.098849027551537, 33.201910567566664 ], [ -91.098572745806948, 33.202059730386495 ], [ -91.098251924449144, 33.202000965170122 ], [ -91.09807449784806, 33.201768696145344 ], [ -91.098144399299713, 33.201498983994448 ] ] ], [ [ [ -91.101931213065484, 33.212755086164741 ], [ -91.102188799621615, 33.212583869557989 ], [ -91.102514968616276, 33.21261590644319 ], [ -91.102718656372602, 33.212832430277103 ], [ -91.102680544886553, 33.213106605030575 ], [ -91.102422957653161, 33.213277822621897 ], [ -91.102096786259125, 33.213245785411971 ], [ -91.10189309918006, 33.213029260593501 ], [ -91.101931213065484, 33.212755086164741 ] ] ], [ [ [ -91.095986962454603, 33.225275903476401 ], [ -91.096234411289359, 33.225300218659356 ], [ -91.096424085051211, 33.225435979146567 ], [ -91.096492052257929, 33.225637425767744 ], [ -91.096415403062409, 33.225836658933019 ], [ -91.095505669049743, 33.226311411844911 ], [ -91.095103829871462, 33.226271923379848 ], [ -91.094926366053002, 33.226039649261537 ], [ -91.094996300172923, 33.225769940914375 ], [ -91.095986962454603, 33.225275903476401 ] ] ], [ [ [ -91.086940152015003, 33.205877981316796 ], [ -91.087177143045523, 33.205942418090245 ], [ -91.087331609649468, 33.20610668013564 ], [ -91.087351486954262, 33.206315401507538 ], [ -91.08723007422735, 33.20649823044522 ], [ -91.08616343595699, 33.20691937900142 ], [ -91.085955043583979, 33.206924774287366 ], [ -91.085737559253104, 33.206822706086392 ], [ -91.085617473108968, 33.206565789269121 ], [ -91.085748663227591, 33.206312739063378 ], [ -91.086940152015003, 33.205877981316796 ] ] ], [ [ [ -91.094865840134062, 33.222393550258381 ], [ -91.09511417024035, 33.222376826706238 ], [ -91.095301022396129, 33.222454637278119 ], [ -91.095422171181411, 33.222597292042785 ], [ -91.095442069514959, 33.222806012422005 ], [ -91.09525466152418, 33.2230326984294 ], [ -91.094846820877009, 33.223193200883387 ], [ -91.094638389639499, 33.223198609342653 ], [ -91.094368683894587, 33.223041092882212 ], [ -91.094310493031429, 33.222769421621045 ], [ -91.094463627697749, 33.22256329946903 ], [ -91.094865840134062, 33.222393550258381 ] ] ], [ [ [ -91.0870967649102, 33.229379989532212 ], [ -91.087373153137079, 33.229230856620347 ], [ -91.087694064321255, 33.229289652975645 ], [ -91.087871514614733, 33.2295219368524 ], [ -91.087801555239992, 33.2297916401441 ], [ -91.087525165878475, 33.229940773958447 ], [ -91.087204252471977, 33.229881977091438 ], [ -91.087026803313123, 33.229649692312186 ], [ -91.0870967649102, 33.229379989532212 ] ] ], [ [ [ -91.081874483537135, 33.197901207931842 ], [ -91.08215077829604, 33.197752082663413 ], [ -91.082471571409883, 33.197810888506474 ], [ -91.082648948192045, 33.198043178157391 ], [ -91.082579002927773, 33.198312880126302 ], [ -91.082302707035424, 33.198462006295934 ], [ -91.081981911702982, 33.19840319994136 ], [ -91.08180453605425, 33.198170909389248 ], [ -91.081874483537135, 33.197901207931842 ] ] ], [ [ [ -91.083210258200026, 33.200670111803518 ], [ -91.08359508342005, 33.200774761865766 ], [ -91.083712320843546, 33.201066993632807 ], [ -91.083552262410606, 33.201308013204113 ], [ -91.083089819338795, 33.201441501360272 ], [ -91.082803131181066, 33.201306938458785 ], [ -91.082713592749002, 33.201041362115411 ], [ -91.08284194601724, 33.200823628003569 ], [ -91.083210258200026, 33.200670111803518 ] ] ], [ [ [ -91.084367937203027, 33.203579199022869 ], [ -91.084772339693203, 33.203585425270639 ], [ -91.084990857012571, 33.203871560547121 ], [ -91.084860964351137, 33.204159986983974 ], [ -91.084447633143796, 33.204315962543177 ], [ -91.084135215702887, 33.204231008624006 ], [ -91.083985760693608, 33.20398522206041 ], [ -91.084086815741102, 33.203722581842534 ], [ -91.084367937203027, 33.203579199022869 ] ] ], [ [ [ -91.084559713154874, 33.206822373446954 ], [ -91.084836032480894, 33.206673243262379 ], [ -91.085156860002556, 33.206732043338718 ], [ -91.085334260878412, 33.206964329750392 ], [ -91.085264315279758, 33.20723403290534 ], [ -91.084987994820068, 33.207383163991516 ], [ -91.084667165078685, 33.207324363403664 ], [ -91.0844897653365, 33.207092076090383 ], [ -91.084559713154874, 33.206822373446954 ] ] ], [ [ [ -91.084878374754538, 33.209979339294911 ], [ -91.085280133500376, 33.210018858060089 ], [ -91.085462955475961, 33.210286244171428 ], [ -91.08533305378262, 33.210574670534356 ], [ -91.084967876400597, 33.210722111176366 ], [ -91.084655435929932, 33.21063715780739 ], [ -91.084505969452579, 33.210391371662759 ], [ -91.084581334577734, 33.210156769004975 ], [ -91.084878374754538, 33.209979339294911 ] ] ], [ [ [ -91.086154849917833, 33.212510235257163 ], [ -91.086331698751778, 33.212603076422653 ], [ -91.086445083110121, 33.212789516134748 ], [ -91.086416135341608, 33.212997486345422 ], [ -91.086288884874833, 33.213136328136052 ], [ -91.08599652735829, 33.213217145556712 ], [ -91.085722017460057, 33.213156202505559 ], [ -91.085598498529606, 33.213349556523589 ], [ -91.085376699516047, 33.213444864540818 ], [ -91.085129288016063, 33.21342052901354 ], [ -91.084964116567562, 33.213313562335735 ], [ -91.084874561142911, 33.213047987355857 ], [ -91.085034639063991, 33.212806967152801 ], [ -91.085266482130152, 33.212730393004101 ], [ -91.085540990345734, 33.212791337005562 ], [ -91.085766997504308, 33.212536500843328 ], [ -91.086154849917833, 33.212510235257163 ] ] ], [ [ [ -91.085593512072222, 33.216546029730395 ], [ -91.085936651123333, 33.216655226389577 ], [ -91.086046975120126, 33.216982365881435 ], [ -91.085859556793181, 33.217209037502528 ], [ -91.085386040115793, 33.217318965645909 ], [ -91.085116369502373, 33.21716143021979 ], [ -91.085058210446206, 33.216889755555002 ], [ -91.085211355291435, 33.216683645027111 ], [ -91.085593512072222, 33.216546029730395 ] ] ], [ [ [ -91.085975889788699, 33.219488362623579 ], [ -91.086257576717756, 33.219433641525917 ], [ -91.086485947377923, 33.219517298096086 ], [ -91.086620535818028, 33.219693498092163 ], [ -91.086615977154182, 33.21990285172496 ], [ -91.086473807056493, 33.220074794051698 ], [ -91.086149499544078, 33.220148903912353 ], [ -91.085965033772339, 33.220302908117645 ], [ -91.085637665887901, 33.220324930848214 ], [ -91.085387655451513, 33.220145936686748 ], [ -91.085361455391762, 33.219870778716803 ], [ -91.085503627251555, 33.219698837723243 ], [ -91.085827933541935, 33.219624729502065 ], [ -91.085975889788699, 33.219488362623579 ] ] ] ] } },
{ "type": "Feature", "properties": { "depth_bin": "175-180 ft", "bin_order": -177.5, "survey_id": "LM_10_SSL_20180601_CS_5234_5368", "date": "2018-06-01", "year": 2018, "mile": 525.0 }, "geometry": { "type": "MultiPolygon", "coordinates": [ [ [ [ -91.096232876286692, 33.193308544872529 ], [ -91.096617687279064, 33.19341315415631 ], [ -91.096728026737907, 33.193740285707399 ], [ -91.096540687747364, 33.193966976994901 ], [ -91.096058308085119, 33.194068181202688 ], [ -91.095788686384239, 33.193910670238672 ], [ -91.095730505815212, 33.193638998973263 ], [ -91.095883583016558, 33.193432872220335 ], [ -91.096232876286692, 33.193308544872529 ] ] ], [ [ [ -91.09833238516643, 33.195520606100636 ], [ -91.098589926149302, 33.195349394942774 ], [ -91.098916029718495, 33.195381439015584 ], [ -91.099119670520977, 33.195597967565469 ], [ -91.099081558057762, 33.19587214180023 ], [ -91.098824016397771, 33.19604335394196 ], [ -91.098497910431348, 33.196011309544367 ], [ -91.098294270305971, 33.195794780010615 ], [ -91.09833238516643, 33.195520606100636 ] ] ], [ [ [ -91.099830717781018, 33.203972637428436 ], [ -91.100039103472454, 33.203967218605733 ], [ -91.100256598784071, 33.204069262181036 ], [ -91.100370003238368, 33.204255690102052 ], [ -91.100355993387254, 33.204430562256441 ], [ -91.100143110011359, 33.204640728566531 ], [ -91.099763727281797, 33.204776538298397 ], [ -91.099514691893063, 33.20477273422641 ], [ -91.099264694413563, 33.204593768117185 ], [ -91.099238452911649, 33.20431861102923 ], [ -91.099414838319973, 33.204126087801399 ], [ -91.099830717781018, 33.203972637428436 ] ] ], [ [ [ -91.10493320442896, 33.21802470503426 ], [ -91.105190801418544, 33.217853482688135 ], [ -91.105516991373975, 33.21788551240963 ], [ -91.105720698340335, 33.218102031851799 ], [ -91.10568259306072, 33.218376207558322 ], [ -91.105424995394003, 33.218547430889281 ], [ -91.105098803038487, 33.218515400843224 ], [ -91.10489509674926, 33.218298880416214 ], [ -91.10493320442896, 33.21802470503426 ] ] ], [ [ [ -91.094510703969348, 33.222562576500991 ], [ -91.094795877752787, 33.222602607623131 ], [ -91.094986105869921, 33.222785607474506 ], [ -91.095006003183556, 33.222994327881949 ], [ -91.09485286895341, 33.223200450707203 ], [ -91.092567463285178, 33.224200577257733 ], [ -91.092319127777685, 33.224217295515871 ], [ -91.092073887616223, 33.224088582558551 ], [ -91.091984301105967, 33.223823011967326 ], [ -91.092144381126062, 33.223581983009566 ], [ -91.094510703969348, 33.222562576500991 ] ] ], [ [ [ -91.09512273772205, 33.22567345735721 ], [ -91.095407921885737, 33.225713487428429 ], [ -91.095598157735623, 33.225896486543817 ], [ -91.095618056838802, 33.226105206831932 ], [ -91.095464918211974, 33.226311330170724 ], [ -91.094216559248935, 33.226900943733924 ], [ -91.093757725379831, 33.22695618014405 ], [ -91.0935690506074, 33.227189168669241 ], [ -91.093155962765366, 33.227314084250779 ], [ -91.093001381950913, 33.227461690853083 ], [ -91.092496851070052, 33.227700089579635 ], [ -91.092248505625719, 33.227716807332264 ], [ -91.092003256062085, 33.227588093957131 ], [ -91.091931581746394, 33.227253443180082 ], [ -91.092209575327971, 33.226996597651706 ], [ -91.092805634282797, 33.226799208019322 ], [ -91.093180224884762, 33.226550015410254 ], [ -91.093488778640165, 33.226548741186619 ], [ -91.093677452157124, 33.226315752718875 ], [ -91.09512273772205, 33.22567345735721 ] ] ], [ [ [ -91.081737519764644, 33.197947653017543 ], [ -91.082013814890345, 33.197798528068112 ], [ -91.082334608062411, 33.19785733426685 ], [ -91.082511984560128, 33.19808962410179 ], [ -91.082442038835325, 33.198359325975254 ], [ -91.08216574257618, 33.198508451825887 ], [ -91.081844947185516, 33.198449645115616 ], [ -91.081667571821257, 33.19821735437948 ], [ -91.081737519764644, 33.197947653017543 ] ] ], [ [ [ -91.083932468883717, 33.203802843257499 ], [ -91.084208779447678, 33.203653714094187 ], [ -91.084529595547224, 33.203712515403055 ], [ -91.084706989031588, 33.203944802536512 ], [ -91.084637044401973, 33.204214505479605 ], [ -91.084360732704468, 33.204363635544389 ], [ -91.084039914385571, 33.204304833724024 ], [ -91.083862522034764, 33.204072545689094 ], [ -91.083932468883717, 33.203802843257499 ] ] ], [ [ [ -91.084641041036448, 33.206724492936246 ], [ -91.084849432902217, 33.206719099837962 ], [ -91.085066915872034, 33.206821169547389 ], [ -91.085177226110915, 33.207148309738024 ], [ -91.084989827877308, 33.207374981061974 ], [ -91.084618951496509, 33.207531738011966 ], [ -91.084410557706647, 33.207537130653321 ], [ -91.084140918077566, 33.207379594022953 ], [ -91.084082766992239, 33.207107918840393 ], [ -91.084235895844358, 33.206901808675362 ], [ -91.084641041036448, 33.206724492936246 ] ] ], [ [ [ -91.089218867306982, 33.215000570199003 ], [ -91.089476484105688, 33.214829381111443 ], [ -91.089802655066165, 33.214861451465396 ], [ -91.090006315359986, 33.215077995112651 ], [ -91.089968163069315, 33.215352164417602 ], [ -91.089710545592013, 33.215523354489626 ], [ -91.089384372232217, 33.21549128381011 ], [ -91.089180712617008, 33.215274739178405 ], [ -91.089218867306982, 33.215000570199003 ] ] ], [ [ [ -91.086136447570965, 33.226262051704261 ], [ -91.08641282723633, 33.226112920562393 ], [ -91.08673372636261, 33.226171718991537 ], [ -91.086911168164931, 33.226404004031188 ], [ -91.086841208839786, 33.2266737068935 ], [ -91.086564828039883, 33.226822838937714 ], [ -91.086243926691651, 33.226764039996823 ], [ -91.086066486023881, 33.226531754054847 ], [ -91.086136447570965, 33.226262051704261 ] ] ], [ [ [ -91.091760251315307, 33.23061614445632 ], [ -91.092036636146162, 33.230467001058976 ], [ -91.092357555541199, 33.230525785638392 ], [ -91.092535020842874, 33.230758063346876 ], [ -91.092465074482305, 33.231027769691266 ], [ -91.092188688517183, 33.23117691399127 ], [ -91.091867766899483, 33.231118128900384 ], [ -91.091690302732047, 33.230885850289262 ], [ -91.091760251315307, 33.23061614445632 ] ] ] ] } },
{ "type": "Feature", "properties": { "depth_bin": "180-185 ft", "bin_order": -182.5, "survey_id": "LM_10_SSL_20180601_CS_5234_5368", "date": "2018-06-01", "year": 2018, "mile": 525.0 }, "geometry": { "type": "MultiPolygon", "coordinates": [ [ [ [ -91.098240206827683, 33.201538806873856 ], [ -91.098453086699976, 33.20132864361603 ], [ -91.098780382073187, 33.20130658442892 ], [ -91.099030369506394, 33.201485551231144 ], [ -91.099056609958083, 33.201760708427926 ], [ -91.098843730377723, 33.201970872719265 ], [ -91.098516432529905, 33.201992931982822 ], [ -91.098266444804779, 33.201813964147107 ], [ -91.098240206827683, 33.201538806873856 ] ] ], [ [ [ -91.099392919687247, 33.204211243347046 ], [ -91.099629282512495, 33.204019632035539 ], [ -91.099957584066104, 33.204024646451764 ], [ -91.100185511507178, 33.204223349308187 ], [ -91.100179547893134, 33.204499343893751 ], [ -91.099943184871535, 33.204690956233925 ], [ -91.099614880833585, 33.20468594169116 ], [ -91.099386953588862, 33.204487237806084 ], [ -91.099392919687247, 33.204211243347046 ] ] ], [ [ [ -91.100268332796119, 33.207345879732728 ], [ -91.100504702573772, 33.207154267081975 ], [ -91.100833015995434, 33.207159279605328 ], [ -91.101060953268359, 33.207357981124041 ], [ -91.101054991690646, 33.207633975710742 ], [ -91.100818621716698, 33.207825589390296 ], [ -91.100490305810311, 33.207820576740438 ], [ -91.100262368733681, 33.207621874192945 ], [ -91.100268332796119, 33.207345879732728 ] ] ], [ [ [ -91.093534378364609, 33.226382255119674 ], [ -91.093857620756992, 33.226333348402555 ], [ -91.094102869813426, 33.226462058115729 ], [ -91.094192465095247, 33.226727627399981 ], [ -91.094064098245454, 33.22694537202274 ], [ -91.093021348967525, 33.227427526429757 ], [ -91.092772250385423, 33.227423706574321 ], [ -91.092572650268323, 33.227309021713857 ], [ -91.092561548426247, 33.227572285858649 ], [ -91.092325104880686, 33.227763880222433 ], [ -91.092076759240072, 33.227780597624154 ], [ -91.091859216842252, 33.227678538343369 ], [ -91.091739087082118, 33.227421626584558 ], [ -91.091870294102293, 33.227168571207294 ], [ -91.092175977464962, 33.227067608041217 ], [ -91.092499788250322, 33.227199731253251 ], [ -91.092485005507385, 33.22700373895335 ], [ -91.092606438073005, 33.226820906079205 ], [ -91.093108830836314, 33.226667527984695 ], [ -91.093534378364609, 33.226382255119674 ] ] ], [ [ [ -91.082592943844929, 33.200986250038227 ], [ -91.082829332636848, 33.200794671569888 ], [ -91.083157618935843, 33.200799729870432 ], [ -91.083385498836591, 33.20099846194627 ], [ -91.083379483243803, 33.201274453969887 ], [ -91.083143094253813, 33.201466033466708 ], [ -91.082814805470989, 33.201460975038501 ], [ -91.082586925768297, 33.201262241934188 ], [ -91.082592943844929, 33.200986250038227 ] ] ], [ [ [ -91.085990344668772, 33.223154853640082 ], [ -91.086226788500639, 33.222963271241078 ], [ -91.086555158229956, 33.22296832354715 ], [ -91.086783101081068, 33.223167051076032 ], [ -91.086777091083306, 33.223443042664393 ], [ -91.086540647053582, 33.223634626092753 ], [ -91.086212274837649, 33.223629573659224 ], [ -91.085984332184424, 33.223430845100978 ], [ -91.085990344668772, 33.223154853640082 ] ] ], [ [ [ -91.091871329597211, 33.223782482829073 ], [ -91.092107762927967, 33.223590888863242 ], [ -91.092436136130218, 33.223595925731772 ], [ -91.092664094393939, 33.223794642995266 ], [ -91.092658102720407, 33.224070635503729 ], [ -91.092421669192376, 33.224262230498972 ], [ -91.092093293503439, 33.224257193503348 ], [ -91.091865335436992, 33.224058475210448 ], [ -91.091871329597211, 33.223782482829073 ] ] ], [ [ [ -91.092008807859429, 33.230548346970622 ], [ -91.092245259871518, 33.23035675358328 ], [ -91.092573658382733, 33.230361790991424 ], [ -91.092801633758015, 33.230560508439531 ], [ -91.092795640974899, 33.230836500669646 ], [ -91.092559188765506, 33.231028095086657 ], [ -91.092230787766766, 33.231023057551447 ], [ -91.092002812588788, 33.230824339073671 ], [ -91.092008807859429, 33.230548346970622 ] ] ] ] } }
]
}
