{
"type": "FeatureCollection",
"name": "LM_13_OZE_20210508_CS_5746_5698_depth_polygons",
"crs": { "type": "name", "properties": { "name": "urn:ogc:def:crs:OGC:1.3:CRS84" } },
"features": [
{ "type": "Feature", "properties": { "depth_bin": "10-11 ft", "survey_id": "LM_13_OZE_20210508_CS_5746_5698", "date": "2021-05-08 00:00:00+00:00", "year": 2021, "mile": 572.0, "bin_order": 7 }, "geometry": { "type": "MultiPolygon", "coordinates": [ [ [ [ -91.226323444382899, 33.680420540741935 ], [ -91.226537254840565, 33.680210201869698 ], [ -91.226866344324094, 33.680187865535537 ], [ -91.227117938467401, 33.680366615998828 ], [ -91.227144657055277, 33.680641744405598 ], [ -91.226930846911188, 33.680852084328748 ], [ -91.226601754896024, 33.680874420750911 ], [ -91.226350160439139, 33.680695669236677 ], [ -91.226323444382899, 33.680420540741935 ] ] ], [ [ [ -91.220831647384983, 33.689583317291721 ], [ -91.221069126589413, 33.689391524000939 ], [ -91.221399284327191, 33.689396278270763 ], [ -91.221628720473035, 33.689594795198659 ], [ -91.221623034312188, 33.689870787001816 ], [ -91.221385554920772, 33.690062581340847 ], [ -91.221055394637702, 33.6900578269519 ], [ -91.220825958678859, 33.689859308975777 ], [ -91.220831647384983, 33.689583317291721 ] ] ], [ [ [ -91.218705401532929, 33.691476046905457 ], [ -91.218942890678392, 33.691284258083321 ], [ -91.219273055271714, 33.691289018268726 ], [ -91.21950249117188, 33.691487539093941 ], [ -91.219496797807892, 33.69176353049324 ], [ -91.219259308475216, 33.691955320363689 ], [ -91.218929141336375, 33.691950560059034 ], [ -91.218699705623436, 33.691752038185513 ], [ -91.218705401532929, 33.691476046905457 ] ] ], [ [ [ -91.216367406264567, 33.692982370842351 ], [ -91.216604904699821, 33.692790586866046 ], [ -91.216935074633042, 33.692795353485501 ], [ -91.217164508795292, 33.692993878564096 ], [ -91.217158807633425, 33.693269869544579 ], [ -91.216921309010687, 33.693461654569234 ], [ -91.216591136531775, 33.693456887830379 ], [ -91.216361702557009, 33.693258361703414 ], [ -91.216367406264567, 33.692982370842351 ] ] ], [ [ [ -91.213816960526771, 33.694398985723275 ], [ -91.214094575441067, 33.694195861656588 ], [ -91.214458536302871, 33.69424638171887 ], [ -91.21471438570147, 33.694561170174765 ], [ -91.214653948177798, 33.694865402251004 ], [ -91.214376243108617, 33.695014765827217 ], [ -91.214053523682537, 33.694956240766963 ], [ -91.213811248360486, 33.694674976136902 ], [ -91.213816960526771, 33.694398985723275 ] ] ], [ [ [ -91.221245141408843, 33.698511296051166 ], [ -91.221482645231291, 33.698319502998388 ], [ -91.221812837188295, 33.698324257267345 ], [ -91.222042297110178, 33.698522773955958 ], [ -91.222036610354522, 33.698798765421863 ], [ -91.221799106345074, 33.698990559523232 ], [ -91.221468911841669, 33.698985805135187 ], [ -91.221239452106772, 33.698787287397977 ], [ -91.221245141408843, 33.698511296051166 ] ] ], [ [ [ -91.181400514573454, 33.699480426599173 ], [ -91.181614480290449, 33.699270171305287 ], [ -91.181943648678782, 33.699247957543385 ], [ -91.182195199153128, 33.699426797773747 ], [ -91.182221777075924, 33.699701930558859 ], [ -91.182007811668171, 33.699912186904868 ], [ -91.181678640745147, 33.699934400751893 ], [ -91.181427089961559, 33.69975555946943 ], [ -91.181400514573454, 33.699480426599173 ] ] ], [ [ [ -91.182029845234695, 33.704089544730401 ], [ -91.182267448642122, 33.703897830667508 ], [ -91.182597654823837, 33.703902690445368 ], [ -91.182827035277896, 33.704101277358099 ], [ -91.182821221910089, 33.704377262627055 ], [ -91.182583618311511, 33.704568977738639 ], [ -91.182253409582898, 33.704564117839062 ], [ -91.182024029320004, 33.704365529877649 ], [ -91.182029845234695, 33.704089544730401 ] ] ], [ [ [ -91.192311192519, 33.704558547710285 ], [ -91.192548775348314, 33.70436681316 ], [ -91.192878985205525, 33.70437164551582 ], [ -91.193108391435686, 33.704570214134826 ], [ -91.193102610846083, 33.704846200954641 ], [ -91.192865027826684, 33.70503793655368 ], [ -91.192534815422476, 33.705033104076811 ], [ -91.192305409382399, 33.704834534409066 ], [ -91.192311192519, 33.704558547710285 ] ] ], [ [ [ -91.188800657702203, 33.70455768289316 ], [ -91.18903824801437, 33.704365955356813 ], [ -91.189368457227232, 33.704370797095947 ], [ -91.189597855063269, 33.704569371971203 ], [ -91.189592063246664, 33.704845358255362 ], [ -91.189354472744057, 33.705037086840449 ], [ -91.189024260984198, 33.705032244980046 ], [ -91.188794863338615, 33.704833669056057 ], [ -91.188800657702203, 33.70455768289316 ] ] ], [ [ [ -91.165887085355635, 33.70681343226871 ], [ -91.166124730960249, 33.706621750806065 ], [ -91.166454944590299, 33.706626654078768 ], [ -91.166684293380854, 33.706825269903007 ], [ -91.166678427784561, 33.707101252564215 ], [ -91.166440781987063, 33.707292935075614 ], [ -91.166110565809873, 33.707288031680108 ], [ -91.165881217212188, 33.707089414807115 ], [ -91.165887085355635, 33.70681343226871 ] ] ], [ [ [ -91.163175779681396, 33.708259744436845 ], [ -91.163413435203267, 33.70806806857216 ], [ -91.163743653866035, 33.708072979276963 ], [ -91.163972999856767, 33.708271600013958 ], [ -91.163967125268016, 33.708547582190789 ], [ -91.163729469552976, 33.708739259104277 ], [ -91.163399248342913, 33.708734348276487 ], [ -91.163169902545334, 33.708535726490688 ], [ -91.163175779681396, 33.708259744436845 ] ] ], [ [ [ -91.160750729025764, 33.710033294876602 ], [ -91.160988394792483, 33.709841624078102 ], [ -91.161318619793192, 33.709846541492141 ], [ -91.161547964502446, 33.710045166651369 ], [ -91.161542081763272, 33.710321148372969 ], [ -91.161304415803144, 33.710512820220323 ], [ -91.160974188254926, 33.710507902683126 ], [ -91.160744843739096, 33.710309276475051 ], [ -91.160750729025764, 33.710033294876602 ] ] ] ] } },
{ "type": "Feature", "properties": { "depth_bin": "11-12 ft", "survey_id": "LM_13_OZE_20210508_CS_5746_5698", "date": "2021-05-08 00:00:00+00:00", "year": 2021, "mile": 572.0, "bin_order": 6 }, "geometry": { "type": "MultiPolygon", "coordinates": [ [ [ [ -91.22551241129355, 33.683154031200438 ], [ -91.225726230742993, 33.682943694104942 ], [ -91.226055330791013, 33.68292136028635 ], [ -91.226306930883197, 33.683100112530518 ], [ -91.226333647319564, 33.683375240940279 ], [ -91.226119828183656, 33.683585579086795 ], [ -91.225790725603645, 33.683607912993338 ], [ -91.225539125197926, 33.68342915969815 ], [ -91.22551241129355, 33.683154031200438 ] ] ], [ [ [ -91.224503954572981, 33.685552004855239 ], [ -91.224717782611506, 33.685341669856328 ], [ -91.225046891968532, 33.685319339038735 ], [ -91.225409192430263, 33.685482744414806 ], [ -91.225481677421371, 33.685817324530035 ], [ -91.225267849950825, 33.686027660858429 ], [ -91.224938737913916, 33.686049992176628 ], [ -91.224576436075594, 33.685886585386214 ], [ -91.224503954572981, 33.685552004855239 ] ] ], [ [ [ -91.223020086476268, 33.687922777827147 ], [ -91.223257556270795, 33.687730979971889 ], [ -91.223587708052136, 33.687735728189224 ], [ -91.223817145184071, 33.687934241121923 ], [ -91.223811466374372, 33.688210233327496 ], [ -91.223573996393114, 33.688402032230918 ], [ -91.223243842066665, 33.688397283894638 ], [ -91.223014405121489, 33.688198769913754 ], [ -91.223020086476268, 33.687922777827147 ] ] ], [ [ [ -91.218833595517083, 33.691564246629021 ], [ -91.219071084640973, 33.691372457561563 ], [ -91.219401249594625, 33.691377217415344 ], [ -91.219630686025923, 33.691575738016901 ], [ -91.219624993052761, 33.691851729431498 ], [ -91.219387503741657, 33.692043519547276 ], [ -91.219057336242486, 33.692038759574245 ], [ -91.218827899998402, 33.691840237924382 ], [ -91.218833595517083, 33.691564246629021 ] ] ], [ [ [ -91.227338523149029, 33.693795368480082 ], [ -91.227552365866742, 33.693585029278495 ], [ -91.227881506381792, 33.693562691929927 ], [ -91.228133140435673, 33.693741441287862 ], [ -91.22815986443436, 33.694016569146186 ], [ -91.227946022030579, 33.694226909399184 ], [ -91.227616878982246, 33.694249246835916 ], [ -91.227365244614433, 33.694070496426534 ], [ -91.227338523149029, 33.693795368480082 ] ] ], [ [ [ -91.216470379890424, 33.693089329399903 ], [ -91.216707878411555, 33.692897545230842 ], [ -91.217038048772352, 33.692902311588384 ], [ -91.217267483453412, 33.693100836489364 ], [ -91.217261782597717, 33.693376827480556 ], [ -91.217024283889117, 33.693568612697987 ], [ -91.21669411098263, 33.693563846221039 ], [ -91.216464676489039, 33.693365320271703 ], [ -91.216470379890424, 33.693089329399903 ] ] ], [ [ [ -91.210429805130502, 33.694650945092 ], [ -91.21066732099753, 33.694459173167267 ], [ -91.210997496241703, 33.69446395586052 ], [ -91.211226920483114, 33.694662491619624 ], [ -91.21122119997969, 33.694938481630871 ], [ -91.210983683924539, 33.695130254604017 ], [ -91.210653506134506, 33.695125471790952 ], [ -91.210424082081204, 33.694926934983428 ], [ -91.210429805130502, 33.694650945092 ] ] ], [ [ [ -91.178499485743785, 33.704161373934134 ], [ -91.178713470450248, 33.703951124441076 ], [ -91.179042657140897, 33.703928919049005 ], [ -91.179294214509596, 33.704107765315378 ], [ -91.179320783880016, 33.704382898267035 ], [ -91.179106799482568, 33.704593148812428 ], [ -91.178777610256617, 33.70461535428948 ], [ -91.178526052578889, 33.704436506970758 ], [ -91.178499485743785, 33.704161373934134 ] ] ], [ [ [ -91.175404880880194, 33.704388965427178 ], [ -91.175642499264512, 33.704197264641721 ], [ -91.175972705374278, 33.704202142165293 ], [ -91.176202070749653, 33.704400740897164 ], [ -91.17619623612886, 33.704676725135187 ], [ -91.175958617552681, 33.704868426969334 ], [ -91.175628408896017, 33.704863549323584 ], [ -91.175399043712503, 33.70466494954303 ], [ -91.175404880880194, 33.704388965427178 ] ] ], [ [ [ -91.171881585502035, 33.704851161239475 ], [ -91.172119212717234, 33.704659467553149 ], [ -91.172449419946176, 33.704664354552868 ], [ -91.172678778073447, 33.704862959587025 ], [ -91.172672932082833, 33.705138943261694 ], [ -91.172435304675403, 33.705330637996717 ], [ -91.172105094899536, 33.705325750874586 ], [ -91.171875736964509, 33.705127144791732 ], [ -91.171881585502035, 33.704851161239475 ] ] ] ] } },
{ "type": "Feature", "properties": { "depth_bin": "12-13 ft", "survey_id": "LM_13_OZE_20210508_CS_5746_5698", "date": "2021-05-08 00:00:00+00:00", "year": 2021, "mile": 572.0, "bin_order": 5 }, "geometry": { "type": "MultiPolygon", "coordinates": [ [ [ [ -91.226503448113647, 33.680398791452014 ], [ -91.22674088900051, 33.680206985752811 ], [ -91.227071012644359, 33.680211723735496 ], [ -91.227300438890836, 33.680410230038007 ], [ -91.227294772824578, 33.680686223101532 ], [ -91.227057331751382, 33.680878029848621 ], [ -91.226727205563378, 33.680873291747218 ], [ -91.226497779503234, 33.680674784396814 ], [ -91.226503448113647, 33.680398791452014 ] ] ], [ [ [ -91.224831742711132, 33.685604790400539 ], [ -91.225069202023263, 33.68541298865501 ], [ -91.22539934526732, 33.685417731745837 ], [ -91.225628780807853, 33.685616241318783 ], [ -91.225623108285049, 33.685892233899359 ], [ -91.225385648786357, 33.686084036692975 ], [ -91.225055502997506, 33.68607929348331 ], [ -91.224826067643505, 33.685880782862277 ], [ -91.224831742711132, 33.685604790400539 ] ] ], [ [ [ -91.223163077572877, 33.687992344512388 ], [ -91.223400547260994, 33.68780054638011 ], [ -91.223730699333956, 33.687805294223978 ], [ -91.223960136984687, 33.68800380690557 ], [ -91.223954458617101, 33.688279799129461 ], [ -91.223716988742254, 33.688471598309903 ], [ -91.223386834124199, 33.688466850347083 ], [ -91.223157396660199, 33.688268336617327 ], [ -91.223163077572877, 33.687992344512388 ] ] ], [ [ [ -91.21894384329299, 33.691665544979536 ], [ -91.219181332471024, 33.691473755704131 ], [ -91.219511497831846, 33.691478515275861 ], [ -91.219740934784852, 33.691677035686482 ], [ -91.219735242142349, 33.691953027113122 ], [ -91.21949775277713, 33.692144817436848 ], [ -91.21916758487076, 33.692140057745867 ], [ -91.21893814810494, 33.69194153628694 ], [ -91.21894384329299, 33.691665544979536 ] ] ], [ [ [ -91.216551622018599, 33.69320897517985 ], [ -91.216789120708185, 33.693017190862911 ], [ -91.217119291541167, 33.693021957018203 ], [ -91.217348726721553, 33.693220481781005 ], [ -91.217343026099812, 33.69349647277906 ], [ -91.21710552722277, 33.69368825814437 ], [ -91.216775353844071, 33.693683491869692 ], [ -91.216545918851153, 33.693484966058506 ], [ -91.216551622018599, 33.69320897517985 ] ] ], [ [ [ -91.210497747812397, 33.694776102389561 ], [ -91.210735263892104, 33.694584330344163 ], [ -91.21106543962722, 33.694589112871427 ], [ -91.211294864350251, 33.694787648516453 ], [ -91.211289144037011, 33.695063638532346 ], [ -91.211051627769194, 33.695255411626157 ], [ -91.21072144948819, 33.69525062897911 ], [ -91.210492024953254, 33.695052092285657 ], [ -91.210497747812397, 33.694776102389561 ] ] ], [ [ [ -91.195430568151366, 33.699327116548034 ], [ -91.195668129369622, 33.699135375136279 ], [ -91.195998319780273, 33.699140198498007 ], [ -91.196227720119467, 33.699338761258765 ], [ -91.196221950645565, 33.699614748787688 ], [ -91.195984389237594, 33.699806491247969 ], [ -91.195654196280572, 33.699801667765414 ], [ -91.195424796131107, 33.699603103956136 ], [ -91.195430568151366, 33.699327116548034 ] ] ], [ [ [ -91.195869166193859, 33.704397673537677 ], [ -91.196106740975708, 33.70420593185996 ], [ -91.196436950865774, 33.70421075468537 ], [ -91.196666365189856, 33.704409316953594 ], [ -91.196660596014198, 33.704685304322481 ], [ -91.196423021042648, 33.70487704704896 ], [ -91.196092808605584, 33.704872224102751 ], [ -91.195863394471203, 33.704673660785772 ], [ -91.195869166193859, 33.704397673537677 ] ] ], [ [ [ -91.188604871347664, 33.699340348475864 ], [ -91.188842447155579, 33.699148620701095 ], [ -91.189172636371538, 33.699153462306654 ], [ -91.189402020431487, 33.699352037231421 ], [ -91.189396229129471, 33.699628023719029 ], [ -91.189158653131116, 33.699819752542318 ], [ -91.188828461368814, 33.699814910815483 ], [ -91.188599077499305, 33.699616334842183 ], [ -91.188604871347664, 33.699340348475864 ] ] ], [ [ [ -91.18145216727298, 33.699580840503685 ], [ -91.18168975901412, 33.699389127049592 ], [ -91.182019947840061, 33.699393987801606 ], [ -91.182249315415206, 33.699592575483202 ], [ -91.182243501189618, 33.699868560865227 ], [ -91.182005909257299, 33.700060275367839 ], [ -91.181675717885028, 33.700055414494074 ], [ -91.181446350501076, 33.699856825763966 ], [ -91.18145216727298, 33.699580840503685 ] ] ], [ [ [ -91.174316268539314, 33.70022798051432 ], [ -91.174553877337857, 33.700036281399832 ], [ -91.174884067327355, 33.70004116130513 ], [ -91.175113419490643, 33.700239761734323 ], [ -91.175107582305301, 33.700515745990877 ], [ -91.174869973314799, 33.700707446153885 ], [ -91.174539780778943, 33.700702566126331 ], [ -91.174310428807601, 33.700503964648632 ], [ -91.174316268539314, 33.70022798051432 ] ] ], [ [ [ -91.17184856787982, 33.704715165345142 ], [ -91.172086194776185, 33.704523471708306 ], [ -91.172416401478642, 33.704528358779008 ], [ -91.172645759180199, 33.704726963864054 ], [ -91.172639913114011, 33.705002947539711 ], [ -91.172402286025417, 33.705194642225237 ], [ -91.172072076776033, 33.705189755032144 ], [ -91.171842719266706, 33.704991148898401 ], [ -91.17184856787982, 33.704715165345142 ] ] ], [ [ [ -91.156751673833753, 33.706022612505187 ], [ -91.156989336635334, 33.705830949215056 ], [ -91.157319545544013, 33.705835876805828 ], [ -91.157548870460474, 33.706034508848923 ], [ -91.157542975821798, 33.706310490128942 ], [ -91.157305312826395, 33.706502154467763 ], [ -91.156975101370733, 33.706497226753577 ], [ -91.156745776648094, 33.706298593661792 ], [ -91.156751673833753, 33.706022612505187 ] ] ], [ [ [ -91.165806942220215, 33.706692701479611 ], [ -91.166044587649992, 33.706501020162513 ], [ -91.166374800803197, 33.706505923634062 ], [ -91.16660414909424, 33.706704539593943 ], [ -91.166598283268343, 33.706980522248145 ], [ -91.166360637645681, 33.70717220461399 ], [ -91.166030421945351, 33.707167301019638 ], [ -91.165801073847206, 33.706968684011002 ], [ -91.165806942220215, 33.706692701479611 ] ] ], [ [ [ -91.163069214484096, 33.708153919435006 ], [ -91.16330686993004, 33.70796224377051 ], [ -91.163637088168045, 33.707967154746676 ], [ -91.163866433634027, 33.708165775667226 ], [ -91.16386055872789, 33.708441757832283 ], [ -91.163622903088751, 33.708633434545568 ], [ -91.163292682303464, 33.708628523446414 ], [ -91.163063337030664, 33.708429901477054 ], [ -91.163069214484096, 33.708153919435006 ] ] ], [ [ [ -91.160655374756857, 33.709920439713329 ], [ -91.160893040403565, 33.709728769091768 ], [ -91.161223264954629, 33.709733686746283 ], [ -91.161452609148, 33.709932312068666 ], [ -91.161446726128872, 33.710208293780525 ], [ -91.161209060288726, 33.710399965450954 ], [ -91.160878833190154, 33.710395047673266 ], [ -91.160649489190234, 33.71019642130203 ], [ -91.160655374756857, 33.709920439713329 ] ] ] ] } },
{ "type": "Feature", "properties": { "depth_bin": "13-14 ft", "survey_id": "LM_13_OZE_20210508_CS_5746_5698", "date": "2021-05-08 00:00:00+00:00", "year": 2021, "mile": 572.0, "bin_order": 4 }, "geometry": { "type": "MultiPolygon", "coordinates": [ [ [ [ -91.225673970770472, 33.683179272771916 ], [ -91.22588778990459, 33.682968935386768 ], [ -91.226216890027345, 33.682946601139484 ], [ -91.226468490540569, 33.683125353067034 ], [ -91.226495207497635, 33.683400481457738 ], [ -91.22628138867708, 33.683610819893914 ], [ -91.225952286022348, 33.683633154229149 ], [ -91.225700685195577, 33.683454401250565 ], [ -91.225673970770472, 33.683179272771916 ] ] ], [ [ [ -91.223286480163509, 33.688100802396384 ], [ -91.223500317675686, 33.687890469889851 ], [ -91.22382943694798, 33.687868142651638 ], [ -91.224081046165125, 33.688046899612999 ], [ -91.224107756281768, 33.688322028113646 ], [ -91.223893919082997, 33.688532361671449 ], [ -91.223564797278073, 33.688554688997478 ], [ -91.223313187747522, 33.688375930984883 ], [ -91.223286480163509, 33.688100802396384 ] ] ], [ [ [ -91.220951048951477, 33.689695955239522 ], [ -91.221203476358752, 33.689471048047935 ], [ -91.221533634424731, 33.689475801968626 ], [ -91.221875563732496, 33.689726844169144 ], [ -91.22188731909273, 33.690035086627489 ], [ -91.22164983979593, 33.690226881474324 ], [ -91.221319678837162, 33.690222127771229 ], [ -91.220998887310202, 33.690001750487937 ], [ -91.220951048951477, 33.689695955239522 ] ] ], [ [ [ -91.210651352850263, 33.695019723020202 ], [ -91.210888869298429, 33.694827950697281 ], [ -91.211219045993047, 33.694832732844368 ], [ -91.211448471704585, 33.695031268229265 ], [ -91.211442751829793, 33.695307258257444 ], [ -91.211205235193546, 33.695499031628785 ], [ -91.210875055953011, 33.6954942493619 ], [ -91.210645630429568, 33.695295712928591 ], [ -91.210651352850263, 33.695019723020202 ] ] ], [ [ [ -91.217738247638266, 33.700146818958551 ], [ -91.217952129456577, 33.699936497863582 ], [ -91.218281295577725, 33.699914186997631 ], [ -91.21853292674416, 33.700092955701486 ], [ -91.218559621052634, 33.70036808443664 ], [ -91.21834573954736, 33.700578406583382 ], [ -91.218016570892019, 33.700600717536879 ], [ -91.217764939412547, 33.700421947781273 ], [ -91.217738247638266, 33.700146818958551 ] ] ], [ [ [ -91.185266273741632, 33.703946297941862 ], [ -91.185503869840161, 33.703754577394044 ], [ -91.18583407606701, 33.703759428503204 ], [ -91.186063463893774, 33.703958009641333 ], [ -91.186057660907665, 33.704233995412459 ], [ -91.185820064618341, 33.704425717008974 ], [ -91.185489855844594, 33.704420865778289 ], [ -91.185260468208654, 33.70422228359147 ], [ -91.185266273741632, 33.703946297941862 ] ] ], [ [ [ -91.182009079607738, 33.703953934512988 ], [ -91.182246682671462, 33.703762220475177 ], [ -91.182576888330487, 33.703767080291399 ], [ -91.182806268389029, 33.703965667233298 ], [ -91.182800454984559, 33.704241652505139 ], [ -91.182562851729685, 33.704433367591641 ], [ -91.18223264352379, 33.704428507653688 ], [ -91.182003263656412, 33.704229919663099 ], [ -91.182009079607738, 33.703953934512988 ] ] ], [ [ [ -91.175363597967362, 33.70428617014656 ], [ -91.175577590384179, 33.704075926358094 ], [ -91.175906777961544, 33.704053729371083 ], [ -91.176158328873953, 33.704232581819561 ], [ -91.176184888226814, 33.704507715108967 ], [ -91.175970896118699, 33.704717959949811 ], [ -91.175641706005962, 33.704740157021575 ], [ -91.175390154784864, 33.704561303520741 ], [ -91.175363597967362, 33.70428617014656 ] ] ], [ [ [ -91.159950382645761, 33.704276749331456 ], [ -91.160188033635819, 33.704085079430911 ], [ -91.1605182364585, 33.704089998248286 ], [ -91.160747564579466, 33.704288624494183 ], [ -91.160741680558871, 33.704564606349102 ], [ -91.160504029375346, 33.70475627729828 ], [ -91.160173824005881, 33.704751358357704 ], [ -91.159944496078396, 33.704552731063167 ], [ -91.159950382645761, 33.704276749331456 ] ] ], [ [ [ -91.160538929977847, 33.709823169821554 ], [ -91.160776595594129, 33.709631499421008 ], [ -91.161106819751282, 33.709636417374377 ], [ -91.161336163418014, 33.709835042898376 ], [ -91.16133028004802, 33.710111024596529 ], [ -91.161092614238299, 33.710302696045929 ], [ -91.160762387533637, 33.71029777796938 ], [ -91.160533044060372, 33.710099151396527 ], [ -91.160538929977847, 33.709823169821554 ] ] ] ] } },
{ "type": "Feature", "properties": { "depth_bin": "14-15 ft", "survey_id": "LM_13_OZE_20210508_CS_5746_5698", "date": "2021-05-08 00:00:00+00:00", "year": 2021, "mile": 572.0, "bin_order": 3 }, "geometry": { "type": "MultiPolygon", "coordinates": [ [ [ [ -91.231068001889696, 33.687336151622965 ], [ -91.231281819078575, 33.687125804940955 ], [ -91.231610934372895, 33.687103456800884 ], [ -91.23186255828746, 33.68728219837768 ], [ -91.231889293167953, 33.687557326023047 ], [ -91.231675476293248, 33.687767673756198 ], [ -91.231346358466524, 33.687790021984604 ], [ -91.231094734237757, 33.68761127935668 ], [ -91.231068001889696, 33.687336151622965 ] ] ], [ [ [ -91.223439360625946, 33.688140919171531 ], [ -91.223676830148904, 33.687949120505671 ], [ -91.224006982839441, 33.687953867629716 ], [ -91.224236421528758, 33.688152379826867 ], [ -91.224230744012374, 33.688428372085497 ], [ -91.223993274302714, 33.688620171799549 ], [ -91.223663119067055, 33.688615424556566 ], [ -91.22343368056444, 33.688416911311236 ], [ -91.223439360625946, 33.688140919171531 ] ] ], [ [ [ -91.219046441826265, 33.691774373060269 ], [ -91.219283931096243, 33.691582583593068 ], [ -91.219614096891661, 33.691587342904128 ], [ -91.219843534367357, 33.691785863137873 ], [ -91.21983784202942, 33.692061854575059 ], [ -91.219600352572272, 33.692253645090574 ], [ -91.219270184231291, 33.692248885660291 ], [ -91.219040746942781, 33.692050364378218 ], [ -91.219046441826265, 33.691774373060269 ] ] ], [ [ [ -91.216648846021087, 33.693319492646573 ], [ -91.21688634481896, 33.693127708148772 ], [ -91.217216516092094, 33.693132474057954 ], [ -91.217445951786658, 33.693330998653586 ], [ -91.217440251451947, 33.693606989661333 ], [ -91.217202752466619, 33.693798775207512 ], [ -91.216872578647767, 33.69379400917893 ], [ -91.216643143140644, 33.693595483534921 ], [ -91.216648846021087, 33.693319492646573 ] ] ], [ [ [ -91.213981197328664, 33.694636591279824 ], [ -91.214218705579597, 33.694444812263924 ], [ -91.214548881409527, 33.694449585465101 ], [ -91.214778314095454, 33.694648114891372 ], [ -91.214772604948848, 33.694924105438709 ], [ -91.214535096510176, 33.695115885503007 ], [ -91.214204918134357, 33.695111112182261 ], [ -91.213975485636183, 33.69491258170757 ], [ -91.213981197328664, 33.694636591279824 ] ] ], [ [ [ -91.21057271520182, 33.694900055743865 ], [ -91.2108915837929, 33.694688935693776 ], [ -91.211247866737438, 33.69476904164388 ], [ -91.21153789572304, 33.695225262120587 ], [ -91.211442062836966, 33.695523074621448 ], [ -91.211148173802087, 33.695648958408889 ], [ -91.210833872416089, 33.695564266275433 ], [ -91.210553421057782, 33.695142520194743 ], [ -91.21057271520182, 33.694900055743865 ] ] ], [ [ [ -91.224512835648866, 33.696529914843168 ], [ -91.224750326838148, 33.6963381150331 ], [ -91.225080511802034, 33.696342860324407 ], [ -91.22530997446718, 33.696541371073856 ], [ -91.225304298584447, 33.696817363118107 ], [ -91.22506680720852, 33.697009163976716 ], [ -91.224736619698461, 33.697004418566543 ], [ -91.224507157219961, 33.696805906768553 ], [ -91.224512835648866, 33.696529914843168 ] ] ], [ [ [ -91.185253707086275, 33.703809093668148 ], [ -91.185491302819102, 33.703617373128864 ], [ -91.185821508518657, 33.703622224254325 ], [ -91.186050895965423, 33.703820805406941 ], [ -91.186045092969195, 33.704096791182259 ], [ -91.185807497045531, 33.704288512770241 ], [ -91.185477288799106, 33.70428366152327 ], [ -91.185247901543164, 33.70408507932197 ], [ -91.185253707086275, 33.703809093668148 ] ] ], [ [ [ -91.181998816143889, 33.703816329064729 ], [ -91.182236418835814, 33.703624615030783 ], [ -91.182566623966437, 33.703629474857067 ], [ -91.182796003649486, 33.70382806180929 ], [ -91.1827901902424, 33.704104047085728 ], [ -91.182552587359311, 33.704295762168357 ], [ -91.182222379681832, 33.704290902220357 ], [ -91.181993000189934, 33.70409231421943 ], [ -91.181998816143889, 33.703816329064729 ] ] ], [ [ [ -91.178481738678158, 33.703994111932609 ], [ -91.178719349375186, 33.703802404949307 ], [ -91.179049554540185, 33.703807274198773 ], [ -91.179278926266733, 33.704005867426936 ], [ -91.179273101572832, 33.70428185215566 ], [ -91.179035490684271, 33.70447356018763 ], [ -91.178705282972416, 33.704468690816213 ], [ -91.178475911437417, 33.704270096539375 ], [ -91.178481738678158, 33.703994111932609 ] ] ], [ [ [ -91.171817304934763, 33.704580449494834 ], [ -91.172054931512207, 33.704388755904127 ], [ -91.172385137693425, 33.704393643041264 ], [ -91.172614494976742, 33.704592248174137 ], [ -91.172608648840296, 33.704868231851016 ], [ -91.172371022070607, 33.705059926490399 ], [ -91.172040813342491, 33.705055039230864 ], [ -91.171811456251419, 33.704856433049279 ], [ -91.171817304934763, 33.704580449494834 ] ] ], [ [ [ -91.168745420484768, 33.705592998581928 ], [ -91.168983056505766, 33.705401311255656 ], [ -91.169313265994248, 33.705406206732533 ], [ -91.169542618511286, 33.705604817395297 ], [ -91.1695367623268, 33.705880800552862 ], [ -91.169299126113216, 33.706072488927838 ], [ -91.168968914077738, 33.706067593328356 ], [ -91.168739561753256, 33.705868981616888 ], [ -91.168745420484768, 33.705592998581928 ] ] ], [ [ [ -91.165733911134481, 33.706569587610097 ], [ -91.165971556367438, 33.706377906424031 ], [ -91.166301769035996, 33.706382810075091 ], [ -91.166531116838442, 33.706581426157825 ], [ -91.166525250806231, 33.706857408806258 ], [ -91.16628760538039, 33.707049091041064 ], [ -91.165957390164721, 33.707044187267194 ], [ -91.165728042555173, 33.706845570135705 ], [ -91.165733911134481, 33.706569587610097 ] ] ], [ [ [ -91.160432182546558, 33.709718799835322 ], [ -91.160669848091388, 33.709527129635525 ], [ -91.161000071829278, 33.709532047860918 ], [ -91.161229414974486, 33.70973067356887 ], [ -91.161223531286211, 33.710006655255121 ], [ -91.160985865547914, 33.710198326503757 ], [ -91.160655639262558, 33.710193408155178 ], [ -91.160426296310817, 33.709994781398393 ], [ -91.160432182546558, 33.709718799835322 ] ] ] ] } },
{ "type": "Feature", "properties": { "depth_bin": "15-17.5 ft", "survey_id": "LM_13_OZE_20210508_CS_5746_5698", "date": "2021-05-08 00:00:00+00:00", "year": 2021, "mile": 572.0, "bin_order": 2 }, "geometry": { "type": "MultiPolygon", "coordinates": [ [ [ [ -91.226686340329167, 33.680375107598856 ], [ -91.226945125036764, 33.680203682195348 ], [ -91.227273103696291, 33.680235448874008 ], [ -91.227478152595864, 33.680451799372214 ], [ -91.227440156390912, 33.680725999212669 ], [ -91.227181371004235, 33.680897425620792 ], [ -91.226853389885775, 33.680865658621272 ], [ -91.226648341665282, 33.680649307118458 ], [ -91.226686340329167, 33.680375107598856 ] ] ], [ [ [ -91.231938344197729, 33.680574565679528 ], [ -91.232197119600983, 33.680403128957735 ], [ -91.232525101593552, 33.680434881774652 ], [ -91.23273016451121, 33.680651223987368 ], [ -91.232692184798154, 33.680925425972248 ], [ -91.232433408716361, 33.681096863698713 ], [ -91.232105424264702, 33.681065110561285 ], [ -91.231900362025584, 33.680848767343875 ], [ -91.231938344197729, 33.680574565679528 ] ] ], [ [ [ -91.225867931457643, 33.683141107889533 ], [ -91.226167964135854, 33.682961675654809 ], [ -91.22657874919372, 33.68301136936708 ], [ -91.226808181408543, 33.683209876702996 ], [ -91.226802513170114, 33.68348586956769 ], [ -91.226524962468716, 33.683689024631356 ], [ -91.226072936035365, 33.683647339553396 ], [ -91.225843504458794, 33.683448830882043 ], [ -91.225867931457643, 33.683141107889533 ] ] ], [ [ [ -91.225000377092258, 33.685631748169683 ], [ -91.225143819300897, 33.685503927957413 ], [ -91.225384715627783, 33.685446598522418 ], [ -91.225886402908571, 33.685608871420776 ], [ -91.226091460366277, 33.685825224343411 ], [ -91.226053456617677, 33.686099423310225 ], [ -91.225910014676515, 33.686227244578959 ], [ -91.225669116447847, 33.68628457497239 ], [ -91.225167425747543, 33.686122301093988 ], [ -91.224962370006324, 33.685905946699151 ], [ -91.225000377092258, 33.685631748169683 ] ] ], [ [ [ -91.223602398367348, 33.688176190259021 ], [ -91.223861213012356, 33.688004772482863 ], [ -91.22418921966981, 33.68803654823936 ], [ -91.224394278227621, 33.688252903948367 ], [ -91.224356267683163, 33.688527102080393 ], [ -91.224097452358521, 33.688698520861401 ], [ -91.223769443241267, 33.688666744783774 ], [ -91.22356438536309, 33.688450388069917 ], [ -91.223602398367348, 33.688176190259021 ] ] ], [ [ [ -91.221245781545719, 33.68979832248143 ], [ -91.221504605657728, 33.689626909997855 ], [ -91.221832617294567, 33.689658692178419 ], [ -91.222152359716375, 33.689926562252992 ], [ -91.222127916456856, 33.690234283695439 ], [ -91.22186909164428, 33.690405697450466 ], [ -91.221541077162627, 33.690373915277689 ], [ -91.22122133511904, 33.690106043646558 ], [ -91.221245781545719, 33.68979832248143 ] ] ], [ [ [ -91.229609419973059, 33.690729803416168 ], [ -91.229868231163081, 33.690558372978579 ], [ -91.230196250435668, 33.690590133152163 ], [ -91.230401330289311, 33.690806479484749 ], [ -91.230363337246942, 33.691080679939574 ], [ -91.230104525377826, 33.691252111382205 ], [ -91.22977650364497, 33.691220350887882 ], [ -91.229571424470421, 33.69100400355024 ], [ -91.229609419973059, 33.690729803416168 ] ] ], [ [ [ -91.21917885184746, 33.69184224171466 ], [ -91.219437686184122, 33.691670833950759 ], [ -91.219765704539029, 33.691702621839909 ], [ -91.219970759948112, 33.691918984695057 ], [ -91.219932733252804, 33.692193180800636 ], [ -91.219673898235939, 33.692364589569458 ], [ -91.219345877420906, 33.692332801358859 ], [ -91.21914082269204, 33.69211643749879 ], [ -91.21917885184746, 33.69184224171466 ] ] ], [ [ [ -91.227247777594144, 33.693639970738722 ], [ -91.227506602244759, 33.693468545762897 ], [ -91.227834631371621, 33.693500312526027 ], [ -91.228039711700944, 33.693716662716 ], [ -91.228001709476771, 33.693990862036507 ], [ -91.227742884146735, 33.694162288017431 ], [ -91.22741485255932, 33.694130520933371 ], [ -91.227209772909418, 33.693914169738271 ], [ -91.227247777594144, 33.693639970738722 ] ] ], [ [ [ -91.214082175881458, 33.694723513609993 ], [ -91.21438227312926, 33.694544112443445 ], [ -91.214738559193904, 33.694624208409103 ], [ -91.215039634756963, 33.695038736032799 ], [ -91.21495339074778, 33.695371027318714 ], [ -91.214659506974542, 33.695496919651106 ], [ -91.214345202270607, 33.695412236359537 ], [ -91.214044128903737, 33.694997707132742 ], [ -91.214082175881458, 33.694723513609993 ] ] ], [ [ [ -91.210792189488131, 33.695243985826998 ], [ -91.211092295064674, 33.695064592953912 ], [ -91.211479455724174, 33.695168917359211 ], [ -91.21173933894589, 33.695601326121107 ], [ -91.211614531906577, 33.695924947479575 ], [ -91.211307295352469, 33.696026147023268 ], [ -91.211004437136168, 33.695916112235132 ], [ -91.210754131794175, 33.695518177964679 ], [ -91.210792189488131, 33.695243985826998 ] ] ], [ [ [ -91.20787893360162, 33.695759314374961 ], [ -91.208137801396418, 33.695587931520514 ], [ -91.208465829009114, 33.695619749760176 ], [ -91.208670864052678, 33.695836130628521 ], [ -91.208632799297519, 33.696110321858093 ], [ -91.208373930821239, 33.696281705717432 ], [ -91.208045900748246, 33.696249887155567 ], [ -91.20784086638615, 33.696033505282308 ], [ -91.20787893360162, 33.695759314374961 ] ] ], [ [ [ -91.204977136519346, 33.697282577436681 ], [ -91.205236014506838, 33.697111201045367 ], [ -91.205564046453517, 33.697143027141749 ], [ -91.2057690774337, 33.697359412658187 ], [ -91.205731002597787, 33.697633602604405 ], [ -91.205472123928487, 33.69780498000064 ], [ -91.205144089521383, 33.697773153581828 ], [ -91.204939059223008, 33.69755676706049 ], [ -91.204977136519346, 33.697282577436681 ] ] ], [ [ [ -91.174360243691396, 33.700332444499622 ], [ -91.174619188899655, 33.700161134709525 ], [ -91.174947217230198, 33.700193042146935 ], [ -91.175152175875297, 33.700409476097171 ], [ -91.175114002356025, 33.700683653197842 ], [ -91.174855056462732, 33.700854963992469 ], [ -91.174527025672177, 33.700823056230618 ], [ -91.174322067712112, 33.700606621275853 ], [ -91.174360243691396, 33.700332444499622 ] ] ], [ [ [ -91.170528806420862, 33.70071629052088 ], [ -91.170787760043837, 33.700544989069783 ], [ -91.171115787923455, 33.700576906686855 ], [ -91.171320737516069, 33.700793346694461 ], [ -91.171282551645291, 33.70106752218188 ], [ -91.171023597336898, 33.701238824637471 ], [ -91.170695566997338, 33.70120690669571 ], [ -91.170490618090156, 33.700990465683603 ], [ -91.170528806420862, 33.70071629052088 ] ] ], [ [ [ -91.163241491937058, 33.702365942399489 ], [ -91.163500464411129, 33.702194656928405 ], [ -91.163828494910234, 33.702226594019947 ], [ -91.164033429356294, 33.702443045588929 ], [ -91.163995219444985, 33.702717217952099 ], [ -91.163736246284699, 33.702888504427591 ], [ -91.163408213325638, 33.702856567010869 ], [ -91.163203279565806, 33.702640114437457 ], [ -91.163241491937058, 33.702365942399489 ] ] ], [ [ [ -91.185260763122798, 33.703639363185403 ], [ -91.185519698007113, 33.703468030229601 ], [ -91.185847744266667, 33.703499909238943 ], [ -91.186052738591641, 33.703716326151032 ], [ -91.186014597603005, 33.703990507584436 ], [ -91.185755662034666, 33.704161841545087 ], [ -91.185427613314431, 33.704129962211994 ], [ -91.185222619673482, 33.703913544295055 ], [ -91.185260763122798, 33.703639363185403 ] ] ], [ [ [ -91.203230947005011, 33.70401629590711 ], [ -91.203489849130307, 33.70384492413227 ], [ -91.203817905708902, 33.703876755654271 ], [ -91.204022947386591, 33.704093144227329 ], [ -91.203984863047083, 33.704367333070806 ], [ -91.203725960239581, 33.70453870585078 ], [ -91.203397901199793, 33.704506874006192 ], [ -91.203192860204297, 33.704290484428 ], [ -91.203230947005011, 33.70401629590711 ] ] ], [ [ [ -91.19588422029274, 33.704227693676572 ], [ -91.196143136945665, 33.704056337815921 ], [ -91.196471190693416, 33.704088188796611 ], [ -91.196676213839922, 33.704304588974551 ], [ -91.196638106123686, 33.704578774771093 ], [ -91.196379188787802, 33.704750131636779 ], [ -91.196051132579015, 33.704718280333019 ], [ -91.195846110115454, 33.704501879150037 ], [ -91.19588422029274, 33.704227693676572 ] ] ], [ [ [ -91.175347769407992, 33.704090542990336 ], [ -91.175606724393617, 33.703919231538748 ], [ -91.175934767442584, 33.703951136822347 ], [ -91.176139737125666, 33.704167569388105 ], [ -91.176101564498012, 33.704441746684765 ], [ -91.175842608827352, 33.70461305914106 ], [ -91.17551456331789, 33.704581153533049 ], [ -91.175309594319856, 33.704364719962591 ], [ -91.175347769407992, 33.704090542990336 ] ] ], [ [ [ -91.192323065176637, 33.704388591315841 ], [ -91.192581989050964, 33.704217243177624 ], [ -91.192910041645803, 33.704249103597398 ], [ -91.193115055940396, 33.704465509401949 ], [ -91.193076936858319, 33.704739693716597 ], [ -91.192818012300677, 33.704911042859777 ], [ -91.192489957244874, 33.704879182116706 ], [ -91.192284943633595, 33.704662775307163 ], [ -91.192323065176637, 33.704388591315841 ] ] ], [ [ [ -91.171783976626742, 33.704417286981062 ], [ -91.172042939346923, 33.704245983282583 ], [ -91.172370981862258, 33.704277898031975 ], [ -91.172575943056017, 33.704494336231427 ], [ -91.172537758956082, 33.704768512029503 ], [ -91.172278795550483, 33.704939816732626 ], [ -91.171950750574723, 33.704907901658579 ], [ -91.171745790066367, 33.704691462454491 ], [ -91.171783976626742, 33.704417286981062 ] ] ], [ [ [ -91.168694383070189, 33.705437457111643 ], [ -91.168953354778196, 33.705266160228739 ], [ -91.169281399620019, 33.705298083274556 ], [ -91.169486355116177, 33.705514526391475 ], [ -91.169448160631831, 33.705788700847499 ], [ -91.16918918823805, 33.705959998735047 ], [ -91.168861140935746, 33.705928075364376 ], [ -91.168656186125361, 33.705711631242814 ], [ -91.168694383070189, 33.705437457111643 ] ] ], [ [ [ -91.162985171393316, 33.70801522260718 ], [ -91.163244161855872, 33.707843938408885 ], [ -91.163572213617329, 33.70787587687137 ], [ -91.163777160144903, 33.708092329106449 ], [ -91.163738946056938, 33.7083665010408 ], [ -91.16347995490797, 33.708537786243738 ], [ -91.163151900685861, 33.708505847455982 ], [ -91.162946954844699, 33.708289394216273 ], [ -91.162985171393316, 33.70801522260718 ] ] ] ] } },
{ "type": "Feature", "properties": { "depth_bin": "17.5-20 ft", "survey_id": "LM_13_OZE_20210508_CS_5746_5698", "date": "2021-05-08 00:00:00+00:00", "year": 2021, "mile": 572.0, "bin_order": 1 }, "geometry": { "type": "MultiPolygon", "coordinates": [ [ [ [ -91.226831181193489, 33.680413377269872 ], [ -91.227068621422987, 33.680221570918683 ], [ -91.227398745181205, 33.680226308027692 ], [ -91.22762817224681, 33.680424813746612 ], [ -91.227622507224652, 33.680700806858496 ], [ -91.227385066808864, 33.680892614257587 ], [ -91.227054940506477, 33.680887877029882 ], [ -91.226825513627148, 33.68068937026306 ], [ -91.226831181193489, 33.680413377269872 ] ] ], [ [ [ -91.226191376773926, 33.683191423432255 ], [ -91.226450171119978, 33.683019999446223 ], [ -91.226778160189923, 33.683051767766777 ], [ -91.226983214173828, 33.683268119169483 ], [ -91.226945214748667, 33.683542318647312 ], [ -91.226686419723393, 33.683713743638037 ], [ -91.226358428194203, 33.683681974996567 ], [ -91.22615337488952, 33.683465622589168 ], [ -91.226191376773926, 33.683191423432255 ] ] ], [ [ [ -91.232008231774074, 33.684062449445932 ], [ -91.232267017823091, 33.68389101300366 ], [ -91.232595013044573, 33.683922766047161 ], [ -91.232800084025229, 33.684139108300869 ], [ -91.232762102486021, 33.684413310117179 ], [ -91.232503315758336, 33.68458474756428 ], [ -91.232175318077367, 33.684552994200239 ], [ -91.231970247775337, 33.684336650941717 ], [ -91.232008231774074, 33.684062449445932 ] ] ], [ [ [ -91.225442016730284, 33.685812147892612 ], [ -91.225679475332555, 33.685620344954216 ], [ -91.226009619478603, 33.685625086440176 ], [ -91.226239057004648, 33.68582359493633 ], [ -91.226233386387833, 33.686099587598981 ], [ -91.225995927599087, 33.686291391585492 ], [ -91.225665780908201, 33.686286649980723 ], [ -91.225436343568632, 33.686088140436468 ], [ -91.225442016730284, 33.685812147892612 ] ] ], [ [ [ -91.223750909953679, 33.688235906386041 ], [ -91.224009724502764, 33.68806448829644 ], [ -91.224337731459187, 33.68809626366729 ], [ -91.22454279053575, 33.688312619144391 ], [ -91.22450478042596, 33.688586817334063 ], [ -91.224245965197255, 33.688758236428527 ], [ -91.223917955781019, 33.68872646073654 ], [ -91.223712897384075, 33.68851010425459 ], [ -91.223750909953679, 33.688235906386041 ] ] ], [ [ [ -91.22150120807828, 33.689970765538192 ], [ -91.221760032240994, 33.689799352524119 ], [ -91.222088044656033, 33.689831134049712 ], [ -91.222408592147502, 33.690100482596669 ], [ -91.222384149721321, 33.690408204109687 ], [ -91.222125324855028, 33.690579618396804 ], [ -91.221797309589135, 33.690547836880981 ], [ -91.221476762482709, 33.690278486773735 ], [ -91.22150120807828, 33.689970765538192 ] ] ], [ [ [ -91.216769059926293, 33.69339704122131 ], [ -91.217027903623389, 33.693225638857939 ], [ -91.217355926676504, 33.693257433304765 ], [ -91.217560979369495, 33.693473800033431 ], [ -91.217522944134686, 33.693747995059361 ], [ -91.217264099757088, 33.693919398427667 ], [ -91.216936074243719, 33.693887603659228 ], [ -91.216731022231215, 33.693671235925613 ], [ -91.216769059926293, 33.69339704122131 ] ] ], [ [ [ -91.214329006494808, 33.695081194536868 ], [ -91.214629104536286, 33.694901792804167 ], [ -91.214985392325048, 33.694981888108821 ], [ -91.215210086600521, 33.695312707721811 ], [ -91.215114266147125, 33.695610523479459 ], [ -91.214820381758585, 33.695736416171158 ], [ -91.214506076016008, 33.695651733258615 ], [ -91.214290960087183, 33.695355388141017 ], [ -91.214329006494808, 33.695081194536868 ] ] ], [ [ [ -91.211015210846995, 33.695611845584708 ], [ -91.211274072262711, 33.695440455932548 ], [ -91.211602100863914, 33.695472265860147 ], [ -91.211807143684609, 33.695688641771049 ], [ -91.211769088939661, 33.69596283430181 ], [ -91.211510226842819, 33.696134224958911 ], [ -91.211182195781205, 33.696102414709287 ], [ -91.210977153641679, 33.695886037793443 ], [ -91.211015210846995, 33.695611845584708 ] ] ], [ [ [ -91.224417649485645, 33.696399776457149 ], [ -91.224676488019, 33.696228357937841 ], [ -91.225004526201445, 33.696260132512677 ], [ -91.225209605454737, 33.696476487293722 ], [ -91.225171592652998, 33.696750685295306 ], [ -91.224912753439853, 33.696922104819791 ], [ -91.22458471279657, 33.696890329923804 ], [ -91.22437963422307, 33.696673974137568 ], [ -91.224417649485645, 33.696399776457149 ] ] ], [ [ [ -91.221151037151699, 33.698398396941847 ], [ -91.221388540852431, 33.698206604063451 ], [ -91.221718732360657, 33.698211358569949 ], [ -91.221948191769599, 33.698409875420126 ], [ -91.221942504737299, 33.698685866876964 ], [ -91.221705000849553, 33.698877660803952 ], [ -91.221374806794927, 33.698872906178366 ], [ -91.221145347573, 33.698674388279599 ], [ -91.221151037151699, 33.698398396941847 ] ] ], [ [ [ -91.181449181167693, 33.699689966183861 ], [ -91.181708111014288, 33.699518640975896 ], [ -91.182036140431592, 33.699550529587277 ], [ -91.182241115975359, 33.699766952330982 ], [ -91.182202965268175, 33.700041132409353 ], [ -91.181944034737313, 33.700212458621927 ], [ -91.181616002859883, 33.700180569686594 ], [ -91.181411028000397, 33.69996414593826 ], [ -91.181449181167693, 33.699689966183861 ] ] ], [ [ [ -91.206919959909911, 33.703533679396671 ], [ -91.207178853573708, 33.703362299585031 ], [ -91.207506910146151, 33.703394121291055 ], [ -91.207711960276683, 33.703610504018911 ], [ -91.207673887897698, 33.703884694412004 ], [ -91.207414993552092, 33.704056075228834 ], [ -91.207086934518401, 33.704024253200437 ], [ -91.206881885069691, 33.703807869467425 ], [ -91.206919959909911, 33.703533679396671 ] ] ], [ [ [ -91.185230909135939, 33.703534668100012 ], [ -91.185468504132359, 33.703342947573127 ], [ -91.185798708777739, 33.703347798724906 ], [ -91.186028095470022, 33.703546379902342 ], [ -91.18602229246099, 33.703822365686449 ], [ -91.185784697273746, 33.704014087262024 ], [ -91.18545449008154, 33.704009235988742 ], [ -91.185225103580066, 33.703810653762623 ], [ -91.185230909135939, 33.703534668100012 ] ] ], [ [ [ -91.181993461955997, 33.703510739098846 ], [ -91.18229365369146, 33.703331419387922 ], [ -91.18268081188009, 33.703435834043141 ], [ -91.182810153376721, 33.703829355193506 ], [ -91.182678417808347, 33.704082472894868 ], [ -91.182371121200049, 33.704183598220375 ], [ -91.182068275106289, 33.704073492862356 ], [ -91.181948616475765, 33.703852030409294 ], [ -91.181993461955997, 33.703510739098846 ] ] ], [ [ [ -91.178468131107721, 33.703856913096381 ], [ -91.178705741441192, 33.703665206123652 ], [ -91.179035946078727, 33.703670075392118 ], [ -91.17926531742286, 33.703868668636574 ], [ -91.179259492715616, 33.704144653369333 ], [ -91.179021882190597, 33.704336361390737 ], [ -91.17869167500622, 33.704331492000314 ], [ -91.178462303853621, 33.70413289770719 ], [ -91.178468131107721, 33.703856913096381 ] ] ], [ [ [ -91.188818015855318, 33.704389776008384 ], [ -91.189076946349644, 33.704218435451885 ], [ -91.18940499721333, 33.704250305142992 ], [ -91.189610002439636, 33.704466716477626 ], [ -91.189571872263954, 33.704740899341601 ], [ -91.189312941085944, 33.704912240903006 ], [ -91.188984887761393, 33.704880370888368 ], [ -91.188779883218757, 33.704663958548821 ], [ -91.188818015855318, 33.704389776008384 ] ] ], [ [ [ -91.171732538511193, 33.704287104152286 ], [ -91.171991500925117, 33.704115800548642 ], [ -91.17231954292194, 33.704147715418195 ], [ -91.172524503688749, 33.704364153692737 ], [ -91.172486319503435, 33.704638329476865 ], [ -91.172227356404107, 33.704809634085144 ], [ -91.171899311946845, 33.704777718890945 ], [ -91.171694351865469, 33.70456127961176 ], [ -91.171732538511193, 33.704287104152286 ] ] ], [ [ [ -91.168622491670874, 33.705313484347684 ], [ -91.168881463130361, 33.705142187604658 ], [ -91.169209507467002, 33.70517411082546 ], [ -91.169414462497244, 33.705390554049991 ], [ -91.16937626785915, 33.705664728483185 ], [ -91.169117295713889, 33.705836026230848 ], [ -91.168789248916781, 33.7058041026852 ], [ -91.168584294572298, 33.705587658456025 ], [ -91.168622491670874, 33.705313484347684 ] ] ], [ [ [ -91.16567692106581, 33.706416888072837 ], [ -91.165935901499253, 33.706245597845033 ], [ -91.166263948548377, 33.706277528991826 ], [ -91.166468898440712, 33.706493976910309 ], [ -91.166430693823827, 33.706768150055751 ], [ -91.166171712704283, 33.706939441288185 ], [ -91.16584366319465, 33.70690750981634 ], [ -91.165638713988415, 33.70669106089322 ], [ -91.16567692106581, 33.706416888072837 ] ] ], [ [ [ -91.162905278186358, 33.707892922206064 ], [ -91.163164268420559, 33.707721638165175 ], [ -91.163492319679094, 33.70775357682399 ], [ -91.163697265723798, 33.707970029179293 ], [ -91.163659051455852, 33.708244201087382 ], [ -91.163400060535224, 33.708415486132907 ], [ -91.163072006816037, 33.708383547148856 ], [ -91.162867061457789, 33.708167093788887 ], [ -91.162905278186358, 33.707892922206064 ] ] ], [ [ [ -91.160349736811213, 33.709578442500728 ], [ -91.160608737088324, 33.709407164206404 ], [ -91.160936793456841, 33.709439109831834 ], [ -91.161141736685323, 33.709655566293023 ], [ -91.161103513324463, 33.709929737041065 ], [ -91.160844512360626, 33.710101016340055 ], [ -91.160516453531329, 33.710069070389181 ], [ -91.160311510989601, 33.709852612923335 ], [ -91.160349736811213, 33.709578442500728 ] ] ] ] } },
{ "type": "Feature", "properties": { "depth_bin": "5-6 ft", "survey_id": "LM_13_OZE_20210508_CS_5746_5698", "date": "2021-05-08 00:00:00+00:00", "year": 2021, "mile": 572.0, "bin_order": 12 }, "geometry": { "type": "MultiPolygon", "coordinates": [ [ [ [ -91.225187985738017, 33.683107430941412 ], [ -91.225401805831297, 33.682897094428029 ], [ -91.225730905744868, 33.682874761470792 ], [ -91.225982505003117, 33.683053514351009 ], [ -91.226009220394516, 33.683328642798905 ], [ -91.225795400614743, 33.683538980363316 ], [ -91.225466298169181, 33.683561313408489 ], [ -91.225214698597426, 33.683382559477231 ], [ -91.225187985738017, 33.683107430941412 ] ] ], [ [ [ -91.220431983641717, 33.689341476187259 ], [ -91.220669463008093, 33.689149683665185 ], [ -91.220999619749421, 33.689154438972977 ], [ -91.221229054324084, 33.689352956600054 ], [ -91.221223366937679, 33.689628948354049 ], [ -91.220985887384273, 33.689820741924343 ], [ -91.220655728097697, 33.689815986497415 ], [ -91.220426293710076, 33.689617467822117 ], [ -91.220431983641717, 33.689341476187259 ] ] ], [ [ [ -91.229722494062202, 33.690847580166491 ], [ -91.229959957907312, 33.690655769286472 ], [ -91.230290122071452, 33.690660499956067 ], [ -91.230519582664954, 33.690859001096982 ], [ -91.230513924652655, 33.69113499417427 ], [ -91.230276460621482, 33.691326806102602 ], [ -91.22994629391188, 33.691322075314488 ], [ -91.229716833504426, 33.691123573125267 ], [ -91.229722494062202, 33.690847580166491 ] ] ], [ [ [ -91.215753808568834, 33.692359769509572 ], [ -91.216006257144826, 33.692134873730531 ], [ -91.216410316521177, 33.692174041780248 ], [ -91.216875007640539, 33.692659261409304 ], [ -91.216828152991724, 33.692997019766459 ], [ -91.216550457623555, 33.693146388594577 ], [ -91.216227743387108, 33.693087869380001 ], [ -91.215780492743363, 33.692634898806951 ], [ -91.215753808568834, 33.692359769509572 ] ] ], [ [ [ -91.212808728144935, 33.69300742740581 ], [ -91.213022603069675, 33.692797114433084 ], [ -91.213351742524992, 33.692774815837353 ], [ -91.213603342873228, 33.692953593771961 ], [ -91.213630020263622, 33.693228723291 ], [ -91.213416145651266, 33.693439037315279 ], [ -91.213087003662551, 33.693461335998173 ], [ -91.212835403001918, 33.693282557012019 ], [ -91.212808728144935, 33.69300742740581 ] ] ], [ [ [ -91.177737060128337, 33.699780597403475 ], [ -91.177974660357947, 33.699588891397845 ], [ -91.178304849265587, 33.699593762104037 ], [ -91.178534208467823, 33.699792356414704 ], [ -91.178528382319172, 33.700068341217452 ], [ -91.178290781897999, 33.700260048271595 ], [ -91.177960590444016, 33.700255177443402 ], [ -91.17773123143337, 33.700056582084223 ], [ -91.177737060128337, 33.699780597403475 ] ] ], [ [ [ -91.182075370125489, 33.70436241284262 ], [ -91.182312974216501, 33.704170698721768 ], [ -91.182643181450672, 33.704175558412416 ], [ -91.18287256270952, 33.704374145259791 ], [ -91.182866749427419, 33.704650130523518 ], [ -91.182629145145242, 33.704841845693089 ], [ -91.182298935364159, 33.704836985880711 ], [ -91.182069554296476, 33.704638397984638 ], [ -91.182075370125489, 33.70436241284262 ] ] ], [ [ [ -91.178556631104371, 33.704433449876028 ], [ -91.178770616382934, 33.704223200310537 ], [ -91.179099804108034, 33.70420099480107 ], [ -91.179351362367584, 33.70437984097385 ], [ -91.179377931963401, 33.704654973910536 ], [ -91.179163946993867, 33.704865224528369 ], [ -91.178834756733451, 33.704887430122795 ], [ -91.178583198164858, 33.704708582897695 ], [ -91.178556631104371, 33.704433449876028 ] ] ], [ [ [ -91.166037344070389, 33.707058340406938 ], [ -91.166274990055925, 33.706866658673675 ], [ -91.166605204651006, 33.706871561575952 ], [ -91.166834554425435, 33.707070177146925 ], [ -91.166828689255496, 33.707346159820425 ], [ -91.166591043077091, 33.707537842602456 ], [ -91.166260825934842, 33.707532939577384 ], [ -91.166031476353268, 33.707334322957642 ], [ -91.166037344070389, 33.707058340406938 ] ] ], [ [ [ -91.163448339864871, 33.708602653725976 ], [ -91.163685995787802, 33.708410977358028 ], [ -91.164016215813433, 33.708415887378017 ], [ -91.164245563330539, 33.708614507649777 ], [ -91.164239689537567, 33.708890489853474 ], [ -91.164002033421482, 33.709082167270246 ], [ -91.163671810848513, 33.709077257127291 ], [ -91.163442463524532, 33.70887863580672 ], [ -91.163448339864871, 33.708602653725976 ] ] ] ] } },
{ "type": "Feature", "properties": { "depth_bin": "6-7 ft", "survey_id": "LM_13_OZE_20210508_CS_5746_5698", "date": "2021-05-08 00:00:00+00:00", "year": 2021, "mile": 572.0, "bin_order": 11 }, "geometry": { "type": "MultiPolygon", "coordinates": [ [ [ [ -91.222568876603859, 33.687753945076878 ], [ -91.222806346878841, 33.68756214810184 ], [ -91.22313649793378, 33.687566897503856 ], [ -91.223365933557915, 33.687765411231787 ], [ -91.223360253342292, 33.688041403377298 ], [ -91.223122782880509, 33.688233201400507 ], [ -91.222792629280519, 33.688228451879496 ], [ -91.222563193843158, 33.688029937103408 ], [ -91.222568876603859, 33.687753945076878 ] ] ], [ [ [ -91.220566615462459, 33.689419651952264 ], [ -91.220804094764873, 33.689227859170856 ], [ -91.221134251829284, 33.689232614128599 ], [ -91.221363686924818, 33.68943113151996 ], [ -91.221357999951977, 33.68970712329066 ], [ -91.221120520462534, 33.689898917120303 ], [ -91.22079036085286, 33.689894162043444 ], [ -91.220560925944355, 33.689695643603848 ], [ -91.220566615462459, 33.689419651952264 ] ] ], [ [ [ -91.218266574833123, 33.691066685631412 ], [ -91.218504063745499, 33.690874897636235 ], [ -91.218872183510086, 33.690895340921386 ], [ -91.219161947422279, 33.691189622514187 ], [ -91.219137492957813, 33.691497342946029 ], [ -91.218878658590597, 33.691668750082783 ], [ -91.218550640800501, 33.691636959851856 ], [ -91.218260877608941, 33.691342676863805 ], [ -91.218266574833123, 33.691066685631412 ] ] ], [ [ [ -91.215858001061648, 33.692441187856907 ], [ -91.216095499037678, 33.692249404832758 ], [ -91.216425666809585, 33.692254172746289 ], [ -91.216655098374488, 33.692452698702894 ], [ -91.216649395700671, 33.69272868963094 ], [ -91.216411897537128, 33.692920473703431 ], [ -91.216081727219589, 33.692915705670437 ], [ -91.215852295842225, 33.692717178665497 ], [ -91.215858001061648, 33.692441187856907 ] ] ], [ [ [ -91.21384687638745, 33.693394996817545 ], [ -91.214187376789013, 33.693782795986408 ], [ -91.214374982432687, 33.694166516863483 ], [ -91.214273673025275, 33.694429237678456 ], [ -91.213979791608153, 33.694555128483614 ], [ -91.213772951525414, 33.694526417169286 ], [ -91.213582096237516, 33.694390805309439 ], [ -91.213207068978548, 33.693684695306111 ], [ -91.212918564915526, 33.693400871657332 ], [ -91.212891889773559, 33.693125742064254 ], [ -91.213105764809086, 33.692915428954279 ], [ -91.213434904706077, 33.692893130151312 ], [ -91.213665369536827, 33.693041240304495 ], [ -91.21384687638745, 33.693394996817545 ] ] ], [ [ [ -91.210789331404328, 33.702648261476917 ], [ -91.211026869358534, 33.702456489790826 ], [ -91.211357075260096, 33.702461272517951 ], [ -91.211586520771149, 33.70265980808631 ], [ -91.211580799690125, 33.702935797794133 ], [ -91.211343261547782, 33.703127570528935 ], [ -91.211013053099364, 33.703122787681998 ], [ -91.210783607776435, 33.702924251064928 ], [ -91.210789331404328, 33.702648261476917 ] ] ], [ [ [ -91.185273375763757, 33.704082853795924 ], [ -91.185510972237765, 33.703891133250423 ], [ -91.185841178988426, 33.703895984357835 ], [ -91.186070567180479, 33.704094565491161 ], [ -91.186064764187179, 33.704370551257256 ], [ -91.185827167522348, 33.704562272851462 ], [ -91.185496958224789, 33.704557421622539 ], [ -91.185267570223544, 33.704358839440516 ], [ -91.185273375763757, 33.704082853795924 ] ] ], [ [ [ -91.175432145355884, 33.704524587527729 ], [ -91.175669764070179, 33.704332886704222 ], [ -91.175999970703899, 33.704337764172138 ], [ -91.176229336490309, 33.704536362863301 ], [ -91.176223501926842, 33.704812347099434 ], [ -91.175985883020687, 33.705004048971645 ], [ -91.175655673840055, 33.704999171381566 ], [ -91.175426308245505, 33.704800571641698 ], [ -91.175432145355884, 33.704524587527729 ] ] ], [ [ [ -91.192328453102036, 33.704832598212676 ], [ -91.192566036678343, 33.704640863660941 ], [ -91.192896247587342, 33.704645696005045 ], [ -91.193125654557974, 33.704844264608958 ], [ -91.193119873963767, 33.705120251419153 ], [ -91.192882290197375, 33.705311987019655 ], [ -91.19255207674135, 33.705307154554511 ], [ -91.192322669960788, 33.705108584901836 ], [ -91.192328453102036, 33.704832598212676 ] ] ], [ [ [ -91.172080530714226, 33.705203544919549 ], [ -91.172339495310808, 33.705032240678875 ], [ -91.172667540950599, 33.70506415473988 ], [ -91.172872504686694, 33.705280592507982 ], [ -91.172834321057678, 33.705554768384474 ], [ -91.172575355775678, 33.705726073629819 ], [ -91.172247307675349, 33.705694159244182 ], [ -91.172042344624657, 33.705477720471386 ], [ -91.172080530714226, 33.705203544919549 ] ] ], [ [ [ -91.16896682753476, 33.706086237511698 ], [ -91.169225800739042, 33.705914940121417 ], [ -91.169553848172981, 33.705946862525948 ], [ -91.16975880583874, 33.706163305243351 ], [ -91.169720611830527, 33.706437479775651 ], [ -91.169461637940486, 33.706608778170612 ], [ -91.16913358804598, 33.706576855441234 ], [ -91.168928631065995, 33.70636041171916 ], [ -91.16896682753476, 33.706086237511698 ] ] ] ] } },
{ "type": "Feature", "properties": { "depth_bin": "7-8 ft", "survey_id": "LM_13_OZE_20210508_CS_5746_5698", "date": "2021-05-08 00:00:00+00:00", "year": 2021, "mile": 572.0, "bin_order": 10 }, "geometry": { "type": "MultiPolygon", "coordinates": [ [ [ [ -91.226174773774574, 33.680382232595484 ], [ -91.226412215315193, 33.680190427549917 ], [ -91.226742338836942, 33.680195166408538 ], [ -91.226971764256987, 33.680393673296223 ], [ -91.226966097144071, 33.680669666311317 ], [ -91.226728655417091, 33.680861472404764 ], [ -91.226398529351201, 33.680856733427397 ], [ -91.226169104117503, 33.680658225491833 ], [ -91.226174773774574, 33.680382232595484 ] ] ], [ [ [ -91.23208484495683, 33.680588882043864 ], [ -91.232322274480808, 33.680397065234878 ], [ -91.232652399848249, 33.680401788331281 ], [ -91.2328818398952, 33.680600284690954 ], [ -91.232876191622594, 33.680876278579433 ], [ -91.232638761912867, 33.681068096436334 ], [ -91.232308634001214, 33.681063373221576 ], [ -91.232079194139999, 33.680864875814002 ], [ -91.23208484495683, 33.680588882043864 ] ] ], [ [ [ -91.224207870876342, 33.685433279152178 ], [ -91.224445331029642, 33.685241478630942 ], [ -91.22477547350627, 33.685246223367372 ], [ -91.225004907120322, 33.685444734043294 ], [ -91.224999232640428, 33.685720726538129 ], [ -91.224761772300496, 33.68591252810748 ], [ -91.224431627279102, 33.685907783252162 ], [ -91.224202193851653, 33.685709271528147 ], [ -91.224207870876342, 33.685433279152178 ] ] ], [ [ [ -91.23123588464459, 33.687355044514774 ], [ -91.231473335290048, 33.687163230201392 ], [ -91.23180348637041, 33.687167956397694 ], [ -91.232032941660023, 33.687366454645719 ], [ -91.232027289230771, 33.687642448105038 ], [ -91.231789838399436, 33.687834263466613 ], [ -91.231459684774023, 33.687829537151892 ], [ -91.231230229670288, 33.687631037855688 ], [ -91.23123588464459, 33.687355044514774 ] ] ], [ [ [ -91.218472488062602, 33.691283677790366 ], [ -91.218709977155484, 33.691091889410124 ], [ -91.219040140971344, 33.691096650194062 ], [ -91.219269575824526, 33.69129517142386 ], [ -91.219263881757357, 33.691571162796762 ], [ -91.219026392477232, 33.691762952225311 ], [ -91.21869622611591, 33.691758191322101 ], [ -91.218466791449956, 33.691559669043997 ], [ -91.218472488062602, 33.691283677790366 ] ] ], [ [ [ -91.216174834174154, 33.692758134871134 ], [ -91.216412332379662, 33.692566351252438 ], [ -91.216742501420697, 33.692571118358657 ], [ -91.216971934550898, 33.692769643768081 ], [ -91.21696623282169, 33.693045634729621 ], [ -91.216728734428671, 33.693237419396667 ], [ -91.216398562841988, 33.693232652171012 ], [ -91.216169129899285, 33.693034125713247 ], [ -91.216174834174154, 33.692758134871134 ] ] ], [ [ [ -91.213682835465207, 33.693156977527885 ], [ -91.21412585381168, 33.693733595770055 ], [ -91.214114470757423, 33.693958563854856 ], [ -91.214342674071403, 33.69406174537481 ], [ -91.214462404947653, 33.694283179047197 ], [ -91.214361095649522, 33.694545899933388 ], [ -91.214067213944901, 33.694671790935551 ], [ -91.213694148574405, 33.694536256246614 ], [ -91.213607794414301, 33.694376547797219 ], [ -91.213628754928138, 33.694186055563243 ], [ -91.213348034135151, 33.694027452828621 ], [ -91.213042852258994, 33.693501190895624 ], [ -91.213144164145461, 33.693238471139736 ], [ -91.21339605836215, 33.693117168912764 ], [ -91.213682835465207, 33.693156977527885 ] ] ], [ [ [ -91.210293799159345, 33.694401758203114 ], [ -91.210531314604481, 33.694209986520079 ], [ -91.21086148887106, 33.694214769545781 ], [ -91.211090912151818, 33.694413305533345 ], [ -91.211085191267401, 33.694689295535198 ], [ -91.210847675634142, 33.694881068266625 ], [ -91.21051749882173, 33.694876285121111 ], [ -91.210288075729096, 33.694677748085148 ], [ -91.210293799159345, 33.694401758203114 ] ] ], [ [ [ -91.201883432485204, 33.697964927467488 ], [ -91.202120976049613, 33.697773173004165 ], [ -91.20245116242242, 33.69777797894983 ], [ -91.202680574704971, 33.697976530131818 ], [ -91.202674826159864, 33.698252518701942 ], [ -91.202437282406436, 33.698444274213784 ], [ -91.202107093487385, 33.698439468147711 ], [ -91.201877681393867, 33.698240915917232 ], [ -91.201883432485204, 33.697964927467488 ] ] ], [ [ [ -91.159864115071514, 33.704160810479394 ], [ -91.160101765913396, 33.703969140737215 ], [ -91.16043196827647, 33.703974059770339 ], [ -91.160661295895551, 33.704172686163005 ], [ -91.16065541162483, 33.704448668009718 ], [ -91.160417760589453, 33.704640338800516 ], [ -91.160087555679624, 33.704635419644198 ], [ -91.159858228254024, 33.704436792202898 ], [ -91.159864115071514, 33.704160810479394 ] ] ], [ [ [ -91.188788189257892, 33.704696242087699 ], [ -91.189025779992988, 33.704504514592976 ], [ -91.189355989733755, 33.704509356382886 ], [ -91.189585387893473, 33.704707931288304 ], [ -91.189579596006709, 33.70498391756437 ], [ -91.189342005081159, 33.705175646107833 ], [ -91.189011792793394, 33.705170804196648 ], [ -91.188782394824131, 33.704972228242482 ], [ -91.188788189257892, 33.704696242087699 ] ] ], [ [ [ -91.175470804288182, 33.704658537040714 ], [ -91.175748539582813, 33.704455503605736 ], [ -91.17611251563261, 33.70450613731937 ], [ -91.176338503067413, 33.704870175748248 ], [ -91.176268360148299, 33.705139905702772 ], [ -91.175990558775979, 33.705289179403096 ], [ -91.175667832041285, 33.705230553688018 ], [ -91.175451408245465, 33.704900992296992 ], [ -91.175470804288182, 33.704658537040714 ] ] ], [ [ [ -91.172008629086221, 33.705079108113473 ], [ -91.172267593432935, 33.704907804012656 ], [ -91.172595638565824, 33.704939718248646 ], [ -91.172800601834922, 33.705156156124374 ], [ -91.172762418052343, 33.705430331978079 ], [ -91.172503453020227, 33.705601637083582 ], [ -91.172175405426827, 33.705569722522959 ], [ -91.171970442843133, 33.705353283642545 ], [ -91.172008629086221, 33.705079108113473 ] ] ], [ [ [ -91.163367849557901, 33.708460855297169 ], [ -91.163626840679882, 33.708289570327139 ], [ -91.163954894319474, 33.708321507832075 ], [ -91.164159842843759, 33.708537959484687 ], [ -91.164121629701455, 33.708812131552897 ], [ -91.163862637893089, 33.708983417527598 ], [ -91.163534581792788, 33.708951479697433 ], [ -91.163329633954888, 33.708735027040149 ], [ -91.163367849557901, 33.708460855297169 ] ] ] ] } },
{ "type": "Feature", "properties": { "depth_bin": "8-9 ft", "survey_id": "LM_13_OZE_20210508_CS_5746_5698", "date": "2021-05-08 00:00:00+00:00", "year": 2021, "mile": 572.0, "bin_order": 9 }, "geometry": { "type": "MultiPolygon", "coordinates": [ [ [ [ -91.225365674143646, 33.683096390056193 ], [ -91.225603125156539, 33.682904586947252 ], [ -91.225933258907432, 33.682909328302117 ], [ -91.22616268932164, 33.683107836783407 ], [ -91.226157019042319, 33.683383829556078 ], [ -91.225919567842965, 33.683575633713012 ], [ -91.225589431547576, 33.683570892239359 ], [ -91.225360001319828, 33.683372382710068 ], [ -91.225365674143646, 33.683096390056193 ] ] ], [ [ [ -91.222726801575106, 33.687799057634173 ], [ -91.222964271642013, 33.687607260349395 ], [ -91.223294422897752, 33.687612009335041 ], [ -91.223523859013952, 33.687810522783856 ], [ -91.223518179293393, 33.688086514951003 ], [ -91.223280709039713, 33.688278313283966 ], [ -91.22295055523891, 33.68827356417934 ], [ -91.222721119309483, 33.688075049682354 ], [ -91.222726801575106, 33.687799057634173 ] ] ], [ [ [ -91.220691062196025, 33.689511284667191 ], [ -91.220928541494658, 33.689319491648362 ], [ -91.221258698931777, 33.689324246284926 ], [ -91.2214881345582, 33.689522763459486 ], [ -91.221482447963467, 33.689798755244773 ], [ -91.221244968477833, 33.689990549311851 ], [ -91.220914808495436, 33.689985794556165 ], [ -91.220685373056014, 33.689787276333369 ], [ -91.220691062196025, 33.689511284667191 ] ] ], [ [ [ -91.21857892648282, 33.691388741718171 ], [ -91.218816415648732, 33.691196953138032 ], [ -91.219146579885461, 33.691201713650585 ], [ -91.219376015260892, 33.691400234696452 ], [ -91.219370321511377, 33.691676226080645 ], [ -91.219132832158238, 33.691868015709083 ], [ -91.218802665375989, 33.69186325507728 ], [ -91.218573230187815, 33.691664732983114 ], [ -91.21857892648282, 33.691388741718171 ] ] ], [ [ [ -91.216263022601552, 33.692875669304399 ], [ -91.216500520954682, 33.692683885523714 ], [ -91.216830690461066, 33.692688652408862 ], [ -91.217060124101778, 33.692887177667608 ], [ -91.21705442262919, 33.693163168637163 ], [ -91.216816924088562, 33.693354953466205 ], [ -91.216486752036502, 33.693350186461636 ], [ -91.216257318583303, 33.69315166015452 ], [ -91.216263022601552, 33.692875669304399 ] ] ], [ [ [ -91.213737119786856, 33.694277845058146 ], [ -91.213974627533531, 33.694086066486619 ], [ -91.214304801947435, 33.694090840295488 ], [ -91.214534233134998, 33.694289370136815 ], [ -91.214528523285409, 33.694565360663411 ], [ -91.214291015350966, 33.69475714028335 ], [ -91.21396083839123, 33.694752366354884 ], [ -91.21373140739145, 33.694553835465157 ], [ -91.213737119786856, 33.694277845058146 ] ] ], [ [ [ -91.203240800433036, 33.704183463253855 ], [ -91.203478358879536, 33.703991706825896 ], [ -91.203808569289322, 33.70399650992065 ], [ -91.204038000683767, 33.70419505903542 ], [ -91.204032255130059, 33.704471047533161 ], [ -91.203794696494612, 33.704662805009903 ], [ -91.2034644835378, 33.704658001794847 ], [ -91.203235052332303, 33.704459451631308 ], [ -91.203240800433036, 33.704183463253855 ] ] ], [ [ [ -91.195875334807269, 33.70453456421972 ], [ -91.196112909967425, 33.704342822546153 ], [ -91.196443120382412, 33.704347645372231 ], [ -91.196672535070547, 33.704546207637271 ], [ -91.1966667658848, 33.704822195000979 ], [ -91.196429190534928, 33.705013937723301 ], [ -91.196098977572944, 33.705009114776423 ], [ -91.195869563074496, 33.704810551462629 ], [ -91.195875334807269, 33.70453456421972 ] ] ], [ [ [ -91.192317749744774, 33.704695380917229 ], [ -91.192555332951443, 33.704503646370313 ], [ -91.192885543333446, 33.704508478725813 ], [ -91.193114949928386, 33.70470704734096 ], [ -91.193109169329887, 33.704983034155653 ], [ -91.192871585933119, 33.705174769751295 ], [ -91.192541373004119, 33.705169937274775 ], [ -91.192311966599249, 33.704971367610874 ], [ -91.192317749744774, 33.704695380917229 ] ] ], [ [ [ -91.182058863600275, 33.704225207330524 ], [ -91.182296467333941, 33.704033493226049 ], [ -91.18262667404008, 33.704038352943492 ], [ -91.182856054909507, 33.704236939812347 ], [ -91.18285024160474, 33.704512925079683 ], [ -91.18261263767991, 33.704704640232848 ], [ -91.182282428426859, 33.704699780393689 ], [ -91.182053047748596, 33.70450119247613 ], [ -91.182058863600275, 33.704225207330524 ] ] ], [ [ [ -91.178541463198059, 33.704264218321534 ], [ -91.178779074540614, 33.704072511251603 ], [ -91.179109280750097, 33.70407738037563 ], [ -91.179338653308278, 33.70427597351302 ], [ -91.179332828745984, 33.704551958238824 ], [ -91.179095217211895, 33.704743666357459 ], [ -91.178765008455528, 33.704738797111489 ], [ -91.178535636088881, 33.704540202925394 ], [ -91.178541463198059, 33.704264218321534 ] ] ], [ [ [ -91.168841225142657, 33.705857177745884 ], [ -91.169118979328431, 33.705654159913955 ], [ -91.169482955576569, 33.705704813203646 ], [ -91.169703936976717, 33.706070628993956 ], [ -91.169633772329263, 33.706340354403274 ], [ -91.16935595621915, 33.706489612633142 ], [ -91.169033230370843, 33.706430969584886 ], [ -91.168864203906395, 33.706233256527305 ], [ -91.168841225142657, 33.705857177745884 ] ] ], [ [ [ -91.165959860042605, 33.706937207725758 ], [ -91.166197505846483, 33.706745526132664 ], [ -91.166527719963682, 33.706750429226616 ], [ -91.1667570692439, 33.7069490449285 ], [ -91.166751203852954, 33.707225027595427 ], [ -91.166513557856206, 33.707416710237275 ], [ -91.166183341191854, 33.70741180702052 ], [ -91.165953992104505, 33.707213190269876 ], [ -91.165959860042605, 33.706937207725758 ] ] ], [ [ [ -91.163268795451359, 33.708372146364162 ], [ -91.163506451096879, 33.708180470327171 ], [ -91.163836670207047, 33.708185380797666 ], [ -91.164066016706897, 33.708384001375634 ], [ -91.164060142390738, 33.708659983561844 ], [ -91.163822486552078, 33.70885166064766 ], [ -91.163492264894572, 33.708846750054164 ], [ -91.163262918587876, 33.708648128427392 ], [ -91.163268795451359, 33.708372146364162 ] ] ], [ [ [ -91.160869278142584, 33.710111405190624 ], [ -91.161169534982974, 33.709932139270272 ], [ -91.161492267486338, 33.709990803105583 ], [ -91.161776786263687, 33.710286817986926 ], [ -91.161716149570168, 33.710591016822413 ], [ -91.161438306559873, 33.710740256216738 ], [ -91.161115571319073, 33.710681592154145 ], [ -91.16084460767199, 33.710419106072813 ], [ -91.160869278142584, 33.710111405190624 ] ] ] ] } },
{ "type": "Feature", "properties": { "depth_bin": "9-10 ft", "survey_id": "LM_13_OZE_20210508_CS_5746_5698", "date": "2021-05-08 00:00:00+00:00", "year": 2021, "mile": 572.0, "bin_order": 8 }, "geometry": { "type": "MultiPolygon", "coordinates": [ [ [ [ -91.224348844871756, 33.685505472264445 ], [ -91.22456267315529, 33.685295137541125 ], [ -91.224891782355229, 33.6852728071323 ], [ -91.225143386556354, 33.685451561826461 ], [ -91.225170099651621, 33.685726690291368 ], [ -91.224956271681563, 33.685937026065822 ], [ -91.224627159949321, 33.685959356562542 ], [ -91.224375555434747, 33.685780600817239 ], [ -91.224348844871756, 33.685505472264445 ] ] ], [ [ [ -91.222859496148672, 33.687893736035278 ], [ -91.223073334130632, 33.687683404278559 ], [ -91.223402452668267, 33.687661078155593 ], [ -91.223654060376674, 33.687839835944331 ], [ -91.223680769094244, 33.688114964499839 ], [ -91.223466931425648, 33.688325297307806 ], [ -91.223137810355396, 33.688347623518581 ], [ -91.22288620233364, 33.688168864678595 ], [ -91.222859496148672, 33.687893736035278 ] ] ], [ [ [ -91.210346191353153, 33.694559454985864 ], [ -91.210560076105878, 33.694349146651021 ], [ -91.210889221830428, 33.694326854839268 ], [ -91.211140821216873, 33.694505637730089 ], [ -91.211167490977658, 33.694780767474334 ], [ -91.210953606537103, 33.694991076860809 ], [ -91.210624458278929, 33.695013368759582 ], [ -91.210372858580328, 33.694834584817144 ], [ -91.210346191353153, 33.694559454985864 ] ] ], [ [ [ -91.22463814707163, 33.696621042143292 ], [ -91.224875638253764, 33.696429242093977 ], [ -91.225205823588666, 33.696433987061646 ], [ -91.225435286785654, 33.696632497592638 ], [ -91.225429611284042, 33.696908489651577 ], [ -91.225192119915263, 33.697100290749418 ], [ -91.224861932034173, 33.69709554566289 ], [ -91.224632469023831, 33.696897034083371 ], [ -91.22463814707163, 33.696621042143292 ] ] ], [ [ [ -91.214264919159376, 33.701495051634637 ], [ -91.214502446402037, 33.701303272871435 ], [ -91.214832648518339, 33.701308046165764 ], [ -91.215062099387708, 33.701506575471079 ], [ -91.215056389669996, 33.701782565754399 ], [ -91.214818862239582, 33.701974345566285 ], [ -91.214488657576524, 33.7019695721524 ], [ -91.214259206894923, 33.701771041798388 ], [ -91.214264919159376, 33.701495051634637 ] ] ], [ [ [ -91.206928257332891, 33.703731829358055 ], [ -91.207142173935239, 33.703521528259387 ], [ -91.207471355229799, 33.703499246765844 ], [ -91.207722973071114, 33.70367803701275 ], [ -91.207749633360848, 33.703953166842147 ], [ -91.207535717070485, 33.704163468992839 ], [ -91.207206533241077, 33.704185750573245 ], [ -91.206954915087792, 33.704006959274309 ], [ -91.206928257332891, 33.703731829358055 ] ] ], [ [ [ -91.198748427490983, 33.698806993501115 ], [ -91.198985980147697, 33.698615245399914 ], [ -91.199316169172292, 33.698620059829288 ], [ -91.199545576112826, 33.698818616647053 ], [ -91.199539817360929, 33.69909460470371 ], [ -91.199302264514841, 33.699286353853445 ], [ -91.198972072943917, 33.699281539303485 ], [ -91.198742666192757, 33.699082981437158 ], [ -91.198748427490983, 33.698806993501115 ] ] ], [ [ [ -91.184980197782181, 33.699142634047817 ], [ -91.185217780750776, 33.698950913491124 ], [ -91.185547968547198, 33.698955764758921 ], [ -91.1857773434389, 33.699154346130243 ], [ -91.185771540590281, 33.699430332072417 ], [ -91.185533957430863, 33.699622053677636 ], [ -91.185203767088169, 33.699617202288323 ], [ -91.184974392387289, 33.699418619868482 ], [ -91.184980197782181, 33.699142634047817 ] ] ], [ [ [ -91.199546978454123, 33.704431242302043 ], [ -91.199760914269817, 33.704220954664237 ], [ -91.200090099224383, 33.704198693004862 ], [ -91.200341703028457, 33.704377497841023 ], [ -91.200368339806047, 33.704652628468651 ], [ -91.200154404301571, 33.704862917158579 ], [ -91.199825216812002, 33.70488517890432 ], [ -91.199573612696696, 33.704706373016037 ], [ -91.199546978454123, 33.704431242302043 ] ] ], [ [ [ -91.171927870577491, 33.704982175068892 ], [ -91.172165498069006, 33.704790481305963 ], [ -91.172495705807791, 33.70479536819861 ], [ -91.172725064379804, 33.704993973157954 ], [ -91.17271921850832, 33.705269956833916 ], [ -91.172481590824574, 33.705461651645543 ], [ -91.17215138053885, 33.70545676463049 ], [ -91.171922022159052, 33.705258158622449 ], [ -91.171927870577491, 33.704982175068892 ] ] ], [ [ [ -91.168801810698639, 33.705722186276056 ], [ -91.169039446969251, 33.705530498852774 ], [ -91.169369656962502, 33.705535394195365 ], [ -91.169599009943781, 33.705734004765233 ], [ -91.16959315391108, 33.706009987925725 ], [ -91.169355517447926, 33.70620167639774 ], [ -91.169025304907649, 33.706196780932537 ], [ -91.168795952118913, 33.705998169313943 ], [ -91.168801810698639, 33.705722186276056 ] ] ] ] } },
{ "type": "Feature", "properties": { "depth_bin": "<5 ft", "survey_id": "LM_13_OZE_20210508_CS_5746_5698", "date": "2021-05-08 00:00:00+00:00", "year": 2021, "mile": 572.0, "bin_order": 13 }, "geometry": { "type": "MultiPolygon", "coordinates": [ [ [ [ -91.211702127487172, 33.67961047995697 ], [ -91.226454434739566, 33.680166113462683 ], [ -91.226742905846876, 33.680300394903767 ], [ -91.226833312302787, 33.680565879193786 ], [ -91.226704545251721, 33.680783734763061 ], [ -91.226481670119483, 33.680879253587008 ], [ -91.224478401023006, 33.680829302477356 ], [ -91.211530931522319, 33.680330140492273 ], [ -91.211270368288297, 33.680222456290998 ], [ -91.211149318851099, 33.679965644975304 ], [ -91.211312787320139, 33.679689181279088 ], [ -91.211702127487172, 33.67961047995697 ] ] ], [ [ [ -91.232411198161074, 33.680450551206825 ], [ -91.232736082477331, 33.680401339596919 ], [ -91.233007434007177, 33.6805585998572 ], [ -91.233066299271727, 33.680830211776616 ], [ -91.232878194085004, 33.681057068982717 ], [ -91.232553307347118, 33.681106280884315 ], [ -91.232281955015239, 33.680949019610594 ], [ -91.232223092172319, 33.680677407399507 ], [ -91.232411198161074, 33.680450551206825 ] ] ], [ [ [ -91.213674956567246, 33.681078380613393 ], [ -91.225567295928116, 33.682857695892515 ], [ -91.225818894783913, 33.683036449093919 ], [ -91.225845609649383, 33.68331157756085 ], [ -91.225668471107468, 33.683504243360908 ], [ -91.225385337037594, 33.683559229814229 ], [ -91.213201233306592, 33.681779115699257 ], [ -91.212954543134359, 33.681650601301151 ], [ -91.21286417885922, 33.681385108250979 ], [ -91.213095954239932, 33.681105700884679 ], [ -91.213674956567246, 33.681078380613393 ] ] ], [ [ [ -91.23231054865748, 33.683974492935008 ], [ -91.23259368042504, 33.68391949050892 ], [ -91.233018345471919, 33.684065122678035 ], [ -91.233139466156516, 33.684321914691921 ], [ -91.233007908205053, 33.684575092628364 ], [ -91.232658491057663, 33.68467400643258 ], [ -91.232233823726773, 33.684528372962468 ], [ -91.232115506336939, 33.68423626459203 ], [ -91.23231054865748, 33.683974492935008 ] ] ], [ [ [ -91.213968805628355, 33.682306602718647 ], [ -91.224655125761146, 33.685224408318206 ], [ -91.224860179168431, 33.685440763168415 ], [ -91.224822171751342, 33.685714961651072 ], [ -91.224603467850727, 33.685875032837991 ], [ -91.224312934452257, 33.685882782255923 ], [ -91.214617938040462, 33.683255644474897 ], [ -91.213590615982881, 33.682946227202123 ], [ -91.213435098908434, 33.682782097756906 ], [ -91.213425859972489, 33.682539219582168 ], [ -91.21363970630712, 33.682328904304448 ], [ -91.213968805628355, 33.682306602718647 ] ] ], [ [ [ -91.231553443669085, 33.687240908509246 ], [ -91.231878354110876, 33.687191700049837 ], [ -91.232149724768149, 33.687348962669681 ], [ -91.232208590957526, 33.687620574775693 ], [ -91.232020467950761, 33.687847429886162 ], [ -91.231695555086489, 33.687896638637312 ], [ -91.231424183626984, 33.687739375003758 ], [ -91.23136531986006, 33.687467762606019 ], [ -91.231553443669085, 33.687240908509246 ] ] ], [ [ [ -91.214521163131494, 33.683849118136138 ], [ -91.223156451958559, 33.68761128249804 ], [ -91.223246853873675, 33.687876769004589 ], [ -91.223086210872339, 33.688117933684701 ], [ -91.222895168120047, 33.688190131441303 ], [ -91.222646358549284, 33.688166025397585 ], [ -91.215146910817282, 33.684959008511179 ], [ -91.214069797102681, 33.684454674308107 ], [ -91.213924693749519, 33.684244116437334 ], [ -91.213953549805083, 33.684036126404109 ], [ -91.214191027838339, 33.683844346177295 ], [ -91.214521163131494, 33.683849118136138 ] ] ], [ [ [ -91.230038814372875, 33.690739309573203 ], [ -91.230363738759095, 33.690690105579741 ], [ -91.230748880883866, 33.690894416769318 ], [ -91.230839309388017, 33.691159898450813 ], [ -91.230678680611348, 33.69140107337541 ], [ -91.230319318427505, 33.69147087146613 ], [ -91.229934174872014, 33.691266558904552 ], [ -91.229843749086939, 33.691001076651077 ], [ -91.230038814372875, 33.690739309573203 ] ] ], [ [ [ -91.227650005885096, 33.693681916168138 ], [ -91.228015832294545, 33.693641906555186 ], [ -91.228355116961168, 33.69384240462076 ], [ -91.228445540688, 33.694107887796108 ], [ -91.228284899493943, 33.694349059102656 ], [ -91.227925523306752, 33.694418849734554 ], [ -91.227545347477701, 33.694209162647283 ], [ -91.227454926459799, 33.693943678903139 ], [ -91.227650005885096, 33.693681916168138 ] ] ], [ [ [ -91.224875542852885, 33.696584372292179 ], [ -91.225234930197985, 33.69651459093334 ], [ -91.225594483486788, 33.696742075279026 ], [ -91.22577959743964, 33.697090158577446 ], [ -91.225616138867125, 33.697366641118457 ], [ -91.225298520042116, 33.697442217676631 ], [ -91.22500999526676, 33.697307931430032 ], [ -91.224718924633606, 33.696931322478775 ], [ -91.224747760453141, 33.696723329622024 ], [ -91.224875542852885, 33.696584372292179 ] ] ], [ [ [ -91.221477093378112, 33.698478491298808 ], [ -91.221668160398636, 33.698406296629898 ], [ -91.221916999004847, 33.698430405557531 ], [ -91.22230055233868, 33.698744091807214 ], [ -91.222390961663933, 33.699009578777783 ], [ -91.22223029414431, 33.699250741178872 ], [ -91.221870893272481, 33.699320513313218 ], [ -91.22150553591932, 33.699094543852212 ], [ -91.221314967263979, 33.698790342456938 ], [ -91.221477093378112, 33.698478491298808 ] ] ], [ [ [ -91.215616897421086, 33.685654033950222 ], [ -91.22103886634595, 33.689172909542016 ], [ -91.221129263086397, 33.689438397376222 ], [ -91.220968611184688, 33.689679558956449 ], [ -91.220735581460346, 33.689756342534771 ], [ -91.220454858266095, 33.689693245371856 ], [ -91.215330679944046, 33.686417388542701 ], [ -91.21486103917313, 33.686065170003765 ], [ -91.214816428510503, 33.685859133582149 ], [ -91.214890459145806, 33.685695160642531 ], [ -91.215210112615807, 33.685541207234678 ], [ -91.215616897421086, 33.685654033950222 ] ] ], [ [ [ -91.215709816138329, 33.688149180677776 ], [ -91.218895951837339, 33.690928580968645 ], [ -91.218954777932268, 33.691200197966509 ], [ -91.218766612777969, 33.691427031373792 ], [ -91.218525695774574, 33.691484347158784 ], [ -91.218287287472961, 33.691420118377152 ], [ -91.217178153625682, 33.690499555998514 ], [ -91.215125784316186, 33.688669490564422 ], [ -91.21503394521919, 33.688474688786023 ], [ -91.215109439581141, 33.688240025983418 ], [ -91.215387121106033, 33.688090659849316 ], [ -91.215709816138329, 33.688149180677776 ] ] ], [ [ [ -91.217989901089595, 33.700081890975504 ], [ -91.218390199387272, 33.700021321265069 ], [ -91.21871309609925, 33.700283408126992 ], [ -91.21889971557701, 33.700745835008988 ], [ -91.218701786110373, 33.701042897213327 ], [ -91.218376817229881, 33.701092068955319 ], [ -91.218105431019737, 33.700934775810197 ], [ -91.217827759297251, 33.700393736968906 ], [ -91.217989901089595, 33.700081890975504 ] ] ], [ [ [ -91.21474963599016, 33.690263178429127 ], [ -91.216473854516011, 33.692223903030609 ], [ -91.2164681513121, 33.692499893941623 ], [ -91.216230653415479, 33.692691677679655 ], [ -91.215980985090169, 33.692708598217287 ], [ -91.215734260033202, 33.692580088434028 ], [ -91.214228635283291, 33.690902695423311 ], [ -91.214109678785505, 33.690607398319457 ], [ -91.214162786193597, 33.690402774549803 ], [ -91.21442162555266, 33.690231377446622 ], [ -91.21474963599016, 33.690263178429127 ] ] ], [ [ [ -91.215293737593271, 33.701948439445459 ], [ -91.215264876745607, 33.702156429127264 ], [ -91.215137070653483, 33.702295375617886 ], [ -91.214945989870614, 33.702367559677377 ], [ -91.214697142560581, 33.702343436407709 ], [ -91.214506269030309, 33.702207825528191 ], [ -91.214334099401299, 33.701893069206292 ], [ -91.214339811452589, 33.701617079036708 ], [ -91.214577338884183, 33.70142530013856 ], [ -91.214907541480855, 33.701430073247856 ], [ -91.215098414006874, 33.701565683487715 ], [ -91.215293737593271, 33.701948439445459 ] ] ], [ [ [ -91.212380556944368, 33.692000984932733 ], [ -91.212739933433411, 33.691931239599995 ], [ -91.213011281752912, 33.692088543513542 ], [ -91.213551874420489, 33.692900501585143 ], [ -91.213532589337376, 33.693142966864407 ], [ -91.213370354751561, 33.693302500566411 ], [ -91.213045412851571, 33.693351659186874 ], [ -91.212774060601404, 33.693194355247151 ], [ -91.212233473701133, 33.69238239398598 ], [ -91.212237810125146, 33.692173041446473 ], [ -91.212380556944368, 33.692000984932733 ] ] ], [ [ [ -91.209997235716855, 33.693400826433482 ], [ -91.210402679289373, 33.693373368533614 ], [ -91.210672625247142, 33.693627453145119 ], [ -91.211049795829396, 33.6943915320307 ], [ -91.210996678203088, 33.694596154014 ], [ -91.210816510775629, 33.694741623219343 ], [ -91.210447750194703, 33.694751415606177 ], [ -91.210146635397109, 33.694468202545288 ], [ -91.209800638406961, 33.693733249154427 ], [ -91.209834994303904, 33.693560355254348 ], [ -91.209997235716855, 33.693400826433482 ] ] ], [ [ [ -91.20780199512626, 33.695113287142483 ], [ -91.208126946049873, 33.695064142649336 ], [ -91.208419429684511, 33.695252125144833 ], [ -91.20863465846611, 33.695810697093229 ], [ -91.208557795496759, 33.69600997998247 ], [ -91.208400016188932, 33.696125408308852 ], [ -91.208070863248111, 33.696147693233044 ], [ -91.207819265887366, 33.695968904183268 ], [ -91.20760404210526, 33.695410330987116 ], [ -91.20780199512626, 33.695113287142483 ] ] ], [ [ [ -91.205528707800084, 33.696652047432906 ], [ -91.205744489058503, 33.69729592960185 ], [ -91.205668960414215, 33.69753058525712 ], [ -91.205391231939174, 33.697679927772548 ], [ -91.205068509824045, 33.697621379124691 ], [ -91.204912984320742, 33.697457238982075 ], [ -91.204720128233404, 33.696880703001156 ], [ -91.204790175000767, 33.696610953386269 ], [ -91.205026654908238, 33.6964696137223 ], [ -91.205316727740396, 33.696485754175512 ], [ -91.205528707800084, 33.696652047432906 ] ] ], [ [ [ -91.211011812561253, 33.702617103803895 ], [ -91.211336790521685, 33.702567951784175 ], [ -91.211629306187675, 33.702755927518773 ], [ -91.211761880500973, 33.703221713330876 ], [ -91.211530038147231, 33.703501115156811 ], [ -91.21120085738761, 33.703523407506452 ], [ -91.210949232440555, 33.70334462412265 ], [ -91.210816662399168, 33.702878837583967 ], [ -91.211011812561253, 33.702617103803895 ] ] ], [ [ [ -91.207140633368667, 33.703672828693641 ], [ -91.207465617064344, 33.703623687074526 ], [ -91.207736991007124, 33.703781003185071 ], [ -91.207795788587859, 33.704052624098892 ], [ -91.207607565266272, 33.70427943817387 ], [ -91.207282579145328, 33.70432858008342 ], [ -91.207011204402036, 33.704171262957999 ], [ -91.206952409246568, 33.703899641753758 ], [ -91.207140633368667, 33.703672828693641 ] ] ], [ [ [ -91.201969536351754, 33.697538920826723 ], [ -91.202294499079045, 33.697489792111142 ], [ -91.202586977331023, 33.697677788205596 ], [ -91.20268025640172, 33.698049980141811 ], [ -91.20245534140868, 33.698294450799871 ], [ -91.202126179373721, 33.698316719546511 ], [ -91.201874588788087, 33.698137918639404 ], [ -91.201774371634841, 33.697800639995783 ], [ -91.201969536351754, 33.697538920826723 ] ] ], [ [ [ -91.198864002213767, 33.698413511117444 ], [ -91.199188969643288, 33.698364390748885 ], [ -91.199481443656438, 33.698552394049678 ], [ -91.19952819201292, 33.698892185960261 ], [ -91.199303266048133, 33.699136650478437 ], [ -91.198974100370904, 33.699158910686073 ], [ -91.198722514247322, 33.698980103513101 ], [ -91.198675769047711, 33.698640311404944 ], [ -91.198864002213767, 33.698413511117444 ] ] ], [ [ [ -91.192120267380091, 33.698547997589834 ], [ -91.192479684993046, 33.698478312735169 ], [ -91.192789575295535, 33.698698585847623 ], [ -91.192854244384208, 33.699286974293514 ], [ -91.192590709751371, 33.699545995817211 ], [ -91.192260518409526, 33.699541163297361 ], [ -91.192031127035108, 33.699342593455221 ], [ -91.19195951800269, 33.698789117861651 ], [ -91.192120267380091, 33.698547997589834 ] ] ], [ [ [ -91.195542619160861, 33.698757073980836 ], [ -91.195908477627171, 33.69871716072376 ], [ -91.196177489526065, 33.698928227375617 ], [ -91.196228007072449, 33.699410860251696 ], [ -91.195964481835105, 33.69966988929356 ], [ -91.195634289404282, 33.699665065774937 ], [ -91.19540488965086, 33.699466501937977 ], [ -91.195347432492355, 33.69901878220832 ], [ -91.195542619160861, 33.698757073980836 ] ] ], [ [ [ -91.18511326989973, 33.698730248469097 ], [ -91.1854382446475, 33.69868116459471 ], [ -91.185730688188812, 33.6988691995046 ], [ -91.185790999673699, 33.699226186751098 ], [ -91.185566035044104, 33.699470624913261 ], [ -91.185236866277577, 33.699492848335105 ], [ -91.184985309016128, 33.699314014088323 ], [ -91.184925000840323, 33.698957026561615 ], [ -91.18511326989973, 33.698730248469097 ] ] ], [ [ [ -91.188766313648102, 33.698906107312695 ], [ -91.18913217493531, 33.698866214261365 ], [ -91.189401170001801, 33.699077295140562 ], [ -91.189381487681374, 33.699457389221116 ], [ -91.189128949933405, 33.699682227314881 ], [ -91.188798758702646, 33.699677385525987 ], [ -91.188569375254858, 33.699478809507681 ], [ -91.188589061157231, 33.699098715676435 ], [ -91.188766313648102, 33.698906107312695 ] ] ], [ [ [ -91.203420571440788, 33.704161331853527 ], [ -91.203786450402461, 33.704121395917468 ], [ -91.204055498622708, 33.704332446414796 ], [ -91.204133516167232, 33.704811721437643 ], [ -91.203869996613932, 33.705070767376554 ], [ -91.203539782082373, 33.705065964311821 ], [ -91.203310349655695, 33.70486741425939 ], [ -91.203225395088921, 33.704423052701785 ], [ -91.203420571440788, 33.704161331853527 ] ] ], [ [ [ -91.185416554657479, 33.704080631114863 ], [ -91.185607661860558, 33.704008493719478 ], [ -91.18585650304702, 33.704032675507598 ], [ -91.186022709520714, 33.704139535808011 ], [ -91.186114497093342, 33.704334357083404 ], [ -91.186348737897148, 33.707661410549846 ], [ -91.186217006148397, 33.707914532028219 ], [ -91.185952026059567, 33.708014550674982 ], [ -91.185578952157186, 33.707878930861277 ], [ -91.185434691093377, 33.707411729595705 ], [ -91.185252954915143, 33.704357055219013 ], [ -91.185416554657479, 33.704080631114863 ] ] ], [ [ [ -91.199732317881782, 33.704377226763754 ], [ -91.200057307555355, 33.70432810487754 ], [ -91.20034980317044, 33.704516106675754 ], [ -91.20041300278875, 33.704892412935855 ], [ -91.200188062806589, 33.705136878407906 ], [ -91.199858874272351, 33.705159140208359 ], [ -91.199607269311457, 33.70498033436764 ], [ -91.199544073182096, 33.704604027813652 ], [ -91.199732317881782, 33.704377226763754 ] ] ], [ [ [ -91.196060884280953, 33.704511551864513 ], [ -91.196426767116762, 33.704471637903524 ], [ -91.19669579762251, 33.704682703872088 ], [ -91.196738529394992, 33.705158849623672 ], [ -91.196474987261354, 33.705417878997679 ], [ -91.196144772745285, 33.705413056122559 ], [ -91.195915357106657, 33.705214492867334 ], [ -91.195872629879602, 33.704738346983746 ], [ -91.196060884280953, 33.704511551864513 ] ] ], [ [ [ -91.188928778190231, 33.704694664137747 ], [ -91.189119884098005, 33.70462252125995 ], [ -91.189368728368336, 33.704646696057445 ], [ -91.189621258841299, 33.704913275706915 ], [ -91.189671406955171, 33.70611803141135 ], [ -91.189542506710438, 33.706335843024611 ], [ -91.189319526243224, 33.706431290867478 ], [ -91.188996784555769, 33.706372699566138 ], [ -91.188818143991639, 33.706140535004771 ], [ -91.188765188227336, 33.704971093204286 ], [ -91.188928778190231, 33.704694664137747 ] ] ], [ [ [ -91.192516801217636, 33.704809709996518 ], [ -91.192922301450309, 33.704782311498484 ], [ -91.193174843629336, 33.705048884249095 ], [ -91.193211543456286, 33.705875266256918 ], [ -91.193089598202235, 33.706058168768173 ], [ -91.192866622090904, 33.706153623175446 ], [ -91.19254387858517, 33.706095041099772 ], [ -91.19236522876821, 33.705862881364936 ], [ -91.192321591027209, 33.705071412440901 ], [ -91.192516801217636, 33.704809709996518 ] ] ], [ [ [ -91.189022507146163, 33.707021143243615 ], [ -91.189428018378379, 33.706993756613144 ], [ -91.189670987990809, 33.707225859013221 ], [ -91.189720121541356, 33.707924868199029 ], [ -91.189598165940453, 33.708107766863115 ], [ -91.189416433739694, 33.708195218504777 ], [ -91.189088367931376, 33.708163348366931 ], [ -91.188883355705968, 33.7079469360419 ], [ -91.188827281288638, 33.70728283955723 ], [ -91.189022507146163, 33.707021143243615 ] ] ], [ [ [ -91.185793069466143, 33.709763162790139 ], [ -91.185991729351372, 33.709707028553346 ], [ -91.186236552703662, 33.709751479284321 ], [ -91.18638943720984, 33.709871440811725 ], [ -91.186489684007739, 33.710113924637412 ], [ -91.186576123205612, 33.711454566910881 ], [ -91.186447206677784, 33.711672374590108 ], [ -91.186224208967772, 33.711767816193088 ], [ -91.185837009027239, 33.711663411402512 ], [ -91.185686808957328, 33.711341323076212 ], [ -91.185595006296595, 33.710060167059687 ], [ -91.185793069466143, 33.709763162790139 ] ] ], [ [ [ -91.183885365298792, 33.712347970759971 ], [ -91.184128884331855, 33.713634076416533 ], [ -91.184074355895234, 33.71380330897356 ], [ -91.183815386268265, 33.713974637500584 ], [ -91.183487301345565, 33.71394275184516 ], [ -91.183272724973719, 33.713691852755282 ], [ -91.183116864748698, 33.712600848697164 ], [ -91.183279154952601, 33.712289053780999 ], [ -91.183596860799682, 33.712213588517997 ], [ -91.183885365298792, 33.712347970759971 ] ] ], [ [ [ -91.181516024544536, 33.699172513790423 ], [ -91.181833682852016, 33.69909705135953 ], [ -91.182122141498837, 33.699231436445721 ], [ -91.182212426209745, 33.699496948752369 ], [ -91.182051647853427, 33.699738055111538 ], [ -91.181733987322559, 33.69981351802371 ], [ -91.181445527420081, 33.699679131998067 ], [ -91.181355244932547, 33.699413619210148 ], [ -91.181516024544536, 33.699172513790423 ] ] ], [ [ [ -91.177842458883873, 33.699224468031133 ], [ -91.178208325040899, 33.69918460756584 ], [ -91.178477293198554, 33.699395711380028 ], [ -91.178558324444893, 33.699861954460275 ], [ -91.178294746492426, 33.700120943961458 ], [ -91.177964555569886, 33.70011607316146 ], [ -91.177735196904393, 33.699917477817422 ], [ -91.177647218715762, 33.699486146438382 ], [ -91.177842458883873, 33.699224468031133 ] ] ], [ [ [ -91.17441602547882, 33.699799125805079 ], [ -91.174741009028168, 33.699750070432891 ], [ -91.175033431554894, 33.699938129994827 ], [ -91.175079264700912, 33.700318578204715 ], [ -91.174854267647504, 33.700562995701709 ], [ -91.174525093299806, 33.700585190329335 ], [ -91.174273556210593, 33.700406334920224 ], [ -91.17422772660467, 33.700025886533339 ], [ -91.17441602547882, 33.699799125805079 ] ] ], [ [ [ -91.182247512439133, 33.704339844537635 ], [ -91.182653012117555, 33.704312479803782 ], [ -91.182905520248738, 33.704579072483703 ], [ -91.183112076453256, 33.706152547154524 ], [ -91.183009324165411, 33.706379863451005 ], [ -91.182757350530309, 33.706501100741207 ], [ -91.182434613857055, 33.706442492423662 ], [ -91.182255991275753, 33.706210318949928 ], [ -91.182049450671585, 33.704636843374693 ], [ -91.182247512439133, 33.704339844537635 ] ] ], [ [ [ -91.178715559566427, 33.704397352390835 ], [ -91.178906672595858, 33.704325225581862 ], [ -91.179155512170539, 33.70434942084384 ], [ -91.179408009251858, 33.704616020320266 ], [ -91.179869459612576, 33.707269240388811 ], [ -91.179766697434218, 33.707496553618967 ], [ -91.179514716216971, 33.70761778400972 ], [ -91.179191978007609, 33.707559167159125 ], [ -91.179013362210341, 33.707326989246674 ], [ -91.178553269356456, 33.704709141631362 ], [ -91.178715559566427, 33.704397352390835 ] ] ], [ [ [ -91.175676152082644, 33.704786983571793 ], [ -91.176076495589911, 33.704726552809007 ], [ -91.176359034329153, 33.704971190260537 ], [ -91.177108388391389, 33.707860419180811 ], [ -91.177032772047696, 33.708095054044833 ], [ -91.176796216026247, 33.708236337255293 ], [ -91.176432223837836, 33.708185705048777 ], [ -91.176205176649646, 33.707856876417573 ], [ -91.175519322453781, 33.705133863867125 ], [ -91.175548280052112, 33.704925886780508 ], [ -91.175676152082644, 33.704786983571793 ] ] ], [ [ [ -91.180501306917265, 33.714139028208351 ], [ -91.180906853113413, 33.714111670800925 ], [ -91.18114981813963, 33.714343789623243 ], [ -91.181289706332208, 33.715163318542501 ], [ -91.181189760671245, 33.715355318982098 ], [ -91.180979014866651, 33.715468558278481 ], [ -91.180650925691864, 33.715436664937428 ], [ -91.18044591888264, 33.715220238970495 ], [ -91.180303215151, 33.714436022847963 ], [ -91.180501306917265, 33.714139028208351 ] ] ], [ [ [ -91.178338291273505, 33.714783170263807 ], [ -91.178704223635478, 33.714743310613095 ], [ -91.17897437004936, 33.714955587827475 ], [ -91.179161525588228, 33.71566307486939 ], [ -91.179061574636592, 33.715855073394209 ], [ -91.178890946295027, 33.71595697552744 ], [ -91.178560694656994, 33.715952104315562 ], [ -91.178331294175322, 33.71575350911602 ], [ -91.178140190634423, 33.715080161105689 ], [ -91.178338291273505, 33.714783170263807 ] ] ], [ [ [ -91.175865566798734, 33.715490063226909 ], [ -91.176231502971177, 33.715450211049209 ], [ -91.176500514927881, 33.715661320170206 ], [ -91.176717138264067, 33.716470579347671 ], [ -91.176640181793928, 33.71666983867491 ], [ -91.176443722985596, 33.716799787575226 ], [ -91.176113468571003, 33.716794909713279 ], [ -91.175884071793917, 33.716596310104229 ], [ -91.175667456088831, 33.715787049730238 ], [ -91.175865566798734, 33.715490063226909 ] ] ], [ [ [ -91.174421828090843, 33.716185996548226 ], [ -91.174875815253927, 33.716962335947912 ], [ -91.17487138408903, 33.717171683326896 ], [ -91.174657355977828, 33.71738192432673 ], [ -91.174328117180607, 33.717404116229474 ], [ -91.174076533113436, 33.717225259259543 ], [ -91.173709743519595, 33.716568556482777 ], [ -91.173700617481728, 33.716325680190849 ], [ -91.173877939460425, 33.716133096000959 ], [ -91.174202985260919, 33.716084044231621 ], [ -91.174421828090843, 33.716185996548226 ] ] ], [ [ [ -91.170518814401916, 33.700229448867162 ], [ -91.170843801310468, 33.70018040388517 ], [ -91.171136216312632, 33.700368472430469 ], [ -91.17127519505101, 33.700805676333431 ], [ -91.171043232017226, 33.701084998094011 ], [ -91.17063649366753, 33.701078973999607 ], [ -91.170373390870921, 33.700806086442682 ], [ -91.170330504572263, 33.700456203262704 ], [ -91.170518814401916, 33.700229448867162 ] ] ], [ [ [ -91.172267065341231, 33.705208723302611 ], [ -91.172465722359931, 33.705152610737393 ], [ -91.172710524641531, 33.705197087661944 ], [ -91.172973393910141, 33.705542343846787 ], [ -91.174368853946888, 33.709676793029679 ], [ -91.174298700292141, 33.709946521329805 ], [ -91.174062134816083, 33.710087798942041 ], [ -91.173734069458959, 33.710055887956976 ], [ -91.173529092712897, 33.709839451327618 ], [ -91.172075767189185, 33.705576175180227 ], [ -91.172104733253533, 33.705368199197594 ], [ -91.172267065341231, 33.705208723302611 ] ] ], [ [ [ -91.169723901331153, 33.706135859242558 ], [ -91.171940024699396, 33.710719089352118 ], [ -91.171901834884153, 33.710993264531346 ], [ -91.171642850991972, 33.711164567070021 ], [ -91.17127885027557, 33.71111391937913 ], [ -91.170981375421462, 33.710742290928479 ], [ -91.169011882346794, 33.706518394743881 ], [ -91.168991752905995, 33.706309691731697 ], [ -91.169113748518527, 33.70612681474649 ], [ -91.169421066130553, 33.706025723201769 ], [ -91.169723901331153, 33.706135859242558 ] ] ], [ [ [ -91.164266674733966, 33.708642105555157 ], [ -91.170771212956197, 33.716694273568621 ], [ -91.170733015885162, 33.71696844792163 ], [ -91.17047401126807, 33.717139747173434 ], [ -91.170183879551757, 33.717123522807903 ], [ -91.169948145294043, 33.71694129466151 ], [ -91.163647600748305, 33.70917919792479 ], [ -91.163496831001979, 33.708859485978806 ], [ -91.163660508340044, 33.708583093515522 ], [ -91.163978215131621, 33.708507678820425 ], [ -91.164266674733966, 33.708642105555157 ] ] ], [ [ [ -91.171848903498685, 33.716149389339641 ], [ -91.172173950260529, 33.716100342954348 ], [ -91.172466420650167, 33.716288409787381 ], [ -91.173004894771282, 33.717256550600382 ], [ -91.172975925503835, 33.717464526352948 ], [ -91.172776864013187, 33.717641656987432 ], [ -91.172447623975998, 33.717663843823928 ], [ -91.172196043261636, 33.717484983132955 ], [ -91.171657577089547, 33.716516839080747 ], [ -91.17168654909544, 33.716308863702764 ], [ -91.171848903498685, 33.716149389339641 ] ] ], [ [ [ -91.167058376068553, 33.701612329789207 ], [ -91.167383369757033, 33.701563294167116 ], [ -91.167654660086399, 33.701720695785227 ], [ -91.16780759331813, 33.702042779616356 ], [ -91.167609488582684, 33.702339753907189 ], [ -91.167284492047131, 33.70238879002504 ], [ -91.167013200389192, 33.702231387561909 ], [ -91.166860269870654, 33.7019093028442 ], [ -91.167058376068553, 33.701612329789207 ] ] ], [ [ [ -91.166277112062858, 33.707020335946083 ], [ -91.166682626946098, 33.706993024272599 ], [ -91.166973046927964, 33.707279243279764 ], [ -91.169888707643082, 33.712091693478875 ], [ -91.169882851131447, 33.71236767639973 ], [ -91.169683795793887, 33.712544802365649 ], [ -91.169395466393141, 33.712576188740833 ], [ -91.169148759742313, 33.712447586670059 ], [ -91.168269333580085, 33.711047907930364 ], [ -91.16610889820717, 33.707455785992323 ], [ -91.166099793344728, 33.7072129095462 ], [ -91.166277112062858, 33.707020335946083 ] ] ], [ [ [ -91.163124399183815, 33.701910900345304 ], [ -91.163449395745161, 33.701861875194354 ], [ -91.163720679392952, 33.702019285240873 ], [ -91.163944634711385, 33.702401116365422 ], [ -91.163910183076709, 33.702573994078406 ], [ -91.163747841254974, 33.702733458697629 ], [ -91.163381955335282, 33.702773275559693 ], [ -91.163043763431517, 33.702517388743509 ], [ -91.162929109004722, 33.702172553669755 ], [ -91.163124399183815, 33.701910900345304 ] ] ], [ [ [ -91.159752383809845, 33.703657895120713 ], [ -91.160157883866574, 33.703630604404687 ], [ -91.160442833038672, 33.703879105140075 ], [ -91.160587791863577, 33.704237368569366 ], [ -91.160392488573478, 33.704499017352035 ], [ -91.160067480650937, 33.704548034043327 ], [ -91.15979619632445, 33.704390615986952 ], [ -91.159555571418238, 33.703990230066736 ], [ -91.159590032426124, 33.703817353918922 ], [ -91.159752383809845, 33.703657895120713 ] ] ], [ [ [ -91.15729776704157, 33.704273148672883 ], [ -91.157542557579575, 33.704317655335132 ], [ -91.157997831155242, 33.704577679638163 ], [ -91.158125157800697, 33.705105771371962 ], [ -91.158048170322203, 33.705305018356015 ], [ -91.157842738866719, 33.705478250680621 ], [ -91.157321555266748, 33.70568090556209 ], [ -91.157083159446657, 33.705616558948989 ], [ -91.156782878047139, 33.705341908528283 ], [ -91.156563914180225, 33.704874745007956 ], [ -91.156695726382267, 33.70462165781548 ], [ -91.157099103380105, 33.704329236573869 ], [ -91.15729776704157, 33.704273148672883 ] ] ], [ [ [ -91.156695679815755, 33.705656477554356 ], [ -91.157061580165774, 33.705616681042194 ], [ -91.15739274556087, 33.705874280835353 ], [ -91.157451384536898, 33.706145920390846 ], [ -91.157263027639374, 33.706372653059169 ], [ -91.156897124128889, 33.706412450058949 ], [ -91.156565958289093, 33.706154848937786 ], [ -91.156507322117875, 33.70588320905577 ], [ -91.156695679815755, 33.705656477554356 ] ] ], [ [ [ -91.161232615904396, 33.71018733230072 ], [ -91.161515872078098, 33.710132497454268 ], [ -91.161776456767029, 33.710240287098756 ], [ -91.166020324871837, 33.714485380109167 ], [ -91.166110573165142, 33.714750902445708 ], [ -91.16594972030353, 33.714991984812698 ], [ -91.165631990824181, 33.715067403764195 ], [ -91.165371386622155, 33.714959621688642 ], [ -91.161221132660089, 33.710829901532435 ], [ -91.161034468972062, 33.71048429428059 ], [ -91.161232615904396, 33.71018733230072 ] ] ] ] } },
{ "type": "Feature", "properties": { "depth_bin": ">20 ft", "survey_id": "LM_13_OZE_20210508_CS_5746_5698", "date": "2021-05-08 00:00:00+00:00", "year": 2021, "mile": 572.0, "bin_order": 0 }, "geometry": { "type": "MultiPolygon", "coordinates": [ [ [ [ -91.227313453377633, 33.6802086960328 ], [ -91.232243051197173, 33.680387394166111 ], [ -91.232514401736012, 33.680544655479565 ], [ -91.232573265430801, 33.680816267584078 ], [ -91.232451439703468, 33.680999213540268 ], [ -91.232269806384153, 33.681086731891952 ], [ -91.231322532903306, 33.681079318771204 ], [ -91.227340695860505, 33.680921836193605 ], [ -91.227080109599683, 33.680814184659546 ], [ -91.226965854984087, 33.680627856261481 ], [ -91.227035817239667, 33.680358090660334 ], [ -91.227313453377633, 33.6802086960328 ] ] ], [ [ [ -91.226695734539987, 33.68303257856104 ], [ -91.23236391067924, 33.683866941319629 ], [ -91.232615527098034, 33.684045681196814 ], [ -91.232642263861152, 33.684320808861791 ], [ -91.23238988086915, 33.684545741068028 ], [ -91.231976340138175, 33.684543772079905 ], [ -91.22663922767147, 33.683744516289991 ], [ -91.226420399296387, 33.68364265669728 ], [ -91.226300650688799, 33.683421233738962 ], [ -91.226401909455959, 33.683158501001088 ], [ -91.226695734539987, 33.68303257856104 ] ] ], [ [ [ -91.226063128080554, 33.685591778394723 ], [ -91.231490600825154, 33.687085399830316 ], [ -91.231720055157439, 33.687283898631875 ], [ -91.231714401745791, 33.687559892048213 ], [ -91.231552210644566, 33.687719451206178 ], [ -91.231269065744669, 33.687774450787536 ], [ -91.229150082308166, 33.687218658536885 ], [ -91.225841554502949, 33.686280818493607 ], [ -91.2256506970147, 33.686145225091344 ], [ -91.225584921644995, 33.685908526031525 ], [ -91.225745553414853, 33.68566735765851 ], [ -91.226063128080554, 33.685591778394723 ] ] ], [ [ [ -91.224448985155249, 33.688137957629287 ], [ -91.230092292387567, 33.690534318551094 ], [ -91.230271016463959, 33.690766426513981 ], [ -91.230201054290376, 33.691036193568955 ], [ -91.229923387146684, 33.691185593472767 ], [ -91.229520432561671, 33.691112138139459 ], [ -91.226401593083395, 33.689797821594226 ], [ -91.224031231401923, 33.688765120523492 ], [ -91.223862108065745, 33.688567479230244 ], [ -91.22388136257598, 33.688325011189335 ], [ -91.224118831681636, 33.688133211663462 ], [ -91.224448985155249, 33.688137957629287 ] ] ], [ [ [ -91.222304903956484, 33.689989108774029 ], [ -91.227772971746234, 33.693458334161754 ], [ -91.22792361720164, 33.693703970931672 ], [ -91.227822349145242, 33.693966704238896 ], [ -91.227570471308539, 33.694088036458574 ], [ -91.227247744766743, 33.694029545697681 ], [ -91.221853557099777, 33.690594693556463 ], [ -91.22170842470139, 33.6903841440771 ], [ -91.221737264823901, 33.690176151877978 ], [ -91.221974743789332, 33.689984356850651 ], [ -91.222304903956484, 33.689989108774029 ] ] ], [ [ [ -91.220066956760533, 33.691936602394073 ], [ -91.225056509400829, 33.696317858927856 ], [ -91.225083223973584, 33.696592987050416 ], [ -91.224869367637666, 33.696803321440981 ], [ -91.224581105184114, 33.696834839161973 ], [ -91.224362246925068, 33.696732975129166 ], [ -91.219350917347441, 33.69237325792254 ], [ -91.21923117612539, 33.692151828602874 ], [ -91.219332467628689, 33.691889103049199 ], [ -91.219710898490575, 33.691764417765299 ], [ -91.220066956760533, 33.691936602394073 ] ] ], [ [ [ -91.217562725050641, 33.69342796574459 ], [ -91.221816384513446, 33.69823333854054 ], [ -91.221875223778767, 33.698504954301839 ], [ -91.221687049269136, 33.698731791635744 ], [ -91.221362090493315, 33.698780971591226 ], [ -91.22111533997321, 33.698652471855247 ], [ -91.216889589761365, 33.693873706695129 ], [ -91.216841764533882, 33.693567910441836 ], [ -91.217055631406581, 33.693357590226199 ], [ -91.217384772466161, 33.693335280917516 ], [ -91.217562725050641, 33.69342796574459 ] ] ], [ [ [ -91.21524546136682, 33.695293103737093 ], [ -91.218509450432293, 33.70010403987699 ], [ -91.218408145641959, 33.700366764026896 ], [ -91.218114249166618, 33.700492664095322 ], [ -91.217833493594938, 33.700429560002078 ], [ -91.217626993980687, 33.700212972666222 ], [ -91.214724011525334, 33.696020251210719 ], [ -91.214452566682652, 33.695517397469914 ], [ -91.214486914194893, 33.695344502041735 ], [ -91.214649150800923, 33.695184966980847 ], [ -91.2149740989382, 33.695135804349256 ], [ -91.21524546136682, 33.695293103737093 ] ] ], [ [ [ -91.211239768624864, 33.695604297533045 ], [ -91.211564719876208, 33.695555143992472 ], [ -91.211857212997685, 33.695743118629515 ], [ -91.212618582763838, 33.697204240328574 ], [ -91.214886489662433, 33.701119644038037 ], [ -91.21502914899628, 33.70155229169702 ], [ -91.214797321681019, 33.7018317002223 ], [ -91.21450903975294, 33.701863193735619 ], [ -91.214290181739059, 33.70176131189956 ], [ -91.213847074111413, 33.701060296971953 ], [ -91.211119834982412, 33.696172260310789 ], [ -91.211051573589046, 33.695831118053007 ], [ -91.211239768624864, 33.695604297533045 ] ] ], [ [ [ -91.208764929358196, 33.69606188693718 ], [ -91.211555123131404, 33.702669640308613 ], [ -91.211423472420989, 33.702922791555388 ], [ -91.211116210353794, 33.703023989692404 ], [ -91.210813328249088, 33.702913953759023 ], [ -91.210600204549806, 33.702541985067008 ], [ -91.208044204632955, 33.696593224516413 ], [ -91.207859447753165, 33.696028192241705 ], [ -91.207959310626279, 33.69583616695099 ], [ -91.208129865579892, 33.695734221886354 ], [ -91.208498002119427, 33.695754696682684 ], [ -91.208764929358196, 33.69606188693718 ] ] ], [ [ [ -91.205132062974371, 33.697294136398249 ], [ -91.205415253259446, 33.697239198397355 ], [ -91.205675859000152, 33.697346896116073 ], [ -91.20598579110731, 33.698021886041573 ], [ -91.207676882940348, 33.703511687535247 ], [ -91.207606838507658, 33.703781438613163 ], [ -91.207370341986646, 33.703922782541625 ], [ -91.207160752533625, 33.703928341109659 ], [ -91.206941898684065, 33.703826446392007 ], [ -91.206744059878034, 33.70341192026472 ], [ -91.204940921587195, 33.697661644842213 ], [ -91.204969805204598, 33.697453658195492 ], [ -91.205132062974371, 33.697294136398249 ] ] ], [ [ [ -91.204001492925102, 33.704063594086378 ], [ -91.203898797631894, 33.704290929737198 ], [ -91.203646857598812, 33.704412210871496 ], [ -91.203324111905303, 33.70435365693686 ], [ -91.203155008448917, 33.704155988307768 ], [ -91.201888078778396, 33.698411741713905 ], [ -91.201904020834888, 33.698102816455965 ], [ -91.202181674871326, 33.69789972060186 ], [ -91.202509708294684, 33.697931554870785 ], [ -91.202714733155972, 33.698147945243043 ], [ -91.204001492925102, 33.704063594086378 ] ] ], [ [ [ -91.198927352708338, 33.698783583485358 ], [ -91.199332823474904, 33.698756162906115 ], [ -91.199585369318783, 33.69902272286231 ], [ -91.20034449395618, 33.704378884883042 ], [ -91.200243128898279, 33.704641591975495 ], [ -91.199991183027308, 33.704762865440252 ], [ -91.199668438964437, 33.704704301990141 ], [ -91.199489772185629, 33.704472151979161 ], [ -91.198730700326536, 33.699115986499102 ], [ -91.198765080916345, 33.698943096622315 ], [ -91.198927352708338, 33.698783583485358 ] ] ], [ [ [ -91.196280126353628, 33.699542478337641 ], [ -91.196660604980082, 33.704377111960191 ], [ -91.196446661452327, 33.704587393958654 ], [ -91.196117474526744, 33.704609645821712 ], [ -91.195911638683896, 33.704490294776861 ], [ -91.195819828484801, 33.704295480054448 ], [ -91.195412992685334, 33.699912531458494 ], [ -91.19545983711788, 33.699462830081529 ], [ -91.195778758250995, 33.699251750982256 ], [ -91.196101478964252, 33.699310323891027 ], [ -91.196280126353628, 33.699542478337641 ] ] ], [ [ [ -91.192209637632203, 33.699044678962402 ], [ -91.192534610418875, 33.698995576317053 ], [ -91.192781316630928, 33.699124131798555 ], [ -91.192912259050743, 33.699730275067616 ], [ -91.193132579421047, 33.704433843472266 ], [ -91.193000872621724, 33.704686973136205 ], [ -91.192735909807652, 33.704787006981825 ], [ -91.192421595832926, 33.70470226759371 ], [ -91.192271035777608, 33.704456590613297 ], [ -91.192011622437491, 33.69934169556096 ], [ -91.192209637632203, 33.699044678962402 ] ] ], [ [ [ -91.189447416248527, 33.699522140217731 ], [ -91.189613687701311, 33.704469809988524 ], [ -91.189452919649497, 33.704710926180034 ], [ -91.189135246168533, 33.70478640768637 ], [ -91.188905513338469, 33.704702899611604 ], [ -91.188770008031071, 33.704526791055734 ], [ -91.188689658707631, 33.703358681101442 ], [ -91.188567006679961, 33.69989007858063 ], [ -91.188636702105114, 33.699476924124177 ], [ -91.188914390545733, 33.699273859327384 ], [ -91.189242422608416, 33.699305728850561 ], [ -91.189447416248527, 33.699522140217731 ] ] ], [ [ [ -91.185144312511085, 33.699120666349536 ], [ -91.185427519408719, 33.699065774828924 ], [ -91.185657233807916, 33.69914928883918 ], [ -91.185792724669213, 33.699325400467025 ], [ -91.185848151013445, 33.699669084618236 ], [ -91.186065797983233, 33.703409064654267 ], [ -91.185978406575998, 33.703746711552128 ], [ -91.185658635519005, 33.703900584901653 ], [ -91.185344332542059, 33.70381582782025 ], [ -91.185193794485542, 33.703570142893888 ], [ -91.184946273337388, 33.69941767080109 ], [ -91.185144312511085, 33.699120666349536 ] ] ], [ [ [ -91.181621588898821, 33.699697204473665 ], [ -91.181862550210212, 33.699639962336811 ], [ -91.182100950494359, 33.699704261223673 ], [ -91.182239007580847, 33.699836172993166 ], [ -91.182310086977154, 33.700071839995573 ], [ -91.182774326367152, 33.703556612566835 ], [ -91.182671576620592, 33.703783928746155 ], [ -91.182419610301963, 33.703905165631475 ], [ -91.182096883531642, 33.703846556737723 ], [ -91.181918266927667, 33.703614382891246 ], [ -91.181424868882175, 33.700029577596567 ], [ -91.181459284382683, 33.699856693724911 ], [ -91.181621588898821, 33.699697204473665 ] ] ], [ [ [ -91.178530573085126, 33.69986362212078 ], [ -91.179276285329351, 33.703870670944944 ], [ -91.179144539499291, 33.704123784526836 ], [ -91.178837239016161, 33.704224900912521 ], [ -91.178506518140509, 33.704088147813671 ], [ -91.178390254982219, 33.703792703904242 ], [ -91.177737551533809, 33.700087675363292 ], [ -91.17777197440499, 33.69991479276775 ], [ -91.177934285622968, 33.699755308595904 ], [ -91.178259267446506, 33.69970624389007 ], [ -91.178530573085126, 33.69986362212078 ] ] ], [ [ [ -91.174532262144965, 33.700340327902694 ], [ -91.174937744198402, 33.700312987948706 ], [ -91.175180655488759, 33.700545117182941 ], [ -91.176115533807334, 33.704067596851345 ], [ -91.17604539096935, 33.70433732671102 ], [ -91.175808844022313, 33.704478608400599 ], [ -91.175480799038709, 33.704446702719657 ], [ -91.175275830431545, 33.704230269102148 ], [ -91.174340985266042, 33.700707784247818 ], [ -91.174369943697243, 33.700499807341124 ], [ -91.174532262144965, 33.700340327902694 ] ] ], [ [ [ -91.17068005445806, 33.700741749903919 ], [ -91.171080381778495, 33.700681334795107 ], [ -91.171362893095036, 33.700925982917724 ], [ -91.172485149741618, 33.704267856238289 ], [ -91.172414995454275, 33.70453758364264 ], [ -91.172178442326796, 33.704678858154814 ], [ -91.171850398389012, 33.704646942847198 ], [ -91.171645438729414, 33.704430503496937 ], [ -91.170536076787684, 33.701228438649558 ], [ -91.170526196489774, 33.700947928464082 ], [ -91.17068005445806, 33.700741749903919 ] ] ], [ [ [ -91.167181473614377, 33.701867698150693 ], [ -91.167506468217667, 33.701818662236356 ], [ -91.167753142612185, 33.701947266700323 ], [ -91.168334632213941, 33.703048142771891 ], [ -91.169349517201141, 33.705264254541795 ], [ -91.169330103776161, 33.705506708234253 ], [ -91.169092468192972, 33.705698396241544 ], [ -91.168688374601246, 33.705659072026826 ], [ -91.168468815160054, 33.705368280347756 ], [ -91.166999720232766, 33.702269620588005 ], [ -91.167019139027218, 33.702027167336169 ], [ -91.167181473614377, 33.701867698150693 ] ] ], [ [ [ -91.164127636249546, 33.702591657344072 ], [ -91.166403637263244, 33.706479085519454 ], [ -91.166271849955137, 33.706732183865817 ], [ -91.165964526469352, 33.706833267351762 ], [ -91.165726120253495, 33.706768937117971 ], [ -91.165588078717079, 33.706637007496326 ], [ -91.163280939856051, 33.7028390062043 ], [ -91.163243403990563, 33.702598044434957 ], [ -91.163431736881449, 33.702371301705519 ], [ -91.163837230285381, 33.702343998656481 ], [ -91.164127636249546, 33.702591657344072 ] ] ], [ [ [ -91.160179919454151, 33.70424558646512 ], [ -91.160463156481299, 33.704190753350943 ], [ -91.16072372214856, 33.704298544668909 ], [ -91.161820405742148, 33.705587997512787 ], [ -91.163582229274439, 33.707786256051101 ], [ -91.163619767653927, 33.708027217632676 ], [ -91.163431422176515, 33.708253960053966 ], [ -91.163106401341267, 33.708302984300836 ], [ -91.162859716595932, 33.708174370300291 ], [ -91.160050220403022, 33.704743962366365 ], [ -91.159991573921801, 33.70447232374363 ], [ -91.160179919454151, 33.70424558646512 ] ] ], [ [ [ -91.157021134151975, 33.705967391588601 ], [ -91.157304378546797, 33.70591256599424 ], [ -91.15756494504366, 33.706020363993154 ], [ -91.160337871292839, 33.708784412503483 ], [ -91.161024341766208, 33.709515613978894 ], [ -91.161044452235515, 33.709724317565609 ], [ -91.160890554746757, 33.709930482521429 ], [ -91.160572840333742, 33.710005888986494 ], [ -91.160312257966112, 33.709898096871562 ], [ -91.157014636756415, 33.706604897835703 ], [ -91.156822983437664, 33.706264346839312 ], [ -91.157021134151975, 33.705967391588601 ] ] ] ] } }
]
}
