{
"type": "FeatureCollection",
"crs": { "type": "name", "properties": { "name": "urn:ogc:def:crs:OGC:1.3:CRS84" } },
"features": [
{ "type": "Feature", "properties": { "depth_bin": 3, "survey_id": "UM_SL_ILC_20260820_BD_2", "date": "2026-08-20 00:00:00+00:00", "year": 2026, "mile": 156.0, "bin_order": -3 }, "geometry": { "type": "Polygon", "coordinates": [ [ [ -90.373877170483269, 38.327212866480288 ], [ -90.37398571274403, 38.327021984420654 ], [ -90.374210585784951, 38.326910774204443 ], [ -90.374475994262156, 38.326916720054463 ], [ -90.374692480514128, 38.327037817923461 ], [ -90.374781754927128, 38.327198145791421 ], [ -90.374795372782202, 38.327705559225379 ], [ -90.3746181838643, 38.327980189159035 ], [ -90.374280467336746, 38.3280526969669 ], [ -90.373976579487874, 38.327915856466014 ], [ -90.373881985596256, 38.327720422902814 ], [ -90.373877170483269, 38.327212866480288 ] ] ] } },
{ "type": "Feature", "properties": { "depth_bin": 4, "survey_id": "UM_SL_ILC_20260820_BD_2", "date": "2026-08-20 00:00:00+00:00", "year": 2026, "mile": 156.0, "bin_order": -4 }, "geometry": { "type": "MultiPolygon", "coordinates": [ [ [ [ -90.373892044609946, 38.326994545648425 ], [ -90.374121704596163, 38.326786460921149 ], [ -90.37447088349407, 38.326767246128917 ], [ -90.374735039300091, 38.32694815699432 ], [ -90.374759433338454, 38.327223219271602 ], [ -90.37452977365318, 38.327431305251388 ], [ -90.374180591560332, 38.327450520103184 ], [ -90.373916435453353, 38.327269607985279 ], [ -90.373892044609946, 38.326994545648425 ] ] ], [ [ [ -90.370705114099835, 38.327317143517199 ], [ -90.371018556236805, 38.327083907112659 ], [ -90.371283964665167, 38.327089860208645 ], [ -90.371471264095788, 38.327184102851078 ], [ -90.371744048583267, 38.327742648623115 ], [ -90.371607192647929, 38.328064738133712 ], [ -90.371280120469322, 38.328162963579672 ], [ -90.370960673430318, 38.328050237362298 ], [ -90.370686630958232, 38.327690885058779 ], [ -90.370705114099835, 38.327317143517199 ] ] ], [ [ [ -90.373925401361035, 38.327749144982853 ], [ -90.374179849802786, 38.327559794747494 ], [ -90.374529741970761, 38.327567633262262 ], [ -90.374770118035656, 38.32776806896301 ], [ -90.374760168726738, 38.328043690211445 ], [ -90.374505719956844, 38.328233041686886 ], [ -90.374155824596471, 38.328225202986182 ], [ -90.373915448859719, 38.32802476604536 ], [ -90.373925401361035, 38.327749144982853 ] ] ], [ [ [ -90.370485589170286, 38.329007681534144 ], [ -90.370639331254353, 38.32883715286269 ], [ -90.370932307430209, 38.328761916600271 ], [ -90.371632436509117, 38.329011344674726 ], [ -90.371786041306308, 38.329328714160418 ], [ -90.371540912402352, 38.329731082813986 ], [ -90.371001727807098, 38.329955352229732 ], [ -90.3706252183148, 38.329872022291099 ], [ -90.370474383945378, 38.329660351590647 ], [ -90.370580442182799, 38.329363551719112 ], [ -90.370468367960413, 38.329182227873332 ], [ -90.370485589170286, 38.329007681534144 ] ] ] ] } },
{ "type": "Feature", "properties": { "depth_bin": 5, "survey_id": "UM_SL_ILC_20260820_BD_2", "date": "2026-08-20 00:00:00+00:00", "year": 2026, "mile": 156.0, "bin_order": -5 }, "geometry": { "type": "MultiPolygon", "coordinates": [ [ [ [ -90.371076020960288, 38.327319369893551 ], [ -90.371464339558671, 38.327282858890236 ], [ -90.371775231257459, 38.327426306469832 ], [ -90.37190249169484, 38.327569836968024 ], [ -90.371888418295939, 38.327983469711462 ], [ -90.371714202061611, 38.32814130888638 ], [ -90.371431136545965, 38.328194657484126 ], [ -90.371465474999795, 38.328410407703636 ], [ -90.371368441938174, 38.32858975470014 ], [ -90.371717573243032, 38.328756783050622 ], [ -90.372019736523697, 38.329434974726951 ], [ -90.371935459717932, 38.329633316597743 ], [ -90.371676383608573, 38.32981194531753 ], [ -90.371537953288538, 38.330023018941041 ], [ -90.370867174774006, 38.330256357065629 ], [ -90.370615378212804, 38.330189968672805 ], [ -90.370452841790652, 38.330024576227224 ], [ -90.370434349826738, 38.329815927450973 ], [ -90.370555109063005, 38.329587084187054 ], [ -90.37044939033315, 38.329273284635683 ], [ -90.370605643221097, 38.328862162559105 ], [ -90.370813854873091, 38.328689295608783 ], [ -90.370560876266637, 38.328425102212087 ], [ -90.370604648792593, 38.327815607277564 ], [ -90.370764130579289, 38.327528120252715 ], [ -90.371076020960288, 38.327319369893551 ] ] ], [ [ [ -90.370210297733067, 38.332114726476469 ], [ -90.370444433477402, 38.331956901934007 ], [ -90.370794345738219, 38.331964752348689 ], [ -90.37120509957586, 38.332279850310009 ], [ -90.371299691368051, 38.332475285853327 ], [ -90.371260833450719, 38.332647662238962 ], [ -90.371102079954483, 38.332796986229866 ], [ -90.3710691002305, 38.333097655652963 ], [ -90.370759265246377, 38.333272172931011 ], [ -90.370661457311712, 38.333597289613479 ], [ -90.370348156429614, 38.333720291991817 ], [ -90.37012931210154, 38.333689682455713 ], [ -90.369857059135015, 38.333527996272693 ], [ -90.369700901368262, 38.333281219275499 ], [ -90.369843095559986, 38.332994238136884 ], [ -90.370215804083514, 38.332898877933246 ], [ -90.370015764370351, 38.332486469379411 ], [ -90.370210297733067, 38.332114726476469 ] ] ] ] } },
{ "type": "Feature", "properties": { "depth_bin": 6, "survey_id": "UM_SL_ILC_20260820_BD_2", "date": "2026-08-20 00:00:00+00:00", "year": 2026, "mile": 156.0, "bin_order": -6 }, "geometry": { "type": "MultiPolygon", "coordinates": [ [ [ [ -90.371502644698936, 38.318482268785672 ], [ -90.371922920549082, 38.318557982663691 ], [ -90.372050166777797, 38.318701512648296 ], [ -90.37206866241587, 38.318910161589201 ], [ -90.371634326498736, 38.319301993159911 ], [ -90.37125246318756, 38.319368313169392 ], [ -90.370945139717762, 38.319177832585765 ], [ -90.370901627616433, 38.318754184427362 ], [ -90.371104274587651, 38.318529373612961 ], [ -90.371502644698936, 38.318482268785672 ] ] ], [ [ [ -90.370821120876585, 38.325006991165175 ], [ -90.371097900870581, 38.324838206074062 ], [ -90.371445118000949, 38.324873031079839 ], [ -90.371659379350135, 38.325091066466577 ], [ -90.371615172857574, 38.325364590896022 ], [ -90.371338391918684, 38.325533377166927 ], [ -90.370991171721798, 38.325498551736679 ], [ -90.37077691131752, 38.325280515170149 ], [ -90.370821120876585, 38.325006991165175 ] ] ], [ [ [ -90.373934560328522, 38.326783788343882 ], [ -90.37421134052363, 38.326614995925063 ], [ -90.374558568118331, 38.326649812050789 ], [ -90.37477284406549, 38.326867842206788 ], [ -90.374728647753429, 38.327141368119044 ], [ -90.374451866613711, 38.327310161717804 ], [ -90.374104635952094, 38.327275345167813 ], [ -90.373890360949545, 38.327057313831865 ], [ -90.373934560328522, 38.326783788343882 ] ] ], [ [ [ -90.370918511977635, 38.327231604314662 ], [ -90.371072391469028, 38.327105283074211 ], [ -90.371328565179155, 38.327050289313291 ], [ -90.371580351769751, 38.327116675837168 ], [ -90.371724857891266, 38.327249689456302 ], [ -90.371749240536744, 38.32752475194193 ], [ -90.371553900660743, 38.327717652201493 ], [ -90.371664397053848, 38.327897522069293 ], [ -90.371599207123822, 38.328150480109095 ], [ -90.371674592205238, 38.328397729849215 ], [ -90.371506060780277, 38.32867086942943 ], [ -90.371837553487168, 38.328809406033955 ], [ -90.372050061576246, 38.329239241069082 ], [ -90.371973618779521, 38.329427922313869 ], [ -90.372004092870128, 38.32971153104689 ], [ -90.371729279374094, 38.330061393746341 ], [ -90.371371629077899, 38.330185120450167 ], [ -90.371162770471145, 38.330353285654745 ], [ -90.370752586127495, 38.330431731785936 ], [ -90.370433130221855, 38.330319003839691 ], [ -90.37030843597374, 38.33006135961643 ], [ -90.37039271771603, 38.329863019106845 ], [ -90.370644191067782, 38.329724329941115 ], [ -90.370682196684882, 38.32947107670909 ], [ -90.370855549566343, 38.329313717303918 ], [ -90.37055939544058, 38.329065112621237 ], [ -90.370489583503058, 38.328863314746812 ], [ -90.370603871332875, 38.328106141319395 ], [ -90.370975133718758, 38.327650473191241 ], [ -90.370859320389627, 38.327435497524391 ], [ -90.370918511977635, 38.327231604314662 ] ] ], [ [ [ -90.371224911371456, 38.332084880583857 ], [ -90.371411028282537, 38.332318410795821 ], [ -90.371410552967461, 38.332834421578795 ], [ -90.371201568729774, 38.333007625788547 ], [ -90.371165484102505, 38.333198308136097 ], [ -90.370918300341103, 38.333447789592157 ], [ -90.370807000225497, 38.333702130016995 ], [ -90.370582100737906, 38.333813332640361 ], [ -90.370274854386565, 38.33379452349805 ], [ -90.370052499763176, 38.333626455937882 ], [ -90.369862337710302, 38.33319929578451 ], [ -90.36995914750392, 38.332528981372334 ], [ -90.370133378469333, 38.332371145429178 ], [ -90.370362401695076, 38.332316595588757 ], [ -90.370417709335101, 38.332087028541601 ], [ -90.37061074004265, 38.331943403436043 ], [ -90.370959944118482, 38.331924200049791 ], [ -90.371224911371456, 38.332084880583857 ] ] ], [ [ [ -90.370909728049142, 38.317933380043108 ], [ -90.371186479968046, 38.317764593583803 ], [ -90.371533663569807, 38.317799417150937 ], [ -90.371747905576697, 38.318017451871256 ], [ -90.371703705258852, 38.318290976796689 ], [ -90.371426952395353, 38.318459764435509 ], [ -90.371079765728155, 38.318424940443983 ], [ -90.370865524665845, 38.318206904544162 ], [ -90.370909728049142, 38.317933380043108 ] ] ], [ [ [ -90.370842181402125, 38.323962931527753 ], [ -90.371118957234188, 38.323794146215171 ], [ -90.371466169420202, 38.32382897098509 ], [ -90.371680427938841, 38.324047006259725 ], [ -90.371636222387636, 38.324320530766478 ], [ -90.371359445610707, 38.324489317258809 ], [ -90.371012230358318, 38.32445449206444 ], [ -90.370797972784544, 38.324236455610048 ], [ -90.370842181402125, 38.323962931527753 ] ] ] ] } },
{ "type": "Feature", "properties": { "depth_bin": 7, "survey_id": "UM_SL_ILC_20260820_BD_2", "date": "2026-08-20 00:00:00+00:00", "year": 2026, "mile": 156.0, "bin_order": -7 }, "geometry": { "type": "MultiPolygon", "coordinates": [ [ [ [ -90.371820913522924, 38.317628715996847 ], [ -90.372019012999246, 38.317708041423558 ], [ -90.372160168052972, 38.317885184385169 ], [ -90.372136302324279, 38.318127192410557 ], [ -90.371945436250556, 38.318292407572756 ], [ -90.372144168323842, 38.318451027447239 ], [ -90.372180689338634, 38.318692053488107 ], [ -90.372048930403182, 38.318873634234556 ], [ -90.371754779434085, 38.319017483126281 ], [ -90.371793922639583, 38.319214319932286 ], [ -90.371685387586382, 38.319405200401128 ], [ -90.371503200912088, 38.319505448036921 ], [ -90.371238357460882, 38.319520017757263 ], [ -90.371007874139721, 38.319416212414112 ], [ -90.370889438364372, 38.319229021116826 ], [ -90.370906654823543, 38.319054474328865 ], [ -90.371059909716678, 38.318884256776656 ], [ -90.370904012729767, 38.318558035222807 ], [ -90.370862854832282, 38.318171316547321 ], [ -90.371184044094193, 38.317622398199823 ], [ -90.371476973917538, 38.317547158799975 ], [ -90.371820913522924, 38.317628715996847 ] ] ], [ [ [ -90.371819684708925, 38.321998009796751 ], [ -90.371975827812847, 38.322244783782025 ], [ -90.371833665380123, 38.32253176904041 ], [ -90.371392593604128, 38.322714412585306 ], [ -90.371028301190123, 38.322602416494661 ], [ -90.370903616447492, 38.322344773001227 ], [ -90.371059603097933, 38.322084441876285 ], [ -90.370910505725519, 38.32192736988214 ], [ -90.370884167430205, 38.321753530882738 ], [ -90.371073899148016, 38.321505338576294 ], [ -90.370968950066271, 38.321330565493568 ], [ -90.370986167125423, 38.321156018761066 ], [ -90.371256913755616, 38.32093373884544 ], [ -90.3716067732516, 38.320941584941096 ], [ -90.371847120057694, 38.321142025765774 ], [ -90.371853476864871, 38.321384711273012 ], [ -90.37168373200025, 38.321564058364451 ], [ -90.371788683142057, 38.321738830874473 ], [ -90.371747792021168, 38.32195772195486 ], [ -90.371819684708925, 38.321998009796751 ] ] ], [ [ [ -90.371658835780437, 38.325606629529162 ], [ -90.371841162077828, 38.325758674276884 ], [ -90.371885530180066, 38.325964890258071 ], [ -90.371550369160644, 38.326479589753653 ], [ -90.37198667567084, 38.326766522724157 ], [ -90.372110445094862, 38.326988818422819 ], [ -90.371926784562064, 38.327359137889388 ], [ -90.372105455939717, 38.327678154051029 ], [ -90.372084275835618, 38.327942303283393 ], [ -90.371833705260613, 38.328219546322167 ], [ -90.371828468243407, 38.328513233806831 ], [ -90.372043111801403, 38.328703374102545 ], [ -90.372197977436699, 38.32924543508112 ], [ -90.372225296959002, 38.329564613289122 ], [ -90.372085915480184, 38.329865994083676 ], [ -90.372327080231145, 38.329838169499254 ], [ -90.372534129507471, 38.32990181559019 ], [ -90.372678642685116, 38.330034828237743 ], [ -90.372723015089534, 38.330241043946053 ], [ -90.372583388766657, 38.330457434276923 ], [ -90.3723457470889, 38.330550742264968 ], [ -90.372042333094527, 38.330508307896274 ], [ -90.371858969147254, 38.330354420683314 ], [ -90.371676798139305, 38.33040391192678 ], [ -90.371697299787513, 38.330678168824356 ], [ -90.371509845854249, 38.330950742823831 ], [ -90.371299876791781, 38.331078774899431 ], [ -90.371079183189664, 38.331099523577173 ], [ -90.370390216469772, 38.330846832231913 ], [ -90.370281426989152, 38.330694165548181 ], [ -90.370223760670996, 38.330333263650381 ], [ -90.37044281924166, 38.329953525847039 ], [ -90.371189769079294, 38.329633084910419 ], [ -90.371324793071992, 38.329443104716233 ], [ -90.371235668999773, 38.329215086759113 ], [ -90.370848527136786, 38.329133604506886 ], [ -90.370691449322706, 38.32885148202859 ], [ -90.370775728441288, 38.328653141118657 ], [ -90.370960492599679, 38.328533815288935 ], [ -90.370752179372118, 38.328268715739384 ], [ -90.370745826975508, 38.328026030538496 ], [ -90.371117522204187, 38.327687207503764 ], [ -90.371019416241936, 38.327327478192764 ], [ -90.371077912047838, 38.327124662345803 ], [ -90.370736327292249, 38.326758626259846 ], [ -90.370871378500212, 38.326438020109684 ], [ -90.370783612389786, 38.32627937992406 ], [ -90.370821825367045, 38.325860036915863 ], [ -90.370722349742891, 38.325625602187984 ], [ -90.370835227627964, 38.325193899853772 ], [ -90.37077474842755, 38.324872067263456 ], [ -90.370894382650306, 38.324724525080271 ], [ -90.371119214785566, 38.324633440704794 ], [ -90.37084249043528, 38.32447570383556 ], [ -90.370776158529381, 38.324238657997888 ], [ -90.371068434273042, 38.323876242148046 ], [ -90.371337128078181, 38.323757426329543 ], [ -90.371678335446518, 38.323818892858611 ], [ -90.371864434229295, 38.324052421936699 ], [ -90.371786409205257, 38.32432121615669 ], [ -90.371543856482816, 38.324546049780317 ], [ -90.371319025109059, 38.324637135000941 ], [ -90.371540872291263, 38.324739025160696 ], [ -90.371649656296754, 38.324891690588316 ], [ -90.371590875693428, 38.325183189329728 ], [ -90.371658835780437, 38.325606629529162 ] ] ], [ [ [ -90.371539193755154, 38.331852736890774 ], [ -90.371652571045274, 38.332180438011903 ], [ -90.371401003634944, 38.332938842965532 ], [ -90.371167521361002, 38.333257206237015 ], [ -90.371220746570359, 38.333435720966605 ], [ -90.371136462344779, 38.333634061895935 ], [ -90.37068269067845, 38.333926059930214 ], [ -90.370365608354192, 38.333903313225925 ], [ -90.370052896610375, 38.333991835464253 ], [ -90.369801088148989, 38.333925444920041 ], [ -90.369609654049682, 38.333656807010378 ], [ -90.369702778567344, 38.333001211973098 ], [ -90.369856531420552, 38.332830684803277 ], [ -90.370612370446054, 38.332407636939273 ], [ -90.370470086913244, 38.332098823741021 ], [ -90.370697498737911, 38.331616854709409 ], [ -90.370907470408625, 38.331488823818248 ], [ -90.371215568119382, 38.331483819563083 ], [ -90.371457762060373, 38.331633908482736 ], [ -90.371539193755154, 38.331852736890774 ] ] ], [ [ [ -90.370931096220247, 38.32295656923192 ], [ -90.371227535752055, 38.322809967535065 ], [ -90.371568738608531, 38.322871434228986 ], [ -90.371754834779978, 38.32310496341514 ], [ -90.371676810574897, 38.323373757623067 ], [ -90.371380369518249, 38.323520360394177 ], [ -90.371039163838802, 38.323458893053804 ], [ -90.370853069192179, 38.323225362793416 ], [ -90.370931096220247, 38.32295656923192 ] ] ], [ [ [ -90.371065854973466, 38.316344647980117 ], [ -90.371275780365394, 38.316216614519661 ], [ -90.371540611743043, 38.316202044274128 ], [ -90.371738707089378, 38.316281370041317 ], [ -90.371879858872447, 38.316458513255114 ], [ -90.371835660335705, 38.316732038347503 ], [ -90.371552318934022, 38.317025177309112 ], [ -90.371358543548254, 38.317110873808751 ], [ -90.371011363329103, 38.31707604984026 ], [ -90.370797126219188, 38.316858013920793 ], [ -90.370820995727911, 38.316616006266671 ], [ -90.371065854973466, 38.316344647980117 ] ] ] ] } },
{ "type": "Feature", "properties": { "depth_bin": 8, "survey_id": "UM_SL_ILC_20260820_BD_2", "date": "2026-08-20 00:00:00+00:00", "year": 2026, "mile": 156.0, "bin_order": -8 }, "geometry": { "type": "MultiPolygon", "coordinates": [ [ [ [ -90.372078716269115, 38.326143548086335 ], [ -90.372075238542791, 38.326469439941427 ], [ -90.372201097765341, 38.326727962301838 ], [ -90.372082716511912, 38.327073923094964 ], [ -90.3718153601246, 38.327344013032629 ], [ -90.371621556811419, 38.32742970885392 ], [ -90.371356147071708, 38.327423756477565 ], [ -90.371056933635273, 38.327299616819637 ], [ -90.370799823873497, 38.326943859714603 ], [ -90.370881065202155, 38.326627653895329 ], [ -90.37074084795988, 38.326358273127369 ], [ -90.371188554910631, 38.325621594272015 ], [ -90.370916622193391, 38.325382108425352 ], [ -90.370967614326815, 38.325100219031739 ], [ -90.370832649985132, 38.324927761714427 ], [ -90.370859563446572, 38.324681043132031 ], [ -90.370749976622776, 38.324437299712514 ], [ -90.370897725955587, 38.32418252602406 ], [ -90.370797269040835, 38.323732584476055 ], [ -90.37111069477298, 38.323499347130451 ], [ -90.371376090149951, 38.323505299550476 ], [ -90.371563380741605, 38.323599541769369 ], [ -90.371861023024636, 38.324170364806982 ], [ -90.371837153027684, 38.324412372428775 ], [ -90.371621430279092, 38.324599547227251 ], [ -90.371852296932531, 38.324849842799004 ], [ -90.37173927922359, 38.325485429814769 ], [ -90.371997303889046, 38.325691300720905 ], [ -90.372078716269115, 38.326143548086335 ] ] ], [ [ [ -90.371659477314111, 38.327728225144057 ], [ -90.3719183144878, 38.327774850469773 ], [ -90.372100646527556, 38.327926894978241 ], [ -90.372145016338834, 38.328133110866794 ], [ -90.371999932284695, 38.328418636912261 ], [ -90.372211322189116, 38.328538172729182 ], [ -90.372305912447231, 38.32873360749393 ], [ -90.372213228650196, 38.329286229127632 ], [ -90.372039009806571, 38.329444068667314 ], [ -90.371827700909478, 38.329498334483489 ], [ -90.37153103307358, 38.329432677310017 ], [ -90.371341215036921, 38.329174679063556 ], [ -90.371093218410564, 38.32906037164981 ], [ -90.370858000663929, 38.329086140014837 ], [ -90.3706509553095, 38.329022491089432 ], [ -90.370459529852482, 38.328753854718897 ], [ -90.370601711207541, 38.328466872034305 ], [ -90.37110497798588, 38.328273232122292 ], [ -90.371053170379, 38.328042704318712 ], [ -90.371161721270141, 38.327851825211447 ], [ -90.371386600958829, 38.32774062067859 ], [ -90.371659477314111, 38.327728225144057 ] ] ], [ [ [ -90.372029191602891, 38.329643702454874 ], [ -90.372246235821819, 38.329606012561975 ], [ -90.372498032083598, 38.329672397435637 ], [ -90.372781161930959, 38.329905302916451 ], [ -90.37285098114377, 38.330107099657546 ], [ -90.372738954218917, 38.330333228473094 ], [ -90.372417617458282, 38.330486757627583 ], [ -90.372606649818096, 38.33061944774655 ], [ -90.372676469111553, 38.33082124457686 ], [ -90.372426031059618, 38.331228193389435 ], [ -90.372010004257106, 38.331317501149663 ], [ -90.371633430156606, 38.331077706210699 ], [ -90.371674360667882, 38.331279776396016 ], [ -90.371877310358627, 38.331492111293912 ], [ -90.371857465557412, 38.331725986459062 ], [ -90.372065022714835, 38.331940638363442 ], [ -90.372041149343602, 38.332182645671871 ], [ -90.3713771310872, 38.33306517596867 ], [ -90.371321409288655, 38.333291996613518 ], [ -90.370846829844524, 38.333618870594556 ], [ -90.37073491904745, 38.333849898987268 ], [ -90.370331040394845, 38.334072366781442 ], [ -90.369803186827582, 38.334086731589274 ], [ -90.369580832492048, 38.333918663148253 ], [ -90.369556457337623, 38.333643600698274 ], [ -90.369710211969675, 38.333473073798523 ], [ -90.370188552521455, 38.333290112300055 ], [ -90.369812244736934, 38.333121567652483 ], [ -90.369782218006918, 38.332782740480077 ], [ -90.369956449981728, 38.332624904841957 ], [ -90.370212644093485, 38.33256991429834 ], [ -90.370426622399464, 38.332617271978314 ], [ -90.370639395062497, 38.332831668485603 ], [ -90.370692486034386, 38.332803067743896 ], [ -90.370804051867083, 38.332458375852859 ], [ -90.370770220451888, 38.332222179748044 ], [ -90.370930594165841, 38.332021332812566 ], [ -90.370773830734748, 38.331859521112548 ], [ -90.370760724383985, 38.331635771154325 ], [ -90.370660617120677, 38.331550659763579 ], [ -90.370343996260601, 38.331510513515077 ], [ -90.370143632473244, 38.331326088736198 ], [ -90.370183546886494, 38.330620687738737 ], [ -90.370494433784927, 38.330418001731282 ], [ -90.370845562230585, 38.32994993029228 ], [ -90.371686563758828, 38.329839476458183 ], [ -90.372029191602891, 38.329643702454874 ] ] ], [ [ [ -90.371429861538644, 38.317395119257554 ], [ -90.371698530234795, 38.31727630160934 ], [ -90.372001889199595, 38.317318734961361 ], [ -90.372202221338938, 38.317503155737839 ], [ -90.372208579718318, 38.317745841392053 ], [ -90.371937848306473, 38.317968124147377 ], [ -90.37164517062088, 38.31797653284363 ], [ -90.371366165169533, 38.318105698861018 ], [ -90.371144612682173, 38.318092136106173 ], [ -90.370880497181332, 38.317911218377674 ], [ -90.370856118949177, 38.317636155541059 ], [ -90.371085756165286, 38.31742807571743 ], [ -90.371429861538644, 38.317395119257554 ] ] ], [ [ [ -90.371981485569961, 38.318692356946656 ], [ -90.372108732137789, 38.318835886877324 ], [ -90.372127227956298, 38.319044535811962 ], [ -90.371784946005448, 38.319381323588601 ], [ -90.371703526967053, 38.31962768028761 ], [ -90.371407101673185, 38.319774283761724 ], [ -90.371065913364617, 38.319712817095741 ], [ -90.370874508855039, 38.319444181847658 ], [ -90.371077133007788, 38.318956590629831 ], [ -90.370873655058887, 38.318714307658276 ], [ -90.370951676203262, 38.318445513720704 ], [ -90.371356388630048, 38.318235807153187 ], [ -90.371664430157111, 38.318230799685907 ], [ -90.371928548825892, 38.318411715749974 ], [ -90.371981485569961, 38.318692356946656 ] ] ], [ [ [ -90.371431694695275, 38.320304774051515 ], [ -90.371656549985516, 38.32019356801748 ], [ -90.371963739620327, 38.320212371520327 ], [ -90.372164092664036, 38.320349605190074 ], [ -90.372233902501407, 38.320551402202362 ], [ -90.372121890139482, 38.320777531218674 ], [ -90.371859202182435, 38.320903204839603 ], [ -90.372131694477147, 38.321122949005499 ], [ -90.372121737546138, 38.321398569983067 ], [ -90.371752518264003, 38.321778570485392 ], [ -90.371425475034499, 38.321876797455886 ], [ -90.371106054806631, 38.321764072512075 ], [ -90.370981371049254, 38.321506429110208 ], [ -90.371184998400537, 38.320957796357959 ], [ -90.371049528460887, 38.320784952244416 ], [ -90.371057084220951, 38.320575879996461 ], [ -90.371431694695275, 38.320304774051515 ] ] ], [ [ [ -90.370964689381083, 38.322286154199652 ], [ -90.371146883940256, 38.322185907721476 ], [ -90.37141173714069, 38.32217133856394 ], [ -90.371737099852993, 38.322394195510654 ], [ -90.371750319118519, 38.322985915420865 ], [ -90.371467426923829, 38.323242232729967 ], [ -90.371117556409189, 38.323234385823078 ], [ -90.37087720511812, 38.323033943389078 ], [ -90.370856147141552, 38.322477033567139 ], [ -90.370964689381083, 38.322286154199652 ] ] ], [ [ [ -90.37066246505421, 38.313094502665585 ], [ -90.370872381399977, 38.312966469552201 ], [ -90.371093019697071, 38.312945719228459 ], [ -90.37130002051876, 38.313009365895802 ], [ -90.37146252314237, 38.31317475629708 ], [ -90.371481016602374, 38.313383405395861 ], [ -90.371352069925777, 38.313562683812002 ], [ -90.371477258027909, 38.313727762862477 ], [ -90.371481842520737, 38.313902798777512 ], [ -90.371198986612697, 38.314159117031792 ], [ -90.370849159823223, 38.314151270886107 ], [ -90.370608837877157, 38.313950828730228 ], [ -90.370590346877734, 38.313742179596773 ], [ -90.370719295727582, 38.313562902103079 ], [ -90.37057913149394, 38.313328191535334 ], [ -90.37066246505421, 38.313094502665585 ] ] ], [ [ [ -90.370730705814566, 38.314619719722081 ], [ -90.371043921922492, 38.314496712976826 ], [ -90.371375796452924, 38.314584229382689 ], [ -90.371531923553604, 38.31483100361244 ], [ -90.37142084464007, 38.315092479324711 ], [ -90.371107626486648, 38.315215486997147 ], [ -90.370775749486, 38.315127969747898 ], [ -90.370619624430816, 38.314881194590967 ], [ -90.370730705814566, 38.314619719722081 ] ] ], [ [ [ -90.37096377816178, 38.315366303666451 ], [ -90.371276997200681, 38.315243296413605 ], [ -90.371608875405229, 38.3153308122819 ], [ -90.371765004771049, 38.315577586258968 ], [ -90.371653925386724, 38.315839062151532 ], [ -90.371340704302284, 38.315962070331587 ], [ -90.371008823627406, 38.315874553619906 ], [ -90.370852696307139, 38.315627778715623 ], [ -90.37096377816178, 38.315366303666451 ] ] ] ] } },
{ "type": "Feature", "properties": { "depth_bin": 9, "survey_id": "UM_SL_ILC_20260820_BD_2", "date": "2026-08-20 00:00:00+00:00", "year": 2026, "mile": 156.0, "bin_order": -9 }, "geometry": { "type": "MultiPolygon", "coordinates": [ [ [ [ -90.372217354231751, 38.32656263139598 ], [ -90.372338573483148, 38.326855521928458 ], [ -90.372093360453107, 38.327398917530338 ], [ -90.372269489454524, 38.327729161969614 ], [ -90.372258494553563, 38.327990164541475 ], [ -90.371918894377146, 38.328461895952024 ], [ -90.372240278794308, 38.328533802742612 ], [ -90.372422613348604, 38.328685846824889 ], [ -90.372470461109103, 38.328856814449409 ], [ -90.372380547705149, 38.329421131165049 ], [ -90.372783735379329, 38.329707081665532 ], [ -90.37290219165385, 38.329894271536709 ], [ -90.372820719347231, 38.33016651401519 ], [ -90.372837047944984, 38.331159040051546 ], [ -90.372756247802982, 38.331322134302837 ], [ -90.372571228562833, 38.331441549312487 ], [ -90.372728531666866, 38.331603691115276 ], [ -90.372747030396013, 38.331812339725353 ], [ -90.372507591369768, 38.332133357358565 ], [ -90.372066318417794, 38.332367134298437 ], [ -90.371765219275957, 38.332844983529355 ], [ -90.371569475224092, 38.332968099839093 ], [ -90.371458066654526, 38.333370682302274 ], [ -90.371233169146009, 38.333481886254113 ], [ -90.370957630098218, 38.333472825251498 ], [ -90.371076805904607, 38.333725382838132 ], [ -90.370964767327067, 38.333951509432609 ], [ -90.370533110286772, 38.33421896176695 ], [ -90.369817724247781, 38.334261504895849 ], [ -90.369510344042297, 38.334071018850871 ], [ -90.369522626913678, 38.333731505129087 ], [ -90.369964247426509, 38.333511933333817 ], [ -90.370251018757841, 38.333502210073064 ], [ -90.370543191072244, 38.333359929671033 ], [ -90.370774897051021, 38.333376602175868 ], [ -90.370661967091223, 38.333194496367938 ], [ -90.370666876780007, 38.332894878887473 ], [ -90.370935581006108, 38.332643481274779 ], [ -90.371034773616046, 38.332401486530081 ], [ -90.370868557932994, 38.332374705247837 ], [ -90.370699566474741, 38.332524425311114 ], [ -90.370443372832099, 38.33257941693919 ], [ -90.37019156878479, 38.332513027383307 ], [ -90.370047055671918, 38.332380011704089 ], [ -90.370059335295181, 38.332040497737765 ], [ -90.370213226881219, 38.331914178138931 ], [ -90.370447630866508, 38.331859540693252 ], [ -90.370505409276717, 38.331720618169022 ], [ -90.370276141294767, 38.331655608338892 ], [ -90.370113602587352, 38.331490215369499 ], [ -90.370131017254508, 38.330969790863847 ], [ -90.370262804535329, 38.330788213571964 ], [ -90.370642037836703, 38.33056750160339 ], [ -90.370588699742314, 38.330348695442424 ], [ -90.370728331638873, 38.330132307691827 ], [ -90.371010540261324, 38.33003481304803 ], [ -90.371291638573766, 38.330092636885645 ], [ -90.371550093779817, 38.328937911635819 ], [ -90.371104082500324, 38.328854252508599 ], [ -90.370881740320897, 38.328686186870243 ], [ -90.370873677846006, 38.328378189194645 ], [ -90.371136445133857, 38.328186712177562 ], [ -90.371364916555052, 38.327831413457822 ], [ -90.371257072671384, 38.327623045969894 ], [ -90.371000085064182, 38.32765633762282 ], [ -90.370757770302589, 38.327570828666964 ], [ -90.370601621034993, 38.327324052996161 ], [ -90.370801820975572, 38.326738040165928 ], [ -90.370723690359029, 38.326397561583605 ], [ -90.37087742602661, 38.326227032312879 ], [ -90.371117085940341, 38.326153317104811 ], [ -90.370781003694475, 38.325984874437658 ], [ -90.370734657072063, 38.325678982266474 ], [ -90.370925185401731, 38.325488209145064 ], [ -90.371282059168152, 38.325435568376754 ], [ -90.370931743568775, 38.325239077074606 ], [ -90.370935138131998, 38.324913321619938 ], [ -90.370766997952671, 38.32476841186152 ], [ -90.370719156373269, 38.32459744367516 ], [ -90.370862252974277, 38.324345807043422 ], [ -90.371178003464749, 38.324247765796251 ], [ -90.370815483412173, 38.323458430699297 ], [ -90.371049164291122, 38.322857303895468 ], [ -90.370954134097616, 38.322661453999089 ], [ -90.370997631651747, 38.322481877023577 ], [ -90.370861958737365, 38.322281658595685 ], [ -90.370850042174013, 38.321930827018726 ], [ -90.371126590356312, 38.3214136527383 ], [ -90.370924056454442, 38.321171848050106 ], [ -90.370929408325736, 38.32050357137102 ], [ -90.371061173174184, 38.320321992135973 ], [ -90.371330124349612, 38.320225738153972 ], [ -90.371131304708427, 38.32014631145865 ], [ -90.370990148162761, 38.319969167250754 ], [ -90.37099770387259, 38.319760094983643 ], [ -90.371148553804119, 38.319591499759696 ], [ -90.371003306447179, 38.31945810505291 ], [ -90.370958943768102, 38.319251888765258 ], [ -90.371098551358912, 38.319035499399732 ], [ -90.371414655158176, 38.318937450465754 ], [ -90.371349004443672, 38.318717986230403 ], [ -90.371016743895908, 38.31852401734394 ], [ -90.370994330210792, 38.318244987346816 ], [ -90.370839766556699, 38.31803099304355 ], [ -90.370856982684259, 38.317856446225015 ], [ -90.37109524350852, 38.317475595487146 ], [ -90.370831712660376, 38.317207163751107 ], [ -90.370813427039153, 38.316575737866337 ], [ -90.370969499715102, 38.316348243462194 ], [ -90.370813387204905, 38.316209377660535 ], [ -90.370765549980362, 38.316038409468099 ], [ -90.370803993207176, 38.315740266036656 ], [ -90.370942951470866, 38.315579682942932 ], [ -90.370661321798138, 38.315366541554127 ], [ -90.370583380768011, 38.314741599838548 ], [ -90.370733320235516, 38.314449363447842 ], [ -90.370608130288261, 38.314257059572533 ], [ -90.370722975869569, 38.313953021145551 ], [ -90.370575947600713, 38.313772229584714 ], [ -90.370557040557514, 38.313361866628199 ], [ -90.370722884667273, 38.313157299693465 ], [ -90.37097093388924, 38.313082790014597 ], [ -90.371302801965669, 38.313170306410747 ], [ -90.371620397612801, 38.313531352123839 ], [ -90.371566540094619, 38.313770351822157 ], [ -90.371353093115673, 38.313921341813945 ], [ -90.371516028628676, 38.314207110098558 ], [ -90.371365167073023, 38.314464000699836 ], [ -90.371490359393761, 38.314656303844899 ], [ -90.371518811728322, 38.315023641184254 ], [ -90.371733503200716, 38.315123952397059 ], [ -90.371851935124667, 38.31531114279607 ], [ -90.371770869840333, 38.315582993620367 ], [ -90.371818140452817, 38.315793290130841 ], [ -90.37167667676232, 38.31608972355054 ], [ -90.371927058809305, 38.316218336203619 ], [ -90.372022560200946, 38.316449117892169 ], [ -90.371938300509314, 38.316647460700544 ], [ -90.371686929225248, 38.316786141003533 ], [ -90.371739647900796, 38.317157213886823 ], [ -90.371643773165161, 38.31736718635139 ], [ -90.372133322449869, 38.317351727573339 ], [ -90.372333668260495, 38.317488960741059 ], [ -90.372402550100716, 38.317655410731277 ], [ -90.37222678257011, 38.318003403912265 ], [ -90.372400463756861, 38.318295824101604 ], [ -90.372237709791975, 38.318863221948895 ], [ -90.37208399378504, 38.319033753871778 ], [ -90.37180198526552, 38.319108816935028 ], [ -90.371858352187758, 38.319377697426582 ], [ -90.371695366137473, 38.319580330257224 ], [ -90.371887530837697, 38.319849345081479 ], [ -90.371745917106409, 38.320135884018448 ], [ -90.372046497902332, 38.32010896546609 ], [ -90.372276984963761, 38.320212768886968 ], [ -90.372385764332478, 38.320365433548687 ], [ -90.372439859936549, 38.320737865067223 ], [ -90.372327847882929, 38.320963994286735 ], [ -90.371915072608346, 38.321211056247797 ], [ -90.372103822821373, 38.321445921732177 ], [ -90.371949539137532, 38.321917753761028 ], [ -90.372142430516817, 38.322222011597709 ], [ -90.371867078020017, 38.322650452655452 ], [ -90.37194521047229, 38.322992665617583 ], [ -90.371745163702613, 38.323493686754567 ], [ -90.371940983186747, 38.324028396333375 ], [ -90.371801367595324, 38.324244786283003 ], [ -90.37148561786141, 38.324342829241274 ], [ -90.371839161497647, 38.324583223479095 ], [ -90.371905497154231, 38.32482026883828 ], [ -90.371738067415791, 38.325257161335927 ], [ -90.371453119232513, 38.325427366344186 ], [ -90.371933824778409, 38.325507254619268 ], [ -90.372156160207879, 38.325675318080087 ], [ -90.372192683504139, 38.325916343982854 ], [ -90.37199610058704, 38.326286724336505 ], [ -90.372217354231751, 38.32656263139598 ] ] ], [ [ [ -90.370005311597581, 38.334457131810041 ], [ -90.37030142228015, 38.334704043891385 ], [ -90.370205285533117, 38.335035147131656 ], [ -90.369661289882245, 38.335192464395817 ], [ -90.369329325033931, 38.33510494009569 ], [ -90.369173166021838, 38.334858162396976 ], [ -90.369284287229434, 38.33459669098476 ], [ -90.369509191052671, 38.334485491025376 ], [ -90.370005311597581, 38.334457131810041 ] ] ] ] } },
{ "type": "Feature", "properties": { "depth_bin": 10, "survey_id": "UM_SL_ILC_20260820_BD_2", "date": "2026-08-20 00:00:00+00:00", "year": 2026, "mile": 156.0, "bin_order": -10 }, "geometry": { "type": "MultiPolygon", "coordinates": [ [ [ [ -90.371758400793041, 38.318020510624109 ], [ -90.371944559997004, 38.317900689753486 ], [ -90.371568550900506, 38.317761551806477 ], [ -90.371496508534022, 38.317426674946844 ], [ -90.371726143293898, 38.3172185937714 ], [ -90.372075276311506, 38.317199384462441 ], [ -90.372291730309513, 38.317320485764206 ], [ -90.372386307939408, 38.317515920282275 ], [ -90.372327129914524, 38.317719814969166 ], [ -90.372116815712118, 38.317869431715494 ], [ -90.372463647961212, 38.317981707336891 ], [ -90.372588331742008, 38.318239349271401 ], [ -90.372394326388246, 38.318523239642715 ], [ -90.372367382150841, 38.318836384130385 ], [ -90.371989656979153, 38.319017179938591 ], [ -90.372051294047509, 38.319292588132541 ], [ -90.371822828545831, 38.319528818675224 ], [ -90.371906282051398, 38.31971170462468 ], [ -90.371857848776671, 38.319898939150235 ], [ -90.372178351682436, 38.320036803208978 ], [ -90.372262537184582, 38.320337643051644 ], [ -90.372096679730859, 38.320542211508148 ], [ -90.371803738211952, 38.320617452012172 ], [ -90.371218801480566, 38.320447100289336 ], [ -90.371018450056923, 38.320309865059336 ], [ -90.370948643828342, 38.32010806744497 ], [ -90.371042612298893, 38.319900010784131 ], [ -90.370863958174382, 38.319548571805726 ], [ -90.371260422285417, 38.318975901032999 ], [ -90.371586245044341, 38.318852688961805 ], [ -90.371307039609036, 38.318649276262995 ], [ -90.371240710387866, 38.318412230613944 ], [ -90.371380315402391, 38.318195840796626 ], [ -90.371706079676258, 38.318097633823228 ], [ -90.371758400793041, 38.318020510624109 ] ] ], [ [ [ -90.371937026580795, 38.325418362957926 ], [ -90.372224080984282, 38.325506607971967 ], [ -90.37237491266086, 38.325718276427033 ], [ -90.372232455272695, 38.326074513009246 ], [ -90.372252752324073, 38.326404970978125 ], [ -90.372386008263902, 38.326634436919917 ], [ -90.372253145022952, 38.326913781628761 ], [ -90.372343251551229, 38.327074882264569 ], [ -90.372309719431158, 38.327282364508406 ], [ -90.371968767776366, 38.327490280258012 ], [ -90.371665366731449, 38.327447845360162 ], [ -90.371479085130858, 38.327288702799343 ], [ -90.371228028356228, 38.327472781737335 ], [ -90.370878137571879, 38.327464933388896 ], [ -90.37061420142193, 38.327196351329505 ], [ -90.370719985283955, 38.326899772413775 ], [ -90.371033255523784, 38.326776767832619 ], [ -90.371292088862674, 38.326823394412656 ], [ -90.371478368903098, 38.326982537224588 ], [ -90.371568984588293, 38.326880835519582 ], [ -90.371294104829346, 38.326492925846409 ], [ -90.371388124687513, 38.326188923459 ], [ -90.371352664304439, 38.325888240502096 ], [ -90.370998443263019, 38.325802818654502 ], [ -90.370842296609922, 38.325556043345067 ], [ -90.370901486409068, 38.32535215003201 ], [ -90.371104839921799, 38.3251707620256 ], [ -90.371155864411207, 38.324840463330737 ], [ -90.370970844703805, 38.324709371197798 ], [ -90.370901960442779, 38.324542920422729 ], [ -90.371150971358659, 38.324109341009702 ], [ -90.3709763982678, 38.323911490535501 ], [ -90.370938462732283, 38.323557424331959 ], [ -90.371107466222412, 38.323062791591191 ], [ -90.370911768742303, 38.322948073416335 ], [ -90.370817188924875, 38.322752637758441 ], [ -90.370876376055236, 38.322548744291076 ], [ -90.371089867980047, 38.32239803821831 ], [ -90.370892582701558, 38.322239998829936 ], [ -90.370848219098889, 38.322033782538291 ], [ -90.371021929284055, 38.321794406198627 ], [ -90.371324577709245, 38.321719761734656 ], [ -90.371317211612009, 38.32153800208556 ], [ -90.371432940341847, 38.321352761257053 ], [ -90.37131274827658, 38.321191467748314 ], [ -90.371320303390675, 38.320982395470658 ], [ -90.371474025515866, 38.320811864813429 ], [ -90.371722100629796, 38.320737354543198 ], [ -90.37205400413886, 38.32082486999839 ], [ -90.372347508589002, 38.321196684212339 ], [ -90.372284927236308, 38.321612391687069 ], [ -90.372097319624714, 38.32186354925738 ], [ -90.372264176830882, 38.322007813270396 ], [ -90.372312020729254, 38.322178780962808 ], [ -90.37203443433711, 38.322616606201741 ], [ -90.372162454038801, 38.322842119305804 ], [ -90.372007707206663, 38.323241406172343 ], [ -90.372125716371258, 38.32342819568872 ], [ -90.371997604814581, 38.323743116278706 ], [ -90.372125602927269, 38.32400325882449 ], [ -90.371932381199713, 38.324448251799758 ], [ -90.372044475473274, 38.32462959535426 ], [ -90.372057525003001, 38.324934651335184 ], [ -90.371872158757839, 38.325297634352339 ], [ -90.371937026580795, 38.325418362957926 ] ] ], [ [ [ -90.371439770344196, 38.328284965434364 ], [ -90.371842664414345, 38.328163968792914 ], [ -90.372320625101921, 38.328249871011543 ], [ -90.372542969490539, 38.328417934001394 ], [ -90.372618375960926, 38.328777504294479 ], [ -90.372519088285387, 38.329337057093056 ], [ -90.372729153161728, 38.329418051296706 ], [ -90.37287033108268, 38.329595193965041 ], [ -90.372804850771814, 38.329894955447344 ], [ -90.372994059032195, 38.330130038539522 ], [ -90.372919915049977, 38.330394042394495 ], [ -90.373009669022736, 38.331008303708096 ], [ -90.372717746881861, 38.331402650069215 ], [ -90.372773759090776, 38.331625197954395 ], [ -90.372625421474822, 38.331847458715295 ], [ -90.372695237927857, 38.332049250102614 ], [ -90.372635120490017, 38.332217797240503 ], [ -90.372372656199531, 38.332382902008284 ], [ -90.372319181481799, 38.332623322685997 ], [ -90.37204787372599, 38.332857763109573 ], [ -90.371716980203601, 38.332955756375767 ], [ -90.371559474375871, 38.333136818487546 ], [ -90.371334179153337, 38.33320918107426 ], [ -90.371344112096807, 38.333625928646725 ], [ -90.370999525223468, 38.333904894928658 ], [ -90.370925462885793, 38.334187903907335 ], [ -90.370756589038521, 38.334301734642921 ], [ -90.370372799640393, 38.334386120897079 ], [ -90.370612002031393, 38.334677447997741 ], [ -90.370588122410922, 38.334919454702394 ], [ -90.37041388596306, 38.335077291076296 ], [ -90.370112932103524, 38.335129542053117 ], [ -90.369870594082542, 38.335044030500853 ], [ -90.36966035130483, 38.334816439291039 ], [ -90.369615985617386, 38.334610222778863 ], [ -90.369716717963584, 38.33442718755267 ], [ -90.369471460076483, 38.334252078418949 ], [ -90.369447085298717, 38.333977015971108 ], [ -90.369600840929948, 38.33380648925823 ], [ -90.370015800571466, 38.333653477823418 ], [ -90.370138919180903, 38.333496217112732 ], [ -90.370361470295478, 38.333405536331199 ], [ -90.37058747360328, 38.333062916816367 ], [ -90.370846870973551, 38.332967568553315 ], [ -90.370882433989436, 38.332673138867406 ], [ -90.371075465446893, 38.332529513031787 ], [ -90.371296318658381, 38.332492057847595 ], [ -90.371361238760798, 38.332211292199034 ], [ -90.371140803031295, 38.332202184606345 ], [ -90.370801370739201, 38.332351357723034 ], [ -90.370469417110968, 38.332263837033523 ], [ -90.370143161264423, 38.331653514996745 ], [ -90.370150722570642, 38.331444443289207 ], [ -90.37030447090136, 38.331273915334506 ], [ -90.370706807374276, 38.331131071478445 ], [ -90.370883247917334, 38.33086426491213 ], [ -90.371783855170861, 38.330537001946901 ], [ -90.372086623537669, 38.330205266542691 ], [ -90.372089317392451, 38.330145971832309 ], [ -90.371685516938953, 38.33009692709782 ], [ -90.37150906648823, 38.329897922859367 ], [ -90.371532940433696, 38.329655915611539 ], [ -90.371791100979351, 38.329432597289504 ], [ -90.37166959473133, 38.329270320415908 ], [ -90.371662040161056, 38.329054084447506 ], [ -90.371135352592773, 38.329011581704151 ], [ -90.370881071846114, 38.328777525537191 ], [ -90.370977195616234, 38.328446421017027 ], [ -90.371439770344196, 38.328284965434364 ] ] ], [ [ [ -90.372069583552587, 38.314085130595068 ], [ -90.372334407087592, 38.314070558265186 ], [ -90.372532497705777, 38.314149882538132 ], [ -90.372659737966387, 38.314293411723163 ], [ -90.372678234970962, 38.314502060731066 ], [ -90.372175600578231, 38.314989617887768 ], [ -90.372198648452311, 38.315262282551799 ], [ -90.371637057671535, 38.316242295432673 ], [ -90.371983781503161, 38.316421785752944 ], [ -90.372013816189522, 38.316760613334665 ], [ -90.371686561977256, 38.317115655815627 ], [ -90.371304710302141, 38.317181976432437 ], [ -90.370997395596646, 38.316991496249827 ], [ -90.370974114329968, 38.316714218122307 ], [ -90.37074563427808, 38.316490478121793 ], [ -90.370725253622922, 38.316197828778023 ], [ -90.371307962513569, 38.31513812625218 ], [ -90.371059687190751, 38.315110293389395 ], [ -90.370885044781062, 38.315002043110333 ], [ -90.370794826059281, 38.314728021088399 ], [ -90.370562065197817, 38.314438931502679 ], [ -90.370656282870996, 38.314194344329557 ], [ -90.370561827512049, 38.31388403726023 ], [ -90.370882966240345, 38.313511438473654 ], [ -90.370576069392968, 38.313252754565298 ], [ -90.370640004740267, 38.312954886914937 ], [ -90.370540393660875, 38.312681864163395 ], [ -90.370621175546276, 38.312518770409177 ], [ -90.370904447941939, 38.312291073931291 ], [ -90.37116617725583, 38.31225612297235 ], [ -90.371408442552735, 38.312341629464619 ], [ -90.371723592694892, 38.312862411777594 ], [ -90.371649189362273, 38.313126756476883 ], [ -90.371808603520662, 38.313267284919931 ], [ -90.371852965960784, 38.313473501029861 ], [ -90.371608098885474, 38.313940489564494 ], [ -90.371369504854258, 38.314183839438662 ], [ -90.371470007617745, 38.314467327306772 ], [ -90.371537525692077, 38.31450398889266 ], [ -90.372069583552587, 38.314085130595068 ] ] ], [ [ [ -90.370604177779811, 38.311034472062254 ], [ -90.370917378288894, 38.310911465039666 ], [ -90.371249236535007, 38.310998981257583 ], [ -90.371405356204718, 38.311245755498788 ], [ -90.371294283066774, 38.311507231415135 ], [ -90.37098108051255, 38.311630239364774 ], [ -90.37064921979669, 38.311542722303564 ], [ -90.370493102172119, 38.311295947135314 ], [ -90.370604177779811, 38.311034472062254 ] ] ], [ [ [ -90.369363878272992, 38.335292335878762 ], [ -90.36982664700993, 38.335289772030045 ], [ -90.370086361774611, 38.335420442564597 ], [ -90.370366468363713, 38.335869079142974 ], [ -90.370190166227601, 38.336179047530933 ], [ -90.369808212298295, 38.336245359423273 ], [ -90.368979305509527, 38.335935669866743 ], [ -90.368884716101732, 38.335740232615329 ], [ -90.368923581689103, 38.335567857361802 ], [ -90.369363878272992, 38.335292335878762 ] ] ] ] } },
{ "type": "Feature", "properties": { "depth_bin": 11, "survey_id": "UM_SL_ILC_20260820_BD_2", "date": "2026-08-20 00:00:00+00:00", "year": 2026, "mile": 156.0, "bin_order": -11 }, "geometry": { "type": "MultiPolygon", "coordinates": [ [ [ [ -90.372035465294715, 38.314089510649474 ], [ -90.372260299957858, 38.313978302626147 ], [ -90.372567463676162, 38.313997103624736 ], [ -90.372767801473344, 38.314134335817378 ], [ -90.372834132628938, 38.314371380795521 ], [ -90.372623659231905, 38.314631005502761 ], [ -90.3722221554237, 38.314663448023836 ], [ -90.372226815487039, 38.31490202883009 ], [ -90.3720731083679, 38.315072561142323 ], [ -90.371666336141288, 38.315133364766211 ], [ -90.371689303946567, 38.31535692507579 ], [ -90.371921515098236, 38.315312507428935 ], [ -90.372135444556349, 38.315359860325515 ], [ -90.372295781759377, 38.315481074443447 ], [ -90.372365588075468, 38.315682871372516 ], [ -90.372281330314294, 38.315881214516466 ], [ -90.372068985401256, 38.31603919485309 ], [ -90.372189355707008, 38.316227848672739 ], [ -90.37216234333016, 38.316577419505698 ], [ -90.371949025519328, 38.316752566192406 ], [ -90.37165720024106, 38.316783310707294 ], [ -90.371847046219429, 38.316916341075157 ], [ -90.371916227755634, 38.317094292660201 ], [ -90.372217313062421, 38.317041919777374 ], [ -90.372491974828321, 38.317151902710791 ], [ -90.372615048240235, 38.31742586400037 ], [ -90.372851109791753, 38.317598152223667 ], [ -90.372898952783203, 38.317769119736937 ], [ -90.372554388403643, 38.31831420053097 ], [ -90.372497033550573, 38.318680478632764 ], [ -90.372335743397997, 38.318831220673282 ], [ -90.372205164874472, 38.319226491991394 ], [ -90.371971982053324, 38.319510104561061 ], [ -90.372026198460219, 38.319678038173073 ], [ -90.372300357735284, 38.319723218102098 ], [ -90.372482671389676, 38.319875261505743 ], [ -90.372480918157834, 38.320198486558169 ], [ -90.372632687523918, 38.320479861632066 ], [ -90.372368872788215, 38.320843077235388 ], [ -90.372409715000444, 38.321113020608237 ], [ -90.372272488120657, 38.321470296335804 ], [ -90.372080829184185, 38.321661578685969 ], [ -90.372158495166332, 38.321983706001156 ], [ -90.372384841604756, 38.322269916155619 ], [ -90.372355817685673, 38.322592047063736 ], [ -90.372187954100056, 38.322770358676159 ], [ -90.372271573415347, 38.322953426741655 ], [ -90.372182918669537, 38.323192436517836 ], [ -90.37228137225965, 38.323361224570696 ], [ -90.37225876249758, 38.32366030096167 ], [ -90.371958431548322, 38.324063557820246 ], [ -90.372128721936733, 38.324258750803203 ], [ -90.372076175838089, 38.32454256393472 ], [ -90.372206362637556, 38.324842235804077 ], [ -90.37203264838594, 38.325081613667003 ], [ -90.37173968824456, 38.325156853298367 ], [ -90.371391072555397, 38.325017267785171 ], [ -90.371109123634284, 38.324512835869726 ], [ -90.371142657425693, 38.324305353959005 ], [ -90.371320119557737, 38.324139388363264 ], [ -90.371133925910812, 38.323839216715427 ], [ -90.371312895594485, 38.323563613218425 ], [ -90.371210302007341, 38.323326307703326 ], [ -90.371328447707953, 38.322938702209953 ], [ -90.371205849719757, 38.322717476292219 ], [ -90.37128912881451, 38.322447800457638 ], [ -90.371093206143115, 38.322290307231285 ], [ -90.371048841944514, 38.322084090995631 ], [ -90.371453138798387, 38.321163200542678 ], [ -90.371161761970384, 38.320976251647991 ], [ -90.371113921431828, 38.3208052835801 ], [ -90.371187654836575, 38.320619934004434 ], [ -90.370992521149077, 38.320484788197639 ], [ -90.370922714853549, 38.320282990569751 ], [ -90.371144603080481, 38.319821681494595 ], [ -90.371059568793029, 38.319558183126823 ], [ -90.371106369264581, 38.31927803151499 ], [ -90.371330819821679, 38.319072247227858 ], [ -90.371467462702057, 38.318743493368906 ], [ -90.37162875438041, 38.318592752579683 ], [ -90.371633469633267, 38.318454933434374 ], [ -90.371445445296331, 38.318360526488988 ], [ -90.371327009930852, 38.318173335625239 ], [ -90.371476060609311, 38.317800998656367 ], [ -90.371034101976406, 38.317796204388678 ], [ -90.370873762095357, 38.317674988478721 ], [ -90.370803958379099, 38.317473190802303 ], [ -90.370924886645454, 38.317053447167737 ], [ -90.371216636621156, 38.316802767908364 ], [ -90.371547593122827, 38.316754718827333 ], [ -90.370942159889395, 38.31626272879749 ], [ -90.370935805583613, 38.31602004317628 ], [ -90.371098626529175, 38.315844500070376 ], [ -90.370873194941254, 38.315761348973858 ], [ -90.370745955918849, 38.315617817915005 ], [ -90.370775337984227, 38.31486988001258 ], [ -90.370552672570469, 38.314585505951797 ], [ -90.370591520016788, 38.314413129038037 ], [ -90.370740840619476, 38.314268971901768 ], [ -90.370783435685624, 38.313821149979667 ], [ -90.370885361153086, 38.313664060277567 ], [ -90.370530792360555, 38.312945915687536 ], [ -90.370670388000875, 38.312729526233689 ], [ -90.370914295641796, 38.312635624659485 ], [ -90.370674998569385, 38.312550532420744 ], [ -90.370533856839174, 38.312373388028014 ], [ -90.370501311067812, 38.31145418913276 ], [ -90.370718160433256, 38.310983491618607 ], [ -90.370994885386011, 38.310814704496451 ], [ -90.371342035875827, 38.310849527470921 ], [ -90.371556258020775, 38.3110675620159 ], [ -90.371492301006995, 38.311365464367142 ], [ -90.371602658500763, 38.311648378202527 ], [ -90.37142776727201, 38.311888422082205 ], [ -90.371404861777279, 38.312156614363971 ], [ -90.371787473765295, 38.312182328791671 ], [ -90.37199205280389, 38.312377046507542 ], [ -90.372366327054948, 38.312432756451088 ], [ -90.372542740311729, 38.312631758489871 ], [ -90.372518878589204, 38.312873766895464 ], [ -90.372344701774253, 38.313031608724067 ], [ -90.372088578710034, 38.313086606629348 ], [ -90.371731319360435, 38.312995697482911 ], [ -90.371935120065586, 38.313133997010958 ], [ -90.372001447756077, 38.313371042366363 ], [ -90.371861854642418, 38.31358743348337 ], [ -90.371593183031877, 38.313683665816178 ], [ -90.371692008863278, 38.314206643667298 ], [ -90.371951579763873, 38.314450125796562 ], [ -90.371934783509062, 38.314245581697023 ], [ -90.372035465294715, 38.314089510649474 ] ] ], [ [ [ -90.37220008121983, 38.325824688150739 ], [ -90.372464018749753, 38.326093266724591 ], [ -90.372384629247108, 38.326642679532071 ], [ -90.37249566473723, 38.326887747298464 ], [ -90.372435551805154, 38.327056294603793 ], [ -90.372250661497731, 38.327196331349199 ], [ -90.372340462399052, 38.327665429292267 ], [ -90.372245501489289, 38.327874472548601 ], [ -90.372376404008563, 38.328276000844973 ], [ -90.372625789761699, 38.328361939082129 ], [ -90.372766965521123, 38.328539081820885 ], [ -90.372684576603476, 38.328856443645364 ], [ -90.372736992339355, 38.329245967115739 ], [ -90.372642411132347, 38.329422862098767 ], [ -90.372718250511753, 38.329677840809637 ], [ -90.373045681405756, 38.329900979355415 ], [ -90.373072026722369, 38.33007481794413 ], [ -90.372979958018234, 38.330249197096606 ], [ -90.373166513532396, 38.330540574414727 ], [ -90.3731073249525, 38.330744468787103 ], [ -90.372894381528056, 38.330894980669349 ], [ -90.373015326963881, 38.331114668025727 ], [ -90.372922685050924, 38.33140749077819 ], [ -90.372993350529697, 38.331649409030042 ], [ -90.372844489357163, 38.331872023431906 ], [ -90.372774029790804, 38.332291583144247 ], [ -90.372570641661738, 38.332488038348593 ], [ -90.372395786388438, 38.332924235857043 ], [ -90.372185812891303, 38.333052269333358 ], [ -90.371874607076947, 38.333094949375464 ], [ -90.371553252873795, 38.333318031870874 ], [ -90.371446794258247, 38.333598100752852 ], [ -90.37125477099778, 38.333741280345947 ], [ -90.371266177025788, 38.334080344112586 ], [ -90.370888368567989, 38.334423207539309 ], [ -90.370976316629495, 38.334611148951545 ], [ -90.370937456515534, 38.334783525104939 ], [ -90.370359717167119, 38.335220888732955 ], [ -90.370644687185916, 38.335726616938281 ], [ -90.370637126139371, 38.335935688575866 ], [ -90.370446568098998, 38.336126459911561 ], [ -90.370145609868814, 38.336178710808575 ], [ -90.36964045039899, 38.3359300902287 ], [ -90.369445425981652, 38.3355494325831 ], [ -90.369084984549943, 38.335208238570942 ], [ -90.369040620333266, 38.335002021903328 ], [ -90.369255849496298, 38.334740337933589 ], [ -90.369197823108649, 38.334458943837028 ], [ -90.369379168126031, 38.333992167523959 ], [ -90.369589149088441, 38.333864139373105 ], [ -90.370232761443546, 38.333763530213361 ], [ -90.370592942091974, 38.333424701263951 ], [ -90.370682364012794, 38.333124221467301 ], [ -90.371130393072207, 38.3325377300837 ], [ -90.371652232583983, 38.332303361210059 ], [ -90.37165621376613, 38.332222741584417 ], [ -90.371389875226754, 38.332156590746351 ], [ -90.371225825573646, 38.331987557423943 ], [ -90.371114843284545, 38.33200974322579 ], [ -90.371146466337777, 38.332241971191813 ], [ -90.370980576726552, 38.332446536605509 ], [ -90.370732460280891, 38.33252104370694 ], [ -90.370473607292112, 38.332474415213952 ], [ -90.370168645609596, 38.332176078282821 ], [ -90.370149551972816, 38.33197010123078 ], [ -90.370011076290879, 38.33176777345043 ], [ -90.370064955648104, 38.331528775789025 ], [ -90.370341763009606, 38.331359993609681 ], [ -90.370719849881141, 38.331410338605302 ], [ -90.370941541623523, 38.331304434794674 ], [ -90.370901003452317, 38.33100669767029 ], [ -90.371171788772372, 38.330784419615547 ], [ -90.371599532347943, 38.330827318526346 ], [ -90.371744045490459, 38.330960332312841 ], [ -90.371789622172912, 38.331154317661536 ], [ -90.372077745173954, 38.331134703454104 ], [ -90.372186175662321, 38.33093117436249 ], [ -90.372374960009822, 38.330810458893644 ], [ -90.372116547558448, 38.33046444449699 ], [ -90.372205849820816, 38.330184365932638 ], [ -90.372165936130358, 38.329978065354467 ], [ -90.371904204553005, 38.329847115735362 ], [ -90.371646041506025, 38.32946298918322 ], [ -90.371932043206726, 38.328816484794253 ], [ -90.371901120188994, 38.328767091346741 ], [ -90.371691545632771, 38.328841480656784 ], [ -90.371428149479172, 38.328815064277094 ], [ -90.371164206611141, 38.328546483263096 ], [ -90.371181425916703, 38.328371936739117 ], [ -90.3715026657853, 38.327854282577917 ], [ -90.371360842302053, 38.327257887837582 ], [ -90.371602372471102, 38.326984553934743 ], [ -90.371632734821333, 38.326712249304592 ], [ -90.371402006373728, 38.326777203284955 ], [ -90.371183182224613, 38.326746596421188 ], [ -90.370982814198214, 38.326609360640269 ], [ -90.370913928360991, 38.32644290985484 ], [ -90.370973118827692, 38.326239016552002 ], [ -90.371126996026973, 38.326112695141653 ], [ -90.371563169899076, 38.326091460054293 ], [ -90.371315350425135, 38.325929015891937 ], [ -90.37122608520788, 38.325768685681865 ], [ -90.371259619454534, 38.325561203786343 ], [ -90.371433830128055, 38.325403365038369 ], [ -90.371689997537757, 38.325348370247127 ], [ -90.371941778698115, 38.325414755811238 ], [ -90.372104308927462, 38.325580146058471 ], [ -90.372117783779302, 38.325802874547399 ], [ -90.37220008121983, 38.325824688150739 ] ] ], [ [ [ -90.373961737286464, 38.327802005666435 ], [ -90.374275006519298, 38.32767899237475 ], [ -90.374606944733443, 38.327766501752649 ], [ -90.374763108772925, 38.328013272589878 ], [ -90.374652018414338, 38.328274750532835 ], [ -90.374338747135027, 38.328397764752317 ], [ -90.37400680644879, 38.328310254530862 ], [ -90.373850644455771, 38.328063482765828 ], [ -90.373961737286464, 38.327802005666435 ] ] ] ] } },
{ "type": "Feature", "properties": { "depth_bin": 12, "survey_id": "UM_SL_ILC_20260820_BD_2", "date": "2026-08-20 00:00:00+00:00", "year": 2026, "mile": 156.0, "bin_order": -12 }, "geometry": { "type": "MultiPolygon", "coordinates": [ [ [ [ -90.372201588267771, 38.313647217284831 ], [ -90.372604398697916, 38.313526214789725 ], [ -90.372955885631356, 38.313722870377646 ], [ -90.372963958907931, 38.314030868858943 ], [ -90.372562600690728, 38.314340860752964 ], [ -90.372676275205009, 38.314542317148657 ], [ -90.372962236643914, 38.31470205008052 ], [ -90.373032044209964, 38.314903846676103 ], [ -90.372971944023163, 38.31507239496657 ], [ -90.372715296794439, 38.315307310383943 ], [ -90.372636382281826, 38.315570140928109 ], [ -90.372081091157298, 38.315885616810839 ], [ -90.372276779632983, 38.316020986577492 ], [ -90.372345660145115, 38.316187436583817 ], [ -90.372306815631731, 38.316359814148029 ], [ -90.372133686143982, 38.316517073859174 ], [ -90.372343891872688, 38.316733077171222 ], [ -90.372287829052681, 38.317021238549366 ], [ -90.372575113918344, 38.317065182113076 ], [ -90.372996149168301, 38.317333495057035 ], [ -90.373153213809019, 38.317615614368513 ], [ -90.372646383814555, 38.318445457727137 ], [ -90.372408782370016, 38.318538767429047 ], [ -90.372149041070827, 38.318513466303919 ], [ -90.371968916521197, 38.318641226282338 ], [ -90.371751905254143, 38.318678916896673 ], [ -90.371464877969373, 38.318590671623689 ], [ -90.371323723388201, 38.318413527855029 ], [ -90.371367925228469, 38.318140003132221 ], [ -90.371660033029215, 38.317968548534374 ], [ -90.371617372732132, 38.317689662173599 ], [ -90.371395514113885, 38.317642436900485 ], [ -90.371213208159205, 38.317490392036149 ], [ -90.371168845757225, 38.317284175787705 ], [ -90.371257823318558, 38.317112878841883 ], [ -90.371127195839776, 38.316850737344112 ], [ -90.371213070411827, 38.316650780474802 ], [ -90.370995211347093, 38.316549767833756 ], [ -90.370876779846341, 38.316362576610835 ], [ -90.370910309189412, 38.316155094396628 ], [ -90.371172476540067, 38.315963757594226 ], [ -90.371240769374339, 38.315783744826795 ], [ -90.371057301501153, 38.315551832583516 ], [ -90.37115246235102, 38.315265868960786 ], [ -90.370952831557759, 38.315005575593972 ], [ -90.370940282923186, 38.314698354013281 ], [ -90.371024542728705, 38.314500011880334 ], [ -90.371277125708033, 38.314361019678742 ], [ -90.371542487808327, 38.314366970530408 ], [ -90.37177510897277, 38.314506319927027 ], [ -90.371877092400581, 38.314344476042137 ], [ -90.372071409393328, 38.314241107771622 ], [ -90.371958251200994, 38.313955620695296 ], [ -90.372201588267771, 38.313647217284831 ] ] ], [ [ [ -90.372171732460558, 38.319489895048051 ], [ -90.372599410765503, 38.319532788013269 ], [ -90.372790822026147, 38.319801420676825 ], [ -90.372655578425196, 38.320082733741344 ], [ -90.372765819348189, 38.320407556161257 ], [ -90.372625851760745, 38.320594670625262 ], [ -90.372609543379355, 38.320854939488214 ], [ -90.372363589758805, 38.321206220810772 ], [ -90.372457982436231, 38.321435743772319 ], [ -90.372363851568579, 38.321956726915865 ], [ -90.372122064314354, 38.32219884535202 ], [ -90.371375279700473, 38.322337223352115 ], [ -90.371089910786409, 38.322177572204474 ], [ -90.371023579728131, 38.321940526470009 ], [ -90.371163192758047, 38.32172413729527 ], [ -90.37147423263842, 38.32162617114107 ], [ -90.371682099677713, 38.321167495466483 ], [ -90.371588635525185, 38.320973318874309 ], [ -90.371649218837774, 38.320767698027957 ], [ -90.371393609026242, 38.32080052387213 ], [ -90.371186586326473, 38.320736876644808 ], [ -90.370994253424001, 38.320432894622698 ], [ -90.371249495853419, 38.320038011428785 ], [ -90.371304144334601, 38.319821723112291 ], [ -90.371239781157954, 38.319587437957139 ], [ -90.371391108738791, 38.319363146354291 ], [ -90.371372628481765, 38.319154529937563 ], [ -90.371473318854413, 38.318998459778363 ], [ -90.371786553113466, 38.318875451763375 ], [ -90.3721184483407, 38.31896296675793 ], [ -90.372274586560422, 38.31920974026152 ], [ -90.372171732460558, 38.319489895048051 ] ] ], [ [ [ -90.371661892530227, 38.326076547888263 ], [ -90.371886765859415, 38.325965342139931 ], [ -90.372152170393804, 38.325971293125384 ], [ -90.372626402868903, 38.326369837864256 ], [ -90.372564772517109, 38.326813998558897 ], [ -90.372405771344461, 38.3272008421783 ], [ -90.3721969221953, 38.327349941879802 ], [ -90.372212640388824, 38.327539775473369 ], [ -90.372436361354659, 38.327792228207841 ], [ -90.372312930719247, 38.328103299903319 ], [ -90.372686853691221, 38.328242472009613 ], [ -90.372861898250051, 38.32865504097397 ], [ -90.37291128795836, 38.329111524327224 ], [ -90.372816805362461, 38.329320088552798 ], [ -90.373036156259445, 38.329798826155631 ], [ -90.372939149427495, 38.33008662353356 ], [ -90.373201164317578, 38.330354424218058 ], [ -90.373147703637827, 38.330592792453089 ], [ -90.373227300161815, 38.330955924358072 ], [ -90.372864602903945, 38.332171761097086 ], [ -90.372428256445517, 38.333002109302768 ], [ -90.372214888748147, 38.33317725432353 ], [ -90.371739879941629, 38.333269891574197 ], [ -90.371677197377579, 38.333379587113384 ], [ -90.371865856919868, 38.333646498118995 ], [ -90.371705252908555, 38.334040064569976 ], [ -90.371775533395507, 38.334242381745426 ], [ -90.371708300456802, 38.334450683452005 ], [ -90.371897031483613, 38.334583250905787 ], [ -90.371966851952848, 38.334785048102795 ], [ -90.371906730216281, 38.33495359465423 ], [ -90.371740975375147, 38.335085159626281 ], [ -90.371766119615685, 38.335305747292139 ], [ -90.371622890713581, 38.335607547077082 ], [ -90.371166893754491, 38.335893687394609 ], [ -90.370777015573168, 38.335887626360481 ], [ -90.370601444376788, 38.336209531878829 ], [ -90.370229582050968, 38.336305013372126 ], [ -90.36992566882914, 38.336168161567294 ], [ -90.369775813868756, 38.335824416908928 ], [ -90.369537739128248, 38.335795613056355 ], [ -90.369104812149786, 38.335579480360607 ], [ -90.368983593611546, 38.335286586817581 ], [ -90.369157343987084, 38.335047215089283 ], [ -90.369596125851871, 38.334808867922042 ], [ -90.369871757665067, 38.33477585600675 ], [ -90.36993529442347, 38.334680313124295 ], [ -90.36959049684846, 38.334682003751503 ], [ -90.369359969240392, 38.334578193760947 ], [ -90.36923619681815, 38.334355895251569 ], [ -90.369319562670782, 38.334122209111861 ], [ -90.36957221906421, 38.333983223575324 ], [ -90.369794440604196, 38.333979617173441 ], [ -90.370018026858858, 38.334078180524543 ], [ -90.370444062303577, 38.333906081211275 ], [ -90.370553637432323, 38.333800017782046 ], [ -90.370584153041577, 38.333493388614293 ], [ -90.370878337098148, 38.333321589542209 ], [ -90.370844069062301, 38.333133513531173 ], [ -90.370924875668933, 38.332970420870865 ], [ -90.371201405642353, 38.332827285138755 ], [ -90.37137383763104, 38.332593698310859 ], [ -90.371669724673509, 38.332518638039858 ], [ -90.371829319645926, 38.33231214857544 ], [ -90.372167204006701, 38.331557366601089 ], [ -90.372347352269344, 38.330584383852184 ], [ -90.372296540939089, 38.330369131269798 ], [ -90.372396319781572, 38.330187034729001 ], [ -90.372175910584886, 38.330019748043476 ], [ -90.372136269384896, 38.329792549467825 ], [ -90.371998492148194, 38.329617975298852 ], [ -90.372077069623771, 38.329304434391098 ], [ -90.371920388075139, 38.328974627438114 ], [ -90.371970245856048, 38.328689686192149 ], [ -90.371888418106195, 38.328568511702734 ], [ -90.371543030947919, 38.328482259146298 ], [ -90.371401858359405, 38.328305115042035 ], [ -90.37153785035855, 38.327779955295696 ], [ -90.371308813407893, 38.327492395754035 ], [ -90.371368003803724, 38.327288502275266 ], [ -90.371576854383804, 38.327139404105132 ], [ -90.371562903819665, 38.326941735744185 ], [ -90.371666440311714, 38.326783338847683 ], [ -90.371549868910606, 38.326302675796285 ], [ -90.371661892530227, 38.326076547888263 ] ] ], [ [ [ -90.372016506264018, 38.310935021366554 ], [ -90.372198670120241, 38.310834772003055 ], [ -90.372463481772371, 38.310820198947312 ], [ -90.372661563895875, 38.310899522727965 ], [ -90.372802708305102, 38.311076664680648 ], [ -90.372758517663556, 38.311350190588904 ], [ -90.372509011710136, 38.311511990170054 ], [ -90.372653975098501, 38.311838097602532 ], [ -90.37239985710444, 38.312260148848615 ], [ -90.372657116784183, 38.312413581438641 ], [ -90.372723446330838, 38.312650626472404 ], [ -90.372583856822885, 38.312867018600649 ], [ -90.372314079184363, 38.312963357097622 ], [ -90.3723263350237, 38.31315692653186 ], [ -90.37222565525505, 38.313312997920569 ], [ -90.371811243285691, 38.313540573597841 ], [ -90.371854995746403, 38.313745693738625 ], [ -90.371774215056348, 38.313908788363619 ], [ -90.371564297388332, 38.314036823033831 ], [ -90.371343655845635, 38.314057574127439 ], [ -90.371101385032986, 38.313972067320584 ], [ -90.37096023967608, 38.313794923343366 ], [ -90.370889584039091, 38.313550577478317 ], [ -90.370949439437425, 38.313214809592985 ], [ -90.370653879482532, 38.312968045839533 ], [ -90.370694571553187, 38.312699958600362 ], [ -90.370533666609973, 38.312482026148167 ], [ -90.370518000424326, 38.312044859894385 ], [ -90.370993065228362, 38.3112513410966 ], [ -90.371364796643249, 38.31115585216812 ], [ -90.371705511004365, 38.311337411066646 ], [ -90.371909958184943, 38.311226346534205 ], [ -90.372016506264018, 38.310935021366554 ] ] ], [ [ [ -90.371565112002344, 38.322387896734845 ], [ -90.37178997373114, 38.322276690704541 ], [ -90.372055364795074, 38.322282641428096 ], [ -90.372271833401726, 38.322403743215645 ], [ -90.372366416798329, 38.322599177833752 ], [ -90.372267649848411, 38.323234229083759 ], [ -90.372018169092584, 38.323449161248966 ], [ -90.372154102449883, 38.32362234947324 ], [ -90.372146549016307, 38.323831421796633 ], [ -90.371992821621845, 38.324001953084796 ], [ -90.37174473541755, 38.324076463500447 ], [ -90.371412817712553, 38.323988946691856 ], [ -90.371256673160161, 38.323742171955892 ], [ -90.371315860037257, 38.323538278281951 ], [ -90.371528692886685, 38.323387799968273 ], [ -90.371376855454571, 38.323109633521852 ], [ -90.371417140105351, 38.322707085816596 ], [ -90.371565112002344, 38.322387896734845 ] ] ], [ [ [ -90.371449703598486, 38.324301335079497 ], [ -90.371776757896924, 38.324203108468922 ], [ -90.372096189768982, 38.324315831964554 ], [ -90.372220881787982, 38.324573474384465 ], [ -90.372077789300207, 38.324825112820207 ], [ -90.371750732512552, 38.324923340175943 ], [ -90.371431298615732, 38.32481061567195 ], [ -90.371306609085948, 38.324552972506886 ], [ -90.371449703598486, 38.324301335079497 ] ] ], [ [ [ -90.371188401030665, 38.325048148693632 ], [ -90.371370602444955, 38.324947902147741 ], [ -90.371635465725333, 38.324933332850854 ], [ -90.371960841031381, 38.325156189551251 ], [ -90.371887171820219, 38.325709065577449 ], [ -90.371616408400172, 38.325931346217111 ], [ -90.371266524917104, 38.325923499292337 ], [ -90.371026164735653, 38.325723056911798 ], [ -90.371007671499299, 38.325514408068976 ], [ -90.371188401030665, 38.325048148693632 ] ] ], [ [ [ -90.37012433186419, 38.331609627438745 ], [ -90.370451421199476, 38.33151140588604 ], [ -90.370770882270719, 38.331624133951365 ], [ -90.370895580547199, 38.331881777776111 ], [ -90.370752467708925, 38.33213341362903 ], [ -90.370425375883443, 38.33223163592703 ], [ -90.370105912786812, 38.332118906853061 ], [ -90.369981217000543, 38.331861262283013 ], [ -90.37012433186419, 38.331609627438745 ] ] ] ] } },
{ "type": "Feature", "properties": { "depth_bin": 13, "survey_id": "UM_SL_ILC_20260820_BD_2", "date": "2026-08-20 00:00:00+00:00", "year": 2026, "mile": 156.0, "bin_order": -13 }, "geometry": { "type": "MultiPolygon", "coordinates": [ [ [ [ -90.372369693940456, 38.313504604809388 ], [ -90.372727765579612, 38.31338086348935 ], [ -90.373047152504299, 38.313493582921517 ], [ -90.373165585474752, 38.313680772065226 ], [ -90.373150561968671, 38.314026416779591 ], [ -90.373341313620699, 38.314159808900612 ], [ -90.373411121818449, 38.314361605306154 ], [ -90.373209544078435, 38.314763169473558 ], [ -90.372805611938077, 38.315073786788503 ], [ -90.372807911176196, 38.315371415002893 ], [ -90.372640706672101, 38.31552541706089 ], [ -90.372558177383283, 38.315764395182818 ], [ -90.372389171909276, 38.315878291911915 ], [ -90.372313475357188, 38.316219112499887 ], [ -90.372140354765946, 38.316376367542915 ], [ -90.372223808583144, 38.316580840949158 ], [ -90.372333673940318, 38.316376407896712 ], [ -90.372558515454458, 38.316265199577899 ], [ -90.372823884767953, 38.316271147778885 ], [ -90.373040337419241, 38.316392247659998 ], [ -90.373124523177779, 38.316693087027382 ], [ -90.372851710974288, 38.317110461752023 ], [ -90.373136471810781, 38.31722106123528 ], [ -90.37326023026128, 38.317443355585745 ], [ -90.373149152932683, 38.317704832912419 ], [ -90.372872189020072, 38.317824434161707 ], [ -90.372997640490212, 38.317989703160137 ], [ -90.372990091002947, 38.318198775826296 ], [ -90.372612246050124, 38.318588225175084 ], [ -90.37259786333918, 38.318772883629784 ], [ -90.37241148637149, 38.318998204474724 ], [ -90.372301358388597, 38.319327402774363 ], [ -90.372774816523872, 38.319408992816321 ], [ -90.372967154579982, 38.319712972132763 ], [ -90.37282150723253, 38.319966343489007 ], [ -90.372915073543268, 38.320194933945551 ], [ -90.372771027323097, 38.320641141552038 ], [ -90.372596831449073, 38.320798982918454 ], [ -90.372340680841006, 38.320853980332274 ], [ -90.371966387130982, 38.320685412601023 ], [ -90.371820408276918, 38.320217414747418 ], [ -90.371926095487623, 38.319961345808778 ], [ -90.371716148576553, 38.319880363689343 ], [ -90.371348305309326, 38.319571849088284 ], [ -90.371252802562537, 38.319341066889685 ], [ -90.371337067643196, 38.319142724835693 ], [ -90.371516126211034, 38.319025359568272 ], [ -90.371594598562936, 38.318688107273523 ], [ -90.371810636555495, 38.318430671566247 ], [ -90.371584460718708, 38.318207858759578 ], [ -90.371628661413908, 38.317934333889987 ], [ -90.371905411766065, 38.317765545672252 ], [ -90.372265615331116, 38.317806918709842 ], [ -90.372488329029352, 38.317728458957156 ], [ -90.372365613190624, 38.317569796121042 ], [ -90.372171943062568, 38.31771448389992 ], [ -90.371886932913938, 38.317746182647497 ], [ -90.371706190630462, 38.317823091131878 ], [ -90.371359006804028, 38.317788268069179 ], [ -90.371158676143395, 38.317603845907378 ], [ -90.371195249211738, 38.317288961138381 ], [ -90.371023223978071, 38.317163065821191 ], [ -90.370954345743584, 38.316996615137789 ], [ -90.371037683001347, 38.316762926240152 ], [ -90.37131261115745, 38.316620054802897 ], [ -90.371130920581365, 38.316428277792433 ], [ -90.371089535456576, 38.316092533193263 ], [ -90.371287004805623, 38.315806737545429 ], [ -90.371233749916769, 38.315628166803485 ], [ -90.371294954990518, 38.315458262303558 ], [ -90.371026362176352, 38.315326345241481 ], [ -90.370930865261599, 38.315095562868038 ], [ -90.371118319882825, 38.314680298199093 ], [ -90.371291481087169, 38.314523021040195 ], [ -90.370998904707719, 38.314196674592942 ], [ -90.37093986680155, 38.313878434853187 ], [ -90.370978712862538, 38.313706057745762 ], [ -90.371142888687942, 38.313553724082944 ], [ -90.371148137994169, 38.313367425663607 ], [ -90.370988652261687, 38.313246635430374 ], [ -90.370714267278316, 38.312773359297751 ], [ -90.370797599670709, 38.31253967027353 ], [ -90.371145167953856, 38.312289654897803 ], [ -90.370836388465804, 38.312070458608879 ], [ -90.370830034068334, 38.311827772852247 ], [ -90.370985549419103, 38.311656244401703 ], [ -90.370756247688334, 38.31153229304666 ], [ -90.370660755927574, 38.311301510529347 ], [ -90.370745012010786, 38.3111031683802 ], [ -90.371125365484133, 38.310809541848343 ], [ -90.371770667414552, 38.31079194684613 ], [ -90.372071455698403, 38.310926005382846 ], [ -90.372351937658138, 38.310928066702928 ], [ -90.372738932612847, 38.311257960369744 ], [ -90.372816476537025, 38.311762617384254 ], [ -90.372538151509005, 38.312040713155291 ], [ -90.372735398440213, 38.312223586294891 ], [ -90.372753895480244, 38.312432235345739 ], [ -90.37226811474396, 38.312902542282544 ], [ -90.37227176237694, 38.313341566141048 ], [ -90.371839731352821, 38.313767750626639 ], [ -90.3718617182884, 38.313960052329961 ], [ -90.372004169098659, 38.313812242532286 ], [ -90.372257875009709, 38.313737638190723 ], [ -90.372369693940456, 38.313504604809388 ] ], [ [ -90.372126204900482, 38.314468520192499 ], [ -90.372158300444255, 38.314465501475155 ], [ -90.372189725104349, 38.314464990378085 ], [ -90.372132055948882, 38.314436632834258 ], [ -90.372126204900482, 38.314468520192499 ] ] ], [ [ [ -90.372374964626502, 38.32574955374519 ], [ -90.37263890256871, 38.326018131941488 ], [ -90.372585670490238, 38.326374193532089 ], [ -90.372713613967946, 38.326599642776401 ], [ -90.372679150661227, 38.326991793349805 ], [ -90.372313597170958, 38.327515033116427 ], [ -90.371897591772324, 38.327604341287106 ], [ -90.371667082469827, 38.327500536413623 ], [ -90.371543313648232, 38.327278240281302 ], [ -90.37160250318388, 38.327074346647429 ], [ -90.37177741995697, 38.326938721467549 ], [ -90.371842770530506, 38.32647319716186 ], [ -90.371502762278098, 38.326025029515378 ], [ -90.371550950378165, 38.325746595938313 ], [ -90.371283416269989, 38.325614831604419 ], [ -90.371187906905149, 38.32538404928799 ], [ -90.371460660055575, 38.324511405356418 ], [ -90.37129511417811, 38.32418760385108 ], [ -90.371311438751718, 38.323811464466175 ], [ -90.371539134087456, 38.323520535544553 ], [ -90.371535885434071, 38.3229530714246 ], [ -90.371734010428412, 38.322730753905049 ], [ -90.371346597664825, 38.321728802804273 ], [ -90.3714551374119, 38.321537922873951 ], [ -90.371694307038112, 38.321424231645459 ], [ -90.371791452758487, 38.321096832405544 ], [ -90.372104695775178, 38.320973823885161 ], [ -90.372498161751835, 38.321112677074332 ], [ -90.372604200046936, 38.321494252709982 ], [ -90.372545018741945, 38.321698147288402 ], [ -90.372380575183698, 38.321829149146843 ], [ -90.372541451343309, 38.322047046518655 ], [ -90.372554205005571, 38.322522111376173 ], [ -90.372344761587243, 38.322814488655801 ], [ -90.372437890670867, 38.323008282158774 ], [ -90.37244935661667, 38.32355486876147 ], [ -90.372301249232265, 38.323917504148866 ], [ -90.372267199449581, 38.324976887084738 ], [ -90.372079908077836, 38.325284172414264 ], [ -90.372038096953816, 38.325578008882765 ], [ -90.372374964626502, 38.32574955374519 ] ] ], [ [ [ -90.372492734911361, 38.32812419359788 ], [ -90.372559075283576, 38.328361238651354 ], [ -90.37245013152625, 38.328552443917374 ], [ -90.372792625059049, 38.328588089070792 ], [ -90.373006900899327, 38.32880612240767 ], [ -90.372983032287578, 38.329048130173796 ], [ -90.372757265071627, 38.329227565378879 ], [ -90.372973257123689, 38.329348513502339 ], [ -90.37306253021147, 38.329508842589668 ], [ -90.373057514239449, 38.32979475718556 ], [ -90.372911397095592, 38.329986004082734 ], [ -90.373330196570834, 38.330469788262803 ], [ -90.373252168646999, 38.33073858314259 ], [ -90.372992864976595, 38.330878734839523 ], [ -90.373296063560474, 38.331292143230073 ], [ -90.373203851824229, 38.331942036258404 ], [ -90.372944553848725, 38.332351124266594 ], [ -90.372742930110405, 38.332476275095679 ], [ -90.37263241378399, 38.332863132685091 ], [ -90.372394149390871, 38.333201531972314 ], [ -90.372162833268106, 38.333335045863613 ], [ -90.372147001392477, 38.333514548045727 ], [ -90.372011253765294, 38.333672943836604 ], [ -90.372035450365232, 38.333841595138658 ], [ -90.371942011705514, 38.334017336943589 ], [ -90.372090343863377, 38.334703864222611 ], [ -90.371859533867493, 38.335126160047501 ], [ -90.371520588481161, 38.335385270899693 ], [ -90.371145130965331, 38.335474515850095 ], [ -90.371258885805034, 38.335722080705651 ], [ -90.371115765864971, 38.335973716628025 ], [ -90.370596301757033, 38.336187848524695 ], [ -90.370331397253494, 38.336202413963889 ], [ -90.370005979710939, 38.335979551514342 ], [ -90.370065886142555, 38.335591363365801 ], [ -90.369709970023166, 38.33578190559669 ], [ -90.369245645822559, 38.33581382146145 ], [ -90.368960230684522, 38.335654163718431 ], [ -90.368901745417205, 38.335382307431125 ], [ -90.369004156278564, 38.335043504598929 ], [ -90.369178395581727, 38.334885670428591 ], [ -90.369597484394603, 38.334858613500437 ], [ -90.369809614073844, 38.334727938305093 ], [ -90.37013130222104, 38.334708198689249 ], [ -90.370107089452944, 38.334369306599427 ], [ -90.370187899219189, 38.334206214587297 ], [ -90.370489845434861, 38.333940777480983 ], [ -90.370928841895307, 38.33382173011065 ], [ -90.370773553870677, 38.33347471726379 ], [ -90.370827432331524, 38.333235719269354 ], [ -90.371042818879801, 38.333084371478506 ], [ -90.371219278103197, 38.332817415347357 ], [ -90.371758512511846, 38.332698573213044 ], [ -90.371890266041092, 38.332326949639274 ], [ -90.37211605192141, 38.33217200533003 ], [ -90.372323627628532, 38.331736394064066 ], [ -90.37231768744256, 38.331069869926388 ], [ -90.372637807033172, 38.330835472261775 ], [ -90.372226497936893, 38.33038511685325 ], [ -90.372234052914081, 38.330176044750488 ], [ -90.372368032302873, 38.33001883535762 ], [ -90.371836607102978, 38.329532587768441 ], [ -90.371880816211004, 38.329259063490966 ], [ -90.372174674458151, 38.329087313325559 ], [ -90.372109718194949, 38.328878072475433 ], [ -90.371777019570146, 38.3288658096169 ], [ -90.371536648660111, 38.32866536797362 ], [ -90.371518153694538, 38.32845671922567 ], [ -90.37166772245466, 38.328212532692504 ], [ -90.371591883494091, 38.327874168802758 ], [ -90.371821552729429, 38.327666088950032 ], [ -90.372170736077507, 38.327646881191058 ], [ -90.372434888928026, 38.327827797128521 ], [ -90.372492734911361, 38.32812419359788 ] ] ], [ [ [ -90.37246921676099, 38.336257939893059 ], [ -90.372782525571736, 38.336134932152873 ], [ -90.3731144997803, 38.336222446970268 ], [ -90.37327067514633, 38.336469219948818 ], [ -90.373159564810805, 38.336730695480753 ], [ -90.372846253952616, 38.336853704148972 ], [ -90.372514277271023, 38.336766188487708 ], [ -90.372358103952436, 38.336519414581126 ], [ -90.37246921676099, 38.336257939893059 ] ] ], [ [ [ -90.370078806544981, 38.331839015395509 ], [ -90.370392099545938, 38.331716013426998 ], [ -90.370724050604181, 38.331803534249616 ], [ -90.370880209039996, 38.332050309949231 ], [ -90.37076909791196, 38.332311783323867 ], [ -90.370455802863759, 38.332434786220162 ], [ -90.370123849333226, 38.332347264553654 ], [ -90.369967692944655, 38.332100487926269 ], [ -90.370078806544981, 38.331839015395509 ] ] ] ] } },
{ "type": "Feature", "properties": { "depth_bin": 14, "survey_id": "UM_SL_ILC_20260820_BD_2", "date": "2026-08-20 00:00:00+00:00", "year": 2026, "mile": 156.0, "bin_order": -14 }, "geometry": { "type": "MultiPolygon", "coordinates": [ [ [ [ -90.373067041865056, 38.310961017653483 ], [ -90.373331853918074, 38.310946442645339 ], [ -90.373529937409671, 38.311025765002604 ], [ -90.373657174592807, 38.311169293047016 ], [ -90.373675674192995, 38.311377942071452 ], [ -90.373543933203862, 38.311559525313356 ], [ -90.373172664198421, 38.311718552971229 ], [ -90.372907849313918, 38.311733127515502 ], [ -90.372691023397806, 38.311639635227941 ], [ -90.372945723283692, 38.312280586930996 ], [ -90.372789430781523, 38.312717136248693 ], [ -90.372449221012047, 38.312867864995205 ], [ -90.372438268417824, 38.313090481746116 ], [ -90.372504222879357, 38.313321740673587 ], [ -90.372876957051062, 38.313225431326941 ], [ -90.373296106749834, 38.313372939189193 ], [ -90.373440840341203, 38.313562885140321 ], [ -90.373725048349172, 38.313722278814751 ], [ -90.373791382358547, 38.313959323364514 ], [ -90.373488433655766, 38.314431030672829 ], [ -90.373251173762881, 38.314566092512919 ], [ -90.373278853478382, 38.314845776629028 ], [ -90.373096369007243, 38.315032148069477 ], [ -90.372762360171436, 38.31567803549671 ], [ -90.372735865603104, 38.315910638138611 ], [ -90.372544423034284, 38.316120923459302 ], [ -90.372893049946001, 38.315918452213438 ], [ -90.373242885800536, 38.315926292567056 ], [ -90.373465586231234, 38.316095053091786 ], [ -90.373885435518019, 38.316200933879841 ], [ -90.373994212836365, 38.316353597047204 ], [ -90.374021600484426, 38.316633099859047 ], [ -90.373944306853275, 38.316923595774739 ], [ -90.37358231048978, 38.317209541441507 ], [ -90.3735485756511, 38.317415622940928 ], [ -90.373081221381099, 38.318115709712373 ], [ -90.372828628165863, 38.31825470537904 ], [ -90.372550606286097, 38.318244869277486 ], [ -90.372739127314915, 38.318479620847533 ], [ -90.372675834072311, 38.318730258154915 ], [ -90.372799527262828, 38.318921419151806 ], [ -90.372752306395441, 38.319150130202267 ], [ -90.373133936297236, 38.319232553137716 ], [ -90.373287529574512, 38.319549920621974 ], [ -90.372998411637155, 38.319976816787857 ], [ -90.372946636298991, 38.3204293618939 ], [ -90.372542094538829, 38.321243544380899 ], [ -90.37277200886443, 38.321531479695338 ], [ -90.372562212230392, 38.321948018940638 ], [ -90.372713033883116, 38.322159683632556 ], [ -90.37271704988612, 38.322583186334946 ], [ -90.372341449285074, 38.323125907496319 ], [ -90.371983328099347, 38.323249645700926 ], [ -90.371663901009399, 38.323136922053905 ], [ -90.371539213167935, 38.322879279144104 ], [ -90.371667327695988, 38.322520271461663 ], [ -90.371842517251551, 38.322361995095918 ], [ -90.37186085384451, 38.322047744070673 ], [ -90.371703789990846, 38.321765626266476 ], [ -90.371903944748681, 38.321400821861658 ], [ -90.371742917603299, 38.321279335331212 ], [ -90.37167310856384, 38.321077538072664 ], [ -90.371938284638617, 38.32051582221829 ], [ -90.371688009562533, 38.320339164277414 ], [ -90.371513874202392, 38.319816862825348 ], [ -90.371573982285099, 38.319648315667962 ], [ -90.371739003779169, 38.319517057522212 ], [ -90.371579399464849, 38.319353472168174 ], [ -90.371560905196318, 38.319144823210621 ], [ -90.37189716530203, 38.318726016729386 ], [ -90.371834651956348, 38.318494329667708 ], [ -90.371968731169972, 38.318282474704525 ], [ -90.371760781680848, 38.318142903578504 ], [ -90.371690975098133, 38.317941106340371 ], [ -90.371875158856795, 38.317606390648713 ], [ -90.371263789431524, 38.317576929072445 ], [ -90.371063445513528, 38.317439694140702 ], [ -90.370994566960263, 38.317273243475249 ], [ -90.371105651169415, 38.317011768429452 ], [ -90.371448616862452, 38.316888277623363 ], [ -90.371591176515125, 38.316703986899142 ], [ -90.371467934015399, 38.316387771445271 ], [ -90.37151847125439, 38.316197272736801 ], [ -90.371349669937601, 38.315907871083418 ], [ -90.371433930236364, 38.315709528702946 ], [ -90.371692045985014, 38.31550486824753 ], [ -90.371541526037319, 38.315227687633829 ], [ -90.371754053463718, 38.314700682947233 ], [ -90.371479124554824, 38.314748440910328 ], [ -90.371265197369297, 38.31470108689085 ], [ -90.371104863610483, 38.314579871471601 ], [ -90.371035061718047, 38.31437807392124 ], [ -90.371117385425947, 38.313507724475201 ], [ -90.371307879042533, 38.313316949192533 ], [ -90.371593786273522, 38.31326377622846 ], [ -90.371621476213932, 38.313156615221466 ], [ -90.371419821393857, 38.312776196328002 ], [ -90.371145686759149, 38.312710175210483 ], [ -90.370983185858492, 38.312544784421249 ], [ -90.370872409936879, 38.312209348858644 ], [ -90.370973331193071, 38.311994317150088 ], [ -90.370824102974055, 38.311718105421164 ], [ -90.370908359167117, 38.311519763168484 ], [ -90.371147010125895, 38.311384346888978 ], [ -90.371083921372616, 38.311191968767105 ], [ -90.371144022150872, 38.311023421387333 ], [ -90.371378085404558, 38.310865591953117 ], [ -90.37190384848634, 38.310791846964463 ], [ -90.372174013477505, 38.310869656364069 ], [ -90.372362367278583, 38.3107317185667 ], [ -90.372579354340061, 38.310694025911097 ], [ -90.372831086456458, 38.310760407916668 ], [ -90.373067041865056, 38.310961017653483 ] ], [ [ -90.371832881582478, 38.311648189685492 ], [ -90.371730143543516, 38.311661627343604 ], [ -90.371735548557197, 38.311691776206771 ], [ -90.371856210786916, 38.311688014005874 ], [ -90.371832881582478, 38.311648189685492 ] ] ], [ [ [ -90.374052140466063, 38.326328201202891 ], [ -90.374379200946876, 38.326229967557701 ], [ -90.374698645990875, 38.326342684386361 ], [ -90.374823350455742, 38.326600324412304 ], [ -90.374680262397121, 38.326851966129603 ], [ -90.374353199427063, 38.326950200520137 ], [ -90.374033752357846, 38.326837482683189 ], [ -90.373909050382238, 38.326579841911887 ], [ -90.374052140466063, 38.326328201202891 ] ] ], [ [ [ -90.372701499175037, 38.328049486578117 ], [ -90.372901861155199, 38.32823390698249 ], [ -90.373021620274514, 38.328673975042321 ], [ -90.372909596338403, 38.328900104169101 ], [ -90.372661435245789, 38.329015354282234 ], [ -90.372965587036305, 38.329257069049426 ], [ -90.37296862533006, 38.329572866975461 ], [ -90.373199035324006, 38.329797358216034 ], [ -90.373182989804562, 38.330195765542008 ], [ -90.373066754899156, 38.330392955482438 ], [ -90.373303221808627, 38.330541280037892 ], [ -90.373411694245732, 38.330835844630194 ], [ -90.373363317094487, 38.331859661898889 ], [ -90.373056546265857, 38.332463477208755 ], [ -90.372543089967905, 38.332684213830859 ], [ -90.372694952311946, 38.332896511820451 ], [ -90.372681133563518, 38.333310712924693 ], [ -90.372549347227888, 38.333492292920326 ], [ -90.372197712778615, 38.333589018245974 ], [ -90.372155369671333, 38.333694730544252 ], [ -90.372211766193956, 38.334192137784811 ], [ -90.37209101126237, 38.334460625732405 ], [ -90.372250495025341, 38.334624116467275 ], [ -90.372276839487299, 38.334797955102431 ], [ -90.371985783540993, 38.335190378624894 ], [ -90.371750538039493, 38.335784821791684 ], [ -90.371234568759164, 38.336055758874814 ], [ -90.370950878766394, 38.336087647450583 ], [ -90.370647931603727, 38.336353418094156 ], [ -90.370341919372265, 38.336382183303876 ], [ -90.370056499510312, 38.336222528079304 ], [ -90.370010151922912, 38.335916635975202 ], [ -90.370341225186507, 38.335553668213805 ], [ -90.370760769837688, 38.335442826819261 ], [ -90.3707436232595, 38.335395082354523 ], [ -90.370408398079107, 38.335409449874781 ], [ -90.370221079543342, 38.335315204938404 ], [ -90.37003589933714, 38.335024792831817 ], [ -90.370043461864654, 38.3348157212627 ], [ -90.370163115068536, 38.334668180693015 ], [ -90.370397554445901, 38.334575436595614 ], [ -90.370326899197011, 38.334333521355646 ], [ -90.370500642801986, 38.334094147358662 ], [ -90.370838390894434, 38.334021651661089 ], [ -90.371193882688189, 38.334172322179846 ], [ -90.371138540002221, 38.333950708499252 ], [ -90.371233419978026, 38.333773526212269 ], [ -90.370993681609889, 38.333600117394042 ], [ -90.370969301127403, 38.333325055036241 ], [ -90.37120083649269, 38.33311633944826 ], [ -90.371208399906408, 38.332907284589396 ], [ -90.37136214912951, 38.332736755306513 ], [ -90.371610265756175, 38.3326622468769 ], [ -90.371896528759521, 38.332722662781308 ], [ -90.372184947853086, 38.332599885015902 ], [ -90.372056662590396, 38.332455724984264 ], [ -90.372038165792929, 38.332247076351031 ], [ -90.372169950934122, 38.332065496860736 ], [ -90.372374702119444, 38.331977901659094 ], [ -90.37253206081229, 38.331340679671634 ], [ -90.372438526433427, 38.331069606529567 ], [ -90.37247001496155, 38.330652522714736 ], [ -90.372578405800965, 38.330490143445786 ], [ -90.372288030909772, 38.330244997917312 ], [ -90.372345417106814, 38.329737008884678 ], [ -90.372039254744337, 38.329531768137876 ], [ -90.371944664301296, 38.329336333170069 ], [ -90.372028014862906, 38.329102644403157 ], [ -90.372303928282491, 38.328959609458671 ], [ -90.372029779717082, 38.328550278283622 ], [ -90.371716568064031, 38.32846245728674 ], [ -90.371560413726812, 38.328215682741849 ], [ -90.371693142669443, 38.327936453642835 ], [ -90.371532788996447, 38.327347625082837 ], [ -90.371860738647484, 38.326855866914805 ], [ -90.371928900075474, 38.326573112112996 ], [ -90.371828407193263, 38.326337745937423 ], [ -90.371895567826826, 38.326160508007654 ], [ -90.371736546531565, 38.326000744527924 ], [ -90.371283313225362, 38.325780748277445 ], [ -90.371159548224568, 38.32555845182867 ], [ -90.37126383379838, 38.325006488662005 ], [ -90.371456843299597, 38.324862861270212 ], [ -90.371714460092576, 38.324813317576385 ], [ -90.371492625606564, 38.324561807394225 ], [ -90.3715180301825, 38.324034097938117 ], [ -90.371671758727032, 38.323863567316408 ], [ -90.371875281682975, 38.323793247475791 ], [ -90.372216489763574, 38.32385471245933 ], [ -90.372402590409791, 38.32408824074659 ], [ -90.372377192202649, 38.324615950620412 ], [ -90.372081659558248, 38.324844595538849 ], [ -90.372279923723028, 38.325027966196345 ], [ -90.372240426239159, 38.325386795780119 ], [ -90.372521019826436, 38.325599603203678 ], [ -90.372617157215231, 38.32584203570412 ], [ -90.372550924786253, 38.326054621017569 ], [ -90.372736456600762, 38.326287792493716 ], [ -90.372662862381773, 38.326551123114498 ], [ -90.372752036340003, 38.326856546916787 ], [ -90.372422160010785, 38.327501857945521 ], [ -90.372516128248776, 38.327696591699656 ], [ -90.372468880281247, 38.327881981404602 ], [ -90.372701499175037, 38.328049486578117 ] ] ] ] } },
{ "type": "Feature", "properties": { "depth_bin": 15, "survey_id": "UM_SL_ILC_20260820_BD_2", "date": "2026-08-20 00:00:00+00:00", "year": 2026, "mile": 156.0, "bin_order": -15 }, "geometry": { "type": "MultiPolygon", "coordinates": [ [ [ [ -90.373622818682776, 38.310816370035809 ], [ -90.373877049137519, 38.311050418953073 ], [ -90.373848013256534, 38.3115151653586 ], [ -90.37395285476714, 38.311720049844077 ], [ -90.373869533475713, 38.311953741540584 ], [ -90.37364305516796, 38.31208603709198 ], [ -90.37374503971094, 38.312322785133262 ], [ -90.373633735559295, 38.312548226001667 ], [ -90.373781326069775, 38.312823187089535 ], [ -90.373619096040954, 38.31317218513643 ], [ -90.373880155010639, 38.313689812855898 ], [ -90.373773051103512, 38.313947320439802 ], [ -90.373895736727448, 38.31450216961624 ], [ -90.373723431556371, 38.31474062294874 ], [ -90.373899852517397, 38.314849414734212 ], [ -90.373994431715403, 38.315044848067636 ], [ -90.373799110558153, 38.315691754721662 ], [ -90.374161859722875, 38.316034107070656 ], [ -90.374182448540154, 38.31674006014606 ], [ -90.373658229099476, 38.31753897062427 ], [ -90.37347604979297, 38.317639221622962 ], [ -90.373229960985981, 38.317656418226377 ], [ -90.373241698969039, 38.317908760544753 ], [ -90.372946667286655, 38.318137288260814 ], [ -90.372915568266194, 38.318608630342737 ], [ -90.372738982730695, 38.318888591013511 ], [ -90.372959112883535, 38.319096598210656 ], [ -90.373351318416653, 38.319205961129029 ], [ -90.373472531754786, 38.319498850540846 ], [ -90.373364000550595, 38.319689732699878 ], [ -90.373130531085849, 38.319802439052168 ], [ -90.373158521516388, 38.320085894562936 ], [ -90.372717178415201, 38.32117275193508 ], [ -90.372884769931403, 38.321317384673968 ], [ -90.372932614943608, 38.321488352167094 ], [ -90.372711374070079, 38.322033921665913 ], [ -90.372704943797316, 38.322774850817865 ], [ -90.37256687066656, 38.322989979520649 ], [ -90.372622345534793, 38.323257600755113 ], [ -90.372470430740492, 38.323452765244376 ], [ -90.372539743909954, 38.32365386041851 ], [ -90.372443188799096, 38.323864507003712 ], [ -90.372606792722308, 38.324115900523552 ], [ -90.372516045280918, 38.324357005449379 ], [ -90.372584474738773, 38.324640068255121 ], [ -90.372307718428445, 38.325019560574646 ], [ -90.372071665232824, 38.325154298874494 ], [ -90.372273151721359, 38.325365903956424 ], [ -90.372228947297913, 38.32563942868304 ], [ -90.372035937097678, 38.325783057310758 ], [ -90.37177415901229, 38.325818008403751 ], [ -90.371499466446565, 38.325708022794288 ], [ -90.371374775315886, 38.325450379673093 ], [ -90.371459048116847, 38.325252037959444 ], [ -90.371695102704393, 38.325117300948421 ], [ -90.371525555702945, 38.324971685352388 ], [ -90.371481189072767, 38.324765469262069 ], [ -90.371773199645901, 38.324343753769355 ], [ -90.371693451226619, 38.324130748748537 ], [ -90.371790008872608, 38.32392010288077 ], [ -90.371625482525019, 38.323633361439612 ], [ -90.371788722062931, 38.323368139976338 ], [ -90.371722887840022, 38.323131796260391 ], [ -90.371860963704464, 38.322916668656624 ], [ -90.371794169882634, 38.322719105342081 ], [ -90.371880616935272, 38.322518581159827 ], [ -90.371859314736412, 38.322238798236519 ], [ -90.371672336805432, 38.321936977782592 ], [ -90.371731520765721, 38.321733083747546 ], [ -90.371902352694306, 38.321597196875693 ], [ -90.371779424101064, 38.321155292768466 ], [ -90.372187802127712, 38.320215376520444 ], [ -90.372275611669821, 38.319705390492658 ], [ -90.372118841949217, 38.319590616598788 ], [ -90.371924009016809, 38.319793517407845 ], [ -90.371578934491779, 38.319839594179122 ], [ -90.371319270897416, 38.319708928548302 ], [ -90.371223768089308, 38.319478146327697 ], [ -90.371400946950004, 38.319203520887491 ], [ -90.371649016546385, 38.319129010558981 ], [ -90.371920595395054, 38.319182061848089 ], [ -90.372121687265661, 38.318976392243577 ], [ -90.371961911143131, 38.318835688026624 ], [ -90.371917546001526, 38.318629471998221 ], [ -90.372074217030061, 38.318347778688093 ], [ -90.372069276849828, 38.318108518857379 ], [ -90.372364311039931, 38.317879993445111 ], [ -90.372388410415326, 38.317651844640935 ], [ -90.372171734782626, 38.317583079959668 ], [ -90.372017079402923, 38.317710641852713 ], [ -90.371760939445736, 38.317765638400367 ], [ -90.371441536337073, 38.31765291493155 ], [ -90.371320333948759, 38.317360023740505 ], [ -90.37152746323558, 38.317102249227879 ], [ -90.371336082421053, 38.31696860367687 ], [ -90.371266277970193, 38.316766806232387 ], [ -90.371350539624132, 38.316568463981959 ], [ -90.371519369787578, 38.316454630566362 ], [ -90.371736374444723, 38.31641694013549 ], [ -90.371967020859074, 38.31647270433669 ], [ -90.372016030372023, 38.316196754746414 ], [ -90.371730786622976, 38.316037128701211 ], [ -90.371672302443528, 38.315765273176801 ], [ -90.372004267132326, 38.315380240522906 ], [ -90.372270338227551, 38.315240159670466 ], [ -90.371980826740511, 38.315050047886238 ], [ -90.371808119912757, 38.315285064985162 ], [ -90.37147046075512, 38.315357566852207 ], [ -90.371263453201351, 38.315293920262931 ], [ -90.371100946590232, 38.31512852948493 ], [ -90.371074609357464, 38.314954690419867 ], [ -90.37119869329203, 38.314605200804316 ], [ -90.370959617645212, 38.314431978802169 ], [ -90.370923102021052, 38.314190952446268 ], [ -90.371125735392752, 38.313966140977769 ], [ -90.371466349275721, 38.313919444423583 ], [ -90.371368488854145, 38.313606006017167 ], [ -90.37168718156255, 38.313280960890374 ], [ -90.371698201759386, 38.312797126884696 ], [ -90.371894959765257, 38.312575543513958 ], [ -90.371596733153609, 38.312387073336048 ], [ -90.371593585525332, 38.312071447920623 ], [ -90.371287068548128, 38.312029566627224 ], [ -90.371076178760717, 38.311819589400706 ], [ -90.370823842306805, 38.311733465576019 ], [ -90.370670274501492, 38.311416095463279 ], [ -90.370778799024833, 38.311225215368474 ], [ -90.371003626360476, 38.311114009458734 ], [ -90.371738024902712, 38.311165025441227 ], [ -90.371820180253295, 38.310923602201441 ], [ -90.372072748993503, 38.310784607706587 ], [ -90.372449951949278, 38.310834551295308 ], [ -90.373228714685467, 38.310699315174979 ], [ -90.373622818682776, 38.310816370035809 ] ], [ [ -90.372664549593253, 38.313452624083375 ], [ -90.372910951561053, 38.313180847463194 ], [ -90.372803493855386, 38.312939058537552 ], [ -90.372945221943837, 38.312550391356055 ], [ -90.372763804194662, 38.312711138869965 ], [ -90.372664549593253, 38.313452624083375 ] ], [ [ -90.37218062763634, 38.311865979276362 ], [ -90.372163688341701, 38.311842203505101 ], [ -90.37210275657786, 38.311874439016101 ], [ -90.372187487504689, 38.311895912724758 ], [ -90.37218062763634, 38.311865979276362 ] ] ], [ [ [ -90.37309716793699, 38.329240150302176 ], [ -90.373244993558856, 38.329609490969062 ], [ -90.373203241345053, 38.329829714590254 ], [ -90.373339922654139, 38.330269610249111 ], [ -90.373312424935847, 38.330464913669374 ], [ -90.373534267408772, 38.330716413331615 ], [ -90.373412298065901, 38.331026285583484 ], [ -90.373554584159223, 38.331204111409832 ], [ -90.373579397454122, 38.331582360100199 ], [ -90.373456987937232, 38.331817012334717 ], [ -90.37346912379688, 38.332070068312532 ], [ -90.373101667172492, 38.332617448717791 ], [ -90.372876163747705, 38.333388719686944 ], [ -90.372698506625881, 38.333548076075942 ], [ -90.372684994800366, 38.333815113610591 ], [ -90.372372028971014, 38.334018164393363 ], [ -90.372356682983025, 38.334348609048227 ], [ -90.372501030489175, 38.334555363894786 ], [ -90.372529138040733, 38.335086563545303 ], [ -90.37237538617623, 38.335257094218555 ], [ -90.372136970555744, 38.335330691114436 ], [ -90.371649638137072, 38.33603730952828 ], [ -90.371301942922415, 38.33618828906932 ], [ -90.371053112628275, 38.336186010983397 ], [ -90.370794857826212, 38.336382955545844 ], [ -90.370486739358412, 38.336387957942655 ], [ -90.370222561730429, 38.3362070369039 ], [ -90.370214503065256, 38.335899039607661 ], [ -90.370581136407608, 38.335557705056893 ], [ -90.371101648253983, 38.335460963231867 ], [ -90.371384960102077, 38.334852323661643 ], [ -90.371202908571632, 38.334750159367054 ], [ -90.371106197883776, 38.335079198445619 ], [ -90.37070326372698, 38.335200191003139 ], [ -90.37037365303695, 38.335034355477482 ], [ -90.370327304575085, 38.334728463422536 ], [ -90.370481059899873, 38.334557935556653 ], [ -90.370684614437621, 38.334487619018525 ], [ -90.370906216591749, 38.334501184404083 ], [ -90.371109096642058, 38.334609751956293 ], [ -90.37117805292003, 38.334308498679555 ], [ -90.371498775222804, 38.334159619803117 ], [ -90.371399381295149, 38.333738853772864 ], [ -90.371490666123449, 38.333372200523996 ], [ -90.371670576666162, 38.333079983204783 ], [ -90.371915196409745, 38.33294305400328 ], [ -90.371936698808042, 38.332593821217067 ], [ -90.372065573000924, 38.332356962928976 ], [ -90.372355836339111, 38.332185839232345 ], [ -90.372413273680777, 38.331970366373682 ], [ -90.372700631934848, 38.33171082688775 ], [ -90.37265961289468, 38.331253346179665 ], [ -90.372784355418531, 38.331049175037165 ], [ -90.372642071545457, 38.330871348349568 ], [ -90.372659908542133, 38.330641519801517 ], [ -90.372447732002612, 38.330424543979518 ], [ -90.372369230506294, 38.330057171688175 ], [ -90.372416305282371, 38.329872053634261 ], [ -90.372104396522516, 38.329238197992062 ], [ -90.372247437468587, 38.328892606008786 ], [ -90.372241192946248, 38.328678106880538 ], [ -90.371897945872817, 38.328482609007445 ], [ -90.371899861770387, 38.328159140008268 ], [ -90.371751223576013, 38.328024048500332 ], [ -90.371558868565728, 38.327590319882113 ], [ -90.372022273264264, 38.326727048849314 ], [ -90.371928293238213, 38.326562381528746 ], [ -90.37196182598953, 38.326354899398467 ], [ -90.372302772148998, 38.326146983442221 ], [ -90.372643991596675, 38.326208447568554 ], [ -90.372830099243842, 38.326441975358556 ], [ -90.372768652031581, 38.326690325336685 ], [ -90.372865404035593, 38.326960692302777 ], [ -90.372640031025426, 38.32730363184934 ], [ -90.372678024519942, 38.327721506707313 ], [ -90.372567932025831, 38.328026082468448 ], [ -90.372734599292954, 38.328193550055367 ], [ -90.372746305737621, 38.328421242234057 ], [ -90.372980318058907, 38.3285055853869 ], [ -90.373107582718234, 38.328649114705556 ], [ -90.37309716793699, 38.329240150302176 ] ] ], [ [ [ -90.372524828417525, 38.336116908179967 ], [ -90.372838136520784, 38.335993900263141 ], [ -90.373170110170932, 38.336081414904065 ], [ -90.373326285454723, 38.336328187809684 ], [ -90.373215175561299, 38.336589663414941 ], [ -90.372901865410611, 38.336712672259807 ], [ -90.372569889287448, 38.336625156775028 ], [ -90.372413716051085, 38.336378382941362 ], [ -90.372524828417525, 38.336116908179967 ] ] ], [ [ [ -90.369400786658971, 38.335091276808434 ], [ -90.36971409504352, 38.334968277260309 ], [ -90.370046059803698, 38.335055800465916 ], [ -90.37020222223363, 38.335302577115243 ], [ -90.370091103051919, 38.335564049450092 ], [ -90.369777792619743, 38.335687049926079 ], [ -90.369445825386919, 38.335599525876468 ], [ -90.369289665004629, 38.335352748299272 ], [ -90.369400786658971, 38.335091276808434 ] ] ] ] } },
{ "type": "Feature", "properties": { "depth_bin": 16, "survey_id": "UM_SL_ILC_20260820_BD_2", "date": "2026-08-20 00:00:00+00:00", "year": 2026, "mile": 156.0, "bin_order": -16 }, "geometry": { "type": "MultiPolygon", "coordinates": [ [ [ [ -90.373831111419975, 38.311299708774293 ], [ -90.373988167688765, 38.311581826874516 ], [ -90.373827969232948, 38.311845027236309 ], [ -90.373923705857891, 38.312076023006405 ], [ -90.373743061811766, 38.312352576074694 ], [ -90.37381848095032, 38.312560701821511 ], [ -90.373748191092815, 38.312741825592909 ], [ -90.373882757370581, 38.312972293585894 ], [ -90.373801470684199, 38.313357357100486 ], [ -90.374035786853739, 38.313792439850694 ], [ -90.373867213776819, 38.314061283621335 ], [ -90.373998986077936, 38.31436227203374 ], [ -90.374249559321242, 38.314468882490743 ], [ -90.374373317045851, 38.31469117571276 ], [ -90.374064676699078, 38.315377061648242 ], [ -90.374156238437791, 38.315684687340315 ], [ -90.373992507708408, 38.315887836319071 ], [ -90.37437698523496, 38.316149298776374 ], [ -90.374435479830538, 38.316421153309129 ], [ -90.374232849078766, 38.316645970540335 ], [ -90.373793845767935, 38.316666061872517 ], [ -90.373666502613375, 38.316786613414919 ], [ -90.373829382309935, 38.316977217579364 ], [ -90.373821835484989, 38.317186290421269 ], [ -90.373609121281788, 38.317386895091531 ], [ -90.373471911444327, 38.317811345988112 ], [ -90.373188589817914, 38.317981279986427 ], [ -90.373075290128526, 38.31828969995329 ], [ -90.373168443184227, 38.318517825265509 ], [ -90.373080480912776, 38.318719877125893 ], [ -90.373473676690935, 38.318724404653118 ], [ -90.373727932822106, 38.318958454587914 ], [ -90.373512631328808, 38.319792351064422 ], [ -90.373016811242209, 38.320185238688808 ], [ -90.372708761313532, 38.320190249416477 ], [ -90.372465986664707, 38.320039301361312 ], [ -90.372071704035505, 38.320269346930566 ], [ -90.371765760233373, 38.320298118385672 ], [ -90.371567654164693, 38.320218792318137 ], [ -90.371426496394861, 38.320041648594717 ], [ -90.371450365475667, 38.319799640892391 ], [ -90.371641895851781, 38.31963413529698 ], [ -90.371494304037085, 38.319477995144041 ], [ -90.371475810002565, 38.319269346184683 ], [ -90.371678456784181, 38.319044534382471 ], [ -90.372057704665451, 38.318961477513383 ], [ -90.372125921616927, 38.318543091318865 ], [ -90.372375079605476, 38.31826395780503 ], [ -90.37230538745591, 38.31793173692742 ], [ -90.372625356994718, 38.317697352341277 ], [ -90.372618810346438, 38.317612331639225 ], [ -90.372307821691038, 38.317456308828746 ], [ -90.371875018883344, 38.31744746944247 ], [ -90.371660778062207, 38.317229434982323 ], [ -90.371668331104715, 38.317020362504742 ], [ -90.371819927038104, 38.316851257998501 ], [ -90.371639940375616, 38.316209744565633 ], [ -90.371921112185859, 38.315759683626084 ], [ -90.372211654130737, 38.315614096937949 ], [ -90.372212792259887, 38.315442837805961 ], [ -90.371918192139674, 38.315444397533916 ], [ -90.371676049188892, 38.315294311100232 ], [ -90.37161756565213, 38.31502245554649 ], [ -90.37178364379038, 38.314817759047386 ], [ -90.371496161021582, 38.314706989320932 ], [ -90.371371486509545, 38.314449346441947 ], [ -90.371455744828978, 38.314251003938587 ], [ -90.37162456924554, 38.314137170131488 ], [ -90.371930487018247, 38.31410839808742 ], [ -90.372199495576311, 38.314249623743272 ], [ -90.372373010219107, 38.314080680672362 ], [ -90.372106423996257, 38.313862658694759 ], [ -90.371634098248876, 38.313800415313196 ], [ -90.371393775149286, 38.313599974720738 ], [ -90.371424063820996, 38.31329283648018 ], [ -90.371786824618297, 38.313112466833999 ], [ -90.371976044212133, 38.31292860314359 ], [ -90.372026206387673, 38.312722029084028 ], [ -90.371258808949136, 38.312374999109281 ], [ -90.371031614891379, 38.311981878096383 ], [ -90.371159443022776, 38.311706646333185 ], [ -90.370908020511919, 38.311529625285353 ], [ -90.370871505959187, 38.311288598865005 ], [ -90.371113258844645, 38.311046481450468 ], [ -90.371513973005918, 38.311044054189495 ], [ -90.371909138765474, 38.310929319572743 ], [ -90.372238647115708, 38.311095147584822 ], [ -90.372289074737978, 38.31138959616937 ], [ -90.372484640007087, 38.311198865604744 ], [ -90.37248384258416, 38.310969622416152 ], [ -90.372637539541742, 38.310799089111335 ], [ -90.373444347217045, 38.310638091174027 ], [ -90.37369608004002, 38.310704471342866 ], [ -90.373840559305791, 38.310837481652349 ], [ -90.373884926469387, 38.311043697223333 ], [ -90.373750543135813, 38.311255821468336 ], [ -90.373831111419975, 38.311299708774293 ] ], [ [ -90.37293593567793, 38.314725648596614 ], [ -90.372981605791196, 38.314728517048138 ], [ -90.372993378130516, 38.31460092067605 ], [ -90.372914591825619, 38.314695239467639 ], [ -90.37293593567793, 38.314725648596614 ] ], [ [ -90.372250896699683, 38.311471651495857 ], [ -90.372258952668886, 38.311449058291828 ], [ -90.372169685836013, 38.311545054124998 ], [ -90.372242751983777, 38.311509514632661 ], [ -90.372250896699683, 38.311471651495857 ] ], [ [ -90.372112753378687, 38.311585439774205 ], [ -90.37212628095736, 38.311574331950936 ], [ -90.372112241053074, 38.31158205838473 ], [ -90.372112753378687, 38.311585439774205 ] ] ], [ [ [ -90.372593853360073, 38.329910545010407 ], [ -90.373009871411028, 38.329821234842001 ], [ -90.373317243991494, 38.330011711510551 ], [ -90.373311725881294, 38.330340772368501 ], [ -90.373473767445091, 38.330591186754567 ], [ -90.373393531383911, 38.330821038891465 ], [ -90.373658074950882, 38.331418802699332 ], [ -90.373432411603901, 38.331998544487476 ], [ -90.373274153360441, 38.332891591996692 ], [ -90.373050823036237, 38.333125534156871 ], [ -90.373141820285952, 38.333557697682352 ], [ -90.372723067608888, 38.334114350204501 ], [ -90.37230363441617, 38.334248510053236 ], [ -90.372382586882168, 38.334415987368317 ], [ -90.372668327990965, 38.334630062951931 ], [ -90.372749400604576, 38.335101852320228 ], [ -90.372583508379094, 38.335306419842297 ], [ -90.372043508668725, 38.335505649947912 ], [ -90.371998300098198, 38.335775619133834 ], [ -90.371736556375254, 38.335940533073504 ], [ -90.371559959081267, 38.336239019523248 ], [ -90.371201017163983, 38.336400530992428 ], [ -90.37079015820035, 38.336411044994058 ], [ -90.370482766531069, 38.336220561145147 ], [ -90.370474706763702, 38.335912563827726 ], [ -90.37078657389857, 38.33560623440669 ], [ -90.371146297961346, 38.335563388028554 ], [ -90.371228297977751, 38.335388223678059 ], [ -90.371435455457956, 38.335261168017212 ], [ -90.371504828101095, 38.334961404289125 ], [ -90.371787126957258, 38.334799678130793 ], [ -90.371566521576838, 38.334674052093796 ], [ -90.371477246170414, 38.334513721883447 ], [ -90.371510785186317, 38.334306240312813 ], [ -90.371695600615055, 38.334143722947431 ], [ -90.371505066110672, 38.333722938243049 ], [ -90.371512624064081, 38.333513866380642 ], [ -90.37166637396227, 38.333343336734693 ], [ -90.371936799780414, 38.333268465269086 ], [ -90.372093090385547, 38.333090807831965 ], [ -90.372413124531519, 38.332961544479666 ], [ -90.372373799318879, 38.332559532293629 ], [ -90.372560548134842, 38.332213377804869 ], [ -90.372754259335537, 38.331516155049222 ], [ -90.372763571178396, 38.331342270218371 ], [ -90.372621743745498, 38.331106332650016 ], [ -90.372701982584275, 38.330876481150867 ], [ -90.372566590340895, 38.330676490831841 ], [ -90.372613714817348, 38.330447945694516 ], [ -90.372451676576702, 38.330197530231111 ], [ -90.372593853360073, 38.329910545010407 ] ] ], [ [ [ -90.372804477641708, 38.327948163366301 ], [ -90.37307855297567, 38.32824357168532 ], [ -90.373118609286152, 38.328605117658533 ], [ -90.372915938446923, 38.328829930825428 ], [ -90.372570821149679, 38.328876008935467 ], [ -90.372285424601017, 38.328716359842687 ], [ -90.372217064144508, 38.328499801131336 ], [ -90.371958410472288, 38.328240847583558 ], [ -90.371939914329488, 38.328032198848994 ], [ -90.372071691457009, 38.327850619086291 ], [ -90.37230932442499, 38.327757311311053 ], [ -90.372572717202615, 38.327783725587224 ], [ -90.372804477641708, 38.327948163366301 ] ] ], [ [ [ -90.372463004462858, 38.329062362272566 ], [ -90.372790079352029, 38.328964133625071 ], [ -90.373109533452165, 38.329076855083727 ], [ -90.37323423631608, 38.329334496659925 ], [ -90.373091136936907, 38.329586135939593 ], [ -90.372764059558023, 38.32968436533244 ], [ -90.372444603432569, 38.329571642865318 ], [ -90.372319903058354, 38.329314000543768 ], [ -90.372463004462858, 38.329062362272566 ] ] ], [ [ [ -90.372273363205636, 38.320458452922885 ], [ -90.372510971224557, 38.320365143754934 ], [ -90.372774337473757, 38.320391556647287 ], [ -90.372974692602114, 38.32052878899961 ], [ -90.373044504860687, 38.320730585610363 ], [ -90.372749998079925, 38.321487328215113 ], [ -90.372947049971032, 38.321758796347908 ], [ -90.372825145306862, 38.322266761098582 ], [ -90.372892741302863, 38.322505225777341 ], [ -90.372811952027774, 38.322668320633177 ], [ -90.372626848648608, 38.32278777368164 ], [ -90.372641814148693, 38.323572103856876 ], [ -90.372436827735157, 38.32382869174765 ], [ -90.37261295540813, 38.324500268906974 ], [ -90.372393669715905, 38.324914149656138 ], [ -90.372035539623425, 38.325037887672956 ], [ -90.371783759651223, 38.324971502350415 ], [ -90.371621231457652, 38.324806111718175 ], [ -90.371602736588514, 38.324597462887006 ], [ -90.371742910480407, 38.324286554795982 ], [ -90.371482595252417, 38.323851407891652 ], [ -90.371672373562959, 38.323569856074549 ], [ -90.371593479798292, 38.323357813830519 ], [ -90.371724904942837, 38.323115753204739 ], [ -90.371747533174883, 38.322752319965218 ], [ -90.371993445077578, 38.322538620811955 ], [ -90.371971802686971, 38.32204663016018 ], [ -90.372122354417371, 38.321570949604364 ], [ -90.371972222959144, 38.321435101104811 ], [ -90.371927856629114, 38.32122888510419 ], [ -90.372273363205636, 38.320458452922885 ] ] ], [ [ [ -90.371960907770273, 38.326002136242678 ], [ -90.37161983172642, 38.325614340866295 ], [ -90.371575464540129, 38.325408124808227 ], [ -90.371749181100668, 38.325168747717484 ], [ -90.372086886164539, 38.325096246784923 ], [ -90.372329194568238, 38.32518175278318 ], [ -90.372666568993793, 38.325493900050247 ], [ -90.372750502589781, 38.325764991831548 ], [ -90.372670747499285, 38.325957766275138 ], [ -90.372810400255275, 38.326192066554611 ], [ -90.372738010458633, 38.326412246098755 ], [ -90.372892378927105, 38.326657668819927 ], [ -90.372833193379108, 38.326861563260877 ], [ -90.372637957418277, 38.327005961017491 ], [ -90.372730557609955, 38.327169355784385 ], [ -90.372697026529863, 38.32737683817426 ], [ -90.372356075458868, 38.327584755072152 ], [ -90.37201484990949, 38.327523289896483 ], [ -90.371828742389269, 38.327289760844415 ], [ -90.371882611644708, 38.327050761848966 ], [ -90.372077849158686, 38.326906365410622 ], [ -90.371979931234108, 38.326707864998497 ], [ -90.372052323646287, 38.326487686025942 ], [ -90.371897958406137, 38.326242262306245 ], [ -90.371960907770273, 38.326002136242678 ] ] ] ] } },
{ "type": "Feature", "properties": { "depth_bin": 17, "survey_id": "UM_SL_ILC_20260820_BD_2", "date": "2026-08-20 00:00:00+00:00", "year": 2026, "mile": 156.0, "bin_order": -17 }, "geometry": { "type": "MultiPolygon", "coordinates": [ [ [ [ -90.374210184252931, 38.311626847565513 ], [ -90.374202639967621, 38.311835920662368 ], [ -90.374047921060793, 38.312007019137575 ], [ -90.374148812670796, 38.312242759581402 ], [ -90.374030567157959, 38.312474026266933 ], [ -90.374210358014381, 38.312624803898153 ], [ -90.374254727031541, 38.312831019349638 ], [ -90.37393121244186, 38.313345513613399 ], [ -90.374119980867292, 38.313478110405583 ], [ -90.374189019133652, 38.313650489664219 ], [ -90.374473745954418, 38.313694667692232 ], [ -90.374858639774388, 38.313918891361659 ], [ -90.374983326056039, 38.314176530961703 ], [ -90.374899077309507, 38.314374876353639 ], [ -90.374730257172232, 38.31448871504017 ], [ -90.374278017580281, 38.314476810160357 ], [ -90.374468622744601, 38.314610140571887 ], [ -90.374538434469599, 38.314811936419751 ], [ -90.374454183691554, 38.315010281402358 ], [ -90.374247178057601, 38.315137314949965 ], [ -90.374316480186877, 38.315338395999476 ], [ -90.374235564780975, 38.315532624816463 ], [ -90.374606304439865, 38.31578644580344 ], [ -90.374701813973786, 38.316017225608242 ], [ -90.37451289531046, 38.316298328796769 ], [ -90.374572777423381, 38.316526312009607 ], [ -90.374386237464023, 38.316943814920144 ], [ -90.374033718491503, 38.317285991967147 ], [ -90.374310701143798, 38.317516140084592 ], [ -90.374377628119987, 38.317747216926179 ], [ -90.374639892985101, 38.317753701477812 ], [ -90.374856353125807, 38.317874798243224 ], [ -90.374948391149488, 38.318140826258478 ], [ -90.37486761182052, 38.318303922980938 ], [ -90.374657686141219, 38.318431962848081 ], [ -90.374349643511351, 38.318436978163291 ], [ -90.374094994858993, 38.318269366645332 ], [ -90.373848987844156, 38.318511674133156 ], [ -90.373780813623767, 38.318841428126078 ], [ -90.374063170837076, 38.31919125563175 ], [ -90.374069535255231, 38.319433941350908 ], [ -90.373669439843198, 38.319744416465163 ], [ -90.373202813187348, 38.319863714919748 ], [ -90.373303041876696, 38.320179608138076 ], [ -90.373520267886107, 38.32022690563079 ], [ -90.373702585403777, 38.320378947261183 ], [ -90.373691191050014, 38.320717124967636 ], [ -90.37407757256932, 38.32085608823018 ], [ -90.374161766762001, 38.321156926986788 ], [ -90.373995912494081, 38.321361498231717 ], [ -90.373747837264816, 38.321436013317545 ], [ -90.373451199894717, 38.321370362046572 ], [ -90.373277771538298, 38.321178627209704 ], [ -90.373033468583188, 38.321245672964274 ], [ -90.37310823156119, 38.321586761883239 ], [ -90.372947227900895, 38.321817579518701 ], [ -90.373041849155157, 38.322128020576365 ], [ -90.372824330101636, 38.32245454712843 ], [ -90.372893384601753, 38.322655278835633 ], [ -90.372702775647355, 38.323423773883924 ], [ -90.372780836458588, 38.323600570089837 ], [ -90.372749960618322, 38.323916164760711 ], [ -90.372563879210944, 38.324182125078629 ], [ -90.37249633312932, 38.324487413397037 ], [ -90.372286385032638, 38.324615448101234 ], [ -90.372065711335964, 38.324636199373899 ], [ -90.371791022651891, 38.324526214573012 ], [ -90.37166633225435, 38.324268571751361 ], [ -90.371767561391209, 38.324053248504619 ], [ -90.37168939221759, 38.323709231875647 ], [ -90.371973320382537, 38.323395498789665 ], [ -90.371894335903306, 38.323183355223406 ], [ -90.371961311178055, 38.323006341331329 ], [ -90.371911475806485, 38.322792451001604 ], [ -90.372055390662553, 38.32244632269137 ], [ -90.371989815087716, 38.322210342381844 ], [ -90.372192049362184, 38.32187975094876 ], [ -90.372062538699439, 38.321684193856477 ], [ -90.372156955450194, 38.321391792591456 ], [ -90.372004099149265, 38.321044734319607 ], [ -90.37227962157813, 38.320737390271766 ], [ -90.372233390842752, 38.320528558577671 ], [ -90.372460328514236, 38.31992029259164 ], [ -90.372653321680019, 38.319776662546055 ], [ -90.372909274800136, 38.319741353519262 ], [ -90.372397600423923, 38.319669164238135 ], [ -90.371939716100627, 38.319383539366562 ], [ -90.371821277919821, 38.319196348926106 ], [ -90.371779808300985, 38.318739960526806 ], [ -90.371888342017058, 38.318549079906404 ], [ -90.372141830072636, 38.318432898624039 ], [ -90.372222985394345, 38.318184821102619 ], [ -90.372474461748624, 38.318017802009649 ], [ -90.372463206095105, 38.317826650704028 ], [ -90.372622122155491, 38.317566125631338 ], [ -90.372832048619912, 38.317438089434141 ], [ -90.373089224415651, 38.317422444447587 ], [ -90.373024561148739, 38.317095899318588 ], [ -90.373341901774822, 38.31686196811301 ], [ -90.373517241051005, 38.316325340593963 ], [ -90.373319439366057, 38.316209975784972 ], [ -90.373174210272566, 38.31596076952038 ], [ -90.372931105214775, 38.316092236580047 ], [ -90.373061163959122, 38.316353942239864 ], [ -90.372876683886801, 38.316770902687466 ], [ -90.372546750271567, 38.316948186024412 ], [ -90.372404584173879, 38.317234506842148 ], [ -90.372122427910455, 38.317332006889515 ], [ -90.371903631578604, 38.317301402338941 ], [ -90.371703287118549, 38.3171641684796 ], [ -90.371634407303148, 38.316997718140044 ], [ -90.371682094185232, 38.316811637749453 ], [ -90.371508569250366, 38.316664011556185 ], [ -90.371464206372551, 38.316457795381552 ], [ -90.371637900196419, 38.316218417372049 ], [ -90.371946586321656, 38.316144141447083 ], [ -90.372047407455128, 38.315680019327161 ], [ -90.37220125945872, 38.315553695430694 ], [ -90.372530931527251, 38.315459013609349 ], [ -90.372566123327672, 38.315262536960176 ], [ -90.372703516895541, 38.315124939602555 ], [ -90.373085356647877, 38.315058613970713 ], [ -90.373407400694447, 38.315275549671114 ], [ -90.373518864142426, 38.315088053313026 ], [ -90.373293271326602, 38.314973556202631 ], [ -90.373174836107282, 38.314786367137479 ], [ -90.373140621117685, 38.314483684407911 ], [ -90.373260170634126, 38.314283748231702 ], [ -90.373066435099531, 38.314008837329986 ], [ -90.373141304081315, 38.313713600886103 ], [ -90.372847288648529, 38.313934041696164 ], [ -90.372434216262718, 38.313958340079452 ], [ -90.372375553490187, 38.314038100430722 ], [ -90.372490711850659, 38.314367161861391 ], [ -90.372288081372702, 38.314591975788836 ], [ -90.371943031892513, 38.314638054565648 ], [ -90.37168338563049, 38.314507390282763 ], [ -90.371390256883913, 38.314166220270053 ], [ -90.371345895457381, 38.313960004038748 ], [ -90.371522008001179, 38.313590861301861 ], [ -90.371960758153691, 38.313462001410159 ], [ -90.371933238502024, 38.313199770272725 ], [ -90.371665945406974, 38.313287258169851 ], [ -90.371407159463928, 38.313240634044391 ], [ -90.371224863985859, 38.313088589492125 ], [ -90.371180503512178, 38.312882373204758 ], [ -90.371354189023009, 38.312642995211291 ], [ -90.371691835515634, 38.312570493199864 ], [ -90.372021350554149, 38.31273632203132 ], [ -90.372071711699704, 38.313030956703251 ], [ -90.372212637086847, 38.312965029192277 ], [ -90.372466856623589, 38.312436408087287 ], [ -90.372446297341213, 38.31216821503822 ], [ -90.372634577008114, 38.311978651798 ], [ -90.372395108482095, 38.311778554396561 ], [ -90.372405060947813, 38.311502932905611 ], [ -90.372579233783412, 38.311345090813916 ], [ -90.372986166367497, 38.311314321201237 ], [ -90.373164393893916, 38.311162301532882 ], [ -90.37316774760744, 38.310832537892026 ], [ -90.373397355859041, 38.310624452309703 ], [ -90.373746456964625, 38.310605236846136 ], [ -90.373988589384012, 38.310755318700018 ], [ -90.374210184252931, 38.311626847565513 ] ] ], [ [ [ -90.37400130544107, 38.326554917385508 ], [ -90.374328367020254, 38.326456683924782 ], [ -90.374647812953427, 38.326569400921123 ], [ -90.374772517577455, 38.326827040999746 ], [ -90.374629428854675, 38.327078682623871 ], [ -90.374302364786232, 38.32717691682997 ], [ -90.373982916827828, 38.327064198825305 ], [ -90.373858214693087, 38.326806558001323 ], [ -90.37400130544107, 38.326554917385508 ] ] ], [ [ [ -90.373504329560561, 38.330694632684384 ], [ -90.3736645963792, 38.331156806960081 ], [ -90.373560608874598, 38.331411162275423 ], [ -90.373719093342345, 38.33157403350851 ], [ -90.373745440653366, 38.331747871980916 ], [ -90.373317037372559, 38.33319636400779 ], [ -90.373433875343494, 38.333584678584501 ], [ -90.373235631172875, 38.333807048730655 ], [ -90.373178079750431, 38.334653611902105 ], [ -90.372900209474096, 38.335146841239215 ], [ -90.372897269733599, 38.335464354186627 ], [ -90.372667577516211, 38.335672435125474 ], [ -90.3722214134051, 38.335700932715007 ], [ -90.371420061778608, 38.336487522232062 ], [ -90.370994893667515, 38.336544274829265 ], [ -90.370730714162022, 38.336363354875083 ], [ -90.370722653361895, 38.336055357543103 ], [ -90.371303607451566, 38.335489201310615 ], [ -90.371404830098939, 38.335176284589956 ], [ -90.371942053186558, 38.334893461433289 ], [ -90.371772054521585, 38.334656783865263 ], [ -90.371465467489983, 38.334494171388855 ], [ -90.371419114619712, 38.33418827958787 ], [ -90.371935100376135, 38.333719551483917 ], [ -90.372183808489297, 38.333625205343786 ], [ -90.372295645992452, 38.333421163647365 ], [ -90.372146757593171, 38.333264237307709 ], [ -90.372128260464876, 38.333055588697803 ], [ -90.372530572767118, 38.332694061478634 ], [ -90.372564675412704, 38.332179904500336 ], [ -90.372939470128429, 38.33147312291235 ], [ -90.372780987675981, 38.33131025069256 ], [ -90.372691745062468, 38.330975371480207 ], [ -90.372742426741553, 38.330741313207987 ], [ -90.372598325706093, 38.330503656293139 ], [ -90.372657515463871, 38.330299762214736 ], [ -90.37293431231268, 38.330130973492082 ], [ -90.373281555776714, 38.330165793966323 ], [ -90.373481924809653, 38.330350213581262 ], [ -90.373504329560561, 38.330694632684384 ] ] ], [ [ [ -90.373133219062979, 38.329106036326387 ], [ -90.373347497398171, 38.329324069114506 ], [ -90.373366925362134, 38.329846085702989 ], [ -90.373164251583233, 38.33007089916012 ], [ -90.372819128462552, 38.330116977786943 ], [ -90.372620994999806, 38.330037652616618 ], [ -90.37247981690696, 38.3298605096507 ], [ -90.372449072572508, 38.32940855130623 ], [ -90.372522091455124, 38.329224090697281 ], [ -90.372291922277157, 38.328936060983658 ], [ -90.372375271202927, 38.328702371898686 ], [ -90.372671732139125, 38.328555767413505 ], [ -90.373012963151595, 38.328617230860019 ], [ -90.373199077737908, 38.328850758241984 ], [ -90.373133219062979, 38.329106036326387 ] ] ], [ [ [ -90.372600988279586, 38.32562324187893 ], [ -90.372777432115868, 38.325822244337033 ], [ -90.372777895265401, 38.326204189902128 ], [ -90.372523448297912, 38.326393537170567 ], [ -90.37217356233802, 38.326385692872208 ], [ -90.37195122478866, 38.326217629383095 ], [ -90.37188014075457, 38.325943156535523 ], [ -90.371669655280641, 38.325843782420961 ], [ -90.371560869923073, 38.325691116981382 ], [ -90.371568425542236, 38.325482044822749 ], [ -90.371697629679844, 38.325328049822126 ], [ -90.37154578195593, 38.325169278646754 ], [ -90.371519441407855, 38.324995439779492 ], [ -90.371693157083044, 38.3247560627279 ], [ -90.372030860252323, 38.324683561885344 ], [ -90.372334730984804, 38.324820406884434 ], [ -90.372627176126514, 38.325270505590964 ], [ -90.372538380044958, 38.325594287159184 ], [ -90.372600988279586, 38.32562324187893 ] ] ], [ [ [ -90.372672900406471, 38.327339062657892 ], [ -90.37286525708889, 38.327643042512022 ], [ -90.372596282619313, 38.328196773173836 ], [ -90.372319492658278, 38.328365561384153 ], [ -90.371972258371514, 38.328330738373928 ], [ -90.37174832504023, 38.328078177861947 ], [ -90.371869213605081, 38.327752564768645 ], [ -90.37175456076848, 38.327538660695083 ], [ -90.371813749972134, 38.327334766948887 ], [ -90.371967628204558, 38.327208444486246 ], [ -90.372223801718903, 38.327153448756981 ], [ -90.372672900406471, 38.327339062657892 ] ] ], [ [ [ -90.371717099122193, 38.310990489173598 ], [ -90.372133008471181, 38.310901178006013 ], [ -90.372458325084921, 38.311124031598979 ], [ -90.372484664786981, 38.311297870523873 ], [ -90.372364029487215, 38.311578852293948 ], [ -90.372109634880417, 38.311768200888991 ], [ -90.371759819321497, 38.311760357870277 ], [ -90.371519502276115, 38.311559917703349 ], [ -90.371501008865707, 38.311351268565197 ], [ -90.371717099122193, 38.310990489173598 ] ] ] ] } },
{ "type": "Feature", "properties": { "depth_bin": 18, "survey_id": "UM_SL_ILC_20260820_BD_2", "date": "2026-08-20 00:00:00+00:00", "year": 2026, "mile": 156.0, "bin_order": -18 }, "geometry": { "type": "MultiPolygon", "coordinates": [ [ [ [ -90.374396291284597, 38.311772696791977 ], [ -90.3744804784682, 38.312073535406853 ], [ -90.374379804850008, 38.312229608892956 ], [ -90.374158561699645, 38.312339900867698 ], [ -90.374179387255055, 38.312507311905613 ], [ -90.374409319460952, 38.312724343802046 ], [ -90.374720283728919, 38.312836543274436 ], [ -90.374844967878104, 38.313094182980088 ], [ -90.374697085330993, 38.313531561107183 ], [ -90.374321681919284, 38.313682926035405 ], [ -90.374596596918693, 38.313729982767306 ], [ -90.374796938039452, 38.313867211606592 ], [ -90.374865822651557, 38.314033660319915 ], [ -90.37481888837867, 38.31421859168195 ], [ -90.374994843088899, 38.31451241580816 ], [ -90.374795864463664, 38.315008587095484 ], [ -90.374439466348861, 38.31515964245267 ], [ -90.374350236462703, 38.315280429045131 ], [ -90.374592380603147, 38.315851110867754 ], [ -90.374914482572294, 38.316114932697758 ], [ -90.374906939096448, 38.316324005752492 ], [ -90.37462314913131, 38.316816630290589 ], [ -90.374912086704569, 38.317057310505604 ], [ -90.374978427035472, 38.317294354510693 ], [ -90.374804741147074, 38.317533737736966 ], [ -90.374437305127074, 38.317602084636398 ], [ -90.374700610075209, 38.317847646011529 ], [ -90.374737139423615, 38.318088671571324 ], [ -90.374518482330316, 38.318320575356282 ], [ -90.374424172068856, 38.318655988863647 ], [ -90.374003289020195, 38.318821191687036 ], [ -90.373964174963334, 38.318917631505727 ], [ -90.37408682602188, 38.319138900990168 ], [ -90.37403894137222, 38.319578875367462 ], [ -90.373734423307269, 38.319850368990792 ], [ -90.373900568443361, 38.320317589087566 ], [ -90.373783699747705, 38.320757407085623 ], [ -90.373617845423482, 38.320961977802277 ], [ -90.373326255765164, 38.321037200101713 ], [ -90.373350874463483, 38.321401030523184 ], [ -90.373103165989562, 38.321710334013396 ], [ -90.373183813938624, 38.321980272304536 ], [ -90.372992981123232, 38.322229077215212 ], [ -90.373054021848233, 38.322503805774346 ], [ -90.372922257577144, 38.322685387227303 ], [ -90.372718277838658, 38.322772855257043 ], [ -90.372895079444007, 38.322939252121436 ], [ -90.372939449301711, 38.323145467837939 ], [ -90.372733694998516, 38.323596545400505 ], [ -90.372527760617814, 38.323744642997916 ], [ -90.372773283082239, 38.32400584979613 ], [ -90.372786054534302, 38.32459168322363 ], [ -90.372598473713694, 38.324902440539624 ], [ -90.37279417744584, 38.325196268346573 ], [ -90.372894528953154, 38.325672715251741 ], [ -90.37278250979513, 38.325898844512821 ], [ -90.372495168301228, 38.326019416409139 ], [ -90.372725187439215, 38.326084468289295 ], [ -90.372869693794883, 38.326217480518565 ], [ -90.372998819676283, 38.326483129273292 ], [ -90.372999666028505, 38.326831175499436 ], [ -90.372883999642099, 38.327060297569936 ], [ -90.372920045513965, 38.327251560190902 ], [ -90.372822478480856, 38.327609703474394 ], [ -90.372608527768122, 38.327810836184717 ], [ -90.37297702619756, 38.327894912066434 ], [ -90.373134111208842, 38.328177031765499 ], [ -90.372956914906737, 38.328451658899432 ], [ -90.372619194781322, 38.328524161773977 ], [ -90.372376875086672, 38.328438656006504 ], [ -90.372226038217846, 38.328226987438882 ], [ -90.372259571167433, 38.328019505273247 ], [ -90.372457207297074, 38.327851308682099 ], [ -90.372088709781849, 38.327767231194017 ], [ -90.371932555509261, 38.327520457127299 ], [ -90.372124884777278, 38.32696669330798 ], [ -90.372014567852631, 38.326297892590077 ], [ -90.372146341403223, 38.326116312575479 ], [ -90.372402610228335, 38.326021251433758 ], [ -90.372075754169174, 38.325882999895732 ], [ -90.371924950213099, 38.325567902130565 ], [ -90.371653486950251, 38.325435589094425 ], [ -90.371557976595497, 38.325204807039633 ], [ -90.371707922592293, 38.324948550687935 ], [ -90.371705444587406, 38.324698577085719 ], [ -90.371896701038679, 38.32443750140893 ], [ -90.371888723415665, 38.32395170981242 ], [ -90.372131309601031, 38.323739160960521 ], [ -90.371895451971071, 38.323512478343169 ], [ -90.371978120469549, 38.323194832762113 ], [ -90.371891741714677, 38.322974348922315 ], [ -90.372003758560609, 38.322748220349538 ], [ -90.372238811166625, 38.32263524371902 ], [ -90.372154572465433, 38.322378004888378 ], [ -90.372345408491626, 38.322129201466488 ], [ -90.372190315121472, 38.321742764787665 ], [ -90.372334178171101, 38.321454630287143 ], [ -90.372211774533241, 38.321047103195518 ], [ -90.372320310933645, 38.320856222325332 ], [ -90.37253642003202, 38.320747261190888 ], [ -90.372565089057261, 38.320603170644667 ], [ -90.372364852299654, 38.320443951426469 ], [ -90.372328330127516, 38.320202925453991 ], [ -90.372801431323296, 38.319534593660507 ], [ -90.373209483515652, 38.319303342225986 ], [ -90.372958010335097, 38.319248367118618 ], [ -90.372794548811797, 38.319122781621282 ], [ -90.372417656838536, 38.319124283228142 ], [ -90.372163404541183, 38.318890230586128 ], [ -90.372170956589557, 38.318681158083436 ], [ -90.372334498006651, 38.318505218887516 ], [ -90.372219653485089, 38.318321336783228 ], [ -90.372253180245693, 38.318113854141451 ], [ -90.372466501539833, 38.317938707054644 ], [ -90.372793212115795, 38.317914532046551 ], [ -90.37276078058872, 38.317680854925804 ], [ -90.373017549760306, 38.31724785200953 ], [ -90.372753894337208, 38.317262122447346 ], [ -90.372523415650164, 38.317158320229922 ], [ -90.372414640393032, 38.317005655783333 ], [ -90.372416385392143, 38.31681286445113 ], [ -90.372206521168849, 38.316672704565889 ], [ -90.372136714508628, 38.316470907554276 ], [ -90.372220973434821, 38.316272564571001 ], [ -90.372412723555911, 38.316150808889283 ], [ -90.372254048843246, 38.316010656798731 ], [ -90.372206208300852, 38.315839689072263 ], [ -90.372483842201717, 38.315361099927024 ], [ -90.372869668324626, 38.315209572004406 ], [ -90.373083598201575, 38.315256923181508 ], [ -90.373264666263495, 38.315407229514683 ], [ -90.373572358966982, 38.314906825713443 ], [ -90.373364218288756, 38.314744438517792 ], [ -90.37328812229029, 38.314359712533012 ], [ -90.373138234076677, 38.314148744584379 ], [ -90.373171755617676, 38.313941261383832 ], [ -90.373371441372967, 38.313772136255906 ], [ -90.373092924839511, 38.313515851295868 ], [ -90.372861622029205, 38.313633541606087 ], [ -90.372577548920972, 38.313621840314852 ], [ -90.37243481468569, 38.313886199233515 ], [ -90.372073967584058, 38.313982358102592 ], [ -90.372061341574636, 38.314251523740857 ], [ -90.371806936464552, 38.314440871236357 ], [ -90.371542111540066, 38.314455442320643 ], [ -90.371344021286276, 38.314376116385567 ], [ -90.371190446259334, 38.314058746800384 ], [ -90.37136413477252, 38.313819368935178 ], [ -90.371690889557669, 38.313746200034338 ], [ -90.371675066810411, 38.313544006625357 ], [ -90.371806816226453, 38.313362425837553 ], [ -90.372044401073808, 38.313269116702024 ], [ -90.37228465247135, 38.313288430807987 ], [ -90.372344419233954, 38.313107164021154 ], [ -90.372537393755067, 38.312963533374671 ], [ -90.372886506203784, 38.31294432089279 ], [ -90.373073772483437, 38.313038559941084 ], [ -90.373187065888374, 38.31320738430388 ], [ -90.373289495552186, 38.313135455348011 ], [ -90.373412992518141, 38.312934948644298 ], [ -90.373255393055459, 38.312719073926495 ], [ -90.373365243449157, 38.312237502884201 ], [ -90.373201637930862, 38.311830240468851 ], [ -90.373421444141329, 38.311532770199832 ], [ -90.373271482305, 38.311156707880109 ], [ -90.373319326627879, 38.310818448639004 ], [ -90.373521942831061, 38.310593632305213 ], [ -90.37386697224234, 38.310547548123132 ], [ -90.374152303484493, 38.310707191367726 ], [ -90.374184318292436, 38.31114531893482 ], [ -90.374351459681421, 38.311374635396398 ], [ -90.374396291284597, 38.311772696791977 ] ], [ [ -90.373200907532748, 38.317147852539698 ], [ -90.373200832977375, 38.317147360541014 ], [ -90.373165545124621, 38.317175704109772 ], [ -90.373205807358005, 38.317165361929504 ], [ -90.373200907532748, 38.317147852539698 ] ], [ [ -90.373337733162799, 38.316825759636735 ], [ -90.373569472335973, 38.316733464884322 ], [ -90.37357966828732, 38.316533856378122 ], [ -90.373707242306565, 38.316380943136039 ], [ -90.373672526436081, 38.316213260783314 ], [ -90.373442606536145, 38.316129487343893 ], [ -90.373315361678081, 38.315985958878414 ], [ -90.373312857491726, 38.315588941668729 ], [ -90.373060271333387, 38.316028728315047 ], [ -90.372844367385653, 38.316180280523284 ], [ -90.373021068623999, 38.316352808839071 ], [ -90.373033235523678, 38.316579213269883 ], [ -90.373337733162799, 38.316825759636735 ] ] ], [ [ [ -90.372915128400962, 38.330811800281516 ], [ -90.373318034560384, 38.330690799027096 ], [ -90.373669603859057, 38.330887455010092 ], [ -90.373798159632088, 38.331542035466157 ], [ -90.373694060043974, 38.331760228306926 ], [ -90.373782476237579, 38.332022161035631 ], [ -90.373641124865401, 38.332285939402006 ], [ -90.374021402561027, 38.332396430773834 ], [ -90.374134791889944, 38.332724129897478 ], [ -90.373932111867475, 38.33294894438135 ], [ -90.373546188503269, 38.333002690438192 ], [ -90.373553675959045, 38.333247398162676 ], [ -90.373315304738355, 38.333547090470262 ], [ -90.373427359300351, 38.333862606138169 ], [ -90.37332210307278, 38.334118225982685 ], [ -90.373349397968255, 38.334668431828604 ], [ -90.37280898077951, 38.335747502733852 ], [ -90.372503219105397, 38.336051412777323 ], [ -90.371932357696224, 38.33607882420953 ], [ -90.371672723234752, 38.336489296996014 ], [ -90.371256665164921, 38.336578600892658 ], [ -90.370949271518299, 38.336388118203523 ], [ -90.370941209794182, 38.336080120854348 ], [ -90.371455476935623, 38.335480269406595 ], [ -90.371828145943894, 38.335200346702358 ], [ -90.372210711209945, 38.335038883660665 ], [ -90.372446574794239, 38.334554524470107 ], [ -90.372411341867462, 38.334364724023402 ], [ -90.372559471813958, 38.334044340371221 ], [ -90.372442552389614, 38.333644904427643 ], [ -90.372620960511114, 38.333402956095128 ], [ -90.372494074984601, 38.333037148362429 ], [ -90.37276011982442, 38.332640235119349 ], [ -90.372954155452049, 38.332517705959432 ], [ -90.372784629898931, 38.332372112006745 ], [ -90.372736779556433, 38.332201144492764 ], [ -90.372975687885315, 38.331748227819006 ], [ -90.372804026634455, 38.331073275967235 ], [ -90.372915128400962, 38.330811800281516 ] ] ], [ [ [ -90.373373145283423, 38.330039770559893 ], [ -90.373523989035206, 38.330251437846812 ], [ -90.373470122151673, 38.33049043758885 ], [ -90.373235997537037, 38.330648268620884 ], [ -90.372927903203234, 38.330653278323595 ], [ -90.372645711233886, 38.330439986083476 ], [ -90.37250726416093, 38.32979768767887 ], [ -90.372736937276983, 38.329589606216757 ], [ -90.373086129812123, 38.32957039605796 ], [ -90.373350291774599, 38.329751310210902 ], [ -90.373373145283423, 38.330039770559893 ] ] ], [ [ [ -90.372442412091615, 38.328914799725545 ], [ -90.372755688566087, 38.32879179078305 ], [ -90.373087629706291, 38.328879304568552 ], [ -90.373243790642206, 38.329126077289949 ], [ -90.373132692968312, 38.329387553489923 ], [ -90.372819414447108, 38.329510563360195 ], [ -90.372487470834798, 38.329423048731023 ], [ -90.372331311945601, 38.329176275081856 ], [ -90.372442412091615, 38.328914799725545 ] ] ] ] } },
{ "type": "Feature", "properties": { "depth_bin": 19, "survey_id": "UM_SL_ILC_20260820_BD_2", "date": "2026-08-20 00:00:00+00:00", "year": 2026, "mile": 156.0, "bin_order": -19 }, "geometry": { "type": "MultiPolygon", "coordinates": [ [ [ [ -90.374377347234088, 38.310683152482667 ], [ -90.374804975812964, 38.310726035638027 ], [ -90.37499637413319, 38.31099466451915 ], [ -90.375013697979227, 38.311995823680974 ], [ -90.374885272006921, 38.312260791890921 ], [ -90.374982153093839, 38.312789076005615 ], [ -90.374902439560699, 38.312981829015904 ], [ -90.374974709492506, 38.313186397519132 ], [ -90.37486365108083, 38.313697536783906 ], [ -90.374912648038944, 38.313910243852604 ], [ -90.374515227625125, 38.314524194487305 ], [ -90.374934771823348, 38.314706778769697 ], [ -90.375072523127244, 38.315181876613408 ], [ -90.374883271890482, 38.315560264405235 ], [ -90.375025633472717, 38.315796617807827 ], [ -90.374937871156376, 38.316034755832227 ], [ -90.375076166747604, 38.316268034774367 ], [ -90.374953899057559, 38.316538709678021 ], [ -90.375045945549985, 38.316804746382424 ], [ -90.374628317395249, 38.317255713225755 ], [ -90.374937583343737, 38.317519518190458 ], [ -90.374930039554684, 38.317728591198907 ], [ -90.374796067807253, 38.317885819610076 ], [ -90.375041009753062, 38.318087666683233 ], [ -90.375076111246969, 38.318482079076155 ], [ -90.374826501479248, 38.318759014274811 ], [ -90.374411194962704, 38.318755625807874 ], [ -90.374078262108654, 38.318921313103615 ], [ -90.374058748113612, 38.31917382255704 ], [ -90.373810446839229, 38.319361060089619 ], [ -90.374002572101219, 38.319597619969088 ], [ -90.373954268377105, 38.320067002984366 ], [ -90.374089671447223, 38.320518085929315 ], [ -90.373486433134786, 38.321143964977402 ], [ -90.37349840436319, 38.321459875154112 ], [ -90.373326433799903, 38.321698088543883 ], [ -90.373337249237551, 38.321948773445541 ], [ -90.37307767180441, 38.322167199609979 ], [ -90.373042832616079, 38.322366023113609 ], [ -90.372874943066165, 38.322520392658689 ], [ -90.372997156040924, 38.322775752272797 ], [ -90.372839690740108, 38.323037086536175 ], [ -90.373028249070501, 38.323388237188801 ], [ -90.372887666139334, 38.323673928292123 ], [ -90.372939370233809, 38.324222940865297 ], [ -90.372756306573962, 38.324656138085416 ], [ -90.37235343362434, 38.324777138688063 ], [ -90.372078743945593, 38.324667154529493 ], [ -90.371954052297681, 38.324409511974302 ], [ -90.372073501635285, 38.324000802995783 ], [ -90.372042576937716, 38.323228835146821 ], [ -90.372196569123744, 38.323002750277425 ], [ -90.372086381759246, 38.322720009060617 ], [ -90.37229057198266, 38.322463858575809 ], [ -90.372171838320384, 38.322173250119327 ], [ -90.37225262839145, 38.322010155724485 ], [ -90.372451401694505, 38.321885979321181 ], [ -90.372349035247012, 38.32155472751824 ], [ -90.372582464256837, 38.321316303430557 ], [ -90.372599752879864, 38.321019011260553 ], [ -90.372393616327713, 38.320857430192149 ], [ -90.372349249050714, 38.3206512143026 ], [ -90.372560819579292, 38.320079591541052 ], [ -90.372831749222044, 38.319912298124351 ], [ -90.373200559337803, 38.319427519759934 ], [ -90.372857192364904, 38.319503861028927 ], [ -90.372553342212782, 38.319367018037596 ], [ -90.372352347947611, 38.318877474549588 ], [ -90.372333556942976, 38.318587691272441 ], [ -90.372442088984499, 38.318396810074077 ], [ -90.3728077661535, 38.318191049349366 ], [ -90.372766190116948, 38.317989847176577 ], [ -90.372874720062541, 38.317798965486972 ], [ -90.373099565334414, 38.317687756282318 ], [ -90.373356123353688, 38.317691752068434 ], [ -90.373296218711886, 38.317319448721278 ], [ -90.373640675016134, 38.317002718328183 ], [ -90.373801145539815, 38.316505756720375 ], [ -90.37377773912425, 38.316288295721002 ], [ -90.373962534376645, 38.31607329441681 ], [ -90.373913519493556, 38.31599650853375 ], [ -90.373549786028164, 38.315884512609081 ], [ -90.373426029051828, 38.315662218575113 ], [ -90.373782026371529, 38.31493763243536 ], [ -90.373431993331764, 38.314276393064645 ], [ -90.373531276250844, 38.314026720496116 ], [ -90.373416461303577, 38.313739714521645 ], [ -90.373556849232813, 38.313327897008143 ], [ -90.373425179387482, 38.313130701582409 ], [ -90.373514562143399, 38.312850509525781 ], [ -90.373357543139633, 38.312326294849825 ], [ -90.373417639805865, 38.312157746176965 ], [ -90.373613340306491, 38.311991162656874 ], [ -90.373536172014099, 38.311781062478552 ], [ -90.373645672532788, 38.311550835154748 ], [ -90.373481924299639, 38.311282047369389 ], [ -90.373434067653548, 38.31099019286691 ], [ -90.373518315878925, 38.310791848428579 ], [ -90.373728220611937, 38.310663809732716 ], [ -90.373993031533388, 38.310649233185636 ], [ -90.374205595836187, 38.310739502027431 ], [ -90.374377347234088, 38.310683152482667 ] ], [ [ -90.373308569714354, 38.319352713147083 ], [ -90.373347701767443, 38.319335406913844 ], [ -90.373382681675523, 38.319323319482628 ], [ -90.373333070535537, 38.319292143138043 ], [ -90.373308569714354, 38.319352713147083 ] ] ], [ [ [ -90.374215728338072, 38.319090591826395 ], [ -90.374542755497373, 38.318992356437882 ], [ -90.374862169667821, 38.319105071811883 ], [ -90.374986863791889, 38.319362711523837 ], [ -90.374843791983352, 38.319614354251556 ], [ -90.374516762335688, 38.319712590385244 ], [ -90.374197346140761, 38.319599874003174 ], [ -90.374072654505042, 38.319342233546081 ], [ -90.374215728338072, 38.319090591826395 ] ] ], [ [ [ -90.373075582352328, 38.331562495704041 ], [ -90.373313226562431, 38.331469186334893 ], [ -90.373576633210263, 38.331495598834998 ], [ -90.373777019328514, 38.331632830736268 ], [ -90.373845916051366, 38.331799280118098 ], [ -90.373775387814874, 38.332017160019973 ], [ -90.373813814176742, 38.332339280811908 ], [ -90.373589593183581, 38.332773273613583 ], [ -90.373415368412552, 38.332931114923376 ], [ -90.37320405010918, 38.332985382866298 ], [ -90.372872090340834, 38.332897868786759 ], [ -90.372715923332521, 38.332651095466289 ], [ -90.372906558237489, 38.332239766663079 ], [ -90.372943800399923, 38.331744076341366 ], [ -90.373075582352328, 38.331562495704041 ] ] ], [ [ [ -90.373689179031103, 38.333600524873951 ], [ -90.373781229311646, 38.333866553728328 ], [ -90.373498781669426, 38.334338117366087 ], [ -90.373574456694428, 38.33454651111272 ], [ -90.373425804735945, 38.334869427400619 ], [ -90.373461239451572, 38.335159986768858 ], [ -90.373008810177566, 38.335627428942878 ], [ -90.372930004327387, 38.335891141830132 ], [ -90.372650973969058, 38.336115786238643 ], [ -90.372868601515123, 38.336163080751682 ], [ -90.37305095565975, 38.336315124413424 ], [ -90.373095331931921, 38.336521339958331 ], [ -90.373014525699645, 38.336684434060643 ], [ -90.372761865768496, 38.33682342686452 ], [ -90.372414591012273, 38.336788603750847 ], [ -90.372214207986531, 38.336604181951031 ], [ -90.372223467993294, 38.336329978505454 ], [ -90.371952586282021, 38.336327403681459 ], [ -90.371607850169212, 38.336542863883253 ], [ -90.371266583752757, 38.336481395122568 ], [ -90.371074212655856, 38.33617741245326 ], [ -90.371295967600943, 38.335803200279152 ], [ -90.371942433912963, 38.3353168771459 ], [ -90.372217777686046, 38.33524192552175 ], [ -90.372433566501471, 38.335052849548816 ], [ -90.37243205011238, 38.334888778622314 ], [ -90.372617515397252, 38.334535829683247 ], [ -90.372532685611503, 38.334056959730091 ], [ -90.372751868936433, 38.333171781198935 ], [ -90.373004515784103, 38.333032787883589 ], [ -90.373351773079094, 38.333067608633577 ], [ -90.373637374473091, 38.333366347968166 ], [ -90.373689179031103, 38.333600524873951 ] ] ], [ [ [ -90.372848075894638, 38.330395113958559 ], [ -90.372579792771077, 38.330125204978224 ], [ -90.372649150120438, 38.329699913418857 ], [ -90.372488754289662, 38.32922324260295 ], [ -90.372700282888374, 38.32896317389006 ], [ -90.372477991146653, 38.328861190250166 ], [ -90.372369199898671, 38.328708525408381 ], [ -90.372472617964192, 38.328371425776169 ], [ -90.372053473062621, 38.328219304398374 ], [ -90.371897318030065, 38.327972530271104 ], [ -90.37195650726126, 38.327768636464604 ], [ -90.37211298502902, 38.32764116469972 ], [ -90.371923749532371, 38.327373889146209 ], [ -90.372056701847242, 38.326949499420351 ], [ -90.372210435731205, 38.326778968343973 ], [ -90.372458530899621, 38.326704457287228 ], [ -90.37275518871644, 38.326770111768795 ], [ -90.372941298064703, 38.327003639426586 ], [ -90.372813670705142, 38.327463135497332 ], [ -90.372620542873548, 38.327655060783812 ], [ -90.372848762194167, 38.32776579342525 ], [ -90.372957553178836, 38.327918457829114 ], [ -90.372854138103904, 38.328255558016835 ], [ -90.373110529675685, 38.328341923958568 ], [ -90.37325170661434, 38.328519066154676 ], [ -90.373227838964482, 38.328761074014004 ], [ -90.373052614101454, 38.328919361567038 ], [ -90.373304089937108, 38.329048204694729 ], [ -90.373505596942721, 38.329382456578436 ], [ -90.373548249207374, 38.329826950837798 ], [ -90.37338634927643, 38.330290878873697 ], [ -90.373591061287513, 38.330429441793697 ], [ -90.373714678225028, 38.330695627572872 ], [ -90.373577824571129, 38.331017719354506 ], [ -90.373250741216395, 38.331115949877059 ], [ -90.372931278094953, 38.331003228508735 ], [ -90.372747459486931, 38.330646091629148 ], [ -90.372848075894638, 38.330395113958559 ] ] ], [ [ [ -90.371916253366436, 38.316057216428682 ], [ -90.372229473985598, 38.315934206691196 ], [ -90.372561356598169, 38.316021720006454 ], [ -90.372717490617717, 38.31626849285761 ], [ -90.372606413406757, 38.316529969710984 ], [ -90.372293190742084, 38.31665298037575 ], [ -90.371961305659042, 38.316565466217142 ], [ -90.37180517368499, 38.316318692438699 ], [ -90.371916253366436, 38.316057216428682 ] ] ], [ [ [ -90.371839511800331, 38.324903539557511 ], [ -90.372242386215774, 38.324782540780731 ], [ -90.372593924765354, 38.324979199038303 ], [ -90.372618310446185, 38.325254261529395 ], [ -90.372390911076351, 38.325461344158001 ], [ -90.372790966092197, 38.325569975000583 ], [ -90.3729613474475, 38.325949972132555 ], [ -90.372902162782168, 38.326153866658082 ], [ -90.372709152423013, 38.326297496382509 ], [ -90.372359975627447, 38.326316705988688 ], [ -90.372095828246898, 38.326135790044589 ], [ -90.372012695964003, 38.325737061611321 ], [ -90.372252236364105, 38.325495943184571 ], [ -90.371957660816449, 38.325452680174017 ], [ -90.371775334995334, 38.32530063561935 ], [ -90.371730967504362, 38.325094419601307 ], [ -90.371839511800331, 38.324903539557511 ] ] ] ] } },
{ "type": "Feature", "properties": { "depth_bin": 20, "survey_id": "UM_SL_ILC_20260820_BD_2", "date": "2026-08-20 00:00:00+00:00", "year": 2026, "mile": 156.0, "bin_order": -20 }, "geometry": { "type": "MultiPolygon", "coordinates": [ [ [ [ -90.374028362126126, 38.312167613842817 ], [ -90.374231849648183, 38.312097288523191 ], [ -90.374495186975722, 38.312123696525965 ], [ -90.374957552817619, 38.312456692485945 ], [ -90.374976729357215, 38.313019868945062 ], [ -90.374734981931852, 38.313261994486169 ], [ -90.374517988017004, 38.313299690884435 ], [ -90.373985561446617, 38.313217317186158 ], [ -90.373803260400749, 38.313065276453955 ], [ -90.373758662809635, 38.312861391525232 ], [ -90.373495858670182, 38.31268087966734 ], [ -90.373451491888503, 38.312474664004391 ], [ -90.373560011001928, 38.312283781158186 ], [ -90.373784837760354, 38.312172569893477 ], [ -90.374028362126126, 38.312167613842817 ] ] ], [ [ [ -90.374426573036331, 38.313410628434035 ], [ -90.374733882655576, 38.313601099503686 ], [ -90.374781728032787, 38.313772066417116 ], [ -90.374699325896216, 38.313968133692605 ], [ -90.374977914107859, 38.31420966464816 ], [ -90.374821057704025, 38.314853708431613 ], [ -90.375074085998108, 38.315517397892627 ], [ -90.374989835730048, 38.315715743262217 ], [ -90.37482087420473, 38.315829629739973 ], [ -90.374907239115259, 38.316015793176753 ], [ -90.374848069550339, 38.316219689481933 ], [ -90.374694220467546, 38.316346016956437 ], [ -90.37443808706324, 38.316401019614972 ], [ -90.374151064969098, 38.316312781099185 ], [ -90.373995502214697, 38.316069812983756 ], [ -90.373782478072954, 38.315988403270786 ], [ -90.373655232753393, 38.315844875156124 ], [ -90.373648869339704, 38.315602189342243 ], [ -90.373837047029966, 38.315314726766509 ], [ -90.374046618931175, 38.315186807547008 ], [ -90.374104412500131, 38.314910791369954 ], [ -90.37403184593613, 38.314831471692372 ], [ -90.373635062379066, 38.314751688485899 ], [ -90.373478001373854, 38.314469569852115 ], [ -90.373691946294414, 38.3141746951474 ], [ -90.374123100596989, 38.314151466739332 ], [ -90.374162082442254, 38.314098099564099 ], [ -90.373642117916773, 38.313832514687761 ], [ -90.373572309492886, 38.313630718398755 ], [ -90.373656560823278, 38.313432374037568 ], [ -90.373997511343759, 38.313281572157095 ], [ -90.374426573036331, 38.313410628434035 ] ] ], [ [ [ -90.374461211291589, 38.316975064551158 ], [ -90.374874059502119, 38.317091699967385 ], [ -90.375050490405442, 38.317290698740855 ], [ -90.374947203242073, 38.317627719824941 ], [ -90.375051910259998, 38.317802262224063 ], [ -90.37503470418774, 38.317976810023033 ], [ -90.374880996523046, 38.318147345942485 ], [ -90.374620841012444, 38.318222060257227 ], [ -90.375015649498295, 38.318530435365531 ], [ -90.375077432771661, 38.319031165639373 ], [ -90.37496543171261, 38.319257297829353 ], [ -90.374722239074501, 38.319371697121447 ], [ -90.374654469525595, 38.319760156129213 ], [ -90.374338456105008, 38.319908610253947 ], [ -90.374415545508526, 38.320091350904612 ], [ -90.374687138586111, 38.320074442278539 ], [ -90.374917629612071, 38.320178240635705 ], [ -90.375031007160999, 38.320505938964843 ], [ -90.374859565635873, 38.320906833405509 ], [ -90.374582809357804, 38.321075628338278 ], [ -90.374197787060652, 38.321021782738548 ], [ -90.374035261490889, 38.320856395475893 ], [ -90.374010966303544, 38.320673457803565 ], [ -90.373907370239095, 38.320707177983209 ], [ -90.373691197588201, 38.321592255088426 ], [ -90.373711045142784, 38.321859160041704 ], [ -90.373131263541893, 38.322575388673322 ], [ -90.373104791184673, 38.323843474668955 ], [ -90.372791763101176, 38.324252427187247 ], [ -90.372375777096195, 38.324341737793127 ], [ -90.372145277132674, 38.324237934156322 ], [ -90.372026831225924, 38.324050743759187 ], [ -90.372039425548323, 38.323599688891598 ], [ -90.372261992862818, 38.323366072458455 ], [ -90.372055576066785, 38.322873315312023 ], [ -90.372170702978224, 38.322677026825623 ], [ -90.372170962016895, 38.322450329678247 ], [ -90.372357343678971, 38.322202846492438 ], [ -90.372348766706281, 38.321956176122598 ], [ -90.372560694409515, 38.321755930013097 ], [ -90.372498353637823, 38.321432004717153 ], [ -90.372724996345596, 38.321225249910746 ], [ -90.37280503960973, 38.320935298808266 ], [ -90.373159493084145, 38.320527591650816 ], [ -90.372860228012954, 38.320366000956227 ], [ -90.372813874806084, 38.320060109159087 ], [ -90.372967591466022, 38.319889576321678 ], [ -90.373186935655255, 38.319817764528267 ], [ -90.373391919481506, 38.319357312562531 ], [ -90.373376011931782, 38.319130912823574 ], [ -90.373250505768596, 38.318990195669919 ], [ -90.373002795734251, 38.319020297843664 ], [ -90.372760506573755, 38.318934793868124 ], [ -90.37263325851643, 38.318791264595141 ], [ -90.372614761263407, 38.318582615682409 ], [ -90.372780612512102, 38.318378046217859 ], [ -90.373028677998363, 38.318303532806063 ], [ -90.373287483020036, 38.318350153998722 ], [ -90.373486385436593, 38.318531993846989 ], [ -90.373768041208322, 38.318506638482205 ], [ -90.373891984455426, 38.318284983421755 ], [ -90.37360722470595, 38.318174385994581 ], [ -90.373482537349915, 38.317916745016205 ], [ -90.373594540632425, 38.317690614289255 ], [ -90.373895193510336, 38.317568782848653 ], [ -90.373547416928304, 38.317581909963884 ], [ -90.373287757371401, 38.317451248814201 ], [ -90.373192250772334, 38.317220468000755 ], [ -90.373304253743584, 38.31699433752118 ], [ -90.373720474367204, 38.316716737377384 ], [ -90.373931744346081, 38.316662466654613 ], [ -90.374228363259078, 38.316728116081194 ], [ -90.374461211291589, 38.316975064551158 ] ] ], [ [ [ -90.374021756063541, 38.326096488836598 ], [ -90.374335017686349, 38.325973475084588 ], [ -90.374666948312708, 38.326060984038108 ], [ -90.374823109231372, 38.326307754735438 ], [ -90.374712022047149, 38.326569232904895 ], [ -90.374398758378078, 38.326692247584631 ], [ -90.374066825279812, 38.326604737787626 ], [ -90.37391066640744, 38.326357966162554 ], [ -90.374021756063541, 38.326096488836598 ] ] ], [ [ [ -90.373905590691038, 38.327331544599772 ], [ -90.374218857936398, 38.327208531379974 ], [ -90.374550793957965, 38.327296040843692 ], [ -90.374706956884111, 38.327542811730389 ], [ -90.374595867143626, 38.3278042896575 ], [ -90.374282597851831, 38.327927303805062 ], [ -90.373950659358229, 38.327839793497795 ], [ -90.373794498478517, 38.32759302168332 ], [ -90.373905590691038, 38.327331544599772 ] ] ], [ [ [ -90.373980377951824, 38.33180522196065 ], [ -90.373968804010559, 38.332613286736866 ], [ -90.373888004557472, 38.332776381765783 ], [ -90.373623810489917, 38.332966719167928 ], [ -90.373654530354727, 38.333382915538913 ], [ -90.373400059343268, 38.333572263682804 ], [ -90.373050138619689, 38.333564420766315 ], [ -90.372827777945602, 38.333396358263577 ], [ -90.372710348855961, 38.332981244964103 ], [ -90.372868831357835, 38.332564313253044 ], [ -90.373092119514894, 38.332410229510337 ], [ -90.37313476450332, 38.331858786387976 ], [ -90.373000218956577, 38.331439181980521 ], [ -90.37307967256649, 38.331210297636673 ], [ -90.372874724505309, 38.330934868549981 ], [ -90.372964403136649, 38.330694842305952 ], [ -90.372778384634813, 38.330491028384309 ], [ -90.372828044851872, 38.330210777823545 ], [ -90.372670982311774, 38.32996344624955 ], [ -90.372754331403897, 38.329729756930107 ], [ -90.372964294019951, 38.329601721988652 ], [ -90.373314195664094, 38.329609564480556 ], [ -90.373554574659735, 38.329810002735421 ], [ -90.373518830261261, 38.330123866723767 ], [ -90.373675896067681, 38.330371197270914 ], [ -90.373586220215955, 38.330611224170333 ], [ -90.373772241345762, 38.330815036897704 ], [ -90.373707774228265, 38.331113552245981 ], [ -90.373897741922207, 38.331319349592142 ], [ -90.373980377951824, 38.33180522196065 ] ] ], [ [ [ -90.373920417823726, 38.310980415574683 ], [ -90.374233612999376, 38.31085739947477 ], [ -90.374565475537437, 38.310944906433733 ], [ -90.374721606610464, 38.311191676657977 ], [ -90.374610545307533, 38.311453156152545 ], [ -90.374297348087069, 38.311576173179652 ], [ -90.373965483079019, 38.311488665377574 ], [ -90.373809354050792, 38.31124189422615 ], [ -90.373920417823726, 38.310980415574683 ] ] ], [ [ [ -90.373075403957699, 38.333823659128925 ], [ -90.373269223184138, 38.333737961536968 ], [ -90.373534656362295, 38.333743910406795 ], [ -90.373830776787997, 38.33399081391871 ], [ -90.373823225366579, 38.334199886153243 ], [ -90.373685859858796, 38.33435937603263 ], [ -90.373750714412211, 38.334554197688753 ], [ -90.373620004653034, 38.33515554466026 ], [ -90.373180613127403, 38.335656777059732 ], [ -90.373125687034033, 38.335888828123849 ], [ -90.372562351451123, 38.336517370986918 ], [ -90.372280119013709, 38.336614868443064 ], [ -90.371999494074004, 38.336557297260903 ], [ -90.37176630122805, 38.336623589112691 ], [ -90.371547447475592, 38.336592981904182 ], [ -90.371283477565129, 38.336324400447047 ], [ -90.371416072271117, 38.335917389011847 ], [ -90.371670556769502, 38.335728045727301 ], [ -90.372016220587398, 38.335734581572609 ], [ -90.372278032034998, 38.335490857982876 ], [ -90.372612112444585, 38.335036610347451 ], [ -90.37260258898138, 38.334788240389017 ], [ -90.37284155500565, 38.334482845527823 ], [ -90.372793321399854, 38.334174839666368 ], [ -90.373075403957699, 38.333823659128925 ] ] ], [ [ [ -90.372448523919246, 38.328033264307003 ], [ -90.372630731430661, 38.327933016053258 ], [ -90.372895605536044, 38.32791844429552 ], [ -90.373220997741484, 38.328141298012852 ], [ -90.373323570231079, 38.329064071084602 ], [ -90.37324277376284, 38.32922716584671 ], [ -90.373032812728766, 38.329355201351198 ], [ -90.372682912386693, 38.329347358063515 ], [ -90.3724425373549, 38.329146918146989 ], [ -90.372336499334835, 38.328259392879239 ], [ -90.372448523919246, 38.328033264307003 ] ] ], [ [ [ -90.372006799380756, 38.32460659796056 ], [ -90.372364927349651, 38.32448285994883 ], [ -90.372684361430942, 38.324595581912661 ], [ -90.373006177176563, 38.325424367217167 ], [ -90.372961975447183, 38.325697892315844 ], [ -90.372722381467725, 38.325857131513381 ], [ -90.372968765436212, 38.326088023332524 ], [ -90.372900905063659, 38.32639072593539 ], [ -90.373042858605757, 38.326543360506619 ], [ -90.37306920316361, 38.326717199141278 ], [ -90.372960659046598, 38.326908080290366 ], [ -90.372735784240788, 38.327019288038557 ], [ -90.372388556077382, 38.326984466479296 ], [ -90.372174287211408, 38.326766432210214 ], [ -90.372242151026995, 38.326463730167092 ], [ -90.37210019936839, 38.326311094689665 ], [ -90.372073857231584, 38.32613725591488 ], [ -90.37218240236146, 38.325946375607401 ], [ -90.372370089183349, 38.325844719027394 ], [ -90.372155645924849, 38.325679816294162 ], [ -90.371896114454046, 38.325076968599028 ], [ -90.371906101661125, 38.324762668206297 ], [ -90.372006799380756, 38.32460659796056 ] ] ], [ [ [ -90.372221668522997, 38.327288476423732 ], [ -90.372534938167604, 38.327165467802487 ], [ -90.372866871691727, 38.327252981958864 ], [ -90.373023028686632, 38.327499754883462 ], [ -90.37291193305542, 38.327761230999883 ], [ -90.372598661364222, 38.327884240548826 ], [ -90.372266725368178, 38.327796725548822 ], [ -90.372110570419892, 38.327549951696518 ], [ -90.372221668522997, 38.327288476423732 ] ] ] ] } },
{ "type": "Feature", "properties": { "depth_bin": 21, "survey_id": "UM_SL_ILC_20260820_BD_2", "date": "2026-08-20 00:00:00+00:00", "year": 2026, "mile": 156.0, "bin_order": -21 }, "geometry": { "type": "MultiPolygon", "coordinates": [ [ [ [ -90.373851882368044, 38.313431239135014 ], [ -90.374192832510957, 38.31328043667127 ], [ -90.374726115259605, 38.313415469184228 ], [ -90.37494035502219, 38.31363349809186 ], [ -90.374896170263483, 38.313907024932739 ], [ -90.374531064679971, 38.31408762519677 ], [ -90.373997777487986, 38.313952591645553 ], [ -90.373773878286883, 38.313700035789353 ], [ -90.373851882368044, 38.313431239135014 ] ] ], [ [ [ -90.373888591234021, 38.315539849709765 ], [ -90.374184994130786, 38.315393239060768 ], [ -90.37452616554458, 38.315454696048747 ], [ -90.3747122538838, 38.315688220460522 ], [ -90.37463425004556, 38.31595701762226 ], [ -90.374337845624822, 38.316103629345292 ], [ -90.373996671388923, 38.316042171711203 ], [ -90.373810584573675, 38.315808646225392 ], [ -90.373888591234021, 38.315539849709765 ] ] ], [ [ [ -90.374257122146389, 38.316173211189643 ], [ -90.374584135906801, 38.316074975168114 ], [ -90.374932716393317, 38.316214550048727 ], [ -90.375027299978839, 38.316409982671011 ], [ -90.374947962265807, 38.316669481750317 ], [ -90.375061750359762, 38.316917085199435 ], [ -90.375001652883256, 38.317085634588636 ], [ -90.374723400096784, 38.317254693118869 ], [ -90.374640154525736, 38.317446865837674 ], [ -90.374744685306652, 38.317651454709228 ], [ -90.374685513694004, 38.317855350817055 ], [ -90.374531660715618, 38.317981677911916 ], [ -90.37427552137531, 38.318036679989739 ], [ -90.374023762955034, 38.31797030020882 ], [ -90.373879269924231, 38.317837289748759 ], [ -90.373831424568891, 38.317666322553166 ], [ -90.37391522574255, 38.317468539237908 ], [ -90.373809770693157, 38.317228602770783 ], [ -90.374007668603397, 38.31694256257952 ], [ -90.374065233821085, 38.316484179930896 ], [ -90.374257122146389, 38.316173211189643 ] ] ], [ [ [ -90.374465574485939, 38.318593599803542 ], [ -90.374752605849878, 38.318681837855223 ], [ -90.37490343206818, 38.318893503031113 ], [ -90.374979466627252, 38.31975253591807 ], [ -90.374794974056741, 38.320031198257112 ], [ -90.374943002601341, 38.32034435074808 ], [ -90.374745830725814, 38.320596652961676 ], [ -90.374666704770064, 38.320868283921193 ], [ -90.374881645440212, 38.321095919285398 ], [ -90.374926020154348, 38.321302134469619 ], [ -90.374786418948162, 38.321518528574771 ], [ -90.374504248587627, 38.321616033812681 ], [ -90.374207609698388, 38.321550384408084 ], [ -90.373910001016327, 38.321257888954825 ], [ -90.373780331129765, 38.321344807484685 ], [ -90.37383263034198, 38.321657400210626 ], [ -90.373573765793694, 38.321875582111218 ], [ -90.373862625453597, 38.322061966030226 ], [ -90.373887015611004, 38.322337028517275 ], [ -90.373590172051479, 38.32266620009689 ], [ -90.373280207555538, 38.322764154270011 ], [ -90.373158292727467, 38.322886857817394 ], [ -90.373360072756256, 38.323098610015087 ], [ -90.373380110112905, 38.32345633246743 ], [ -90.373154105953873, 38.323863477540399 ], [ -90.372840998614393, 38.323986474623482 ], [ -90.373019921005024, 38.324115121863791 ], [ -90.373089736258194, 38.324316918465229 ], [ -90.373002174603585, 38.324631018396502 ], [ -90.372806876116314, 38.3248858264039 ], [ -90.373137360851018, 38.325161487659983 ], [ -90.373231949773952, 38.3253569217094 ], [ -90.373067956715175, 38.325658624762525 ], [ -90.373048430877176, 38.325911121082228 ], [ -90.372814695502655, 38.326093313520715 ], [ -90.373094805759123, 38.326335306273997 ], [ -90.373087254293822, 38.326544378658426 ], [ -90.372957183363042, 38.326698959920833 ], [ -90.373085273643539, 38.32699704096737 ], [ -90.37291155665001, 38.327236419973808 ], [ -90.372573842203764, 38.32730892293236 ], [ -90.372331526536627, 38.327223417202731 ], [ -90.372180692120196, 38.327011748632771 ], [ -90.372197908416183, 38.326837201817561 ], [ -90.372327981177321, 38.326682621468507 ], [ -90.372207740259313, 38.326349729706791 ], [ -90.372469932795127, 38.326100566502433 ], [ -90.372189825564931, 38.325858572353447 ], [ -90.372197379422687, 38.325649500095174 ], [ -90.372329614902114, 38.325493460073027 ], [ -90.372164782280151, 38.325273114235252 ], [ -90.372231888712591, 38.325017785652598 ], [ -90.372035764015777, 38.324882249741087 ], [ -90.371966877139059, 38.324715799503103 ], [ -90.37225973527012, 38.324098081024388 ], [ -90.372600592955024, 38.323947299163606 ], [ -90.372421671739488, 38.323818651321027 ], [ -90.372352784832785, 38.323652201287366 ], [ -90.372485185238062, 38.3230790002197 ], [ -90.372628495783971, 38.322915489038266 ], [ -90.372458655546339, 38.322769725835769 ], [ -90.37241428723064, 38.322563509982565 ], [ -90.372553897520902, 38.322347119065036 ], [ -90.372863861073455, 38.322249166778882 ], [ -90.373278554423777, 38.321890169878138 ], [ -90.373037362406052, 38.321763598158689 ], [ -90.372941851741615, 38.321532817118182 ], [ -90.373106937766096, 38.321266341801355 ], [ -90.373031183613989, 38.321057843987312 ], [ -90.373167632699079, 38.320811648914471 ], [ -90.373156413360022, 38.320560237574476 ], [ -90.373486573379409, 38.320278527573286 ], [ -90.373271977967718, 38.319943506387098 ], [ -90.373355311798448, 38.31970981579952 ], [ -90.373580108943557, 38.319577960094378 ], [ -90.373604454307781, 38.31929370250986 ], [ -90.373546522750303, 38.319055016983768 ], [ -90.373341247939038, 38.318841501784192 ], [ -90.373365110043451, 38.318599493403951 ], [ -90.37357843026895, 38.318424344260187 ], [ -90.373989680967227, 38.318353522417873 ], [ -90.374241440658835, 38.318419902314723 ], [ -90.374465574485939, 38.318593599803542 ] ] ], [ [ [ -90.373183815402243, 38.331575248550095 ], [ -90.373259039020184, 38.331510899259499 ], [ -90.373056031733199, 38.331413185886703 ], [ -90.372947235730109, 38.3312605214605 ], [ -90.372942649032382, 38.331085485901248 ], [ -90.373063624257554, 38.33091277539603 ], [ -90.372748227667429, 38.330274224627132 ], [ -90.372864394526999, 38.329652069982089 ], [ -90.372668465356242, 38.329469881532717 ], [ -90.372489836536246, 38.328911753686995 ], [ -90.372600935661183, 38.328650278134731 ], [ -90.372914210725781, 38.328527268712655 ], [ -90.373173051680936, 38.328573891391144 ], [ -90.373355388366392, 38.328725934094194 ], [ -90.373546731239315, 38.329281332674142 ], [ -90.37348682855712, 38.329527777444888 ], [ -90.373696672698614, 38.329743577576117 ], [ -90.373613286961927, 38.330061940541547 ], [ -90.373841461350153, 38.330600969982022 ], [ -90.373715413819411, 38.330914191689288 ], [ -90.373845683217169, 38.331176036273249 ], [ -90.373686185980986, 38.331438729147152 ], [ -90.373984079505803, 38.331655492145451 ], [ -90.373990442341452, 38.331898177435896 ], [ -90.373797591999491, 38.332089977336189 ], [ -90.374000063466198, 38.33220676491446 ], [ -90.37409466282196, 38.332402198469325 ], [ -90.373912704803729, 38.33285317518574 ], [ -90.373774229705731, 38.332991349189918 ], [ -90.373849289822687, 38.333318739533333 ], [ -90.373783422678414, 38.333706912282558 ], [ -90.37389623157587, 38.333953598088272 ], [ -90.373808316869543, 38.334463685705906 ], [ -90.37364242909932, 38.334668254907164 ], [ -90.373394307338444, 38.334742767447601 ], [ -90.373062339403987, 38.334655253634203 ], [ -90.372906168303658, 38.334408480474828 ], [ -90.373001816607911, 38.33404790801648 ], [ -90.372878532824657, 38.33366391039057 ], [ -90.372939657922217, 38.333257341426517 ], [ -90.372857264744923, 38.332899599189723 ], [ -90.373017580436596, 38.332636360343365 ], [ -90.37294013415125, 38.332296526789236 ], [ -90.373265513825089, 38.332061214803183 ], [ -90.373105785518959, 38.331844043224812 ], [ -90.373183815402243, 38.331575248550095 ] ] ], [ [ [ -90.373794025926486, 38.314275346551121 ], [ -90.374090423698107, 38.314128735934609 ], [ -90.374431589145146, 38.314190192993749 ], [ -90.374617674171105, 38.314423717473687 ], [ -90.374539671614016, 38.314692514660635 ], [ -90.374243272318509, 38.314839126351153 ], [ -90.373902104049549, 38.314777668645895 ], [ -90.373716020547491, 38.314544143091972 ], [ -90.373794025926486, 38.314275346551121 ] ] ], [ [ [ -90.372812690710163, 38.334908513316968 ], [ -90.372994915539991, 38.334808265203485 ], [ -90.373259814759635, 38.334793693535211 ], [ -90.373457961649407, 38.334873018058069 ], [ -90.373599151225733, 38.335050160144633 ], [ -90.373575281324435, 38.33529216779749 ], [ -90.373370362675615, 38.335463577071899 ], [ -90.373289935081402, 38.335716580035438 ], [ -90.373116751411388, 38.33583190297513 ], [ -90.373340839958615, 38.336113350031127 ], [ -90.373316968645767, 38.336355357548541 ], [ -90.37310359268217, 38.336530503821685 ], [ -90.372722887387155, 38.336540037106637 ], [ -90.372471248189186, 38.336724972959829 ], [ -90.371867261375641, 38.336731815764551 ], [ -90.371626865442877, 38.336531373603371 ], [ -90.371636829647016, 38.336255753447837 ], [ -90.371774266900843, 38.336118159112331 ], [ -90.372014278779048, 38.336044413277008 ], [ -90.372465307002443, 38.335563280430769 ], [ -90.372499588169944, 38.335360709779216 ], [ -90.372704508480538, 38.335189302088978 ], [ -90.372812690710163, 38.334908513316968 ] ] ], [ [ [ -90.372147797427587, 38.327607598446825 ], [ -90.372550686640011, 38.327486599180098 ], [ -90.372995556593906, 38.327703586255488 ], [ -90.373151714915167, 38.327950359042021 ], [ -90.373040618957191, 38.328211835254358 ], [ -90.372637726372716, 38.328332836077671 ], [ -90.372192853823123, 38.328115847564071 ], [ -90.372036698508495, 38.327869073609691 ], [ -90.372147797427587, 38.327607598446825 ] ] ] ] } },
{ "type": "Feature", "properties": { "depth_bin": 22, "survey_id": "UM_SL_ILC_20260820_BD_2", "date": "2026-08-20 00:00:00+00:00", "year": 2026, "mile": 156.0, "bin_order": -22 }, "geometry": { "type": "MultiPolygon", "coordinates": [ [ [ [ -90.374055375351332, 38.315315674918985 ], [ -90.374307955839541, 38.315176676093266 ], [ -90.374615125442403, 38.315195471920255 ], [ -90.374956259852553, 38.315433893870249 ], [ -90.375050842608488, 38.315629326462641 ], [ -90.37490870654446, 38.315916316644355 ], [ -90.374570274851692, 38.31601385489455 ], [ -90.374852162737696, 38.316256398590625 ], [ -90.374828306785886, 38.31649840756603 ], [ -90.374631427288094, 38.316666291755418 ], [ -90.375010095645948, 38.316984248554313 ], [ -90.374954341373495, 38.317272043597427 ], [ -90.375078006021923, 38.317463177855025 ], [ -90.375075038995803, 38.317766095252104 ], [ -90.37479814547568, 38.318188595292177 ], [ -90.374484918871858, 38.318311611662644 ], [ -90.374188293312386, 38.318245962661074 ], [ -90.374025773604416, 38.318080575538815 ], [ -90.374007272405208, 38.317871926686131 ], [ -90.374168910582682, 38.317670192068526 ], [ -90.374241734692617, 38.317330336364655 ], [ -90.37388157835403, 38.317076995083148 ], [ -90.373786997137699, 38.316881561635221 ], [ -90.373846170293106, 38.316677666012978 ], [ -90.37402271992211, 38.316541300714491 ], [ -90.373953901358291, 38.316340898358149 ], [ -90.374014000516894, 38.316172349552453 ], [ -90.374206980384784, 38.316028716396858 ], [ -90.374435401691812, 38.315991719624236 ], [ -90.374018967176511, 38.315684986626259 ], [ -90.37397459756049, 38.31547877113691 ], [ -90.374055375351332, 38.315315674918985 ] ] ], [ [ [ -90.374262412290605, 38.318437232563106 ], [ -90.374856751621195, 38.31852338566506 ], [ -90.375085989263852, 38.31881104505635 ], [ -90.375002662122114, 38.319044737144189 ], [ -90.374525122562645, 38.319427757672592 ], [ -90.374886166001247, 38.319643766775684 ], [ -90.375009933603422, 38.319866059535663 ], [ -90.374623642707107, 38.320580917811 ], [ -90.374863476438762, 38.320707185834173 ], [ -90.374958064980447, 38.320902618581371 ], [ -90.374777423136209, 38.321306152710299 ], [ -90.374909473826889, 38.321503621851797 ], [ -90.374863406383341, 38.32173055282496 ], [ -90.374931910404072, 38.321930503839113 ], [ -90.374763073932584, 38.322199513883191 ], [ -90.374875913787363, 38.322446238399991 ], [ -90.374756027775689, 38.322678838545059 ], [ -90.374915921643378, 38.323000100434932 ], [ -90.37480738839227, 38.323190983777444 ], [ -90.374582528034878, 38.323302195648864 ], [ -90.374317132715177, 38.323296250510744 ], [ -90.374100657910844, 38.323175152301495 ], [ -90.374005142225613, 38.322944371989848 ], [ -90.374125031082457, 38.322711772724794 ], [ -90.373961665855873, 38.322425758173573 ], [ -90.37413050579994, 38.322156749419356 ], [ -90.373947953602325, 38.322006723423542 ], [ -90.373863888381507, 38.322212565920807 ], [ -90.373571877568324, 38.322409753004159 ], [ -90.373405604349443, 38.322740372479736 ], [ -90.373720905636432, 38.32290420333954 ], [ -90.373767263801, 38.323210094847042 ], [ -90.373476797069998, 38.323535192099939 ], [ -90.37339342555812, 38.323767624785788 ], [ -90.373176361718265, 38.323897489805255 ], [ -90.373268385081218, 38.324191667290663 ], [ -90.373229537361553, 38.324364044874727 ], [ -90.372898455968141, 38.324570252680971 ], [ -90.373250599678684, 38.325156644158476 ], [ -90.373100732317454, 38.325448824375783 ], [ -90.373171559778569, 38.325651761091599 ], [ -90.373092030359572, 38.325844259075133 ], [ -90.373101131022807, 38.326372930815047 ], [ -90.372898466755359, 38.326597744250194 ], [ -90.372597549778646, 38.326650003005007 ], [ -90.37232285278381, 38.326540019182666 ], [ -90.372199083381872, 38.326317723697308 ], [ -90.372303021311538, 38.325798466964663 ], [ -90.372260749377247, 38.325596017959583 ], [ -90.372408070011943, 38.325374434035417 ], [ -90.372155186036807, 38.325152726686824 ], [ -90.372114564187399, 38.324773823151531 ], [ -90.372223106969145, 38.324582942689496 ], [ -90.37248194811329, 38.324465835527377 ], [ -90.372222703521047, 38.324218020529798 ], [ -90.372178335233954, 38.324011804625194 ], [ -90.372348207105887, 38.323720044206667 ], [ -90.372565271788105, 38.323590180752468 ], [ -90.372650644959904, 38.323347494690175 ], [ -90.372305376395005, 38.323027683987291 ], [ -90.372239040718441, 38.322790638801514 ], [ -90.372500052776886, 38.322509778719827 ], [ -90.372539773776481, 38.322225429016171 ], [ -90.373044894122572, 38.321649356775794 ], [ -90.37312851735166, 38.320773768320002 ], [ -90.373302712053544, 38.320615926118641 ], [ -90.373523249904892, 38.320561505991478 ], [ -90.37350403907206, 38.32035158038034 ], [ -90.37366641026739, 38.32014935744926 ], [ -90.37351481434537, 38.31999074145142 ], [ -90.3734884702221, 38.319816902787444 ], [ -90.373684508112106, 38.319411671846382 ], [ -90.373837754027235, 38.319285682625122 ], [ -90.373591474904302, 38.319041232727386 ], [ -90.37358511204188, 38.31879854702629 ], [ -90.373915423297419, 38.318506314098499 ], [ -90.374262412290605, 38.318437232563106 ] ] ], [ [ [ -90.373813757090602, 38.33028329964943 ], [ -90.373969923288911, 38.330530071546676 ], [ -90.373892494489198, 38.331124807666122 ], [ -90.37366281944432, 38.331332891289826 ], [ -90.373313618466483, 38.331352102863924 ], [ -90.37301751010672, 38.331105198394262 ], [ -90.373057334240173, 38.330576731610748 ], [ -90.372803180344192, 38.330101525122352 ], [ -90.372874608389154, 38.329882536948716 ], [ -90.372806977037371, 38.329463568366201 ], [ -90.373009650083191, 38.329238755485257 ], [ -90.373354768912932, 38.329192676136692 ], [ -90.373640169771264, 38.329352322763881 ], [ -90.373719913083377, 38.329702335051707 ], [ -90.373647561159743, 38.329885976965926 ], [ -90.373813757090602, 38.33028329964943 ] ] ], [ [ [ -90.373380617178398, 38.331866929036401 ], [ -90.37360550649845, 38.331755720636117 ], [ -90.373870932517349, 38.3317616684866 ], [ -90.374087431661238, 38.33188276786634 ], [ -90.374182030884739, 38.332078201353603 ], [ -90.374121037732976, 38.332361853067653 ], [ -90.37397453484553, 38.332527506123171 ], [ -90.374093489880948, 38.332859411865101 ], [ -90.373843027818921, 38.333344161860431 ], [ -90.373943022208721, 38.33351435194092 ], [ -90.373937364322543, 38.33385082097918 ], [ -90.373771478404038, 38.334055390445677 ], [ -90.373523358888718, 38.334129903346401 ], [ -90.37326449808063, 38.334083280762634 ], [ -90.373082148800464, 38.333931237566581 ], [ -90.373092182141647, 38.333400131577683 ], [ -90.372986869615033, 38.333194835703637 ], [ -90.373081805290724, 38.332730694802372 ], [ -90.373360402128966, 38.33249911578595 ], [ -90.373230128376406, 38.332237267640217 ], [ -90.373380617178398, 38.331866929036401 ] ] ], [ [ [ -90.372655269621418, 38.328439165293652 ], [ -90.372432172745235, 38.32826841625144 ], [ -90.372125318499513, 38.327701107161502 ], [ -90.372251166854426, 38.327463630175849 ], [ -90.372197756925516, 38.327284855242574 ], [ -90.372263033645353, 38.326960296385451 ], [ -90.372437245755734, 38.326802456221095 ], [ -90.372693417525568, 38.326747459397133 ], [ -90.372980478110193, 38.326835702761251 ], [ -90.373121652009786, 38.327012845038404 ], [ -90.373100742901954, 38.327375409679895 ], [ -90.372987668554586, 38.32754163968179 ], [ -90.373143687506698, 38.327680442508338 ], [ -90.373270427128816, 38.328016662502442 ], [ -90.373140772787551, 38.328332846962518 ], [ -90.373332867551795, 38.328428146781576 ], [ -90.373451323379058, 38.328615336109934 ], [ -90.373345547617092, 38.328911917725414 ], [ -90.373032271520017, 38.329034928260555 ], [ -90.372700329755645, 38.328947414297119 ], [ -90.372544171055679, 38.328700640924531 ], [ -90.372655269621418, 38.328439165293652 ] ] ], [ [ [ -90.372741062230716, 38.335117630574871 ], [ -90.372965962806902, 38.335006423854445 ], [ -90.373231400547951, 38.3350123735759 ], [ -90.373418722509015, 38.335106613814411 ], [ -90.373537188452985, 38.33529380326371 ], [ -90.373503654570555, 38.335501285574736 ], [ -90.373092810442046, 38.336165136313461 ], [ -90.373147098783164, 38.336345132925473 ], [ -90.373086978248836, 38.336513680094519 ], [ -90.372766322174698, 38.336690079373824 ], [ -90.372197421722987, 38.336603500217592 ], [ -90.371955313439798, 38.336700455579731 ], [ -90.371651874261389, 38.336658019324823 ], [ -90.371437580841516, 38.336439983084787 ], [ -90.371481797151546, 38.336166459451945 ], [ -90.371758619707165, 38.335997674560566 ], [ -90.372123070824756, 38.336041143021404 ], [ -90.372217432611933, 38.335985856146678 ], [ -90.372741062230716, 38.335117630574871 ] ] ] ] } },
{ "type": "Feature", "properties": { "depth_bin": 23, "survey_id": "UM_SL_ILC_20260820_BD_2", "date": "2026-08-20 00:00:00+00:00", "year": 2026, "mile": 156.0, "bin_order": -23 }, "geometry": { "type": "MultiPolygon", "coordinates": [ [ [ [ -90.373908361044101, 38.318715756940101 ], [ -90.374204777221621, 38.318569146776277 ], [ -90.374545963402355, 38.318630604213006 ], [ -90.374732059344737, 38.318864128774287 ], [ -90.374654051491873, 38.319132925698803 ], [ -90.37435763379014, 38.319279536936811 ], [ -90.374016444786861, 38.319218078853915 ], [ -90.373830350368692, 38.318984553218456 ], [ -90.373908361044101, 38.318715756940101 ] ] ], [ [ [ -90.374175936979569, 38.319914567148487 ], [ -90.374385867889316, 38.319786528358058 ], [ -90.374650712095814, 38.319771951534221 ], [ -90.374881202131633, 38.319875749931526 ], [ -90.374999649375539, 38.320062937581589 ], [ -90.374982442329042, 38.320237485288779 ], [ -90.374853101545952, 38.32039158781371 ], [ -90.374923448230248, 38.320559679433444 ], [ -90.374864274274572, 38.320763575473833 ], [ -90.374671282533072, 38.320907209203249 ], [ -90.374414874683055, 38.320942494347129 ], [ -90.374658145483053, 38.321202796421076 ], [ -90.374572938900201, 38.321478798846563 ], [ -90.374679467297653, 38.321655014408627 ], [ -90.374634641735923, 38.321880018960762 ], [ -90.374817244075331, 38.321990704513453 ], [ -90.374911833960837, 38.322186137315157 ], [ -90.374785300702996, 38.32246030389566 ], [ -90.374792686953754, 38.322899022283131 ], [ -90.374635213405213, 38.32309794206386 ], [ -90.374762916646731, 38.323241744674675 ], [ -90.374781420495864, 38.32345039336365 ], [ -90.374539635748562, 38.323692516845561 ], [ -90.374148663063806, 38.323698880349184 ], [ -90.373884727271147, 38.3234303055617 ], [ -90.374017528666116, 38.323111525023101 ], [ -90.373845301415514, 38.323104017323821 ], [ -90.373848226455138, 38.323338395562665 ], [ -90.373702582733287, 38.323503482537461 ], [ -90.373880421118741, 38.323676572730392 ], [ -90.373898922465244, 38.32388522145785 ], [ -90.373467756578052, 38.32434245918359 ], [ -90.373634911311697, 38.324535703909547 ], [ -90.373627361884587, 38.324744776448895 ], [ -90.373421349220635, 38.324942405655484 ], [ -90.373441774043357, 38.325154511137384 ], [ -90.373292996522963, 38.325490206823588 ], [ -90.373083046748121, 38.325618242882399 ], [ -90.37281818106463, 38.325632815371755 ], [ -90.372510827720944, 38.325442337978586 ], [ -90.372168713573728, 38.324654754914263 ], [ -90.37220756398392, 38.324482377785721 ], [ -90.372553064796932, 38.324027748315416 ], [ -90.372441763736219, 38.323847135785506 ], [ -90.372458978217765, 38.323672588797955 ], [ -90.372771363241469, 38.323439612726695 ], [ -90.372823702126013, 38.323245412938476 ], [ -90.372557675630887, 38.323090047547055 ], [ -90.372499184190119, 38.322818192413465 ], [ -90.372681566984213, 38.32242063686305 ], [ -90.37302528149317, 38.322269795390952 ], [ -90.373216351574541, 38.322066460480087 ], [ -90.373182182838065, 38.321878567590602 ], [ -90.373321355232903, 38.321662532116697 ], [ -90.3733191565331, 38.3213138779536 ], [ -90.373521264222646, 38.321013553566331 ], [ -90.373817690760831, 38.320866944798361 ], [ -90.374259666439698, 38.320905302254602 ], [ -90.374079966087422, 38.320776343449872 ], [ -90.374011077806728, 38.320609894281141 ], [ -90.374162950176625, 38.320316350409989 ], [ -90.374091678508819, 38.32011291146749 ], [ -90.374175936979569, 38.319914567148487 ] ] ], [ [ [ -90.3739697041499, 38.325765146053229 ], [ -90.374266149780681, 38.325618536920743 ], [ -90.37460736876487, 38.325679995303076 ], [ -90.37479348164581, 38.325913520170403 ], [ -90.374715464943876, 38.326182316582354 ], [ -90.374419017788398, 38.326328926789301 ], [ -90.374077795980654, 38.326267467760665 ], [ -90.373891684624425, 38.326033941818885 ], [ -90.3739697041499, 38.325765146053229 ] ] ], [ [ [ -90.373940581223252, 38.331150341378894 ], [ -90.374081765302265, 38.33132748276708 ], [ -90.3741782982475, 38.331899368624065 ], [ -90.37397562080325, 38.332124183299037 ], [ -90.373630488232138, 38.332170263970298 ], [ -90.373323105980944, 38.331979787829184 ], [ -90.373059339761411, 38.331201469269516 ], [ -90.373225220646489, 38.330996900560301 ], [ -90.373473329548034, 38.330922387882183 ], [ -90.373732179374869, 38.330969009627367 ], [ -90.373940581223252, 38.331150341378894 ] ] ], [ [ [ -90.3731758203607, 38.33320225511671 ], [ -90.373472298682003, 38.333055649307681 ], [ -90.373813551415466, 38.33311711116292 ], [ -90.373999679335256, 38.333350637618366 ], [ -90.373921650151757, 38.333619432803538 ], [ -90.373625170305132, 38.333766039687312 ], [ -90.373283914747105, 38.333704577185564 ], [ -90.373097788352652, 38.33347104965538 ], [ -90.3731758203607, 38.33320225511671 ] ] ], [ [ [ -90.372805694585821, 38.329004742064626 ], [ -90.373054982207066, 38.328866606877064 ], [ -90.37276137676804, 38.328823252847151 ], [ -90.372579041146437, 38.32867120925755 ], [ -90.372542515706854, 38.328430183480997 ], [ -90.372686191278504, 38.328240581266435 ], [ -90.372464265649839, 38.328047526746722 ], [ -90.372250347155457, 38.327431963717743 ], [ -90.372362370578699, 38.32720583516307 ], [ -90.372609837840557, 38.327090704913154 ], [ -90.372362100763524, 38.326887999656662 ], [ -90.372327188111043, 38.326428865152458 ], [ -90.372480920209043, 38.3262583336451 ], [ -90.372773884196064, 38.326183092304539 ], [ -90.373060942700604, 38.326271335402481 ], [ -90.373211778334507, 38.326483002899778 ], [ -90.37320680638318, 38.326906934539053 ], [ -90.372887096187199, 38.327111164910995 ], [ -90.373148747557934, 38.327347482155027 ], [ -90.373179055533498, 38.327639490388925 ], [ -90.373347834817309, 38.32789408392577 ], [ -90.373193766297135, 38.328189092210948 ], [ -90.373375696798405, 38.32831893933119 ], [ -90.373444589886404, 38.328485388887579 ], [ -90.37336124464403, 38.328719078873711 ], [ -90.373111958089382, 38.32885721475531 ], [ -90.373478663593843, 38.328941458412757 ], [ -90.373721804155707, 38.329281603284308 ], [ -90.373688274565268, 38.329489085957576 ], [ -90.373546118407205, 38.329629288755271 ], [ -90.373782153902852, 38.329827987337552 ], [ -90.373925343419998, 38.330411507253807 ], [ -90.373841070448748, 38.330609850612248 ], [ -90.373631106270963, 38.330737887056522 ], [ -90.373281199112455, 38.330730045316272 ], [ -90.373040818007098, 38.330529606446319 ], [ -90.372897635476676, 38.329946085706112 ], [ -90.373079571648674, 38.329668853387147 ], [ -90.372737329248366, 38.329308062005872 ], [ -90.372805694585821, 38.329004742064626 ] ] ], [ [ [ -90.372476340846944, 38.335780681444746 ], [ -90.372686322024947, 38.335652647765905 ], [ -90.372994437555377, 38.33564763946459 ], [ -90.373236648763708, 38.335797725240894 ], [ -90.37330647397124, 38.33599952177741 ], [ -90.373222191972829, 38.336197864227564 ], [ -90.372914427553383, 38.33645396624042 ], [ -90.372802981024336, 38.336702656764302 ], [ -90.372444792296321, 38.336826393746627 ], [ -90.372125305959585, 38.336713669421336 ], [ -90.372000595947483, 38.336456026641507 ], [ -90.372239226671468, 38.335989259990775 ], [ -90.372476340846944, 38.335780681444746 ] ] ] ] } },
{ "type": "Feature", "properties": { "depth_bin": 24, "survey_id": "UM_SL_ILC_20260820_BD_2", "date": "2026-08-20 00:00:00+00:00", "year": 2026, "mile": 156.0, "bin_order": -24 }, "geometry": { "type": "MultiPolygon", "coordinates": [ [ [ [ -90.374129975471376, 38.321079447368 ], [ -90.374386125756715, 38.321024446023252 ], [ -90.374673166439294, 38.321112684578189 ], [ -90.374800422449908, 38.321256211875003 ], [ -90.374810313911198, 38.321489012739704 ], [ -90.374922675899811, 38.321670597191165 ], [ -90.374710318478051, 38.322281055471791 ], [ -90.374902210592225, 38.322674432744066 ], [ -90.374863367734562, 38.3228468110783 ], [ -90.374713700241145, 38.322991157913961 ], [ -90.374700534133694, 38.323262854843961 ], [ -90.3748718169889, 38.323815561245674 ], [ -90.374759807068941, 38.324041692785734 ], [ -90.374414591075848, 38.3242618622414 ], [ -90.374152819347017, 38.32429681889645 ], [ -90.373850432120221, 38.324191874168221 ], [ -90.373801485644449, 38.324265388099946 ], [ -90.373900103204065, 38.324537470405559 ], [ -90.373710386297489, 38.32493772647971 ], [ -90.373778543735199, 38.325268202964367 ], [ -90.373588023235641, 38.325458981023324 ], [ -90.373327927219393, 38.325513739536369 ], [ -90.373264933675287, 38.325747406922368 ], [ -90.37330604588206, 38.32599400387641 ], [ -90.373198796379853, 38.326183590794109 ], [ -90.373279548641221, 38.326436888606949 ], [ -90.373120537536181, 38.326666355134613 ], [ -90.373274323444193, 38.326879850331217 ], [ -90.373225363291027, 38.327527861460737 ], [ -90.373329731559878, 38.327766788101641 ], [ -90.373177723160765, 38.328024436262702 ], [ -90.373357706404178, 38.328175295477237 ], [ -90.373405556119863, 38.328346262800068 ], [ -90.373199748482421, 38.328636632346125 ], [ -90.373481383921529, 38.328821413702606 ], [ -90.373498621904943, 38.329110912082982 ], [ -90.373815319984431, 38.329302691757007 ], [ -90.374039855678205, 38.330273193509669 ], [ -90.374313126105775, 38.330382972031217 ], [ -90.374436908306137, 38.330605265625444 ], [ -90.374325812290067, 38.33086674297089 ], [ -90.373995144796226, 38.331024982596958 ], [ -90.374005867885799, 38.331214837119276 ], [ -90.373905164381696, 38.331370908751133 ], [ -90.373547004141685, 38.331494650216385 ], [ -90.373259924714219, 38.331406407617649 ], [ -90.373109079548712, 38.33119473996954 ], [ -90.373220746118207, 38.330491778882198 ], [ -90.372982316806642, 38.329838980233113 ], [ -90.372979449336555, 38.329334636741379 ], [ -90.37273960601398, 38.329229529358457 ], [ -90.372621151152032, 38.329042339357805 ], [ -90.37265468349122, 38.328834857077901 ], [ -90.372820716033957, 38.328681518935547 ], [ -90.372615934651975, 38.328583410602214 ], [ -90.372497481072458, 38.328396220507294 ], [ -90.372643246625614, 38.328068121315056 ], [ -90.372421663757336, 38.327816745483794 ], [ -90.372484925555796, 38.327566160824382 ], [ -90.372386806140113, 38.327397685587343 ], [ -90.372449950403009, 38.327147245470059 ], [ -90.372366266744649, 38.32692980768752 ], [ -90.372528757291605, 38.32666509411338 ], [ -90.372248973762879, 38.326129366299554 ], [ -90.372457545649922, 38.325412687278579 ], [ -90.37270206415603, 38.325226769259295 ], [ -90.372535257362571, 38.325102973242238 ], [ -90.372351773001384, 38.324752938317658 ], [ -90.372385303416976, 38.324545455935258 ], [ -90.372543661923046, 38.324396334752642 ], [ -90.372381632704005, 38.324162947602261 ], [ -90.372377046827467, 38.323987911895905 ], [ -90.372660385781174, 38.323489576438291 ], [ -90.37308249289957, 38.323223285203007 ], [ -90.372799058231394, 38.322926777616559 ], [ -90.372792698428, 38.322684092099514 ], [ -90.37298321324549, 38.322493315066787 ], [ -90.373288913793871, 38.322441726143367 ], [ -90.373265424186826, 38.322224114629371 ], [ -90.373375784545402, 38.322060104254881 ], [ -90.373215943794492, 38.321842851246224 ], [ -90.373293960397007, 38.32157405568649 ], [ -90.373656851069441, 38.321254540593571 ], [ -90.373995277384182, 38.321182137061754 ], [ -90.374129975471376, 38.321079447368 ] ], [ [ -90.373946391689884, 38.323358975658664 ], [ -90.373866109415545, 38.323361048864449 ], [ -90.373887515047926, 38.323412345187855 ], [ -90.373919305396115, 38.3234221177091 ], [ -90.373946391689884, 38.323358975658664 ] ] ], [ [ [ -90.373391872641946, 38.331756741117459 ], [ -90.373688344492876, 38.331610134501638 ], [ -90.374029590728327, 38.331671595503799 ], [ -90.37421571592877, 38.331905121559558 ], [ -90.374137689397628, 38.33217391703252 ], [ -90.373841216021489, 38.332320524723016 ], [ -90.373499966961688, 38.332259063074396 ], [ -90.373313843286454, 38.332025535943963 ], [ -90.373391872641946, 38.331756741117459 ] ] ], [ [ [ -90.373207878788421, 38.333051283617984 ], [ -90.373504356416149, 38.332904677699972 ], [ -90.373845608480565, 38.332966139438746 ], [ -90.374031736147714, 38.333199665838457 ], [ -90.373953707276002, 38.333468461061273 ], [ -90.373657228122923, 38.333615068054016 ], [ -90.373315973233986, 38.33355360566874 ], [ -90.373129847092159, 38.333320078194312 ], [ -90.373207878788421, 38.333051283617984 ] ] ], [ [ [ -90.372622891852956, 38.335572386338818 ], [ -90.372919381156109, 38.335425782370024 ], [ -90.373260644343461, 38.335487246196969 ], [ -90.373446776065606, 38.335720773600627 ], [ -90.373368741805436, 38.335989568155107 ], [ -90.373072250976705, 38.33613617319871 ], [ -90.372730984964505, 38.336074708725199 ], [ -90.372544854767924, 38.335841180246732 ], [ -90.372622891852956, 38.335572386338818 ] ] ] ] } },
{ "type": "Feature", "properties": { "depth_bin": 25, "survey_id": "UM_SL_ILC_20260820_BD_2", "date": "2026-08-20 00:00:00+00:00", "year": 2026, "mile": 156.0, "bin_order": -25 }, "geometry": { "type": "MultiPolygon", "coordinates": [ [ [ [ -90.373789554504953, 38.321227623300956 ], [ -90.374154698678538, 38.321047026900288 ], [ -90.374548169357453, 38.321185873356889 ], [ -90.37463236582002, 38.321486711843768 ], [ -90.37438537320773, 38.321867604480019 ], [ -90.374047685237741, 38.321940112696403 ], [ -90.37374382274912, 38.321803272397588 ], [ -90.373648309763837, 38.321572491852031 ], [ -90.373789554504953, 38.321227623300956 ] ] ], [ [ [ -90.373744424795049, 38.32206979582169 ], [ -90.374147280441406, 38.321948789762402 ], [ -90.374498811215688, 38.322145442081137 ], [ -90.374535341225965, 38.322386467598953 ], [ -90.374382693373661, 38.32258213377915 ], [ -90.374794664616971, 38.322847948887969 ], [ -90.374913116032644, 38.323035136706395 ], [ -90.374895677127924, 38.323396801566055 ], [ -90.374610549098549, 38.323600305228013 ], [ -90.374829524685495, 38.323817959985838 ], [ -90.374873900465275, 38.3240241751583 ], [ -90.374701784337674, 38.324692862132117 ], [ -90.374449170436804, 38.324831860443602 ], [ -90.374169002187159, 38.324821375350091 ], [ -90.374067876427816, 38.324979365689451 ], [ -90.373582219733422, 38.325323201775781 ], [ -90.373636009297471, 38.325542631667041 ], [ -90.373527468571183, 38.325733513492182 ], [ -90.373124590676412, 38.325854516558771 ], [ -90.372681443626234, 38.32569509022963 ], [ -90.372530611078361, 38.325483422138177 ], [ -90.372584476361922, 38.325244422622823 ], [ -90.372945105119669, 38.32485721728888 ], [ -90.372692591936215, 38.324888970647798 ], [ -90.372485556530009, 38.324825325296459 ], [ -90.37234105352475, 38.32469231268972 ], [ -90.372296684687782, 38.324486096822397 ], [ -90.372470396555812, 38.324246718463691 ], [ -90.372988505428651, 38.32412817627111 ], [ -90.373379263502287, 38.32376435795441 ], [ -90.373136609186886, 38.323402120095793 ], [ -90.373260304374753, 38.323090819333906 ], [ -90.372987501370375, 38.323130653526661 ], [ -90.372745198810634, 38.32304514908131 ], [ -90.372594371123824, 38.32283348117717 ], [ -90.372627899648251, 38.322625998607684 ], [ -90.372802100065172, 38.322468157394155 ], [ -90.373081166431135, 38.322414561281661 ], [ -90.373277038921245, 38.322208755825194 ], [ -90.373744424795049, 38.32206979582169 ] ], [ [ -90.373383471328538, 38.32301948917894 ], [ -90.373426495506365, 38.323004793605037 ], [ -90.373433848893669, 38.322962454503518 ], [ -90.373372436249355, 38.323024369196197 ], [ -90.373383471328538, 38.32301948917894 ] ] ], [ [ [ -90.37415517795381, 38.331272829729606 ], [ -90.374321948200773, 38.331598389399574 ], [ -90.374268082665424, 38.331837389517737 ], [ -90.373991282003033, 38.332006181226106 ], [ -90.373644029334471, 38.331971362537665 ], [ -90.373443655642561, 38.331786943070419 ], [ -90.373186125537842, 38.33102703377903 ], [ -90.37322497783623, 38.330854656516721 ], [ -90.373380712829487, 38.3307069852304 ], [ -90.373210355155962, 38.330511762790394 ], [ -90.373224745735129, 38.330288886905379 ], [ -90.37307998882838, 38.329849766541926 ], [ -90.373160786428471, 38.329686671945645 ], [ -90.373370748241811, 38.329558636244556 ], [ -90.373720649792929, 38.329566477516437 ], [ -90.373961029822212, 38.329766914973625 ], [ -90.374108793146959, 38.330427275231699 ], [ -90.373913283090843, 38.330711978268383 ], [ -90.374069730084443, 38.330873586829163 ], [ -90.37415517795381, 38.331272829729606 ] ] ], [ [ [ -90.372437065053731, 38.327009378813429 ], [ -90.372630077896417, 38.326865749640248 ], [ -90.372891859483687, 38.326830796760817 ], [ -90.373134174594981, 38.326916301313069 ], [ -90.373275349025022, 38.327093443421852 ], [ -90.373357304301337, 38.327627428224254 ], [ -90.373201839460663, 38.327887406908026 ], [ -90.373363224520247, 38.328028908798018 ], [ -90.373411074172623, 38.328199876119434 ], [ -90.373261644989086, 38.328455785081019 ], [ -90.373491395685605, 38.328602046315297 ], [ -90.373687603418489, 38.329028988051824 ], [ -90.373604258222912, 38.329262678197132 ], [ -90.373351625971281, 38.329401673398344 ], [ -90.372931286291902, 38.329325962464537 ], [ -90.372662797646157, 38.328888326776905 ], [ -90.372670350964896, 38.328679254547431 ], [ -90.372796321064854, 38.328527441307855 ], [ -90.372592271781798, 38.328410163323319 ], [ -90.372503000961302, 38.328249833936411 ], [ -90.372520216951528, 38.328075287089604 ], [ -90.372652223033853, 38.327919404268115 ], [ -90.372449238252031, 38.327677385884492 ], [ -90.372376951870592, 38.327177926077049 ], [ -90.372437065053731, 38.327009378813429 ] ] ] ] } },
{ "type": "Feature", "properties": { "depth_bin": 26, "survey_id": "UM_SL_ILC_20260820_BD_2", "date": "2026-08-20 00:00:00+00:00", "year": 2026, "mile": 156.0, "bin_order": -26 }, "geometry": { "type": "MultiPolygon", "coordinates": [ [ [ [ -90.373786185622663, 38.322794962358643 ], [ -90.374113230246579, 38.322696728844697 ], [ -90.374400277044643, 38.322784968271144 ], [ -90.374556430643523, 38.323031739162325 ], [ -90.374468993650552, 38.323269538784253 ], [ -90.374718317047538, 38.323335768106901 ], [ -90.374880849442732, 38.323501154614085 ], [ -90.374850568571659, 38.323808293640973 ], [ -90.37457039037966, 38.323977680439427 ], [ -90.374799893524809, 38.324232466269898 ], [ -90.374723828380894, 38.324498858472012 ], [ -90.374776095585702, 38.324761965345239 ], [ -90.374644331084269, 38.324943548680118 ], [ -90.374448050297673, 38.325029681535476 ], [ -90.374307434905319, 38.325256267155794 ], [ -90.373899672786862, 38.325346733688278 ], [ -90.373760696805007, 38.325560300932345 ], [ -90.37339622372123, 38.325715129277746 ], [ -90.373253431909191, 38.325960191157101 ], [ -90.373335232595025, 38.32614120080855 ], [ -90.373230557803268, 38.326396251507546 ], [ -90.373344496793933, 38.326579286394377 ], [ -90.373327283338597, 38.326753833486144 ], [ -90.373136757577242, 38.326944610585251 ], [ -90.372791649403553, 38.326990689685957 ], [ -90.372561140617634, 38.326886886586252 ], [ -90.372442689694196, 38.326699696491794 ], [ -90.372542047918088, 38.326409541451305 ], [ -90.372425341950859, 38.326120805614366 ], [ -90.372565334091817, 38.325904162612112 ], [ -90.372486085924038, 38.325652557415317 ], [ -90.372594629195973, 38.325461676646746 ], [ -90.372827997330589, 38.325348993119825 ], [ -90.373144788274232, 38.324905195827064 ], [ -90.373094892622433, 38.324779097652971 ], [ -90.372865851879013, 38.324784469937129 ], [ -90.372635349792517, 38.32468066719612 ], [ -90.372521977755994, 38.324352966911619 ], [ -90.372763771306637, 38.324110847939458 ], [ -90.37318363892625, 38.324116057469787 ], [ -90.373308340994484, 38.323839331561672 ], [ -90.373653844099579, 38.323699679781129 ], [ -90.373469962651612, 38.323509595887444 ], [ -90.373316817662655, 38.323112274601073 ], [ -90.37345642647719, 38.32289588256733 ], [ -90.373786185622663, 38.322794962358643 ] ] ], [ [ [ -90.373812409722944, 38.327186202662453 ], [ -90.374089191771489, 38.327017410607908 ], [ -90.374436421197984, 38.327052227160529 ], [ -90.374650697882259, 38.327270257556016 ], [ -90.374606500780857, 38.32754378338003 ], [ -90.37432971778766, 38.327712576614537 ], [ -90.373982485294206, 38.327677759637616 ], [ -90.373768209554569, 38.32745972806218 ], [ -90.373812409722944, 38.327186202662453 ] ] ], [ [ [ -90.374056770460555, 38.329790548566457 ], [ -90.374103132760595, 38.330096439827393 ], [ -90.373833454686533, 38.330318346433991 ], [ -90.374063509353462, 38.330383397447569 ], [ -90.374226055037994, 38.330548785197657 ], [ -90.37423992168695, 38.331126858563813 ], [ -90.374066197738387, 38.33136623891351 ], [ -90.373728464822037, 38.331438744507309 ], [ -90.373486134169895, 38.331353240676805 ], [ -90.373335288430056, 38.331141573298588 ], [ -90.373364990018942, 38.330562791670161 ], [ -90.373634670411235, 38.330340886234417 ], [ -90.373369340954085, 38.330253974707425 ], [ -90.373228160595275, 38.330076832568729 ], [ -90.373147175774776, 38.329752158931008 ], [ -90.373195850746157, 38.329564557038971 ], [ -90.373009072975975, 38.329432769961244 ], [ -90.372940180127856, 38.329266320176373 ], [ -90.373082352981925, 38.328979334187061 ], [ -90.373409426754023, 38.328881103765347 ], [ -90.373728881555053, 38.328993823557674 ], [ -90.373847339263079, 38.329181012539117 ], [ -90.373803986806351, 38.329403719911667 ], [ -90.374012736338656, 38.329566334803744 ], [ -90.374056770460555, 38.329790548566457 ] ] ], [ [ [ -90.372638839857999, 38.327644488556707 ], [ -90.373004019840877, 38.327463897181815 ], [ -90.373397522123653, 38.327602748536719 ], [ -90.37351471473481, 38.328059800962357 ], [ -90.373337520148965, 38.328334428738948 ], [ -90.372999800891151, 38.328406932745381 ], [ -90.372695914203419, 38.328270088962739 ], [ -90.372579652642244, 38.32784838278431 ], [ -90.372638839857999, 38.327644488556707 ] ] ] ] } },
{ "type": "Feature", "properties": { "depth_bin": 27, "survey_id": "UM_SL_ILC_20260820_BD_2", "date": "2026-08-20 00:00:00+00:00", "year": 2026, "mile": 156.0, "bin_order": -27 }, "geometry": { "type": "MultiPolygon", "coordinates": [ [ [ [ -90.373541987995992, 38.324303090234828 ], [ -90.373818759269682, 38.32413429837294 ], [ -90.374203797565812, 38.32418814577516 ], [ -90.374366330542628, 38.324353533001116 ], [ -90.37438838770143, 38.324546409029395 ], [ -90.374690404762546, 38.324719886836469 ], [ -90.374785924662376, 38.324950666688622 ], [ -90.374658281338327, 38.325189631244498 ], [ -90.374663831653947, 38.325430346631251 ], [ -90.374544203614789, 38.325577892881618 ], [ -90.374262016890398, 38.325675396897665 ], [ -90.373947717216609, 38.325603504351108 ], [ -90.373487951446634, 38.325873021801897 ], [ -90.373282680406049, 38.326166437876871 ], [ -90.373458847040169, 38.326393802867585 ], [ -90.373361307320408, 38.326682141550648 ], [ -90.373391336363483, 38.326954441040989 ], [ -90.373522971016072, 38.327206351411803 ], [ -90.373524794961853, 38.327533287099634 ], [ -90.373666815783935, 38.327769372230875 ], [ -90.373498098534625, 38.32807425764527 ], [ -90.37357496439688, 38.328442506576955 ], [ -90.373851781498075, 38.328993601423093 ], [ -90.373852846885598, 38.329178517091286 ], [ -90.374043858376709, 38.329446883253013 ], [ -90.373901688230276, 38.329733870492426 ], [ -90.373574611139446, 38.329832102161944 ], [ -90.373225969705061, 38.329692521277202 ], [ -90.37314529535206, 38.329381802035535 ], [ -90.372843898605666, 38.329009432789448 ], [ -90.372649565558206, 38.328249902193562 ], [ -90.372819212977205, 38.32798036503268 ], [ -90.372633319846273, 38.327764549850741 ], [ -90.372643850639847, 38.327392775254317 ], [ -90.372497956295433, 38.32683696865633 ], [ -90.372601745610183, 38.326619082885387 ], [ -90.372562118504177, 38.326373703658021 ], [ -90.372736516765698, 38.326164443105725 ], [ -90.372570015155588, 38.325971602498292 ], [ -90.37257756795178, 38.325762530180228 ], [ -90.372780437533294, 38.325417556631677 ], [ -90.373163240055717, 38.325208574093594 ], [ -90.373185084476319, 38.324851631304298 ], [ -90.373304713913271, 38.324704086481781 ], [ -90.37351311404133, 38.324615850755066 ], [ -90.373541987995992, 38.324303090234828 ] ] ], [ [ [ -90.373771890164974, 38.326731355352976 ], [ -90.374048670508884, 38.326562563323591 ], [ -90.374395897748727, 38.32659737992001 ], [ -90.374610173045227, 38.32681541035226 ], [ -90.374565976167872, 38.327088936184481 ], [ -90.374289194879324, 38.327257729393814 ], [ -90.373941964572595, 38.327222912373109 ], [ -90.373727690220719, 38.32700488076091 ], [ -90.373771890164974, 38.326731355352976 ] ] ], [ [ [ -90.373356558873553, 38.330121859455026 ], [ -90.373590681478305, 38.329964028098978 ], [ -90.373898772942681, 38.329959016545772 ], [ -90.374140967847154, 38.330109099968723 ], [ -90.374266628941896, 38.330385918519511 ], [ -90.374222427829963, 38.330659443948264 ], [ -90.37392858436192, 38.330831196236218 ], [ -90.374254989537405, 38.330969414275039 ], [ -90.374339193763689, 38.331270252885936 ], [ -90.37421988156018, 38.331536231085316 ], [ -90.373967242253954, 38.331675227324439 ], [ -90.373619991173271, 38.331640408620167 ], [ -90.373405705564423, 38.331422376133062 ], [ -90.373496272185434, 38.331011158582591 ], [ -90.373790117364663, 38.33083940744676 ], [ -90.373560558764368, 38.330774386283295 ], [ -90.373416042517405, 38.330641374628065 ], [ -90.373297371230308, 38.330325753967905 ], [ -90.373356558873553, 38.330121859455026 ] ] ] ] } },
{ "type": "Feature", "properties": { "depth_bin": 28, "survey_id": "UM_SL_ILC_20260820_BD_2", "date": "2026-08-20 00:00:00+00:00", "year": 2026, "mile": 156.0, "bin_order": -28 }, "geometry": { "type": "MultiPolygon", "coordinates": [ [ [ [ -90.373401219599046, 38.32487432742488 ], [ -90.373575424074119, 38.324716485248871 ], [ -90.373831587684052, 38.324661485623032 ], [ -90.374526606517406, 38.324887064487235 ], [ -90.374712717248684, 38.325120589428977 ], [ -90.374668766550798, 38.325590998591728 ], [ -90.374436596216441, 38.325979375383348 ], [ -90.374054699502452, 38.326045703291648 ], [ -90.373766951626649, 38.325882748222803 ], [ -90.373598782207424, 38.325994307240826 ], [ -90.373416526738609, 38.326446218569465 ], [ -90.373234324086127, 38.326546468241254 ], [ -90.372969455019941, 38.326561040950139 ], [ -90.372684066334742, 38.326401393067378 ], [ -90.37253708978109, 38.325974755227797 ], [ -90.372840033387348, 38.325604848053246 ], [ -90.373420200865169, 38.325197632204095 ], [ -90.373401219599046, 38.32487432742488 ] ] ], [ [ [ -90.37377168253623, 38.326991545297737 ], [ -90.374048463906362, 38.326822753311163 ], [ -90.374395692381825, 38.326857569951464 ], [ -90.374609968399554, 38.327075600402942 ], [ -90.374565771306536, 38.327349126218486 ], [ -90.374288988991765, 38.327517919385002 ], [ -90.373941757449359, 38.327483102320421 ], [ -90.373727482376268, 38.327265070688988 ], [ -90.37377168253623, 38.326991545297737 ] ] ], [ [ [ -90.373279146033155, 38.329697551100807 ], [ -90.373315290622713, 38.329646537807648 ], [ -90.373080642677792, 38.32938969332421 ], [ -90.373162758204785, 38.329116804515557 ], [ -90.372921216876563, 38.328990159636668 ], [ -90.372825698419476, 38.328759378428479 ], [ -90.372968796905326, 38.328507739415798 ], [ -90.373295868653372, 38.328409509233346 ], [ -90.373547661922544, 38.328475891748269 ], [ -90.373692174343347, 38.328608903139127 ], [ -90.373736549009479, 38.328815118580501 ], [ -90.373651665083159, 38.328982307653931 ], [ -90.37395890668941, 38.329201141299507 ], [ -90.373912809732616, 38.329527775810107 ], [ -90.374105856425388, 38.329684103668207 ], [ -90.374260624185254, 38.330086093232083 ], [ -90.374227095620043, 38.330293576075981 ], [ -90.374074761493674, 38.330439378905304 ], [ -90.374350336254921, 38.330650632545321 ], [ -90.374374579543442, 38.33103429542674 ], [ -90.374293782945514, 38.331197390870713 ], [ -90.374083817760933, 38.331325428082685 ], [ -90.373733907650063, 38.331317587592181 ], [ -90.373493523392739, 38.331117149554672 ], [ -90.373477130480268, 38.330698676590721 ], [ -90.373657922055514, 38.330485902317193 ], [ -90.373382349998224, 38.330274647137529 ], [ -90.373245614925679, 38.329905033581859 ], [ -90.373279146033155, 38.329697551100807 ] ] ], [ [ [ -90.372590245040371, 38.326832712692202 ], [ -90.372764456146541, 38.32667487200159 ], [ -90.373020627254974, 38.32661987443587 ], [ -90.373272414133453, 38.326686257328817 ], [ -90.373416922662287, 38.326819268949727 ], [ -90.37342964858864, 38.327117875174501 ], [ -90.373585639367235, 38.327279206630678 ], [ -90.373697377088035, 38.327602502880893 ], [ -90.373626411440569, 38.327784438101929 ], [ -90.373667407000084, 38.328082802301857 ], [ -90.37343774145377, 38.328290885903222 ], [ -90.373088555117903, 38.32831009733826 ], [ -90.372824398871586, 38.328129182766801 ], [ -90.37277655065003, 38.327958215255144 ], [ -90.372847518589893, 38.3277762806364 ], [ -90.372707398062204, 38.327467756711812 ], [ -90.372736276617886, 38.3272696660215 ], [ -90.372556713773022, 38.327040195043793 ], [ -90.372590245040371, 38.326832712692202 ] ] ] ] } },
{ "type": "Feature", "properties": { "depth_bin": 29, "survey_id": "UM_SL_ILC_20260820_BD_2", "date": "2026-08-20 00:00:00+00:00", "year": 2026, "mile": 156.0, "bin_order": -29 }, "geometry": { "type": "MultiPolygon", "coordinates": [ [ [ [ -90.373541924642666, 38.324986628080062 ], [ -90.373839032857717, 38.324786318986639 ], [ -90.374259347692501, 38.324862025806326 ], [ -90.374400521243203, 38.325039166569852 ], [ -90.374376896785236, 38.325280695374786 ], [ -90.374605539535182, 38.325345659353083 ], [ -90.374750048075526, 38.32547866934847 ], [ -90.374812445553914, 38.32584769085441 ], [ -90.374672834504509, 38.326064084348005 ], [ -90.374390646009459, 38.326161588605082 ], [ -90.374131812618515, 38.326114968880624 ], [ -90.37383924489535, 38.325901221224278 ], [ -90.373550360957793, 38.326717187944759 ], [ -90.37366865322619, 38.327304952876361 ], [ -90.373478126800265, 38.327495730494938 ], [ -90.37317720639895, 38.327547990613105 ], [ -90.372825654148571, 38.327351333680056 ], [ -90.37260793183718, 38.326661924035314 ], [ -90.372786484709508, 38.326323957671626 ], [ -90.372803106358049, 38.325971283283778 ], [ -90.373217712987781, 38.325378020282884 ], [ -90.373529049759725, 38.325255189449429 ], [ -90.373541924642666, 38.324986628080062 ] ] ], [ [ [ -90.373785141781909, 38.327637723731179 ], [ -90.374039590164529, 38.3274483737964 ], [ -90.374389481757447, 38.327456212710487 ], [ -90.3746298570682, 38.327656648675344 ], [ -90.374619907267785, 38.327932269898021 ], [ -90.374365458556994, 38.328121621072874 ], [ -90.374015563771692, 38.32811378197286 ], [ -90.373775188789111, 38.327913344767914 ], [ -90.373785141781909, 38.327637723731179 ] ] ], [ [ [ -90.37315988104551, 38.32902015990669 ], [ -90.373332776049779, 38.328863045054156 ], [ -90.373071775317413, 38.328836407001354 ], [ -90.372871398005259, 38.328699174159738 ], [ -90.372758581123875, 38.328107032586033 ], [ -90.372901678422153, 38.327855393592429 ], [ -90.373228747263383, 38.327757163485373 ], [ -90.373480538237473, 38.327823546067798 ], [ -90.373643077160779, 38.327988934438338 ], [ -90.37361925460803, 38.328286050441122 ], [ -90.373712427149968, 38.328553117657101 ], [ -90.373503233231602, 38.328812015525465 ], [ -90.373804244965356, 38.32885467125179 ], [ -90.373986583698539, 38.329006713038481 ], [ -90.373996108287486, 38.329311785965473 ], [ -90.37415842864101, 38.329530564040766 ], [ -90.37413167151017, 38.329724378010816 ], [ -90.374385306688055, 38.330198845991426 ], [ -90.374361441924137, 38.33044085413534 ], [ -90.374148086559273, 38.330616003183771 ], [ -90.373798889081584, 38.330635216335068 ], [ -90.373534722858381, 38.330454303062773 ], [ -90.373394474600715, 38.330065015387582 ], [ -90.373421233865756, 38.32987120167116 ], [ -90.373256585624347, 38.329650979083006 ], [ -90.373288667516306, 38.32944642155671 ], [ -90.373126350024023, 38.329227642374093 ], [ -90.37315988104551, 38.32902015990669 ] ] ] ] } },
{ "type": "Feature", "properties": { "depth_bin": 30, "survey_id": "UM_SL_ILC_20260820_BD_2", "date": "2026-08-20 00:00:00+00:00", "year": 2026, "mile": 156.0, "bin_order": -30 }, "geometry": { "type": "MultiPolygon", "coordinates": [ [ [ [ -90.373484023384478, 38.32526792794652 ], [ -90.373824960167894, 38.325060007185265 ], [ -90.374088343976297, 38.325086417732763 ], [ -90.374263014788525, 38.325194664111351 ], [ -90.374352286206857, 38.325354992236484 ], [ -90.374323655501087, 38.325552594206883 ], [ -90.3745836274487, 38.325706613314161 ], [ -90.374768885473273, 38.326107640883208 ], [ -90.374735360843147, 38.326315124116881 ], [ -90.374597948606905, 38.326452723000365 ], [ -90.374394420415555, 38.326523047370166 ], [ -90.374131031280598, 38.32649663732569 ], [ -90.373930658058129, 38.326359406406908 ], [ -90.373815137957081, 38.32609667166183 ], [ -90.373568102613646, 38.326081248920488 ], [ -90.373351621112022, 38.325960149125343 ], [ -90.373259580761342, 38.325694120027862 ], [ -90.373484023384478, 38.32526792794652 ] ] ], [ [ [ -90.37340112422477, 38.329598933694022 ], [ -90.373742082264855, 38.329391014050273 ], [ -90.374150978783533, 38.32949881178714 ], [ -90.37443282324277, 38.330035557582114 ], [ -90.374295974135407, 38.330357650394298 ], [ -90.373968894657636, 38.330455883073789 ], [ -90.373649433151158, 38.330343163717025 ], [ -90.373377256507837, 38.329840941548944 ], [ -90.37340112422477, 38.329598933694022 ] ] ], [ [ [ -90.372738229806686, 38.326910449566093 ], [ -90.372992678129222, 38.326721101890982 ], [ -90.373342565931708, 38.32672894380336 ], [ -90.373542938963908, 38.326866175717107 ], [ -90.373793070696422, 38.327247452260778 ], [ -90.373791764202608, 38.327786362704316 ], [ -90.373604148549688, 38.328002896295295 ], [ -90.373737916436909, 38.32817443733515 ], [ -90.37371593038155, 38.328412650727728 ], [ -90.373896462618887, 38.328872326355423 ], [ -90.373787917083831, 38.329063208170624 ], [ -90.373563036592842, 38.329174417276278 ], [ -90.373142697949945, 38.329098707137831 ], [ -90.372926606355321, 38.328740408567946 ], [ -90.372948595150504, 38.328502195432002 ], [ -90.372842982641998, 38.328223674873684 ], [ -90.373038446654974, 38.327972332551909 ], [ -90.372895018268551, 38.327766265426995 ], [ -90.372895242002059, 38.327353690212185 ], [ -90.372714361291628, 38.32715245733786 ], [ -90.372738229806686, 38.326910449566093 ] ] ] ] } },
{ "type": "Feature", "properties": { "depth_bin": 31, "survey_id": "UM_SL_ILC_20260820_BD_2", "date": "2026-08-20 00:00:00+00:00", "year": 2026, "mile": 156.0, "bin_order": -31 }, "geometry": { "type": "MultiPolygon", "coordinates": [ [ [ [ -90.373891998556786, 38.325502550356731 ], [ -90.374312317556104, 38.325578257128839 ], [ -90.374439580138699, 38.325721784974895 ], [ -90.374458083275997, 38.325930433625125 ], [ -90.374216288762725, 38.326172556012686 ], [ -90.373856434209415, 38.32618848762651 ], [ -90.37372037045985, 38.326635798724332 ], [ -90.373823948661794, 38.326975735833798 ], [ -90.373785100378683, 38.327148113522576 ], [ -90.37357175381095, 38.32732326190677 ], [ -90.373265780524278, 38.327352036202917 ], [ -90.372980388141244, 38.327192388926449 ], [ -90.37281935350866, 38.326759035944178 ], [ -90.372954228982721, 38.326090158574537 ], [ -90.373285558758184, 38.325575132704394 ], [ -90.373489085203474, 38.32550481019431 ], [ -90.373891998556786, 38.325502550356731 ] ] ], [ [ [ -90.372946695465558, 38.327959558948237 ], [ -90.372933909976879, 38.327764714685813 ], [ -90.373034610073219, 38.327608643698319 ], [ -90.373437497991858, 38.327487641328453 ], [ -90.373712200323084, 38.327597622710101 ], [ -90.373836422959172, 38.327836949350782 ], [ -90.374105953726769, 38.327747985130991 ], [ -90.37440261747787, 38.327813635636147 ], [ -90.374547130277733, 38.327946645994587 ], [ -90.374591507092802, 38.328152861205538 ], [ -90.374482964529761, 38.328343743790001 ], [ -90.374258087314885, 38.328454954360481 ], [ -90.37395086202676, 38.328436155625148 ], [ -90.373743185712712, 38.328288682944105 ], [ -90.37354549642788, 38.328404435403833 ], [ -90.373324811386937, 38.328425188636068 ], [ -90.372995224119336, 38.328259361205163 ], [ -90.372946695465558, 38.327959558948237 ] ] ], [ [ [ -90.373148465062386, 38.328869443111365 ], [ -90.373402919521567, 38.328680094809876 ], [ -90.373752816857632, 38.328687935834878 ], [ -90.37399319421398, 38.328888373151798 ], [ -90.373983241563295, 38.329163994175673 ], [ -90.373728786775857, 38.329353343717301 ], [ -90.373378886247238, 38.329345502506314 ], [ -90.373138509219132, 38.329145063949262 ], [ -90.373148465062386, 38.328869443111365 ] ] ], [ [ [ -90.373481136588083, 38.329748268982328 ], [ -90.37371080686205, 38.329540185503248 ], [ -90.374059999069644, 38.329520972423168 ], [ -90.374324163411003, 38.329701884461741 ], [ -90.37434855621045, 38.329976946686074 ], [ -90.37411888623744, 38.33018503141777 ], [ -90.37376969083445, 38.3302042445574 ], [ -90.373505526192147, 38.330023331266204 ], [ -90.373481136588083, 38.329748268982328 ] ] ] ] } },
{ "type": "Feature", "properties": { "depth_bin": 32, "survey_id": "UM_SL_ILC_20260820_BD_2", "date": "2026-08-20 00:00:00+00:00", "year": 2026, "mile": 156.0, "bin_order": -32 }, "geometry": { "type": "MultiPolygon", "coordinates": [ [ [ [ -90.37343543920646, 38.32566170428013 ], [ -90.373793570298744, 38.325537962019816 ], [ -90.374328832547306, 38.325704631615018 ], [ -90.374514944566258, 38.325938156894146 ], [ -90.374436926813303, 38.326206953081616 ], [ -90.374140479033457, 38.326353562559291 ], [ -90.373827923379196, 38.32630652577533 ], [ -90.373516057556813, 38.326394513264646 ], [ -90.37326427142068, 38.326328130920785 ], [ -90.37310173688482, 38.326162742147027 ], [ -90.373083237632812, 38.32595409342774 ], [ -90.373183934682316, 38.325798022166971 ], [ -90.37343543920646, 38.32566170428013 ] ] ], [ [ [ -90.373169707211076, 38.328778489244051 ], [ -90.372974099627669, 38.328507756989474 ], [ -90.373019649349857, 38.328224390886042 ], [ -90.373140921627751, 38.328075743220268 ], [ -90.373116465486319, 38.327800585220679 ], [ -90.373346130285398, 38.327592502211026 ], [ -90.373695313139095, 38.327573289879695 ], [ -90.373991410205775, 38.327820192335054 ], [ -90.37398386091462, 38.328029264816912 ], [ -90.37386259039323, 38.328177913421193 ], [ -90.373868128437508, 38.328585521962012 ], [ -90.374034843092474, 38.32875300951109 ], [ -90.374027335155901, 38.329023695969759 ], [ -90.374366290401113, 38.329560334961592 ], [ -90.374332762465244, 38.329767817871982 ], [ -90.374158546827275, 38.329925660676523 ], [ -90.373813424862448, 38.329971742281487 ], [ -90.37352802124542, 38.329812095990498 ], [ -90.373264490907928, 38.329374043680495 ], [ -90.373285914194199, 38.329136970402594 ], [ -90.373166247517602, 38.328976087655676 ], [ -90.373169707211076, 38.328778489244051 ] ] ], [ [ [ -90.372901344364564, 38.326687893687669 ], [ -90.373155791470012, 38.326498545608523 ], [ -90.373505678248364, 38.326506386996058 ], [ -90.373746048027371, 38.326706824603349 ], [ -90.373736095218376, 38.326982445675249 ], [ -90.373481647784672, 38.327171794994442 ], [ -90.373131757814093, 38.3271639534209 ], [ -90.372891388363342, 38.326963514573585 ], [ -90.372901344364564, 38.326687893687669 ] ] ] ] } },
{ "type": "Feature", "properties": { "depth_bin": 33, "survey_id": "UM_SL_ILC_20260820_BD_2", "date": "2026-08-20 00:00:00+00:00", "year": 2026, "mile": 156.0, "bin_order": -33 }, "geometry": { "type": "Polygon", "coordinates": [ [ [ -90.373378487551591, 38.325796969228655 ], [ -90.373603357555666, 38.325685760054569 ], [ -90.373868761436313, 38.325691707119113 ], [ -90.374443038494235, 38.32590290006241 ], [ -90.374599198326862, 38.326149671024716 ], [ -90.374540018012979, 38.326353566530777 ], [ -90.374347010180912, 38.326497199046898 ], [ -90.373824804310701, 38.326480213196291 ], [ -90.37389693853082, 38.326745367919962 ], [ -90.37379171326269, 38.326964696449195 ], [ -90.373879105955226, 38.32715200980536 ], [ -90.373814178499089, 38.327362989189844 ], [ -90.373988137395486, 38.327769749694141 ], [ -90.373881810030085, 38.327990180382173 ], [ -90.373947848422333, 38.328186668985381 ], [ -90.373854856063559, 38.328393746325723 ], [ -90.374016299618006, 38.328678563184859 ], [ -90.373873204314265, 38.328930203588911 ], [ -90.373591003507613, 38.329027705438484 ], [ -90.373294335716579, 38.328962052738191 ], [ -90.373117883295578, 38.328763050829522 ], [ -90.373194968878408, 38.328450996815128 ], [ -90.373039775504523, 38.328236630983064 ], [ -90.373139859243835, 38.327945749137456 ], [ -90.373029510890845, 38.327638522259406 ], [ -90.373094440891919, 38.327427543409449 ], [ -90.372966652272922, 38.327202213468063 ], [ -90.37307095400412, 38.326947538901969 ], [ -90.372938061524749, 38.32662594849517 ], [ -90.372978112774746, 38.326227047840412 ], [ -90.373378487551591, 38.325796969228655 ] ] ] } },
{ "type": "Feature", "properties": { "depth_bin": 34, "survey_id": "UM_SL_ILC_20260820_BD_2", "date": "2026-08-20 00:00:00+00:00", "year": 2026, "mile": 156.0, "bin_order": -34 }, "geometry": { "type": "MultiPolygon", "coordinates": [ [ [ [ -90.37348299055094, 38.325922012898452 ], [ -90.37378010289234, 38.325721704126387 ], [ -90.374200423005902, 38.325797411338819 ], [ -90.374355419891344, 38.326100714644753 ], [ -90.374584257509127, 38.326184331509005 ], [ -90.374711521637664, 38.326327859103699 ], [ -90.374737870159862, 38.326501697509336 ], [ -90.374629330690098, 38.326692580380012 ], [ -90.374404458937704, 38.32680379145112 ], [ -90.373902773971182, 38.326871087715205 ], [ -90.373402207660732, 38.326840700844031 ], [ -90.373204082228654, 38.326761376918348 ], [ -90.373076820462117, 38.32661784777504 ], [ -90.373058321241686, 38.326409199064763 ], [ -90.37348299055094, 38.325922012898452 ] ] ], [ [ [ -90.374136308855867, 38.327591354386932 ], [ -90.37446824648616, 38.327678864138676 ], [ -90.374625336983101, 38.327960982038334 ], [ -90.37448224530155, 38.328212623340526 ], [ -90.374101915351801, 38.328306928368818 ], [ -90.374062900800212, 38.328409818233737 ], [ -90.373985329536879, 38.32871871131065 ], [ -90.374284654195961, 38.329062722611518 ], [ -90.374417636189904, 38.329476945042892 ], [ -90.37427454051543, 38.329728585899964 ], [ -90.373947463892478, 38.329826818629684 ], [ -90.373598821702501, 38.329687238829813 ], [ -90.373301191782076, 38.329118205168648 ], [ -90.373377968143657, 38.328806460341305 ], [ -90.373169936133593, 38.328561906047604 ], [ -90.373264339745489, 38.327831111064931 ], [ -90.373072867359383, 38.327490145549298 ], [ -90.373096734861008, 38.327248137678055 ], [ -90.373351183527802, 38.327058789242869 ], [ -90.373701073054434, 38.327066630143747 ], [ -90.373901447693044, 38.327203861494894 ], [ -90.374136308855867, 38.327591354386932 ] ] ] ] } },
{ "type": "Feature", "properties": { "depth_bin": 35, "survey_id": "UM_SL_ILC_20260820_BD_2", "date": "2026-08-20 00:00:00+00:00", "year": 2026, "mile": 156.0, "bin_order": -35 }, "geometry": { "type": "Polygon", "coordinates": [ [ [ -90.37353928385015, 38.326097547202494 ], [ -90.373729806243844, 38.325906769306179 ], [ -90.374074908796672, 38.325860687227468 ], [ -90.374491786991115, 38.32603556054854 ], [ -90.374647947251958, 38.32628233145703 ], [ -90.374505786361581, 38.32656931987659 ], [ -90.374093011755718, 38.326689022089525 ], [ -90.374141666966764, 38.326901243724961 ], [ -90.373998213288075, 38.327120224051995 ], [ -90.374013315679917, 38.327347809531034 ], [ -90.374261960037245, 38.327920766121991 ], [ -90.374185065778605, 38.328188172040257 ], [ -90.374243452600396, 38.32861973156642 ], [ -90.374069322882264, 38.328978739577501 ], [ -90.373756047603536, 38.329101752080867 ], [ -90.373459379340844, 38.329036099783124 ], [ -90.373282926285512, 38.328837098102618 ], [ -90.373404942421672, 38.328146191656494 ], [ -90.373323041323005, 38.32779539309189 ], [ -90.373166783233231, 38.327608904354719 ], [ -90.373078946602945, 38.327096914424089 ], [ -90.373079453095443, 38.326825114119515 ], [ -90.373255931139411, 38.326405734473298 ], [ -90.37353928385015, 38.326097547202494 ] ] ] } },
{ "type": "Feature", "properties": { "depth_bin": 36, "survey_id": "UM_SL_ILC_20260820_BD_2", "date": "2026-08-20 00:00:00+00:00", "year": 2026, "mile": 156.0, "bin_order": -36 }, "geometry": { "type": "Polygon", "coordinates": [ [ [ -90.373622898726779, 38.326294255917553 ], [ -90.373836242012757, 38.326119107299697 ], [ -90.374142209941539, 38.326090331313388 ], [ -90.374372718705288, 38.326194131304675 ], [ -90.374496494699287, 38.326416424728698 ], [ -90.374437313839792, 38.326620320156408 ], [ -90.374207545869425, 38.326847369657607 ], [ -90.374297347996531, 38.327037398989702 ], [ -90.374157850190556, 38.3273221980796 ], [ -90.374238790651233, 38.32761936017647 ], [ -90.37397925891041, 38.32786760798102 ], [ -90.374182686716253, 38.32798469227329 ], [ -90.374271961024363, 38.328145020507947 ], [ -90.374218098542769, 38.328384020815413 ], [ -90.373970277421293, 38.328545373590501 ], [ -90.37419639451241, 38.328714591780653 ], [ -90.374232925554892, 38.328955617233156 ], [ -90.374067052415427, 38.32916018770262 ], [ -90.373818950170289, 38.329234701896439 ], [ -90.373487006431091, 38.329147190098276 ], [ -90.373330844609356, 38.328900417670624 ], [ -90.373414190189933, 38.328666727723601 ], [ -90.373637853640759, 38.328535171572412 ], [ -90.373433708188713, 38.328396781491001 ], [ -90.373363888705853, 38.328194985045371 ], [ -90.373448159777823, 38.327996641903169 ], [ -90.373634745021462, 38.327876680395057 ], [ -90.373405618606768, 38.327730610813184 ], [ -90.373242202027413, 38.327347445312881 ], [ -90.373436806022085, 38.326894985279068 ], [ -90.373369539922265, 38.326565513421265 ], [ -90.373622898726779, 38.326294255917553 ] ] ] } },
{ "type": "Feature", "properties": { "depth_bin": 37, "survey_id": "UM_SL_ILC_20260820_BD_2", "date": "2026-08-20 00:00:00+00:00", "year": 2026, "mile": 156.0, "bin_order": -37 }, "geometry": { "type": "MultiPolygon", "coordinates": [ [ [ [ -90.373599339316812, 38.326491452312162 ], [ -90.373773547457731, 38.326333610004347 ], [ -90.374074462440817, 38.326281348148392 ], [ -90.374483497046768, 38.326396640894309 ], [ -90.374669611220042, 38.32663016598449 ], [ -90.374636085980839, 38.326837649154328 ], [ -90.374322155384135, 38.327210818521571 ], [ -90.373779708707815, 38.327502952904844 ], [ -90.373438482094386, 38.327441491846237 ], [ -90.373252370063298, 38.327207964896374 ], [ -90.373269583868606, 38.327033417838066 ], [ -90.373599339316812, 38.326491452312162 ] ] ], [ [ [ -90.373505746216708, 38.327964534129549 ], [ -90.373659479095878, 38.327794001132787 ], [ -90.373952448315393, 38.327718757040714 ], [ -90.374239514375105, 38.327806997498897 ], [ -90.374380693180569, 38.327984138410251 ], [ -90.374369335941438, 38.328512053836924 ], [ -90.374181930359555, 38.328728472559767 ], [ -90.374349007748691, 38.328896141662476 ], [ -90.374367510905785, 38.329104790245395 ], [ -90.3742357369091, 38.329286372680528 ], [ -90.374041930905847, 38.329372072397533 ], [ -90.373694690717301, 38.329337254296441 ], [ -90.373480411267181, 38.329119222105099 ], [ -90.373487962299436, 38.328910149746648 ], [ -90.373663231333126, 38.3287277689777 ], [ -90.37347258064959, 38.328491960656223 ], [ -90.373505746216708, 38.327964534129549 ] ] ] ] } },
{ "type": "Feature", "properties": { "depth_bin": 38, "survey_id": "UM_SL_ILC_20260820_BD_2", "date": "2026-08-20 00:00:00+00:00", "year": 2026, "mile": 156.0, "bin_order": -38 }, "geometry": { "type": "Polygon", "coordinates": [ [ [ -90.373633682697132, 38.326660840116482 ], [ -90.373824206414042, 38.326470062127221 ], [ -90.374125121938832, 38.326417800161195 ], [ -90.37439982145429, 38.32652777984034 ], [ -90.374523598041932, 38.326750073247759 ], [ -90.374415979101784, 38.327008076318513 ], [ -90.374510456262527, 38.327323654010321 ], [ -90.374331778370717, 38.327692221953633 ], [ -90.374438601525824, 38.327933403644103 ], [ -90.374423604570794, 38.328356354966459 ], [ -90.374290917971081, 38.328538553866139 ], [ -90.374359179654292, 38.328821415394124 ], [ -90.374193307187994, 38.329025986070349 ], [ -90.373945205522915, 38.329100500554247 ], [ -90.373613262214548, 38.329012989128643 ], [ -90.373457100216356, 38.328766216859215 ], [ -90.373600184182493, 38.328478613790722 ], [ -90.373521530806897, 38.32830115712941 ], [ -90.373581222717803, 38.328096637240485 ], [ -90.373385008676237, 38.32769733847789 ], [ -90.373478291360556, 38.327489971108875 ], [ -90.373434167024769, 38.327238285849134 ], [ -90.373640960945167, 38.326905170754131 ], [ -90.373633682697132, 38.326660840116482 ] ] ] } },
{ "type": "Feature", "properties": { "depth_bin": 39, "survey_id": "UM_SL_ILC_20260820_BD_2", "date": "2026-08-20 00:00:00+00:00", "year": 2026, "mile": 156.0, "bin_order": -39 }, "geometry": { "type": "MultiPolygon", "coordinates": [ [ [ [ -90.373532502489269, 38.327576486206368 ], [ -90.373782149250175, 38.32729955540389 ], [ -90.374213151423973, 38.327309212293201 ], [ -90.374427428127845, 38.327527243091708 ], [ -90.37440427296994, 38.327949353427407 ], [ -90.37412748793578, 38.328118146101225 ], [ -90.373780253647581, 38.328083328460835 ], [ -90.373579889744562, 38.327898909489605 ], [ -90.373532502489269, 38.327576486206368 ] ] ], [ [ [ -90.373537356036678, 38.328480799358594 ], [ -90.37374002397992, 38.328255985000425 ], [ -90.374085137768475, 38.328209903308654 ], [ -90.374370536599926, 38.328369548099239 ], [ -90.374429038359011, 38.328641402479484 ], [ -90.37422637133426, 38.328866218054543 ], [ -90.373881254470632, 38.328912300049076 ], [ -90.373595854720662, 38.328752654041608 ], [ -90.373537356036678, 38.328480799358594 ] ] ] ] } },
{ "type": "Feature", "properties": { "depth_bin": 40, "survey_id": "UM_SL_ILC_20260820_BD_2", "date": "2026-08-20 00:00:00+00:00", "year": 2026, "mile": 156.0, "bin_order": -40 }, "geometry": { "type": "Polygon", "coordinates": [ [ [ -90.373508340451394, 38.328863093896466 ], [ -90.373651436847041, 38.328611453976229 ], [ -90.37397850825765, 38.328513221872782 ], [ -90.374297962447173, 38.328625940092991 ], [ -90.374422668916083, 38.328883580545217 ], [ -90.374279574545852, 38.329135221473862 ], [ -90.373952500645672, 38.329233454322718 ], [ -90.373633044430761, 38.329120735094115 ], [ -90.373508340451394, 38.328863093896466 ] ] ] } }
]
}
