{
"type": "FeatureCollection",
"name": "LM_15_CVB_20190316_CS_MB_5948_5942_depth",
"crs": { "type": "name", "properties": { "name": "urn:ogc:def:crs:EPSG::26915" } },
"features": [
{ "type": "Feature", "properties": { "depth_bin": "105-110" }, "geometry": { "type": "Polygon", "coordinates": [ [ [ 683433.046990739065222, 3755009.89603730943054 ], [ 683406.128266354324296, 3755011.218469438143075 ], [ 683386.613723333459347, 3755027.434764951001853 ], [ 683379.832921666791663, 3755051.181083943229169 ], [ 683387.17431199143175, 3755081.232932379934937 ], [ 683429.979320756625384, 3755129.492653387133032 ], [ 683474.438600616413169, 3755136.312101123388857 ], [ 683498.104064100189134, 3755116.890357166994363 ], [ 683502.707510210690089, 3755083.415667060762644 ], [ 683454.211231708875857, 3755023.05515736527741 ], [ 683433.046990739065222, 3755009.89603730943054 ] ] ] } },
{ "type": "Feature", "properties": { "depth_bin": "110-115" }, "geometry": { "type": "Polygon", "coordinates": [ [ [ 683337.13342520815786, 3754965.002876196056604 ], [ 683328.246454275795259, 3754986.457921949680895 ], [ 683332.028385747922584, 3755028.578168621752411 ], [ 683356.99787586776074, 3755072.678484614007175 ], [ 683401.223557187593542, 3755117.830302369780838 ], [ 683525.666404181625694, 3755216.234778630547225 ], [ 683554.537002587807365, 3755220.923666692338884 ], [ 683585.034319124766625, 3755208.035390129778534 ], [ 683596.750047877314501, 3755179.751118882093579 ], [ 683587.120159974438138, 3755151.355091246776283 ], [ 683525.116911916178651, 3755099.917317547369748 ], [ 683420.397578343865462, 3754974.915781296789646 ], [ 683376.545056624920107, 3754950.689975279383361 ], [ 683352.746506048133597, 3754953.423426262103021 ], [ 683337.13342520815786, 3754965.002876196056604 ] ] ] } },
{ "type": "Feature", "properties": { "depth_bin": "115-120" }, "geometry": { "type": "Polygon", "coordinates": [ [ [ 683299.224262726376764, 3754898.462567928247154 ], [ 683290.337291794014163, 3754927.758984907995909 ], [ 683299.224262726376764, 3754949.2140306616202 ], [ 683318.572985551552847, 3754963.162252060137689 ], [ 683315.549933863454498, 3755021.439339660573751 ], [ 683353.381640763487667, 3755081.522717273794115 ], [ 683451.578150144661777, 3755172.009157289285213 ], [ 683513.517905595595948, 3755214.394568838179111 ], [ 683551.371218661195599, 3755225.415024393238127 ], [ 683588.041753594530746, 3755209.638075838331133 ], [ 683599.564871413982473, 3755185.27449020370841 ], [ 683591.690692707663402, 3755151.473853221628815 ], [ 683514.531211625086144, 3755080.650613189209253 ], [ 683395.408390302676708, 3754939.202012863941491 ], [ 683373.027721755439416, 3754927.97303300909698 ], [ 683361.475969861610793, 3754895.633197989314795 ], [ 683330.144680860918015, 3754883.838299294933677 ], [ 683299.224262726376764, 3754898.462567928247154 ] ] ] } },
{ "type": "Feature", "properties": { "depth_bin": "120-125" }, "geometry": { "type": "Polygon", "coordinates": [ [ [ 683294.80730914871674, 3754877.461453112307936 ], [ 683276.823234470793977, 3754895.366358045488596 ], [ 683272.868673828663304, 3754922.025840399321169 ], [ 683290.194467268767767, 3754955.442174676340073 ], [ 683306.128631307510659, 3755027.905207415111363 ], [ 683349.740827916772105, 3755104.296184176113456 ], [ 683381.32548478723038, 3755117.13951760949567 ], [ 683490.823596168891527, 3755207.706716424785554 ], [ 683586.956171405967325, 3755246.308136321138591 ], [ 683593.512879010289907, 3755264.775200984906405 ], [ 683616.779747396241874, 3755288.731351547408849 ], [ 683644.08724935632199, 3755294.904165953863412 ], [ 683668.450834990595467, 3755283.3810481345281 ], [ 683681.537052578991279, 3755257.533538904506713 ], [ 683672.689669721061364, 3755226.71361023420468 ], [ 683652.160262421006337, 3755204.802148410584778 ], [ 683627.468622110201977, 3755198.01016179472208 ], [ 683588.358452318003401, 3755140.881445778999478 ], [ 683519.703191307024099, 3755080.860149972140789 ], [ 683391.879725996870548, 3754931.107511791400611 ], [ 683358.78521627408918, 3754881.842448255512863 ], [ 683331.414197765290737, 3754868.716651907190681 ], [ 683294.80730914871674, 3754877.461453112307936 ] ] ] } },
{ "type": "Feature", "properties": { "depth_bin": "125-130" }, "geometry": { "type": "MultiPolygon", "coordinates": [ [ [ [ 683284.498911712551489, 3754863.472778925672174 ], [ 683264.836506533320062, 3754884.926216076593846 ], [ 683262.164428441552445, 3754923.272252267226577 ], [ 683295.226553888525814, 3755036.769160063937306 ], [ 683331.498303958214819, 3755102.297638449817896 ], [ 683396.932006984832697, 3755140.607625569682568 ], [ 683476.831570627633482, 3755203.888026242144406 ], [ 683547.976491919951513, 3755233.225594513118267 ], [ 683565.612056181533262, 3755245.449491321574897 ], [ 683572.183718657353893, 3755264.220969388727099 ], [ 683588.070557064958848, 3755278.838109979405999 ], [ 683630.112243446521461, 3755296.269325199071318 ], [ 683654.785386106697842, 3755294.9770782077685 ], [ 683671.458270263974555, 3755284.983736026100814 ], [ 683684.776686918805353, 3755253.692029455211014 ], [ 683674.292357523576356, 3755223.706174894701689 ], [ 683649.496253428165801, 3755196.31758233718574 ], [ 683629.099962223204784, 3755187.587662806268781 ], [ 683592.968572503421456, 3755139.476696643978357 ], [ 683521.875525173963979, 3755078.803120197728276 ], [ 683363.316158090136014, 3754883.484711700584739 ], [ 683328.796600543311797, 3754856.257755054626614 ], [ 683284.498911712551489, 3754863.472778925672174 ] ] ], [ [ [ 683697.130703798262402, 3755324.012177363038063 ], [ 683694.129940942977555, 3755354.479433926288038 ], [ 683713.11300067033153, 3755380.776646762620658 ], [ 683743.139422871754505, 3755386.749273486901075 ], [ 683768.594594483263791, 3755369.740671591367573 ], [ 683774.685990642406978, 3755335.143611803650856 ], [ 683757.677388747106306, 3755309.688440192490816 ], [ 683724.603941491572186, 3755303.636635619681329 ], [ 683697.130703798262402, 3755324.012177363038063 ] ] ] ] } },
{ "type": "Feature", "properties": { "depth_bin": "130-135" }, "geometry": { "type": "Polygon", "coordinates": [ [ [ 683223.806008036946878, 3754789.857267029583454 ], [ 683212.858868068316951, 3754810.337925396393985 ], [ 683215.155571334413253, 3754853.19276253413409 ], [ 683204.56590025848709, 3754876.526448396034539 ], [ 683211.675105297239497, 3754912.022564962040633 ], [ 683224.576987359905615, 3754931.33159600617364 ], [ 683262.909784130519256, 3754951.009695657994598 ], [ 683271.246271809563041, 3755020.900699725840241 ], [ 683319.641829941305332, 3755102.198595831636339 ], [ 683338.726994527503848, 3755121.023420121520758 ], [ 683387.711774997645989, 3755143.417123994324356 ], [ 683446.598889182438143, 3755193.955220024567097 ], [ 683508.232538931653835, 3755225.41443440830335 ], [ 683542.124382954323664, 3755272.664456154219806 ], [ 683564.765538964304142, 3755284.094132908154279 ], [ 683603.474698804784566, 3755288.990376599133015 ], [ 683645.013983016368002, 3755316.906741851009429 ], [ 683669.024802176398225, 3755321.605512210167944 ], [ 683677.427648697630502, 3755355.422257188241929 ], [ 683699.255902227130719, 3755379.684670088812709 ], [ 683729.554709814139642, 3755397.430840341374278 ], [ 683757.393267900682986, 3755436.810884846840054 ], [ 683783.536762834643014, 3755443.359489421825856 ], [ 683804.991808588034473, 3755434.472518489230424 ], [ 683817.893690650700592, 3755415.163487445097417 ], [ 683817.893690650700592, 3755391.940713264513761 ], [ 683772.469047836144455, 3755317.72984902234748 ], [ 683738.85093893983867, 3755295.010744992177933 ], [ 683706.279729746282101, 3755288.626569287851453 ], [ 683703.872057597036473, 3755266.401730673387647 ], [ 683675.895045286393724, 3755220.698739495128393 ], [ 683633.156455800053664, 3755184.454098371788859 ], [ 683594.571258018026128, 3755136.469261905178428 ], [ 683549.017937397002243, 3755102.686727205757052 ], [ 683468.652182594756596, 3755014.914023194462061 ], [ 683406.097521733026952, 3754925.549877672921866 ], [ 683330.788484839373268, 3754844.526027170009911 ], [ 683306.407566749723628, 3754833.002057861536741 ], [ 683283.461150851100683, 3754788.412926796358079 ], [ 683253.653371422318742, 3754776.657614081632346 ], [ 683223.806008036946878, 3754789.857267029583454 ] ] ] } },
{ "type": "Feature", "properties": { "depth_bin": "135-140" }, "geometry": { "type": "Polygon", "coordinates": [ [ [ 683170.019585542147979, 3754650.997027543839067 ], [ 683140.211806879378855, 3754662.673173510469496 ], [ 683115.866803696611896, 3754694.518770812544972 ], [ 683111.143654270563275, 3754713.374640285503119 ], [ 683122.85938302311115, 3754741.658911533188075 ], [ 683188.588773719617166, 3754783.914090579841286 ], [ 683194.879804397467524, 3754841.117560166399926 ], [ 683168.218674187897705, 3754866.257100893184543 ], [ 683158.345961608807556, 3754895.144608894828707 ], [ 683174.494207884534262, 3754938.350518884602934 ], [ 683196.107280714903027, 3754951.829533370677382 ], [ 683215.917387043009512, 3754977.574701650999486 ], [ 683248.951827338081785, 3754989.184248094912618 ], [ 683251.516211461275816, 3755026.942046130541712 ], [ 683329.321590072126128, 3755124.620741438586265 ], [ 683469.422376838396303, 3755213.098403007723391 ], [ 683538.721066457917914, 3755286.29697874840349 ], [ 683575.631702224374749, 3755309.067271531559527 ], [ 683635.814565188484266, 3755322.630281011108309 ], [ 683679.667904276167974, 3755373.566019927151501 ], [ 683709.416186414309777, 3755393.654356612823904 ], [ 683737.541011090856045, 3755434.527091802097857 ], [ 683771.994964180048555, 3755461.582989015150815 ], [ 683797.264899636385962, 3755468.403386573772877 ], [ 683822.64063100295607, 3755459.323804708197713 ], [ 683835.542513065622188, 3755440.014773664064705 ], [ 683835.542513065622188, 3755416.79199948348105 ], [ 683777.0791746142786, 3755316.325103167910129 ], [ 683731.428958284202963, 3755270.100196957122535 ], [ 683709.652979502920061, 3755261.197459595743567 ], [ 683676.385097865597345, 3755214.822352137882262 ], [ 683578.386478453176096, 3755116.718207535333931 ], [ 683551.636819643899798, 3755101.901451712474227 ], [ 683471.560082513140514, 3755013.171532895881683 ], [ 683410.668049621861428, 3754925.668633364606649 ], [ 683318.657131094951183, 3754822.405527481343597 ], [ 683329.174477793159895, 3754787.747717852704227 ], [ 683314.802261498989537, 3754755.687422329094261 ], [ 683285.338889619801193, 3754738.408646794501692 ], [ 683250.943252772907726, 3754739.98268487257883 ], [ 683241.983290192554705, 3754722.336077554151416 ], [ 683258.777635608916171, 3754705.144265834242105 ], [ 683263.500785034964792, 3754686.288396361283958 ], [ 683254.698284682119265, 3754650.248009585309774 ], [ 683220.730850730789825, 3754635.544575647916645 ], [ 683170.019585542147979, 3754650.997027543839067 ] ], [ [ 683364.965485567692667, 3755017.521219741553068 ], [ 683357.145941078197211, 3755003.494994510430843 ], [ 683404.435767998103984, 3755062.050501294899732 ], [ 683384.809905112604611, 3755052.543721500784159 ], [ 683364.965485567692667, 3755017.521219741553068 ] ] ] } },
{ "type": "Feature", "properties": { "depth_bin": "140-145" }, "geometry": { "type": "Polygon", "coordinates": [ [ [ 683123.958023792714812, 3754663.521104630082846 ], [ 683066.489524713135324, 3754683.625796270091087 ], [ 683055.542384744505398, 3754704.106454636901617 ], [ 683057.779031687416136, 3754728.740911534056067 ], [ 683098.971278854762204, 3754771.783173922915012 ], [ 683113.559622813016176, 3754803.434855619445443 ], [ 683131.131741298944689, 3754811.74584870133549 ], [ 683153.401553744217381, 3754809.770582677796483 ], [ 683166.373739829054102, 3754820.053048141300678 ], [ 683138.028264752356336, 3754873.948913680855185 ], [ 683135.612102579674684, 3754897.821687124203891 ], [ 683144.475655183196068, 3754922.01666983962059 ], [ 683192.879691794863902, 3754977.768744125496596 ], [ 683225.929534830036573, 3754993.030619175639004 ], [ 683248.528308261651546, 3755046.948821156751364 ], [ 683311.509658163064159, 3755121.806380199734122 ], [ 683386.527286553638987, 3755163.694818906020373 ], [ 683424.926223588059656, 3755200.282864446286112 ], [ 683455.382622271310538, 3755214.999102561268955 ], [ 683535.080222125048749, 3755309.070466245990247 ], [ 683602.868010230944492, 3755332.251590196043253 ], [ 683688.292232001200318, 3755386.265619813464582 ], [ 683698.736357746412978, 3755415.433176391758025 ], [ 683731.295602385420352, 3755443.755427027121186 ], [ 683777.233492727507837, 3755468.841590380296111 ], [ 683825.72724694700446, 3755457.879471037071198 ], [ 683838.629129009670578, 3755438.570439992938191 ], [ 683838.629129009670578, 3755415.347665812354535 ], [ 683778.721453946316615, 3755311.794154115952551 ], [ 683713.414915039204061, 3755255.88682424556464 ], [ 683700.36550698406063, 3755230.690882295835763 ], [ 683581.413779520895332, 3755114.783821758814156 ], [ 683556.091956342454068, 3755101.77622992452234 ], [ 683503.8783557562856, 3755034.80842219479382 ], [ 683458.251103137037717, 3754992.390696129295975 ], [ 683418.246011143550277, 3754927.390068918000907 ], [ 683326.283637316781096, 3754822.591360439080745 ], [ 683344.884570120600984, 3754777.70272269193083 ], [ 683333.10891608975362, 3754742.233104036655277 ], [ 683302.453734854585491, 3754725.132489474490285 ], [ 683250.995765237836167, 3754729.629785730969161 ], [ 683247.304054491920397, 3754724.026979005429894 ], [ 683266.276024431921542, 3754693.33526337146759 ], [ 683257.784883202752098, 3754648.803666941821575 ], [ 683221.420271510374732, 3754634.332426600623876 ], [ 683123.958023792714812, 3754663.521104630082846 ] ], [ [ 683345.812775665544905, 3755014.239820421207696 ], [ 683324.783322998671792, 3754954.286906483583152 ], [ 683347.186162870493717, 3754974.757802721112967 ], [ 683392.790831904392689, 3755044.642183858901262 ], [ 683446.067952046752907, 3755100.183846652973443 ], [ 683405.269877966144122, 3755069.919358456972986 ], [ 683379.481554441154003, 3755061.776836824137717 ], [ 683345.812775665544905, 3755014.239820421207696 ] ] ] } },
{ "type": "Feature", "properties": { "depth_bin": "145-150" }, "geometry": { "type": "Polygon", "coordinates": [ [ [ 683070.895189601345919, 3754676.362803597003222 ], [ 683049.434146466432139, 3754686.569097028113902 ], [ 683033.406085306429304, 3754708.845975061878562 ], [ 683042.025874166749418, 3754757.753742460161448 ], [ 683059.32675019686576, 3754781.170786594972014 ], [ 683079.03456679021474, 3754791.924339776858687 ], [ 683097.849546369398013, 3754821.321203966159374 ], [ 683135.420235103112645, 3754833.698175135068595 ], [ 683122.692229206790216, 3754859.153807667084038 ], [ 683129.280165888369083, 3754920.09731501666829 ], [ 683185.163117284770124, 3754984.154888419434428 ], [ 683207.508648441522382, 3754995.378656134940684 ], [ 683228.251565317856148, 3755040.366905705071986 ], [ 683309.416931886575185, 3755130.690195977222174 ], [ 683384.410991557291709, 3755170.545611622277647 ], [ 683415.62681509135291, 3755206.139380241278559 ], [ 683441.156971671502106, 3755216.737533659674227 ], [ 683498.63614351360593, 3755281.215708787553012 ], [ 683514.970639533246867, 3755313.914180079475045 ], [ 683587.119748292258009, 3755338.535685182549059 ], [ 683645.997214321512729, 3755386.922192115802318 ], [ 683678.222974308766425, 3755426.398993048351258 ], [ 683729.297014045994729, 3755461.997989609371871 ], [ 683772.04079021664802, 3755475.076132479123771 ], [ 683830.159299962804653, 3755455.282913865987211 ], [ 683841.106439931434579, 3755434.802255499176681 ], [ 683840.192231852677651, 3755413.863742385990918 ], [ 683806.545725441770628, 3755361.346657919697464 ], [ 683785.788813692866825, 3755308.97179458476603 ], [ 683612.837448724778369, 3755147.462468583602458 ], [ 683587.6266868209932, 3755110.371539718937129 ], [ 683557.733847441500984, 3755097.244481739588082 ], [ 683516.026851225295104, 3755036.648622559383512 ], [ 683459.409068565117195, 3754988.410181294661015 ], [ 683433.309300621040165, 3754955.158182086423039 ], [ 683411.103488913504407, 3754908.90993086528033 ], [ 683368.820222787791863, 3754870.851383395958692 ], [ 683332.572618077159859, 3754822.986765920184553 ], [ 683353.867387854726985, 3754784.034261722583324 ], [ 683340.805626442073844, 3754739.384004231542349 ], [ 683302.572485253447667, 3754720.561963782645762 ], [ 683256.552536226459779, 3754720.393448625225574 ], [ 683271.434988985303789, 3754674.298146231099963 ], [ 683258.235334881115705, 3754644.450784362852573 ], [ 683222.147450753021985, 3754633.503644394222647 ], [ 683070.895189601345919, 3754676.362803597003222 ] ], [ [ 683303.641395237413235, 3754950.538461062125862 ], [ 683276.76532768830657, 3754925.20414272416383 ], [ 683250.257689628284425, 3754913.907750458456576 ], [ 683236.345899894600734, 3754895.372784239705652 ], [ 683255.648879954009317, 3754864.380201658234 ], [ 683351.155212568002753, 3754972.47532210405916 ], [ 683362.534913759096526, 3755001.12578204087913 ], [ 683394.433099176851101, 3755040.111240547616035 ], [ 683486.498845275607891, 3755139.977384383790195 ], [ 683430.856171115417965, 3755096.907380037475377 ], [ 683373.582101288367994, 3755068.651174948085099 ], [ 683344.028325201245025, 3755026.081334686372429 ], [ 683318.570474502746947, 3755006.558276179246604 ], [ 683318.046917921979912, 3754973.424235147424042 ], [ 683303.641395237413235, 3754950.538461062125862 ] ], [ [ 683590.878521655802615, 3755241.400785188190639 ], [ 683588.540155298192985, 3755238.247863142285496 ], [ 683585.09276753209997, 3755234.604057387448847 ], [ 683588.201959045720287, 3755236.398556783795357 ], [ 683596.145599349401891, 3755246.446298000402749 ], [ 683590.878521655802615, 3755241.400785188190639 ] ], [ [ 683567.971064475830644, 3755217.860015789512545 ], [ 683564.057771190884523, 3755215.583543776534498 ], [ 683563.058641702053137, 3755213.916596931405365 ], [ 683565.503597713308409, 3755215.652257564011961 ], [ 683567.780232839868404, 3755217.715679365675896 ], [ 683571.478546106838621, 3755220.380940640810877 ], [ 683571.994900705991313, 3755220.987732752691954 ], [ 683567.971064475830644, 3755217.860015789512545 ] ] ] } },
{ "type": "Feature", "properties": { "depth_bin": "150-155" }, "geometry": { "type": "Polygon", "coordinates": [ [ [ 683038.149708832614124, 3754686.026001445483416 ], [ 683020.063571125734597, 3754700.806566460058093 ], [ 683013.322355617885478, 3754723.029375780839473 ], [ 683033.49792402505409, 3754792.596475373022258 ], [ 683048.035888212965801, 3754808.562480409163982 ], [ 683072.156731814029627, 3754816.104420200921595 ], [ 683089.902398518519476, 3754840.141057412140071 ], [ 683112.383861768990755, 3754846.869566067587584 ], [ 683103.106253206264228, 3754884.075070924125612 ], [ 683135.077053944929503, 3754954.053256419487298 ], [ 683190.932651886367239, 3754996.028831550851464 ], [ 683221.840745858382434, 3755052.396624947432429 ], [ 683298.791956541244872, 3755128.889580809976906 ], [ 683379.666823151172139, 3755176.223655427340418 ], [ 683394.436158093740232, 3755203.028185578528792 ], [ 683435.600187013158575, 3755227.514429698232561 ], [ 683455.554186379304156, 3755256.450716670136899 ], [ 683478.694332519895397, 3755273.893295108806342 ], [ 683502.782554024714045, 3755313.5974734229967 ], [ 683575.829737671767361, 3755342.400554125662893 ], [ 683647.950581819401123, 3755417.989542718045413 ], [ 683726.253085131756961, 3755476.045795128680766 ], [ 683752.912567485473119, 3755480.0003557712771 ], [ 683842.42658495134674, 3755452.552605101838708 ], [ 683853.373724919976667, 3755432.071946735028177 ], [ 683851.137084689456969, 3755407.437483303714544 ], [ 683808.108827435644343, 3755359.862734065391123 ], [ 683788.954605520586483, 3755304.480434035882354 ], [ 683661.06449187756516, 3755191.176156782545149 ], [ 683640.914281817385927, 3755158.807971675414592 ], [ 683614.023113011266105, 3755141.966104890219867 ], [ 683589.30854567035567, 3755104.317082874011248 ], [ 683559.399909352767281, 3755091.06661516148597 ], [ 683547.718986160121858, 3755062.073860466480255 ], [ 683461.725354113499634, 3754985.674726826604456 ], [ 683436.233198519214056, 3754952.909878338687122 ], [ 683413.718950460781343, 3754901.398287625052035 ], [ 683380.670326300663874, 3754877.506108918227255 ], [ 683361.979422146570869, 3754839.072357304394245 ], [ 683341.14670136233326, 3754822.796976814046502 ], [ 683363.955971528077498, 3754788.19427446462214 ], [ 683352.819286035839468, 3754744.578277423977852 ], [ 683331.946429085102864, 3754723.468017079867423 ], [ 683271.527348435833119, 3754700.735809511039406 ], [ 683273.792581475572661, 3754663.526682590134442 ], [ 683262.845441506942734, 3754643.046024223323911 ], [ 683230.640484646311961, 3754631.5229064039886 ], [ 683198.960986569873057, 3754649.54704378452152 ], [ 683170.026488727075048, 3754651.390659003518522 ], [ 683152.075041529489681, 3754666.123030983377248 ], [ 683143.668287460692227, 3754694.786270940676332 ], [ 683129.224242467433214, 3754677.444439936894923 ], [ 683110.922118759830482, 3754670.895835361909121 ], [ 683038.149708832614124, 3754686.026001445483416 ] ], [ [ 683322.148798925802112, 3755022.506841993890703 ], [ 683304.726179246092215, 3755007.527230069041252 ], [ 683303.805218075285666, 3754975.31264586141333 ], [ 683289.67729291471187, 3754946.917528044432402 ], [ 683236.094471664633602, 3754918.812422808725387 ], [ 683209.602008259156719, 3754889.831443098373711 ], [ 683238.220420063356869, 3754836.50329707050696 ], [ 683290.057392992428504, 3754892.173833956476301 ], [ 683307.514749736059457, 3754923.512303560506552 ], [ 683354.096492948709056, 3754967.980859591625631 ], [ 683365.621518196654506, 3754999.681443537119776 ], [ 683400.447966510197148, 3755043.316603439860046 ], [ 683448.257881631376222, 3755086.484535395167768 ], [ 683502.388447493314743, 3755155.523351942654699 ], [ 683528.690638966509141, 3755172.940243447665125 ], [ 683616.334771306603216, 3755261.343070010188967 ], [ 683575.49903224920854, 3755248.207262754440308 ], [ 683499.618486103252508, 3755155.834038801956922 ], [ 683463.483087342930958, 3755139.334869193844497 ], [ 683427.650801749899983, 3755102.922344307880849 ], [ 683364.338116636616178, 3755070.51947761606425 ], [ 683322.148798925802112, 3755022.506841993890703 ] ] ] } },
{ "type": "Feature", "properties": { "depth_bin": "155-160" }, "geometry": { "type": "Polygon", "coordinates": [ [ [ 683033.247976073413156, 3754686.95040337042883 ], [ 683006.459202017635107, 3754697.648919366765767 ], [ 682991.000849795062095, 3754723.773153753951192 ], [ 682993.237496568122879, 3754748.407610050402582 ], [ 683015.33449795411434, 3754787.550951514858752 ], [ 683063.639509433764033, 3754849.887020975351334 ], [ 683089.446206524851732, 3754861.481034314259887 ], [ 683094.678349043009803, 3754892.825210909824818 ], [ 683131.123465720913373, 3754964.665374934207648 ], [ 683177.605152768199332, 3754995.217262694146484 ], [ 683184.640096253831871, 3755019.106240145396441 ], [ 683206.684837069828063, 3755048.953749880660325 ], [ 683286.643473164294846, 3755127.04937928263098 ], [ 683366.210029233479872, 3755175.987879503518343 ], [ 683381.056269186199643, 3755202.88955368893221 ], [ 683441.927003687364049, 3755253.23300025658682 ], [ 683480.088249298278242, 3755306.909606868866831 ], [ 683556.284086604951881, 3755343.740060429554433 ], [ 683586.938018603832461, 3755374.436989119276404 ], [ 683605.529688140493818, 3755407.739969957154244 ], [ 683647.306174065102823, 3755429.880737305153161 ], [ 683704.884320107870735, 3755477.015049951151013 ], [ 683740.645287354243919, 3755482.730662130750716 ], [ 683765.808251320850104, 3755473.988139214925468 ], [ 683781.162102565867826, 3755454.299773828592151 ], [ 683821.149615541915409, 3755462.631389023270458 ], [ 683845.513201176188886, 3755451.108271203935146 ], [ 683856.460341144818813, 3755430.627612837124616 ], [ 683854.184111229144037, 3755407.516662661451846 ], [ 683810.510808623628691, 3755360.834645658731461 ], [ 683789.663264654460363, 3755301.406689546536654 ], [ 683688.949306446826085, 3755203.440916403196752 ], [ 683661.143666749587283, 3755188.129132918547839 ], [ 683641.443920011864975, 3755151.408072347287089 ], [ 683614.185984677984379, 3755136.956063592806458 ], [ 683585.114016248495318, 3755092.50028333440423 ], [ 683563.89867867610883, 3755083.648869751486927 ], [ 683548.035680681234226, 3755049.885675790719688 ], [ 683464.588781672413461, 3754984.190363373607397 ], [ 683439.853960688691586, 3754948.604076927993447 ], [ 683421.376082256203517, 3754900.072703123558313 ], [ 683380.807539613218978, 3754870.30607783049345 ], [ 683368.073457702994347, 3754839.23069487279281 ], [ 683348.428074500407092, 3754821.887021428905427 ], [ 683368.566081743687391, 3754786.789516508113593 ], [ 683363.757420064182952, 3754743.793783930130303 ], [ 683349.025048084557056, 3754725.842336732894182 ], [ 683278.071427883231081, 3754691.937968741636723 ], [ 683285.112281046109274, 3754664.639671934768558 ], [ 683273.589163226657547, 3754640.276086300145835 ], [ 683235.977770981844515, 3754629.289363742340356 ], [ 683167.595359701896086, 3754664.909171405714005 ], [ 683156.072241882444359, 3754697.114128266461194 ], [ 683173.977665957412682, 3754747.726577589754015 ], [ 683215.091321813059039, 3754788.916361676994711 ], [ 683252.444830737658776, 3754791.625998018775135 ], [ 683244.163221658207476, 3754815.925787636544555 ], [ 683253.753534109680913, 3754845.845307304523885 ], [ 683295.724713749368675, 3754890.000292249489576 ], [ 683313.648370356764644, 3754922.14713350078091 ], [ 683353.02842516626697, 3754956.680432118475437 ], [ 683365.24571798928082, 3754991.783560653682798 ], [ 683402.05064799496904, 3755040.309169704094529 ], [ 683454.050247145700268, 3755084.023091364651918 ], [ 683505.475055773509666, 3755154.079015011433512 ], [ 683529.79815373418387, 3755168.156376723200083 ], [ 683644.291972354985774, 3755281.761031976435333 ], [ 683658.517437842907384, 3755307.460963557939976 ], [ 683689.458898794720881, 3755325.615004762075841 ], [ 683718.42529407760594, 3755355.910372084472328 ], [ 683726.373263526358642, 3755375.43455827049911 ], [ 683703.746761938673444, 3755361.067606980446726 ], [ 683616.861435153638013, 3755272.489417949691415 ], [ 683559.263971752719954, 3755252.503340096212924 ], [ 683491.664515372365713, 3755165.810723902191967 ], [ 683459.072667018510401, 3755146.911290490068495 ], [ 683413.939116656314582, 3755102.566059180535376 ], [ 683350.337067048298195, 3755068.642362963408232 ], [ 683286.054994092322886, 3755002.590128599200398 ], [ 683280.160188636742532, 3754968.778229849413037 ], [ 683263.856726464349777, 3754943.197557721287012 ], [ 683221.498790604295209, 3754921.973040316719562 ], [ 683192.059708277927712, 3754883.213439220562577 ], [ 683210.353703229804523, 3754858.164805145002902 ], [ 683212.669854209525511, 3754823.700706819538027 ], [ 683190.843648641603068, 3754773.810242288280278 ], [ 683138.80905964737758, 3754758.501733052078635 ], [ 683109.382452607271262, 3754734.695180354174227 ], [ 683103.676035237964243, 3754710.663465419784188 ], [ 683087.255054137087427, 3754694.242484319023788 ], [ 683055.719534903648309, 3754683.182403653394431 ], [ 683033.247976073413156, 3754686.95040337042883 ] ] ] } },
{ "type": "Feature", "properties": { "depth_bin": "160-165" }, "geometry": { "type": "Polygon", "coordinates": [ [ [ 683004.869736273656599, 3754694.466410999186337 ], [ 682967.868430205853656, 3754714.695898647420108 ], [ 682964.132450209581293, 3754753.749551112763584 ], [ 682983.13151339860633, 3754777.178077521268278 ], [ 683003.665656667202711, 3754787.927339293062687 ], [ 683018.16356274462305, 3754818.380688402801752 ], [ 683057.149639757117257, 3754864.963851180393249 ], [ 683078.623415162204765, 3754877.351141529157758 ], [ 683099.664002921083011, 3754935.641847158782184 ], [ 683121.823981755063869, 3754970.521890717558563 ], [ 683158.834431223687716, 3754990.368281573057175 ], [ 683172.317014740197919, 3755022.143641890957952 ], [ 683249.090155834564939, 3755102.716944607440382 ], [ 683349.793028949643485, 3755173.310502561274916 ], [ 683365.741899486980401, 3755205.540696644224226 ], [ 683432.127595248282887, 3755256.716685574501753 ], [ 683466.416144344140776, 3755305.02979962900281 ], [ 683552.920353115885518, 3755355.848970391321927 ], [ 683581.489933587959968, 3755396.932017204351723 ], [ 683646.762255100649782, 3755442.008044535294175 ], [ 683683.937883315724321, 3755482.630579888820648 ], [ 683715.964265636866912, 3755487.634399535134435 ], [ 683747.087414056644775, 3755480.180944346822798 ], [ 683765.186725883977488, 3755460.211431067902595 ], [ 683767.179325836477801, 3755435.968166607432067 ], [ 683810.948830338893458, 3755462.095000852830708 ], [ 683834.059780514100567, 3755459.818770937155932 ], [ 683849.672861354076304, 3755448.239321003202349 ], [ 683858.559832286438905, 3755426.784275249578059 ], [ 683855.747214192408137, 3755406.032739042304456 ], [ 683813.253421105328016, 3755360.577955866698176 ], [ 683792.789467733935453, 3755298.438841530121863 ], [ 683765.99166342348326, 3755280.772064311429858 ], [ 683745.264212256181054, 3755249.943016436882317 ], [ 683692.115093923523091, 3755198.949556445237249 ], [ 683663.060961710638367, 3755185.694823556579649 ], [ 683645.722340454231016, 3755149.785665262490511 ], [ 683610.278940165764652, 3755128.373398776166141 ], [ 683601.204519376391545, 3755102.892611293122172 ], [ 683568.092401821864769, 3755079.34351912420243 ], [ 683549.638364119688049, 3755046.878241013269871 ], [ 683466.981767431367189, 3754981.173824403900653 ], [ 683442.813906644354574, 3754942.265386113431305 ], [ 683427.628459733678028, 3754894.137005161494017 ], [ 683380.737480117590167, 3754862.784934234805405 ], [ 683372.643984519527294, 3754839.349448058754206 ], [ 683354.621788334217854, 3754822.693940222728997 ], [ 683374.660117383114994, 3754786.947851029224694 ], [ 683372.898473488399759, 3754744.031284608412534 ], [ 683349.302131850970909, 3754715.177774685434997 ], [ 683288.463787762215361, 3754687.054892383050174 ], [ 683292.233009147690609, 3754657.907641242723912 ], [ 683278.377329298178665, 3754634.790835989173502 ], [ 683245.197985050966963, 3754626.479842907283455 ], [ 683214.344891245826147, 3754644.708134304732084 ], [ 683175.171617455314845, 3754709.48019017605111 ], [ 683180.071697112522088, 3754747.884910042863339 ], [ 683216.835523928282782, 3754768.906071794219315 ], [ 683260.930934886448085, 3754769.923079615458846 ], [ 683272.976781216217205, 3754782.964080529287457 ], [ 683256.385161580517888, 3754801.838363566901535 ], [ 683251.662012154469267, 3754820.694233039859682 ], [ 683269.486801998689771, 3754861.542654503602535 ], [ 683297.818248978233896, 3754885.346408273093402 ], [ 683323.822892946074717, 3754928.300615145359188 ], [ 683354.783385721850209, 3754950.146604590117931 ], [ 683368.371907879831269, 3754988.815712461713701 ], [ 683406.289476324804127, 3755040.210275792051107 ], [ 683459.568866409477778, 3755083.665801282972097 ], [ 683501.221218254417181, 3755141.772169001400471 ], [ 683529.812761234003119, 3755160.706319789867848 ], [ 683559.173521870048717, 3755199.68607069272548 ], [ 683644.72382375143934, 3755272.535991860087961 ], [ 683666.214175156666897, 3755304.611880850046873 ], [ 683721.402227181941271, 3755353.726625233888626 ], [ 683747.329296032199636, 3755408.762172417249531 ], [ 683670.230869824066758, 3755348.910005474463105 ], [ 683619.697648307774216, 3755287.01587423728779 ], [ 683545.251257718773559, 3755253.877755996305496 ], [ 683517.568369090207852, 3755212.010951238218695 ], [ 683477.893367890501395, 3755170.515011690091342 ], [ 683444.951120420126244, 3755149.028712119441479 ], [ 683425.777920244378038, 3755119.886995798442513 ], [ 683347.071444067405537, 3755073.073871019762009 ], [ 683269.701538137276657, 3754998.061947911046445 ], [ 683247.018969067255966, 3754945.809134315699339 ], [ 683188.374751889146864, 3754904.371174466796219 ], [ 683176.440952039090917, 3754875.249136827886105 ], [ 683194.07318690395914, 3754850.800359598360956 ], [ 683197.276341976132244, 3754829.398993192706257 ], [ 683184.07669260550756, 3754799.551530648488551 ], [ 683150.206081918091513, 3754773.567866166587919 ], [ 683113.391878169379197, 3754772.451783929020166 ], [ 683101.149250156828202, 3754763.671587688382715 ], [ 683071.18774253083393, 3754706.504860620945692 ], [ 683055.300904430565424, 3754691.887730077840388 ], [ 683032.524349344312213, 3754687.357191584538668 ], [ 683004.869736273656599, 3754694.466410999186337 ] ] ] } },
{ "type": "Feature", "properties": { "depth_bin": "165-170" }, "geometry": { "type": "MultiPolygon", "coordinates": [ [ [ [ 682962.099236468784511, 3754711.404365972615778 ], [ 682950.576118649332784, 3754735.767951607238501 ], [ 682957.124723224085756, 3754761.911446541082114 ], [ 683003.249184627784416, 3754808.377987626474351 ], [ 683044.97661158721894, 3754877.052871838677675 ], [ 683080.723694919142872, 3754903.854858061298728 ], [ 683099.129715491435491, 3754963.834085723385215 ], [ 683138.080821974901482, 3754987.943574138451368 ], [ 683222.122074772487395, 3755087.259349128231406 ], [ 683330.479358273907565, 3755169.422295875381678 ], [ 683347.578549291356467, 3755200.495120619889349 ], [ 683412.875159279210493, 3755256.223979246336967 ], [ 683436.361538683064282, 3755291.016494144219905 ], [ 683532.864328260999173, 3755357.453968176618218 ], [ 683573.674431041348726, 3755404.351628012955189 ], [ 683636.015615169191733, 3755451.091817845124751 ], [ 683659.920240726671182, 3755485.380577673204243 ], [ 683690.740169770666398, 3755494.307138554751873 ], [ 683738.114897735998966, 3755477.28382351109758 ], [ 683749.062037704628892, 3755456.80316514428705 ], [ 683746.785807788954116, 3755433.69221496861428 ], [ 683701.016740415478125, 3755381.637632593978196 ], [ 683649.744533293065615, 3755347.92151644686237 ], [ 683633.710490672732703, 3755318.697887987364084 ], [ 683593.916725200135261, 3755281.772333977743983 ], [ 683532.065156844211742, 3755252.651653932407498 ], [ 683498.213198130950332, 3755207.143434365279973 ], [ 683429.879928642651066, 3755147.659242010209709 ], [ 683410.582413534284569, 3755117.967615923844278 ], [ 683300.434353847056627, 3755041.105480573140085 ], [ 683245.168445079470985, 3754979.480098429135978 ], [ 683229.108059544814751, 3754944.028245639055967 ], [ 683176.679542666766793, 3754907.587481648661196 ], [ 683166.607455122633837, 3754875.668041277211159 ], [ 683176.796859368565492, 3754858.81745682284236 ], [ 683177.869409771170467, 3754834.83193554263562 ], [ 683152.122627167962492, 3754797.196758764795959 ], [ 683127.759041533689015, 3754785.673640945460647 ], [ 683103.573559999116696, 3754790.094889663625509 ], [ 683063.937641454045661, 3754729.350432845763862 ], [ 683014.871462962357327, 3754701.447449322324246 ], [ 682988.713501145597547, 3754699.092053019907326 ], [ 682962.099236468784511, 3754711.404365972615778 ] ] ], [ [ [ 683202.85695816820953, 3754677.740198819898069 ], [ 683182.789256691583432, 3754709.678108141291887 ], [ 683185.79001954686828, 3754740.145364704541862 ], [ 683208.766965549206361, 3754759.847350603435189 ], [ 683268.734719311934896, 3754765.538134356029332 ], [ 683281.582511071348563, 3754778.145961903501302 ], [ 683259.478432939271443, 3754809.241181990131736 ], [ 683262.439611776848324, 3754841.231947133783251 ], [ 683302.367743317619897, 3754883.533005707897246 ], [ 683323.981231849407777, 3754922.206578859593719 ], [ 683359.596222180989571, 3754945.956062222830951 ], [ 683368.688590716687031, 3754976.627636157907546 ], [ 683406.700349095393904, 3755037.380907524377108 ], [ 683465.787657118868083, 3755083.77227951399982 ], [ 683486.657392493332736, 3755105.811336775775999 ], [ 683495.735983677092008, 3755131.166902353987098 ], [ 683532.523137214942835, 3755156.078424262814224 ], [ 683556.65613684814889, 3755192.206997205037624 ], [ 683582.735846649156883, 3755208.503571007400751 ], [ 683608.341045767534524, 3755243.650881239678711 ], [ 683680.874811721150763, 3755302.63643212383613 ], [ 683705.325936970766634, 3755337.85270510520786 ], [ 683724.400588063057512, 3755350.670724680181593 ], [ 683743.409557129256427, 3755399.515586423221976 ], [ 683771.058396305539645, 3755435.398063919972628 ], [ 683812.51193331705872, 3755460.611077219713479 ], [ 683850.30140722647775, 3755450.895339786540717 ], [ 683863.203289289143868, 3755431.586308742407709 ], [ 683863.203289289143868, 3755408.363534561824054 ], [ 683815.726392003824003, 3755360.060680536087602 ], [ 683807.947234517429024, 3755344.098251228220761 ], [ 683811.765050682472065, 3755316.288081299513578 ], [ 683802.00972220627591, 3755295.629348308313638 ], [ 683762.370947536430322, 3755271.347534290049225 ], [ 683696.843981119105592, 3755192.974272171035409 ], [ 683665.444152386975475, 3755183.739775508642197 ], [ 683645.920277025434189, 3755142.168107985518873 ], [ 683614.585074158152565, 3755127.558720324654132 ], [ 683603.701233249390498, 3755099.951489133760333 ], [ 683573.022570564295165, 3755076.515608654823154 ], [ 683560.22376586124301, 3755050.202367284800857 ], [ 683476.774535135133192, 3754982.282691983971745 ], [ 683445.947221564827487, 3754934.529679448343813 ], [ 683433.026395533117466, 3754886.611479098908603 ], [ 683384.123069889144972, 3754861.670475745107979 ], [ 683375.730586856021546, 3754837.905107861850411 ], [ 683360.434095366043039, 3754822.968151158187538 ], [ 683384.474091030424461, 3754761.285699355881661 ], [ 683376.242264712345786, 3754725.059337042737752 ], [ 683294.223481187713332, 3754683.273936297278851 ], [ 683291.325464923982508, 3754646.934549784753472 ], [ 683267.660001440206543, 3754627.512805828358978 ], [ 683229.149374768254347, 3754634.830418555531651 ], [ 683202.85695816820953, 3754677.740198819898069 ] ] ] ] } },
{ "type": "Feature", "properties": { "depth_bin": "170-175" }, "geometry": { "type": "MultiPolygon", "coordinates": [ [ [ [ 682953.289900264120661, 3754717.201584425754845 ], [ 682944.323762844083831, 3754749.545012790244073 ], [ 682962.506246328121051, 3754789.492883769329637 ], [ 682995.135152303264476, 3754815.166299251373857 ], [ 683036.671123060048558, 3754890.348866883199662 ], [ 683068.308449961361475, 3754903.983069266192615 ], [ 683086.9812449417077, 3754961.993898288346827 ], [ 683126.074970940244384, 3754988.524499687366188 ], [ 683178.731969390879385, 3755055.641092852689326 ], [ 683233.657141532865353, 3755109.938622220419347 ], [ 683312.502300619147718, 3755163.478299072477967 ], [ 683341.286575646838173, 3755207.954317436553538 ], [ 683403.744824030436575, 3755264.576182365883142 ], [ 683423.995290692313574, 3755294.780267041176558 ], [ 683470.459160383790731, 3755331.784019091166556 ], [ 683493.278293971554376, 3755339.420220585074276 ], [ 683540.295727847493254, 3755395.373054768424481 ], [ 683598.169830870698206, 3755433.251988865900785 ], [ 683633.941357905394398, 3755487.754572273697704 ], [ 683673.86276796029415, 3755498.442184896208346 ], [ 683712.056731292163022, 3755482.704840837977827 ], [ 683723.659028979833238, 3755447.452859893906862 ], [ 683701.733479324379005, 3755399.741702247411013 ], [ 683631.718718972057104, 3755346.410959763918072 ], [ 683615.547025220817886, 3755313.652185100596398 ], [ 683589.108660331345163, 3755290.794633874669671 ], [ 683507.08633340196684, 3755243.317045211326331 ], [ 683487.177342545939609, 3755208.172173365484923 ], [ 683417.29051458532922, 3755151.306532131973654 ], [ 683393.962290471536107, 3755114.975185704417527 ], [ 683284.094106793752871, 3755036.430155142676085 ], [ 683226.816313916817307, 3754972.920803760644048 ], [ 683207.976880495203659, 3754935.856512849219143 ], [ 683167.9874383949209, 3754911.352395035326481 ], [ 683136.420596698182635, 3754836.260874973144382 ], [ 683102.783491005888209, 3754811.13733156118542 ], [ 683052.956431196653284, 3754741.261397726368159 ], [ 683001.194548911880702, 3754702.059898191597313 ], [ 682974.162020231364295, 3754702.815779889933765 ], [ 682953.289900264120661, 3754717.201584425754845 ] ] ], [ [ [ 683242.304367847274989, 3754627.351312287151814 ], [ 683222.334854567889124, 3754645.450624114833772 ], [ 683201.658829474356025, 3754702.872139719780535 ], [ 683227.843139781500213, 3754746.947125343605876 ], [ 683269.013828801806085, 3754760.959731384180486 ], [ 683288.998849566327408, 3754776.179251041729003 ], [ 683263.134744967217557, 3754811.644199610687792 ], [ 683263.969790693023242, 3754835.629725453443825 ], [ 683274.25525106920395, 3754854.043763761408627 ], [ 683305.761172595666721, 3754882.366757428273559 ], [ 683328.591343825799413, 3754920.801823838613927 ], [ 683364.404349411488511, 3754941.715494806412607 ], [ 683370.37044134712778, 3754970.573183233849704 ], [ 683413.907025573425926, 3755040.408204826992005 ], [ 683489.858119287528098, 3755100.568315537646413 ], [ 683503.021835936000571, 3755131.147180924192071 ], [ 683533.514201557496563, 3755150.107903108000755 ], [ 683565.386328659486026, 3755195.273886159993708 ], [ 683585.034739361377433, 3755206.352963274810463 ], [ 683617.304044620366767, 3755247.968890737742186 ], [ 683668.297329834313132, 3755283.508019880391657 ], [ 683726.20700592524372, 3755348.262795073911548 ], [ 683744.972659346181899, 3755398.031662757508457 ], [ 683772.661088466178626, 3755432.390627182554454 ], [ 683817.161652626586147, 3755457.682819510344416 ], [ 683854.951126641477458, 3755447.967081953771412 ], [ 683867.853008704143576, 3755428.658050909638405 ], [ 683867.853008704143576, 3755405.435276729054749 ], [ 683813.817931189201772, 3755349.048279168549925 ], [ 683819.879415600327775, 3755323.415978275239468 ], [ 683809.746052886126563, 3755291.25675311870873 ], [ 683761.543133818311617, 3755267.014153729192913 ], [ 683713.563025814131834, 3755194.933250254485756 ], [ 683689.292448211810552, 3755181.204892045352608 ], [ 683666.565702321822755, 3755179.218503512907773 ], [ 683646.449914858094417, 3755134.768208204302937 ], [ 683616.16604689694941, 3755118.483651088550687 ], [ 683554.446414199424908, 3755037.855936331208795 ], [ 683499.544817485148087, 3755000.514818597119302 ], [ 683489.715870862477459, 3754968.928256334271282 ], [ 683449.228724426822737, 3754926.336320293135941 ], [ 683436.192169187474065, 3754882.120120165403932 ], [ 683388.208881902275607, 3754859.854138096794486 ], [ 683366.101808978244662, 3754822.380294414237142 ], [ 683389.778929522493854, 3754751.427485972177237 ], [ 683379.566366047365591, 3754714.473940321244299 ], [ 683362.469359408365563, 3754701.331398063339293 ], [ 683322.438445116975345, 3754695.08602150157094 ], [ 683298.476764891762286, 3754680.203831564169377 ], [ 683298.857169935596175, 3754655.821288138162345 ], [ 683281.358022707980126, 3754631.087291650474072 ], [ 683242.304367847274989, 3754627.351312287151814 ] ] ] ] } },
{ "type": "Feature", "properties": { "depth_bin": "175-180" }, "geometry": { "type": "MultiPolygon", "coordinates": [ [ [ [ 682946.745430020848289, 3754715.579050784464926 ], [ 682935.222312201396562, 3754739.942636419087648 ], [ 682939.360525883501396, 3754768.351276280824095 ], [ 682994.894209055812098, 3754835.008408567868173 ], [ 683011.890927601722069, 3754883.77280584955588 ], [ 683057.569965443573892, 3754907.847195666283369 ], [ 683079.284540519234724, 3754964.842986688949168 ], [ 683146.303838373278268, 3755027.6883016503416 ], [ 683181.343636351171881, 3755072.478952250443399 ], [ 683297.143193303607404, 3755161.460859775543213 ], [ 683334.994599302881397, 3755215.413613651413471 ], [ 683404.446907038800418, 3755287.138121387921274 ], [ 683482.997114318655804, 3755347.933846867643297 ], [ 683516.038221436552703, 3755390.169094538316131 ], [ 683541.149192385841161, 3755404.400098007638007 ], [ 683566.783650531317107, 3755434.250244449824095 ], [ 683585.545196008635685, 3755472.77608879422769 ], [ 683617.489674258977175, 3755496.087687506806105 ], [ 683646.05738303612452, 3755504.021562068723142 ], [ 683696.70284168724902, 3755486.879477093461901 ], [ 683707.649981655878946, 3755450.79159296490252 ], [ 683696.632122638402507, 3755418.212120829150081 ], [ 683671.911557782324962, 3755386.979475683998317 ], [ 683595.691568401176482, 3755326.866488608531654 ], [ 683581.253573317429982, 3755299.73775568511337 ], [ 683481.018247452680953, 3755232.449731897562742 ], [ 683461.728035496547818, 3755203.146303271409124 ], [ 683404.685327405226417, 3755156.132906122598797 ], [ 683380.2507084319368, 3755114.618902424816042 ], [ 683283.803389424574561, 3755047.079692192841321 ], [ 683208.683436096878722, 3754966.165901910047978 ], [ 683194.225728585850447, 3754937.023752358742058 ], [ 683158.436548596713692, 3754914.964222460985184 ], [ 683135.905996689456515, 3754856.066562932450324 ], [ 683091.762579545960762, 3754824.571785657666624 ], [ 683063.510379649233073, 3754767.286873056087643 ], [ 683010.97108396096155, 3754714.253461316227913 ], [ 682981.163307043723762, 3754702.498149333987385 ], [ 682946.745430020848289, 3754715.579050784464926 ] ] ], [ [ [ 683227.399937153561041, 3754642.162849375512451 ], [ 683206.96366301830858, 3754685.172557338606566 ], [ 683210.799475143663585, 3754716.402564073912799 ], [ 683238.692768985405564, 3754746.436390353366733 ], [ 683295.373137772548944, 3754770.719331839587539 ], [ 683267.095976022887044, 3754809.439102053642273 ], [ 683270.017570821219124, 3754842.953375920187682 ], [ 683308.971918488736264, 3754878.178591650445014 ], [ 683340.660763037623838, 3754925.689031624235213 ], [ 683367.966131892055273, 3754938.80508982995525 ], [ 683374.9806552863447, 3754969.168431962374598 ], [ 683392.238756910315715, 3754986.764828599058092 ], [ 683415.960165771888569, 3755033.047892589122057 ], [ 683492.996014998061582, 3755097.362287108786404 ], [ 683501.988373051397502, 3755125.231206293217838 ], [ 683536.083106473321095, 3755145.714410642161965 ], [ 683546.506191996508278, 3755172.124241936020553 ], [ 683589.074673302937299, 3755204.794649379327893 ], [ 683614.474680196144618, 3755242.285720440093428 ], [ 683681.871154390857555, 3755289.577944536227733 ], [ 683692.326920340419747, 3755310.073083593975753 ], [ 683728.941550918971188, 3755345.154809806495905 ], [ 683748.019685273058712, 3755398.110841295681894 ], [ 683777.231627939036116, 3755432.509395692963153 ], [ 683820.287858621682972, 3755454.714972024317831 ], [ 683856.514229667605832, 3755446.483158170711249 ], [ 683869.41611173027195, 3755427.174127126578242 ], [ 683869.41611173027195, 3755403.951352945994586 ], [ 683823.207928219810128, 3755348.211612957995385 ], [ 683824.071920458227396, 3755312.034252370707691 ], [ 683812.911844816291705, 3755286.765391568653286 ], [ 683761.661379325785674, 3755262.443042607512325 ], [ 683721.259762253379449, 3755192.084165030624717 ], [ 683666.062646678532474, 3755170.041049550753087 ], [ 683648.131775192567147, 3755128.713749433867633 ], [ 683618.99189531058073, 3755114.010849229991436 ], [ 683556.0490974803688, 3755034.848501318600029 ], [ 683502.465643216390163, 3754997.204337268602103 ], [ 683494.326086568762548, 3754967.52350572263822 ], [ 683456.70397737424355, 3754925.966171301435679 ], [ 683443.809817139175721, 3754882.318046935833991 ], [ 683427.293394116219133, 3754867.727641853969544 ], [ 683393.357167880632915, 3754857.234816354233772 ], [ 683372.952810046845116, 3754820.162719074171036 ], [ 683384.133377838530578, 3754800.173864855896682 ], [ 683392.865531044546515, 3754749.983143548481166 ], [ 683381.287793895578943, 3754706.895878209266812 ], [ 683365.674713055603206, 3754695.316428275313228 ], [ 683322.437085521174595, 3754690.044007009360939 ], [ 683302.120408862945624, 3754676.894533612765372 ], [ 683300.700502055929974, 3754647.633978218771517 ], [ 683279.052658050088212, 3754625.986134212929755 ], [ 683250.61042537773028, 3754624.624119542073458 ], [ 683227.399937153561041, 3754642.162849375512451 ] ] ] ] } },
{ "type": "Feature", "properties": { "depth_bin": "180-185" }, "geometry": { "type": "MultiPolygon", "coordinates": [ [ [ [ 682527.793307462241501, 3755466.960618588607758 ], [ 682513.144006215152331, 3755494.292027103714645 ], [ 682520.055160587187856, 3755537.405589420814067 ], [ 682532.957042649853975, 3755556.714620464947075 ], [ 682557.267127228085883, 3755568.919453733600676 ], [ 682628.327916454407386, 3755570.26864972896874 ], [ 682662.698111166595481, 3755540.882158277090639 ], [ 682679.592223027604632, 3755512.120332184247673 ], [ 682680.149604405276477, 3755471.529676408972591 ], [ 682650.393663181457669, 3755442.346620659343898 ], [ 682618.029875090694986, 3755442.109080655500293 ], [ 682590.557734697358683, 3755461.429151616990566 ], [ 682554.447152533917688, 3755453.124835819937289 ], [ 682527.793307462241501, 3755466.960618588607758 ] ] ], [ [ [ 682937.184449402033351, 3754718.764555994886905 ], [ 682925.968699198681861, 3754736.54536620201543 ], [ 682925.929115914390422, 3754761.291645887773484 ], [ 682949.253301190561615, 3754805.961622063070536 ], [ 682985.073581699398346, 3754836.238257387187332 ], [ 682993.727606740198098, 3754878.727275587618351 ], [ 683049.999910030746832, 3754914.751857212744653 ], [ 683067.135971479467116, 3754963.00279679428786 ], [ 683167.631967427092604, 3755072.12267510779202 ], [ 683281.587106051621959, 3755167.625436674803495 ], [ 683384.720457585179247, 3755283.576457109767944 ], [ 683425.161594556760974, 3755311.426728728227317 ], [ 683459.242646415252239, 3755347.08880971558392 ], [ 683468.191540084430017, 3755369.804321732837707 ], [ 683516.227681202348322, 3755411.347107814624906 ], [ 683524.58065185288433, 3755429.202216084115207 ], [ 683545.27327116613742, 3755442.450668966397643 ], [ 683586.514448536094278, 3755494.144837925676256 ], [ 683628.490445672534406, 3755509.753956123720855 ], [ 683676.738828176748939, 3755492.458854216616601 ], [ 683687.685968145378865, 3755471.97819584980607 ], [ 683686.771760383038782, 3755451.039684163406491 ], [ 683644.725887019536458, 3755377.125794830266386 ], [ 683580.442817040835507, 3755332.445319935213774 ], [ 683550.981202221126296, 3755291.328424643725157 ], [ 683470.975732274353504, 3755236.412547591142356 ], [ 683398.107594268280081, 3755165.359333412721753 ], [ 683356.052685972652398, 3755104.354309933260083 ], [ 683279.851833813590929, 3755052.271253872197121 ], [ 683227.55905950255692, 3755003.259697348810732 ], [ 683149.614338767016307, 3754918.921711113769561 ], [ 683129.574462457210757, 3754865.049265140201896 ], [ 683082.77372056862805, 3754830.136400636285543 ], [ 683060.107113842852414, 3754780.91926042130217 ], [ 683018.901972241816111, 3754742.453571097459644 ], [ 683003.274389268248342, 3754717.102556391619146 ], [ 682970.419601266272366, 3754705.268077878281474 ], [ 682937.184449402033351, 3754718.764555994886905 ] ] ], [ [ [ 683276.880216147517785, 3754624.703284627292305 ], [ 683257.465216176700778, 3754623.749486840330064 ], [ 683236.984557809890248, 3754634.696626808959991 ], [ 683212.286909217364155, 3754677.747998562175781 ], [ 683209.123341997037642, 3754697.625860320404172 ], [ 683215.864557504886761, 3754719.848669641185552 ], [ 683240.33502621226944, 3754741.905448536388576 ], [ 683303.378849704517052, 3754767.478347718715668 ], [ 683271.465425483766012, 3754805.822319879196584 ], [ 683275.161822292022407, 3754843.352466494776309 ], [ 683314.170326234074309, 3754875.544329694937915 ], [ 683342.263441711431369, 3754922.681597874965519 ], [ 683372.209015591070056, 3754935.933874126523733 ], [ 683379.630354586988688, 3754966.240168368443847 ], [ 683412.979782311129384, 3755007.725499041378498 ], [ 683422.054205599008128, 3755033.206235667224973 ], [ 683496.195815425366163, 3755092.89615924609825 ], [ 683502.776201390079223, 3755119.110436046961695 ], [ 683518.263948939857073, 3755134.835703392978758 ], [ 683539.078064606175758, 3755142.030656754504889 ], [ 683550.745024136034772, 3755172.025346640963107 ], [ 683589.706118635949679, 3755201.829548441339284 ], [ 683617.462395477457903, 3755241.874843914061785 ], [ 683650.630473479512148, 3755254.186911352910101 ], [ 683680.794257189962082, 3755280.180175239685923 ], [ 683692.406097079394385, 3755307.026058713905513 ], [ 683730.59041934972629, 3755341.131751417648047 ], [ 683742.400703668245114, 3755379.670329124201089 ], [ 683780.318243823829107, 3755431.065061496570706 ], [ 683824.858398841810413, 3755454.833740869071335 ], [ 683854.884821043233387, 3755448.861114144790918 ], [ 683869.617193022859283, 3755430.909666947554797 ], [ 683871.93301254673861, 3755406.275203340686858 ], [ 683849.240594747592695, 3755373.840328973717988 ], [ 683821.383851840044372, 3755288.553155176341534 ], [ 683802.489575022133067, 3755272.333322034217417 ], [ 683768.924305171123706, 3755262.663740830030292 ], [ 683725.889753199880943, 3755187.142338666133583 ], [ 683694.907787463045679, 3755167.331791488919407 ], [ 683670.529402304207906, 3755164.05288708396256 ], [ 683653.894119454897009, 3755128.654440614394844 ], [ 683624.040622786036693, 3755111.299912904854864 ], [ 683605.097871954552829, 3755083.38379683624953 ], [ 683585.446936490596272, 3755069.473264449741691 ], [ 683572.570197607157752, 3755044.425015543587506 ], [ 683513.150761078926735, 3755003.873939524404705 ], [ 683497.412692322279327, 3754966.0791668407619 ], [ 683463.346106418641284, 3754923.267873448785394 ], [ 683452.242222138331272, 3754885.629308331292123 ], [ 683428.935658028698526, 3754863.196697824634612 ], [ 683397.542008403688669, 3754855.159303248394281 ], [ 683379.152046106522903, 3754820.490145969204605 ], [ 683391.260379288578406, 3754793.477407353930175 ], [ 683394.34945682133548, 3754751.546235998161137 ], [ 683385.228835718939081, 3754707.041365257930011 ], [ 683364.269953513867222, 3754690.706317861098796 ], [ 683322.067874535103329, 3754685.854669976979494 ], [ 683304.951171042630449, 3754675.14866567030549 ], [ 683300.545679631293751, 3754644.125028583686799 ], [ 683276.880216147517785, 3754624.703284627292305 ] ] ] ] } },
{ "type": "Feature", "properties": { "depth_bin": "185-190" }, "geometry": { "type": "MultiPolygon", "coordinates": [ [ [ [ 682526.467756313504651, 3755459.303520568646491 ], [ 682507.050000077695586, 3755494.133666509762406 ], [ 682516.810205197543837, 3755544.943916497286409 ], [ 682534.348920407006517, 3755568.154405964072794 ], [ 682569.290790897211991, 3755579.709011202212423 ], [ 682614.492640550248325, 3755581.527530032210052 ], [ 682653.710513314930722, 3755561.582786943763494 ], [ 682679.361333296634257, 3755530.108511786907911 ], [ 682695.506651870324276, 3755478.886402296833694 ], [ 682686.698860815959051, 3755446.542980279773474 ], [ 682644.701545692165382, 3755422.574306512717158 ], [ 682618.87798586988356, 3755427.025665339548141 ], [ 682589.610173745779321, 3755450.945819448679686 ], [ 682553.957525216392241, 3755444.812579633668065 ], [ 682526.467756313504651, 3755459.303520568646491 ] ] ], [ [ [ 682953.395688764518127, 3754708.846175519749522 ], [ 682931.213470626040362, 3754718.561924211680889 ], [ 682919.634020692203194, 3754734.17500505130738 ], [ 682918.957591232494451, 3754800.292342190630734 ], [ 682972.413199563045055, 3754841.223314662463963 ], [ 682974.914902755990624, 3754866.845442884601653 ], [ 682989.521499538095668, 3754886.074737750925124 ], [ 683043.49811530939769, 3754922.124684812501073 ], [ 683058.505652942694724, 3754967.309067793656141 ], [ 683117.996891942922957, 3755027.297900723293424 ], [ 683127.462340790196322, 3755046.895282509271055 ], [ 683290.383216561982408, 3755191.999272116459906 ], [ 683400.608120337245055, 3755317.52923953300342 ], [ 683433.195212424150668, 3755341.185055118985474 ], [ 683438.192356147686951, 3755375.07985764183104 ], [ 683503.977386039914563, 3755431.090307550504804 ], [ 683539.206322701880708, 3755495.964567001443356 ], [ 683596.219575896160677, 3755519.587143192067742 ], [ 683658.476301759830676, 3755499.269632931333035 ], [ 683672.33198160934262, 3755476.152827677782625 ], [ 683670.055751693667844, 3755453.041877502109855 ], [ 683606.583435147418641, 3755365.253816890530288 ], [ 683387.654123913263902, 3755167.961859207134694 ], [ 683339.2940899891546, 3755103.918854027986526 ], [ 683223.708007632871158, 3755013.517717503011227 ], [ 683193.354845422087237, 3754970.541013536509126 ], [ 683138.398370136972517, 3754922.053011708427221 ], [ 683127.655109162442386, 3754880.244747417978942 ], [ 683103.488499035825953, 3754852.829628221690655 ], [ 683070.634456206229515, 3754834.753062716219574 ], [ 683053.6964188341517, 3754792.948973366990685 ], [ 683013.505283228354529, 3754754.733029056806117 ], [ 682993.643225264502689, 3754722.741438647732139 ], [ 682974.334194220136851, 3754709.83955658506602 ], [ 682953.395688764518127, 3754708.846175519749522 ] ] ], [ [ [ 683256.744141119648702, 3754623.258943977765739 ], [ 683231.515586767345667, 3754644.164613723754883 ], [ 683214.005225980188698, 3754697.09476993046701 ], [ 683241.937700400128961, 3754738.89801492029801 ], [ 683306.490229000104591, 3754764.881116589531302 ], [ 683307.455069516086951, 3754774.459350462537259 ], [ 683279.323729671072215, 3754808.232268019579351 ], [ 683284.302974594873376, 3754843.589973198249936 ], [ 683315.80424396309536, 3754869.748404811602086 ], [ 683345.350044923601672, 3754921.237258015666157 ], [ 683375.339617337333038, 3754932.983640598598868 ], [ 683432.758461578632705, 3755031.95982859050855 ], [ 683460.443255046382546, 3755065.521487073041499 ], [ 683501.051541603985243, 3755090.120693008415401 ], [ 683507.346733668469824, 3755119.229195881634951 ], [ 683542.224746781517752, 3755140.081207154784352 ], [ 683555.275970523478463, 3755173.667618969921023 ], [ 683593.783904800424352, 3755197.771928634494543 ], [ 683619.250156450783834, 3755238.079575811512768 ], [ 683664.856702206190675, 3755248.481266424525529 ], [ 683698.460558584309183, 3755308.707924637477845 ], [ 683733.818917900440283, 3755336.157294696196914 ], [ 683742.519470897736028, 3755375.099790335632861 ], [ 683783.404859753791243, 3755429.620727246627212 ], [ 683826.421501886448823, 3755453.349817040842026 ], [ 683859.534540596767329, 3755445.932856049854308 ], [ 683875.830015638144687, 3755426.497484956402332 ], [ 683878.106245553819463, 3755403.386534780729562 ], [ 683852.440348678384908, 3755372.36960552399978 ], [ 683841.044080562307499, 3755322.413163962773979 ], [ 683821.542206273297779, 3755282.459103036206216 ], [ 683761.580740814562887, 3755243.547773333732039 ], [ 683744.951767361490056, 3755201.457981933839619 ], [ 683727.611203934065998, 3755179.56436526030302 ], [ 683674.387961292872205, 3755159.630817834287882 ], [ 683655.536392398760654, 3755124.123493125662208 ], [ 683625.179052640451118, 3755103.624355538748205 ], [ 683586.083963374258019, 3755052.398850383702666 ], [ 683520.402292106417008, 3755004.760007423348725 ], [ 683470.838169657159597, 3754926.327916778624058 ], [ 683455.289241543738171, 3754885.708478008396924 ], [ 683423.808573762886226, 3754854.802859134040773 ], [ 683428.200277371448465, 3754823.041550346184522 ], [ 683400.082277811481617, 3754766.952752841170877 ], [ 683393.416593514033593, 3754717.12260508723557 ], [ 683371.304174949298613, 3754689.832187446765602 ], [ 683342.386442471062765, 3754681.412928289268166 ], [ 683345.714234821032733, 3754653.198999295476824 ], [ 683333.070210657897405, 3754626.367081311065704 ], [ 683302.149792523356155, 3754611.742812677752227 ], [ 683256.744141119648702, 3754623.258943977765739 ] ] ] ] } },
{ "type": "Feature", "properties": { "depth_bin": "190-195" }, "geometry": { "type": "MultiPolygon", "coordinates": [ [ [ [ 682541.300983294611797, 3755443.00644557364285 ], [ 682516.174511640914716, 3755463.537611705716699 ], [ 682501.452691730461083, 3755493.139378958381712 ], [ 682502.208538476144895, 3755520.171886162832379 ], [ 682522.114271230995655, 3755566.068533827550709 ], [ 682546.246301034698263, 3755582.353835002984852 ], [ 682597.389653240097687, 3755588.152583286166191 ], [ 682641.232128257863224, 3755578.120586304459721 ], [ 682662.554700347478501, 3755565.199011159595102 ], [ 682685.610271266428754, 3755526.678753071930259 ], [ 682702.78572886926122, 3755473.826163827441633 ], [ 682702.029880264424719, 3755446.793650886043906 ], [ 682690.552625287673436, 3755428.557674345560372 ], [ 682635.653390306397341, 3755410.346697715111077 ], [ 682608.131073151365854, 3755419.704768551979214 ], [ 682587.391924248426221, 3755442.767216520383954 ], [ 682564.170167347183451, 3755437.160820462740958 ], [ 682541.300983294611797, 3755443.00644557364285 ] ] ], [ [ [ 682887.161901063751429, 3754754.13172258483246 ], [ 682883.207340421620756, 3754780.791204938665032 ], [ 682897.414433785481378, 3754806.139283243566751 ], [ 682949.758533799787983, 3754833.012029337696731 ], [ 682967.277597400126979, 3754875.034070385619998 ], [ 683019.545726935844868, 3754911.412526427768171 ], [ 683040.421499547199346, 3754959.216513926163316 ], [ 683115.274183235829696, 3755046.578593177255243 ], [ 683281.042589454911649, 3755200.774518236517906 ], [ 683380.817483117687516, 3755329.420323127880692 ], [ 683405.704746751929633, 3755346.909024806693196 ], [ 683410.353698422200978, 3755367.992883105762303 ], [ 683442.463459365535527, 3755406.109829362481833 ], [ 683470.35338539024815, 3755459.274252558592707 ], [ 683468.743107628310099, 3755480.523991148918867 ], [ 683479.690247596940026, 3755501.004649515729398 ], [ 683542.460996639449149, 3755534.960200604051352 ], [ 683644.547035070718266, 3755499.245018167886883 ], [ 683656.262763823266141, 3755470.960746920201927 ], [ 683647.222772039589472, 3755444.06150413909927 ], [ 683621.632229906972498, 3755425.863560621161014 ], [ 683576.152708865469322, 3755362.93841692712158 ], [ 683532.065652614692226, 3755315.229627143125981 ], [ 683513.425016564666294, 3755306.760134452953935 ], [ 683481.51333160221111, 3755263.117623613215983 ], [ 683440.046719873091206, 3755234.900359279010445 ], [ 683355.102593619842082, 3755140.91862099757418 ], [ 683218.561693293275312, 3755019.106568744406104 ], [ 683127.779647451592609, 3754921.560886199586093 ], [ 683113.943549581686966, 3754879.888484870549291 ], [ 683056.91461176762823, 3754833.354429696220905 ], [ 683050.253564457059838, 3754808.104965348728001 ], [ 683030.598069955012761, 3754780.318478598725051 ], [ 682998.602469643345103, 3754756.083562629297376 ], [ 682983.349967813817784, 3754721.158487809821963 ], [ 682958.986382179544307, 3754709.635369990486652 ], [ 682923.490406964439899, 3754716.744583880063146 ], [ 682887.161901063751429, 3754754.13172258483246 ] ] ], [ [ [ 683257.658298517810181, 3754623.1766153187491 ], [ 683232.923855253495276, 3754646.268802642356604 ], [ 683223.801418890012428, 3754698.168177570216358 ], [ 683242.17519777524285, 3754729.756965161301196 ], [ 683311.132962229195982, 3754762.094542449340224 ], [ 683313.140781074529514, 3754775.284907469991595 ], [ 683294.006350170820951, 3754787.107609456405044 ], [ 683283.059210202191025, 3754807.588267823215574 ], [ 683291.330619311775081, 3754842.291120877955109 ], [ 683319.913573450874537, 3754867.791120815090835 ], [ 683348.515817511826754, 3754916.745899502187967 ], [ 683379.989316195948049, 3754930.055375945754349 ], [ 683453.533401982975192, 3755053.84317319560796 ], [ 683511.838953319238499, 3755094.788729573599994 ], [ 683519.613993571954779, 3755116.498867013957351 ], [ 683546.821138239465654, 3755137.520474383141845 ], [ 683551.48876432608813, 3755158.224246567580849 ], [ 683570.313147377222776, 3755181.68104622932151 ], [ 683593.817860700306483, 3755193.076762376353145 ], [ 683626.907302729436196, 3755236.754002195782959 ], [ 683648.216862371074967, 3755244.905293803662062 ], [ 683669.645935229375027, 3755242.434993890114129 ], [ 683692.801979924901389, 3755291.790934287942946 ], [ 683737.97391830838751, 3755332.388613661751151 ], [ 683741.273083611857146, 3755364.395510881207883 ], [ 683770.367352807777934, 3755393.602150480262935 ], [ 683783.484038683120161, 3755426.573700774461031 ], [ 683831.110811025719158, 3755448.898045389913023 ], [ 683867.337182274437509, 3755440.666231432463974 ], [ 683880.239064337103628, 3755421.357200388330966 ], [ 683880.239064337103628, 3755398.13442620774731 ], [ 683858.117621295736171, 3755371.703374939970672 ], [ 683847.260036696330644, 3755321.962184506934136 ], [ 683824.628820948884822, 3755281.014767130371183 ], [ 683759.58680176816415, 3755232.057375584263355 ], [ 683755.537178369937465, 3755204.782121285330504 ], [ 683730.915576000930741, 3755172.516034781001508 ], [ 683671.948835909715854, 3755150.890013199299574 ], [ 683660.22568839287851, 3755119.671719689853489 ], [ 683618.929515035240911, 3755083.946684504393488 ], [ 683604.564027889049612, 3755045.25633243098855 ], [ 683523.680810996331275, 3755002.217882922850549 ], [ 683432.484354802872986, 3754852.072189507540315 ], [ 683434.175560153904371, 3754827.770515237469226 ], [ 683406.214935005526058, 3754765.403904633130878 ], [ 683397.871882662409917, 3754712.208896526135504 ], [ 683353.362615066347644, 3754676.336242331191897 ], [ 683352.219650410348549, 3754655.683172795921564 ], [ 683336.156810431741178, 3754624.922737522050738 ], [ 683305.236392297199927, 3754610.298468888737261 ], [ 683257.658298517810181, 3754623.1766153187491 ] ] ] ] } },
{ "type": "Feature", "properties": { "depth_bin": "195-200" }, "geometry": { "type": "MultiPolygon", "coordinates": [ [ [ [ 682526.606423070421442, 3755445.923682691063732 ], [ 682500.836748090921901, 3755481.968351849820465 ], [ 682494.392146235797554, 3755508.402138103730977 ], [ 682510.158814800088294, 3755562.153427855111659 ], [ 682523.22217563376762, 3755579.32960080774501 ], [ 682547.684633819502778, 3755589.819254511967301 ], [ 682607.325165552552789, 3755591.165338881779462 ], [ 682646.253627808880992, 3755584.455256113782525 ], [ 682668.119080244447105, 3755566.940159332938492 ], [ 682693.465325175086036, 3755517.735689411405474 ], [ 682711.375117903226055, 3755454.906159265898168 ], [ 682708.760448287241161, 3755426.5371203282848 ], [ 682689.801022786530666, 3755401.585075621027499 ], [ 682662.901788819814101, 3755392.465904194395989 ], [ 682617.575300228432752, 3755400.9348293854855 ], [ 682583.355574083281681, 3755434.470007912721485 ], [ 682556.524914182489738, 3755431.835402561817318 ], [ 682526.606423070421442, 3755445.923682691063732 ] ] ], [ [ [ 682897.392803237657063, 3754723.68918962450698 ], [ 682871.427581561496481, 3754732.882699184119701 ], [ 682858.373540308326483, 3754747.285614203196019 ], [ 682853.843001815374009, 3754770.062169289216399 ], [ 682860.391606390126981, 3754788.364292996935546 ], [ 682883.338533802772872, 3754810.381570329889655 ], [ 682925.050817840383388, 3754828.959442619699985 ], [ 682956.241776849376038, 3754876.062846601009369 ], [ 683005.437696049804799, 3754911.15498705022037 ], [ 683013.394137366558425, 3754943.268818279728293 ], [ 683074.693595701945014, 3755024.180678431876004 ], [ 683200.177012386266142, 3755148.419443889986724 ], [ 683208.55956513050478, 3755177.020747798960656 ], [ 683240.379456398892216, 3755196.129269432276487 ], [ 683280.231539812637493, 3755256.468640027102083 ], [ 683325.648327624192461, 3755292.776621540077031 ], [ 683327.471121158567257, 3755330.774681344162673 ], [ 683393.908265112084337, 3755399.540079615078866 ], [ 683419.295918857329525, 3755456.914014768321067 ], [ 683440.174544434412383, 3755473.11603372823447 ], [ 683452.400705098640174, 3755508.127237028442323 ], [ 683483.436392000876367, 3755536.409880448598415 ], [ 683501.738515708479099, 3755542.958485023584217 ], [ 683586.277321410248987, 3755520.261561403051019 ], [ 683608.801615788368508, 3755475.177648465614766 ], [ 683599.004882638342679, 3755429.851989660412073 ], [ 683584.272510658716783, 3755411.900542463175952 ], [ 683559.394570149132051, 3755400.652604361996055 ], [ 683542.63547531387303, 3755362.067452246788889 ], [ 683507.159970402251929, 3755332.80166705744341 ], [ 683488.126180796301924, 3755288.99757829727605 ], [ 683414.035207743290812, 3755227.550273303408176 ], [ 683323.583857945748605, 3755121.805184504948556 ], [ 683198.082749747554772, 3755010.506850083824247 ], [ 683143.672796773025766, 3754946.381982447113842 ], [ 683120.408051704172976, 3754929.720786367543042 ], [ 683103.279004030395299, 3754879.611391814425588 ], [ 683043.129406358581036, 3754831.500980860088021 ], [ 683035.592133702011779, 3754807.989466455299407 ], [ 683009.427324699470773, 3754773.670282232109457 ], [ 682974.256398104713298, 3754752.071856236550957 ], [ 682964.459123619482853, 3754731.130387827288359 ], [ 682948.846042779507115, 3754719.550937893334776 ], [ 682897.392803237657063, 3754723.68918962450698 ] ] ], [ [ [ 683230.846187504357658, 3754667.558436747640371 ], [ 683229.523755375528708, 3754694.477161132730544 ], [ 683245.373634348157793, 3754720.449426508042961 ], [ 683289.169822484487668, 3754754.252058656420559 ], [ 683321.712513378122821, 3754760.179453559685498 ], [ 683324.729190240497701, 3754769.107530281879008 ], [ 683304.427918886998668, 3754806.618934389203787 ], [ 683306.704148802673444, 3754829.729884564876556 ], [ 683332.863538929726928, 3754866.308572884649038 ], [ 683343.660060755209997, 3754906.113809697795659 ], [ 683361.070407194900326, 3754920.770629471167922 ], [ 683385.402570090605877, 3754927.147223638836294 ], [ 683456.580422557774, 3755053.922345130238682 ], [ 683520.529404004570097, 3755097.596587435808033 ], [ 683529.530427948455326, 3755121.373235573060811 ], [ 683551.934941581799649, 3755135.403771321754903 ], [ 683560.65325226529967, 3755155.721802034880966 ], [ 683592.130101276561618, 3755178.477898554876447 ], [ 683630.006878199637868, 3755228.479941617231816 ], [ 683673.897105688112788, 3755236.635242650751024 ], [ 683709.243911463185214, 3755304.414505467284471 ], [ 683761.810555156203918, 3755335.92031695926562 ], [ 683772.61608018737752, 3755403.045915959402919 ], [ 683783.563220156007446, 3755423.526574326213449 ], [ 683834.197427582694218, 3755447.453710998874158 ], [ 683870.423798888805322, 3755439.221897015813738 ], [ 683884.855456589139067, 3755404.38079326832667 ], [ 683863.051761801703833, 3755371.616260496899486 ], [ 683863.445830579497851, 3755322.204642104450613 ], [ 683850.33070200541988, 3755289.305341984145343 ], [ 683800.396364383632317, 3755260.433046165853739 ], [ 683769.430928552523255, 3755231.809020115993917 ], [ 683751.537035715649836, 3755184.550647572148591 ], [ 683718.97777114843484, 3755156.228430238552392 ], [ 683677.0895829082001, 3755136.814813002478331 ], [ 683662.437188127776608, 3755106.217259597964585 ], [ 683626.742617038195021, 3755081.512321193702519 ], [ 683622.336418475839309, 3755059.994296002667397 ], [ 683607.789118978544138, 3755041.255019984208047 ], [ 683524.332193121314049, 3754996.905385778751224 ], [ 683475.258409544243477, 3754919.120513159781694 ], [ 683456.258814970729873, 3754870.753716541454196 ], [ 683438.04356412566267, 3754851.763050845358521 ], [ 683437.673538302420639, 3754828.652022089343518 ], [ 683408.214219183544628, 3754755.543031460605562 ], [ 683399.553724523284473, 3754706.154442864935845 ], [ 683357.413395632058382, 3754659.971084718126804 ], [ 683343.695189113961533, 3754628.167667199391872 ], [ 683312.204095301101916, 3754610.570244688540697 ], [ 683265.96435644174926, 3754620.449422322679311 ], [ 683243.568726065102965, 3754634.79564777109772 ], [ 683230.846187504357658, 3754667.558436747640371 ] ] ] ] } },
{ "type": "Feature", "properties": { "depth_bin": "200-205" }, "geometry": { "type": "MultiPolygon", "coordinates": [ [ [ [ 682523.638599856290966, 3755442.797499728389084 ], [ 682490.291384394513443, 3755493.698172328528017 ], [ 682490.550640670582652, 3755517.610481612384319 ], [ 682510.020290890242904, 3755575.110459823161364 ], [ 682546.081951000844128, 3755592.826666935812682 ], [ 682637.068038533208892, 3755592.785904454998672 ], [ 682666.887663934146985, 3755574.458796826191247 ], [ 682685.135184184648097, 3755544.960882351733744 ], [ 682717.660804299404845, 3755455.177295709494501 ], [ 682720.771537709049881, 3755411.425841208081692 ], [ 682697.946053182473406, 3755375.14769287314266 ], [ 682655.692020364571363, 3755370.381854049861431 ], [ 682607.359773465781473, 3755390.718635499477386 ], [ 682577.272663643001579, 3755425.548428686801344 ], [ 682549.828496139147319, 3755426.61601396324113 ], [ 682523.638599856290966, 3755442.797499728389084 ] ] ], [ [ [ 682855.135640519903973, 3754735.681619553826749 ], [ 682808.769137926283292, 3754748.968198598362505 ], [ 682776.720786815159954, 3754777.722484247293323 ], [ 682774.444556899485178, 3754800.833434422966093 ], [ 682786.681423809146509, 3754822.483033151365817 ], [ 682782.318894507479854, 3754849.823170092888176 ], [ 682799.414655149797909, 3754881.344331565778702 ], [ 682822.531460403697565, 3754895.200011415407062 ], [ 682849.190942757413723, 3754891.245450772810727 ], [ 682898.944254563539289, 3754830.541929323691875 ], [ 682991.532744554220699, 3754938.369902106467634 ], [ 683004.157501619658433, 3754981.185387087054551 ], [ 683030.216669883113354, 3754995.477525259368122 ], [ 683041.885096762096509, 3755020.236044022720307 ], [ 683080.741277746972628, 3755064.040905943606049 ], [ 683137.761814915342256, 3755155.647322892677039 ], [ 683127.937722396687604, 3755181.844495180528611 ], [ 683137.017304262146354, 3755207.220226547215134 ], [ 683171.798568184371106, 3755221.654823989607394 ], [ 683201.128391693928279, 3755245.064621940255165 ], [ 683222.036407611449249, 3755279.558183365501463 ], [ 683296.276248466107063, 3755350.178282247390598 ], [ 683304.740135324653238, 3755382.326900374144316 ], [ 683378.991832316154614, 3755442.210565334185958 ], [ 683395.152607833850197, 3755472.057998599950224 ], [ 683393.006528075668029, 3755502.157982770819217 ], [ 683415.91965043253731, 3755549.657375445589423 ], [ 683448.124607293168083, 3755561.180493264924735 ], [ 683547.872728485497646, 3755531.459987087640911 ], [ 683563.291509221657179, 3755506.859261624980718 ], [ 683558.40375361207407, 3755466.910414984915406 ], [ 683525.991368593415245, 3755433.700980293564498 ], [ 683513.35227372602094, 3755381.889960978645831 ], [ 683492.940477462718263, 3755359.187054638750851 ], [ 683486.309038068517111, 3755334.729701191652566 ], [ 683447.216881751548499, 3755300.047375388909131 ], [ 683442.602577144047245, 3755278.975918736308813 ], [ 683417.550328791490756, 3755247.525566979777068 ], [ 683382.958216559141874, 3755218.858518185093999 ], [ 683368.95211726508569, 3755194.637405542191118 ], [ 683349.206215860089287, 3755183.874312611296773 ], [ 683303.778248642920516, 3755121.290552781894803 ], [ 683250.336309774778783, 3755078.967266077641398 ], [ 683239.811189915984869, 3755060.171406430192292 ], [ 683139.613425124669448, 3754966.647946045268327 ], [ 683096.550256386748515, 3754912.504073814488947 ], [ 683082.698045931058004, 3754874.459944287315011 ], [ 683019.044944659457542, 3754822.942132258787751 ], [ 682997.120528541738167, 3754777.924128636717796 ], [ 682908.269204257754609, 3754729.466541989240795 ], [ 682855.135640519903973, 3754735.681619553826749 ] ] ], [ [ [ 683259.156218153075315, 3754652.135137140750885 ], [ 683252.375419983873144, 3754675.881455021444708 ], [ 683258.186665174202062, 3754711.535601382143795 ], [ 683281.245201045298018, 3754745.285517100244761 ], [ 683304.83218828891404, 3754756.801859773695469 ], [ 683324.214268057490699, 3754755.856308068148792 ], [ 683330.666657167021185, 3754773.170687531586736 ], [ 683314.480029758997262, 3754793.219093463849276 ], [ 683311.46948625263758, 3754818.541152690071613 ], [ 683323.83503914764151, 3754847.666176181752235 ], [ 683339.154541200725362, 3754862.367742559406906 ], [ 683341.80033299792558, 3754896.652832632418722 ], [ 683361.189163603703491, 3754916.200001507531852 ], [ 683388.261218750383705, 3754924.166130626108497 ], [ 683459.706615100963973, 3755050.954496408812702 ], [ 683532.060966744204052, 3755098.058468174189329 ], [ 683565.342546802130528, 3755151.2700289580971 ], [ 683596.456726439879276, 3755173.026901538018137 ], [ 683605.369015240576118, 3755194.997304340358824 ], [ 683636.259278367040679, 3755222.544144377112389 ], [ 683653.831396852969192, 3755230.855137459002435 ], [ 683678.920400286559016, 3755229.791627006605268 ], [ 683682.869679652154446, 3755255.703964652493596 ], [ 683710.767424067016691, 3755304.454093802720308 ], [ 683764.581643724231981, 3755333.808647955302149 ], [ 683777.580619507119991, 3755351.474359157960862 ], [ 683775.781874901615083, 3755398.554555006325245 ], [ 683788.173349353484809, 3755422.121829317882657 ], [ 683837.284044184954837, 3755446.009376554749906 ], [ 683875.073618627851829, 3755436.293641092721373 ], [ 683889.505276328185573, 3755401.452537345234305 ], [ 683867.456880992045626, 3755368.09164123237133 ], [ 683868.055959553574212, 3755320.79989516409114 ], [ 683853.694437387865037, 3755277.19641261966899 ], [ 683835.74299019027967, 3755262.464040639810264 ], [ 683806.47057110350579, 3755258.014375532511622 ], [ 683770.998927701730281, 3755220.973175851628184 ], [ 683750.543164273025468, 3755177.111158053856343 ], [ 683684.943602836225182, 3755131.230436105281115 ], [ 683663.866518734954298, 3755096.898119473829865 ], [ 683609.391802910948172, 3755038.247583999298513 ], [ 683556.021787608973682, 3755010.556011578533798 ], [ 683534.621438858914189, 3754979.408227536361665 ], [ 683511.022125442512333, 3754965.639154011849314 ], [ 683469.473779969266616, 3754900.018904162570834 ], [ 683462.471610477427021, 3754866.341425952501595 ], [ 683445.26634053431917, 3754848.562455744948238 ], [ 683399.8308061263524, 3754695.489878344349563 ], [ 683360.449661275139078, 3754656.341511763166636 ], [ 683349.789324197801761, 3754628.325999659020454 ], [ 683326.028414159663953, 3754610.734841302037239 ], [ 683298.23511374311056, 3754610.61609403649345 ], [ 683281.562229585833848, 3754620.609436218161136 ], [ 683259.156218153075315, 3754652.135137140750885 ] ] ] ] } },
{ "type": "Feature", "properties": { "depth_bin": "205-210" }, "geometry": { "type": "MultiPolygon", "coordinates": [ [ [ [ 682525.276097520487383, 3755433.74074748205021 ], [ 682493.10898501041811, 3755452.338531892281026 ], [ 682479.983185934950598, 3755479.709530063439161 ], [ 682481.11706077773124, 3755510.476615316234529 ], [ 682509.530253644916229, 3755580.986821282655001 ], [ 682534.502234978368506, 3755595.099736116826534 ], [ 682594.065514657995664, 3755598.737915588077158 ], [ 682642.320133628323674, 3755594.918701886665076 ], [ 682669.895078038331121, 3755576.061480418778956 ], [ 682759.810738639906049, 3755379.164021220523864 ], [ 682815.51002655166667, 3755320.581894912756979 ], [ 682831.913450139341876, 3755273.829380398150533 ], [ 682848.173530206084251, 3755254.962260212283581 ], [ 682854.104187779827043, 3755187.413992380257696 ], [ 682876.570243354071863, 3755140.570937793236226 ], [ 682868.360074557713233, 3755085.807860579807311 ], [ 682885.155080535914749, 3755063.831657854840159 ], [ 682902.64574322279077, 3755010.251757370773703 ], [ 682922.273916380712762, 3754997.269934370182455 ], [ 682931.202260985504836, 3754974.972708167508245 ], [ 682948.367665652185678, 3754976.432317581027746 ], [ 682989.558741708635353, 3755005.294409601017833 ], [ 683029.352250617928803, 3755051.256740093696862 ], [ 683033.792245326912962, 3755074.643691789824516 ], [ 683054.936536437715404, 3755094.183612994849682 ], [ 683066.497283547418192, 3755165.441270134877414 ], [ 683102.963382285670377, 3755206.304557176772505 ], [ 683111.888927433057688, 3755235.533461310435086 ], [ 683148.545828676084056, 3755273.85775357671082 ], [ 683143.329892706009559, 3755293.535787728149444 ], [ 683150.071108213858679, 3755315.758597048930824 ], [ 683168.022555411444046, 3755330.49096902878955 ], [ 683188.620764003600925, 3755333.139928948599845 ], [ 683238.521466482314281, 3755392.104935761541128 ], [ 683264.083269543480128, 3755401.175376510713249 ], [ 683273.121872774674557, 3755425.716968615539372 ], [ 683314.680207850411534, 3755458.83004735596478 ], [ 683313.265639100689441, 3755479.532815899234265 ], [ 683325.688218299532309, 3755516.722366618458182 ], [ 683353.958269702270627, 3755537.216104510240257 ], [ 683368.235549762495793, 3755563.175107518676668 ], [ 683409.720141890808009, 3755572.378805999644101 ], [ 683489.57017098471988, 3755551.380651181098074 ], [ 683516.734295323723927, 3755529.535660208202899 ], [ 683525.621266256086528, 3755508.080614454578608 ], [ 683509.694453746080399, 3755454.517034567892551 ], [ 683481.841070155147463, 3755418.928964758757502 ], [ 683478.077444775961339, 3755380.517479624133557 ], [ 683446.787062215735205, 3755359.575717927422374 ], [ 683425.518714320962317, 3755305.874209720641375 ], [ 683384.987983926432207, 3755280.14533076621592 ], [ 683376.633326756302267, 3755245.702161927241832 ], [ 683350.021614187979139, 3755206.132769338320941 ], [ 683294.109383510542102, 3755159.777596727944911 ], [ 683262.722603316884488, 3755117.174684160389006 ], [ 683240.864245463395491, 3755106.023181777913123 ], [ 683209.538870199699886, 3755051.762137213721871 ], [ 683182.181704962160438, 3755039.190825626719743 ], [ 683148.420643636840396, 3755002.587411156855524 ], [ 683083.75426741654519, 3754922.552167746704072 ], [ 683047.019779284368269, 3754852.398469400126487 ], [ 682936.872760166763328, 3754752.454721899703145 ], [ 682883.740783083136193, 3754730.548357912804931 ], [ 682752.38632821617648, 3754765.551653683651239 ], [ 682721.35635146277491, 3754798.608912450261414 ], [ 682718.355588607490063, 3754829.076169013511389 ], [ 682743.151470938115381, 3754868.671029977500439 ], [ 682707.445893609779887, 3754923.25940775917843 ], [ 682703.491332967649214, 3754949.918890113011003 ], [ 682733.859375333064236, 3755022.904273391701281 ], [ 682771.59522567235399, 3755044.719614666886628 ], [ 682750.335635194554925, 3755051.413510267622769 ], [ 682735.603263214929029, 3755069.36495746485889 ], [ 682721.735171766136773, 3755162.484644872136414 ], [ 682678.816045670770109, 3755259.980815855320543 ], [ 682676.313355095102452, 3755281.565092269796878 ], [ 682648.361501719802618, 3755319.627737101633102 ], [ 682636.19561792886816, 3755359.19791067019105 ], [ 682604.859980753739364, 3755375.966697594616562 ], [ 682573.699127167812549, 3755416.401199345011264 ], [ 682544.806995928985998, 3755420.281248109880835 ], [ 682525.276097520487383, 3755433.74074748205021 ] ] ], [ [ [ 683275.225198269006796, 3754639.685333081521094 ], [ 683266.206710095051676, 3754690.856520812958479 ], [ 683286.528219386353157, 3754717.98110902775079 ], [ 683316.365038830321282, 3754728.699513908475637 ], [ 683328.71227557642851, 3754742.268469131086022 ], [ 683329.896970223286189, 3754762.640208681114018 ], [ 683359.566859701299109, 3754839.952781779225916 ], [ 683349.734960964298807, 3754863.528388041537255 ], [ 683353.912755684461445, 3754890.413542589638382 ], [ 683368.460055423667654, 3754909.152811413165182 ], [ 683390.955703966435976, 3754918.090903882402927 ], [ 683405.846704432042316, 3754954.724937873426825 ], [ 683432.576789690065198, 3754985.808851228561252 ], [ 683457.134624737664126, 3755032.593200848437846 ], [ 683516.523281887290068, 3755084.480574996676296 ], [ 683544.965658129891381, 3755096.191238964907825 ], [ 683575.972395907854661, 3755137.127829011995345 ], [ 683602.501856638467871, 3755148.264243933837861 ], [ 683630.838216534582898, 3755196.486093171872199 ], [ 683687.855421637184918, 3755230.161620863247663 ], [ 683690.526829869486392, 3755254.378392037469894 ], [ 683714.051979076350108, 3755295.392194632440805 ], [ 683766.905800117645413, 3755330.196785178035498 ], [ 683785.147888655308634, 3755352.82344768429175 ], [ 683778.530048954533413, 3755384.08621340803802 ], [ 683792.902246800018474, 3755416.146544253919274 ], [ 683841.933863897109404, 3755443.081120586488396 ], [ 683876.63672173989471, 3755434.809717015363276 ], [ 683891.107968942960724, 3755398.445099663920701 ], [ 683870.873797690612264, 3755366.216829909011722 ], [ 683872.666088644531555, 3755319.395148142240942 ], [ 683854.482277375180274, 3755271.075540953315794 ], [ 683776.860337145393714, 3755207.711677850689739 ], [ 683728.383092033094727, 3755152.631097517441958 ], [ 683688.018067687517032, 3755126.911932685878128 ], [ 683674.451926737790927, 3755100.222250986844301 ], [ 683616.910462775500491, 3755039.478978745173663 ], [ 683562.324262636946514, 3755010.611868025269359 ], [ 683536.224220844334923, 3754976.400794925633818 ], [ 683512.254304685862735, 3754959.471048753708601 ], [ 683502.814519619103521, 3754934.204110679682344 ], [ 683475.803179131937213, 3754904.88991186581552 ], [ 683465.597799277631566, 3754863.373575622681528 ], [ 683449.068222190253437, 3754845.551872478332371 ], [ 683404.480599864502437, 3754692.561611532699317 ], [ 683363.464497546199709, 3754652.001459810417145 ], [ 683351.763286257628351, 3754624.012698331847787 ], [ 683330.638622908503748, 3754609.330082360655069 ], [ 683306.652996604447253, 3754608.257534746080637 ], [ 683286.172338237636723, 3754619.204674714710563 ], [ 683275.225198269006796, 3754639.685333081521094 ] ] ] ] } },
{ "type": "Feature", "properties": { "depth_bin": "210-215" }, "geometry": { "type": "MultiPolygon", "coordinates": [ [ [ [ 682541.921187804429792, 3754954.565977083984762 ], [ 682538.950224187457934, 3754978.364505677949637 ], [ 682556.307701942394488, 3755080.987557574175298 ], [ 682569.114417147240601, 3755100.210334406234324 ], [ 682571.91166465531569, 3755131.246378261130303 ], [ 682595.577128139091656, 3755150.668122217524797 ], [ 682626.044384702341631, 3755147.667359361890703 ], [ 682645.466128658503294, 3755124.001895878463984 ], [ 682646.41992644534912, 3755104.58689590729773 ], [ 682636.137391347787343, 3755084.83951601665467 ], [ 682657.936112164403312, 3755029.021406963933259 ], [ 682664.541947051882744, 3754972.584377446677536 ], [ 682659.358008222072385, 3754946.878453316632658 ], [ 682673.191003897693008, 3754940.707586548291147 ], [ 682680.968280811561272, 3754950.640542638488114 ], [ 682693.129954315838404, 3755001.157057552598417 ], [ 682675.193730297498405, 3755124.99210581369698 ], [ 682681.225182727794163, 3755150.272784520406276 ], [ 682651.749946236028336, 3755174.350055494811386 ], [ 682642.777441650861874, 3755201.905394972767681 ], [ 682617.124332510167733, 3755216.137299964204431 ], [ 682607.091897822450846, 3755241.287343029864132 ], [ 682630.16913742874749, 3755333.742243702989072 ], [ 682589.457094804267399, 3755381.432632227428257 ], [ 682553.931183706736192, 3755391.750546889379621 ], [ 682540.428413755726069, 3755413.45845685293898 ], [ 682499.420836741221137, 3755436.070053229108453 ], [ 682473.974635442020372, 3755468.773876172490418 ], [ 682474.864695179858245, 3755516.412259496748447 ], [ 682493.722289248951711, 3755545.480742430780083 ], [ 682497.967170143616386, 3755571.439647555351257 ], [ 682516.996444970835, 3755590.571429457049817 ], [ 682559.595511809922755, 3755600.800491129048169 ], [ 682626.893148797797039, 3755600.821030611172318 ], [ 682654.095532176434062, 3755593.560213464312255 ], [ 682673.975546029047109, 3755576.239535941742361 ], [ 682733.59624597709626, 3755455.087448290549219 ], [ 682774.236840556841344, 3755393.71298085572198 ], [ 682791.008402776904404, 3755376.321191226597875 ], [ 682824.105828354717232, 3755376.588732328265905 ], [ 682841.677946840645745, 3755368.277739246375859 ], [ 682902.191962047247216, 3755285.875120889395475 ], [ 682932.754993002396077, 3755215.316335630137473 ], [ 682931.249641299247742, 3755175.763266644440591 ], [ 682946.526622530655004, 3755154.692742004524916 ], [ 682944.953248071949929, 3755127.243444640655071 ], [ 682958.811355959624052, 3755087.832359845750034 ], [ 682985.388670851010829, 3755091.137326662894338 ], [ 683007.254489571787417, 3755125.29282402433455 ], [ 683004.079669836093672, 3755156.652892936952412 ], [ 683023.90800173045136, 3755180.510658193379641 ], [ 683023.861815255368128, 3755212.662791572511196 ], [ 683043.442763100960292, 3755233.718123707454652 ], [ 683044.243934500962496, 3755253.742442369926721 ], [ 683057.078983587445691, 3755272.990899535361677 ], [ 683053.602070176624693, 3755304.295375292189419 ], [ 683075.346167442156002, 3755329.059230088256299 ], [ 683101.183768994407728, 3755383.255085016135126 ], [ 683101.225438018562272, 3755407.676964789163321 ], [ 683129.63198976626154, 3755471.836906616110355 ], [ 683127.480062100570649, 3755512.027857908513397 ], [ 683149.081230951123871, 3755536.724112598691136 ], [ 683149.10536387481261, 3755559.850542747415602 ], [ 683159.098706056596711, 3755576.52342690480873 ], [ 683189.056482935207896, 3755589.287331085652113 ], [ 683217.068333457456902, 3755613.805202886927873 ], [ 683257.665158478426747, 3755615.688179278280586 ], [ 683426.591490963241085, 3755569.563064563088119 ], [ 683459.061817834037356, 3755547.691356194205582 ], [ 683473.980188930989243, 3755492.799129439517856 ], [ 683444.67862559040077, 3755411.399471228010952 ], [ 683411.730592916021124, 3755390.310305702500045 ], [ 683372.556240032892674, 3755336.304320250637829 ], [ 683352.446175171295181, 3755323.201789662241936 ], [ 683328.84540143283084, 3755271.346847542561591 ], [ 683294.448412540834397, 3755258.508316535968333 ], [ 683278.174204935668968, 3755229.356066213455051 ], [ 683246.975760046392679, 3755213.427597430534661 ], [ 683231.670802972628735, 3755193.875882098451257 ], [ 683208.254809199599549, 3755185.784939663019031 ], [ 683207.128983297850937, 3755139.15351323178038 ], [ 683159.7341701798141, 3755077.320935854688287 ], [ 683153.810517050209455, 3755047.09900010516867 ], [ 683051.420431819045916, 3754926.193969277199358 ], [ 683030.898740274133161, 3754873.114062315784395 ], [ 682936.094024971243925, 3754776.09511090721935 ], [ 682899.899589473032393, 3754758.215315930079669 ], [ 682877.437579941470176, 3754757.182350720278919 ], [ 682854.32077468757052, 3754771.038030569907278 ], [ 682845.208382223150693, 3754796.695559739600867 ], [ 682828.26832008594647, 3754766.402827171608806 ], [ 682788.386542803840712, 3754754.191762514878064 ], [ 682643.386039441567846, 3754794.734857536386698 ], [ 682620.784916305798106, 3754812.395482766907662 ], [ 682602.97743893857114, 3754860.817017953842878 ], [ 682574.703195297508501, 3754884.375749025959522 ], [ 682541.921187804429792, 3754954.565977083984762 ] ], [ [ 682589.136101760203019, 3755518.636767906602472 ], [ 682580.96254995604977, 3755515.901725986972451 ], [ 682603.893123131012544, 3755513.225939262658358 ], [ 682621.506833892548457, 3755500.150875345803797 ], [ 682613.930075701442547, 3755516.206580484285951 ], [ 682589.136101760203019, 3755518.636767906602472 ] ] ], [ [ [ 683280.78920479293447, 3754634.472799892071635 ], [ 683287.84592177241575, 3754684.864418676588684 ], [ 683333.585831864387728, 3754736.162683209404349 ], [ 683375.360742665245198, 3754886.397199775557965 ], [ 683394.25911158521194, 3754906.744638913311064 ], [ 683400.227685171295889, 3754936.284479438792914 ], [ 683435.281867805169895, 3754981.70637433975935 ], [ 683455.848628805368207, 3755023.412553288973868 ], [ 683484.151053714333102, 3755037.908208162523806 ], [ 683493.065601822221652, 3755057.919432439375669 ], [ 683519.689061964396387, 3755079.989214969798923 ], [ 683559.635466282255948, 3755098.466864589136094 ], [ 683582.363371034618467, 3755128.635159275494516 ], [ 683608.92493941495195, 3755147.203313509467989 ], [ 683637.149922457290813, 3755191.040446053259075 ], [ 683697.303828155854717, 3755231.22740333667025 ], [ 683730.518604988465086, 3755294.086493089795113 ], [ 683791.75705050106626, 3755334.602208956610411 ], [ 683788.28669614950195, 3755386.683163007255644 ], [ 683810.986460737884045, 3755424.239184045698494 ], [ 683848.90340787335299, 3755442.21276384126395 ], [ 683882.809955258970149, 3755431.921047741547227 ], [ 683894.389405192807317, 3755416.307966901920736 ], [ 683896.665635108482093, 3755393.197016726247966 ], [ 683876.619105368619785, 3755363.160134393256158 ], [ 683865.008401050232351, 3755284.309827340301126 ], [ 683835.507960251998156, 3755238.567113414406776 ], [ 683795.438968651695177, 3755218.435820581391454 ], [ 683744.884580464335158, 3755160.194071200676262 ], [ 683696.130237377481535, 3755125.366577315609902 ], [ 683679.220396299264394, 3755092.723452813923359 ], [ 683624.528019105782732, 3755039.676910503301769 ], [ 683566.763968893326819, 3755008.661465966142714 ], [ 683514.544525685952976, 3754955.845339424908161 ], [ 683504.417200342635624, 3754931.196675654035062 ], [ 683480.351743450155482, 3754906.891264618840069 ], [ 683473.370169310132042, 3754867.080446219537407 ], [ 683440.372341618756764, 3754813.205073097255081 ], [ 683407.606784414499998, 3754689.5937589709647 ], [ 683372.255954108317383, 3754656.375027263537049 ], [ 683353.326377564342692, 3754622.528771920129657 ], [ 683335.897664334857836, 3754609.168588079046458 ], [ 683311.263205341529101, 3754606.85277576604858 ], [ 683290.782546974718571, 3754617.799915734678507 ], [ 683280.78920479293447, 3754634.472799892071635 ] ] ] ] } },
{ "type": "Feature", "properties": { "depth_bin": "215-220" }, "geometry": { "type": "MultiPolygon", "coordinates": [ [ [ [ 682470.211374909849837, 3755463.361463450826705 ], [ 682468.651919854688458, 3755520.824402093421668 ], [ 682490.338597434107214, 3755549.622681327629834 ], [ 682496.859052188578062, 3755577.774408786091954 ], [ 682513.98920974531211, 3755592.263205636292696 ], [ 682470.882835729978979, 3755622.436592602636665 ], [ 682423.418827768764459, 3755712.909881620667875 ], [ 682424.65853632776998, 3755752.47854992095381 ], [ 682440.680394269060344, 3755770.007650940213352 ], [ 682458.982517976663075, 3755776.556255515199155 ], [ 682481.759073062916286, 3755772.025717021897435 ], [ 682541.147057698224671, 3755727.880795535631478 ], [ 682573.563206333434209, 3755656.986214401200414 ], [ 682605.322813989478163, 3755651.749671460129321 ], [ 682636.144582542823628, 3755624.041525647044182 ], [ 682647.087607538909651, 3755600.419635558500886 ], [ 682679.321426494629122, 3755574.689300216734409 ], [ 682760.269473031978123, 3755439.51357345469296 ], [ 682768.756784167839214, 3755476.332667985465378 ], [ 682792.42224765161518, 3755495.754411941859871 ], [ 682873.583870316040702, 3755494.416039431467652 ], [ 682899.510550257982686, 3755481.409006898291409 ], [ 682911.033668077434413, 3755457.045421263668686 ], [ 682900.40064398967661, 3755400.527536479290575 ], [ 682910.579370117862709, 3755359.696327014360577 ], [ 682952.808316121809185, 3755245.686092439573258 ], [ 682973.14657890133094, 3755224.055514719802886 ], [ 682983.627606899361126, 3755232.411373118404299 ], [ 682996.109256359399296, 3755268.480132047086954 ], [ 682985.415954353637062, 3755290.756016067694873 ], [ 682987.692184269311838, 3755313.866966243367642 ], [ 683016.734773950767703, 3755358.841327107045799 ], [ 683049.323313810862601, 3755464.873210988938808 ], [ 683082.64442945830524, 3755518.615411515813321 ], [ 683086.641471188166179, 3755558.227320873644203 ], [ 683097.125870920601301, 3755575.345273651648313 ], [ 683090.396015057223849, 3755607.900750784669071 ], [ 683104.251694906735793, 3755631.017556038219482 ], [ 683153.195437608868815, 3755646.513243451714516 ], [ 683245.352198974811472, 3755621.261357396375388 ], [ 683377.10971162491478, 3755578.809128032531589 ], [ 683398.061231218744069, 3755547.452963071875274 ], [ 683392.983695586794056, 3755510.832233002875 ], [ 683397.996304959058762, 3755475.550956530030817 ], [ 683366.242243891814724, 3755443.072348644025624 ], [ 683360.845833496772684, 3755410.745541909709573 ], [ 683335.043569913716055, 3755393.685453783720732 ], [ 683325.979915503412485, 3755368.633933214005083 ], [ 683298.216033254400827, 3755338.119174824561924 ], [ 683278.836123708286323, 3755329.540021270513535 ], [ 683265.450944918789901, 3755308.301561539061368 ], [ 683213.67325746442657, 3755280.03865707712248 ], [ 683128.061196442693472, 3755141.320816334802657 ], [ 683091.78209414833691, 3755028.717391019221395 ], [ 683052.914832306094468, 3754977.56367214396596 ], [ 682963.0150468533393, 3754910.784335262142122 ], [ 682909.593270206241868, 3754900.647406419273466 ], [ 682878.237105245469138, 3754921.598926013335586 ], [ 682862.865791565622203, 3754961.32067771628499 ], [ 682854.812931579886936, 3755019.275152764283121 ], [ 682815.837592431460507, 3755102.621654307469726 ], [ 682806.054843458230607, 3755171.203643589280546 ], [ 682787.523203009273857, 3755194.882635141722858 ], [ 682777.272777208592743, 3755241.336778187658638 ], [ 682787.147886765538715, 3755267.590239102952182 ], [ 682709.91750696208328, 3755337.59937878139317 ], [ 682709.586756464093924, 3755292.468549808952957 ], [ 682770.333572213654406, 3755188.227921593934298 ], [ 682780.363394483807497, 3755091.528603628277779 ], [ 682796.27399051527027, 3755069.988158225547522 ], [ 682801.95386111154221, 3755023.415361118968576 ], [ 682791.198443382629193, 3754995.527059261221439 ], [ 682793.84101206890773, 3754964.377333316020668 ], [ 682772.195992115768604, 3754933.291916780173779 ], [ 682780.131473179091699, 3754865.821152526885271 ], [ 682770.09933409083169, 3754821.978689521085471 ], [ 682754.407818213105202, 3754789.91243640659377 ], [ 682730.044232578831725, 3754778.389318587258458 ], [ 682695.78707293770276, 3754787.794161827303469 ], [ 682672.416822315426543, 3754785.395291933789849 ], [ 682563.570059110992588, 3754815.529016827233136 ], [ 682529.279011322418228, 3754841.868571537546813 ], [ 682513.588640804053284, 3754871.504981273785233 ], [ 682510.995734534226358, 3754906.803944629151374 ], [ 682533.29738452564925, 3754949.900940167251974 ], [ 682547.721139306435362, 3755040.924962054006755 ], [ 682548.507756131468341, 3755105.967975912149996 ], [ 682573.915911488700658, 3755206.255184629932046 ], [ 682577.353591030230746, 3755286.612543489784002 ], [ 682616.31624114618171, 3755335.716390467248857 ], [ 682583.685501830768771, 3755368.667661365121603 ], [ 682498.214056428987533, 3755423.842353038024157 ], [ 682470.211374909849837, 3755463.361463450826705 ] ], [ [ 682618.881924409186468, 3755513.020657550543547 ], [ 682616.126034284825437, 3755519.328121559694409 ], [ 682579.32970213110093, 3755521.417428695596755 ], [ 682572.483881435357034, 3755504.221162061672658 ], [ 682599.673942012130283, 3755506.440337524749339 ], [ 682620.154600378940813, 3755495.493197556119412 ], [ 682631.951696629519574, 3755479.548339464701712 ], [ 682636.872197500197217, 3755450.655135320965201 ], [ 682658.602083510253578, 3755423.263219469226897 ], [ 682618.881924409186468, 3755513.020657550543547 ] ] ], [ [ [ 682835.273121767910197, 3755606.446107968688011 ], [ 682814.321602174080908, 3755637.802272929344326 ], [ 682829.977850546245463, 3755696.388485783245414 ], [ 682846.032654654700309, 3755718.035883184988052 ], [ 682876.059076856123284, 3755724.008509909268469 ], [ 682917.819076641579159, 3755711.704762279056013 ], [ 682967.279171920497902, 3755670.76014130981639 ], [ 682975.590165002038702, 3755653.188022824004292 ], [ 682973.616778199677356, 3755630.92346244957298 ], [ 683001.513033658498898, 3755613.552759971003979 ], [ 683014.50570897012949, 3755589.427743998356164 ], [ 683015.499097712454386, 3755568.489238559268415 ], [ 682998.490495817153715, 3755543.034066948108375 ], [ 682968.46407361573074, 3755537.061440223827958 ], [ 682943.784171944949776, 3755552.401034578680992 ], [ 682929.566595767973922, 3755581.355534877162427 ], [ 682882.807130622677505, 3755561.871515364386141 ], [ 682856.147648268961348, 3755565.826076006982476 ], [ 682839.726667168084532, 3755582.247057107742876 ], [ 682835.273121767910197, 3755606.446107968688011 ] ] ], [ [ [ 683282.306446803617291, 3754642.242666163947433 ], [ 683292.950588146457449, 3754686.787014815956354 ], [ 683335.118700522813015, 3754728.893607287667692 ], [ 683365.844022561097518, 3754841.938228972256184 ], [ 683399.51093210245017, 3754901.532412072643638 ], [ 683401.675543986493722, 3754929.768097387161106 ], [ 683450.229617501026951, 3755004.971987612079829 ], [ 683510.71920208632946, 3755066.827828828711063 ], [ 683564.721122668241151, 3755096.460339132230729 ], [ 683615.240893300622702, 3755143.189168147277087 ], [ 683643.26383508334402, 3755187.661719612311572 ], [ 683688.341922610532492, 3755216.567925431765616 ], [ 683716.209060751833022, 3755250.756324990652502 ], [ 683719.077786571811885, 3755270.365793493110687 ], [ 683733.644806962576695, 3755291.118643919937313 ], [ 683769.797145372838713, 3755302.321802963037044 ], [ 683791.634713781415485, 3755320.017768601421267 ], [ 683794.618285218137316, 3755377.700439438223839 ], [ 683809.700483602238819, 3755415.058513729833066 ], [ 683848.146686835563742, 3755438.668937695212662 ], [ 683884.373058403027244, 3755430.437123552896082 ], [ 683897.515611484413967, 3755413.340118497610092 ], [ 683899.791841400088742, 3755390.229168321937323 ], [ 683883.788071720511653, 3755365.519231072627008 ], [ 683868.055427890154533, 3755284.389004422351718 ], [ 683838.673751228488982, 3755234.07575015630573 ], [ 683796.069536588503979, 3755211.012192913331091 ], [ 683765.936639919411391, 3755171.412984231021255 ], [ 683701.08724658889696, 3755124.465653300751001 ], [ 683669.362558250431903, 3755074.381861736066639 ], [ 683617.101391181931831, 3755028.568765752483159 ], [ 683571.165036540594883, 3755006.977567600086331 ], [ 683517.478761180187576, 3754953.792703589424491 ], [ 683489.825258950470015, 3754911.908790257293731 ], [ 683479.46420884039253, 3754867.238784648478031 ], [ 683460.094048178289086, 3754845.144044576212764 ], [ 683439.725424094707705, 3754800.753698291722685 ], [ 683409.249042602954432, 3754685.062814032658935 ], [ 683354.889468869543634, 3754621.044845483265817 ], [ 683335.248731807456352, 3754607.925320745911449 ], [ 683310.50244878034573, 3754607.885738347657025 ], [ 683291.193417735979892, 3754620.787620410323143 ], [ 683282.306446803617291, 3754642.242666163947433 ] ] ] ] } },
{ "type": "Feature", "properties": { "depth_bin": "220-225" }, "geometry": { "type": "MultiPolygon", "coordinates": [ [ [ [ 682381.109247708343901, 3755763.574300044216216 ], [ 682345.441312016453594, 3755838.944054466672242 ], [ 682345.362125222687609, 3755865.213828513398767 ], [ 682368.332401357358322, 3755890.557622723747045 ], [ 682417.224172038142569, 3755898.07744381763041 ], [ 682446.65364740579389, 3755875.386762118432671 ], [ 682468.019500577822328, 3755872.533824635669589 ], [ 682483.632581417798065, 3755860.954374701716006 ], [ 682555.718733171699569, 3755724.179279102478176 ], [ 682606.327308089588769, 3755678.00488625979051 ], [ 682608.158837740658782, 3755725.688206791412085 ], [ 682624.213641849113628, 3755747.335604193154722 ], [ 682654.240064050536603, 3755753.308230917435139 ], [ 682679.867907194420695, 3755736.011543974280357 ], [ 682698.98734579491429, 3755758.832120588514954 ], [ 682730.865327152656391, 3755765.123715822119266 ], [ 683202.377155925496481, 3755632.340865076519549 ], [ 683228.448433641227894, 3755620.729878922924399 ], [ 683243.867212172830477, 3755596.129157202318311 ], [ 683237.894585448899306, 3755566.102735000662506 ], [ 683196.789540075347759, 3755518.928176325280219 ], [ 683178.004375786054879, 3755429.127815620042384 ], [ 683127.327880694530904, 3755350.506709171459079 ], [ 683130.358913749572821, 3755313.827000418212265 ], [ 683107.65845754428301, 3755285.254160077311099 ], [ 683089.383201853372157, 3755152.863871118985116 ], [ 683043.833068827632815, 3755092.810675073415041 ], [ 683032.534595746546984, 3755057.834650560282171 ], [ 682983.305261262925342, 3755038.517841076478362 ], [ 682945.862481351825409, 3755046.765813763719052 ], [ 682910.470215211971663, 3755074.35519771464169 ], [ 682864.548650035168976, 3755228.260868049226701 ], [ 682814.978034628322348, 3755302.613758208695799 ], [ 682808.622824206366204, 3755326.210377735085785 ], [ 682775.223505258909427, 3755319.45235594920814 ], [ 682741.639719956554472, 3755333.784947551321238 ], [ 682676.792512251413427, 3755414.517380224075168 ], [ 682618.268744688015431, 3755522.574714553542435 ], [ 682576.510638904990628, 3755522.874891936779022 ], [ 682565.208743350813165, 3755500.002665674313903 ], [ 682545.920025242376141, 3755489.354091197717935 ], [ 682558.614609301206656, 3755480.412200786639005 ], [ 682586.703272933955304, 3755496.312112123239785 ], [ 682615.99968991370406, 3755487.425141190644354 ], [ 682630.543843152350746, 3755463.585194115526974 ], [ 682630.445096555398777, 3755435.183998414780945 ], [ 682692.932953102164902, 3755362.219362749252468 ], [ 682693.602834747987799, 3755301.74389382218942 ], [ 682660.064173006918281, 3755257.403543589171022 ], [ 682653.648770444327965, 3755215.281365990173072 ], [ 682717.611330645158887, 3755172.836884572636336 ], [ 682722.14186913811136, 3755150.060329486615956 ], [ 682714.94355734414421, 3755130.882177004124969 ], [ 682739.54789126268588, 3755082.235094366595149 ], [ 682738.469545023399405, 3755055.998544343281537 ], [ 682749.922450755373575, 3755027.513630723115057 ], [ 682748.297398086520843, 3754961.056911340914667 ], [ 682723.619976057787426, 3754918.697879552841187 ], [ 682695.56635315483436, 3754903.537107462529093 ], [ 682667.124125935602933, 3754902.175090327393264 ], [ 682631.892113519948907, 3754922.357931054662913 ], [ 682621.898771338164806, 3754939.030815212056041 ], [ 682616.667175834882073, 3754978.702245312277228 ], [ 682602.104785060859285, 3754909.605350918602198 ], [ 682613.498717749374919, 3754846.085334599949419 ], [ 682602.551577780744992, 3754825.604676233138889 ], [ 682582.070919413934462, 3754814.657536264508963 ], [ 682509.350026493775658, 3754831.136181998066604 ], [ 682493.384025733685121, 3754845.674140386283398 ], [ 682486.642810225836001, 3754867.896949707064778 ], [ 682530.499988820287399, 3754961.299344277475029 ], [ 682543.229805256705731, 3755037.759201250504702 ], [ 682541.837770568090491, 3755101.926702842582017 ], [ 682580.949067112291232, 3755343.293551603332162 ], [ 682571.771449889987707, 3755362.99498574109748 ], [ 682498.412004964542575, 3755416.224846538156271 ], [ 682471.118933251360431, 3755452.230027077719569 ], [ 682461.722888302407227, 3755512.287763676606119 ], [ 682471.296367348521017, 3755541.780494627077132 ], [ 682498.429764692555182, 3755583.288872253149748 ], [ 682467.179334306390956, 3755619.455918923951685 ], [ 682381.109247708343901, 3755763.574300044216216 ] ], [ [ 682626.249526183586568, 3755029.626135076861829 ], [ 682628.935970287187956, 3755036.023003758862615 ], [ 682627.662921959999949, 3755039.070913335308433 ], [ 682626.951354170450941, 3755032.42798945819959 ], [ 682626.249526183586568, 3755029.626135076861829 ] ] ], [ [ [ 683283.869538041413762, 3754640.758739707991481 ], [ 683294.553262138040736, 3754683.779579609632492 ], [ 683338.515650724060833, 3754726.171074579935521 ], [ 683366.081526808906347, 3754832.797171641606838 ], [ 683405.477439962443896, 3754903.152817346621305 ], [ 683412.376179398386739, 3754938.124668854754418 ], [ 683451.832298761582933, 3755001.964552594348788 ], [ 683524.312038592179306, 3755071.754735860507935 ], [ 683570.147610560874455, 3755093.478942514397204 ], [ 683615.388358807074837, 3755134.920280637219548 ], [ 683637.877496956498362, 3755176.022985017392784 ], [ 683708.181542791659012, 3755227.745778121985495 ], [ 683745.971540895756334, 3755283.32772973459214 ], [ 683791.220371361705475, 3755308.164882089011371 ], [ 683800.902128889341839, 3755334.040707126259804 ], [ 683799.188825622433797, 3755377.819207018241286 ], [ 683814.350202786852606, 3755412.13025473151356 ], [ 683854.280330998124555, 3755437.303781875874847 ], [ 683890.546294731670059, 3755427.548354011494666 ], [ 683903.448176794336177, 3755408.239322967361659 ], [ 683904.4415640195366, 3755387.300809262786061 ], [ 683890.083107426762581, 3755363.510161172132939 ], [ 683871.495202606660314, 3755265.271741401869804 ], [ 683855.392809381824918, 3755236.034733386244625 ], [ 683796.853936289669946, 3755204.015835182275623 ], [ 683754.24331515096128, 3755154.827599247451872 ], [ 683703.138686839840375, 3755119.586664534173906 ], [ 683670.9652433055453, 3755071.374424968846142 ], [ 683620.18800008087419, 3755027.124427028000355 ], [ 683564.163805659860373, 3754994.922148006036878 ], [ 683519.910783168044873, 3754949.735118826851249 ], [ 683491.619948846055195, 3754904.48570960899815 ], [ 683483.995154020027258, 3754868.881048430688679 ], [ 683444.040541070047766, 3754797.267218329478055 ], [ 683418.192183802602813, 3754692.917858652770519 ], [ 683355.008216089569032, 3754616.474318842403591 ], [ 683334.527557722758502, 3754605.527178873773664 ], [ 683312.065540018142201, 3754606.401811891701072 ], [ 683292.756508973776363, 3754619.303693954367191 ], [ 683283.869538041413762, 3754640.758739707991481 ] ] ] ] } },
{ "type": "Feature", "properties": { "depth_bin": "225-230" }, "geometry": { "type": "MultiPolygon", "coordinates": [ [ [ [ 682451.094652455649339, 3755642.31560376426205 ], [ 682432.594433578313328, 3755682.616107805166394 ], [ 682381.050201685167849, 3755750.222329983487725 ], [ 682340.831218894803897, 3755840.34877421380952 ], [ 682343.831981750088744, 3755870.816030777059495 ], [ 682367.49744523386471, 3755890.237774733453989 ], [ 682389.959445011802018, 3755891.270759311504662 ], [ 682407.531563497730531, 3755882.959766229614615 ], [ 682433.670370850712061, 3755837.496041390113533 ], [ 682460.089474995387718, 3755851.287074397783726 ], [ 682495.453160328324884, 3755841.929026510566473 ], [ 682531.898581707500853, 3755784.845814715605229 ], [ 682552.89127412554808, 3755789.616302097216249 ], [ 682571.770909237675369, 3755805.897262056358159 ], [ 682594.881859412882477, 3755808.173491972032934 ], [ 682816.396571470890194, 3755742.608779094181955 ], [ 682839.383131337817758, 3755710.570011531468481 ], [ 682841.873401539865881, 3755656.363741032313555 ], [ 682855.720579067477956, 3755632.951415624003857 ], [ 682919.304028377286159, 3755637.680558294989169 ], [ 682952.415444796555676, 3755630.734828021377325 ], [ 682969.576211735606194, 3755657.215813032817096 ], [ 683009.573301527067088, 3755678.541885630693287 ], [ 683031.848336277762428, 3755681.473276524338871 ], [ 683097.775165848783217, 3755660.916949574835598 ], [ 683147.326332032331266, 3755625.057257217355072 ], [ 683158.849449851782992, 3755600.69367158273235 ], [ 683154.318911358830519, 3755577.917116496711969 ], [ 683135.018681678920984, 3755550.310274241957814 ], [ 683133.442318665096536, 3755510.750687690917403 ], [ 683115.42133443558123, 3755468.398659528698772 ], [ 683095.275564010371454, 3755452.881146143656224 ], [ 683095.847025839262642, 3755428.061243144795299 ], [ 683070.816412544343621, 3755385.035821712110192 ], [ 683070.086575341993012, 3755363.361173904966563 ], [ 683041.554041712777689, 3755295.927807138767093 ], [ 683033.388849946670234, 3755195.620496476534754 ], [ 683009.784592969575897, 3755157.653951587155461 ], [ 682986.667787715676241, 3755143.798271737527102 ], [ 682963.556837540469132, 3755146.074501653201878 ], [ 682925.696108547155745, 3755167.261213164310902 ], [ 682903.069097802042961, 3755195.679259452968836 ], [ 682897.744853037293069, 3755240.687759792432189 ], [ 682870.497304229298607, 3755278.139366995543242 ], [ 682853.52324419200886, 3755320.868613852653652 ], [ 682862.541107327560894, 3755401.242854003794491 ], [ 682855.02366293896921, 3755420.851306977681816 ], [ 682858.324706683517434, 3755441.028313828632236 ], [ 682828.172159644658677, 3755427.251260392833501 ], [ 682799.202621616655961, 3755439.723064525518566 ], [ 682759.298050333396532, 3755405.302137900609523 ], [ 682726.544554854626767, 3755401.189218662679195 ], [ 682687.915589946205728, 3755425.313523836433887 ], [ 682643.688056380604394, 3755502.666184906382114 ], [ 682621.177038555033505, 3755527.07373819174245 ], [ 682574.907971645356156, 3755525.882405561860651 ], [ 682563.606061070458964, 3755503.010078037623316 ], [ 682542.49228568340186, 3755491.96902403049171 ], [ 682563.814114143606275, 3755464.249441603198647 ], [ 682629.791280552046373, 3755417.992346794344485 ], [ 682663.059793476364575, 3755379.1263393368572 ], [ 682671.403688975377008, 3755353.896114245522767 ], [ 682648.807941948762164, 3755284.011695590801537 ], [ 682607.043664419208653, 3754936.655705256853253 ], [ 682563.261390386847779, 3754857.914570432621986 ], [ 682536.261657865485176, 3754843.482912732288241 ], [ 682504.056701004854403, 3754855.006030551623553 ], [ 682492.533583185402676, 3754887.210987412370741 ], [ 682509.354093993781134, 3754947.745635218452662 ], [ 682529.536658456665464, 3754977.986771442461759 ], [ 682540.380730660515837, 3755030.062521762680262 ], [ 682538.672007388668135, 3755106.418035558890551 ], [ 682560.777689224109054, 3755242.502623958047479 ], [ 682563.326327460585162, 3755328.716071690898389 ], [ 682553.650099784252234, 3755362.725397756323218 ], [ 682501.914187348564155, 3755406.831341231241822 ], [ 682466.393600279930979, 3755455.699379476718605 ], [ 682455.351749777328223, 3755522.794010004494339 ], [ 682492.713367734802887, 3755579.041296366602182 ], [ 682451.094652455649339, 3755642.31560376426205 ] ] ], [ [ [ 683329.810545014217496, 3754603.314245952293277 ], [ 683294.988669238984585, 3754622.575363155920058 ], [ 683289.930257909349166, 3754657.933068464044482 ], [ 683305.993099528714083, 3754688.693505888339132 ], [ 683342.854992119944654, 3754724.520902986638248 ], [ 683343.925220623612404, 3754750.808384095784277 ], [ 683375.024664215510711, 3754840.65222384640947 ], [ 683455.58797358290758, 3754998.969972499646246 ], [ 683531.890107006183825, 3755073.476179879624397 ], [ 683575.004159312229604, 3755092.676939395722002 ], [ 683619.719934507505968, 3755131.9524195054546 ], [ 683642.155917143565603, 3755174.400576110929251 ], [ 683705.606736311456189, 3755217.71095622703433 ], [ 683744.804322870564647, 3755269.576425770763308 ], [ 683787.682347914087586, 3755288.485380047466606 ], [ 683808.758715192321688, 3755339.76818880205974 ], [ 683807.601834130240604, 3755387.91898144222796 ], [ 683829.347902489244007, 3755421.667232580948621 ], [ 683862.812980930437334, 3755434.9514006418176 ], [ 683892.043092813226394, 3755426.958461157977581 ], [ 683906.77546479285229, 3755409.00701396074146 ], [ 683909.051694708527066, 3755385.896063785068691 ], [ 683893.592808070126921, 3755360.889891544822603 ], [ 683880.438341759028845, 3755273.126839104108512 ], [ 683859.413041760446504, 3755233.133190035354346 ], [ 683799.812074563931674, 3755196.18683439027518 ], [ 683760.376952761202119, 3755153.46243656007573 ], [ 683706.106955371680669, 3755114.400718182791024 ], [ 683695.468403152306564, 3755088.615099413786083 ], [ 683674.229923726990819, 3755065.849601145833731 ], [ 683624.798120377934538, 3755025.719674519728869 ], [ 683583.392638766206801, 3755005.770666951779276 ], [ 683524.042411686386913, 3754948.043570179026574 ], [ 683449.58083796442952, 3754798.577968665398657 ], [ 683424.404970467672683, 3754688.505662380252033 ], [ 683355.186276380787604, 3754612.393827817868441 ], [ 683329.810545014217496, 3754603.314245952293277 ] ] ] ] } },
{ "type": "Feature", "properties": { "depth_bin": "230-235" }, "geometry": { "type": "MultiPolygon", "coordinates": [ [ [ [ 682427.965403771493584, 3755679.128129733260721 ], [ 682379.56629406963475, 3755748.659237112849951 ], [ 682339.386905771913007, 3755837.262181067373604 ], [ 682342.308481866726652, 3755870.77643738174811 ], [ 682365.973945350502618, 3755890.198181338142604 ], [ 682389.196719530853443, 3755890.198181338142604 ], [ 682407.432696959469467, 3755878.720932662021369 ], [ 682436.341079364996403, 3755819.781637185718864 ], [ 682452.53104246314615, 3755841.968619520310313 ], [ 682478.674537397106178, 3755848.517224095296115 ], [ 682501.586756523116492, 3755840.563897730782628 ], [ 682521.004864278365858, 3755817.557795106898993 ], [ 682565.618585526710376, 3755819.609243963845074 ], [ 682610.930476075154729, 3755799.82290622824803 ], [ 682641.980297830421478, 3755760.38300120877102 ], [ 682650.862097264965996, 3755675.039053828921169 ], [ 682644.120881757116877, 3755652.816244508139789 ], [ 682628.234056468238123, 3755638.199109407141805 ], [ 682605.457501381984912, 3755633.668570913840085 ], [ 682557.242955174762756, 3755660.513231714721769 ], [ 682528.126528026070446, 3755662.869549777824432 ], [ 682569.060266434215009, 3755614.218444687779993 ], [ 682686.749856094131246, 3755616.945040479768068 ], [ 682713.403707227669656, 3755603.109258606564254 ], [ 682724.350847196299583, 3755582.628600239753723 ], [ 682718.378220472368412, 3755552.602178038097918 ], [ 682694.411944030318409, 3755534.664437094703317 ], [ 682572.276633898844011, 3755528.857226507272571 ], [ 682537.932720467331819, 3755495.64908899879083 ], [ 682551.18013581156265, 3755470.287404004484415 ], [ 682618.046761472709477, 3755409.971899737138301 ], [ 682645.707428188063204, 3755341.908769092522562 ], [ 682639.258318273583427, 3755230.23152601160109 ], [ 682617.22466394957155, 3755094.434482557233423 ], [ 682618.285372545709834, 3755013.908451347146183 ], [ 682604.078975246986374, 3754937.490675369277596 ], [ 682571.959573446190916, 3754910.440427718218416 ], [ 682534.209723967942409, 3754918.632665585260838 ], [ 682519.585455334512517, 3754949.553083719685674 ], [ 682538.738471270888112, 3755034.593440619762987 ], [ 682536.594290692242794, 3755127.707574954256415 ], [ 682558.531494551338255, 3755271.52725015161559 ], [ 682555.521518946392462, 3755327.229109424166381 ], [ 682531.258508314262144, 3755373.074952449649572 ], [ 682466.631141959107481, 3755446.558272848837078 ], [ 682451.728669950040057, 3755518.831899550743401 ], [ 682464.846049062442034, 3755555.333642775658518 ], [ 682484.850974072236568, 3755574.310957248788327 ], [ 682454.694618396228179, 3755614.928211136721075 ], [ 682427.965403771493584, 3755679.128129733260721 ] ] ], [ [ [ 683296.057203357107937, 3754624.497958853375167 ], [ 683294.299707855563611, 3754661.708183468785137 ], [ 683353.449522107257508, 3754728.03085271269083 ], [ 683351.874979462241754, 3754756.379166286438704 ], [ 683372.492236709804274, 3754820.767430712003261 ], [ 683459.608192118234001, 3754996.068438682705164 ], [ 683533.492792751872912, 3755070.468644103966653 ], [ 683581.558562503312714, 3755093.3431033375673 ], [ 683629.284897927078418, 3755134.937289508990943 ], [ 683641.201633085962385, 3755165.437475397251546 ], [ 683716.192148858564906, 3755221.035093411803246 ], [ 683749.33527360309381, 3755271.218702589627355 ], [ 683797.114740540971979, 3755285.956492403522134 ], [ 683814.207391610136256, 3755346.398253032006323 ], [ 683810.728139723069035, 3755384.951135374605656 ], [ 683830.990184339578263, 3755417.136280960869044 ], [ 683865.939187291660346, 3755431.983551955781877 ], [ 683896.759118054527789, 3755423.13617042824626 ], [ 683909.661000117193907, 3755403.827139384113252 ], [ 683910.654387302696705, 3755382.888625622261316 ], [ 683896.843736512004398, 3755359.594479839783162 ], [ 683888.095498033799231, 3755271.801267526112497 ], [ 683863.208317227079533, 3755228.615107064135373 ], [ 683801.354511830606498, 3755191.596041994169354 ], [ 683769.478440938401036, 3755155.223473961465061 ], [ 683710.486015705973841, 3755109.78559616394341 ], [ 683699.224084524204955, 3755085.620524420868605 ], [ 683643.067497814423405, 3755033.024440726265311 ], [ 683583.511235613026656, 3755001.199956372380257 ], [ 683527.33080477907788, 3754946.198135117068887 ], [ 683456.610721449716948, 3754806.518628614023328 ], [ 683437.674469290184788, 3754711.262321050744504 ], [ 683416.126379301771522, 3754669.896621013060212 ], [ 683348.164900157833472, 3754606.438229399267584 ], [ 683319.722666840883903, 3754605.076214896980673 ], [ 683296.057203357107937, 3754624.497958853375167 ] ] ], [ [ [ 682683.619235887075774, 3755649.308565339073539 ], [ 682674.732264954713173, 3755678.604982318822294 ], [ 682689.163922655046917, 3755705.604714840184897 ], [ 682719.983842670102604, 3755714.53127758577466 ], [ 682746.983575191465206, 3755700.099619885440916 ], [ 682755.870546123827808, 3755670.80320290569216 ], [ 682741.438888423494063, 3755643.803470384329557 ], [ 682710.618968408438377, 3755634.876907638739794 ], [ 682683.619235887075774, 3755649.308565339073539 ] ] ] ] } },
{ "type": "Feature", "properties": { "depth_bin": "235-240" }, "geometry": { "type": "MultiPolygon", "coordinates": [ [ [ [ 682409.526199379237369, 3755695.544245235156268 ], [ 682371.750829812837765, 3755756.078774841036648 ], [ 682341.678074424155056, 3755833.531642476096749 ], [ 682347.650701148086227, 3755863.558064677752554 ], [ 682373.105872759595513, 3755880.566666573286057 ], [ 682396.216822934802622, 3755878.290436657611281 ], [ 682411.829903774778359, 3755866.710986723657697 ], [ 682444.592933539999649, 3755796.592786852736026 ], [ 682453.132810548762791, 3755828.229120998643339 ], [ 682480.132543070125394, 3755842.660778698977083 ], [ 682519.324550202349201, 3755834.229277827311307 ], [ 682569.705043992842548, 3755803.569842201191932 ], [ 682577.000559480627999, 3755760.017913824412972 ], [ 682567.885412921779789, 3755711.816396492067724 ], [ 682538.547314042807557, 3755694.231816745828837 ], [ 682504.385357716702856, 3755706.193633706774563 ], [ 682533.500393266556785, 3755642.114726435393095 ], [ 682601.602504065493122, 3755589.06926301959902 ], [ 682606.133042558445595, 3755566.29270793357864 ], [ 682597.246071626082994, 3755544.83766217995435 ], [ 682560.133410767070018, 3755528.86771336896345 ], [ 682532.944531465182081, 3755503.324930652510375 ], [ 682494.433911753701977, 3755510.642535403836519 ], [ 682480.578231904190034, 3755533.759340657386929 ], [ 682478.714192270068452, 3755576.042727131396532 ], [ 682440.824744704412296, 3755620.665891923476011 ], [ 682429.478379125357606, 3755662.334952090401202 ], [ 682409.526199379237369, 3755695.544245235156268 ] ] ], [ [ [ 682472.048988735652529, 3755432.064884989522398 ], [ 682463.705092609860003, 3755457.295106802601367 ], [ 682470.36712856462691, 3755482.564918352756649 ], [ 682492.014525966602378, 3755498.61972246132791 ], [ 682518.933250351343304, 3755497.297290332615376 ], [ 682623.959331647958606, 3755388.946636239998043 ], [ 682633.952182225184515, 3755365.320098772179335 ], [ 682638.268618441768922, 3755268.319176792632788 ], [ 682611.954744969378226, 3755107.12222752859816 ], [ 682619.197271066717803, 3755071.377492380328476 ], [ 682617.337848512805067, 3755017.751792872324586 ], [ 682600.204191382275894, 3754959.802188183180988 ], [ 682572.73095368896611, 3754939.426646439824253 ], [ 682539.551609441754408, 3754947.7376395217143 ], [ 682524.927340808324516, 3754978.658057656139135 ], [ 682536.937868083943613, 3755045.218365496955812 ], [ 682534.239465331076644, 3755159.661526617128402 ], [ 682556.779068104107864, 3755325.067085627000779 ], [ 682515.296815189882182, 3755388.213884497992694 ], [ 682472.048988735652529, 3755432.064884989522398 ] ] ], [ [ [ 683301.161869684699923, 3754619.686674799770117 ], [ 683297.346725731389597, 3754661.78734827414155 ], [ 683358.26141351996921, 3754725.07201424241066 ], [ 683382.761064717895351, 3754836.279617688152939 ], [ 683464.178723200457171, 3754996.187194986734539 ], [ 683535.135061908164062, 3755065.937697261106223 ], [ 683589.570938893593848, 3755094.268219528719783 ], [ 683631.747948876116425, 3755130.47484170505777 ], [ 683647.003565028659068, 3755163.854653285816312 ], [ 683711.898724952712655, 3755210.251744149252772 ], [ 683746.842478126753122, 3755249.810346042737365 ], [ 683801.485791551298462, 3755282.24213686818257 ], [ 683817.376715059275739, 3755345.284103106707335 ], [ 683812.900547566940077, 3755378.175512389279902 ], [ 683832.592876743525267, 3755414.128842946141958 ], [ 683869.025804271455854, 3755430.539216962642968 ], [ 683899.845735064707696, 3755421.691835422534496 ], [ 683912.747617127373815, 3755402.382804378401488 ], [ 683913.741004299605265, 3755381.444290587678552 ], [ 683899.993572809617035, 3755358.425595928449184 ], [ 683892.745315661421046, 3755268.873008003458381 ], [ 683863.406260241754353, 3755220.997439820785075 ], [ 683820.555201905779541, 3755199.359329509083182 ], [ 683777.13559183164034, 3755153.897898619994521 ], [ 683730.731373513350263, 3755121.88642126088962 ], [ 683702.72157235420309, 3755081.346819586120546 ], [ 683646.193693459499627, 3755030.056590306572616 ], [ 683591.484601213946007, 3755003.887370638549328 ], [ 683554.288198274327442, 3754970.440548461396247 ], [ 683512.59782161237672, 3754912.793348621111363 ], [ 683460.166449254262261, 3754801.902523004449904 ], [ 683440.840237705619074, 3754706.77095858938992 ], [ 683422.743150603841059, 3754671.427137474995106 ], [ 683352.775009406032041, 3754605.033467542380095 ], [ 683322.809267086675391, 3754603.631870691198856 ], [ 683301.161869684699923, 3754619.686674799770117 ] ] ] ] } },
{ "type": "Feature", "properties": { "depth_bin": "240-245" }, "geometry": { "type": "MultiPolygon", "coordinates": [ [ [ [ 682419.712707482045516, 3755670.426824012771249 ], [ 682368.822976834373549, 3755768.006551037076861 ], [ 682377.70994776673615, 3755797.302968016825616 ], [ 682404.709680288098752, 3755811.734625717159361 ], [ 682436.914637148729526, 3755800.211507897824049 ], [ 682493.155042176833376, 3755714.31174935400486 ], [ 682513.611548278247938, 3755654.903286882676184 ], [ 682509.81535358261317, 3755622.149801289662719 ], [ 682486.149890098837204, 3755602.728057333268225 ], [ 682455.682633535587229, 3755605.728820188902318 ], [ 682437.698560164892115, 3755623.633710628375411 ], [ 682419.712707482045516, 3755670.426824012771249 ] ] ], [ [ [ 683308.07076296559535, 3754616.652499838732183 ], [ 683299.183792033232749, 3754638.107545592356473 ], [ 683301.956835046294145, 3754660.382586489897221 ], [ 683361.432730883941986, 3754723.157411819323897 ], [ 683388.815519631025381, 3754837.961463598068804 ], [ 683466.45047348330263, 3754991.629518823698163 ], [ 683539.745180937112309, 3755064.532944370061159 ], [ 683593.443630893947557, 3755091.684109474066645 ], [ 683638.501254894537851, 3755130.109415126033127 ], [ 683651.653275118675083, 3755160.926390142180026 ], [ 683721.039800718310289, 3755210.489268585108221 ], [ 683752.976117633166723, 3755248.445184217300266 ], [ 683806.553870077943429, 3755279.985661216080189 ], [ 683819.335706448066048, 3755328.565045222174376 ], [ 683817.510677673853934, 3755376.770766332745552 ], [ 683837.203007230418734, 3755412.724097245372832 ], [ 683868.229494028957561, 3755428.518904063850641 ], [ 683899.779430071939714, 3755422.585866719949991 ], [ 683914.51180205156561, 3755404.63441952271387 ], [ 683916.827621340751648, 3755379.999955496750772 ], [ 683903.016969374846667, 3755356.705808693543077 ], [ 683891.300978720071726, 3755265.786392353940755 ], [ 683870.235988306929357, 3755227.316252977121621 ], [ 683850.296463192440569, 3755206.901568890549242 ], [ 683815.24514247244224, 3755188.965146796312183 ], [ 683762.375513802398928, 3755135.219873017631471 ], [ 683723.048190975561738, 3755111.177475009579211 ], [ 683708.563090209849179, 3755078.240484786685556 ], [ 683647.875550058088265, 3755024.002130419015884 ], [ 683591.468344702618197, 3755000.205231640953571 ], [ 683549.955701419501565, 3754961.181199923623353 ], [ 683510.468443620833568, 3754901.336400008294731 ], [ 683492.166887366911396, 3754847.749831173568964 ], [ 683466.655783615540713, 3754807.002041922416538 ], [ 683445.410766480956227, 3754706.889707834925503 ], [ 683431.725876055075787, 3754677.758672731928527 ], [ 683359.370559575152583, 3754606.790962995495647 ], [ 683331.187568219495006, 3754602.796819989103824 ], [ 683308.07076296559535, 3754616.652499838732183 ] ] ], [ [ [ 682593.220567912096158, 3754990.88696197187528 ], [ 682562.753311348846182, 3754987.886199116241187 ], [ 682539.087847865070216, 3755007.30794307263568 ], [ 682536.087085009785369, 3755037.775199635885656 ], [ 682555.508828965947032, 3755061.440663119312376 ], [ 682585.976085529197007, 3755064.441425974946469 ], [ 682609.641549012972973, 3755045.019682018551975 ], [ 682612.642311868257821, 3755014.552425455302 ], [ 682593.220567912096158, 3754990.88696197187528 ] ] ], [ [ [ 682610.095471417997032, 3755221.529951973818243 ], [ 682579.628214854747057, 3755218.529189118184149 ], [ 682555.962751370971091, 3755237.950933074578643 ], [ 682552.961988515686244, 3755268.418189637828618 ], [ 682572.383732471847907, 3755292.083653121255338 ], [ 682602.850989035097882, 3755295.084415976889431 ], [ 682626.516452518873848, 3755275.662672020494938 ], [ 682629.517215374158695, 3755245.195415457244962 ], [ 682610.095471417997032, 3755221.529951973818243 ] ] ], [ [ [ 682512.174897441524081, 3755526.256730997469276 ], [ 682486.831103231292218, 3755549.227007132023573 ], [ 682486.633149259490892, 3755587.459188118111342 ], [ 682511.976943469722755, 3755610.429464252665639 ], [ 682546.552765245083719, 3755607.781484929379076 ], [ 682569.763701417366974, 3755584.649730378296226 ], [ 682569.763701417366974, 3755554.035055788699538 ], [ 682547.173067142139189, 3755530.899767455644906 ], [ 682512.174897441524081, 3755526.256730997469276 ] ] ], [ [ [ 682461.902653949917294, 3755773.203991892747581 ], [ 682450.147332243621349, 3755803.011764069087803 ], [ 682464.771600877051242, 3755833.932182203512639 ], [ 682494.068017856799997, 3755842.819153136108071 ], [ 682524.154345213668421, 3755826.943180403206497 ], [ 682533.080909088021144, 3755796.123262469191104 ], [ 682518.6492513876874, 3755769.123529947828501 ], [ 682487.829333457630128, 3755760.19696608139202 ], [ 682461.902653949917294, 3755773.203991892747581 ] ] ] ] } },
{ "type": "Feature", "properties": { "depth_bin": "245-250" }, "geometry": { "type": "MultiPolygon", "coordinates": [ [ [ [ 683330.426812029094435, 3754603.829782502260059 ], [ 683305.083017818862572, 3754626.800058636814356 ], [ 683306.721766174770892, 3754662.486774429678917 ], [ 683367.241264952230267, 3754725.360247354023159 ], [ 683383.476733568240888, 3754812.817625038791448 ], [ 683408.716343935695477, 3754866.64159903395921 ], [ 683438.460027577122673, 3754896.925745301414281 ], [ 683472.62323434476275, 3754895.247414574492723 ], [ 683490.722546172095463, 3754875.277901295572519 ], [ 683493.038360483013093, 3754850.643441101070493 ], [ 683457.793627849081531, 3754774.319175847806036 ], [ 683445.450349556398578, 3754705.366198221221566 ], [ 683432.378764131455682, 3754674.991991578601301 ], [ 683368.791953202220611, 3754610.490867600776255 ], [ 683330.426812029094435, 3754603.829782502260059 ] ] ], [ [ [ 682433.245054858853109, 3755647.832656732294708 ], [ 682412.055612646741793, 3755671.752365062013268 ], [ 682397.710904053645208, 3755720.19097387464717 ], [ 682412.142561753978953, 3755747.190706396009773 ], [ 682441.438978733727708, 3755756.077677328605205 ], [ 682472.340270184795372, 3755737.00919185904786 ], [ 682490.302462976658717, 3755709.120940696913749 ], [ 682498.081499559455551, 3755676.300187768414617 ], [ 682489.19452862709295, 3755654.845142014790326 ], [ 682473.581447787117213, 3755643.265692080836743 ], [ 682452.829924232792109, 3755640.373892497271299 ], [ 682433.245054858853109, 3755647.832656732294708 ] ] ], [ [ [ 683496.916834761272185, 3754898.739425799343735 ], [ 683459.929716304526664, 3754906.096621094271541 ], [ 683445.49805860419292, 3754940.937724841758609 ], [ 683474.028440350899473, 3754993.350956445094198 ], [ 683507.158041039132513, 3755030.634859550744295 ], [ 683551.959997255937196, 3755070.155849124770612 ], [ 683592.95560768910218, 3755084.423101095017046 ], [ 683636.455773955327459, 3755121.392295980360359 ], [ 683671.181821376318112, 3755172.105706460773945 ], [ 683727.173652861849405, 3755209.124233771115541 ], [ 683775.697182427626103, 3755260.439270505681634 ], [ 683821.105941453599371, 3755279.888566471636295 ], [ 683854.834411710733548, 3755268.405036641284823 ], [ 683866.550140463281423, 3755240.120765393599868 ], [ 683853.350486294948496, 3755210.273392766714096 ], [ 683828.283713847748004, 3755194.045162801165134 ], [ 683778.975903788465075, 3755141.749386786017567 ], [ 683726.157537307124585, 3755109.072993190027773 ], [ 683699.699124687351286, 3755067.3383808452636 ], [ 683649.438647843082435, 3755022.518205095548183 ], [ 683580.780899443430826, 3754988.932695295661688 ], [ 683527.665904513676651, 3754935.216796765103936 ], [ 683513.589718918548897, 3754908.73276798101142 ], [ 683496.916834761272185, 3754898.739425799343735 ] ] ], [ [ [ 683863.232034837827086, 3755313.890373018570244 ], [ 683829.973250345676206, 3755331.667563697788864 ], [ 683820.636883369646966, 3755373.802917334251106 ], [ 683846.205602173460647, 3755415.518601468764246 ], [ 683886.923336861655116, 3755427.074568960350007 ], [ 683912.378508473164402, 3755410.065967064816505 ], [ 683918.351135197095573, 3755380.0395448631607 ], [ 683895.636377644957975, 3755330.077744439709932 ], [ 683863.232034837827086, 3755313.890373018570244 ] ] ] ] } },
{ "type": "Feature", "properties": { "depth_bin": "250-255" }, "geometry": { "type": "MultiPolygon", "coordinates": [ [ [ [ 683329.197201093193144, 3754610.035892977844924 ], [ 683308.821659350185655, 3754637.509130670689046 ], [ 683314.794286074116826, 3754667.535552872344851 ], [ 683346.829170235083438, 3754694.531997983809561 ], [ 683380.663366646040231, 3754689.513169046491385 ], [ 683398.247946392162703, 3754660.175070167519152 ], [ 683388.771070926566608, 3754629.381882802583277 ], [ 683361.187966741854325, 3754607.074712517205626 ], [ 683329.197201093193144, 3754610.035892977844924 ] ] ], [ [ [ 683717.600411829189397, 3755095.454296557232738 ], [ 683697.119753462378867, 3755084.507156588602811 ], [ 683677.70475349156186, 3755085.460954375565052 ], [ 683661.031869334285147, 3755095.454296557232738 ], [ 683650.084729365655221, 3755115.934954924043268 ], [ 683655.938595366547816, 3755150.531913581769913 ], [ 683699.240554019459523, 3755184.774296722374856 ], [ 683733.837513224454597, 3755178.920431274920702 ], [ 683750.846115119755268, 3755153.465259663760662 ], [ 683746.891554477624595, 3755126.805777309928089 ], [ 683717.600411829189397, 3755095.454296557232738 ] ] ], [ [ [ 683815.489875015220605, 3755182.722968811169267 ], [ 683777.778136069071479, 3755182.722968811169267 ], [ 683756.82661647524219, 3755214.079133771825582 ], [ 683765.713587407604791, 3755243.375550751574337 ], [ 683807.631849167286418, 3755270.391195018775761 ], [ 683838.451779420021921, 3755261.543811983894557 ], [ 683852.883437120355666, 3755234.544079462531954 ], [ 683846.334832545602694, 3755208.400584528688341 ], [ 683815.489875015220605, 3755182.722968811169267 ] ] ], [ [ [ 683897.816387632628903, 3755339.324721421580762 ], [ 683868.47828875365667, 3755321.740141675341874 ], [ 683833.637185005936772, 3755336.171799375675619 ], [ 683824.591857479070313, 3755371.562271283473819 ], [ 683843.435699606197886, 3755404.774826422799379 ], [ 683872.732116585946642, 3755413.66179735539481 ], [ 683899.731849107309245, 3755399.230139655061066 ], [ 683908.811430972767994, 3755373.854408288374543 ], [ 683897.816387632628903, 3755339.324721421580762 ] ] ] ] } }
]
}
