{
"type": "FeatureCollection",
"name": "LM_02_GCG_20190601_CS_3590_3644_depth",
"crs": { "type": "name", "properties": { "name": "urn:ogc:def:crs:EPSG::26915" } },
"features": [
{ "type": "Feature", "properties": { "depth_bin": "-40--35" }, "geometry": { "type": "Polygon", "coordinates": [ [ [ 650647.026841660845093, 3492763.876318061724305 ], [ 650629.442261914722621, 3492734.538219182752073 ], [ 650595.608065503765829, 3492729.519390245433897 ], [ 650561.785253753419966, 3492760.591171156615019 ], [ 650558.784490898135118, 3492791.058427719864994 ], [ 650578.206234854296781, 3492814.723891203291714 ], [ 650608.673491417546757, 3492817.724654058925807 ], [ 650640.478237086092122, 3492790.019812995567918 ], [ 650647.026841660845093, 3492763.876318061724305 ] ] ] } },
{ "type": "Feature", "properties": { "depth_bin": "-35--30" }, "geometry": { "type": "Polygon", "coordinates": [ [ [ 650657.378600444761105, 3492753.002291914075613 ], [ 650636.427080850931816, 3492721.646126953419298 ], [ 650598.71534190478269, 3492721.646126953419298 ], [ 650577.744034294853918, 3492753.405086235608906 ], [ 650552.975534295546822, 3492773.103126455564052 ], [ 650552.975534295546822, 3492810.814865401480347 ], [ 650576.640997779322788, 3492830.23660935787484 ], [ 650607.108254342572764, 3492827.235846502240747 ], [ 650628.079561952501535, 3492795.47688722005114 ], [ 650650.829995870008133, 3492779.145786847919226 ], [ 650657.378600444761105, 3492753.002291914075613 ] ] ] } },
{ "type": "Feature", "properties": { "depth_bin": "-30--25" }, "geometry": { "type": "Polygon", "coordinates": [ [ [ 650617.701740403892472, 3492803.114799061790109 ], [ 650605.986011651344597, 3492774.830527814105153 ], [ 650577.701740403892472, 3492763.114799061790109 ], [ 650549.417469156440347, 3492774.830527814105153 ], [ 650537.701740403892472, 3492803.114799061790109 ], [ 650549.417469156440347, 3492831.399070309475064 ], [ 650577.701740403892472, 3492843.114799061790109 ], [ 650605.986011651344597, 3492831.399070309475064 ], [ 650617.701740403892472, 3492803.114799061790109 ] ] ] } },
{ "type": "Feature", "properties": { "depth_bin": "-25--20" }, "geometry": { "type": "MultiPolygon", "coordinates": [ [ [ [ 649358.656790049979463, 3491738.919009616598487 ], [ 649341.648188154678792, 3491713.463838005438447 ], [ 649311.621765953255817, 3491707.49121128115803 ], [ 649286.166594341746531, 3491724.499813176691532 ], [ 649280.19396761781536, 3491754.526235378347337 ], [ 649297.202569513116032, 3491779.981406989507377 ], [ 649327.228991714539006, 3491785.954033713787794 ], [ 649352.684163326048292, 3491768.945431818254292 ], [ 649358.656790049979463, 3491738.919009616598487 ] ] ], [ [ [ 649576.960248681367375, 3491948.915550627280027 ], [ 649553.989972546696663, 3491923.571756416931748 ], [ 649516.459825931349769, 3491927.26815322553739 ], [ 649482.738244643667713, 3491969.179861042182893 ], [ 649486.434641451924108, 3492006.710007657762617 ], [ 649511.889813063433394, 3492023.718609553296119 ], [ 649541.916235264856368, 3492017.745982829015702 ], [ 649573.959485826082528, 3491979.382807190530002 ], [ 649576.960248681367375, 3491948.915550627280027 ] ] ], [ [ [ 650336.149969136691652, 3492602.676714108791202 ], [ 650313.17969300202094, 3492577.332919898442924 ], [ 650282.565018412889913, 3492577.332919898442924 ], [ 650252.12821003748104, 3492606.419340049382299 ], [ 650250.449879311025143, 3492640.582546817138791 ], [ 650272.097723316866904, 3492662.230390822980553 ], [ 650302.712397905997932, 3492662.230390822980553 ], [ 650333.149206281406805, 3492633.143970672041178 ], [ 650336.149969136691652, 3492602.676714108791202 ] ] ], [ [ [ 650604.628040967974812, 3492801.612303150817752 ], [ 650585.206297011813149, 3492777.946839667391032 ], [ 650554.739040448563173, 3492774.946076811756939 ], [ 650531.073576964787208, 3492794.367820768151432 ], [ 650528.07281410950236, 3492824.835077331401408 ], [ 650547.494558065664023, 3492848.500540814828128 ], [ 650577.961814628913999, 3492851.501303670462221 ], [ 650601.627278112689964, 3492832.079559714067727 ], [ 650604.628040967974812, 3492801.612303150817752 ] ] ] ] } },
{ "type": "Feature", "properties": { "depth_bin": "-20--15" }, "geometry": { "type": "MultiPolygon", "coordinates": [ [ [ [ 649373.064735300489701, 3491705.725525058805943 ], [ 649343.91316688072402, 3491681.801451137289405 ], [ 649307.825282752630301, 3491692.748591105919331 ], [ 649252.954113793210126, 3491766.184260054025799 ], [ 649250.677883877535351, 3491789.295210229698569 ], [ 649261.625023846165277, 3491809.775868596509099 ], [ 649289.909295093617402, 3491821.491597348824143 ], [ 649318.193566341069527, 3491809.775868596509099 ], [ 649371.386404574033804, 3491739.888731826562434 ], [ 649373.064735300489701, 3491705.725525058805943 ] ] ], [ [ [ 649547.811370859737508, 3491981.578291199635714 ], [ 649526.163526853895746, 3491959.930447193793952 ], [ 649492.00032008625567, 3491961.608777920715511 ], [ 649464.60063607187476, 3491993.590602671727538 ], [ 649466.278966798330657, 3492027.75380943948403 ], [ 649489.944430282106623, 3492047.175553395878524 ], [ 649520.411686845356598, 3492044.17479054024443 ], [ 649547.811370859737508, 3492012.192965789232403 ], [ 649547.811370859737508, 3491981.578291199635714 ] ] ], [ [ [ 649809.087714070337825, 3492215.465821299701929 ], [ 649785.422250586561859, 3492196.044077343307436 ], [ 649754.954994023311883, 3492199.044840198941529 ], [ 649735.53325006715022, 3492222.710303682368249 ], [ 649738.534012922435068, 3492253.177560245618224 ], [ 649762.199476406211033, 3492272.599304202012718 ], [ 649792.666732969461009, 3492269.598541346378624 ], [ 649812.088476925622672, 3492245.933077862951905 ], [ 649809.087714070337825, 3492215.465821299701929 ] ] ], [ [ [ 649955.624037822359242, 3492439.732324958778918 ], [ 649933.68794601294212, 3492466.545416498091072 ], [ 649932.36551388411317, 3492493.464140883181244 ], [ 649951.787257840274833, 3492517.129604366607964 ], [ 649982.254514403524809, 3492520.130367222242057 ], [ 650024.09928553912323, 3492480.955703612416983 ], [ 650029.118114476208575, 3492447.121507201343775 ], [ 650016.216232413542457, 3492427.812476157210767 ], [ 649994.761186660150997, 3492418.925505224615335 ], [ 649971.984631573897786, 3492423.456043717917055 ], [ 649955.624037822359242, 3492439.732324958778918 ] ] ], [ [ [ 650344.578513785148971, 3492587.244629916269332 ], [ 650315.42694536538329, 3492563.320555994752795 ], [ 650282.247601118171588, 3492571.631549076642841 ], [ 650267.878117318730801, 3492598.212139204144478 ], [ 650249.267082111327909, 3492608.690962950699031 ], [ 650202.879191639367491, 3492664.746308285742998 ], [ 650198.348653146415018, 3492687.522863371763378 ], [ 650207.235624078777619, 3492708.977909125387669 ], [ 650234.235356600140221, 3492723.409566825721413 ], [ 650263.531773579888977, 3492714.522595893125981 ], [ 650310.810137850930914, 3492659.198043519165367 ], [ 650317.296568524790928, 3492641.315062205307186 ], [ 650340.882116976892576, 3492624.774776531849056 ], [ 650344.578513785148971, 3492587.244629916269332 ] ] ], [ [ [ 650664.169519818620756, 3492727.558143356814981 ], [ 650640.50405633484479, 3492708.136399400420487 ], [ 650610.036799771594815, 3492711.13716225605458 ], [ 650590.615055815433152, 3492734.8026257394813 ], [ 650593.615818670717999, 3492765.269882302731276 ], [ 650617.281282154493965, 3492784.691626259125769 ], [ 650647.748538717743941, 3492781.690863403491676 ], [ 650667.170282673905604, 3492758.025399920064956 ], [ 650664.169519818620756, 3492727.558143356814981 ] ] ], [ [ [ 650591.398464975878596, 3492805.695979445707053 ], [ 650567.73300149210263, 3492786.274235489312559 ], [ 650537.265744928852655, 3492789.274998344946653 ], [ 650517.844000972690992, 3492812.940461828373373 ], [ 650520.844763827975839, 3492843.407718391623348 ], [ 650544.510227311751805, 3492862.829462348017842 ], [ 650574.977483875001781, 3492859.828699492383748 ], [ 650594.399227831163444, 3492836.163236008957028 ], [ 650591.398464975878596, 3492805.695979445707053 ] ] ] ] } },
{ "type": "Feature", "properties": { "depth_bin": "-15--10" }, "geometry": { "type": "MultiPolygon", "coordinates": [ [ [ [ 649132.171289100195281, 3491492.400630615651608 ], [ 649103.0197206804296, 3491468.47655669413507 ], [ 649069.840376433217898, 3491476.787549776025116 ], [ 649055.30887853144668, 3491505.819576284382492 ], [ 649019.376778606674634, 3491539.466775982640684 ], [ 649016.524570840178058, 3491558.694798890501261 ], [ 649025.411541772540659, 3491580.149844644125551 ], [ 649052.411274293903261, 3491594.581502344459295 ], [ 649081.707691273652017, 3491585.694531411863863 ], [ 649100.504304176545702, 3491566.203621270135045 ], [ 649107.152748952736147, 3491545.869203575421125 ], [ 649130.492958373739384, 3491526.563837383408099 ], [ 649132.171289100195281, 3491492.400630615651608 ] ] ], [ [ [ 649385.481527841999196, 3491674.65299658337608 ], [ 649358.008290148689412, 3491654.277454840019345 ], [ 649324.828945901477709, 3491662.588447921909392 ], [ 649304.540374519769102, 3491700.01262344000861 ], [ 649312.851367601309903, 3491733.191967687569559 ], [ 649339.851100122672506, 3491747.623625387903303 ], [ 649369.147517102421261, 3491738.736654455307871 ], [ 649388.482290697284043, 3491705.120253146626055 ], [ 649385.481527841999196, 3491674.65299658337608 ] ] ], [ [ [ 649317.090179715421982, 3491778.008204977959394 ], [ 649291.746385505190119, 3491755.037928843405098 ], [ 649257.912189094233327, 3491760.056757780723274 ], [ 649224.641047121607699, 3491802.122631256934255 ], [ 649228.337443929864094, 3491839.65277787251398 ], [ 649253.79261554137338, 3491856.661379768047482 ], [ 649283.819037742796354, 3491850.688753043767065 ], [ 649317.090179715421982, 3491808.622879567556083 ], [ 649317.090179715421982, 3491778.008204977959394 ] ] ], [ [ [ 649527.353671128395945, 3492001.882313570007682 ], [ 649499.880433435086161, 3491981.506771826650947 ], [ 649469.854011233663186, 3491987.479398550931364 ], [ 649444.464713901397772, 3492021.28758675372228 ], [ 649449.483542838483118, 3492055.121783164795488 ], [ 649474.938714449992403, 3492072.13038506032899 ], [ 649504.965136651415378, 3492066.157758336048573 ], [ 649530.354433983680792, 3492032.349570133257657 ], [ 649527.353671128395945, 3492001.882313570007682 ] ] ], [ [ [ 649831.379528201650828, 3492196.328270558267832 ], [ 649802.227959781885147, 3492172.404196636751294 ], [ 649769.048615534673445, 3492180.715189718641341 ], [ 649710.120886687189341, 3492256.228727690409869 ], [ 649707.268678920692764, 3492275.456750598270446 ], [ 649716.155649853055365, 3492296.911796351894736 ], [ 649743.155382374417968, 3492311.343454052228481 ], [ 649772.451799354166724, 3492302.456483119633049 ], [ 649829.701197475194931, 3492230.491477326024324 ], [ 649831.379528201650828, 3492196.328270558267832 ] ] ], [ [ [ 650036.619255183381028, 3492431.09378634672612 ], [ 650007.467686763615347, 3492407.169712425209582 ], [ 649974.288342516403645, 3492415.480705507099628 ], [ 649962.708892582566477, 3492431.09378634672612 ], [ 649960.396729879081249, 3492453.962497343774885 ], [ 649936.246579985017888, 3492462.981870252639055 ], [ 649914.177076410036534, 3492489.889317219145596 ], [ 649911.324868643539958, 3492509.117340127006173 ], [ 649920.211839575902559, 3492530.572385880630463 ], [ 649947.211572097265162, 3492545.004043580964208 ], [ 649976.507989077013917, 3492536.117072648368776 ], [ 649996.899161925539374, 3492512.758157860022038 ], [ 650000.8896553554805, 3492486.34091468481347 ], [ 650021.886883203755133, 3492479.659908133558929 ], [ 650034.940924456925131, 3492465.256993114482611 ], [ 650036.619255183381028, 3492431.09378634672612 ] ] ], [ [ [ 650263.406703003682196, 3492676.268406366463751 ], [ 650235.933465310372412, 3492655.892864623107016 ], [ 650205.907043108949438, 3492661.865491347387433 ], [ 650180.478582340059802, 3492695.401419369503856 ], [ 650185.497411277145147, 3492729.235615780577064 ], [ 650210.952582888654433, 3492746.244217676110566 ], [ 650240.979005090077408, 3492740.271590951830149 ], [ 650266.407465858967043, 3492706.735662929713726 ], [ 650263.406703003682196, 3492676.268406366463751 ] ] ] ] } },
{ "type": "Feature", "properties": { "depth_bin": "-10--5" }, "geometry": { "type": "MultiPolygon", "coordinates": [ [ [ [ 648907.571626711287536, 3491261.656247690320015 ], [ 648885.923782705445774, 3491240.008403684478253 ], [ 648855.309108116314746, 3491240.008403684478253 ], [ 648833.661264110472985, 3491261.656247690320015 ], [ 648833.661264110472985, 3491292.270922279916704 ], [ 648855.309108116314746, 3491313.918766285758466 ], [ 648885.923782705445774, 3491313.918766285758466 ], [ 648907.571626711287536, 3491292.270922279916704 ], [ 648907.571626711287536, 3491261.656247690320015 ] ] ], [ [ [ 648805.835740499780513, 3491392.555780691560358 ], [ 648782.170277016004547, 3491373.134036735165864 ], [ 648751.703020452754572, 3491376.134799590799958 ], [ 648732.281276496592909, 3491399.800263074226677 ], [ 648735.282039351877756, 3491430.267519637476653 ], [ 648758.947502835653722, 3491449.689263593871146 ], [ 648789.414759398903698, 3491446.688500738237053 ], [ 648808.836503355065361, 3491423.023037254810333 ], [ 648805.835740499780513, 3491392.555780691560358 ] ] ], [ [ [ 649122.168534073280171, 3491501.726452763658017 ], [ 649094.695296379970387, 3491481.350911020301282 ], [ 649058.607412251876667, 3491492.298050988931209 ], [ 649037.681541947065853, 3491527.968195912893862 ], [ 649016.116734301438555, 3491541.435120599344373 ], [ 648993.573964473325759, 3491577.222036399878561 ], [ 648991.297734557650983, 3491600.332986575551331 ], [ 649002.24487452628091, 3491620.813644942361861 ], [ 649030.529145773733035, 3491632.529373694676906 ], [ 649058.81341702118516, 3491620.813644942361861 ], [ 649086.746926005580463, 3491571.389607808087021 ], [ 649122.168534073280171, 3491539.438191709574312 ], [ 649122.168534073280171, 3491501.726452763658017 ] ] ], [ [ [ 649292.105267575243488, 3491816.222347753122449 ], [ 649270.457423569401726, 3491794.574503747280687 ], [ 649236.29421680176165, 3491796.252834474202245 ], [ 649208.701471032109112, 3491828.278649548068643 ], [ 649210.379801758565009, 3491862.441856315825135 ], [ 649234.045265242340975, 3491881.863600272219628 ], [ 649264.51252180559095, 3491878.862837416585535 ], [ 649292.105267575243488, 3491846.837022342719138 ], [ 649292.105267575243488, 3491816.222347753122449 ] ] ], [ [ [ 649599.829710471211001, 3491904.033294342458248 ], [ 649572.356472777901217, 3491883.657752599101514 ], [ 649539.177128530689515, 3491891.96874568099156 ], [ 649509.198119859443977, 3491936.580046779010445 ], [ 649516.555315154138952, 3491973.567165235988796 ], [ 649543.555047675501555, 3491987.99882293632254 ], [ 649572.851464655250311, 3491979.111852003727108 ], [ 649601.508041197666898, 3491938.19650111021474 ], [ 649599.829710471211001, 3491904.033294342458248 ] ] ], [ [ [ 649510.062862387858331, 3492026.944634839892387 ], [ 649486.397398904082365, 3492007.522890883497894 ], [ 649455.93014234083239, 3492010.523653739131987 ], [ 649436.508398384670727, 3492034.189117222558707 ], [ 649439.509161239955574, 3492064.656373785808682 ], [ 649463.17462472373154, 3492084.078117742203176 ], [ 649493.641881286981516, 3492081.077354886569083 ], [ 649513.063625243143179, 3492057.411891403142363 ], [ 649510.062862387858331, 3492026.944634839892387 ] ] ], [ [ [ 649613.448067371966317, 3492368.414115304592997 ], [ 649599.016409671632573, 3492395.4138478259556 ], [ 649607.903380603995174, 3492424.710264805704355 ], [ 649631.02018585789483, 3492438.565944655332714 ], [ 649661.046608059317805, 3492432.593317931052297 ], [ 649695.706762974732555, 3492391.826310039497912 ], [ 649692.764918468077667, 3492355.555057884659618 ], [ 649731.027717526070774, 3492352.205179874319583 ], [ 649748.682298211962916, 3492321.442179133184254 ], [ 649770.348951643449254, 3492305.382551640272141 ], [ 649777.090167151298374, 3492283.159742319490761 ], [ 649770.348951643449254, 3492260.936932998709381 ], [ 649744.893780031939968, 3492243.928331103175879 ], [ 649714.867357830516994, 3492249.900957827456295 ], [ 649697.212777144624852, 3492280.663958568591624 ], [ 649671.849726904882118, 3492303.639058087486774 ], [ 649674.791571411537006, 3492339.910310242325068 ], [ 649643.444244379759766, 3492339.563791444059461 ], [ 649613.448067371966317, 3492368.414115304592997 ] ] ], [ [ [ 649840.939460022840649, 3492184.672904094215482 ], [ 649819.291616016998887, 3492163.025060088373721 ], [ 649788.67694142786786, 3492163.025060088373721 ], [ 649767.029097422026098, 3492184.672904094215482 ], [ 649767.029097422026098, 3492215.287578683812171 ], [ 649788.67694142786786, 3492236.935422689653933 ], [ 649819.291616016998887, 3492236.935422689653933 ], [ 649840.939460022840649, 3492215.287578683812171 ], [ 649840.939460022840649, 3492184.672904094215482 ] ] ], [ [ [ 650043.917630847543478, 3492415.052598112262785 ], [ 650020.252167363767512, 3492395.630854155868292 ], [ 649989.784910800517537, 3492398.631617011502385 ], [ 649970.363166844355874, 3492422.297080494929105 ], [ 649973.363929699640721, 3492452.76433705817908 ], [ 649997.029393183416687, 3492472.186081014573574 ], [ 650027.496649746666662, 3492469.185318158939481 ], [ 650046.918393702828325, 3492445.519854675512761 ], [ 650043.917630847543478, 3492415.052598112262785 ] ] ], [ [ [ 649975.530465356772766, 3492497.070929592940956 ], [ 649948.057227663462982, 3492476.695387849584222 ], [ 649911.969343535369262, 3492487.642527818214148 ], [ 649887.597656612051651, 3492536.517037072684616 ], [ 649898.544796580681577, 3492572.604921201243997 ], [ 649926.829067828133702, 3492584.320649953559041 ], [ 649955.113339075585827, 3492572.604921201243997 ], [ 649978.531228212057613, 3492527.538186156190932 ], [ 649975.530465356772766, 3492497.070929592940956 ] ] ], [ [ [ 650352.987175850314088, 3492572.428493872750551 ], [ 650329.321712366538122, 3492553.006749916356057 ], [ 650298.854455803288147, 3492556.00751277199015 ], [ 650279.432711847126484, 3492579.67297625541687 ], [ 650282.433474702411331, 3492610.140232818666846 ], [ 650306.098938186187297, 3492629.561976775061339 ], [ 650336.566194749437273, 3492626.561213919427246 ], [ 650355.987938705598935, 3492602.895750436000526 ], [ 650352.987175850314088, 3492572.428493872750551 ] ] ], [ [ [ 650244.031584558309987, 3492699.542521836236119 ], [ 650216.558346865000203, 3492679.166980092879385 ], [ 650183.379002617788501, 3492687.477973174769431 ], [ 650151.701665340806358, 3492730.971911314409226 ], [ 650159.058860635501333, 3492767.959029771387577 ], [ 650186.058593156863935, 3492782.390687471721321 ], [ 650215.355010136612691, 3492773.50371653912589 ], [ 650245.709915284765884, 3492733.705728603992611 ], [ 650244.031584558309987, 3492699.542521836236119 ] ] ], [ [ [ 650580.477329492219724, 3492816.419008896220475 ], [ 650556.811866008443758, 3492796.997264939825982 ], [ 650526.344609445193782, 3492799.998027795460075 ], [ 650506.92286548903212, 3492823.663491278886795 ], [ 650509.923628344316967, 3492854.13074784213677 ], [ 650533.589091828092933, 3492873.552491798531264 ], [ 650564.056348391342908, 3492870.551728942897171 ], [ 650583.478092347504571, 3492846.886265459470451 ], [ 650580.477329492219724, 3492816.419008896220475 ] ] ] ] } },
{ "type": "Feature", "properties": { "depth_bin": "-5-0" }, "geometry": { "type": "MultiPolygon", "coordinates": [ [ [ [ 648915.03888541564811, 3491245.811217573471367 ], [ 648887.565647722338326, 3491225.435675830114633 ], [ 648854.386303475126624, 3491233.746668912004679 ], [ 648824.104402191820554, 3491278.158531284425408 ], [ 648831.461597486515529, 3491315.145649741403759 ], [ 648858.461330007878132, 3491329.577307441737503 ], [ 648887.757746987626888, 3491320.690336509142071 ], [ 648916.717216142104007, 3491279.974424341227859 ], [ 648915.03888541564811, 3491245.811217573471367 ] ] ], [ [ [ 648842.553556063212454, 3491343.943389809690416 ], [ 648815.08031836990267, 3491323.567848066333681 ], [ 648778.992434241808951, 3491334.514988034963608 ], [ 648714.641557592898607, 3491419.958467800170183 ], [ 648712.365327677223831, 3491443.069417975842953 ], [ 648723.312467645853758, 3491463.550076342653483 ], [ 648751.596738893305883, 3491475.265805094968528 ], [ 648779.881010140758008, 3491463.550076342653483 ], [ 648842.553556063212454, 3491381.655128755606711 ], [ 648842.553556063212454, 3491343.943389809690416 ] ] ], [ [ [ 649052.294503701268695, 3491580.628394084982574 ], [ 649026.839332089759409, 3491563.619792189449072 ], [ 648993.659987842547707, 3491571.930785271339118 ], [ 648971.832946355338208, 3491608.314568233676255 ], [ 648980.143939436879009, 3491641.493912481237203 ], [ 649007.143671958241612, 3491655.925570181570947 ], [ 649036.440088937990367, 3491647.038599248975515 ], [ 649058.267130425199866, 3491610.654816286638379 ], [ 649052.294503701268695, 3491580.628394084982574 ] ] ], [ [ [ 649397.731991466600448, 3491664.916544036008418 ], [ 649374.066527982824482, 3491645.494800079613924 ], [ 649343.599271419574507, 3491648.495562935248017 ], [ 649324.177527463412844, 3491672.161026418674737 ], [ 649327.178290318697691, 3491702.628282981924713 ], [ 649350.843753802473657, 3491722.050026938319206 ], [ 649381.311010365723632, 3491719.049264082685113 ], [ 649400.732754321885295, 3491695.383800599258393 ], [ 649397.731991466600448, 3491664.916544036008418 ] ] ], [ [ [ 649272.112428175285459, 3491837.217434749938548 ], [ 649244.639190481975675, 3491816.841893006581813 ], [ 649211.459846234763972, 3491825.15288608847186 ], [ 649190.147466742433608, 3491861.555214654654264 ], [ 649198.458459823974408, 3491894.734558902215213 ], [ 649225.458192345337011, 3491909.166216602548957 ], [ 649254.754609325085767, 3491900.279245669953525 ], [ 649275.113191030570306, 3491867.684691313188523 ], [ 649272.112428175285459, 3491837.217434749938548 ] ] ], [ [ [ 649418.549016240634955, 3492147.117359193507582 ], [ 649393.09384462912567, 3492130.10875729797408 ], [ 649363.067422427702695, 3492136.081384022254497 ], [ 649346.058820532402024, 3492161.536555633414537 ], [ 649352.031447256333195, 3492191.562977835070342 ], [ 649377.486618867842481, 3492208.571579730603844 ], [ 649407.513041069265455, 3492202.598953006323427 ], [ 649424.521642964566126, 3492177.143781395163387 ], [ 649418.549016240634955, 3492147.117359193507582 ] ] ], [ [ [ 649498.143973253085278, 3492035.462561565451324 ], [ 649472.688801641575992, 3492018.453959669917822 ], [ 649439.50945739436429, 3492026.764952751807868 ], [ 649408.027978140627965, 3492070.236119037959725 ], [ 649415.38517343532294, 3492107.223237494938076 ], [ 649442.384905956685543, 3492121.65489519527182 ], [ 649471.681322936434299, 3492112.767924262676388 ], [ 649503.162802190170623, 3492069.296757976524532 ], [ 649498.143973253085278, 3492035.462561565451324 ] ] ], [ [ [ 649762.976817844784819, 3492276.249891310464591 ], [ 649735.503580151475035, 3492255.874349567107856 ], [ 649699.415696023381315, 3492266.821489535737783 ], [ 649632.287214865675196, 3492349.880797692574561 ], [ 649630.01098495000042, 3492372.99174786824733 ], [ 649640.958124918630347, 3492393.472406235057861 ], [ 649669.242396166082472, 3492405.188134987372905 ], [ 649697.526667413534597, 3492393.472406235057861 ], [ 649762.976817844784819, 3492313.961630256380886 ], [ 649762.976817844784819, 3492276.249891310464591 ] ] ], [ [ [ 650053.859284462640062, 3492403.747861228883266 ], [ 650030.193820978864096, 3492384.326117272488773 ], [ 649999.726564415614121, 3492387.326880128122866 ], [ 649980.304820459452458, 3492410.992343611549586 ], [ 649983.305583314737305, 3492441.459600174799562 ], [ 650006.971046798513271, 3492460.881344131194055 ], [ 650037.438303361763246, 3492457.880581275559962 ], [ 650056.860047317924909, 3492434.215117792133242 ], [ 650053.859284462640062, 3492403.747861228883266 ] ] ], [ [ [ 649951.392322396626696, 3492534.682643570005894 ], [ 649925.93715078511741, 3492517.674041674472392 ], [ 649895.910728583694436, 3492523.646668398752809 ], [ 649878.902126688393764, 3492549.101840009912848 ], [ 649884.874753412324935, 3492579.128262211568654 ], [ 649910.329925023834221, 3492596.136864107102156 ], [ 649940.356347225257196, 3492590.164237382821739 ], [ 649957.364949120557867, 3492564.709065771661699 ], [ 649951.392322396626696, 3492534.682643570005894 ] ] ], [ [ [ 650673.256353921140544, 3492713.810973268467933 ], [ 650647.801182309631258, 3492696.802371372934431 ], [ 650617.774760108208284, 3492702.774998097214848 ], [ 650600.766158212907612, 3492728.230169708374888 ], [ 650606.738784936838783, 3492758.256591910030693 ], [ 650632.193956548348069, 3492775.265193805564195 ], [ 650662.220378749771044, 3492769.292567081283778 ], [ 650679.228980645071715, 3492743.837395470123738 ], [ 650673.256353921140544, 3492713.810973268467933 ] ] ], [ [ [ 650215.428884758614004, 3492735.342776162549853 ], [ 650191.763421274838038, 3492715.92103220615536 ], [ 650161.296164711588062, 3492718.921795061789453 ], [ 650141.874420755426399, 3492742.587258545216173 ], [ 650144.875183610711247, 3492773.054515108466148 ], [ 650168.540647094487213, 3492792.476259064860642 ], [ 650199.007903657737188, 3492789.475496209226549 ], [ 650218.429647613898851, 3492765.810032725799829 ], [ 650215.428884758614004, 3492735.342776162549853 ] ] ], [ [ [ 650570.208080154727213, 3492827.407846632879227 ], [ 650542.734842461417429, 3492807.032304889522493 ], [ 650509.555498214205727, 3492815.343297971412539 ], [ 650477.600833840086125, 3492858.58049007691443 ], [ 650484.9580291347811, 3492895.567608533892781 ], [ 650511.957761656143703, 3492909.999266234226525 ], [ 650541.254178635892458, 3492901.112295301631093 ], [ 650571.88641088118311, 3492861.571053400635719 ], [ 650570.208080154727213, 3492827.407846632879227 ] ] ], [ [ [ 650951.747549993684515, 3492923.544433335307986 ], [ 650926.292378382175229, 3492906.535831439774483 ], [ 650893.113034134963527, 3492914.84682452166453 ], [ 650847.84153212280944, 3492961.194970620796084 ], [ 650844.989324356312864, 3492980.422993528656662 ], [ 650853.876295288675465, 3493001.878039282280952 ], [ 650880.876027810038067, 3493016.309696982614696 ], [ 650910.172444789786823, 3493007.422726050019264 ], [ 650953.765616075485013, 3492964.623112129047513 ], [ 650958.296154568437487, 3492941.846557043027133 ], [ 650951.747549993684515, 3492923.544433335307986 ] ] ], [ [ [ 651134.764600408147089, 3493251.020007113460451 ], [ 651103.408435447374359, 3493230.068487519398332 ], [ 651064.494272647309117, 3493244.926417099311948 ], [ 650968.902112416457385, 3493314.575192359276116 ], [ 650960.015141484094784, 3493336.030238112900406 ], [ 650966.563746058847755, 3493362.173733046744019 ], [ 650984.515193256433122, 3493376.906105026602745 ], [ 651003.743216164177284, 3493379.758312792982906 ], [ 651048.274720983812585, 3493357.625846301671118 ], [ 651130.408167968736961, 3493295.251607953105122 ], [ 651139.295138901099563, 3493273.796562199480832 ], [ 651134.764600408147089, 3493251.020007113460451 ] ] ] ] } },
{ "type": "Feature", "properties": { "depth_bin": "0-5" }, "geometry": { "type": "MultiPolygon", "coordinates": [ [ [ [ 648401.894916852121241, 3490869.346516659948975 ], [ 648378.229453368345276, 3490849.924772703554481 ], [ 648347.7621968050953, 3490852.925535559188575 ], [ 648328.340452848933637, 3490876.590999042615294 ], [ 648331.341215704218484, 3490907.05825560586527 ], [ 648355.00667918799445, 3490926.479999562259763 ], [ 648385.473935751244426, 3490923.47923670662567 ], [ 648404.895679707406089, 3490899.81377322319895 ], [ 648401.894916852121241, 3490869.346516659948975 ] ] ], [ [ [ 648651.136518562212586, 3491074.074316623620689 ], [ 648621.798419683240354, 3491056.489736877381802 ], [ 648589.593462822609581, 3491068.012854696717113 ], [ 648542.449366844492033, 3491133.052863765507936 ], [ 648541.495569057646208, 3491152.46786373667419 ], [ 648552.442709026276134, 3491172.94852210348472 ], [ 648580.726980273728259, 3491184.664250855799764 ], [ 648609.011251521180384, 3491172.94852210348472 ], [ 648654.832915370468982, 3491111.604463239200413 ], [ 648651.136518562212586, 3491074.074316623620689 ] ] ], [ [ [ 648924.293147022253834, 3491233.93500126618892 ], [ 648896.81990932894405, 3491213.559459522832185 ], [ 648860.73202520085033, 3491224.506599491462111 ], [ 648850.738683019066229, 3491241.179483648855239 ], [ 648850.183268812019378, 3491262.184920022264123 ], [ 648824.897951368358918, 3491273.753319621551782 ], [ 648779.962619477300905, 3491335.628139934968203 ], [ 648777.686389561626129, 3491358.739090110640973 ], [ 648788.633529530256055, 3491379.219748477451503 ], [ 648816.91780077770818, 3491390.935477229766548 ], [ 648845.202072025160305, 3491379.219748477451503 ], [ 648888.459073189762421, 3491320.893460342194885 ], [ 648892.01525025209412, 3491292.643541586119682 ], [ 648924.293147022253834, 3491271.646740212105215 ], [ 648924.293147022253834, 3491233.93500126618892 ] ] ], [ [ [ 648778.005686637712643, 3491428.941698091570288 ], [ 648750.532448944402859, 3491408.566156348213553 ], [ 648717.353104697191156, 3491416.8771494301036 ], [ 648686.715415189857595, 3491460.752959044184536 ], [ 648694.07261048455257, 3491497.740077501162887 ], [ 648721.072343005915172, 3491512.171735201496631 ], [ 648750.368759985663928, 3491503.284764268901199 ], [ 648779.68401736416854, 3491463.10490485932678 ], [ 648778.005686637712643, 3491428.941698091570288 ] ] ], [ [ [ 649037.566850209143013, 3491609.586146008688956 ], [ 649010.093612515833229, 3491589.210604265332222 ], [ 648980.067190314410254, 3491595.183230989612639 ], [ 648955.059364431654103, 3491629.226215541362762 ], [ 648960.078193368739448, 3491663.06041195243597 ], [ 648985.533364980248734, 3491680.069013847969472 ], [ 649015.559787181671709, 3491674.096387123689055 ], [ 649040.56761306442786, 3491640.053402571938932 ], [ 649037.566850209143013, 3491609.586146008688956 ] ] ], [ [ [ 649136.484132099663839, 3491472.539219361264259 ], [ 649111.028960488154553, 3491455.530617465730757 ], [ 649081.002538286731578, 3491461.503244190011173 ], [ 649063.993936391430907, 3491486.958415801171213 ], [ 649069.966563115362078, 3491516.984838002827018 ], [ 649095.421734726871364, 3491533.993439898360521 ], [ 649125.448156928294338, 3491528.020813174080104 ], [ 649142.45675882359501, 3491502.565641562920064 ], [ 649136.484132099663839, 3491472.539219361264259 ] ] ], [ [ [ 649254.361341534764506, 3491861.90578642161563 ], [ 649226.888103841454722, 3491841.530244678258896 ], [ 649196.861681640031748, 3491847.502871402539313 ], [ 649171.632297604926862, 3491881.381947968620807 ], [ 649176.651126542012207, 3491915.216144379694015 ], [ 649202.106298153521493, 3491932.224746275227517 ], [ 649232.132720354944468, 3491926.2521195509471 ], [ 649257.362104390049353, 3491892.373042984865606 ], [ 649254.361341534764506, 3491861.90578642161563 ] ] ], [ [ [ 649606.171073350007646, 3491887.85993960313499 ], [ 649580.71590173849836, 3491870.851337707601488 ], [ 649550.689479537075385, 3491876.823964431881905 ], [ 649533.680877641774714, 3491902.279136043041945 ], [ 649539.653504365705885, 3491932.30555824469775 ], [ 649565.108675977215171, 3491949.314160140231252 ], [ 649595.135098178638145, 3491943.341533415950835 ], [ 649612.143700073938817, 3491917.886361804790795 ], [ 649606.171073350007646, 3491887.85993960313499 ] ] ], [ [ [ 649473.196678083273582, 3492075.626675792038441 ], [ 649445.723440389963798, 3492055.251134048681706 ], [ 649409.635556261870079, 3492066.198274017311633 ], [ 649393.016040893271565, 3492092.256835816893727 ], [ 649391.226273945067078, 3492117.309855021070689 ], [ 649366.258942779386416, 3492128.86263295635581 ], [ 649339.220338387880474, 3492166.186759224161506 ], [ 649336.944108472205698, 3492189.297709399834275 ], [ 649347.891248440835625, 3492209.778367766644806 ], [ 649376.17551968828775, 3492221.49409651895985 ], [ 649404.459790935739875, 3492209.778367766644806 ], [ 649431.498395327245817, 3492172.45424149883911 ], [ 649433.288162275450304, 3492147.401222294662148 ], [ 649455.346953560248949, 3492138.484591246116906 ], [ 649473.196678083273582, 3492113.338414737954736 ], [ 649473.196678083273582, 3492075.626675792038441 ] ] ], [ [ [ 649846.34425799921155, 3492165.289113569073379 ], [ 649820.889086387702264, 3492148.280511673539877 ], [ 649790.862664186279289, 3492154.253138397820294 ], [ 649773.854062290978618, 3492179.708310008980334 ], [ 649779.826689014909789, 3492209.734732210636139 ], [ 649805.281860626419075, 3492226.743334106169641 ], [ 649835.308282827842049, 3492220.770707381889224 ], [ 649852.316884723142721, 3492195.315535770729184 ], [ 649846.34425799921155, 3492165.289113569073379 ] ] ], [ [ [ 649712.303097747848369, 3492331.635902638547122 ], [ 649682.964998868876137, 3492314.051322892308235 ], [ 649650.760042008245364, 3492325.574440711643547 ], [ 649639.236924188793637, 3492349.93802634626627 ], [ 649644.921555390465073, 3492374.640068790875375 ], [ 649614.301568066119216, 3492374.637556054163724 ], [ 649592.653724060277455, 3492396.285400060005486 ], [ 649590.377494144602679, 3492419.396350235678256 ], [ 649601.324634113232605, 3492439.877008602488786 ], [ 649629.60890536068473, 3492451.59273735480383 ], [ 649657.893176608136855, 3492439.877008602488786 ], [ 649669.416294427588582, 3492415.513422967866063 ], [ 649663.731663225917146, 3492390.811380523256958 ], [ 649690.655700345872901, 3492392.136325388681144 ], [ 649714.321163829648867, 3492372.71458143228665 ], [ 649718.851702322601341, 3492349.93802634626627 ], [ 649712.303097747848369, 3492331.635902638547122 ] ] ], [ [ [ 650558.734746892936528, 3492836.149985052179545 ], [ 650529.396648013964295, 3492818.565405305940658 ], [ 650497.191691153333522, 3492830.08852312527597 ], [ 650436.636470425873995, 3492898.82258490845561 ], [ 650434.360240510199219, 3492921.93353508412838 ], [ 650445.307380478829145, 3492942.41419345093891 ], [ 650473.59165172628127, 3492954.129922203253955 ], [ 650501.875922973733395, 3492942.41419345093891 ], [ 650560.752812974737026, 3492877.228663845919073 ], [ 650565.283351467689499, 3492854.452108759898692 ], [ 650558.734746892936528, 3492836.149985052179545 ] ] ], [ [ [ 650681.211046962765977, 3493111.81596768181771 ], [ 650666.779389262432232, 3493138.815700203180313 ], [ 650675.666360194794834, 3493168.112117182929069 ], [ 650698.78316544869449, 3493181.967797032557428 ], [ 650728.809587650117464, 3493175.995170308277011 ], [ 650869.104750805767253, 3493046.994764069095254 ], [ 650879.756673046504147, 3493027.692680937238038 ], [ 650905.571074787527323, 3493013.436850448604673 ], [ 650914.458045719889924, 3492991.981804694980383 ], [ 650910.823588580125943, 3492971.099854447878897 ], [ 650938.812117193825543, 3492975.851014762651175 ], [ 650961.928922447725199, 3492961.995334913022816 ], [ 650970.8158933800878, 3492940.540289159398526 ], [ 650964.267288805334829, 3492914.396794225554913 ], [ 650938.812117193825543, 3492897.388192330021411 ], [ 650908.785694992402568, 3492903.360819054301828 ], [ 650892.730890883947723, 3492925.008216456044465 ], [ 650894.835572386044078, 3492953.580868180375546 ], [ 650874.650656652986072, 3492948.06111908191815 ], [ 650852.427847332204692, 3492954.802334589883685 ], [ 650835.714463164797053, 3492979.078930966090411 ], [ 650815.44474819174502, 3492987.790074686985463 ], [ 650681.211046962765977, 3493111.81596768181771 ] ] ], [ [ [ 651145.421431761584245, 3493239.149287612177432 ], [ 651119.966260150074959, 3493222.140685716643929 ], [ 651089.939837948651984, 3493228.113312440924346 ], [ 651072.931236053351313, 3493253.568484052084386 ], [ 651078.903862777282484, 3493283.594906253740191 ], [ 651104.35903438879177, 3493300.603508149273694 ], [ 651134.385456590214744, 3493294.630881424993277 ], [ 651151.394058485515416, 3493269.175709813833237 ], [ 651145.421431761584245, 3493239.149287612177432 ] ] ], [ [ [ 651020.223011170397513, 3493326.001789326779544 ], [ 650994.767839558888227, 3493308.993187431246042 ], [ 650964.741417357465252, 3493314.965814155526459 ], [ 650947.732815462164581, 3493340.420985766686499 ], [ 650953.705442186095752, 3493370.447407968342304 ], [ 650979.160613797605038, 3493387.456009863875806 ], [ 651009.187035999028012, 3493381.483383139595389 ], [ 651026.195637894328684, 3493356.028211528435349 ], [ 651020.223011170397513, 3493326.001789326779544 ] ] ] ] } },
{ "type": "Feature", "properties": { "depth_bin": "5-10" }, "geometry": { "type": "MultiPolygon", "coordinates": [ [ [ [ 648151.962646111380309, 3490661.077537805307657 ], [ 648128.297182627604343, 3490641.655793848913163 ], [ 648097.829926064354368, 3490644.656556704547256 ], [ 648078.408182108192705, 3490668.322020187973976 ], [ 648081.408944963477552, 3490698.789276751223952 ], [ 648105.074408447253518, 3490718.211020707618445 ], [ 648135.541665010503493, 3490715.210257851984352 ], [ 648154.963408966665156, 3490691.544794368557632 ], [ 648151.962646111380309, 3490661.077537805307657 ] ] ], [ [ [ 648419.10662077460438, 3490842.272248673252761 ], [ 648389.768521895632148, 3490824.687668927013874 ], [ 648357.563565035001375, 3490836.210786746349186 ], [ 648292.313818959053606, 3490921.028792882338166 ], [ 648290.03758904337883, 3490944.139743058010936 ], [ 648300.984729012008756, 3490964.620401424821466 ], [ 648329.269000259460881, 3490976.336130177136511 ], [ 648357.553271506913006, 3490964.620401424821466 ], [ 648421.124686856404878, 3490883.350927466992289 ], [ 648425.655225349357352, 3490860.574372380971909 ], [ 648419.10662077460438, 3490842.272248673252761 ] ] ], [ [ [ 648299.554677867330611, 3491000.055264365393668 ], [ 648274.099506255821325, 3490983.046662469860166 ], [ 648244.07308405439835, 3490989.019289194140583 ], [ 648227.064482159097679, 3491014.474460805300623 ], [ 648233.03710888302885, 3491044.500883006956428 ], [ 648258.492280494538136, 3491061.50948490248993 ], [ 648288.51870269596111, 3491055.536858178209513 ], [ 648305.527304591261782, 3491030.081686567049474 ], [ 648299.554677867330611, 3491000.055264365393668 ] ] ], [ [ [ 648605.02447317156475, 3491134.809517274610698 ], [ 648575.686374292592518, 3491117.224937528371811 ], [ 648540.845270544872619, 3491131.656595228705555 ], [ 648516.673586847260594, 3491161.512888625264168 ], [ 648511.974714714568108, 3491179.874582440126687 ], [ 648494.649627924780361, 3491192.066597897559404 ], [ 648443.260602532187477, 3491258.695517258252949 ], [ 648439.306041890056804, 3491285.354999612085521 ], [ 648453.161721739568748, 3491308.471804865635931 ], [ 648482.458138719317503, 3491317.358775798231363 ], [ 648509.457871240680106, 3491302.927118097897619 ], [ 648558.828830551472493, 3491239.665138585027307 ], [ 648565.545768765965477, 3491217.936504922341555 ], [ 648607.042539253365248, 3491175.888196068350226 ], [ 648611.573077746317722, 3491153.111640982329845 ], [ 648605.02447317156475, 3491134.809517274610698 ] ] ], [ [ [ 648660.627015385078266, 3491062.13065895717591 ], [ 648635.17184377356898, 3491045.122057061642408 ], [ 648605.145421572146006, 3491051.094683785922825 ], [ 648588.136819676845334, 3491076.549855397082865 ], [ 648594.109446400776505, 3491106.57627759873867 ], [ 648619.564618012285791, 3491123.584879494272172 ], [ 648649.591040213708766, 3491117.612252769991755 ], [ 648666.599642109009437, 3491092.157081158831716 ], [ 648660.627015385078266, 3491062.13065895717591 ] ] ], [ [ [ 648934.315623219707049, 3491222.30311576416716 ], [ 648910.650159735931084, 3491202.881371807772666 ], [ 648880.182903172681108, 3491205.88213466340676 ], [ 648860.761159216519445, 3491229.547598146833479 ], [ 648863.761922071804293, 3491260.014854710083455 ], [ 648887.427385555580258, 3491279.436598666477948 ], [ 648917.894642118830234, 3491276.435835810843855 ], [ 648937.316386074991897, 3491252.770372327417135 ], [ 648934.315623219707049, 3491222.30311576416716 ] ] ], [ [ [ 649155.017004693276249, 3491448.290526489261538 ], [ 649129.561833081766963, 3491431.281924593728036 ], [ 649096.382488834555261, 3491439.592917675618082 ], [ 649074.019662486040033, 3491475.198496794328094 ], [ 649082.330655567580834, 3491508.377841041889042 ], [ 649109.330388088943437, 3491522.809498742222786 ], [ 649138.626805068692192, 3491513.922527809627354 ], [ 649160.98963141720742, 3491478.316948690917343 ], [ 649155.017004693276249, 3491448.290526489261538 ] ] ], [ [ [ 648749.200892310123891, 3491462.431116632185876 ], [ 648723.745720698614605, 3491445.422514736652374 ], [ 648693.71929849719163, 3491451.395141460932791 ], [ 648676.710696601890959, 3491476.850313072092831 ], [ 648682.68332332582213, 3491506.876735273748636 ], [ 648708.138494937331416, 3491523.885337169282138 ], [ 648738.16491713875439, 3491517.912710445001721 ], [ 648755.173519034055062, 3491492.457538833841681 ], [ 648749.200892310123891, 3491462.431116632185876 ] ] ], [ [ [ 649015.600833831587806, 3491629.369497690349817 ], [ 648990.14566222007852, 3491612.360895794816315 ], [ 648956.966317972866818, 3491620.671888876706362 ], [ 648933.798674048040994, 3491655.782400096766651 ], [ 648942.109667129581794, 3491688.961744344327599 ], [ 648969.109399650944397, 3491703.393402044661343 ], [ 648998.405816630693153, 3491694.506431112065911 ], [ 649020.619662768673152, 3491663.203694101423025 ], [ 649015.600833831587806, 3491629.369497690349817 ] ] ], [ [ [ 649234.317179604200646, 3491883.132085036020726 ], [ 649204.979080725228414, 3491865.547505289781839 ], [ 649172.774123864597641, 3491877.07062310911715 ], [ 649155.690936145605519, 3491902.770346998237073 ], [ 649153.412280860589817, 3491925.864946661982685 ], [ 649129.214206372038461, 3491934.886673955246806 ], [ 649109.844197605503723, 3491963.47840622626245 ], [ 649107.567967689828947, 3491986.58935640193522 ], [ 649118.515107658458874, 3492007.07001476874575 ], [ 649146.799378905910999, 3492018.785743521060795 ], [ 649175.083650153363124, 3492007.07001476874575 ], [ 649191.545119039015844, 3491981.114429384469986 ], [ 649193.823774324031547, 3491958.019829720724374 ], [ 649218.021848812582903, 3491948.998102427460253 ], [ 649236.335245686001144, 3491924.210763829760253 ], [ 649240.865784178953618, 3491901.434208743739873 ], [ 649234.317179604200646, 3491883.132085036020726 ] ] ], [ [ [ 649457.067528878338635, 3492101.552558479830623 ], [ 649429.594291185028851, 3492081.177016736473888 ], [ 649393.506407056935132, 3492092.124156705103815 ], [ 649366.687179029220715, 3492129.700558272656053 ], [ 649364.721530600218102, 3492154.051419246010482 ], [ 649345.154376774909906, 3492160.662170765455812 ], [ 649330.42200479528401, 3492178.613617962691933 ], [ 649328.145774879609235, 3492201.724568138364702 ], [ 649339.092914848239161, 3492222.205226505175233 ], [ 649367.377186095691286, 3492233.920955257490277 ], [ 649395.661457343143411, 3492222.205226505175233 ], [ 649405.654799524927512, 3492205.532342347782105 ], [ 649406.298015825101174, 3492184.877431578934193 ], [ 649429.018091696198098, 3492175.928313701879233 ], [ 649457.067528878338635, 3492139.264297425746918 ], [ 649457.067528878338635, 3492101.552558479830623 ] ] ], [ [ [ 649655.767740181297995, 3492404.89372151857242 ], [ 649632.102276697522029, 3492385.471977562177926 ], [ 649601.635020134272054, 3492388.47274041781202 ], [ 649582.213276178110391, 3492412.138203901238739 ], [ 649585.214039033395238, 3492442.605460464488715 ], [ 649608.879502517171204, 3492462.027204420883209 ], [ 649639.34675908042118, 3492459.026441565249115 ], [ 649658.768503036582842, 3492435.360978081822395 ], [ 649655.767740181297995, 3492404.89372151857242 ] ] ], [ [ [ 649824.859497561119497, 3492598.493174257688224 ], [ 649807.629215064342134, 3492624.002842848654836 ], [ 649810.629977919626981, 3492654.470099411904812 ], [ 649830.599491199012846, 3492672.569411239586771 ], [ 649861.214165788143873, 3492672.569411239586771 ], [ 649937.182161379721947, 3492587.219685265794396 ], [ 649940.878558187978342, 3492549.689538650214672 ], [ 649919.23071418213658, 3492528.04169464437291 ], [ 649888.616039593005553, 3492528.04169464437291 ], [ 649824.859497561119497, 3492598.493174257688224 ] ] ], [ [ [ 650063.933298862772062, 3492392.260530712548643 ], [ 650040.267835378996097, 3492372.83878675615415 ], [ 650009.800578815746121, 3492375.839549611788243 ], [ 649990.378834859584458, 3492399.505013095214963 ], [ 649993.379597714869305, 3492429.972269658464938 ], [ 650017.045061198645271, 3492449.394013614859432 ], [ 650047.512317761895247, 3492446.393250759225339 ], [ 650066.93406171805691, 3492422.727787275798619 ], [ 650063.933298862772062, 3492392.260530712548643 ] ] ], [ [ [ 650203.235847613424994, 3492743.475998596753925 ], [ 650177.780676001915708, 3492726.467396701220423 ], [ 650144.601331754704006, 3492734.77838978311047 ], [ 650120.517134850961156, 3492769.089222324080765 ], [ 650128.828127932501957, 3492802.268566571641713 ], [ 650155.82786045386456, 3492816.700224271975458 ], [ 650185.124277433613315, 3492807.813253339380026 ], [ 650208.254676550510339, 3492777.310195007827133 ], [ 650203.235847613424994, 3492743.475998596753925 ] ] ], [ [ [ 650496.15858575492166, 3492902.84913872089237 ], [ 650470.703414143412374, 3492885.840536825358868 ], [ 650440.676991941989399, 3492891.813163549639285 ], [ 650423.668390046688728, 3492917.268335160799325 ], [ 650429.641016770619899, 3492947.29475736245513 ], [ 650455.096188382129185, 3492964.303359257988632 ], [ 650485.122610583552159, 3492958.330732533708215 ], [ 650502.131212478852831, 3492932.875560922548175 ], [ 650496.15858575492166, 3492902.84913872089237 ] ] ], [ [ [ 650828.056116780266166, 3493036.509051967877895 ], [ 650802.60094516875688, 3493019.500450072344393 ], [ 650772.574522967333905, 3493025.47307679662481 ], [ 650755.565921072033234, 3493050.928248407784849 ], [ 650761.538547795964405, 3493080.954670609440655 ], [ 650786.993719407473691, 3493097.963272504974157 ], [ 650817.020141608896665, 3493091.99064578069374 ], [ 650834.028743504197337, 3493066.5354741695337 ], [ 650828.056116780266166, 3493036.509051967877895 ] ] ], [ [ [ 650730.572039487073198, 3493134.036652605049312 ], [ 650706.906576003297232, 3493114.614908648654819 ], [ 650676.439319440047257, 3493117.615671504288912 ], [ 650657.017575483885594, 3493141.281134987715632 ], [ 650660.018338339170441, 3493171.748391550965607 ], [ 650683.683801822946407, 3493191.170135507360101 ], [ 650714.151058386196382, 3493188.169372651726007 ], [ 650733.572802342358045, 3493164.503909168299288 ], [ 650730.572039487073198, 3493134.036652605049312 ] ] ], [ [ [ 651170.734694941784255, 3493222.134733279701322 ], [ 651137.475910449633375, 3493204.357542600482702 ], [ 651102.523941307794303, 3493219.329890828114003 ], [ 651085.515339412493631, 3493244.785062439274043 ], [ 651091.487966136424802, 3493274.811484640929848 ], [ 651124.746750628575683, 3493292.588675320148468 ], [ 651159.698719770414755, 3493277.616327092517167 ], [ 651176.707321665715426, 3493252.161155481357127 ], [ 651170.734694941784255, 3493222.134733279701322 ] ] ], [ [ [ 651009.127281035645865, 3493336.754062251187861 ], [ 650983.672109424136579, 3493319.745460355654359 ], [ 650953.645687222713605, 3493325.718087079934776 ], [ 650925.70776202797424, 3493356.903646953869611 ], [ 650930.726590965059586, 3493390.737843364942819 ], [ 650956.181762576568872, 3493407.746445260476321 ], [ 650986.208184777991846, 3493401.773818536195904 ], [ 651014.14610997273121, 3493370.588258662261069 ], [ 651009.127281035645865, 3493336.754062251187861 ] ] ], [ [ [ 651133.889981529559009, 3493663.254185926634818 ], [ 651108.434809918049723, 3493646.245584031101316 ], [ 651078.408387716626748, 3493652.218210755381733 ], [ 651061.399785821326077, 3493677.673382366541773 ], [ 651067.372412545257248, 3493707.699804568197578 ], [ 651092.827584156766534, 3493724.70840646373108 ], [ 651122.854006358189508, 3493718.735779739450663 ], [ 651139.86260825349018, 3493693.280608128290623 ], [ 651133.889981529559009, 3493663.254185926634818 ] ] ], [ [ [ 651318.90618628275115, 3493937.682939432095736 ], [ 651293.451014671241865, 3493920.674337536562234 ], [ 651263.42459246981889, 3493926.646964260842651 ], [ 651246.415990574518219, 3493952.102135872002691 ], [ 651252.38861729844939, 3493982.128558073658496 ], [ 651277.843788909958676, 3493999.137159969191998 ], [ 651307.87021111138165, 3493993.164533244911581 ], [ 651324.878813006682321, 3493967.709361633751541 ], [ 651318.90618628275115, 3493937.682939432095736 ] ] ] ] } },
{ "type": "Feature", "properties": { "depth_bin": "10-15" }, "geometry": { "type": "MultiPolygon", "coordinates": [ [ [ [ 645771.450284743797965, 3489391.051886005792767 ], [ 645738.191500251647085, 3489373.274695326574147 ], [ 645704.932715759496205, 3489391.051886005792767 ], [ 645671.034834112855606, 3489480.497741053346545 ], [ 645673.887041879352182, 3489499.725763961207122 ], [ 645688.619413858978078, 3489517.677211158443242 ], [ 645718.645836060401052, 3489523.649837882723659 ], [ 645744.101007671910338, 3489506.641235987190157 ], [ 645777.422911467729136, 3489421.078308207448572 ], [ 645771.450284743797965, 3489391.051886005792767 ] ] ], [ [ [ 646096.139608272234909, 3489467.878383741248399 ], [ 646069.139875750872307, 3489453.446726040914655 ], [ 646036.934918890241534, 3489464.969843860249966 ], [ 646019.251139488304034, 3489503.238683930598199 ], [ 646030.774257307755761, 3489535.443640791345388 ], [ 646059.058528555207886, 3489547.159369543660432 ], [ 646087.342799802660011, 3489535.443640791345388 ], [ 646105.02657920459751, 3489497.174800720997155 ], [ 646096.139608272234909, 3489467.878383741248399 ] ] ], [ [ [ 646676.966213632607833, 3489781.947356386575848 ], [ 646642.125109884887934, 3489767.515698686242104 ], [ 646612.787011005915701, 3489785.100278432480991 ], [ 646584.330356185208075, 3489860.382854597643018 ], [ 646587.182563951704651, 3489879.610877505503595 ], [ 646601.914935931330547, 3489897.562324702739716 ], [ 646631.941358132753521, 3489903.534951427020133 ], [ 646657.396529744262807, 3489886.52634953148663 ], [ 646685.277206714148633, 3489815.126700634136796 ], [ 646676.966213632607833, 3489781.947356386575848 ] ] ], [ [ [ 647006.118229359737597, 3489881.165219174232334 ], [ 646979.118496838374995, 3489866.73356147389859 ], [ 646949.822079858626239, 3489875.620532406494021 ], [ 646935.390422158292495, 3489902.620264927856624 ], [ 646944.277393090655096, 3489931.91668190760538 ], [ 646971.277125612017699, 3489946.348339607939124 ], [ 647000.573542591766454, 3489937.461368675343692 ], [ 647015.005200292100199, 3489910.46163615398109 ], [ 647006.118229359737597, 3489881.165219174232334 ] ] ], [ [ [ 647595.307768897386268, 3490249.849161679390818 ], [ 647568.308036376023665, 3490235.417503979057074 ], [ 647539.011619396274909, 3490244.304474911652505 ], [ 647524.579961695941165, 3490271.304207433015108 ], [ 647533.466932628303766, 3490300.600624412763864 ], [ 647560.466665149666369, 3490315.032282113097608 ], [ 647589.763082129415125, 3490306.145311180502176 ], [ 647604.194739829748869, 3490279.145578659139574 ], [ 647595.307768897386268, 3490249.849161679390818 ] ] ], [ [ [ 647890.121893437462859, 3490455.657605697866529 ], [ 647860.783794558490627, 3490438.073025951627642 ], [ 647825.942690810770728, 3490452.504683651961386 ], [ 647767.001290097250603, 3490537.097576431930065 ], [ 647764.725060181575827, 3490560.208526607602835 ], [ 647778.580740031087771, 3490583.325331861153245 ], [ 647807.877157010836527, 3490592.212302793748677 ], [ 647834.876889532199129, 3490577.780645093414932 ], [ 647893.818290245719254, 3490493.187752313446254 ], [ 647890.121893437462859, 3490455.657605697866529 ] ] ], [ [ [ 648083.802518475917168, 3490662.519848807249218 ], [ 647997.830318324500695, 3490774.633279465604573 ], [ 647997.830318324500695, 3490805.247954055201262 ], [ 648019.478162330342457, 3490826.895798061043024 ], [ 648042.589112505549565, 3490829.1720279767178 ], [ 648063.069770872360095, 3490818.224888008087873 ], [ 648134.383714502444491, 3490728.546992763411254 ], [ 648166.532922207494266, 3490672.265354591421783 ], [ 648157.645951275131665, 3490642.968937611673027 ], [ 648130.646218753769062, 3490628.537279911339283 ], [ 648104.502723819809034, 3490635.085884486325085 ], [ 648083.802518475917168, 3490662.519848807249218 ] ] ], [ [ [ 648352.654696812736802, 3490924.329392245505005 ], [ 648333.345665768370964, 3490911.427510182838887 ], [ 648310.122891588020138, 3490911.427510182838887 ], [ 648269.696389113436453, 3490946.445294782985002 ], [ 648174.914628950646147, 3491075.558247109409422 ], [ 648170.960068308515474, 3491102.217729463241994 ], [ 648184.815748158027418, 3491125.334534716792405 ], [ 648202.387866643955931, 3491133.645527798682451 ], [ 648225.498816819163039, 3491131.369297883007675 ], [ 648270.525217623566277, 3491084.844775502569973 ], [ 648357.01112925214693, 3490968.560993085149676 ], [ 648361.541667745099403, 3490945.784437999129295 ], [ 648352.654696812736802, 3490924.329392245505005 ] ] ], [ [ [ 648572.860437748371623, 3491166.381363233085722 ], [ 648545.860705227009021, 3491151.949705532751977 ], [ 648513.655748366378248, 3491163.472823352087289 ], [ 648493.76228222087957, 3491200.590604800730944 ], [ 648505.285400040331297, 3491232.795561661478132 ], [ 648533.569671287783422, 3491244.511290413793176 ], [ 648561.853942535235547, 3491232.795561661478132 ], [ 648581.171430829912424, 3491199.56070748064667 ], [ 648572.860437748371623, 3491166.381363233085722 ] ] ], [ [ [ 648939.948135164566338, 3491204.156650657765567 ], [ 648912.948402643203735, 3491189.724992957431823 ], [ 648883.65198566345498, 3491198.611963890027255 ], [ 648869.220327963121235, 3491225.611696411389858 ], [ 648878.107298895483837, 3491254.908113391138613 ], [ 648905.107031416846439, 3491269.339771091472358 ], [ 648934.403448396595195, 3491260.452800158876926 ], [ 648948.835106096928939, 3491233.453067637514323 ], [ 648939.948135164566338, 3491204.156650657765567 ] ] ], [ [ [ 648501.613279196084477, 3491265.372584547381848 ], [ 648482.304248151718639, 3491252.47070248471573 ], [ 648459.081473971367814, 3491252.47070248471573 ], [ 648419.529694582684897, 3491288.366343866102397 ], [ 648411.648304427275434, 3491323.260759132914245 ], [ 648389.34113765170332, 3491332.189592086710036 ], [ 648376.439255589037202, 3491351.498623130843043 ], [ 648376.439255589037202, 3491374.721397311426699 ], [ 648389.34113765170332, 3491394.030428355559707 ], [ 648418.637554631452076, 3491402.917399288155138 ], [ 648445.637287152814679, 3491388.485741587821394 ], [ 648453.518677308224142, 3491353.591326321009547 ], [ 648475.825844083796255, 3491344.662493367213756 ], [ 648507.648042361950502, 3491306.055653208866715 ], [ 648510.500250128447078, 3491286.827630301006138 ], [ 648501.613279196084477, 3491265.372584547381848 ] ] ], [ [ [ 648736.992172237602063, 3491471.044868658296764 ], [ 648709.99243971623946, 3491456.61321095796302 ], [ 648677.787482855608687, 3491468.136328777298331 ], [ 648648.667179475189187, 3491512.868274768348783 ], [ 648659.614319443819113, 3491548.956158896908164 ], [ 648687.898590691271238, 3491560.671887649223208 ], [ 648716.182861938723363, 3491548.956158896908164 ], [ 648744.349367532297038, 3491508.031987115275115 ], [ 648736.992172237602063, 3491471.044868658296764 ] ] ], [ [ [ 648995.532978081144392, 3491650.899334320332855 ], [ 648964.612559946603142, 3491636.275065687019378 ], [ 648933.692141812061891, 3491650.899334320332855 ], [ 648853.349723788443953, 3491757.68666285648942 ], [ 648851.073493872769177, 3491780.797613032162189 ], [ 648864.929173722281121, 3491803.9144182857126 ], [ 648894.225590702029876, 3491812.801389218308032 ], [ 648921.225323223392479, 3491798.369731517974287 ], [ 648999.88941052055452, 3491695.130935159977525 ], [ 649004.419949013506994, 3491672.354380073957145 ], [ 648995.532978081144392, 3491650.899334320332855 ] ] ], [ [ [ 649173.032261831220239, 3492010.016775605268776 ], [ 649177.702658993890509, 3491990.087109143845737 ], [ 649205.852649924112484, 3491968.240168717224151 ], [ 649223.601092345197685, 3491934.265396324452013 ], [ 649214.714121412835084, 3491904.968979344703257 ], [ 649187.714388891472481, 3491890.537321644369513 ], [ 649161.570893957512453, 3491897.085926219355315 ], [ 649129.603127410518937, 3491930.742169877979904 ], [ 649122.914664166048169, 3491954.038776187226176 ], [ 649106.83499312272761, 3491965.785174765624106 ], [ 649068.266045359778218, 3492022.676379949320108 ], [ 649066.587714633322321, 3492056.8395867170766 ], [ 649088.235558639164083, 3492078.487430722918361 ], [ 649118.85023322829511, 3492078.487430722918361 ], [ 649134.463314068270847, 3492066.907980788964778 ], [ 649173.032261831220239, 3492010.016775605268776 ] ] ], [ [ [ 649161.818636021227576, 3491432.944570124149323 ], [ 649134.818903499864973, 3491418.512912423815578 ], [ 649105.522486520116217, 3491427.39988335641101 ], [ 649091.090828819782473, 3491454.399615877773613 ], [ 649099.977799752145074, 3491483.696032857522368 ], [ 649126.977532273507677, 3491498.127690557856113 ], [ 649156.273949253256433, 3491489.240719625260681 ], [ 649170.705606953590177, 3491462.240987103898078 ], [ 649161.818636021227576, 3491432.944570124149323 ] ] ], [ [ [ 649613.898054556688294, 3491873.076064874883741 ], [ 649586.898322035325691, 3491858.644407174549997 ], [ 649557.601905055576935, 3491867.531378107145429 ], [ 649543.170247355243191, 3491894.531110628508031 ], [ 649552.057218287605792, 3491923.827527608256787 ], [ 649579.056950808968395, 3491938.259185308590531 ], [ 649608.353367788717151, 3491929.3722143759951 ], [ 649622.785025489050895, 3491902.372481854632497 ], [ 649613.898054556688294, 3491873.076064874883741 ] ] ], [ [ [ 649444.056868683896028, 3492107.673391985241324 ], [ 649417.057136162533425, 3492093.241734284907579 ], [ 649387.760719182784669, 3492102.128705217503011 ], [ 649373.329061482450925, 3492129.128437738865614 ], [ 649382.216032414813526, 3492158.42485471861437 ], [ 649409.215764936176129, 3492172.856512418948114 ], [ 649438.512181915924884, 3492163.969541486352682 ], [ 649452.943839616258629, 3492136.969808964990079 ], [ 649444.056868683896028, 3492107.673391985241324 ] ] ], [ [ [ 649855.663995949318632, 3492152.193296140059829 ], [ 649828.66426342795603, 3492137.761638439726084 ], [ 649799.367846448207274, 3492146.648609372321516 ], [ 649784.93618874787353, 3492173.648341893684119 ], [ 649793.823159680236131, 3492202.944758873432875 ], [ 649820.822892201598734, 3492217.376416573766619 ], [ 649850.119309181347489, 3492208.489445641171187 ], [ 649864.550966881681234, 3492181.489713119808584 ], [ 649855.663995949318632, 3492152.193296140059829 ] ] ], [ [ [ 649388.880370861734264, 3492180.600370162632316 ], [ 649361.880638340371661, 3492166.168712462298572 ], [ 649332.584221360622905, 3492175.055683394894004 ], [ 649318.152563660289161, 3492202.055415916256607 ], [ 649327.039534592651762, 3492231.351832896005362 ], [ 649354.039267114014365, 3492245.783490596339107 ], [ 649383.33568409376312, 3492236.896519663743675 ], [ 649397.767341794096865, 3492209.896787142381072 ], [ 649388.880370861734264, 3492180.600370162632316 ] ] ], [ [ [ 649335.161272407392971, 3492254.385781507473439 ], [ 649308.161539886030369, 3492239.954123807139695 ], [ 649278.865122906281613, 3492248.841094739735126 ], [ 649264.433465205947869, 3492275.840827261097729 ], [ 649273.32043613831047, 3492305.137244240846485 ], [ 649300.320168659673072, 3492319.568901941180229 ], [ 649329.616585639421828, 3492310.681931008584797 ], [ 649344.048243339755572, 3492283.682198487222195 ], [ 649335.161272407392971, 3492254.385781507473439 ] ] ], [ [ [ 649641.181669489829801, 3492409.866668117232621 ], [ 649614.181936968467198, 3492395.435010416898876 ], [ 649584.885519988718443, 3492404.321981349494308 ], [ 649570.453862288384698, 3492431.321713870856911 ], [ 649579.340833220747299, 3492460.618130850605667 ], [ 649606.340565742109902, 3492475.049788550939411 ], [ 649635.636982721858658, 3492466.162817618343979 ], [ 649650.068640422192402, 3492439.163085096981376 ], [ 649641.181669489829801, 3492409.866668117232621 ] ] ], [ [ [ 649925.180504056974314, 3492551.264878247398883 ], [ 649898.180771535611711, 3492536.833220547065139 ], [ 649868.884354555862956, 3492545.720191479660571 ], [ 649854.452696855529211, 3492572.719924001023173 ], [ 649863.339667787891813, 3492602.016340980771929 ], [ 649890.339400309254415, 3492616.447998681105673 ], [ 649919.635817289003171, 3492607.561027748510242 ], [ 649934.067474989336915, 3492580.561295227147639 ], [ 649925.180504056974314, 3492551.264878247398883 ] ] ], [ [ [ 649868.092820029123686, 3492622.666928154416382 ], [ 649841.093087507761084, 3492608.235270454082638 ], [ 649808.888130647130311, 3492619.75838827341795 ], [ 649787.943160504451953, 3492656.241024297196418 ], [ 649799.46627832390368, 3492688.445981157943606 ], [ 649827.750549571355805, 3492700.161709910258651 ], [ 649856.03482081880793, 3492688.445981157943606 ], [ 649876.403813110664487, 3492655.84627240197733 ], [ 649868.092820029123686, 3492622.666928154416382 ] ] ], [ [ [ 650180.308269910397939, 3492762.631701585371047 ], [ 650153.308537389035337, 3492748.200043885037303 ], [ 650124.012120409286581, 3492757.087014817632735 ], [ 650100.060480851214379, 3492791.712003970053047 ], [ 650108.37147393275518, 3492824.891348217613995 ], [ 650135.371206454117782, 3492839.323005917947739 ], [ 650164.667623433866538, 3492830.436034985352308 ], [ 650188.61926299193874, 3492795.811045832931995 ], [ 650180.308269910397939, 3492762.631701585371047 ] ] ], [ [ [ 650483.358853047364391, 3492910.93938617547974 ], [ 650456.359120526001789, 3492896.507728475145996 ], [ 650427.062703546253033, 3492905.394699407741427 ], [ 650412.631045845919289, 3492932.39443192910403 ], [ 650421.51801677828189, 3492961.690848908852786 ], [ 650448.517749299644493, 3492976.12250660918653 ], [ 650477.814166279393248, 3492967.235535676591098 ], [ 650492.245823979726993, 3492940.235803155228496 ], [ 650483.358853047364391, 3492910.93938617547974 ] ] ], [ [ [ 650894.654166975175031, 3492973.356726371217519 ], [ 650867.654434453812428, 3492958.925068670883775 ], [ 650838.358017474063672, 3492967.812039603479207 ], [ 650813.457329466356896, 3493001.103111602365971 ], [ 650821.768322547897696, 3493034.282455849926919 ], [ 650848.768055069260299, 3493048.714113550260663 ], [ 650878.064472049009055, 3493039.827142617665231 ], [ 650902.965160056715831, 3493006.536070618778467 ], [ 650894.654166975175031, 3492973.356726371217519 ] ] ], [ [ [ 650715.052731413627043, 3493137.898584088310599 ], [ 650688.052998892264441, 3493123.466926387976855 ], [ 650658.756581912515685, 3493132.353897320572287 ], [ 650624.203505586949177, 3493173.14091826044023 ], [ 650631.560700881644152, 3493210.128036717418581 ], [ 650658.560433403006755, 3493224.559694417752326 ], [ 650687.856850382755511, 3493215.672723485156894 ], [ 650722.409926708322018, 3493174.88570254528895 ], [ 650715.052731413627043, 3493137.898584088310599 ] ] ], [ [ [ 650982.860473637818359, 3493352.33207671996206 ], [ 650967.247392797842622, 3493340.752626786008477 ], [ 650944.136442622635514, 3493338.476396870333701 ], [ 650889.667130909976549, 3493374.072723613586277 ], [ 650875.235473209642805, 3493401.072456134948879 ], [ 650884.122444142005406, 3493430.368873114697635 ], [ 650918.963547889725305, 3493444.800530815031379 ], [ 650965.917478784103878, 3493419.037787021137774 ], [ 650990.217668932513334, 3493389.319195176940411 ], [ 650982.860473637818359, 3493352.33207671996206 ] ] ], [ [ [ 651054.402919533313252, 3493663.521672528702766 ], [ 651028.111936708097346, 3493686.442870137281716 ], [ 651022.139309984166175, 3493716.469292338937521 ], [ 651039.147911879466847, 3493741.924463950097561 ], [ 651069.174334080889821, 3493747.897090674377978 ], [ 651213.559153824462555, 3493670.176818242762238 ], [ 651243.116321114706807, 3493643.947700751479715 ], [ 651262.495819733245298, 3493641.117962284013629 ], [ 651349.953945013694465, 3493593.894638300407678 ], [ 651366.008749122149311, 3493572.247240898665041 ], [ 651364.686316993320361, 3493545.328516513574868 ], [ 651343.038472987478599, 3493523.680672507733107 ], [ 651312.423798398347571, 3493523.680672507733107 ], [ 651224.965673117898405, 3493570.903996491339058 ], [ 651211.37204763921909, 3493586.44776650192216 ], [ 651188.44401684217155, 3493590.955835696309805 ], [ 651054.402919533313252, 3493663.521672528702766 ] ] ], [ [ [ 651193.327999990899116, 3493201.616617337800562 ], [ 651162.407581856357865, 3493186.992348704487085 ], [ 651124.530121956951916, 3493204.598137829918414 ], [ 651110.098464256618172, 3493231.597870351281017 ], [ 651118.985435188980773, 3493260.894287331029773 ], [ 651149.905853323522024, 3493275.51855596434325 ], [ 651187.783313222927973, 3493257.912766838911921 ], [ 651202.214970923261717, 3493230.913034317549318 ], [ 651193.327999990899116, 3493201.616617337800562 ] ] ], [ [ [ 651399.114856994478032, 3493895.066721596755087 ], [ 651379.805825950112194, 3493882.164839534088969 ], [ 651356.583051769761369, 3493882.164839534088969 ], [ 651182.225191245321184, 3493959.76909841503948 ], [ 651166.082674658624455, 3493975.725489541422576 ], [ 651141.291111801052466, 3493979.957129867281765 ], [ 651121.869367844890803, 3494003.622593350708485 ], [ 651124.87013070017565, 3494034.08984991395846 ], [ 651144.839643979561515, 3494052.189161741640419 ], [ 651171.758368364302441, 3494053.511593870352954 ], [ 651195.145367333898321, 3494034.554439888335764 ], [ 651216.388398012961261, 3494032.001130289398134 ], [ 651387.050308333011344, 3493955.719303537160158 ], [ 651407.425850076018833, 3493928.246065844316036 ], [ 651399.114856994478032, 3493895.066721596755087 ] ] ] ] } },
{ "type": "Feature", "properties": { "depth_bin": "15-20" }, "geometry": { "type": "MultiPolygon", "coordinates": [ [ [ [ 645493.16215608920902, 3489264.534684740006924 ], [ 645462.241737954667769, 3489249.910416106693447 ], [ 645431.321319820126519, 3489264.534684740006924 ], [ 645412.611685629934072, 3489314.842644140589982 ], [ 645427.043343330267817, 3489349.68374788807705 ], [ 645456.339760310016572, 3489358.570718820672482 ], [ 645483.339492831379175, 3489344.139061120338738 ], [ 645502.049127021571621, 3489293.831101719755679 ], [ 645493.16215608920902, 3489264.534684740006924 ] ] ], [ [ [ 645774.777195720816962, 3489373.682853434700519 ], [ 645747.77746319945436, 3489359.251195734366775 ], [ 645718.481046219705604, 3489368.138166666962206 ], [ 645704.04938851937186, 3489395.137899188324809 ], [ 645712.936359451734461, 3489424.434316168073565 ], [ 645739.936091973097064, 3489438.865973868407309 ], [ 645769.232508952845819, 3489429.979002935811877 ], [ 645783.664166653179564, 3489402.979270414449275 ], [ 645774.777195720816962, 3489373.682853434700519 ] ] ], [ [ [ 645737.089510300313123, 3489473.57557618431747 ], [ 645702.248406552593224, 3489459.143918483983725 ], [ 645670.892241591820493, 3489480.095438078045845 ], [ 645635.165180573123507, 3489580.958925621584058 ], [ 645639.695719066075981, 3489603.735480707604438 ], [ 645656.116700166952796, 3489620.156461808364838 ], [ 645686.583956730202772, 3489623.157224663998932 ], [ 645710.249420213978738, 3489603.735480707604438 ], [ 645745.400503381853923, 3489506.754920431878418 ], [ 645737.089510300313123, 3489473.57557618431747 ] ] ], [ [ [ 646085.005598066491075, 3489496.254336931742728 ], [ 646050.164494318771176, 3489481.822679231408983 ], [ 646020.826395439798944, 3489499.407258977647871 ], [ 646004.967864436446689, 3489550.677063129842281 ], [ 646022.745055115665309, 3489583.935847621876746 ], [ 646052.771477317088284, 3489589.908474346157163 ], [ 646078.226648928597569, 3489572.899872450623661 ], [ 646093.892568998853676, 3489525.550753911491483 ], [ 646085.005598066491075, 3489496.254336931742728 ] ] ], [ [ [ 646391.000927120330743, 3489604.158890042919666 ], [ 646364.001194598968141, 3489589.727232342585921 ], [ 646334.704777619219385, 3489598.614203275181353 ], [ 646320.273119918885641, 3489625.613935796543956 ], [ 646329.160090851248242, 3489654.910352776292711 ], [ 646356.159823372610845, 3489669.342010476626456 ], [ 646385.4562403523596, 3489660.455039544031024 ], [ 646399.887898052693345, 3489633.455307022668421 ], [ 646391.000927120330743, 3489604.158890042919666 ] ] ], [ [ [ 646683.567150590824895, 3489768.366704000625759 ], [ 646656.567418069462292, 3489753.935046300292015 ], [ 646627.271001089713536, 3489762.822017232887447 ], [ 646612.839343389379792, 3489789.82174975425005 ], [ 646621.726314321742393, 3489819.118166733998805 ], [ 646648.726046843104996, 3489833.54982443433255 ], [ 646678.022463822853751, 3489824.662853501737118 ], [ 646692.454121523187496, 3489797.663120980374515 ], [ 646683.567150590824895, 3489768.366704000625759 ] ] ], [ [ [ 646648.783149600843899, 3489852.894319444429129 ], [ 646613.942045853124, 3489838.462661744095385 ], [ 646584.603946974151768, 3489856.047241490334272 ], [ 646554.660725687979721, 3489930.534645502455533 ], [ 646557.512933454476297, 3489949.76266841031611 ], [ 646572.245305434102193, 3489967.71411560755223 ], [ 646602.271727635525167, 3489973.686742331832647 ], [ 646627.726899247034453, 3489956.678140436299145 ], [ 646657.0941426823847, 3489886.073663691990077 ], [ 646648.783149600843899, 3489852.894319444429129 ] ] ], [ [ [ 646898.678730875602923, 3489981.698159200139344 ], [ 646892.130126300849952, 3490007.841654133982956 ], [ 646906.561784001183696, 3490034.841386655345559 ], [ 646935.858200980932452, 3490043.728357587940991 ], [ 646960.221786615205929, 3490032.205239768605679 ], [ 647021.297073225141503, 3489904.887906693853438 ], [ 647022.250871011987329, 3489885.472906722687185 ], [ 647011.303731043357402, 3489864.992248355876654 ], [ 646983.019459795905277, 3489853.27651960356161 ], [ 646954.735188548453152, 3489864.992248355876654 ], [ 646898.678730875602923, 3489981.698159200139344 ] ] ], [ [ [ 646924.375430881045759, 3490061.605194593779743 ], [ 646889.53432713332586, 3490047.173536893445998 ], [ 646860.196228254353628, 3490064.758116639684886 ], [ 646808.174438826856203, 3490175.291332919150591 ], [ 646810.450668742530979, 3490198.40228309482336 ], [ 646825.183040722156875, 3490216.353730292059481 ], [ 646855.209462923579849, 3490222.326357016339898 ], [ 646880.664634535089135, 3490205.317755120806396 ], [ 646931.732626175740734, 3490098.592313050758094 ], [ 646924.375430881045759, 3490061.605194593779743 ] ] ], [ [ [ 646783.201094705145806, 3490365.465207782573998 ], [ 646748.359990957425907, 3490351.033550082240254 ], [ 646719.021892078453675, 3490368.618129828479141 ], [ 646680.557846307405271, 3490452.019983132835478 ], [ 646682.834076223080046, 3490475.130933308508247 ], [ 646697.566448202705942, 3490493.082380505744368 ], [ 646727.592870404128917, 3490499.055007230024785 ], [ 646753.048042015638202, 3490482.046405334491283 ], [ 646790.558289999840781, 3490402.452326239552349 ], [ 646783.201094705145806, 3490365.465207782573998 ] ] ], [ [ [ 647604.377769304206595, 3490237.64847879903391 ], [ 647573.457351169665344, 3490223.024210165720433 ], [ 647542.536933035124093, 3490237.64847879903391 ], [ 647470.785032616229728, 3490350.48212952259928 ], [ 647468.508802700554952, 3490373.593079698272049 ], [ 647482.364482550066896, 3490396.70988495182246 ], [ 647511.660899529815651, 3490405.596855884417892 ], [ 647538.660632051178254, 3490391.165198184084147 ], [ 647610.41253247007262, 3490278.331547460518777 ], [ 647613.264740236569196, 3490259.1035245526582 ], [ 647604.377769304206595, 3490237.64847879903391 ] ] ], [ [ [ 647895.210961407981813, 3490438.910578392446041 ], [ 647868.21122888661921, 3490424.478920692112297 ], [ 647838.914811906870455, 3490433.365891624707729 ], [ 647824.48315420653671, 3490460.365624146070331 ], [ 647833.370125138899311, 3490489.662041125819087 ], [ 647860.369857660261914, 3490504.093698826152831 ], [ 647889.66627464001067, 3490495.2067278935574 ], [ 647904.097932340344414, 3490468.206995372194797 ], [ 647895.210961407981813, 3490438.910578392446041 ] ] ], [ [ [ 647418.075246352236718, 3490534.545729746576399 ], [ 647391.075513830874115, 3490520.114072046242654 ], [ 647361.77909685112536, 3490529.001042978838086 ], [ 647347.347439150791615, 3490556.000775500200689 ], [ 647356.234410083154216, 3490585.297192479949445 ], [ 647383.234142604516819, 3490599.728850180283189 ], [ 647412.530559584265575, 3490590.841879247687757 ], [ 647426.962217284599319, 3490563.842146726325154 ], [ 647418.075246352236718, 3490534.545729746576399 ] ] ], [ [ [ 647826.132603212725371, 3490539.499920962844044 ], [ 647806.823572168359533, 3490526.598038900177926 ], [ 647783.600797988008708, 3490526.598038900177926 ], [ 647745.621843782719225, 3490563.507451229263097 ], [ 647704.402865680167452, 3490636.250757266767323 ], [ 647682.733369389781728, 3490649.74390509352088 ], [ 647673.853085352224298, 3490679.085401456337422 ], [ 647637.11634187551681, 3490720.326643141452223 ], [ 647633.161781233386137, 3490746.986125495284796 ], [ 647647.01746108289808, 3490770.102930748835206 ], [ 647684.004579539643601, 3490777.460126043763012 ], [ 647712.834013086860068, 3490752.639868788421154 ], [ 647728.09624790342059, 3490730.411145226564258 ], [ 647730.941768775111996, 3490711.138042935635895 ], [ 647746.91257201647386, 3490697.342445780988783 ], [ 647753.388112635235302, 3490679.532879255246371 ], [ 647775.057608925621025, 3490666.039731428492814 ], [ 647830.489035652135499, 3490583.731521802488714 ], [ 647835.019574145087972, 3490560.954966716468334 ], [ 647826.132603212725371, 3490539.499920962844044 ] ] ], [ [ [ 647368.817592229112051, 3490611.566933398600668 ], [ 647341.817859707749449, 3490597.135275698266923 ], [ 647309.612902847118676, 3490608.658393517602235 ], [ 647289.561965018627234, 3490645.741866835393012 ], [ 647301.085082838078961, 3490677.9468236961402 ], [ 647329.369354085531086, 3490689.662552448455244 ], [ 647357.653625332983211, 3490677.9468236961402 ], [ 647377.128585310652852, 3490644.746277646161616 ], [ 647368.817592229112051, 3490611.566933398600668 ] ] ], [ [ [ 647904.119110525236465, 3490894.215415943879634 ], [ 647847.261832441785373, 3490975.536581945139915 ], [ 647853.234459165716544, 3491005.56300414679572 ], [ 647878.68963077722583, 3491022.571606042329222 ], [ 647914.777514905319549, 3491011.624466073699296 ], [ 647926.446747126523405, 3490984.286653463728726 ], [ 647944.397986848256551, 3490971.870596904773265 ], [ 648004.544742264319211, 3490897.702309053856879 ], [ 648061.441259084967896, 3490816.486025596503168 ], [ 648064.293466851464473, 3490797.258002688642591 ], [ 648055.406495919101872, 3490775.802956935018301 ], [ 648028.406763397739269, 3490761.371299234684557 ], [ 647999.110346417990513, 3490770.258270167279989 ], [ 647904.119110525236465, 3490894.215415943879634 ] ] ], [ [ [ 648167.485056974343024, 3490631.228899565059692 ], [ 648140.485324452980421, 3490616.797241864725947 ], [ 648111.188907473231666, 3490625.684212797321379 ], [ 648096.757249772897922, 3490652.683945318683982 ], [ 648105.644220705260523, 3490681.980362298432738 ], [ 648132.643953226623125, 3490696.412019998766482 ], [ 648161.940370206371881, 3490687.52504906617105 ], [ 648176.372027906705625, 3490660.525316544808447 ], [ 648167.485056974343024, 3490631.228899565059692 ] ] ], [ [ [ 648426.346895701019093, 3490827.062010887544602 ], [ 648399.347163179656491, 3490812.630353187210858 ], [ 648370.050746199907735, 3490821.51732411980629 ], [ 648355.619088499573991, 3490848.517056641168892 ], [ 648364.506059431936592, 3490877.813473620917648 ], [ 648391.505791953299195, 3490892.245131321251392 ], [ 648420.80220893304795, 3490883.358160388655961 ], [ 648435.233866633381695, 3490856.358427867293358 ], [ 648426.346895701019093, 3490827.062010887544602 ] ] ], [ [ [ 648684.331789810792543, 3491021.362461104057729 ], [ 648657.33205728942994, 3491006.930803403723985 ], [ 648628.035640309681185, 3491015.817774336319417 ], [ 648613.60398260934744, 3491042.817506857682019 ], [ 648622.490953541710041, 3491072.113923837430775 ], [ 648649.490686063072644, 3491086.545581537764519 ], [ 648678.7871030428214, 3491077.658610605169088 ], [ 648693.218760743155144, 3491050.658878083806485 ], [ 648684.331789810792543, 3491021.362461104057729 ] ] ], [ [ [ 648229.96755659126211, 3491079.673622576985508 ], [ 648202.967824069899507, 3491065.241964876651764 ], [ 648170.762867209268734, 3491076.765082695987076 ], [ 648150.255464163026772, 3491113.563061355613172 ], [ 648161.778581982478499, 3491145.76801821636036 ], [ 648190.062853229930624, 3491157.483746968675405 ], [ 648218.347124477382749, 3491145.76801821636036 ], [ 648238.27854967280291, 3491112.852966824546456 ], [ 648229.96755659126211, 3491079.673622576985508 ] ] ], [ [ [ 648491.430068782879971, 3491276.84200648823753 ], [ 648460.50965064833872, 3491262.217737854924053 ], [ 648429.589232513797469, 3491276.84200648823753 ], [ 648360.787132364930585, 3491373.156016439199448 ], [ 648358.510902449255809, 3491396.266966614872217 ], [ 648372.366582298767753, 3491419.383771868422627 ], [ 648401.662999278516509, 3491428.270742801018059 ], [ 648428.662731799879111, 3491413.839085100684315 ], [ 648497.464831948745996, 3491317.525075149722397 ], [ 648500.317039715242572, 3491298.29705224186182 ], [ 648491.430068782879971, 3491276.84200648823753 ] ] ], [ [ [ 648699.518889762228355, 3491519.007941715419292 ], [ 648672.519157240865752, 3491504.576284015085548 ], [ 648640.314200380234979, 3491516.09940183442086 ], [ 648619.842518448480405, 3491552.803856586106122 ], [ 648631.365636267932132, 3491585.00881344685331 ], [ 648659.649907515384257, 3491596.724542199168354 ], [ 648687.934178762836382, 3491585.00881344685331 ], [ 648707.829882843769155, 3491552.187285962980241 ], [ 648699.518889762228355, 3491519.007941715419292 ] ] ], [ [ [ 648928.929176927311346, 3491734.44540027435869 ], [ 648901.929444405948743, 3491720.013742574024945 ], [ 648869.72448754531797, 3491731.536860393360257 ], [ 648823.333256512181833, 3491797.070791667327285 ], [ 648822.379458725336008, 3491816.485791638493538 ], [ 648833.326598693965934, 3491836.966450005304068 ], [ 648861.610869941418059, 3491848.682178757619113 ], [ 648889.895141188870184, 3491836.966450005304068 ], [ 648934.963940093177371, 3491775.128468935843557 ], [ 648937.816147859673947, 3491755.90044602798298 ], [ 648928.929176927311346, 3491734.44540027435869 ] ] ], [ [ [ 649125.996379928081296, 3492028.868860857095569 ], [ 649098.996647406718694, 3492014.437203156761825 ], [ 649069.700230426969938, 3492023.324174089357257 ], [ 649055.268572726636194, 3492050.32390661071986 ], [ 649064.155543658998795, 3492079.620323590468615 ], [ 649091.155276180361398, 3492094.05198129080236 ], [ 649120.451693160110153, 3492085.165010358206928 ], [ 649134.883350860443898, 3492058.165277836844325 ], [ 649125.996379928081296, 3492028.868860857095569 ] ] ], [ [ [ 649379.937889834283851, 3492192.938306441996247 ], [ 649349.0174716997426, 3492178.31403780868277 ], [ 649318.09705356520135, 3492192.938306441996247 ], [ 649275.22800503030885, 3492256.097373414319009 ], [ 649275.22800503030885, 3492279.320147594902664 ], [ 649288.129887092974968, 3492298.629178639035672 ], [ 649317.426304072723724, 3492307.516149571631104 ], [ 649344.426036594086327, 3492293.084491871297359 ], [ 649387.295085128978826, 3492229.925424898974597 ], [ 649379.937889834283851, 3492192.938306441996247 ] ] ], [ [ [ 649622.83646092901472, 3491860.777597432490438 ], [ 649595.836728407652117, 3491846.345939732156694 ], [ 649566.540311427903362, 3491855.232910664752126 ], [ 649552.108653727569617, 3491882.232643186114728 ], [ 649560.995624659932218, 3491911.529060165863484 ], [ 649587.995357181294821, 3491925.960717866197228 ], [ 649617.291774161043577, 3491917.073746933601797 ], [ 649631.723431861377321, 3491890.074014412239194 ], [ 649622.83646092901472, 3491860.777597432490438 ] ] ], [ [ [ 650068.866366848815233, 3492373.676269353367388 ], [ 650041.86663432745263, 3492359.244611653033644 ], [ 650012.570217347703874, 3492368.131582585629076 ], [ 649998.13855964737013, 3492395.131315106991678 ], [ 650007.025530579732731, 3492424.427732086740434 ], [ 650034.025263101095334, 3492438.859389787074178 ], [ 650063.321680080844089, 3492429.972418854478747 ], [ 650077.753337781177834, 3492402.972686333116144 ], [ 650068.866366848815233, 3492373.676269353367388 ] ] ], [ [ [ 649631.002210616949014, 3492421.052669908851385 ], [ 649604.002478095586412, 3492406.621012208517641 ], [ 649574.706061115837656, 3492415.507983141113073 ], [ 649560.274403415503912, 3492442.507715662475675 ], [ 649569.161374347866513, 3492471.804132642224431 ], [ 649596.161106869229116, 3492486.235790342558175 ], [ 649625.457523848977871, 3492477.348819409962744 ], [ 649639.889181549311616, 3492450.349086888600141 ], [ 649631.002210616949014, 3492421.052669908851385 ] ] ], [ [ [ 650357.351204039645381, 3492553.303104143124074 ], [ 650330.351471518282779, 3492538.871446442790329 ], [ 650301.055054538534023, 3492547.758417375385761 ], [ 650286.623396838200279, 3492574.758149896748364 ], [ 650295.51036777056288, 3492604.05456687649712 ], [ 650322.510100291925482, 3492618.486224576830864 ], [ 650351.806517271674238, 3492609.599253644235432 ], [ 650366.238174972007982, 3492582.599521122872829 ], [ 650357.351204039645381, 3492553.303104143124074 ] ] ], [ [ [ 649849.218176510883495, 3492646.672552283387631 ], [ 649822.218443989520893, 3492632.240894583053887 ], [ 649792.922027009772137, 3492641.127865515649319 ], [ 649778.490369309438393, 3492668.127598037011921 ], [ 649787.377340241800994, 3492697.424015016760677 ], [ 649814.377072763163596, 3492711.855672717094421 ], [ 649843.673489742912352, 3492702.96870178449899 ], [ 649858.105147443246096, 3492675.968969263136387 ], [ 649849.218176510883495, 3492646.672552283387631 ] ] ], [ [ [ 650161.52388325415086, 3492786.682261425536126 ], [ 650134.524150732788257, 3492772.250603725202382 ], [ 650105.227733753039502, 3492781.137574657797813 ], [ 650090.796076052705757, 3492808.137307179160416 ], [ 650099.683046985068358, 3492837.433724158909172 ], [ 650126.682779506430961, 3492851.865381859242916 ], [ 650155.979196486179717, 3492842.978410926647484 ], [ 650170.410854186513461, 3492815.978678405284882 ], [ 650161.52388325415086, 3492786.682261425536126 ] ] ], [ [ [ 650472.628157387836836, 3492921.599935530219227 ], [ 650445.628424866474234, 3492907.168277829885483 ], [ 650413.423468005843461, 3492918.691395649220794 ], [ 650381.371217688429169, 3492963.787095860112458 ], [ 650352.917342752101831, 3492987.536406661849469 ], [ 650350.641112836427055, 3493010.647356837522238 ], [ 650361.588252805056982, 3493031.128015204332769 ], [ 650389.872524052509107, 3493042.843743956647813 ], [ 650418.156795299961232, 3493031.128015204332769 ], [ 650429.427748125977814, 3493008.464387871325016 ], [ 650446.302173128467984, 3493000.328157909214497 ], [ 650476.984589827246964, 3492965.831536369863898 ], [ 650481.515128320199437, 3492943.054981283843517 ], [ 650472.628157387836836, 3492921.599935530219227 ] ] ], [ [ [ 650681.846241469378583, 3493169.47447267966345 ], [ 650647.005137721658684, 3493155.042814979329705 ], [ 650613.603577206260525, 3493173.316980556584895 ], [ 650599.17191950592678, 3493200.316713077947497 ], [ 650608.058890438289382, 3493229.613130057696253 ], [ 650642.89999418600928, 3493244.044787758029997 ], [ 650676.30155470140744, 3493225.770622180774808 ], [ 650690.733212401741184, 3493198.770889659412205 ], [ 650681.846241469378583, 3493169.47447267966345 ] ] ], [ [ [ 651205.462175428518094, 3493192.282670717220753 ], [ 651178.462442907155491, 3493177.851013016887009 ], [ 651149.166025927406736, 3493186.737983949482441 ], [ 651134.734368227072991, 3493213.737716470845044 ], [ 651143.621339159435593, 3493243.034133450593799 ], [ 651170.621071680798195, 3493257.465791150927544 ], [ 651199.917488660546951, 3493248.578820218332112 ], [ 651214.349146360880695, 3493221.579087696969509 ], [ 651205.462175428518094, 3493192.282670717220753 ] ] ], [ [ [ 650931.51050260453485, 3493385.65139692183584 ], [ 650908.393697350635193, 3493371.795717072207481 ], [ 650885.282747175428085, 3493374.071946987882257 ], [ 650859.832850235048681, 3493391.467956326436251 ], [ 650849.589982156525366, 3493409.137003703508526 ], [ 650789.052630146499723, 3493442.819839239586145 ], [ 650774.620972446165979, 3493469.819571760948747 ], [ 650783.50794337852858, 3493499.115988740697503 ], [ 650818.349047126248479, 3493513.547646441031247 ], [ 650866.240040337084793, 3493489.2343036881648 ], [ 650891.382481666398235, 3493459.59181071491912 ], [ 650933.848868962144479, 3493433.249937609303743 ], [ 650940.397473536897451, 3493407.10644267546013 ], [ 650931.51050260453485, 3493385.65139692183584 ] ] ], [ [ [ 651371.887125435401686, 3493528.016744718886912 ], [ 651337.046021687681787, 3493513.585087018553168 ], [ 651292.1042824476026, 3493534.905869021080434 ], [ 651275.095680552301928, 3493560.361040632240474 ], [ 651281.068307276233099, 3493590.387462833896279 ], [ 651314.32709176838398, 3493608.164653513114899 ], [ 651363.189516621641815, 3493586.6512605776079 ], [ 651380.774096367764287, 3493557.313161698635668 ], [ 651371.887125435401686, 3493528.016744718886912 ] ] ], [ [ [ 651264.160722628817894, 3493584.879035427235067 ], [ 651233.240304494276643, 3493570.25476679392159 ], [ 651194.639234720380045, 3493587.032111885026097 ], [ 651180.207577020046301, 3493614.0318444063887 ], [ 651189.094547952408902, 3493643.328261386137456 ], [ 651220.014966086950153, 3493657.952530019450933 ], [ 651258.61603586084675, 3493641.175184928346425 ], [ 651273.047693561180495, 3493614.175452406983823 ], [ 651264.160722628817894, 3493584.879035427235067 ] ] ], [ [ [ 651077.843324802583084, 3493688.741776375565678 ], [ 651062.230243962607346, 3493677.162326441612095 ], [ 651039.119293787400238, 3493674.886096525937319 ], [ 650970.96069808176253, 3493709.778985793702304 ], [ 650953.952096186461858, 3493735.234157404862344 ], [ 650959.924722910393029, 3493765.260579606518149 ], [ 650977.876170107978396, 3493779.992951586376876 ], [ 651000.987120283185504, 3493782.269181502051651 ], [ 651069.145715988823213, 3493747.376292234286666 ], [ 651086.730295734945685, 3493718.038193355314434 ], [ 651077.843324802583084, 3493688.741776375565678 ] ] ], [ [ [ 651218.37738690932747, 3493976.34622602397576 ], [ 651183.536283161607571, 3493961.914568323642015 ], [ 651124.306538253207691, 3493989.014094764832407 ], [ 651107.29793635790702, 3494014.469266375992447 ], [ 651113.270563081838191, 3494044.495688577648252 ], [ 651131.222010279423557, 3494059.228060557506979 ], [ 651150.450033187167719, 3494062.08026832388714 ], [ 651209.679778095567599, 3494034.980741882696748 ], [ 651227.264357841690071, 3494005.642643003724515 ], [ 651218.37738690932747, 3493976.34622602397576 ] ] ], [ [ [ 651062.768464029184543, 3494041.938560057897121 ], [ 651030.56350716855377, 3494030.415442238561809 ], [ 650995.042482890654355, 3494045.348774483893067 ], [ 650980.610825190320611, 3494072.348507005255669 ], [ 650989.497796122683212, 3494101.644923985004425 ], [ 651020.418214257224463, 3494116.269192618317902 ], [ 651059.859924148302525, 3494101.143249440006912 ], [ 651074.29158184863627, 3494074.143516918644309 ], [ 651062.768464029184543, 3494041.938560057897121 ] ] ] ] } },
{ "type": "Feature", "properties": { "depth_bin": "20-25" }, "geometry": { "type": "MultiPolygon", "coordinates": [ [ [ [ 645198.525145625928417, 3489128.73961121821776 ], [ 645163.684041878208518, 3489114.307953517884016 ], [ 645132.327876917435788, 3489135.259473111946136 ], [ 645068.563367886468768, 3489302.739872818812728 ], [ 645070.839597802143544, 3489325.850822994485497 ], [ 645088.938909629476257, 3489345.820336273405701 ], [ 645119.406166192726232, 3489348.821099129039794 ], [ 645143.071629676502198, 3489329.399355172645301 ], [ 645205.882340920623392, 3489165.726729675196111 ], [ 645198.525145625928417, 3489128.73961121821776 ] ] ], [ [ [ 644846.004728469182737, 3489169.046614192891866 ], [ 644817.720457221730612, 3489157.330885440576822 ], [ 644789.436185974278487, 3489169.046614192891866 ], [ 644777.720457221730612, 3489197.330885440576822 ], [ 644789.436185974278487, 3489225.615156688261777 ], [ 644817.720457221730612, 3489237.330885440576822 ], [ 644846.004728469182737, 3489225.615156688261777 ], [ 644857.720457221730612, 3489197.330885440576822 ], [ 644846.004728469182737, 3489169.046614192891866 ] ] ], [ [ [ 645496.656040393398143, 3489247.601281952112913 ], [ 645460.568156265304424, 3489236.654141983482987 ], [ 645431.416587845538743, 3489260.578215904999524 ], [ 645433.046344400849193, 3489294.638721216470003 ], [ 645408.763847690541297, 3489317.229259033687413 ], [ 645346.373998514609411, 3489481.230152279138565 ], [ 645350.328559156740084, 3489507.889634632971138 ], [ 645370.298072436125949, 3489525.988946460653096 ], [ 645400.912747025256976, 3489525.988946460653096 ], [ 645422.560591031098738, 3489504.341102454811335 ], [ 645483.996642420184799, 3489344.147983418777585 ], [ 645481.044453736045398, 3489313.783428311813623 ], [ 645506.649382575182244, 3489287.496940290089697 ], [ 645507.60318036202807, 3489268.081940318923444 ], [ 645496.656040393398143, 3489247.601281952112913 ] ] ], [ [ [ 645707.914341512368992, 3489542.080384824890643 ], [ 645671.826457384275272, 3489531.133244856260717 ], [ 645644.353219690965489, 3489551.508786599617451 ], [ 645598.684011420118622, 3489680.993750272784382 ], [ 645603.214549913071096, 3489703.770305358804762 ], [ 645619.635531013947912, 3489720.191286459565163 ], [ 645650.102787577197887, 3489723.192049315199256 ], [ 645673.768251060973853, 3489703.770305358804762 ], [ 645718.861481480998918, 3489578.168268953450024 ], [ 645707.914341512368992, 3489542.080384824890643 ] ] ], [ [ [ 645994.907982248347253, 3489569.804010338615626 ], [ 645978.063524430501275, 3489613.78390252077952 ], [ 645980.339754346176051, 3489636.89485269645229 ], [ 646001.987598352017812, 3489658.542696702294052 ], [ 646032.60227294114884, 3489658.542696702294052 ], [ 646054.250116946990602, 3489636.89485269645229 ], [ 646078.303627122892067, 3489572.517387764994055 ], [ 646076.027397207217291, 3489549.406437589321285 ], [ 646054.379553201375529, 3489527.758593583479524 ], [ 646027.460828816634603, 3489526.436161454766989 ], [ 646008.151797772268765, 3489539.338043517433107 ], [ 645994.907982248347253, 3489569.804010338615626 ] ] ], [ [ [ 646099.32063184841536, 3489450.775706017855555 ], [ 646071.036360600963235, 3489439.05997726554051 ], [ 646042.75208935351111, 3489450.775706017855555 ], [ 646031.036360600963235, 3489479.05997726554051 ], [ 646042.75208935351111, 3489507.344248513225466 ], [ 646071.036360600963235, 3489519.05997726554051 ], [ 646099.32063184841536, 3489507.344248513225466 ], [ 646111.036360600963235, 3489479.05997726554051 ], [ 646099.32063184841536, 3489450.775706017855555 ] ] ], [ [ [ 646385.215966642601416, 3489618.158719525672495 ], [ 646350.374862894881517, 3489603.727061825338751 ], [ 646319.018697934108786, 3489624.678581419400871 ], [ 646280.133314455510117, 3489724.298010811209679 ], [ 646284.663852948462591, 3489747.074565897230059 ], [ 646301.084834049339406, 3489763.495546997990459 ], [ 646331.552090612589382, 3489766.496309853624552 ], [ 646355.217554096365348, 3489747.074565897230059 ], [ 646393.526959724142216, 3489651.338063773233443 ], [ 646385.215966642601416, 3489618.158719525672495 ] ] ], [ [ [ 646688.961468157358468, 3489753.88790730945766 ], [ 646661.961735635995865, 3489739.456249609123915 ], [ 646632.665318656247109, 3489748.343220541719347 ], [ 646618.233660955913365, 3489775.34295306308195 ], [ 646627.120631888275966, 3489804.639370042830706 ], [ 646654.120364409638569, 3489819.07102774316445 ], [ 646683.416781389387324, 3489810.184056810569018 ], [ 646697.848439089721069, 3489783.184324289206415 ], [ 646688.961468157358468, 3489753.88790730945766 ] ] ], [ [ [ 646630.814102492411621, 3489894.820989350788295 ], [ 646595.972998744691722, 3489880.389331650454551 ], [ 646564.616833783918992, 3489901.340851244516671 ], [ 646536.902896776911803, 3489983.084571632090956 ], [ 646511.737104397383519, 3490023.976863401476294 ], [ 646514.013334313058294, 3490047.087813577149063 ], [ 646532.112646140391007, 3490067.057326856069267 ], [ 646562.579902703640983, 3490070.05808971170336 ], [ 646586.245366187416948, 3490050.636345755308867 ], [ 646596.112430668901652, 3490011.181890932377428 ], [ 646611.587805405026302, 3489995.327684475108981 ], [ 646638.171297787106596, 3489931.808107807766646 ], [ 646630.814102492411621, 3489894.820989350788295 ] ] ], [ [ [ 646875.682402957929298, 3490029.98672444652766 ], [ 646860.696672786725685, 3490065.337517572101206 ], [ 646862.972902702400461, 3490088.448467747773975 ], [ 646884.620746708242223, 3490110.096311753615737 ], [ 646911.539471092983149, 3490111.418743882328272 ], [ 646928.212355250259861, 3490101.425401700660586 ], [ 646942.371071688481607, 3490078.365994605235755 ], [ 646963.347715649171732, 3490029.167539482470602 ], [ 646963.347715649171732, 3490005.944765301886946 ], [ 646943.925971693010069, 3489982.279301818460226 ], [ 646913.458715129760094, 3489979.278538962826133 ], [ 646894.149684085394256, 3489992.180421025492251 ], [ 646875.682402957929298, 3490029.98672444652766 ] ] ], [ [ [ 646885.940692868898623, 3490144.455861097201705 ], [ 646851.099589121178724, 3490130.024203396867961 ], [ 646819.743424160405993, 3490150.97572299093008 ], [ 646720.016090339282528, 3490365.259668017737567 ], [ 646721.338522468111478, 3490392.17839240282774 ], [ 646739.437834295444191, 3490412.147905681747943 ], [ 646769.905090858694166, 3490415.148668537382036 ], [ 646793.570554342470132, 3490395.726924580987543 ], [ 646891.975456034764647, 3490185.138929758686572 ], [ 646894.827663801261224, 3490165.910906850825995 ], [ 646885.940692868898623, 3490144.455861097201705 ] ] ], [ [ [ 646742.62395024613943, 3490445.906952556222677 ], [ 646710.418993385508657, 3490434.383834736887366 ], [ 646681.080894506536424, 3490451.968414483126253 ], [ 646662.197317957994528, 3490502.027636552695185 ], [ 646679.974508637213148, 3490535.28642104472965 ], [ 646710.000930838636123, 3490541.259047769010067 ], [ 646735.456102450145409, 3490524.250445873476565 ], [ 646754.147068065591156, 3490478.111909416969866 ], [ 646742.62395024613943, 3490445.906952556222677 ] ] ], [ [ [ 647291.430083525017835, 3490093.332221265416592 ], [ 647256.588979777297936, 3490078.900563565082848 ], [ 647227.250880898325704, 3490096.485143311321735 ], [ 647163.638081736280583, 3490214.025340011809021 ], [ 647164.960513865109533, 3490240.944064396899194 ], [ 647179.692885844735429, 3490258.895511594135314 ], [ 647209.719308046158403, 3490264.868138318415731 ], [ 647235.174479657667689, 3490247.859536422882229 ], [ 647297.46484669088386, 3490134.01528992690146 ], [ 647300.317054457380436, 3490114.787267019040883 ], [ 647291.430083525017835, 3490093.332221265416592 ] ] ], [ [ [ 647613.009843066101894, 3490225.028598178178072 ], [ 647586.010110544739291, 3490210.596940477844328 ], [ 647556.713693564990535, 3490219.483911410439759 ], [ 647542.282035864656791, 3490246.483643931802362 ], [ 647551.169006797019392, 3490275.780060911551118 ], [ 647578.168739318381995, 3490290.211718611884862 ], [ 647607.465156298130751, 3490281.32474767928943 ], [ 647621.896813998464495, 3490254.325015157926828 ], [ 647613.009843066101894, 3490225.028598178178072 ] ] ], [ [ [ 647553.457617780310102, 3490312.336774630472064 ], [ 647532.976959413499571, 3490301.389634661842138 ], [ 647506.317477059783414, 3490305.344195304438472 ], [ 647491.914562040707096, 3490318.39823655737564 ], [ 647485.181822397513315, 3490340.448515688534826 ], [ 647465.388354029972106, 3490355.839973381720483 ], [ 647355.92786937742494, 3490539.820601389743388 ], [ 647333.669632454169914, 3490565.648144307080656 ], [ 647306.26699637575075, 3490624.926541754975915 ], [ 647278.397873382084072, 3490656.93185175023973 ], [ 647274.443312739953399, 3490683.591334104072303 ], [ 647291.45191463525407, 3490709.046505715232342 ], [ 647321.478336836677045, 3490715.019132439512759 ], [ 647346.93350844818633, 3490698.010530543979257 ], [ 647360.671650566859171, 3490661.368864241521806 ], [ 647379.485427806386724, 3490646.327945638913661 ], [ 647461.505603173514828, 3490517.98895418131724 ], [ 647526.692362289177254, 3490410.362086198292673 ], [ 647538.638662657467648, 3490378.235312892124057 ], [ 647560.450197106809355, 3490359.476915351115167 ], [ 647564.980735599761829, 3490336.700360265094787 ], [ 647553.457617780310102, 3490312.336774630472064 ] ] ], [ [ [ 647159.926592507981695, 3490332.631764305755496 ], [ 647131.64232126052957, 3490320.916035553440452 ], [ 647103.358050013077445, 3490332.631764305755496 ], [ 647091.64232126052957, 3490360.916035553440452 ], [ 647103.358050013077445, 3490389.200306801125407 ], [ 647131.64232126052957, 3490400.916035553440452 ], [ 647159.926592507981695, 3490389.200306801125407 ], [ 647171.64232126052957, 3490360.916035553440452 ], [ 647159.926592507981695, 3490332.631764305755496 ] ] ], [ [ [ 647651.385147797758691, 3490712.87519070180133 ], [ 647629.737750395783223, 3490728.929994810372591 ], [ 647614.950336074456573, 3490767.940648120827973 ], [ 647629.381993774790317, 3490794.940380642190576 ], [ 647658.678410754539073, 3490803.827351574786007 ], [ 647685.678143275901675, 3490789.395693874452263 ], [ 647701.274148317170329, 3490762.764191221445799 ], [ 647701.889408975141123, 3490741.997675272636116 ], [ 647727.291587843676098, 3490730.423534639645368 ], [ 647768.87575429759454, 3490670.678905920591205 ], [ 647773.406292790547013, 3490647.902350834570825 ], [ 647764.519321858184412, 3490626.447305080946535 ], [ 647737.519589336821809, 3490612.015647380612791 ], [ 647708.223172357073054, 3490620.902618313208222 ], [ 647663.730466022272594, 3490683.283393919002265 ], [ 647660.114442509016953, 3490711.294392250478268 ], [ 647651.385147797758691, 3490712.87519070180133 ] ] ], [ [ [ 647902.633940135245211, 3490424.61789442691952 ], [ 647874.349668887793086, 3490412.902165674604475 ], [ 647846.065397640340962, 3490424.61789442691952 ], [ 647834.349668887793086, 3490452.902165674604475 ], [ 647846.065397640340962, 3490481.186436922289431 ], [ 647874.349668887793086, 3490492.902165674604475 ], [ 647902.633940135245211, 3490481.186436922289431 ], [ 647914.349668887793086, 3490452.902165674604475 ], [ 647902.633940135245211, 3490424.61789442691952 ] ] ], [ [ [ 648174.676896896329708, 3490616.790466484148055 ], [ 648146.392625648877583, 3490605.074737731833011 ], [ 648118.108354401425458, 3490616.790466484148055 ], [ 648106.392625648877583, 3490645.074737731833011 ], [ 648118.108354401425458, 3490673.359008979517967 ], [ 648146.392625648877583, 3490685.074737731833011 ], [ 648174.676896896329708, 3490673.359008979517967 ], [ 648186.392625648877583, 3490645.074737731833011 ], [ 648174.676896896329708, 3490616.790466484148055 ] ] ], [ [ [ 648433.479682613164186, 3490812.667835631873459 ], [ 648405.195411365712062, 3490800.952106879558414 ], [ 648376.911140118259937, 3490812.667835631873459 ], [ 648365.195411365712062, 3490840.952106879558414 ], [ 648376.911140118259937, 3490869.23637812724337 ], [ 648405.195411365712062, 3490880.952106879558414 ], [ 648433.479682613164186, 3490869.23637812724337 ], [ 648445.195411365712062, 3490840.952106879558414 ], [ 648433.479682613164186, 3490812.667835631873459 ] ] ], [ [ [ 647934.771009014802985, 3490933.03491873620078 ], [ 647907.771276493440382, 3490918.603261035867035 ], [ 647875.566319632809609, 3490930.126378855202347 ], [ 647854.706494490732439, 3490966.498224600683898 ], [ 647866.229612310184166, 3490998.703181461431086 ], [ 647894.513883557636291, 3491010.41891021374613 ], [ 647922.798154805088416, 3490998.703181461431086 ], [ 647943.082002096343786, 3490966.214262983761728 ], [ 647934.771009014802985, 3490933.03491873620078 ] ] ], [ [ [ 647858.505266163381748, 3491027.202917030546814 ], [ 647830.220994915929623, 3491015.48718827823177 ], [ 647801.936723668477498, 3491027.202917030546814 ], [ 647790.220994915929623, 3491055.48718827823177 ], [ 647801.936723668477498, 3491083.771459525916725 ], [ 647830.220994915929623, 3491095.48718827823177 ], [ 647858.505266163381748, 3491083.771459525916725 ], [ 647870.220994915929623, 3491055.48718827823177 ], [ 647858.505266163381748, 3491027.202917030546814 ] ] ], [ [ [ 648676.175447265268303, 3491034.466414921917021 ], [ 648649.175714743905701, 3491020.034757221583277 ], [ 648616.970757883274928, 3491031.557875040918589 ], [ 648596.068452584673651, 3491067.922636966221035 ], [ 648607.591570404125378, 3491100.127593826968223 ], [ 648635.875841651577502, 3491111.843322579283267 ], [ 648664.160112899029627, 3491100.127593826968223 ], [ 648684.486440346809104, 3491067.645759169477969 ], [ 648676.175447265268303, 3491034.466414921917021 ] ] ], [ [ [ 648211.438753038295545, 3491103.007440568879247 ], [ 648179.233796177664772, 3491091.484322749543935 ], [ 648152.234063656302169, 3491105.915980449877679 ], [ 648134.27263556024991, 3491140.907710571307689 ], [ 648114.571293301181868, 3491153.907861477695405 ], [ 648071.248574787285179, 3491212.227164480369538 ], [ 648068.972344871610403, 3491235.338114656042308 ], [ 648082.828024721122347, 3491258.454919909592718 ], [ 648112.124441700871103, 3491267.34189084218815 ], [ 648139.124174222233705, 3491252.910233141854405 ], [ 648178.750495927873999, 3491201.506402165163308 ], [ 648185.352093518711627, 3491182.125580834690481 ], [ 648218.431332364794798, 3491150.14758128952235 ], [ 648222.961870857747272, 3491127.37102620350197 ], [ 648211.438753038295545, 3491103.007440568879247 ] ] ], [ [ [ 648945.181132501689717, 3491188.045639446936548 ], [ 648916.896861254237592, 3491176.329910694621503 ], [ 648888.612590006785467, 3491188.045639446936548 ], [ 648876.896861254237592, 3491216.329910694621503 ], [ 648888.612590006785467, 3491244.614181942306459 ], [ 648916.896861254237592, 3491256.329910694621503 ], [ 648945.181132501689717, 3491244.614181942306459 ], [ 648956.896861254237592, 3491216.329910694621503 ], [ 648945.181132501689717, 3491188.045639446936548 ] ] ], [ [ [ 648415.873377946787514, 3491371.54571537533775 ], [ 648379.785493818693794, 3491360.598575406707823 ], [ 648346.351907538366504, 3491385.77409852668643 ], [ 648310.768331711995415, 3491440.004744231700897 ], [ 648313.044561627670191, 3491463.115694407373667 ], [ 648324.624011561507359, 3491478.728775247000158 ], [ 648353.920428541256115, 3491487.61574617959559 ], [ 648380.920161062618718, 3491473.184088479261845 ], [ 648425.866720128571615, 3491411.441373713314533 ], [ 648426.82051791541744, 3491392.02637374214828 ], [ 648415.873377946787514, 3491371.54571537533775 ] ] ], [ [ [ 648709.401178244501352, 3491507.506786509416997 ], [ 648678.480760109960102, 3491492.88251787610352 ], [ 648647.560341975418851, 3491507.506786509416997 ], [ 648638.502638275385834, 3491532.437177586834878 ], [ 648600.806302608922124, 3491567.55859478469938 ], [ 648568.638893028371967, 3491615.035777387674898 ], [ 648566.362663112697192, 3491638.146727563347667 ], [ 648580.218342962209135, 3491661.263532816898078 ], [ 648609.514759941957891, 3491670.15050374949351 ], [ 648636.514492463320494, 3491655.718846049159765 ], [ 648685.157910190871917, 3491592.298881224822253 ], [ 648691.877247533295304, 3491570.521412193309516 ], [ 648713.75761068391148, 3491551.738387349061668 ], [ 648718.288149176863953, 3491528.961832263041288 ], [ 648709.401178244501352, 3491507.506786509416997 ] ] ], [ [ [ 649401.200415009399876, 3491644.007042873650789 ], [ 649372.916143761947751, 3491632.291314121335745 ], [ 649344.631872514495626, 3491644.007042873650789 ], [ 649332.916143761947751, 3491672.291314121335745 ], [ 649344.631872514495626, 3491700.5755853690207 ], [ 649372.916143761947751, 3491712.291314121335745 ], [ 649401.200415009399876, 3491700.5755853690207 ], [ 649412.916143761947751, 3491672.291314121335745 ], [ 649401.200415009399876, 3491644.007042873650789 ] ] ], [ [ [ 648881.051484853611328, 3491792.811439628712833 ], [ 648852.767213606159203, 3491781.095710876397789 ], [ 648824.482942358707078, 3491792.811439628712833 ], [ 648812.767213606159203, 3491821.095710876397789 ], [ 648824.482942358707078, 3491849.379982124082744 ], [ 648852.767213606159203, 3491861.095710876397789 ], [ 648881.051484853611328, 3491849.379982124082744 ], [ 648892.767213606159203, 3491821.095710876397789 ], [ 648881.051484853611328, 3491792.811439628712833 ] ] ], [ [ [ 649116.360126571380533, 3492040.781445770058781 ], [ 649089.360394050017931, 3492026.349788069725037 ], [ 649060.063977070269175, 3492035.236759002320468 ], [ 649045.632319369935431, 3492062.236491523683071 ], [ 649054.519290302298032, 3492091.532908503431827 ], [ 649081.519022823660634, 3492105.964566203765571 ], [ 649110.81543980340939, 3492097.077595271170139 ], [ 649125.247097503743134, 3492070.077862749807537 ], [ 649116.360126571380533, 3492040.781445770058781 ] ] ], [ [ [ 649618.962382785044611, 3492430.269716660957783 ], [ 649590.678111537592486, 3492418.553987908642739 ], [ 649562.393840290140361, 3492430.269716660957783 ], [ 649550.678111537592486, 3492458.553987908642739 ], [ 649562.393840290140361, 3492486.838259156327695 ], [ 649590.678111537592486, 3492498.553987908642739 ], [ 649618.962382785044611, 3492486.838259156327695 ], [ 649630.678111537592486, 3492458.553987908642739 ], [ 649618.962382785044611, 3492430.269716660957783 ] ] ], [ [ [ 649836.107710625277832, 3492655.040438603144139 ], [ 649807.823439377825707, 3492643.324709850829095 ], [ 649779.539168130373582, 3492655.040438603144139 ], [ 649767.823439377825707, 3492683.324709850829095 ], [ 649779.539168130373582, 3492711.60898109851405 ], [ 649807.823439377825707, 3492723.324709850829095 ], [ 649836.107710625277832, 3492711.60898109851405 ], [ 649847.823439377825707, 3492683.324709850829095 ], [ 649836.107710625277832, 3492655.040438603144139 ] ] ], [ [ [ 650072.708861918072216, 3492823.76350353192538 ], [ 650080.066057212767191, 3492860.750621988903731 ], [ 650110.986475347308442, 3492875.374890622217208 ], [ 650139.270746594760567, 3492863.659161869902164 ], [ 650161.127251069876365, 3492824.026317989453673 ], [ 650149.41152231732849, 3492795.742046741768718 ], [ 650121.127251069876365, 3492784.026317989453673 ], [ 650095.751519703306258, 3492793.105899855028838 ], [ 650072.708861918072216, 3492823.76350353192538 ] ] ], [ [ [ 650438.710145421675406, 3492951.972539216279984 ], [ 650410.425874174223281, 3492940.256810463964939 ], [ 650382.141602926771156, 3492951.972539216279984 ], [ 650302.586269206367433, 3493039.747960598673671 ], [ 650298.05573071341496, 3493062.524515684694052 ], [ 650309.578848532866687, 3493086.888101319316775 ], [ 650345.666732660960406, 3493097.835241287946701 ], [ 650376.917684512794949, 3493075.981607765890658 ], [ 650445.70272474817466, 3492999.112679936923087 ], [ 650450.233263241127133, 3492976.336124850902706 ], [ 650438.710145421675406, 3492951.972539216279984 ] ] ], [ [ [ 650658.967924982658587, 3493189.52041133120656 ], [ 650631.968192461295985, 3493175.088753630872816 ], [ 650602.671775481547229, 3493183.975724563468248 ], [ 650557.566324129700661, 3493225.287329027894884 ], [ 650553.035785636748187, 3493248.063884113915265 ], [ 650561.922756569110788, 3493269.518929867539555 ], [ 650577.535837409086525, 3493281.098379801493138 ], [ 650600.646787584293634, 3493283.374609717167914 ], [ 650642.843138619908132, 3493256.800805531442165 ], [ 650667.278918064199388, 3493222.699755578767508 ], [ 650658.967924982658587, 3493189.52041133120656 ] ] ], [ [ [ 650907.047915813396685, 3493403.65592782292515 ], [ 650883.931110559497029, 3493389.800247973296791 ], [ 650860.82016038428992, 3493392.076477888971567 ], [ 650826.561883685062639, 3493425.931589956860989 ], [ 650777.544717084267177, 3493452.851775906980038 ], [ 650731.980203334707767, 3493493.606513989623636 ], [ 650727.449664841755293, 3493516.383069075644016 ], [ 650736.336635774117894, 3493537.838114829268306 ], [ 650759.453441028017551, 3493551.693794678896666 ], [ 650782.564391203224659, 3493549.41756476322189 ], [ 650852.90513999783434, 3493496.80447663879022 ], [ 650865.342503311811015, 3493478.793688526842743 ], [ 650889.75070973217953, 3493469.761638113763183 ], [ 650914.40511110809166, 3493440.643046279903501 ], [ 650907.047915813396685, 3493403.65592782292515 ] ] ], [ [ [ 651034.830589075689204, 3493707.2908313437365 ], [ 650998.742704947595485, 3493696.343691375106573 ], [ 650929.9332908912329, 3493729.922073482070118 ], [ 650912.924688995932229, 3493755.377245093230158 ], [ 650918.8973157198634, 3493785.403667294885963 ], [ 650936.848762917448767, 3493800.136039274744689 ], [ 650959.959713092655875, 3493802.412269190419465 ], [ 651028.769127149018459, 3493768.83388708345592 ], [ 651046.353706895140931, 3493739.495788204483688 ], [ 651034.830589075689204, 3493707.2908313437365 ] ] ], [ [ [ 651511.051270896452479, 3493847.080304493196309 ], [ 651484.051538375089876, 3493832.648646792862564 ], [ 651454.755121395341121, 3493841.535617725457996 ], [ 651440.323463695007376, 3493868.535350246820599 ], [ 651449.210434627369978, 3493897.831767226569355 ], [ 651476.21016714873258, 3493912.263424926903099 ], [ 651505.506584128481336, 3493903.376453994307667 ], [ 651519.93824182881508, 3493876.376721472945064 ], [ 651511.051270896452479, 3493847.080304493196309 ] ] ], [ [ [ 651160.406713746255264, 3493998.889653278049082 ], [ 651139.926055379444733, 3493987.942513309419155 ], [ 651120.511055408627726, 3493988.896311096381396 ], [ 651029.625953747658059, 3494029.077770238742232 ], [ 651014.499932985985652, 3494043.338240538258106 ], [ 650995.036779759568162, 3494044.279976562596858 ], [ 650945.844071584637277, 3494065.429000825155526 ], [ 650926.422327628475614, 3494089.094464308582246 ], [ 650929.423090483760461, 3494119.561720871832222 ], [ 650949.392603763146326, 3494137.66103269951418 ], [ 650976.311328147887252, 3494138.983464828226715 ], [ 651025.504036322818138, 3494117.834440565668046 ], [ 651040.630057084490545, 3494103.573970266152173 ], [ 651063.789160515298136, 3494101.309802113100886 ], [ 651150.978311971877702, 3494062.450775099452585 ], [ 651171.929831565706991, 3494031.09461013879627 ], [ 651160.406713746255264, 3493998.889653278049082 ] ] ] ] } },
{ "type": "Feature", "properties": { "depth_bin": "25-30" }, "geometry": { "type": "MultiPolygon", "coordinates": [ [ [ [ 644598.757937000715174, 3488942.524875840637833 ], [ 644571.758204479352571, 3488928.093218140304089 ], [ 644542.461787499603815, 3488936.98018907289952 ], [ 644528.030129799270071, 3488963.979921594262123 ], [ 644536.917100731632672, 3488993.276338574010879 ], [ 644563.916833252995275, 3489007.707996274344623 ], [ 644593.213250232744031, 3488998.821025341749191 ], [ 644607.644907933077775, 3488971.821292820386589 ], [ 644598.757937000715174, 3488942.524875840637833 ] ] ], [ [ [ 644916.835237815277651, 3489002.294967892579734 ], [ 644881.994134067557752, 3488987.86331019224599 ], [ 644850.637969106785022, 3489008.81482978630811 ], [ 644784.517475783359259, 3489175.414684955962002 ], [ 644786.793705699034035, 3489198.525635131634772 ], [ 644804.893017526366748, 3489218.495148410554975 ], [ 644835.360274089616723, 3489221.495911266189069 ], [ 644859.025737573392689, 3489202.074167309794575 ], [ 644924.192433109972626, 3489039.282086349558085 ], [ 644916.835237815277651, 3489002.294967892579734 ] ] ], [ [ [ 645502.263456461951137, 3489233.505790377035737 ], [ 645473.979185214499012, 3489221.790061624720693 ], [ 645445.694913967046887, 3489233.505790377035737 ], [ 645433.979185214499012, 3489261.790061624720693 ], [ 645445.694913967046887, 3489290.074332872405648 ], [ 645473.979185214499012, 3489301.790061624720693 ], [ 645502.263456461951137, 3489290.074332872405648 ], [ 645513.979185214499012, 3489261.790061624720693 ], [ 645502.263456461951137, 3489233.505790377035737 ] ] ], [ [ [ 644821.010838994639926, 3489242.872255916707218 ], [ 644794.011106473277323, 3489228.440598216373473 ], [ 644761.80614961264655, 3489239.963716035708785 ], [ 644745.027522481861524, 3489278.617310962174088 ], [ 644756.550640301313251, 3489310.822267822921276 ], [ 644784.834911548765376, 3489322.53799657523632 ], [ 644813.119182796217501, 3489310.822267822921276 ], [ 644829.897809927002527, 3489272.168672896455973 ], [ 644821.010838994639926, 3489242.872255916707218 ] ] ], [ [ [ 645132.580661604995839, 3489299.131570523604751 ], [ 645105.580929083633237, 3489284.699912823271006 ], [ 645076.284512103884481, 3489293.586883755866438 ], [ 645061.852854403550737, 3489320.586616277229041 ], [ 645070.739825335913338, 3489349.883033256977797 ], [ 645097.73955785727594, 3489364.314690957311541 ], [ 645127.035974837024696, 3489355.427720024716109 ], [ 645141.46763253735844, 3489328.427987503353506 ], [ 645132.580661604995839, 3489299.131570523604751 ] ] ], [ [ [ 645442.115912161068991, 3489389.895478539634496 ], [ 645413.831640913616866, 3489378.179749787319452 ], [ 645385.547369666164741, 3489389.895478539634496 ], [ 645373.831640913616866, 3489418.179749787319452 ], [ 645385.547369666164741, 3489446.464021035004407 ], [ 645413.831640913616866, 3489458.179749787319452 ], [ 645442.115912161068991, 3489446.464021035004407 ], [ 645453.831640913616866, 3489418.179749787319452 ], [ 645442.115912161068991, 3489389.895478539634496 ] ] ], [ [ [ 645406.543868576991372, 3489474.129000755026937 ], [ 645370.455984448897652, 3489463.18186078639701 ], [ 645342.982746755587868, 3489483.557402529753745 ], [ 645306.449774989974685, 3489584.224377251695842 ], [ 645310.980313482927158, 3489607.000932337716222 ], [ 645327.401294583803974, 3489623.421913438476622 ], [ 645357.86855114705395, 3489626.422676294110715 ], [ 645381.534014630829915, 3489607.000932337716222 ], [ 645417.491008545621298, 3489510.216884883586317 ], [ 645406.543868576991372, 3489474.129000755026937 ] ] ], [ [ [ 645954.869052584981546, 3489674.0327566312626 ], [ 645924.085261323023587, 3489768.248118987306952 ], [ 645938.516919023357332, 3489795.247851508669555 ], [ 645967.813336003106087, 3489804.134822441264987 ], [ 645986.115459710708819, 3489797.586217866279185 ], [ 646000.847831690334715, 3489779.634770669043064 ], [ 646051.188358389190398, 3489647.882052996661514 ], [ 646046.169529452105053, 3489614.047856585588306 ], [ 646020.714357840595767, 3489597.039254690054804 ], [ 645990.687935639172792, 3489603.011881414335221 ], [ 645977.633894386002794, 3489617.414796433411539 ], [ 645954.869052584981546, 3489674.0327566312626 ] ] ], [ [ [ 645663.691008501918986, 3489673.783846125937998 ], [ 645628.849904754199088, 3489659.352188425604254 ], [ 645597.493739793426357, 3489680.303708019666374 ], [ 645555.646438850904815, 3489795.161813660524786 ], [ 645560.176977343857288, 3489817.938368746545166 ], [ 645576.597958444734104, 3489834.359349847305566 ], [ 645607.065215007984079, 3489837.360112702939659 ], [ 645630.730678491760045, 3489817.938368746545166 ], [ 645672.002001583459787, 3489706.963190373498946 ], [ 645663.691008501918986, 3489673.783846125937998 ] ] ], [ [ [ 646346.163488552556373, 3489717.378399078268558 ], [ 646311.322384804836474, 3489702.946741377934813 ], [ 646279.966219844063744, 3489723.898260971996933 ], [ 646236.429996908525936, 3489834.120662258006632 ], [ 646238.706226824200712, 3489857.231612433679402 ], [ 646256.805538651533425, 3489877.201125712599605 ], [ 646287.2727952147834, 3489880.201888568233699 ], [ 646310.938258698559366, 3489860.780144611839205 ], [ 646354.474481634097174, 3489750.557743325829506 ], [ 646346.163488552556373, 3489717.378399078268558 ] ] ], [ [ [ 646599.369189647724852, 3489962.515013699419796 ], [ 646563.281305519631132, 3489951.56787373078987 ], [ 646535.808067826321349, 3489971.943415474146605 ], [ 646525.151075564557686, 3490011.30303036654368 ], [ 646509.740325308288448, 3490027.118502401281148 ], [ 646469.901082732714713, 3490122.205129851121455 ], [ 646472.177312648389488, 3490145.316080026794225 ], [ 646490.276624475722201, 3490165.285593305714428 ], [ 646520.743881038972177, 3490168.286356161348522 ], [ 646544.409344522748142, 3490148.864612204954028 ], [ 646581.972357182647102, 3490061.28170916903764 ], [ 646584.396097423625179, 3490039.165192830841988 ], [ 646609.362531829508953, 3490002.41067203739658 ], [ 646610.316329616354778, 3489982.995672066230327 ], [ 646599.369189647724852, 3489962.515013699419796 ] ] ], [ [ [ 647114.930909210233949, 3490308.583297342527658 ], [ 646971.382978627691045, 3490573.286905116867274 ], [ 646971.382978627691045, 3490603.901579706463963 ], [ 646993.030822633532807, 3490625.549423712305725 ], [ 647016.141772808739915, 3490627.8256536279805 ], [ 647033.713891294668429, 3490619.514660546090454 ], [ 647067.416827731765807, 3490568.347855950705707 ], [ 647226.687993595260195, 3490269.069115439429879 ], [ 647235.613704322488047, 3490239.456307835876942 ], [ 647226.534122457029298, 3490214.080576469190419 ], [ 647199.534389935666695, 3490199.648918768856674 ], [ 647170.23797295591794, 3490208.535889701452106 ], [ 647114.930909210233949, 3490308.583297342527658 ] ] ], [ [ [ 646722.615045063896105, 3490486.973048699088395 ], [ 646694.33077381644398, 3490475.25731994677335 ], [ 646666.046502568991855, 3490486.973048699088395 ], [ 646654.33077381644398, 3490515.25731994677335 ], [ 646666.046502568991855, 3490543.541591194458306 ], [ 646694.33077381644398, 3490555.25731994677335 ], [ 646722.615045063896105, 3490543.541591194458306 ], [ 646734.33077381644398, 3490515.25731994677335 ], [ 646722.615045063896105, 3490486.973048699088395 ] ] ], [ [ [ 647318.466724752797745, 3490038.802236028015614 ], [ 647287.546306618256494, 3490024.177967394702137 ], [ 647256.625888483715244, 3490038.802236028015614 ], [ 647227.961014765431173, 3490101.48171179369092 ], [ 647242.392672465764917, 3490136.322815541177988 ], [ 647271.689089445513673, 3490145.20978647377342 ], [ 647298.688821966876276, 3490130.778128773439676 ], [ 647326.777717834338546, 3490071.981580275576562 ], [ 647318.466724752797745, 3490038.802236028015614 ] ] ], [ [ [ 648185.554003255791031, 3490606.871457408647984 ], [ 648158.554270734428428, 3490592.43979970831424 ], [ 648129.257853754679672, 3490601.326770640909672 ], [ 648114.826196054345928, 3490628.326503162272274 ], [ 648123.713166986708529, 3490657.62292014202103 ], [ 648150.712899508071132, 3490672.054577842354774 ], [ 648180.009316487819888, 3490663.167606909759343 ], [ 648194.440974188153632, 3490636.16787438839674 ], [ 648185.554003255791031, 3490606.871457408647984 ] ] ], [ [ [ 647332.584674140089191, 3490659.559568003751338 ], [ 647300.379717279458418, 3490648.036450184416026 ], [ 647271.041618400486186, 3490665.621029930654913 ], [ 647218.086330239428207, 3490753.950307038147002 ], [ 647219.408762368257158, 3490780.869031423237175 ], [ 647234.141134347883053, 3490798.820478620473295 ], [ 647264.167556549306028, 3490804.793105344753712 ], [ 647289.622728160815313, 3490787.78450344922021 ], [ 647342.578016321873292, 3490699.455226341728121 ], [ 647343.531814108719118, 3490680.040226370561868 ], [ 647332.584674140089191, 3490659.559568003751338 ] ] ], [ [ [ 647678.206618878408335, 3490752.048216645140201 ], [ 647647.286200743867084, 3490737.423948011826724 ], [ 647616.365782609325834, 3490752.048216645140201 ], [ 647572.749017538968474, 3490814.902316163759679 ], [ 647572.749017538968474, 3490838.125090344343334 ], [ 647585.650899601634592, 3490857.434121388476342 ], [ 647614.947316581383348, 3490866.321092321071774 ], [ 647641.94704910274595, 3490851.889434620738029 ], [ 647684.24138204427436, 3490792.731285306625068 ], [ 647687.093589810770936, 3490773.503262398764491 ], [ 647678.206618878408335, 3490752.048216645140201 ] ] ], [ [ [ 648441.722273493884131, 3490799.65129909478128 ], [ 648413.438002246432006, 3490787.935570342466235 ], [ 648385.153730998979881, 3490799.65129909478128 ], [ 648373.438002246432006, 3490827.935570342466235 ], [ 648385.153730998979881, 3490856.219841590151191 ], [ 648413.438002246432006, 3490867.935570342466235 ], [ 648441.722273493884131, 3490856.219841590151191 ], [ 648453.438002246432006, 3490827.935570342466235 ], [ 648441.722273493884131, 3490799.65129909478128 ] ] ], [ [ [ 647908.932011219556443, 3490970.786110787186772 ], [ 647889.622980175190605, 3490957.884228724520653 ], [ 647866.40020599483978, 3490957.884228724520653 ], [ 647826.659654238144867, 3490993.528300592210144 ], [ 647756.124817892443389, 3491088.531777302734554 ], [ 647753.848587976768613, 3491111.642727478407323 ], [ 647767.704267826280557, 3491134.759532731957734 ], [ 647797.000684806029312, 3491143.646503664553165 ], [ 647824.000417327391915, 3491129.214845964219421 ], [ 647913.288443658966571, 3491015.017711626831442 ], [ 647917.818982151919045, 3490992.241156540811062 ], [ 647908.932011219556443, 3490970.786110787186772 ] ] ], [ [ [ 648192.716141284909099, 3491127.16909668687731 ], [ 648164.431870037456974, 3491115.453367934562266 ], [ 648136.147598790004849, 3491127.16909668687731 ], [ 648114.722945445682853, 3491163.079156780615449 ], [ 648126.24606326513458, 3491195.284113641362637 ], [ 648154.530334512586705, 3491206.999842393677682 ], [ 648182.81460576003883, 3491195.284113641362637 ], [ 648204.239259104360826, 3491159.374053547624499 ], [ 648192.716141284909099, 3491127.16909668687731 ] ] ], [ [ [ 648130.910982699482702, 3491215.096671868115664 ], [ 648103.911250178120099, 3491200.665014167781919 ], [ 648074.614833198371343, 3491209.551985100377351 ], [ 648060.183175498037599, 3491236.551717621739954 ], [ 648069.0701464304002, 3491265.848134601488709 ], [ 648096.069878951762803, 3491280.279792301822454 ], [ 648125.366295931511559, 3491271.392821369227022 ], [ 648139.797953631845303, 3491244.393088847864419 ], [ 648130.910982699482702, 3491215.096671868115664 ] ] ], [ [ [ 648372.013560031424277, 3491434.804899586364627 ], [ 648345.013827510061674, 3491420.373241886030883 ], [ 648315.717410530312918, 3491429.260212818626314 ], [ 648291.417235234519467, 3491463.684642306994647 ], [ 648299.728228316060267, 3491496.863986554555595 ], [ 648326.72796083742287, 3491511.295644254889339 ], [ 648356.024377817171626, 3491502.408673322293907 ], [ 648380.324553112965077, 3491467.984243833925575 ], [ 648372.013560031424277, 3491434.804899586364627 ] ] ], [ [ [ 648652.558041793177836, 3491578.161348951049149 ], [ 648624.273770545725711, 3491566.445620198734105 ], [ 648595.989499298273586, 3491578.161348951049149 ], [ 648584.273770545725711, 3491606.445620198734105 ], [ 648595.989499298273586, 3491634.72989144641906 ], [ 648624.273770545725711, 3491646.445620198734105 ], [ 648652.558041793177836, 3491634.72989144641906 ], [ 648664.273770545725711, 3491606.445620198734105 ], [ 648652.558041793177836, 3491578.161348951049149 ] ] ], [ [ [ 648694.888038092525676, 3491010.344132937956601 ], [ 648667.888305571163073, 3490995.912475237622857 ], [ 648638.591888591414317, 3491004.799446170218289 ], [ 648624.160230891080573, 3491031.799178691580892 ], [ 648633.047201823443174, 3491061.095595671329647 ], [ 648660.046934344805777, 3491075.527253371663392 ], [ 648689.343351324554533, 3491066.64028243906796 ], [ 648703.775009024888277, 3491039.640549917705357 ], [ 648694.888038092525676, 3491010.344132937956601 ] ] ], [ [ [ 649171.36567311163526, 3491421.063376356847584 ], [ 649144.365940590272658, 3491406.63171865651384 ], [ 649115.069523610523902, 3491415.518689589109272 ], [ 649100.637865910190158, 3491442.518422110471874 ], [ 649109.524836842552759, 3491471.81483909022063 ], [ 649136.524569363915361, 3491486.246496790554374 ], [ 649165.820986343664117, 3491477.359525857958943 ], [ 649180.252644043997861, 3491450.35979333659634 ], [ 649171.36567311163526, 3491421.063376356847584 ] ] ], [ [ [ 648874.935255489428528, 3491808.138734340202063 ], [ 648847.935522968065925, 3491793.707076639868319 ], [ 648818.639105988317169, 3491802.594047572463751 ], [ 648804.207448287983425, 3491829.593780093826354 ], [ 648813.094419220346026, 3491858.890197073575109 ], [ 648840.094151741708629, 3491873.321854773908854 ], [ 648869.390568721457385, 3491864.434883841313422 ], [ 648883.822226421791129, 3491837.435151319950819 ], [ 648874.935255489428528, 3491808.138734340202063 ] ] ], [ [ [ 649106.882201056112535, 3492052.82889819284901 ], [ 649079.882468534749933, 3492038.397240492515266 ], [ 649050.586051555001177, 3492047.284211425110698 ], [ 649036.154393854667433, 3492074.2839439464733 ], [ 649045.041364787030034, 3492103.580360926222056 ], [ 649072.041097308392636, 3492118.0120186265558 ], [ 649101.337514288141392, 3492109.125047693960369 ], [ 649115.769171988475136, 3492082.125315172597766 ], [ 649106.882201056112535, 3492052.82889819284901 ] ] ], [ [ [ 649325.081021443358622, 3492266.004026127513498 ], [ 649298.08128892199602, 3492251.572368427179754 ], [ 649268.784871942247264, 3492260.459339359775186 ], [ 649254.35321424191352, 3492287.459071881137788 ], [ 649263.240185174276121, 3492316.755488860886544 ], [ 649290.239917695638724, 3492331.187146561220288 ], [ 649319.536334675387479, 3492322.300175628624856 ], [ 649333.967992375721224, 3492295.300443107262254 ], [ 649325.081021443358622, 3492266.004026127513498 ] ] ], [ [ [ 649611.95410444191657, 3492444.923041750211269 ], [ 649584.954371920553967, 3492430.491384049877524 ], [ 649555.657954940805212, 3492439.378354982472956 ], [ 649541.226297240471467, 3492466.378087503835559 ], [ 649550.113268172834069, 3492495.674504483584315 ], [ 649577.113000694196671, 3492510.106162183918059 ], [ 649606.409417673945427, 3492501.219191251322627 ], [ 649620.841075374279171, 3492474.219458729960024 ], [ 649611.95410444191657, 3492444.923041750211269 ] ] ], [ [ [ 649829.426759864087217, 3492669.89376099454239 ], [ 649802.427027342724614, 3492655.462103294208646 ], [ 649770.222070482093841, 3492666.985221113543957 ], [ 649739.34241505281534, 3492706.029552333056927 ], [ 649738.388617265969515, 3492725.44455230422318 ], [ 649749.335757234599441, 3492745.92521067103371 ], [ 649785.423641362693161, 3492756.872350639663637 ], [ 649817.6341529492056, 3492735.788985467981547 ], [ 649837.737752945628017, 3492703.073105242103338 ], [ 649829.426759864087217, 3492669.89376099454239 ] ] ], [ [ [ 650131.385327146039344, 3492821.210439065936953 ], [ 650104.385594624676742, 3492806.778781365603209 ], [ 650072.180637764045969, 3492818.30189918493852 ], [ 650053.547992008505389, 3492842.659268458839506 ], [ 650051.143897077417932, 3492864.908222718629986 ], [ 650029.417407141183503, 3492871.625055618584156 ], [ 650014.685035161557607, 3492889.576502815820277 ], [ 650012.408805245882832, 3492912.687452991493046 ], [ 650023.355945214512758, 3492933.168111358303577 ], [ 650051.640216461964883, 3492944.883840110618621 ], [ 650079.924487709417008, 3492933.168111358303577 ], [ 650090.999492693459615, 3492897.942223145626485 ], [ 650115.878904675482772, 3492888.887023888062686 ], [ 650137.420090311905369, 3492861.89350772742182 ], [ 650140.272298078401946, 3492842.665484819561243 ], [ 650131.385327146039344, 3492821.210439065936953 ] ] ], [ [ [ 650355.871160824550316, 3493041.594725279603153 ], [ 650327.586889577098191, 3493029.878996527288109 ], [ 650299.302618329646066, 3493041.594725279603153 ], [ 650278.05381360463798, 3493077.533420060295612 ], [ 650289.576931424089707, 3493109.7383769210428 ], [ 650317.861202671541832, 3493121.454105673357844 ], [ 650346.145473918993957, 3493109.7383769210428 ], [ 650367.394278644002043, 3493073.799682140350342 ], [ 650355.871160824550316, 3493041.594725279603153 ] ] ], [ [ [ 651217.293650169740431, 3493182.734124710317701 ], [ 651190.293917648377828, 3493168.302467009983957 ], [ 651160.997500668629073, 3493177.189437942579389 ], [ 651146.565842968295328, 3493204.189170463941991 ], [ 651155.452813900657929, 3493233.485587443690747 ], [ 651182.452546422020532, 3493247.917245144024491 ], [ 651211.748963401769288, 3493239.03027421142906 ], [ 651226.180621102103032, 3493212.030541690066457 ], [ 651217.293650169740431, 3493182.734124710317701 ] ] ], [ [ [ 650636.35471630631946, 3493209.944641306996346 ], [ 650620.741635466343723, 3493198.365191373042762 ], [ 650597.630685291136615, 3493196.088961457367986 ], [ 650557.037841283832677, 3493224.408807728439569 ], [ 650522.934265407617204, 3493265.636699119582772 ], [ 650530.291460702312179, 3493302.623817576561123 ], [ 650557.291193223674782, 3493317.055475276894867 ], [ 650586.587610203423537, 3493308.168504344299436 ], [ 650640.711148745729588, 3493254.176242146641016 ], [ 650645.241687238682061, 3493231.399687060620636 ], [ 650636.35471630631946, 3493209.944641306996346 ] ] ], [ [ [ 650782.523214081069455, 3493492.2589474581182 ], [ 650746.435329952975735, 3493481.311807489488274 ], [ 650703.426127478014678, 3493506.466535196173936 ], [ 650668.624738271697424, 3493541.839715076610446 ], [ 650665.772530505200848, 3493561.067737984471023 ], [ 650674.659501437563449, 3493582.522783738095313 ], [ 650693.968532481929287, 3493595.424665800761431 ], [ 650717.191306662280113, 3493595.424665800761431 ], [ 650779.614674200187437, 3493551.463636840227991 ], [ 650794.046331900521182, 3493524.463904318865389 ], [ 650782.523214081069455, 3493492.2589474581182 ] ] ], [ [ [ 651384.437000302248634, 3493519.010075442027301 ], [ 651357.437267780886032, 3493504.578417741693556 ], [ 651328.140850801137276, 3493513.465388674288988 ], [ 651313.709193100803532, 3493540.465121195651591 ], [ 651322.596164033166133, 3493569.761538175400347 ], [ 651349.595896554528736, 3493584.193195875734091 ], [ 651378.892313534277491, 3493575.306224943138659 ], [ 651393.323971234611236, 3493548.306492421776056 ], [ 651384.437000302248634, 3493519.010075442027301 ] ] ], [ [ [ 650966.634707816527225, 3493741.272448350675404 ], [ 650946.154049449716695, 3493730.325308382045478 ], [ 650926.739049478899688, 3493731.279106169007719 ], [ 650856.864501354401, 3493777.474331784062088 ], [ 650824.082316094893031, 3493790.265130991116166 ], [ 650807.073714199592359, 3493815.720302602276206 ], [ 650813.04634092352353, 3493845.746724803932011 ], [ 650830.997788121108897, 3493860.479096783790737 ], [ 650857.916512505849823, 3493861.801528912503272 ], [ 650960.57324588985648, 3493802.815504090394825 ], [ 650978.157825635978952, 3493773.477405211422592 ], [ 650966.634707816527225, 3493741.272448350675404 ] ] ], [ [ [ 651525.255416504689492, 3493841.369508793111891 ], [ 651509.642335664713755, 3493829.790058859158307 ], [ 651486.531385489506647, 3493827.513828943483531 ], [ 651405.262754089781083, 3493861.291791766881943 ], [ 651385.84101013361942, 3493884.957255250308663 ], [ 651388.841772988904268, 3493915.424511813558638 ], [ 651405.262754089781083, 3493931.845492914319038 ], [ 651428.039309176034294, 3493936.376031407620758 ], [ 651513.190867843222804, 3493902.022090733516961 ], [ 651533.566409586230293, 3493874.548853040672839 ], [ 651525.255416504689492, 3493841.369508793111891 ] ] ], [ [ [ 650981.708575103199109, 3494081.553951863665134 ], [ 650946.867471355479211, 3494067.122294163331389 ], [ 650889.793300488032401, 3494089.503801808226854 ], [ 650870.371556531870738, 3494113.169265291653574 ], [ 650873.372319387155585, 3494143.636521854903549 ], [ 650886.426360640325584, 3494158.039436873979867 ], [ 650908.649169961106963, 3494164.780652381945401 ], [ 650969.644026441732422, 3494142.206533804070204 ], [ 650990.01956818473991, 3494114.733296111226082 ], [ 650981.708575103199109, 3494081.553951863665134 ] ] ] ] } },
{ "type": "Feature", "properties": { "depth_bin": "30-35" }, "geometry": { "type": "MultiPolygon", "coordinates": [ [ [ [ 644637.123644643113948, 3488859.460051577072591 ], [ 644602.28254089539405, 3488845.028393876738846 ], [ 644570.926375934621319, 3488865.979913470800966 ], [ 644487.377369088120759, 3489054.276458079461008 ], [ 644488.699801216949709, 3489081.195182464551181 ], [ 644506.799113044282421, 3489101.164695743471384 ], [ 644537.266369607532397, 3489104.165458599105477 ], [ 644560.931833091308363, 3489084.743714642710984 ], [ 644644.480839937808923, 3488896.447170034050941 ], [ 644637.123644643113948, 3488859.460051577072591 ] ] ], [ [ [ 644281.564443382900208, 3488897.566351269371808 ], [ 644246.723339635180309, 3488883.134693569038063 ], [ 644217.385240756208077, 3488900.719273315276951 ], [ 644210.836636181455106, 3488926.862768249120563 ], [ 644223.674949021893553, 3488952.418377167545259 ], [ 644203.285173322539777, 3488955.098255186341703 ], [ 644187.67209248256404, 3488966.677705120295286 ], [ 644153.490774804376997, 3489035.290231619495898 ], [ 644154.813206933205947, 3489062.208956004586071 ], [ 644169.545578912831843, 3489080.160403201822191 ], [ 644199.572001114254817, 3489086.133029926102608 ], [ 644225.027172725764103, 3489069.124428030569106 ], [ 644257.823921833187342, 3488999.857049367856234 ], [ 644256.870124046341516, 3488980.442049396689981 ], [ 644245.561586843570694, 3488962.577141955494881 ], [ 644272.866834569140337, 3488956.200867128092796 ], [ 644288.921638677595183, 3488934.553469726350158 ], [ 644281.564443382900208, 3488897.566351269371808 ] ] ], [ [ [ 644928.327806939021684, 3488974.083331713452935 ], [ 644897.407388804480433, 3488959.459063080139458 ], [ 644866.486970669939183, 3488974.083331713452935 ], [ 644852.448571011074819, 3489013.96052540326491 ], [ 644867.072839644504711, 3489044.880943537689745 ], [ 644896.369256624253467, 3489053.767914470285177 ], [ 644923.368989145616069, 3489039.336256769951433 ], [ 644937.214777871384285, 3489003.379748693201691 ], [ 644928.327806939021684, 3488974.083331713452935 ] ] ], [ [ [ 644842.310786948539317, 3489185.810581368394196 ], [ 644807.469683200819418, 3489171.378923668060452 ], [ 644776.113518240046687, 3489192.330443262122571 ], [ 644756.844805992092006, 3489263.47013193462044 ], [ 644732.173203923273832, 3489302.151958711445332 ], [ 644734.449433838948607, 3489325.262908887118101 ], [ 644752.54874566628132, 3489345.232422166038305 ], [ 644790.260484612430446, 3489345.232422166038305 ], [ 644814.269231073441915, 3489315.62987991143018 ], [ 644817.845314623787999, 3489287.459432310424745 ], [ 644830.974590690340847, 3489273.0114232795313 ], [ 644850.621780030080117, 3489218.989925615955144 ], [ 644842.310786948539317, 3489185.810581368394196 ] ] ], [ [ [ 645128.449641717015766, 3489313.933614364359528 ], [ 645097.529223582474515, 3489299.309345731046051 ], [ 645066.608805447933264, 3489313.933614364359528 ], [ 645048.013502028770745, 3489368.321972796227783 ], [ 645062.637770662200637, 3489399.242390930652618 ], [ 645091.934187641949393, 3489408.12936186324805 ], [ 645118.933920163311996, 3489393.697704162914306 ], [ 645137.336612649378367, 3489343.230031344108284 ], [ 645128.449641717015766, 3489313.933614364359528 ] ] ], [ [ [ 645072.172448146273382, 3489455.587726579979062 ], [ 645045.172715624910779, 3489441.156068879645318 ], [ 645012.967758764280006, 3489452.679186698980629 ], [ 644995.610479494207539, 3489491.184500661212951 ], [ 645007.133597313659266, 3489523.389457521960139 ], [ 645035.417868561111391, 3489535.105186274275184 ], [ 645063.702139808563516, 3489523.389457521960139 ], [ 645081.059419078635983, 3489484.884143559727818 ], [ 645072.172448146273382, 3489455.587726579979062 ] ] ], [ [ [ 644256.183140258537605, 3489724.077619445510209 ], [ 644225.262722123996355, 3489709.453350812196732 ], [ 644194.342303989455104, 3489724.077619445510209 ], [ 644166.480018644710071, 3489787.233098814729601 ], [ 644180.911676345043816, 3489822.074202562216669 ], [ 644210.208093324792571, 3489830.961173494812101 ], [ 644237.207825846155174, 3489816.529515794478357 ], [ 644264.494133340078406, 3489757.256963693071157 ], [ 644256.183140258537605, 3489724.077619445510209 ] ] ], [ [ [ 645204.165801482624374, 3489114.654052404686809 ], [ 645177.166068961261772, 3489100.222394704353064 ], [ 645147.869651981513016, 3489109.109365636948496 ], [ 645133.437994281179272, 3489136.109098158311099 ], [ 645142.324965213541873, 3489165.405515138059855 ], [ 645169.324697734904476, 3489179.837172838393599 ], [ 645198.621114714653231, 3489170.950201905798167 ], [ 645213.052772414986975, 3489143.950469384435564 ], [ 645204.165801482624374, 3489114.654052404686809 ] ] ], [ [ [ 645778.903357549570501, 3489358.953837177716196 ], [ 645751.903625028207898, 3489344.522179477382451 ], [ 645722.607208048459142, 3489353.409150409977883 ], [ 645708.175550348125398, 3489380.408882931340486 ], [ 645717.062521280487999, 3489409.705299911089242 ], [ 645744.062253801850602, 3489424.136957611422986 ], [ 645773.358670781599358, 3489415.249986678827554 ], [ 645787.790328481933102, 3489388.250254157464951 ], [ 645778.903357549570501, 3489358.953837177716196 ] ] ], [ [ [ 646107.541775893070735, 3489439.508855803869665 ], [ 646080.542043371708132, 3489425.07719810353592 ], [ 646051.245626391959377, 3489433.964169036131352 ], [ 646036.813968691625632, 3489460.963901557493955 ], [ 646045.700939623988234, 3489490.260318537242711 ], [ 646072.700672145350836, 3489504.691976237576455 ], [ 646101.997089125099592, 3489495.805005304981023 ], [ 646116.428746825433336, 3489468.80527278361842 ], [ 646107.541775893070735, 3489439.508855803869665 ] ] ], [ [ [ 645372.005750792915933, 3489577.128423244226724 ], [ 645345.00601827155333, 3489562.69676554389298 ], [ 645312.801061410922557, 3489574.219883363228291 ], [ 645295.105789595865645, 3489612.332966042216867 ], [ 645306.628907415317371, 3489644.537922902964056 ], [ 645334.913178662769496, 3489656.2536516552791 ], [ 645363.197449910221621, 3489644.537922902964056 ], [ 645380.892721725278534, 3489606.42484022397548 ], [ 645372.005750792915933, 3489577.128423244226724 ] ] ], [ [ [ 646397.473667599027976, 3489590.334317256230861 ], [ 646370.473935077665374, 3489575.902659555897117 ], [ 646341.177518097916618, 3489584.789630488492548 ], [ 646326.745860397582874, 3489611.789363009855151 ], [ 646335.632831329945475, 3489641.085779989603907 ], [ 646362.632563851308078, 3489655.517437689937651 ], [ 646391.928980831056833, 3489646.630466757342219 ], [ 646406.360638531390578, 3489619.630734235979617 ], [ 646397.473667599027976, 3489590.334317256230861 ] ] ], [ [ [ 646696.237923526088707, 3489740.604121599346399 ], [ 646669.238191004726104, 3489726.172463899012655 ], [ 646639.941774024977349, 3489735.059434831608087 ], [ 646625.510116324643604, 3489762.05916735297069 ], [ 646634.397087257006206, 3489791.355584332719445 ], [ 646661.396819778368808, 3489805.78724203305319 ], [ 646690.693236758117564, 3489796.900271100457758 ], [ 646705.124894458451308, 3489769.900538579095155 ], [ 646696.237923526088707, 3489740.604121599346399 ] ] ], [ [ [ 645988.789249865571037, 3489752.994379026815295 ], [ 645957.868831731029786, 3489738.370110393501818 ], [ 645926.948413596488535, 3489752.994379026815295 ], [ 645908.15330645989161, 3489803.300320596899837 ], [ 645922.584964160225354, 3489838.141424344386905 ], [ 645951.88138113997411, 3489847.028395276982337 ], [ 645978.881113661336713, 3489832.596737576648593 ], [ 645997.676220797933638, 3489782.290796006564051 ], [ 645988.789249865571037, 3489752.994379026815295 ] ] ], [ [ [ 645620.56077293434646, 3489787.748532479628921 ], [ 645589.640354799805209, 3489773.124263846315444 ], [ 645558.719936665263958, 3489787.748532479628921 ], [ 645544.511946975719184, 3489827.575834431219846 ], [ 645559.136215609149076, 3489858.496252565644681 ], [ 645588.432632588897832, 3489867.383223498240113 ], [ 645615.432365110260434, 3489852.951565797906369 ], [ 645629.447743866709061, 3489817.044949459377676 ], [ 645620.56077293434646, 3489787.748532479628921 ] ] ], [ [ [ 646301.360798466252163, 3489830.921715581323951 ], [ 646266.519694718532264, 3489816.490057880990207 ], [ 646235.163529757759534, 3489837.441577475052327 ], [ 646203.239922157255933, 3489915.093696154188365 ], [ 646206.117756443331018, 3489945.30104209529236 ], [ 646185.499518297845498, 3489960.987607133574784 ], [ 646167.4306675005937, 3490003.485003252979368 ], [ 646169.706897416268475, 3490026.595953428652138 ], [ 646187.806209243601188, 3490046.565466707572341 ], [ 646218.273465806851164, 3490049.566229563206434 ], [ 646241.938929290627129, 3490030.144485606811941 ], [ 646257.98971400607843, 3489991.014029335230589 ], [ 646254.158081933157519, 3489964.614457603543997 ], [ 646276.794386160443537, 3489945.56095271743834 ], [ 646308.717993760947138, 3489867.908834038302302 ], [ 646301.360798466252163, 3489830.921715581323951 ] ] ], [ [ [ 647019.782793789519928, 3489853.777413298841566 ], [ 646992.783061268157326, 3489839.345755598507822 ], [ 646963.48664428840857, 3489848.232726531103253 ], [ 646949.054986588074826, 3489875.232459052465856 ], [ 646957.941957520437427, 3489904.528876032214612 ], [ 646984.94169004180003, 3489918.960533732548356 ], [ 647014.238107021548785, 3489910.073562799952924 ], [ 647028.66976472188253, 3489883.073830278590322 ], [ 647019.782793789519928, 3489853.777413298841566 ] ] ], [ [ [ 645915.294498759205453, 3489953.255411549005657 ], [ 645888.29476623784285, 3489938.823753848671913 ], [ 645858.998349258094095, 3489947.710724781267345 ], [ 645844.56669155776035, 3489974.710457302629948 ], [ 645853.453662490122952, 3490004.006874282378703 ], [ 645880.453395011485554, 3490018.438531982712448 ], [ 645909.74981199123431, 3490009.551561050117016 ], [ 645924.181469691568054, 3489982.551828528754413 ], [ 645915.294498759205453, 3489953.255411549005657 ] ] ], [ [ [ 647326.551590331015177, 3490025.748511132318527 ], [ 647299.551857809652574, 3490011.316853431984782 ], [ 647270.255440829903819, 3490020.203824364580214 ], [ 647255.823783129570074, 3490047.203556885942817 ], [ 647264.710754061932676, 3490076.499973865691572 ], [ 647291.710486583295278, 3490090.931631566025317 ], [ 647321.006903563044034, 3490082.044660633429885 ], [ 647335.438561263377778, 3490055.044928112067282 ], [ 647326.551590331015177, 3490025.748511132318527 ] ] ], [ [ [ 646555.352360516320914, 3490059.547114986460656 ], [ 646519.264476388227195, 3490048.599975017830729 ], [ 646491.791238694917411, 3490068.975516761187464 ], [ 646491.276669684331864, 3490105.599290943704545 ], [ 646469.760727941058576, 3490121.607059465255588 ], [ 646452.158725095097907, 3490168.59515861608088 ], [ 646456.68926358805038, 3490191.37171370210126 ], [ 646473.110244688927196, 3490207.792694802861661 ], [ 646503.577501252177171, 3490210.793457658495754 ], [ 646527.242964735953137, 3490191.37171370210126 ], [ 646542.250923649291508, 3490151.633481666911393 ], [ 646538.810932017746381, 3490126.061964076478034 ], [ 646557.98850740341004, 3490113.207117600832134 ], [ 646566.29950048495084, 3490095.634999115020037 ], [ 646555.352360516320914, 3490059.547114986460656 ] ] ], [ [ [ 647084.38294441474136, 3490483.682612402364612 ], [ 647057.383211893378757, 3490469.250954702030867 ], [ 647028.086794913630001, 3490478.137925634626299 ], [ 647013.655137213296257, 3490505.137658155988902 ], [ 647022.542108145658858, 3490534.434075135737658 ], [ 647049.541840667021461, 3490548.865732836071402 ], [ 647078.838257646770217, 3490539.97876190347597 ], [ 647093.269915347103961, 3490512.979029382113367 ], [ 647084.38294441474136, 3490483.682612402364612 ] ] ], [ [ [ 646718.575718062231317, 3490503.518405815120786 ], [ 646687.655299927690066, 3490488.894137181807309 ], [ 646656.734881793148816, 3490503.518405815120786 ], [ 646635.021555586135946, 3490552.610184189863503 ], [ 646649.453213286469691, 3490587.451287937350571 ], [ 646678.749630266218446, 3490596.338258869946003 ], [ 646705.749362787581049, 3490581.906601169612259 ], [ 646726.886711143772118, 3490536.697750062681735 ], [ 646718.575718062231317, 3490503.518405815120786 ] ] ], [ [ [ 647032.569812524714507, 3490577.02254130737856 ], [ 647005.570080003351904, 3490562.590883607044816 ], [ 646973.365123142721131, 3490574.114001426380128 ], [ 646956.560830644681118, 3490612.815935053862631 ], [ 646968.083948464132845, 3490645.02089191460982 ], [ 646996.36821971158497, 3490656.736620666924864 ], [ 647024.652490959037095, 3490645.02089191460982 ], [ 647041.456783457077108, 3490606.318958287127316 ], [ 647032.569812524714507, 3490577.02254130737856 ] ] ], [ [ [ 647276.843009126721881, 3490750.487333142198622 ], [ 647248.558737879269756, 3490738.771604389883578 ], [ 647220.274466631817631, 3490750.487333142198622 ], [ 647200.004612262360752, 3490787.172230384778231 ], [ 647211.527730081812479, 3490819.37718724552542 ], [ 647239.812001329264604, 3490831.092915997840464 ], [ 647268.096272576716729, 3490819.37718724552542 ], [ 647288.366126946173608, 3490782.692290002945811 ], [ 647276.843009126721881, 3490750.487333142198622 ] ] ], [ [ [ 647621.424885384039953, 3490212.43393330834806 ], [ 647594.425152862677351, 3490198.002275608014315 ], [ 647565.128735882928595, 3490206.889246540609747 ], [ 647550.697078182594851, 3490233.88897906197235 ], [ 647559.584049114957452, 3490263.185396041721106 ], [ 647586.583781636320055, 3490277.61705374205485 ], [ 647615.88019861606881, 3490268.730082809459418 ], [ 647630.311856316402555, 3490241.730350288096815 ], [ 647621.424885384039953, 3490212.43393330834806 ] ] ], [ [ [ 647914.855164970387705, 3490415.57599981687963 ], [ 647887.855432449025102, 3490401.144342116545886 ], [ 647858.559015469276346, 3490410.031313049141318 ], [ 647844.127357768942602, 3490437.03104557050392 ], [ 647853.014328701305203, 3490466.327462550252676 ], [ 647880.014061222667806, 3490480.75912025058642 ], [ 647909.310478202416562, 3490471.872149317990988 ], [ 647923.742135902750306, 3490444.872416796628386 ], [ 647914.855164970387705, 3490415.57599981687963 ] ] ], [ [ [ 648196.586500082048588, 3490596.071954196784645 ], [ 648169.586767560685985, 3490581.640296496450901 ], [ 648140.290350580937229, 3490590.527267429046333 ], [ 648125.858692880603485, 3490617.526999950408936 ], [ 648134.745663812966086, 3490646.823416930157691 ], [ 648161.745396334328689, 3490661.255074630491436 ], [ 648191.041813314077444, 3490652.368103697896004 ], [ 648205.473471014411189, 3490625.368371176533401 ], [ 648196.586500082048588, 3490596.071954196784645 ] ] ], [ [ [ 647650.422027347027324, 3490788.334576822817326 ], [ 647619.501609212486073, 3490773.710308189503849 ], [ 647588.581191077944823, 3490788.334576822817326 ], [ 647537.115563097293489, 3490864.190213647205383 ], [ 647537.115563097293489, 3490887.412987827789038 ], [ 647550.017445159959607, 3490906.722018871922046 ], [ 647579.313862139708363, 3490915.608989804517478 ], [ 647606.313594661070965, 3490901.177332104183733 ], [ 647656.456790512893349, 3490829.017645484302193 ], [ 647659.308998279389925, 3490809.789622576441616 ], [ 647650.422027347027324, 3490788.334576822817326 ] ] ], [ [ [ 647554.781100773834623, 3490925.971155345439911 ], [ 647527.781368252472021, 3490911.539497645106167 ], [ 647498.484951272723265, 3490920.426468577701598 ], [ 647484.053293572389521, 3490947.426201099064201 ], [ 647492.940264504752122, 3490976.722618078812957 ], [ 647519.939997026114725, 3490991.154275779146701 ], [ 647549.23641400586348, 3490982.267304846551269 ], [ 647563.668071706197225, 3490955.267572325188667 ], [ 647554.781100773834623, 3490925.971155345439911 ] ] ], [ [ [ 647814.711689209216274, 3491090.509398284368217 ], [ 647787.711956687853672, 3491076.077740584034473 ], [ 647755.506999827222899, 3491087.600858403369784 ], [ 647735.71464319631923, 3491124.699843045324087 ], [ 647747.237761015770957, 3491156.904799906071275 ], [ 647775.522032263223082, 3491168.62052865838632 ], [ 647803.806303510675207, 3491156.904799906071275 ], [ 647823.022682290757075, 3491123.688742531929165 ], [ 647814.711689209216274, 3491090.509398284368217 ] ] ], [ [ [ 648120.942275614943355, 3491226.522590645588934 ], [ 648090.021857480402105, 3491211.898322012275457 ], [ 648059.101439345860854, 3491226.522590645588934 ], [ 647961.918097845395096, 3491353.988497578538954 ], [ 647957.963537203264423, 3491380.647979932371527 ], [ 647971.819217052776366, 3491403.764785185921937 ], [ 648001.115634032525122, 3491412.651756118517369 ], [ 648028.115366553887725, 3491398.220098418183625 ], [ 648125.298708054353483, 3491270.754191485233605 ], [ 648129.829246547305956, 3491247.977636399213225 ], [ 648120.942275614943355, 3491226.522590645588934 ] ] ], [ [ [ 648352.764894735650159, 3491458.533093911595643 ], [ 648325.765162214287557, 3491444.101436211261898 ], [ 648293.560205353656784, 3491455.62455403059721 ], [ 648246.807701002573594, 3491520.856939953751862 ], [ 648245.853903215727769, 3491540.271939924918115 ], [ 648256.801043184357695, 3491560.752598291728646 ], [ 648285.08531443180982, 3491572.46832704404369 ], [ 648313.369585679261945, 3491560.752598291728646 ], [ 648358.799657901516184, 3491499.21616257308051 ], [ 648361.651865668012761, 3491479.988139665219933 ], [ 648352.764894735650159, 3491458.533093911595643 ] ] ], [ [ [ 648624.979899853351526, 3491614.596040386706591 ], [ 648592.774942992720753, 3491603.072922567371279 ], [ 648565.77521047135815, 3491617.504580267705023 ], [ 648540.590611456427723, 3491651.248689568601549 ], [ 648538.55931732582394, 3491675.337478210683912 ], [ 648518.686023784568533, 3491681.963269410189241 ], [ 648503.953651804942638, 3491699.914716607425362 ], [ 648501.677421889267862, 3491723.025666783098131 ], [ 648515.533101738779806, 3491746.142472036648542 ], [ 648544.829518718528561, 3491755.029442969243973 ], [ 648571.829251239891164, 3491740.597785268910229 ], [ 648579.895308536360972, 3491706.440602554939687 ], [ 648602.921524123405106, 3491697.476444997824728 ], [ 648633.650809906306677, 3491658.187648929189891 ], [ 648635.927039821981452, 3491635.076698753517121 ], [ 648624.979899853351526, 3491614.596040386706591 ] ] ], [ [ [ 648865.50846579822246, 3491820.214929438196123 ], [ 648838.508733276859857, 3491805.783271737862378 ], [ 648806.303776416229084, 3491817.30638955719769 ], [ 648775.953340305946767, 3491861.227981535717845 ], [ 648786.900480274576694, 3491897.315865664277226 ], [ 648815.184751522028819, 3491909.03159441659227 ], [ 648843.469022769480944, 3491897.315865664277226 ], [ 648872.865661092917435, 3491857.202047895174474 ], [ 648865.50846579822246, 3491820.214929438196123 ] ] ], [ [ [ 649098.072086706175469, 3492065.11223895708099 ], [ 649071.072354184812866, 3492050.680581256747246 ], [ 649041.77593720506411, 3492059.567552189342678 ], [ 649027.344279504730366, 3492086.56728471070528 ], [ 649036.231250437092967, 3492115.863701690454036 ], [ 649063.23098295845557, 3492130.29535939078778 ], [ 649092.527399938204326, 3492121.408388458192348 ], [ 649106.95905763853807, 3492094.408655936829746 ], [ 649098.072086706175469, 3492065.11223895708099 ] ] ], [ [ [ 649316.249794832663611, 3492278.405668994411826 ], [ 649289.250062311301008, 3492263.974011294078082 ], [ 649257.045105450670235, 3492275.497129113413393 ], [ 649236.945397215080447, 3492312.442375994287431 ], [ 649248.468515034532174, 3492344.64733285503462 ], [ 649276.752786281984299, 3492356.363061607349664 ], [ 649305.037057529436424, 3492344.64733285503462 ], [ 649324.560787914204411, 3492311.585013241972774 ], [ 649316.249794832663611, 3492278.405668994411826 ] ] ], [ [ [ 649523.110025040106848, 3492476.832207349129021 ], [ 649512.162885071476921, 3492497.312865715939552 ], [ 649514.439114987151697, 3492520.423815891612321 ], [ 649529.171486966777593, 3492538.375263088848442 ], [ 649547.473610674380325, 3492544.923867663834244 ], [ 649579.678567535011098, 3492533.400749844498932 ], [ 649610.776150242541917, 3492485.585063052363694 ], [ 649601.889179310179316, 3492456.288646072614938 ], [ 649574.889446788816713, 3492441.856988372281194 ], [ 649548.745951854856685, 3492448.405592947266996 ], [ 649523.110025040106848, 3492476.832207349129021 ] ] ], [ [ [ 649631.673868527985178, 3491848.376058922614902 ], [ 649604.674136006622575, 3491833.944401222281158 ], [ 649575.37771902687382, 3491842.83137215487659 ], [ 649560.946061326540075, 3491869.831104676239192 ], [ 649569.833032258902676, 3491899.127521655987948 ], [ 649596.832764780265279, 3491913.559179356321692 ], [ 649626.129181760014035, 3491904.672208423726261 ], [ 649640.560839460347779, 3491877.672475902363658 ], [ 649631.673868527985178, 3491848.376058922614902 ] ] ], [ [ [ 649799.402498502633534, 3492704.491777324583381 ], [ 649772.402765981270932, 3492690.060119624249637 ], [ 649743.106349001522176, 3492698.947090556845069 ], [ 649728.674691301188432, 3492725.946823078207672 ], [ 649737.561662233551033, 3492755.243240057956427 ], [ 649764.561394754913636, 3492769.674897758290172 ], [ 649793.857811734662391, 3492760.78792682569474 ], [ 649808.289469434996136, 3492733.788194304332137 ], [ 649799.402498502633534, 3492704.491777324583381 ] ] ], [ [ [ 650112.168133174651302, 3492844.631579760927707 ], [ 650085.1684006532887, 3492830.199922060593963 ], [ 650052.963443792657927, 3492841.723039879929274 ], [ 649976.647311245207675, 3492932.305535155814141 ], [ 649972.116772752255201, 3492955.082090241834521 ], [ 649983.639890571706928, 3492979.445675876457244 ], [ 650004.120548938517459, 3492990.392815845087171 ], [ 650023.535548909334466, 3492989.43901805812493 ], [ 650061.555983243277296, 3492957.417695419397205 ], [ 650118.202896340517327, 3492885.314648422412574 ], [ 650121.055104107013904, 3492866.086625514551997 ], [ 650112.168133174651302, 3492844.631579760927707 ] ] ], [ [ [ 650972.796085266745649, 3492900.492104700766504 ], [ 650945.796352745383047, 3492886.06044700043276 ], [ 650916.499935765634291, 3492894.947417933028191 ], [ 650902.068278065300547, 3492921.947150454390794 ], [ 650910.955248997663148, 3492951.24356743413955 ], [ 650937.95498151902575, 3492965.675225134473294 ], [ 650967.251398498774506, 3492956.788254201877862 ], [ 650981.68305619910825, 3492929.78852168051526 ], [ 650972.796085266745649, 3492900.492104700766504 ] ] ], [ [ [ 650337.662523975013755, 3493066.540421584155411 ], [ 650310.662791453651153, 3493052.108763883821666 ], [ 650278.45783459302038, 3493063.631881703156978 ], [ 650260.708025132887997, 3493084.05859827902168 ], [ 650256.273637482663617, 3493107.483349694870412 ], [ 650232.275889281649143, 3493114.137368047144264 ], [ 650217.543517302023247, 3493132.088815244380385 ], [ 650215.267287386348471, 3493155.199765420053154 ], [ 650226.214427354978397, 3493175.680423786863685 ], [ 650254.498698602430522, 3493187.396152539178729 ], [ 650282.782969849882647, 3493175.680423786863685 ], [ 650294.209936826606281, 3493142.827270596288145 ], [ 650318.207685027620755, 3493136.173252244014293 ], [ 650342.018956414423883, 3493110.772022423800081 ], [ 650346.549494907376356, 3493087.995467337779701 ], [ 650337.662523975013755, 3493066.540421584155411 ] ] ], [ [ [ 650178.66019619978033, 3493230.522585944738239 ], [ 650150.375924952328205, 3493218.806857192423195 ], [ 650122.09165370487608, 3493230.522585944738239 ], [ 650091.94917082041502, 3493274.653499191161245 ], [ 650102.896310789044946, 3493310.741383319720626 ], [ 650131.180582036497071, 3493322.45711207203567 ], [ 650159.464853283949196, 3493310.741383319720626 ], [ 650189.607336168410257, 3493266.61047007329762 ], [ 650178.66019619978033, 3493230.522585944738239 ] ] ], [ [ [ 650600.067156513687223, 3493237.979255898855627 ], [ 650571.782885266235098, 3493226.263527146540582 ], [ 650543.498614018782973, 3493237.979255898855627 ], [ 650531.782885266235098, 3493266.263527146540582 ], [ 650543.498614018782973, 3493294.547798394225538 ], [ 650571.782885266235098, 3493306.263527146540582 ], [ 650600.067156513687223, 3493294.547798394225538 ], [ 650611.782885266235098, 3493266.263527146540582 ], [ 650600.067156513687223, 3493237.979255898855627 ] ] ], [ [ [ 650333.038739482057281, 3493488.028477559797466 ], [ 650306.039006960694678, 3493473.596819859463722 ], [ 650276.742589980945922, 3493482.483790792059153 ], [ 650262.310932280612178, 3493509.483523313421756 ], [ 650271.197903212974779, 3493538.779940293170512 ], [ 650298.197635734337382, 3493553.211597993504256 ], [ 650327.494052714086138, 3493544.324627060908824 ], [ 650341.925710414419882, 3493517.324894539546221 ], [ 650333.038739482057281, 3493488.028477559797466 ] ] ], [ [ [ 650748.689129237085581, 3493522.694882752839476 ], [ 650733.076048397109844, 3493511.115432818885893 ], [ 650709.965098221902736, 3493508.839202903211117 ], [ 650656.664803196210414, 3493539.201651204843074 ], [ 650583.741842679097317, 3493594.39898176304996 ], [ 650577.000627171248198, 3493616.62179108383134 ], [ 650583.741842679097317, 3493638.84460040461272 ], [ 650617.000627171248198, 3493656.62179108383134 ], [ 650666.09224386815913, 3493635.080557228531688 ], [ 650751.02749559469521, 3493570.293423440307379 ], [ 650757.576100169448182, 3493544.149928506463766 ], [ 650748.689129237085581, 3493522.694882752839476 ] ] ], [ [ [ 650905.254814535961486, 3493785.888311637565494 ], [ 650889.641733695985749, 3493774.30886170361191 ], [ 650866.530783520778641, 3493772.032631787937135 ], [ 650839.589054403593764, 3493791.521405044943094 ], [ 650797.331004528095946, 3493804.997889757156372 ], [ 650780.322402632795274, 3493830.453061368316412 ], [ 650786.295029356726445, 3493860.479483569972217 ], [ 650804.246476554311812, 3493875.211855549830943 ], [ 650823.474499462055974, 3493878.064063316211104 ], [ 650867.746872520074248, 3493850.675843983422965 ], [ 650896.557205722201616, 3493844.522827496286482 ], [ 650914.141785468324088, 3493815.184728617314249 ], [ 650905.254814535961486, 3493785.888311637565494 ] ] ], [ [ [ 651539.064997773384675, 3493834.966324325185269 ], [ 651512.065265252022073, 3493820.534666624851525 ], [ 651482.768848272273317, 3493829.421637557446957 ], [ 651468.337190571939573, 3493856.421370078809559 ], [ 651477.224161504302174, 3493885.717787058558315 ], [ 651504.223894025664777, 3493900.149444758892059 ], [ 651533.520311005413532, 3493891.262473826296628 ], [ 651547.951968705747277, 3493864.262741304934025 ], [ 651539.064997773384675, 3493834.966324325185269 ] ] ], [ [ [ 651413.026605284190737, 3493889.095781316049397 ], [ 651386.026872762828134, 3493874.664123615715653 ], [ 651356.730455783079378, 3493883.551094548311085 ], [ 651342.298798082745634, 3493910.550827069673687 ], [ 651351.185769015108235, 3493939.847244049422443 ], [ 651378.185501536470838, 3493954.278901749756187 ], [ 651407.481918516219594, 3493945.391930817160755 ], [ 651421.913576216553338, 3493918.392198295798153 ], [ 651413.026605284190737, 3493889.095781316049397 ] ] ], [ [ [ 650923.674545353511348, 3494104.19636851362884 ], [ 650891.469588492880575, 3494092.673250694293529 ], [ 650842.520933607243933, 3494114.729286854155362 ], [ 650828.089275906910188, 3494141.729019375517964 ], [ 650836.97624683927279, 3494171.02543635526672 ], [ 650871.817350586992688, 3494185.457094055600464 ], [ 650920.766005472629331, 3494163.401057895738631 ], [ 650935.197663172963075, 3494136.401325374376029 ], [ 650923.674545353511348, 3494104.19636851362884 ] ] ] ] } },
{ "type": "Feature", "properties": { "depth_bin": "35-40" }, "geometry": { "type": "MultiPolygon", "coordinates": [ [ [ [ 644327.432875225553289, 3488801.302771515678614 ], [ 644292.59177147783339, 3488786.87111381534487 ], [ 644261.23560651706066, 3488807.82263340940699 ], [ 644185.802858669077978, 3488966.243146486580372 ], [ 644187.125290797906928, 3488993.161870871670544 ], [ 644205.22460262523964, 3489013.131384150590748 ], [ 644235.691859188489616, 3489016.132147006224841 ], [ 644259.357322672265582, 3488996.710403049830347 ], [ 644334.790070520248264, 3488838.289889972656965 ], [ 644327.432875225553289, 3488801.302771515678614 ] ] ], [ [ [ 644652.456704848096706, 3488814.725874493364245 ], [ 644620.251747987465933, 3488803.202756674028933 ], [ 644590.913649108493701, 3488820.78733642026782 ], [ 644571.464049134170637, 3488870.576409118715674 ], [ 644589.241239813389257, 3488903.835193610750139 ], [ 644619.267662014812231, 3488909.807820335030556 ], [ 644644.722833626321517, 3488892.799218439497054 ], [ 644663.979822667548433, 3488846.930831354111433 ], [ 644652.456704848096706, 3488814.725874493364245 ] ] ], [ [ [ 644213.926404405967332, 3489032.489788327366114 ], [ 644181.721447545336559, 3489020.966670508030802 ], [ 644152.383348666364327, 3489038.551250254269689 ], [ 644126.667258606641553, 3489098.317480932921171 ], [ 644129.51946637313813, 3489117.545503840781748 ], [ 644144.251838352764025, 3489135.496951038017869 ], [ 644174.278260554187, 3489141.469577762298286 ], [ 644199.733432165696286, 3489124.460975866764784 ], [ 644224.873544374597259, 3489068.577672455925494 ], [ 644213.926404405967332, 3489032.489788327366114 ] ] ], [ [ [ 644550.473532024421729, 3489054.635191615670919 ], [ 644515.63242827670183, 3489040.203533915337175 ], [ 644484.2762633159291, 3489061.155053509399295 ], [ 644461.754320028354414, 3489118.073791193310171 ], [ 644475.672735246014781, 3489152.449719069525599 ], [ 644441.474912698147818, 3489166.912979148793966 ], [ 644408.176760432543233, 3489235.931187161244452 ], [ 644409.499192561372183, 3489262.849911546334624 ], [ 644427.598504388704896, 3489282.819424825254828 ], [ 644458.065760951954871, 3489285.820187680888921 ], [ 644481.731224435730837, 3489266.398443724494427 ], [ 644511.626742048771121, 3489200.092323396354914 ], [ 644510.672944261925295, 3489180.677323425188661 ], [ 644498.284304681932554, 3489161.833468252327293 ], [ 644529.845980342710391, 3489150.27874805405736 ], [ 644553.727173101622611, 3489106.299966511782259 ], [ 644559.36050295678433, 3489076.09023736929521 ], [ 644550.473532024421729, 3489054.635191615670919 ] ] ], [ [ [ 644716.175197857315652, 3489494.477240843232721 ], [ 644680.087313729221933, 3489483.530100874602795 ], [ 644652.614076035912149, 3489503.905642617959529 ], [ 644649.357283476507291, 3489533.350771307013929 ], [ 644635.648554602754302, 3489550.543033035472035 ], [ 644598.443413556437008, 3489642.661335318814963 ], [ 644600.719643472111784, 3489665.772285494487733 ], [ 644618.818955299444497, 3489685.741798773407936 ], [ 644649.286211862694472, 3489688.742561629042029 ], [ 644672.951675346470438, 3489669.320817672647536 ], [ 644710.881349332397804, 3489577.461757420562208 ], [ 644711.137379036517814, 3489555.261111114174128 ], [ 644727.122337825945579, 3489530.565124971792102 ], [ 644716.175197857315652, 3489494.477240843232721 ] ] ], [ [ [ 643987.781028375960886, 3489515.551529949065298 ], [ 643951.693144247867167, 3489504.604389980435371 ], [ 643924.219906554557383, 3489524.979931723792106 ], [ 643922.881476307404228, 3489559.861797674093395 ], [ 643899.480264947516844, 3489576.355909309815615 ], [ 643874.371014937525615, 3489632.096530325710773 ], [ 643876.647244853200391, 3489655.207480501383543 ], [ 643894.746556680533104, 3489675.176993780303746 ], [ 643925.213813243783079, 3489678.17775663593784 ], [ 643948.879276727559045, 3489658.756012679543346 ], [ 643971.01666286890395, 3489610.190105720888823 ], [ 643969.354330260772258, 3489582.552722153253853 ], [ 643987.781028375960886, 3489572.120072444435209 ], [ 643997.774370557744987, 3489555.447188287042081 ], [ 643998.728168344590813, 3489536.032188315875828 ], [ 643987.781028375960886, 3489515.551529949065298 ] ] ], [ [ [ 644261.404588210047223, 3489708.049057186581194 ], [ 644229.19963134941645, 3489696.525939367245883 ], [ 644199.861532470444217, 3489714.11051911348477 ], [ 644180.95557077426929, 3489764.226713131647557 ], [ 644198.73276145348791, 3489797.485497623682022 ], [ 644228.759183654910885, 3489803.458124347962439 ], [ 644254.214355266420171, 3489786.449522452428937 ], [ 644272.92770602949895, 3489740.254014047328383 ], [ 644261.404588210047223, 3489708.049057186581194 ] ] ], [ [ [ 644794.11394634435419, 3489296.060235890559852 ], [ 644758.02606221626047, 3489285.113095921929926 ], [ 644730.552824522950687, 3489305.48863766528666 ], [ 644689.551823143498041, 3489420.534490056801587 ], [ 644694.082361636450514, 3489443.311045142821968 ], [ 644710.50334273732733, 3489459.732026243582368 ], [ 644740.970599300577305, 3489462.732789099216461 ], [ 644764.636062784353271, 3489443.311045142821968 ], [ 644805.061086312984116, 3489332.148120019119233 ], [ 644794.11394634435419, 3489296.060235890559852 ] ] ], [ [ [ 645109.274580712430179, 3489353.693359768949449 ], [ 645073.18669658433646, 3489342.746219800319523 ], [ 645045.713458891026676, 3489363.121761543676257 ], [ 645006.970862331218086, 3489462.774537982419133 ], [ 645011.50140082417056, 3489485.551093068439513 ], [ 645027.922381925047375, 3489501.972074169199914 ], [ 645058.389638488297351, 3489504.972837024834007 ], [ 645082.055101972073317, 3489485.551093068439513 ], [ 645120.221720681060106, 3489389.78124389750883 ], [ 645109.274580712430179, 3489353.693359768949449 ] ] ], [ [ [ 645360.119936866569333, 3489605.080608162563294 ], [ 645325.278833118849434, 3489590.64895046222955 ], [ 645295.940734239877202, 3489608.233530208468437 ], [ 645284.063502336270176, 3489652.630509231239557 ], [ 645265.371997700654902, 3489682.632073356304318 ], [ 645268.224205467151478, 3489701.860096264164895 ], [ 645282.956577446777374, 3489719.811543461401016 ], [ 645312.982999648200348, 3489725.784170185681432 ], [ 645338.438171259709634, 3489708.77556829014793 ], [ 645344.314314955030568, 3489678.363964247051626 ], [ 645368.430929948110133, 3489638.259952410124242 ], [ 645360.119936866569333, 3489605.080608162563294 ] ] ], [ [ [ 645974.155153802712448, 3489796.29147694632411 ], [ 645939.314050054992549, 3489781.859819245990366 ], [ 645907.957885094219819, 3489802.811338840052485 ], [ 645840.13730248529464, 3489985.108407329767942 ], [ 645842.413532400969416, 3490008.219357505440712 ], [ 645860.512844228302129, 3490028.188870784360915 ], [ 645890.980100791552104, 3490031.189633639995009 ], [ 645914.64556427532807, 3490011.767889683600515 ], [ 645981.512349097407423, 3489833.278595403302461 ], [ 645974.155153802712448, 3489796.29147694632411 ] ] ], [ [ [ 645608.059852409525774, 3489813.664373460691422 ], [ 645571.971968281432055, 3489802.717233492061496 ], [ 645544.498730588122271, 3489823.09277523541823 ], [ 645526.775131339789368, 3489894.863702288363129 ], [ 645509.142854803591035, 3489924.2303895233199 ], [ 645513.673393296543509, 3489947.00694460934028 ], [ 645530.094374397420324, 3489963.427925710100681 ], [ 645560.5616309606703, 3489966.428688565734774 ], [ 645584.227094444446266, 3489947.00694460934028 ], [ 645587.814186434377916, 3489918.880445162765682 ], [ 645602.594255204079673, 3489900.900409609545022 ], [ 645619.006992378155701, 3489849.752257589250803 ], [ 645608.059852409525774, 3489813.664373460691422 ] ] ], [ [ [ 644856.321564278216101, 3490007.360977762844414 ], [ 644835.840905911405571, 3489996.413837794214487 ], [ 644816.425905940588564, 3489997.367635581176728 ], [ 644785.197990496526472, 3490026.064715812448412 ], [ 644771.316424463875592, 3490078.641285179648548 ], [ 644789.093615143094212, 3490111.900069671683013 ], [ 644819.120037344517186, 3490117.87269639596343 ], [ 644844.575208956026472, 3490100.864094500429928 ], [ 644867.844682097667828, 3490039.565934623591602 ], [ 644856.321564278216101, 3490007.360977762844414 ] ] ], [ [ [ 645840.860555408638902, 3490134.868503156583756 ], [ 645812.576284161186777, 3490123.152774404268712 ], [ 645784.292012913734652, 3490134.868503156583756 ], [ 645772.576284161186777, 3490163.152774404268712 ], [ 645784.292012913734652, 3490191.437045651953667 ], [ 645812.576284161186777, 3490203.152774404268712 ], [ 645840.860555408638902, 3490191.437045651953667 ], [ 645852.576284161186777, 3490163.152774404268712 ], [ 645840.860555408638902, 3490134.868503156583756 ] ] ], [ [ [ 646102.710135128349066, 3490170.186273667961359 ], [ 646104.032567257178016, 3490197.104998053051531 ], [ 646125.680411263019778, 3490218.752842058893293 ], [ 646156.295085852150805, 3490218.752842058893293 ], [ 646176.26459913153667, 3490200.653530231211334 ], [ 646212.871631184010766, 3490108.426338807679713 ], [ 646213.271907510352321, 3490086.80155729688704 ], [ 646239.44115806510672, 3490037.025689528789371 ], [ 646236.882871966809034, 3490007.493971465621144 ], [ 646258.179906478268094, 3489991.564529203809798 ], [ 646275.019504724419676, 3489952.79808873962611 ], [ 646273.697072595590726, 3489925.879364354535937 ], [ 646255.597760768258013, 3489905.909851075615734 ], [ 646225.130504205008037, 3489902.909088219981641 ], [ 646201.465040721232072, 3489922.330832176376134 ], [ 646185.689710770035163, 3489961.538107002153993 ], [ 646189.201794655178674, 3489987.262050855904818 ], [ 646164.208363335463218, 3490010.106965143699199 ], [ 646151.733068717992865, 3490064.029443894512951 ], [ 646130.532109571737237, 3490095.081997477915138 ], [ 646102.710135128349066, 3490170.186273667961359 ] ] ], [ [ [ 646401.249605651362799, 3489573.459516822360456 ], [ 646372.965334403910674, 3489561.743788070045412 ], [ 646344.681063156458549, 3489573.459516822360456 ], [ 646332.965334403910674, 3489601.743788070045412 ], [ 646344.681063156458549, 3489630.028059317730367 ], [ 646372.965334403910674, 3489641.743788070045412 ], [ 646401.249605651362799, 3489630.028059317730367 ], [ 646412.965334403910674, 3489601.743788070045412 ], [ 646401.249605651362799, 3489573.459516822360456 ] ] ], [ [ [ 646526.9164456872968, 3490130.47872144728899 ], [ 646490.828561559203081, 3490119.531581478659064 ], [ 646463.355323865893297, 3490139.907123222015798 ], [ 646428.82917945063673, 3490224.733035909477621 ], [ 646433.359717943589203, 3490247.509590995498002 ], [ 646449.780699044466019, 3490263.930572096258402 ], [ 646480.247955607715994, 3490266.931334951892495 ], [ 646503.91341909149196, 3490247.509590995498002 ], [ 646537.863585655926727, 3490166.566605575848371 ], [ 646526.9164456872968, 3490130.47872144728899 ] ] ], [ [ [ 647626.047148713842034, 3490196.106998575851321 ], [ 647597.762877466389909, 3490184.391269823536277 ], [ 647569.478606218937784, 3490196.106998575851321 ], [ 647557.762877466389909, 3490224.391269823536277 ], [ 647569.478606218937784, 3490252.675541071221232 ], [ 647597.762877466389909, 3490264.391269823536277 ], [ 647626.047148713842034, 3490252.675541071221232 ], [ 647637.762877466389909, 3490224.391269823536277 ], [ 647626.047148713842034, 3490196.106998575851321 ] ] ], [ [ [ 646700.266903398209251, 3490545.369647386949509 ], [ 646669.346485263668001, 3490530.745378753636032 ], [ 646638.42606712912675, 3490545.369647386949509 ], [ 646617.116598779568449, 3490594.776177282445133 ], [ 646631.548256479902193, 3490629.617281029932201 ], [ 646660.844673459650949, 3490638.504251962527633 ], [ 646687.844405981013551, 3490624.072594262193888 ], [ 646708.577896479750052, 3490578.548991634510458 ], [ 646700.266903398209251, 3490545.369647386949509 ] ] ], [ [ [ 647019.257663288735785, 3490604.327568318229169 ], [ 646984.416559541015886, 3490589.895910617895424 ], [ 646955.078460662043653, 3490607.480490364134312 ], [ 646934.288120463374071, 3490661.47681326046586 ], [ 646906.10988699470181, 3490702.654845462646335 ], [ 646908.386116910376586, 3490725.765795638319105 ], [ 646923.118488890002482, 3490743.717242835555226 ], [ 646953.144911091425456, 3490749.689869559835643 ], [ 646978.600082702934742, 3490732.68126766430214 ], [ 646992.159038314130157, 3490692.369052897207439 ], [ 647007.238044221536256, 3490678.995244468562305 ], [ 647026.61485858343076, 3490641.31468677520752 ], [ 647019.257663288735785, 3490604.327568318229169 ] ] ], [ [ [ 647259.48323806677945, 3490775.520340719725937 ], [ 647227.278281206148677, 3490763.997222900390625 ], [ 647200.278548684786074, 3490778.428880600724369 ], [ 647191.305183237884194, 3490805.966696835588664 ], [ 647167.964688534615561, 3490834.842252841219306 ], [ 647170.240918450290337, 3490857.953203016892076 ], [ 647181.820368384127505, 3490873.566283856518567 ], [ 647211.116785363876261, 3490882.453254789113998 ], [ 647238.116517885238864, 3490868.021597088780254 ], [ 647247.089883332140744, 3490840.48378085391596 ], [ 647270.430378035409376, 3490811.608224848285317 ], [ 647259.48323806677945, 3490775.520340719725937 ] ] ], [ [ [ 647614.206321074394509, 3490836.367290111258626 ], [ 647593.725662707583979, 3490825.4201501426287 ], [ 647574.310662736766972, 3490826.37394792959094 ], [ 647535.286998988012783, 3490862.745709282811731 ], [ 647433.832916461629793, 3491010.486592922359705 ], [ 647431.556686545955017, 3491033.597543098032475 ], [ 647445.412366395466961, 3491056.714348351582885 ], [ 647482.399484852212481, 3491064.07154364651069 ], [ 647511.029022326343693, 3491039.197545377071947 ], [ 647621.198900400893763, 3490883.507430831901729 ], [ 647625.729438893846236, 3490860.730875745881349 ], [ 647614.206321074394509, 3490836.367290111258626 ] ] ], [ [ [ 647921.566318247001618, 3490400.723534223623574 ], [ 647893.282046999549493, 3490389.007805471308529 ], [ 647864.997775752097368, 3490400.723534223623574 ], [ 647853.282046999549493, 3490429.007805471308529 ], [ 647864.997775752097368, 3490457.292076718993485 ], [ 647893.282046999549493, 3490469.007805471308529 ], [ 647921.566318247001618, 3490457.292076718993485 ], [ 647933.282046999549493, 3490429.007805471308529 ], [ 647921.566318247001618, 3490400.723534223623574 ] ] ], [ [ [ 647795.172445591189899, 3491113.026070753112435 ], [ 647762.967488730559126, 3491101.502952933777124 ], [ 647735.967756209196523, 3491115.934610634110868 ], [ 647673.678880608407781, 3491198.159532298333943 ], [ 647671.402650692733005, 3491221.270482474006712 ], [ 647685.258330542244948, 3491244.387287727557123 ], [ 647714.554747521993704, 3491253.274258660152555 ], [ 647741.554480043356307, 3491238.84260095981881 ], [ 647803.843355644145049, 3491156.617679295595735 ], [ 647806.119585559819825, 3491133.506729119922966 ], [ 647795.172445591189899, 3491113.026070753112435 ] ] ], [ [ [ 648956.160185549291782, 3491177.189915370196104 ], [ 648927.875914301839657, 3491165.47418661788106 ], [ 648899.591643054387532, 3491177.189915370196104 ], [ 648887.875914301839657, 3491205.47418661788106 ], [ 648899.591643054387532, 3491233.758457865566015 ], [ 648927.875914301839657, 3491245.47418661788106 ], [ 648956.160185549291782, 3491233.758457865566015 ], [ 648967.875914301839657, 3491205.47418661788106 ], [ 648956.160185549291782, 3491177.189915370196104 ] ] ], [ [ [ 648062.568867529509589, 3491296.194714030716568 ], [ 648030.363910668878816, 3491284.671596211381257 ], [ 648003.364178147516213, 3491299.103253911715001 ], [ 647994.37116165086627, 3491322.716906716115773 ], [ 647975.615236534154974, 3491335.420884313527495 ], [ 647949.079346038517542, 3491372.921188354026526 ], [ 647949.079346038517542, 3491396.143962534610182 ], [ 647961.98122810118366, 3491415.45299357874319 ], [ 647991.277645080932416, 3491424.339964511338621 ], [ 648018.277377602295019, 3491409.908306811004877 ], [ 648046.449089299887419, 3491362.558694242499769 ], [ 648071.23977758246474, 3491339.786322573199868 ], [ 648073.516007498139516, 3491316.675372397527099 ], [ 648062.568867529509589, 3491296.194714030716568 ] ] ], [ [ [ 648305.121067282860167, 3491517.072292463853955 ], [ 648276.836796035408042, 3491505.356563711538911 ], [ 648248.552524787955917, 3491517.072292463853955 ], [ 648228.246450336766429, 3491553.85995706776157 ], [ 648239.769568156218156, 3491586.064913928508759 ], [ 648268.053839403670281, 3491597.780642680823803 ], [ 648296.338110651122406, 3491586.064913928508759 ], [ 648316.644185102311894, 3491549.277249324601144 ], [ 648305.121067282860167, 3491517.072292463853955 ] ] ], [ [ [ 648599.530906126019545, 3491653.600680600851774 ], [ 648568.610487991478294, 3491638.976411967538297 ], [ 648537.690069856937043, 3491653.600680600851774 ], [ 648484.611246133688837, 3491728.207065702416003 ], [ 648484.611246133688837, 3491751.429839882999659 ], [ 648497.513128196354955, 3491770.738870927132666 ], [ 648526.809545176103711, 3491779.625841859728098 ], [ 648553.809277697466314, 3491765.194184159394354 ], [ 648605.56566929188557, 3491694.283749262336642 ], [ 648608.417877058382146, 3491675.055726354476064 ], [ 648599.530906126019545, 3491653.600680600851774 ] ] ], [ [ [ 648834.296970850555226, 3491853.003435019869357 ], [ 648806.012699603103101, 3491841.287706267554313 ], [ 648777.728428355650976, 3491853.003435019869357 ], [ 648757.428511904203333, 3491889.663363229017705 ], [ 648768.95162972365506, 3491921.868320089764893 ], [ 648797.235900971107185, 3491933.584048842079937 ], [ 648825.52017221855931, 3491921.868320089764893 ], [ 648845.820088670006953, 3491885.208391880616546 ], [ 648834.296970850555226, 3491853.003435019869357 ] ] ], [ [ [ 649086.374446799512953, 3492074.550919980276376 ], [ 649054.16948993888218, 3492063.027802160941064 ], [ 649027.169757417519577, 3492077.459459861274809 ], [ 648975.513977237627842, 3492153.197987392079085 ], [ 648975.513977237627842, 3492176.420761572662741 ], [ 648988.41585930029396, 3492195.729792616795748 ], [ 649017.712276280042715, 3492204.61676354939118 ], [ 649044.712008801405318, 3492190.185105849057436 ], [ 649095.045356852468103, 3492118.142528522759676 ], [ 649097.321586768142879, 3492095.031578347086906 ], [ 649086.374446799512953, 3492074.550919980276376 ] ] ], [ [ [ 649873.20296655583661, 3492126.447765429038554 ], [ 649840.998009695205837, 3492114.924647609703243 ], [ 649813.998277173843235, 3492129.356305310036987 ], [ 649796.429016630747356, 3492167.501685139723122 ], [ 649811.053285264177248, 3492198.422103274147958 ], [ 649840.349702243926004, 3492207.309074206743389 ], [ 649867.349434765288606, 3492192.877416506409645 ], [ 649884.726084375288337, 3492158.652722289785743 ], [ 649873.20296655583661, 3492126.447765429038554 ] ] ], [ [ [ 649296.572969231870957, 3492300.800303588621318 ], [ 649268.288697984418832, 3492289.084574836306274 ], [ 649240.004426736966707, 3492300.800303588621318 ], [ 649218.919154530041851, 3492337.038573496043682 ], [ 649230.442272349493578, 3492369.24353035679087 ], [ 649258.726543596945703, 3492380.959259109105915 ], [ 649287.010814844397828, 3492369.24353035679087 ], [ 649308.096087051322684, 3492333.005260449368507 ], [ 649296.572969231870957, 3492300.800303588621318 ] ] ], [ [ [ 649570.935071545885876, 3492489.260399309918284 ], [ 649542.650800298433751, 3492477.54467055760324 ], [ 649514.366529050981626, 3492489.260399309918284 ], [ 649484.113192458869889, 3492533.318497933447361 ], [ 649495.060332427499816, 3492569.406382062006742 ], [ 649523.344603674951941, 3492581.122110814321786 ], [ 649551.628874922404066, 3492569.406382062006742 ], [ 649581.882211514515802, 3492525.348283438477665 ], [ 649570.935071545885876, 3492489.260399309918284 ] ] ], [ [ [ 649789.336473769857548, 3492715.015834532678127 ], [ 649761.052202522405423, 3492703.300105780363083 ], [ 649732.767931274953298, 3492715.015834532678127 ], [ 649721.052202522405423, 3492743.300105780363083 ], [ 649732.767931274953298, 3492771.584377028048038 ], [ 649761.052202522405423, 3492783.300105780363083 ], [ 649789.336473769857548, 3492771.584377028048038 ], [ 649801.052202522405423, 3492743.300105780363083 ], [ 649789.336473769857548, 3492715.015834532678127 ] ] ], [ [ [ 650030.712974459398538, 3492934.637753297109157 ], [ 649998.508017598767765, 3492923.114635477773845 ], [ 649971.508285077405162, 3492937.546293178107589 ], [ 649925.252467298763804, 3492998.443371849600226 ], [ 649925.252467298763804, 3493021.666146030183882 ], [ 649938.154349361429922, 3493040.975177074316889 ], [ 649967.450766341178678, 3493049.862148006912321 ], [ 649994.450498862541281, 3493035.430490306578577 ], [ 650039.383884512353688, 3492978.229361839592457 ], [ 650041.660114428028464, 3492955.118411663919687 ], [ 650030.712974459398538, 3492934.637753297109157 ] ] ], [ [ [ 650678.967663463903591, 3492696.804413663223386 ], [ 650650.683392216451466, 3492685.088684910908341 ], [ 650622.399120968999341, 3492696.804413663223386 ], [ 650610.683392216451466, 3492725.088684910908341 ], [ 650622.399120968999341, 3492753.372956158593297 ], [ 650650.683392216451466, 3492765.088684910908341 ], [ 650678.967663463903591, 3492753.372956158593297 ], [ 650690.683392216451466, 3492725.088684910908341 ], [ 650678.967663463903591, 3492696.804413663223386 ] ] ], [ [ [ 650314.295337961521, 3493086.004135995637625 ], [ 650289.931752327247523, 3493074.481018176302314 ], [ 650263.788257393287495, 3493081.029622751288116 ], [ 650163.213136466103606, 3493185.370608299504966 ], [ 650127.391636132146232, 3493225.257058781571686 ], [ 650121.094069137587212, 3493253.092911614105105 ], [ 650101.284829271258786, 3493257.769224956165999 ], [ 650084.863848170381971, 3493274.190206056926399 ], [ 650080.333309677429497, 3493296.96676114294678 ], [ 650091.856427496881224, 3493321.330346777569503 ], [ 650120.140698744333349, 3493333.046075529884547 ], [ 650148.424969991785474, 3493321.330346777569503 ], [ 650159.697050231043249, 3493287.433032018132508 ], [ 650188.934691871749237, 3493275.764139350038022 ], [ 650319.269851206219755, 3493136.511216564103961 ], [ 650325.818455780972727, 3493110.367721630260348 ], [ 650314.295337961521, 3493086.004135995637625 ] ] ], [ [ [ 650577.773853187914938, 3493258.78620423283428 ], [ 650557.293194821104407, 3493247.839064264204353 ], [ 650537.8781948502874, 3493248.792862051166594 ], [ 650498.291954545071349, 3493278.895269136410207 ], [ 650486.576225792523474, 3493307.179540384095162 ], [ 650498.291954545071349, 3493335.463811631780118 ], [ 650518.772612911881879, 3493346.410951600410044 ], [ 650538.187612882698886, 3493345.457153813447803 ], [ 650577.773853187914938, 3493315.354746728204191 ], [ 650589.489581940462813, 3493287.070475480519235 ], [ 650577.773853187914938, 3493258.78620423283428 ] ] ], [ [ [ 650400.490035569528118, 3493426.176385665778071 ], [ 650373.490303048165515, 3493411.744727965444326 ], [ 650344.193886068416759, 3493420.631698898039758 ], [ 650257.443114209570922, 3493501.334441381506622 ], [ 650250.89450963481795, 3493527.477936315350235 ], [ 650259.781480567180552, 3493548.932982068974525 ], [ 650286.781213088543154, 3493563.364639769308269 ], [ 650316.07763006829191, 3493554.477668836712837 ], [ 650402.828401927137747, 3493473.774926353245974 ], [ 650409.377006501890719, 3493447.631431419402361 ], [ 650400.490035569528118, 3493426.176385665778071 ] ] ], [ [ [ 651393.750916210701689, 3493506.071142844855785 ], [ 651365.466644963249564, 3493494.355414092540741 ], [ 651337.182373715797439, 3493506.071142844855785 ], [ 651325.466644963249564, 3493534.355414092540741 ], [ 651337.182373715797439, 3493562.639685340225697 ], [ 651365.466644963249564, 3493574.355414092540741 ], [ 651393.750916210701689, 3493562.639685340225697 ], [ 651405.466644963249564, 3493534.355414092540741 ], [ 651393.750916210701689, 3493506.071142844855785 ] ] ], [ [ [ 650632.959127303794958, 3493597.404507764149457 ], [ 650596.871243175701238, 3493586.457367795519531 ], [ 650565.015004691667855, 3493607.628663980867714 ], [ 650553.29927593911998, 3493635.912935228552669 ], [ 650565.015004691667855, 3493664.197206476237625 ], [ 650601.102888819761574, 3493675.144346444867551 ], [ 650632.959127303794958, 3493653.973050259519368 ], [ 650644.674856056342833, 3493625.688779011834413 ], [ 650632.959127303794958, 3493597.404507764149457 ] ] ], [ [ [ 650463.171245376463048, 3493726.492078898474574 ], [ 650427.083361248369329, 3493715.544938929844648 ], [ 650384.742078493814915, 3493741.810280227102339 ], [ 650370.310420793481171, 3493768.810012748464942 ], [ 650379.197391725843772, 3493798.106429728213698 ], [ 650394.810472565819509, 3493809.685879662167281 ], [ 650417.921422741026618, 3493811.962109577842057 ], [ 650460.262705495581031, 3493785.696768280584365 ], [ 650474.694363195914775, 3493758.697035759221762 ], [ 650463.171245376463048, 3493726.492078898474574 ] ] ], [ [ [ 650834.04319496662356, 3493816.653345210943371 ], [ 650801.838238105992787, 3493805.130227391608059 ], [ 650766.939536094781943, 3493821.170046247076243 ], [ 650752.507878394448198, 3493848.169778768438846 ], [ 650761.3948493268108, 3493877.466195748187602 ], [ 650792.31526746135205, 3493892.090464381501079 ], [ 650831.134655085741542, 3493875.858034593053162 ], [ 650845.566312786075287, 3493848.858302071690559 ], [ 650834.04319496662356, 3493816.653345210943371 ] ] ], [ [ [ 650909.876037382753566, 3494110.65157866710797 ], [ 650873.788153254659846, 3494099.704438698478043 ], [ 650802.857660501729697, 3494128.759116742294282 ], [ 650785.849058606429026, 3494154.214288353454322 ], [ 650791.821685330360197, 3494184.240710555110127 ], [ 650809.773132527945563, 3494198.973082534968853 ], [ 650829.001155435689725, 3494201.825290301349014 ], [ 650903.814575456082821, 3494172.19463440682739 ], [ 650921.399155202205293, 3494142.856535527855158 ], [ 650909.876037382753566, 3494110.65157866710797 ] ] ] ] } },
{ "type": "Feature", "properties": { "depth_bin": "40-45" }, "geometry": { "type": "MultiPolygon", "coordinates": [ [ [ [ 644417.521672206115909, 3488607.848481956403702 ], [ 644382.68056845839601, 3488593.416824256069958 ], [ 644351.32440349762328, 3488614.368343850132078 ], [ 644271.903969524428248, 3488783.50663269078359 ], [ 644263.700227828579955, 3488819.450173513963819 ], [ 644245.183532265364192, 3488842.57317186659202 ], [ 644246.505964394193143, 3488869.491896251682192 ], [ 644264.605276221525855, 3488889.461409530602396 ], [ 644295.072532784775831, 3488892.462172386236489 ], [ 644318.737996268551797, 3488873.040428429841995 ], [ 644322.876224953681231, 3488847.619135446380824 ], [ 644338.392157661612146, 3488831.740619476418942 ], [ 644423.556435371981934, 3488648.53155061788857 ], [ 644426.40864313847851, 3488629.303527710027993 ], [ 644417.521672206115909, 3488607.848481956403702 ] ] ], [ [ [ 644187.047304236679338, 3489087.089696092065424 ], [ 644154.842347376048565, 3489075.566578272730112 ], [ 644125.504248497076333, 3489093.151158018968999 ], [ 644095.225784184993245, 3489167.660128898452967 ], [ 644098.077991951489821, 3489186.888151806313545 ], [ 644112.810363931115717, 3489204.839599003549665 ], [ 644142.836786132538691, 3489210.812225727830082 ], [ 644168.291957744047977, 3489193.80362383229658 ], [ 644197.994444205309264, 3489123.177580220624804 ], [ 644187.047304236679338, 3489087.089696092065424 ] ] ], [ [ [ 644431.777327279793099, 3489183.624927054625005 ], [ 644425.228722705040127, 3489201.927050762344152 ], [ 644429.227333292597905, 3489223.578938785474747 ], [ 644397.360680932411924, 3489255.954604373779148 ], [ 644373.322246349533089, 3489328.714391161222011 ], [ 644382.20921728189569, 3489358.010808140970767 ], [ 644409.208949803258292, 3489372.442465841304511 ], [ 644435.35244473721832, 3489365.893861266318709 ], [ 644450.084816716844216, 3489347.942414069082588 ], [ 644463.079842368140817, 3489300.713715299032629 ], [ 644479.202339894254692, 3489273.437165836803615 ], [ 644476.73350494436454, 3489244.094576336443424 ], [ 644500.312962345895357, 3489224.703605848364532 ], [ 644533.509179883054458, 3489147.464265006128699 ], [ 644526.151984588359483, 3489110.477146549150348 ], [ 644499.15225206699688, 3489096.045488848816603 ], [ 644469.855835087248124, 3489104.932459781412035 ], [ 644431.777327279793099, 3489183.624927054625005 ] ] ], [ [ [ 644032.530523481080309, 3489418.560010589659214 ], [ 643996.442639352986589, 3489407.612870621029288 ], [ 643968.969401659676805, 3489427.988412364386022 ], [ 643900.362738699070178, 3489572.946146723348647 ], [ 643900.362738699070178, 3489596.168920903932303 ], [ 643912.077662668656558, 3489614.40215584076941 ], [ 643882.414201050298288, 3489623.234680844470859 ], [ 643864.176533696474507, 3489656.877377813216299 ], [ 643865.498965825303458, 3489683.796102198306471 ], [ 643883.59827765263617, 3489703.765615477226675 ], [ 643914.065534215886146, 3489706.766378332860768 ], [ 643937.730997699662112, 3489687.344634376466274 ], [ 643947.597321483772248, 3489650.234413365833461 ], [ 643934.352621876518242, 3489624.310476951766759 ], [ 643964.016083494876511, 3489615.477951948065311 ], [ 643989.283156504156068, 3489576.991077048238367 ], [ 644042.523865662864409, 3489458.455668927635998 ], [ 644043.477663449710235, 3489439.040668956469744 ], [ 644032.530523481080309, 3489418.560010589659214 ] ] ], [ [ [ 644342.036207771976478, 3489527.106377759948373 ], [ 644305.948323643882759, 3489516.159237791318446 ], [ 644278.475085950572975, 3489536.534779534675181 ], [ 644251.082962922402658, 3489595.38829917088151 ], [ 644248.901405477779917, 3489618.877203037030995 ], [ 644234.866285456926562, 3489633.868154039606452 ], [ 644230.764060219516978, 3489659.532162552699447 ], [ 644215.440417169826105, 3489675.295424537267536 ], [ 644202.058882575016469, 3489711.153374990448356 ], [ 644203.381314703845419, 3489738.072099375538528 ], [ 644221.480626531178132, 3489758.041612654458731 ], [ 644251.947883094428107, 3489761.042375510092825 ], [ 644275.613346578204073, 3489741.620631553698331 ], [ 644290.096343555138446, 3489687.343154970090836 ], [ 644305.419986604829319, 3489671.579892985522747 ], [ 644309.279874775907956, 3489644.542456941213459 ], [ 644323.314994796761312, 3489629.551505938638002 ], [ 644352.029549953760579, 3489567.002036097925156 ], [ 644352.983347740606405, 3489547.587036126758903 ], [ 644342.036207771976478, 3489527.106377759948373 ] ] ], [ [ [ 644931.055717944051139, 3488956.808201767504215 ], [ 644902.771446696599014, 3488945.092473015189171 ], [ 644874.487175449146889, 3488956.808201767504215 ], [ 644862.771446696599014, 3488985.092473015189171 ], [ 644874.487175449146889, 3489013.376744262874126 ], [ 644902.771446696599014, 3489025.092473015189171 ], [ 644931.055717944051139, 3489013.376744262874126 ], [ 644942.771446696599014, 3488985.092473015189171 ], [ 644931.055717944051139, 3488956.808201767504215 ] ] ], [ [ [ 645207.098997085588053, 3489097.463104414753616 ], [ 645178.814725838135928, 3489085.747375662438571 ], [ 645150.530454590683803, 3489097.463104414753616 ], [ 645138.814725838135928, 3489125.747375662438571 ], [ 645150.530454590683803, 3489154.031646910123527 ], [ 645178.814725838135928, 3489165.747375662438571 ], [ 645207.098997085588053, 3489154.031646910123527 ], [ 645218.814725838135928, 3489125.747375662438571 ], [ 645207.098997085588053, 3489097.463104414753616 ] ] ], [ [ [ 644750.57050734735094, 3489409.739912018179893 ], [ 644714.482623219257221, 3489398.792772049549967 ], [ 644687.009385525947437, 3489419.168313792906702 ], [ 644643.507587721804157, 3489529.375421167816967 ], [ 644645.783817637478933, 3489552.486371343489736 ], [ 644663.883129464811645, 3489572.45588462240994 ], [ 644694.350386028061621, 3489575.456647478044033 ], [ 644718.015849511837587, 3489556.034903521649539 ], [ 644761.517647315980867, 3489445.827796146739274 ], [ 644750.57050734735094, 3489409.739912018179893 ] ] ], [ [ [ 645058.141282044933178, 3489480.880991382524371 ], [ 645022.053397916839458, 3489469.933851413894445 ], [ 644994.580160223529674, 3489490.309393157251179 ], [ 644964.098483101115562, 3489576.931048611178994 ], [ 644968.629021594068035, 3489599.707603697199374 ], [ 644985.050002694944851, 3489616.128584797959775 ], [ 645015.517259258194827, 3489619.129347653593868 ], [ 645039.182722741970792, 3489599.707603697199374 ], [ 645069.088422013563104, 3489516.968875511083752 ], [ 645058.141282044933178, 3489480.880991382524371 ] ] ], [ [ [ 645346.318298858706839, 3489630.461808669846505 ], [ 645314.113341998076066, 3489618.938690850511193 ], [ 645284.775243119103834, 3489636.523270596750081 ], [ 645255.121376240625978, 3489711.28240383695811 ], [ 645257.973584007122554, 3489730.510426744818687 ], [ 645272.70595598674845, 3489748.461873942054808 ], [ 645302.732378188171424, 3489754.434500666335225 ], [ 645328.18754979968071, 3489737.425898770801723 ], [ 645357.265438827336766, 3489666.549692798405886 ], [ 645346.318298858706839, 3489630.461808669846505 ] ] ], [ [ [ 644660.584170588175766, 3489636.367147487122566 ], [ 644624.496286460082047, 3489625.420007518492639 ], [ 644597.023048766772263, 3489645.795549261849374 ], [ 644586.929796767653897, 3489682.708298769779503 ], [ 644601.370806435123086, 3489709.714967182837427 ], [ 644573.246541575412266, 3489718.659522256348282 ], [ 644558.814883875078522, 3489745.659254777710885 ], [ 644563.345422368030995, 3489768.435809863731265 ], [ 644579.766403468907811, 3489784.856790964491665 ], [ 644610.233660032157786, 3489787.857553820125759 ], [ 644633.899123515933752, 3489768.435809863731265 ], [ 644637.853684158064425, 3489741.776327509898692 ], [ 644623.988652341417037, 3489718.652586364652961 ], [ 644648.959995155339129, 3489712.046397648751736 ], [ 644663.692367134965025, 3489694.094950451515615 ], [ 644672.107288407627493, 3489660.730733121745288 ], [ 644660.584170588175766, 3489636.367147487122566 ] ] ], [ [ [ 645525.846392405685037, 3489877.205467022024095 ], [ 645488.185075836023316, 3489973.161196105647832 ], [ 645482.658934620209038, 3489999.524717327672988 ], [ 645487.856709025916643, 3490019.172450739424676 ], [ 645468.150517616886646, 3490034.532680237665772 ], [ 645450.784872478572652, 3490077.193377349060029 ], [ 645456.757499202503823, 3490107.219799550715834 ], [ 645482.212670814013109, 3490124.228401446249336 ], [ 645505.323620989220217, 3490121.95217153057456 ], [ 645525.293134268606082, 3490103.852859702892601 ], [ 645540.640713325119577, 3490064.559102439321578 ], [ 645536.211527703329921, 3490037.107756146695465 ], [ 645559.614115920616314, 3490014.832054622471333 ], [ 645611.016627812874503, 3489867.359484792686999 ], [ 645596.584970112540759, 3489840.359752271324396 ], [ 645567.288553132792003, 3489831.472781338728964 ], [ 645540.288820611429401, 3489845.904439039062709 ], [ 645525.846392405685037, 3489877.205467022024095 ] ] ], [ [ [ 644881.674373673042282, 3489935.468070934526622 ], [ 644845.586489544948563, 3489924.520930965896696 ], [ 644818.113251851638779, 3489944.89647270925343 ], [ 644794.593722081277519, 3490021.758859870955348 ], [ 644801.334937589126639, 3490043.981669191736728 ], [ 644815.737852608202957, 3490057.035710444673896 ], [ 644846.205109171452932, 3490060.036473300307989 ], [ 644869.870572655228898, 3490040.614729343913496 ], [ 644893.197491492494009, 3489967.673027795273811 ], [ 644881.674373673042282, 3489935.468070934526622 ] ] ], [ [ [ 645151.815249195788056, 3490127.199800722766668 ], [ 645119.610292335157283, 3490115.676682903431356 ], [ 645090.27219345618505, 3490133.261262649670243 ], [ 645064.470208091079257, 3490193.0315274852328 ], [ 645067.322415857575834, 3490212.259550393093377 ], [ 645082.054787837201729, 3490230.210997590329498 ], [ 645112.081210038624704, 3490236.183624314609915 ], [ 645137.53638165013399, 3490219.175022419076413 ], [ 645162.762389164417982, 3490163.287684851326048 ], [ 645151.815249195788056, 3490127.199800722766668 ] ] ], [ [ [ 645901.647955611930229, 3489978.649666686076671 ], [ 645865.560071483836509, 3489967.702526717446744 ], [ 645836.408503064070828, 3489991.626600638963282 ], [ 645827.451920159626752, 3490017.233863264322281 ], [ 645832.544654485187493, 3490040.948385430965573 ], [ 645804.656743241474032, 3490073.214332920033485 ], [ 645789.597052450175397, 3490116.713932615239173 ], [ 645794.841690007946454, 3490140.681890013627708 ], [ 645777.8896473107161, 3490152.740428160876036 ], [ 645769.578654229175299, 3490170.312546646688133 ], [ 645773.533214871305972, 3490196.972029000520706 ], [ 645793.502728150691837, 3490215.071340828202665 ], [ 645824.117402739822865, 3490215.071340828202665 ], [ 645845.765246745664626, 3490193.423496822360903 ], [ 645843.372816954390146, 3490158.068887742236257 ], [ 645864.681292091030627, 3490139.490487701259553 ], [ 645885.928553528618068, 3490086.12039135908708 ], [ 645881.411797053879127, 3490058.522941924631596 ], [ 645898.179727361071855, 3490046.530280244071037 ], [ 645911.64129779371433, 3490018.545325024053454 ], [ 645912.595095580560155, 3489999.130325052887201 ], [ 645901.647955611930229, 3489978.649666686076671 ] ] ], [ [ [ 647338.998243108042516, 3489996.422327897511423 ], [ 647306.793286247411743, 3489984.899210078176111 ], [ 647279.79355372604914, 3489999.330867778509855 ], [ 647262.890965217491612, 3490037.647894169203937 ], [ 647277.515233850921504, 3490068.568312303628772 ], [ 647306.81165083067026, 3490077.455283236224204 ], [ 647333.811383352032863, 3490063.02362553589046 ], [ 647350.521360927494243, 3490028.627284758258611 ], [ 647338.998243108042516, 3489996.422327897511423 ] ] ], [ [ [ 646211.264448253321461, 3490039.094059119466692 ], [ 646179.059491392690688, 3490027.570941300131381 ], [ 646149.721392513718456, 3490045.155521046370268 ], [ 646139.511403251555748, 3490086.216187482699752 ], [ 646157.09598299767822, 3490115.554286361671984 ], [ 646187.122405199101195, 3490121.526913085952401 ], [ 646212.577576810610481, 3490104.518311190418899 ], [ 646222.980177005869336, 3490067.378330367151648 ], [ 646211.264448253321461, 3490039.094059119466692 ] ] ], [ [ [ 646163.453019746928476, 3490167.652661961968988 ], [ 646131.248062886297703, 3490156.129544142633677 ], [ 646101.90996400732547, 3490173.714123888872564 ], [ 646078.135693264775909, 3490234.457693832926452 ], [ 646080.987901031272486, 3490253.685716740787029 ], [ 646095.720273010898381, 3490271.63716393802315 ], [ 646125.746695212321356, 3490277.609790662303567 ], [ 646151.201866823830642, 3490260.601188766770065 ], [ 646174.976137566380203, 3490199.857618822716177 ], [ 646163.453019746928476, 3490167.652661961968988 ] ] ], [ [ [ 646502.279035756597295, 3490185.999611826613545 ], [ 646466.191151628503576, 3490175.052471857983619 ], [ 646438.717913935193792, 3490195.428013601340353 ], [ 646397.738705111318268, 3490290.133182040881366 ], [ 646400.014935026993044, 3490313.244132216554135 ], [ 646418.114246854325756, 3490333.213645495474339 ], [ 646448.581503417575732, 3490336.214408351108432 ], [ 646472.246966901351698, 3490316.792664394713938 ], [ 646513.226175725227222, 3490222.087495955172926 ], [ 646502.279035756597295, 3490185.999611826613545 ] ] ], [ [ [ 646681.209651832468808, 3490587.035039486829191 ], [ 646654.209919311106205, 3490572.603381786495447 ], [ 646624.913502331357449, 3490581.490352719090879 ], [ 646610.481844631023705, 3490608.490085240453482 ], [ 646619.368815563386306, 3490637.786502220202237 ], [ 646646.368548084748909, 3490652.218159920535982 ], [ 646675.664965064497665, 3490643.33118898794055 ], [ 646690.096622764831409, 3490616.331456466577947 ], [ 646681.209651832468808, 3490587.035039486829191 ] ] ], [ [ [ 646995.276969316648319, 3490642.007615111302584 ], [ 646963.072012456017546, 3490630.484497291967273 ], [ 646933.733913577045314, 3490648.06907703820616 ], [ 646920.904237056151032, 3490687.168051361571997 ], [ 646904.293897939613089, 3490701.266126458533108 ], [ 646891.191258340259083, 3490729.210375071037561 ], [ 646893.467488255933858, 3490752.32132524671033 ], [ 646908.199860235559754, 3490770.272772443946451 ], [ 646938.226282436982729, 3490776.245399168226868 ], [ 646963.681454048492014, 3490759.236797272693366 ], [ 646977.398847953532822, 3490720.357563036959618 ], [ 646994.009187070070766, 3490706.259487939998507 ], [ 647005.27031149843242, 3490681.903273449279368 ], [ 647006.224109285278246, 3490662.488273478113115 ], [ 646995.276969316648319, 3490642.007615111302584 ] ] ], [ [ [ 647251.630468012881465, 3490788.683385175652802 ], [ 647219.425511152250692, 3490777.16026735631749 ], [ 647192.42577863088809, 3490791.591925056651235 ], [ 647152.051034761010669, 3490856.50319610722363 ], [ 647152.051034761010669, 3490879.725970287807286 ], [ 647164.952916823676787, 3490899.035001331940293 ], [ 647194.249333803425543, 3490907.921972264535725 ], [ 647221.249066324788146, 3490893.490314564201981 ], [ 647261.623810194665566, 3490828.579043513629586 ], [ 647262.577607981511392, 3490809.164043542463332 ], [ 647251.630468012881465, 3490788.683385175652802 ] ] ], [ [ [ 647491.17109123931732, 3491010.659330790862441 ], [ 647458.966134378686547, 3490999.136212971527129 ], [ 647431.966401857323945, 3491013.567870671860874 ], [ 647405.897415672894567, 3491056.001692016609013 ], [ 647408.173645588569343, 3491079.112642192281783 ], [ 647419.753095522406511, 3491094.725723031908274 ], [ 647449.049512502155267, 3491103.612693964503706 ], [ 647476.049245023517869, 3491089.181036264169961 ], [ 647502.118231207947247, 3491046.747214919421822 ], [ 647491.17109123931732, 3491010.659330790862441 ] ] ], [ [ [ 647728.036441952688619, 3491196.055804463569075 ], [ 647707.555783585878089, 3491185.108664494939148 ], [ 647688.140783615061082, 3491186.062462281901389 ], [ 647649.471361958771013, 3491222.406224420759827 ], [ 647588.677903317264281, 3491305.804486482404172 ], [ 647586.401673401589505, 3491328.915436658076942 ], [ 647600.257353251101449, 3491352.032241911627352 ], [ 647633.436697498313151, 3491360.343234993517399 ], [ 647667.494053255650215, 3491335.460277321748435 ], [ 647736.70735200564377, 3491239.647413006052375 ], [ 647738.983581921318546, 3491216.536462830379605 ], [ 647728.036441952688619, 3491196.055804463569075 ] ] ], [ [ [ 647954.830545629840344, 3491433.878199862781912 ], [ 647926.546274382388219, 3491422.162471110466868 ], [ 647898.262003134936094, 3491433.878199862781912 ], [ 647878.903738406603225, 3491467.92720913188532 ], [ 647890.426856226054952, 3491500.132165992632508 ], [ 647918.711127473507077, 3491511.847894744947553 ], [ 647946.995398720959201, 3491500.132165992632508 ], [ 647966.353663449292071, 3491466.0831567235291 ], [ 647954.830545629840344, 3491433.878199862781912 ] ] ], [ [ [ 648451.217022139229812, 3490787.659041396342218 ], [ 648422.932750891777687, 3490775.943312644027174 ], [ 648394.648479644325562, 3490787.659041396342218 ], [ 648382.932750891777687, 3490815.943312644027174 ], [ 648394.648479644325562, 3490844.227583891712129 ], [ 648422.932750891777687, 3490855.943312644027174 ], [ 648451.217022139229812, 3490844.227583891712129 ], [ 648462.932750891777687, 3490815.943312644027174 ], [ 648451.217022139229812, 3490787.659041396342218 ] ] ], [ [ [ 649178.696295694564469, 3491406.561190268490463 ], [ 649150.412024447112344, 3491394.845461516175419 ], [ 649122.127753199660219, 3491406.561190268490463 ], [ 649110.412024447112344, 3491434.845461516175419 ], [ 649122.127753199660219, 3491463.129732763860375 ], [ 649150.412024447112344, 3491474.845461516175419 ], [ 649178.696295694564469, 3491463.129732763860375 ], [ 649190.412024447112344, 3491434.845461516175419 ], [ 649178.696295694564469, 3491406.561190268490463 ] ] ], [ [ [ 648286.449827843462117, 3491541.125459313392639 ], [ 648254.244870982831344, 3491529.602341494057328 ], [ 648227.245138461468741, 3491544.033999194391072 ], [ 648182.283235645736568, 3491605.65435233945027 ], [ 648182.283235645736568, 3491628.877126520033926 ], [ 648195.185117708402686, 3491648.186157564166933 ], [ 648212.757236194331199, 3491656.49715064605698 ], [ 648235.868186369538307, 3491654.220920730382204 ], [ 648272.202338486094959, 3491620.281285740435123 ], [ 648297.396967812092043, 3491577.21334344195202 ], [ 648286.449827843462117, 3491541.125459313392639 ] ] ], [ [ [ 648541.396379187819548, 3491723.333608834072948 ], [ 648509.191422327188775, 3491711.810491014737636 ], [ 648482.191689805826172, 3491726.24214871507138 ], [ 648385.006377418409102, 3491853.513042701873928 ], [ 648381.051816776278429, 3491880.172525055706501 ], [ 648394.907496625790372, 3491903.289330309256911 ], [ 648424.203913605539128, 3491912.176301241852343 ], [ 648451.203646126901731, 3491897.744643541518599 ], [ 648548.388958514318801, 3491770.473749554716051 ], [ 648552.919497007271275, 3491747.69719446869567 ], [ 648541.396379187819548, 3491723.333608834072948 ] ] ], [ [ [ 648819.585940830525942, 3491880.915022365283221 ], [ 648788.665522695984691, 3491866.290753731969744 ], [ 648757.745104561443441, 3491880.915022365283221 ], [ 648686.346320332959294, 3491975.312365985475481 ], [ 648684.070090417284518, 3491998.42331616114825 ], [ 648697.925770266796462, 3492021.54012141469866 ], [ 648727.222187246545218, 3492030.427092347294092 ], [ 648754.221919767907821, 3492015.995434646960348 ], [ 648823.94237326993607, 3491925.146623204927891 ], [ 648828.472911762888543, 3491902.370068118907511 ], [ 648819.585940830525942, 3491880.915022365283221 ] ] ], [ [ [ 649901.218373785610311, 3492090.852946871425956 ], [ 649874.218641264247708, 3492076.421289171092212 ], [ 649842.013684403616935, 3492087.944406990427524 ], [ 649813.809050873038359, 3492133.747372982092202 ], [ 649824.756190841668285, 3492169.835257110651582 ], [ 649853.04046208912041, 3492181.550985862966627 ], [ 649881.324733336572535, 3492169.835257110651582 ], [ 649908.575569080305286, 3492127.840065328404307 ], [ 649901.218373785610311, 3492090.852946871425956 ] ] ], [ [ [ 649032.718731526867487, 3492148.618191379122436 ], [ 649004.434460279415362, 3492136.902462626807392 ], [ 648976.150189031963237, 3492148.618191379122436 ], [ 648946.207866939366795, 3492192.92774685099721 ], [ 648957.155006907996722, 3492229.01563097955659 ], [ 648993.242891036090441, 3492239.962770948186517 ], [ 649024.670323044294491, 3492217.985465710051358 ], [ 649044.241849346319214, 3492180.823148239869624 ], [ 649032.718731526867487, 3492148.618191379122436 ] ] ], [ [ [ 649277.757010371773504, 3492324.901714356150478 ], [ 649245.552053511142731, 3492313.378596536815166 ], [ 649218.552320989780128, 3492327.810254237148911 ], [ 649185.090699488297105, 3492383.513180464040488 ], [ 649187.366929403971881, 3492406.624130639713258 ], [ 649198.946379337809049, 3492422.237211479339749 ], [ 649228.242796317557804, 3492431.12418241193518 ], [ 649255.242528838920407, 3492416.692524711601436 ], [ 649288.70415034040343, 3492360.989598484709859 ], [ 649277.757010371773504, 3492324.901714356150478 ] ] ], [ [ [ 649543.795688232523389, 3492527.065617796964943 ], [ 649516.795955711160786, 3492512.633960096631199 ], [ 649484.590998850530013, 3492524.157077915966511 ], [ 649453.735782641917467, 3492567.645652022678405 ], [ 649464.682922610547394, 3492603.733536151237786 ], [ 649492.967193857999519, 3492615.44926490355283 ], [ 649521.251465105451643, 3492603.733536151237786 ], [ 649551.152883527218364, 3492564.052736253943294 ], [ 649543.795688232523389, 3492527.065617796964943 ] ] ], [ [ [ 649782.716725035570562, 3492730.111363457050174 ], [ 649755.716992514207959, 3492715.67970575671643 ], [ 649723.512035653577186, 3492727.202823576051742 ], [ 649656.238285593688488, 3492810.337648721411824 ], [ 649653.962055678013712, 3492833.448598897084594 ], [ 649664.909195646643639, 3492853.929257263895124 ], [ 649693.193466894095764, 3492865.644986016210169 ], [ 649721.477738141547889, 3492853.929257263895124 ], [ 649787.07315747498069, 3492774.342964296694845 ], [ 649791.603695967933163, 3492751.566409210674465 ], [ 649782.716725035570562, 3492730.111363457050174 ] ] ], [ [ [ 650076.502172722481191, 3492359.538142672274262 ], [ 650048.217901475029066, 3492347.822413919959217 ], [ 650019.933630227576941, 3492359.538142672274262 ], [ 650008.217901475029066, 3492387.822413919959217 ], [ 650019.933630227576941, 3492416.106685167644173 ], [ 650048.217901475029066, 3492427.822413919959217 ], [ 650076.502172722481191, 3492416.106685167644173 ], [ 650088.217901475029066, 3492387.822413919959217 ], [ 650076.502172722481191, 3492359.538142672274262 ] ] ], [ [ [ 650384.766930177924223, 3492516.425263475161046 ], [ 650357.767197656561621, 3492501.993605774827302 ], [ 650325.562240795930848, 3492513.516723594162613 ], [ 650297.483717142487876, 3492559.392903855070472 ], [ 650308.430857111117803, 3492595.480787983629853 ], [ 650336.715128358569928, 3492607.196516735944897 ], [ 650364.999399606022052, 3492595.480787983629853 ], [ 650393.077923259465024, 3492549.604607722721994 ], [ 650384.766930177924223, 3492516.425263475161046 ] ] ], [ [ [ 649981.722516302368604, 3492992.986117692664266 ], [ 649953.438245054916479, 3492981.270388940349221 ], [ 649925.153973807464354, 3492992.986117692664266 ], [ 649895.18705262907315, 3493032.723335873801261 ], [ 649894.233254842227325, 3493052.138335844967514 ], [ 649905.180394810857251, 3493072.618994211778045 ], [ 649933.464666058309376, 3493084.334722964093089 ], [ 649961.748937305761501, 3493072.618994211778045 ], [ 649991.715858484152704, 3493032.881776030641049 ], [ 649992.66965627099853, 3493013.466776059474796 ], [ 649981.722516302368604, 3492992.986117692664266 ] ] ], [ [ [ 650543.150811207480729, 3493288.696759373880923 ], [ 650518.787225573207252, 3493277.173641554545611 ], [ 650492.643730639247224, 3493283.722246129531413 ], [ 650351.922276179306209, 3493412.327722197864205 ], [ 650340.206547426758334, 3493440.61199344554916 ], [ 650351.922276179306209, 3493468.896264693234116 ], [ 650372.40293454611674, 3493479.843404661864042 ], [ 650399.062416899832897, 3493475.888844019267708 ], [ 650522.177170193288475, 3493367.457828701939434 ], [ 650553.144153389264829, 3493328.592417711857706 ], [ 650554.097951176110655, 3493309.177417740691453 ], [ 650543.150811207480729, 3493288.696759373880923 ] ] ], [ [ [ 650609.588046510936692, 3493617.276754562743008 ], [ 650577.383089650305919, 3493605.753636743407696 ], [ 650540.766970685683191, 3493626.342522994615138 ], [ 650529.051241933135316, 3493654.626794242300093 ], [ 650540.766970685683191, 3493682.911065489985049 ], [ 650572.971927546313964, 3493694.43418330932036 ], [ 650609.588046510936692, 3493673.845297058112919 ], [ 650621.303775263484567, 3493645.561025810427964 ], [ 650609.588046510936692, 3493617.276754562743008 ] ] ], [ [ [ 650502.29993459826801, 3493702.081083772238344 ], [ 650467.458830850548111, 3493687.6494260719046 ], [ 650421.203326529706828, 3493714.026646270882338 ], [ 650406.771668829373084, 3493741.026378792244941 ], [ 650415.658639761735685, 3493770.322795771993697 ], [ 650450.499743509455584, 3493784.754453472327441 ], [ 650496.755247830296867, 3493758.377233273349702 ], [ 650511.186905530630611, 3493731.3775007519871 ], [ 650502.29993459826801, 3493702.081083772238344 ] ] ], [ [ [ 650807.398872465710156, 3493831.120478000957519 ], [ 650786.918214098899625, 3493820.173338032327592 ], [ 650767.503214128082618, 3493821.127135819289833 ], [ 650650.277057796367444, 3493885.436973025090992 ], [ 650633.268455901066773, 3493910.892144636251032 ], [ 650639.241082624997944, 3493940.918566837906837 ], [ 650657.19252982258331, 3493955.650938817765564 ], [ 650684.111254207324237, 3493956.973370946478099 ], [ 650801.337410539039411, 3493892.663533740676939 ], [ 650818.921990285161883, 3493863.325434861704707 ], [ 650807.398872465710156, 3493831.120478000957519 ] ] ], [ [ [ 651438.540738183772191, 3493874.22291997121647 ], [ 651406.335781323141418, 3493862.699802151881158 ], [ 651370.916706624440849, 3493878.077694417443126 ], [ 651356.485048924107105, 3493905.077426938805729 ], [ 651365.372019856469706, 3493934.373843918554485 ], [ 651396.292437991010956, 3493948.998112551867962 ], [ 651435.632198302890174, 3493933.427609353326261 ], [ 651450.063856003223918, 3493906.427876831963658 ], [ 651438.540738183772191, 3493874.22291997121647 ] ] ], [ [ [ 650529.517349231638946, 3493988.126441167201847 ], [ 650498.596931097097695, 3493973.50217253388837 ], [ 650462.720503822201863, 3493987.131964447442442 ], [ 650445.711901926901191, 3494012.587136058602482 ], [ 650451.684528650832362, 3494042.613558260258287 ], [ 650481.022627529804595, 3494060.198138006497175 ], [ 650520.819740417879075, 3494046.760957025922835 ], [ 650538.404320164001547, 3494017.422858146950603 ], [ 650529.517349231638946, 3493988.126441167201847 ] ] ], [ [ [ 650839.435314842732623, 3494139.807705961167812 ], [ 650803.347430714638904, 3494128.860565992537886 ], [ 650747.658288057777099, 3494154.418482283595949 ], [ 650730.649686162476428, 3494179.873653894755989 ], [ 650736.622312886407599, 3494209.900076096411794 ], [ 650754.573760083992966, 3494224.632448076270521 ], [ 650773.801782991737127, 3494227.484655842650682 ], [ 650833.373852916061878, 3494201.350761700887233 ], [ 650850.95843266218435, 3494172.012662821915001 ], [ 650839.435314842732623, 3494139.807705961167812 ] ] ], [ [ [ 650618.224597903317772, 3494242.276452286168933 ], [ 650589.940326655865647, 3494230.560723533853889 ], [ 650561.656055408413522, 3494242.276452286168933 ], [ 650549.940326655865647, 3494270.560723533853889 ], [ 650561.656055408413522, 3494298.844994781538844 ], [ 650589.940326655865647, 3494310.560723533853889 ], [ 650618.224597903317772, 3494298.844994781538844 ], [ 650629.940326655865647, 3494270.560723533853889 ], [ 650618.224597903317772, 3494242.276452286168933 ] ] ] ] } },
{ "type": "Feature", "properties": { "depth_bin": "45-50" }, "geometry": { "type": "MultiPolygon", "coordinates": [ [ [ [ 644176.34823224763386, 3489117.518735389690846 ], [ 644141.507128499913961, 3489103.087077689357102 ], [ 644110.15096353914123, 3489124.038597283419222 ], [ 644106.18547955097165, 3489150.624440419487655 ], [ 644080.227630010340363, 3489190.237127208150923 ], [ 644081.181427797186188, 3489209.652127179317176 ], [ 644092.335436125635169, 3489227.376977812964469 ], [ 644071.963231636676937, 3489230.059462274424732 ], [ 644056.3501507967012, 3489241.638912208378315 ], [ 644023.224306834046729, 3489310.715972218196839 ], [ 644023.224306834046729, 3489333.938746398780495 ], [ 644035.452167836832814, 3489352.636880363337696 ], [ 644003.165817179484293, 3489364.147924553602934 ], [ 643971.337767970748246, 3489420.909125252161175 ], [ 643972.660200099577196, 3489447.827849637251347 ], [ 643990.759511926909909, 3489467.797362916171551 ], [ 644013.53606701316312, 3489472.32790140947327 ], [ 644034.991112766554579, 3489463.440930476877838 ], [ 644066.726939000887796, 3489411.288065274246037 ], [ 644070.681499643018469, 3489384.628582920413464 ], [ 644057.499840853386559, 3489362.122674746438861 ], [ 644083.724729584064335, 3489355.586143800523132 ], [ 644104.768911966704763, 3489328.00232391199097 ], [ 644127.077957998146303, 3489270.935329188127071 ], [ 644114.394174032029696, 3489237.678405851125717 ], [ 644141.681850547203794, 3489231.299524581059813 ], [ 644162.355477901059203, 3489203.536062844097614 ], [ 644166.320961889228784, 3489176.950219708029181 ], [ 644184.65922532917466, 3489150.698079637251794 ], [ 644176.34823224763386, 3489117.518735389690846 ] ] ], [ [ [ 644456.118482554564252, 3489260.900292996317148 ], [ 644420.030598426470533, 3489249.953153027687222 ], [ 644390.879030006704852, 3489273.877226949203759 ], [ 644392.04869211174082, 3489306.964944277890027 ], [ 644375.317219594027847, 3489316.972962080035359 ], [ 644360.864209682447836, 3489339.738400351721793 ], [ 644219.671416808967479, 3489668.959616032429039 ], [ 644220.993848937796429, 3489695.878340417519212 ], [ 644242.641692943638191, 3489717.526184423360974 ], [ 644273.256367532769218, 3489717.526184423360974 ], [ 644294.90421153861098, 3489695.878340417519212 ], [ 644440.556672141887248, 3489360.564570622518659 ], [ 644439.387010036851279, 3489327.476853293832392 ], [ 644464.789392607519403, 3489304.491901538800448 ], [ 644467.065622523194179, 3489281.380951363127679 ], [ 644456.118482554564252, 3489260.900292996317148 ] ] ], [ [ [ 643922.982162553817034, 3489653.418464038521051 ], [ 643890.777205693186261, 3489641.89534621918574 ], [ 643861.439106814214028, 3489659.479925965424627 ], [ 643841.867732401471585, 3489709.259744088165462 ], [ 643859.644923080690205, 3489742.518528580199927 ], [ 643889.67134528211318, 3489748.491155304480344 ], [ 643915.126516893622465, 3489731.482553408946842 ], [ 643934.505280373268761, 3489685.62342089926824 ], [ 643922.982162553817034, 3489653.418464038521051 ] ] ], [ [ [ 644488.546121989027597, 3489918.33378149010241 ], [ 644480.962139907293022, 3489952.120538415387273 ], [ 644492.485257726744749, 3489976.484124050009996 ], [ 644520.769528974196874, 3489988.19985280232504 ], [ 644549.053800221648999, 3489976.484124050009996 ], [ 644658.373350901412778, 3489704.271113188471645 ], [ 644657.050918772583827, 3489677.352388803381473 ], [ 644638.951606945251115, 3489657.382875524461269 ], [ 644608.484350382001139, 3489654.382112668827176 ], [ 644584.818886898225173, 3489673.80385662522167 ], [ 644488.546121989027597, 3489918.33378149010241 ] ] ], [ [ [ 644661.388277456513606, 3488803.8209487805143 ], [ 644634.388544935151003, 3488789.389291080180556 ], [ 644605.092127955402248, 3488798.276262012775987 ], [ 644590.660470255068503, 3488825.27599453413859 ], [ 644599.547441187431104, 3488854.572411513887346 ], [ 644626.547173708793707, 3488869.00406921422109 ], [ 644655.843590688542463, 3488860.117098281625658 ], [ 644670.275248388876207, 3488833.117365760263056 ], [ 644661.388277456513606, 3488803.8209487805143 ] ] ], [ [ [ 645041.702932266169228, 3489523.676698689348996 ], [ 645009.497975405538455, 3489512.153580870013684 ], [ 644980.159876526566222, 3489529.738160616252571 ], [ 644975.031284149037674, 3489563.134156809654087 ], [ 644958.7568062718492, 3489595.278453531209379 ], [ 644976.53399695106782, 3489628.537238023243845 ], [ 645006.560419152490795, 3489634.509864747524261 ], [ 645032.015590764000081, 3489617.501262851990759 ], [ 645037.144183141528629, 3489584.105266658589244 ], [ 645053.226050085620955, 3489555.881655550096184 ], [ 645041.702932266169228, 3489523.676698689348996 ] ] ], [ [ [ 644707.753802540712059, 3489523.992056503891945 ], [ 644679.469531293259934, 3489512.2763277515769 ], [ 644651.185260045807809, 3489523.992056503891945 ], [ 644639.469531293259934, 3489552.2763277515769 ], [ 644651.185260045807809, 3489580.560598999261856 ], [ 644679.469531293259934, 3489592.2763277515769 ], [ 644707.753802540712059, 3489580.560598999261856 ], [ 644719.469531293259934, 3489552.2763277515769 ], [ 644707.753802540712059, 3489523.992056503891945 ] ] ], [ [ [ 645235.676696236012504, 3489760.792524566408247 ], [ 645168.361223305109888, 3489934.945379733107984 ], [ 645174.333850029041059, 3489964.971801934763789 ], [ 645199.789021640550345, 3489981.980403830297291 ], [ 645226.448503994266503, 3489978.025843187700957 ], [ 645244.547815821599215, 3489958.056329908780754 ], [ 645328.057413120870478, 3489741.232120354194194 ], [ 645325.056650265585631, 3489710.764863790944219 ], [ 645301.391186781809665, 3489691.343119834549725 ], [ 645270.92393021855969, 3489694.343882690183818 ], [ 645254.502949117682874, 3489710.764863790944219 ], [ 645235.676696236012504, 3489760.792524566408247 ] ] ], [ [ [ 644913.942173310206272, 3489868.142368865199387 ], [ 644879.101069562486373, 3489853.710711164865643 ], [ 644849.762970683514141, 3489871.29529091110453 ], [ 644820.52386277646292, 3489946.171043876092881 ], [ 644823.376070542959496, 3489965.399066783953458 ], [ 644838.108442522585392, 3489983.350513981189579 ], [ 644868.134864724008366, 3489989.323140705469996 ], [ 644893.590036335517652, 3489972.314538809936494 ], [ 644922.253166391747072, 3489901.321713112760335 ], [ 644913.942173310206272, 3489868.142368865199387 ] ] ], [ [ [ 645163.686931064818054, 3490100.960817754734308 ], [ 645128.845827317098156, 3490086.529160054400563 ], [ 645097.489662356325425, 3490107.480679648462683 ], [ 645088.033294463297352, 3490144.524776002857834 ], [ 645101.8973809115123, 3490171.010091926902533 ], [ 645072.845563826733269, 3490179.909079281613231 ], [ 645058.413906126399525, 3490206.908811802975833 ], [ 645062.944444619351998, 3490229.685366888996214 ], [ 645079.365425720228814, 3490246.106347989756614 ], [ 645109.832682283478789, 3490249.107110845390707 ], [ 645133.498145767254755, 3490229.685366888996214 ], [ 645137.452706409385428, 3490203.025884535163641 ], [ 645124.16459781199228, 3490180.423495878931135 ], [ 645146.696553003275767, 3490175.880940963514149 ], [ 645163.117534104152583, 3490159.459959862753749 ], [ 645172.766512930276804, 3490126.33654912142083 ], [ 645163.686931064818054, 3490100.960817754734308 ] ] ], [ [ [ 645510.473554838565178, 3489222.189914757851511 ], [ 645483.473822317202576, 3489207.758257057517767 ], [ 645454.17740533745382, 3489216.645227990113199 ], [ 645439.745747637120076, 3489243.644960511475801 ], [ 645448.632718569482677, 3489272.941377491224557 ], [ 645475.632451090845279, 3489287.373035191558301 ], [ 645504.928868070594035, 3489278.48606425896287 ], [ 645519.360525770927779, 3489251.486331737600267 ], [ 645510.473554838565178, 3489222.189914757851511 ] ] ], [ [ [ 645780.920287717483006, 3489341.588126357179135 ], [ 645752.636016470030881, 3489329.872397604864091 ], [ 645724.351745222578757, 3489341.588126357179135 ], [ 645712.636016470030881, 3489369.872397604864091 ], [ 645724.351745222578757, 3489398.156668852549046 ], [ 645752.636016470030881, 3489409.872397604864091 ], [ 645780.920287717483006, 3489398.156668852549046 ], [ 645792.636016470030881, 3489369.872397604864091 ], [ 645780.920287717483006, 3489341.588126357179135 ] ] ], [ [ [ 646110.343808047007769, 3489422.445751840714365 ], [ 646082.059536799555644, 3489410.730023088399321 ], [ 646053.775265552103519, 3489422.445751840714365 ], [ 646042.059536799555644, 3489450.730023088399321 ], [ 646053.775265552103519, 3489479.014294336084276 ], [ 646082.059536799555644, 3489490.730023088399321 ], [ 646110.343808047007769, 3489479.014294336084276 ], [ 646122.059536799555644, 3489450.730023088399321 ], [ 646110.343808047007769, 3489422.445751840714365 ] ] ], [ [ [ 646699.513516431557946, 3489723.500701518263668 ], [ 646671.229245184105821, 3489711.784972765948623 ], [ 646642.944973936653696, 3489723.500701518263668 ], [ 646631.229245184105821, 3489751.784972765948623 ], [ 646642.944973936653696, 3489780.069244013633579 ], [ 646671.229245184105821, 3489791.784972765948623 ], [ 646699.513516431557946, 3489780.069244013633579 ], [ 646711.229245184105821, 3489751.784972765948623 ], [ 646699.513516431557946, 3489723.500701518263668 ] ] ], [ [ [ 647023.955691777751781, 3489837.375567791052163 ], [ 646995.671420530299656, 3489825.659839038737118 ], [ 646967.387149282847531, 3489837.375567791052163 ], [ 646955.671420530299656, 3489865.659839038737118 ], [ 646967.387149282847531, 3489893.944110286422074 ], [ 646995.671420530299656, 3489905.659839038737118 ], [ 647023.955691777751781, 3489893.944110286422074 ], [ 647035.671420530299656, 3489865.659839038737118 ], [ 647023.955691777751781, 3489837.375567791052163 ] ] ], [ [ [ 645545.377986547769979, 3489985.477155029773712 ], [ 645509.290102419676259, 3489974.530015061143786 ], [ 645481.816864726366475, 3489994.90555680450052 ], [ 645467.24500399956014, 3490038.52978952974081 ], [ 645472.211266485508531, 3490062.033306179568172 ], [ 645454.899599554948509, 3490074.220519934780896 ], [ 645446.012628622585908, 3490095.675565688405186 ], [ 645450.543167115538381, 3490118.452120774425566 ], [ 645466.964148216415197, 3490134.873101875185966 ], [ 645497.431404779665172, 3490137.87386473082006 ], [ 645521.096868263441138, 3490118.452120774425566 ], [ 645520.66114427044522, 3490080.01342026470229 ], [ 645540.311177558614872, 3490064.673284463584423 ], [ 645556.325126516399905, 3490021.565039158333093 ], [ 645545.377986547769979, 3489985.477155029773712 ] ] ], [ [ [ 645887.817062871879898, 3490005.987514999229461 ], [ 645851.729178743786179, 3489995.040375030599535 ], [ 645822.577610324020498, 3490018.964448952116072 ], [ 645811.487727883388288, 3490067.791161116678268 ], [ 645826.490031783352606, 3490095.214113703928888 ], [ 645805.386101179639809, 3490099.82682296866551 ], [ 645788.965120078762993, 3490116.247804069425911 ], [ 645779.368060008739121, 3490159.705258922185749 ], [ 645765.892019729712047, 3490176.724947027396411 ], [ 645748.786697890958749, 3490227.520944369956851 ], [ 645752.741258533089422, 3490254.180426723789424 ], [ 645772.710771812475286, 3490272.279738551471382 ], [ 645803.325446401606314, 3490272.279738551471382 ], [ 645824.973290407448076, 3490250.631894545629621 ], [ 645841.328197299269959, 3490181.232847042847425 ], [ 645863.473381868796423, 3490142.907286423258483 ], [ 645861.197151953121647, 3490119.796336247585714 ], [ 645849.047055819653906, 3490103.760035342071205 ], [ 645882.215535084833391, 3490089.246206870302558 ], [ 645897.810405053663999, 3490045.883173337206244 ], [ 645898.764202840509824, 3490026.468173366039991 ], [ 645887.817062871879898, 3490005.987514999229461 ] ] ], [ [ [ 646159.931687972857617, 3490184.460414620582014 ], [ 646125.090584225137718, 3490170.02875692024827 ], [ 646095.752485346165486, 3490187.613336666487157 ], [ 646090.145831418340094, 3490219.100804168730974 ], [ 646066.003116456093267, 3490262.400863391347229 ], [ 646068.855324222589843, 3490281.628886299207807 ], [ 646083.587696202215739, 3490299.580333496443927 ], [ 646113.614118403638713, 3490305.552960220724344 ], [ 646139.069290015147999, 3490288.544358325190842 ], [ 646151.156951139331795, 3490243.141159235499799 ], [ 646168.242681054398417, 3490217.639758868142962 ], [ 646159.931687972857617, 3490184.460414620582014 ] ] ], [ [ [ 646460.405746491625905, 3490284.251280714292079 ], [ 646428.200789630995132, 3490272.728162894956768 ], [ 646401.201057109632529, 3490287.159820595290512 ], [ 646385.303797509870492, 3490326.132188645657152 ], [ 646399.928066143300384, 3490357.052606780081987 ], [ 646429.22448312304914, 3490365.939577712677419 ], [ 646456.224215644411743, 3490351.507920012343675 ], [ 646471.928864311077632, 3490316.456237575039268 ], [ 646460.405746491625905, 3490284.251280714292079 ] ] ], [ [ [ 646411.792706707841717, 3490395.903313043992966 ], [ 646379.587749847210944, 3490384.380195224657655 ], [ 646350.249650968238711, 3490401.964774970896542 ], [ 646331.600031935959123, 3490452.306959398556501 ], [ 646349.377222615177743, 3490485.565743890590966 ], [ 646379.403644816600718, 3490491.538370614871383 ], [ 646404.858816428110003, 3490474.529768719337881 ], [ 646423.315824527293444, 3490428.108269904740155 ], [ 646411.792706707841717, 3490395.903313043992966 ] ] ], [ [ [ 646671.547160012181848, 3490597.654056545812637 ], [ 646639.342203151551075, 3490586.130938726477325 ], [ 646610.004104272578843, 3490603.715518472716212 ], [ 646590.304269465385005, 3490653.498718875925988 ], [ 646608.081460144603625, 3490686.757503367960453 ], [ 646638.107882346026599, 3490692.73013009224087 ], [ 646663.563053957535885, 3490675.721528196707368 ], [ 646683.070277831633575, 3490629.859013406559825 ], [ 646671.547160012181848, 3490597.654056545812637 ] ] ], [ [ [ 646951.503361648181453, 3490722.146368096582592 ], [ 646919.29840478755068, 3490710.62325027724728 ], [ 646889.960305908578448, 3490728.207830023486167 ], [ 646856.858908078982495, 3490801.438518142327666 ], [ 646859.711115845479071, 3490820.666541050188243 ], [ 646874.443487825104967, 3490838.617988247424364 ], [ 646904.469910026527941, 3490844.590614971704781 ], [ 646929.925081638037227, 3490827.582013076171279 ], [ 646962.45050161681138, 3490758.234252225141972 ], [ 646951.503361648181453, 3490722.146368096582592 ] ] ], [ [ [ 647135.660184416803531, 3490882.178531388752162 ], [ 647119.705386645160615, 3490908.099300002213567 ], [ 647119.705386645160615, 3490931.322074182797223 ], [ 647135.760190753615461, 3490952.96947158453986 ], [ 647157.983000074396841, 3490959.710687092505395 ], [ 647188.903418208938092, 3490945.086418459191918 ], [ 647222.701164938043803, 3490881.414218338672072 ], [ 647210.985436185495928, 3490853.129947090987116 ], [ 647182.701164938043803, 3490841.414218338672072 ], [ 647157.325433571473695, 3490850.493800204247236 ], [ 647135.660184416803531, 3490882.178531388752162 ] ] ], [ [ [ 647932.728814697708003, 3490390.972998498938978 ], [ 647905.729082176345401, 3490376.541340798605233 ], [ 647876.432665196596645, 3490385.428311731200665 ], [ 647862.001007496262901, 3490412.428044252563268 ], [ 647870.887978428625502, 3490441.724461232312024 ], [ 647897.887710949988104, 3490456.156118932645768 ], [ 647927.18412792973686, 3490447.269148 ], [ 647941.615785630070604, 3490420.269415478687733 ], [ 647932.728814697708003, 3490390.972998498938978 ] ] ], [ [ [ 647464.114158175652847, 3491047.609478602651507 ], [ 647431.909201315022074, 3491036.086360783316195 ], [ 647404.909468793659471, 3491050.518018483649939 ], [ 647387.300400394597091, 3491088.302658854052424 ], [ 647401.924669028026983, 3491119.22307698847726 ], [ 647431.221086007775739, 3491128.110047921072692 ], [ 647458.220818529138342, 3491113.678390220738947 ], [ 647475.637275995104574, 3491079.814435463398695 ], [ 647464.114158175652847, 3491047.609478602651507 ] ] ], [ [ [ 647643.38557348609902, 3491303.96829427452758 ], [ 647611.180616625468247, 3491292.445176455192268 ], [ 647584.180884104105644, 3491306.876834155526012 ], [ 647566.584584197262302, 3491344.887404402252287 ], [ 647581.208852830692194, 3491375.807822536677122 ], [ 647610.50526981044095, 3491384.694793469272554 ], [ 647637.505002331803553, 3491370.26313576893881 ], [ 647654.908691305550747, 3491336.173251135274768 ], [ 647643.38557348609902, 3491303.96829427452758 ] ] ], [ [ [ 647942.497670714743435, 3491460.274596857838333 ], [ 647915.497938193380833, 3491445.842939157504588 ], [ 647883.29298133275006, 3491457.3660569768399 ], [ 647853.250757664907724, 3491501.532879019156098 ], [ 647864.19789763353765, 3491537.620763147715479 ], [ 647892.482168880989775, 3491549.336491900030524 ], [ 647920.7664401284419, 3491537.620763147715479 ], [ 647949.85486600943841, 3491497.261715314816684 ], [ 647942.497670714743435, 3491460.274596857838333 ] ] ], [ [ [ 649412.976365190348588, 3491634.731735895387828 ], [ 649385.976632668985985, 3491620.300078195054084 ], [ 649356.68021568923723, 3491629.187049127649516 ], [ 649342.248557988903485, 3491656.186781649012119 ], [ 649351.135528921266086, 3491685.483198628760874 ], [ 649378.135261442628689, 3491699.914856329094619 ], [ 649407.431678422377445, 3491691.027885396499187 ], [ 649421.863336122711189, 3491664.028152875136584 ], [ 649412.976365190348588, 3491634.731735895387828 ] ] ], [ [ [ 648431.040852955426089, 3491868.95204437803477 ], [ 648402.756581707973965, 3491857.236315625719726 ], [ 648374.47231046052184, 3491868.95204437803477 ], [ 648362.756581707973965, 3491897.236315625719726 ], [ 648374.47231046052184, 3491925.520586873404682 ], [ 648402.756581707973965, 3491937.236315625719726 ], [ 648431.040852955426089, 3491925.520586873404682 ], [ 648442.756581707973965, 3491897.236315625719726 ], [ 648431.040852955426089, 3491868.95204437803477 ] ] ], [ [ [ 648759.681281516328454, 3491949.355044986587018 ], [ 648727.476324655697681, 3491937.831927167251706 ], [ 648700.476592134335078, 3491952.26358486758545 ], [ 648646.821049385820515, 3492026.636382380034775 ], [ 648646.821049385820515, 3492049.85915656061843 ], [ 648659.722931448486634, 3492069.168187604751438 ], [ 648696.710049905232154, 3492076.525382899679244 ], [ 648726.11726911214646, 3492052.017924458254129 ], [ 648769.674623698112555, 3491989.250703324563801 ], [ 648770.62842148495838, 3491969.835703353397548 ], [ 648759.681281516328454, 3491949.355044986587018 ] ] ], [ [ [ 649910.954217596678063, 3492078.604050113353878 ], [ 649882.669946349225938, 3492066.888321361038834 ], [ 649854.385675101773813, 3492078.604050113353878 ], [ 649842.669946349225938, 3492106.888321361038834 ], [ 649854.385675101773813, 3492135.172592608723789 ], [ 649882.669946349225938, 3492146.888321361038834 ], [ 649910.954217596678063, 3492135.172592608723789 ], [ 649922.669946349225938, 3492106.888321361038834 ], [ 649910.954217596678063, 3492078.604050113353878 ] ] ], [ [ [ 649005.689543326152489, 3492185.282671716064215 ], [ 648973.484586465521716, 3492173.759553896728903 ], [ 648946.484853944159113, 3492188.191211597062647 ], [ 648929.344160654349253, 3492226.636584850028157 ], [ 648943.968429287779145, 3492257.557002984452993 ], [ 648973.264846267527901, 3492266.443973917048424 ], [ 649000.264578788890503, 3492252.01231621671468 ], [ 649017.212661145604216, 3492217.487628576811403 ], [ 649005.689543326152489, 3492185.282671716064215 ] ] ], [ [ [ 650080.273975026677363, 3492285.761168862693012 ], [ 650019.243243241100572, 3492364.095147556625307 ], [ 650022.244006096385419, 3492394.562404119875282 ], [ 650045.909469580161385, 3492413.984148076269776 ], [ 650065.324469550978392, 3492414.937945863232017 ], [ 650085.805127917788923, 3492403.99080589460209 ], [ 650119.998469786602072, 3492367.874999241437763 ], [ 650163.899220785824582, 3492300.595797512214631 ], [ 650157.926594061893411, 3492270.569375310558826 ], [ 650132.471422450384125, 3492253.560773415025324 ], [ 650102.445000248961151, 3492259.533400139305741 ], [ 650080.273975026677363, 3492285.761168862693012 ] ] ], [ [ [ 649243.279428505455144, 3492375.01053898409009 ], [ 649207.191544377361424, 3492364.063399015460163 ], [ 649174.065289612743072, 3492389.508631830569357 ], [ 649131.291414946666919, 3492452.889450157992542 ], [ 649131.291414946666919, 3492476.112224338576198 ], [ 649144.193297009333037, 3492495.421255382709205 ], [ 649173.489713989081793, 3492504.308226315304637 ], [ 649200.489446510444395, 3492489.876568614970893 ], [ 649251.950338558410294, 3492418.60214752657339 ], [ 649254.22656847408507, 3492395.49119735090062 ], [ 649243.279428505455144, 3492375.01053898409009 ] ] ], [ [ [ 649511.901929046493024, 3492559.194375315215439 ], [ 649483.617657799040899, 3492547.478646562900394 ], [ 649455.333386551588774, 3492559.194375315215439 ], [ 649434.148690034053288, 3492590.868802194949239 ], [ 649445.095830002683215, 3492626.95668632350862 ], [ 649473.38010125013534, 3492638.672415075823665 ], [ 649501.664372497587465, 3492626.95668632350862 ], [ 649522.84906901512295, 3492595.282259443774819 ], [ 649511.901929046493024, 3492559.194375315215439 ] ] ], [ [ [ 649732.935974112944677, 3492787.748573296703398 ], [ 649705.936241591582075, 3492773.316915596369654 ], [ 649673.731284730951302, 3492784.840033415704966 ], [ 649627.422765856841579, 3492845.742444634903222 ], [ 649625.146535941166803, 3492868.853394810575992 ], [ 649636.09367590979673, 3492889.334053177386522 ], [ 649664.377947157248855, 3492901.049781929701567 ], [ 649692.66221840470098, 3492889.334053177386522 ], [ 649738.970737278810702, 3492828.431641958188266 ], [ 649741.822945045307279, 3492809.203619050327688 ], [ 649732.935974112944677, 3492787.748573296703398 ] ] ], [ [ [ 649951.865079380688258, 3493027.612477567046881 ], [ 649923.580808133236133, 3493015.896748814731836 ], [ 649895.296536885784008, 3493027.612477567046881 ], [ 649873.962926485692151, 3493063.777797618415207 ], [ 649885.486044305143878, 3493095.982754479162395 ], [ 649913.770315552596003, 3493107.698483231477439 ], [ 649942.054586800048128, 3493095.982754479162395 ], [ 649963.388197200139984, 3493059.817434427794069 ], [ 649951.865079380688258, 3493027.612477567046881 ] ] ], [ [ [ 650403.404353074845858, 3492491.770266354084015 ], [ 650375.120081827393733, 3492480.05453760176897 ], [ 650346.835810579941608, 3492491.770266354084015 ], [ 650325.578685105429031, 3492523.287581933196634 ], [ 650336.525825074058957, 3492559.375466061756015 ], [ 650364.810096321511082, 3492571.091194814071059 ], [ 650393.094367568963207, 3492559.375466061756015 ], [ 650414.351493043475784, 3492527.858150482643396 ], [ 650403.404353074845858, 3492491.770266354084015 ] ] ], [ [ [ 651228.95347908209078, 3493172.727148349396884 ], [ 651201.953746560728177, 3493158.29549064906314 ], [ 651172.657329580979422, 3493167.182461581658572 ], [ 651158.225671880645677, 3493194.182194103021175 ], [ 651167.112642813008279, 3493223.47861108276993 ], [ 651194.112375334370881, 3493237.910268783103675 ], [ 651223.408792314119637, 3493229.023297850508243 ], [ 651237.840450014453381, 3493202.02356532914564 ], [ 651228.95347908209078, 3493172.727148349396884 ] ] ], [ [ [ 651407.166897709015757, 3493498.926667930092663 ], [ 651378.882626461563632, 3493487.210939177777618 ], [ 651350.598355214111507, 3493498.926667930092663 ], [ 651338.882626461563632, 3493527.210939177777618 ], [ 651350.598355214111507, 3493555.495210425462574 ], [ 651378.882626461563632, 3493567.210939177777618 ], [ 651407.166897709015757, 3493555.495210425462574 ], [ 651418.882626461563632, 3493527.210939177777618 ], [ 651407.166897709015757, 3493498.926667930092663 ] ] ], [ [ [ 650307.605503939092159, 3493505.210470690391958 ], [ 650279.321232691640034, 3493493.494741938076913 ], [ 650251.036961444187909, 3493505.210470690391958 ], [ 650239.321232691640034, 3493533.494741938076913 ], [ 650251.036961444187909, 3493561.779013185761869 ], [ 650279.321232691640034, 3493573.494741938076913 ], [ 650307.605503939092159, 3493561.779013185761869 ], [ 650319.321232691640034, 3493533.494741938076913 ], [ 650307.605503939092159, 3493505.210470690391958 ] ] ], [ [ [ 650587.297296498087235, 3493637.483468569349498 ], [ 650571.684215658111498, 3493625.904018635395914 ], [ 650548.57326548290439, 3493623.627788719721138 ], [ 650493.916936401510611, 3493658.893291108310223 ], [ 650448.267012985190377, 3493699.530038692057133 ], [ 650443.736474492237903, 3493722.306593778077513 ], [ 650452.623445424600504, 3493743.761639531701803 ], [ 650487.464549172320403, 3493758.193297232035547 ], [ 650533.939269700320438, 3493731.705600789282471 ], [ 650591.653728937497362, 3493681.715069408994168 ], [ 650596.184267430449836, 3493658.938514322973788 ], [ 650587.297296498087235, 3493637.483468569349498 ] ] ], [ [ [ 650424.926916145486757, 3493751.769210551399738 ], [ 650396.642644898034632, 3493740.053481799084693 ], [ 650368.358373650582507, 3493751.769210551399738 ], [ 650356.642644898034632, 3493780.053481799084693 ], [ 650368.358373650582507, 3493808.337753046769649 ], [ 650396.642644898034632, 3493820.053481799084693 ], [ 650424.926916145486757, 3493808.337753046769649 ], [ 650436.642644898034632, 3493780.053481799084693 ], [ 650424.926916145486757, 3493751.769210551399738 ] ] ], [ [ [ 651549.912019208306447, 3493824.783953746315092 ], [ 651521.627747960854322, 3493813.068224994000047 ], [ 651493.343476713402197, 3493824.783953746315092 ], [ 651481.627747960854322, 3493853.068224994000047 ], [ 651493.343476713402197, 3493881.352496241685003 ], [ 651521.627747960854322, 3493893.068224994000047 ], [ 651549.912019208306447, 3493881.352496241685003 ], [ 651561.627747960854322, 3493853.068224994000047 ], [ 651549.912019208306447, 3493824.783953746315092 ] ] ], [ [ [ 650690.035770051763393, 3493900.422498202882707 ], [ 650666.918964797863737, 3493886.566818353254348 ], [ 650643.808014622656628, 3493888.843048268929124 ], [ 650593.558297497569583, 3493916.955718263518065 ], [ 650579.82259922567755, 3493939.593530209269375 ], [ 650550.156479131663218, 3493939.932928434573114 ], [ 650489.869490564917214, 3493973.216739983297884 ], [ 650476.511161591508426, 3493988.263017332181334 ], [ 650452.944749932619743, 3493992.676391670946032 ], [ 650433.52300597645808, 3494016.341855154372752 ], [ 650436.523768831742927, 3494046.809111717622727 ], [ 650456.493282111128792, 3494064.908423545304686 ], [ 650483.412006495869718, 3494066.230855674017221 ], [ 650507.381757699884474, 3494046.165749387815595 ], [ 650527.399637180264108, 3494043.430705775972456 ], [ 650587.686625747010112, 3494010.146894227247685 ], [ 650604.575246064690873, 3493985.170715923886746 ], [ 650630.545415954315104, 3493986.153749827295542 ], [ 650677.971221390296705, 3493961.075080143287778 ], [ 650698.346763133304194, 3493933.601842450443655 ], [ 650690.035770051763393, 3493900.422498202882707 ] ] ], [ [ [ 650784.137602756381966, 3494165.501273408997804 ], [ 650763.656944389571436, 3494154.554133440367877 ], [ 650744.241944418754429, 3494155.507931227330118 ], [ 650583.406873578787781, 3494225.482181013096124 ], [ 650563.985129622626118, 3494249.147644496522844 ], [ 650566.985892477910966, 3494279.614901059772819 ], [ 650586.95540575729683, 3494297.714212887454778 ], [ 650610.066355932503939, 3494299.990442803129554 ], [ 650774.709200982004404, 3494229.062395230401307 ], [ 650795.660720575833693, 3494197.706230269744992 ], [ 650784.137602756381966, 3494165.501273408997804 ] ] ] ] } },
{ "type": "Feature", "properties": { "depth_bin": "50-55" }, "geometry": { "type": "MultiPolygon", "coordinates": [ [ [ [ 644666.208947810810059, 3488789.233837435953319 ], [ 644639.209215289447457, 3488774.802179735619575 ], [ 644609.912798309698701, 3488783.689150668215007 ], [ 644595.481140609364957, 3488810.688883189577609 ], [ 644604.368111541727558, 3488839.985300169326365 ], [ 644631.36784406309016, 3488854.416957869660109 ], [ 644660.664261042838916, 3488845.529986937064677 ], [ 644675.09591874317266, 3488818.530254415702075 ], [ 644666.208947810810059, 3488789.233837435953319 ] ] ], [ [ [ 644938.141950974124484, 3488945.202892589848489 ], [ 644911.142218452761881, 3488930.771234889514744 ], [ 644881.845801473013125, 3488939.658205822110176 ], [ 644867.414143772679381, 3488966.657938343472779 ], [ 644876.301114705041982, 3488995.954355323221534 ], [ 644903.300847226404585, 3489010.386013023555279 ], [ 644932.597264206153341, 3489001.499042090959847 ], [ 644947.028921906487085, 3488974.499309569597244 ], [ 644938.141950974124484, 3488945.202892589848489 ] ] ], [ [ [ 644144.314158659311943, 3489186.539021925069392 ], [ 644113.393740524770692, 3489171.914753291755915 ], [ 644082.473322390229441, 3489186.539021925069392 ], [ 644054.208631634595804, 3489249.581027527805418 ], [ 644068.640289334929548, 3489284.422131275292486 ], [ 644097.936706314678304, 3489293.309102207887918 ], [ 644124.936438836040907, 3489278.877444507554173 ], [ 644152.625151740852743, 3489219.71836617263034 ], [ 644144.314158659311943, 3489186.539021925069392 ] ] ], [ [ [ 644085.597576230764389, 3489310.46872224425897 ], [ 644050.75647248304449, 3489296.037064543925226 ], [ 644021.418373604072258, 3489313.621644290164113 ], [ 643999.007755860569887, 3489379.109759883955121 ], [ 644016.784946539788507, 3489412.368544375989586 ], [ 644046.811368741211481, 3489418.341171100270003 ], [ 644072.266540352720767, 3489401.332569204736501 ], [ 644094.48454716312699, 3489339.765139224007726 ], [ 644085.597576230764389, 3489310.46872224425897 ] ] ], [ [ [ 645023.339532230631448, 3489583.690861582290381 ], [ 644988.49842848291155, 3489569.259203881956637 ], [ 644959.160329603939317, 3489586.843783628195524 ], [ 644936.041077911155298, 3489647.862169195432216 ], [ 644938.893285677651875, 3489667.090192103292793 ], [ 644953.62565765727777, 3489685.041639300528914 ], [ 644983.652079858700745, 3489691.014266024809331 ], [ 645009.107251470210031, 3489674.005664129275829 ], [ 645031.650525312172249, 3489616.870205829851329 ], [ 645023.339532230631448, 3489583.690861582290381 ] ] ], [ [ [ 644923.999761858955026, 3489839.411118221934885 ], [ 644889.158658111235127, 3489824.97946052160114 ], [ 644857.802493150462396, 3489845.93098011566326 ], [ 644848.164316860027611, 3489875.089661341626197 ], [ 644853.239286077558063, 3489898.774544216226786 ], [ 644836.028925042017363, 3489910.925510142464191 ], [ 644827.141954109654762, 3489932.380555896088481 ], [ 644831.672492602607235, 3489955.157110982108861 ], [ 644848.093473703484051, 3489971.578092082869262 ], [ 644878.560730266734026, 3489974.578854938503355 ], [ 644902.226193750509992, 3489955.157110982108861 ], [ 644901.681763025932014, 3489916.537044247612357 ], [ 644921.230490419082344, 3489901.23315627546981 ], [ 644932.310754940495826, 3489872.590462469495833 ], [ 644923.999761858955026, 3489839.411118221934885 ] ] ], [ [ [ 645242.582569704740308, 3489902.594124649651349 ], [ 645207.741465957020409, 3489888.162466949317604 ], [ 645176.385300996247679, 3489909.113986543379724 ], [ 645162.03405878029298, 3489965.952686927746981 ], [ 645147.328135675634257, 3489983.884518302511424 ], [ 645139.948770911549218, 3490022.093936746474355 ], [ 645126.190653342753649, 3490036.918858868535608 ], [ 645099.944019184214994, 3490104.7008351017721 ], [ 645102.22024909988977, 3490127.811785277444869 ], [ 645120.319560927222483, 3490147.781298556365073 ], [ 645150.786817490472458, 3490150.782061411999166 ], [ 645174.452280974248424, 3490131.360317455604672 ], [ 645199.745117345941253, 3490067.386115431785583 ], [ 645200.497639969689772, 3490047.16757996706292 ], [ 645215.934088264941238, 3490028.794125666841865 ], [ 645223.105470902635716, 3489989.754396031610668 ], [ 645249.939764999435283, 3489939.581243106629699 ], [ 645242.582569704740308, 3489902.594124649651349 ] ] ], [ [ [ 644543.670714903040789, 3489936.071329687256366 ], [ 644516.670982381678186, 3489921.639671986922622 ], [ 644487.374565401929431, 3489930.526642919518054 ], [ 644472.942907701595686, 3489957.526375440880656 ], [ 644481.829878633958288, 3489986.822792420629412 ], [ 644508.82961115532089, 3490001.254450120963156 ], [ 644538.126028135069646, 3489992.367479188367724 ], [ 644552.55768583540339, 3489965.367746667005122 ], [ 644543.670714903040789, 3489936.071329687256366 ] ] ], [ [ [ 645508.253645628457889, 3490085.38022148096934 ], [ 645472.165761500364169, 3490074.433081512339413 ], [ 645444.692523807054386, 3490094.808623255696148 ], [ 645414.769700581324287, 3490181.6209149453789 ], [ 645419.30023907427676, 3490204.39747003139928 ], [ 645435.721220175153576, 3490220.81845113215968 ], [ 645466.188476738403551, 3490223.819213987793773 ], [ 645489.853940222179517, 3490204.39747003139928 ], [ 645519.200785597087815, 3490121.46810560952872 ], [ 645508.253645628457889, 3490085.38022148096934 ] ] ], [ [ [ 644785.100464142393321, 3490203.640472682192922 ], [ 644758.100731621030718, 3490189.208814981859177 ], [ 644728.804314641281962, 3490198.095785914454609 ], [ 644714.372656940948218, 3490225.095518435817212 ], [ 644723.259627873310819, 3490254.391935415565968 ], [ 644750.259360394673422, 3490268.823593115899712 ], [ 644779.555777374422178, 3490259.93662218330428 ], [ 644793.987435074755922, 3490232.936889661941677 ], [ 644785.100464142393321, 3490203.640472682192922 ] ] ], [ [ [ 645090.360730580752715, 3490293.549391059204936 ], [ 645059.440312446211465, 3490278.925122425891459 ], [ 645028.519894311670214, 3490293.549391059204936 ], [ 645002.285894116968848, 3490354.046916634775698 ], [ 645016.717551817302592, 3490388.888020382262766 ], [ 645046.013968797051348, 3490397.774991314858198 ], [ 645073.013701318413951, 3490383.343333614524454 ], [ 645098.671723662293516, 3490326.728735306765884 ], [ 645090.360730580752715, 3490293.549391059204936 ] ] ], [ [ [ 646409.224742135964334, 3489562.156151350587606 ], [ 646382.225009614601731, 3489547.724493650253862 ], [ 646352.928592634852976, 3489556.611464582849294 ], [ 646338.496934934519231, 3489583.611197104211897 ], [ 646347.383905866881832, 3489612.907614083960652 ], [ 646374.383638388244435, 3489627.339271784294397 ], [ 646403.680055367993191, 3489618.452300851698965 ], [ 646418.111713068326935, 3489591.452568330336362 ], [ 646409.224742135964334, 3489562.156151350587606 ] ] ], [ [ [ 645828.02761842822656, 3490180.812919631134719 ], [ 645793.186514680506662, 3490166.381261930800974 ], [ 645761.830349719733931, 3490187.332781524863094 ], [ 645758.788074073265307, 3490217.634309736080468 ], [ 645726.063256905414164, 3490284.057448939420283 ], [ 645728.33948682108894, 3490307.168399115093052 ], [ 645740.559339359751903, 3490323.256434896495193 ], [ 645712.882805314380676, 3490332.222985574509948 ], [ 645699.027125464868732, 3490355.339790828060359 ], [ 645701.303355380543508, 3490378.450741003733128 ], [ 645719.40266720787622, 3490398.420254282653332 ], [ 645749.869923771126196, 3490401.421017138287425 ], [ 645773.535387254902162, 3490381.999273181892931 ], [ 645777.489947897032835, 3490355.339790828060359 ], [ 645762.993865442695096, 3490331.748030632734299 ], [ 645790.670399488066323, 3490322.781479954719543 ], [ 645808.336190233472735, 3490293.18818361312151 ], [ 645821.879521146998741, 3490257.482457153499126 ], [ 645820.967236151336692, 3490238.233185534365475 ], [ 645836.338611509767361, 3490213.992263878695667 ], [ 645828.02761842822656, 3490180.812919631134719 ] ] ], [ [ [ 646131.302688889787532, 3490255.185906652361155 ], [ 646096.461585142067634, 3490240.75424895202741 ], [ 646065.105420181294903, 3490261.70576854608953 ], [ 645987.258194502908736, 3490456.539920104667544 ], [ 645989.534424418583512, 3490479.650870280340314 ], [ 646007.633736245916225, 3490499.620383559260517 ], [ 646038.1009928091662, 3490502.621146414894611 ], [ 646061.766456292942166, 3490483.199402458500117 ], [ 646138.659884184482507, 3490292.173025109339505 ], [ 646131.302688889787532, 3490255.185906652361155 ] ] ], [ [ [ 646450.121441964292899, 3490314.782032046001405 ], [ 646415.280338216573, 3490300.35037434566766 ], [ 646383.92417325580027, 3490321.30189393972978 ], [ 646351.636671723797917, 3490398.868931401055306 ], [ 646354.360887455288321, 3490428.751478197518736 ], [ 646331.530604548403062, 3490447.874389765318483 ], [ 646291.65265644248575, 3490538.970378392376006 ], [ 646293.920252158422954, 3490567.887483281083405 ], [ 646274.363193546305411, 3490580.851493015419692 ], [ 646261.825368436519057, 3490608.953470604494214 ], [ 646263.147800565348007, 3490635.872194989584386 ], [ 646281.247112392680719, 3490655.84170826850459 ], [ 646311.714368955930695, 3490658.842471124138683 ], [ 646335.379832439706661, 3490639.42072716774419 ], [ 646345.091000747750513, 3490610.147909995168447 ], [ 646341.293629394145682, 3490588.921506583690643 ], [ 646365.207120445673354, 3490569.437634955625981 ], [ 646405.085068551590666, 3490478.341646328568459 ], [ 646402.360852820100263, 3490448.459099532105029 ], [ 646425.191135726985522, 3490429.336187964305282 ], [ 646457.478637258987874, 3490351.769150502979755 ], [ 646450.121441964292899, 3490314.782032046001405 ] ] ], [ [ [ 646565.169269016128965, 3490700.523365230299532 ], [ 646547.239185461658053, 3490742.823042951989919 ], [ 646549.515415377332829, 3490765.933993127662688 ], [ 646571.163259383174591, 3490787.58183713350445 ], [ 646601.777933972305618, 3490787.58183713350445 ], [ 646621.747447251691483, 3490769.482525305822492 ], [ 646661.106350120622665, 3490682.769507580436766 ], [ 646659.428019394166768, 3490648.606300812680274 ], [ 646635.762555910390802, 3490629.184556856285781 ], [ 646605.295299347140826, 3490632.185319711919874 ], [ 646588.874318246264011, 3490648.606300812680274 ], [ 646565.169269016128965, 3490700.523365230299532 ] ] ], [ [ [ 647334.979542480781674, 3489956.747145746368915 ], [ 647311.868592305574566, 3489959.023375662043691 ], [ 647291.292181248660199, 3489975.273847006261349 ], [ 647277.63848277553916, 3490006.958482303656638 ], [ 647284.187087350292131, 3490033.10197723750025 ], [ 647309.642258961801417, 3490050.110579133033752 ], [ 647337.389232294401154, 3490045.504201482050121 ], [ 647376.457763653248549, 3490060.723218383733183 ], [ 647398.680572974029928, 3490053.982002875767648 ], [ 647415.6891748693306, 3490028.526831264607608 ], [ 647409.716548145399429, 3489998.500409062951803 ], [ 647334.979542480781674, 3489956.747145746368915 ] ] ], [ [ [ 647635.905742248985916, 3490185.574964964296669 ], [ 647608.906009727623314, 3490171.143307263962924 ], [ 647579.609592747874558, 3490180.030278196558356 ], [ 647565.177935047540814, 3490207.030010717920959 ], [ 647574.064905979903415, 3490236.326427697669715 ], [ 647601.064638501266018, 3490250.758085398003459 ], [ 647630.361055481014773, 3490241.871114465408027 ], [ 647644.792713181348518, 3490214.871381944045424 ], [ 647635.905742248985916, 3490185.574964964296669 ] ] ], [ [ [ 648200.008454480208457, 3490578.593962070066482 ], [ 648171.724183232756332, 3490566.878233317751437 ], [ 648143.439911985304207, 3490578.593962070066482 ], [ 648131.724183232756332, 3490606.878233317751437 ], [ 648143.439911985304207, 3490635.162504565436393 ], [ 648171.724183232756332, 3490646.878233317751437 ], [ 648200.008454480208457, 3490635.162504565436393 ], [ 648211.724183232756332, 3490606.878233317751437 ], [ 648200.008454480208457, 3490578.593962070066482 ] ] ], [ [ [ 646919.566835912293755, 3490792.999208049848676 ], [ 646888.646417777752504, 3490778.374939416535199 ], [ 646857.725999643211253, 3490792.999208049848676 ], [ 646827.848195316269994, 3490850.770322287920862 ], [ 646830.12442523194477, 3490873.881272463593632 ], [ 646841.703875165781938, 3490889.494353303220123 ], [ 646871.000292145530693, 3490898.381324235815555 ], [ 646898.000024666893296, 3490883.949666535481811 ], [ 646927.877828993834555, 3490826.178552297409624 ], [ 646919.566835912293755, 3490792.999208049848676 ] ] ], [ [ [ 647182.578131725662388, 3490908.361255519092083 ], [ 647166.965050885686651, 3490896.7818055851385 ], [ 647143.854100710479543, 3490894.505575669463724 ], [ 647110.805918737314641, 3490920.257367399521172 ], [ 647080.05865774396807, 3490977.553318707738072 ], [ 647082.334887659642845, 3491000.664268883410841 ], [ 647093.914337593480013, 3491016.277349723037332 ], [ 647123.210754573228769, 3491025.164320655632764 ], [ 647150.210487094591372, 3491010.73266295529902 ], [ 647189.935327020357363, 3490945.348373976070434 ], [ 647182.578131725662388, 3490908.361255519092083 ] ] ], [ [ [ 647449.112575168022886, 3491075.19672824582085 ], [ 647418.192157033481635, 3491060.572459612507373 ], [ 647387.271738898940384, 3491075.19672824582085 ], [ 647335.732844157610089, 3491151.17553487746045 ], [ 647335.732844157610089, 3491174.398309058044106 ], [ 647348.634726220276207, 3491193.707340102177113 ], [ 647377.931143200024962, 3491202.594311034772545 ], [ 647404.930875721387565, 3491188.162653334438801 ], [ 647455.147338333888911, 3491115.879796907305717 ], [ 647457.999546100385487, 3491096.65177399944514 ], [ 647449.112575168022886, 3491075.19672824582085 ] ] ], [ [ [ 648241.019399728393182, 3491602.154317733831704 ], [ 648220.538741361582652, 3491591.207177765201777 ], [ 648201.123741390765645, 3491592.160975552164018 ], [ 648161.838579800329171, 3491628.248947905842215 ], [ 648101.253346533048898, 3491711.722496676724404 ], [ 648098.977116617374122, 3491734.833446852397174 ], [ 648112.832796466886066, 3491757.950252105947584 ], [ 648142.129213446634822, 3491766.837223038543016 ], [ 648169.128945967997424, 3491752.405565338209271 ], [ 648248.011979054892436, 3491649.294458454474807 ], [ 648252.542517547844909, 3491626.517903368454427 ], [ 648241.019399728393182, 3491602.154317733831704 ] ] ], [ [ [ 648440.144183635595255, 3491856.761396375484765 ], [ 648407.939226774964482, 3491845.238278556149453 ], [ 648380.939494253601879, 3491859.669936256483197 ], [ 648355.091840435983613, 3491906.533515129704028 ], [ 648369.523498136317357, 3491941.374618877191097 ], [ 648398.819915116066113, 3491950.261589809786528 ], [ 648425.819647637428716, 3491935.829932109452784 ], [ 648451.091323604225181, 3491892.849280504044145 ], [ 648440.144183635595255, 3491856.761396375484765 ] ] ], [ [ [ 649643.663367339526303, 3491838.215608279686421 ], [ 649616.6636348181637, 3491823.783950579352677 ], [ 649587.367217838414945, 3491832.670921511948109 ], [ 649572.9355601380812, 3491859.670654033310711 ], [ 649581.822531070443802, 3491888.967071013059467 ], [ 649608.822263591806404, 3491903.398728713393211 ], [ 649638.11868057155516, 3491894.51175778079778 ], [ 649652.550338271888904, 3491867.512025259435177 ], [ 649643.663367339526303, 3491838.215608279686421 ] ] ], [ [ [ 648707.803575771278702, 3492025.523367191664875 ], [ 648676.883157636737451, 3492010.899098558351398 ], [ 648645.9627395021962, 3492025.523367191664875 ], [ 648583.09560117230285, 3492107.304479172453284 ], [ 648580.819371256628074, 3492130.415429348126054 ], [ 648594.675051106140018, 3492153.532234601676464 ], [ 648623.971468085888773, 3492162.419205534271896 ], [ 648650.971200607251376, 3492147.987547833938152 ], [ 648713.838338937144727, 3492066.206435853149742 ], [ 648716.690546703641303, 3492046.978412945289165 ], [ 648707.803575771278702, 3492025.523367191664875 ] ] ], [ [ [ 648987.289250233676285, 3492209.717406204435974 ], [ 648955.084293373045512, 3492198.194288385100663 ], [ 648928.084560851682909, 3492212.625946085434407 ], [ 648868.5291783567518, 3492296.847120258025825 ], [ 648866.252948441077024, 3492319.958070433698595 ], [ 648880.108628290588968, 3492343.074875687249005 ], [ 648909.405045270337723, 3492351.961846619844437 ], [ 648936.404777791700326, 3492337.530188919510692 ], [ 648995.960160286631435, 3492253.309014746919274 ], [ 648998.236390202306211, 3492230.198064571246505 ], [ 648987.289250233676285, 3492209.717406204435974 ] ] ], [ [ [ 650165.831649334402755, 3492256.109951309394091 ], [ 650138.831916813040152, 3492241.678293609060347 ], [ 650106.626959952409379, 3492253.201411428395659 ], [ 650076.660420950502157, 3492292.92655326006934 ], [ 650075.706623163656332, 3492312.341553231235594 ], [ 650086.653763132286258, 3492332.822211598046124 ], [ 650114.938034379738383, 3492344.537940350361168 ], [ 650143.222305627190508, 3492332.822211598046124 ], [ 650173.18884462909773, 3492293.097069766372442 ], [ 650165.831649334402755, 3492256.109951309394091 ] ] ], [ [ [ 650442.362294154241681, 3492444.82775688637048 ], [ 650410.157337293610908, 3492433.304639067035168 ], [ 650383.157604772248305, 3492447.736296767368913 ], [ 650347.169145519845188, 3492497.099069185554981 ], [ 650347.169145519845188, 3492520.321843366138637 ], [ 650360.071027582511306, 3492539.630874410271645 ], [ 650389.367444562260062, 3492548.517845342867076 ], [ 650416.367177083622664, 3492534.086187642533332 ], [ 650452.355636336025782, 3492484.723415224347264 ], [ 650453.309434122871608, 3492465.30841525318101 ], [ 650442.362294154241681, 3492444.82775688637048 ] ] ], [ [ [ 649494.328245095559396, 3492584.984658816829324 ], [ 649467.328512574196793, 3492570.553001116495579 ], [ 649435.12355571356602, 3492582.076118935830891 ], [ 649378.65262496448122, 3492654.347809050697833 ], [ 649376.376395048806444, 3492677.458759226370603 ], [ 649387.32353501743637, 3492697.939417593181133 ], [ 649415.607806264888495, 3492709.655146345496178 ], [ 649443.89207751234062, 3492697.939417593181133 ], [ 649500.363008261425421, 3492625.667727478314191 ], [ 649503.215216027921997, 3492606.439704570453614 ], [ 649494.328245095559396, 3492584.984658816829324 ] ] ], [ [ [ 650691.639080419903621, 3492688.315959393046796 ], [ 650664.639347898541018, 3492673.884301692713052 ], [ 650635.342930918792263, 3492682.771272625308484 ], [ 650620.911273218458518, 3492709.771005146671087 ], [ 650629.79824415082112, 3492739.067422126419842 ], [ 650656.797976672183722, 3492753.499079826753587 ], [ 650686.094393651932478, 3492744.612108894158155 ], [ 650700.526051352266222, 3492717.612376372795552 ], [ 650691.639080419903621, 3492688.315959393046796 ] ] ], [ [ [ 650984.15239112440031, 3492890.425922554917634 ], [ 650957.152658603037708, 3492875.994264854583889 ], [ 650927.856241623288952, 3492884.881235787179321 ], [ 650913.424583922955208, 3492911.880968308541924 ], [ 650922.311554855317809, 3492941.177385288290679 ], [ 650949.311287376680411, 3492955.609042988624424 ], [ 650978.607704356429167, 3492946.722072056028992 ], [ 650993.039362056762911, 3492919.722339534666389 ], [ 650984.15239112440031, 3492890.425922554917634 ] ] ], [ [ [ 649935.596574454219081, 3493054.626486935187131 ], [ 649908.596841932856478, 3493040.194829234853387 ], [ 649879.300424953107722, 3493049.081800167448819 ], [ 649864.868767252773978, 3493076.081532688811421 ], [ 649873.755738185136579, 3493105.377949668560177 ], [ 649900.755470706499182, 3493119.809607368893921 ], [ 649930.051887686247937, 3493110.92263643629849 ], [ 649944.483545386581682, 3493083.922903914935887 ], [ 649935.596574454219081, 3493054.626486935187131 ] ] ], [ [ [ 650132.622399006853811, 3493270.900084726046771 ], [ 650104.338127759401686, 3493259.184355973731726 ], [ 650076.053856511949562, 3493270.900084726046771 ], [ 650064.338127759401686, 3493299.184355973731726 ], [ 650076.053856511949562, 3493327.468627221416682 ], [ 650104.338127759401686, 3493339.184355973731726 ], [ 650132.622399006853811, 3493327.468627221416682 ], [ 650144.338127759401686, 3493299.184355973731726 ], [ 650132.622399006853811, 3493270.900084726046771 ] ] ], [ [ [ 650413.419414908392355, 3493761.907718942966312 ], [ 650385.13514366094023, 3493750.191990190651268 ], [ 650356.850872413488105, 3493761.907718942966312 ], [ 650345.13514366094023, 3493790.191990190651268 ], [ 650356.850872413488105, 3493818.476261438336223 ], [ 650385.13514366094023, 3493830.191990190651268 ], [ 650413.419414908392355, 3493818.476261438336223 ], [ 650425.13514366094023, 3493790.191990190651268 ], [ 650413.419414908392355, 3493761.907718942966312 ] ] ], [ [ [ 650636.27800412394572, 3493929.476181943900883 ], [ 650601.436900376225822, 3493915.044524243567139 ], [ 650556.913173623033799, 3493936.853904575109482 ], [ 650539.904571727733128, 3493962.309076186269522 ], [ 650545.877198451664299, 3493992.335498387925327 ], [ 650563.828645649249665, 3494007.067870367784053 ], [ 650583.056668556993827, 3494009.920078134164214 ], [ 650627.58039531018585, 3493988.110697802621871 ], [ 650645.164975056308322, 3493958.772598923649639 ], [ 650636.27800412394572, 3493929.476181943900883 ] ] ], [ [ [ 650486.835371124790981, 3494007.113147896248847 ], [ 650458.551099877338856, 3493995.397419143933803 ], [ 650430.266828629886732, 3494007.113147896248847 ], [ 650418.551099877338856, 3494035.397419143933803 ], [ 650430.266828629886732, 3494063.681690391618758 ], [ 650458.551099877338856, 3494075.397419143933803 ], [ 650486.835371124790981, 3494063.681690391618758 ], [ 650498.551099877338856, 3494035.397419143933803 ], [ 650486.835371124790981, 3494007.113147896248847 ] ] ], [ [ [ 650603.994293223135173, 3494247.934734979178756 ], [ 650575.710021975683048, 3494236.219006226863712 ], [ 650547.425750728230923, 3494247.934734979178756 ], [ 650535.710021975683048, 3494276.219006226863712 ], [ 650547.425750728230923, 3494304.503277474548668 ], [ 650575.710021975683048, 3494316.219006226863712 ], [ 650603.994293223135173, 3494304.503277474548668 ], [ 650615.710021975683048, 3494276.219006226863712 ], [ 650603.994293223135173, 3494247.934734979178756 ] ] ] ] } },
{ "type": "Feature", "properties": { "depth_bin": "55-60" }, "geometry": { "type": "MultiPolygon", "coordinates": [ [ [ [ 644426.458246962167323, 3488597.274526689201593 ], [ 644401.003075350658037, 3488580.265924793668091 ], [ 644370.976653149235062, 3488586.238551517948508 ], [ 644353.968051253934391, 3488611.693723129108548 ], [ 644359.940677977865562, 3488641.720145330764353 ], [ 644385.395849589374848, 3488658.728747226297855 ], [ 644415.422271790797822, 3488652.756120502017438 ], [ 644432.430873686098494, 3488627.300948890857399 ], [ 644426.458246962167323, 3488597.274526689201593 ] ] ], [ [ [ 645214.543990561971441, 3489085.894009407609701 ], [ 645187.544258040608838, 3489071.462351707275957 ], [ 645158.247841060860083, 3489080.349322639871389 ], [ 645143.816183360526338, 3489107.349055161233991 ], [ 645152.703154292888939, 3489136.645472140982747 ], [ 645179.702886814251542, 3489151.077129841316491 ], [ 645208.999303794000298, 3489142.19015890872106 ], [ 645223.430961494334042, 3489115.190426387358457 ], [ 645214.543990561971441, 3489085.894009407609701 ] ] ], [ [ [ 645011.28839794464875, 3489611.800468802917749 ], [ 644976.447294196928851, 3489597.368811102584004 ], [ 644945.091129236156121, 3489618.320330696646124 ], [ 644922.372099593281746, 3489695.488907761406153 ], [ 644929.113315101130866, 3489717.711717082187533 ], [ 644943.516230120207183, 3489730.765758335124701 ], [ 644973.983486683457159, 3489733.766521190758795 ], [ 644997.648950167233124, 3489714.344777234364301 ], [ 645020.175368877011351, 3489641.096885782666504 ], [ 645011.28839794464875, 3489611.800468802917749 ] ] ], [ [ [ 644933.41969317861367, 3489828.894638561177999 ], [ 644907.964521567104384, 3489811.886036665644497 ], [ 644877.93809936568141, 3489817.858663389924914 ], [ 644860.929497470380738, 3489843.313835001084954 ], [ 644866.902124194311909, 3489873.340257202740759 ], [ 644892.357295805821195, 3489890.348859098274261 ], [ 644922.38371800724417, 3489884.376232373993844 ], [ 644939.392319902544841, 3489858.921060762833804 ], [ 644933.41969317861367, 3489828.894638561177999 ] ] ], [ [ [ 645225.939396200235933, 3489945.278147724457085 ], [ 645191.098292452516034, 3489930.846490024123341 ], [ 645161.760193573543802, 3489948.431069770362228 ], [ 645150.4032600261271, 3489993.865699032787234 ], [ 645126.358038192265667, 3490037.306629095226526 ], [ 645129.210245958762243, 3490056.534652003087103 ], [ 645143.942617938388139, 3490074.486099200323224 ], [ 645173.969040139811113, 3490080.458725924603641 ], [ 645199.424211751320399, 3490063.450124029070139 ], [ 645211.236352414358407, 3490018.102788377553225 ], [ 645234.250389281776734, 3489978.457491972018033 ], [ 645225.939396200235933, 3489945.278147724457085 ] ] ], [ [ [ 644508.016035070293583, 3490024.572796310763806 ], [ 644473.174931322573684, 3490010.141138610430062 ], [ 644443.836832443601452, 3490027.725718356668949 ], [ 644422.565083068329841, 3490091.126197102013975 ], [ 644440.342273747548461, 3490124.38498159404844 ], [ 644470.368695948971435, 3490130.357608318328857 ], [ 644495.823867560480721, 3490113.349006422795355 ], [ 644516.903006002656184, 3490053.869213290512562 ], [ 644508.016035070293583, 3490024.572796310763806 ] ] ], [ [ [ 644798.3531793927541, 3490178.433571758680046 ], [ 644769.015080513781868, 3490160.848992012441158 ], [ 644734.173976766061969, 3490175.280649712774903 ], [ 644710.186571225174703, 3490237.149703929200768 ], [ 644724.618228925508447, 3490271.990807676687837 ], [ 644753.914645905257203, 3490280.877778609283268 ], [ 644780.914378426619805, 3490266.446120908949524 ], [ 644804.325806116685271, 3490208.459993960335851 ], [ 644798.3531793927541, 3490178.433571758680046 ] ] ], [ [ [ 645406.171149446861818, 3490198.468240666668862 ], [ 645373.201381622930057, 3490304.120004585478455 ], [ 645387.633039323263802, 3490331.119737106841058 ], [ 645416.929456303012557, 3490340.006708039436489 ], [ 645448.285621263785288, 3490319.05518844537437 ], [ 645488.282520377542824, 3490195.619026454165578 ], [ 645476.759402558091097, 3490171.255440819542855 ], [ 645448.475131310638972, 3490159.539712067227811 ], [ 645420.190860063186847, 3490171.255440819542855 ], [ 645406.171149446861818, 3490198.468240666668862 ] ] ], [ [ [ 645384.773669879301451, 3490450.177603001706302 ], [ 645359.318498267792165, 3490433.1690011061728 ], [ 645329.292076066369191, 3490439.141627830453217 ], [ 645312.283474171068519, 3490464.596799441613257 ], [ 645318.25610089499969, 3490494.623221643269062 ], [ 645343.711272506508976, 3490511.631823538802564 ], [ 645373.737694707931951, 3490505.659196814522147 ], [ 645390.746296603232622, 3490480.204025203362107 ], [ 645384.773669879301451, 3490450.177603001706302 ] ] ], [ [ [ 645790.769782375660725, 3490280.679269292391837 ], [ 645755.928678627940826, 3490266.247611592058092 ], [ 645724.572513667168096, 3490287.199131186120212 ], [ 645670.858536649844609, 3490426.189103079494089 ], [ 645673.134766565519385, 3490449.300053255166858 ], [ 645691.234078392852098, 3490469.269566534087062 ], [ 645721.701334956102073, 3490472.270329389721155 ], [ 645745.366798439878039, 3490452.848585433326662 ], [ 645798.1269776703557, 3490317.666387749370188 ], [ 645790.769782375660725, 3490280.679269292391837 ] ] ], [ [ [ 646113.953298922278918, 3490297.450610289350152 ], [ 646086.953566400916316, 3490283.018952589016408 ], [ 646057.65714942116756, 3490291.90592352161184 ], [ 646043.225491720833816, 3490318.905656042974442 ], [ 646052.112462653196417, 3490348.202073022723198 ], [ 646079.11219517455902, 3490362.633730723056942 ], [ 646108.408612154307775, 3490353.74675979046151 ], [ 646122.840269854641519, 3490326.747027269098908 ], [ 646113.953298922278918, 3490297.450610289350152 ] ] ], [ [ [ 646051.834258729708381, 3490453.134179645217955 ], [ 646016.993154981988482, 3490438.702521944884211 ], [ 645985.636990021215752, 3490459.654041538946331 ], [ 645937.365642094053328, 3490584.178843944333494 ], [ 645938.319439880899154, 3490603.593843915499747 ], [ 645950.857466831919737, 3490622.573095909319818 ], [ 645922.31582995201461, 3490631.497146810404956 ], [ 645902.072754490072839, 3490664.368706955108792 ], [ 645903.395186618901789, 3490691.287431340198964 ], [ 645921.494498446234502, 3490711.256944619119167 ], [ 645959.206237392383628, 3490711.256944619119167 ], [ 645982.968411892536096, 3490681.273434417787939 ], [ 645986.922972534666769, 3490654.613952063955367 ], [ 645973.43114779680036, 3490631.826925860717893 ], [ 645998.819862630916759, 3490625.241241317242384 ], [ 646013.552234610542655, 3490607.289794120006263 ], [ 646060.145251811249182, 3490486.313523892778903 ], [ 646051.834258729708381, 3490453.134179645217955 ] ] ], [ [ [ 645707.51350388978608, 3490512.295741330366582 ], [ 645678.175405010813847, 3490494.711161584127694 ], [ 645643.334301263093948, 3490509.142819284461439 ], [ 645635.541685292730108, 3490544.391640963964164 ], [ 645618.500910297036171, 3490573.326426752842963 ], [ 645632.932567997369915, 3490608.167530500330031 ], [ 645662.228984977118671, 3490617.054501432925463 ], [ 645689.228717498481274, 3490602.622843732591718 ], [ 645697.021333468845114, 3490567.374022053088993 ], [ 645713.486130613717251, 3490542.322163532022387 ], [ 645707.51350388978608, 3490512.295741330366582 ] ] ], [ [ [ 646211.746455574058928, 3490723.924838210456073 ], [ 646193.627641150262207, 3490766.213754740543664 ], [ 646195.903871065936983, 3490789.324704916216433 ], [ 646217.551715071778744, 3490810.972548922058195 ], [ 646248.166389660909772, 3490810.972548922058195 ], [ 646268.135902940295637, 3490792.873237094376236 ], [ 646331.0431525191525, 3490649.927387700416148 ], [ 646333.258639810141176, 3490626.573939373716712 ], [ 646360.819581003510393, 3490579.778450401499867 ], [ 646362.914450408774428, 3490555.943468483164907 ], [ 646378.468222683761269, 3490537.499692895449698 ], [ 646379.790654812590219, 3490510.580968510359526 ], [ 646363.735850704135373, 3490488.933571108616889 ], [ 646333.709428502712399, 3490482.960944384336472 ], [ 646308.254256891203113, 3490499.969546279869974 ], [ 646302.462990677682683, 3490530.72000022418797 ], [ 646273.980374461389147, 3490580.971234835684299 ], [ 646273.087319299229421, 3490600.628732957877219 ], [ 646258.811120644793846, 3490615.764180932659656 ], [ 646211.746455574058928, 3490723.924838210456073 ] ] ], [ [ [ 646613.762726176064461, 3490742.472438850440085 ], [ 646584.424627297092229, 3490724.887859104201198 ], [ 646549.58352354937233, 3490739.319516804534942 ], [ 646520.81130613212008, 3490797.757632576394826 ], [ 646523.087536047794856, 3490820.868582752067596 ], [ 646534.666985981632024, 3490836.481663591694087 ], [ 646563.96340296138078, 3490845.368634524289519 ], [ 646590.963135482743382, 3490830.936976823955774 ], [ 646618.781555113149807, 3490776.306635261513293 ], [ 646613.762726176064461, 3490742.472438850440085 ] ] ], [ [ [ 646904.7622522568563, 3490819.630701737478375 ], [ 646869.921148509136401, 3490805.199044037144631 ], [ 646840.583049630164169, 3490822.783623783383518 ], [ 646757.130490436218679, 3490981.561107671819627 ], [ 646758.452922565047629, 3491008.4798320569098 ], [ 646773.185294544673525, 3491026.43127925414592 ], [ 646803.211716746096499, 3491032.403905978426337 ], [ 646828.666888357605785, 3491015.395304082892835 ], [ 646910.797015422722325, 3490860.313770398963243 ], [ 646913.649223189218901, 3490841.085747491102666 ], [ 646904.7622522568563, 3490819.630701737478375 ] ] ], [ [ [ 647393.90401937556453, 3489988.252259104046971 ], [ 647366.904286854201928, 3489973.820601403713226 ], [ 647337.607869874453172, 3489982.707572336308658 ], [ 647323.176212174119428, 3490009.707304857671261 ], [ 647332.063183106482029, 3490039.003721837420017 ], [ 647359.062915627844632, 3490053.435379537753761 ], [ 647388.359332607593387, 3490044.548408605158329 ], [ 647402.790990307927132, 3490017.548676083795726 ], [ 647393.90401937556453, 3489988.252259104046971 ] ] ], [ [ [ 648212.830338656553067, 3490571.464656566735357 ], [ 648187.375167045043781, 3490554.456054671201855 ], [ 648157.348744843620807, 3490560.428681395482272 ], [ 648140.340142948320135, 3490585.883853006642312 ], [ 648146.312769672251306, 3490615.910275208298117 ], [ 648171.767941283760592, 3490632.918877103831619 ], [ 648201.794363485183567, 3490626.946250379551202 ], [ 648218.802965380484238, 3490601.491078768391162 ], [ 648212.830338656553067, 3490571.464656566735357 ] ] ], [ [ [ 648465.921042999834754, 3490780.689463689923286 ], [ 648438.921310478472151, 3490766.257805989589542 ], [ 648409.624893498723395, 3490775.144776922184974 ], [ 648395.193235798389651, 3490802.144509443547577 ], [ 648404.080206730752252, 3490831.440926423296332 ], [ 648431.079939252114855, 3490845.872584123630077 ], [ 648460.37635623186361, 3490836.985613191034645 ], [ 648474.808013932197355, 3490809.985880669672042 ], [ 648465.921042999834754, 3490780.689463689923286 ] ] ], [ [ [ 647140.723842433304526, 3490972.144158205483109 ], [ 647109.803424298763275, 3490957.519889572169632 ], [ 647078.883006164222024, 3490972.144158205483109 ], [ 647030.054044175310992, 3491049.752593602519482 ], [ 647030.054044175310992, 3491072.975367783103138 ], [ 647042.95592623797711, 3491092.284398827236146 ], [ 647072.252343217725866, 3491101.171369759831578 ], [ 647099.252075739088468, 3491086.739712059497833 ], [ 647146.758605599170551, 3491012.827226866967976 ], [ 647149.610813365667127, 3490993.599203959107399 ], [ 647140.723842433304526, 3490972.144158205483109 ] ] ], [ [ [ 647396.708899985183962, 3491150.214610374998301 ], [ 647369.709167463821359, 3491135.782952674664557 ], [ 647337.504210603190586, 3491147.306070493999869 ], [ 647308.783686435897835, 3491192.401208120398223 ], [ 647319.730826404527761, 3491228.489092248957604 ], [ 647348.015097651979886, 3491240.204821001272649 ], [ 647376.299368899432011, 3491228.489092248957604 ], [ 647404.066095279878937, 3491187.201728831976652 ], [ 647396.708899985183962, 3491150.214610374998301 ] ] ], [ [ [ 647632.965116420178674, 3491336.488434511702508 ], [ 647607.509944808669388, 3491319.479832616169006 ], [ 647577.483522607246414, 3491325.452459340449423 ], [ 647560.474920711945742, 3491350.907630951609462 ], [ 647566.447547435876913, 3491380.934053153265268 ], [ 647591.902719047386199, 3491397.94265504879877 ], [ 647621.929141248809174, 3491391.970028324518353 ], [ 647638.937743144109845, 3491366.514856713358313 ], [ 647632.965116420178674, 3491336.488434511702508 ] ] ], [ [ [ 647915.99491108849179, 3491497.491299052257091 ], [ 647888.995178567129187, 3491483.059641351923347 ], [ 647859.698761587380432, 3491491.946612284518778 ], [ 647845.267103887046687, 3491518.946344805881381 ], [ 647854.154074819409288, 3491548.242761785630137 ], [ 647881.153807340771891, 3491562.674419485963881 ], [ 647910.450224320520647, 3491553.787448553368449 ], [ 647924.881882020854391, 3491526.787716032005847 ], [ 647915.99491108849179, 3491497.491299052257091 ] ] ], [ [ [ 648927.758960574516095, 3492299.325066829100251 ], [ 648900.759228053153493, 3492284.893409128766507 ], [ 648871.462811073404737, 3492293.780380061361939 ], [ 648857.031153373070993, 3492320.780112582724541 ], [ 648865.918124305433594, 3492350.076529562473297 ], [ 648892.917856826796196, 3492364.508187262807041 ], [ 648922.214273806544952, 3492355.62121633021161 ], [ 648936.645931506878696, 3492328.621483808849007 ], [ 648927.758960574516095, 3492299.325066829100251 ] ] ], [ [ [ 650470.120665114489384, 3492430.084931149613112 ], [ 650444.665493502980098, 3492413.07632925407961 ], [ 650414.639071301557124, 3492419.048955978360027 ], [ 650386.78059574298095, 3492450.733331287745386 ], [ 650391.799424680066295, 3492484.567527698818594 ], [ 650417.254596291575581, 3492501.576129594352096 ], [ 650447.281018492998555, 3492495.603502870071679 ], [ 650475.139494051574729, 3492463.91912756068632 ], [ 650470.120665114489384, 3492430.084931149613112 ] ] ], [ [ [ 649191.200717171770521, 3492451.286861952859908 ], [ 649164.200984650407918, 3492436.855204252526164 ], [ 649134.904567670659162, 3492445.742175185121596 ], [ 649120.472909970325418, 3492472.741907706484199 ], [ 649129.359880902688019, 3492502.038324686232954 ], [ 649156.359613424050622, 3492516.469982386566699 ], [ 649185.656030403799377, 3492507.583011453971267 ], [ 649200.087688104133122, 3492480.583278932608664 ], [ 649191.200717171770521, 3492451.286861952859908 ] ] ], [ [ [ 649438.721507753478363, 3492658.832667234819382 ], [ 649413.266336141969077, 3492641.82406533928588 ], [ 649383.239913940546103, 3492647.796692063566297 ], [ 649366.231312045245431, 3492673.251863674726337 ], [ 649372.203938769176602, 3492703.278285876382142 ], [ 649397.659110380685888, 3492720.286887771915644 ], [ 649427.685532582108863, 3492714.314261047635227 ], [ 649444.694134477409534, 3492688.859089436475188 ], [ 649438.721507753478363, 3492658.832667234819382 ] ] ], [ [ [ 650702.080575705389492, 3492677.264295296277851 ], [ 650675.08084318402689, 3492662.832637595944107 ], [ 650645.784426204278134, 3492671.719608528539538 ], [ 650631.35276850394439, 3492698.719341049902141 ], [ 650640.239739436306991, 3492728.015758029650897 ], [ 650667.239471957669593, 3492742.447415729984641 ], [ 650696.535888937418349, 3492733.560444797389209 ], [ 650710.967546637752093, 3492706.560712276026607 ], [ 650702.080575705389492, 3492677.264295296277851 ] ] ], [ [ [ 649685.457744663697667, 3492847.465741746593267 ], [ 649658.458012142335065, 3492833.034084046259522 ], [ 649629.161595162586309, 3492841.921054978854954 ], [ 649614.729937462252565, 3492868.920787500217557 ], [ 649623.616908394615166, 3492898.217204479966313 ], [ 649650.616640915977769, 3492912.648862180300057 ], [ 649679.913057895726524, 3492903.761891247704625 ], [ 649694.344715596060269, 3492876.762158726342022 ], [ 649685.457744663697667, 3492847.465741746593267 ] ] ], [ [ [ 650996.077790363226086, 3492880.904059892054647 ], [ 650969.078057841863483, 3492866.472402191720903 ], [ 650939.781640862114727, 3492875.359373124316335 ], [ 650925.349983161780983, 3492902.359105645678937 ], [ 650934.236954094143584, 3492931.655522625427693 ], [ 650961.236686615506187, 3492946.087180325761437 ], [ 650990.533103595254943, 3492937.200209393166006 ], [ 651004.964761295588687, 3492910.200476871803403 ], [ 650996.077790363226086, 3492880.904059892054647 ] ] ], [ [ [ 649925.988741781562567, 3493066.369051444344223 ], [ 649898.989009260199964, 3493051.937393744010478 ], [ 649866.784052399569191, 3493063.46051156334579 ], [ 649845.541544368141331, 3493099.515237103682011 ], [ 649857.064662187593058, 3493131.7201939644292 ], [ 649885.348933435045183, 3493143.435922716744244 ], [ 649913.633204682497308, 3493131.7201939644292 ], [ 649934.299734863103367, 3493099.548395691905171 ], [ 649925.988741781562567, 3493066.369051444344223 ] ] ], [ [ [ 650299.323535689618438, 3493518.835847177542746 ], [ 650272.323803168255836, 3493504.404189477209002 ], [ 650243.02738618850708, 3493513.291160409804434 ], [ 650228.595728488173336, 3493540.290892931167036 ], [ 650237.482699420535937, 3493569.587309910915792 ], [ 650264.48243194189854, 3493584.018967611249536 ], [ 650293.778848921647295, 3493575.131996678654104 ], [ 650308.21050662198104, 3493548.132264157291502 ], [ 650299.323535689618438, 3493518.835847177542746 ] ] ] ] } },
{ "type": "Feature", "properties": { "depth_bin": "60-65" }, "geometry": { "type": "MultiPolygon", "coordinates": [ [ [ [ 644988.747399934451096, 3489686.937234941869974 ], [ 644970.795952736865729, 3489672.204862962011248 ], [ 644947.685002561658621, 3489669.928633046336472 ], [ 644927.20434419484809, 3489680.875773014966398 ], [ 644911.777304502902552, 3489703.452915030531585 ], [ 644865.499165898538195, 3489828.775517711415887 ], [ 644867.77539581421297, 3489851.886467887088656 ], [ 644885.874707641545683, 3489871.85598116600886 ], [ 644916.341964204795659, 3489874.856744021642953 ], [ 644940.007427688571624, 3489855.43500006524846 ], [ 644993.766228871536441, 3489720.771431352943182 ], [ 644988.747399934451096, 3489686.937234941869974 ] ] ], [ [ [ 644516.821082652080804, 3490013.898078734986484 ], [ 644491.365911040571518, 3489996.889476839452982 ], [ 644461.339488839148544, 3490002.862103563733399 ], [ 644444.330886943847872, 3490028.317275174893439 ], [ 644450.303513667779043, 3490058.343697376549244 ], [ 644475.758685279288329, 3490075.352299272082746 ], [ 644505.785107480711304, 3490069.379672547802329 ], [ 644522.793709376011975, 3490043.924500936642289 ], [ 644516.821082652080804, 3490013.898078734986484 ] ] ], [ [ [ 644839.960115835536271, 3490070.44354142434895 ], [ 644814.504944224026985, 3490053.434939528815448 ], [ 644784.478522022604011, 3490059.407566253095865 ], [ 644767.46992012730334, 3490084.862737864255905 ], [ 644773.442546851234511, 3490114.88916006591171 ], [ 644798.897718462743796, 3490131.897761961445212 ], [ 644828.924140664166771, 3490125.925135237164795 ], [ 644845.932742559467442, 3490100.469963626004755 ], [ 644839.960115835536271, 3490070.44354142434895 ] ] ], [ [ [ 645440.790960509097204, 3490292.203256720677018 ], [ 645422.839513311511837, 3490277.470884740818292 ], [ 645403.611490403767675, 3490274.618676974438131 ], [ 645385.309366696164943, 3490281.167281549423933 ], [ 645370.576994716539048, 3490299.118728746660054 ], [ 645321.254228869336657, 3490431.24607614101842 ], [ 645306.021167860599235, 3490492.938900006469339 ], [ 645309.975728502729908, 3490519.598382360301912 ], [ 645329.945241782115772, 3490537.697694187983871 ], [ 645360.5599163712468, 3490537.697694187983871 ], [ 645382.207760377088562, 3490516.049850182142109 ], [ 645388.372200762154534, 3490480.314960120711476 ], [ 645445.809789446182549, 3490326.037453131750226 ], [ 645440.790960509097204, 3490292.203256720677018 ] ] ], [ [ [ 645513.676093120709993, 3489207.084809960797429 ], [ 645486.67636059934739, 3489192.653152260463685 ], [ 645457.379943619598635, 3489201.540123193059117 ], [ 645442.94828591926489, 3489228.539855714421719 ], [ 645451.835256851627491, 3489257.836272694170475 ], [ 645478.834989372990094, 3489272.267930394504219 ], [ 645508.13140635273885, 3489263.380959461908787 ], [ 645522.563064053072594, 3489236.381226940546185 ], [ 645513.676093120709993, 3489207.084809960797429 ] ] ], [ [ [ 645789.757914798916318, 3489330.540524339769036 ], [ 645762.758182277553715, 3489316.108866639435291 ], [ 645733.461765297804959, 3489324.995837572030723 ], [ 645719.030107597471215, 3489351.995570093393326 ], [ 645727.917078529833816, 3489381.291987073142081 ], [ 645754.916811051196419, 3489395.723644773475826 ], [ 645784.213228030945174, 3489386.836673840880394 ], [ 645798.644885731278919, 3489359.836941319517791 ], [ 645789.757914798916318, 3489330.540524339769036 ] ] ], [ [ [ 646121.110030260286294, 3489414.23324767826125 ], [ 646095.654858648777008, 3489397.224645782727748 ], [ 646065.628436447354034, 3489403.197272507008165 ], [ 646048.619834552053362, 3489428.652444118168205 ], [ 646054.592461275984533, 3489458.67886631982401 ], [ 646080.047632887493819, 3489475.687468215357512 ], [ 646110.074055088916793, 3489469.714841491077095 ], [ 646127.082656984217465, 3489444.259669879917055 ], [ 646121.110030260286294, 3489414.23324767826125 ] ] ], [ [ [ 646708.706935560912825, 3489714.780423373449594 ], [ 646683.251763949403539, 3489697.771821477916092 ], [ 646653.225341747980565, 3489703.744448202196509 ], [ 646636.216739852679893, 3489729.199619813356549 ], [ 646642.189366576611064, 3489759.226042015012354 ], [ 646667.64453818812035, 3489776.234643910545856 ], [ 646697.670960389543325, 3489770.262017186265439 ], [ 646714.679562284843996, 3489744.806845575105399 ], [ 646708.706935560912825, 3489714.780423373449594 ] ] ], [ [ [ 645738.17906942742411, 3490426.159561548847705 ], [ 645720.227622229838744, 3490411.427189568988979 ], [ 645700.999599322094582, 3490408.574981802608818 ], [ 645669.643434361321852, 3490429.526501396670938 ], [ 645624.175366444396786, 3490559.238592960406095 ], [ 645628.70590493734926, 3490582.015148046426475 ], [ 645645.126886038226075, 3490598.436129147186875 ], [ 645675.594142601476051, 3490601.436892002820969 ], [ 645699.259606085252017, 3490582.015148046426475 ], [ 645744.151696151355281, 3490456.18598375050351 ], [ 645738.17906942742411, 3490426.159561548847705 ] ] ], [ [ [ 646015.656550049083307, 3490555.616956828627735 ], [ 645982.397765556932427, 3490537.839766149409115 ], [ 645949.138981064781547, 3490555.616956828627735 ], [ 645913.130468484596349, 3490640.078010605182499 ], [ 645915.406698400271125, 3490663.188960780855268 ], [ 645930.139070379897021, 3490681.140407978091389 ], [ 645960.165492581319995, 3490687.113034702371806 ], [ 645985.620664192829281, 3490670.104432806838304 ], [ 646020.675378986168653, 3490589.451153239700943 ], [ 646015.656550049083307, 3490555.616956828627735 ] ] ], [ [ [ 646297.131890467484482, 3490682.270256370306015 ], [ 646271.676718855975196, 3490665.261654474772513 ], [ 646241.650296654552221, 3490671.23428119905293 ], [ 646224.64169475925155, 3490696.68945281021297 ], [ 646230.614321483182721, 3490726.715875011868775 ], [ 646256.069493094692007, 3490743.724476907402277 ], [ 646286.095915296114981, 3490737.75185018312186 ], [ 646303.104517191415653, 3490712.29667857196182 ], [ 646297.131890467484482, 3490682.270256370306015 ] ] ], [ [ [ 646587.353281909716316, 3490797.401372814550996 ], [ 646554.094497417565435, 3490779.624182135332376 ], [ 646520.835712925414555, 3490797.401372814550996 ], [ 646472.69649361516349, 3490893.064991043414921 ], [ 646474.972723530838266, 3490916.17594121908769 ], [ 646489.705095510464162, 3490934.127388416323811 ], [ 646523.539291921420954, 3490939.146217353641987 ], [ 646555.588785724947229, 3490911.136707028839737 ], [ 646592.372110846801661, 3490831.235569225624204 ], [ 646587.353281909716316, 3490797.401372814550996 ] ] ], [ [ [ 647363.892771943821572, 3489959.264302820898592 ], [ 647340.775966689921916, 3489945.408622971270233 ], [ 647310.749544488498941, 3489951.38124969555065 ], [ 647294.694740380044095, 3489973.028647097293288 ], [ 647296.017172508873045, 3489999.94737148238346 ], [ 647317.665016514714807, 3490021.595215488225222 ], [ 647350.943786384304985, 3490020.335192260798067 ], [ 647355.046649628784508, 3490045.994899678975344 ], [ 647371.467630729661323, 3490062.415880779735744 ], [ 647405.6308374973014, 3490064.094211506657302 ], [ 647427.278681503143162, 3490042.446367500815541 ], [ 647427.278681503143162, 3490011.831692911218852 ], [ 647405.6308374973014, 3489990.18384890537709 ], [ 647372.352067627711222, 3489991.443872132804245 ], [ 647363.892771943821572, 3489959.264302820898592 ] ] ], [ [ [ 646821.077379177557305, 3490984.189202061388642 ], [ 646795.622207566048019, 3490967.180600165855139 ], [ 646765.595785364625044, 3490973.153226890135556 ], [ 646748.587183469324373, 3490998.608398501295596 ], [ 646754.559810193255544, 3491028.634820702951401 ], [ 646780.01498180476483, 3491045.643422598484904 ], [ 646810.041404006187804, 3491039.670795874204487 ], [ 646827.050005901488476, 3491014.215624263044447 ], [ 646821.077379177557305, 3490984.189202061388642 ] ] ], [ [ [ 647109.420302378362976, 3491026.044698182493448 ], [ 647080.082203499390744, 3491008.460118436254561 ], [ 647045.241099751670845, 3491022.891776136588305 ], [ 646998.842002845485695, 3491102.113887825980783 ], [ 646998.842002845485695, 3491125.336662006564438 ], [ 647011.743884908151813, 3491144.645693050697446 ], [ 647041.040301887900569, 3491153.532663983292878 ], [ 647068.040034409263171, 3491139.101006282959133 ], [ 647113.116699186619371, 3491063.574844798073173 ], [ 647109.420302378362976, 3491026.044698182493448 ] ] ], [ [ [ 647371.580817627022043, 3491189.856525607872754 ], [ 647342.242718748049811, 3491172.271945861633867 ], [ 647310.037761887419038, 3491183.795063680969179 ], [ 647274.300627377233468, 3491238.318791132420301 ], [ 647273.346829590387642, 3491257.733791103586555 ], [ 647284.293969559017569, 3491278.214449470397085 ], [ 647312.578240806469694, 3491289.930178222712129 ], [ 647340.862512053921819, 3491278.214449470397085 ], [ 647376.599646564107388, 3491223.690722018945962 ], [ 647371.580817627022043, 3491189.856525607872754 ] ] ], [ [ [ 647622.454347116523422, 3491347.645085082389414 ], [ 647596.999175505014136, 3491330.636483186855912 ], [ 647563.819831257802434, 3491338.947476268745959 ], [ 647540.866679279948585, 3491374.264236663933843 ], [ 647549.177672361489385, 3491407.443580911494792 ], [ 647576.177404882851988, 3491421.875238611828536 ], [ 647605.473821862600744, 3491412.988267679233104 ], [ 647627.473176053608768, 3491381.479281493462622 ], [ 647622.454347116523422, 3491347.645085082389414 ] ] ], [ [ [ 649192.327646808349527, 3491398.830816582310945 ], [ 649165.327914286986925, 3491384.399158881977201 ], [ 649136.031497307238169, 3491393.286129814572632 ], [ 649121.599839606904425, 3491420.285862335935235 ], [ 649130.486810539267026, 3491449.582279315683991 ], [ 649157.486543060629629, 3491464.013937016017735 ], [ 649186.782960040378384, 3491455.126966083422303 ], [ 649201.214617740712129, 3491428.1272335620597 ], [ 649192.327646808349527, 3491398.830816582310945 ] ] ], [ [ [ 648160.691011384595186, 3491715.719402466434985 ], [ 648135.2358397730859, 3491698.710800570901483 ], [ 648105.209417571662925, 3491704.6834272951819 ], [ 648088.200815676362254, 3491730.13859890634194 ], [ 648094.173442400293425, 3491760.165021107997745 ], [ 648119.628614011802711, 3491777.173623003531247 ], [ 648149.655036213225685, 3491771.20099627925083 ], [ 648166.663638108526357, 3491745.745824668090791 ], [ 648160.691011384595186, 3491715.719402466434985 ] ] ], [ [ [ 649655.112026364658959, 3491829.272364232689142 ], [ 649629.656854753149673, 3491812.26376233715564 ], [ 649599.630432551726699, 3491818.236389061436057 ], [ 649582.621830656426027, 3491843.691560672596097 ], [ 649588.594457380357198, 3491873.717982874251902 ], [ 649614.049628991866484, 3491890.726584769785404 ], [ 649644.076051193289459, 3491884.753958045504987 ], [ 649661.08465308859013, 3491859.298786434344947 ], [ 649655.112026364658959, 3491829.272364232689142 ] ] ], [ [ [ 649926.816110559389926, 3492073.82584736822173 ], [ 649901.360938947880641, 3492056.817245472688228 ], [ 649871.334516746457666, 3492062.789872196968645 ], [ 649854.325914851156995, 3492088.245043808128685 ], [ 649860.298541575088166, 3492118.27146600978449 ], [ 649885.753713186597452, 3492135.280067905317992 ], [ 649915.780135388020426, 3492129.307441181037575 ], [ 649932.788737283321097, 3492103.852269569877535 ], [ 649926.816110559389926, 3492073.82584736822173 ] ] ], [ [ [ 649181.991588205215521, 3492463.432454620022327 ], [ 649154.991855683852918, 3492449.000796919688582 ], [ 649125.695438704104163, 3492457.887767852284014 ], [ 649111.263781003770418, 3492484.887500373646617 ], [ 649120.15075193613302, 3492514.183917353395373 ], [ 649147.150484457495622, 3492528.615575053729117 ], [ 649176.446901437244378, 3492519.728604121133685 ], [ 649190.878559137578122, 3492492.728871599771082 ], [ 649181.991588205215521, 3492463.432454620022327 ] ] ], [ [ [ 649426.726341202040203, 3492667.308291686698794 ], [ 649399.7266086806776, 3492652.87663398636505 ], [ 649370.430191700928845, 3492661.763604918960482 ], [ 649355.9985340005951, 3492688.763337440323085 ], [ 649364.885504932957701, 3492718.05975442007184 ], [ 649391.885237454320304, 3492732.491412120405585 ], [ 649421.18165443406906, 3492723.604441187810153 ], [ 649435.613312134402804, 3492696.60470866644755 ], [ 649426.726341202040203, 3492667.308291686698794 ] ] ], [ [ [ 649678.68207546765916, 3492862.860999086871743 ], [ 649653.226903856149875, 3492845.852397191338241 ], [ 649623.2004816547269, 3492851.825023915618658 ], [ 649606.191879759426229, 3492877.280195526778698 ], [ 649612.1645064833574, 3492907.306617728434503 ], [ 649637.619678094866686, 3492924.315219623968005 ], [ 649667.64610029628966, 3492918.342592899687588 ], [ 649684.654702191590331, 3492892.887421288527548 ], [ 649678.68207546765916, 3492862.860999086871743 ] ] ], [ [ [ 651007.940768977743573, 3492875.107575764879584 ], [ 650982.485597366234288, 3492858.098973869346082 ], [ 650952.459175164811313, 3492864.071600593626499 ], [ 650935.450573269510642, 3492889.526772204786539 ], [ 650941.423199993441813, 3492919.553194406442344 ], [ 650966.878371604951099, 3492936.561796301975846 ], [ 650996.904793806374073, 3492930.589169577695429 ], [ 651013.913395701674744, 3492905.133997966535389 ], [ 651007.940768977743573, 3492875.107575764879584 ] ] ], [ [ [ 649908.711440652026795, 3493092.784030359238386 ], [ 649883.256269040517509, 3493075.775428463704884 ], [ 649853.229846839094535, 3493081.748055187985301 ], [ 649836.221244943793863, 3493107.203226799145341 ], [ 649842.193871667725034, 3493137.229649000801146 ], [ 649867.64904327923432, 3493154.238250896334648 ], [ 649897.675465480657294, 3493148.265624172054231 ], [ 649914.684067375957966, 3493122.810452560894191 ], [ 649908.711440652026795, 3493092.784030359238386 ] ] ], [ [ [ 650404.223099083057605, 3493774.529304942116141 ], [ 650377.223366561695002, 3493760.097647241782397 ], [ 650347.926949581946246, 3493768.984618174377829 ], [ 650333.495291881612502, 3493795.984350695740432 ], [ 650342.382262813975103, 3493825.280767675489187 ], [ 650369.381995335337706, 3493839.712425375822932 ], [ 650398.678412315086462, 3493830.8254544432275 ], [ 650413.110070015420206, 3493803.825721921864897 ], [ 650404.223099083057605, 3493774.529304942116141 ] ] ], [ [ [ 650592.686610098229721, 3494257.008388598449528 ], [ 650565.686877576867118, 3494242.576730898115784 ], [ 650536.390460597118363, 3494251.463701830711216 ], [ 650521.958802896784618, 3494278.463434352073818 ], [ 650530.84577382914722, 3494307.759851331822574 ], [ 650557.845506350509822, 3494322.191509032156318 ], [ 650587.141923330258578, 3494313.304538099560887 ], [ 650601.573581030592322, 3494286.304805578198284 ], [ 650592.686610098229721, 3494257.008388598449528 ] ] ] ] } },
{ "type": "Feature", "properties": { "depth_bin": "65-70" }, "geometry": { "type": "MultiPolygon", "coordinates": [ [ [ [ 644678.28287134389393, 3488785.375719148665667 ], [ 644656.635027338052168, 3488763.727875142823905 ], [ 644626.020352748921141, 3488763.727875142823905 ], [ 644604.372508743079379, 3488785.375719148665667 ], [ 644604.372508743079379, 3488815.990393738262355 ], [ 644626.020352748921141, 3488837.638237744104117 ], [ 644656.635027338052168, 3488837.638237744104117 ], [ 644678.28287134389393, 3488815.990393738262355 ], [ 644678.28287134389393, 3488785.375719148665667 ] ] ], [ [ [ 644947.31665393395815, 3488937.239169307053089 ], [ 644923.651190450182185, 3488917.817425350658596 ], [ 644893.183933886932209, 3488920.818188206292689 ], [ 644873.762189930770546, 3488944.483651689719409 ], [ 644876.762952786055394, 3488974.950908252969384 ], [ 644900.428416269831359, 3488994.372652209363878 ], [ 644930.895672833081335, 3488991.371889353729784 ], [ 644950.317416789242998, 3488967.706425870303065 ], [ 644947.31665393395815, 3488937.239169307053089 ] ] ], [ [ [ 646127.638349706307054, 3489405.123944636899978 ], [ 646103.972886222531088, 3489385.702200680505484 ], [ 646073.505629659281112, 3489388.702963536139578 ], [ 646054.083885703119449, 3489412.368427019566298 ], [ 646057.084648558404297, 3489442.835683582816273 ], [ 646080.750112042180263, 3489462.257427539210767 ], [ 646111.217368605430238, 3489459.256664683576673 ], [ 646130.639112561591901, 3489435.591201200149953 ], [ 646127.638349706307054, 3489405.123944636899978 ] ] ], [ [ [ 646418.993639984633774, 3489557.324317930266261 ], [ 646397.345795978792012, 3489535.676473924424499 ], [ 646366.731121389660984, 3489535.676473924424499 ], [ 646345.083277383819222, 3489557.324317930266261 ], [ 646345.083277383819222, 3489587.93899251986295 ], [ 646366.731121389660984, 3489609.586836525704712 ], [ 646397.345795978792012, 3489609.586836525704712 ], [ 646418.993639984633774, 3489587.93899251986295 ], [ 646418.993639984633774, 3489557.324317930266261 ] ] ], [ [ [ 647036.725558290490881, 3489832.623990437015891 ], [ 647013.060094806714915, 3489813.202246480621397 ], [ 646982.592838243464939, 3489816.203009336255491 ], [ 646963.171094287303276, 3489839.868472819682211 ], [ 646966.171857142588124, 3489870.335729382932186 ], [ 646989.83732062636409, 3489889.75747333932668 ], [ 647020.304577189614065, 3489886.756710483692586 ], [ 647039.726321145775728, 3489863.091247000265867 ], [ 647036.725558290490881, 3489832.623990437015891 ] ] ], [ [ [ 647455.565824115881696, 3489955.025527860969305 ], [ 647442.511782862711698, 3489940.622612841892987 ], [ 647420.288973541930318, 3489933.881397333927453 ], [ 647401.433104068855755, 3489938.604546760208905 ], [ 647385.362757333554327, 3489954.440529764164239 ], [ 647360.060260021942668, 3489958.596380122937262 ], [ 647340.638516065781005, 3489982.261843606363982 ], [ 647343.639278921065852, 3490012.729100169613957 ], [ 647360.060260021942668, 3490029.150081270374358 ], [ 647396.320476763532497, 3490042.06001179292798 ], [ 647426.787733326782472, 3490039.059248937293887 ], [ 647443.208714427659288, 3490022.638267836533487 ], [ 647458.566586971166544, 3489985.49278442421928 ], [ 647455.565824115881696, 3489955.025527860969305 ] ] ], [ [ [ 645687.94172450248152, 3490572.461430268362164 ], [ 645664.276261018705554, 3490553.039686311967671 ], [ 645633.809004455455579, 3490556.040449167601764 ], [ 645614.387260499293916, 3490579.705912651028484 ], [ 645617.388023354578763, 3490610.17316921427846 ], [ 645641.053486838354729, 3490629.594913170672953 ], [ 645671.520743401604705, 3490626.59415031503886 ], [ 645690.942487357766367, 3490602.92868683161214 ], [ 645687.94172450248152, 3490572.461430268362164 ] ] ], [ [ [ 646262.41159705130849, 3490769.290764650329947 ], [ 646238.746133567532524, 3490749.869020693935454 ], [ 646208.278877004282549, 3490752.869783549569547 ], [ 646188.857133048120886, 3490776.535247032996267 ], [ 646191.857895903405733, 3490807.002503596246243 ], [ 646215.523359387181699, 3490826.424247552640736 ], [ 646245.990615950431675, 3490823.423484697006643 ], [ 646265.412359906593338, 3490799.758021213579923 ], [ 646262.41159705130849, 3490769.290764650329947 ] ] ], [ [ [ 646815.807115058181807, 3491000.949303917121142 ], [ 646792.141651574405842, 3490981.527559960726649 ], [ 646761.674395011155866, 3490984.528322816360742 ], [ 646742.252651054994203, 3491008.193786299787462 ], [ 646745.25341391027905, 3491038.661042863037437 ], [ 646768.918877394055016, 3491058.082786819431931 ], [ 646799.386133957304992, 3491055.082023963797837 ], [ 646818.807877913466655, 3491031.416560480371118 ], [ 646815.807115058181807, 3491000.949303917121142 ] ] ], [ [ [ 647062.904952080454677, 3491106.977527062874287 ], [ 647039.239488596678711, 3491087.555783106479794 ], [ 647008.772232033428736, 3491090.556545962113887 ], [ 646989.350488077267073, 3491114.222009445540607 ], [ 646992.35125093255192, 3491144.689266008790582 ], [ 647016.016714416327886, 3491164.111009965185076 ], [ 647046.483970979577862, 3491161.110247109550983 ], [ 647065.905714935739525, 3491137.444783626124263 ], [ 647062.904952080454677, 3491106.977527062874287 ] ] ], [ [ [ 647650.311665657092817, 3490182.846506088972092 ], [ 647628.663821651251055, 3490161.19866208313033 ], [ 647598.049147062120028, 3490161.19866208313033 ], [ 647576.401303056278266, 3490182.846506088972092 ], [ 647576.401303056278266, 3490213.46118067856878 ], [ 647598.049147062120028, 3490235.109024684410542 ], [ 647628.663821651251055, 3490235.109024684410542 ], [ 647650.311665657092817, 3490213.46118067856878 ], [ 647650.311665657092817, 3490182.846506088972092 ] ] ], [ [ [ 647945.103126227855682, 3490384.309359589125961 ], [ 647921.437662744079717, 3490364.887615632731467 ], [ 647890.970406180829741, 3490367.888378488365561 ], [ 647871.548662224668078, 3490391.553841971792281 ], [ 647874.549425079952925, 3490422.021098535042256 ], [ 647898.214888563728891, 3490441.44284249143675 ], [ 647928.682145126978867, 3490438.442079635802656 ], [ 647948.10388908314053, 3490414.776616152375937 ], [ 647945.103126227855682, 3490384.309359589125961 ] ] ], [ [ [ 648478.99507160927169, 3490774.707395888864994 ], [ 648455.329608125495724, 3490755.2856519324705 ], [ 648424.862351562245749, 3490758.286414788104594 ], [ 648405.440607606084086, 3490781.951878271531314 ], [ 648408.441370461368933, 3490812.419134834781289 ], [ 648432.106833945144899, 3490831.840878791175783 ], [ 648462.574090508394875, 3490828.840115935541689 ], [ 648481.995834464556538, 3490805.174652452114969 ], [ 648478.99507160927169, 3490774.707395888864994 ] ] ], [ [ [ 648976.858312174910679, 3491180.330441141035408 ], [ 648955.210468169068918, 3491158.682597135193646 ], [ 648924.59579357993789, 3491158.682597135193646 ], [ 648902.947949574096128, 3491180.330441141035408 ], [ 648902.947949574096128, 3491210.945115730632097 ], [ 648924.59579357993789, 3491232.592959736473858 ], [ 648955.210468169068918, 3491232.592959736473858 ], [ 648976.858312174910679, 3491210.945115730632097 ], [ 648976.858312174910679, 3491180.330441141035408 ] ] ], [ [ [ 648923.141020119306631, 3492317.990128690842539 ], [ 648899.475556635530666, 3492298.568384734448045 ], [ 648869.00830007228069, 3492301.569147590082139 ], [ 648849.586556116119027, 3492325.234611073508859 ], [ 648852.587318971403874, 3492355.701867636758834 ], [ 648876.25278245517984, 3492375.123611593153328 ], [ 648906.720039018429816, 3492372.122848737519234 ], [ 648926.141782974591479, 3492348.457385254092515 ], [ 648923.141020119306631, 3492317.990128690842539 ] ] ], [ [ [ 650477.2676944056293, 3492421.874422343913466 ], [ 650453.602230921853334, 3492402.452678387518972 ], [ 650423.134974358603358, 3492405.453441243153065 ], [ 650403.713230402441695, 3492429.118904726579785 ], [ 650406.713993257726543, 3492459.586161289829761 ], [ 650430.379456741502509, 3492479.007905246224254 ], [ 650460.846713304752484, 3492476.007142390590161 ], [ 650480.268457260914147, 3492452.341678907163441 ], [ 650477.2676944056293, 3492421.874422343913466 ] ] ], [ [ [ 649179.741297608241439, 3492486.254107950255275 ], [ 649158.093453602399677, 3492464.606263944413513 ], [ 649127.47877901326865, 3492464.606263944413513 ], [ 649105.830935007426888, 3492486.254107950255275 ], [ 649105.830935007426888, 3492516.868782539851964 ], [ 649127.47877901326865, 3492538.516626545693725 ], [ 649158.093453602399677, 3492538.516626545693725 ], [ 649179.741297608241439, 3492516.868782539851964 ], [ 649179.741297608241439, 3492486.254107950255275 ] ] ], [ [ [ 650714.461878297617659, 3492672.457082911860198 ], [ 650690.796414813841693, 3492653.035338955465704 ], [ 650660.329158250591718, 3492656.036101811099797 ], [ 650640.907414294430055, 3492679.701565294526517 ], [ 650643.908177149714902, 3492710.168821857776493 ], [ 650667.573640633490868, 3492729.590565814170986 ], [ 650698.040897196740843, 3492726.589802958536893 ], [ 650717.462641152902506, 3492702.924339475110173 ], [ 650714.461878297617659, 3492672.457082911860198 ] ] ], [ [ [ 649420.458329452201724, 3492684.884470223914832 ], [ 649396.792865968425758, 3492665.462726267520338 ], [ 649366.325609405175783, 3492668.463489123154432 ], [ 649346.90386544901412, 3492692.128952606581151 ], [ 649349.904628304298967, 3492722.596209169831127 ], [ 649373.570091788074933, 3492742.017953126225621 ], [ 649404.037348351324908, 3492739.017190270591527 ], [ 649423.459092307486571, 3492715.351726787164807 ], [ 649420.458329452201724, 3492684.884470223914832 ] ] ], [ [ [ 649670.646482697455212, 3492877.630500804167241 ], [ 649646.981019213679247, 3492858.208756847772747 ], [ 649616.513762650429271, 3492861.209519703406841 ], [ 649597.092018694267608, 3492884.87498318683356 ], [ 649600.092781549552456, 3492915.342239750083536 ], [ 649623.758245033328421, 3492934.763983706478029 ], [ 649654.225501596578397, 3492931.763220850843936 ], [ 649673.64724555274006, 3492908.097757367417216 ], [ 649670.646482697455212, 3492877.630500804167241 ] ] ], [ [ [ 651429.599370257812552, 3493504.722875530831516 ], [ 651405.933906774036586, 3493485.301131574437022 ], [ 651375.466650210786611, 3493488.301894430071115 ], [ 651356.044906254624948, 3493511.967357913497835 ], [ 651359.045669109909795, 3493542.434614476747811 ], [ 651382.711132593685761, 3493561.856358433142304 ], [ 651413.178389156935737, 3493558.855595577508211 ], [ 651432.600133113097399, 3493535.190132094081491 ], [ 651429.599370257812552, 3493504.722875530831516 ] ] ], [ [ [ 650293.810332007007673, 3493537.082792474888265 ], [ 650270.144868523231708, 3493517.661048518493772 ], [ 650239.677611959981732, 3493520.661811374127865 ], [ 650220.255868003820069, 3493544.327274857554585 ], [ 650223.256630859104916, 3493574.79453142080456 ], [ 650246.922094342880882, 3493594.216275377199054 ], [ 650277.389350906130858, 3493591.21551252156496 ], [ 650296.811094862292521, 3493567.550049038138241 ], [ 650293.810332007007673, 3493537.082792474888265 ] ] ], [ [ [ 651570.451576360501349, 3493827.324118483811617 ], [ 651546.786112876725383, 3493807.902374527417123 ], [ 651516.318856313475408, 3493810.903137383051217 ], [ 651496.897112357313745, 3493834.568600866477937 ], [ 651499.897875212598592, 3493865.035857429727912 ], [ 651523.563338696374558, 3493884.457601386122406 ], [ 651554.030595259624533, 3493881.456838530488312 ], [ 651573.452339215786196, 3493857.791375047061592 ], [ 651570.451576360501349, 3493827.324118483811617 ] ] ] ] } },
{ "type": "Feature", "properties": { "depth_bin": "70-75" }, "geometry": { "type": "MultiPolygon", "coordinates": [ [ [ [ 644436.903366719605401, 3488590.536788230761886 ], [ 644415.255522713763639, 3488568.888944224920124 ], [ 644384.640848124632612, 3488568.888944224920124 ], [ 644362.99300411879085, 3488590.536788230761886 ], [ 644362.99300411879085, 3488621.151462820358574 ], [ 644384.640848124632612, 3488642.799306826200336 ], [ 644415.255522713763639, 3488642.799306826200336 ], [ 644436.903366719605401, 3488621.151462820358574 ], [ 644436.903366719605401, 3488590.536788230761886 ] ] ], [ [ [ 645226.258418592158705, 3489081.905193269252777 ], [ 645204.610574586316943, 3489060.257349263411015 ], [ 645173.995899997185916, 3489060.257349263411015 ], [ 645152.348055991344154, 3489081.905193269252777 ], [ 645152.348055991344154, 3489112.519867858849466 ], [ 645173.995899997185916, 3489134.167711864691228 ], [ 645204.610574586316943, 3489134.167711864691228 ], [ 645226.258418592158705, 3489112.519867858849466 ], [ 645226.258418592158705, 3489081.905193269252777 ] ] ], [ [ [ 645523.518172151874751, 3489202.251834947150201 ], [ 645501.870328146032989, 3489180.603990941308439 ], [ 645471.255653556901962, 3489180.603990941308439 ], [ 645449.6078095510602, 3489202.251834947150201 ], [ 645449.6078095510602, 3489232.866509536746889 ], [ 645471.255653556901962, 3489254.514353542588651 ], [ 645501.870328146032989, 3489254.514353542588651 ], [ 645523.518172151874751, 3489232.866509536746889 ], [ 645523.518172151874751, 3489202.251834947150201 ] ] ], [ [ [ 647369.970857909298502, 3489945.403405840974301 ], [ 647343.827362975338474, 3489951.952010415960103 ], [ 647329.094990995712578, 3489969.903457613196224 ], [ 647327.772558866883628, 3489996.822181998286396 ], [ 647343.827362975338474, 3490018.469579400029033 ], [ 647377.661559386295266, 3490023.488408337347209 ], [ 647439.344437034800649, 3489990.536643360741436 ], [ 647445.31706375873182, 3489960.510221159085631 ], [ 647428.308461863431148, 3489935.055049547925591 ], [ 647398.282039662008174, 3489929.082422823645175 ], [ 647369.970857909298502, 3489945.403405840974301 ] ] ], [ [ [ 645974.87781356391497, 3490676.122973584569991 ], [ 645945.726245144149289, 3490652.198899663053453 ], [ 645912.546900896937586, 3490660.5098927449435 ], [ 645886.299587399931625, 3490711.560494389850646 ], [ 645894.610580481472425, 3490744.739838637411594 ], [ 645921.610313002835028, 3490759.171496337745339 ], [ 645950.906729982583784, 3490750.284525405149907 ], [ 645976.20024569274392, 3490703.041697969660163 ], [ 645974.87781356391497, 3490676.122973584569991 ] ] ], [ [ [ 646541.65751114138402, 3490899.129750491585582 ], [ 646520.009667135542259, 3490877.481906485743821 ], [ 646489.394992546411231, 3490877.481906485743821 ], [ 646467.747148540569469, 3490899.129750491585582 ], [ 646467.747148540569469, 3490929.744425081182271 ], [ 646489.394992546411231, 3490951.392269087024033 ], [ 646520.009667135542259, 3490951.392269087024033 ], [ 646541.65751114138402, 3490929.744425081182271 ], [ 646541.65751114138402, 3490899.129750491585582 ] ] ], [ [ [ 647342.643366818898357, 3491248.431169680785388 ], [ 647320.995522813056596, 3491226.783325674943626 ], [ 647290.380848223925568, 3491226.783325674943626 ], [ 647268.733004218083806, 3491248.431169680785388 ], [ 647268.733004218083806, 3491279.045844270382077 ], [ 647290.380848223925568, 3491300.693688276223838 ], [ 647320.995522813056596, 3491300.693688276223838 ], [ 647342.643366818898357, 3491279.045844270382077 ], [ 647342.643366818898357, 3491248.431169680785388 ] ] ], [ [ [ 648226.402579942718148, 3490566.884896791074425 ], [ 648204.754735936876386, 3490545.237052785232663 ], [ 648174.140061347745359, 3490545.237052785232663 ], [ 648152.492217341903597, 3490566.884896791074425 ], [ 648152.492217341903597, 3490597.499571380671114 ], [ 648174.140061347745359, 3490619.147415386512876 ], [ 648204.754735936876386, 3490619.147415386512876 ], [ 648226.402579942718148, 3490597.499571380671114 ], [ 648226.402579942718148, 3490566.884896791074425 ] ] ], [ [ [ 649425.606287984526716, 3491630.716227089520544 ], [ 649403.958443978684954, 3491609.068383083678782 ], [ 649373.343769389553927, 3491609.068383083678782 ], [ 649351.695925383712165, 3491630.716227089520544 ], [ 649351.695925383712165, 3491661.330901679117233 ], [ 649373.343769389553927, 3491682.978745684958994 ], [ 649403.958443978684954, 3491682.978745684958994 ], [ 649425.606287984526716, 3491661.330901679117233 ], [ 649425.606287984526716, 3491630.716227089520544 ] ] ], [ [ [ 648157.84189392591361, 3491736.936288244090974 ], [ 648136.194049920071848, 3491715.288444238249213 ], [ 648105.57937533094082, 3491715.288444238249213 ], [ 648083.931531325099058, 3491736.936288244090974 ], [ 648083.931531325099058, 3491767.550962833687663 ], [ 648105.57937533094082, 3491789.198806839529425 ], [ 648136.194049920071848, 3491789.198806839529425 ], [ 648157.84189392591361, 3491767.550962833687663 ], [ 648157.84189392591361, 3491736.936288244090974 ] ] ], [ [ [ 649665.141677856678143, 3491821.841515397187322 ], [ 649643.493833850836381, 3491800.193671391345561 ], [ 649612.879159261705354, 3491800.193671391345561 ], [ 649591.231315255863592, 3491821.841515397187322 ], [ 649591.231315255863592, 3491852.456189986784011 ], [ 649612.879159261705354, 3491874.104033992625773 ], [ 649643.493833850836381, 3491874.104033992625773 ], [ 649665.141677856678143, 3491852.456189986784011 ], [ 649665.141677856678143, 3491821.841515397187322 ] ] ], [ [ [ 649412.670211974298581, 3492700.380212604999542 ], [ 649391.02236796845682, 3492678.73236859915778 ], [ 649360.407693379325792, 3492678.73236859915778 ], [ 649338.75984937348403, 3492700.380212604999542 ], [ 649338.75984937348403, 3492730.994887194596231 ], [ 649360.407693379325792, 3492752.642731200437993 ], [ 649391.02236796845682, 3492752.642731200437993 ], [ 649412.670211974298581, 3492730.994887194596231 ], [ 649412.670211974298581, 3492700.380212604999542 ] ] ], [ [ [ 649661.358380268327892, 3492889.636870389338583 ], [ 649637.692916784551926, 3492870.215126432944089 ], [ 649607.225660221301951, 3492873.215889288578182 ], [ 649587.803916265140288, 3492896.881352772004902 ], [ 649590.804679120425135, 3492927.348609335254878 ], [ 649614.470142604201101, 3492946.770353291649371 ], [ 649644.937399167451076, 3492943.769590436015278 ], [ 649664.359143123612739, 3492920.104126952588558 ], [ 649661.358380268327892, 3492889.636870389338583 ] ] ], [ [ [ 650129.809784081066027, 3493292.03884086292237 ], [ 650106.144320597290061, 3493272.617096906527877 ], [ 650075.677064034040086, 3493275.61785976216197 ], [ 650056.255320077878423, 3493299.28332324558869 ], [ 650059.25608293316327, 3493329.750579808838665 ], [ 650082.921546416939236, 3493349.172323765233159 ], [ 650113.388802980189212, 3493346.171560909599066 ], [ 650132.810546936350875, 3493322.506097426172346 ], [ 650129.809784081066027, 3493292.03884086292237 ] ] ] ] } },
{ "type": "Feature", "properties": { "depth_bin": "75-80" }, "geometry": { "type": "MultiPolygon", "coordinates": [ [ [ [ 644952.313811613828875, 3488930.044441071804613 ], [ 644930.665967607987113, 3488908.396597065962851 ], [ 644900.051293018856086, 3488908.396597065962851 ], [ 644878.403449013014324, 3488930.044441071804613 ], [ 644878.403449013014324, 3488960.659115661401302 ], [ 644900.051293018856086, 3488982.306959667243063 ], [ 644930.665967607987113, 3488982.306959667243063 ], [ 644952.313811613828875, 3488960.659115661401302 ], [ 644952.313811613828875, 3488930.044441071804613 ] ] ], [ [ [ 645528.072971173562109, 3489190.45026173396036 ], [ 645506.425127167720348, 3489168.802417728118598 ], [ 645475.81045257858932, 3489168.802417728118598 ], [ 645454.162608572747558, 3489190.45026173396036 ], [ 645454.162608572747558, 3489221.064936323557049 ], [ 645475.81045257858932, 3489242.712780329398811 ], [ 645506.425127167720348, 3489242.712780329398811 ], [ 645528.072971173562109, 3489221.064936323557049 ], [ 645528.072971173562109, 3489190.45026173396036 ] ] ], [ [ [ 645801.126641031354666, 3489326.35123542509973 ], [ 645779.478797025512904, 3489304.703391419257969 ], [ 645748.864122436381876, 3489304.703391419257969 ], [ 645727.216278430540115, 3489326.35123542509973 ], [ 645727.216278430540115, 3489356.965910014696419 ], [ 645748.864122436381876, 3489378.613754020538181 ], [ 645779.478797025512904, 3489378.613754020538181 ], [ 645801.126641031354666, 3489356.965910014696419 ], [ 645801.126641031354666, 3489326.35123542509973 ] ] ], [ [ [ 646720.468163386685774, 3489708.583713863510638 ], [ 646698.820319380844012, 3489686.935869857668877 ], [ 646668.205644791712984, 3489686.935869857668877 ], [ 646646.557800785871223, 3489708.583713863510638 ], [ 646646.557800785871223, 3489739.198388453107327 ], [ 646668.205644791712984, 3489760.846232458949089 ], [ 646698.820319380844012, 3489760.846232458949089 ], [ 646720.468163386685774, 3489739.198388453107327 ], [ 646720.468163386685774, 3489708.583713863510638 ] ] ], [ [ [ 647428.26144907460548, 3489948.565093765500933 ], [ 647413.529077094979584, 3489930.613646568264812 ], [ 647395.226953387376852, 3489924.06504199327901 ], [ 647337.542474768357351, 3489940.557410133071244 ], [ 647315.89463076251559, 3489962.205254138913006 ], [ 647315.89463076251559, 3489992.819928728509694 ], [ 647330.627002742141485, 3490010.771375925745815 ], [ 647348.929126449744217, 3490017.319980500731617 ], [ 647406.613605068763718, 3490000.827612360939384 ], [ 647428.26144907460548, 3489979.179768355097622 ], [ 647428.26144907460548, 3489948.565093765500933 ] ] ], [ [ [ 647956.655626301770099, 3490376.179713242221624 ], [ 647935.007782295928337, 3490354.531869236379862 ], [ 647904.393107706797309, 3490354.531869236379862 ], [ 647882.745263700955547, 3490376.179713242221624 ], [ 647882.745263700955547, 3490406.794387831818312 ], [ 647904.393107706797309, 3490428.442231837660074 ], [ 647935.007782295928337, 3490428.442231837660074 ], [ 647956.655626301770099, 3490406.794387831818312 ], [ 647956.655626301770099, 3490376.179713242221624 ] ] ], [ [ [ 647055.113604530226439, 3491122.616309968754649 ], [ 647033.465760524384677, 3491100.968465962912887 ], [ 647002.85108593525365, 3491100.968465962912887 ], [ 646981.203241929411888, 3491122.616309968754649 ], [ 646981.203241929411888, 3491153.230984558351338 ], [ 647002.85108593525365, 3491174.8788285641931 ], [ 647033.465760524384677, 3491174.8788285641931 ], [ 647055.113604530226439, 3491153.230984558351338 ], [ 647055.113604530226439, 3491122.616309968754649 ] ] ], [ [ [ 647608.541269303183071, 3491379.57527464395389 ], [ 647586.893425297341309, 3491357.927430638112128 ], [ 647556.278750708210282, 3491357.927430638112128 ], [ 647534.63090670236852, 3491379.57527464395389 ], [ 647534.63090670236852, 3491410.189949233550578 ], [ 647556.278750708210282, 3491431.83779323939234 ], [ 647586.893425297341309, 3491431.83779323939234 ], [ 647608.541269303183071, 3491410.189949233550578 ], [ 647608.541269303183071, 3491379.57527464395389 ] ] ], [ [ [ 648986.413345928420313, 3491168.370134886819869 ], [ 648964.765501922578551, 3491146.722290880978107 ], [ 648934.150827333447523, 3491146.722290880978107 ], [ 648912.502983327605762, 3491168.370134886819869 ], [ 648912.502983327605762, 3491198.984809476416558 ], [ 648934.150827333447523, 3491220.63265348225832 ], [ 648964.765501922578551, 3491220.63265348225832 ], [ 648986.413345928420313, 3491198.984809476416558 ], [ 648986.413345928420313, 3491168.370134886819869 ] ] ], [ [ [ 649941.262798834475689, 3492069.773401682730764 ], [ 649919.614954828633927, 3492048.125557676889002 ], [ 649889.000280239502899, 3492048.125557676889002 ], [ 649867.352436233661138, 3492069.773401682730764 ], [ 649867.352436233661138, 3492100.388076272327453 ], [ 649889.000280239502899, 3492122.035920278169215 ], [ 649919.614954828633927, 3492122.035920278169215 ], [ 649941.262798834475689, 3492100.388076272327453 ], [ 649941.262798834475689, 3492069.773401682730764 ] ] ], [ [ [ 648646.048584995674901, 3492118.270358282141387 ], [ 648624.400740989833139, 3492096.622514276299626 ], [ 648593.786066400702111, 3492096.622514276299626 ], [ 648572.13822239486035, 3492118.270358282141387 ], [ 648572.13822239486035, 3492148.885032871738076 ], [ 648593.786066400702111, 3492170.532876877579838 ], [ 648624.400740989833139, 3492170.532876877579838 ], [ 648646.048584995674901, 3492148.885032871738076 ], [ 648646.048584995674901, 3492118.270358282141387 ] ] ], [ [ [ 650180.649080943316221, 3492253.772450564894825 ], [ 650159.001236937474459, 3492232.124606559053063 ], [ 650128.386562348343432, 3492232.124606559053063 ], [ 650106.73871834250167, 3492253.772450564894825 ], [ 650106.73871834250167, 3492284.387125154491514 ], [ 650128.386562348343432, 3492306.034969160333276 ], [ 650159.001236937474459, 3492306.034969160333276 ], [ 650180.649080943316221, 3492284.387125154491514 ], [ 650180.649080943316221, 3492253.772450564894825 ] ] ], [ [ [ 649170.078086347319186, 3492498.019701031036675 ], [ 649148.430242341477424, 3492476.371857025194913 ], [ 649117.815567752346396, 3492476.371857025194913 ], [ 649096.167723746504635, 3492498.019701031036675 ], [ 649096.167723746504635, 3492528.634375620633364 ], [ 649117.815567752346396, 3492550.282219626475126 ], [ 649148.430242341477424, 3492550.282219626475126 ], [ 649170.078086347319186, 3492528.634375620633364 ], [ 649170.078086347319186, 3492498.019701031036675 ] ] ], [ [ [ 649652.577134258812293, 3492904.480460837483406 ], [ 649630.929290252970532, 3492882.832616831641644 ], [ 649600.314615663839504, 3492882.832616831641644 ], [ 649578.666771657997742, 3492904.480460837483406 ], [ 649578.666771657997742, 3492935.095135427080095 ], [ 649600.314615663839504, 3492956.742979432921857 ], [ 649630.929290252970532, 3492956.742979432921857 ], [ 649652.577134258812293, 3492935.095135427080095 ], [ 649652.577134258812293, 3492904.480460837483406 ] ] ], [ [ [ 649900.187630627537146, 3493107.194104854948819 ], [ 649876.52216714376118, 3493087.772360898554325 ], [ 649846.054910580511205, 3493090.773123754188418 ], [ 649826.633166624349542, 3493114.438587237615138 ], [ 649829.633929479634389, 3493144.905843800865114 ], [ 649853.299392963410355, 3493164.327587757259607 ], [ 649883.766649526660331, 3493161.326824901625514 ], [ 649903.188393482821994, 3493137.661361418198794 ], [ 649900.187630627537146, 3493107.194104854948819 ] ] ], [ [ [ 650395.001090344274417, 3493788.354227459989488 ], [ 650371.335626860498451, 3493768.932483503594995 ], [ 650340.868370297248475, 3493771.933246359229088 ], [ 650321.446626341086812, 3493795.598709842655808 ], [ 650324.44738919637166, 3493826.065966405905783 ], [ 650348.112852680147626, 3493845.487710362300277 ], [ 650378.580109243397601, 3493842.486947506666183 ], [ 650398.001853199559264, 3493818.821484023239464 ], [ 650395.001090344274417, 3493788.354227459989488 ] ] ] ] } },
{ "type": "Feature", "properties": { "depth_bin": "80-85" }, "geometry": { "type": "MultiPolygon", "coordinates": [ [ [ [ 644442.693119481322356, 3488576.461009980179369 ], [ 644421.045275475480594, 3488554.813165974337608 ], [ 644390.430600886349566, 3488554.813165974337608 ], [ 644368.782756880507804, 3488576.461009980179369 ], [ 644368.782756880507804, 3488607.075684569776058 ], [ 644390.430600886349566, 3488628.72352857561782 ], [ 644421.045275475480594, 3488628.72352857561782 ], [ 644442.693119481322356, 3488607.075684569776058 ], [ 644442.693119481322356, 3488576.461009980179369 ] ] ], [ [ [ 646425.84934389940463, 3489543.670576943550259 ], [ 646404.201499893562868, 3489522.022732937708497 ], [ 646373.586825304431841, 3489522.022732937708497 ], [ 646351.938981298590079, 3489543.670576943550259 ], [ 646351.938981298590079, 3489574.285251533146948 ], [ 646373.586825304431841, 3489595.933095538988709 ], [ 646404.201499893562868, 3489595.933095538988709 ], [ 646425.84934389940463, 3489574.285251533146948 ], [ 646425.84934389940463, 3489543.670576943550259 ] ] ], [ [ [ 646724.814546089852229, 3489696.70698455022648 ], [ 646703.166702084010467, 3489675.059140544384718 ], [ 646672.552027494879439, 3489675.059140544384718 ], [ 646650.904183489037678, 3489696.70698455022648 ], [ 646650.904183489037678, 3489727.321659139823169 ], [ 646672.552027494879439, 3489748.96950314566493 ], [ 646703.166702084010467, 3489748.96950314566493 ], [ 646724.814546089852229, 3489727.321659139823169 ], [ 646724.814546089852229, 3489696.70698455022648 ] ] ], [ [ [ 647417.978656317922287, 3489937.718990694731474 ], [ 647388.827087898156606, 3489913.794916773214936 ], [ 647330.480957406223752, 3489923.479969873093069 ], [ 647302.07727098360192, 3489955.305989255663007 ], [ 647302.07727098360192, 3489985.920663845259696 ], [ 647323.725114989443682, 3490007.568507851101458 ], [ 647356.419494105037302, 3490007.533744097687304 ], [ 647411.943893152056262, 3489978.402059356216341 ], [ 647420.830864084418863, 3489956.947013602592051 ], [ 647417.978656317922287, 3489937.718990694731474 ] ] ], [ [ [ 647658.217700248351321, 3490169.876712393015623 ], [ 647636.569856242509559, 3490148.228868387173861 ], [ 647605.955181653378531, 3490148.228868387173861 ], [ 647584.30733764753677, 3490169.876712393015623 ], [ 647584.30733764753677, 3490200.491386982612312 ], [ 647605.955181653378531, 3490222.139230988454074 ], [ 647636.569856242509559, 3490222.139230988454074 ], [ 647658.217700248351321, 3490200.491386982612312 ], [ 647658.217700248351321, 3490169.876712393015623 ] ] ], [ [ [ 647965.367363220429979, 3490365.54620963241905 ], [ 647943.719519214588217, 3490343.898365626577288 ], [ 647913.10484462545719, 3490343.898365626577288 ], [ 647891.457000619615428, 3490365.54620963241905 ], [ 647891.457000619615428, 3490396.160884222015738 ], [ 647913.10484462545719, 3490417.8087282278575 ], [ 647943.719519214588217, 3490417.8087282278575 ], [ 647965.367363220429979, 3490396.160884222015738 ], [ 647965.367363220429979, 3490365.54620963241905 ] ] ], [ [ [ 648237.128458763239905, 3490555.785296404268593 ], [ 648215.480614757398143, 3490534.137452398426831 ], [ 648184.865940168267116, 3490534.137452398426831 ], [ 648163.218096162425354, 3490555.785296404268593 ], [ 648163.218096162425354, 3490586.399970993865281 ], [ 648184.865940168267116, 3490608.047814999707043 ], [ 648215.480614757398143, 3490608.047814999707043 ], [ 648237.128458763239905, 3490586.399970993865281 ], [ 648237.128458763239905, 3490555.785296404268593 ] ] ], [ [ [ 648486.075005698017776, 3490763.734471854753792 ], [ 648464.427161692176014, 3490742.08662784891203 ], [ 648433.812487103044987, 3490742.08662784891203 ], [ 648412.164643097203225, 3490763.734471854753792 ], [ 648412.164643097203225, 3490794.349146444350481 ], [ 648433.812487103044987, 3490815.996990450192243 ], [ 648464.427161692176014, 3490815.996990450192243 ], [ 648486.075005698017776, 3490794.349146444350481 ], [ 648486.075005698017776, 3490763.734471854753792 ] ] ], [ [ [ 648994.209755708696321, 3491159.02811987278983 ], [ 648972.561911702854559, 3491137.380275866948068 ], [ 648941.947237113723531, 3491137.380275866948068 ], [ 648920.29939310788177, 3491159.02811987278983 ], [ 648920.29939310788177, 3491189.642794462386519 ], [ 648941.947237113723531, 3491211.290638468228281 ], [ 648972.561911702854559, 3491211.290638468228281 ], [ 648994.209755708696321, 3491189.642794462386519 ], [ 648994.209755708696321, 3491159.02811987278983 ] ] ], [ [ [ 649208.714686240302399, 3491397.622779443394393 ], [ 649187.066842234460637, 3491375.974935437552631 ], [ 649156.45216764532961, 3491375.974935437552631 ], [ 649134.804323639487848, 3491397.622779443394393 ], [ 649134.804323639487848, 3491428.237454032991081 ], [ 649156.45216764532961, 3491449.885298038832843 ], [ 649187.066842234460637, 3491449.885298038832843 ], [ 649208.714686240302399, 3491428.237454032991081 ], [ 649208.714686240302399, 3491397.622779443394393 ] ] ], [ [ [ 649948.923240744974464, 3492058.635692938696593 ], [ 649927.275396739132702, 3492036.987848932854831 ], [ 649896.660722150001675, 3492036.987848932854831 ], [ 649875.012878144159913, 3492058.635692938696593 ], [ 649875.012878144159913, 3492089.250367528293282 ], [ 649896.660722150001675, 3492110.898211534135044 ], [ 649927.275396739132702, 3492110.898211534135044 ], [ 649948.923240744974464, 3492089.250367528293282 ], [ 649948.923240744974464, 3492058.635692938696593 ] ] ], [ [ [ 649159.406047206022777, 3492509.282068852335215 ], [ 649137.758203200181015, 3492487.634224846493453 ], [ 649107.143528611049987, 3492487.634224846493453 ], [ 649085.495684605208226, 3492509.282068852335215 ], [ 649085.495684605208226, 3492539.896743441931903 ], [ 649107.143528611049987, 3492561.544587447773665 ], [ 649137.758203200181015, 3492561.544587447773665 ], [ 649159.406047206022777, 3492539.896743441931903 ], [ 649159.406047206022777, 3492509.282068852335215 ] ] ], [ [ [ 649641.407937903422862, 3492912.878549266140908 ], [ 649617.742474419646896, 3492893.456805309746414 ], [ 649587.275217856396921, 3492896.457568165380508 ], [ 649567.853473900235258, 3492920.123031648807228 ], [ 649570.854236755520105, 3492950.590288212057203 ], [ 649594.519700239296071, 3492970.012032168451697 ], [ 649624.986956802546047, 3492967.011269312817603 ], [ 649644.40870075870771, 3492943.345805829390883 ], [ 649641.407937903422862, 3492912.878549266140908 ] ] ], [ [ [ 651440.882237239857204, 3493499.925453355535865 ], [ 651417.216773756081238, 3493480.503709399141371 ], [ 651386.749517192831263, 3493483.504472254775465 ], [ 651367.3277732366696, 3493507.169935738202184 ], [ 651370.328536091954447, 3493537.63719230145216 ], [ 651393.993999575730413, 3493557.058936257846653 ], [ 651424.461256138980389, 3493554.05817340221256 ], [ 651443.883000095142052, 3493530.39270991878584 ], [ 651440.882237239857204, 3493499.925453355535865 ] ] ] ] } },
{ "type": "Feature", "properties": { "depth_bin": "85-90" }, "geometry": { "type": "MultiPolygon", "coordinates": [ [ [ [ 644451.952410129480995, 3488576.960091944318265 ], [ 644437.520752429147251, 3488549.960359422955662 ], [ 644408.224335449398495, 3488541.07338849036023 ], [ 644381.224602928035893, 3488555.505046190693974 ], [ 644372.337631995673291, 3488584.80146317044273 ], [ 644386.769289696007036, 3488611.801195691805333 ], [ 644416.065706675755791, 3488620.688166624400765 ], [ 644443.065439197118394, 3488606.25650892406702 ], [ 644451.952410129480995, 3488576.960091944318265 ] ] ], [ [ [ 648250.827852575108409, 3490552.968463174533099 ], [ 648233.819250679807737, 3490527.513291563373059 ], [ 648203.792828478384763, 3490521.540664839092642 ], [ 648178.337656866875477, 3490538.549266734626144 ], [ 648172.365030142944306, 3490568.575688936281949 ], [ 648189.373632038244978, 3490594.030860547441989 ], [ 648219.400054239667952, 3490600.003487271722406 ], [ 648244.855225851177238, 3490582.994885376188904 ], [ 648250.827852575108409, 3490552.968463174533099 ] ] ], [ [ [ 651454.546330905752257, 3493504.825105923693627 ], [ 651437.537729010451585, 3493479.369934312533587 ], [ 651407.511306809028611, 3493473.39730758825317 ], [ 651382.056135197519325, 3493490.405909483786672 ], [ 651376.083508473588154, 3493520.432331685442477 ], [ 651393.092110368888825, 3493545.887503296602517 ], [ 651423.1185325703118, 3493551.860130020882934 ], [ 651448.573704181821086, 3493534.851528125349432 ], [ 651454.546330905752257, 3493504.825105923693627 ] ] ] ] } },
{ "type": "Feature", "properties": { "depth_bin": "90-95" }, "geometry": { "type": "Polygon", "coordinates": [ [ [ 649436.714323217282072, 3491636.864860107190907 ], [ 649424.998594464734197, 3491608.580588859505951 ], [ 649396.714323217282072, 3491596.864860107190907 ], [ 649368.430051969829947, 3491608.580588859505951 ], [ 649356.714323217282072, 3491636.864860107190907 ], [ 649368.430051969829947, 3491665.149131354875863 ], [ 649396.714323217282072, 3491676.864860107190907 ], [ 649424.998594464734197, 3491665.149131354875863 ], [ 649436.714323217282072, 3491636.864860107190907 ] ] ] } }
]
}
