{
"type": "FeatureCollection",
"name": "LM_08_MVF_20260506_CS_4874_4808_transects",
"crs": { "type": "name", "properties": { "name": "urn:ogc:def:crs:OGC:1.3:CRS84" } },
"features": [
{ "type": "Feature", "properties": { "station_id": 0, "station_ft": -5533.0, "width_ft": 1331.7, "flag": "ok", "lon": -91.112444, "lat": 32.732561, "survey_id": "LM_08_MVF_20260506_CS_4874_4808", "date": "2026-05-06 00:00:00+00:00", "method": "lines" }, "geometry": { "type": "LineString", "coordinates": [ [ -91.112303784467102, 32.732022056931982 ], [ -91.112323119731727, 32.732158892715638 ], [ -91.11236378662241, 32.732292023294683 ], [ -91.112403523497846, 32.732426643877147 ], [ -91.112443745020641, 32.732560793435354 ], [ -91.11248254865238, 32.732696518988831 ], [ -91.112522993588385, 32.732830200031231 ], [ -91.112552610609839, 32.73296763191231 ], [ -91.112588510890447, 32.733102166254092 ], [ -91.112614817504578, 32.733240442868407 ], [ -91.112635918124923, 32.733378256789926 ], [ -91.112663831703813, 32.733514214978982 ], [ -91.11269161199553, 32.733649926012298 ], [ -91.112713357629517, 32.73378704968669 ], [ -91.112733680266174, 32.733925170492462 ], [ -91.112760744606803, 32.734060721836975 ], [ -91.112792396137223, 32.734196463768477 ], [ -91.112833949409648, 32.734330358700106 ], [ -91.112876529666408, 32.734462597069907 ], [ -91.112926501358217, 32.734596053672945 ], [ -91.112968568935855, 32.734729175276051 ], [ -91.113014468757868, 32.734861667967671 ], [ -91.1130573846376, 32.734995141340157 ], [ -91.113097023166745, 32.735129350148974 ], [ -91.113122505482906, 32.735266037477572 ], [ -91.113149603099259, 32.735401615545513 ], [ -91.113177951149311, 32.735538780075245 ], [ -91.113195868041331, 32.73567677866253 ], [ -91.113223948048756, 32.735813037706428 ], [ -91.113264204672348, 32.73594721464071 ], [ -91.113291660954317, 32.736082763376395 ], [ -91.113315449330358, 32.73621904909178 ], [ -91.113348825008956, 32.736354725089043 ], [ -91.113391807468687, 32.736488225844134 ], [ -91.113426193461265, 32.736624115546945 ], [ -91.113471050629869, 32.736756257422883 ], [ -91.113518966014141, 32.73688843524971 ], [ -91.1135671498877, 32.737021655580705 ], [ -91.113604359658083, 32.737160633183748 ], [ -91.11363546893881, 32.737297286227665 ], [ -91.11367513854465, 32.737431163661881 ], [ -91.113711430031572, 32.737565365090177 ], [ -91.11374001771911, 32.737703765107206 ], [ -91.113774880323319, 32.737838277483462 ], [ -91.113814098549668, 32.737972460648244 ], [ -91.113853341475632, 32.738105791513071 ], [ -91.113889907737104, 32.738241585409284 ], [ -91.113920530187187, 32.738378350492361 ], [ -91.113950488631602, 32.73851347044463 ], [ -91.113979422199137, 32.738650466044383 ], [ -91.114015695979887, 32.73878631671537 ], [ -91.11405117633069, 32.738920606017899 ], [ -91.114087740020807, 32.739056151875118 ], [ -91.114122259732852, 32.739192205496757 ], [ -91.114159863731075, 32.739327607782904 ], [ -91.114194662331855, 32.739462093343796 ], [ -91.114235858334283, 32.739595466885021 ], [ -91.114277221535161, 32.739729279408721 ], [ -91.114298934589712, 32.739865989855616 ], [ -91.114320031561675, 32.74000300711333 ], [ -91.114346303891708, 32.740140458308367 ], [ -91.114376397866096, 32.740276045261055 ], [ -91.114409173681167, 32.740413400905616 ], [ -91.11444998896657, 32.740547683857059 ], [ -91.114485182374878, 32.74068634453262 ], [ -91.114520256747483, 32.740822477500785 ], [ -91.114549207572708, 32.740957466460586 ], [ -91.114578041034804, 32.741093912426464 ], [ -91.114606457130947, 32.741230938087128 ], [ -91.114636352099666, 32.741366004089457 ], [ -91.114664183127786, 32.741503088381783 ], [ -91.114695103062175, 32.741640044299714 ], [ -91.114719672020243, 32.741775967648735 ], [ -91.114748667348636, 32.741912192523358 ], [ -91.114784351741264, 32.742047331487292 ], [ -91.114844423510263, 32.742178251605253 ], [ -91.114889840774396, 32.742310663446716 ], [ -91.114946178126004, 32.742442155943465 ], [ -91.115005141471997, 32.742572669894223 ], [ -91.115009248280458, 32.742711606286839 ], [ -91.115014880800672, 32.742853831667873 ], [ -91.115039831992107, 32.742988708340611 ], [ -91.115076423402215, 32.743123264430523 ], [ -91.115115571898201, 32.74326019592867 ], [ -91.115152135026079, 32.743395274263392 ], [ -91.115182457230972, 32.743530694493593 ], [ -91.115224174480105, 32.743663734312499 ], [ -91.115293090370898, 32.743794186004571 ], [ -91.115362698508591, 32.743922022844259 ], [ -91.115401423222323, 32.744055054211948 ], [ -91.115457259091272, 32.744188527937858 ], [ -91.115449012231267, 32.7443315269824 ], [ -91.115428231869032, 32.744476912646199 ], [ -91.115505147693369, 32.744607204266551 ], [ -91.115505153460674, 32.744607864292412 ], [ -91.115479522130954, 32.74461118478736 ], [ -91.115505192426014, 32.744608660271389 ], [ -91.115505197712693, 32.74460926529509 ], [ -91.11550517122744, 32.744609897568772 ], [ -91.115505176750503, 32.744610529642713 ], [ -91.115505149678896, 32.744611216925215 ], [ -91.11550515568257, 32.744611904001317 ], [ -91.115505071559184, 32.744613388763732 ], [ -91.115504894799969, 32.744615506212654 ], [ -91.115504834758809, 32.744616083690602 ], [ -91.115504775678872, 32.744616771172865 ], [ -91.115504715637712, 32.744617348650777 ], [ -91.115504623351868, 32.744617899278261 ], [ -91.11550456402766, 32.744618558808611 ], [ -91.115504440825333, 32.744619356701335 ], [ -91.115504318347831, 32.744620237548126 ], [ -91.115504165532329, 32.744621309749697 ], [ -91.115504041612994, 32.744622025590033 ], [ -91.115503917685785, 32.744622740528683 ], [ -91.115503794247076, 32.744623511371167 ], [ -91.115503670800479, 32.744624281311985 ], [ -91.115503547361754, 32.744625052154475 ], [ -91.11550339358503, 32.744626014351731 ], [ -91.115503269421438, 32.744626702240154 ], [ -91.115503145257861, 32.744627390128564 ], [ -91.115503021819123, 32.744628160971047 ], [ -91.115502898372526, 32.744628930911851 ], [ -91.115502774933816, 32.744629701754334 ], [ -91.11550262092068, 32.74463063690137 ], [ -91.115502528765418, 32.744631324590031 ], [ -91.115502469204856, 32.744631957070141 ], [ -91.11550237788019, 32.744632617701896 ], [ -91.115502318555968, 32.744633277232239 ], [ -91.115502226400707, 32.744633964920894 ], [ -91.115502136517861, 32.744634790559147 ], [ -91.115502110399561, 32.744635586944277 ], [ -91.115502085119715, 32.744636357174187 ], [ -91.115502027481583, 32.744637209662898 ], [ -91.115502001607524, 32.744638033999941 ], [ -91.115502007611184, 32.744638721076065 ], [ -91.115502015300905, 32.744639601110507 ], [ -91.115502130265313, 32.744641523769985 ], [ -91.115502200635618, 32.744642128387518 ], [ -91.11550240885505, 32.744643611325515 ], [ -91.115502511225799, 32.744644214841649 ], [ -91.115502614671428, 32.744644819252777 ], [ -91.115502750117486, 32.744645422562471 ], [ -91.115502884985091, 32.744646081782648 ], [ -91.115503020911774, 32.744646740094495 ], [ -91.115503255005251, 32.744647398695463 ], [ -91.115503389498002, 32.744647892902513 ], [ -91.115503555754842, 32.744648358957932 ], [ -91.115503722728647, 32.744648907065709 ], [ -91.115503922785649, 32.744649455868775 ], [ -91.115504222199135, 32.744650141113809 ], [ -91.115504587307527, 32.744651018016015 ], [ -91.115504885173465, 32.744651648265538 ], [ -91.115505150550462, 32.744652223712677 ], [ -91.115505447935845, 32.744652798960068 ], [ -91.115505778640738, 32.744653401952945 ], [ -91.115506077093031, 32.744653977193671 ], [ -91.115506505606888, 32.744654661633014 ], [ -91.115506802275277, 32.744655154828003 ], [ -91.115507098935794, 32.74465564712132 ], [ -91.115507462471754, 32.744656221955843 ], [ -91.115507824704395, 32.744656769746825 ], [ -91.115508186937049, 32.744657317537786 ], [ -91.115508616273644, 32.744657974018544 ], [ -91.115508912942076, 32.744658467213526 ], [ -91.115509242677902, 32.744658959300409 ], [ -91.115509571354664, 32.744659452295636 ], [ -91.115509900617795, 32.744659890282051 ], [ -91.115510198108893, 32.744660355518448 ], [ -91.115510592349935, 32.74466090310964 ], [ -91.115510889360451, 32.744661313343883 ], [ -91.115511218273625, 32.74466183338933 ], [ -91.115511614054341, 32.744662435074368 ], [ -91.115512009842945, 32.744663037661049 ], [ -91.115512406112188, 32.744663695249905 ], [ -91.11551283414552, 32.744664324687079 ], [ -91.115513163645034, 32.744664789723721 ], [ -91.115513459824996, 32.744665227014856 ], [ -91.115513789568752, 32.744665720003383 ], [ -91.115514844250754, 32.744667362674321 ], [ -91.115515141978307, 32.744667854960959 ], [ -91.11551547065514, 32.744668347956136 ], [ -91.115515768871163, 32.744668896146585 ], [ -91.115516098020748, 32.744669443242273 ], [ -91.115516428245172, 32.744669991232968 ], [ -91.115516824506585, 32.744670647920138 ], [ -91.115517055610823, 32.744671086519077 ], [ -91.115517287781998, 32.7446715251114 ], [ -91.115517584442628, 32.744672017404667 ], [ -91.115517849102787, 32.744672510799404 ], [ -91.115518145771318, 32.744673003994343 ], [ -91.115518575482952, 32.744673825488206 ], [ -91.115518906188015, 32.744674428481041 ], [ -91.115519237129448, 32.744675058524116 ], [ -91.115519568307263, 32.744675715617433 ], [ -91.115519865937046, 32.744676318816666 ], [ -91.115520164625877, 32.744676921107605 ], [ -91.115520528536919, 32.744677660955219 ], [ -91.115520760602436, 32.744678209558479 ], [ -91.115521025743249, 32.744678757955342 ], [ -91.115521291356814, 32.744679360452693 ], [ -91.115521556978251, 32.744679963851674 ], [ -91.115521822836072, 32.744680594300938 ], [ -91.115522121899843, 32.744681361604961 ], [ -91.115522353721133, 32.744681882256323 ], [ -91.115522587089984, 32.744682457903139 ], [ -91.115522819636155, 32.744683061508574 ], [ -91.115523051938055, 32.744683637162083 ], [ -91.115523285070566, 32.744684185758665 ], [ -91.115523518089475, 32.744684843464569 ], [ -91.115523717666036, 32.744685337265437 ], [ -91.115523883923061, 32.744685803320777 ], [ -91.115524117528281, 32.744686406017884 ], [ -91.115524383280459, 32.744687146478078 ], [ -91.115524618091186, 32.74468788713137 ], [ -91.115524951435845, 32.744688792185201 ], [ -91.115525118417736, 32.74468934119465 ], [ -91.115525318711335, 32.7446899170479 ], [ -91.115525519004919, 32.744690492901164 ], [ -91.115525751787473, 32.744691123556798 ], [ -91.115525952325314, 32.74469172736196 ], [ -91.115526754697356, 32.744694167829493 ], [ -91.115526953687635, 32.744694716639181 ], [ -91.115527154461873, 32.744695347494584 ], [ -91.115527454356339, 32.744696087741723 ], [ -91.115527654413583, 32.744696636544731 ], [ -91.11552778759534, 32.744697102806477 ], [ -91.115527955155713, 32.74469759590545 ], [ -91.1155281549687, 32.744698116756531 ], [ -91.115528321714265, 32.744698638715725 ], [ -91.115528522488546, 32.744699269571107 ], [ -91.115528755026901, 32.744699872274843 ], [ -91.115528989120719, 32.74470053087574 ], [ -91.115529255459279, 32.744701216327101 ], [ -91.115529488958913, 32.744701929035131 ], [ -91.115529721505155, 32.744702532640559 ], [ -91.115529956071754, 32.744703245341924 ], [ -91.115530122809446, 32.744703766399432 ], [ -91.115530322866732, 32.744704315202448 ], [ -91.115530523404644, 32.744704919007589 ], [ -91.115530723698313, 32.744705494860824 ], [ -91.115530923991969, 32.744706070714081 ], [ -91.11553118949999, 32.744706783222334 ], [ -91.115531357304647, 32.744707304273184 ], [ -91.115531524042396, 32.744707825330707 ], [ -91.115531724580322, 32.744708429135855 ], [ -91.115531925118233, 32.744709032941017 ], [ -91.115532125167647, 32.744709580842326 ], [ -91.11553232594197, 32.744710211697736 ], [ -91.115532460190721, 32.744710677952824 ], [ -91.115532594203074, 32.744711117157706 ], [ -91.115532760704454, 32.744711611164966 ], [ -91.115532927922814, 32.744712187224643 ], [ -91.115533097405802, 32.744712900332175 ], [ -91.11553333259161, 32.744713805998572 ], [ -91.115533501121192, 32.744714410003482 ], [ -91.11553363550064, 32.744715013319798 ], [ -91.115533770954912, 32.744715617531099 ], [ -91.115533939720862, 32.744716248586286 ], [ -91.11553404209198, 32.744716852102336 ], [ -91.115534211819167, 32.744717593161802 ], [ -91.115534313717532, 32.744718142577369 ], [ -91.11553455130651, 32.744719323254571 ], [ -91.115534756879271, 32.744720503229793 ], [ -91.115534897856861, 32.744721739515064 ], [ -91.115535001539172, 32.744722370976383 ], [ -91.115535071665505, 32.744722947641982 ], [ -91.115535108480174, 32.744723497463745 ], [ -91.115535178362265, 32.744724046177417 ], [ -91.115535249449891, 32.744724732847331 ], [ -91.115535318859244, 32.744725227460499 ], [ -91.115535356390907, 32.744725859334665 ], [ -91.11553539618717, 32.744726628256714 ], [ -91.115535468236033, 32.744727424930915 ], [ -91.115535506973231, 32.744728194761308 ], [ -91.115535514174795, 32.744729018891945 ], [ -91.115535518981076, 32.744729568913463 ], [ -91.11553552426011, 32.744730173035478 ], [ -91.115535563103023, 32.744730832854898 ], [ -91.115535536031615, 32.7447315201374 ], [ -91.11553554155492, 32.744732152211299 ], [ -91.115535516748096, 32.744732976541684 ], [ -91.115535488715452, 32.744733553819877 ], [ -91.115535493758131, 32.744734130891651 ], [ -91.115535467517319, 32.744734791117253 ], [ -91.115535440445925, 32.744735478399733 ], [ -91.115535446205584, 32.744736137523901 ], [ -91.115535420926037, 32.744736907753811 ], [ -91.115535393235447, 32.744737402071252 ], [ -91.115535364485794, 32.744737897297078 ], [ -91.115535337764328, 32.744738502520512 ], [ -91.115535342562751, 32.744739051640366 ], [ -91.115535314774348, 32.744739656870465 ], [ -91.11553525785348, 32.744740591411585 ], [ -91.115535231612654, 32.744741251637151 ], [ -91.11553520454126, 32.744741938919638 ], [ -91.115535145697876, 32.744742653452157 ], [ -91.115535151221167, 32.74474328552607 ], [ -91.115535124736098, 32.744743917799759 ], [ -91.115535098625955, 32.744744715086554 ], [ -91.115535071423864, 32.744745265307863 ], [ -91.115535076466557, 32.744745842379608 ], [ -91.115535049150907, 32.744746501710196 ], [ -91.115534995358061, 32.744747794216124 ], [ -91.115534970070613, 32.744748563544348 ], [ -91.115534948041898, 32.744749827898602 ], [ -91.115534920839792, 32.744750378119917 ], [ -91.115534892326536, 32.744750900395935 ], [ -91.115534896407937, 32.744751367463415 ], [ -91.115534870403494, 32.744752054739223 ], [ -91.11553484140957, 32.74475252201313 ], [ -91.115534813726839, 32.744753017232263 ], [ -91.115534819494414, 32.744753677258103 ], [ -91.115534793140014, 32.744754446592992 ], [ -91.115534767860439, 32.744755216822888 ], [ -91.115534744251264, 32.744756178207808 ], [ -91.115534715982221, 32.744756728435753 ], [ -91.115534689252883, 32.744757332757501 ], [ -91.115534661708736, 32.74475796593952 ], [ -91.115534602384713, 32.744758625469856 ], [ -91.11553457589963, 32.744759257743567 ], [ -91.115534550025842, 32.744760082080582 ], [ -91.115534523068021, 32.744760660253796 ], [ -91.115534495035362, 32.744761237531961 ], [ -91.115534468786649, 32.744761896855891 ], [ -91.115534441715255, 32.744762584138378 ], [ -91.115534415474414, 32.74476324436398 ], [ -91.115534357592253, 32.744764068900786 ], [ -91.115534329323225, 32.74476461912873 ], [ -91.115534333885279, 32.744765141198329 ], [ -91.115534306919542, 32.744765718469871 ], [ -91.115534311725852, 32.744766268491396 ], [ -91.115534283448937, 32.744766817817677 ], [ -91.115534289697095, 32.744767532845657 ], [ -91.115534295456797, 32.74476819196979 ], [ -91.115534301224343, 32.744768851995637 ], [ -91.115534307708913, 32.744769594073887 ], [ -91.115534313949198, 32.744770308200188 ], [ -91.115534319236133, 32.74477091322386 ], [ -91.115534325957086, 32.744771682352322 ], [ -91.115534330519097, 32.744772204421949 ], [ -91.115534335325421, 32.744772754443453 ], [ -91.115534373924035, 32.744773386310975 ], [ -91.115534416734789, 32.744774622307119 ], [ -91.115534456294682, 32.744775364178942 ], [ -91.115534530510374, 32.744776408813642 ], [ -91.115534605679457, 32.744777562551008 ], [ -91.115534642966892, 32.744778166473246 ], [ -91.115534681565521, 32.744778798340747 ], [ -91.115534717418967, 32.744779238158195 ], [ -91.115534754575705, 32.744779705019241 ], [ -91.115534791390388, 32.744780254841032 ], [ -91.115534829264163, 32.744780803754452 ], [ -91.11553486775712, 32.74478154563289 ], [ -91.115534940530935, 32.744782425261157 ], [ -91.115534979129563, 32.744783057128679 ], [ -91.115535016417027, 32.744783661050903 ], [ -91.115535053948705, 32.744784292925075 ], [ -91.115535059472023, 32.744784924998996 ], [ -91.115535098078553, 32.744785557768161 ], [ -91.115535104799505, 32.744786326896616 ], [ -91.115535109605815, 32.744786876918162 ], [ -91.115535114884878, 32.744787481040149 ], [ -91.115535152416584, 32.744788112914314 ], [ -91.115535158184144, 32.74478877294014 ], [ -91.115535163707449, 32.74478940501406 ], [ -91.115535138900626, 32.744790229344432 ], [ -91.11553514370695, 32.74479077936595 ], [ -91.115535148749615, 32.74479135643773 ], [ -91.115535120953325, 32.744791960766143 ], [ -91.115535093987617, 32.744792538037672 ], [ -91.115535067029768, 32.744793116210879 ], [ -91.115535040194743, 32.7447938305436 ], [ -91.115535012512026, 32.744794325762754 ], [ -91.115534953432217, 32.744795013244982 ], [ -91.115534927322102, 32.74479581053177 ], [ -91.115534868959287, 32.744796580066406 ], [ -91.1155348105965, 32.744797349601065 ], [ -91.115534785797564, 32.744798174833086 ], [ -91.11553472575649, 32.744798752311048 ], [ -91.1155346979602, 32.744799356639454 ], [ -91.115534638880405, 32.744800044121725 ], [ -91.11553461263955, 32.74480070434732 ], [ -91.1155345533234, 32.744801364779313 ], [ -91.115534467172182, 32.744802739544042 ], [ -91.115534392173259, 32.74480526844566 ], [ -91.115534366405171, 32.744805982771716 ], [ -91.115534370967225, 32.744806504841343 ], [ -91.115534342934552, 32.7448070821195 ], [ -91.115534347977231, 32.744807659191274 ], [ -91.11553432077514, 32.744808209412568 ], [ -91.115534325817833, 32.744808786484334 ], [ -91.115534365989049, 32.744809720419475 ], [ -91.115534404595593, 32.744810353188683 ], [ -91.115534442844321, 32.744811067115208 ], [ -91.11553444908462, 32.744811781241502 ], [ -91.115534486624213, 32.744812414017325 ], [ -91.115534525459267, 32.744813072935088 ], [ -91.115534597508201, 32.744813869609253 ], [ -91.115534634322927, 32.744814419431016 ], [ -91.115534672677327, 32.744815023346604 ], [ -91.115534743528642, 32.744815682966241 ], [ -91.115534814135714, 32.744816314633979 ], [ -91.115534884979169, 32.744816973351959 ], [ -91.115534957028117, 32.744817770026167 ], [ -91.115535026918195, 32.744818319641475 ], [ -91.115535129289398, 32.744818923157553 ], [ -91.115535200140741, 32.744819582777197 ], [ -91.115535270503571, 32.744820186493008 ], [ -91.11553534039362, 32.744820736108359 ], [ -91.115535411717715, 32.744821449828478 ], [ -91.115535481127154, 32.744821944441689 ], [ -91.11553551746124, 32.744822439261291 ], [ -91.115535621860687, 32.744823152775005 ], [ -91.11553569415392, 32.74482397740109 ], [ -91.115535766439251, 32.74482480112551 ], [ -91.115535871694277, 32.744825734654505 ], [ -91.115535910056593, 32.744826339471757 ], [ -91.115535980900049, 32.744826998189716 ], [ -91.115536018912422, 32.744827685066028 ], [ -91.115536090244404, 32.74482839968784 ], [ -91.11553612980434, 32.74482914155962 ], [ -91.115536202570325, 32.744830020286216 ], [ -91.115536355450374, 32.744832740734516 ], [ -91.115536432778441, 32.744834141530703 ], [ -91.115536471377141, 32.744834773398203 ], [ -91.115536476183465, 32.744835323419707 ], [ -91.115536480981902, 32.744835872539561 ], [ -91.115536486032482, 32.744836450512985 ], [ -91.115536491555815, 32.744837082586912 ], [ -91.115536530765809, 32.744837906517759 ], [ -91.115536537014023, 32.744838621545725 ], [ -91.115536544696255, 32.744839500678481 ], [ -91.115536552859126, 32.744840434813412 ], [ -91.115536561266282, 32.744841396900227 ], [ -91.115536568467874, 32.744842221030844 ], [ -91.115536577599883, 32.744843266071726 ], [ -91.115536583603856, 32.744843953147786 ], [ -91.115536590805462, 32.744844777278395 ], [ -91.115536566242895, 32.744845629560679 ], [ -91.11553654084976, 32.74484650889984 ], [ -91.115536547578628, 32.744847278929988 ], [ -91.115536524450093, 32.744848295317048 ], [ -91.115536497622941, 32.744849010551427 ], [ -91.115536503863297, 32.744849724677735 ], [ -91.115536478820104, 32.744850521957865 ], [ -91.115536485785327, 32.74485131903824 ], [ -91.115536459675198, 32.744852116325028 ], [ -91.115536435356915, 32.744852996559203 ], [ -91.115536440880234, 32.74485362863313 ], [ -91.115536414631521, 32.74485428795704 ], [ -91.115536387804383, 32.744855003191439 ], [ -91.115536362997588, 32.744855827521818 ], [ -91.115536371641085, 32.74485681665886 ], [ -91.115536348895375, 32.744857998960697 ], [ -91.115536324088552, 32.744858823291075 ], [ -91.115536297742054, 32.744859593527615 ], [ -91.11553630494366, 32.744860417658224 ], [ -91.115536261716841, 32.744862919309803 ], [ -91.115536273961155, 32.744864320512178 ], [ -91.115536280926378, 32.744865117592532 ], [ -91.115536287655232, 32.74486588762268 ], [ -91.115536294620455, 32.744866684703027 ], [ -91.115536336095062, 32.744867645681744 ], [ -91.115536374107478, 32.744868332558056 ], [ -91.115536413431059, 32.744869047379602 ], [ -91.115536419435045, 32.744869734455669 ], [ -91.11553645696678, 32.744870366329792 ], [ -91.11553646272651, 32.744871025453968 ], [ -91.11553650253073, 32.744871795277675 ], [ -91.115536507337055, 32.744872345299207 ], [ -91.115536579378201, 32.744873141071693 ], [ -91.115536651085179, 32.744874020706582 ], [ -91.115536723614866, 32.744874872382944 ], [ -91.115536796144525, 32.744875724059263 ], [ -91.115536901985962, 32.744876602579417 ], [ -91.115536972593091, 32.744877234247134 ], [ -91.115537043444505, 32.744877893866779 ], [ -91.115537146777058, 32.744878607387129 ], [ -91.11553725117659, 32.744879320900822 ], [ -91.115537354272803, 32.744880007370952 ], [ -91.115537491886272, 32.74488085864111 ], [ -91.11553756225706, 32.744881463258587 ], [ -91.115537664872619, 32.744882094726549 ], [ -91.115537801044212, 32.744882780990253 ], [ -91.11553790520739, 32.744883467453697 ], [ -91.115538041378969, 32.744884153717393 ], [ -91.115538178748196, 32.744884977035625 ], [ -91.115538382064727, 32.74488602086462 ], [ -91.115538621193977, 32.744887255635554 ], [ -91.11553872332891, 32.744887832101362 ], [ -91.115538998319593, 32.744889507591431 ], [ -91.115539135688834, 32.744890330909648 ], [ -91.115539272341096, 32.744891072175491 ], [ -91.115539408512689, 32.744891758439195 ], [ -91.11553954468431, 32.74489244470287 ], [ -91.11553971430628, 32.744893295773274 ], [ -91.115539817508193, 32.74489387223241 ], [ -91.115539953199189, 32.744894503493946 ], [ -91.115540056531799, 32.744895217014303 ], [ -91.115540192703421, 32.744895903278 ], [ -91.115540329119312, 32.744896617493595 ], [ -91.115540498497026, 32.744897440612057 ], [ -91.115540601698967, 32.744898017071215 ], [ -91.115540704314583, 32.744898648539156 ], [ -91.115540840249849, 32.744899307752625 ], [ -91.115540975940846, 32.744899939014154 ], [ -91.11554107807585, 32.744900515479955 ], [ -91.115541214728125, 32.74490125674582 ], [ -91.115541317213044, 32.744901751152568 ], [ -91.115541419103792, 32.744902299666443 ], [ -91.115541589075718, 32.744903068677786 ], [ -91.115541726445016, 32.744903891995989 ], [ -91.115541895349992, 32.74490466101399 ], [ -91.115542098764408, 32.744905593930348 ], [ -91.115542265983223, 32.744906169989967 ], [ -91.115542401437878, 32.744906774201269 ], [ -91.115542570440681, 32.744907432306626 ], [ -91.115542738384377, 32.744908091320291 ], [ -91.115542906320258, 32.744908749432312 ], [ -91.115543108537011, 32.744909545294114 ], [ -91.11554324374741, 32.744910121553502 ], [ -91.11554341203319, 32.744910697606436 ], [ -91.115543579976929, 32.744911356620129 ], [ -91.115543780751821, 32.74491198747549 ], [ -91.115543948451275, 32.744912618537256 ], [ -91.115544183743467, 32.744913414192617 ], [ -91.115544317162033, 32.744913907504582 ], [ -91.115544754190381, 32.744915444019618 ], [ -91.115544888683786, 32.744915938226598 ], [ -91.115545155153839, 32.744916760739102 ], [ -91.115545323920301, 32.74491739179421 ], [ -91.115545524939449, 32.744918050601463 ], [ -91.11554572667562, 32.744918791461146 ], [ -91.115545959695353, 32.744919449166929 ], [ -91.115546160470245, 32.744920080022275 ], [ -91.115546427534539, 32.74492084842764 ], [ -91.115546627348152, 32.744921369278678 ], [ -91.115546826575496, 32.744921945138501 ], [ -91.115547027114019, 32.744922548943634 ], [ -91.115547260720078, 32.744923151640627 ], [ -91.115547493267073, 32.744923755245964 ], [ -91.11554775984284, 32.744924467747516 ], [ -91.115547926344718, 32.744924961754727 ], [ -91.115548094630554, 32.744925537807696 ], [ -91.115548295161233, 32.744926140711087 ], [ -91.115548494396464, 32.744926717472637 ], [ -91.115548694210133, 32.744927238323662 ], [ -91.115548927816207, 32.744927841020669 ], [ -91.115549126668583, 32.7449282518674 ], [ -91.115549292934091, 32.744928718824369 ], [ -91.115549492503476, 32.744929211723488 ], [ -91.115549790134338, 32.744929814922635 ], [ -91.11555008906852, 32.744930445165345 ], [ -91.115550485469981, 32.744931239815216 ], [ -91.115550750367504, 32.744931760260059 ], [ -91.115551046792831, 32.744932225503 ], [ -91.115551376537809, 32.744932718491398 ], [ -91.115551706274914, 32.744933210578154 ], [ -91.11555203625629, 32.744933730616779 ], [ -91.115552496649599, 32.744934277794947 ], [ -91.11555282460273, 32.744934687835958 ], [ -91.115553186461838, 32.74493507061365 ], [ -91.11555357997949, 32.74493553525059 ], [ -91.115554007403091, 32.744935972624241 ], [ -91.115554433515484, 32.744936382052622 ], [ -91.115554990520465, 32.744936873622663 ], [ -91.115555384143775, 32.744937228248652 ], [ -91.115555778011355, 32.744937610826568 ], [ -91.115556235407297, 32.744937937101106 ], [ -91.115557708873226, 32.744939028008119 ], [ -91.115558363548971, 32.744939463061726 ], [ -91.115559540476028, 32.744940197835056 ], [ -91.115560128283946, 32.744940551249144 ], [ -91.115560717166716, 32.744940905558202 ], [ -91.115561502254437, 32.744941367751302 ], [ -91.115562024497862, 32.744941666569389 ], [ -91.115562645381218, 32.744942019777014 ], [ -91.115563267575766, 32.744942400929872 ], [ -91.115563953543003, 32.74494275373128 ], [ -91.115564639754453, 32.744943134484579 ], [ -91.115565456614291, 32.744943569427669 ], [ -91.115566012169538, 32.744943895089563 ], [ -91.115566632816524, 32.744944221246904 ], [ -91.115567352103412, 32.744944601793776 ], [ -91.115568038070649, 32.744944954595155 ], [ -91.115568756290585, 32.744945335148678 ], [ -91.115569540897752, 32.744945742339588 ], [ -91.115570096216629, 32.744946040951206 ], [ -91.115570683551866, 32.74494634026474 ], [ -91.115571337266431, 32.744946665313982 ], [ -91.11557195791346, 32.744946991471302 ], [ -91.115572709689488, 32.744947426820531 ], [ -91.115573756310411, 32.744948024443275 ], [ -91.115574474774689, 32.744948432948682 ], [ -91.115575291871011, 32.744948894941935 ], [ -91.115575978563228, 32.744949330697331 ], [ -91.115576633239129, 32.744949765750839 ], [ -91.115577319931361, 32.744950201506242 ], [ -91.115578104432984, 32.74495071870804 ], [ -91.115578661543793, 32.744951100267023 ], [ -91.115579217824092, 32.744951508882906 ], [ -91.115579839668882, 32.744951972094739 ], [ -91.11558046127729, 32.744952408256339 ], [ -91.115581051113665, 32.744952871667927 ], [ -91.11558173876729, 32.744953417427602 ], [ -91.115582196888326, 32.744953826656108 ], [ -91.115582721160195, 32.744954235471759 ], [ -91.115583277921161, 32.744954699089739 ], [ -91.115583704864349, 32.744955081461136 ], [ -91.115584162749016, 32.744955463639393 ], [ -91.115584687501567, 32.744955927457177 ], [ -91.115585081125076, 32.744956282083066 ], [ -91.115585473681648, 32.744956636715642 ], [ -91.11558606424299, 32.744957183081262 ], [ -91.115586621721064, 32.744957728751658 ] ] } },
{ "type": "Feature", "properties": { "station_id": 1, "station_ft": -5431.9, "width_ft": 1114.7, "flag": "ok", "lon": -91.115718, "lat": 32.732067, "survey_id": "LM_08_MVF_20260506_CS_4874_4808", "date": "2026-05-06 00:00:00+00:00", "method": "lines" }, "geometry": { "type": "LineString", "coordinates": [ [ -91.115571120376558, 32.731670576345564 ], [ -91.115624651448982, 32.731801729234988 ], [ -91.115670231335088, 32.731934580073009 ], [ -91.11571782112749, 32.732066677128088 ], [ -91.11576736332637, 32.732199009047974 ], [ -91.115802751079556, 32.732333956830793 ], [ -91.115844795297477, 32.732467709742465 ], [ -91.115881421048385, 32.732602925695616 ], [ -91.115927452122889, 32.732735306506036 ], [ -91.11597666855306, 32.732867393284195 ], [ -91.116010723406418, 32.733002350212303 ], [ -91.116050327860094, 32.733135925298896 ], [ -91.116086572889188, 32.733272187747872 ], [ -91.116115465757886, 32.73340802899871 ], [ -91.116158645316148, 32.733541444652914 ], [ -91.116197736371475, 32.733675792957001 ], [ -91.116232733748888, 32.733810605951831 ], [ -91.116279411711773, 32.733942405453512 ], [ -91.116326128421719, 32.734074837702948 ], [ -91.116386881994686, 32.734206027138633 ], [ -91.11643033948873, 32.734341364319164 ], [ -91.116482637384692, 32.734472441506639 ], [ -91.116527870054639, 32.734606147154828 ], [ -91.116561574830683, 32.734741765231412 ], [ -91.116600433464768, 32.734875510670911 ], [ -91.116643711918869, 32.735008842537859 ], [ -91.116677156735321, 32.735144463098024 ], [ -91.116709814340254, 32.73527923553312 ], [ -91.116732154791833, 32.735416766787921 ], [ -91.116756682205136, 32.735555245606115 ], [ -91.116792557061359, 32.735689805834156 ], [ -91.116839312547356, 32.735822814702729 ], [ -91.116856821086856, 32.735961777402487 ], [ -91.116874070233948, 32.736100961738593 ], [ -91.116929804561579, 32.73623061502586 ], [ -91.116990450715306, 32.736360348489463 ], [ -91.117037079834873, 32.736493715137549 ], [ -91.117085195908786, 32.73662605441983 ], [ -91.117124635404309, 32.736759053891653 ], [ -91.117178923512981, 32.736890503309269 ], [ -91.117209539152554, 32.737025975447963 ], [ -91.117215751179003, 32.737167153007647 ], [ -91.117246339787329, 32.737303175351244 ], [ -91.117311983327426, 32.7374316672595 ], [ -91.11735252928716, 32.737564714721628 ], [ -91.117382592673195, 32.73770005319129 ], [ -91.118122158063457, 32.740185860732225 ], [ -91.118154828649466, 32.740321759722313 ], [ -91.118186552457445, 32.740457115478456 ], [ -91.118227688104184, 32.740590295940066 ], [ -91.118263502023154, 32.740724828932855 ], [ -91.11829903239628, 32.74086035287867 ], [ -91.118353083503052, 32.740990318911841 ], [ -91.118411623165045, 32.741124021501733 ], [ -91.118458418761762, 32.741253565832722 ], [ -91.118497393746665, 32.741392366636333 ], [ -91.118536667350654, 32.741531989728742 ], [ -91.118575381287698, 32.741663260936612 ], [ -91.118625686321863, 32.741799819355407 ], [ -91.118669874909969, 32.741932402499934 ], [ -91.118706018374453, 32.742067263293293 ], [ -91.118742520325569, 32.742202230934652 ], [ -91.118783202799435, 32.742335496059496 ], [ -91.118818013063844, 32.742470255153343 ], [ -91.118859235488756, 32.742605688212905 ], [ -91.11890246381131, 32.742740009481587 ], [ -91.118941456777989, 32.74287328512856 ], [ -91.118982480723815, 32.743008307292016 ], [ -91.119021513175468, 32.743142406834316 ], [ -91.119057592612407, 32.743277267892935 ], [ -91.119087081338165, 32.743413461523609 ], [ -91.119117039586897, 32.743551108483729 ], [ -91.119157098045676, 32.743683526133537 ], [ -91.119197861890015, 32.743818493926959 ], [ -91.119242839418561, 32.743951759879394 ], [ -91.119292470414877, 32.744085408718526 ], [ -91.119344378165039, 32.744219015302377 ], [ -91.119396510679707, 32.744352318373565 ], [ -91.119434400891095, 32.744485848710625 ], [ -91.119472921040142, 32.744620748406156 ], [ -91.119507895476602, 32.744755506213075 ], [ -91.119544463449046, 32.744890308113803 ], [ -91.119584311608477, 32.745024513221466 ], [ -91.119612474214065, 32.745161292100839 ], [ -91.119643138391737, 32.745297753198734 ], [ -91.119670092106077, 32.745433907533929 ], [ -91.119700625821878, 32.745570314423716 ], [ -91.119734086634452, 32.745706619977781 ], [ -91.119764845157505, 32.745842723356496 ], [ -91.119805832783911, 32.745976948268762 ], [ -91.119856971713205, 32.746108085981589 ], [ -91.119907466670583, 32.746239749808723 ], [ -91.11996193228218, 32.746371911689764 ], [ -91.120013432694606, 32.74650321207308 ], [ -91.120074514424161, 32.746633215122692 ], [ -91.12013443345991, 32.74676396755558 ], [ -91.120199610406388, 32.746893560692726 ], [ -91.120209313114756, 32.747035348029442 ], [ -91.120226143329916, 32.747174066232681 ] ] } },
{ "type": "Feature", "properties": { "station_id": 2, "station_ft": -4803.8, "width_ft": 1160.9, "flag": "ok", "lon": -91.119194, "lat": 32.731436, "survey_id": "LM_08_MVF_20260506_CS_4874_4808", "date": "2026-05-06 00:00:00+00:00", "method": "lines" }, "geometry": { "type": "LineString", "coordinates": [ [ -91.118898875522049, 32.730358428924788 ], [ -91.118949355266366, 32.730489709515631 ], [ -91.118986099528001, 32.730623164559589 ], [ -91.119021068274776, 32.7307580319981 ], [ -91.119060543783959, 32.730895125490044 ], [ -91.119086544543634, 32.731030682121727 ], [ -91.119124115878606, 32.731165698223116 ], [ -91.119157500723574, 32.731297882082799 ], [ -91.119194482593258, 32.731436090351423 ], [ -91.11921770638412, 32.731573917760954 ], [ -91.119249172213912, 32.73170974215806 ], [ -91.119276030615111, 32.731846804643268 ], [ -91.119307425770899, 32.73198196939849 ], [ -91.119326228759263, 32.73211990744916 ], [ -91.119347263459204, 32.732256484323059 ], [ -91.119374957059122, 32.732392276415304 ], [ -91.119410155821399, 32.732527308171569 ], [ -91.119434474472726, 32.732663754417239 ], [ -91.119466399360959, 32.732800014991703 ], [ -91.119503647764915, 32.73293503385694 ], [ -91.119534853757784, 32.733070803867761 ], [ -91.11956686769831, 32.73320599259737 ], [ -91.119599073585292, 32.733340795074554 ], [ -91.119622358079511, 32.733477989867936 ], [ -91.119648626026361, 32.733614258804074 ], [ -91.119700098688426, 32.733747099067322 ], [ -91.11974350686549, 32.733880044902392 ], [ -91.119769123986515, 32.734016152869195 ], [ -91.119804995447467, 32.734149888077084 ], [ -91.119855160381121, 32.734281966392153 ], [ -91.11989353978062, 32.734416125873132 ], [ -91.119910980651795, 32.734554291436694 ], [ -91.119942704875712, 32.734689646862549 ], [ -91.119982854832045, 32.734825416495667 ], [ -91.120019147729721, 32.734958956005727 ], [ -91.120051929802884, 32.735092517535371 ], [ -91.120083375669324, 32.735233179504249 ], [ -91.120116792066668, 32.735368606303574 ], [ -91.120143080941205, 32.735507101310887 ], [ -91.120171318966314, 32.735645336099942 ], [ -91.120207230018664, 32.735779785966464 ], [ -91.120245194194979, 32.735914634116632 ], [ -91.120286378224151, 32.736049462939221 ], [ -91.120330217064989, 32.736182982905312 ], [ -91.120357240618617, 32.736319906035071 ], [ -91.12038429661024, 32.736456746894724 ], [ -91.120423908137752, 32.7365903213121 ], [ -91.120460061805218, 32.73672630789801 ], [ -91.120485036180241, 32.736863106790771 ], [ -91.120525391078061, 32.736996126444616 ], [ -91.120574765728634, 32.737130353652475 ], [ -91.120607667600623, 32.737266305597487 ], [ -91.12065319779191, 32.737399731834081 ], [ -91.120697039332228, 32.737533416631351 ], [ -91.120742727863558, 32.737666375641332 ], [ -91.120759097274018, 32.737804519776191 ], [ -91.120794728311694, 32.737936524794108 ], [ -91.122301151428815, 32.744527834619412 ], [ -91.122333954657407, 32.744663099413373 ], [ -91.122352595447836, 32.744800157609191 ], [ -91.122413614595374, 32.7449300778704 ], [ -91.122471649131313, 32.745060924023058 ], [ -91.122502439301257, 32.745196421452732 ], [ -91.122539633215709, 32.745331493512225 ], [ -91.122559990731745, 32.745467881689216 ], [ -91.12258873869402, 32.745604079059348 ], [ -91.122615962403643, 32.745740808115784 ], [ -91.122636356843572, 32.74587760722288 ], [ -91.122660915118246, 32.746014436006789 ], [ -91.122696026549363, 32.746149356998977 ], [ -91.122724895576695, 32.746284591418615 ], [ -91.122751009982295, 32.746420832368344 ], [ -91.12279679860994, 32.746553239694556 ], [ -91.122830543785497, 32.746688059229761 ], [ -91.12286994453018, 32.746822540145466 ], [ -91.122902453784278, 32.74695742154293 ], [ -91.122935030024578, 32.747092385464668 ], [ -91.122976797623465, 32.747226000197337 ], [ -91.123000928142886, 32.747362253568433 ], [ -91.123019217922362, 32.747499973865523 ], [ -91.123045268568589, 32.747636270127593 ], [ -91.123091154757105, 32.747768484629802 ], [ -91.12312142570859, 32.74790393009981 ], [ -91.123148867363923, 32.748043048972605 ], [ -91.123179912256305, 32.748177664467462 ], [ -91.123200496184722, 32.748313638950783 ] ] } },
{ "type": "Feature", "properties": { "station_id": 3, "station_ft": -3828.5, "width_ft": 1092.4, "flag": "ok", "lon": -91.122593, "lat": 32.730879, "survey_id": "LM_08_MVF_20260506_CS_4874_4808", "date": "2026-05-06 00:00:00+00:00", "method": "lines" }, "geometry": { "type": "LineString", "coordinates": [ [ -91.1225046031565, 32.729908561329189 ], [ -91.122502496123261, 32.73004948810258 ], [ -91.122491970571772, 32.730190880857421 ], [ -91.122513281242163, 32.730328746735225 ], [ -91.122519682248054, 32.730468465731732 ], [ -91.122533836576693, 32.730606074571547 ], [ -91.12255085375044, 32.730743858352675 ], [ -91.122593145565759, 32.730878871610088 ], [ -91.122624031529142, 32.731014807890368 ], [ -91.122646599165222, 32.731151319534554 ], [ -91.122677483142766, 32.731287009635821 ], [ -91.122698751636989, 32.731423776516223 ], [ -91.122731227628663, 32.731559235649776 ], [ -91.122764716447918, 32.731695211393635 ], [ -91.122788431625352, 32.731832842924078 ], [ -91.122798646964981, 32.73196987144712 ], [ -91.12281498597271, 32.732108098567771 ], [ -91.122833359087011, 32.732244581560494 ], [ -91.122865316225273, 32.732380181868947 ], [ -91.122900434044894, 32.732516449372554 ], [ -91.122931420841198, 32.73265268787739 ], [ -91.122956192310852, 32.732788333411555 ], [ -91.122989238076883, 32.732925631076149 ], [ -91.123008971825797, 32.733061500393475 ], [ -91.12301402559288, 32.733203180017057 ], [ -91.123043080872904, 32.733341491986074 ], [ -91.123057112215037, 32.733479760629045 ], [ -91.12307747334529, 32.73361669812008 ], [ -91.123147219661931, 32.733748872646707 ], [ -91.12313907632489, 32.733891018628803 ], [ -91.123135035867662, 32.734030227088638 ], [ -91.123160080247757, 32.734167217102396 ], [ -91.123168130666002, 32.734305689313338 ], [ -91.123164549161714, 32.734445278106023 ], [ -91.12322674889198, 32.734577060071565 ], [ -91.123254714553227, 32.734713427488835 ], [ -91.123277021126768, 32.734849747599348 ], [ -91.123323997924956, 32.734984675967368 ], [ -91.123332502530886, 32.735122952315677 ], [ -91.123363712238771, 32.735258392114652 ], [ -91.123408374953371, 32.735392675863025 ], [ -91.123397031635577, 32.735533413660171 ], [ -91.123393127283094, 32.735673252438772 ], [ -91.123414402659648, 32.735810541139465 ], [ -91.123449844757502, 32.735946421316044 ], [ -91.123493593486543, 32.736080325740019 ], [ -91.12353350913672, 32.736214611390778 ], [ -91.123568138317964, 32.736350579605364 ], [ -91.12358902595642, 32.736488007764429 ], [ -91.12360298072926, 32.736628559012786 ], [ -91.123620229186002, 32.736766340133691 ], [ -91.123640263004319, 32.736902867423879 ], [ -91.123658021196817, 32.737039519065391 ], [ -91.123674354710985, 32.737176728833703 ], [ -91.123691538473736, 32.737314648302679 ], [ -91.123708212683709, 32.737453698133905 ], [ -91.123721128436301, 32.737590599405067 ], [ -91.123743056350335, 32.737727966844133 ], [ -91.123758546310327, 32.73786542987763 ], [ -91.123775787181501, 32.738002413869921 ], [ -91.123806325811671, 32.738138984869266 ], [ -91.123832789150086, 32.73828162851904 ], [ -91.123852409159127, 32.738411809308175 ], [ -91.123871572024072, 32.73854905617781 ], [ -91.123895635332616, 32.738685090875748 ], [ -91.123917009863845, 32.738822433792691 ], [ -91.12395783516817, 32.738956328460375 ], [ -91.123990311089628, 32.73909134792688 ], [ -91.124014047400806, 32.739227164629575 ], [ -91.125052302387616, 32.745119516336324 ], [ -91.125040395680116, 32.745258856336967 ], [ -91.125080705852824, 32.745392835772869 ], [ -91.125102668565503, 32.74553003753487 ], [ -91.125115369135202, 32.745667902858635 ], [ -91.125132590587071, 32.745805876678745 ], [ -91.125149228035724, 32.745944046249519 ], [ -91.125165866120682, 32.746082160805543 ], [ -91.125185329377132, 32.746219873372532 ], [ -91.125210697689241, 32.746363264643769 ], [ -91.125237913976918, 32.746498673902693 ], [ -91.125264365963716, 32.74663584724243 ], [ -91.125290292882198, 32.746772638855184 ], [ -91.125320249236125, 32.746908855847224 ], [ -91.125346695302156, 32.747045451191745 ], [ -91.125361316141735, 32.747183441379327 ], [ -91.125382204313183, 32.747320292754459 ], [ -91.125408548167528, 32.747456284566994 ], [ -91.125423925555012, 32.747595342103651 ], [ -91.125444626694289, 32.747733100870981 ], [ -91.125458535035833, 32.747871452615257 ], [ -91.125472934050023, 32.748010021273558 ], [ -91.125490046008167, 32.748146593498497 ], [ -91.125519964985671, 32.748282233540486 ], [ -91.12554868073606, 32.748417908229037 ], [ -91.125583646284355, 32.748554065497018 ], [ -91.125603524565818, 32.748690785220333 ], [ -91.125634196352408, 32.748830542233996 ], [ -91.125662557947905, 32.748966549150929 ], [ -91.125690760871151, 32.749106679735199 ], [ -91.125721960254793, 32.749243684930654 ], [ -91.125753018959614, 32.74937937268615 ], [ -91.125763286323007, 32.749517857385825 ], [ -91.125776323040213, 32.749656736657563 ], [ -91.12578567983968, 32.749795172101315 ] ] } },
{ "type": "Feature", "properties": { "station_id": 4, "station_ft": -2909.3, "width_ft": 1049.4, "flag": "ok", "lon": -91.126174, "lat": 32.730738, "survey_id": "LM_08_MVF_20260506_CS_4874_4808", "date": "2026-05-06 00:00:00+00:00", "method": "lines" }, "geometry": { "type": "LineString", "coordinates": [ [ -91.126030261365585, 32.729501834770431 ], [ -91.126033717072531, 32.729638796670457 ], [ -91.126031760230617, 32.72977774412464 ], [ -91.126044905392277, 32.729914643848282 ], [ -91.126062386473748, 32.730052781269634 ], [ -91.126077847130276, 32.730190326403935 ], [ -91.126112430058768, 32.730324535057257 ], [ -91.126144919192015, 32.730461066256055 ], [ -91.126153233184084, 32.730603053377024 ], [ -91.126173643322645, 32.730737846680064 ], [ -91.126182782096606, 32.730877548113966 ], [ -91.126193996502323, 32.731016714317818 ], [ -91.126201173011438, 32.731155163936101 ], [ -91.126203147094358, 32.731293674407929 ], [ -91.126209316750945, 32.731432267449563 ], [ -91.126219222116362, 32.731570452725386 ], [ -91.126229257904498, 32.731708664223994 ], [ -91.126231430197763, 32.731847502558672 ], [ -91.126232721619473, 32.731986017332225 ], [ -91.126245415465817, 32.732123194862368 ], [ -91.126257721591202, 32.732260677819781 ], [ -91.126262979173674, 32.73239913954334 ], [ -91.126271647700591, 32.732537139646602 ], [ -91.126280810364662, 32.732675879641462 ], [ -91.126298113975096, 32.73281217586139 ], [ -91.126316308917879, 32.732950088639562 ], [ -91.126329945149436, 32.733087151068062 ], [ -91.126350219348666, 32.733224802707113 ], [ -91.126374031078498, 32.733361580732293 ], [ -91.126394493344264, 32.733498406991174 ], [ -91.126411449094078, 32.733635860484533 ], [ -91.126418944554871, 32.733773510886365 ], [ -91.126429049208994, 32.733912078963392 ], [ -91.126442443403349, 32.734051286286132 ], [ -91.126454991232833, 32.734186596296141 ], [ -91.12644545404757, 32.734328697151618 ], [ -91.126442571980192, 32.734465973151885 ], [ -91.126465026475557, 32.734603638897141 ], [ -91.1264886114663, 32.734740528311022 ], [ -91.126493705040374, 32.734878715978397 ], [ -91.126502081975232, 32.735020456400228 ], [ -91.126528925611026, 32.735154355799516 ], [ -91.126546587589928, 32.735294388205126 ], [ -91.126555837029557, 32.735431753336854 ], [ -91.126558007855166, 32.735570344516354 ], [ -91.126564402570679, 32.735708578933121 ], [ -91.126583611238019, 32.735846869320476 ], [ -91.126601280485474, 32.735983961133066 ], [ -91.126610763666548, 32.736122038930709 ], [ -91.126612602655811, 32.736259890074493 ], [ -91.126631093245507, 32.736397909959372 ], [ -91.126645836730916, 32.736535185283628 ], [ -91.126656159004881, 32.736672460630409 ], [ -91.126667593292396, 32.736810608116123 ], [ -91.126681757386407, 32.736948463294624 ], [ -91.126691438248528, 32.737086786884468 ], [ -91.126700465053261, 32.737224620465312 ], [ -91.126714041384446, 32.737362232277945 ], [ -91.126734311441894, 32.737499224614631 ], [ -91.126749712259084, 32.737637071940782 ], [ -91.126765495964236, 32.737774175621112 ], [ -91.126772352728892, 32.737898389754626 ], [ -91.126787315962659, 32.737913521545948 ], [ -91.126797213018534, 32.738035875110079 ], [ -91.126820120151621, 32.738173153702093 ], [ -91.126838211065305, 32.738310049785731 ], [ -91.12684632324671, 32.738447448173588 ], [ -91.126851090857016, 32.738585473689056 ], [ -91.126854784810547, 32.738723340080973 ], [ -91.126851075952274, 32.738862600509144 ], [ -91.12684274469521, 32.739001451057234 ], [ -91.126855929478054, 32.739138762311313 ], [ -91.126887970928379, 32.73927554299614 ], [ -91.126915622024171, 32.73941232351158 ], [ -91.126935539020494, 32.739549593025671 ], [ -91.126951912441669, 32.739687187046563 ], [ -91.126979467664171, 32.739824078154349 ], [ -91.127003711142464, 32.739961567325096 ], [ -91.127012837602024, 32.740099592250452 ], [ -91.126999411200799, 32.740239574244065 ], [ -91.12745277257531, 32.744923839297797 ], [ -91.127421886505118, 32.745064260983305 ], [ -91.127425130872254, 32.745202653055692 ], [ -91.127422452399856, 32.745340697615362 ], [ -91.127431413084381, 32.745478283392757 ], [ -91.127444119658762, 32.74561642253488 ], [ -91.127464096970783, 32.745753004316903 ], [ -91.127488271813192, 32.745889806567192 ], [ -91.127502434522881, 32.746027167297186 ], [ -91.127484802665023, 32.746166020755162 ], [ -91.127504883212296, 32.746303151012135 ], [ -91.12752187390852, 32.746440301743554 ], [ -91.127545496020659, 32.746577189524842 ], [ -91.127568597876802, 32.74671399943994 ], [ -91.127593225108455, 32.746850386691584 ], [ -91.127609438448658, 32.746987926457315 ], [ -91.12760224423306, 32.747126411685542 ], [ -91.127620015698923, 32.747263611538479 ], [ -91.127616846848767, 32.747401192071194 ], [ -91.12763731785023, 32.74753837480656 ], [ -91.127653727398609, 32.747675996264917 ], [ -91.127659800620208, 32.747814342388104 ], [ -91.127675395849494, 32.747951693972709 ], [ -91.127675063456479, 32.748090135692927 ], [ -91.127696896810022, 32.74822689767975 ], [ -91.127719511268396, 32.748363654708207 ], [ -91.127725191553296, 32.748501591215565 ], [ -91.127744777809454, 32.748637983293264 ], [ -91.127744219889166, 32.748776728504303 ], [ -91.127756179321864, 32.748914845219005 ], [ -91.127773401663916, 32.749052378517469 ], [ -91.127812738220101, 32.749189606608411 ], [ -91.127832356056047, 32.749325915496534 ], [ -91.127838333360046, 32.749464345138257 ], [ -91.127834948941569, 32.749603328269309 ], [ -91.127841038585785, 32.749743350535262 ], [ -91.127828427122182, 32.749883519307936 ], [ -91.12780641806475, 32.750020092070564 ], [ -91.127823813900591, 32.750158861398326 ], [ -91.127848573973139, 32.750295384733626 ], [ -91.127877946888177, 32.750435012298965 ], [ -91.127897638616929, 32.750572145753907 ], [ -91.127917658433319, 32.750709688307232 ], [ -91.127904283727929, 32.750848020589665 ] ] } },
{ "type": "Feature", "properties": { "station_id": 5, "station_ft": -2090.8, "width_ft": 1038.6, "flag": "ok", "lon": -91.129693, "lat": 32.730315, "survey_id": "LM_08_MVF_20260506_CS_4874_4808", "date": "2026-05-06 00:00:00+00:00", "method": "lines" }, "geometry": { "type": "LineString", "coordinates": [ [ -91.129692693053656, 32.729209494592034 ], [ -91.129677537560966, 32.729348167917287 ], [ -91.129673858083862, 32.729486631278938 ], [ -91.12965492712685, 32.729624834433388 ], [ -91.12963868491893, 32.729762003358452 ], [ -91.12965145346044, 32.729899840134884 ], [ -91.129664459377139, 32.730038692544234 ], [ -91.129677654440385, 32.730176855731465 ], [ -91.12969338429204, 32.730314893703294 ], [ -91.129691646922467, 32.730452328463983 ], [ -91.129699216764323, 32.730590500320979 ], [ -91.129672345844185, 32.730728176790528 ], [ -91.129664023684128, 32.730867383779959 ], [ -91.129649100534223, 32.731010261235738 ], [ -91.129649126843432, 32.73114856395982 ], [ -91.129641669387695, 32.731286281208092 ], [ -91.129643380437614, 32.731423886110633 ], [ -91.12964301557092, 32.731562108351973 ], [ -91.129634486124104, 32.731699970364566 ], [ -91.129644752073574, 32.731837795942354 ], [ -91.129652189661243, 32.731975721539392 ], [ -91.129665909963066, 32.732114486404072 ], [ -91.129648827144592, 32.73225218271913 ], [ -91.129634572600494, 32.732389889017284 ], [ -91.129606984142015, 32.732527322023572 ], [ -91.129606523888484, 32.73266573781634 ], [ -91.129630253987614, 32.732803834030378 ], [ -91.12964182589694, 32.732942255443 ], [ -91.129635870604986, 32.733080706132263 ], [ -91.129632099086862, 32.733219747101828 ], [ -91.129628148705905, 32.733357030842463 ], [ -91.129617898426403, 32.733495150820431 ], [ -91.129623512924212, 32.733632840890579 ], [ -91.129625234572273, 32.73377162693383 ], [ -91.129629550610943, 32.733909544364565 ], [ -91.129626974288485, 32.734047780600051 ], [ -91.129613693424858, 32.734185233602489 ], [ -91.129609328450996, 32.734323289126571 ], [ -91.129596118216853, 32.73446137287997 ], [ -91.129597182017392, 32.734599365960548 ], [ -91.129586794846389, 32.734736745563254 ], [ -91.129595249778902, 32.734875790890662 ], [ -91.129592283775779, 32.735014002528835 ], [ -91.129614555604661, 32.735152520942172 ], [ -91.129612753344716, 32.735289983063467 ], [ -91.129614310219026, 32.735428468039913 ], [ -91.129602662110301, 32.735566706863885 ], [ -91.129586773003766, 32.73570337927741 ], [ -91.129607263014336, 32.735842705216037 ], [ -91.129567608213733, 32.73598016069424 ], [ -91.129562967110814, 32.736120169263494 ], [ -91.129548527066689, 32.736258920849544 ], [ -91.129534800299936, 32.736397502885339 ], [ -91.129551893369168, 32.736535147037607 ], [ -91.129564376361913, 32.736673507580903 ], [ -91.129571307453801, 32.73681297553528 ], [ -91.129572799415541, 32.736951597953862 ], [ -91.12956355620355, 32.737089629400224 ], [ -91.129565466576054, 32.737227672052086 ], [ -91.129541549468357, 32.737364917519798 ], [ -91.129542153463291, 32.737502309304368 ], [ -91.12954598692653, 32.737640889783812 ], [ -91.129544653581078, 32.737779860162036 ], [ -91.129552356903346, 32.737918333095216 ], [ -91.129555469265611, 32.738056203980491 ], [ -91.129549210260265, 32.738193529333905 ], [ -91.129534439155535, 32.738331677922993 ], [ -91.129515237207755, 32.738469003424733 ], [ -91.129532303099211, 32.738607141848739 ], [ -91.129545468150312, 32.738745498014232 ], [ -91.129556488255233, 32.738883922805201 ], [ -91.129559437698376, 32.739021821755777 ], [ -91.129562423652345, 32.739160105507096 ], [ -91.129558065122097, 32.739298903002044 ], [ -91.129551645376864, 32.73943639436601 ], [ -91.129536578522945, 32.739574297736752 ], [ -91.129522163892801, 32.739712361975549 ], [ -91.129508752047812, 32.739849814784272 ], [ -91.129486199933581, 32.739986940609946 ], [ -91.129473632494935, 32.740124333943022 ], [ -91.12948894375721, 32.741557172079688 ], [ -91.129478961878775, 32.741696417328171 ], [ -91.129472814954653, 32.741835336137093 ], [ -91.129473680815821, 32.741972891178413 ], [ -91.129456371252743, 32.74211097375025 ], [ -91.129451645803897, 32.742248728413827 ], [ -91.129472518046597, 32.742386953493593 ], [ -91.129467270165662, 32.742524629413339 ], [ -91.129456071095717, 32.742662233120505 ], [ -91.129464126821063, 32.742800209568095 ], [ -91.129469064278226, 32.742938480844352 ], [ -91.129475035156361, 32.743075975481766 ], [ -91.129436642425148, 32.743212927731328 ], [ -91.129456852282331, 32.744881991683421 ], [ -91.129469065882731, 32.745019309562522 ], [ -91.129465505616679, 32.74515658967146 ], [ -91.129462404444368, 32.745294141886561 ], [ -91.129456187461216, 32.745425200749239 ], [ -91.12943498069653, 32.745571333334553 ], [ -91.129408528212963, 32.745708923852611 ], [ -91.129403771998398, 32.745846954561614 ], [ -91.129404938579711, 32.745985441791824 ], [ -91.129406972522418, 32.746122714300128 ], [ -91.129399157891413, 32.7462607085196 ], [ -91.129394219099922, 32.746400168704476 ], [ -91.129399220144506, 32.746538247433925 ], [ -91.129397876472282, 32.746676063481189 ], [ -91.129383168034636, 32.746814211485606 ], [ -91.129393311525831, 32.746952696682122 ], [ -91.129397235821813, 32.747090397203209 ], [ -91.129392981339109, 32.747230018038969 ], [ -91.129409747278601, 32.747367223997614 ], [ -91.129430275358274, 32.747506797420563 ], [ -91.129428679981075, 32.747649177759826 ], [ -91.129408982866877, 32.747789583787373 ], [ -91.129421332280046, 32.747927367835011 ], [ -91.129411950475927, 32.748064685761669 ], [ -91.129428016418331, 32.748203545394226 ], [ -91.129438866505168, 32.748341063929061 ], [ -91.129425185376036, 32.748481239663491 ], [ -91.129415206034764, 32.748620841829528 ], [ -91.129416985417009, 32.748758748004356 ], [ -91.129432655622367, 32.748897005980041 ], [ -91.12939081843875, 32.749034584147395 ], [ -91.129350805586768, 32.749172618705295 ], [ -91.12933475820796, 32.749310116000032 ], [ -91.129311015338203, 32.749448953432406 ], [ -91.129302525566814, 32.749587858998076 ], [ -91.129289794631759, 32.74972525315922 ], [ -91.129297924207293, 32.749864025212702 ], [ -91.129316981998059, 32.750002838765404 ], [ -91.12933759892654, 32.750141422388616 ], [ -91.129332971703192, 32.750279341271067 ], [ -91.129326198383836, 32.750417356739845 ], [ -91.129332199851291, 32.750554631907733 ], [ -91.129343616308716, 32.750693658087151 ], [ -91.129348595424432, 32.750832836062273 ], [ -91.12935017784126, 32.750970550473411 ], [ -91.129348615946341, 32.751109384953878 ], [ -91.129342619672116, 32.751247065440197 ], [ -91.129321968087751, 32.751386186180461 ], [ -91.129333475258306, 32.751524360540508 ], [ -91.12934729361983, 32.751662877297747 ] ] } },
{ "type": "Feature", "properties": { "station_id": 6, "station_ft": -1812.3, "width_ft": 1166.9, "flag": "ok", "lon": -91.133232, "lat": 32.730259, "survey_id": "LM_08_MVF_20260506_CS_4874_4808", "date": "2026-05-06 00:00:00+00:00", "method": "lines" }, "geometry": { "type": "LineString", "coordinates": [ [ -91.13332750351934, 32.729016689476417 ], [ -91.133310023390408, 32.729152932551017 ], [ -91.133302437352597, 32.729290183734612 ], [ -91.133297173026165, 32.729428905240077 ], [ -91.133286010106389, 32.729566179241438 ], [ -91.133269473334124, 32.729702471285876 ], [ -91.133254485623254, 32.729844744497768 ], [ -91.133248281715282, 32.729980283488274 ], [ -91.133242029317117, 32.730121264691121 ], [ -91.133231915025846, 32.73025938411277 ], [ -91.133224909230108, 32.730396164474392 ], [ -91.133214758881323, 32.730533954989951 ], [ -91.13320259917262, 32.730672527493368 ], [ -91.133190074942576, 32.730810305194538 ], [ -91.133180456384011, 32.730949356523617 ], [ -91.133166223721304, 32.731088766417379 ], [ -91.133150565635333, 32.731225299884038 ], [ -91.13313914458007, 32.731362741402016 ], [ -91.133120931178951, 32.731500692442083 ], [ -91.133122006420436, 32.731639373450022 ], [ -91.133117712703765, 32.731777510703211 ], [ -91.13310866063739, 32.731914551155754 ], [ -91.133090675803317, 32.732052666639987 ], [ -91.133078694527853, 32.732189396643314 ], [ -91.133071543932431, 32.732328157166386 ], [ -91.133058010220495, 32.732465831252341 ], [ -91.133054204410442, 32.732604020379277 ], [ -91.133049497121092, 32.732743287403849 ], [ -91.133028253082941, 32.732880598578042 ], [ -91.133003593012546, 32.733017684465111 ], [ -91.132982775798681, 32.733155377038521 ], [ -91.132977179119351, 32.733293385506165 ], [ -91.132957198387786, 32.733430139450327 ], [ -91.132941577035751, 32.733570740289238 ], [ -91.132936726150149, 32.733708523969192 ], [ -91.132939900711833, 32.733849224929372 ], [ -91.132946839682177, 32.733989021791828 ], [ -91.132967342409856, 32.734129118067123 ], [ -91.132978627536019, 32.734267677985734 ], [ -91.132965388216533, 32.734405625171618 ], [ -91.132946033035992, 32.73454328133451 ], [ -91.132907876737733, 32.734680288245912 ], [ -91.132865290161263, 32.734816526277214 ], [ -91.132833508557724, 32.734953684570328 ], [ -91.132815002504643, 32.735091720324391 ], [ -91.132816638969089, 32.735231276862024 ], [ -91.132810490337533, 32.735369398811422 ], [ -91.132817321313354, 32.735508097136282 ], [ -91.132813619552223, 32.735647110608049 ], [ -91.132812448574796, 32.735785419920845 ], [ -91.132813298254206, 32.735924321399644 ], [ -91.132806894195426, 32.736062995014777 ], [ -91.132802145619607, 32.736201273032499 ], [ -91.132784248328704, 32.736338452746615 ], [ -91.132758834278789, 32.736474993280737 ], [ -91.132751655644824, 32.736614275976727 ], [ -91.132728993210037, 32.736753107363576 ], [ -91.132718118944268, 32.736890022249902 ], [ -91.132707249036685, 32.737031252752757 ], [ -91.132703848679412, 32.737167597872286 ], [ -91.132705196930857, 32.737307623297859 ], [ -91.132701585682071, 32.737445921085609 ], [ -91.132694105764671, 32.737584216489537 ], [ -91.132680991122527, 32.737721640689358 ], [ -91.13266657545195, 32.7378590181766 ], [ -91.132646215656521, 32.737997202733794 ], [ -91.132644421361832, 32.738134911816942 ], [ -91.132648451721764, 32.738273133805848 ], [ -91.132632866802197, 32.738410655796599 ], [ -91.132619536014715, 32.738549345568281 ], [ -91.132612991086802, 32.738686864911848 ], [ -91.132594804696581, 32.738824486436997 ], [ -91.132585758309489, 32.738962186739471 ], [ -91.132572103952654, 32.739101098579141 ], [ -91.132575420608575, 32.739239572172977 ], [ -91.132574541419515, 32.739377852497256 ], [ -91.13254328246633, 32.739515447345838 ], [ -91.132523433725922, 32.739652612352046 ], [ -91.132497707517999, 32.739790776062726 ], [ -91.132489989776175, 32.739928055781164 ], [ -91.132510290904165, 32.740067465265753 ], [ -91.132511394486997, 32.740205677925637 ], [ -91.132202746233347, 32.743916247772383 ], [ -91.132166342995063, 32.744053435196783 ], [ -91.132159246200914, 32.744191150894025 ], [ -91.13216457221634, 32.744328841514871 ], [ -91.132155815912128, 32.744466402767976 ], [ -91.132140884769413, 32.744604552521317 ], [ -91.132149497630252, 32.744742415154114 ], [ -91.132131082729501, 32.744880092960621 ], [ -91.132156035403085, 32.74501947274333 ], [ -91.132162479935999, 32.745158503390087 ], [ -91.13214210372638, 32.745295094491034 ] ] } },
{ "type": "Feature", "properties": { "station_id": 7, "station_ft": -914.0, "width_ft": 1520.6, "flag": "ok", "lon": -91.136741, "lat": 32.730706, "survey_id": "LM_08_MVF_20260506_CS_4874_4808", "date": "2026-05-06 00:00:00+00:00", "method": "lines" }, "geometry": { "type": "LineString", "coordinates": [ [ -91.137014756789895, 32.729064208648666 ], [ -91.136960126162549, 32.729198078942446 ], [ -91.136967101988873, 32.729337656274808 ], [ -91.13691813242238, 32.729471847339916 ], [ -91.136875638864936, 32.729606574880847 ], [ -91.136860225295564, 32.729744261427946 ], [ -91.136848090827954, 32.729881322798391 ], [ -91.136834495678741, 32.730018722656325 ], [ -91.136815786153548, 32.730155056087966 ], [ -91.136809753526975, 32.730294579720919 ], [ -91.136800686804975, 32.730432912683185 ], [ -91.136780262376732, 32.730570274237486 ], [ -91.136741422658829, 32.730706379577875 ], [ -91.136702962825836, 32.730841437372007 ], [ -91.136677754083763, 32.730978280412906 ], [ -91.136663294633053, 32.731117252065474 ], [ -91.136633486192935, 32.731252502367013 ], [ -91.136613197415372, 32.731390523073109 ], [ -91.136598019864522, 32.731529142229483 ], [ -91.136583092879121, 32.731666798538448 ], [ -91.13656384339663, 32.731804619600993 ], [ -91.136545664994784, 32.731942323785177 ], [ -91.136534142809566, 32.732078859064124 ], [ -91.136521080329331, 32.732217684667376 ], [ -91.136489417508301, 32.732352974751265 ], [ -91.136470881765248, 32.732490708255995 ], [ -91.136443150002961, 32.732625506045949 ], [ -91.136412800740857, 32.732762161013937 ], [ -91.136384070295861, 32.732898036432069 ], [ -91.136365231893805, 32.733034645598082 ], [ -91.136358339266067, 32.733172580416479 ], [ -91.136347707877221, 32.733310703295189 ], [ -91.136324872599459, 32.733447640128112 ], [ -91.136305402232239, 32.733586369668416 ], [ -91.136276532151612, 32.733724802328823 ], [ -91.136260012365739, 32.733862550819012 ], [ -91.136252763055367, 32.734000707019213 ], [ -91.136240726848328, 32.7341379326393 ], [ -91.136218319599905, 32.734275526758516 ], [ -91.136166447167213, 32.734409186904131 ], [ -91.13614061335447, 32.734545400770713 ], [ -91.136130151388841, 32.734684264639142 ], [ -91.136125437271488, 32.734822240467018 ], [ -91.13610680075017, 32.734959672442592 ], [ -91.13607716133869, 32.735095910657826 ], [ -91.13604192806163, 32.735232020571068 ], [ -91.136010953293038, 32.735367965240329 ], [ -91.135994034016448, 32.735504782039321 ], [ -91.13597806022932, 32.735641866903393 ], [ -91.135968406418584, 32.735780231418929 ], [ -91.135954982297122, 32.735918729180575 ], [ -91.135936963440997, 32.73605632307396 ], [ -91.135927273586816, 32.736194247768189 ], [ -91.135907043154361, 32.736331744900433 ], [ -91.135879647422456, 32.73646794162952 ], [ -91.135856677864837, 32.736604577105837 ], [ -91.135839180833557, 32.736742331745752 ], [ -91.135811500618502, 32.736879547418233 ], [ -91.135786479064848, 32.737015810975699 ], [ -91.135768195583296, 32.737152855566805 ], [ -91.13574300771856, 32.737288791046808 ], [ -91.135715606303904, 32.737424410658271 ], [ -91.135683461894345, 32.737560691827355 ], [ -91.135657167307613, 32.737696497305812 ], [ -91.135641262692729, 32.737834131696452 ], [ -91.135624404829954, 32.737970645030138 ], [ -91.135605499781974, 32.738107309425438 ], [ -91.135598609947692, 32.738245711181342 ], [ -91.13558378926372, 32.738384547827444 ], [ -91.13555175678313, 32.73852242337864 ], [ -91.135530332730553, 32.738661137259477 ], [ -91.135499320330197, 32.738796779910935 ], [ -91.135483147362919, 32.738933563851063 ], [ -91.135466199886892, 32.739070957798994 ], [ -91.135448643754884, 32.739209372780365 ], [ -91.135435343829968, 32.739347457542003 ], [ -91.13543339356859, 32.739485497625559 ], [ -91.135423381960479, 32.739623946373669 ], [ -91.135403337213262, 32.739760535945344 ], [ -91.135355014177321, 32.739895107152869 ], [ -91.135327352287689, 32.740030975375412 ], [ -91.135297570501379, 32.740166032978586 ], [ -91.135274991428446, 32.74030285785453 ], [ -91.135266570899304, 32.740441131380543 ], [ -91.135247988545814, 32.740577601547329 ], [ -91.135232075010876, 32.740714356711905 ], [ -91.135205294945536, 32.740850686344778 ], [ -91.135176261850376, 32.740985876178051 ], [ -91.13515546758498, 32.741122360471891 ], [ -91.13514864273958, 32.741260843787217 ], [ -91.135145656424214, 32.741399522564514 ], [ -91.135132774413634, 32.741537054529772 ], [ -91.135118626782543, 32.741674925519206 ], [ -91.135092303334972, 32.74181141720593 ], [ -91.135060538997777, 32.741946679472328 ], [ -91.135023378881954, 32.742082416281356 ], [ -91.13500610725481, 32.74222008630813 ], [ -91.134987695221426, 32.74235754450536 ], [ -91.134961885654874, 32.742493318702927 ], [ -91.134949749186617, 32.742630626743029 ], [ -91.134951183047889, 32.742768947189056 ] ] } },
{ "type": "Feature", "properties": { "station_id": 8, "station_ft": -117.9, "width_ft": 1720.7, "flag": "ok", "lon": -91.140468, "lat": 32.7317, "survey_id": "LM_08_MVF_20260506_CS_4874_4808", "date": "2026-05-06 00:00:00+00:00", "method": "lines" }, "geometry": { "type": "LineString", "coordinates": [ [ -91.140984755502643, 32.730533829739954 ], [ -91.140947114876852, 32.730668746440777 ], [ -91.140883815918855, 32.730796353127651 ], [ -91.140821988081129, 32.730924802434544 ], [ -91.14076338380292, 32.731053697138741 ], [ -91.140706091417897, 32.731183876436823 ], [ -91.140645566194905, 32.731312619341708 ], [ -91.140586254777034, 32.731442535657834 ], [ -91.140527953534971, 32.731572693414265 ], [ -91.140467971558479, 32.731700333531585 ], [ -91.1404228410548, 32.731834254089875 ], [ -91.140366382549033, 32.731966983341238 ], [ -91.140315777726229, 32.732096046349319 ], [ -91.140250871738772, 32.732225834400367 ], [ -91.140192821074336, 32.732355138252693 ], [ -91.140129066430788, 32.732482857488812 ], [ -91.140077373861757, 32.732613933730939 ], [ -91.140013891720159, 32.732743162441039 ], [ -91.139966509386312, 32.732876300191414 ], [ -91.139889087637442, 32.732999407461989 ], [ -91.139831976797268, 32.733128458021902 ], [ -91.139785646583732, 32.733262853147252 ], [ -91.139730959219492, 32.733393784391843 ], [ -91.139683769879284, 32.733526755771926 ], [ -91.139631037852382, 32.73365816853704 ], [ -91.139580348013851, 32.733788908984451 ], [ -91.139523600629275, 32.733918616218638 ], [ -91.139461540303273, 32.734046929262696 ], [ -91.139402592875314, 32.734174286269749 ], [ -91.139346725387142, 32.734304372798427 ], [ -91.139290499199802, 32.734434214535128 ], [ -91.139225306533774, 32.734561419541642 ], [ -91.139161347829969, 32.734688479519143 ], [ -91.139111125143927, 32.734820645995356 ], [ -91.139051854073585, 32.734948307890619 ], [ -91.139003165708715, 32.735081234530554 ], [ -91.138945363640559, 32.735216747251307 ], [ -91.138885489719598, 32.735346117195377 ], [ -91.138833758715037, 32.735476974026106 ], [ -91.138771826012288, 32.735605229989382 ], [ -91.138719400304794, 32.735734799065185 ], [ -91.138661292531069, 32.735865476771075 ], [ -91.138603005457014, 32.735994149267199 ], [ -91.138548673402425, 32.736125215652208 ], [ -91.138484350325655, 32.7362517275618 ], [ -91.138424007421492, 32.736379753115273 ], [ -91.13837011806848, 32.736509442350467 ], [ -91.138308939037756, 32.736638490359724 ], [ -91.13824630201735, 32.736764524223481 ], [ -91.138195225184134, 32.736896063689869 ], [ -91.138138023880487, 32.737026268230487 ], [ -91.138089321224371, 32.737157874464579 ], [ -91.138054249470983, 32.737293653811449 ], [ -91.137995049046808, 32.737422276871015 ], [ -91.137932392631072, 32.737549821983436 ], [ -91.13785459631184, 32.737671886179314 ], [ -91.137802636018321, 32.73780282609134 ], [ -91.137749412438254, 32.737934489153716 ], [ -91.137703257831149, 32.738067425148827 ], [ -91.137638647557026, 32.738194791482336 ], [ -91.137577228920861, 32.738322823514764 ], [ -91.137513168455769, 32.738449911228784 ], [ -91.137458675900561, 32.738581499344569 ], [ -91.137408342580883, 32.738712786631126 ], [ -91.137350810169153, 32.738842607884997 ], [ -91.137304297377284, 32.738975573974919 ], [ -91.137246752972217, 32.739104213097171 ], [ -91.137186883484759, 32.739234627265475 ], [ -91.137120482010786, 32.73936194890333 ], [ -91.137058883169658, 32.739488140510531 ], [ -91.136992177588354, 32.739614310725571 ], [ -91.13694569250282, 32.739750464988198 ], [ -91.136886518787534, 32.739878729349108 ], [ -91.136854775225871, 32.740016053284641 ], [ -91.136817976317062, 32.740151706262381 ], [ -91.136740085099632, 32.740274428617049 ], [ -91.136683201480324, 32.74040435540239 ], [ -91.136617347655573, 32.740531289121087 ], [ -91.136543372761921, 32.740655691410382 ], [ -91.136492619508559, 32.740787420139313 ], [ -91.136442186498428, 32.740918706753888 ], [ -91.136397591349052, 32.741051853167882 ], [ -91.136363074681682, 32.741188342603898 ], [ -91.13629277708695, 32.741313023258193 ], [ -91.134662178484305, 32.744499930548798 ], [ -91.134822130190472, 32.744555223949902 ], [ -91.134639987171781, 32.744636780710522 ], [ -91.134787571634774, 32.74469113607713 ], [ -91.134633971433715, 32.744774928728141 ], [ -91.134736904805749, 32.744822203443086 ], [ -91.13462798679555, 32.744912857425348 ], [ -91.134669869239787, 32.744948539507917 ], [ -91.134621975378721, 32.7450516104646 ], [ -91.134593534669634, 32.745071553527303 ], [ -91.134605267638392, 32.745190651002233 ], [ -91.134557473656344, 32.74520667806803 ], [ -91.134592162070902, 32.74532516169991 ], [ -91.134499826100381, 32.745335509504038 ], [ -91.13443927931722, 32.745463864398396 ], [ -91.134378270217141, 32.74559137009004 ], [ -91.134324702013274, 32.745721824619224 ], [ -91.134285186874152, 32.745856284036769 ], [ -91.134235096984611, 32.745986633337914 ] ] } },
{ "type": "Feature", "properties": { "station_id": 9, "station_ft": 700.8, "width_ft": 1905.2, "flag": "ok", "lon": -91.143919, "lat": 32.73281, "survey_id": "LM_08_MVF_20260506_CS_4874_4808", "date": "2026-05-06 00:00:00+00:00", "method": "lines" }, "geometry": { "type": "LineString", "coordinates": [ [ -91.144514073116127, 32.731981659839121 ], [ -91.144420191277902, 32.732096135969769 ], [ -91.14431644087378, 32.732205316031802 ], [ -91.144233076308709, 32.732325055871023 ], [ -91.144160816453734, 32.732450220732339 ], [ -91.144092595597385, 32.732576101547153 ], [ -91.14402073448619, 32.732698570301253 ], [ -91.143919440512221, 32.732809823441592 ], [ -91.143866466037551, 32.732942476673742 ], [ -91.143795895636913, 32.733067465383002 ], [ -91.143711315542561, 32.733186030572845 ], [ -91.143624219332139, 32.733303155686883 ], [ -91.14355201746848, 32.733427715664043 ], [ -91.143473017118296, 32.733548360972328 ], [ -91.143405760345132, 32.733673218034426 ], [ -91.143325883846174, 32.733794116884731 ], [ -91.143238326799803, 32.733910777614881 ], [ -91.143156645161369, 32.734029955810108 ], [ -91.1430725976075, 32.734150029316048 ], [ -91.142994473732216, 32.734270641607594 ], [ -91.142915696405282, 32.734390983044875 ], [ -91.142845276213478, 32.734515036058482 ], [ -91.14276905846836, 32.734637916355858 ], [ -91.142681635507373, 32.73475518088614 ], [ -91.142614876952564, 32.734881435579155 ], [ -91.142515995237133, 32.734993744161002 ], [ -91.142439504101006, 32.735115389759649 ], [ -91.142368594480018, 32.735239252693084 ], [ -91.142293646601232, 32.735362537492357 ], [ -91.142215520326502, 32.735483232268898 ], [ -91.142134095309814, 32.735602188117895 ], [ -91.142053173688069, 32.73572303789058 ], [ -91.141960743996691, 32.735837117772981 ], [ -91.141893493454546, 32.735962964065394 ], [ -91.141801686721024, 32.736077671919681 ], [ -91.141739430533462, 32.736205711368129 ], [ -91.141666991073663, 32.736329666724956 ], [ -91.141582070404795, 32.736447078463087 ], [ -91.141507766942084, 32.736570001551094 ], [ -91.141439438755029, 32.736695496560408 ], [ -91.141349719805163, 32.736811042751079 ], [ -91.14125987121885, 32.736926672671579 ], [ -91.141190296849757, 32.737051049324414 ], [ -91.141113738853335, 32.737172886605343 ], [ -91.141030774540212, 32.737294683062032 ], [ -91.140957938384119, 32.737418035505392 ], [ -91.14088122281656, 32.737540451662412 ], [ -91.140789365082782, 32.737653372789929 ], [ -91.140709584112955, 32.737774873501486 ], [ -91.14062904391578, 32.737895142790151 ], [ -91.140557910268384, 32.738019996222718 ], [ -91.140473155426321, 32.738138148256176 ], [ -91.140404035835772, 32.738262658601016 ], [ -91.140329275543777, 32.738385665982292 ], [ -91.14024933057766, 32.738507222459575 ], [ -91.140157394787394, 32.738622452035116 ], [ -91.140076363562017, 32.738742504106831 ], [ -91.139994154256883, 32.738861848641513 ], [ -91.139925798349282, 32.738988361039169 ], [ -91.139842050708509, 32.739106588219464 ], [ -91.139767750457835, 32.739230252363853 ], [ -91.139682808111431, 32.739349504266485 ], [ -91.139611764482055, 32.73947372446986 ], [ -91.13952952363195, 32.739593261869445 ], [ -91.139453058669133, 32.739715015473067 ], [ -91.139375655321615, 32.739837324212928 ], [ -91.139297487313527, 32.739957797406092 ], [ -91.139224774840415, 32.740080928017072 ], [ -91.13913611415488, 32.740199159259745 ], [ -91.139054069481332, 32.740318942156414 ], [ -91.138976692716398, 32.740440646323314 ], [ -91.138896956614559, 32.74056044223159 ], [ -91.138822289469474, 32.740683448107639 ], [ -91.138750329598949, 32.740807233665002 ], [ -91.138656977431481, 32.74092109701435 ], [ -91.138577376329934, 32.741041523958046 ], [ -91.138519256253687, 32.741171102402667 ], [ -91.138433707486755, 32.741288323064893 ], [ -91.1358521274514, 32.745253831085165 ], [ -91.135811286073007, 32.745392422135389 ], [ -91.135719627014595, 32.745507317547954 ], [ -91.135629139396542, 32.745622342456493 ], [ -91.135555014357209, 32.745745122877771 ], [ -91.135484485167652, 32.745869831566672 ], [ -91.135409141758288, 32.745990888392441 ], [ -91.13532598072031, 32.74611070393162 ], [ -91.135248030483751, 32.746231200238761 ], [ -91.135158001235013, 32.746346798975416 ], [ -91.13504869555473, 32.746456034870832 ] ] } },
{ "type": "Feature", "properties": { "station_id": 10, "station_ft": 1598.3, "width_ft": 2292.3, "flag": "ok", "lon": -91.146986, "lat": 32.734726, "survey_id": "LM_08_MVF_20260506_CS_4874_4808", "date": "2026-05-06 00:00:00+00:00", "method": "lines" }, "geometry": { "type": "LineString", "coordinates": [ [ -91.147802718675806, 32.733863366866629 ], [ -91.147693507920607, 32.733965494007123 ], [ -91.14758376964059, 32.734066773253772 ], [ -91.147501362123606, 32.734187746154113 ], [ -91.147398697145846, 32.734294585307197 ], [ -91.147311191988422, 32.734412897742146 ], [ -91.147208391885727, 32.73451924347367 ], [ -91.147101806599863, 32.734624101505418 ], [ -91.146986149631175, 32.734725582767986 ], [ -91.146877675645428, 32.734830343761217 ], [ -91.146791451826971, 32.734946558228124 ], [ -91.14669366253608, 32.735056993697675 ], [ -91.146600415540988, 32.73517339066494 ], [ -91.146503237289906, 32.735283024899644 ], [ -91.146417696698151, 32.735403028223338 ], [ -91.146323507481213, 32.735516078493063 ], [ -91.146219702847986, 32.735622979081739 ], [ -91.146118155169404, 32.735731487149287 ], [ -91.1460144098141, 32.735837920092422 ], [ -91.145920743245313, 32.735951296702623 ], [ -91.145817453939344, 32.736057836537391 ], [ -91.145712002453692, 32.736162686045155 ], [ -91.145608838329011, 32.736268730753949 ], [ -91.145504514352822, 32.736375964149346 ], [ -91.145412175870874, 32.736496037884486 ], [ -91.145310554526162, 32.736600285140753 ], [ -91.145206890874448, 32.736712296747079 ], [ -91.145108283359974, 32.736822461259287 ], [ -91.145006539747925, 32.736931189719925 ], [ -91.144905379586291, 32.73703969339892 ], [ -91.144810880248045, 32.737151178252901 ], [ -91.144705792242917, 32.737256849641639 ], [ -91.144615267308382, 32.737372760425245 ], [ -91.144515709277741, 32.737482271466277 ], [ -91.14441327269401, 32.737590040892826 ], [ -91.144311097933084, 32.737698002412486 ], [ -91.144222927980778, 32.737815463968666 ], [ -91.144123336155388, 32.737925001969685 ], [ -91.144014363006121, 32.73802915867229 ], [ -91.143904291391578, 32.738130683945087 ], [ -91.143803631358892, 32.73824075069826 ], [ -91.143714012325844, 32.73835643585717 ], [ -91.143624829533664, 32.738473546459815 ], [ -91.143525228794189, 32.738582259871386 ], [ -91.143424075187212, 32.738691889470751 ], [ -91.143326318224496, 32.738803146289477 ], [ -91.143231866301491, 32.738916635982683 ], [ -91.143119784353431, 32.739018942728933 ], [ -91.143009294997313, 32.739121239989949 ], [ -91.142904336628106, 32.739227458187891 ], [ -91.142807417762597, 32.739337967073546 ], [ -91.142711325460269, 32.739450119796921 ], [ -91.142608851732703, 32.739557806841106 ], [ -91.142517046889893, 32.739680101355923 ], [ -91.142409756705092, 32.739783915776641 ], [ -91.142308734522331, 32.739893983672339 ], [ -91.142208937684927, 32.740002834370273 ], [ -91.142105157649624, 32.740110144399296 ], [ -91.142006081092532, 32.740219649447745 ], [ -91.141910351529859, 32.740332486331376 ], [ -91.141812187778882, 32.740442343322428 ], [ -91.141711571796506, 32.740550648859298 ], [ -91.141600973349526, 32.740652120514333 ], [ -91.14150932951506, 32.740767350066363 ], [ -91.141407303934159, 32.74087453729642 ], [ -91.14131673539562, 32.740990033899038 ], [ -91.141226138514895, 32.741106080669361 ], [ -91.141131024766196, 32.741218912990583 ], [ -91.141018564202966, 32.741319571961689 ], [ -91.140925316561706, 32.741433876336814 ], [ -91.140837078667005, 32.741551913056924 ], [ -91.140737544412517, 32.741661530967207 ], [ -91.1406334724104, 32.741769170792836 ], [ -91.14051823435473, 32.741868527988018 ], [ -91.140417290560237, 32.741976917560208 ], [ -91.140310726959171, 32.742082484775189 ], [ -91.140212896138848, 32.742193601687994 ], [ -91.140124642703739, 32.742310099670405 ], [ -91.14003079577617, 32.742423143025604 ], [ -91.139941723945782, 32.742539096997909 ], [ -91.139838091848944, 32.742645331157853 ], [ -91.139770705561745, 32.742775107730658 ], [ -91.139647226276935, 32.742869514401406 ], [ -91.139513265262138, 32.742955688020885 ], [ -91.139406513593798, 32.743062299874886 ], [ -91.139323594360377, 32.743182720646594 ], [ -91.139232493742995, 32.743297505005195 ], [ -91.139127165401362, 32.743403365353458 ] ] } },
{ "type": "Feature", "properties": { "station_id": 11, "station_ft": 2178.4, "width_ft": 2792.1, "flag": "ok", "lon": -91.150375, "lat": 32.736232, "survey_id": "LM_08_MVF_20260506_CS_4874_4808", "date": "2026-05-06 00:00:00+00:00", "method": "lines" }, "geometry": { "type": "LineString", "coordinates": [ [ -91.135725527948537, 32.747616745012479 ], [ -91.135851265841566, 32.747533733592086 ], [ -91.135981356254277, 32.747449925003295 ], [ -91.136110260095478, 32.747364474632171 ], [ -91.136244482192438, 32.747284541958564 ], [ -91.136359480373685, 32.747186289405974 ], [ -91.136463503679849, 32.747079093468535 ], [ -91.136579328198948, 32.746982374659083 ], [ -91.136708203962755, 32.746897500959747 ], [ -91.136844555751992, 32.746819478271227 ], [ -91.136970768974692, 32.746731652906526 ], [ -91.137079933942189, 32.746628600266583 ], [ -91.137190529211352, 32.746525511306771 ], [ -91.137311164627633, 32.74643225153401 ], [ -91.137416595808588, 32.746326282040208 ], [ -91.139413726816116, 32.744751782479469 ], [ -91.139545903967104, 32.74466946808591 ], [ -91.139665788730539, 32.744576458866682 ], [ -91.139777042437743, 32.744474819685919 ], [ -91.139900986881003, 32.744384917604926 ], [ -91.140018112548447, 32.744288930287574 ], [ -91.140141311293434, 32.744199334847046 ], [ -91.140257967988831, 32.744101920195618 ], [ -91.140377239195857, 32.744009546358271 ], [ -91.140497597901287, 32.74391521407918 ], [ -91.140615765536353, 32.743819548625822 ], [ -91.14074666376483, 32.743736252025258 ], [ -91.140864469440373, 32.743640259542637 ], [ -91.140987986965527, 32.743550001162532 ], [ -91.141102513611813, 32.743451088171419 ], [ -91.141222323912118, 32.743357280833138 ], [ -91.141341667397526, 32.743262377191897 ], [ -91.141460689435306, 32.743167942602319 ], [ -91.141580885678579, 32.74307383035886 ], [ -91.141699258697102, 32.742979536791452 ], [ -91.141817646348045, 32.742883346698065 ], [ -91.141940312826748, 32.742792763748199 ], [ -91.14206418129001, 32.742702034960217 ], [ -91.142183396322167, 32.742607516387885 ], [ -91.142307623929867, 32.742517032115344 ], [ -91.142420513452223, 32.742417084302033 ], [ -91.142544133679394, 32.742327923838246 ], [ -91.142670949034468, 32.742239566795753 ], [ -91.142786452839019, 32.742141141013533 ], [ -91.142906484380291, 32.742047055624305 ], [ -91.143031607860465, 32.741958819157801 ], [ -91.143149116228315, 32.741862688502003 ], [ -91.14326503579548, 32.741763627489043 ], [ -91.14339412914002, 32.741679212657367 ], [ -91.1435195529765, 32.741591852945255 ], [ -91.143635103762264, 32.741495158290839 ], [ -91.143752399870337, 32.741393751570776 ], [ -91.143867253565219, 32.741295658132188 ], [ -91.143985098507898, 32.741200953751253 ], [ -91.144105377324649, 32.741105821430089 ], [ -91.144237112794997, 32.741022460793978 ], [ -91.14435625123339, 32.740927170596684 ], [ -91.14447208411292, 32.740829538266041 ], [ -91.144589069802649, 32.740733519663472 ], [ -91.144703793819374, 32.740635674277144 ], [ -91.144829816516832, 32.740546413067349 ], [ -91.144948761694295, 32.74045148154611 ], [ -91.145073853463984, 32.740363627396462 ], [ -91.145185484708591, 32.740261926001914 ], [ -91.145295261778969, 32.74016015446314 ], [ -91.145417646965996, 32.740068058674332 ], [ -91.145546629009743, 32.739982570218196 ], [ -91.145666123070242, 32.739887386491482 ], [ -91.145791231890499, 32.739798048189037 ], [ -91.145906833989585, 32.739700360132105 ], [ -91.146027383285457, 32.739606791420378 ], [ -91.146154104898955, 32.739519722756199 ], [ -91.14627720943561, 32.73942819857217 ], [ -91.146395010728781, 32.739332997181542 ], [ -91.146517732516557, 32.739242381476323 ], [ -91.146629141972596, 32.739141615330432 ], [ -91.146750316208824, 32.739049003109592 ], [ -91.146872018322483, 32.73895721242188 ], [ -91.146989558367608, 32.738861930115874 ], [ -91.147111018994593, 32.73876862857815 ], [ -91.147233903190582, 32.73867820318987 ], [ -91.147353130970998, 32.73858263546343 ], [ -91.147475344890822, 32.738490125805633 ], [ -91.147595676159526, 32.738397930336276 ], [ -91.147716561827522, 32.738302433553898 ], [ -91.147830576330435, 32.738198735058688 ], [ -91.147944527997709, 32.738098830412426 ], [ -91.148061910050501, 32.738004373211055 ], [ -91.148182934112597, 32.737916927458485 ], [ -91.148313832098466, 32.737828291142293 ], [ -91.148447959314936, 32.737747851082212 ], [ -91.148553130538986, 32.737640966849135 ], [ -91.148676127117554, 32.737548918031919 ], [ -91.148797202429577, 32.737456689527185 ], [ -91.148928084185016, 32.737373439566539 ], [ -91.149037544862153, 32.737269879621998 ], [ -91.149155628005715, 32.737174042618477 ], [ -91.149273577733794, 32.737077876342887 ], [ -91.149388723489395, 32.736980903136242 ], [ -91.149509188363425, 32.73688601153215 ], [ -91.149653327791384, 32.736801905328299 ], [ -91.149779834627637, 32.736713515208969 ], [ -91.149893182750532, 32.73661210145076 ], [ -91.150004741583501, 32.736510588336387 ], [ -91.150121339181297, 32.736412588762832 ], [ -91.150247398691363, 32.736317962077131 ], [ -91.150374995303423, 32.736231516487805 ], [ -91.150490885877531, 32.736134455365509 ], [ -91.150604138137354, 32.736033343671167 ], [ -91.150731076447684, 32.73594615899566 ], [ -91.15084661980859, 32.735846791403347 ], [ -91.150979687044938, 32.735764761326287 ], [ -91.151086647456879, 32.735658578378668 ], [ -91.1512010550003, 32.735559574052054 ], [ -91.151328275646406, 32.735471315689232 ], [ -91.151449243873969, 32.73537848118918 ] ] } },
{ "type": "Feature", "properties": { "station_id": 12, "station_ft": 2163.0, "width_ft": 954.8, "flag": "ok", "lon": -91.151914, "lat": 32.73938, "survey_id": "LM_08_MVF_20260506_CS_4874_4808", "date": "2026-05-06 00:00:00+00:00", "method": "lines" }, "geometry": { "type": "LineString", "coordinates": [ [ -91.13001188803203, 32.752102886362806 ], [ -91.130259562438738, 32.752171974116287 ], [ -91.130138238777974, 32.752014297781457 ], [ -91.130296292293721, 32.75205976838091 ], [ -91.130456655341348, 32.752013976192885 ], [ -91.130601187701984, 32.751947314080368 ], [ -91.130727568262671, 32.751858449695149 ], [ -91.130856284558732, 32.751772593791216 ], [ -91.130983186788256, 32.751683889943756 ], [ -91.131127365416873, 32.751617751577385 ], [ -91.131272497369139, 32.751552761179852 ], [ -91.131403691616001, 32.751471341641107 ], [ -91.131537801280629, 32.751392238855622 ], [ -91.131666871118739, 32.75130610484905 ], [ -91.131800258932216, 32.751226401328275 ], [ -91.131938945243263, 32.751153590926435 ], [ -91.132079337183058, 32.751082528759937 ], [ -91.132201114730819, 32.750988387411063 ], [ -91.132333561493851, 32.750905336725701 ], [ -91.132462227688961, 32.750821485835203 ], [ -91.132596377592904, 32.750743398811167 ], [ -91.132734750898322, 32.750668555248424 ], [ -91.132864189478639, 32.750583928951649 ], [ -91.13299747338074, 32.750503703634799 ], [ -91.133146487078406, 32.750443935235666 ], [ -91.13329081492833, 32.750376749253995 ], [ -91.133412788602584, 32.750283072577211 ], [ -91.133555823660814, 32.750216828729421 ], [ -91.133678717489261, 32.750124081005602 ], [ -91.13381266599059, 32.750045663946175 ], [ -91.133943389011463, 32.74996300761822 ], [ -91.134086533170631, 32.749894509070771 ], [ -91.134224119246682, 32.749819146809863 ], [ -91.1343567775655, 32.749738319001679 ], [ -91.134489033062366, 32.749656146457554 ], [ -91.134615684558241, 32.749569255729753 ], [ -91.134761485616963, 32.749499804345142 ], [ -91.134891440271431, 32.749418636183208 ], [ -91.135023265045987, 32.749339352244881 ], [ -91.135153436399435, 32.749257055275535 ], [ -91.135289408267127, 32.749179667898531 ], [ -91.135421634255948, 32.749097962560398 ], [ -91.135555962554491, 32.749018689095266 ], [ -91.135698942004396, 32.748950216826671 ], [ -91.135839743564844, 32.748878432793468 ], [ -91.135965672084339, 32.748790913235339 ], [ -91.136094712448923, 32.748705956149372 ], [ -91.136228880503793, 32.748627150988625 ], [ -91.136369262374302, 32.74855567113066 ], [ -91.13650445732199, 32.748478864525758 ], [ -91.136630234633131, 32.748389255985963 ], [ -91.136757766774153, 32.748303071629891 ], [ -91.136882990149672, 32.748213384332907 ], [ -91.137020980768, 32.748140132772491 ], [ -91.137179678250916, 32.748091127189596 ], [ -91.137304778125852, 32.748002263538403 ], [ -91.137438957952213, 32.747924886245542 ], [ -91.137557555320669, 32.747825511218728 ], [ -91.137685420567763, 32.747740367982281 ], [ -91.137827133998712, 32.747669042973598 ], [ -91.137968466648289, 32.747598709438918 ], [ -91.138109401402389, 32.747527582081169 ], [ -91.138244592214917, 32.747450773640836 ], [ -91.138376871625198, 32.747372033333733 ], [ -91.138510013830668, 32.747291610143442 ], [ -91.138636292190199, 32.74720378269803 ], [ -91.13877533294756, 32.747131951702173 ], [ -91.138905061478994, 32.747048142428795 ], [ -91.139058406194366, 32.746993836110519 ], [ -91.139178107864495, 32.746898108042217 ], [ -91.139310729191081, 32.746817824418983 ], [ -91.139445093558507, 32.746739646687296 ], [ -91.139569500481826, 32.746650126092874 ], [ -91.13970034457553, 32.746567600993487 ], [ -91.139843918161219, 32.746500961526181 ], [ -91.139978778095411, 32.746423769226325 ], [ -91.140107716581809, 32.746339083723079 ], [ -91.140246308167718, 32.746264697619793 ], [ -91.140381816749652, 32.746187335698636 ], [ -91.140508785948214, 32.746100766146981 ], [ -91.140639561537768, 32.746018047547949 ], [ -91.140771193885783, 32.745936532502277 ], [ -91.140910033206026, 32.745864426331778 ], [ -91.141043435910461, 32.745784520890275 ], [ -91.141185083147249, 32.745713714638299 ], [ -91.141320021194048, 32.745634679088532 ], [ -91.141449007952303, 32.74554839766224 ], [ -91.141584804434473, 32.74547089553306 ], [ -91.141722448830606, 32.745396238893946 ], [ -91.141852123163517, 32.745310557676483 ], [ -91.141987970658761, 32.745227914973363 ], [ -91.142111316008936, 32.745136557411236 ], [ -91.142255808989489, 32.745071394405343 ], [ -91.142400133680681, 32.745005461348718 ], [ -91.142538421970158, 32.744930305520938 ], [ -91.142668803206362, 32.744847560316387 ], [ -91.142796575308907, 32.744760323221662 ], [ -91.142920429662524, 32.744667835332649 ], [ -91.143048607854169, 32.744582492581692 ], [ -91.143186337533507, 32.744506816655417 ], [ -91.143322050305798, 32.74443101745355 ], [ -91.143458206156254, 32.74435397717864 ], [ -91.143598895567891, 32.744282020208516 ], [ -91.143731430490575, 32.744200249172863 ], [ -91.143871608307876, 32.744129230291975 ], [ -91.144003598541715, 32.744048396676618 ], [ -91.144139927799898, 32.743969073190691 ], [ -91.144267492541402, 32.74388444823699 ], [ -91.144402571237336, 32.743807056832189 ], [ -91.14453094500594, 32.743722041342252 ], [ -91.144668031303823, 32.7436473580551 ], [ -91.144804916324418, 32.743572153825696 ], [ -91.144944146247298, 32.743497291345435 ], [ -91.145075746637971, 32.743416624149781 ], [ -91.145208244656658, 32.74333460383108 ], [ -91.145341265767271, 32.74325299297292 ], [ -91.14546976924764, 32.743168112750737 ], [ -91.145606846415333, 32.743092603429339 ], [ -91.14573616565059, 32.743008075633014 ], [ -91.14586502788346, 32.742923302693619 ], [ -91.14600661384722, 32.742853837703905 ], [ -91.146141866432288, 32.742774547894463 ], [ -91.146278773886124, 32.742701980359634 ], [ -91.146418764460634, 32.742625159996294 ], [ -91.146551161905975, 32.742543138922137 ], [ -91.146684248376928, 32.742465345917786 ], [ -91.146820694140487, 32.742388686075536 ], [ -91.146948331236828, 32.742301748638354 ], [ -91.147079662996035, 32.742217040486842 ], [ -91.147210428513048, 32.74213450722052 ], [ -91.147336167581784, 32.742046372508064 ], [ -91.147476934587118, 32.741976417046331 ], [ -91.147611439874467, 32.741897487599879 ], [ -91.147755756107316, 32.741831741449381 ], [ -91.147896315875329, 32.741760659715347 ], [ -91.148029869568248, 32.741680883881187 ], [ -91.148162530272714, 32.741599382406278 ], [ -91.148296338300383, 32.741518999582169 ], [ -91.14842191093328, 32.741430726908561 ], [ -91.148558312841729, 32.741353103338959 ], [ -91.14868365773259, 32.741264831886568 ], [ -91.148827892793705, 32.741197518749829 ], [ -91.148962603463488, 32.741119960752386 ], [ -91.149096720967179, 32.741041498438541 ], [ -91.149228489602123, 32.740958792442541 ], [ -91.149368277623324, 32.740885377735196 ], [ -91.149505695597952, 32.740808790721246 ], [ -91.149638704547044, 32.740730198890802 ], [ -91.149772226378644, 32.740650778504687 ], [ -91.149898293487098, 32.740563436228626 ], [ -91.150041102718347, 32.740493381647845 ], [ -91.150179363570459, 32.740420196915714 ], [ -91.150306974030912, 32.740334630484021 ], [ -91.150444723265736, 32.740258864463222 ], [ -91.150564891228115, 32.740163121671316 ], [ -91.150701340893264, 32.740087638868964 ], [ -91.150835222983247, 32.740008737107338 ], [ -91.150976840519988, 32.739940037314724 ], [ -91.151103024802708, 32.739851510916374 ], [ -91.151237929886136, 32.739774416317111 ], [ -91.151369393028475, 32.739690692039524 ], [ -91.151507951060822, 32.73961467250993 ], [ -91.151641398691652, 32.739534618527102 ], [ -91.151780928192892, 32.739461862898942 ], [ -91.151913612648229, 32.739380192317192 ], [ -91.152057357227889, 32.739309662258023 ], [ -91.152185121741795, 32.73922346081762 ], [ -91.152316813370263, 32.739143555556659 ], [ -91.15244899658596, 32.739064113135896 ], [ -91.152584429492165, 32.738988057843443 ], [ -91.15272042165482, 32.738912630856568 ], [ -91.155073875702612, 32.737499581781933 ], [ -91.155215618377227, 32.737431123491064 ], [ -91.155356759479787, 32.737360963831428 ], [ -91.155500964494152, 32.73729509955551 ], [ -91.155626164120051, 32.737206548049606 ], [ -91.155760954842805, 32.73712483165918 ], [ -91.155894421612189, 32.737044195959513 ], [ -91.156003000425216, 32.736934067654602 ] ] } },
{ "type": "Feature", "properties": { "station_id": 13, "station_ft": 2912.9, "width_ft": 2362.9, "flag": "ok", "lon": -91.153436, "lat": 32.74215, "survey_id": "LM_08_MVF_20260506_CS_4874_4808", "date": "2026-05-06 00:00:00+00:00", "method": "lines" }, "geometry": { "type": "LineString", "coordinates": [ [ -91.130889288345401, 32.752804290227132 ], [ -91.131041648487766, 32.752750879980518 ], [ -91.131170902532034, 32.752663233121901 ], [ -91.131316355209279, 32.752601236145253 ], [ -91.13145259856293, 32.75252415414559 ], [ -91.131597580728567, 32.752460538546643 ], [ -91.131742007999392, 32.75239670629643 ], [ -91.131877774565197, 32.752320919042283 ], [ -91.131994346714734, 32.752273781724512 ], [ -91.132133139415288, 32.752201849606564 ], [ -91.132271253278248, 32.752126816135821 ], [ -91.132416417533847, 32.752061742155902 ], [ -91.132551934776146, 32.751983728515391 ], [ -91.132700374521505, 32.751924982339119 ], [ -91.132845019294479, 32.751860240308204 ], [ -91.132990857800152, 32.751797991869154 ], [ -91.133137471429308, 32.751735216218151 ], [ -91.133278977153225, 32.751664968877577 ], [ -91.133414297436076, 32.751583218836295 ], [ -91.13356491482098, 32.751531740041258 ], [ -91.133710395868732, 32.751466030444028 ], [ -91.133851861195893, 32.751398642077397 ], [ -91.13398288524894, 32.751345721648718 ], [ -91.135163890914754, 32.750768718706638 ], [ -91.13531217298052, 32.750707442041673 ], [ -91.135460424624341, 32.750646246552087 ], [ -91.135603383507117, 32.750578874616977 ], [ -91.135744943807865, 32.750511565578059 ], [ -91.135892820324258, 32.750452159193806 ], [ -91.136035002924601, 32.750385394992705 ], [ -91.136175441186509, 32.750312623719083 ], [ -91.136314940831454, 32.750240517461371 ], [ -91.136467070430214, 32.75018759718732 ], [ -91.136607103166128, 32.750116916418605 ], [ -91.136745401301994, 32.75004143683406 ], [ -91.136890678816414, 32.749975339842209 ], [ -91.137032568463297, 32.749901431158008 ], [ -91.137165072808642, 32.749829038791702 ], [ -91.137309004794105, 32.749758030158361 ], [ -91.137452714141219, 32.74968768284937 ], [ -91.137597377932451, 32.749622165182103 ], [ -91.137745363634309, 32.749564405175143 ], [ -91.137890461404282, 32.74950020450617 ], [ -91.138031362150613, 32.749428637407753 ], [ -91.138171328418608, 32.749357955331426 ], [ -91.138316621043984, 32.749293779973065 ], [ -91.13845935804936, 32.749223931907103 ], [ -91.138598669825598, 32.749152924433631 ], [ -91.138743901910672, 32.749089326074063 ], [ -91.138890485019047, 32.74902778109962 ], [ -91.139033797670905, 32.748960457110194 ], [ -91.139173264316184, 32.74888873294244 ], [ -91.139316364278017, 32.748823196309367 ], [ -91.139458998775837, 32.748756591263465 ], [ -91.139601021525735, 32.748687130634544 ], [ -91.139741658831838, 32.748615398307905 ], [ -91.139886835273998, 32.748553036153034 ], [ -91.140034650608925, 32.748491179843533 ], [ -91.14017492324345, 32.748422389894067 ], [ -91.14031407264072, 32.748348220139761 ], [ -91.140453746170991, 32.748278004510418 ], [ -91.140593923811707, 32.748205972118534 ], [ -91.140735732507636, 32.748134506164781 ], [ -91.140876915402686, 32.748065846633089 ], [ -91.141025297548026, 32.748005716816081 ], [ -91.141170039883832, 32.747942283837183 ], [ -91.141312540402055, 32.747875567551368 ], [ -91.141462195272879, 32.747819495777392 ], [ -91.141602978397003, 32.747746386215098 ], [ -91.141737317322026, 32.747661802183877 ], [ -91.141880418097472, 32.747593239169483 ], [ -91.14201676083465, 32.747514605896477 ], [ -91.142163560455856, 32.747455831222439 ], [ -91.142314643823923, 32.747399750120749 ], [ -91.142458729241199, 32.747335742803529 ], [ -91.142599043045522, 32.747264833556734 ], [ -91.142744175792004, 32.747201644225797 ], [ -91.142881400227097, 32.747127209050319 ], [ -91.14302294656548, 32.747059452805011 ], [ -91.143165991976602, 32.746992180857767 ], [ -91.143314378960696, 32.746932954548804 ], [ -91.143457700451691, 32.74686746679609 ], [ -91.143594219843934, 32.746790589936388 ], [ -91.143728422806163, 32.746713040796003 ], [ -91.143869705153563, 32.746641491768678 ], [ -91.144012968893193, 32.746576910890695 ], [ -91.144160366464831, 32.746516260759698 ], [ -91.144309630596538, 32.746457083513079 ], [ -91.144457236965138, 32.746397970922018 ], [ -91.144600681436273, 32.7463318769232 ], [ -91.144740007769641, 32.746259982502011 ], [ -91.144879161480802, 32.746186961893834 ], [ -91.145017333036975, 32.746113205376744 ], [ -91.145156270678143, 32.746041588038658 ], [ -91.145302890551648, 32.745981491661134 ], [ -91.145444233460253, 32.745913238975376 ], [ -91.145591813063277, 32.745855004409272 ], [ -91.145735511158648, 32.74578835832979 ], [ -91.145875923530525, 32.745718048956903 ], [ -91.146016465356126, 32.745647684485277 ], [ -91.146159549273577, 32.745581508997248 ], [ -91.146301085312743, 32.745513281151709 ], [ -91.146447406560384, 32.745449034760952 ], [ -91.146582512357142, 32.745371174655261 ], [ -91.146727288711006, 32.745308752226975 ], [ -91.146866702302759, 32.745236139829295 ], [ -91.147009979669519, 32.74516990711718 ], [ -91.147156806666857, 32.745107772959983 ], [ -91.147301863784421, 32.745044166795587 ], [ -91.147440159641121, 32.744970296811367 ], [ -91.147581752803546, 32.744901408001766 ], [ -91.147715764989712, 32.744821409496907 ], [ -91.147865009928708, 32.744757060409952 ], [ -91.148020183858321, 32.744708174090682 ], [ -91.14816448695052, 32.74464415884848 ], [ -91.148312044192082, 32.744583777857869 ], [ -91.148457107558386, 32.744521159513504 ], [ -91.148594451771942, 32.744446442328531 ], [ -91.148737242665646, 32.744380732917556 ], [ -91.148874975354786, 32.744305957895321 ], [ -91.149005738697142, 32.744219410126092 ], [ -91.149147735969294, 32.744152276188508 ], [ -91.149288019709331, 32.744082596868182 ], [ -91.149439117075914, 32.744029172636374 ], [ -91.149584439375474, 32.743966468352937 ], [ -91.149727078537836, 32.743898559514086 ], [ -91.149869571673435, 32.743832328666173 ], [ -91.150018656759556, 32.743775838375406 ], [ -91.150161303621061, 32.743708726117163 ], [ -91.150312398064102, 32.743655108792503 ], [ -91.150460497512555, 32.743594034645753 ], [ -91.150597278912144, 32.74351854978498 ], [ -91.150736032492958, 32.743445470329377 ], [ -91.150875725741756, 32.743372027510802 ], [ -91.151018201285211, 32.74330417328612 ], [ -91.15114911031381, 32.743219711636122 ], [ -91.151290118329683, 32.74315150959891 ], [ -91.151434072082466, 32.743085294505661 ], [ -91.151581979645258, 32.743024660336161 ], [ -91.151718926845234, 32.742949887341673 ], [ -91.151861241909899, 32.742882363243858 ], [ -91.152005324202023, 32.742816063701817 ], [ -91.152161304570853, 32.742770575528873 ], [ -91.152298321386397, 32.742692777982001 ], [ -91.152438762196013, 32.742623177094679 ], [ -91.152571865347824, 32.742540650054174 ], [ -91.152712962805182, 32.742471731681313 ], [ -91.152852606413219, 32.742400320381783 ], [ -91.152997082701887, 32.742334567182048 ], [ -91.153143499124738, 32.74227482101459 ], [ -91.153289617060665, 32.742210815097998 ], [ -91.153408592890784, 32.742155507861881 ], [ -91.153435990995618, 32.742149968770022 ], [ -91.153562178131054, 32.742104425827918 ], [ -91.153578799093538, 32.742083318688834 ], [ -91.153702370429258, 32.742032598813736 ], [ -91.153708673502308, 32.741996442743869 ], [ -91.153843802872615, 32.741965023254174 ], [ -91.153989423830083, 32.741903713220893 ], [ -91.1541300555904, 32.741833806224989 ], [ -91.154264817734798, 32.741755170086371 ], [ -91.158250057599645, 32.739913242069136 ], [ -91.158382495987851, 32.739830109131972 ], [ -91.158519054342747, 32.73975307792751 ], [ -91.158655870251266, 32.739675770756619 ], [ -91.158791703949376, 32.73959772688832 ], [ -91.158930710785782, 32.739525269773871 ], [ -91.159079776971168, 32.739468136804064 ], [ -91.159206757499618, 32.739378744949256 ] ] } },
{ "type": "Feature", "properties": { "station_id": 14, "station_ft": 3349.2, "width_ft": 2486.4, "flag": "ok", "lon": -91.154656, "lat": 32.744863, "survey_id": "LM_08_MVF_20260506_CS_4874_4808", "date": "2026-05-06 00:00:00+00:00", "method": "lines" }, "geometry": { "type": "LineString", "coordinates": [ [ -91.131166042022045, 32.752902379803807 ], [ -91.131319806201375, 32.752856957646685 ], [ -91.13147657039552, 32.752816024801305 ], [ -91.131621933251694, 32.75275125254521 ], [ -91.131779438351003, 32.752713145106441 ], [ -91.131931089519142, 32.752664190098379 ], [ -91.132084354213589, 32.752617533931719 ], [ -91.132531051819754, 32.752427846675147 ], [ -91.132679165141283, 32.752368909634626 ], [ -91.132841764170934, 32.752340442943272 ], [ -91.132993093419159, 32.752288439090798 ], [ -91.133145854519626, 32.752240135599216 ], [ -91.133298198467529, 32.752188756109376 ], [ -91.133457292043971, 32.752154016986239 ], [ -91.133600772869485, 32.752086341005558 ], [ -91.13375237436793, 32.752035763731307 ], [ -91.133897158917833, 32.751968463220052 ], [ -91.134049669314905, 32.751917659762398 ], [ -91.134199700595005, 32.751866129846739 ], [ -91.134347693483477, 32.751808510834714 ], [ -91.134509895465527, 32.751779494478136 ], [ -91.134651110517908, 32.751705977815149 ], [ -91.134809943140468, 32.751671210699655 ], [ -91.13496408076503, 32.75162432633136 ], [ -91.135119830811931, 32.751583064510072 ], [ -91.135261395029787, 32.751512403386236 ], [ -91.135415745210693, 32.751467385471706 ], [ -91.135566025168444, 32.751414725187495 ], [ -91.135711084345076, 32.751349400114904 ], [ -91.135858635336831, 32.751289830835184 ], [ -91.136022474351606, 32.751265749791337 ], [ -91.136761765086263, 32.751012799312662 ], [ -91.136895191131501, 32.750923416501713 ], [ -91.137058224663548, 32.750896727891579 ], [ -91.137210434732893, 32.750845565455741 ], [ -91.13736640220489, 32.750803475291015 ], [ -91.137509469279181, 32.75073379119214 ], [ -91.137670510936474, 32.750702689826113 ], [ -91.137813408004916, 32.75063218139919 ], [ -91.13796062722821, 32.750572199704273 ], [ -91.138115412521245, 32.750525471438479 ], [ -91.138293076788685, 32.750476617655984 ], [ -91.138443147860499, 32.750430056328945 ], [ -91.138596717847932, 32.750381851948639 ], [ -91.138744642989039, 32.750324530289923 ], [ -91.138896966726378, 32.750275425520215 ], [ -91.139045449238196, 32.750218540867621 ], [ -91.139198175764207, 32.75017083441881 ], [ -91.139354942846083, 32.750131155969093 ], [ -91.139508180670646, 32.750082319606868 ], [ -91.139647718511426, 32.750007570982973 ], [ -91.139798271999638, 32.749953254648595 ], [ -91.139948486422568, 32.749897566995926 ], [ -91.140104931517655, 32.749858245865731 ], [ -91.140258887482929, 32.749809981971396 ], [ -91.140411917826853, 32.749759908685959 ], [ -91.140564055662765, 32.749708385586139 ], [ -91.140712729575796, 32.74965141387819 ], [ -91.140865985670374, 32.749601229479168 ], [ -91.141017268716652, 32.749548693297719 ], [ -91.141166820708477, 32.749491771302374 ], [ -91.141320160458932, 32.749440156584782 ], [ -91.141470144020261, 32.749384274738432 ], [ -91.141618156087659, 32.749326097925426 ], [ -91.141776230899538, 32.749287479274663 ], [ -91.141930395167734, 32.749240750331467 ], [ -91.142083154785979, 32.749189743483733 ], [ -91.142233455876649, 32.749136745088826 ], [ -91.142383346712464, 32.749081467809766 ], [ -91.142532479714887, 32.74902512400152 ], [ -91.142681429389626, 32.748966581904078 ], [ -91.142836578841482, 32.748924601165903 ], [ -91.142988996265998, 32.748875517899847 ], [ -91.143139008650053, 32.748823043289072 ], [ -91.143291273000287, 32.748771350165335 ], [ -91.143440677851103, 32.748716514810454 ], [ -91.143594134223463, 32.748667232932519 ], [ -91.143747306203934, 32.748618968946033 ], [ -91.143901395197702, 32.748571358902119 ], [ -91.144048110995612, 32.748510466229042 ], [ -91.144195996817743, 32.748449537862115 ], [ -91.144350707285895, 32.748402390339692 ], [ -91.144497236880966, 32.748342680505218 ], [ -91.144649654438538, 32.748293706142995 ], [ -91.144802358623252, 32.748244234696031 ], [ -91.144961763692422, 32.748209121951014 ], [ -91.145116712301217, 32.748163263210266 ], [ -91.145266004673402, 32.748106970143169 ], [ -91.14541892720311, 32.74805999790788 ], [ -91.145569235075101, 32.74800817764973 ], [ -91.145721177888333, 32.747957225792284 ], [ -91.145875747760897, 32.747909115174004 ], [ -91.146025428475539, 32.747852680727185 ], [ -91.146178624849853, 32.747800236859526 ], [ -91.146320848207765, 32.74773211453514 ], [ -91.146473637216658, 32.747681266292105 ], [ -91.146626500554163, 32.747631571583916 ], [ -91.14678476713118, 32.747589619862111 ], [ -91.146934917095805, 32.747531285874004 ], [ -91.14708009268908, 32.747465946978316 ], [ -91.147226306362271, 32.747400381154556 ], [ -91.147374394296179, 32.747344285480828 ], [ -91.147527520880715, 32.747295028010583 ], [ -91.147676505879403, 32.747240932482704 ], [ -91.147835654621247, 32.747203069324485 ], [ -91.147989299070474, 32.74715718847802 ], [ -91.148143754137266, 32.747111055102756 ], [ -91.148297232833457, 32.747064817877295 ], [ -91.148449744571764, 32.747016112432831 ], [ -91.148598921995372, 32.746958303984115 ], [ -91.148749740023206, 32.746905734501595 ], [ -91.148902464799818, 32.746855406731996 ], [ -91.149053302282738, 32.746797751958326 ], [ -91.149201753738041, 32.746738930381291 ], [ -91.149352780068241, 32.746687871007033 ], [ -91.149506216039157, 32.74664072545761 ], [ -91.149658648067685, 32.746590452782058 ], [ -91.149810794280526, 32.746541033910056 ], [ -91.149957708809239, 32.746477824667323 ], [ -91.150111469756183, 32.746430703315717 ], [ -91.150262984186668, 32.746379693773896 ], [ -91.150417813434913, 32.746335671512028 ], [ -91.150569105467696, 32.746285350163227 ], [ -91.150721156191551, 32.74623271528079 ], [ -91.150870969395726, 32.746177181351932 ], [ -91.151022977331934, 32.746126910695573 ], [ -91.151176100746724, 32.746077758825791 ], [ -91.151324935547947, 32.74601843720486 ], [ -91.151474525561042, 32.745960045562562 ], [ -91.15162664108324, 32.745907382114218 ], [ -91.151779563342572, 32.74585416316485 ], [ -91.151930179617878, 32.745801179111197 ], [ -91.152087285488207, 32.745760932565581 ], [ -91.152248087327962, 32.745726515642978 ], [ -91.152399425496228, 32.745674350484393 ], [ -91.152546662322663, 32.745614653732531 ], [ -91.152690572877447, 32.745547008248771 ], [ -91.152841447088036, 32.745493993467534 ], [ -91.152990454605941, 32.745435933866467 ], [ -91.153145095731773, 32.745389408114242 ], [ -91.153297199596352, 32.745339298202857 ], [ -91.153452612991629, 32.745295460459452 ], [ -91.153600337011994, 32.745235979310124 ], [ -91.15375226507669, 32.745184440773947 ], [ -91.153901558202364, 32.745129374643739 ], [ -91.154056384412101, 32.7450854570423 ], [ -91.154208315479082, 32.745034302971689 ], [ -91.154360592394809, 32.744985509861159 ], [ -91.154505346612993, 32.74491785678218 ], [ -91.154655848871826, 32.744863495999816 ], [ -91.154809213963887, 32.744816371514737 ], [ -91.154968213201997, 32.744780698725108 ], [ -91.155117827264974, 32.744725299022122 ], [ -91.155258376413414, 32.74465321995703 ], [ -91.161157425498502, 32.742639664072627 ], [ -91.161305337655989, 32.742583910290875 ], [ -91.161457679901076, 32.742535906203194 ], [ -91.16161004808076, 32.742487378762569 ], [ -91.161762005560448, 32.742436572501198 ], [ -91.161909241300862, 32.7423780190353 ], [ -91.16205823063531, 32.742319316741742 ], [ -91.162218661732794, 32.742284559521764 ], [ -91.162381478594597, 32.742254541987279 ] ] } },
{ "type": "Feature", "properties": { "station_id": 15, "station_ft": 4104.4, "width_ft": 1001.6, "flag": "ok", "lon": -91.156321, "lat": 32.747642, "survey_id": "LM_08_MVF_20260506_CS_4874_4808", "date": "2026-05-06 00:00:00+00:00", "method": "lines" }, "geometry": { "type": "LineString", "coordinates": [ [ -91.132303401320044, 32.753793080195905 ], [ -91.132453024514149, 32.753731714469566 ], [ -91.132614310198861, 32.753705262760413 ], [ -91.132769361205348, 32.753665493424464 ], [ -91.13291608652203, 32.753596588311623 ], [ -91.134873231065214, 32.753104893049368 ], [ -91.135034028436948, 32.753075005806316 ], [ -91.135193303602279, 32.753045787255679 ], [ -91.135350519585572, 32.753008282243201 ], [ -91.135503066090436, 32.752957833866446 ], [ -91.13565952745769, 32.752919508224061 ], [ -91.135816897586125, 32.752884722134283 ], [ -91.135973287884795, 32.75284219093129 ], [ -91.136134695800123, 32.752818840356106 ], [ -91.136285105557747, 32.752762247771265 ], [ -91.136439587679746, 32.752717364805413 ], [ -91.136593105664204, 32.752670179424875 ], [ -91.13675667877655, 32.752652475176731 ], [ -91.13690678602444, 32.752594949606944 ], [ -91.137054956213973, 32.752531830283779 ], [ -91.137214594972846, 32.752499913404264 ], [ -91.137380562860301, 32.752488101959401 ], [ -91.13754119802438, 32.752462115201602 ], [ -91.137693642253495, 32.752411335701531 ], [ -91.137848285217814, 32.752366449975987 ], [ -91.138004607880902, 32.752327407246163 ], [ -91.13816148899177, 32.752289131707087 ], [ -91.138319790467406, 32.752256809927729 ], [ -91.138472983350525, 32.752206188789245 ], [ -91.138628756295816, 32.752163988285673 ], [ -91.138785834814385, 32.752126011875077 ], [ -91.138939926475118, 32.752081404279551 ], [ -91.139098337657785, 32.752046881519568 ], [ -91.139256989860357, 32.752013897149105 ], [ -91.139415084024307, 32.751980339066812 ], [ -91.139568131675532, 32.751931723859705 ], [ -91.139724238068354, 32.751894192572379 ], [ -91.14171750866403, 32.751384787746595 ], [ -91.141870137342281, 32.751336942515728 ], [ -91.142029649931118, 32.751309445988703 ], [ -91.142183898508307, 32.751264475430098 ], [ -91.14234243155235, 32.751229453659633 ], [ -91.142502027270183, 32.751193132662777 ], [ -91.14265869623145, 32.751153312753161 ], [ -91.142818440239481, 32.751122680253424 ], [ -91.142972312162257, 32.751075787792786 ], [ -91.143127652831851, 32.751029434801481 ], [ -91.143279013591368, 32.750974641989487 ], [ -91.143437234716529, 32.750937449514097 ], [ -91.143598727156217, 32.750909663175975 ], [ -91.143752611219085, 32.750864198009211 ], [ -91.143912354031741, 32.750829881503449 ], [ -91.144065927537383, 32.750786094260832 ], [ -91.144223397524215, 32.750748631533973 ], [ -91.144379250474628, 32.750705132138513 ], [ -91.144537258734132, 32.750669753018272 ], [ -91.144691786040468, 32.75062354132681 ], [ -91.144852467414864, 32.75059608775905 ], [ -91.145014947822048, 32.750562522196475 ], [ -91.145173570872586, 32.750526864172826 ], [ -91.145333311837504, 32.750496118491895 ], [ -91.145489996699439, 32.750458328336755 ], [ -91.145645421137274, 32.750407244880961 ], [ -91.145798136628756, 32.75035856925593 ], [ -91.14594937942455, 32.750305313239096 ], [ -91.14610793915385, 32.750273585047879 ], [ -91.146269596989129, 32.750246261301541 ], [ -91.146425289324583, 32.750203144549651 ], [ -91.146583054019302, 32.750166281112854 ], [ -91.146737193385306, 32.750120453563191 ], [ -91.146893647377212, 32.750082526099099 ], [ -91.147046211698694, 32.750031679502705 ], [ -91.147202293977259, 32.749988697222108 ], [ -91.147357420187689, 32.749944208773464 ], [ -91.147516036653613, 32.749908053699798 ], [ -91.147676434696621, 32.74987831701614 ], [ -91.147834172024261, 32.749845602807852 ], [ -91.147987356172536, 32.749795080171815 ], [ -91.148127384500981, 32.749714217042296 ], [ -91.148294586751817, 32.749703126188457 ], [ -91.148449264050754, 32.74965949144034 ], [ -91.148599606638967, 32.749639851518964 ], [ -91.148770317870316, 32.749592649466123 ], [ -91.148930763759864, 32.749564643077328 ], [ -91.149079818357194, 32.749503702266402 ], [ -91.14912898352155, 32.749495328976757 ], [ -91.14928916601454, 32.749467021769611 ], [ -91.149445957431752, 32.749427027606394 ], [ -91.149600713465333, 32.749381494614688 ], [ -91.149758441136285, 32.749347897980201 ], [ -91.149913059512414, 32.749305086892647 ], [ -91.150066265525496, 32.749257310030352 ], [ -91.150221032321767, 32.749216530976355 ], [ -91.150382023688948, 32.749184232405739 ], [ -91.150539495461246, 32.749144067431267 ], [ -91.150695387063692, 32.749105451801618 ], [ -91.150851206415851, 32.749066067283252 ], [ -91.151008282973038, 32.749025437209859 ], [ -91.151167104806646, 32.748990732475697 ], [ -91.151320465545751, 32.748942155958638 ], [ -91.151475381737228, 32.748896482558003 ], [ -91.151630945452581, 32.748854075277158 ], [ -91.151787786555403, 32.74881624921656 ], [ -91.1519448444039, 32.748780785854443 ], [ -91.152104377700852, 32.748749290824286 ], [ -91.152261278972546, 32.748710969638346 ], [ -91.152417643747384, 32.748674437168646 ], [ -91.152573288358838, 32.748630351898235 ], [ -91.152728291069693, 32.748587149809296 ], [ -91.15288170143171, 32.74854055034325 ], [ -91.153038835792302, 32.748502940826796 ], [ -91.153199643113908, 32.748472123186644 ], [ -91.153360848553262, 32.748445755428499 ], [ -91.153514301665709, 32.74840039117035 ], [ -91.153668376509373, 32.74835186212799 ], [ -91.153824185673201, 32.748308048358254 ], [ -91.153978002617762, 32.748259823603739 ], [ -91.154135127421739, 32.748221277698889 ], [ -91.154293925119816, 32.748187724282694 ], [ -91.154453409273927, 32.748154687362678 ], [ -91.154608332007157, 32.748110054259172 ], [ -91.154763023253381, 32.748061491886176 ], [ -91.154916520125298, 32.748013955194651 ], [ -91.155072624677572, 32.747974205602603 ], [ -91.155232473717703, 32.747941935372289 ], [ -91.155388092466552, 32.747902298584975 ], [ -91.155546757096445, 32.747868661503631 ], [ -91.155703553301848, 32.747826323165206 ], [ -91.155857303017967, 32.747778068605101 ], [ -91.156001124827625, 32.747704153865406 ], [ -91.156156758648677, 32.747662757676764 ], [ -91.156320651369398, 32.747642387464829 ], [ -91.163364454765016, 32.745890386953157 ], [ -91.16351978556122, 32.74584510808679 ], [ -91.163683060160096, 32.745825255377824 ], [ -91.163832950351321, 32.745764950754641 ], [ -91.163992455491709, 32.745735035089659 ] ] } },
{ "type": "Feature", "properties": { "station_id": 16, "station_ft": 5052.2, "width_ft": 2118.7, "flag": "ok", "lon": -91.155063, "lat": 32.751019, "survey_id": "LM_08_MVF_20260506_CS_4874_4808", "date": "2026-05-06 00:00:00+00:00", "method": "lines" }, "geometry": { "type": "LineString", "coordinates": [ [ -91.133488204141614, 32.754901693351293 ], [ -91.133643006360771, 32.754852057886524 ], [ -91.133801959601996, 32.754819132554914 ], [ -91.133965324615971, 32.754806766021616 ], [ -91.134123174101546, 32.754770604748224 ], [ -91.136647713092188, 32.754322060262574 ], [ -91.136805173497606, 32.754282600527311 ], [ -91.136966706355224, 32.754261967651729 ], [ -91.137128620547216, 32.754240315883585 ], [ -91.137291542542528, 32.754222285964573 ], [ -91.137447293156214, 32.754180829165151 ], [ -91.137604457107045, 32.754140985297596 ], [ -91.137764460530008, 32.754113133021676 ], [ -91.137928006754478, 32.754099413003239 ], [ -91.138089586533468, 32.754076827060501 ], [ -91.138247992991666, 32.754045027675346 ], [ -91.138405378294934, 32.754008148947868 ], [ -91.138562950823527, 32.753970389643207 ], [ -91.138721587802095, 32.75394254583162 ], [ -91.138883215175767, 32.753921745773162 ], [ -91.139042967077458, 32.753887737442575 ], [ -91.139203141569467, 32.7538645269982 ], [ -91.139360898042014, 32.753829129822456 ], [ -91.139521268074574, 32.75379874452986 ], [ -91.139680978857982, 32.753771001708458 ], [ -91.139841849058129, 32.753745697589785 ], [ -91.14000049400542, 32.753715158675369 ], [ -91.14016292228294, 32.753696633168772 ], [ -91.140321226985265, 32.753660928281413 ], [ -91.140479728527197, 32.753628959557751 ], [ -91.14064151841302, 32.753604638581507 ], [ -91.140800189115737, 32.753573465485083 ], [ -91.140961361727264, 32.753549230131192 ], [ -91.141120643087177, 32.753517283527763 ], [ -91.141280050283157, 32.753484867918637 ], [ -91.141440946102676, 32.753458847426913 ], [ -91.141601666724824, 32.753431398632785 ], [ -91.141759703853879, 32.753394896541174 ], [ -91.141919943518758, 32.753371875184051 ], [ -91.142074146212181, 32.753325090776883 ], [ -91.143877900967581, 32.753033618163819 ], [ -91.144033824986451, 32.752983137599088 ], [ -91.144200137174408, 32.752984369996796 ], [ -91.144359774608731, 32.752956044608219 ], [ -91.144513974818096, 32.752902029042041 ], [ -91.144669856699494, 32.752857676953766 ], [ -91.144828166865864, 32.752826474060335 ], [ -91.144988280470642, 32.752796935584804 ], [ -91.145149747446055, 32.752776733564083 ], [ -91.145307999519133, 32.752742809052329 ], [ -91.145473854179826, 32.752736594521032 ], [ -91.145638468277056, 32.752726320153023 ], [ -91.14579869106575, 32.75269804505082 ], [ -91.145952754438568, 32.75264696911961 ], [ -91.146109090803037, 32.752606377884909 ], [ -91.146266987345356, 32.752569100976686 ], [ -91.146429728774208, 32.752549603207072 ], [ -91.146588254777882, 32.75251727045039 ], [ -91.146747955893801, 32.752488968669923 ], [ -91.146908082857777, 32.752464677477136 ], [ -91.147067333996844, 32.752433383600852 ], [ -91.147226113144967, 32.752400305379702 ], [ -91.14738779668788, 32.752375426366207 ], [ -91.147547679219755, 32.752349293733317 ], [ -91.147708660102936, 32.752325903103269 ], [ -91.147870228003327, 32.752299017894394 ], [ -91.148029338239539, 32.752270251236752 ], [ -91.148189769354687, 32.752243703037003 ], [ -91.148347267578941, 32.752209257508987 ], [ -91.148507624123852, 32.752174546120074 ], [ -91.148665047182803, 32.752139139450179 ], [ -91.148824697875128, 32.752108966998108 ], [ -91.148988548521075, 32.752093663417348 ], [ -91.149149534601307, 32.752070820056304 ], [ -91.149311118361794, 32.752053030343212 ], [ -91.149471746692456, 32.752026781300188 ], [ -91.149631220673939, 32.751998697357841 ], [ -91.149789467299286, 32.75196452017439 ], [ -91.149949476005858, 32.751938109543453 ], [ -91.150108721046564, 32.751906371818023 ], [ -91.150266114453842, 32.751871347471074 ], [ -91.150423981317388, 32.751834781506773 ], [ -91.150583118650843, 32.751805544351804 ], [ -91.150741939104535, 32.751773753589134 ], [ -91.150915675701995, 32.751754755396405 ], [ -91.151063686633407, 32.751718087012357 ], [ -91.151226524189525, 32.751698774472672 ], [ -91.15138899110174, 32.751678145827476 ], [ -91.151548191394738, 32.751648742025921 ], [ -91.151705376675395, 32.751612425975523 ], [ -91.151861310715972, 32.751570923095258 ], [ -91.152020272146004, 32.75153679344313 ], [ -91.152179147026402, 32.751507445974219 ], [ -91.152342535441264, 32.751495109502166 ], [ -91.152506586453597, 32.751487551206338 ], [ -91.152667753830883, 32.751463520903634 ], [ -91.152826109570071, 32.751427277857587 ], [ -91.1529837485092, 32.751390846332612 ], [ -91.153142303651251, 32.751362187750203 ], [ -91.153298445948053, 32.751318730406872 ], [ -91.153454904936027, 32.751277826270375 ], [ -91.153618622696015, 32.75126598102802 ], [ -91.153779259643784, 32.751237363021524 ], [ -91.153939908067983, 32.751210008043572 ], [ -91.154097828680136, 32.751175992592096 ], [ -91.154255711542362, 32.751137991590312 ], [ -91.154418206716912, 32.751120519372478 ], [ -91.154577478312689, 32.751085037289315 ], [ -91.15473997457714, 32.751067701709722 ], [ -91.15490256938682, 32.751050530288538 ], [ -91.15506294844819, 32.751018668849063 ], [ -91.155218724687998, 32.750977932011892 ], [ -91.155378211711096, 32.750948192356098 ], [ -91.155537154181374, 32.750915871743338 ], [ -91.155696146530119, 32.750881792250098 ], [ -91.155858474056927, 32.750860443681518 ], [ -91.156017189674913, 32.750828206909546 ], [ -91.156180265303803, 32.750806770958079 ], [ -91.156339392197296, 32.750776811527153 ], [ -91.156498167268495, 32.750743997559539 ], [ -91.156659307595461, 32.750717295936248 ], [ -91.156819791435723, 32.750689883356941 ], [ -91.156979192109617, 32.75066154441236 ], [ -91.157139327033036, 32.750631605298075 ], [ -91.157300110712171, 32.750612106327289 ], [ -91.157458544988089, 32.750577698247341 ], [ -91.157622340335408, 32.750567413565015 ], [ -91.157777473222211, 32.750524122321664 ], [ -91.164198558637665, 32.749333966539204 ], [ -91.164355143545805, 32.749296978614858 ], [ -91.164517548585209, 32.749277514669465 ], [ -91.164685288009665, 32.749278985496552 ], [ -91.164846835617112, 32.749258206697043 ], [ -91.165000854816242, 32.749207657815283 ], [ -91.165162137660175, 32.749182868621943 ], [ -91.165325588081672, 32.749170872842569 ], [ -91.165482936980339, 32.749135801808812 ], [ -91.165639364544901, 32.749092547289266 ], [ -91.165804274370387, 32.749087081359903 ], [ -91.165968250820868, 32.749075685401735 ] ] } },
{ "type": "Feature", "properties": { "station_id": 17, "station_ft": 5382.4, "width_ft": 1640.4, "flag": "ok", "lon": -91.15546, "lat": 32.753802, "survey_id": "LM_08_MVF_20260506_CS_4874_4808", "date": "2026-05-06 00:00:00+00:00", "method": "lines" }, "geometry": { "type": "LineString", "coordinates": [ [ -91.134813737399369, 32.756219981722772 ], [ -91.134980070523895, 32.756226448935585 ], [ -91.135139256162304, 32.756193878392928 ], [ -91.135299720205765, 32.756162508674507 ], [ -91.135461062570826, 32.756145562458926 ], [ -91.135621791855542, 32.756125706502672 ], [ -91.138441068635018, 32.755798589169366 ], [ -91.13860255139646, 32.755783040191488 ], [ -91.138764279511591, 32.755769384844719 ], [ -91.138925396283653, 32.755745674531695 ], [ -91.139087186244851, 32.755720888440145 ], [ -91.139248791058066, 32.755697119569682 ], [ -91.139411234657828, 32.755679996183311 ], [ -91.139572201799012, 32.755664943418218 ], [ -91.139735823599892, 32.755648554147321 ], [ -91.139897584779945, 32.755627723945352 ], [ -91.140058947705342, 32.755609837509716 ], [ -91.140220108502405, 32.755590962981458 ], [ -91.140383529158015, 32.755581170243879 ], [ -91.140545555795711, 32.755561052561916 ], [ -91.14070844359162, 32.755542715429982 ], [ -91.14087012261858, 32.755520043192924 ], [ -91.141030826528095, 32.755490313860449 ], [ -91.141193187966522, 32.755467718866008 ], [ -91.141355096987226, 32.755445374552004 ], [ -91.141517060029813, 32.755425476047179 ], [ -91.141679236393486, 32.755407582284377 ], [ -91.141841926107048, 32.755396198123009 ], [ -91.142005644322751, 32.755383378789283 ], [ -91.142169043270428, 32.755367591939198 ], [ -91.142330629338673, 32.755349234054357 ], [ -91.142494657695565, 32.755331079309578 ], [ -91.142656753641589, 32.755315191130428 ], [ -91.142819454996157, 32.755297814600496 ], [ -91.14298084203017, 32.755279072130577 ], [ -91.143144647805286, 32.755265123596232 ], [ -91.143306936028395, 32.755248930357524 ], [ -91.143468849186036, 32.755219959259414 ], [ -91.143632302942407, 32.755188724593452 ], [ -91.143794134422834, 32.755165251390174 ], [ -91.143958528323211, 32.755151710076831 ], [ -91.144120025899568, 32.755130739082603 ], [ -91.144279426819168, 32.755097440512877 ], [ -91.144443133481019, 32.755086981483778 ], [ -91.144610879639572, 32.755091639570132 ], [ -91.144771759038349, 32.755070781749858 ], [ -91.144932308337275, 32.755045775245939 ], [ -91.145093882880104, 32.755022632062229 ], [ -91.145255254317917, 32.755005810139743 ], [ -91.145418639624438, 32.754988782893044 ], [ -91.145579695859638, 32.75496946212786 ], [ -91.145742161981971, 32.754947822712076 ], [ -91.145904780732209, 32.754925137905275 ], [ -91.146066902270704, 32.754912103610586 ], [ -91.14622999261006, 32.75489483015042 ], [ -91.146390240783219, 32.754868944561004 ], [ -91.14655337928528, 32.7548533466652 ], [ -91.146717116210894, 32.754839255955147 ], [ -91.146878600760331, 32.754816990237472 ], [ -91.147039199875792, 32.754797697620575 ], [ -91.147202247017546, 32.754782759533832 ], [ -91.147365010975165, 32.754765320803358 ], [ -91.147528669574029, 32.754746173602982 ], [ -91.147691002269653, 32.754724395472927 ], [ -91.147853040571292, 32.754702289017402 ], [ -91.148014426649752, 32.754683567139246 ], [ -91.148176787653199, 32.754668439280103 ], [ -91.148341564632901, 32.754661403759222 ], [ -91.148506392403903, 32.754652801404838 ], [ -91.148667343832628, 32.754625754136569 ], [ -91.14882806485015, 32.754602005749433 ], [ -91.148989710873224, 32.754586909445358 ], [ -91.14915052807828, 32.75455944944472 ], [ -91.14931027205138, 32.754535542688828 ], [ -91.149471152212485, 32.7545077527407 ], [ -91.149630377700817, 32.754480605470498 ], [ -91.149792774979872, 32.754455141583271 ], [ -91.149954626033278, 32.754441278959192 ], [ -91.150117331580176, 32.754431835293481 ], [ -91.150280683623464, 32.75441840250479 ], [ -91.150443254924596, 32.754401511992448 ], [ -91.15060533066486, 32.754387152922298 ], [ -91.150766997912214, 32.754370954095187 ], [ -91.150929001220391, 32.75435241741468 ], [ -91.151090962956559, 32.754332725694255 ], [ -91.151251975513162, 32.754312518766554 ], [ -91.151412893242124, 32.754289067866004 ], [ -91.151572907329708, 32.754262848069942 ], [ -91.151733934950784, 32.754237197649701 ], [ -91.151894853584722, 32.754217374644199 ], [ -91.152057591949784, 32.754200975093646 ], [ -91.152220410936195, 32.75418627905453 ], [ -91.152384914847659, 32.754170884681791 ], [ -91.152546109218093, 32.754149272734388 ], [ -91.152707582988086, 32.754129747134748 ], [ -91.152872047238731, 32.754120646382354 ], [ -91.153033950947773, 32.754105433178786 ], [ -91.153197272858264, 32.754088946277989 ], [ -91.153357284554247, 32.754062448299976 ], [ -91.15351815528247, 32.754041084294386 ], [ -91.15368071441651, 32.754022897508584 ], [ -91.153841970739151, 32.754001008468997 ], [ -91.154004411081729, 32.753987686816011 ], [ -91.154166483631656, 32.753969640551141 ], [ -91.15433025290055, 32.753948695657257 ], [ -91.154492489763015, 32.753930894966324 ], [ -91.154653544884297, 32.753908402052005 ], [ -91.154813496441676, 32.753882644729309 ], [ -91.154977049984382, 32.753870083687275 ], [ -91.15513754126313, 32.753850012259605 ], [ -91.155299371071848, 32.753826853379216 ], [ -91.155460341753141, 32.753802298655614 ], [ -91.155625608097807, 32.753802780617669 ], [ -91.155790352705708, 32.753799556114664 ], [ -91.155956832261111, 32.753801073867841 ], [ -91.156116483811914, 32.75376039340977 ], [ -91.156602144747524, 32.753706247666898 ], [ -91.156762132188064, 32.753670345997726 ], [ -91.156920068895857, 32.753630774983449 ], [ -91.157085398281637, 32.753623999379649 ], [ -91.157249411657901, 32.753611982403903 ], [ -91.157412558569249, 32.753597771619766 ], [ -91.157573132004387, 32.753569011186407 ], [ -91.157731299236815, 32.753529850624858 ], [ -91.157892200661166, 32.753508452864722 ], [ -91.158052931911584, 32.753479251643626 ], [ -91.158219169142669, 32.75348626486754 ], [ -91.158384207426153, 32.753490318208229 ], [ -91.158549886300733, 32.753482603292113 ], [ -91.162787548647941, 32.752969911462806 ], [ -91.1629474524876, 32.752942907849871 ], [ -91.163108285668585, 32.752924995315617 ], [ -91.163271882083009, 32.752913934466818 ], [ -91.163433837966991, 32.752897773332663 ], [ -91.163596773058472, 32.752889052792909 ] ] } }
]
}
