{
"type": "FeatureCollection",
"name": "LM_15_CVB_20160426_CS_MB_5993_5998_depth",
"crs": { "type": "name", "properties": { "name": "urn:ogc:def:crs:EPSG::26915" } },
"features": [
{ "type": "Feature", "properties": { "depth_bin": "115-120" }, "geometry": { "type": "MultiPolygon", "coordinates": [ [ [ [ 676792.101812333916314, 3759038.109912886749953 ], [ 676787.299418704933487, 3759060.012678207829595 ], [ 676793.466771801235154, 3759081.9550656741485 ], [ 676809.88775290211197, 3759098.3760467749089 ], [ 676830.267070321016945, 3759103.138818344566971 ], [ 676863.240551862749271, 3759086.971612045541406 ], [ 676888.614320310647599, 3759058.573517377022654 ], [ 676895.355535818496719, 3759036.350708056241274 ], [ 676882.195602657389827, 3759004.979918557219207 ], [ 676853.911331409937702, 3758993.264189804904163 ], [ 676811.685487537062727, 3759007.107558377552778 ], [ 676792.101812333916314, 3759038.109912886749953 ] ] ], [ [ [ 676982.028291842667386, 3758932.961872637271881 ], [ 676960.380447836825624, 3758954.609716643113643 ], [ 676962.058778563281521, 3758988.772923410870135 ], [ 676986.44015248445794, 3759013.084997359197587 ], [ 677022.12690877658315, 3759011.446290601976216 ], [ 677044.754039867897518, 3758981.766171504277736 ], [ 677041.832519614952616, 3758948.252015742473304 ], [ 677018.167056131176651, 3758928.830271786078811 ], [ 676982.028291842667386, 3758932.961872637271881 ] ] ] ] } },
{ "type": "Feature", "properties": { "depth_bin": "120-125" }, "geometry": { "type": "MultiPolygon", "coordinates": [ [ [ [ 676561.685640512732789, 3759117.409601144026965 ], [ 676539.290851273108274, 3759154.717779314145446 ], [ 676529.113643698510714, 3759209.661320154555142 ], [ 676543.545301398844458, 3759236.661052675917745 ], [ 676575.8886094216723, 3759245.627270448487252 ], [ 676594.190733129275031, 3759239.07866587350145 ], [ 676645.747732284129597, 3759194.033646536991 ], [ 676671.403444366529584, 3759151.944856625050306 ], [ 676670.480668578878976, 3759113.48184692626819 ], [ 676652.896088832756504, 3759084.143748047295958 ], [ 676616.962265232810751, 3759077.045929053798318 ], [ 676585.440289834979922, 3759089.643192458897829 ], [ 676561.685640512732789, 3759117.409601144026965 ] ] ], [ [ [ 676793.926434875349514, 3759011.705984096974134 ], [ 676780.728122483356856, 3759041.346819763537496 ], [ 676781.498746934230439, 3759085.939276969525963 ], [ 676792.445886902860366, 3759106.419935336336493 ], [ 676816.809472537133843, 3759117.943053155671805 ], [ 676856.462821744964458, 3759109.278015750925988 ], [ 676900.377607072819956, 3759073.880004440434277 ], [ 676927.55155838734936, 3759025.868968860246241 ], [ 676919.717238312703557, 3758990.545061319135129 ], [ 676888.89531264139805, 3758971.397411417216063 ], [ 676840.523660323466174, 3758981.114148450084031 ], [ 676793.926434875349514, 3759011.705984096974134 ] ] ], [ [ [ 676952.012049933546223, 3758958.497902978211641 ], [ 676940.672707313555293, 3758987.576345650013536 ], [ 676941.547261984203942, 3759010.038244316354394 ], [ 676954.44914404687006, 3759029.347275360487401 ], [ 676975.90418980026152, 3759038.234246293082833 ], [ 676999.053509415476583, 3759036.902578521985561 ], [ 677020.553965627099387, 3759025.173142644576728 ], [ 677058.844004243961535, 3758991.514864861033857 ], [ 677067.730975176324137, 3758970.059819107409567 ], [ 677056.20785735687241, 3758937.854862246662378 ], [ 677016.768259436241351, 3758919.841733011417091 ], [ 676980.280558021855541, 3758924.015677961520851 ], [ 676952.012049933546223, 3758958.497902978211641 ] ] ] ] } },
{ "type": "Feature", "properties": { "depth_bin": "125-130" }, "geometry": { "type": "MultiPolygon", "coordinates": [ [ [ [ 676526.228679727762938, 3759176.563794488087296 ], [ 676517.068422823678702, 3759224.62856816360727 ], [ 676501.633458907483146, 3759243.001132761128247 ], [ 676499.35722899180837, 3759266.112082936801016 ], [ 676516.365830887109041, 3759291.567254547961056 ], [ 676549.439143551979214, 3759297.619129075668752 ], [ 676576.27090538374614, 3759284.975546022877097 ], [ 676737.049748178455047, 3759132.472994917538017 ], [ 676747.996888147084974, 3759111.992336550727487 ], [ 676745.760280728922226, 3759087.357939552515745 ], [ 676731.272940571652725, 3759063.558388286735862 ], [ 676701.087047844543122, 3759045.591208818368614 ], [ 676640.494011382106692, 3759052.135735563002527 ], [ 676599.946824742597528, 3759069.621033248025924 ], [ 676573.364289783407003, 3759091.412323421798646 ], [ 676541.085155134787783, 3759135.24600924924016 ], [ 676526.228679727762938, 3759176.563794488087296 ] ] ], [ [ [ 676770.579037677263841, 3759042.666805724147707 ], [ 676755.203811960644089, 3759084.892946082167327 ], [ 676757.123439594288357, 3759121.714924763422459 ], [ 676778.771283600130118, 3759143.362768769264221 ], [ 676810.260350875440054, 3759144.80406851740554 ], [ 676873.527953289798461, 3759109.769283403176814 ], [ 676951.203654848854057, 3759037.975166328251362 ], [ 676981.984382006572559, 3759047.335320708341897 ], [ 677037.205988104688004, 3759028.026591622736305 ], [ 677073.745721693034284, 3758989.842701636720449 ], [ 677076.786105870036408, 3758957.85199517942965 ], [ 677053.815829735365696, 3758932.508200969081372 ], [ 677007.058903950848617, 3758915.490768719930202 ], [ 676983.073555439827032, 3758916.325702998321503 ], [ 676962.201453735120595, 3758930.711413369514048 ], [ 676941.20615145098418, 3758965.106141612399369 ], [ 676877.606851705815643, 3758955.215456093661487 ], [ 676817.130581094068475, 3758983.800842126831412 ], [ 676787.872265258920379, 3759010.024048641789705 ], [ 676770.579037677263841, 3759042.666805724147707 ] ] ] ] } },
{ "type": "Feature", "properties": { "depth_bin": "130-135" }, "geometry": { "type": "MultiPolygon", "coordinates": [ [ [ [ 676500.862489721272141, 3759228.639060528017581 ], [ 676487.766025729826652, 3759264.124983202200383 ], [ 676502.390294363256544, 3759295.045401336625218 ], [ 676541.477032350376248, 3759304.4815988028422 ], [ 676582.881163050886244, 3759294.493062700610608 ], [ 676620.787959927110933, 3759265.12789508048445 ], [ 676639.10249949991703, 3759237.310163419228047 ], [ 676751.169883520109579, 3759129.889047220349312 ], [ 676772.479380417848006, 3759150.821516371332109 ], [ 676807.015342726488598, 3759152.342061544302851 ], [ 676891.782650764798746, 3759109.615467903204262 ], [ 676947.535417202161625, 3759058.942374874372035 ], [ 676974.501712462399155, 3759067.25362915173173 ], [ 677016.288566578994505, 3759060.077908356208354 ], [ 677084.505022203200497, 3759001.329229511320591 ], [ 677093.391993135563098, 3758979.874183757696301 ], [ 677090.539785369066522, 3758960.646160849835724 ], [ 677066.425816274946555, 3758937.471259512472898 ], [ 677029.021123394952156, 3758932.588480950798839 ], [ 677013.580433165305294, 3758917.803016360849142 ], [ 676991.717285880818963, 3758911.477175160776824 ], [ 676966.341554514248855, 3758920.556757026351988 ], [ 676941.642067164299078, 3758955.411455512512475 ], [ 676884.124744973145425, 3758945.26655502198264 ], [ 676857.589628939284012, 3758953.233944085426629 ], [ 676859.764557690825313, 3758920.193737728521228 ], [ 676834.952439048676752, 3758889.90360480453819 ], [ 676813.497393295285292, 3758881.016633871942759 ], [ 676780.518620107672177, 3758885.035699307452887 ], [ 676754.181570639368147, 3758911.135023659095168 ], [ 676755.506913715507835, 3758949.406557251699269 ], [ 676778.598963434807956, 3758974.140917474869639 ], [ 676818.28987538756337, 3758977.819266138598323 ], [ 676787.255456016748212, 3759005.599353244993836 ], [ 676754.676680643926375, 3759064.896347147878259 ], [ 676731.381442878744565, 3759041.569074739702046 ], [ 676690.402670991723426, 3759033.516173295676708 ], [ 676636.042539444519207, 3759047.446529627777636 ], [ 676582.789626577403396, 3759074.329388623591512 ], [ 676533.349058501189575, 3759139.618231085129082 ], [ 676512.517451794352382, 3759219.634003251791 ], [ 676500.862489721272141, 3759228.639060528017581 ] ] ], [ [ [ 676383.61876554612536, 3759286.521046066191047 ], [ 676361.021476402529515, 3759326.92054542992264 ], [ 676362.06653585168533, 3759364.503377202432603 ], [ 676385.198199049569666, 3759387.714289850089699 ], [ 676426.437356703681871, 3759389.515107016079128 ], [ 676459.185180664644577, 3759351.386750920675695 ], [ 676459.462552521843463, 3759310.107967427466065 ], [ 676444.915463325683959, 3759291.368749376852065 ], [ 676420.60588400287088, 3759279.163850771263242 ], [ 676383.61876554612536, 3759286.521046066191047 ] ] ] ] } },
{ "type": "Feature", "properties": { "depth_bin": "135-140" }, "geometry": { "type": "MultiPolygon", "coordinates": [ [ [ [ 676272.949096619617194, 3759264.452871897257864 ], [ 676244.149017498013563, 3759295.758783925324678 ], [ 676247.845414306269959, 3759333.288930540904403 ], [ 676265.215966284973547, 3759349.469106191303581 ], [ 676292.867697431822307, 3759359.953309607226402 ], [ 676335.081664121942595, 3759354.297678401693702 ], [ 676352.090266017243266, 3759328.842506790533662 ], [ 676356.73785387002863, 3759289.125736634247005 ], [ 676349.99663836217951, 3759266.902927313465625 ], [ 676316.73785387002863, 3759249.125736634247005 ], [ 676272.949096619617194, 3759264.452871897257864 ] ] ], [ [ [ 676354.627492901752703, 3759343.341822911985219 ], [ 676357.300965460017323, 3759375.962716315407306 ], [ 676374.614679663092829, 3759401.484397602267563 ], [ 676396.069725416484289, 3759410.371368534862995 ], [ 676424.97968118742574, 3759404.475885734893382 ], [ 676450.32407837419305, 3759381.035110314376652 ], [ 676479.719814947689883, 3759324.826200500596315 ], [ 676566.680655208649114, 3759307.686166589614004 ], [ 676609.641051487880759, 3759289.78833095729351 ], [ 676657.947916322969832, 3759235.584588397294283 ], [ 676745.635178441065364, 3759162.509153620805591 ], [ 676768.803874707198702, 3759172.625304825138301 ], [ 676797.359559587552212, 3759171.909243763890117 ], [ 676888.379153142566793, 3759123.24725789250806 ], [ 676944.704721056041308, 3759077.91773425322026 ], [ 676984.119976252666675, 3759082.453999037854373 ], [ 677026.995500992634334, 3759068.922100993338972 ], [ 677097.111324625322595, 3759013.688158408738673 ], [ 677108.428387085092254, 3758987.887648421339691 ], [ 677103.977091471198946, 3758962.064192993100733 ], [ 677090.923050218028948, 3758947.661277974024415 ], [ 677062.91166698851157, 3758936.761708305217326 ], [ 677029.38509806105867, 3758943.473655044101179 ], [ 677015.569567788508721, 3758920.517135886941105 ], [ 676994.114522035117261, 3758911.630164954345673 ], [ 676964.92412822751794, 3758918.099527253303677 ], [ 676941.878685479052365, 3758948.460153881460428 ], [ 676907.465949860867113, 3758937.114003589376807 ], [ 676915.130191936157644, 3758917.307616848032922 ], [ 676910.758136396179907, 3758888.437268177513033 ], [ 676894.337155295303091, 3758872.016287076752633 ], [ 676862.154625891707838, 3758859.88979294616729 ], [ 676768.027508806437254, 3758878.858967216219753 ], [ 676748.93538619170431, 3758896.36458875797689 ], [ 676740.784092467743903, 3758917.673986703623086 ], [ 676746.088881301227957, 3758959.832964357919991 ], [ 676777.270148224779405, 3759015.266900037415326 ], [ 676758.504571569268592, 3759050.49002269981429 ], [ 676726.135875970474444, 3759020.326471648178995 ], [ 676673.927891555358656, 3759021.097096202895045 ], [ 676570.753148847259581, 3759074.575071793049574 ], [ 676530.460659313946962, 3759133.445203177630901 ], [ 676519.95851127372589, 3759163.899150392971933 ], [ 676513.286937064607628, 3759143.093922274652869 ], [ 676495.335489867022261, 3759128.361550294794142 ], [ 676472.224539691815153, 3759126.085320379119366 ], [ 676453.155763156479225, 3759134.985967313405126 ], [ 676434.544470480759628, 3759163.448405135888606 ], [ 676440.477474113111384, 3759194.998271971009672 ], [ 676458.428921310696751, 3759209.730643950868398 ], [ 676481.539871485903859, 3759212.006873866543174 ], [ 676499.111989971832372, 3759203.695880784653127 ], [ 676516.606673187576234, 3759181.420450998470187 ], [ 676509.983772452571429, 3759216.140642609912902 ], [ 676479.46191175095737, 3759236.601144338957965 ], [ 676433.272631748113781, 3759223.191738384310156 ], [ 676392.50396286661271, 3759237.968857408966869 ], [ 676359.653641720535234, 3759309.434350987896323 ], [ 676354.627492901752703, 3759343.341822911985219 ] ] ] ] } },
{ "type": "Feature", "properties": { "depth_bin": "140-145" }, "geometry": { "type": "MultiPolygon", "coordinates": [ [ [ [ 676066.346444500493817, 3759470.981275769881904 ], [ 676043.719384668394923, 3759499.398676438722759 ], [ 676042.198821390513331, 3759533.934605489950627 ], [ 676062.202865572064184, 3759573.246503442525864 ], [ 676102.236866043531336, 3759580.682951643597335 ], [ 676129.811596191953868, 3759561.826347910333425 ], [ 676143.29058767517563, 3759539.827646064572036 ], [ 676151.188633505138569, 3759510.278578654397279 ], [ 676148.4524277781602, 3759482.519250194076449 ], [ 676135.550545715494081, 3759463.210219149943441 ], [ 676114.095499962102622, 3759454.323248217348009 ], [ 676066.346444500493817, 3759470.981275769881904 ] ] ], [ [ [ 676176.211835648166016, 3759297.558494225144386 ], [ 676161.489669211558066, 3759320.206273261457682 ], [ 676160.218874794431031, 3759351.808809763286263 ], [ 676173.452087096986361, 3759380.137208532076329 ], [ 676198.202098752604797, 3759405.656160953920335 ], [ 676234.723499425221235, 3759410.338865623343736 ], [ 676292.749414049671032, 3759381.407016325742006 ], [ 676331.651587902102619, 3759376.272504586726427 ], [ 676351.272832076298073, 3759364.960181136615574 ], [ 676369.885848211706616, 3759407.459298343397677 ], [ 676390.465229487745091, 3759417.372985264286399 ], [ 676417.537074106629007, 3759415.093868445139378 ], [ 676449.801022920175456, 3759391.785779024474323 ], [ 676508.202098494162783, 3759327.516897225286812 ], [ 676526.989965413114987, 3759317.815383254084736 ], [ 676574.179010134888813, 3759312.454622941557318 ], [ 676623.312539146048948, 3759291.668394415639341 ], [ 676727.878399239736609, 3759192.695320104714483 ], [ 676754.954236218589358, 3759180.86374483210966 ], [ 676784.821155732381158, 3759183.98428341280669 ], [ 676843.791391625418328, 3759168.649356748443097 ], [ 676866.749412344768643, 3759150.169802217744291 ], [ 676901.799988739658147, 3759136.420732094440609 ], [ 676930.044738480937667, 3759100.180645164567977 ], [ 676999.1109482931206, 3759093.309928598813713 ], [ 677037.019118520780466, 3759069.03641455527395 ], [ 677088.448681801557541, 3759050.702029156498611 ], [ 677119.128745484515093, 3759005.724694397766143 ], [ 677120.609663562499918, 3758972.712168824858963 ], [ 677104.554859454045072, 3758951.064771423116326 ], [ 677077.151655658264644, 3758942.754987890832126 ], [ 677050.306381854228675, 3758945.409088458865881 ], [ 677023.404790197964758, 3758966.700349014718086 ], [ 677022.463409252581187, 3758930.978992848657072 ], [ 676994.990171559271403, 3758910.603451105300337 ], [ 676968.832322565256618, 3758912.800438775215298 ], [ 676944.111171276774257, 3758938.370078379753977 ], [ 676934.753257929463871, 3758936.091497621033341 ], [ 676925.097896292922087, 3758931.482246168423444 ], [ 676928.265250205527991, 3758905.939905278384686 ], [ 676915.834282488329336, 3758883.896177631337196 ], [ 676861.431676178704947, 3758859.201280683744699 ], [ 676777.03316307021305, 3758866.757139568217099 ], [ 676745.259204098605551, 3758890.006288573611528 ], [ 676733.127234233426861, 3758918.999330026563257 ], [ 676736.990727417403832, 3758962.032698821742088 ], [ 676768.040818028035574, 3759024.169060115236789 ], [ 676762.086530582746491, 3759035.103050419129431 ], [ 676729.126993970246986, 3759011.020793528296053 ], [ 676699.686140871723182, 3759002.973394252359867 ], [ 676672.151608121930622, 3759007.224684120621532 ], [ 676629.043184217996895, 3759033.7437893031165 ], [ 676590.77490143023897, 3759029.499953398946673 ], [ 676548.131244599004276, 3759055.785933854989707 ], [ 676541.582640024251305, 3759074.088057562708855 ], [ 676545.775286200689152, 3759096.1501993695274 ], [ 676526.244891199981794, 3759129.820095729082823 ], [ 676501.85975468356628, 3759114.254269141238183 ], [ 676469.06687022105325, 3759119.57378286216408 ], [ 676364.84586710203439, 3759195.751422022935003 ], [ 676347.520155728212558, 3759243.150441946927458 ], [ 676326.540398681070656, 3759231.652631443459541 ], [ 676304.078512376290746, 3759232.527181273791939 ], [ 676234.877139316406101, 3759287.485264496877789 ], [ 676204.388953672721982, 3759283.762592234183103 ], [ 676176.211835648166016, 3759297.558494225144386 ] ], [ [ 676598.448554030503146, 3759182.008948375936598 ], [ 676625.40403230371885, 3759134.630761332344264 ], [ 676682.565816216520034, 3759111.136401674244553 ], [ 676657.548453778610565, 3759129.00196646945551 ], [ 676598.448554030503146, 3759182.008948375936598 ] ], [ [ 676847.199832756770775, 3759052.477004042360932 ], [ 676850.324777620960958, 3759048.503531085792929 ], [ 676875.031858048634604, 3759026.480276748072356 ], [ 676857.238393475185148, 3759046.426060759928077 ], [ 676847.199832756770775, 3759052.477004042360932 ] ] ], [ [ [ 676220.146061813342385, 3759472.115472859237343 ], [ 676240.586719789425842, 3759513.858492929022759 ], [ 676262.041765542817302, 3759522.745463861618191 ], [ 676284.316673789871857, 3759519.972507963422686 ], [ 676303.055891867028549, 3759505.425424473825842 ], [ 676316.82386495207902, 3759479.632041653152555 ], [ 676312.890432799817063, 3759435.876095467247069 ], [ 676291.242588793975301, 3759414.228251461405307 ], [ 676254.534143305383623, 3759414.069748904090375 ], [ 676226.788911467418075, 3759438.06480301450938 ], [ 676220.146061813342385, 3759472.115472859237343 ] ] ] ] } },
{ "type": "Feature", "properties": { "depth_bin": "145-150" }, "geometry": { "type": "MultiPolygon", "coordinates": [ [ [ [ 676079.0179862244986, 3759446.338406015187502 ], [ 676036.833205811795779, 3759508.306963164359331 ], [ 676049.017002886510454, 3759570.243445025756955 ], [ 676076.490240579820238, 3759590.61898676911369 ], [ 676109.895482399733737, 3759587.243233441840857 ], [ 676145.11282339761965, 3759597.542967225890607 ], [ 676163.968692870694213, 3759592.819817799609154 ], [ 676192.848101221490651, 3759557.204481090418994 ], [ 676187.236345727695152, 3759509.900114065036178 ], [ 676157.974227812956087, 3759487.035674036014825 ], [ 676149.053310140850954, 3759454.025842413306236 ], [ 676131.148513605236076, 3759436.041794268414378 ], [ 676102.965590023552068, 3759432.047607825603336 ], [ 676079.0179862244986, 3759446.338406015187502 ] ] ], [ [ [ 676180.523609729018062, 3759270.368532982189208 ], [ 676151.099958471255377, 3759297.912020778283477 ], [ 676146.428547540795989, 3759354.499069345183671 ], [ 676177.792602293659002, 3759410.57374443532899 ], [ 676221.866985248285346, 3759432.930579211562872 ], [ 676214.448549097636715, 3759456.722544038668275 ], [ 676219.432542371680029, 3759500.259408035315573 ], [ 676198.476711280876771, 3759527.815637252293527 ], [ 676196.160854872781783, 3759552.450029790401459 ], [ 676213.169456768082455, 3759577.905201401561499 ], [ 676246.2428636852419, 3759583.957083725370467 ], [ 676288.037243001046591, 3759555.342496296856552 ], [ 676304.209584181779064, 3759514.992104267701507 ], [ 676347.049089404172264, 3759455.677117437124252 ], [ 676415.247693299083039, 3759437.180029045324773 ], [ 676526.24361915118061, 3759331.079498061910272 ], [ 676624.357438380247913, 3759299.899215549696237 ], [ 676731.457260823459364, 3759210.498267349321395 ], [ 676828.995454931515269, 3759186.452355467714369 ], [ 676871.315416849567555, 3759163.97275939071551 ], [ 676900.858823536662385, 3759160.740584187675267 ], [ 676937.233827950432897, 3759111.753581366501749 ], [ 677003.403941542957909, 3759104.092941033188254 ], [ 677038.229756711283699, 3759079.749066810589284 ], [ 677078.512476753559895, 3759070.843109156936407 ], [ 677121.466063083847985, 3759030.72039579693228 ], [ 677137.36761769617442, 3758996.370779093820602 ], [ 677137.407239155960269, 3758971.624554460868239 ], [ 677114.436963021289557, 3758946.280760250519961 ], [ 677076.051887558423914, 3758945.131766157690436 ], [ 677055.571229191613384, 3758956.078906126320362 ], [ 677037.465633075800724, 3758984.924337098840624 ], [ 677007.472062761662528, 3758993.051505696959794 ], [ 677022.655831585405394, 3758948.19254957139492 ], [ 677004.878640906186774, 3758914.933765079360455 ], [ 676977.211696597631089, 3758908.345539398491383 ], [ 676951.79829382058233, 3758921.026951940730214 ], [ 676937.925730021204799, 3758913.576691957656294 ], [ 676931.354073283495381, 3758894.805330692790449 ], [ 676911.918798285769299, 3758878.509889317210764 ], [ 676879.586103834910318, 3758875.345162897370756 ], [ 676853.093178154435009, 3758856.605172937270254 ], [ 676778.952816713950597, 3758851.562284134794027 ], [ 676749.795514780678786, 3758864.617064008954912 ], [ 676729.687562721665017, 3758893.669176585972309 ], [ 676729.943139896262437, 3758958.06644024932757 ], [ 676752.784132918808609, 3759015.941711183171719 ], [ 676723.683311872999184, 3758997.395524624269456 ], [ 676676.50176227837801, 3758990.265238485764712 ], [ 676615.982101820642129, 3758998.141439436003566 ], [ 676592.959467136417516, 3759022.681128817610443 ], [ 676538.20280175015796, 3759055.362924979068339 ], [ 676529.315830817795359, 3759076.817970732692629 ], [ 676534.27526181214489, 3759103.489192336797714 ], [ 676525.832157216500491, 3759119.052615779452026 ], [ 676497.261523062363267, 3759107.471146789845079 ], [ 676454.334066214156337, 3759117.419976970180869 ], [ 676373.057541063055396, 3759173.097783170640469 ], [ 676337.649266566266306, 3759228.784320533275604 ], [ 676300.541057969909161, 3759227.755840789526701 ], [ 676238.687476673047058, 3759273.949186570476741 ], [ 676180.523609729018062, 3759270.368532982189208 ] ], [ [ 676589.155041335732676, 3759207.735868602991104 ], [ 676596.048853726824746, 3759168.430462243035436 ], [ 676619.298386016860604, 3759126.615538449026644 ], [ 676647.274708830285817, 3759122.131116472184658 ], [ 676696.799394791480154, 3759084.489646680187434 ], [ 676705.83249097247608, 3759113.336199490353465 ], [ 676639.958453472121619, 3759160.558587896637619 ], [ 676587.491215963615105, 3759215.082973794545978 ], [ 676589.155041335732676, 3759207.735868602991104 ] ], [ [ 676843.896975661278702, 3759068.34341226099059 ], [ 676831.610738950199448, 3759074.836421140935272 ], [ 676862.380234200390987, 3759006.874710495118052 ], [ 676914.810063859098591, 3759014.530990757513791 ], [ 676843.896975661278702, 3759068.34341226099059 ] ], [ [ 676822.381452223286033, 3758956.855227399151772 ], [ 676818.538200380746275, 3758948.630349666811526 ], [ 676829.158927116310224, 3758948.948991603218019 ], [ 676826.505017489427701, 3758965.639777334872633 ], [ 676822.381452223286033, 3758956.855227399151772 ] ] ] ] } },
{ "type": "Feature", "properties": { "depth_bin": "150-155" }, "geometry": { "type": "Polygon", "coordinates": [ [ [ 676077.317036521504633, 3759426.019300522748381 ], [ 676063.924268789822236, 3759464.891009071376175 ], [ 676033.825950253405608, 3759506.70426988741383 ], [ 676048.803112502675503, 3759576.644427317194641 ], [ 676068.326459645060822, 3759592.837445753626525 ], [ 676096.057314727455378, 3759600.274781234096736 ], [ 676175.722558190813288, 3759605.395159244537354 ], [ 676212.318484336952679, 3759617.494116088375449 ], [ 676234.593391631729901, 3759614.721161924302578 ], [ 676286.157162580057047, 3759569.013852865435183 ], [ 676354.145807912456803, 3759474.138438193127513 ], [ 676428.800184846273623, 3759443.630531926173717 ], [ 676504.778278197860345, 3759366.817039231769741 ], [ 676655.384151798440143, 3759289.453604531940073 ], [ 676751.499392839730717, 3759217.42923730192706 ], [ 676840.150152554619126, 3759191.42182954121381 ], [ 676876.733128012041561, 3759171.001940758898854 ], [ 676912.887920287554152, 3759167.151360177900642 ], [ 676928.853906629490666, 3759152.613493172917515 ], [ 676940.988027040264569, 3759122.412574504036456 ], [ 677004.610410358640365, 3759116.32025885488838 ], [ 677036.35993203392718, 3759091.729434281121939 ], [ 677087.494689638377167, 3759077.174641397316009 ], [ 677123.297209187410772, 3759052.574231125880033 ], [ 677138.534139175666496, 3759026.751466899178922 ], [ 677167.069267708924599, 3759024.50300531135872 ], [ 677183.742151866201311, 3759014.509663129691035 ], [ 677194.689291834831238, 3758994.029004762880504 ], [ 677192.452683400828391, 3758969.394603611901402 ], [ 677162.578057830105536, 3758944.782009521033615 ], [ 677092.849463307182305, 3758944.044151784852147 ], [ 677069.282282572821714, 3758956.435499290935695 ], [ 677039.838146668160334, 3758999.626696398016065 ], [ 677001.929303879849613, 3759007.267926252447069 ], [ 677019.416321917786263, 3758944.192621745169163 ], [ 676996.980974075268023, 3758911.273386341053993 ], [ 676974.204418989014812, 3758906.742847847752273 ], [ 676955.724034887971357, 3758913.423659340944141 ], [ 676920.980345835443586, 3758881.794613980688155 ], [ 676899.618737403769046, 3758877.067760817240924 ], [ 676879.089333102456294, 3758882.793988417368382 ], [ 676859.614711042144336, 3758858.917423708830029 ], [ 676809.150811881059781, 3758846.315486961044371 ], [ 676743.066366945160553, 3758859.669921773485839 ], [ 676722.724361788947135, 3758877.224296423140913 ], [ 676713.837390856584534, 3758898.679342176765203 ], [ 676734.140745219541714, 3758988.952310597524047 ], [ 676688.754736744216643, 3758962.0937405298464 ], [ 676646.702303018653765, 3758971.745871488936245 ], [ 676627.543141175876372, 3758990.487237863242626 ], [ 676602.985681032179855, 3758999.526620641350746 ], [ 676588.618440733174793, 3759020.046395752578974 ], [ 676536.540096487267874, 3759028.195320672821254 ], [ 676518.3041448649019, 3759039.672486054245383 ], [ 676504.985726486891508, 3759070.964025783352554 ], [ 676515.653583459672518, 3759105.490374087821692 ], [ 676459.672329742112197, 3759111.56683393009007 ], [ 676434.041062375879847, 3759128.760713662952185 ], [ 676356.557443442405201, 3759154.712092417757958 ], [ 676344.977993508568034, 3759170.325173257384449 ], [ 676333.76321391609963, 3759217.946669148746878 ], [ 676298.753712232341059, 3759220.333136413246393 ], [ 676253.513692510430701, 3759248.074055559001863 ], [ 676237.080575526342727, 3759266.873913975898176 ], [ 676196.068695139838383, 3759258.18296208884567 ], [ 676166.188951615476981, 3759266.249495920725167 ], [ 676145.444946340168826, 3759292.348446402233094 ], [ 676134.478760168422014, 3759329.434195394162089 ], [ 676136.287267641397193, 3759351.237948913127184 ], [ 676112.417865332798101, 3759365.953205900732428 ], [ 676102.522497769445181, 3759397.381538083776832 ], [ 676077.317036521504633, 3759426.019300522748381 ] ], [ [ 676434.116679340135306, 3759303.33412518305704 ], [ 676415.435975337284617, 3759251.168382371310145 ], [ 676463.651073398417793, 3759211.736997827421874 ], [ 676492.557261109235696, 3759258.314801475033164 ], [ 676434.116679340135306, 3759303.33412518305704 ] ], [ [ 676199.935404447256587, 3759500.015055374242365 ], [ 676182.440853703883477, 3759474.612831228412688 ], [ 676163.574947301647626, 3759464.070165570825338 ], [ 676187.34169797366485, 3759431.453419295605272 ], [ 676208.623051543952897, 3759448.235806256067008 ], [ 676215.630859971861355, 3759496.239927736576647 ], [ 676201.977128715021536, 3759506.405753180384636 ], [ 676199.935404447256587, 3759500.015055374242365 ] ], [ [ 676683.156942384317517, 3759142.492515766061842 ], [ 676619.608403090620413, 3759202.054429705254734 ], [ 676582.972343751927838, 3759231.141450666356832 ], [ 676591.686735136201605, 3759165.401761843822896 ], [ 676635.880942624527961, 3759089.808740198612213 ], [ 676674.718500071438029, 3759074.683370863087475 ], [ 676699.958098865463398, 3759078.114547527395189 ], [ 676719.02147454302758, 3759126.450633243191987 ], [ 676683.156942384317517, 3759142.492515766061842 ] ], [ [ 676847.737955696298741, 3759078.974538246169686 ], [ 676817.373533926904202, 3759103.462415446992964 ], [ 676843.563703886698931, 3759023.465637012850493 ], [ 676807.270249746739864, 3758937.871285665780306 ], [ 676828.333533675642684, 3758943.017997418064624 ], [ 676849.895361646311358, 3758937.030631908215582 ], [ 676848.891143684857525, 3758956.586546827573329 ], [ 676858.646343058324419, 3758977.245183450635523 ], [ 676881.757803224027157, 3758993.593084783758968 ], [ 676908.106288397568278, 3758996.782274608965963 ], [ 676931.519459871808067, 3759030.875634112861007 ], [ 676898.010220964788459, 3759039.261228735093027 ], [ 676859.028102591866627, 3759077.267933194059879 ], [ 676847.737955696298741, 3759078.974538246169686 ] ] ] } },
{ "type": "Feature", "properties": { "depth_bin": "155-160" }, "geometry": { "type": "Polygon", "coordinates": [ [ [ 676082.361114417784847, 3759380.759732867125422 ], [ 676086.345720117213205, 3759411.533156639896333 ], [ 676063.81995713035576, 3759432.301408745814115 ], [ 676032.302509397268295, 3759506.664643696509302 ], [ 676044.862052139244042, 3759576.498760550748557 ], [ 676071.80103809456341, 3759595.070429923944175 ], [ 676246.052610554383136, 3759619.48674680152908 ], [ 676306.160049190861173, 3759561.911783672869205 ], [ 676362.608232732396573, 3759486.343260462395847 ], [ 676448.644582926761359, 3759442.622216537129134 ], [ 676504.646527854725718, 3759385.258717212360352 ], [ 676664.405956845963374, 3759294.261686459649354 ], [ 676758.414041993557476, 3759227.801798205822706 ], [ 676841.435862252139486, 3759200.60213991580531 ], [ 676878.269086811109446, 3759179.008855116087943 ], [ 676916.837862447486259, 3759173.598153271712363 ], [ 676956.341953027527779, 3759127.61289770109579 ], [ 677008.108248830889352, 3759122.615073994733393 ], [ 677037.777563443291001, 3759101.051685025449842 ], [ 677075.972308379365131, 3759092.36591297481209 ], [ 677123.091817750828341, 3759066.847934481222183 ], [ 677150.213999144500121, 3759037.042177319526672 ], [ 677195.483579015475698, 3759028.150748052634299 ], [ 677213.582890842808411, 3759008.181234773714095 ], [ 677214.905322971637361, 3758981.262510388623923 ], [ 677202.003440908971243, 3758961.953479344490916 ], [ 677171.639620696776547, 3758948.066642924677581 ], [ 677107.20433125004638, 3758950.043761560227722 ], [ 677079.669185323175043, 3758967.377005914691836 ], [ 677062.644607172114775, 3758997.19035306526348 ], [ 677046.489368970622309, 3759007.851816209033132 ], [ 677004.224386656540446, 3759017.385750943794847 ], [ 676974.446680684224702, 3759039.226425045635551 ], [ 676905.891365601681173, 3759046.842457555234432 ], [ 676886.741391877876595, 3759058.401775671634823 ], [ 676866.923935948288999, 3759088.487433874513954 ], [ 676813.982243167236447, 3759114.694981549866498 ], [ 676835.787878201925196, 3759029.36131593445316 ], [ 676802.030567349516787, 3758931.82811416266486 ], [ 676837.779456450836733, 3758937.718685366678983 ], [ 676868.839177530142479, 3758917.118155670817941 ], [ 676874.906428526039235, 3758962.380128020886332 ], [ 676903.073698682943359, 3758981.133996416348964 ], [ 676931.637026983080432, 3759027.229502717964351 ], [ 676957.012758349650539, 3759036.309084583539516 ], [ 676978.915526123833843, 3759031.665178254712373 ], [ 676994.881511857383884, 3759017.127309373579919 ], [ 677015.833066483493894, 3758938.707002943847328 ], [ 676998.824464588193223, 3758913.251831332687289 ], [ 676961.225666066980921, 3758908.410558629781008 ], [ 676921.815120887360536, 3758882.114493034780025 ], [ 676897.068897998076864, 3758882.074872197583318 ], [ 676876.029604956507683, 3758897.309742493089288 ], [ 676869.486902464181185, 3758870.329155178740621 ], [ 676847.839505062205717, 3758854.274351070169359 ], [ 676799.942612714250572, 3758840.936934575904161 ], [ 676748.483867253293283, 3758850.769873584620655 ], [ 676722.472096629324369, 3758868.142726278398186 ], [ 676707.71030967135448, 3758892.313984678126872 ], [ 676717.093930485541932, 3758956.782948710955679 ], [ 676695.892529271426611, 3758948.084093389566988 ], [ 676676.664506363682449, 3758950.936301155947149 ], [ 676600.163684189319611, 3758992.459428961854428 ], [ 676583.386847341433167, 3759016.989342638291419 ], [ 676527.570985922473483, 3759028.683435675222427 ], [ 676503.700844627222978, 3759057.749949076678604 ], [ 676504.8007390901912, 3759097.022905494552106 ], [ 676482.23154549614992, 3759099.851851493120193 ], [ 676438.679345529759303, 3759121.214508833829314 ], [ 676385.99218061612919, 3759130.993248589802533 ], [ 676350.648949426366016, 3759149.08909947052598 ], [ 676332.750820515328087, 3759171.531631334684789 ], [ 676325.045270005008206, 3759209.833900385070592 ], [ 676292.778813696699217, 3759215.604211752768606 ], [ 676236.025468751089647, 3759260.946559337433428 ], [ 676191.656765840714797, 3759251.97031885990873 ], [ 676160.174432261032052, 3759263.04411521460861 ], [ 676129.530417236499488, 3759309.003540938254446 ], [ 676124.782617353950627, 3759329.794915269128978 ], [ 676093.836667511495762, 3759348.865511676296592 ], [ 676082.361114417784847, 3759380.759732867125422 ] ], [ [ 676425.786118099000305, 3759330.558089428115636 ], [ 676427.750941859441809, 3759302.301927399355918 ], [ 676409.432128252461553, 3759256.679584056604654 ], [ 676412.48895068326965, 3759236.806763329077512 ], [ 676442.302705346490256, 3759211.686988870613277 ], [ 676478.178870110190473, 3759196.222753607202321 ], [ 676487.46884744730778, 3759232.086551072075963 ], [ 676511.73133740236517, 3759269.661149410996586 ], [ 676462.666634023189545, 3759296.828017349354923 ], [ 676425.786118099000305, 3759330.558089428115636 ] ], [ [ 676234.044144411338493, 3759366.192738869227469 ], [ 676221.723159113666043, 3759346.40119351586327 ], [ 676245.072343906387687, 3759354.611726775765419 ], [ 676264.300366814131849, 3759351.759519009385258 ], [ 676299.46511181036476, 3759318.362375089433044 ], [ 676301.540243004448712, 3759347.056295327376574 ], [ 676275.128788411966525, 3759349.158873483072966 ], [ 676234.044144411338493, 3759366.192738869227469 ] ], [ [ 676715.85214204445947, 3759144.040053905919194 ], [ 676614.562280083890073, 3759220.217091114260256 ], [ 676578.745814375113696, 3759241.026246649678797 ], [ 676586.861196900717914, 3759165.99613534938544 ], [ 676608.678555355989374, 3759097.317046570125967 ], [ 676631.629297046456486, 3759089.128942160401493 ], [ 676683.076634248602204, 3759051.553338835015893 ], [ 676700.426894929376431, 3759070.070413287263364 ], [ 676719.271382269682363, 3759121.18637665361166 ], [ 676734.231591460993513, 3759138.709054942708462 ], [ 676715.85214204445947, 3759144.040053905919194 ] ] ] } },
{ "type": "Feature", "properties": { "depth_bin": "160-165" }, "geometry": { "type": "MultiPolygon", "coordinates": [ [ [ [ 676044.292505309451371, 3759421.122086764313281 ], [ 676023.480827621300705, 3759531.027974170166999 ], [ 676049.698223485378549, 3759585.117116244044155 ], [ 676102.41673970001284, 3759597.95686113787815 ], [ 676127.792471066582948, 3759588.877279272302985 ], [ 676142.224128766916692, 3759554.036175524815917 ], [ 676121.41751912527252, 3759522.766866247169673 ], [ 676135.388946400955319, 3759525.61832964932546 ], [ 676146.874094449449331, 3759559.068472979590297 ], [ 676170.196061267284676, 3759588.983295369427651 ], [ 676198.764230110915378, 3759595.8706573555246 ], [ 676224.353278727852739, 3759619.526373638305813 ], [ 676264.943458043038845, 3759620.084028159733862 ], [ 676369.524621462100185, 3759499.655110875610262 ], [ 676466.965639024158008, 3759441.574278214015067 ], [ 676510.381853065569885, 3759396.135443733539432 ], [ 676716.313268409576267, 3759267.632072122301906 ], [ 676743.092525076703168, 3759258.196341038215905 ], [ 676761.74629680311773, 3759238.53760187420994 ], [ 676784.117239910759963, 3759235.698920755647123 ], [ 676878.884984096279368, 3759186.460075252689421 ], [ 676922.812788369134068, 3759178.326990587636828 ], [ 676938.876242533093318, 3759168.211877618916333 ], [ 676958.984109558048658, 3759138.657573346514255 ], [ 677010.387229330721311, 3759128.666344176512212 ], [ 677047.299650304252282, 3759106.826758909504861 ], [ 677086.517592904623598, 3759097.213618336711079 ], [ 677165.281196339754388, 3759045.047961808741093 ], [ 677207.552324080606923, 3759033.038074356503785 ], [ 677225.651635907939635, 3759013.068561077583581 ], [ 677225.651635907939635, 3758982.453886487986892 ], [ 677210.91926392831374, 3758964.502439290750772 ], [ 677181.384420111658983, 3758953.563243153970689 ], [ 677119.193829069379717, 3758957.977987331803888 ], [ 677056.276146492338739, 3759012.944631050340831 ], [ 677008.557002992252819, 3759026.64531570719555 ], [ 676980.278887566644698, 3759046.880845910869539 ], [ 676916.317773082526401, 3759056.260507352650166 ], [ 676892.478584925062023, 3759072.271304255351424 ], [ 676877.153168970136903, 3759099.059691677801311 ], [ 676844.891866598860361, 3759106.23521276563406 ], [ 676810.25551674538292, 3759126.686667795293033 ], [ 676829.535600203904323, 3759035.296618815977126 ], [ 676796.248494084225968, 3758947.716887889429927 ], [ 676797.080975937424228, 3758924.680217070039362 ], [ 676824.65057178249117, 3758933.68469870602712 ], [ 676850.513643399695866, 3758927.709953375626355 ], [ 676868.612955227028579, 3758907.740440096706152 ], [ 676870.928805701201782, 3758883.106041926890612 ], [ 676853.92020380590111, 3758857.650870315730572 ], [ 676805.57907039555721, 3758837.93049639929086 ], [ 676743.343710737302899, 3758849.005790553055704 ], [ 676716.378307765698992, 3758867.984243932180107 ], [ 676706.384965583914891, 3758884.657128089573234 ], [ 676703.669996852520853, 3758913.173190509900451 ], [ 676714.259588270797394, 3758937.62728874431923 ], [ 676689.818107901490293, 3758937.664023413322866 ], [ 676661.230280966497958, 3758957.573191373143345 ], [ 676636.777547132689506, 3758960.57026854576543 ], [ 676576.2032075219322, 3759012.856011381372809 ], [ 676521.516826688777655, 3759027.001502040307969 ], [ 676502.095252610277385, 3759049.404418802354485 ], [ 676497.144860209198669, 3759090.740396603941917 ], [ 676437.313469072571024, 3759118.124149543233216 ], [ 676384.01778943487443, 3759124.738084053155035 ], [ 676346.157864704495296, 3759145.923342657741159 ], [ 676323.610158766736276, 3759171.293892087880522 ], [ 676319.262084204121493, 3759204.992694532498717 ], [ 676289.850798798725009, 3759210.954634894151241 ], [ 676233.135653154575266, 3759254.775463805999607 ], [ 676187.854952620808035, 3759247.592603790573776 ], [ 676154.053874765289947, 3759262.256349416449666 ], [ 676091.265282211825252, 3759330.50496555166319 ], [ 676070.119743352523074, 3759389.518176415935159 ], [ 676044.292505309451371, 3759421.122086764313281 ] ], [ [ 676422.189998166635633, 3759348.110519794281572 ], [ 676421.001940200803801, 3759301.307390377856791 ], [ 676404.44252151879482, 3759254.578018976841122 ], [ 676405.919609845033847, 3759213.999900801572949 ], [ 676478.439964748104103, 3759191.871510121040046 ], [ 676499.909679191070609, 3759254.474215946160257 ], [ 676533.630975781125017, 3759273.764301753137261 ], [ 676422.189998166635633, 3759348.110519794281572 ] ], [ [ 676224.606706076534465, 3759362.567284963559359 ], [ 676212.752823782619089, 3759339.26797181321308 ], [ 676259.318720072158612, 3759343.901671674568206 ], [ 676300.896788194659166, 3759308.082469119690359 ], [ 676312.883249741862528, 3759383.954253902193159 ], [ 676332.485957287135534, 3759410.71092803357169 ], [ 676281.397155222482979, 3759457.026083470787853 ], [ 676269.861808233545162, 3759417.266257677227259 ], [ 676224.606706076534465, 3759362.567284963559359 ] ], [ [ 676687.518757988931611, 3759178.366211348213255 ], [ 676622.738108814693987, 3759225.926291329786181 ], [ 676571.888729860074818, 3759254.563636585138738 ], [ 676596.150293410755694, 3759099.38491089688614 ], [ 676631.748163101146929, 3759084.558604434132576 ], [ 676687.669687892659567, 3759042.393632337916642 ], [ 676702.394439397263341, 3759063.168459347914904 ], [ 676720.834452008944936, 3759119.702551889233291 ], [ 676747.497818467672914, 3759147.652178598102182 ], [ 676721.246175913489424, 3759153.573359439149499 ], [ 676687.518757988931611, 3759178.366211348213255 ] ] ], [ [ [ 676883.94871318701189, 3758906.344308427069336 ], [ 676880.868708537309431, 3758939.85846258699894 ], [ 676921.72010042599868, 3759013.94870583107695 ], [ 676953.171315805404447, 3759033.069575378205627 ], [ 676985.554252602625638, 3759022.738398320041597 ], [ 676997.133702536462806, 3759007.125317480415106 ], [ 677012.82578894298058, 3758952.711537225637585 ], [ 677004.514795861439779, 3758919.532192978076637 ], [ 676926.19314699980896, 3758885.472030601464212 ], [ 676900.369694287888706, 3758889.923327326308936 ], [ 676883.94871318701189, 3758906.344308427069336 ] ] ] ] } },
{ "type": "Feature", "properties": { "depth_bin": "165-170" }, "geometry": { "type": "MultiPolygon", "coordinates": [ [ [ [ 676019.283439826802351, 3759444.863230074290186 ], [ 676006.047380786854774, 3759535.309189774561673 ], [ 676014.358373868395574, 3759552.881308260373771 ], [ 676051.327704661060125, 3759587.415856041479856 ], [ 676081.354126862483099, 3759593.388482765760273 ], [ 676108.827364555792883, 3759573.012941022403538 ], [ 676113.629767071455717, 3759551.110189823433757 ], [ 676107.91087050549686, 3759525.32608314557001 ], [ 676120.421119124512188, 3759502.704794446472079 ], [ 676123.592025272781029, 3759449.919584323652089 ], [ 676132.133753660484217, 3759443.694412904325873 ], [ 676149.335393006098457, 3759461.442927729338408 ], [ 676157.193279981147498, 3759484.350887807551771 ], [ 676153.404013175633736, 3759529.176257160492241 ], [ 676163.735173437045887, 3759553.717813202179968 ], [ 676186.011835772544146, 3759569.74583197478205 ], [ 676213.101134881493635, 3759569.531812524888664 ], [ 676214.204381940653548, 3759598.475811011623591 ], [ 676232.30369376798626, 3759618.445324290543795 ], [ 676286.192400480154902, 3759623.68568958947435 ], [ 676392.500441365991719, 3759499.36915638204664 ], [ 676485.286597189260647, 3759440.526337043847889 ], [ 676523.905434054322541, 3759401.65862430119887 ], [ 676658.19415458466392, 3759310.95003507565707 ], [ 676816.33055455237627, 3759224.038016413338482 ], [ 676851.783010185579769, 3759213.06718535348773 ], [ 676889.000644273241051, 3759190.220148380845785 ], [ 676932.375869474490173, 3759179.854048812761903 ], [ 676975.098072471912019, 3759142.352415157482028 ], [ 677092.532149393111467, 3759100.419007458724082 ], [ 677172.329316391609609, 3759052.535036357119679 ], [ 677224.151902435696684, 3759039.567720353137702 ], [ 677242.251214263029397, 3759019.598207074217498 ], [ 677242.251214263029397, 3758988.98353248462081 ], [ 677227.518842283403501, 3758971.032085287384689 ], [ 677201.030799782602116, 3758960.172128699254245 ], [ 677140.324132733861916, 3758966.14994678972289 ], [ 677054.352652651607059, 3759022.702324772719294 ], [ 677012.929241186240688, 3759034.381431178189814 ], [ 676986.06508405553177, 3759051.847884967923164 ], [ 676926.783803216414526, 3759064.155109360814095 ], [ 676886.312799357343465, 3759103.637858491856605 ], [ 676850.866790825501084, 3759110.964049144182354 ], [ 676799.024238105048425, 3759139.001465570181608 ], [ 676809.385654122801498, 3759121.994978733826429 ], [ 676809.334924569120631, 3759095.295266327913851 ], [ 676824.920136718428694, 3759048.23912389902398 ], [ 676794.310495576122776, 3758954.020841382443905 ], [ 676791.919112745090388, 3758919.563231969252229 ], [ 676820.238710143254139, 3758927.472045278176665 ], [ 676843.015265229507349, 3758922.941506784874946 ], [ 676861.114577056840062, 3758902.971993505954742 ], [ 676863.390806972514838, 3758879.861043330281973 ], [ 676846.382205077214167, 3758854.405871719121933 ], [ 676801.048347914242186, 3758836.288187570869923 ], [ 676743.42295169364661, 3758845.958895915187895 ], [ 676704.775766346836463, 3758878.817231099586934 ], [ 676703.524164575035684, 3758921.394192583393306 ], [ 676653.133849760401063, 3758954.526196624152362 ], [ 676625.370879246504046, 3758961.100905696395785 ], [ 676567.247662292793393, 3759011.168515334371477 ], [ 676510.885028927004896, 3759031.857149081304669 ], [ 676497.686307882657275, 3759054.544570019003004 ], [ 676492.622541638556868, 3759088.041930971201509 ], [ 676438.099679246195592, 3759113.778278252575547 ], [ 676397.165625313878991, 3759112.784735535737127 ], [ 676371.447362746694125, 3759121.608342711348087 ], [ 676323.670017263269983, 3759156.496674614492804 ], [ 676311.58399869769346, 3759176.235923348460346 ], [ 676310.459044826682657, 3759196.287644275929779 ], [ 676232.7763899496058, 3759248.496437328867614 ], [ 676175.67317338718567, 3759245.956623178906739 ], [ 676124.632988045574166, 3759279.784889820031822 ], [ 676085.369642774807289, 3759322.729160213377327 ], [ 676057.735986568615772, 3759378.538582457229495 ], [ 676037.19043110369239, 3759401.11922793276608 ], [ 676019.283439826802351, 3759444.863230074290186 ] ], [ [ 676431.055804919218644, 3759365.094206650275737 ], [ 676420.011217514867894, 3759375.747875665780157 ], [ 676416.233487106277607, 3759308.805735919624567 ], [ 676400.38376920716837, 3759251.456589552108198 ], [ 676401.548566977842711, 3759206.956869444809854 ], [ 676416.972355031524785, 3759199.051589465234429 ], [ 676455.958299020770937, 3759199.145726132206619 ], [ 676478.44587622594554, 3759188.054660674650222 ], [ 676505.042686957400292, 3759254.441897176671773 ], [ 676528.530612090718932, 3759266.991729556117207 ], [ 676555.19009444443509, 3759263.037168913520873 ], [ 676569.593009463511407, 3759249.983127660583705 ], [ 676577.287199311191216, 3759227.986328748520464 ], [ 676587.379042243235745, 3759096.333916743751615 ], [ 676622.327061711228453, 3759084.894736677408218 ], [ 676644.581511856405996, 3759059.081705855671316 ], [ 676692.035484977299348, 3759034.043925354722887 ], [ 676724.41558783093933, 3759121.585666944738477 ], [ 676741.347239680355415, 3759140.397368630860001 ], [ 676767.704429403296672, 3759150.216382943093777 ], [ 676725.499530453467742, 3759165.879806397948414 ], [ 676461.794887782889418, 3759330.343900742009282 ], [ 676431.055804919218644, 3759365.094206650275737 ] ], [ [ 676245.246808566851541, 3759399.053770780563354 ], [ 676205.093125105719082, 3759331.195601248648018 ], [ 676258.072649830952287, 3759333.197849887888879 ], [ 676300.726923388894647, 3759302.359434603713453 ], [ 676323.346342902514152, 3759387.887953660450876 ], [ 676346.832307476899587, 3759420.228158142883331 ], [ 676315.84948415029794, 3759438.393411600962281 ], [ 676284.399851852562279, 3759477.396541321650147 ], [ 676245.246808566851541, 3759399.053770780563354 ] ] ], [ [ [ 676899.064339146600105, 3758911.310864109080285 ], [ 676895.109778504469432, 3758937.970346462912858 ], [ 676922.428632290335372, 3759010.875026736874133 ], [ 676949.367631550412625, 3759029.446699250955135 ], [ 676979.3940537518356, 3759023.474072526674718 ], [ 676994.126425731461495, 3759005.522625329438597 ], [ 677006.573507455759682, 3758958.646849893499166 ], [ 677000.798986202222295, 3758921.003181484062225 ], [ 676984.912242999183945, 3758906.386069943197072 ], [ 676939.785324279800989, 3758890.398965447209775 ], [ 676915.48532024747692, 3758894.889883008319885 ], [ 676899.064339146600105, 3758911.310864109080285 ] ] ] ] } },
{ "type": "Feature", "properties": { "depth_bin": "170-175" }, "geometry": { "type": "MultiPolygon", "coordinates": [ [ [ [ 676007.056288941646926, 3759446.06966493697837 ], [ 675989.387102235923521, 3759497.250511601101607 ], [ 675996.455873564467765, 3759534.269255728460848 ], [ 676012.344946364988573, 3759558.717850347049534 ], [ 676048.280822966131382, 3759587.336602926254272 ], [ 676083.638460216578096, 3759592.395058420486748 ], [ 676108.982254426809959, 3759569.424782285932451 ], [ 676111.834462193306535, 3759550.196759378071874 ], [ 676097.058083117823116, 3759514.630049063358456 ], [ 676096.716229168465361, 3759478.826615683268756 ], [ 676108.825552343158051, 3759441.323261143174022 ], [ 676128.022832964081317, 3759416.367930819280446 ], [ 676187.101946194423363, 3759534.507459743414074 ], [ 676217.170418789493851, 3759555.548189616762102 ], [ 676237.504626146401279, 3759560.308749473653734 ], [ 676232.601116807782091, 3759590.690820796880871 ], [ 676241.488087740144692, 3759612.145866550505161 ], [ 676272.182479751063511, 3759627.723123650532216 ], [ 676308.964888437069021, 3759627.326981460675597 ], [ 676326.916335634654388, 3759612.594609480816871 ], [ 676348.605295459274203, 3759566.454620340839028 ], [ 676406.358430461608805, 3759505.482496350072324 ], [ 676665.334735853946768, 3759315.161667523905635 ], [ 676884.00969698978588, 3759198.852088210172951 ], [ 676941.516561974887736, 3759180.091786304023117 ], [ 676984.487035812227987, 3759147.613856367301196 ], [ 677134.022010201471858, 3759087.77775385370478 ], [ 677186.503500380553305, 3759055.3583510434255 ], [ 677236.220649276277982, 3759044.455048332456499 ], [ 677254.319961103610694, 3759024.485535053536296 ], [ 677254.319961103610694, 3758993.870860463939607 ], [ 677221.438152741524391, 3758967.655572825111449 ], [ 677163.817905282136053, 3758970.281583967152983 ], [ 677126.62915127852466, 3758982.703278339467943 ], [ 677097.077579843928106, 3759009.321978609543294 ], [ 677062.94213793380186, 3759026.526407458819449 ], [ 676938.813005274278112, 3759070.565888474695385 ], [ 676895.026047163875774, 3759106.589884057175368 ], [ 676849.105604699929245, 3759120.065115726087242 ], [ 676819.584462266415358, 3759140.063369058538228 ], [ 676731.355678345891647, 3759175.178985751699656 ], [ 676706.420539921964519, 3759196.146214449312538 ], [ 676616.517203151248395, 3759242.899431 ], [ 676478.434005556046031, 3759335.350111451465636 ], [ 676452.263843721942976, 3759364.434410055167973 ], [ 676415.763335386640392, 3759388.386929260566831 ], [ 676416.254721802193671, 3759334.016875091474503 ], [ 676394.228143162443303, 3759231.037604970857501 ], [ 676396.528524965397082, 3759204.084773204755038 ], [ 676403.584584381664172, 3759197.884043010883033 ], [ 676456.077170480159111, 3759194.575292974244803 ], [ 676479.298765645478852, 3759182.497417033649981 ], [ 676493.523004411836155, 3759233.768490281887352 ], [ 676506.645379316876642, 3759251.434630403295159 ], [ 676527.126037683687173, 3759262.381770371925086 ], [ 676553.78552003740333, 3759258.427209729328752 ], [ 676575.724130544927903, 3759229.47015040833503 ], [ 676579.472955006174743, 3759093.300980523694307 ], [ 676620.922481740009971, 3759080.28477717237547 ], [ 676641.48021108971443, 3759051.583330399822444 ], [ 676694.264562168391421, 3759025.932051412761211 ], [ 676703.817872179322876, 3759039.572403270751238 ], [ 676720.838058362714946, 3759110.099853098858148 ], [ 676738.313185193110257, 3759133.488660293165594 ], [ 676776.0628714885097, 3759141.918520872015506 ], [ 676803.536109181819484, 3759121.542979128658772 ], [ 676818.752601687796414, 3759039.589607859030366 ], [ 676790.527790601132438, 3758956.049457829911262 ], [ 676786.420788719551638, 3758917.682418017182499 ], [ 676818.833931361092255, 3758899.901911974418908 ], [ 676827.144924442633055, 3758866.72256772685796 ], [ 676816.197784474003129, 3758846.24190936004743 ], [ 676796.517625544103794, 3758834.645878831390291 ], [ 676741.978745277971029, 3758842.872380835004151 ], [ 676703.826179331284948, 3758872.324155821930617 ], [ 676697.168229921837337, 3758910.264341120608151 ], [ 676658.555072716088034, 3758926.319726377725601 ], [ 676627.447363615967333, 3758955.923608294688165 ], [ 676577.589247230906039, 3758981.200979225337505 ], [ 676557.917212500353344, 3759007.129309545271099 ], [ 676507.917385141248815, 3759028.73091452755034 ], [ 676494.718661671271548, 3759051.418435379397124 ], [ 676489.40034376247786, 3759084.880316275171936 ], [ 676438.463529174216092, 3759109.80107558844611 ], [ 676400.371004753396846, 3759106.77020536409691 ], [ 676373.12930085149128, 3759115.554090172983706 ], [ 676324.723619802272879, 3759147.786231394391507 ], [ 676308.570134168490767, 3759165.786058652680367 ], [ 676303.773409993154928, 3759188.290260151028633 ], [ 676263.605325391166843, 3759211.749070230405778 ], [ 676232.923731450573541, 3759240.99558337405324 ], [ 676169.619029724621214, 3759244.274684957694262 ], [ 676121.665353456046432, 3759276.658758013509214 ], [ 676061.963275959249586, 3759343.463066192343831 ], [ 676007.056288941646926, 3759446.06966493697837 ] ], [ [ 676283.920170446741395, 3759490.616402681451291 ], [ 676262.342961702495813, 3759435.629967381712049 ], [ 676198.476943975314498, 3759328.728238332550973 ], [ 676253.621094907051884, 3759328.508647325448692 ], [ 676301.222405488369986, 3759297.610982532612979 ], [ 676333.848335267743096, 3759403.861784453038126 ], [ 676361.830006034462713, 3759424.312745118513703 ], [ 676327.799276596866548, 3759447.851078941952437 ], [ 676285.088843203149736, 3759495.872746271081269 ], [ 676283.920170446741395, 3759490.616402681451291 ] ] ], [ [ [ 676903.400562387425452, 3758918.064778008963913 ], [ 676902.291192229255103, 3758954.92639018362388 ], [ 676923.40203532227315, 3759007.894530856981874 ], [ 676951.885595537605695, 3759023.889259105082601 ], [ 676981.182012517354451, 3759015.00228817248717 ], [ 676992.761462451191619, 3758999.389207332860678 ], [ 677004.181829083128832, 3758951.637781941797584 ], [ 676995.453342437627725, 3758916.2475681072101 ], [ 676976.832984230015427, 3758903.065426899585873 ], [ 676940.355743687832728, 3758893.372115303762257 ], [ 676918.132934367051348, 3758900.113330811727792 ], [ 676903.400562387425452, 3758918.064778008963913 ] ] ] ] } },
{ "type": "Feature", "properties": { "depth_bin": "175-180" }, "geometry": { "type": "MultiPolygon", "coordinates": [ [ [ [ 676002.565118698752485, 3759442.903904065489769 ], [ 675981.220654087839648, 3759514.684030405711383 ], [ 675983.713580994401127, 3759555.280411143321544 ], [ 676003.13532495056279, 3759578.945874626748264 ], [ 676067.496377195697278, 3759592.475124514661729 ], [ 676100.755161687848158, 3759574.697933835443109 ], [ 676104.491185031365603, 3759535.644346412271261 ], [ 676075.935026016901247, 3759506.438193925656378 ], [ 676098.099788572173566, 3759441.58452674234286 ], [ 676123.144847539020702, 3759398.144406010396779 ], [ 676195.950740466825664, 3759533.004177504219115 ], [ 676231.348912637680769, 3759556.535120604094118 ], [ 676264.757719172048382, 3759548.016155027784407 ], [ 676255.180994042777456, 3759590.41142709273845 ], [ 676264.260575908236206, 3759615.787158459424973 ], [ 676287.377381162135862, 3759629.642838309053332 ], [ 676326.557513169478625, 3759630.727633789181709 ], [ 676348.204910571454093, 3759614.672829680610448 ], [ 676369.891113063087687, 3759567.099011592101306 ], [ 676434.453598335618153, 3759499.947522241156548 ], [ 676672.811027098330669, 3759319.113596029579639 ], [ 676893.293625925085507, 3759201.00315687386319 ], [ 676949.094183186069131, 3759181.813349759671837 ], [ 676988.707509296247736, 3759152.003041181713343 ], [ 677136.950045167235658, 3759092.42734996881336 ], [ 677193.378099445835687, 3759059.953740010969341 ], [ 677240.711760514066555, 3759047.620816642884165 ], [ 677258.811072341399267, 3759027.651303363963962 ], [ 677260.173126206267625, 3758999.2091273968108 ], [ 677250.179784024483524, 3758982.536243239417672 ], [ 677229.699125657672994, 3758971.589103270787746 ], [ 677156.076450367341749, 3758981.698520592413843 ], [ 677079.445054917712696, 3759025.091382808517665 ], [ 676947.372821075376123, 3759075.608098243363202 ], [ 676903.127063210820779, 3759109.751380099449307 ], [ 676853.557080387836322, 3759124.754329669289291 ], [ 676686.224645858630538, 3759210.59272448439151 ], [ 676622.492215471575037, 3759247.628268530592322 ], [ 676353.599096310790628, 3759444.285876703914255 ], [ 676281.241286801639944, 3759523.212748676538467 ], [ 676281.787457220489159, 3759495.868367112241685 ], [ 676271.004491648986004, 3759463.751705731730908 ], [ 676193.558073006104678, 3759327.240435128565878 ], [ 676199.446114767226391, 3759321.499173190910369 ], [ 676266.125727805425413, 3759316.63810244621709 ], [ 676301.75882724148687, 3759292.775481444317847 ], [ 676334.541082769283094, 3759399.571881183888763 ], [ 676356.188480171258561, 3759415.626685292460024 ], [ 676384.021210232051089, 3759414.222116553690284 ], [ 676404.893309896695428, 3759399.836415779776871 ], [ 676415.382974377716891, 3759375.374107598792762 ], [ 676390.155530181364156, 3759234.421248412691057 ], [ 676390.999533099820837, 3759204.158101677428931 ], [ 676405.934685686370358, 3759189.736769584938884 ], [ 676447.015650201356038, 3759191.29066416202113 ], [ 676479.994244968751445, 3759178.534216645173728 ], [ 676505.28042831714265, 3759245.301226119045168 ], [ 676529.644013951416127, 3759256.82434393838048 ], [ 676553.944014222710393, 3759252.333428963087499 ], [ 676574.895533816539682, 3759220.977264002431184 ], [ 676577.82213916326873, 3759111.938658680766821 ], [ 676571.128513205097988, 3759087.243224827107042 ], [ 676613.344774667988531, 3759078.563219120725989 ], [ 676659.181751280324534, 3759031.172599784564227 ], [ 676695.995696393307298, 3759018.374691559467465 ], [ 676719.594871055684052, 3759103.3570083421655 ], [ 676734.000065420754254, 3759126.242548961658031 ], [ 676767.728469604742713, 3759137.805289235897362 ], [ 676797.066568483714946, 3759120.220709489658475 ], [ 676814.182259311550297, 3759039.470741999801248 ], [ 676785.737360478378832, 3758955.63383905403316 ], [ 676782.192114959820174, 3758915.960235594306141 ], [ 676814.303209030767903, 3758898.259603251703084 ], [ 676822.614202112308703, 3758865.080259004142135 ], [ 676811.667062143678777, 3758844.599600637331605 ], [ 676791.986903280485421, 3758833.003570184111595 ], [ 676745.753936326014809, 3758838.503054090309888 ], [ 676708.781199885648675, 3758858.976964602246881 ], [ 676692.622382772155106, 3758890.800688928924501 ], [ 676565.256028820760548, 3758984.825061412528157 ], [ 676551.474195711780339, 3759005.121444725897163 ], [ 676461.560494887409732, 3759044.631742218043655 ], [ 676447.128837187075987, 3759071.631474739406258 ], [ 676453.606744515011087, 3759100.833383756689727 ], [ 676401.216900800005533, 3759101.371275597717613 ], [ 676362.425571158179082, 3759116.80017380323261 ], [ 676312.595073007978499, 3759153.231523706577718 ], [ 676299.377676630392671, 3759182.466706341132522 ], [ 676234.779340751934797, 3759230.655036715790629 ], [ 676164.518509745132178, 3759240.987167347222567 ], [ 676114.048045743838884, 3759276.460633975453675 ], [ 676033.827989764744416, 3759370.171752017457038 ], [ 676002.565118698752485, 3759442.903904065489769 ] ] ], [ [ [ 676931.791254612035118, 3758895.173743800260127 ], [ 676905.125028272974305, 3758921.83997013932094 ], [ 676907.617231446434744, 3758966.470272880978882 ], [ 676929.144829015363939, 3759005.821972048375756 ], [ 676966.131947472109459, 3759013.179167343303561 ], [ 676991.475741682341322, 3758990.208891208749264 ], [ 676998.279811183805577, 3758928.369600082281977 ], [ 676978.858067227643915, 3758904.704136598855257 ], [ 676931.791254612035118, 3758895.173743800260127 ] ] ] ] } },
{ "type": "Feature", "properties": { "depth_bin": "180-185" }, "geometry": { "type": "MultiPolygon", "coordinates": [ [ [ [ 676000.356513963546604, 3759432.394722125027329 ], [ 675965.505214820033871, 3759536.265567033551633 ], [ 675972.053819394786842, 3759562.409061967395246 ], [ 675990.005266592372209, 3759577.141433947253972 ], [ 676056.871918427408673, 3759590.674298027995974 ], [ 676090.130702919559553, 3759572.897107348777354 ], [ 676095.149531856644899, 3759539.062910937704146 ], [ 676066.849747493630275, 3759505.260789998341352 ], [ 676086.51067341864109, 3759445.407972304616123 ], [ 676119.008002821006812, 3759388.558331132866442 ], [ 676196.40110426011961, 3759528.651447585318238 ], [ 676224.613032361376099, 3759550.931740605272353 ], [ 676261.494213513913564, 3759545.992166674695909 ], [ 676279.151712413644418, 3759521.337510639801621 ], [ 676277.786774591892026, 3759491.981340662110597 ], [ 676259.058322906726971, 3759444.691369680222124 ], [ 676188.277242039213888, 3759324.335831647273153 ], [ 676258.627387096057646, 3759311.869654724374413 ], [ 676302.052914772415534, 3759287.975279692560434 ], [ 676323.903978111571632, 3759370.520636303350329 ], [ 676337.117198711493984, 3759393.584141519851983 ], [ 676361.717822697013617, 3759409.002889892552048 ], [ 676394.791132192825899, 3759403.109512975905091 ], [ 676409.447866896400228, 3759385.699335508979857 ], [ 676414.210641192621551, 3759365.320022359490395 ], [ 676387.02939592092298, 3759237.388888617511839 ], [ 676386.349705556640401, 3759202.040231943130493 ], [ 676408.996992130181752, 3759183.807896155398339 ], [ 676449.345368955284357, 3759187.454800496809185 ], [ 676481.823239637655206, 3759175.262001297902316 ], [ 676503.955100554274395, 3759237.644376772455871 ], [ 676528.318686188547872, 3759249.167494591791183 ], [ 676555.985626297770068, 3759242.658513464033604 ], [ 676570.717998277395964, 3759224.707066266797483 ], [ 676575.608757463283837, 3759193.55515047442168 ], [ 676566.088575302041136, 3759086.130051641259342 ], [ 676615.386378172435798, 3759068.888302319217473 ], [ 676633.781168341869488, 3759035.714330600574613 ], [ 676674.743529467028566, 3759014.026324850507081 ], [ 676689.497882555471733, 3758996.013444569893181 ], [ 676703.484725108952262, 3759020.382995524909347 ], [ 676728.554758400190622, 3759114.114080431405455 ], [ 676757.038315843208693, 3759130.108807809185237 ], [ 676786.334732822957449, 3759121.221836876589805 ], [ 676797.914182756794617, 3759105.608756036963314 ], [ 676811.090243438724428, 3759052.452868153341115 ], [ 676805.431465451023541, 3759016.347457067109644 ], [ 676780.079447405645624, 3758953.270221647806466 ], [ 676776.589886962086894, 3758913.743877051398158 ], [ 676801.074877995532006, 3758904.500347744207829 ], [ 676814.128919248702005, 3758890.097432725131512 ], [ 676818.659457741654478, 3758867.320877639111131 ], [ 676812.110853166901506, 3758849.018753931391984 ], [ 676791.152131331269629, 3758832.683693752158433 ], [ 676770.400660948944278, 3758829.791865642182529 ], [ 676708.926848292350769, 3758855.035910130944103 ], [ 676689.062499438179657, 3758885.10983051173389 ], [ 676616.397180717787705, 3758944.7120142551139 ], [ 676557.797289422247559, 3758978.533070442732424 ], [ 676543.505459839245304, 3759004.590158366132528 ], [ 676458.770821543294005, 3759042.697554787620902 ], [ 676440.962144721881486, 3759066.78955167112872 ], [ 676443.743824040167965, 3759100.008032782003284 ], [ 676401.296146349632181, 3759098.324387516826391 ], [ 676351.801087921834551, 3759114.999369908124208 ], [ 676306.580545794917271, 3759150.026144398842007 ], [ 676249.168762977235019, 3759212.342352108098567 ], [ 676229.216412229579873, 3759215.229414516594261 ], [ 676199.719482213491574, 3759233.553991368040442 ], [ 676163.074315870995633, 3759237.900659564882517 ], [ 676114.233333330368623, 3759270.996136074885726 ], [ 676049.973771572578698, 3759335.528860149905086 ], [ 676000.356513963546604, 3759432.394722125027329 ] ] ], [ [ [ 676297.991698602447286, 3759529.490413199178874 ], [ 676275.952476338017732, 3759575.505748929921538 ], [ 676281.153091639163904, 3759612.868959892075509 ], [ 676304.81855512293987, 3759632.290703848470002 ], [ 676348.957173203583807, 3759631.170026972424239 ], [ 676406.929453126620501, 3759549.768559977412224 ], [ 676438.736381940194406, 3759524.127484249416739 ], [ 676476.868361108354293, 3759477.475607370492071 ], [ 676679.694778180099092, 3759323.525528939906508 ], [ 676892.050018585752696, 3759208.02546683140099 ], [ 676950.498763187322766, 3759186.423319319263101 ], [ 676994.887106658541597, 3759156.001322960946709 ], [ 677197.021680932841264, 3759064.72151390556246 ], [ 677246.765945213730447, 3759049.302755261771381 ], [ 677266.18768916989211, 3759025.637291778344661 ], [ 677263.186926314607263, 3758995.170035215094686 ], [ 677228.823479851591401, 3758972.615820491220802 ], [ 677162.051389498752542, 3758986.427361284382641 ], [ 677107.796548605663702, 3759018.00418238574639 ], [ 676948.698157051461749, 3759083.264966923743486 ], [ 676910.254585015936755, 3759111.948030385188758 ], [ 676857.546543680480681, 3759129.677672444377095 ], [ 676684.463455967255868, 3759219.693781140260398 ], [ 676626.943681669887155, 3759252.317479629069567 ], [ 676417.011520194471814, 3759409.347780665382743 ], [ 676356.388071815832518, 3759462.314964676741511 ], [ 676297.991698602447286, 3759529.490413199178874 ] ] ], [ [ [ 676907.931288459105417, 3758919.707089935429394 ], [ 676909.180301650776528, 3758964.986444988753647 ], [ 676926.49404622556176, 3758990.508135867770761 ], [ 676955.790463205310516, 3758999.395106800366193 ], [ 676984.353365994174965, 3758983.47962379688397 ], [ 676996.994920455035754, 3758938.378295974805951 ], [ 676982.370651821605861, 3758907.457877840381116 ], [ 676937.082856878871098, 3758895.783016013912857 ], [ 676907.931288459105417, 3758919.707089935429394 ] ] ] ] } },
{ "type": "Feature", "properties": { "depth_bin": "185-190" }, "geometry": { "type": "MultiPolygon", "coordinates": [ [ [ [ 676007.027466645580716, 3759401.273771208245307 ], [ 675964.061027399497107, 3759533.179060175549239 ], [ 675968.512313086772338, 3759559.002495701890439 ], [ 675984.933294187649153, 3759575.423476802650839 ], [ 676053.825037039234303, 3759590.595044983550906 ], [ 676087.083821531385183, 3759572.817854304332286 ], [ 676090.780218339641578, 3759535.287707688752562 ], [ 676062.064217489911243, 3759504.424848328810185 ], [ 676081.460537544451654, 3759440.257170029450208 ], [ 676116.523221573792398, 3759380.000993888825178 ], [ 676194.996542851324193, 3759524.041394663508981 ], [ 676223.208468535565771, 3759546.32178731681779 ], [ 676258.566107317223214, 3759541.342584539204836 ], [ 676275.574709212523885, 3759515.887412928044796 ], [ 676270.486473848577589, 3759479.595568798016757 ], [ 676183.696267824969254, 3759320.988868458662182 ], [ 676197.037134758313186, 3759312.269963237922639 ], [ 676251.168570569367148, 3759305.577762383501977 ], [ 676301.976698499289341, 3759279.495672409888357 ], [ 676332.78461698058527, 3759384.324605380184948 ], [ 676360.352878566947766, 3759402.869490508921444 ], [ 676391.902744398568757, 3759396.936488631181419 ], [ 676408.198184860870242, 3759377.501222628168762 ], [ 676411.248516618274152, 3759350.65598146058619 ], [ 676389.325406188494526, 3759266.373395301867276 ], [ 676381.186543435556814, 3759199.824257798027247 ], [ 676412.137035930994898, 3759179.491628668736666 ], [ 676438.760504362289794, 3759184.130551936104894 ], [ 676483.315779547556303, 3759173.30271660676226 ], [ 676489.705516126938164, 3759204.704062579199672 ], [ 676507.022136709070764, 3759234.186643021646887 ], [ 676528.477182462462224, 3759243.073613954242319 ], [ 676554.620677396422252, 3759236.525009379256517 ], [ 676567.674718649592251, 3759222.122094360180199 ], [ 676574.006065709865652, 3759196.562417588662356 ], [ 676563.321256368886679, 3759083.856749151367694 ], [ 676600.112299412023276, 3759070.015529482625425 ], [ 676625.473597546457313, 3759033.518659664783627 ], [ 676693.44044440111611, 3758987.624954686034471 ], [ 676727.308667353237979, 3759103.41032710345462 ], [ 676754.308399874600582, 3759117.841984803788364 ], [ 676783.604816854349338, 3759108.955013871192932 ], [ 676801.555411593057215, 3759082.836290736217052 ], [ 676806.406534390989691, 3759045.366421708837152 ], [ 676777.054954486666247, 3758953.451931122690439 ], [ 676772.670838432153687, 3758911.277277550660074 ], [ 676795.020708421827294, 3758902.818418857641518 ], [ 676808.074749674997292, 3758888.415503838565201 ], [ 676812.837519436841831, 3758868.036186914425343 ], [ 676806.096303928992711, 3758845.813377593643963 ], [ 676784.448906527017243, 3758829.758573485072702 ], [ 676751.243639370542951, 3758831.495087414514273 ], [ 676687.975823267945088, 3758870.040805021766573 ], [ 676657.979449941543862, 3758879.627123130485415 ], [ 676644.925408688373864, 3758894.030038149561733 ], [ 676640.162387355812825, 3758915.131414638832211 ], [ 676615.06766414095182, 3758938.777421943843365 ], [ 676557.95577573007904, 3758972.439287743531168 ], [ 676539.173131433082744, 3758999.470837457571179 ], [ 676446.504019474494271, 3759045.427466864697635 ], [ 676433.954190465738066, 3759068.915392340626568 ], [ 676435.048170849797316, 3759091.990539097692817 ], [ 676399.891570532578044, 3759093.714432679116726 ], [ 676348.833446298376657, 3759111.873236855491996 ], [ 676288.021864491631277, 3759160.214769166894257 ], [ 676263.147261776262894, 3759193.819949991535395 ], [ 676225.866001439630054, 3759209.290432786568999 ], [ 676209.51130961754825, 3759225.60081690736115 ], [ 676156.518523941398598, 3759237.976300459355116 ], [ 676091.11717603111174, 3759278.913152365479618 ], [ 676047.045763789559714, 3759330.879287790507078 ], [ 676007.027466645580716, 3759401.273771208245307 ] ] ], [ [ [ 676304.365101875737309, 3759559.53502398962155 ], [ 676291.856984883430414, 3759590.48867453308776 ], [ 676300.704328832915053, 3759621.308534754440188 ], [ 676332.922266764100641, 3759636.925422484055161 ], [ 676364.152079164166935, 3759633.089742869604379 ], [ 676429.76526080572512, 3759548.957017464097589 ], [ 676514.893814011709765, 3759460.535718870349228 ], [ 676680.418730752542615, 3759331.542833719868213 ], [ 676911.725446916185319, 3759203.82978035043925 ], [ 676971.985640607774258, 3759180.884247369598597 ], [ 677001.084318600362167, 3759159.596745001152158 ], [ 677252.820130120613612, 3759050.984694000799209 ], [ 677272.241874076775275, 3759027.319230517372489 ], [ 677269.241111221490428, 3758996.851973954122514 ], [ 677256.187069968320429, 3758982.449058935046196 ], [ 677233.354213002836332, 3758974.258137381169945 ], [ 677166.502874895464629, 3758991.116680400911719 ], [ 676956.236155294580385, 3759086.510078870225698 ], [ 676919.171948306611739, 3759112.865386640187353 ], [ 676878.993791325367056, 3759125.662052764091641 ], [ 676767.899818645790219, 3759189.066591174341738 ], [ 676688.914924496086314, 3759224.382993191480637 ], [ 676438.498243912006728, 3759403.808760703541338 ], [ 676345.302554191905074, 3759497.01779159810394 ], [ 676304.365101875737309, 3759559.53502398962155 ] ] ], [ [ [ 676922.557636489276774, 3758904.173251055646688 ], [ 676908.12597878894303, 3758931.17298357700929 ], [ 676915.227962644770741, 3758972.310169670265168 ], [ 676938.893426128546707, 3758991.731913626659662 ], [ 676970.8841317826882, 3758988.770771921612322 ], [ 676991.259673525695689, 3758961.2975342287682 ], [ 676987.740944693447091, 3758917.880111765582114 ], [ 676955.736980736488476, 3758895.862257973756641 ], [ 676922.557636489276774, 3758904.173251055646688 ] ] ] ] } },
{ "type": "Feature", "properties": { "depth_bin": "190-195" }, "geometry": { "type": "MultiPolygon", "coordinates": [ [ [ [ 676006.251873105182312, 3759391.242290276568383 ], [ 675962.537587187252939, 3759533.139433786738664 ], [ 675966.988872875459492, 3759558.962869285140187 ], [ 675983.409853976336308, 3759575.383850385900587 ], [ 676049.294341574888676, 3759588.952724781818688 ], [ 676082.553126067039557, 3759571.175534102600068 ], [ 676087.571955004124902, 3759537.34133769152686 ], [ 676060.118219855008647, 3759497.472636086400598 ], [ 676076.929590927669778, 3759438.615270723588765 ], [ 676115.341720899334177, 3759372.704481873195618 ], [ 676195.075794965610839, 3759520.99451009882614 ], [ 676219.676416458678432, 3759536.41325828852132 ], [ 676251.226280964212492, 3759530.480257621966302 ], [ 676267.281085072667338, 3759508.832860220223665 ], [ 676267.399963184609078, 3759481.039759104140103 ], [ 676180.3420085972175, 3759319.871390393003821 ], [ 676194.819416671525687, 3759308.329871132504195 ], [ 676248.849998923717067, 3759301.049949747510254 ], [ 676299.182439662865363, 3759269.609157693106681 ], [ 676334.426934913732111, 3759379.793899393640459 ], [ 676361.426667435094714, 3759394.225557093974203 ], [ 676389.093605973292142, 3759387.716577278915793 ], [ 676403.825977952918038, 3759369.765130081679672 ], [ 676406.955561300739646, 3759339.872901913244277 ], [ 676380.747583830030635, 3759243.206620555836707 ], [ 676377.022828268585727, 3759197.696210802998394 ], [ 676410.718551760655828, 3759176.230298714246601 ], [ 676438.839749990147538, 3759181.083663381636143 ], [ 676485.73172289005015, 3759166.502916407771409 ], [ 676491.390350995818153, 3759202.610804044175893 ], [ 676505.736431630910374, 3759225.006348685827106 ], [ 676527.191477384301834, 3759233.893319618422538 ], [ 676553.334972318261862, 3759227.344715043436736 ], [ 676572.482620528782718, 3759196.522794296499342 ], [ 676560.761439246241935, 3759080.584690828807652 ], [ 676606.589465387281962, 3759057.092287286650389 ], [ 676620.982514285715297, 3759030.352834165561944 ], [ 676670.477226689574309, 3759003.872617886401713 ], [ 676695.313368415692821, 3758974.753764790017158 ], [ 676722.200761997024529, 3759089.514029728714377 ], [ 676751.538860875996761, 3759107.098609474953264 ], [ 676782.358725120662712, 3759098.251260713674128 ], [ 676798.426370809669606, 3759074.451032143086195 ], [ 676800.471232944866642, 3759039.114144453313202 ], [ 676775.261064338730648, 3758957.206102128140628 ], [ 676769.793774620629847, 3758909.441541883163154 ], [ 676792.013433879008517, 3758901.215730750001967 ], [ 676805.067475132178515, 3758886.812815730925649 ], [ 676809.598013625130989, 3758864.036260644905269 ], [ 676803.049409050378017, 3758845.734136937186122 ], [ 676783.61413475451991, 3758829.438697217963636 ], [ 676757.456289782654494, 3758827.083226677495986 ], [ 676706.358481909614056, 3758846.765573982149363 ], [ 676654.972180111799389, 3758878.02433515060693 ], [ 676635.820803770096973, 3758908.922219017520547 ], [ 676604.188655305653811, 3758938.954410258680582 ], [ 676552.205752987647429, 3758960.722518546506763 ], [ 676506.358829142060131, 3759009.481088376138359 ], [ 676442.012929890770465, 3759042.261711088009179 ], [ 676430.377276584156789, 3759063.465306905098259 ], [ 676429.052837232709862, 3759085.75331201357767 ], [ 676347.389248306164518, 3759108.786726729944348 ], [ 676326.005606769351289, 3759130.237355055753142 ], [ 676286.736160365748219, 3759151.03448699042201 ], [ 676267.569452853058465, 3759184.089831212069839 ], [ 676222.657556370599195, 3759205.214728864841163 ], [ 676206.171255162451416, 3759221.972024994902313 ], [ 676158.200461596250534, 3759231.922156960237771 ], [ 676088.109917751397006, 3759277.310462483204901 ], [ 676052.012335634208284, 3759315.763651878573 ], [ 676006.251873105182312, 3759391.242290276568383 ] ] ], [ [ [ 676332.8407764993608, 3759547.073238442651927 ], [ 676308.581666640588082, 3759584.717688830103725 ], [ 676311.542802493087947, 3759616.708388776984066 ], [ 676341.262412605225109, 3759637.812084221746773 ], [ 676382.393773591495119, 3759635.088710569310933 ], [ 676451.045978062320501, 3759559.582528919447213 ], [ 676466.003026407328434, 3759531.586009147576988 ], [ 676545.637414523400366, 3759458.306566340848804 ], [ 676557.755146695300937, 3759436.306664537172765 ], [ 676658.039677604450844, 3759364.850812662392855 ], [ 676685.753677483997308, 3759336.635809082072228 ], [ 677020.620584424817935, 3759155.882121396251023 ], [ 677255.78778995887842, 3759054.110841004643589 ], [ 677276.772607444901951, 3759028.96154758753255 ], [ 677273.771844589617103, 3758998.494291024282575 ], [ 677242.415679628844373, 3758977.542771430220455 ], [ 677178.69048503797967, 3758991.43365547247231 ], [ 676965.337228514254093, 3759088.271264521405101 ], [ 676929.36570387519896, 3759113.05812302371487 ], [ 676883.484890913474374, 3759128.827819156926125 ], [ 676775.98524354910478, 3759191.815532439853996 ], [ 676710.362052635988221, 3759220.367387504316866 ], [ 676634.204294878290966, 3759266.226617237553 ], [ 676475.496895869378932, 3759388.00188277522102 ], [ 676374.446217880700715, 3759490.153474642429501 ], [ 676332.8407764993608, 3759547.073238442651927 ] ] ] ] } },
{ "type": "Feature", "properties": { "depth_bin": "195-200" }, "geometry": { "type": "MultiPolygon", "coordinates": [ [ [ [ 676021.822710790205747, 3759359.480128297582269 ], [ 675988.050469244481064, 3759423.932793444953859 ], [ 675961.01414698723238, 3759533.099807399325073 ], [ 675969.821865116828121, 3759565.443104763980955 ], [ 675996.821597638190724, 3759579.874762464314699 ], [ 676019.598152724443935, 3759575.34422397101298 ], [ 676036.01913382532075, 3759558.923242870252579 ], [ 676056.887273936066777, 3759509.458321171812713 ], [ 676070.756728075444698, 3759441.503230879083276 ], [ 676120.243704536464065, 3759358.133875724859536 ], [ 676193.579806438297965, 3759304.488928684033453 ], [ 676245.921985803870484, 3759296.400374846998602 ], [ 676285.265714935376309, 3759276.778112501371652 ], [ 676305.768003143370152, 3759257.098875561729074 ], [ 676328.152738294214942, 3759266.828467847313732 ], [ 676354.29623322817497, 3759260.27986327232793 ], [ 676373.556418181979097, 3759232.617939656134695 ], [ 676374.31837001349777, 3759195.867277978453785 ], [ 676391.659893536940217, 3759179.58277679188177 ], [ 676436.024832930183038, 3759173.182751438114792 ], [ 676537.510253969114274, 3759132.415444876998663 ], [ 676553.56505807756912, 3759110.768047475256026 ], [ 676552.255867330590263, 3759075.841221975162625 ], [ 676602.058750243275426, 3759055.449976402334869 ], [ 676617.987718671327457, 3759027.409715181216598 ], [ 676670.635711688082665, 3758997.778832870535553 ], [ 676700.303284506429918, 3758963.792549558915198 ], [ 676727.444931970792823, 3758978.415557408705354 ], [ 676756.741348950541578, 3758969.528586476109922 ], [ 676770.597028800053522, 3758946.411781222559512 ], [ 676766.877332634408958, 3758907.771488305646926 ], [ 676789.112186654121615, 3758897.195435715839267 ], [ 676803.577136397827417, 3758876.402577597647905 ], [ 676798.558307460742071, 3758842.568381186574697 ], [ 676779.123035776196048, 3758826.272841575089842 ], [ 676756.012085600988939, 3758823.996611659415066 ], [ 676708.542048771749251, 3758838.95383481355384 ], [ 676685.652663651388139, 3758859.319366869516671 ], [ 676662.906378368264996, 3758866.034865652676672 ], [ 676619.410442319349386, 3758903.574400373734534 ], [ 676608.150575816631317, 3758926.163289785850793 ], [ 676546.164425503578968, 3758956.887859709560871 ], [ 676504.516924385912716, 3759006.852664304431528 ], [ 676443.516891549341381, 3759035.015608235727996 ], [ 676427.248241478926502, 3759055.080156442243606 ], [ 676424.051645916188136, 3759076.617894696537405 ], [ 676385.831902068573982, 3759096.472176437266171 ], [ 676342.858540246612392, 3759107.144414692185819 ], [ 676322.141651676269248, 3759127.360690483357757 ], [ 676282.324323346139863, 3759144.821845116093755 ], [ 676262.581343653495423, 3759179.980204803869128 ], [ 676218.206099856179208, 3759200.525530484039336 ], [ 676202.364332576165907, 3759219.001590225845575 ], [ 676162.968906704569235, 3759224.423819155897945 ], [ 676113.822452992433682, 3759263.210110558662564 ], [ 676083.579218272934668, 3759275.66814838629216 ], [ 676050.647392755956389, 3759309.630263338796794 ], [ 676021.822710790205747, 3759359.480128297582269 ] ] ], [ [ [ 676350.42142919707112, 3759549.518450435716659 ], [ 676325.909190482925624, 3759589.000987040810287 ], [ 676334.101302489405498, 3759626.750661944970489 ], [ 676349.714383329381235, 3759638.330111878924072 ], [ 676382.350089340587147, 3759644.784088413696736 ], [ 676421.963783257408068, 3759637.642460102215409 ], [ 676439.947835324681364, 3759619.737662145402282 ], [ 676453.148548950906843, 3759584.401221913751215 ], [ 676480.766813535010442, 3759558.66632971400395 ], [ 676492.578247932484373, 3759527.882787140086293 ], [ 676563.839504418312572, 3759461.82896254491061 ], [ 676584.581302471924573, 3759428.383728560525924 ], [ 676606.339367630775087, 3759418.3873395700939 ], [ 676698.98424466047436, 3759336.475119631737471 ], [ 677040.77551977278199, 3759152.126796173863113 ], [ 677260.318523378693499, 3759055.753158187028021 ], [ 677279.740267334855162, 3759032.087694703601301 ], [ 677276.779126293607987, 3759000.096986377611756 ], [ 677245.422961332835257, 3758979.145466783549637 ], [ 677183.181595270289108, 3758994.599423868115991 ], [ 676979.087896106182598, 3759087.104419636074454 ], [ 676938.688623273163103, 3759114.763767477124929 ], [ 676884.88946758012753, 3759133.437888055574149 ], [ 676784.798512436216697, 3759193.39520932873711 ], [ 676722.549628948443569, 3759220.684378799051046 ], [ 676641.742277923040092, 3759269.471631499473006 ], [ 676498.54669684113469, 3759380.979038289282471 ], [ 676436.7941300800303, 3759453.710573908407241 ], [ 676402.145597227616236, 3759480.20253806328401 ], [ 676350.42142919707112, 3759549.518450435716659 ] ] ], [ [ [ 676541.556714102975093, 3759142.057687480468303 ], [ 676511.089457539725117, 3759145.058450336102396 ], [ 676491.667713583563454, 3759168.723913819529116 ], [ 676494.589230056037195, 3759202.238060685340315 ], [ 676518.254693539813161, 3759221.659804641734809 ], [ 676548.721950103063136, 3759218.659041786100715 ], [ 676568.143694059224799, 3759194.993578302673995 ], [ 676565.222177586751059, 3759161.479431436862797 ], [ 676541.556714102975093, 3759142.057687480468303 ] ] ] ] } },
{ "type": "Feature", "properties": { "depth_bin": "200-205" }, "geometry": { "type": "MultiPolygon", "coordinates": [ [ [ [ 676016.069767229724675, 3759358.945592399686575 ], [ 675986.484522202634253, 3759414.06383066251874 ], [ 675974.501515257288702, 3759481.151850198861212 ], [ 675956.76083710801322, 3759520.793407024815679 ], [ 675962.952804657863453, 3759560.647863323800266 ], [ 675992.290903536835685, 3759578.232443070039153 ], [ 676018.114338948857039, 3759573.781157377641648 ], [ 676034.535320049733855, 3759557.360176276881248 ], [ 676055.443088205181994, 3759506.371714481618255 ], [ 676072.716048576170579, 3759424.785006488207728 ], [ 676129.764719269704074, 3759341.915878785774112 ], [ 676194.092415175982751, 3759299.951157372444868 ], [ 676251.393263156409375, 3759289.61746947420761 ], [ 676311.943879911093973, 3759249.13557288562879 ], [ 676346.039880760828964, 3759203.914835917763412 ], [ 676369.671504139550962, 3759196.651753142010421 ], [ 676390.107984907692298, 3759177.009310021065176 ], [ 676469.990179533255287, 3759151.106208112090826 ], [ 676508.20088627084624, 3759120.494939404539764 ], [ 676519.33098419837188, 3759085.034047649707645 ], [ 676595.938180461293086, 3759054.66220810636878 ], [ 676613.586667568888515, 3759024.023244998883456 ], [ 676677.244574144482613, 3758978.132415689527988 ], [ 676709.131891660159454, 3758938.739879568107426 ], [ 676792.1395900050411, 3758889.988846754189581 ], [ 676803.662707824492827, 3758865.625261119566858 ], [ 676797.114103249739856, 3758839.481766185723245 ], [ 676779.162656052154489, 3758824.749394205864519 ], [ 676754.528258510865271, 3758822.433544022031128 ], [ 676708.621289529721253, 3758835.906940817367285 ], [ 676661.462172915576957, 3758862.948351803701371 ], [ 676602.398020154214464, 3758922.615598772186786 ], [ 676544.759844082756899, 3758952.277901639696211 ], [ 676501.298085687449202, 3759004.351057610474527 ], [ 676445.198824483086355, 3759028.961451861076057 ], [ 676420.581848922302015, 3759065.841523411683738 ], [ 676394.12285275652539, 3759070.365868111606687 ], [ 676319.458159615052864, 3759122.707678759470582 ], [ 676287.02083433396183, 3759133.713936362415552 ], [ 676255.543756815139204, 3759178.903081339783967 ], [ 676212.112330119591206, 3759200.367036002222449 ], [ 676198.607808718224987, 3759215.72241127025336 ], [ 676158.438204864854924, 3759222.781505730934441 ], [ 676111.961433685617521, 3759260.50139247206971 ], [ 676082.174649801338091, 3759271.058200453408062 ], [ 676043.726239829440601, 3759310.809917018283159 ], [ 676016.069767229724675, 3759358.945592399686575 ] ] ], [ [ [ 676373.90985690720845, 3759554.373433269094676 ], [ 676361.978670731186867, 3759571.704952401574701 ], [ 676355.564421533606946, 3759602.817220077384263 ], [ 676367.087539353058673, 3759635.022176938131452 ], [ 676383.760423510335386, 3759645.015519119799137 ], [ 676441.526743285823613, 3759655.470213508699089 ], [ 676470.717126834439114, 3759649.000863320194185 ], [ 676485.334239604067989, 3759633.114131157286465 ], [ 676490.795542708248831, 3759603.054671352729201 ], [ 676538.421513888170011, 3759526.256948647554964 ], [ 676542.966270982986316, 3759503.769819851499051 ], [ 676606.859767103916965, 3759433.946304973680526 ], [ 676639.835797330131754, 3759411.973359867464751 ], [ 676655.400599364889786, 3759383.806998791638762 ], [ 676694.642112061032094, 3759364.278359841555357 ], [ 676728.463789595873095, 3759329.306365910451859 ], [ 676767.4590008771047, 3759311.128953961655498 ], [ 676786.443268774193712, 3759334.447509789839387 ], [ 676816.044472022214904, 3759349.169289225712419 ], [ 676846.010521278367378, 3759351.744208279065788 ], [ 676896.503278567339294, 3759338.410478314850479 ], [ 676916.638025883235969, 3759309.987658797763288 ], [ 676908.327032801695168, 3759276.80831455020234 ], [ 676885.210227547795512, 3759262.952634700573981 ], [ 676842.292651984025724, 3759265.659685956779867 ], [ 677017.689219143823721, 3759182.072938141413033 ], [ 677102.281427473644726, 3759129.829409789294004 ], [ 677268.216196754248813, 3759055.377409379463643 ], [ 677285.224798649549484, 3759029.922237768303603 ], [ 677279.291793756070547, 3758998.372363760136068 ], [ 677264.888878736994229, 3758985.3183225071989 ], [ 677242.986105678137392, 3758980.515929434448481 ], [ 677183.062729456927627, 3758999.169777959119529 ], [ 676850.699906442547217, 3759158.464797703549266 ], [ 676655.453295827144757, 3759269.828250527381897 ], [ 676555.943583355168812, 3759354.31411503162235 ], [ 676526.503416070132516, 3759369.173140933271497 ], [ 676504.730004832381383, 3759405.724315777420998 ], [ 676418.745076797087677, 3759486.732305956073105 ], [ 676406.539110392448492, 3759515.797460555098951 ], [ 676373.90985690720845, 3759554.373433269094676 ] ] ] ] } },
{ "type": "Feature", "properties": { "depth_bin": "205-210" }, "geometry": { "type": "MultiPolygon", "coordinates": [ [ [ [ 676010.465889152255841, 3759358.727998478803784 ], [ 675983.51689214957878, 3759410.937699089758098 ], [ 675968.500824078451842, 3759479.098862916231155 ], [ 675948.985131319961511, 3759526.689036000519991 ], [ 675957.713596835848875, 3759562.079213300719857 ], [ 675987.72058315272443, 3759578.113563874270767 ], [ 676013.544018480344675, 3759573.662278178147972 ], [ 676031.528066116152331, 3759555.757483327295631 ], [ 676057.600542754167691, 3759482.036294565536082 ], [ 676060.013393707107753, 3759444.272734938189387 ], [ 676113.445720050134696, 3759350.493164492305368 ], [ 676193.170079215429723, 3759296.477613601367921 ], [ 676245.339117672876455, 3759287.935531865339726 ], [ 676266.264783214428462, 3759265.613064448814839 ], [ 676310.53930742025841, 3759244.525620762724429 ], [ 676341.549500643275678, 3759201.588948301505297 ], [ 676371.313816518057138, 3759192.121045691426843 ], [ 676401.92225877137389, 3759165.311641789507121 ], [ 676470.227914914954454, 3759141.965541870798916 ], [ 676498.351695650722831, 3759117.025038341060281 ], [ 676508.180967611260712, 3759086.399549229070544 ], [ 676588.387362047447823, 3759053.569935251027346 ], [ 676601.414615675224923, 3759038.537739010993391 ], [ 676608.737612496013753, 3759012.073857022915035 ], [ 676655.678600597195327, 3758986.718397904653102 ], [ 676703.106460911571048, 3758936.105622827541083 ], [ 676790.655762900598347, 3758888.425779127050191 ], [ 676802.178880720050074, 3758864.062193492427468 ], [ 676795.630276145297103, 3758837.918698558583856 ], [ 676773.982878743321635, 3758821.863894450012594 ], [ 676740.817132899770513, 3758822.076959033031017 ], [ 676700.542036769678816, 3758835.942963491659611 ], [ 676642.982711437856779, 3758870.090137221384794 ], [ 676599.809748964733444, 3758918.429170243442059 ], [ 676537.142616472090594, 3758952.079794849269092 ], [ 676496.759471534751356, 3759001.192351445555687 ], [ 676460.895904505508952, 3759013.228959334082901 ], [ 676420.876869497820735, 3759052.247915821615607 ], [ 676280.860649101203308, 3759134.449613607488573 ], [ 676252.958559644641355, 3759175.261285569984466 ], [ 676197.293351000873372, 3759212.55190456379205 ], [ 676153.907503134454601, 3759221.13919239398092 ], [ 676079.167391611030325, 3759269.455510803498328 ], [ 676042.321672484860756, 3759306.199969787616283 ], [ 676010.465889152255841, 3759358.727998478803784 ] ] ], [ [ [ 676418.233089305344038, 3759546.245457071810961 ], [ 676407.285949336714111, 3759566.726115438621491 ], [ 676404.161747507983819, 3759606.482531561516225 ], [ 676419.097343709086999, 3759641.157437387853861 ], [ 676434.710424549062736, 3759652.736887321807444 ], [ 676471.876750298659317, 3759660.833091202192008 ], [ 676511.810601407079957, 3759651.594245075713843 ], [ 676526.542973386705853, 3759633.642797878477722 ], [ 676530.544491055421531, 3759603.291718885302544 ], [ 676562.715915275737643, 3759572.993722720071673 ], [ 676575.983262032736093, 3759534.243602720089257 ], [ 676593.543020671699196, 3759517.019377371761948 ], [ 676604.033634742954746, 3759475.531914796680212 ], [ 676643.140712348511443, 3759430.890811942052096 ], [ 676681.246316247619689, 3759402.379115916322917 ], [ 676694.963177406229079, 3759378.988474010489881 ], [ 676750.480102866073139, 3759355.580628840252757 ], [ 676789.416785278706811, 3759349.846423183102161 ], [ 676840.899147418444045, 3759364.011144089978188 ], [ 676870.984072531573474, 3759360.863764628767967 ], [ 676928.693918143864721, 3759331.625350228045136 ], [ 677057.802495454321615, 3759226.186383667867631 ], [ 677072.524680618545972, 3759203.538570528849959 ], [ 677075.445540640852414, 3759176.731199251487851 ], [ 677157.289094571373425, 3759116.765257856808603 ], [ 677280.331944137928076, 3759052.084837953560054 ], [ 677291.855061957379803, 3759027.721252318937331 ], [ 677285.306457382626832, 3759001.577757385093719 ], [ 677269.419612390338443, 3758986.960639828816056 ], [ 677247.516839246964082, 3758982.158246726728976 ], [ 677189.117013018578291, 3759000.851719819940627 ], [ 676853.548686070484109, 3759166.16128602065146 ], [ 676666.038172938628122, 3759273.152514110784978 ], [ 676541.460493479506113, 3759380.233511257451028 ], [ 676528.804012881824747, 3759405.696769938338548 ], [ 676477.547475078492425, 3759453.198773410636932 ], [ 676441.417858982109465, 3759524.276391466613859 ], [ 676418.233089305344038, 3759546.245457071810961 ] ] ], [ [ [ 676733.190693220472895, 3759569.68270847434178 ], [ 676719.94581668288447, 3759585.046390575356781 ], [ 676711.938009890145622, 3759612.963688572403044 ], [ 676729.715200569364242, 3759646.222473064437509 ], [ 676799.378731723409146, 3759670.876429738011211 ], [ 676856.970440621720627, 3759658.350773989688605 ], [ 676915.739449558546767, 3759613.819975527469069 ], [ 676926.873508534627035, 3759582.935029902029783 ], [ 676917.031583804287948, 3759556.718182800803334 ], [ 676952.257685498218052, 3759532.911187873687595 ], [ 676963.893355111475103, 3759511.707583693787456 ], [ 676958.317585952579975, 3759472.482390947174281 ], [ 676936.669741946738213, 3759450.834546941332519 ], [ 676904.531618644134142, 3759450.794920850079507 ], [ 676861.935516432509758, 3759484.611558664124459 ], [ 676851.156988770468161, 3759504.419078970327973 ], [ 676816.784903866704553, 3759512.739501256030053 ], [ 676799.961121648433618, 3759540.794474318157881 ], [ 676733.190693220472895, 3759569.68270847434178 ] ] ] ] } },
{ "type": "Feature", "properties": { "depth_bin": "210-215" }, "geometry": { "type": "MultiPolygon", "coordinates": [ [ [ [ 676016.26929060195107, 3759339.010743636637926 ], [ 675985.595086295157671, 3759389.64915869385004 ], [ 675940.341116298921406, 3759525.615228181239218 ], [ 675946.274116666289046, 3759557.1650903779082 ], [ 675976.25998195365537, 3759575.816011407412589 ], [ 676002.417812229250558, 3759573.619034252595156 ], [ 676022.387325508636422, 3759555.519722424913198 ], [ 676047.825886629521847, 3759506.17358449427411 ], [ 676053.735375205753371, 3759450.279975609853864 ], [ 676065.217722099274397, 3759420.016558028291911 ], [ 676112.370875624474138, 3759346.062369987834245 ], [ 676193.161423617391847, 3759293.604047701694071 ], [ 676243.93454935355112, 3759283.325481235049665 ], [ 676264.781825405429117, 3759259.729183404240757 ], [ 676309.213981582899578, 3759236.868782984092832 ], [ 676339.803312566364184, 3759197.091912570875138 ], [ 676371.498997530550696, 3759186.656543932389468 ], [ 676410.240614549955353, 3759146.509316068142653 ], [ 676463.642259118729271, 3759131.321561639662832 ], [ 676486.136042873840779, 3759116.463112881407142 ], [ 676500.788020176580176, 3759084.261757335159928 ], [ 676548.38146646914538, 3759067.774219198152423 ], [ 676595.612838866654783, 3759014.570600067265332 ], [ 676654.234396689455025, 3758983.631884576752782 ], [ 676699.528791925054975, 3758932.47778654191643 ], [ 676720.941073889378458, 3758927.389093425590545 ], [ 676742.45078162313439, 3758906.974230193533003 ], [ 676789.171935795340687, 3758886.86271152831614 ], [ 676800.695053614792414, 3758862.499125893693417 ], [ 676792.741862355265766, 3758831.745668726507574 ], [ 676771.094464953290299, 3758815.690864617936313 ], [ 676737.968339597224258, 3758814.380482490174472 ], [ 676643.101573286345229, 3758865.519797867164016 ], [ 676599.045789081137627, 3758912.080723400227726 ], [ 676534.13534687506035, 3758950.477106676436961 ], [ 676492.770100854337215, 3758996.96579501638189 ], [ 676450.112925822963007, 3759017.521939758211374 ], [ 676420.849948857794516, 3759048.061302673071623 ], [ 676364.896890644682571, 3759070.186805957462639 ], [ 676317.475234174751677, 3759111.485745009966195 ], [ 676280.939895072835498, 3759131.402727440465242 ], [ 676260.413355034543201, 3759163.276757752522826 ], [ 676195.849213828449138, 3759209.465299465693533 ], [ 676152.463308920501731, 3759218.052684939932078 ], [ 676073.113251158385538, 3759267.773572811856866 ], [ 676037.830598820350133, 3759303.03421458369121 ], [ 676016.26929060195107, 3759339.010743636637926 ] ] ], [ [ [ 676445.807831700891256, 3759572.360991858877242 ], [ 676435.121834594174288, 3759625.742798648774624 ], [ 676447.55279190512374, 3759647.786528810393065 ], [ 676467.232937997323461, 3759659.382570060435683 ], [ 676543.465242078411393, 3759671.638112323824316 ], [ 676636.969586206832901, 3759641.931584428995848 ], [ 676652.83653459569905, 3759680.775866159703583 ], [ 676684.174727456062101, 3759700.088558070361614 ], [ 676781.15458326227963, 3759726.808183522894979 ], [ 676853.590889276005328, 3759730.307501771952957 ], [ 676875.813698596786708, 3759723.566286263987422 ], [ 676905.010034963255748, 3759677.025875081773847 ], [ 676912.123097559786402, 3759630.39967352990061 ], [ 676929.783379168831743, 3759616.245019498281181 ], [ 676982.062444452662021, 3759534.238684980664402 ], [ 677040.170116447960027, 3759462.540569153148681 ], [ 677040.530786021961831, 3759422.204336551483721 ], [ 677085.719454772304744, 3759352.438049585558474 ], [ 677090.859605553559959, 3759303.924307926557958 ], [ 677108.020564341684803, 3759278.377817108295858 ], [ 677105.744334426010028, 3759255.266866932623088 ], [ 677087.510328905424103, 3759221.41833348153159 ], [ 677175.734605443198234, 3759133.53427909174934 ], [ 677286.386129836784676, 3759053.766777293290943 ], [ 677297.909247656236403, 3759029.40319165866822 ], [ 677291.360643081483431, 3759003.259696724824607 ], [ 677259.015262256143615, 3758984.072421348188072 ], [ 677213.650725359097123, 3758995.391864924225956 ], [ 677053.773705490864813, 3759077.432098682038486 ], [ 676999.35626179294195, 3759116.549259647727013 ], [ 676987.322615064796992, 3759133.382170326076448 ], [ 676953.286276643513702, 3759141.314729349687696 ], [ 676936.773081750608981, 3759157.930680132471025 ], [ 676854.755146479699761, 3759178.388496084604412 ], [ 676794.228052370948717, 3759209.409544744063169 ], [ 676771.984482996398583, 3759239.640121120028198 ], [ 676691.936867049662396, 3759273.826131124980748 ], [ 676675.272592028137296, 3759297.906672801356763 ], [ 676646.766198701690882, 3759310.763282096944749 ], [ 676617.298292329534888, 3759336.471771341748536 ], [ 676522.163367715082131, 3759437.590029929764569 ], [ 676508.474636244005524, 3759460.336542570497841 ], [ 676508.038119535893202, 3759481.841400496196002 ], [ 676490.247588627506047, 3759504.915421682875603 ], [ 676487.705010423553176, 3759528.021381636150181 ], [ 676445.807831700891256, 3759572.360991858877242 ] ] ], [ [ [ 676926.991899601998739, 3759683.346594284288585 ], [ 676906.61635785899125, 3759710.819831977132708 ], [ 676914.784608008340001, 3759751.30933951633051 ], [ 676938.450071492115967, 3759770.731083472725004 ], [ 676975.011123943142593, 3759767.888834065292031 ], [ 676997.598650959669612, 3759739.732280219439417 ], [ 676994.597888104384765, 3759709.265023656189442 ], [ 676961.155106369638816, 3759681.668263557367027 ], [ 676926.991899601998739, 3759683.346594284288585 ] ] ] ] } },
{ "type": "Feature", "properties": { "depth_bin": "215-220" }, "geometry": { "type": "MultiPolygon", "coordinates": [ [ [ [ 676030.674635495874099, 3759303.566152919549495 ], [ 675981.143640548107214, 3759384.959962068591267 ], [ 675932.763542835367844, 3759523.893656512256712 ], [ 675938.696543219964951, 3759555.443518639076501 ], [ 675967.158968354808167, 3759574.054813182447106 ], [ 675993.316798463580199, 3759571.857835992705077 ], [ 676011.268245661165565, 3759557.125464012846351 ], [ 676061.567733424250036, 3759414.559403383173048 ], [ 676115.884960976894945, 3759335.826486798934639 ], [ 676188.648707495769486, 3759290.346216736827046 ], [ 676240.966912318603136, 3759280.199349179398268 ], [ 676260.897476417012513, 3759258.541275438852608 ], [ 676320.313940897467546, 3759220.388173960149288 ], [ 676340.281534743495286, 3759190.53154442133382 ], [ 676410.052910666679963, 3759137.942368872929364 ], [ 676459.732058765366673, 3759123.35134171275422 ], [ 676482.698551757261157, 3759104.586914618965238 ], [ 676494.06098950910382, 3759083.790775090456009 ], [ 676546.976886843913235, 3759063.164262054022402 ], [ 676588.678736011497676, 3759011.10952968057245 ], [ 676651.425230770022608, 3758974.411965922918171 ], [ 676693.221670744242147, 3758931.33068834617734 ], [ 676722.583382248063572, 3758922.858373534865677 ], [ 676742.404067305848002, 3758902.89153993781656 ], [ 676786.283521973877214, 3758880.689681780058891 ], [ 676797.806639793328941, 3758856.326096145436168 ], [ 676789.813828239450231, 3758827.096086418721825 ], [ 676768.166430837474763, 3758811.041282310150564 ], [ 676738.047579950769432, 3758811.333588076755404 ], [ 676643.180814447579905, 3758862.472904957830906 ], [ 676595.200484042405151, 3758909.294872966594994 ], [ 676534.214589530252852, 3758947.430215755943209 ], [ 676488.231778943561949, 3758992.460226499475539 ], [ 676412.360375893535092, 3759046.679423169232905 ], [ 676366.938498682458885, 3759060.511898283846676 ], [ 676330.91848954022862, 3759085.443815602920949 ], [ 676192.511025362065993, 3759207.80488505680114 ], [ 676159.826665214030072, 3759210.48149666050449 ], [ 676137.110020016203634, 3759222.226772089488804 ], [ 676067.05901354784146, 3759266.091532377060503 ], [ 676030.674635495874099, 3759303.566152919549495 ] ] ], [ [ [ 676500.38032199232839, 3759552.955643637571484 ], [ 676489.433182023698464, 3759573.436302004382014 ], [ 676490.146183601231314, 3759594.363117280881852 ], [ 676473.957383700064383, 3759622.666035275440663 ], [ 676476.80959146656096, 3759641.89405818330124 ], [ 676491.541963446186855, 3759659.845505380537361 ], [ 676699.059015335747972, 3759699.400026311632246 ], [ 676732.744922270881943, 3759674.612655305769295 ], [ 676755.986180750653148, 3759587.389562736265361 ], [ 676817.817261688178405, 3759551.944392399862409 ], [ 676839.942413204349577, 3759513.321854901965708 ], [ 676929.247509153326973, 3759466.51541637443006 ], [ 676893.048249907791615, 3759509.905537529382855 ], [ 676868.736129150609486, 3759562.10723616136238 ], [ 676786.164517064229585, 3759633.657296806108207 ], [ 676780.270998189342208, 3759697.046527144033462 ], [ 676801.91884219518397, 3759718.694371149875224 ], [ 676869.033889739657752, 3759730.693537452723831 ], [ 676935.442801985074766, 3759769.128377833869308 ], [ 677023.187124090502039, 3759774.355634691659361 ], [ 677045.409933411283419, 3759767.614419183693826 ], [ 677061.590130689553916, 3759750.243861649185419 ], [ 677083.869423625292256, 3759697.65824715141207 ], [ 677077.350923959515058, 3759617.755169055890292 ], [ 677088.166805489338003, 3759583.214814033359289 ], [ 677069.705132660339586, 3759549.195342412684113 ], [ 677085.85517898958642, 3759496.259091288782656 ], [ 677065.18912876851391, 3759465.074030085466802 ], [ 677142.940529412473552, 3759316.108100206125528 ], [ 677191.69174781779293, 3759263.725282992236316 ], [ 677212.649124428629875, 3759200.977057458367199 ], [ 677202.968006392475218, 3759170.804434173740447 ], [ 677225.405479795532301, 3759119.500506410840899 ], [ 677258.142118014278822, 3759085.277023184113204 ], [ 677306.931286778766662, 3759050.788880520500243 ], [ 677311.461825271719135, 3759028.012325434479862 ], [ 677304.913220696966164, 3759009.710201726760715 ], [ 677266.553278139908798, 3758987.3174345549196 ], [ 677215.79671957611572, 3759002.372896780259907 ], [ 677091.397437449428253, 3759094.551434141583741 ], [ 676960.464866321766749, 3759226.164843408856541 ], [ 676790.251208554720506, 3759338.733969902154058 ], [ 676771.455764276674017, 3759346.769633605610579 ], [ 676752.956937967683189, 3759325.68355215061456 ], [ 676726.483833622885868, 3759320.76227830722928 ], [ 676681.171569713624194, 3759336.049900978337973 ], [ 676665.888234492973424, 3759355.541187278926373 ], [ 676642.372054835548624, 3759362.481309241149575 ], [ 676597.763323526713066, 3759402.968893059063703 ], [ 676579.06548579770606, 3759431.001634093467146 ], [ 676550.844856051495299, 3759504.627125980798155 ], [ 676500.38032199232839, 3759552.955643637571484 ] ] ] ] } },
{ "type": "Feature", "properties": { "depth_bin": "220-225" }, "geometry": { "type": "MultiPolygon", "coordinates": [ [ [ [ 676004.670632553636096, 3759334.796449639368802 ], [ 675976.652569701778702, 3759381.794206028804183 ], [ 675926.709409569390118, 3759522.211711314041167 ], [ 675932.602783631184138, 3759555.285013254731894 ], [ 675958.057955242693424, 3759572.293615150265396 ], [ 675985.739225088385865, 3759570.13626427249983 ], [ 676003.690672285971232, 3759555.403892292641103 ], [ 676054.672515052021481, 3759415.168859775178134 ], [ 676114.160056200693361, 3759330.022034720052034 ], [ 676184.013917366275564, 3759287.535527322441339 ], [ 676208.22678604349494, 3759287.219933158252388 ], [ 676238.078522670315579, 3759274.026332771871239 ], [ 676318.988613857422024, 3759212.731335929594934 ], [ 676334.334851473802701, 3759188.420180396642536 ], [ 676393.154051340185106, 3759137.960759892128408 ], [ 676447.623749052174389, 3759119.987474808935076 ], [ 676498.834707008558325, 3759077.230825373902917 ], [ 676540.922728353296407, 3759061.482329795602709 ], [ 676586.080568013712764, 3759008.363479918334633 ], [ 676642.284554532729089, 3758974.174239921849221 ], [ 676687.311484394245781, 3758930.814936229027808 ], [ 676721.178796871914528, 3758918.248412645887583 ], [ 676783.35538787744008, 3758876.040096942335367 ], [ 676794.878505696891807, 3758851.676511307712644 ], [ 676788.369521253625862, 3758824.009569079149514 ], [ 676766.722123851650394, 3758807.954764970578253 ], [ 676740.452455112361349, 3758807.875524723902345 ], [ 676638.610475147026591, 3758862.354043260216713 ], [ 676591.512529042433016, 3758906.586495369207114 ], [ 676532.770386672578752, 3758944.343703551217914 ], [ 676486.419554720865563, 3758988.787619151640683 ], [ 676410.363701410824433, 3759044.093646048102528 ], [ 676376.77891798724886, 3759051.374837594572455 ], [ 676341.939199837506749, 3759072.010080633219332 ], [ 676192.725930604152381, 3759203.147517734207213 ], [ 676153.123455134686083, 3759210.201239499729127 ], [ 676067.17788602958899, 3759261.521209130994976 ], [ 676033.537647232413292, 3759292.251255466137081 ], [ 676004.670632553636096, 3759334.796449639368802 ] ] ], [ [ [ 676567.846160209155641, 3759588.586254726629704 ], [ 676527.040130140376277, 3759616.616154974792153 ], [ 676522.509591647423804, 3759639.392710060812533 ], [ 676531.396562579786405, 3759660.847755814436823 ], [ 676555.236302397679538, 3759675.391965478658676 ], [ 676593.277132591814734, 3759682.284629165194929 ], [ 676619.36022567411419, 3759684.283604674972594 ], [ 676640.81527142750565, 3759675.396633742377162 ], [ 676667.373674848699011, 3759632.792050690855831 ], [ 676656.29318064765539, 3759588.869330123532563 ], [ 676640.680099807679653, 3759577.28988018957898 ], [ 676617.755532892304473, 3759574.046925446949899 ], [ 676567.846160209155641, 3759588.586254726629704 ] ] ], [ [ [ 676932.282284912653267, 3759509.772048355080187 ], [ 676926.070953879505396, 3759547.061406915541738 ], [ 676855.316431763465516, 3759653.139139891602099 ], [ 676852.46422399696894, 3759672.367162799462676 ], [ 676861.351194929331541, 3759693.822208553086966 ], [ 676889.83474811189808, 3759709.816942446865141 ], [ 676923.385155054624192, 3759703.592543896753341 ], [ 676952.559999834513292, 3759709.720096346922219 ], [ 676971.941000331542455, 3759702.371342211496085 ], [ 676974.044346277718432, 3759749.345944877713919 ], [ 676999.388140487950295, 3759772.316221012268215 ], [ 677101.757057951646857, 3759776.104820887092501 ], [ 677127.822083118138835, 3759765.813284869771451 ], [ 677142.253740818472579, 3759738.813552348408848 ], [ 677132.576833272934891, 3759695.058703564107418 ], [ 677162.931267708074301, 3759628.912929682992399 ], [ 677157.701125094201416, 3759592.224526660051197 ], [ 677177.716117513249628, 3759564.228452851530164 ], [ 677190.537563851219602, 3759523.592638191301376 ], [ 677186.007025358267128, 3759500.816083105280995 ], [ 677169.181608849554323, 3759484.203818302601576 ], [ 677195.388350781402551, 3759455.295716875698417 ], [ 677201.936955356155522, 3759436.99359316797927 ], [ 677195.388350781402551, 3759410.850098234135658 ], [ 677172.142645395593718, 3759387.529910829849541 ], [ 677204.30814815859776, 3759353.316660826094449 ], [ 677200.023205961333588, 3759296.787295546848327 ], [ 677253.584484184510075, 3759226.241656644735485 ], [ 677283.023092322866432, 3759147.229076472576708 ], [ 677324.017528602387756, 3759088.120730552822351 ], [ 677330.706494525191374, 3759061.393688400276005 ], [ 677325.922258679522201, 3759032.142878436017781 ], [ 677305.985618413076736, 3759002.038106345105916 ], [ 677265.374275374226272, 3758992.741221763193607 ], [ 677212.313973731710576, 3759019.051621547434479 ], [ 677136.112202482763678, 3759083.181279561948031 ], [ 677082.037423294503242, 3759155.262980954255909 ], [ 677043.367618989897892, 3759181.477982861921191 ], [ 677036.81901441514492, 3759207.621477795764804 ], [ 677045.705985347507522, 3759229.076523549389094 ], [ 677065.01501639187336, 3759241.978405612055212 ], [ 677092.176642520935275, 3759241.153784540947527 ], [ 677065.108613709919155, 3759267.785047853365541 ], [ 677016.793391660554335, 3759364.638573106843978 ], [ 677005.696734516881406, 3759403.772268847562373 ], [ 676958.340980525827035, 3759461.295927508734167 ], [ 676932.282284912653267, 3759509.772048355080187 ] ], [ [ 677100.372663017595187, 3759236.999200163409114 ], [ 677104.172707878169604, 3759234.074315874837339 ], [ 677104.668368685990572, 3759234.742637108080089 ], [ 677097.30019820551388, 3759238.840764701366425 ], [ 677100.372663017595187, 3759236.999200163409114 ] ] ] ] } },
{ "type": "Feature", "properties": { "depth_bin": "225-230" }, "geometry": { "type": "MultiPolygon", "coordinates": [ [ [ [ 675977.979651095578447, 3759364.591631072107702 ], [ 675918.476606223266572, 3759527.419946807436645 ], [ 675927.363577155629173, 3759556.716363787185401 ], [ 675954.363309676991776, 3759571.148021487519145 ], [ 675979.685091892722994, 3759568.45431903610006 ], [ 675997.636539090308361, 3759553.721947056241333 ], [ 676051.274421241367236, 3759409.846157743595541 ], [ 676087.293676916742697, 3759352.538572782184929 ], [ 676114.278611870598979, 3759325.451901291962713 ], [ 676184.093165592523292, 3759284.488643415272236 ], [ 676227.335179997375235, 3759276.795851276256144 ], [ 676281.752388860448264, 3759237.679005007259548 ], [ 676389.040491655818187, 3759135.940367285627872 ], [ 676455.759132865117863, 3759110.471054180990905 ], [ 676538.153190461103804, 3759050.738971094135195 ], [ 676582.340482704457827, 3759007.302720594219863 ], [ 676639.31690453144256, 3758971.04810598725453 ], [ 676685.009657551418059, 3758928.035284465644509 ], [ 676779.002640957944095, 3758875.589729133527726 ], [ 676793.434298658277839, 3758848.589996612165123 ], [ 676786.925314185675234, 3758820.923054398037493 ], [ 676765.277916783699766, 3758804.868250289466232 ], [ 676737.484800825593993, 3758804.74939000653103 ], [ 676637.166269841836765, 3758859.267529897391796 ], [ 676413.91006270586513, 3759037.770063035190105 ], [ 676346.747265233541839, 3759062.988285715226084 ], [ 676231.534088998916559, 3759171.27260183962062 ], [ 676191.698789020418189, 3759199.683014325331897 ], [ 676156.289209891809151, 3759205.710161499213427 ], [ 676062.686811090097763, 3759258.35545463161543 ], [ 676008.52850444545038, 3759315.99231247510761 ], [ 675977.979651095578447, 3759364.591631072107702 ] ] ], [ [ [ 677062.395911393570714, 3759406.926213159225881 ], [ 677066.350472035701387, 3759433.585695513058454 ], [ 677085.652960509411059, 3759455.444150880910456 ], [ 677070.509116516332142, 3759479.528915108181536 ], [ 677063.457955245045014, 3759523.663647811859846 ], [ 677077.917705746833235, 3759567.068271453958005 ], [ 677070.815448735142127, 3759592.45677779102698 ], [ 677074.221063559758477, 3759614.462116610724479 ], [ 677051.445668011438102, 3759652.083336376119405 ], [ 677040.341907823574729, 3759709.049350422807038 ], [ 677041.277256227796897, 3759747.433275290764868 ], [ 677067.94348256685771, 3759774.099501629825681 ], [ 677117.8228376833722, 3759776.803679428528994 ], [ 677140.793201907654293, 3759781.496732900384814 ], [ 677161.88244728918653, 3759796.361332896631211 ], [ 677189.675574554945342, 3759796.480218811426312 ], [ 677211.32297195692081, 3759780.425414702855051 ], [ 677220.857671940582804, 3759746.280611475463957 ], [ 677223.910363898146898, 3759656.098007836379111 ], [ 677245.064888483495452, 3759537.206903255544603 ], [ 677246.935734847094864, 3759453.534152397885919 ], [ 677265.864698581281118, 3759382.250439740717411 ], [ 677263.245304449694231, 3759347.442237292882055 ], [ 677276.983225806732662, 3759325.398566641844809 ], [ 677299.555291932541877, 3759250.768780199345201 ], [ 677340.400065906927921, 3759173.074947433546185 ], [ 677340.927315395325422, 3759135.843274643644691 ], [ 677352.19728044536896, 3759111.201454449445009 ], [ 677386.134470720426179, 3759093.507439063396305 ], [ 677400.866842700052075, 3759075.555991866160184 ], [ 677402.268519222154282, 3759045.590361695736647 ], [ 677387.882806448615156, 3759024.718255589716136 ], [ 677350.020472703501582, 3759006.062934496905655 ], [ 677290.690777067560703, 3758997.092197886668146 ], [ 677252.763146997895092, 3759012.968063778243959 ], [ 677226.166025332640857, 3759071.814856176264584 ], [ 677206.779733299394138, 3759093.648239474743605 ], [ 677173.785753959789872, 3759197.532131747808307 ], [ 677143.581387636135332, 3759225.080776399932802 ], [ 677112.816715850261971, 3759282.185228869784623 ], [ 677080.717456816812046, 3759312.401080925483257 ], [ 677066.75044692447409, 3759356.731499548535794 ], [ 677069.982168227317743, 3759390.331288381945342 ], [ 677062.395911393570714, 3759406.926213159225881 ] ] ] ] } },
{ "type": "Feature", "properties": { "depth_bin": "230-235" }, "geometry": { "type": "MultiPolygon", "coordinates": [ [ [ [ 675952.161248705117032, 3759409.798067811410874 ], [ 675913.945913207135163, 3759533.618999294936657 ], [ 675928.377570907468908, 3759560.61873181629926 ], [ 675962.244307223823853, 3759569.624581687152386 ], [ 675993.600472184596583, 3759548.673062093090266 ], [ 676045.769627072382718, 3759405.790365314111114 ], [ 676106.288288978859782, 3759325.591954793315381 ], [ 676182.648793114931323, 3759281.402144602499902 ], [ 676210.709236724418588, 3759278.609301240183413 ], [ 676235.22975646215491, 3759266.329874372575432 ], [ 676281.871258921106346, 3759233.108677157666534 ], [ 676387.596293638227507, 3759132.853857041336596 ], [ 676457.441065862542018, 3759104.416899216361344 ], [ 676683.565452954731882, 3758924.948770592454821 ], [ 676777.558433873811737, 3758872.503214491065592 ], [ 676791.990091574145481, 3758845.503481969702989 ], [ 676783.997279871953651, 3758816.27347244694829 ], [ 676762.349882469978184, 3758800.218668338377029 ], [ 676736.080213808570988, 3758800.139428237453103 ], [ 676635.722064492292702, 3758856.18101659277454 ], [ 676414.028928051702678, 3759033.199730813037604 ], [ 676346.866132220369764, 3759058.417954595759511 ], [ 676223.03598642454017, 3759172.980153025127947 ], [ 676188.517716258298606, 3759196.817467687651515 ], [ 676130.192579743918031, 3759212.653866694774479 ], [ 676070.647800739156082, 3759246.995314086321741 ], [ 675995.367553323623724, 3759324.961724353022873 ], [ 675964.738815792370588, 3759373.318627436179668 ], [ 675952.161248705117032, 3759409.798067811410874 ] ] ], [ [ [ 677116.615930441650562, 3759648.529553318861872 ], [ 677137.232553838519379, 3759754.355368108022958 ], [ 677176.380266137071885, 3759770.627503838390112 ], [ 677205.676683116820641, 3759761.74053290579468 ], [ 677221.174699145718478, 3759734.093002764508128 ], [ 677239.027484701247886, 3759530.214614018332213 ], [ 677262.875104950508103, 3759438.578621343243867 ], [ 677260.181399679393508, 3759413.256792337168008 ], [ 677245.963606229284778, 3759394.45600308990106 ], [ 677311.209541794727556, 3759225.276811138726771 ], [ 677400.62619972624816, 3759073.343872328754514 ], [ 677397.665059088263661, 3759041.353162887971848 ], [ 677374.688262284267694, 3759021.651153789833188 ], [ 677337.94015420996584, 3759023.01611781027168 ], [ 677279.87167856877204, 3759065.577486169524491 ], [ 677253.732389464159496, 3759116.893643690273166 ], [ 677246.836757323588245, 3759162.713999624364078 ], [ 677203.887237760238349, 3759204.860416978597641 ], [ 677198.537132198922336, 3759265.825251585338265 ], [ 677165.753727048751898, 3759341.861738018225878 ], [ 677168.371080119279213, 3759374.191400799434632 ], [ 677182.950338106136769, 3759395.505410065874457 ], [ 677155.661289825453423, 3759455.08663521008566 ], [ 677161.318800264853053, 3759515.466153261251748 ], [ 677134.194777187309228, 3759551.311691061127931 ], [ 677134.453640526509844, 3759587.199302822817117 ], [ 677116.615930441650562, 3759648.529553318861872 ] ] ] ] } },
{ "type": "Feature", "properties": { "depth_bin": "235-240" }, "geometry": { "type": "MultiPolygon", "coordinates": [ [ [ [ 676224.021879935869947, 3759171.009158133529127 ], [ 676189.361743282410316, 3759195.951499515213072 ], [ 676150.235066392924637, 3759204.028224969748408 ], [ 676093.868966628331691, 3759231.725995608605444 ], [ 676079.437308927997947, 3759258.725728129968047 ], [ 676088.324279860360548, 3759288.022145109716803 ], [ 676103.937360700336285, 3759299.601595043670386 ], [ 676127.048310875543393, 3759301.877824959345162 ], [ 676235.309003655333072, 3759263.282989954575896 ], [ 676394.442898047273047, 3759123.371436503715813 ], [ 676455.996865848544985, 3759101.330388508271426 ], [ 676680.593318422092125, 3758922.954110519494861 ], [ 676774.590779499034397, 3758869.377079851925373 ], [ 676789.022437199368142, 3758842.37734733056277 ], [ 676782.47383262461517, 3758816.233852396719158 ], [ 676764.522385427029803, 3758801.501480416860431 ], [ 676737.603661042288877, 3758800.179048288147897 ], [ 676634.198618113296106, 3758856.141396085266024 ], [ 676409.111797901452519, 3759033.812596429139376 ], [ 676348.429198235971853, 3759056.934133182279766 ], [ 676224.021879935869947, 3759171.009158133529127 ] ] ], [ [ [ 676066.625466278754175, 3759299.823166096117347 ], [ 676037.329049299005419, 3759290.936195163521916 ], [ 676008.766251690569334, 3759306.851668966468424 ], [ 675991.792095253709704, 3759342.69336144765839 ], [ 676006.416363887139596, 3759373.613779582083225 ], [ 676035.712780866888352, 3759382.500750514678657 ], [ 676062.712513388250954, 3759368.069092814344913 ], [ 676081.057123979087919, 3759334.664269843604416 ], [ 676066.625466278754175, 3759299.823166096117347 ] ] ] ] } }
]
}
