{
"type": "FeatureCollection",
"name": "LM_15_CVB_20200424_CS_6094_6146_depth",
"crs": { "type": "name", "properties": { "name": "urn:ogc:def:crs:EPSG::26915" } },
"features": [
{ "type": "Feature", "properties": { "depth_bin": "145-150" }, "geometry": { "type": "Polygon", "coordinates": [ [ [ 693638.199987061438151, 3766637.031267494894564 ], [ 693620.615407315315679, 3766607.693168615922332 ], [ 693583.085260699968785, 3766603.996771807316691 ], [ 693561.437416694127023, 3766625.644615813158453 ], [ 693558.224896635627374, 3766671.303002092521638 ], [ 693579.872740641469136, 3766692.9508460983634 ], [ 693610.487415230600163, 3766692.9508460983634 ], [ 693630.456928509986028, 3766674.851534270681441 ], [ 693638.199987061438151, 3766637.031267494894564 ] ] ] } },
{ "type": "Feature", "properties": { "depth_bin": "150-155" }, "geometry": { "type": "MultiPolygon", "coordinates": [ [ [ [ 693317.74378060514573, 3766550.724570346996188 ], [ 693303.312122904811986, 3766523.724837825633585 ], [ 693274.01570592506323, 3766514.837866893038154 ], [ 693247.015973403700627, 3766529.269524593371898 ], [ 693238.129002471338026, 3766558.565941573120654 ], [ 693252.560660171671771, 3766585.565674094483256 ], [ 693281.857077151420526, 3766594.452645027078688 ], [ 693308.856809672783129, 3766580.020987326744944 ], [ 693317.74378060514573, 3766550.724570346996188 ] ] ], [ [ [ 693629.939378954353742, 3766666.531241775956005 ], [ 693615.507721254019998, 3766639.531509254593402 ], [ 693586.211304274271242, 3766630.64453832199797 ], [ 693559.21157175290864, 3766645.076196022331715 ], [ 693550.324600820546038, 3766674.37261300208047 ], [ 693564.756258520879783, 3766701.372345523443073 ], [ 693594.052675500628538, 3766710.259316456038505 ], [ 693621.052408021991141, 3766695.827658755704761 ], [ 693629.939378954353742, 3766666.531241775956005 ] ] ] ] } },
{ "type": "Feature", "properties": { "depth_bin": "155-160" }, "geometry": { "type": "MultiPolygon", "coordinates": [ [ [ [ 693005.121826306916773, 3766459.610799042508006 ], [ 692981.197752385400236, 3766430.459230622742325 ], [ 692958.086802210193127, 3766428.183000707067549 ], [ 692940.514683724264614, 3766436.493993788957596 ], [ 692927.612801661598496, 3766455.803024833090603 ], [ 692922.400239186827093, 3766494.012430629692972 ], [ 692931.287210119189695, 3766523.308847609441727 ], [ 692958.286942640552297, 3766537.740505309775472 ], [ 692987.583359620301053, 3766528.85353437718004 ], [ 693000.485241682967171, 3766509.544503333047032 ], [ 693005.121826306916773, 3766459.610799042508006 ] ] ], [ [ [ 693314.215692153084092, 3766558.289161217398942 ], [ 693294.793948196922429, 3766534.623697733972222 ], [ 693264.326691633672453, 3766531.622934878338128 ], [ 693240.661228149896488, 3766551.044678834732622 ], [ 693237.66046529461164, 3766581.511935397982597 ], [ 693257.082209250773303, 3766605.177398881409317 ], [ 693287.549465814023279, 3766608.178161737043411 ], [ 693311.214929297799245, 3766588.756417780648917 ], [ 693314.215692153084092, 3766558.289161217398942 ] ] ], [ [ [ 693620.342491712537594, 3766672.016743788029999 ], [ 693600.920747756375931, 3766648.351280304603279 ], [ 693570.453491193125956, 3766645.350517448969185 ], [ 693546.78802770934999, 3766664.772261405363679 ], [ 693543.787264854065143, 3766695.239517968613654 ], [ 693563.209008810226806, 3766718.904981452040374 ], [ 693593.676265373476781, 3766721.905744307674468 ], [ 693617.341728857252747, 3766702.484000351279974 ], [ 693620.342491712537594, 3766672.016743788029999 ] ] ] ] } },
{ "type": "Feature", "properties": { "depth_bin": "160-165" }, "geometry": { "type": "MultiPolygon", "coordinates": [ [ [ [ 692353.557290504104458, 3766354.882601235061884 ], [ 692330.587014369433746, 3766329.538807024713606 ], [ 692296.423807601793669, 3766331.217137751635164 ], [ 692270.669735885923728, 3766369.357122467830777 ], [ 692273.670498741208576, 3766399.824379031080753 ], [ 692297.335962224984542, 3766419.246122987475246 ], [ 692327.803218788234517, 3766416.245360131841153 ], [ 692352.234858375275508, 3766381.801325620152056 ], [ 692353.557290504104458, 3766354.882601235061884 ] ] ], [ [ [ 692675.889447029680014, 3766384.676697723567486 ], [ 692656.467703073518351, 3766361.011234240140766 ], [ 692626.000446510268375, 3766358.010471384506673 ], [ 692602.334983026492409, 3766377.432215340901166 ], [ 692599.334220171207562, 3766407.899471904151142 ], [ 692618.755964127369225, 3766431.564935387577862 ], [ 692649.2232206906192, 3766434.565698243211955 ], [ 692672.888684174395166, 3766415.143954286817461 ], [ 692675.889447029680014, 3766384.676697723567486 ] ] ], [ [ [ 693318.339903723797761, 3766527.681258410681039 ], [ 693308.34656154201366, 3766511.008374253287911 ], [ 693287.86590317520313, 3766500.061234284657985 ], [ 693264.754953, 3766502.337464200332761 ], [ 693249.141872160020284, 3766513.916914134286344 ], [ 693232.566431015031412, 3766584.616851565893739 ], [ 693247.190699648461305, 3766615.537269700318575 ], [ 693276.48711662821006, 3766624.424240632914007 ], [ 693303.486849149572663, 3766609.992582932580262 ], [ 693311.797842231113464, 3766592.420464446768165 ], [ 693308.580222149495967, 3766567.319111996330321 ], [ 693319.293701510643587, 3766547.096258381847292 ], [ 693318.339903723797761, 3766527.681258410681039 ] ] ], [ [ [ 693645.661219111876562, 3766616.401919024996459 ], [ 693635.667876930092461, 3766599.729034867603332 ], [ 693615.187218563281931, 3766588.781894898973405 ], [ 693592.076268388074823, 3766591.058124814648181 ], [ 693576.463187548099086, 3766602.637574748601764 ], [ 693567.576216615736485, 3766631.93399172835052 ], [ 693582.389055895851925, 3766659.216427776496857 ], [ 693554.322735730558634, 3766668.163829490542412 ], [ 693540.46705588104669, 3766691.280634744092822 ], [ 693542.743285796721466, 3766714.391584919765592 ], [ 693554.322735730558634, 3766730.004665759392083 ], [ 693583.619152710307389, 3766738.891636691987514 ], [ 693610.618885231669992, 3766724.45997899165377 ], [ 693619.505856164032593, 3766695.163562011905015 ], [ 693604.693016883917153, 3766667.881125963758677 ], [ 693638.304023817181587, 3766653.38903748197481 ], [ 693645.661219111876562, 3766616.401919024996459 ] ] ], [ [ [ 694323.365272306837142, 3766838.980059421621263 ], [ 694303.943528350675479, 3766815.314595938194543 ], [ 694273.476271787425503, 3766812.31383308256045 ], [ 694249.810808303649537, 3766831.735577038954943 ], [ 694246.81004544836469, 3766862.202833602204919 ], [ 694266.231789404526353, 3766885.868297085631639 ], [ 694296.699045967776328, 3766888.869059941265732 ], [ 694320.364509451552294, 3766869.447315984871238 ], [ 694323.365272306837142, 3766838.980059421621263 ] ] ] ] } },
{ "type": "Feature", "properties": { "depth_bin": "165-170" }, "geometry": { "type": "MultiPolygon", "coordinates": [ [ [ [ 691382.330205574980937, 3766302.055446214508265 ], [ 691367.597833595355041, 3766284.103999017272145 ], [ 691341.454338661395013, 3766277.555394442286342 ], [ 691319.999292908003554, 3766286.442365374881774 ], [ 691307.097410845337436, 3766305.751396419014782 ], [ 691301.084224541904405, 3766366.85339632909745 ], [ 691313.265932702808641, 3766391.813893455080688 ], [ 691298.871428875252604, 3766412.229928246699274 ], [ 691296.516549960826524, 3766442.92873107874766 ], [ 691305.403520893189125, 3766464.38377683237195 ], [ 691324.712551937554963, 3766477.285658895038068 ], [ 691355.179808500804938, 3766474.284896039403975 ], [ 691374.601552456966601, 3766450.619432555977255 ], [ 691376.380453520570882, 3766416.037702456116676 ], [ 691364.774723210488446, 3766394.960132597945631 ], [ 691380.123024824890308, 3766370.736323596909642 ], [ 691382.330205574980937, 3766302.055446214508265 ] ] ], [ [ [ 691694.905101009993814, 3766307.221369609236717 ], [ 691678.484119909116998, 3766290.800388508476317 ], [ 691655.707564822863787, 3766286.269850015174598 ], [ 691637.405441115261056, 3766292.8184545901604 ], [ 691622.67306913563516, 3766310.76990178739652 ], [ 691614.325497338664718, 3766405.982111800927669 ], [ 691623.212468271027319, 3766427.437157554551959 ], [ 691638.825549111003056, 3766439.016607488505542 ], [ 691669.440223700134084, 3766439.016607488505542 ], [ 691691.088067705975845, 3766417.36876348266378 ], [ 691699.628250436042435, 3766326.077239082194865 ], [ 691694.905101009993814, 3766307.221369609236717 ] ] ], [ [ [ 692025.257391609600745, 3766315.056119944434613 ], [ 691997.784153916290961, 3766294.680578201077878 ], [ 691964.604809669079259, 3766302.991571282967925 ], [ 691946.933314766502008, 3766344.91831391165033 ], [ 691955.820285698864609, 3766374.214730891399086 ], [ 691982.820018220227212, 3766388.64638859173283 ], [ 692012.116435199975967, 3766379.759417659137398 ], [ 692029.211952251731418, 3766341.715602298267186 ], [ 692025.257391609600745, 3766315.056119944434613 ] ] ], [ [ [ 692339.102425316232257, 3766376.822981354314834 ], [ 692311.629187622922473, 3766356.447439610958099 ], [ 692275.541303494828753, 3766367.394579579588026 ], [ 692263.825574742280878, 3766395.678850827272981 ], [ 692276.854914582450874, 3766439.55461070407182 ], [ 692305.139185829902999, 3766451.270339456386864 ], [ 692333.423457077355124, 3766439.55461070407182 ], [ 692344.946574896806851, 3766415.191025069449097 ], [ 692339.102425316232257, 3766376.822981354314834 ] ] ], [ [ [ 692592.925488352077082, 3766433.773240304086357 ], [ 692595.201718267751858, 3766456.884190479759127 ], [ 692606.781168201589026, 3766472.497271319385618 ], [ 692628.236213954980485, 3766481.38424225198105 ], [ 692651.012769041233696, 3766476.85370375867933 ], [ 692671.388310784241185, 3766449.380466065835208 ], [ 692671.72830826183781, 3766392.596433348488063 ], [ 692648.062844778061844, 3766373.174689392093569 ], [ 692617.595588214811869, 3766376.175452247727662 ], [ 692599.496276387479156, 3766396.144965526647866 ], [ 692592.925488352077082, 3766433.773240304086357 ] ] ], [ [ [ 692015.650377172627486, 3766436.504400529898703 ], [ 691991.98491368885152, 3766417.08265657350421 ], [ 691961.517657125601545, 3766420.083419429138303 ], [ 691942.095913169439882, 3766443.748882912565023 ], [ 691945.096676024724729, 3766474.216139475814998 ], [ 691968.762139508500695, 3766493.637883432209492 ], [ 691999.229396071750671, 3766490.637120576575398 ], [ 692018.651140027912334, 3766466.971657093148679 ], [ 692015.650377172627486, 3766436.504400529898703 ] ] ], [ [ [ 692992.762520342250355, 3766493.657802091911435 ], [ 692979.708479089080356, 3766479.254887072835118 ], [ 692957.485669768298976, 3766472.513671564869583 ], [ 692935.262860447517596, 3766479.254887072835118 ], [ 692922.208819194347598, 3766493.657802091911435 ], [ 692920.346619369811378, 3766527.30712915584445 ], [ 692908.685094450134784, 3766545.491966015193611 ], [ 692902.577294361079112, 3766587.204281655140221 ], [ 692909.318509868928231, 3766609.427090975921601 ], [ 692923.721424888004549, 3766622.481132228858769 ], [ 692954.188681451254524, 3766625.481895084492862 ], [ 692977.85414493503049, 3766606.060151128098369 ], [ 692986.104685884085484, 3766576.3811543751508 ], [ 692984.101758277858607, 3766542.309895514510572 ], [ 692997.293058835202828, 3766516.434357177931815 ], [ 692992.762520342250355, 3766493.657802091911435 ] ] ], [ [ [ 693302.064694344531745, 3766580.048724056221545 ], [ 693270.708529383759014, 3766559.097204462159425 ], [ 693235.867425636039115, 3766573.528862162493169 ], [ 693221.101015337975696, 3766628.861927883699536 ], [ 693235.725283971405588, 3766659.782346018124372 ], [ 693265.021700951154344, 3766668.669316950719804 ], [ 693292.021433472516946, 3766654.237659250386059 ], [ 693305.249166574445553, 3766618.323257002979517 ], [ 693302.064694344531745, 3766580.048724056221545 ] ] ], [ [ [ 693610.949755905778147, 3766694.991696044802666 ], [ 693587.284292422002181, 3766675.569952088408172 ], [ 693556.817035858752206, 3766678.570714944042265 ], [ 693537.395291902590543, 3766702.236178427468985 ], [ 693540.39605475787539, 3766732.703434990718961 ], [ 693564.061518241651356, 3766752.125178947113454 ], [ 693594.528774804901332, 3766749.124416091479361 ], [ 693613.950518761062995, 3766725.458952608052641 ], [ 693610.949755905778147, 3766694.991696044802666 ] ] ], [ [ [ 693974.495243815821595, 3766720.115497242193669 ], [ 693943.139078855048865, 3766699.163977648131549 ], [ 693908.297975107328966, 3766713.595635348465294 ], [ 693880.362805362790823, 3766776.689453624654561 ], [ 693894.794463063124567, 3766811.530557372141629 ], [ 693924.090880042873323, 3766820.417528304737061 ], [ 693951.090612564235926, 3766805.985870604403317 ], [ 693977.496006671106443, 3766750.582753805443645 ], [ 693974.495243815821595, 3766720.115497242193669 ] ] ], [ [ [ 694309.780454970430583, 3766842.736061104573309 ], [ 694286.114991486654617, 3766823.314317148178816 ], [ 694255.647734923404641, 3766826.315080003812909 ], [ 694236.225990967242979, 3766849.980543487239629 ], [ 694239.226753822527826, 3766880.447800050489604 ], [ 694262.892217306303792, 3766899.869544006884098 ], [ 694293.359473869553767, 3766896.868781151250005 ], [ 694312.78121782571543, 3766873.203317667823285 ], [ 694309.780454970430583, 3766842.736061104573309 ] ] ] ] } },
{ "type": "Feature", "properties": { "depth_bin": "170-175" }, "geometry": { "type": "MultiPolygon", "coordinates": [ [ [ [ 691383.590202739695087, 3766286.933658246416599 ], [ 691368.857830760069191, 3766268.982211049180478 ], [ 691342.714335826109163, 3766262.433606474194676 ], [ 691318.350750191835687, 3766273.956724293529987 ], [ 691307.40361022320576, 3766294.437382660340518 ], [ 691312.022704096511006, 3766322.205571729224175 ], [ 691303.568530970835127, 3766339.93566504959017 ], [ 691298.083892374066636, 3766408.555395025294274 ], [ 691310.929412948898971, 3766437.863649892620742 ], [ 691297.118873278610408, 3766457.846587347798049 ], [ 691295.555401995428838, 3766488.718469750136137 ], [ 691307.078519814880565, 3766513.08205538475886 ], [ 691327.559178181691095, 3766524.029195353388786 ], [ 691357.58560038311407, 3766518.056568629108369 ], [ 691374.594202278414741, 3766492.601397017948329 ], [ 691374.627897923928685, 3766461.654361557215452 ], [ 691362.550966133014299, 3766440.149719570763409 ], [ 691375.039073674473912, 3766423.862732320092618 ], [ 691380.301500782952644, 3766397.329337413888425 ], [ 691383.590202739695087, 3766286.933658246416599 ] ] ], [ [ [ 691699.30142502381932, 3766292.266493850853294 ], [ 691682.880443922942504, 3766275.845512750092894 ], [ 691660.103888836689293, 3766271.314974256791174 ], [ 691641.801765129086562, 3766277.863578831776977 ], [ 691627.069393149460666, 3766295.815026029013097 ], [ 691627.069393149460666, 3766326.429700618609786 ], [ 691647.683056349284016, 3766347.58841353142634 ], [ 691619.999402296845801, 3766367.995167593006045 ], [ 691611.712814670638181, 3766421.062684572301805 ], [ 691620.599785603000782, 3766442.517730325926095 ], [ 691636.212866442976519, 3766454.097180259879678 ], [ 691666.827541032107547, 3766454.097180259879678 ], [ 691688.475385037949309, 3766432.449336254037917 ], [ 691694.507664086879231, 3766379.047424185089767 ], [ 691671.617770971381105, 3766350.384986858349293 ], [ 691699.30142502381932, 3766329.978232796769589 ], [ 691699.30142502381932, 3766292.266493850853294 ] ] ], [ [ [ 692021.759362734854221, 3766345.277535361237824 ], [ 692005.338381633977406, 3766328.856554260477424 ], [ 691982.561826547724195, 3766324.326015767175704 ], [ 691964.259702840121463, 3766330.874620342161506 ], [ 691949.527330860495567, 3766348.826067539397627 ], [ 691948.581968554994091, 3766387.330744898878038 ], [ 691958.467107306001708, 3766406.639665488153696 ], [ 691945.07961913314648, 3766421.242440899368376 ], [ 691940.549080640194006, 3766444.018995985388756 ], [ 691949.436051572556607, 3766465.474041739013046 ], [ 691965.049132412532344, 3766477.053491672966629 ], [ 691995.663807001663372, 3766477.053491672966629 ], [ 692017.311651007505134, 3766455.405647667124867 ], [ 692019.58788092317991, 3766432.294697491452098 ], [ 692009.702742172172293, 3766412.98577690217644 ], [ 692027.044790987158194, 3766387.330744898878038 ], [ 692021.759362734854221, 3766345.277535361237824 ] ] ], [ [ [ 692340.447263055481017, 3766407.835393651854247 ], [ 692321.454806891735643, 3766390.198195423930883 ], [ 692349.465907122124918, 3766369.742869310081005 ], [ 692351.144237848580815, 3766335.579662542324513 ], [ 692329.496393842739053, 3766313.931818536482751 ], [ 692298.881719253608026, 3766313.931818536482751 ], [ 692274.957645332091488, 3766343.083386956248432 ], [ 692278.912205974222161, 3766369.742869310081005 ], [ 692297.904662137967534, 3766387.380067538004369 ], [ 692268.215231181122363, 3766411.38392583001405 ], [ 692259.899689513607882, 3766441.266568624880165 ], [ 692268.979271379066631, 3766466.642299991566688 ], [ 692295.979003900429234, 3766481.073957691900432 ], [ 692325.27542088017799, 3766472.186986759305 ], [ 692344.40182369761169, 3766434.49487600568682 ], [ 692340.447263055481017, 3766407.835393651854247 ] ] ], [ [ [ 693009.346149504417554, 3766419.266929721459746 ], [ 692992.925168403540738, 3766402.845948620699346 ], [ 692970.148613317287527, 3766398.315410127397627 ], [ 692951.846489609684795, 3766404.864014702383429 ], [ 692937.1141176300589, 3766422.81546189961955 ], [ 692930.02279153931886, 3766460.568569993600249 ], [ 692950.965954172890633, 3766488.310272373724729 ], [ 692930.971047214465216, 3766496.980652176309377 ], [ 692919.391597280628048, 3766512.593733015935868 ], [ 692912.858320759376511, 3766542.769866577815264 ], [ 692920.909912564326078, 3766566.759513803292066 ], [ 692899.684491234598681, 3766598.245224636979401 ], [ 692906.233095809351653, 3766624.388719570823014 ], [ 692924.18454300693702, 3766639.12109155068174 ], [ 692954.799217596068047, 3766639.12109155068174 ], [ 692976.447061601909809, 3766617.473247544839978 ], [ 692979.299269368406385, 3766598.245224636979401 ], [ 692971.440288496552967, 3766578.176263024564832 ], [ 692988.135171333327889, 3766561.625736050773412 ], [ 692996.346778581035323, 3766527.901070310734212 ], [ 692989.605563073186204, 3766505.678260989952832 ], [ 692974.635027163545601, 3766492.355755049735308 ], [ 693004.531053329352289, 3766471.620826585683972 ], [ 693013.876687997370027, 3766442.043484807480127 ], [ 693009.346149504417554, 3766419.266929721459746 ] ] ], [ [ [ 692665.474509193212725, 3766438.001645022071898 ], [ 692638.001271499902941, 3766417.626103278715163 ], [ 692601.913387371809222, 3766428.57324324734509 ], [ 692588.289261359837838, 3766471.822369694709778 ], [ 692600.004990112385713, 3766500.106640942394733 ], [ 692628.289261359837838, 3766511.822369694709778 ], [ 692656.573532607289962, 3766500.106640942394733 ], [ 692668.096650426741689, 3766475.743055307772011 ], [ 692665.474509193212725, 3766438.001645022071898 ] ] ], [ [ [ 693981.452798244776204, 3766706.575018105097115 ], [ 693950.096633284003474, 3766685.623498511034995 ], [ 693915.255529536283575, 3766700.05515621136874 ], [ 693906.368558603920974, 3766729.351573191117495 ], [ 693918.64887125196401, 3766754.401440214831382 ], [ 693887.154793216264807, 3766762.962418924551457 ], [ 693866.812860979000106, 3766795.604170565959066 ], [ 693866.812860979000106, 3766818.826944746542722 ], [ 693879.714743041666225, 3766838.13597579067573 ], [ 693909.01116002141498, 3766847.022946723271161 ], [ 693936.010892542777583, 3766832.591289022937417 ], [ 693952.337913649738766, 3766797.803522672038525 ], [ 693940.05760100169573, 3766764.912284422200173 ], [ 693961.483284965390339, 3766762.386068878695369 ], [ 693979.434732162975706, 3766747.653696898836643 ], [ 693985.983336737728678, 3766729.351573191117495 ], [ 693981.452798244776204, 3766706.575018105097115 ] ] ], [ [ [ 693603.919058448402211, 3766708.652289909310639 ], [ 693580.253594964626245, 3766689.230545952916145 ], [ 693549.78633840137627, 3766692.231308808550239 ], [ 693530.364594445214607, 3766715.896772291976959 ], [ 693533.365357300499454, 3766746.364028855226934 ], [ 693557.03082078427542, 3766765.785772811621428 ], [ 693587.498077347525395, 3766762.785009955987334 ], [ 693606.919821303687058, 3766739.119546472560614 ], [ 693603.919058448402211, 3766708.652289909310639 ] ] ], [ [ [ 694330.605460483813658, 3766820.445533826947212 ], [ 694303.132222790503874, 3766800.069992083590478 ], [ 694269.952878543292172, 3766808.380985165480524 ], [ 694255.378558648284525, 3766838.284673371817917 ], [ 694229.694706397131085, 3766864.599400641862303 ], [ 694237.05190169182606, 3766901.586519098840654 ], [ 694264.051634213188663, 3766916.018176799174398 ], [ 694293.348051192937419, 3766907.131205866578966 ], [ 694307.922371087945066, 3766877.227517660241574 ], [ 694332.283791210269555, 3766854.608740594703704 ], [ 694330.605460483813658, 3766820.445533826947212 ] ] ], [ [ [ 694827.339882530388422, 3770725.583089105784893 ], [ 694803.674419046612456, 3770706.161345149390399 ], [ 694773.207162483362481, 3770709.162108005024493 ], [ 694753.785418527200818, 3770732.827571488451213 ], [ 694756.786181382485665, 3770763.294828051701188 ], [ 694780.451644866261631, 3770782.716572008095682 ], [ 694810.918901429511607, 3770779.715809152461588 ], [ 694830.34064538567327, 3770756.050345669034868 ], [ 694827.339882530388422, 3770725.583089105784893 ] ] ] ] } },
{ "type": "Feature", "properties": { "depth_bin": "175-180" }, "geometry": { "type": "MultiPolygon", "coordinates": [ [ [ [ 690100.040400858968496, 3766033.650041176006198 ], [ 690078.392556853126734, 3766012.002197170164436 ], [ 690047.777882263995707, 3766012.002197170164436 ], [ 690026.130038258153945, 3766033.650041176006198 ], [ 690026.130038258153945, 3766064.264715765602887 ], [ 690047.777882263995707, 3766085.912559771444649 ], [ 690078.392556853126734, 3766085.912559771444649 ], [ 690100.040400858968496, 3766064.264715765602887 ], [ 690100.040400858968496, 3766033.650041176006198 ] ] ], [ [ [ 691053.502283684443682, 3766348.855643173214048 ], [ 691022.146118723670952, 3766327.904123579151928 ], [ 691002.91809581592679, 3766330.756331345532089 ], [ 690984.966648618341424, 3766345.488703325390816 ], [ 690973.686681715538725, 3766417.119343466125429 ], [ 690991.271261461661197, 3766446.457442345097661 ], [ 691021.297683663084172, 3766452.430069069378078 ], [ 691046.752855274593458, 3766435.421467173844576 ], [ 691058.032822177396156, 3766371.632198259234428 ], [ 691053.502283684443682, 3766348.855643173214048 ] ] ], [ [ [ 692021.287408579024486, 3766375.800476152915508 ], [ 692004.866427478147671, 3766359.379495052155107 ], [ 691982.08987239189446, 3766354.848956558853388 ], [ 691963.787748684291728, 3766361.39756113383919 ], [ 691949.055376704665832, 3766379.349008331075311 ], [ 691939.068200875888579, 3766489.740450963843614 ], [ 691947.95517180825118, 3766511.195496717467904 ], [ 691963.568252648226917, 3766522.774946651421487 ], [ 691994.182927237357944, 3766522.774946651421487 ], [ 692015.830771243199706, 3766501.127102645579726 ], [ 692019.61295989563223, 3766470.626280446071178 ], [ 692013.414793169824407, 3766449.309493281878531 ], [ 692026.010558005073108, 3766394.656345625873655 ], [ 692021.287408579024486, 3766375.800476152915508 ] ] ], [ [ [ 691684.958258866914548, 3766413.386863447260112 ], [ 691661.292795383138582, 3766393.965119490865618 ], [ 691630.825538819888607, 3766396.965882346499711 ], [ 691611.403794863726944, 3766420.631345829926431 ], [ 691614.404557719011791, 3766451.098602393176407 ], [ 691638.070021202787757, 3766470.5203463495709 ], [ 691668.537277766037732, 3766467.519583493936807 ], [ 691687.959021722199395, 3766443.854120010510087 ], [ 691684.958258866914548, 3766413.386863447260112 ] ] ], [ [ [ 691370.862571822013706, 3766435.382194214034826 ], [ 691347.19710833823774, 3766415.960450257640332 ], [ 691316.729851774987765, 3766418.961213113274425 ], [ 691297.308107818826102, 3766442.626676596701145 ], [ 691300.308870674110949, 3766473.093933159951121 ], [ 691323.974334157886915, 3766492.515677116345614 ], [ 691354.44159072113689, 3766489.514914260711521 ], [ 691373.863334677298553, 3766465.849450777284801 ], [ 691370.862571822013706, 3766435.382194214034826 ] ] ], [ [ [ 692336.813538869144395, 3766438.111254156567156 ], [ 692309.340301175834611, 3766417.735712413210422 ], [ 692273.252417047740892, 3766428.682852381840348 ], [ 692259.93680854421109, 3766472.028422736097127 ], [ 692271.652537296758965, 3766500.312693983782083 ], [ 692299.93680854421109, 3766512.028422736097127 ], [ 692328.221079791663215, 3766500.312693983782083 ], [ 692339.744197611114942, 3766475.94910834915936 ], [ 692336.813538869144395, 3766438.111254156567156 ] ] ], [ [ [ 692662.96237469476182, 3766505.797005927655846 ], [ 692661.400584635324776, 3766471.447770841419697 ], [ 692643.301272807992063, 3766451.478257562499493 ], [ 692612.834016244742088, 3766448.4774947068654 ], [ 692589.168552760966122, 3766467.899238663259894 ], [ 692583.865228737937286, 3766525.144172050524503 ], [ 692604.240770480944775, 3766552.617409743368626 ], [ 692627.017325567197986, 3766557.147948236670345 ], [ 692648.472371320589446, 3766548.260977304074913 ], [ 692661.374253383255564, 3766528.951946259941906 ], [ 692662.96237469476182, 3766505.797005927655846 ] ] ], [ [ [ 693317.720244866213761, 3766505.471972297411412 ], [ 693294.054781382437795, 3766486.050228341016918 ], [ 693263.58752481918782, 3766489.050991196651012 ], [ 693244.165780863026157, 3766512.716454680077732 ], [ 693247.166543718311004, 3766543.183711243327707 ], [ 693270.83200720208697, 3766562.605455199722201 ], [ 693301.299263765336946, 3766559.604692344088107 ], [ 693320.721007721498609, 3766535.939228860661387 ], [ 693317.720244866213761, 3766505.471972297411412 ] ] ], [ [ [ 693654.682379748788662, 3766581.118420870043337 ], [ 693627.209142055478878, 3766560.742879126686603 ], [ 693594.029797808267176, 3766569.053872208576649 ], [ 693574.814496795996092, 3766606.527389109134674 ], [ 693583.125489877536893, 3766639.706733356695622 ], [ 693610.125222398899496, 3766654.138391057029366 ], [ 693639.421639378648251, 3766645.251420124433935 ], [ 693658.636940390919335, 3766607.77790322387591 ], [ 693654.682379748788662, 3766581.118420870043337 ] ] ], [ [ [ 692972.589411217020825, 3766598.493557673413306 ], [ 692948.923947733244859, 3766579.071813717018813 ], [ 692918.456691169994883, 3766582.072576572652906 ], [ 692899.03494721383322, 3766605.738040056079626 ], [ 692902.035710069118068, 3766636.205296619329602 ], [ 692925.701173552894033, 3766655.627040575724095 ], [ 692956.168430116144009, 3766652.626277720090002 ], [ 692975.590174072305672, 3766628.960814236663282 ], [ 692972.589411217020825, 3766598.493557673413306 ] ] ], [ [ [ 693293.755150616867468, 3766625.235876735299826 ], [ 693270.089687133091502, 3766605.814132778905332 ], [ 693239.622430569841526, 3766608.814895634539425 ], [ 693220.200686613679864, 3766632.480359117966145 ], [ 693223.201449468964711, 3766662.947615681216121 ], [ 693246.866912952740677, 3766682.369359637610614 ], [ 693277.334169515990652, 3766679.368596781976521 ], [ 693296.755913472152315, 3766655.703133298549801 ], [ 693293.755150616867468, 3766625.235876735299826 ] ] ], [ [ [ 693599.131009393720888, 3766723.072605457156897 ], [ 693575.465545909944922, 3766703.650861500762403 ], [ 693544.998289346694946, 3766706.651624356396496 ], [ 693525.576545390533283, 3766730.317087839823216 ], [ 693528.577308245818131, 3766760.784344403073192 ], [ 693552.242771729594097, 3766780.206088359467685 ], [ 693582.710028292844072, 3766777.205325503833592 ], [ 693602.131772249005735, 3766753.539862020406872 ], [ 693599.131009393720888, 3766723.072605457156897 ] ] ], [ [ [ 693933.384672672953457, 3766801.811169720254838 ], [ 693909.719209189177491, 3766782.389425763860345 ], [ 693879.251952625927515, 3766785.390188619494438 ], [ 693859.830208669765852, 3766809.055652102921158 ], [ 693862.8309715250507, 3766839.522908666171134 ], [ 693886.496435008826666, 3766858.944652622565627 ], [ 693916.963691572076641, 3766855.943889766931534 ], [ 693936.385435528238304, 3766832.278426283504814 ], [ 693933.384672672953457, 3766801.811169720254838 ] ] ], [ [ [ 694286.055060755461454, 3766862.352918886113912 ], [ 694258.58182306215167, 3766841.977377142757177 ], [ 694222.493938934057951, 3766852.924517111387104 ], [ 694196.576739147072658, 3766900.833842136431485 ], [ 694207.523879115702584, 3766936.921726264990866 ], [ 694235.808150363154709, 3766948.637455017305911 ], [ 694264.092421610606834, 3766936.921726264990866 ], [ 694289.055823610746302, 3766892.820175449363887 ], [ 694286.055060755461454, 3766862.352918886113912 ] ] ], [ [ [ 694763.556798796635121, 3770693.498726077843457 ], [ 694732.63638066209387, 3770708.122994711156934 ], [ 694725.279185367398895, 3770745.110113168135285 ], [ 694748.249461502069607, 3770770.453907378483564 ], [ 694790.352964929537848, 3770774.959419201593846 ], [ 694814.018428413313814, 3770755.537675245199353 ], [ 694817.019191268598661, 3770725.070418681949377 ], [ 694797.597447312436998, 3770701.404955198522657 ], [ 694763.556798796635121, 3770693.498726077843457 ] ] ] ] } },
{ "type": "Feature", "properties": { "depth_bin": "180-185" }, "geometry": { "type": "MultiPolygon", "coordinates": [ [ [ [ 690094.488202122040093, 3766045.252726749982685 ], [ 690070.822738638264127, 3766025.830982793588191 ], [ 690040.355482075014152, 3766028.831745649222285 ], [ 690020.933738118852489, 3766052.497209132649004 ], [ 690023.934500974137336, 3766082.96446569589898 ], [ 690047.599964457913302, 3766102.386209652293473 ], [ 690078.067221021163277, 3766099.38544679665938 ], [ 690097.48896497732494, 3766075.71998331323266 ], [ 690094.488202122040093, 3766045.252726749982685 ] ] ], [ [ [ 691382.930180916329846, 3766268.174608314875513 ], [ 691359.26471743255388, 3766248.75286435848102 ], [ 691328.797460869303904, 3766251.753627214115113 ], [ 691309.375716913142242, 3766275.419090697541833 ], [ 691312.376479768427089, 3766305.886347260791808 ], [ 691336.041943252203055, 3766325.308091217186302 ], [ 691366.50919981545303, 3766322.307328361552209 ], [ 691385.930943771614693, 3766298.641864878125489 ], [ 691382.930180916329846, 3766268.174608314875513 ] ] ], [ [ [ 691058.890922627528198, 3766272.865867756307125 ], [ 691045.8368813743582, 3766258.462952737230808 ], [ 691023.61407205357682, 3766251.721737229265273 ], [ 691001.39126273279544, 3766258.462952737230808 ], [ 690988.337221479625441, 3766272.865867756307125 ], [ 690983.056333062937483, 3766345.287180417682976 ], [ 691003.431874805944972, 3766372.760418110527098 ], [ 691033.899131369194947, 3766375.761180966161191 ], [ 691057.564594852970913, 3766356.339437009766698 ], [ 691063.61407205357682, 3766291.721737229265273 ], [ 691058.890922627528198, 3766272.865867756307125 ] ] ], [ [ [ 691695.903102549840696, 3766276.639064241200686 ], [ 691672.23763906606473, 3766257.217320284806192 ], [ 691641.770382502814755, 3766260.218083140440285 ], [ 691622.348638546653092, 3766283.883546623867005 ], [ 691625.349401401937939, 3766314.350803187116981 ], [ 691649.014864885713905, 3766333.772547143511474 ], [ 691679.482121448963881, 3766330.771784287877381 ], [ 691698.903865405125543, 3766307.106320804450661 ], [ 691695.903102549840696, 3766276.639064241200686 ] ] ], [ [ [ 691045.847274744184688, 3766409.42130314419046 ], [ 691029.426293643307872, 3766393.00032204343006 ], [ 691006.649738557054661, 3766388.469783550128341 ], [ 690988.347614849451929, 3766395.018388125114143 ], [ 690973.615242869826034, 3766412.969835322350264 ], [ 690966.290526389027946, 3766508.12905988143757 ], [ 690975.177497321390547, 3766529.58410563506186 ], [ 690990.790578161366284, 3766541.163555569015443 ], [ 691021.405252750497311, 3766541.163555569015443 ], [ 691043.053096756339073, 3766519.515711563173681 ], [ 691049.08618905604817, 3766489.226082699839026 ], [ 691045.847274744184688, 3766409.42130314419046 ] ] ], [ [ [ 691682.230621045688167, 3766425.317744305822998 ], [ 691648.971836553537287, 3766407.540553626604378 ], [ 691615.713052061386406, 3766425.317744305822998 ], [ 691605.785568083985709, 3766481.670488128904253 ], [ 691623.370147830108181, 3766511.008587007876486 ], [ 691653.396570031531155, 3766516.981213732156903 ], [ 691678.851741643040441, 3766499.9726118366234 ], [ 691688.971836553537287, 3766447.540553626604378 ], [ 691682.230621045688167, 3766425.317744305822998 ] ] ], [ [ [ 691367.92970088054426, 3766481.007718258071691 ], [ 691336.57353591977153, 3766460.056198664009571 ], [ 691301.732432172051631, 3766474.487856364343315 ], [ 691289.809826302807778, 3766530.220892401877791 ], [ 691304.43409493623767, 3766561.141310536302626 ], [ 691333.730511915986426, 3766570.028281468898058 ], [ 691360.730244437349029, 3766555.596623768564314 ], [ 691369.61721536971163, 3766534.141578014940023 ], [ 691367.92970088054426, 3766481.007718258071691 ] ] ], [ [ [ 692677.354884246946312, 3766362.607224779669195 ], [ 692653.689420763170347, 3766343.185480823274702 ], [ 692623.222164199920371, 3766346.186243678908795 ], [ 692603.800420243758708, 3766369.851707162335515 ], [ 692606.801183099043556, 3766400.31896372558549 ], [ 692630.466646582819521, 3766419.740707681979984 ], [ 692660.933903146069497, 3766416.739944826345891 ], [ 692680.35564710223116, 3766393.074481342919171 ], [ 692677.354884246946312, 3766362.607224779669195 ] ] ], [ [ [ 693012.575023068930022, 3766403.244893010705709 ], [ 692988.909559585154057, 3766383.823149054311216 ], [ 692958.442303021904081, 3766386.823911909945309 ], [ 692939.020559065742418, 3766410.489375393372029 ], [ 692942.021321921027265, 3766440.956631956622005 ], [ 692965.686785404803231, 3766460.378375913016498 ], [ 692996.154041968053207, 3766457.377613057382405 ], [ 693015.57578592421487, 3766433.712149573955685 ], [ 693012.575023068930022, 3766403.244893010705709 ] ] ], [ [ [ 692330.825880402000621, 3766467.917319990694523 ], [ 692303.352642708690837, 3766447.541778247337788 ], [ 692267.264758580597118, 3766458.488918215967715 ], [ 692254.114162815967575, 3766501.936326771508902 ], [ 692265.82989156851545, 3766530.220598019193858 ], [ 692294.114162815967575, 3766541.936326771508902 ], [ 692322.3984340634197, 3766530.220598019193858 ], [ 692333.921551882871427, 3766505.857012384571135 ], [ 692330.825880402000621, 3766467.917319990694523 ] ] ], [ [ [ 692012.580097954021767, 3766482.254575749393553 ], [ 691988.914634470245801, 3766462.832831792999059 ], [ 691958.447377906995825, 3766465.833594648633152 ], [ 691939.025633950834163, 3766489.499058132059872 ], [ 691942.02639680611901, 3766519.966314695309848 ], [ 691965.691860289894976, 3766539.388058651704341 ], [ 691996.159116853144951, 3766536.387295796070248 ], [ 692015.580860809306614, 3766512.721832312643528 ], [ 692012.580097954021767, 3766482.254575749393553 ] ] ], [ [ [ 692655.484248360502534, 3766513.527732446789742 ], [ 692628.01101066719275, 3766493.152190703433007 ], [ 692591.92312653909903, 3766504.099330672062933 ], [ 692578.395578229799867, 3766547.500333104282618 ], [ 692590.111306982347742, 3766575.784604351967573 ], [ 692618.395578229799867, 3766587.500333104282618 ], [ 692646.679849477251992, 3766575.784604351967573 ], [ 692658.202967296703719, 3766551.42101871734485 ], [ 692655.484248360502534, 3766513.527732446789742 ] ] ], [ [ [ 692968.273869710043073, 3766610.160595488268882 ], [ 692938.93577083107084, 3766592.576015742029995 ], [ 692906.730813970440067, 3766604.099133561365306 ], [ 692891.5099710150389, 3766647.184635532554239 ], [ 692903.225699767586775, 3766675.468906780239195 ], [ 692931.5099710150389, 3766687.184635532554239 ], [ 692959.794242262491025, 3766675.468906780239195 ], [ 692974.822474284796044, 3766636.304090422112495 ], [ 692968.273869710043073, 3766610.160595488268882 ] ] ], [ [ [ 693289.689884453895502, 3766639.772638759110123 ], [ 693258.333719493122771, 3766618.821119165048003 ], [ 693223.492615745402873, 3766633.252776865381747 ], [ 693206.609736853046343, 3766688.128129272256047 ], [ 693221.234005486476235, 3766719.048547406680882 ], [ 693250.530422466224991, 3766727.935518339276314 ], [ 693277.530154987587593, 3766713.503860638942569 ], [ 693293.644445096026175, 3766666.432121112942696 ], [ 693289.689884453895502, 3766639.772638759110123 ] ] ], [ [ [ 693989.564091235864908, 3766693.57381088566035 ], [ 693965.898627752088942, 3766674.152066929265857 ], [ 693935.431371188838966, 3766677.15282978489995 ], [ 693916.009627232677303, 3766700.81829326832667 ], [ 693919.010390087962151, 3766731.285549831576645 ], [ 693942.675853571738116, 3766750.707293787971139 ], [ 693973.143110134988092, 3766747.706530932337046 ], [ 693992.564854091149755, 3766724.041067448910326 ], [ 693989.564091235864908, 3766693.57381088566035 ] ] ], [ [ [ 693926.830089475261047, 3766815.685375798959285 ], [ 693903.164625991485082, 3766796.263631842564791 ], [ 693872.697369428235106, 3766799.264394698198885 ], [ 693853.275625472073443, 3766822.929858181625605 ], [ 693856.276388327358291, 3766853.39711474487558 ], [ 693879.941851811134256, 3766872.818858701270074 ], [ 693910.409108374384232, 3766869.81809584563598 ], [ 693929.830852330545895, 3766846.15263236220926 ], [ 693926.830089475261047, 3766815.685375798959285 ] ] ], [ [ [ 694259.216247340082191, 3766899.766776126809418 ], [ 694231.743009646772407, 3766879.391234383452684 ], [ 694201.716587445349433, 3766885.363861107733101 ], [ 694174.903592218295671, 3766917.787604532204568 ], [ 694179.922421155381016, 3766951.621800943277776 ], [ 694205.377592766890302, 3766968.630402838811278 ], [ 694235.404014968313277, 3766962.657776114530861 ], [ 694260.894578066538088, 3766933.92998289456591 ], [ 694259.216247340082191, 3766899.766776126809418 ] ] ], [ [ [ 694774.925629183766432, 3770696.434575045946985 ], [ 694749.549897817196324, 3770687.354993180371821 ], [ 694724.174166450626217, 3770696.434575045946985 ], [ 694710.318486601114273, 3770719.551380299497396 ], [ 694714.273047243244946, 3770746.210862653329968 ], [ 694737.938510727020912, 3770765.632606609724462 ], [ 694768.807618007180281, 3770762.390983703546226 ], [ 694794.957449464243837, 3770787.613983030896634 ], [ 694825.424706027493812, 3770784.613220175262541 ], [ 694844.846449983655475, 3770760.947756691835821 ], [ 694841.845687128370628, 3770730.480500128585845 ], [ 694818.180223644594662, 3770711.058756172191352 ], [ 694787.311116364435293, 3770714.300379078369588 ], [ 694774.925629183766432, 3770696.434575045946985 ] ] ] ] } },
{ "type": "Feature", "properties": { "depth_bin": "185-190" }, "geometry": { "type": "MultiPolygon", "coordinates": [ [ [ [ 690099.083935032598674, 3766014.794951806310564 ], [ 690075.418471548822708, 3765995.373207849916071 ], [ 690044.951214985572733, 3765998.373970705550164 ], [ 690025.52947102941107, 3766022.039434188976884 ], [ 690028.530233884695917, 3766052.506690752226859 ], [ 690052.195697368471883, 3766071.928434708621353 ], [ 690082.662953931721859, 3766068.92767185298726 ], [ 690102.084697887883522, 3766045.26220836956054 ], [ 690099.083935032598674, 3766014.794951806310564 ] ] ], [ [ [ 690417.730994555051439, 3766038.988242613617331 ], [ 690390.257756861741655, 3766018.612700870260596 ], [ 690354.169872733647935, 3766029.559840838890523 ], [ 690342.45414398110006, 3766057.844112086575478 ], [ 690356.516598804621026, 3766101.389858037233353 ], [ 690384.800870052073151, 3766113.105586789548397 ], [ 690413.085141299525276, 3766101.389858037233353 ], [ 690424.608259118977003, 3766077.02627240261063 ], [ 690417.730994555051439, 3766038.988242613617331 ] ] ], [ [ [ 691068.696908841608092, 3766239.918463273905218 ], [ 691050.745461644022726, 3766225.186091294046491 ], [ 691023.826737259281799, 3766223.863659165333956 ], [ 691004.517706214915961, 3766236.765541228000075 ], [ 690991.119255410856567, 3766261.458248772658408 ], [ 690993.073069349513389, 3766296.081071512773633 ], [ 690980.135574263636954, 3766356.500951666850597 ], [ 690989.022545195999555, 3766377.955997420474887 ], [ 691004.635626035975292, 3766389.53544735442847 ], [ 691035.25030062510632, 3766389.53544735442847 ], [ 691056.898144630948082, 3766367.887603348586708 ], [ 691063.335827484144829, 3766322.1824188712053 ], [ 691058.337194845895283, 3766302.866933425888419 ], [ 691075.245513416361064, 3766266.06195820774883 ], [ 691068.696908841608092, 3766239.918463273905218 ] ] ], [ [ [ 690720.71524604910519, 3766436.934871284756809 ], [ 690695.260074437595904, 3766419.926269389223307 ], [ 690665.233652236172929, 3766425.898896113503724 ], [ 690648.225050340872258, 3766451.354067724663764 ], [ 690654.197677064803429, 3766481.380489926319569 ], [ 690679.652848676312715, 3766498.389091821853071 ], [ 690709.679270877735689, 3766492.416465097572654 ], [ 690726.687872773036361, 3766466.961293486412615 ], [ 690720.71524604910519, 3766436.934871284756809 ] ] ], [ [ [ 691041.145703335991129, 3766500.69939893996343 ], [ 691009.789538375218399, 3766479.74787934590131 ], [ 690974.9484346274985, 3766494.179537046235055 ], [ 690962.0463474545395, 3766549.819967007730156 ], [ 690976.670616087969393, 3766580.740385142154992 ], [ 691005.967033067718148, 3766589.627356074750423 ], [ 691032.966765589080751, 3766575.195698374416679 ], [ 691045.676241828943603, 3766523.47595402598381 ], [ 691041.145703335991129, 3766500.69939893996343 ] ] ], [ [ [ 691599.881531877093948, 3766515.375743919052184 ], [ 691602.157761792768724, 3766538.486694094724953 ], [ 691613.737211726605892, 3766554.099774934351444 ], [ 691635.192257479997352, 3766562.986745866946876 ], [ 691657.968812566250563, 3766558.456207373645157 ], [ 691678.344354309258051, 3766530.982969680801034 ], [ 691678.979541013832204, 3766474.100068240892142 ], [ 691655.314077530056238, 3766454.678324284497648 ], [ 691624.846820966806263, 3766457.679087140131742 ], [ 691606.74750913947355, 3766477.648600419051945 ], [ 691599.881531877093948, 3766515.375743919052184 ] ] ], [ [ [ 691362.070446653058752, 3766526.367923458572477 ], [ 691330.714281692286022, 3766505.416403864510357 ], [ 691311.48625878454186, 3766508.268611630890518 ], [ 691293.534811586956494, 3766523.000983610749245 ], [ 691286.899210062576458, 3766579.750456504989415 ], [ 691304.48378980869893, 3766609.088555383961648 ], [ 691334.510212010121904, 3766615.061182108242065 ], [ 691359.96538362163119, 3766598.052580212708563 ], [ 691368.541290693450719, 3766560.652730168774724 ], [ 691362.070446653058752, 3766526.367923458572477 ] ] ], [ [ [ 692025.133948874776252, 3766296.434405110310763 ], [ 691999.678777263266966, 3766279.425803214777261 ], [ 691969.652355061843991, 3766285.398429939057678 ], [ 691952.64375316654332, 3766310.853601550217718 ], [ 691958.616379890474491, 3766340.880023751873523 ], [ 691984.071551501983777, 3766357.888625647407025 ], [ 692014.097973703406751, 3766351.915998923126608 ], [ 692031.106575598707423, 3766326.460827311966568 ], [ 692025.133948874776252, 3766296.434405110310763 ] ] ], [ [ [ 693015.45406596257817, 3766388.009470743127167 ], [ 692991.788602478802204, 3766368.587726786732674 ], [ 692961.321345915552229, 3766371.588489642366767 ], [ 692941.899601959390566, 3766395.253953125793487 ], [ 692944.900364814675413, 3766425.721209689043462 ], [ 692968.565828298451379, 3766445.142953645437956 ], [ 692999.033084861701354, 3766442.142190789803863 ], [ 693018.454828817863017, 3766418.476727306377143 ], [ 693015.45406596257817, 3766388.009470743127167 ] ] ], [ [ [ 692010.82017393631395, 3766497.372600009199232 ], [ 691983.346936243004166, 3766476.997058265842497 ], [ 691947.259052114910446, 3766487.944198234472424 ], [ 691934.116321519832127, 3766531.327755921985954 ], [ 691945.832050272380002, 3766559.61202716967091 ], [ 691974.116321519832127, 3766571.327755921985954 ], [ 692002.400592767284252, 3766559.61202716967091 ], [ 692013.923710586735979, 3766535.248441535048187 ], [ 692010.82017393631395, 3766497.372600009199232 ] ] ], [ [ [ 692326.401892002555542, 3766494.983276859391481 ], [ 692297.063793123583309, 3766477.398697113152593 ], [ 692262.222689375863411, 3766491.830354813486338 ], [ 692246.538222941337153, 3766547.175841552205384 ], [ 692261.162491574767046, 3766578.096259686630219 ], [ 692290.458908554515801, 3766586.983230619225651 ], [ 692317.458641075878404, 3766572.551572918891907 ], [ 692332.950496577308513, 3766521.126771793235093 ], [ 692326.401892002555542, 3766494.983276859391481 ] ] ], [ [ [ 692651.734726784285158, 3766543.681683549657464 ], [ 692620.378561823512428, 3766522.730163955595344 ], [ 692585.537458075792529, 3766537.161821655929089 ], [ 692569.960275150719099, 3766592.485851156059653 ], [ 692584.584543784148991, 3766623.406269290484488 ], [ 692613.880960763897747, 3766632.29324022307992 ], [ 692640.88069328526035, 3766617.861582522746176 ], [ 692656.265265277237631, 3766566.458238635677844 ], [ 692651.734726784285158, 3766543.681683549657464 ] ] ], [ [ [ 692964.551263224799186, 3766643.562637928873301 ], [ 692940.88579974102322, 3766624.140893972478807 ], [ 692910.418543177773245, 3766627.1416568281129 ], [ 692890.996799221611582, 3766650.80712031153962 ], [ 692893.997562076896429, 3766681.274376874789596 ], [ 692917.663025560672395, 3766700.696120831184089 ], [ 692948.13028212392237, 3766697.695357975549996 ], [ 692967.552026080084033, 3766674.029894492123276 ], [ 692964.551263224799186, 3766643.562637928873301 ] ] ], [ [ [ 693276.279151774593629, 3766680.783715575467795 ], [ 693246.941052895621397, 3766663.199135829228908 ], [ 693214.736096034990624, 3766674.722253648564219 ], [ 693201.152471029083245, 3766718.289620647672564 ], [ 693212.86819978163112, 3766746.573891895357519 ], [ 693241.152471029083245, 3766758.289620647672564 ], [ 693269.436742276535369, 3766746.573891895357519 ], [ 693282.8277563493466, 3766706.927210509311408 ], [ 693276.279151774593629, 3766680.783715575467795 ] ] ], [ [ [ 693594.351682741544209, 3766737.511355048511177 ], [ 693570.686219257768244, 3766718.089611092116684 ], [ 693540.218962694518268, 3766721.090373947750777 ], [ 693520.797218738356605, 3766744.755837431177497 ], [ 693523.797981593641452, 3766775.223093994427472 ], [ 693547.463445077417418, 3766794.644837950821966 ], [ 693577.930701640667394, 3766791.644075095187873 ], [ 693597.352445596829057, 3766767.978611611761153 ], [ 693594.351682741544209, 3766737.511355048511177 ] ] ], [ [ [ 693917.05111564649269, 3766825.444610173348337 ], [ 693891.595944034983404, 3766808.436008277814835 ], [ 693861.56952183356043, 3766814.408635002095252 ], [ 693844.560919938259758, 3766839.863806613255292 ], [ 693850.533546662190929, 3766869.890228814911097 ], [ 693875.988718273700215, 3766886.898830710444599 ], [ 693906.015140475123189, 3766880.926203986164182 ], [ 693923.023742370423861, 3766855.471032375004143 ], [ 693917.05111564649269, 3766825.444610173348337 ] ] ], [ [ [ 694237.360376454540528, 3766919.420362236909568 ], [ 694211.905204843031242, 3766902.411760341376066 ], [ 694181.878782641608268, 3766908.384387065656483 ], [ 694164.870180746307597, 3766933.839558676816523 ], [ 694170.842807470238768, 3766963.865980878472328 ], [ 694196.297979081748053, 3766980.87458277400583 ], [ 694226.324401283171028, 3766974.901956049725413 ], [ 694243.333003178471699, 3766949.446784438565373 ], [ 694237.360376454540528, 3766919.420362236909568 ] ] ], [ [ [ 694767.101398714352399, 3767086.864805307704955 ], [ 694735.745233753579669, 3767065.913285713642836 ], [ 694696.800818358547986, 3767080.651158104185015 ], [ 694636.089352629845962, 3767127.710078040137887 ], [ 694629.348137121996842, 3767149.932887360919267 ], [ 694636.089352629845962, 3767172.155696681700647 ], [ 694665.427451508818194, 3767189.740276427939534 ], [ 694704.902299222885631, 3767175.589473564643413 ], [ 694765.083332632551901, 3767127.943484101444483 ], [ 694771.631937207304873, 3767109.641360393725336 ], [ 694767.101398714352399, 3767086.864805307704955 ] ] ], [ [ [ 695202.28425636573229, 3767859.817455001175404 ], [ 695178.618792881956324, 3767840.39571104478091 ], [ 695148.151536318706349, 3767843.396473900415003 ], [ 695128.729792362544686, 3767867.061937383841723 ], [ 695131.730555217829533, 3767897.529193947091699 ], [ 695155.396018701605499, 3767916.950937903486192 ], [ 695185.863275264855474, 3767913.950175047852099 ], [ 695205.285019221017137, 3767890.284711564425379 ], [ 695202.28425636573229, 3767859.817455001175404 ] ] ], [ [ [ 694354.541175400256179, 3769218.477732135914266 ], [ 694329.086003788746893, 3769201.469130240380764 ], [ 694299.059581587323919, 3769207.441756964661181 ], [ 694282.050979692023247, 3769232.896928575821221 ], [ 694288.023606415954418, 3769262.923350777477026 ], [ 694313.478778027463704, 3769279.931952673010528 ], [ 694343.505200228886679, 3769273.959325948730111 ], [ 694360.51380212418735, 3769248.504154337570071 ], [ 694354.541175400256179, 3769218.477732135914266 ] ] ], [ [ [ 694703.428853910183534, 3770670.352576481178403 ], [ 694674.132436930434778, 3770661.465605548582971 ], [ 694649.768851296161301, 3770672.988723367918283 ], [ 694638.245733476709574, 3770697.352309002541006 ], [ 694644.794338051462546, 3770723.495803936384618 ], [ 694708.640455969027244, 3770757.46181522263214 ], [ 694735.317847949685529, 3770762.483132539317012 ], [ 694757.540657270466909, 3770755.741917031351477 ], [ 694774.54925916576758, 3770730.286745420191437 ], [ 694768.576632441836409, 3770700.260323218535632 ], [ 694750.625185244251043, 3770685.527951238676906 ], [ 694711.930619825026952, 3770680.082445221021771 ], [ 694703.428853910183534, 3770670.352576481178403 ] ] ], [ [ [ 694852.514276754925959, 3770736.525271450635046 ], [ 694827.059105143416673, 3770719.516669555101544 ], [ 694797.032682941993698, 3770725.489296279381961 ], [ 694780.024081046693027, 3770750.944467890542001 ], [ 694785.996707770624198, 3770780.970890092197806 ], [ 694811.451879382133484, 3770797.979491987731308 ], [ 694841.478301583556458, 3770792.006865263450891 ], [ 694858.48690347885713, 3770766.551693652290851 ], [ 694852.514276754925959, 3770736.525271450635046 ] ] ] ] } },
{ "type": "Feature", "properties": { "depth_bin": "190-195" }, "geometry": { "type": "MultiPolygon", "coordinates": [ [ [ [ 690419.283343201852404, 3766020.529176577925682 ], [ 690393.828171590343118, 3766003.52057468239218 ], [ 690363.801749388920143, 3766009.493201406672597 ], [ 690346.793147493619472, 3766034.948373017832637 ], [ 690352.765774217550643, 3766064.974795219488442 ], [ 690378.220945829059929, 3766081.983397115021944 ], [ 690408.247368030482903, 3766076.010770390741527 ], [ 690425.255969925783575, 3766050.555598779581487 ], [ 690419.283343201852404, 3766020.529176577925682 ] ] ], [ [ [ 689776.09817345708143, 3766043.807233377825469 ], [ 689746.760074578109197, 3766026.222653631586581 ], [ 689714.555117717478424, 3766037.745771450921893 ], [ 689700.722120823920704, 3766081.403860047459602 ], [ 689712.437849576468579, 3766109.688131295144558 ], [ 689740.722120823920704, 3766121.403860047459602 ], [ 689769.006392071372829, 3766109.688131295144558 ], [ 689782.646778031834401, 3766069.950728311669081 ], [ 689776.09817345708143, 3766043.807233377825469 ] ] ], [ [ [ 691071.114401572616771, 3766224.726117381826043 ], [ 691045.659229961107485, 3766207.717515486292541 ], [ 691015.632807759684511, 3766213.690142210572958 ], [ 690998.624205864383839, 3766239.145313821732998 ], [ 691004.59683258831501, 3766269.171736023388803 ], [ 691030.052004199824296, 3766286.180337918922305 ], [ 691060.07842640124727, 3766280.207711194641888 ], [ 691077.087028296547942, 3766254.752539583481848 ], [ 691071.114401572616771, 3766224.726117381826043 ] ] ], [ [ [ 690725.319377767969854, 3766314.985163214150816 ], [ 690707.367930570384488, 3766300.25279123429209 ], [ 690684.256980395177379, 3766297.976561318617314 ], [ 690663.776322028366849, 3766308.923701287247241 ], [ 690652.829182059736922, 3766329.404359654057771 ], [ 690644.632710685371421, 3766523.965931812301278 ], [ 690656.155828504823148, 3766548.329517446924001 ], [ 690676.636486871633679, 3766559.276657415553927 ], [ 690706.662909073056653, 3766553.30403069127351 ], [ 690723.671510968357325, 3766527.848859080113471 ], [ 690731.85987077979371, 3766367.737739473115653 ], [ 690725.319377767969854, 3766314.985163214150816 ] ] ], [ [ [ 690086.375192079111002, 3766361.757088948972523 ], [ 690060.920020467601717, 3766344.748487053439021 ], [ 690030.893598266178742, 3766350.721113777719438 ], [ 690013.884996370878071, 3766376.176285388879478 ], [ 690019.857623094809242, 3766406.202707590535283 ], [ 690045.312794706318527, 3766423.211309486068785 ], [ 690075.339216907741502, 3766417.238682761788368 ], [ 690092.347818803042173, 3766391.783511150628328 ], [ 690086.375192079111002, 3766361.757088948972523 ] ] ], [ [ [ 690399.99059300951194, 3766416.278577683493495 ], [ 690374.535421398002654, 3766399.269975787959993 ], [ 690344.50899919657968, 3766405.24260251224041 ], [ 690327.500397301279008, 3766430.69777412340045 ], [ 690333.473024025210179, 3766460.724196325056255 ], [ 690358.928195636719465, 3766477.732798220589757 ], [ 690388.95461783814244, 3766471.76017149630934 ], [ 690405.963219733443111, 3766446.3049998851493 ], [ 690399.99059300951194, 3766416.278577683493495 ] ] ], [ [ [ 691035.710365977138281, 3766542.942269657738507 ], [ 691006.372267098166049, 3766525.357689911499619 ], [ 690974.167310237535276, 3766536.880807730834931 ], [ 690960.393122400389984, 3766580.272233929950744 ], [ 690972.108851152937859, 3766608.5565051776357 ], [ 691000.393122400389984, 3766620.272233929950744 ], [ 691028.677393647842109, 3766608.5565051776357 ], [ 691042.258970551891252, 3766569.085764591582119 ], [ 691035.710365977138281, 3766542.942269657738507 ] ] ], [ [ [ 691358.7550202436978, 3766568.815574034582824 ], [ 691329.416921364725567, 3766551.230994288343936 ], [ 691297.211964504094794, 3766562.754112107679248 ], [ 691284.275343901012093, 3766606.182595470920205 ], [ 691295.991072653559968, 3766634.466866718605161 ], [ 691324.275343901012093, 3766646.182595470920205 ], [ 691352.559615148464218, 3766634.466866718605161 ], [ 691364.082732967915945, 3766610.103281083982438 ], [ 691358.7550202436978, 3766568.815574034582824 ] ] ], [ [ [ 691699.796761236037128, 3766258.551905358210206 ], [ 691674.341589624527842, 3766241.543303462676704 ], [ 691644.315167423104867, 3766247.515930186957121 ], [ 691627.306565527804196, 3766272.971101798117161 ], [ 691633.279192251735367, 3766302.997523999772966 ], [ 691658.734363863244653, 3766320.006125895306468 ], [ 691688.760786064667627, 3766314.033499171026051 ], [ 691705.769387959968299, 3766288.578327559866011 ], [ 691699.796761236037128, 3766258.551905358210206 ] ] ], [ [ [ 692346.828707646927796, 3766313.337695131544024 ], [ 692321.37353603541851, 3766296.329093236010522 ], [ 692291.347113833995536, 3766302.301719960290939 ], [ 692274.338511938694865, 3766327.756891571450979 ], [ 692280.311138662626036, 3766357.783313773106784 ], [ 692305.766310274135321, 3766374.791915668640286 ], [ 692335.792732475558296, 3766368.819288944359869 ], [ 692352.801334370858967, 3766343.364117333199829 ], [ 692346.828707646927796, 3766313.337695131544024 ] ] ], [ [ [ 692677.439157522749156, 3766344.088401267770678 ], [ 692651.98398591123987, 3766327.079799372237176 ], [ 692621.957563709816895, 3766333.052426096517593 ], [ 692604.948961814516224, 3766358.507597707677633 ], [ 692610.921588538447395, 3766388.534019909333438 ], [ 692636.376760149956681, 3766405.54262180486694 ], [ 692666.403182351379655, 3766399.569995080586523 ], [ 692683.411784246680327, 3766374.114823469426483 ], [ 692677.439157522749156, 3766344.088401267770678 ] ] ], [ [ [ 691673.906643427209929, 3766516.358561350498348 ], [ 691644.568544548237696, 3766498.773981604259461 ], [ 691609.727440800517797, 3766513.205639304593205 ], [ 691600.441957313683815, 3766557.683029444422573 ], [ 691614.87361501401756, 3766584.682761965785176 ], [ 691644.170031993766315, 3766593.569732898380607 ], [ 691671.169764515128918, 3766579.138075198046863 ], [ 691680.249346380587667, 3766553.76234383136034 ], [ 691673.906643427209929, 3766516.358561350498348 ] ] ], [ [ [ 692007.050448524416424, 3766524.373309448827058 ], [ 691977.712349645444192, 3766506.788729702588171 ], [ 691942.871245897724293, 3766521.220387402921915 ], [ 691933.547567803296261, 3766565.873585160821676 ], [ 691947.979225503630005, 3766592.873317682184279 ], [ 691977.275642483378761, 3766601.760288614779711 ], [ 692004.275375004741363, 3766587.328630914445966 ], [ 692013.354956870200112, 3766561.952899547759444 ], [ 692007.050448524416424, 3766524.373309448827058 ] ] ], [ [ [ 692323.390669860062189, 3766540.808207042515278 ], [ 692294.052570981089957, 3766523.223627296276391 ], [ 692259.211467233370058, 3766537.655284996610135 ], [ 692241.67556998017244, 3766592.550169011577964 ], [ 692256.299838613602333, 3766623.470587146002799 ], [ 692285.596255593351088, 3766632.357558078598231 ], [ 692312.595988114713691, 3766617.925900378264487 ], [ 692329.939274434815161, 3766566.951701976358891 ], [ 692323.390669860062189, 3766540.808207042515278 ] ] ], [ [ [ 693657.396129085798748, 3766563.146815455053002 ], [ 693631.940957474289462, 3766546.1382135595195 ], [ 693601.914535272866488, 3766552.110840283799917 ], [ 693584.905933377565816, 3766577.566011894959956 ], [ 693590.878560101496987, 3766607.592434096615762 ], [ 693616.333731713006273, 3766624.601035992149264 ], [ 693646.360153914429247, 3766618.628409267868847 ], [ 693663.368755809729919, 3766593.173237656708807 ], [ 693657.396129085798748, 3766563.146815455053002 ] ] ], [ [ [ 692641.154321541427635, 3766585.376283470075577 ], [ 692615.699149929918349, 3766568.367681574542075 ], [ 692585.672727728495374, 3766574.340308298822492 ], [ 692568.664125833194703, 3766599.795479909982532 ], [ 692574.636752557125874, 3766629.821902111638337 ], [ 692600.09192416863516, 3766646.830504007171839 ], [ 692630.118346370058134, 3766640.857877282891423 ], [ 692647.126948265358806, 3766615.402705671731383 ], [ 692641.154321541427635, 3766585.376283470075577 ] ] ], [ [ [ 692958.198994852020405, 3766654.752834900747985 ], [ 692932.743823240511119, 3766637.744233005214483 ], [ 692902.717401039088145, 3766643.7168597294949 ], [ 692885.708799143787473, 3766669.172031340654939 ], [ 692891.681425867718644, 3766699.198453542310745 ], [ 692917.13659747922793, 3766716.207055437844247 ], [ 692947.163019680650905, 3766710.23442871356383 ], [ 692964.171621575951576, 3766684.77925710240379 ], [ 692958.198994852020405, 3766654.752834900747985 ] ] ], [ [ [ 693268.209243210381828, 3766710.1026142667979 ], [ 693242.754071598872542, 3766693.094012371264398 ], [ 693212.727649397449568, 3766699.066639095544815 ], [ 693195.719047502148896, 3766724.521810706704855 ], [ 693201.691674226080067, 3766754.54823290836066 ], [ 693227.146845837589353, 3766771.556834803894162 ], [ 693257.173268039012328, 3766765.584208079613745 ], [ 693274.181869934312999, 3766740.129036468453705 ], [ 693268.209243210381828, 3766710.1026142667979 ] ] ], [ [ [ 693585.457464163773693, 3766747.9553935485892 ], [ 693560.002292552264407, 3766730.946791653055698 ], [ 693526.822948305052705, 3766739.257784734945744 ], [ 693506.444781446130946, 3766776.188679239246994 ], [ 693514.755774527671747, 3766809.368023486807942 ], [ 693541.75550704903435, 3766823.799681187141687 ], [ 693571.051924028783105, 3766814.912710254546255 ], [ 693591.430090887704864, 3766777.981815750245005 ], [ 693585.457464163773693, 3766747.9553935485892 ] ] ], [ [ [ 694341.13048545725178, 3766807.897694586310536 ], [ 694315.675313845742494, 3766790.889092690777034 ], [ 694285.648891644319519, 3766796.861719415057451 ], [ 694268.640289749018848, 3766822.31689102621749 ], [ 694274.612916472950019, 3766852.343313227873296 ], [ 694300.068088084459305, 3766869.351915123406798 ], [ 694330.094510285882279, 3766863.379288399126381 ], [ 694347.103112181182951, 3766837.924116787966341 ], [ 694341.13048545725178, 3766807.897694586310536 ] ] ], [ [ [ 693909.543994367355481, 3766838.659830101300031 ], [ 693884.088822755846195, 3766821.651228205766529 ], [ 693854.06240055442322, 3766827.623854930046946 ], [ 693837.053798659122549, 3766853.079026541206986 ], [ 693843.02642538305372, 3766883.105448742862791 ], [ 693868.481596994563006, 3766900.114050638396293 ], [ 693898.50801919598598, 3766894.141423914115876 ], [ 693915.516621091286652, 3766868.686252302955836 ], [ 693909.543994367355481, 3766838.659830101300031 ] ] ], [ [ [ 694226.801188832963817, 3766930.403275332879275 ], [ 694201.346017221454531, 3766913.394673437345773 ], [ 694171.319595020031556, 3766919.36730016162619 ], [ 694154.310993124730885, 3766944.82247177278623 ], [ 694160.283619848662056, 3766974.848893974442035 ], [ 694185.738791460171342, 3766991.857495869975537 ], [ 694215.765213661594316, 3766985.88486914569512 ], [ 694232.773815556894988, 3766960.42969753453508 ], [ 694226.801188832963817, 3766930.403275332879275 ] ] ], [ [ [ 694317.916260623955168, 3769199.94379239436239 ], [ 694298.501260653138161, 3769198.989994607400149 ], [ 694278.02060228632763, 3769209.937134576030076 ], [ 694267.073462317697704, 3769230.417792942840606 ], [ 694269.34969223337248, 3769253.528743118513376 ], [ 694290.997536239214242, 3769275.176587124355137 ], [ 694327.7515652209986, 3769286.518558233976364 ], [ 694350.862515396205708, 3769284.242328318301588 ], [ 694372.51035940204747, 3769262.594484312459826 ], [ 694372.51035940204747, 3769231.979809722863138 ], [ 694354.411047574714758, 3769212.010296443942934 ], [ 694317.916260623955168, 3769199.94379239436239 ] ] ], [ [ [ 694644.735380219528452, 3770652.501955425832421 ], [ 694617.816655834787525, 3770653.824387554544955 ], [ 694599.865208637202159, 3770668.556759534403682 ], [ 694593.316604062449187, 3770694.700254468247294 ], [ 694604.839721881900914, 3770719.063840102870017 ], [ 694697.988913228502497, 3770753.489006400108337 ], [ 694734.076797356596217, 3770742.541866431478411 ], [ 694745.792526109144092, 3770714.257595183793455 ], [ 694734.076797356596217, 3770685.9733239361085 ], [ 694644.735380219528452, 3770652.501955425832421 ] ] ], [ [ [ 694688.286040726467036, 3767133.377582592424005 ], [ 694662.83086911495775, 3767116.368980696890503 ], [ 694632.804446913534775, 3767122.34160742117092 ], [ 694615.795845018234104, 3767147.79677903233096 ], [ 694621.768471742165275, 3767177.823201233986765 ], [ 694647.223643353674561, 3767194.831803129520267 ], [ 694677.250065555097535, 3767188.85917640523985 ], [ 694694.258667450398207, 3767163.40400479407981 ], [ 694688.286040726467036, 3767133.377582592424005 ] ] ], [ [ [ 695069.388751093414612, 3767437.946971861645579 ], [ 695043.933579481905326, 3767420.938369966112077 ], [ 695013.907157280482352, 3767426.910996690392494 ], [ 694996.89855538518168, 3767452.366168301552534 ], [ 695002.871182109112851, 3767482.392590503208339 ], [ 695028.326353720622137, 3767499.401192398741841 ], [ 695058.352775922045112, 3767493.428565674461424 ], [ 695075.361377817345783, 3767467.973394063301384 ], [ 695069.388751093414612, 3767437.946971861645579 ] ] ], [ [ [ 695125.194806523271836, 3767844.527133732568473 ], [ 695099.851012313039973, 3767867.497409867122769 ], [ 695103.547409121296369, 3767905.027556482702494 ], [ 695129.002580732805654, 3767922.036158378235996 ], [ 695174.397276042029262, 3767916.189628622028977 ], [ 695191.405877937329933, 3767890.734457010868937 ], [ 695185.433251213398762, 3767860.708034809213132 ], [ 695163.785853811423294, 3767844.65323070064187 ], [ 695125.194806523271836, 3767844.527133732568473 ] ] ], [ [ [ 695363.500626487541012, 3768245.7593391998671 ], [ 695338.045454876031727, 3768228.750737304333597 ], [ 695308.019032674608752, 3768234.723364028614014 ], [ 695291.010430779308081, 3768260.178535639774054 ], [ 695296.983057503239252, 3768290.204957841429859 ], [ 695322.438229114748538, 3768307.213559736963362 ], [ 695352.464651316171512, 3768301.240933012682945 ], [ 695369.473253211472183, 3768275.785761401522905 ], [ 695363.500626487541012, 3768245.7593391998671 ] ] ], [ [ [ 694781.389985386864282, 3770361.109073671046644 ], [ 694754.730503033148125, 3770365.063634313642979 ], [ 694736.631191205815412, 3770385.033147592563182 ], [ 694735.308759076986462, 3770411.951871977653354 ], [ 694751.363563185441308, 3770433.599269379395992 ], [ 694893.567616379354149, 3770489.591942121740431 ], [ 694924.326089195907116, 3770492.661275364458561 ], [ 694949.781260807416402, 3770475.652673468925059 ], [ 694955.753887531347573, 3770445.626251267269254 ], [ 694938.745285636046901, 3770420.171079656109214 ], [ 694781.389985386864282, 3770361.109073671046644 ] ] ], [ [ [ 695033.236782559659332, 3770469.362040088977665 ], [ 695007.781610948150046, 3770452.353438193444163 ], [ 694977.755188746727072, 3770458.32606491772458 ], [ 694960.7465868514264, 3770483.781236528884619 ], [ 694966.719213575357571, 3770513.807658730540425 ], [ 694992.174385186866857, 3770530.816260626073927 ], [ 695022.200807388289832, 3770524.84363390179351 ], [ 695039.209409283590503, 3770499.38846229063347 ], [ 695033.236782559659332, 3770469.362040088977665 ] ] ] ] } },
{ "type": "Feature", "properties": { "depth_bin": "195-200" }, "geometry": { "type": "MultiPolygon", "coordinates": [ [ [ [ 689774.731863270979375, 3766028.598768741358072 ], [ 689749.276691659470089, 3766011.590166845824569 ], [ 689719.250269458047114, 3766017.562793570104986 ], [ 689702.241667562746443, 3766043.017965181265026 ], [ 689708.214294286677614, 3766073.044387382920831 ], [ 689733.6694658981869, 3766090.052989278454334 ], [ 689763.695888099609874, 3766084.080362554173917 ], [ 689780.704489994910546, 3766058.625190943013877 ], [ 689774.731863270979375, 3766028.598768741358072 ] ] ], [ [ [ 691071.745143928565085, 3766163.645118929911405 ], [ 691053.793696730979718, 3766148.912746950052679 ], [ 691034.565673823235556, 3766146.060539183672518 ], [ 691003.209508862462826, 3766167.012058777734637 ], [ 690994.486372897983529, 3766235.314213584642857 ], [ 691015.437892491812818, 3766266.670378545299172 ], [ 691045.905149055062793, 3766269.671141400933266 ], [ 691069.570612538838759, 3766250.249397444538772 ], [ 691078.486359436414205, 3766185.867928250692785 ], [ 691071.745143928565085, 3766163.645118929911405 ] ] ], [ [ [ 691380.180765397264622, 3766249.457031314726919 ], [ 691354.725593785755336, 3766232.448429419193417 ], [ 691324.699171584332362, 3766238.421056143473834 ], [ 691307.69056968903169, 3766263.876227754633874 ], [ 691313.663196412962861, 3766293.902649956289679 ], [ 691339.118368024472147, 3766310.911251851823181 ], [ 691369.144790225895122, 3766304.938625127542764 ], [ 691386.153392121195793, 3766279.483453516382724 ], [ 691380.180765397264622, 3766249.457031314726919 ] ] ], [ [ [ 690406.10721834958531, 3766264.126489996910095 ], [ 690388.155771151999943, 3766249.394118017051369 ], [ 690365.044820976792835, 3766247.117888101376593 ], [ 690344.564162609982304, 3766258.06502807000652 ], [ 690333.617022641352378, 3766278.54568643681705 ], [ 690334.844229653594084, 3766343.76091066095978 ], [ 690357.247515217633918, 3766368.836538303177804 ], [ 690339.651455910643563, 3766377.1510826703161 ], [ 690326.749573847977445, 3766396.460113714449108 ], [ 690327.78676140436437, 3766431.096912819892168 ], [ 690340.58522265276406, 3766453.255510987248272 ], [ 690326.037149588461034, 3766488.182954253163189 ], [ 690337.560267407912761, 3766512.546539887785912 ], [ 690358.040925774723291, 3766523.493679856415838 ], [ 690388.067347976146266, 3766517.521053132135421 ], [ 690405.075949871446937, 3766492.065881520975381 ], [ 690404.122152084601112, 3766472.650881549809128 ], [ 690392.277488623047248, 3766454.300057591870427 ], [ 690406.249583836528473, 3766431.096912819892168 ], [ 690404.258598493295722, 3766400.26788792386651 ], [ 690380.901515142410062, 3766371.384486072231084 ], [ 690401.406114330282435, 3766360.433794818352908 ], [ 690412.353254298912361, 3766339.953136451542377 ], [ 690412.655822924338281, 3766282.428613704629242 ], [ 690406.10721834958531, 3766264.126489996910095 ] ] ], [ [ [ 690727.305037667392753, 3766281.626479809172451 ], [ 690696.384619532851502, 3766267.002211175858974 ], [ 690665.464201398310252, 3766281.626479809172451 ], [ 690653.743531498126686, 3766322.002725382335484 ], [ 690668.367800131556578, 3766352.923143516760319 ], [ 690697.664217111305334, 3766361.810114449355751 ], [ 690724.663949632667936, 3766347.378456749022007 ], [ 690736.384619532851502, 3766307.002211175858974 ], [ 690727.305037667392753, 3766281.626479809172451 ] ] ], [ [ [ 690088.769977390067652, 3766331.400545853655785 ], [ 690070.818530192482285, 3766316.668173873797059 ], [ 690051.590507284738123, 3766313.815966107416898 ], [ 690033.288383577135392, 3766320.3645706824027 ], [ 690018.556011597509496, 3766338.316017879638821 ], [ 690012.896423444501124, 3766422.356559823267162 ], [ 690036.820497366017662, 3766451.508128243032843 ], [ 690067.435171955148689, 3766451.508128243032843 ], [ 690089.083015960990451, 3766429.860284237191081 ], [ 690095.511192897916771, 3766353.623355174437165 ], [ 690088.769977390067652, 3766331.400545853655785 ] ] ], [ [ [ 690713.923935168422759, 3766509.902586547192186 ], [ 690683.003517033881508, 3766495.278317913878709 ], [ 690652.083098899340257, 3766509.902586547192186 ], [ 690640.099409025278874, 3766550.305488782003522 ], [ 690654.723677658708766, 3766581.225906916428357 ], [ 690684.020094638457522, 3766590.112877849023789 ], [ 690711.019827159820125, 3766575.681220148690045 ], [ 690723.003517033881508, 3766535.278317913878709 ], [ 690713.923935168422759, 3766509.902586547192186 ] ] ], [ [ [ 691672.079603289137594, 3766546.812520576175302 ], [ 691654.128156091552228, 3766532.080148596316576 ], [ 691634.900133183808066, 3766529.227940829936415 ], [ 691616.598009476205334, 3766535.776545404922217 ], [ 691601.865637496579438, 3766553.727992602158338 ], [ 691593.625401719124056, 3766633.699908721260726 ], [ 691602.512372651486658, 3766655.154954474885017 ], [ 691618.125453491462395, 3766666.7344044088386 ], [ 691648.740128080593422, 3766666.7344044088386 ], [ 691670.387972086435184, 3766645.086560402996838 ], [ 691678.820818796986714, 3766569.035329896956682 ], [ 691672.079603289137594, 3766546.812520576175302 ] ] ], [ [ [ 691029.78954422683455, 3766572.990633641835302 ], [ 691004.334372615325265, 3766555.9820317463018 ], [ 690974.30795041390229, 3766561.954658470582217 ], [ 690957.299348518601619, 3766587.409830081742257 ], [ 690963.27197524253279, 3766617.436252283398062 ], [ 690988.727146854042076, 3766634.444854178931564 ], [ 691018.75356905546505, 3766628.472227454651147 ], [ 691035.762170950765721, 3766603.017055843491107 ], [ 691029.78954422683455, 3766572.990633641835302 ] ] ], [ [ [ 691357.077631003339775, 3766599.258067390415817 ], [ 691331.622459391830489, 3766582.249465494882315 ], [ 691301.596037190407515, 3766588.222092219162732 ], [ 691284.587435295106843, 3766613.677263830322772 ], [ 691290.560062019038014, 3766643.703686031978577 ], [ 691316.0152336305473, 3766660.712287927512079 ], [ 691346.041655831970274, 3766654.739661203231663 ], [ 691363.050257727270946, 3766629.284489592071623 ], [ 691357.077631003339775, 3766599.258067390415817 ] ] ], [ [ [ 692352.553686099476181, 3766283.314492084551603 ], [ 692323.215587220503949, 3766265.729912338312715 ], [ 692291.010630359873176, 3766277.253030157648027 ], [ 692275.608992981375195, 3766316.475196442566812 ], [ 692287.132110800826922, 3766348.680153303314 ], [ 692315.416382048279047, 3766360.395882055629045 ], [ 692343.700653295731172, 3766348.680153303314 ], [ 692359.102290674229153, 3766309.457987018395215 ], [ 692352.553686099476181, 3766283.314492084551603 ] ] ], [ [ [ 693321.247515035909601, 3766469.521598677150905 ], [ 693290.32709690136835, 3766454.897330043837428 ], [ 693259.406678766827099, 3766469.521598677150905 ], [ 693250.055590374977328, 3766514.290153262671083 ], [ 693264.487248075311072, 3766541.289885784033686 ], [ 693293.783665055059828, 3766550.176856716629118 ], [ 693320.783397576422431, 3766535.745199016295373 ], [ 693330.32709690136835, 3766494.897330043837428 ], [ 693321.247515035909601, 3766469.521598677150905 ] ] ], [ [ [ 692005.472363236825913, 3766554.867330059409142 ], [ 691980.017191625316627, 3766537.858728163875639 ], [ 691949.990769423893653, 3766543.831354888156056 ], [ 691932.982167528592981, 3766569.286526499316096 ], [ 691938.954794252524152, 3766599.312948700971901 ], [ 691964.409965864033438, 3766616.321550596505404 ], [ 691994.436388065456413, 3766610.348923872224987 ], [ 692011.444989960757084, 3766584.893752261064947 ], [ 692005.472363236825913, 3766554.867330059409142 ] ] ], [ [ [ 692315.491773674846627, 3766585.917454468086362 ], [ 692290.036602063337341, 3766568.90885257255286 ], [ 692260.010179861914366, 3766574.881479296833277 ], [ 692243.001577966613695, 3766600.336650907993317 ], [ 692248.974204690544866, 3766630.363073109649122 ], [ 692274.429376302054152, 3766647.371675005182624 ], [ 692304.455798503477126, 3766641.399048280902207 ], [ 692321.464400398777798, 3766615.943876669742167 ], [ 692315.491773674846627, 3766585.917454468086362 ] ] ], [ [ [ 692635.873169285710901, 3766597.094136211555451 ], [ 692608.873436764348298, 3766582.662478511221707 ], [ 692579.577019784599543, 3766591.549449443817139 ], [ 692565.145362084265798, 3766618.549181965179741 ], [ 692574.032333016628399, 3766647.845598944928497 ], [ 692601.032065537991002, 3766662.277256645262241 ], [ 692630.328482517739758, 3766653.39028571266681 ], [ 692644.760140218073502, 3766626.390553191304207 ], [ 692635.873169285710901, 3766597.094136211555451 ] ] ], [ [ [ 692955.17463307082653, 3766667.047827747184783 ], [ 692928.174900549463928, 3766652.616170046851039 ], [ 692898.878483569715172, 3766661.503140979446471 ], [ 692884.446825869381428, 3766688.502873500809073 ], [ 692893.333796801744029, 3766717.799290480557829 ], [ 692920.333529323106632, 3766732.230948180891573 ], [ 692949.629946302855387, 3766723.343977248296142 ], [ 692964.061604003189132, 3766696.344244726933539 ], [ 692955.17463307082653, 3766667.047827747184783 ] ] ], [ [ [ 693996.814559093792923, 3766677.967620121780783 ], [ 693971.359387482283637, 3766660.959018226247281 ], [ 693941.332965280860662, 3766666.931644950527698 ], [ 693924.324363385559991, 3766692.386816561687738 ], [ 693930.296990109491162, 3766722.413238763343543 ], [ 693955.752161721000448, 3766739.421840658877045 ], [ 693985.778583922423422, 3766733.449213934596628 ], [ 694002.787185817724094, 3766707.994042323436588 ], [ 693996.814559093792923, 3766677.967620121780783 ] ] ], [ [ [ 693260.090608889819123, 3766721.182459529489279 ], [ 693233.09087636845652, 3766706.750801829155535 ], [ 693203.794459388707764, 3766715.637772761750966 ], [ 693189.36280168837402, 3766742.637505283113569 ], [ 693198.249772620736621, 3766771.933922262862325 ], [ 693225.249505142099224, 3766786.365579963196069 ], [ 693254.54592212184798, 3766777.478609030600637 ], [ 693268.977579822181724, 3766750.478876509238034 ], [ 693260.090608889819123, 3766721.182459529489279 ] ] ], [ [ [ 693572.646286051603965, 3766773.302600977476686 ], [ 693545.646553530241363, 3766758.870943277142942 ], [ 693516.350136550492607, 3766767.757914209738374 ], [ 693501.918478850158863, 3766794.757646731100976 ], [ 693510.805449782521464, 3766824.054063710849732 ], [ 693537.805182303884067, 3766838.485721411183476 ], [ 693567.101599283632822, 3766829.598750478588045 ], [ 693581.533256983966567, 3766802.599017957225442 ], [ 693572.646286051603965, 3766773.302600977476686 ] ] ], [ [ [ 694351.298986139125191, 3766796.462500486522913 ], [ 694325.843814527615905, 3766779.453898590989411 ], [ 694295.81739232619293, 3766785.426525315269828 ], [ 694278.808790430892259, 3766810.881696926429868 ], [ 694284.78141715482343, 3766840.908119128085673 ], [ 694310.236588766332716, 3766857.916721023619175 ], [ 694340.26301096775569, 3766851.944094299338758 ], [ 694357.271612863056362, 3766826.488922688178718 ], [ 694351.298986139125191, 3766796.462500486522913 ] ] ], [ [ [ 693900.648519737180322, 3766849.36273731617257 ], [ 693873.64878721581772, 3766834.931079615838826 ], [ 693844.352370236068964, 3766843.818050548434258 ], [ 693829.92071253573522, 3766870.81778306979686 ], [ 693838.807683468097821, 3766900.114200049545616 ], [ 693865.807415989460424, 3766914.54585774987936 ], [ 693895.103832969209179, 3766905.658886817283928 ], [ 693909.535490669542924, 3766878.659154295921326 ], [ 693900.648519737180322, 3766849.36273731617257 ] ] ], [ [ [ 694214.24758111697156, 3766938.72082803864032 ], [ 694187.247848595608957, 3766924.289170338306576 ], [ 694157.951431615860201, 3766933.176141270902008 ], [ 694143.519773915526457, 3766960.175873792264611 ], [ 694152.406744847889058, 3766989.472290772013366 ], [ 694179.406477369251661, 3767003.903948472347111 ], [ 694208.702894349000417, 3766995.016977539751679 ], [ 694223.134552049334161, 3766968.017245018389076 ], [ 694214.24758111697156, 3766938.72082803864032 ] ] ], [ [ [ 694674.676075578667223, 3767140.085042876657099 ], [ 694645.337976699694991, 3767122.500463130418211 ], [ 694605.682437500916421, 3767136.329419867601246 ], [ 694588.67383560561575, 3767161.784591478761286 ], [ 694594.646462329546921, 3767191.811013680417091 ], [ 694623.984561208519153, 3767209.395593426655978 ], [ 694663.640100407297723, 3767195.566636689472944 ], [ 694680.648702302598394, 3767170.111465078312904 ], [ 694674.676075578667223, 3767140.085042876657099 ] ] ], [ [ [ 694926.892221616581082, 3767454.133590377867222 ], [ 694903.775416362681426, 3767467.989270227495581 ], [ 694894.888445430318825, 3767497.285687207244337 ], [ 694906.411563249770552, 3767521.649272841867059 ], [ 694934.695834497222677, 3767533.365001594182104 ], [ 695070.137965934933163, 3767492.633507234975696 ], [ 695084.540880954009481, 3767479.579465982038528 ], [ 695091.2820964618586, 3767457.356656661257148 ], [ 695079.566367709310725, 3767429.072385413572192 ], [ 695051.2820964618586, 3767417.356656661257148 ], [ 695009.217302341363393, 3767424.109653129708022 ], [ 694926.892221616581082, 3767454.133590377867222 ] ] ], [ [ [ 694321.104653795366175, 3769216.435211142990738 ], [ 694294.104921274003573, 3769202.003553442656994 ], [ 694264.808504294254817, 3769210.890524375252426 ], [ 694250.376846593921073, 3769237.890256896615028 ], [ 694259.263817526283674, 3769267.186673876363784 ], [ 694286.263550047646277, 3769281.618331576697528 ], [ 694315.559967027395032, 3769272.731360644102097 ], [ 694329.991624727728777, 3769245.731628122739494 ], [ 694321.104653795366175, 3769216.435211142990738 ] ] ], [ [ [ 694907.023658387013711, 3770044.632718161679804 ], [ 694880.023925865651108, 3770030.20106046134606 ], [ 694850.727508885902353, 3770039.088031393941492 ], [ 694836.295851185568608, 3770066.087763915304095 ], [ 694845.18282211793121, 3770095.38418089505285 ], [ 694872.182554639293812, 3770109.815838595386595 ], [ 694901.478971619042568, 3770100.928867662791163 ], [ 694915.910629319376312, 3770073.92913514142856 ], [ 694907.023658387013711, 3770044.632718161679804 ] ] ], [ [ [ 694744.891804188024253, 3770350.426040433812886 ], [ 694713.971386053483002, 3770365.050309067126364 ], [ 694706.614190758788027, 3770402.037427524104714 ], [ 694726.03593471494969, 3770425.702891007531434 ], [ 694770.80491479288321, 3770433.827408878598362 ], [ 694794.470378276659176, 3770414.405664922203869 ], [ 694797.471141131944023, 3770383.938408358953893 ], [ 694781.416337023489177, 3770362.291010957211256 ], [ 694744.891804188024253, 3770350.426040433812886 ] ] ], [ [ [ 694938.611079682013951, 3770419.849306680262089 ], [ 694915.500129506806843, 3770422.125536595936865 ], [ 694897.548682309221476, 3770436.857908575795591 ], [ 694890.807466801372357, 3770459.080717896576971 ], [ 694897.548682309221476, 3770481.303527217358351 ], [ 694973.608399508171715, 3770525.635476099792868 ], [ 695007.442595919128507, 3770520.616647162474692 ], [ 695024.451197814429179, 3770495.161475551314652 ], [ 695018.478571090498008, 3770465.135053349658847 ], [ 694938.611079682013951, 3770419.849306680262089 ] ] ], [ [ [ 694544.430293393903412, 3770616.075563328806311 ], [ 694517.511569009162486, 3770617.397995457518846 ], [ 694499.560121811577119, 3770632.130367437377572 ], [ 694493.011517236824147, 3770658.273862371221185 ], [ 694504.534635056275874, 3770682.637448005843908 ], [ 694611.183314251364209, 3770724.650594529695809 ], [ 694647.271198379457928, 3770713.703454561065882 ], [ 694658.986927132005803, 3770685.419183313380927 ], [ 694647.271198379457928, 3770657.134912065695971 ], [ 694601.485142300720327, 3770637.728484509512782 ], [ 694579.947584171895869, 3770637.306359863374382 ], [ 694544.430293393903412, 3770616.075563328806311 ] ] ], [ [ [ 695230.902525636251085, 3767855.166241552680731 ], [ 695201.564426757278852, 3767837.581661806441844 ], [ 695170.766367907286622, 3767839.509429415222257 ], [ 695149.302756495424546, 3767855.316426802892238 ], [ 695129.473436108557507, 3767844.959625168237835 ], [ 695110.0584361377405, 3767845.913422955200076 ], [ 695075.916531572234817, 3767863.304623453877866 ], [ 695068.559336277539842, 3767900.291741910856217 ], [ 695081.46121834020596, 3767919.600772954989225 ], [ 695102.91626409359742, 3767928.487743887584656 ], [ 695136.977160522481427, 3767921.146217685192823 ], [ 695154.744821729953401, 3767906.661652426235378 ], [ 695174.57414211682044, 3767917.018454060889781 ], [ 695209.255128234275617, 3767915.666664302814752 ], [ 695234.59892244450748, 3767892.696388168260455 ], [ 695230.902525636251085, 3767855.166241552680731 ] ] ], [ [ [ 695280.538508671103045, 3768229.006272587925196 ], [ 695262.236384963500313, 3768235.554877162910998 ], [ 695247.504012983874418, 3768253.506324360147119 ], [ 695244.651805217377841, 3768272.734347268007696 ], [ 695253.538776149740443, 3768294.189393021631986 ], [ 695280.538508671103045, 3768308.62105072196573 ], [ 695318.919516196358018, 3768308.706514704506844 ], [ 695340.374561949749477, 3768299.819543771911412 ], [ 695354.806219650083221, 3768272.81981125054881 ], [ 695345.91924871772062, 3768243.523394270800054 ], [ 695322.802443463820964, 3768229.667714421171695 ], [ 695280.538508671103045, 3768229.006272587925196 ] ] ], [ [ [ 695392.904035490006208, 3768618.475082885008305 ], [ 695358.591450594016351, 3768621.39953298587352 ], [ 695339.282419549650513, 3768634.301415048539639 ], [ 695330.202837684191763, 3768659.677146415226161 ], [ 695339.282419549650513, 3768685.052877781912684 ], [ 695366.282152071013115, 3768699.484535482246429 ], [ 695435.009090497274883, 3768701.358190083410591 ], [ 695456.464136250666343, 3768692.471219150815159 ], [ 695470.895793951000087, 3768665.471486629452556 ], [ 695462.008823018637486, 3768636.175069649703801 ], [ 695442.699791974271648, 3768623.273187587037683 ], [ 695392.904035490006208, 3768618.475082885008305 ] ] ], [ [ [ 695359.423405455425382, 3769007.167216312605888 ], [ 695330.271837035659701, 3769031.091290234122425 ], [ 695327.419629269163124, 3769050.319313141983002 ], [ 695336.306600201525725, 3769071.774358895607293 ], [ 695378.364521817420609, 3769089.220979243051261 ], [ 695405.377148479106836, 3769089.616785838734359 ], [ 695422.949266965035349, 3769081.305792756844312 ], [ 695437.380924665369093, 3769054.306060235481709 ], [ 695428.493953733006492, 3769025.009643255732954 ], [ 695409.184922688640654, 3769012.107761193066835 ], [ 695359.423405455425382, 3769007.167216312605888 ] ] ], [ [ [ 695357.776685600285418, 3769409.138837361242622 ], [ 695332.321513988776132, 3769392.13023546570912 ], [ 695302.295091787353158, 3769398.102862189989537 ], [ 695285.286489892052487, 3769423.558033801149577 ], [ 695291.259116615983658, 3769453.584456002805382 ], [ 695316.714288227492943, 3769470.593057898338884 ], [ 695346.740710428915918, 3769464.620431174058467 ], [ 695363.749312324216589, 3769439.165259562898427 ], [ 695357.776685600285418, 3769409.138837361242622 ] ] ], [ [ [ 695223.791099946014583, 3769745.406670273747295 ], [ 695194.639531526248902, 3769769.330744195263833 ], [ 695196.317862252704799, 3769803.493950963020325 ], [ 695219.983325736480765, 3769822.915694919414818 ], [ 695246.294046440743841, 3769828.903092215303332 ], [ 695265.149915913818404, 3769824.179942789021879 ], [ 695284.571659869980067, 3769800.51447930559516 ], [ 695281.57089701469522, 3769770.047222742345184 ], [ 695261.601383735309355, 3769751.947910914663225 ], [ 695223.791099946014583, 3769745.406670273747295 ] ] ], [ [ [ 695170.219830183894373, 3770132.731927486602217 ], [ 695144.764658572385088, 3770115.723325591068715 ], [ 695114.738236370962113, 3770121.695952315349132 ], [ 695097.729634475661442, 3770147.151123926509172 ], [ 695103.702261199592613, 3770177.177546128164977 ], [ 695129.157432811101899, 3770194.186148023698479 ], [ 695159.183855012524873, 3770188.213521299418062 ], [ 695176.192456907825544, 3770162.758349688258022 ], [ 695170.219830183894373, 3770132.731927486602217 ] ] ] ] } },
{ "type": "Feature", "properties": { "depth_bin": "200-205" }, "geometry": { "type": "MultiPolygon", "coordinates": [ [ [ [ 689774.403226060909219, 3766013.472257458604872 ], [ 689748.948054449399933, 3765996.46365556307137 ], [ 689718.921632247976959, 3766002.436282287351787 ], [ 689701.913030352676287, 3766027.891453898511827 ], [ 689707.885657076607458, 3766057.917876100167632 ], [ 689733.340828688116744, 3766074.926477995701134 ], [ 689763.367250889539719, 3766068.953851271420717 ], [ 689780.37585278484039, 3766043.498679660260677 ], [ 689774.403226060909219, 3766013.472257458604872 ] ] ], [ [ [ 690090.564053925103508, 3766053.859104307834059 ], [ 690063.564321403740905, 3766039.427446607500315 ], [ 690034.26790442399215, 3766048.314417540095747 ], [ 690019.836246723658405, 3766075.314150061458349 ], [ 690028.723217656021006, 3766104.610567041207105 ], [ 690055.722950177383609, 3766119.042224741540849 ], [ 690085.019367157132365, 3766110.155253808945417 ], [ 690099.451024857466109, 3766083.155521287582815 ], [ 690090.564053925103508, 3766053.859104307834059 ] ] ], [ [ [ 690408.810624040896073, 3766230.603589873760939 ], [ 690385.693818786996417, 3766216.74791002413258 ], [ 690362.582868611789308, 3766219.024139939807355 ], [ 690344.631421414203942, 3766233.756511919666082 ], [ 690334.358718695584685, 3766263.300541613250971 ], [ 690338.313279337715358, 3766289.960023967083544 ], [ 690360.816969392588362, 3766308.966078743804246 ], [ 690336.932022676919587, 3766328.442800387740135 ], [ 690325.948530687368475, 3766369.709620846901089 ], [ 690327.327619115822017, 3766404.403068431187421 ], [ 690339.358742706128396, 3766422.922889999113977 ], [ 690325.534111615968868, 3766446.011554297525436 ], [ 690321.98131242103409, 3766533.839976517017931 ], [ 690333.504430240485817, 3766558.203562151640654 ], [ 690353.985088607296348, 3766569.15070212027058 ], [ 690384.011510808719322, 3766563.178075395990163 ], [ 690401.020112704019994, 3766537.722903784830123 ], [ 690405.933629990089685, 3766465.197399983182549 ], [ 690401.720704132458195, 3766438.507829883601516 ], [ 690391.012012670980766, 3766423.683958520181477 ], [ 690403.882845974294469, 3766404.403068431187421 ], [ 690412.016262317774817, 3766343.37798424763605 ], [ 690403.129291385412216, 3766321.92293849401176 ], [ 690384.982033769949339, 3766309.436745611019433 ], [ 690411.867743340902962, 3766282.715541584417224 ], [ 690417.697594973258674, 3766252.058635627385229 ], [ 690408.810624040896073, 3766230.603589873760939 ] ] ], [ [ [ 690085.917775420821272, 3766282.42591802822426 ], [ 690051.076671673101373, 3766267.994260327890515 ], [ 690019.720506712328643, 3766288.945779921952635 ], [ 690015.706802509026602, 3766346.19952350622043 ], [ 690036.08234425203409, 3766373.672761199064553 ], [ 690066.549600815284066, 3766376.673524054698646 ], [ 690090.215064299060032, 3766357.251780098304152 ], [ 690095.88349033088889, 3766319.24043123004958 ], [ 690085.917775420821272, 3766282.42591802822426 ] ] ], [ [ [ 690081.303471244173124, 3766404.29855894157663 ], [ 690054.303738722810522, 3766389.866901241242886 ], [ 690025.007321743061766, 3766398.753872173838317 ], [ 690010.575664042728022, 3766425.75360469520092 ], [ 690019.462634975090623, 3766455.050021674949676 ], [ 690046.462367496453226, 3766469.48167937528342 ], [ 690075.758784476201981, 3766460.594708442687988 ], [ 690090.190442176535726, 3766433.594975921325386 ], [ 690081.303471244173124, 3766404.29855894157663 ] ] ], [ [ [ 690711.108862295513973, 3766540.239190474152565 ], [ 690684.10912977415137, 3766525.807532773818821 ], [ 690654.812712794402614, 3766534.694503706414253 ], [ 690640.38105509406887, 3766561.694236227776855 ], [ 690649.268026026431471, 3766590.990653207525611 ], [ 690676.267758547794074, 3766605.422310907859355 ], [ 690705.56417552754283, 3766596.535339975263923 ], [ 690719.995833227876574, 3766569.535607453901321 ], [ 690711.108862295513973, 3766540.239190474152565 ] ] ], [ [ [ 689781.583685830584727, 3766577.289901208598167 ], [ 689763.632238632999361, 3766562.55752922873944 ], [ 689740.521288457792252, 3766560.281299313064665 ], [ 689720.040630090981722, 3766571.228439281694591 ], [ 689710.047287909197621, 3766587.901323439087719 ], [ 689707.638138160924427, 3766683.660981072578579 ], [ 689716.951394072500989, 3766713.227244225330651 ], [ 689738.598791474476457, 3766729.282048333901912 ], [ 689769.066048037726432, 3766726.281285478267819 ], [ 689788.487791993888095, 3766702.615821994841099 ], [ 689788.132290405337699, 3766595.592024916317314 ], [ 689781.583685830584727, 3766577.289901208598167 ] ] ], [ [ [ 691072.729927771142684, 3766148.430754745844752 ], [ 691047.274756159633398, 3766131.422152850311249 ], [ 691017.248333958210424, 3766137.394779574591666 ], [ 691000.239732062909752, 3766162.849951185751706 ], [ 691006.212358786840923, 3766192.876373387407511 ], [ 691031.667530398350209, 3766209.884975282941014 ], [ 691061.693952599773183, 3766203.912348558660597 ], [ 691078.702554495073855, 3766178.457176947500557 ], [ 691072.729927771142684, 3766148.430754745844752 ] ] ], [ [ [ 690731.088303593103774, 3766236.008078483864665 ], [ 690696.247199845383875, 3766221.576420783530921 ], [ 690664.891034884611145, 3766242.52794037759304 ], [ 690658.834714096738026, 3766299.5364133506082 ], [ 690679.210255839745514, 3766327.009651043452322 ], [ 690709.67751240299549, 3766330.010413899086416 ], [ 690733.342975886771455, 3766310.588669942691922 ], [ 690740.167885458562523, 3766261.383809850551188 ], [ 690731.088303593103774, 3766236.008078483864665 ] ] ], [ [ [ 693015.131823921692558, 3766367.092414151411504 ], [ 692988.132091400329955, 3766352.660756451077759 ], [ 692958.835674420581199, 3766361.547727383673191 ], [ 692944.404016720247455, 3766388.547459905035794 ], [ 692953.290987652610056, 3766417.843876884784549 ], [ 692980.290720173972659, 3766432.275534585118294 ], [ 693009.587137153721415, 3766423.388563652522862 ], [ 693024.018794854055159, 3766396.388831131160259 ], [ 693015.131823921692558, 3766367.092414151411504 ] ] ], [ [ [ 692001.731344056082889, 3766566.927174123004079 ], [ 691966.890240308362991, 3766552.495516422670335 ], [ 691937.552141429390758, 3766570.080096168909222 ], [ 691926.888735377811827, 3766626.355700070504099 ], [ 691944.473315123934299, 3766655.693798949476331 ], [ 691974.499737325357273, 3766661.666425673756748 ], [ 691999.954908936866559, 3766644.657823778223246 ], [ 692010.810925921541639, 3766592.302905489690602 ], [ 692001.731344056082889, 3766566.927174123004079 ] ] ], [ [ [ 691029.765213364153169, 3766585.415527706500143 ], [ 691002.765480842790566, 3766570.983870006166399 ], [ 690973.469063863041811, 3766579.87084093876183 ], [ 690959.037406162708066, 3766606.870573460124433 ], [ 690967.924377095070668, 3766636.166990439873189 ], [ 690994.92410961643327, 3766650.598648140206933 ], [ 691024.220526596182026, 3766641.711677207611501 ], [ 691038.65218429651577, 3766614.711944686248899 ], [ 691029.765213364153169, 3766585.415527706500143 ] ] ], [ [ [ 692313.679495888762176, 3766601.055450694169849 ], [ 692288.22432427725289, 3766584.046848798636347 ], [ 692258.197902075829916, 3766590.019475522916764 ], [ 692241.189300180529244, 3766615.474647134076804 ], [ 692247.161926904460415, 3766645.501069335732609 ], [ 692272.617098515969701, 3766662.509671231266111 ], [ 692302.643520717392676, 3766656.537044506985694 ], [ 692319.652122612693347, 3766631.081872895825654 ], [ 692313.679495888762176, 3766601.055450694169849 ] ] ], [ [ [ 691355.806644678930752, 3766611.546870965510607 ], [ 691328.806912157568149, 3766597.115213265176862 ], [ 691299.510495177819394, 3766606.002184197772294 ], [ 691285.078837477485649, 3766633.001916719134897 ], [ 691293.96580840984825, 3766662.298333698883653 ], [ 691320.965540931210853, 3766676.729991399217397 ], [ 691350.261957910959609, 3766667.843020466621965 ], [ 691364.693615611293353, 3766640.843287945259362 ], [ 691355.806644678930752, 3766611.546870965510607 ] ] ], [ [ [ 692632.874584529083222, 3766612.006174304056913 ], [ 692605.874852007720619, 3766597.574516603723168 ], [ 692576.578435027971864, 3766606.4614875363186 ], [ 692562.146777327638119, 3766633.461220057681203 ], [ 692571.033748260000721, 3766662.757637037429959 ], [ 692598.033480781363323, 3766677.189294737763703 ], [ 692627.329897761112079, 3766668.302323805168271 ], [ 692641.761555461445823, 3766641.302591283805668 ], [ 692632.874584529083222, 3766612.006174304056913 ] ] ], [ [ [ 691662.676598223973997, 3766622.502807199023664 ], [ 691629.417813731823117, 3766604.725616519805044 ], [ 691596.159029239672236, 3766622.502807199023664 ], [ 691588.238054589484818, 3766679.084693534299731 ], [ 691605.82263433560729, 3766708.422792413271964 ], [ 691635.849056537030265, 3766714.395419137552381 ], [ 691661.304228148539551, 3766697.386817242018878 ], [ 691669.417813731823117, 3766644.725616519805044 ], [ 691662.676598223973997, 3766622.502807199023664 ] ] ], [ [ [ 693260.156253892811947, 3766739.470771309919655 ], [ 693234.701082281302661, 3766722.462169414386153 ], [ 693204.674660079879686, 3766728.43479613866657 ], [ 693187.666058184579015, 3766753.88996774982661 ], [ 693193.638684908510186, 3766783.916389951482415 ], [ 693219.093856520019472, 3766800.924991847015917 ], [ 693249.120278721442446, 3766794.9523651227355 ], [ 693266.128880616743118, 3766769.49719351157546 ], [ 693260.156253892811947, 3766739.470771309919655 ] ] ], [ [ [ 693893.324630766990595, 3766862.683271168731153 ], [ 693866.324898245627992, 3766848.251613468397409 ], [ 693837.028481265879236, 3766857.138584400992841 ], [ 693822.596823565545492, 3766884.138316922355443 ], [ 693831.483794497908093, 3766913.434733902104199 ], [ 693858.483527019270696, 3766927.866391602437943 ], [ 693887.779943999019451, 3766918.979420669842511 ], [ 693902.211601699353196, 3766891.979688148479909 ], [ 693893.324630766990595, 3766862.683271168731153 ] ] ], [ [ [ 694204.005531373200938, 3766949.818746442906559 ], [ 694177.005798851838335, 3766935.387088742572814 ], [ 694147.70938187208958, 3766944.274059675168246 ], [ 694133.277724171755835, 3766971.273792196530849 ], [ 694142.164695104118437, 3767000.570209176279604 ], [ 694169.164427625481039, 3767015.001866876613349 ], [ 694198.460844605229795, 3767006.114895944017917 ], [ 694212.892502305563539, 3766979.115163422655314 ], [ 694204.005531373200938, 3766949.818746442906559 ] ] ], [ [ [ 694071.948120575863868, 3768564.564333853777498 ], [ 694029.880113037535921, 3768571.602411257103086 ], [ 694011.928665839950554, 3768586.334783236961812 ], [ 694005.956039116019383, 3768616.361205438617617 ], [ 694022.964641011320055, 3768641.816377049777657 ], [ 694094.886852151132189, 3768648.024383807554841 ], [ 694124.224951030104421, 3768630.439804061315954 ], [ 694130.773555604857393, 3768604.296309127472341 ], [ 694121.886584672494791, 3768582.841263373848051 ], [ 694106.273503832519054, 3768571.261813439894468 ], [ 694071.948120575863868, 3768564.564333853777498 ] ] ], [ [ [ 694305.693528397008777, 3769215.380877512507141 ], [ 694278.693795875646174, 3769200.949219812173396 ], [ 694249.397378895897418, 3769209.836190744768828 ], [ 694234.965721195563674, 3769236.835923266131431 ], [ 694243.852692127926275, 3769266.132340245880187 ], [ 694270.852424649288878, 3769280.563997946213931 ], [ 694300.148841629037634, 3769271.677027013618499 ], [ 694314.580499329371378, 3769244.677294492255896 ], [ 694305.693528397008777, 3769215.380877512507141 ] ] ], [ [ [ 693516.031285421340726, 3770238.422419550362974 ], [ 693489.031552899978124, 3770223.99076185002923 ], [ 693459.735135920229368, 3770232.877732782624662 ], [ 693445.303478219895624, 3770259.877465303987265 ], [ 693454.190449152258225, 3770289.17388228373602 ], [ 693481.190181673620827, 3770303.605539984069765 ], [ 693510.486598653369583, 3770294.718569051474333 ], [ 693524.918256353703327, 3770267.71883653011173 ], [ 693516.031285421340726, 3770238.422419550362974 ] ] ], [ [ [ 694579.994364422513172, 3770630.389823682140559 ], [ 694542.282625476364046, 3770630.389823682140559 ], [ 694521.331105882534757, 3770661.745988642796874 ], [ 694532.854223701986484, 3770693.950945503544062 ], [ 694571.819901226786897, 3770710.422692750114948 ], [ 694601.116318206535652, 3770701.535721817519516 ], [ 694615.547975906869397, 3770674.535989296156913 ], [ 694606.661004974506795, 3770645.239572316408157 ], [ 694579.994364422513172, 3770630.389823682140559 ] ] ], [ [ [ 694792.782599334488623, 3767070.531301380135119 ], [ 694763.444500455516391, 3767052.946721633896232 ], [ 694723.538209232967347, 3767065.982422123197466 ], [ 694706.529607337666675, 3767091.437593734357506 ], [ 694712.502234061597846, 3767121.464015936013311 ], [ 694741.840332940570079, 3767139.048595682252198 ], [ 694781.746624163119122, 3767126.012895192950964 ], [ 694798.755226058419794, 3767100.557723581790924 ], [ 694792.782599334488623, 3767070.531301380135119 ] ] ], [ [ [ 694645.20769614900928, 3767150.992953417822719 ], [ 694614.287278014468029, 3767136.368684784509242 ], [ 694576.207298615132459, 3767154.024304598104209 ], [ 694561.775640914798714, 3767181.024037119466811 ], [ 694570.662611847161315, 3767210.320454099215567 ], [ 694601.583029981702566, 3767224.944722732529044 ], [ 694639.663009381038137, 3767207.289102918934077 ], [ 694654.094667081371881, 3767180.289370397571474 ], [ 694645.20769614900928, 3767150.992953417822719 ] ] ], [ [ [ 694951.517864356865175, 3767473.897352895699441 ], [ 694920.597446222323924, 3767459.273084262385964 ], [ 694872.919634772348218, 3767473.939015334937721 ], [ 694853.497890816186555, 3767497.604478818364441 ], [ 694856.498653671471402, 3767528.071735381614417 ], [ 694887.854818632244132, 3767549.023254975676537 ], [ 694939.453315695398487, 3767534.549934836104512 ], [ 694959.828857438405976, 3767507.07669714326039 ], [ 694951.517864356865175, 3767473.897352895699441 ] ] ], [ [ [ 694811.145415752427652, 3770009.417529858183116 ], [ 694790.664757385617122, 3770020.364669826813042 ], [ 694779.141639566165395, 3770044.728255461435765 ], [ 694785.690244140918367, 3770070.871750395279378 ], [ 694803.641691338503733, 3770085.604122375138104 ], [ 694965.667005742783658, 3770141.993483174592257 ], [ 695040.161354162846692, 3770159.773052208591253 ], [ 695099.696709226001985, 3770185.934968109242618 ], [ 695134.286917585646734, 3770187.715660272166133 ], [ 695159.630711795878597, 3770164.745384137611836 ], [ 695159.630711795878597, 3770134.130709548015147 ], [ 695137.982867790036835, 3770112.482865542173386 ], [ 694891.007879545562901, 3770035.477284248452634 ], [ 694860.692890246282332, 3770016.362123621162027 ], [ 694811.145415752427652, 3770009.417529858183116 ] ] ], [ [ [ 694669.716487024212256, 3770322.935614838264883 ], [ 694642.79776263947133, 3770324.258046966977417 ], [ 694624.846315441885963, 3770338.990418946836144 ], [ 694618.297710867132992, 3770365.133913880679756 ], [ 694629.820828686584719, 3770389.497499515302479 ], [ 694650.301487053395249, 3770400.444639483932406 ], [ 694670.144510509213433, 3770399.337692445144057 ], [ 694721.956526912050322, 3770426.420866329688579 ], [ 694758.044411040144041, 3770415.473726361058652 ], [ 694769.760139792691916, 3770387.189455113373697 ], [ 694758.044411040144041, 3770358.905183865688741 ], [ 694713.408498887787573, 3770336.671582348179072 ], [ 694689.757701222435571, 3770336.82473160000518 ], [ 694669.716487024212256, 3770322.935614838264883 ] ] ], [ [ [ 695001.699688089429401, 3770457.269519289955497 ], [ 694974.699955568066798, 3770442.837861589621753 ], [ 694945.403538588318042, 3770451.724832522217184 ], [ 694930.971880887984298, 3770478.724565043579787 ], [ 694939.858851820346899, 3770508.020982023328543 ], [ 694966.858584341709502, 3770522.452639723662287 ], [ 694996.155001321458258, 3770513.565668791066855 ], [ 695010.586659021792002, 3770486.565936269704252 ], [ 695001.699688089429401, 3770457.269519289955497 ] ] ], [ [ [ 695245.946460309671238, 3767852.877957635559142 ], [ 695220.491288698161952, 3767835.86935574002564 ], [ 695190.464866496738978, 3767841.841982464306056 ], [ 695173.456264601438306, 3767867.297154075466096 ], [ 695179.428891325369477, 3767897.323576277121902 ], [ 695204.884062936878763, 3767914.332178172655404 ], [ 695234.910485138301738, 3767908.359551448374987 ], [ 695251.919087033602409, 3767882.904379837214947 ], [ 695245.946460309671238, 3767852.877957635559142 ] ] ], [ [ [ 695122.837182023911737, 3767865.873647733591497 ], [ 695095.837449502549134, 3767851.441990033257753 ], [ 695054.687475725193508, 3767861.652036156505346 ], [ 695037.678873829892837, 3767887.107207767665386 ], [ 695043.651500553824008, 3767917.133629969321191 ], [ 695072.98959943279624, 3767934.718209715560079 ], [ 695114.139573210151866, 3767924.508163592312485 ], [ 695131.724152956274338, 3767895.170064713340253 ], [ 695122.837182023911737, 3767865.873647733591497 ] ] ], [ [ [ 695227.164459774037823, 3768231.534718939103186 ], [ 695210.491575616761111, 3768241.528061120770872 ], [ 695199.544435648131184, 3768262.008719487581402 ], [ 695210.491575616761111, 3768298.096603616140783 ], [ 695230.972233983571641, 3768309.043743584770709 ], [ 695269.287914319080301, 3768310.955230652354658 ], [ 695297.572185566532426, 3768299.239501900039613 ], [ 695309.287914319080301, 3768270.955230652354658 ], [ 695297.572185566532426, 3768242.670959404669702 ], [ 695277.091527199721895, 3768231.723819436039776 ], [ 695227.164459774037823, 3768231.534718939103186 ] ] ], [ [ [ 695313.043871250818484, 3768616.367053042165935 ], [ 695296.370987093541771, 3768626.360395223833621 ], [ 695285.423847124911845, 3768646.841053590644151 ], [ 695296.370987093541771, 3768682.928937719203532 ], [ 695313.043871250818484, 3768692.922279900871217 ], [ 695355.034644174971618, 3768697.723508044611663 ], [ 695383.318915422423743, 3768686.007779292296618 ], [ 695395.034644174971618, 3768657.723508044611663 ], [ 695383.318915422423743, 3768629.439236796926707 ], [ 695362.838257055613212, 3768618.492096828296781 ], [ 695313.043871250818484, 3768616.367053042165935 ] ] ], [ [ [ 695385.671031475882046, 3769020.481107731815428 ], [ 695360.21585986437276, 3769003.472505836281925 ], [ 695310.072086121770553, 3769004.457718168385327 ], [ 695286.406622637994587, 3769023.87946212477982 ], [ 695283.40585978270974, 3769054.346718688029796 ], [ 695310.072086121770553, 3769081.012945027090609 ], [ 695364.023634073906578, 3769080.981530481949449 ], [ 695389.367428284138441, 3769058.011254347395152 ], [ 695385.671031475882046, 3769020.481107731815428 ] ] ], [ [ [ 695275.792010329547338, 3769382.729388014413416 ], [ 695257.489886621944606, 3769389.277992589399219 ], [ 695242.757514642318711, 3769407.229439786635339 ], [ 695246.453911450575106, 3769444.759586402215064 ], [ 695264.405358648160473, 3769459.49195838207379 ], [ 695301.629912254633382, 3769468.348908547312021 ], [ 695331.656334456056356, 3769462.376281823031604 ], [ 695348.664936351357028, 3769436.921110211871564 ], [ 695342.692309627425857, 3769406.894688010215759 ], [ 695324.74086242984049, 3769392.162316030357033 ], [ 695275.792010329547338, 3769382.729388014413416 ] ] ], [ [ [ 695194.267590879346244, 3769737.693646642379463 ], [ 695165.116022459580563, 3769761.617720563896 ], [ 695166.79435318603646, 3769795.780927331652492 ], [ 695190.459816669812426, 3769815.202671288046986 ], [ 695235.896778274793178, 3769815.217629966326058 ], [ 695255.318522230954841, 3769791.552166482899338 ], [ 695252.317759375669993, 3769761.084909919649363 ], [ 695232.348246096284129, 3769742.985598091967404 ], [ 695194.267590879346244, 3769737.693646642379463 ] ] ] ] } },
{ "type": "Feature", "properties": { "depth_bin": "205-210" }, "geometry": { "type": "MultiPolygon", "coordinates": [ [ [ [ 690096.95912831753958, 3765996.212714188266546 ], [ 690071.503956706030294, 3765979.204112292733043 ], [ 690041.47753450460732, 3765985.17673901701346 ], [ 690024.468932609306648, 3766010.6319106281735 ], [ 690030.441559333237819, 3766040.658332829829305 ], [ 690055.896730944747105, 3766057.666934725362808 ], [ 690085.92315314617008, 3766051.694308001082391 ], [ 690102.931755041470751, 3766026.239136389922351 ], [ 690096.95912831753958, 3765996.212714188266546 ] ] ], [ [ [ 689771.328001420712098, 3766071.381881207227707 ], [ 689744.328268899349496, 3766056.950223506893963 ], [ 689715.03185191960074, 3766065.837194439489394 ], [ 689700.600194219266996, 3766092.836926960851997 ], [ 689709.487165151629597, 3766122.133343940600753 ], [ 689736.4868976729922, 3766136.565001640934497 ], [ 689765.783314652740955, 3766127.678030708339065 ], [ 689780.2149723530747, 3766100.678298186976463 ], [ 689771.328001420712098, 3766071.381881207227707 ] ] ], [ [ [ 690337.11170704558026, 3766187.120552644133568 ], [ 690338.210948220570572, 3766244.678593155462295 ], [ 690347.097919152933173, 3766266.133638909086585 ], [ 690374.097651674295776, 3766280.565296609420329 ], [ 690403.394068654044531, 3766271.678325676824898 ], [ 690418.018337287474424, 3766240.757907542400062 ], [ 690417.782661139499396, 3766175.873068244196475 ], [ 690408.895690207136795, 3766154.418022490572184 ], [ 690385.778884953237139, 3766140.562342640943825 ], [ 690362.66793477803003, 3766142.838572556618601 ], [ 690342.698421498644166, 3766160.93788438430056 ], [ 690337.11170704558026, 3766187.120552644133568 ] ] ], [ [ [ 690088.16604293056298, 3766191.09043854335323 ], [ 690072.552962090587243, 3766179.510988609399647 ], [ 690049.442011915380135, 3766177.234758693724871 ], [ 690028.961353548569605, 3766188.181898662354797 ], [ 690018.968011366785504, 3766204.854782819747925 ], [ 690016.959966836264357, 3766300.439057277515531 ], [ 690027.907106804894283, 3766320.919715644326061 ], [ 690044.579990962170996, 3766330.913057825993747 ], [ 690075.047247525420971, 3766327.912294970359653 ], [ 690094.468991481582634, 3766304.246831486932933 ], [ 690097.053013862925582, 3766212.54548429697752 ], [ 690088.16604293056298, 3766191.09043854335323 ] ] ], [ [ [ 689773.593731855624355, 3766345.73227473301813 ], [ 689757.980651015648618, 3766334.152824799064547 ], [ 689734.86970084044151, 3766331.876594883389771 ], [ 689705.718132420675829, 3766355.800668804906309 ], [ 689703.201974568190053, 3766439.852861216291785 ], [ 689727.126048489706591, 3766469.004429636057466 ], [ 689757.740723078837618, 3766469.004429636057466 ], [ 689779.38856708467938, 3766447.356585630215704 ], [ 689786.773917483282275, 3766382.288969032932073 ], [ 689773.593731855624355, 3766345.73227473301813 ] ] ], [ [ [ 690081.085202463320456, 3766419.584620979148895 ], [ 690065.472121623344719, 3766408.005171045195311 ], [ 690042.361171448137611, 3766405.728941129520535 ], [ 690021.880513081327081, 3766416.676081098150462 ], [ 690010.933373112697154, 3766437.156739464960992 ], [ 690010.242720727808774, 3766574.65959459496662 ], [ 690021.1898606964387, 3766595.140252961777151 ], [ 690041.67051906324923, 3766606.087392930407077 ], [ 690071.696941264672205, 3766600.11476620612666 ], [ 690088.705543159972876, 3766574.65959459496662 ], [ 690089.972173395683058, 3766441.039666732773185 ], [ 690081.085202463320456, 3766419.584620979148895 ] ] ], [ [ [ 690394.807908751186915, 3766522.863170298282057 ], [ 690365.469809872214682, 3766505.27859055204317 ], [ 690330.628706124494784, 3766519.710248252376914 ], [ 690322.317713042953983, 3766537.282366738189012 ], [ 690323.143387708230875, 3766564.377677492331713 ], [ 690337.57504540856462, 3766591.377410013694316 ], [ 690366.871462388313375, 3766600.264380946289748 ], [ 690393.871194909675978, 3766585.832723245956004 ], [ 690402.950776775134727, 3766560.456991879269481 ], [ 690394.807908751186915, 3766522.863170298282057 ] ] ], [ [ [ 689777.767145594465546, 3766543.798537694383413 ], [ 689746.846727459924296, 3766529.174269061069936 ], [ 689715.926309325383045, 3766543.798537694383413 ], [ 689707.287798510165885, 3766588.255894599016756 ], [ 689721.719456210499629, 3766615.255627120379359 ], [ 689751.015873190248385, 3766624.14259805297479 ], [ 689778.015605711610988, 3766609.710940352641046 ], [ 689787.095187577069737, 3766584.335208985954523 ], [ 689777.767145594465546, 3766543.798537694383413 ] ] ], [ [ [ 690076.079235700890422, 3766678.670831960160285 ], [ 690049.079503179527819, 3766664.239174259826541 ], [ 690019.783086199779063, 3766673.126145192421973 ], [ 690005.351428499445319, 3766700.125877713784575 ], [ 690014.23839943180792, 3766729.422294693533331 ], [ 690041.238131953170523, 3766743.853952393867075 ], [ 690070.534548932919279, 3766734.966981461271644 ], [ 690084.966206633253023, 3766707.967248939909041 ], [ 690076.079235700890422, 3766678.670831960160285 ] ] ], [ [ [ 689782.663625510293059, 3766684.006746656261384 ], [ 689757.208453898783773, 3766666.998144760727882 ], [ 689727.182031697360799, 3766672.970771485008299 ], [ 689710.173429802060127, 3766698.425943096168339 ], [ 689716.146056525991298, 3766728.452365297824144 ], [ 689741.601228137500584, 3766745.460967193357646 ], [ 689771.627650338923559, 3766739.488340469077229 ], [ 689788.63625223422423, 3766714.03316885791719 ], [ 689782.663625510293059, 3766684.006746656261384 ] ] ], [ [ [ 690415.650562822935171, 3766063.086918161716312 ], [ 690388.650830301572569, 3766048.655260461382568 ], [ 690359.354413321823813, 3766057.542231393978 ], [ 690344.922755621490069, 3766084.541963915340602 ], [ 690353.80972655385267, 3766113.838380895089358 ], [ 690380.809459075215273, 3766128.270038595423102 ], [ 690410.105876054964028, 3766119.383067662827671 ], [ 690424.537533755297773, 3766092.383335141465068 ], [ 690415.650562822935171, 3766063.086918161716312 ] ] ], [ [ [ 691070.19774434750434, 3766129.895509843248874 ], [ 691043.198011826141737, 3766115.46385214291513 ], [ 691013.901594846392982, 3766124.350823075510561 ], [ 690999.469937146059237, 3766151.350555596873164 ], [ 691008.356908078421839, 3766180.64697257662192 ], [ 691035.356640599784441, 3766195.078630276955664 ], [ 691064.653057579533197, 3766186.191659344360232 ], [ 691079.084715279866941, 3766159.19192682299763 ], [ 691070.19774434750434, 3766129.895509843248874 ] ] ], [ [ [ 690731.291651594568975, 3766190.162160961888731 ], [ 690696.450547846849076, 3766175.730503261554986 ], [ 690665.094382886076346, 3766196.682022855617106 ], [ 690659.480881149065681, 3766253.781363885384053 ], [ 690679.856422892073169, 3766281.254601578228176 ], [ 690710.323679455323145, 3766284.255364433862269 ], [ 690733.989142939099111, 3766264.833620477467775 ], [ 690740.371233460027725, 3766215.537892328575253 ], [ 690731.291651594568975, 3766190.162160961888731 ] ] ], [ [ [ 691696.294679176644422, 3766240.024847854394466 ], [ 691669.294946655281819, 3766225.593190154060721 ], [ 691639.998529675533064, 3766234.480161086656153 ], [ 691625.566871975199319, 3766261.479893608018756 ], [ 691634.453842907561921, 3766290.776310587767512 ], [ 691661.453575428924523, 3766305.207968288101256 ], [ 691690.749992408673279, 3766296.320997355505824 ], [ 691705.181650109007023, 3766269.321264834143221 ], [ 691696.294679176644422, 3766240.024847854394466 ] ] ], [ [ [ 692025.746126902988181, 3766263.012189459521323 ], [ 691994.82570876844693, 3766248.387920826207846 ], [ 691963.905290633905679, 3766263.012189459521323 ], [ 691952.579267655150034, 3766303.453657665289938 ], [ 691967.203536288579926, 3766334.374075799714774 ], [ 691996.499953268328682, 3766343.261046732310206 ], [ 692023.499685789691284, 3766328.829389031976461 ], [ 692034.82570876844693, 3766288.387920826207846 ], [ 692025.746126902988181, 3766263.012189459521323 ] ] ], [ [ [ 692678.330276594380848, 3766326.056859792675823 ], [ 692651.330544073018245, 3766311.625202092342079 ], [ 692622.03412709326949, 3766320.51217302493751 ], [ 692607.602469392935745, 3766347.511905546300113 ], [ 692616.489440325298347, 3766376.808322526048869 ], [ 692643.489172846660949, 3766391.239980226382613 ], [ 692672.785589826409705, 3766382.353009293787181 ], [ 692687.217247526743449, 3766355.353276772424579 ], [ 692678.330276594380848, 3766326.056859792675823 ] ] ], [ [ [ 693330.651484652538784, 3766456.179055350832641 ], [ 693303.651752131176181, 3766441.747397650498897 ], [ 693274.355335151427425, 3766450.634368583094329 ], [ 693259.923677451093681, 3766477.634101104456931 ], [ 693268.810648383456282, 3766506.930518084205687 ], [ 693295.810380904818885, 3766521.362175784539431 ], [ 693325.106797884567641, 3766512.475204851944 ], [ 693339.538455584901385, 3766485.475472330581397 ], [ 693330.651484652538784, 3766456.179055350832641 ] ] ], [ [ [ 693663.325806862558238, 3766549.265446001663804 ], [ 693637.870635251048952, 3766532.256844106130302 ], [ 693607.844213049625978, 3766538.229470830410719 ], [ 693590.835611154325306, 3766563.684642441570759 ], [ 693596.808237878256477, 3766593.711064643226564 ], [ 693622.263409489765763, 3766610.719666538760066 ], [ 693652.289831691188738, 3766604.747039814479649 ], [ 693669.298433586489409, 3766579.291868203319609 ], [ 693663.325806862558238, 3766549.265446001663804 ] ] ], [ [ [ 690709.16214186931029, 3766555.269895228091627 ], [ 690678.241723734769039, 3766540.64562659477815 ], [ 690647.321305600227788, 3766555.269895228091627 ], [ 690636.514829021994956, 3766599.838721936102957 ], [ 690650.9464867223287, 3766626.838454457465559 ], [ 690680.242903702077456, 3766635.725425390060991 ], [ 690707.242636223440059, 3766621.293767689727247 ], [ 690718.241723734769039, 3766580.64562659477815 ], [ 690709.16214186931029, 3766555.269895228091627 ] ] ], [ [ [ 691029.468123045982793, 3766600.681417177431285 ], [ 690998.547704911441542, 3766586.057148544117808 ], [ 690967.627286776900291, 3766600.681417177431285 ], [ 690953.89069412695244, 3766640.95324315270409 ], [ 690968.514962760382332, 3766671.873661287128925 ], [ 690997.811379740131088, 3766680.760632219724357 ], [ 691024.81111226149369, 3766666.328974519390613 ], [ 691038.355093978345394, 3766629.977834157180041 ], [ 691029.468123045982793, 3766600.681417177431285 ] ] ], [ [ [ 691995.949493055348285, 3766612.240750000812113 ], [ 691968.949760533985682, 3766597.809092300478369 ], [ 691939.653343554236926, 3766606.696063233073801 ], [ 691925.221685853903182, 3766633.695795754436404 ], [ 691934.108656786265783, 3766662.992212734185159 ], [ 691961.108389307628386, 3766677.423870434518903 ], [ 691990.404806287377141, 3766668.536899501923472 ], [ 692004.836463987710886, 3766641.537166980560869 ], [ 691995.949493055348285, 3766612.240750000812113 ] ] ], [ [ [ 692308.328205267433077, 3766612.777648638002574 ], [ 692281.328472746070474, 3766598.34599093766883 ], [ 692252.032055766321719, 3766607.232961870264262 ], [ 692237.600398065987974, 3766634.232694391626865 ], [ 692246.487368998350576, 3766663.52911137137562 ], [ 692273.487101519713178, 3766677.960769071709365 ], [ 692302.783518499461934, 3766669.073798139113933 ], [ 692317.215176199795678, 3766642.07406561775133 ], [ 692308.328205267433077, 3766612.777648638002574 ] ] ], [ [ [ 691351.66585319058504, 3766626.40762485191226 ], [ 691324.666120669222437, 3766611.975967151578516 ], [ 691295.369703689473681, 3766620.862938084173948 ], [ 691280.938045989139937, 3766647.86267060553655 ], [ 691289.825016921502538, 3766677.159087585285306 ], [ 691316.824749442865141, 3766691.59074528561905 ], [ 691346.121166422613896, 3766682.703774353023618 ], [ 691360.552824122947641, 3766655.704041831661016 ], [ 691351.66585319058504, 3766626.40762485191226 ] ] ], [ [ [ 692628.713476861012168, 3766626.823897550348192 ], [ 692601.713744339649566, 3766612.392239850014448 ], [ 692572.41732735990081, 3766621.27921078260988 ], [ 692557.985669659567066, 3766648.278943303972483 ], [ 692566.872640591929667, 3766677.575360283721238 ], [ 692593.872373113292269, 3766692.007017984054983 ], [ 692623.168790093041025, 3766683.120047051459551 ], [ 692637.600447793374769, 3766656.120314530096948 ], [ 692628.713476861012168, 3766626.823897550348192 ] ] ], [ [ [ 692950.733917642151937, 3766681.715034921653569 ], [ 692923.734185120789334, 3766667.283377221319824 ], [ 692894.437768141040578, 3766676.170348153915256 ], [ 692880.006110440706834, 3766703.170080675277859 ], [ 692888.893081373069435, 3766732.466497655026615 ], [ 692915.892813894432038, 3766746.898155355360359 ], [ 692945.189230874180794, 3766738.011184422764927 ], [ 692959.620888574514538, 3766711.011451901402324 ], [ 692950.733917642151937, 3766681.715034921653569 ] ] ], [ [ [ 693566.404666065704077, 3766787.337395105976611 ], [ 693539.404933544341475, 3766772.905737405642867 ], [ 693507.199976683710702, 3766784.428855224978179 ], [ 693487.234379729256034, 3766821.861212497577071 ], [ 693498.757497548707761, 3766854.06616935832426 ], [ 693527.041768796159886, 3766865.781898110639304 ], [ 693555.326040043612011, 3766854.06616935832426 ], [ 693574.715659147244878, 3766820.51673935353756 ], [ 693566.404666065704077, 3766787.337395105976611 ] ] ], [ [ [ 693885.540536079672165, 3766875.766218656674027 ], [ 693858.540803558309563, 3766861.334560956340283 ], [ 693829.244386578560807, 3766870.221531888935715 ], [ 693814.812728878227063, 3766897.221264410298318 ], [ 693823.699699810589664, 3766926.517681390047073 ], [ 693850.699432331952266, 3766940.949339090380818 ], [ 693879.995849311701022, 3766932.062368157785386 ], [ 693894.427507012034766, 3766905.062635636422783 ], [ 693885.540536079672165, 3766875.766218656674027 ] ] ], [ [ [ 694061.004363793530501, 3768578.052590786013752 ], [ 694034.004631272167899, 3768563.620933085680008 ], [ 694004.708214292419143, 3768572.50790401827544 ], [ 693990.276556592085399, 3768599.507636539638042 ], [ 693999.163527524448, 3768628.804053519386798 ], [ 694014.776608364423737, 3768640.383503453340381 ], [ 694037.887558539630845, 3768642.659733369015157 ], [ 694055.459677025559358, 3768634.348740287125111 ], [ 694067.553252383251674, 3768617.298775146249682 ], [ 694080.85234472330194, 3768638.193558506667614 ], [ 694106.228076089872047, 3768647.273140372242779 ], [ 694139.486860582022928, 3768629.495949693024158 ], [ 694145.459487305954099, 3768599.469527491368353 ], [ 694128.450885410653427, 3768574.014355880208313 ], [ 694094.616688999696635, 3768568.995526942890137 ], [ 694068.758769365609623, 3768593.402687378693372 ], [ 694061.004363793530501, 3768578.052590786013752 ] ] ], [ [ [ 693519.363123392919078, 3770230.487023139372468 ], [ 693481.651384446769953, 3770230.487023139372468 ], [ 693460.699864852940664, 3770261.843188100028783 ], [ 693472.222982672392391, 3770294.048144960775971 ], [ 693510.677327490993775, 3770311.41517336666584 ], [ 693539.973744470742531, 3770302.528202434070408 ], [ 693554.405402171076275, 3770275.528469912707806 ], [ 693545.518431238713674, 3770246.23205293295905 ], [ 693519.363123392919078, 3770230.487023139372468 ] ] ], [ [ [ 694193.763947525178082, 3766961.252016651444137 ], [ 694166.76421500381548, 3766946.820358951110393 ], [ 694137.467798024066724, 3766955.707329883705825 ], [ 694113.254918999620713, 3766990.010388872120529 ], [ 694121.565912081161514, 3767023.189733119681478 ], [ 694148.565644602524117, 3767037.621390820015222 ], [ 694177.862061582272872, 3767028.73441988741979 ], [ 694202.074940606718883, 3766994.431360899005085 ], [ 694193.763947525178082, 3766961.252016651444137 ] ] ], [ [ [ 694621.033660208340734, 3767169.921232333406806 ], [ 694594.033927686978132, 3767155.489574633073062 ], [ 694564.737510707229376, 3767164.376545565668494 ], [ 694550.305853006895632, 3767191.376278087031096 ], [ 694559.192823939258233, 3767220.672695066779852 ], [ 694586.192556460620835, 3767235.104352767113596 ], [ 694615.488973440369591, 3767226.217381834518164 ], [ 694629.920631140703335, 3767199.217649313155562 ], [ 694621.033660208340734, 3767169.921232333406806 ] ] ], [ [ [ 694907.955026053823531, 3767487.956816906575114 ], [ 694877.03460791928228, 3767473.332548273261636 ], [ 694828.282148138969205, 3767484.305212694220245 ], [ 694808.860404182807542, 3767507.970676177646965 ], [ 694811.86116703809239, 3767538.43793274089694 ], [ 694843.21733199886512, 3767559.38945233495906 ], [ 694895.890477392356843, 3767548.609398846980184 ], [ 694916.266019135364331, 3767521.136161154136062 ], [ 694907.955026053823531, 3767487.956816906575114 ] ] ], [ [ [ 695046.916804758482613, 3767859.843490468803793 ], [ 695012.586045338655822, 3767865.023312022443861 ], [ 694994.486733511323109, 3767884.992825301364064 ], [ 694994.486733511323109, 3767915.607499890960753 ], [ 695016.134577517164871, 3767937.255343896802515 ], [ 695073.760107125504874, 3767937.045338255353272 ], [ 695099.103901335736737, 3767914.075062120798975 ], [ 695101.380131251411512, 3767890.964111945126206 ], [ 695090.432991282781586, 3767870.483453578315675 ], [ 695069.952332915971056, 3767859.536313609685749 ], [ 695046.916804758482613, 3767859.843490468803793 ] ] ], [ [ [ 694381.216043445863761, 3769226.235353598371148 ], [ 694354.216310924501158, 3769211.803695898037404 ], [ 694324.919893944752403, 3769220.690666830632836 ], [ 694310.488236244418658, 3769247.690399351995438 ], [ 694319.375207176781259, 3769276.986816331744194 ], [ 694346.374939698143862, 3769291.418474032077938 ], [ 694375.671356677892618, 3769282.531503099482507 ], [ 694390.103014378226362, 3769255.531770578119904 ], [ 694381.216043445863761, 3769226.235353598371148 ] ] ], [ [ [ 694942.994386824546382, 3769674.580715960357338 ], [ 694922.513728457735851, 3769685.527855928987265 ], [ 694910.990610638284124, 3769709.891441563609987 ], [ 694917.539215213037096, 3769736.0349364974536 ], [ 694935.490662410622463, 3769750.767308477312326 ], [ 694993.561799478484318, 3769759.088477733079344 ], [ 695101.418117295368575, 3769794.454157148953527 ], [ 695184.105561207281426, 3769810.292062662076205 ], [ 695210.249056141241454, 3769803.743458087090403 ], [ 695224.981428120867349, 3769785.792010889854282 ], [ 695224.981428120867349, 3769755.177336300257593 ], [ 695203.333584115025587, 3769733.529492294415832 ], [ 695130.199262441368774, 3769720.10222183726728 ], [ 695019.051686967955902, 3769684.027038770262152 ], [ 694942.994386824546382, 3769674.580715960357338 ] ] ], [ [ [ 694770.339890451054089, 3769998.000922867096961 ], [ 694752.037766743451357, 3770004.549527442082763 ], [ 694737.305394763825461, 3770022.500974639318883 ], [ 694741.001791572081856, 3770060.031121254898608 ], [ 694755.404706591158174, 3770073.085162507835776 ], [ 694795.520224483450875, 3770086.616072783246636 ], [ 694825.546646684873849, 3770080.643446058966219 ], [ 694842.555248580174521, 3770055.18827444780618 ], [ 694836.58262185624335, 3770025.161852246150374 ], [ 694818.631174658657983, 3770010.429480266291648 ], [ 694770.339890451054089, 3769998.000922867096961 ] ] ], [ [ [ 695081.303029309608974, 3770100.08506386121735 ], [ 695054.303296788246371, 3770085.653406160883605 ], [ 695025.006879808497615, 3770094.540377093479037 ], [ 695010.575222108163871, 3770121.54010961484164 ], [ 695019.462193040526472, 3770150.836526594590396 ], [ 695046.461925561889075, 3770165.26818429492414 ], [ 695075.75834254163783, 3770156.381213362328708 ], [ 695090.190000241971575, 3770129.381480840966105 ], [ 695081.303029309608974, 3770100.08506386121735 ] ] ], [ [ [ 694616.077273196540773, 3770303.062572990078479 ], [ 694593.854463875759393, 3770309.803788498044014 ], [ 694579.122091896133497, 3770327.755235695280135 ], [ 694576.845861980458722, 3770350.866185870952904 ], [ 694587.793001949088648, 3770371.346844237763435 ], [ 694664.931685421033762, 3770404.784118424169719 ], [ 694695.726649039192125, 3770407.738542600069195 ], [ 694716.207307406002656, 3770396.791402631439269 ], [ 694727.923036158550531, 3770368.507131383754313 ], [ 694716.207307406002656, 3770340.222860136069357 ], [ 694616.077273196540773, 3770303.062572990078479 ] ] ], [ [ [ 695044.670666658203118, 3770472.697369845584035 ], [ 695017.670934136840515, 3770458.265712145250291 ], [ 694988.374517157091759, 3770467.152683077845722 ], [ 694973.942859456758015, 3770494.152415599208325 ], [ 694982.829830389120616, 3770523.448832578957081 ], [ 695009.829562910483219, 3770537.880490279290825 ], [ 695039.125979890231974, 3770528.993519346695393 ], [ 695053.557637590565719, 3770501.993786825332791 ], [ 695044.670666658203118, 3770472.697369845584035 ] ] ], [ [ [ 694485.896811768994667, 3770599.12014472624287 ], [ 694467.594688061391935, 3770605.668749301228672 ], [ 694452.862316081766039, 3770623.620196498464793 ], [ 694456.558712890022434, 3770661.150343114044517 ], [ 694470.961627909098752, 3770674.204384366981685 ], [ 694511.133056475082412, 3770687.45642606401816 ], [ 694541.159478676505387, 3770681.483799339737743 ], [ 694558.168080571806058, 3770656.028627728577703 ], [ 694552.195453847874887, 3770626.002205526921898 ], [ 694534.244006650289521, 3770611.269833547063172 ], [ 694485.896811768994667, 3770599.12014472624287 ] ] ], [ [ [ 695376.334510739776306, 3768241.245406291913241 ], [ 695349.334778218413703, 3768226.813748591579497 ], [ 695320.038361238664947, 3768235.700719524174929 ], [ 695305.606703538331203, 3768262.700452045537531 ], [ 695314.493674470693804, 3768291.996869025286287 ], [ 695341.493406992056407, 3768306.428526725620031 ], [ 695370.789823971805163, 3768297.5415557930246 ], [ 695385.221481672138907, 3768270.541823271661997 ], [ 695376.334510739776306, 3768241.245406291913241 ] ] ], [ [ [ 695254.428988838102669, 3768243.82829331420362 ], [ 695227.429256316740066, 3768229.396635613869876 ], [ 695186.099584375391714, 3768239.480015226639807 ], [ 695169.090982480091043, 3768264.935186837799847 ], [ 695175.063609204022214, 3768294.961609039455652 ], [ 695204.401708082994446, 3768312.54618878569454 ], [ 695245.731380024342798, 3768302.462809172924608 ], [ 695263.31595977046527, 3768273.124710293952376 ], [ 695254.428988838102669, 3768243.82829331420362 ] ] ], [ [ [ 695274.983624670421705, 3768613.281888243276626 ], [ 695248.367980811395682, 3768616.164023127872497 ], [ 695230.416533613810316, 3768630.896395107731223 ], [ 695223.867929039057344, 3768657.039890041574836 ], [ 695232.754899971419945, 3768678.494935795199126 ], [ 695259.754632492782548, 3768692.92659349553287 ], [ 695313.287383272894658, 3768693.489405929110944 ], [ 695334.742429026286118, 3768684.602434996515512 ], [ 695349.174086726619862, 3768657.60270247515291 ], [ 695340.287115794257261, 3768628.306285495404154 ], [ 695317.170310540357605, 3768614.450605645775795 ], [ 695274.983624670421705, 3768613.281888243276626 ] ] ], [ [ [ 695477.15780398005154, 3768638.747073574457318 ], [ 695450.158071458688937, 3768624.315415874123573 ], [ 695420.861654478940181, 3768633.202386806719005 ], [ 695406.429996778606437, 3768660.202119328081608 ], [ 695415.316967710969038, 3768689.498536307830364 ], [ 695442.316700232331641, 3768703.930194008164108 ], [ 695471.613117212080397, 3768695.043223075568676 ], [ 695486.044774912414141, 3768668.043490554206073 ], [ 695477.15780398005154, 3768638.747073574457318 ] ] ], [ [ [ 695276.395032674423419, 3769000.64423594577238 ], [ 695252.470958752906881, 3769029.795804365538061 ], [ 695260.781951834447682, 3769062.975148613099009 ], [ 695287.781684355810285, 3769077.406806313432753 ], [ 695314.649388923309743, 3769077.628060614224523 ], [ 695332.221507409238257, 3769069.317067532334477 ], [ 695346.653165109572001, 3769042.317335010971874 ], [ 695337.7661941772094, 3769013.020918031223118 ], [ 695314.649388923309743, 3768999.165238181594759 ], [ 695276.395032674423419, 3769000.64423594577238 ] ] ], [ [ [ 695443.331332840723917, 3769028.424424435012043 ], [ 695416.331600319361314, 3769013.992766734678298 ], [ 695387.035183339612558, 3769022.87973766727373 ], [ 695372.603525639278814, 3769049.879470188636333 ], [ 695381.490496571641415, 3769079.175887168385088 ], [ 695408.490229093004018, 3769093.607544868718833 ], [ 695437.786646072752774, 3769084.720573936123401 ], [ 695452.218303773086518, 3769057.720841414760798 ], [ 695443.331332840723917, 3769028.424424435012043 ] ] ], [ [ [ 695238.726344142924063, 3769373.95058887032792 ], [ 695219.498321235179901, 3769376.802796636708081 ], [ 695201.546874037594534, 3769391.535168616566807 ], [ 695194.998269462841563, 3769409.837292324285954 ], [ 695199.528807955794036, 3769432.613847410306334 ], [ 695223.194271439570002, 3769452.035591366700828 ], [ 695264.750368163804524, 3769459.356609138194472 ], [ 695283.606237636879086, 3769454.633459711913019 ], [ 695303.027981593040749, 3769430.9679962284863 ], [ 695300.027218737755902, 3769400.500739665236324 ], [ 695280.057705458370037, 3769382.401427837554365 ], [ 695238.726344142924063, 3769373.95058887032792 ] ] ], [ [ [ 695354.181332956533879, 3769398.977717754431069 ], [ 695323.260914821992628, 3769413.601986387744546 ], [ 695315.903719527297653, 3769450.589104844722897 ], [ 695338.873995661968365, 3769475.932899055071175 ], [ 695380.594097612658516, 3769481.114298910833895 ], [ 695404.259561096434481, 3769461.692554954439402 ], [ 695407.260323951719329, 3769431.225298391189426 ], [ 695391.205519843264483, 3769409.577900989446789 ], [ 695354.181332956533879, 3769398.977717754431069 ] ] ], [ [ [ 695181.762992549804039, 3770136.320190002210438 ], [ 695154.763260028441437, 3770121.888532301876694 ], [ 695125.466843048692681, 3770130.775503234472126 ], [ 695111.035185348358937, 3770157.775235755834728 ], [ 695119.922156280721538, 3770187.071652735583484 ], [ 695146.92188880208414, 3770201.503310435917228 ], [ 695176.218305781832896, 3770192.616339503321797 ], [ 695190.64996348216664, 3770165.616606981959194 ], [ 695181.762992549804039, 3770136.320190002210438 ] ] ] ] } },
{ "type": "Feature", "properties": { "depth_bin": "210-215" }, "geometry": { "type": "MultiPolygon", "coordinates": [ [ [ [ 689770.778077073162422, 3766132.287633321713656 ], [ 689751.469046028796583, 3766119.385751259047538 ], [ 689728.246271848445758, 3766119.385751259047538 ], [ 689708.93724080407992, 3766132.287633321713656 ], [ 689700.050269871717319, 3766153.742679075337946 ], [ 689701.792381895822473, 3766363.692671506199986 ], [ 689712.739521864452399, 3766384.173329873010516 ], [ 689737.103107498725876, 3766395.696447692345828 ], [ 689769.308064359356649, 3766384.173329873010516 ], [ 689784.430525245610625, 3766344.425721242558211 ], [ 689779.665048005525023, 3766153.742679075337946 ], [ 689770.778077073162422, 3766132.287633321713656 ] ] ], [ [ [ 689774.629081614664756, 3766421.861307141836733 ], [ 689759.016000774689019, 3766410.281857207883149 ], [ 689735.90505059948191, 3766408.005627292208374 ], [ 689715.42439223267138, 3766418.9527672608383 ], [ 689704.477252264041454, 3766439.43342562764883 ], [ 689705.933354827691801, 3766561.718470733612776 ], [ 689716.880494796321727, 3766582.199129100423306 ], [ 689737.361153163132258, 3766593.146269069053233 ], [ 689767.387575364555232, 3766587.173642344772816 ], [ 689784.396177259855904, 3766561.718470733612776 ], [ 689783.516052547027357, 3766443.316352895461023 ], [ 689774.629081614664756, 3766421.861307141836733 ] ] ], [ [ [ 690079.208887867047451, 3766556.674082153942436 ], [ 690059.899856822681613, 3766543.772200091276318 ], [ 690036.677082642330788, 3766543.772200091276318 ], [ 690017.36805159796495, 3766556.674082153942436 ], [ 690008.481080665602349, 3766578.129127907566726 ], [ 690002.190281238639727, 3766749.637284571304917 ], [ 690017.106677793432027, 3766780.774359538219869 ], [ 690003.814719478366897, 3766814.582499974407256 ], [ 690015.337837297818623, 3766838.946085609029979 ], [ 690039.7014229320921, 3766850.46920342836529 ], [ 690068.997839911840856, 3766841.582232495769858 ], [ 690083.4294976121746, 3766814.582499974407256 ], [ 690068.705711990478449, 3766779.524739394430071 ], [ 690080.467894667875953, 3766761.248671661596745 ], [ 690084.680382277118042, 3766719.249616741668433 ], [ 690089.100967939710245, 3766597.329217402264476 ], [ 690079.208887867047451, 3766556.674082153942436 ] ] ], [ [ [ 689779.637380817322992, 3766696.139828658197075 ], [ 689764.024299977347255, 3766684.560378724243492 ], [ 689740.913349802140146, 3766682.284148808568716 ], [ 689720.432691435329616, 3766693.231288777198642 ], [ 689710.439349253545515, 3766709.90417293459177 ], [ 689711.174977610469796, 3766805.498870466835797 ], [ 689722.122117579099722, 3766825.979528833646327 ], [ 689738.795001736376435, 3766835.972871015314013 ], [ 689769.26225829962641, 3766832.972108159679919 ], [ 689788.684002255788073, 3766809.3066446762532 ], [ 689788.74100176547654, 3766774.692402908578515 ], [ 689780.963157590827905, 3766757.839152506552637 ], [ 689788.524351749685593, 3766717.594874411821365 ], [ 689779.637380817322992, 3766696.139828658197075 ] ] ], [ [ [ 690094.045770402764902, 3765886.258376870304346 ], [ 690067.046037881402299, 3765871.826719169970602 ], [ 690037.749620901653543, 3765880.713690102566034 ], [ 690023.317963201319799, 3765907.713422623928636 ], [ 690032.2049341336824, 3765937.009839603677392 ], [ 690059.204666655045003, 3765951.441497304011136 ], [ 690088.501083634793758, 3765942.554526371415704 ], [ 690102.932741335127503, 3765915.554793850053102 ], [ 690094.045770402764902, 3765886.258376870304346 ] ] ], [ [ [ 690419.526896610390395, 3766002.307196852285415 ], [ 690392.527164089027792, 3765987.875539151951671 ], [ 690363.230747109279037, 3765996.762510084547102 ], [ 690348.799089408945292, 3766023.762242605909705 ], [ 690357.686060341307893, 3766053.058659585658461 ], [ 690384.685792862670496, 3766067.490317285992205 ], [ 690413.982209842419252, 3766058.603346353396773 ], [ 690428.413867542752996, 3766031.603613832034171 ], [ 690419.526896610390395, 3766002.307196852285415 ] ] ], [ [ [ 690741.367949687875807, 3766038.167735203634948 ], [ 690725.75486884790007, 3766026.588285269681364 ], [ 690702.643918672692962, 3766024.312055354006588 ], [ 690682.163260305882432, 3766035.259195322636515 ], [ 690672.169918124098331, 3766051.932079480029643 ], [ 690659.234463780885562, 3766204.12293439777568 ], [ 690668.121434713248163, 3766225.57798015139997 ], [ 690687.430465757614002, 3766238.479862214066088 ], [ 690717.897722320863977, 3766235.479099358431995 ], [ 690737.31946627702564, 3766211.813635875005275 ], [ 690749.750343173975125, 3766109.269778319168836 ], [ 690750.254920620238408, 3766059.622780957259238 ], [ 690741.367949687875807, 3766038.167735203634948 ] ] ], [ [ [ 690412.165370659087785, 3766123.946954721584916 ], [ 690381.244952524546534, 3766109.322686088271439 ], [ 690350.324534390005283, 3766123.946954721584916 ], [ 690339.673638196778484, 3766168.516709306742996 ], [ 690354.105295897112228, 3766195.516441828105599 ], [ 690383.401712876860984, 3766204.40341276070103 ], [ 690410.401445398223586, 3766189.971755060367286 ], [ 690421.244952524546534, 3766149.322686088271439 ], [ 690412.165370659087785, 3766123.946954721584916 ] ] ], [ [ [ 690090.701770961051807, 3766145.37258736602962 ], [ 690055.860667213331908, 3766130.940929665695876 ], [ 690024.504502252559178, 3766151.892449259757996 ], [ 690018.976290441118181, 3766208.993893815204501 ], [ 690039.351832184125669, 3766236.467131508048624 ], [ 690069.819088747375645, 3766239.467894363682717 ], [ 690093.484552231151611, 3766220.046150407288224 ], [ 690099.781352826510556, 3766170.748318732716143 ], [ 690090.701770961051807, 3766145.37258736602962 ] ] ], [ [ [ 691379.954347929684445, 3766231.247132623568177 ], [ 691352.954615408321843, 3766216.815474923234433 ], [ 691323.658198428573087, 3766225.702445855829865 ], [ 691309.226540728239343, 3766252.702178377192467 ], [ 691318.113511660601944, 3766281.998595356941223 ], [ 691345.113244181964546, 3766296.430253057274967 ], [ 691374.409661161713302, 3766287.543282124679536 ], [ 691388.841318862047046, 3766260.543549603316933 ], [ 691379.954347929684445, 3766231.247132623568177 ] ] ], [ [ [ 690080.557525335694663, 3766465.235936056822538 ], [ 690053.557792814332061, 3766450.804278356488794 ], [ 690024.261375834583305, 3766459.691249289084226 ], [ 690009.829718134249561, 3766486.690981810446829 ], [ 690018.716689066612162, 3766515.987398790195584 ], [ 690045.716421587974764, 3766530.419056490529329 ], [ 690075.01283856772352, 3766521.532085557933897 ], [ 690089.444496268057264, 3766494.532353036571294 ], [ 690080.557525335694663, 3766465.235936056822538 ] ] ], [ [ [ 690394.269531088066287, 3766550.337698211427778 ], [ 690359.428427340346389, 3766535.906040511094034 ], [ 690328.072262379573658, 3766556.857560105156153 ], [ 690316.678912459057756, 3766625.123465971555561 ], [ 690337.630432052887045, 3766656.479630932211876 ], [ 690368.09768861613702, 3766659.480393787845969 ], [ 690391.763152099912986, 3766640.058649831451476 ], [ 690403.677286671707407, 3766590.97114065149799 ], [ 690394.269531088066287, 3766550.337698211427778 ] ] ], [ [ [ 690707.544768309337087, 3766585.747445879969746 ], [ 690676.624350174795836, 3766571.123177246656269 ], [ 690645.703932040254585, 3766585.747445879969746 ], [ 690635.236889999243431, 3766630.166452304460108 ], [ 690649.668547699577175, 3766657.166184825822711 ], [ 690678.964964679325931, 3766666.053155758418143 ], [ 690705.964697200688533, 3766651.621498058084399 ], [ 690716.624350174795836, 3766611.123177246656269 ], [ 690707.544768309337087, 3766585.747445879969746 ] ] ], [ [ [ 691994.275309749762528, 3766627.461746955290437 ], [ 691963.354891615221277, 3766612.83747832197696 ], [ 691932.434473480680026, 3766627.461746955290437 ], [ 691922.48821789433714, 3766672.019490983337164 ], [ 691936.919875594670884, 3766699.019223504699767 ], [ 691966.21629257441964, 3766707.906194437295198 ], [ 691993.216025095782243, 3766693.474536736961454 ], [ 692003.354891615221277, 3766652.83747832197696 ], [ 691994.275309749762528, 3766627.461746955290437 ] ] ], [ [ [ 692306.344236699747853, 3766627.950887240003794 ], [ 692279.34450417838525, 3766613.51922953967005 ], [ 692250.048087198636495, 3766622.406200472265482 ], [ 692235.61642949830275, 3766649.405932993628085 ], [ 692244.503400430665351, 3766678.70234997337684 ], [ 692271.503132952027954, 3766693.134007673710585 ], [ 692300.79954993177671, 3766684.247036741115153 ], [ 692315.231207632110454, 3766657.24730421975255 ], [ 692306.344236699747853, 3766627.950887240003794 ] ] ], [ [ [ 691025.766054208972491, 3766630.888225911185145 ], [ 690994.845636074431241, 3766616.263957277871668 ], [ 690963.92521793988999, 3766630.888225911185145 ], [ 690953.496090909000486, 3766675.37227486493066 ], [ 690967.92774860933423, 3766702.372007386293262 ], [ 690997.224165589082986, 3766711.258978318888694 ], [ 691024.223898110445589, 3766696.82732061855495 ], [ 691034.845636074431241, 3766656.263957277871668 ], [ 691025.766054208972491, 3766630.888225911185145 ] ] ], [ [ [ 691346.528079544077627, 3766641.38275941926986 ], [ 691319.528347022715025, 3766626.951101718936116 ], [ 691290.231930042966269, 3766635.838072651531547 ], [ 691275.800272342632525, 3766662.83780517289415 ], [ 691284.687243274995126, 3766692.134222152642906 ], [ 691311.686975796357729, 3766706.56587985297665 ], [ 691340.983392776106484, 3766697.678908920381218 ], [ 691355.415050476440229, 3766670.679176399018615 ], [ 691346.528079544077627, 3766641.38275941926986 ] ] ], [ [ [ 691661.103623916162178, 3766665.343253409955651 ], [ 691634.103891394799575, 3766650.911595709621906 ], [ 691604.80747441505082, 3766659.798566642217338 ], [ 691590.375816714717075, 3766686.798299163579941 ], [ 691599.262787647079676, 3766716.094716143328696 ], [ 691626.262520168442279, 3766730.526373843662441 ], [ 691655.558937148191035, 3766721.639402911067009 ], [ 691669.990594848524779, 3766694.639670389704406 ], [ 691661.103623916162178, 3766665.343253409955651 ] ] ], [ [ [ 692356.929629017482512, 3766265.651277679018676 ], [ 692329.929896496119909, 3766251.219619978684932 ], [ 692300.633479516371153, 3766260.106590911280364 ], [ 692286.201821816037409, 3766287.106323432642967 ], [ 692295.08879274840001, 3766316.402740412391722 ], [ 692322.088525269762613, 3766330.834398112725466 ], [ 692351.384942249511369, 3766321.947427180130035 ], [ 692365.816599949845113, 3766294.947694658767432 ], [ 692356.929629017482512, 3766265.651277679018676 ] ] ], [ [ [ 692627.441481122747064, 3766642.055331528186798 ], [ 692600.441748601384461, 3766627.623673827853054 ], [ 692571.145331621635705, 3766636.510644760448486 ], [ 692556.713673921301961, 3766663.510377281811088 ], [ 692565.600644853664562, 3766692.806794261559844 ], [ 692592.600377375027165, 3766707.238451961893588 ], [ 692621.896794354775921, 3766698.351481029298156 ], [ 692636.328452055109665, 3766671.351748507935554 ], [ 692627.441481122747064, 3766642.055331528186798 ] ] ], [ [ [ 694002.421853875741363, 3766661.739043517038226 ], [ 693975.42212135437876, 3766647.307385816704482 ], [ 693946.125704374630004, 3766656.194356749299914 ], [ 693931.69404667429626, 3766683.194089270662516 ], [ 693940.581017606658861, 3766712.490506250411272 ], [ 693967.580750128021464, 3766726.922163950745016 ], [ 693996.877167107770219, 3766718.035193018149585 ], [ 694011.308824808103964, 3766691.035460496786982 ], [ 694002.421853875741363, 3766661.739043517038226 ] ] ], [ [ [ 693254.257099614012986, 3766751.270116719417274 ], [ 693227.257367092650384, 3766736.83845901908353 ], [ 693197.960950112901628, 3766745.725429951678962 ], [ 693183.529292412567884, 3766772.725162473041564 ], [ 693192.416263344930485, 3766802.02157945279032 ], [ 693219.415995866293088, 3766816.453237153124064 ], [ 693248.712412846041843, 3766807.566266220528632 ], [ 693263.144070546375588, 3766780.56653369916603 ], [ 693254.257099614012986, 3766751.270116719417274 ] ] ], [ [ [ 693877.297529466217384, 3766888.669437624514103 ], [ 693850.297796944854781, 3766874.237779924180359 ], [ 693821.001379965106025, 3766883.12475085677579 ], [ 693806.569722264772281, 3766910.124483378138393 ], [ 693815.456693197134882, 3766939.420900357887149 ], [ 693842.456425718497485, 3766953.852558058220893 ], [ 693871.752842698246241, 3766944.965587125625461 ], [ 693886.184500398579985, 3766917.965854604262859 ], [ 693877.297529466217384, 3766888.669437624514103 ] ] ], [ [ [ 694172.254554562037811, 3766982.774459767155349 ], [ 694145.254822040675208, 3766968.342802066821605 ], [ 694113.049865180044435, 3766979.865919886156917 ], [ 694092.07691412861459, 3767016.403103824704885 ], [ 694103.600031948066317, 3767048.608060685452074 ], [ 694131.884303195518441, 3767060.323789437767118 ], [ 694160.168574442970566, 3767048.608060685452074 ], [ 694180.565547643578611, 3767015.953804014716297 ], [ 694172.254554562037811, 3766982.774459767155349 ] ] ], [ [ [ 694805.119832107797265, 3767062.253734573256224 ], [ 694778.120099586434662, 3767047.82207687292248 ], [ 694748.823682606685907, 3767056.709047805517912 ], [ 694734.392024906352162, 3767083.708780326880515 ], [ 694743.278995838714764, 3767113.00519730662927 ], [ 694770.278728360077366, 3767127.436855006963015 ], [ 694799.575145339826122, 3767118.549884074367583 ], [ 694814.006803040159866, 3767091.55015155300498 ], [ 694805.119832107797265, 3767062.253734573256224 ] ] ], [ [ [ 694606.995449096662924, 3767176.328005272429436 ], [ 694572.154345348943025, 3767161.896347572095692 ], [ 694527.42135045863688, 3767183.755911109037697 ], [ 694510.412748563336208, 3767209.211082720197737 ], [ 694516.385375287267379, 3767239.237504921853542 ], [ 694534.336822484852746, 3767253.969876901712269 ], [ 694553.564845392596908, 3767256.82208466809243 ], [ 694598.297840282903053, 3767234.962521131150424 ], [ 694615.882420029025525, 3767205.624422252178192 ], [ 694606.995449096662924, 3767176.328005272429436 ] ] ], [ [ [ 694791.923838936374523, 3767495.262317824643105 ], [ 694765.929151768563315, 3767502.136732320766896 ], [ 694749.874347660108469, 3767523.784129722509533 ], [ 694751.19677978893742, 3767550.702854107599705 ], [ 694765.929151768563315, 3767568.654301304835826 ], [ 694811.33883890719153, 3767572.771342470310628 ], [ 694865.335913569433615, 3767544.864268594887108 ], [ 694871.308540293364786, 3767514.837846393231302 ], [ 694854.299938398064114, 3767489.382674782071263 ], [ 694828.156443464104086, 3767482.83407020708546 ], [ 694791.923838936374523, 3767495.262317824643105 ] ] ], [ [ [ 694046.021672441973351, 3768572.963185758795589 ], [ 694019.021939920610748, 3768558.531528058461845 ], [ 693989.725522940861993, 3768567.418498991057277 ], [ 693975.293865240528248, 3768594.418231512419879 ], [ 693984.180836172890849, 3768623.714648492168635 ], [ 694011.180568694253452, 3768638.146306192502379 ], [ 694040.476985674002208, 3768629.259335259906948 ], [ 694054.908643374335952, 3768602.259602738544345 ], [ 694046.021672441973351, 3768572.963185758795589 ] ] ], [ [ [ 694291.923779860138893, 3769206.575347604230046 ], [ 694264.92404733877629, 3769192.143689903896302 ], [ 694235.627630359027535, 3769201.030660836491734 ], [ 694221.19597265869379, 3769228.030393357854337 ], [ 694230.082943591056392, 3769257.326810337603092 ], [ 694257.082676112418994, 3769271.758468037936836 ], [ 694286.37909309216775, 3769262.871497105341405 ], [ 694300.810750792501494, 3769235.871764583978802 ], [ 694291.923779860138893, 3769206.575347604230046 ] ] ], [ [ [ 693681.127188010606915, 3769967.993918480817229 ], [ 693660.646529643796384, 3769978.941058449447155 ], [ 693650.653187462012284, 3769995.613942606840283 ], [ 693649.699389675166458, 3770015.028942578006536 ], [ 693660.646529643796384, 3770035.509600944817066 ], [ 693729.646547266049311, 3770058.103718050289899 ], [ 693761.851504126680084, 3770046.580600230954587 ], [ 693773.567232879227959, 3770018.296328983269632 ], [ 693761.851504126680084, 3769990.012057735584676 ], [ 693730.444566400023177, 3769975.920483965892345 ], [ 693681.127188010606915, 3769967.993918480817229 ] ] ], [ [ [ 694701.808025450212881, 3769974.464263930451125 ], [ 694679.585216129431501, 3769981.20547943841666 ], [ 694664.852844149805605, 3769999.156926635652781 ], [ 694662.57661423413083, 3770022.26787681132555 ], [ 694673.523754202760756, 3770042.748535178136081 ], [ 694751.616344484151341, 3770073.518034358043224 ], [ 694787.704228612245061, 3770062.570894389413297 ], [ 694799.419957364792936, 3770034.286623141728342 ], [ 694787.704228612245061, 3770006.002351894043386 ], [ 694701.808025450212881, 3769974.464263930451125 ] ] ], [ [ [ 693532.547065087594092, 3770237.81955367513001 ], [ 693500.342108226963319, 3770249.342671494465321 ], [ 693489.394968258333392, 3770285.430555623024702 ], [ 693506.403570153634064, 3770310.885727234184742 ], [ 693550.204847319982946, 3770323.825401362963021 ], [ 693575.660018931492232, 3770306.816799467429519 ], [ 693581.632645655423403, 3770276.790377265773714 ], [ 693567.776965805911459, 3770253.673572012223303 ], [ 693532.547065087594092, 3770237.81955367513001 ] ] ], [ [ [ 694573.16665516840294, 3770287.425882036797702 ], [ 694539.90787067625206, 3770305.203072716016322 ], [ 694533.359266101499088, 3770323.50519642373547 ], [ 694537.889804594451562, 3770346.28175150975585 ], [ 694554.310785695328377, 3770362.70273261051625 ], [ 694590.326646380592138, 3770375.479662886355072 ], [ 694620.793902943842113, 3770372.478900030720979 ], [ 694640.215646900003776, 3770348.813436547294259 ], [ 694637.214884044718929, 3770318.346179984044284 ], [ 694620.793902943842113, 3770301.925198883283883 ], [ 694573.16665516840294, 3770287.425882036797702 ] ] ], [ [ [ 694428.463012999272905, 3770578.902777727693319 ], [ 694410.160889291670173, 3770585.451382302679121 ], [ 694395.428517312044278, 3770603.402829499915242 ], [ 694392.576309545547701, 3770622.630852407775819 ], [ 694401.463280477910303, 3770644.08589816140011 ], [ 694468.196391420438886, 3770671.654314246959984 ], [ 694501.375735667650588, 3770663.343321165069938 ], [ 694515.807393367984332, 3770636.343588643707335 ], [ 694506.920422435621731, 3770607.047171663958579 ], [ 694491.307341595645994, 3770595.467721730004996 ], [ 694428.463012999272905, 3770578.902777727693319 ] ] ], [ [ [ 695047.3894013579702, 3767876.592495281714946 ], [ 695020.389668836607598, 3767862.160837581381202 ], [ 694979.139133122516796, 3767871.316212055273354 ], [ 694962.130531227216125, 3767896.771383666433394 ], [ 694968.103157951147296, 3767926.797805868089199 ], [ 694997.441256830119528, 3767944.382385614328086 ], [ 695038.69179254421033, 3767935.227011140435934 ], [ 695056.276372290332802, 3767905.888912261463702 ], [ 695047.3894013579702, 3767876.592495281714946 ] ] ], [ [ [ 695391.62844890053384, 3768241.299471170641482 ], [ 695364.628716379171237, 3768226.867813470307738 ], [ 695335.332299399422482, 3768235.754784402903169 ], [ 695320.900641699088737, 3768262.754516924265772 ], [ 695329.787612631451339, 3768292.050933904014528 ], [ 695356.787345152813941, 3768306.482591604348272 ], [ 695386.083762132562697, 3768297.59562067175284 ], [ 695400.515419832896441, 3768270.595888150390238 ], [ 695391.62844890053384, 3768241.299471170641482 ] ] ], [ [ [ 695151.267554175923578, 3768231.936831312254071 ], [ 695125.12405924196355, 3768238.485435887239873 ], [ 695110.391687262337655, 3768256.436883084475994 ], [ 695108.115457346662879, 3768279.547833260148764 ], [ 695119.062597315292805, 3768300.028491626959294 ], [ 695162.649090696242638, 3768314.988063788507134 ], [ 695201.015881835366599, 3768312.936369596980512 ], [ 695221.49654020217713, 3768301.989229628350586 ], [ 695233.212268954725005, 3768273.70495838066563 ], [ 695221.49654020217713, 3768245.420687132980675 ], [ 695201.015881835366599, 3768234.473547164350748 ], [ 695151.267554175923578, 3768231.936831312254071 ] ] ], [ [ [ 695279.373487155069597, 3768626.578264906536788 ], [ 695252.373754633706994, 3768612.146607206203043 ], [ 695214.298387909191661, 3768617.04069630196318 ], [ 695194.876643953029998, 3768640.7061597853899 ], [ 695197.877406808314845, 3768671.173416348639876 ], [ 695225.350644501624629, 3768691.54895809199661 ], [ 695267.308938493602909, 3768687.230846846941859 ], [ 695287.684480236610398, 3768659.757609154097736 ], [ 695279.373487155069597, 3768626.578264906536788 ] ] ], [ [ [ 695234.569876504363492, 3768994.564428253099322 ], [ 695217.89699234708678, 3769004.557770434767008 ], [ 695206.949852378456853, 3769025.038428801577538 ], [ 695217.89699234708678, 3769061.126312930136919 ], [ 695272.429725738475099, 3769077.003508520312607 ], [ 695304.634682599105872, 3769065.480390700977296 ], [ 695316.350411351653747, 3769037.19611945329234 ], [ 695304.634682599105872, 3769008.911848205607384 ], [ 695269.147569470806047, 3768994.838348744437099 ], [ 695234.569876504363492, 3768994.564428253099322 ] ] ], [ [ [ 695416.042565653566271, 3769016.358989174477756 ], [ 695390.698771443334408, 3769039.329265309032053 ], [ 695394.395168251590803, 3769076.859411924611777 ], [ 695419.850339863100089, 3769093.868013820145279 ], [ 695465.05874445498921, 3769089.788396082818508 ], [ 695482.067346350289881, 3769064.333224471658468 ], [ 695476.09471962635871, 3769034.306802270002663 ], [ 695454.447322224383242, 3769018.251998161431402 ], [ 695416.042565653566271, 3769016.358989174477756 ] ] ], [ [ [ 695137.476177251897752, 3769356.211168499663472 ], [ 695116.995518885087222, 3769367.158308468293399 ], [ 695106.048378916457295, 3769387.638966835103929 ], [ 695108.324608832132071, 3769410.749917010776699 ], [ 695123.056980811757967, 3769428.701364208012819 ], [ 695219.806051558931358, 3769451.186700346414 ], [ 695253.064836051082239, 3769433.40950966719538 ], [ 695259.03746277501341, 3769403.383087465539575 ], [ 695242.028860879712738, 3769377.927915854379535 ], [ 695137.476177251897752, 3769356.211168499663472 ] ] ], [ [ [ 695370.258604329661466, 3769410.055864799302071 ], [ 695343.258871808298863, 3769395.624207098968327 ], [ 695313.962454828550108, 3769404.511178031563759 ], [ 695299.530797128216363, 3769431.510910552926362 ], [ 695308.417768060578965, 3769460.807327532675117 ], [ 695335.417500581941567, 3769475.238985233008862 ], [ 695364.713917561690323, 3769466.35201430041343 ], [ 695379.145575262024067, 3769439.352281779050827 ], [ 695370.258604329661466, 3769410.055864799302071 ] ] ], [ [ [ 694872.939937999588437, 3769655.674848540686071 ], [ 694848.57635236531496, 3769667.197966360021383 ], [ 694837.629212396685034, 3769687.678624726831913 ], [ 694839.90544231235981, 3769710.789574902504683 ], [ 694858.004754139692523, 3769730.759088181424886 ], [ 694904.399473358760588, 3769737.31358720222488 ], [ 694932.204742892296053, 3769749.733377874363214 ], [ 694959.570081998361275, 3769742.27859190152958 ], [ 694973.127756845438853, 3769757.746350688394159 ], [ 694991.429880553041585, 3769764.294955263379961 ], [ 695014.206435639294796, 3769759.764416770078242 ], [ 695030.627416740171611, 3769743.343435669317842 ], [ 695033.628179595456459, 3769712.876179106067866 ], [ 695014.206435639294796, 3769689.210715622641146 ], [ 694991.429880553041585, 3769684.680177129339427 ], [ 694971.90591267333366, 3769692.13496310217306 ], [ 694937.758755491115153, 3769664.701327292714268 ], [ 694872.939937999588437, 3769655.674848540686071 ] ] ], [ [ [ 695249.271903750137426, 3769755.018776020035148 ], [ 695223.928109539905563, 3769777.989052154589444 ], [ 695227.624506348161958, 3769815.519198770169169 ], [ 695253.079677959671244, 3769832.527800665702671 ], [ 695298.296423287363723, 3769828.710679460316896 ], [ 695315.305025182664394, 3769803.255507849156857 ], [ 695309.332398458733223, 3769773.229085647501051 ], [ 695287.685001056757756, 3769757.17428153892979 ], [ 695249.271903750137426, 3769755.018776020035148 ] ] ], [ [ [ 695192.926893741940148, 3770140.120098104234785 ], [ 695164.642622494488023, 3770128.40436935191974 ], [ 695136.358351247035898, 3770140.120098104234785 ], [ 695124.642622494488023, 3770168.40436935191974 ], [ 695136.358351247035898, 3770196.688640599604696 ], [ 695164.642622494488023, 3770208.40436935191974 ], [ 695192.926893741940148, 3770196.688640599604696 ], [ 695204.642622494488023, 3770168.40436935191974 ], [ 695192.926893741940148, 3770140.120098104234785 ] ] ] ] } },
{ "type": "Feature", "properties": { "depth_bin": "215-220" }, "geometry": { "type": "MultiPolygon", "coordinates": [ [ [ [ 690100.905150286504067, 3765843.79387811338529 ], [ 690082.953703088918701, 3765829.061506133526564 ], [ 690063.725680181174539, 3765826.209298367146403 ], [ 690045.423556473571807, 3765832.757902942132205 ], [ 690030.691184493945912, 3765850.709350139368325 ], [ 690022.501057093730196, 3765930.758235579822212 ], [ 690031.388028026092798, 3765952.213281333446503 ], [ 690047.001108866068535, 3765963.792731267400086 ], [ 690077.615783455199562, 3765963.792731267400086 ], [ 690099.263627461041324, 3765942.144887261558324 ], [ 690107.646365794353187, 3765866.01668743416667 ], [ 690100.905150286504067, 3765843.79387811338529 ] ] ], [ [ [ 690088.800536896218546, 3766069.117117118090391 ], [ 690073.187456056242809, 3766057.537667184136808 ], [ 690050.0765058810357, 3766055.261437268462032 ], [ 690029.59584751422517, 3766066.208577237091959 ], [ 690019.602505332441069, 3766082.881461394485086 ], [ 690019.108571887249127, 3766163.298764368984848 ], [ 690030.055711855879053, 3766183.779422735795379 ], [ 690046.728596013155766, 3766193.772764917463064 ], [ 690077.195852576405741, 3766190.772002061828971 ], [ 690096.617596532567404, 3766167.106538578402251 ], [ 690097.687507828581147, 3766090.572162871714681 ], [ 690088.800536896218546, 3766069.117117118090391 ] ] ], [ [ [ 690412.352286655688658, 3766093.481012192554772 ], [ 690381.431868521147408, 3766078.856743559241295 ], [ 690350.511450386606157, 3766093.481012192554772 ], [ 690340.225933992303908, 3766137.95354297850281 ], [ 690354.657591692637652, 3766164.953275499865413 ], [ 690383.954008672386408, 3766173.840246432460845 ], [ 690410.953741193749011, 3766159.4085887321271 ], [ 690421.431868521147408, 3766118.856743559241295 ], [ 690412.352286655688658, 3766093.481012192554772 ] ] ], [ [ [ 689773.232801717240363, 3766104.872253736015409 ], [ 689755.281354519654997, 3766090.139881756156683 ], [ 689732.170404344447888, 3766087.863651840481907 ], [ 689711.689745977637358, 3766098.810791809111834 ], [ 689701.696403795853257, 3766115.483675966504961 ], [ 689699.125663376762532, 3766176.827272737398744 ], [ 689713.965701742679812, 3766204.129881002474576 ], [ 689702.266587370657362, 3766222.348786955233663 ], [ 689701.312789583811536, 3766241.763786926399916 ], [ 689712.259929552441463, 3766262.244445293210447 ], [ 689728.932813709718175, 3766272.237787474878132 ], [ 689759.400070272968151, 3766269.237024619244039 ], [ 689778.821814229129814, 3766245.571561135817319 ], [ 689778.821814229129814, 3766222.348786955233663 ], [ 689765.511551500880159, 3766202.736880167387426 ], [ 689777.210665872902609, 3766184.517974214628339 ], [ 689783.056202751235105, 3766146.353162633720785 ], [ 689773.232801717240363, 3766104.872253736015409 ] ] ], [ [ [ 689778.140855237841606, 3766455.466676274314523 ], [ 689744.882070745690726, 3766437.689485595095903 ], [ 689711.623286253539845, 3766455.466676274314523 ], [ 689705.992691447841935, 3766512.150602313689888 ], [ 689723.577271193964407, 3766541.48870119266212 ], [ 689753.603693395387381, 3766547.461327916942537 ], [ 689779.058865006896667, 3766530.452726021409035 ], [ 689785.800080514745787, 3766508.229916700627655 ], [ 689778.140855237841606, 3766455.466676274314523 ] ] ], [ [ [ 690387.036689389613457, 3766611.081774910911918 ], [ 690352.195585641893558, 3766596.650117210578173 ], [ 690320.839420681120828, 3766617.601636804640293 ], [ 690317.410312335588969, 3766674.770029119681567 ], [ 690337.785854078596458, 3766702.24326681252569 ], [ 690368.253110641846433, 3766705.244029668159783 ], [ 690391.918574125622399, 3766685.822285711765289 ], [ 690397.742547293426469, 3766647.927907661534846 ], [ 690387.036689389613457, 3766611.081774910911918 ] ] ], [ [ [ 690705.437857505283318, 3766616.172626032028347 ], [ 690670.59675375756342, 3766601.740968331694603 ], [ 690641.258654878591187, 3766619.32554807793349 ], [ 690631.946051686536521, 3766675.837387005798519 ], [ 690649.530631432658993, 3766705.175485884770751 ], [ 690679.557053634081967, 3766711.148112609051168 ], [ 690705.012225245591253, 3766694.139510713517666 ], [ 690714.517439370742068, 3766641.54835739871487 ], [ 690705.437857505283318, 3766616.172626032028347 ] ] ], [ [ [ 689779.3931028326042, 3766726.579852937720716 ], [ 689763.780021992628463, 3766715.000403003767133 ], [ 689740.669071817421354, 3766712.724173088092357 ], [ 689720.188413450610824, 3766723.671313056722283 ], [ 689710.195071268826723, 3766740.344197214115411 ], [ 689717.416909641586244, 3766789.605899250600487 ], [ 689711.563548305886798, 3766824.565332341939211 ], [ 689738.229774644947611, 3766851.231558681000024 ], [ 689768.697031208197586, 3766848.230795825365931 ], [ 689788.118775164359249, 3766824.565332341939211 ], [ 689783.010705944616348, 3766790.61080933874473 ], [ 689790.39384291798342, 3766763.342077724635601 ], [ 689779.3931028326042, 3766726.579852937720716 ] ] ], [ [ [ 690074.178554777754471, 3766739.568919474259019 ], [ 690058.565473937778734, 3766727.989469540305436 ], [ 690035.454523762571625, 3766725.71323962463066 ], [ 690014.973865395761095, 3766736.660379593260586 ], [ 690004.980523213976994, 3766753.333263750653714 ], [ 690004.735794046893716, 3766833.775371318217367 ], [ 690015.682934015523642, 3766854.256029685027897 ], [ 690032.355818172800355, 3766864.249371866695583 ], [ 690062.82307473605033, 3766861.24860901106149 ], [ 690082.244818692211993, 3766837.58314552763477 ], [ 690083.065525710117072, 3766761.023965227883309 ], [ 690074.178554777754471, 3766739.568919474259019 ] ] ], [ [ [ 691077.62582303956151, 3766118.276338227558881 ], [ 691052.170651428052224, 3766101.267736332025379 ], [ 691022.14422922662925, 3766107.240363056305796 ], [ 691005.135627331328578, 3766132.695534667465836 ], [ 691011.108254055259749, 3766162.721956869121641 ], [ 691036.563425666769035, 3766179.730558764655143 ], [ 691066.58984786819201, 3766173.757932040374726 ], [ 691083.598449763492681, 3766148.302760429214686 ], [ 691077.62582303956151, 3766118.276338227558881 ] ] ], [ [ [ 692027.129403602331877, 3766247.835529564414173 ], [ 692000.129671080969274, 3766233.403871864080429 ], [ 691970.833254101220518, 3766242.290842796675861 ], [ 691956.401596400886774, 3766269.290575318038464 ], [ 691965.288567333249375, 3766298.586992297787219 ], [ 691992.288299854611978, 3766313.018649998120964 ], [ 692021.584716834360734, 3766304.131679065525532 ], [ 692036.016374534694478, 3766277.131946544162929 ], [ 692027.129403602331877, 3766247.835529564414173 ] ] ], [ [ [ 692677.062902091420256, 3766310.445135260000825 ], [ 692650.063169570057653, 3766296.013477559667081 ], [ 692620.766752590308897, 3766304.900448492262512 ], [ 692606.335094889975153, 3766331.900181013625115 ], [ 692615.222065822337754, 3766361.196597993373871 ], [ 692642.221798343700357, 3766375.628255693707615 ], [ 692671.518215323449112, 3766366.741284761112183 ], [ 692685.949873023782857, 3766339.741552239749581 ], [ 692677.062902091420256, 3766310.445135260000825 ] ] ], [ [ [ 693017.051553967990912, 3766351.926637887023389 ], [ 692990.05182144662831, 3766337.494980186689645 ], [ 692960.755404466879554, 3766346.381951119285077 ], [ 692946.32374676654581, 3766373.38168364064768 ], [ 692955.210717698908411, 3766402.678100620396435 ], [ 692982.210450220271014, 3766417.10975832073018 ], [ 693011.506867200019769, 3766408.222787388134748 ], [ 693025.938524900353514, 3766381.223054866772145 ], [ 693017.051553967990912, 3766351.926637887023389 ] ] ], [ [ [ 692305.746280245366506, 3766643.291290034074336 ], [ 692278.746547724003904, 3766628.859632333740592 ], [ 692249.450130744255148, 3766637.746603266336024 ], [ 692235.018473043921404, 3766664.746335787698627 ], [ 692243.905443976284005, 3766694.042752767447382 ], [ 692270.905176497646607, 3766708.474410467781126 ], [ 692300.201593477395363, 3766699.587439535185695 ], [ 692314.633251177729107, 3766672.587707013823092 ], [ 692305.746280245366506, 3766643.291290034074336 ] ] ], [ [ [ 691350.447829073527828, 3766656.892697679810226 ], [ 691323.448096552165225, 3766642.461039979476482 ], [ 691294.151679572416469, 3766651.348010912071913 ], [ 691279.720021872082725, 3766678.347743433434516 ], [ 691288.606992804445326, 3766707.644160413183272 ], [ 691315.606725325807929, 3766722.075818113517016 ], [ 691344.903142305556685, 3766713.188847180921584 ], [ 691359.334800005890429, 3766686.189114659558982 ], [ 691350.447829073527828, 3766656.892697679810226 ] ] ], [ [ [ 692627.299905632855371, 3766657.43816728843376 ], [ 692600.300173111492768, 3766643.006509588100016 ], [ 692571.003756131744012, 3766651.893480520695448 ], [ 692556.572098431410268, 3766678.893213042058051 ], [ 692565.459069363772869, 3766708.189630021806806 ], [ 692592.458801885135472, 3766722.621287722140551 ], [ 692621.755218864884228, 3766713.734316789545119 ], [ 692636.186876565217972, 3766686.734584268182516 ], [ 692627.299905632855371, 3766657.43816728843376 ] ] ], [ [ [ 691994.363263980485499, 3766660.929504706524312 ], [ 691976.411816782900132, 3766646.197132726665586 ], [ 691957.18379387515597, 3766643.344924960285425 ], [ 691925.82762891438324, 3766664.296444554347545 ], [ 691915.33725007600151, 3766732.543698935769498 ], [ 691936.288769669830799, 3766763.899863896425813 ], [ 691966.756026233080775, 3766766.900626752059907 ], [ 691990.42148971685674, 3766747.478882795665413 ], [ 692001.104479488334619, 3766683.152314027305692 ], [ 691994.363263980485499, 3766660.929504706524312 ] ] ], [ [ [ 691020.46303310233634, 3766661.099040646106005 ], [ 690993.463300580973737, 3766646.66738294577226 ], [ 690964.166883601224981, 3766655.554353878367692 ], [ 690949.735225900891237, 3766682.554086399730295 ], [ 690958.622196833253838, 3766711.850503379479051 ], [ 690985.621929354616441, 3766726.282161079812795 ], [ 691014.918346334365197, 3766717.395190147217363 ], [ 691029.350004034698941, 3766690.39545762585476 ], [ 691020.46303310233634, 3766661.099040646106005 ] ] ], [ [ [ 691657.808458495885134, 3766680.280988127458841 ], [ 691626.888040361343883, 3766665.656719494145364 ], [ 691595.967622226802632, 3766680.280988127458841 ], [ 691585.050536899245344, 3766724.651841129176319 ], [ 691599.482194599579088, 3766751.651573650538921 ], [ 691628.778611579327844, 3766760.538544583134353 ], [ 691655.778344100690447, 3766746.106886882800609 ], [ 691666.888040361343883, 3766705.656719494145364 ], [ 691657.808458495885134, 3766680.280988127458841 ] ] ], [ [ [ 692945.844921880518086, 3766696.266818954143673 ], [ 692918.845189359155484, 3766681.835161253809929 ], [ 692889.548772379406728, 3766690.722132186405361 ], [ 692875.117114679072984, 3766717.721864707767963 ], [ 692884.004085611435585, 3766747.018281687516719 ], [ 692911.003818132798187, 3766761.449939387850463 ], [ 692940.300235112546943, 3766752.562968455255032 ], [ 692954.731892812880687, 3766725.563235933892429 ], [ 692945.844921880518086, 3766696.266818954143673 ] ] ], [ [ [ 693253.806683096685447, 3766769.352802169043571 ], [ 693224.468584217713214, 3766751.768222422804683 ], [ 693192.263627357082441, 3766763.291340242139995 ], [ 693175.930536973639391, 3766802.217997213825583 ], [ 693187.453654793091118, 3766834.422954074572772 ], [ 693215.737926040543243, 3766846.138682826887816 ], [ 693244.022197287995368, 3766834.422954074572772 ], [ 693259.779309820616618, 3766799.379224370699376 ], [ 693253.806683096685447, 3766769.352802169043571 ] ] ], [ [ [ 693554.452535108313896, 3766815.384302995167673 ], [ 693523.532116973772645, 3766800.760034361854196 ], [ 693492.611698839231394, 3766815.384302995167673 ], [ 693481.078684041509405, 3766856.04610654944554 ], [ 693495.702952674939297, 3766886.966524683870375 ], [ 693524.999369654688053, 3766895.853495616465807 ], [ 693551.999102176050656, 3766881.421837916132063 ], [ 693563.532116973772645, 3766840.760034361854196 ], [ 693554.452535108313896, 3766815.384302995167673 ] ] ], [ [ [ 693868.766444788197987, 3766901.394377862103283 ], [ 693841.766712266835384, 3766886.962720161769539 ], [ 693809.561755406204611, 3766898.485837981104851 ], [ 693791.972794229513966, 3766936.806484279688448 ], [ 693803.495912048965693, 3766969.011441140435636 ], [ 693831.780183296417817, 3766980.72716989275068 ], [ 693860.064454543869942, 3766969.011441140435636 ], [ 693877.653415720560588, 3766930.690794841852039 ], [ 693868.766444788197987, 3766901.394377862103283 ] ] ], [ [ [ 694152.581828764174134, 3767006.247553217690438 ], [ 694125.582096242811531, 3766991.815895517356694 ], [ 694096.285679263062775, 3767000.702866449952126 ], [ 694081.854021562729031, 3767027.702598971314728 ], [ 694090.740992495091632, 3767056.999015951063484 ], [ 694117.740725016454235, 3767071.430673651397228 ], [ 694147.03714199620299, 3767062.543702718801796 ], [ 694161.468799696536735, 3767035.543970197439194 ], [ 694152.581828764174134, 3767006.247553217690438 ] ] ], [ [ [ 694277.426848718081601, 3769200.635578019544482 ], [ 694250.427116196718998, 3769186.203920319210738 ], [ 694221.130699216970243, 3769195.09089125180617 ], [ 694206.699041516636498, 3769222.090623773168772 ], [ 694215.586012448999099, 3769251.387040752917528 ], [ 694242.585744970361702, 3769265.818698453251272 ], [ 694271.882161950110458, 3769256.931727520655841 ], [ 694286.313819650444202, 3769229.931994999293238 ], [ 694277.426848718081601, 3769200.635578019544482 ] ] ], [ [ [ 693747.811036581057124, 3769983.885007758624852 ], [ 693714.552252088906243, 3770001.662198437843472 ], [ 693708.003647514153272, 3770019.964322145562619 ], [ 693712.534186007105745, 3770042.740877231582999 ], [ 693725.588227260275744, 3770057.143792250659317 ], [ 693764.17428017500788, 3770074.305516070220619 ], [ 693794.641536738257855, 3770071.304753214586526 ], [ 693814.063280694419518, 3770047.639289731159806 ], [ 693811.062517839134671, 3770017.172033167909831 ], [ 693794.641536738257855, 3770000.751052067149431 ], [ 693747.811036581057124, 3769983.885007758624852 ] ] ], [ [ [ 693501.696495866053738, 3770233.166695313062519 ], [ 693474.696763344691135, 3770218.735037612728775 ], [ 693445.400346364942379, 3770227.622008545324206 ], [ 693430.968688664608635, 3770254.621741066686809 ], [ 693439.855659596971236, 3770283.918158046435565 ], [ 693466.855392118333839, 3770298.349815746769309 ], [ 693496.151809098082595, 3770289.462844814173877 ], [ 693510.583466798416339, 3770262.463112292811275 ], [ 693501.696495866053738, 3770233.166695313062519 ] ] ], [ [ [ 693587.472545372787863, 3770264.862456352915615 ], [ 693560.47281285142526, 3770250.430798652581871 ], [ 693531.176395871676505, 3770259.317769585177302 ], [ 693516.74473817134276, 3770286.317502106539905 ], [ 693525.631709103705361, 3770315.613919086288661 ], [ 693552.631441625067964, 3770330.045576786622405 ], [ 693581.92785860481672, 3770321.158605854026973 ], [ 693596.359516305150464, 3770294.158873332664371 ], [ 693587.472545372787863, 3770264.862456352915615 ] ] ], [ [ [ 693294.862365939305164, 3770490.154502624645829 ], [ 693262.657409078674391, 3770501.677620443981141 ], [ 693251.710269110044464, 3770537.765504572540522 ], [ 693268.718871005345136, 3770563.220676183700562 ], [ 693312.074777739471756, 3770576.868347668088973 ], [ 693337.529949350981042, 3770559.85974577255547 ], [ 693343.502576074912213, 3770529.833323570899665 ], [ 693329.646896225400269, 3770506.716518317349255 ], [ 693294.862365939305164, 3770490.154502624645829 ] ] ], [ [ [ 694360.82569624914322, 3766784.617217564489692 ], [ 694335.370524637633935, 3766767.60861566895619 ], [ 694305.34410243621096, 3766773.581242393236607 ], [ 694288.335500540910289, 3766799.036414004396647 ], [ 694294.30812726484146, 3766829.062836206052452 ], [ 694319.763298876350746, 3766846.071438101585954 ], [ 694349.78972107777372, 3766840.098811377305537 ], [ 694366.798322973074391, 3766814.643639766145498 ], [ 694360.82569624914322, 3766784.617217564489692 ] ] ], [ [ [ 694566.041595356771722, 3767196.75836283992976 ], [ 694531.200491609051824, 3767182.326705139596015 ], [ 694485.523305127862841, 3767202.274160554632545 ], [ 694457.336037302738987, 3767233.375349454581738 ], [ 694462.354866239824332, 3767267.209545865654945 ], [ 694480.306313437409699, 3767281.941917845513672 ], [ 694499.534336345153861, 3767284.794125611893833 ], [ 694557.343986543011852, 3767255.392878698650748 ], [ 694574.928566289134324, 3767226.054779819678515 ], [ 694566.041595356771722, 3767196.75836283992976 ] ] ], [ [ [ 694804.662211946677417, 3767514.901201989036053 ], [ 694769.821108198957518, 3767500.469544288702309 ], [ 694723.337095231632702, 3767519.081685569137335 ], [ 694706.328493336332031, 3767544.536857180297375 ], [ 694712.301120060263202, 3767574.56327938195318 ], [ 694745.559904552414082, 3767592.3404700611718 ], [ 694795.964603132917546, 3767573.535717847757041 ], [ 694813.549182879040018, 3767544.197618968784809 ], [ 694804.662211946677417, 3767514.901201989036053 ] ] ], [ [ [ 694395.892212360515259, 3769231.033317446243018 ], [ 694368.892479839152656, 3769216.601659745909274 ], [ 694339.596062859403901, 3769225.488630678504705 ], [ 694325.164405159070157, 3769252.488363199867308 ], [ 694334.051376091432758, 3769281.784780179616064 ], [ 694361.05110861279536, 3769296.216437879949808 ], [ 694390.347525592544116, 3769287.329466947354376 ], [ 694404.77918329287786, 3769260.329734425991774 ], [ 694395.892212360515259, 3769231.033317446243018 ] ] ], [ [ [ 694957.769998411647975, 3769322.730306424666196 ], [ 694927.743576210225001, 3769328.702933148946613 ], [ 694911.688772101770155, 3769350.35033055068925 ], [ 694913.011204230599105, 3769377.269054935779423 ], [ 694934.659048236440867, 3769398.916898941621184 ], [ 695130.150835627922788, 3769433.270404641982168 ], [ 695152.373644948704168, 3769426.529189134016633 ], [ 695167.106016928330064, 3769408.577741936780512 ], [ 695167.106016928330064, 3769377.963067347183824 ], [ 695145.458172922488302, 3769356.315223341342062 ], [ 694957.769998411647975, 3769322.730306424666196 ] ] ], [ [ [ 694706.671995078912005, 3769614.986389709170908 ], [ 694686.191336712101474, 3769625.933529677800834 ], [ 694674.668218892649747, 3769650.297115312423557 ], [ 694681.216823467402719, 3769676.44061024626717 ], [ 694699.168270664988086, 3769691.172982226125896 ], [ 694770.619484661379829, 3769704.69035103591159 ], [ 694795.583822791464627, 3769698.848505850415677 ], [ 694817.38260287581943, 3769720.918187936302274 ], [ 694858.20603316265624, 3769731.185300264041871 ], [ 694878.011260768165812, 3769728.060095007065684 ], [ 694903.087091445107944, 3769740.369054132141173 ], [ 694929.230586379067972, 3769733.820449557155371 ], [ 694943.962958358693868, 3769715.86900235991925 ], [ 694943.962958358693868, 3769685.254327770322561 ], [ 694922.315114352852106, 3769663.606483764480799 ], [ 694891.123235065955669, 3769663.879481255076826 ], [ 694836.610625783563592, 3769644.155617568641901 ], [ 694811.646287653478794, 3769649.997462754137814 ], [ 694786.15155736473389, 3769626.605348539538682 ], [ 694706.671995078912005, 3769614.986389709170908 ] ] ], [ [ [ 694635.77678017958533, 3769957.26974834734574 ], [ 694615.2961218127748, 3769968.216888315975666 ], [ 694605.302779630990699, 3769984.889772473368794 ], [ 694604.348981844144873, 3770004.304772444535047 ], [ 694615.2961218127748, 3770024.785430811345577 ], [ 694683.040249681449495, 3770050.411355307325721 ], [ 694715.245206542080268, 3770038.888237487990409 ], [ 694726.960935294628143, 3770010.603966240305454 ], [ 694715.245206542080268, 3769982.319694992620498 ], [ 694669.911574919940904, 3769962.284809204284102 ], [ 694635.77678017958533, 3769957.26974834734574 ] ] ], [ [ [ 694540.017371939728037, 3770278.537906069774181 ], [ 694510.679273060755804, 3770296.122485816013068 ], [ 694506.982876252499409, 3770333.652632431592792 ], [ 694528.630720258341171, 3770355.300476437434554 ], [ 694573.79390086827334, 3770360.201957631390542 ], [ 694595.441744874115102, 3770338.55411362554878 ], [ 694595.441744874115102, 3770307.939439035952091 ], [ 694577.342433046782389, 3770287.969925757031888 ], [ 694540.017371939728037, 3770278.537906069774181 ] ] ], [ [ [ 694389.660437367390841, 3770562.325186700094491 ], [ 694356.401652875239961, 3770580.102377379313111 ], [ 694349.853048300486989, 3770598.404501087032259 ], [ 694354.383586793439463, 3770621.181056173052639 ], [ 694367.437628046609461, 3770635.583971192128956 ], [ 694406.035728123737499, 3770652.520457111299038 ], [ 694436.502984686987475, 3770649.519694255664945 ], [ 694455.924728643149137, 3770625.854230772238225 ], [ 694452.92396578786429, 3770595.386974208988249 ], [ 694436.502984686987475, 3770578.965993108227849 ], [ 694389.660437367390841, 3770562.325186700094491 ] ] ], [ [ [ 694862.849456800962798, 3770743.40568470209837 ], [ 694835.849724279600196, 3770728.974027001764625 ], [ 694806.55330729985144, 3770737.860997934360057 ], [ 694792.121649599517696, 3770764.86073045572266 ], [ 694801.008620531880297, 3770794.157147435471416 ], [ 694828.008353053242899, 3770808.58880513580516 ], [ 694857.304770032991655, 3770799.701834203209728 ], [ 694871.736427733325399, 3770772.702101681847125 ], [ 694862.849456800962798, 3770743.40568470209837 ] ] ], [ [ [ 695098.044219796312973, 3767431.936411777045578 ], [ 695072.589048184803687, 3767414.927809881512076 ], [ 695042.562625983380713, 3767420.900436605792493 ], [ 695025.554024088080041, 3767446.355608216952533 ], [ 695031.526650812011212, 3767476.382030418608338 ], [ 695056.981822423520498, 3767493.39063231414184 ], [ 695087.008244624943472, 3767487.418005589861423 ], [ 695104.016846520244144, 3767461.962833978701383 ], [ 695098.044219796312973, 3767431.936411777045578 ] ] ], [ [ [ 695258.741866714437492, 3767848.085568675305694 ], [ 695231.742134193074889, 3767833.65391097497195 ], [ 695202.445717213326134, 3767842.540881907567382 ], [ 695188.01405951299239, 3767869.540614428929985 ], [ 695196.901030445354991, 3767898.83703140867874 ], [ 695223.900762966717593, 3767913.268689109012485 ], [ 695253.197179946466349, 3767904.381718176417053 ], [ 695267.628837646800093, 3767877.38198565505445 ], [ 695258.741866714437492, 3767848.085568675305694 ] ] ], [ [ [ 695016.875110239372589, 3767879.398489014711231 ], [ 694989.875377718009986, 3767864.966831314377487 ], [ 694937.108041270519607, 3767874.561260754708201 ], [ 694917.686297314357944, 3767898.226724238134921 ], [ 694920.687060169642791, 3767928.693980801384896 ], [ 694952.043225130415522, 3767949.645500395447016 ], [ 695004.810561577905901, 3767940.051070955116302 ], [ 695025.186103320913389, 3767912.577833262272179 ], [ 695016.875110239372589, 3767879.398489014711231 ] ] ], [ [ [ 695406.814129871432669, 3768238.37153879320249 ], [ 695379.814397350070067, 3768223.939881092868745 ], [ 695350.517980370321311, 3768232.826852025464177 ], [ 695336.086322669987567, 3768259.82658454682678 ], [ 695344.973293602350168, 3768289.123001526575536 ], [ 695371.973026123712771, 3768303.55465922690928 ], [ 695401.269443103461526, 3768294.667688294313848 ], [ 695415.701100803795271, 3768267.667955772951245 ], [ 695406.814129871432669, 3768238.37153879320249 ] ] ], [ [ [ 695163.144154118257575, 3768248.770521062426269 ], [ 695136.144421596894972, 3768234.338863362092525 ], [ 695086.440745248808526, 3768240.735920564737171 ], [ 695064.792901242966764, 3768262.383764570578933 ], [ 695064.792901242966764, 3768292.998439160175622 ], [ 695093.944469662732445, 3768316.922513081692159 ], [ 695147.531073278281838, 3768311.101433729752898 ], [ 695171.455147199798375, 3768281.949865309987217 ], [ 695163.144154118257575, 3768248.770521062426269 ] ] ], [ [ [ 695198.7795937001938, 3768611.011950610205531 ], [ 695169.441494821221568, 3768628.596530356444418 ], [ 695165.745098012965173, 3768666.126676972024143 ], [ 695191.088892223197035, 3768689.096953106578439 ], [ 695233.263159595895559, 3768689.535250768996775 ], [ 695254.91100360173732, 3768667.887406763155013 ], [ 695254.91100360173732, 3768637.272732173558325 ], [ 695233.263159595895559, 3768615.624888167716563 ], [ 695198.7795937001938, 3768611.011950610205531 ] ] ], [ [ [ 695181.589321006438695, 3768985.747832573950291 ], [ 695163.287197298835963, 3768992.296437148936093 ], [ 695148.554825319210067, 3769010.247884346172214 ], [ 695146.278595403535292, 3769033.358834521844983 ], [ 695157.225735372165218, 3769053.839492888655514 ], [ 695188.802138159750029, 3769067.987149584572762 ], [ 695226.996339169912972, 3769071.571530720219016 ], [ 695259.201296030543745, 3769060.048412900883704 ], [ 695270.91702478309162, 3769031.764141653198749 ], [ 695259.201296030543745, 3769003.479870405513793 ], [ 695223.751053827116266, 3768988.92852870374918 ], [ 695181.589321006438695, 3768985.747832573950291 ] ] ], [ [ [ 695322.252432275563478, 3769771.727227781433612 ], [ 695295.252699754200876, 3769757.295570081099868 ], [ 695265.95628277445212, 3769766.1825410136953 ], [ 695251.524625074118376, 3769793.182273535057902 ], [ 695260.411596006480977, 3769822.478690514806658 ], [ 695287.41132852784358, 3769836.910348215140402 ], [ 695316.707745507592335, 3769828.023377282544971 ], [ 695331.13940320792608, 3769801.023644761182368 ], [ 695322.252432275563478, 3769771.727227781433612 ] ] ], [ [ [ 695210.429598876275122, 3770146.492998034227639 ], [ 695183.429866354912519, 3770132.061340333893895 ], [ 695154.133449375163764, 3770140.948311266489327 ], [ 695139.701791674830019, 3770167.94804378785193 ], [ 695148.588762607192621, 3770197.244460767600685 ], [ 695175.588495128555223, 3770211.67611846793443 ], [ 695204.884912108303979, 3770202.789147535338998 ], [ 695219.316569808637723, 3770175.789415013976395 ], [ 695210.429598876275122, 3770146.492998034227639 ] ] ] ] } },
{ "type": "Feature", "properties": { "depth_bin": "220-225" }, "geometry": { "type": "MultiPolygon", "coordinates": [ [ [ [ 690099.728656986844726, 3765828.559918323066086 ], [ 690074.27348537533544, 3765811.551316427532583 ], [ 690044.247063173912466, 3765817.523943151813 ], [ 690027.238461278611794, 3765842.97911476297304 ], [ 690033.211088002542965, 3765873.005536964628845 ], [ 690058.666259614052251, 3765890.014138860162348 ], [ 690088.692681815475225, 3765884.041512135881931 ], [ 690105.701283710775897, 3765858.586340524721891 ], [ 690099.728656986844726, 3765828.559918323066086 ] ] ], [ [ [ 690095.726446837536059, 3765916.785114185418934 ], [ 690068.726714316173457, 3765902.353456485085189 ], [ 690039.430297336424701, 3765911.240427417680621 ], [ 690024.998639636090957, 3765938.240159939043224 ], [ 690033.885610568453558, 3765967.53657691879198 ], [ 690060.885343089816161, 3765981.968234619125724 ], [ 690090.181760069564916, 3765973.081263686530292 ], [ 690104.61341776989866, 3765946.081531165167689 ], [ 690095.726446837536059, 3765916.785114185418934 ] ] ], [ [ [ 689774.614245675737038, 3765994.978082617744803 ], [ 689747.614513154374436, 3765980.546424917411059 ], [ 689718.31809617462568, 3765989.433395850006491 ], [ 689703.886438474291936, 3766016.433128371369094 ], [ 689712.773409406654537, 3766045.729545351117849 ], [ 689739.773141928017139, 3766060.161203051451594 ], [ 689769.069558907765895, 3766051.274232118856162 ], [ 689783.501216608099639, 3766024.274499597493559 ], [ 689774.614245675737038, 3765994.978082617744803 ] ] ], [ [ [ 690746.422940691350959, 3766026.230669327545911 ], [ 690720.967769079841673, 3766009.222067432012409 ], [ 690690.941346878418699, 3766015.194694156292826 ], [ 690673.932744983118027, 3766040.649865767452866 ], [ 690679.905371707049198, 3766070.676287969108671 ], [ 690705.360543318558484, 3766087.684889864642173 ], [ 690735.386965519981459, 3766081.712263140361756 ], [ 690752.39556741528213, 3766056.257091529201716 ], [ 690746.422940691350959, 3766026.230669327545911 ] ] ], [ [ [ 690089.60078383947257, 3766084.396198890637606 ], [ 690062.601051318109967, 3766069.964541190303862 ], [ 690033.304634338361211, 3766078.851512122899294 ], [ 690018.872976638027467, 3766105.851244644261897 ], [ 690027.759947570390068, 3766135.147661624010652 ], [ 690054.759680091752671, 3766149.579319324344397 ], [ 690084.056097071501426, 3766140.692348391748965 ], [ 690098.487754771835171, 3766113.692615870386362 ], [ 690089.60078383947257, 3766084.396198890637606 ] ] ], [ [ [ 689770.530887531000189, 3766086.646732308436185 ], [ 689743.531155009637587, 3766072.215074608102441 ], [ 689714.234738029888831, 3766081.102045540697873 ], [ 689699.803080329555087, 3766108.101778062060475 ], [ 689708.690051261917688, 3766137.398195041809231 ], [ 689735.689783783280291, 3766151.829852742142975 ], [ 689764.986200763029046, 3766142.942881809547544 ], [ 689779.417858463362791, 3766115.943149288184941 ], [ 689770.530887531000189, 3766086.646732308436185 ] ] ], [ [ [ 690388.709628053125925, 3766659.906918662134558 ], [ 690370.758180855540559, 3766645.174546682275832 ], [ 690347.64723068033345, 3766642.898316766601056 ], [ 690327.16657231352292, 3766653.845456735230982 ], [ 690317.173230131738819, 3766670.51834089262411 ], [ 690314.66424186527729, 3766781.454712076112628 ], [ 690325.611381833907217, 3766801.935370442923158 ], [ 690342.284265991183929, 3766811.928712624590844 ], [ 690372.751522554433905, 3766808.927949768956751 ], [ 690392.173266510595568, 3766785.262486285530031 ], [ 690396.005719893029891, 3766697.463373207487166 ], [ 690388.709628053125925, 3766659.906918662134558 ] ] ], [ [ [ 690702.922291787341237, 3766661.817941060755402 ], [ 690672.001873652799986, 3766647.193672427441925 ], [ 690641.081455518258736, 3766661.817941060755402 ], [ 690632.270274171605706, 3766706.34421408129856 ], [ 690646.701931871939451, 3766733.343946602661163 ], [ 690675.998348851688206, 3766742.230917535256594 ], [ 690702.998081373050809, 3766727.79925983492285 ], [ 690712.077663238509558, 3766702.423528468236327 ], [ 690702.922291787341237, 3766661.817941060755402 ] ] ], [ [ [ 691348.382384554599412, 3766672.033212225418538 ], [ 691317.461966420058161, 3766657.408943592105061 ], [ 691286.54154828551691, 3766672.033212225418538 ], [ 691275.70781802746933, 3766716.476336901076138 ], [ 691290.139475727803074, 3766743.476069422438741 ], [ 691319.43589270755183, 3766752.363040355034173 ], [ 691346.435625228914432, 3766737.931382654700428 ], [ 691357.461966420058161, 3766697.408943592105061 ], [ 691348.382384554599412, 3766672.033212225418538 ] ] ], [ [ [ 691019.496574945631437, 3766676.310874897055328 ], [ 690984.655471197911538, 3766661.879217196721584 ], [ 690955.317372318939306, 3766679.463796942960471 ], [ 690950.61477071698755, 3766724.879170637112111 ], [ 690967.623372612288222, 3766750.334342248272151 ], [ 690997.649794813711196, 3766756.306968972552568 ], [ 691023.104966425220482, 3766739.298367077019066 ], [ 691029.653570999973454, 3766713.154872143175453 ], [ 691019.496574945631437, 3766676.310874897055328 ] ] ], [ [ [ 689783.792680050828494, 3766806.041006796993315 ], [ 689765.841232853243127, 3766791.308634817134589 ], [ 689742.730282678036019, 3766789.032404901459813 ], [ 689722.249624311225489, 3766799.97954487008974 ], [ 689711.302484342595562, 3766820.46020323690027 ], [ 689713.3767693847185, 3766957.976963434834033 ], [ 689724.323909353348427, 3766978.457621801644564 ], [ 689744.804567720158957, 3766989.40476177027449 ], [ 689774.830989921581931, 3766983.432135045994073 ], [ 689791.839591816882603, 3766957.976963434834033 ], [ 689790.341284625581466, 3766824.343130504712462 ], [ 689783.792680050828494, 3766806.041006796993315 ] ] ], [ [ [ 691378.609767233603634, 3766215.792084456421435 ], [ 691351.610034712241031, 3766201.360426756087691 ], [ 691322.313617732492276, 3766210.247397688683122 ], [ 691307.881960032158531, 3766237.247130210045725 ], [ 691316.768930964521132, 3766266.543547189794481 ], [ 691343.768663485883735, 3766280.975204890128225 ], [ 691373.065080465632491, 3766272.088233957532793 ], [ 691387.496738165966235, 3766245.088501436170191 ], [ 691378.609767233603634, 3766215.792084456421435 ] ] ], [ [ [ 692359.018092617043294, 3766250.563087039627135 ], [ 692332.018360095680691, 3766236.131429339293391 ], [ 692302.721943115931936, 3766245.018400271888822 ], [ 692288.290285415598191, 3766272.018132793251425 ], [ 692297.177256347960792, 3766301.314549773000181 ], [ 692324.176988869323395, 3766315.746207473333925 ], [ 692353.473405849072151, 3766306.859236540738493 ], [ 692367.905063549405895, 3766279.85950401937589 ], [ 692359.018092617043294, 3766250.563087039627135 ] ] ], [ [ [ 693032.37117082986515, 3766326.498492150567472 ], [ 693006.915999218355864, 3766309.48989025503397 ], [ 692976.88957701693289, 3766315.462516979314387 ], [ 692959.880975121632218, 3766340.917688590474427 ], [ 692965.853601845563389, 3766370.944110792130232 ], [ 692991.308773457072675, 3766387.952712687663734 ], [ 693021.33519565849565, 3766381.980085963383317 ], [ 693038.343797553796321, 3766356.524914352223277 ], [ 693032.37117082986515, 3766326.498492150567472 ] ] ], [ [ [ 691988.546329858363606, 3766688.062620526179671 ], [ 691953.705226110643707, 3766673.630962825845927 ], [ 691922.349061149870977, 3766694.582482419908047 ], [ 691916.00540592847392, 3766751.730157732497901 ], [ 691936.380947671481408, 3766779.203395425342023 ], [ 691966.848204234731384, 3766782.204158280976117 ], [ 691990.513667718507349, 3766762.782414324581623 ], [ 691997.625911723822355, 3766713.438351892866194 ], [ 691988.546329858363606, 3766688.062620526179671 ] ] ], [ [ [ 691655.618623094982468, 3766710.612745892256498 ], [ 691628.618890573619865, 3766696.181088191922754 ], [ 691599.322473593871109, 3766705.068059124518186 ], [ 691584.890815893537365, 3766732.067791645880789 ], [ 691593.777786825899966, 3766761.364208625629544 ], [ 691620.777519347262569, 3766775.795866325963289 ], [ 691650.073936327011324, 3766766.908895393367857 ], [ 691664.505594027345069, 3766739.909162872005254 ], [ 691655.618623094982468, 3766710.612745892256498 ] ] ], [ [ [ 692944.782613655203022, 3766714.309124631807208 ], [ 692919.327442043693736, 3766697.300522736273706 ], [ 692889.301019842270762, 3766703.273149460554123 ], [ 692872.29241794697009, 3766728.728321071714163 ], [ 692878.265044670901261, 3766758.754743273369968 ], [ 692903.720216282410547, 3766775.76334516890347 ], [ 692933.746638483833522, 3766769.790718444623053 ], [ 692950.755240379134193, 3766744.335546833463013 ], [ 692944.782613655203022, 3766714.309124631807208 ] ] ], [ [ [ 693548.112817854736932, 3766845.58987682685256 ], [ 693521.113085333374329, 3766831.158219126518816 ], [ 693491.816668353625573, 3766840.045190059114248 ], [ 693477.385010653291829, 3766867.04492258047685 ], [ 693486.27198158565443, 3766896.341339560225606 ], [ 693513.271714107017033, 3766910.77299726055935 ], [ 693542.568131086765788, 3766901.886026327963918 ], [ 693556.999788787099533, 3766874.886293806601316 ], [ 693548.112817854736932, 3766845.58987682685256 ] ] ], [ [ [ 693856.49364017683547, 3766929.341436622198671 ], [ 693829.493907655472867, 3766914.909778921864927 ], [ 693800.197490675724111, 3766923.796749854460359 ], [ 693785.765832975390367, 3766950.796482375822961 ], [ 693794.652803907752968, 3766980.092899355571717 ], [ 693821.652536429115571, 3766994.524557055905461 ], [ 693850.948953408864327, 3766985.63758612331003 ], [ 693865.380611109198071, 3766958.637853601947427 ], [ 693856.49364017683547, 3766929.341436622198671 ] ] ], [ [ [ 694081.697257031570189, 3768290.239197343587875 ], [ 694054.697524510207586, 3768275.807539643254131 ], [ 694025.40110753045883, 3768284.694510575849563 ], [ 694010.969449830125086, 3768311.694243097212166 ], [ 694019.856420762487687, 3768340.990660076960921 ], [ 694046.85615328385029, 3768355.422317777294666 ], [ 694076.152570263599046, 3768346.535346844699234 ], [ 694090.58422796393279, 3768319.535614323336631 ], [ 694081.697257031570189, 3768290.239197343587875 ] ] ], [ [ [ 694030.524641226511449, 3768576.261002633720636 ], [ 694003.524908705148846, 3768561.829344933386892 ], [ 693974.22849172540009, 3768570.716315865982324 ], [ 693959.796834025066346, 3768597.716048387344927 ], [ 693968.683804957428947, 3768627.012465367093682 ], [ 693995.68353747879155, 3768641.444123067427427 ], [ 694024.979954458540305, 3768632.557152134831995 ], [ 694039.41161215887405, 3768605.557419613469392 ], [ 694030.524641226511449, 3768576.261002633720636 ] ] ], [ [ [ 694152.441886178334244, 3768582.436298398766667 ], [ 694125.442153656971641, 3768568.004640698432922 ], [ 694096.145736677222885, 3768576.891611631028354 ], [ 694081.714078976889141, 3768603.891344152390957 ], [ 694090.601049909251742, 3768633.187761132139713 ], [ 694117.600782430614345, 3768647.619418832473457 ], [ 694146.8971994103631, 3768638.732447899878025 ], [ 694161.328857110696845, 3768611.732715378515422 ], [ 694152.441886178334244, 3768582.436298398766667 ] ] ], [ [ [ 694175.249882936012, 3769173.92225784342736 ], [ 694149.106388002051972, 3769180.470862418413162 ], [ 694134.374016022426076, 3769198.422309615649283 ], [ 694132.0977861067513, 3769221.533259791322052 ], [ 694143.044926075381227, 3769242.013918158132583 ], [ 694170.27791135571897, 3769257.444762711413205 ], [ 694211.509315306320786, 3769266.560612200759351 ], [ 694242.856117484043352, 3769263.470283911097795 ], [ 694259.529001641320065, 3769253.476941729430109 ], [ 694271.24473039386794, 3769225.192670481745154 ], [ 694259.529001641320065, 3769196.908399234060198 ], [ 694242.856117484043352, 3769186.915057052392513 ], [ 694175.249882936012, 3769173.92225784342736 ] ] ], [ [ [ 694174.183589425403625, 3769484.77604224672541 ], [ 694153.702931058593094, 3769495.723182215355337 ], [ 694143.709588876808994, 3769512.396066372748464 ], [ 694142.755791089963168, 3769531.811066343914717 ], [ 694153.702931058593094, 3769552.291724710725248 ], [ 694222.132711334037594, 3769575.947225742973387 ], [ 694254.337668194668368, 3769564.424107923638076 ], [ 694266.053396947216243, 3769536.13983667595312 ], [ 694254.337668194668368, 3769507.855565428268164 ], [ 694208.449477266403846, 3769489.209021570160985 ], [ 694174.183589425403625, 3769484.77604224672541 ] ] ], [ [ [ 694067.74592816492077, 3769762.790436550043523 ], [ 694031.65804403682705, 3769773.73757651867345 ], [ 694020.134926217375323, 3769805.942533379420638 ], [ 694037.719505963497795, 3769835.28063225839287 ], [ 694078.132363543147221, 3769847.022206552792341 ], [ 694105.132096064509824, 3769832.590548852458596 ], [ 694114.019066996872425, 3769803.294131872709841 ], [ 694099.587409296538681, 3769776.294399351347238 ], [ 694067.74592816492077, 3769762.790436550043523 ] ] ], [ [ [ 693821.279581287060864, 3770015.176099749747664 ], [ 693794.279848765698262, 3770000.744442049413919 ], [ 693764.983431785949506, 3770009.631412982009351 ], [ 693750.551774085615762, 3770036.631145503371954 ], [ 693759.438745017978363, 3770065.92756248312071 ], [ 693786.438477539340965, 3770080.359220183454454 ], [ 693815.734894519089721, 3770071.472249250859022 ], [ 693830.166552219423465, 3770044.472516729496419 ], [ 693821.279581287060864, 3770015.176099749747664 ] ] ], [ [ [ 693574.645715386606753, 3770256.048159636557102 ], [ 693539.804611638886854, 3770270.479817336890846 ], [ 693530.917640706524253, 3770291.934863090515137 ], [ 693533.769848473020829, 3770311.162885998375714 ], [ 693548.502220452646725, 3770329.114333195611835 ], [ 693583.519107544794679, 3770344.536189790349454 ], [ 693614.133782133925706, 3770344.536189790349454 ], [ 693635.781626139767468, 3770322.888345784507692 ], [ 693635.781626139767468, 3770292.273671194911003 ], [ 693617.682314312434755, 3770272.3041579159908 ], [ 693574.645715386606753, 3770256.048159636557102 ] ] ], [ [ [ 693291.578220813302323, 3770489.760945844929665 ], [ 693268.467270638095215, 3770487.484715929254889 ], [ 693245.350465384195559, 3770501.340395778883249 ], [ 693236.463494451832958, 3770522.795441532507539 ], [ 693243.012099026585929, 3770548.938936466351151 ], [ 693257.415014045662247, 3770561.992977719288319 ], [ 693285.073363858857192, 3770565.697335088159889 ], [ 693320.972191612818278, 3770587.142326738219708 ], [ 693354.806388023775071, 3770582.123497800901532 ], [ 693371.814989919075742, 3770556.668326189741492 ], [ 693365.842363195144571, 3770526.641903988085687 ], [ 693351.439448176068254, 3770513.587862735148519 ], [ 693309.534942986327223, 3770504.502118589822203 ], [ 693291.578220813302323, 3770489.760945844929665 ] ] ], [ [ [ 694514.068089874112047, 3767228.522479260805994 ], [ 694479.226986126392148, 3767214.09082156047225 ], [ 694420.012823251076043, 3767241.339261631015688 ], [ 694391.947328512906097, 3767272.562567149754614 ], [ 694396.966157449991442, 3767306.396763560827821 ], [ 694414.917604647576809, 3767321.129135540686548 ], [ 694434.145627555320971, 3767323.981343307066709 ], [ 694493.512693246244453, 3767297.0692318379879 ], [ 694521.425285168807022, 3767265.509597717784345 ], [ 694514.068089874112047, 3767228.522479260805994 ] ] ], [ [ [ 694682.754652915522456, 3767529.810928172431886 ], [ 694666.333671814645641, 3767546.231909273192286 ], [ 694661.803133321693167, 3767569.008464359212667 ], [ 694670.690104254055768, 3767590.463510112836957 ], [ 694686.303185094031505, 3767602.04296004679054 ], [ 694716.917859683162533, 3767602.04296004679054 ], [ 694751.699822343420237, 3767585.049093252513558 ], [ 694766.432194323046133, 3767567.097646055277437 ], [ 694766.432194323046133, 3767536.482971465680748 ], [ 694744.784350317204371, 3767514.835127459838986 ], [ 694721.673400141997263, 3767512.558897544164211 ], [ 694682.754652915522456, 3767529.810928172431886 ] ] ], [ [ [ 694325.774633572087623, 3768892.199131683446467 ], [ 694306.465602527721785, 3768905.101013746112585 ], [ 694297.578631595359184, 3768926.556059499736875 ], [ 694300.43083936185576, 3768945.784082407597452 ], [ 694315.163211341481656, 3768963.735529604833573 ], [ 694398.019814884173684, 3768976.847739355172962 ], [ 694431.278599376324564, 3768959.070548675954342 ], [ 694437.251226100255735, 3768929.044126474298537 ], [ 694420.242624204955064, 3768903.588954863138497 ], [ 694325.774633572087623, 3768892.199131683446467 ] ] ], [ [ [ 694396.03579676838126, 3769215.791867952328175 ], [ 694368.967970665660687, 3769217.61442601447925 ], [ 694352.295086508383974, 3769227.607768196146935 ], [ 694341.347946539754048, 3769248.088426562957466 ], [ 694342.301744326599874, 3769267.503426534123719 ], [ 694365.272020461270586, 3769292.847220744471997 ], [ 694422.504016847349703, 3769297.551798738073558 ], [ 694446.169480331125669, 3769278.130054781679064 ], [ 694449.170243186410517, 3769247.662798218429089 ], [ 694433.115439077955671, 3769226.015400816686451 ], [ 694396.03579676838126, 3769215.791867952328175 ] ] ], [ [ [ 694662.060900849523023, 3769604.455821793526411 ], [ 694632.909332429757342, 3769628.379895715042949 ], [ 694630.057124663260765, 3769647.607918622903526 ], [ 694638.944095595623367, 3769669.062964376527816 ], [ 694654.557176435599104, 3769680.642414310481399 ], [ 694695.594418337917887, 3769690.543129598256201 ], [ 694724.890835317666642, 3769681.656158665660769 ], [ 694739.322493018000387, 3769654.656426144298166 ], [ 694730.435522085637785, 3769625.36000916454941 ], [ 694711.126491041271947, 3769612.458127101883292 ], [ 694662.060900849523023, 3769604.455821793526411 ] ] ], [ [ [ 694619.713438707287423, 3769943.454932055436075 ], [ 694587.50848184665665, 3769954.978049874771386 ], [ 694576.561341878026724, 3769991.065934003330767 ], [ 694593.569943773327395, 3770016.521105614490807 ], [ 694637.180985893355682, 3770029.977158715948462 ], [ 694662.636157504864968, 3770012.96855682041496 ], [ 694668.608784228796139, 3769982.942134618759155 ], [ 694654.753104379284196, 3769959.825329365208745 ], [ 694619.713438707287423, 3769943.454932055436075 ] ] ], [ [ [ 694516.086020582355559, 3770265.705384199041873 ], [ 694485.165602447814308, 3770280.32965283235535 ], [ 694477.808407153119333, 3770317.316771289333701 ], [ 694497.230151109280996, 3770340.982234772760421 ], [ 694541.789264400722459, 3770350.141106586903334 ], [ 694565.454727884498425, 3770330.71936263050884 ], [ 694568.455490739783272, 3770300.252106067258865 ], [ 694552.400686631328426, 3770278.604708665516227 ], [ 694516.086020582355559, 3770265.705384199041873 ] ] ], [ [ [ 694347.253111064899713, 3770545.280671536456794 ], [ 694313.994326572748832, 3770563.057862215675414 ], [ 694307.445721997995861, 3770581.359985923394561 ], [ 694311.976260490948334, 3770604.136541009414941 ], [ 694325.030301744118333, 3770618.539456028491259 ], [ 694363.518683835980482, 3770635.823723166249692 ], [ 694393.985940399230458, 3770632.822960310615599 ], [ 694413.407684355392121, 3770609.157496827188879 ], [ 694410.406921500107273, 3770578.690240263938904 ], [ 694393.985940399230458, 3770562.269259163178504 ], [ 694347.253111064899713, 3770545.280671536456794 ] ] ], [ [ [ 694974.16241321596317, 3767889.714071985799819 ], [ 694944.824314336990938, 3767872.129492239560932 ], [ 694895.1639369931072, 3767878.033829323481768 ], [ 694873.516092987265438, 3767899.68167332932353 ], [ 694873.516092987265438, 3767930.296347918920219 ], [ 694902.667661407031119, 3767954.220421840436757 ], [ 694956.210966018377803, 3767948.892062607221305 ], [ 694979.181242153048515, 3767923.548268396873027 ], [ 694974.16241321596317, 3767889.714071985799819 ] ] ], [ [ [ 695119.699444094556384, 3768253.706246313173324 ], [ 695094.244272483047098, 3768236.697644417639822 ], [ 695052.349645488895476, 3768241.502355839125812 ], [ 695032.927901532733813, 3768265.167819322552532 ], [ 695035.92866438801866, 3768295.635075885802507 ], [ 695063.401902081328444, 3768316.010617629159242 ], [ 695105.296529075480066, 3768311.205906207673252 ], [ 695125.672070818487555, 3768283.732668514829129 ], [ 695119.699444094556384, 3768253.706246313173324 ] ] ], [ [ [ 695164.476683546206914, 3768610.535897904075682 ], [ 695133.989877381478436, 3768610.646822909358889 ], [ 695113.509219014667906, 3768621.593962877988815 ], [ 695101.986101195216179, 3768645.957548512611538 ], [ 695106.516639688168652, 3768668.734103598631918 ], [ 695133.989877381478436, 3768689.109645341988653 ], [ 695206.340760726830922, 3768685.370348988566548 ], [ 695225.762504682992585, 3768661.704885505139828 ], [ 695222.761741827707738, 3768631.237628941889852 ], [ 695199.096278343931772, 3768611.815884985495359 ], [ 695164.476683546206914, 3768610.535897904075682 ] ] ], [ [ [ 695201.467805917491205, 3768997.59390650363639 ], [ 695178.351000663591549, 3768983.738226654008031 ], [ 695136.274360278039239, 3768987.922062024939805 ], [ 695116.852616321877576, 3769011.587525508366525 ], [ 695119.853379177162424, 3769042.054782071616501 ], [ 695147.326616870472208, 3769062.430323814973235 ], [ 695189.403257256024517, 3769058.246488444041461 ], [ 695209.778798999032006, 3769030.773250751197338 ], [ 695201.467805917491205, 3768997.59390650363639 ] ] ], [ [ [ 695488.59578966954723, 3769035.541433544363827 ], [ 695461.596057148184627, 3769021.109775844030082 ], [ 695432.299640168435872, 3769029.996746776625514 ], [ 695417.867982468102127, 3769056.996479297988117 ], [ 695426.754953400464728, 3769086.292896277736872 ], [ 695453.754685921827331, 3769100.724553978070617 ], [ 695483.051102901576087, 3769091.837583045475185 ], [ 695497.482760601909831, 3769064.837850524112582 ], [ 695488.59578966954723, 3769035.541433544363827 ] ] ], [ [ [ 694837.226018937537447, 3769303.827055793255568 ], [ 694807.199596736114472, 3769297.854429068975151 ], [ 694781.744425124605186, 3769314.863030964508653 ], [ 694775.771798400674015, 3769344.889453166164458 ], [ 694792.780400295974687, 3769370.344624777324498 ], [ 694818.923895229934715, 3769376.8932293523103 ], [ 694840.463994504068978, 3769367.929170401766896 ], [ 694863.44263575761579, 3769386.205020694993436 ], [ 694935.048346450086683, 3769398.718587966170162 ], [ 694957.271155770868063, 3769391.977372458204627 ], [ 694970.325197024038061, 3769377.574457439128309 ], [ 694973.325959879322909, 3769347.107200875878334 ], [ 694953.904215923161246, 3769323.441737392451614 ], [ 694878.97470846096985, 3769308.120018198620528 ], [ 694849.593237960478291, 3769317.084077149163932 ], [ 694837.226018937537447, 3769303.827055793255568 ] ] ], [ [ [ 695414.340632390929386, 3769422.993757332209498 ], [ 695387.340899869566783, 3769408.562099631875753 ], [ 695358.044482889818028, 3769417.449070564471185 ], [ 695343.612825189484283, 3769444.448803085833788 ], [ 695352.499796121846884, 3769473.745220065582544 ], [ 695379.499528643209487, 3769488.176877765916288 ], [ 695408.795945622958243, 3769479.289906833320856 ], [ 695423.227603323291987, 3769452.290174311958253 ], [ 695414.340632390929386, 3769422.993757332209498 ] ] ], [ [ [ 694793.075867399922572, 3769629.649396016262472 ], [ 694773.84784449217841, 3769632.501603782642633 ], [ 694755.896397294593044, 3769647.233975762501359 ], [ 694749.347792719840072, 3769665.536099470220506 ], [ 694753.878331212792546, 3769688.312654556240886 ], [ 694770.299312313669361, 3769704.733635657001287 ], [ 694806.050521611818112, 3769719.241600292734802 ], [ 694836.517778175068088, 3769716.240837437100708 ], [ 694855.939522131229751, 3769692.575373953673989 ], [ 694852.938759275944903, 3769662.108117390424013 ], [ 694836.517778175068088, 3769645.687136289663613 ], [ 694793.075867399922572, 3769629.649396016262472 ] ] ], [ [ [ 695337.462026803405024, 3769773.73077115835622 ], [ 695310.462294282042421, 3769759.299113458022475 ], [ 695281.165877302293666, 3769768.186084390617907 ], [ 695266.734219601959921, 3769795.18581691198051 ], [ 695275.621190534322523, 3769824.482233891729265 ], [ 695302.620923055685125, 3769838.91389159206301 ], [ 695331.917340035433881, 3769830.026920659467578 ], [ 695346.348997735767625, 3769803.027188138104975 ], [ 695337.462026803405024, 3769773.73077115835622 ] ] ], [ [ [ 695062.202384795178659, 3770469.373431420419365 ], [ 695035.202652273816057, 3770454.941773720085621 ], [ 695005.906235294067301, 3770463.828744652681053 ], [ 694991.474577593733557, 3770490.828477174043655 ], [ 695000.361548526096158, 3770520.124894153792411 ], [ 695027.36128104745876, 3770534.556551854126155 ], [ 695056.657698027207516, 3770525.669580921530724 ], [ 695071.08935572754126, 3770498.669848400168121 ], [ 695062.202384795178659, 3770469.373431420419365 ] ] ] ] } },
{ "type": "Feature", "properties": { "depth_bin": "225-230" }, "geometry": { "type": "MultiPolygon", "coordinates": [ [ [ [ 690423.370207936153747, 3765834.633221582975239 ], [ 690388.529104188433848, 3765820.201563882641494 ], [ 690357.172939227661118, 3765841.153083476703614 ], [ 690350.604970665997826, 3765882.923522742465138 ], [ 690362.3111059400253, 3765912.872285754419863 ], [ 690376.714020959101617, 3765925.926327007357031 ], [ 690407.181277522351593, 3765928.927089862991124 ], [ 690430.846741006127559, 3765909.505345906596631 ], [ 690435.377279499080032, 3765886.728790820576251 ], [ 690423.370207936153747, 3765834.633221582975239 ] ] ], [ [ [ 690093.216372829279862, 3765932.026782270520926 ], [ 690066.21664030791726, 3765917.595124570187181 ], [ 690036.920223328168504, 3765926.482095502782613 ], [ 690022.48856562783476, 3765953.481828024145216 ], [ 690031.375536560197361, 3765982.778245003893971 ], [ 690058.375269081559964, 3765997.209902704227716 ], [ 690087.671686061308719, 3765988.322931771632284 ], [ 690102.103343761642464, 3765961.323199250269681 ], [ 690093.216372829279862, 3765932.026782270520926 ] ] ], [ [ [ 690741.780066574807279, 3766007.600856040604413 ], [ 690714.780334053444676, 3765993.169198340270668 ], [ 690685.48391707369592, 3766002.0561692728661 ], [ 690671.052259373362176, 3766029.055901794228703 ], [ 690679.939230305724777, 3766058.352318773977458 ], [ 690706.93896282708738, 3766072.783976474311203 ], [ 690736.235379806836136, 3766063.897005541715771 ], [ 690750.66703750716988, 3766036.897273020353168 ], [ 690741.780066574807279, 3766007.600856040604413 ] ] ], [ [ [ 691699.449719286407344, 3766224.961502211168408 ], [ 691672.449986765044741, 3766210.529844510834664 ], [ 691643.153569785295986, 3766219.416815443430096 ], [ 691628.721912084962241, 3766246.416547964792699 ], [ 691637.608883017324843, 3766275.712964944541454 ], [ 691664.608615538687445, 3766290.144622644875199 ], [ 691693.905032518436201, 3766281.257651712279767 ], [ 691708.336690218769945, 3766254.257919190917164 ], [ 691699.449719286407344, 3766224.961502211168408 ] ] ], [ [ [ 692301.822278249193914, 3766658.139570414554328 ], [ 692274.822545727831312, 3766643.707912714220583 ], [ 692245.526128748082556, 3766652.594883646816015 ], [ 692231.094471047748812, 3766679.594616168178618 ], [ 692239.981441980111413, 3766708.891033147927374 ], [ 692266.981174501474015, 3766723.322690848261118 ], [ 692296.277591481222771, 3766714.435719915665686 ], [ 692310.709249181556515, 3766687.435987394303083 ], [ 692301.822278249193914, 3766658.139570414554328 ] ] ], [ [ [ 692621.996228714473546, 3766669.605853029061109 ], [ 692593.711957467021421, 3766657.890124276746064 ], [ 692565.427686219569296, 3766669.605853029061109 ], [ 692553.711957467021421, 3766697.890124276746064 ], [ 692565.427686219569296, 3766726.17439552443102 ], [ 692593.711957467021421, 3766737.890124276746064 ], [ 692621.996228714473546, 3766726.17439552443102 ], [ 692633.711957467021421, 3766697.890124276746064 ], [ 692621.996228714473546, 3766669.605853029061109 ] ] ], [ [ [ 690698.859346252866089, 3766689.4438362615183 ], [ 690662.77146212477237, 3766678.496696292888373 ], [ 690642.290803757961839, 3766689.4438362615183 ], [ 690632.297461576177739, 3766706.116720418911427 ], [ 690623.020974688930437, 3766827.980699991807342 ], [ 690631.907945621293038, 3766849.435745745431632 ], [ 690651.216976665658876, 3766862.33762780809775 ], [ 690681.684233228908852, 3766859.336864952463657 ], [ 690701.105977185070515, 3766835.671401469036937 ], [ 690710.575075005413964, 3766717.728107509203255 ], [ 690698.859346252866089, 3766689.4438362615183 ] ] ], [ [ [ 691347.130128315649927, 3766702.541702288202941 ], [ 691316.209710181108676, 3766687.917433654889464 ], [ 691285.289292046567425, 3766702.541702288202941 ], [ 691273.231063880957663, 3766742.997639895416796 ], [ 691287.855332514387555, 3766773.918058029841632 ], [ 691317.151749494136311, 3766782.805028962437063 ], [ 691344.151482015498914, 3766768.373371262103319 ], [ 691356.209710181108676, 3766727.917433654889464 ], [ 691347.130128315649927, 3766702.541702288202941 ] ] ], [ [ [ 691017.683037822600454, 3766706.710142290685326 ], [ 690986.762619688059203, 3766692.085873657371849 ], [ 690955.842201553517953, 3766706.710142290685326 ], [ 690943.870526242651977, 3766747.119484979659319 ], [ 690958.494794876081869, 3766778.039903114084154 ], [ 690987.791211855830625, 3766786.926874046679586 ], [ 691014.790944377193227, 3766772.495216346345842 ], [ 691026.762619688059203, 3766732.085873657371849 ], [ 691017.683037822600454, 3766706.710142290685326 ] ] ], [ [ [ 691654.612154790549539, 3766725.954649413470179 ], [ 691627.612422269186936, 3766711.522991713136435 ], [ 691598.316005289438181, 3766720.409962645731866 ], [ 691583.884347589104436, 3766747.409695167094469 ], [ 691592.771318521467037, 3766776.706112146843225 ], [ 691619.77105104282964, 3766791.137769847176969 ], [ 691649.067468022578396, 3766782.250798914581537 ], [ 691663.49912572291214, 3766755.251066393218935 ], [ 691654.612154790549539, 3766725.954649413470179 ] ] ], [ [ [ 692936.422023869468831, 3766723.048989586532116 ], [ 692908.137752622016706, 3766711.333260834217072 ], [ 692879.853481374564581, 3766723.048989586532116 ], [ 692868.137752622016706, 3766751.333260834217072 ], [ 692879.853481374564581, 3766779.617532081902027 ], [ 692908.137752622016706, 3766791.333260834217072 ], [ 692936.422023869468831, 3766779.617532081902027 ], [ 692948.137752622016706, 3766751.333260834217072 ], [ 692936.422023869468831, 3766723.048989586532116 ] ] ], [ [ [ 690385.202845835243352, 3766763.510196128860116 ], [ 690369.589764995267615, 3766751.930746194906533 ], [ 690346.478814820060506, 3766749.654516279231757 ], [ 690317.327246400294825, 3766773.578590200748295 ], [ 690306.155038231401704, 3766853.494942803867161 ], [ 690315.042009163764305, 3766874.949988557491452 ], [ 690330.655090003740042, 3766886.529438491445035 ], [ 690361.26976459287107, 3766886.529438491445035 ], [ 690382.917608598712832, 3766864.881594485603273 ], [ 690394.282427700702101, 3766788.885927495546639 ], [ 690385.202845835243352, 3766763.510196128860116 ] ] ], [ [ [ 690070.303211577585898, 3766812.891959881875664 ], [ 690034.215327449492179, 3766801.944819913245738 ], [ 690006.742089756182395, 3766822.320361656602472 ], [ 689995.868644776870497, 3766875.314069883897901 ], [ 690016.820164370699786, 3766906.670234844554216 ], [ 690047.287420933949761, 3766909.670997700188309 ], [ 690070.952884417725727, 3766890.249253743793815 ], [ 690082.018940330133773, 3766841.17623112956062 ], [ 690070.303211577585898, 3766812.891959881875664 ] ] ], [ [ [ 689778.450085251708515, 3766891.342437291983515 ], [ 689750.16581400425639, 3766879.626708539668471 ], [ 689721.881542756804265, 3766891.342437291983515 ], [ 689710.16581400425639, 3766919.626708539668471 ], [ 689721.881542756804265, 3766947.910979787353426 ], [ 689750.16581400425639, 3766959.626708539668471 ], [ 689778.450085251708515, 3766947.910979787353426 ], [ 689790.16581400425639, 3766919.626708539668471 ], [ 689778.450085251708515, 3766891.342437291983515 ] ] ], [ [ [ 692537.953077118494548, 3767185.332629578188062 ], [ 692501.865192990400828, 3767174.385489609558135 ], [ 692474.391955297091044, 3767194.76103135291487 ], [ 692473.609765256405808, 3767240.959333328530192 ], [ 692493.031509212567471, 3767264.624796811956912 ], [ 692523.498765775817446, 3767267.625559667591006 ], [ 692547.164229259593412, 3767248.203815711196512 ], [ 692549.476194937946275, 3767209.696215212810785 ], [ 692537.953077118494548, 3767185.332629578188062 ] ] ], [ [ [ 692794.733277421677485, 3767446.253852410241961 ], [ 692759.892173673957586, 3767431.822194709908217 ], [ 692730.554074794985354, 3767449.406774456147105 ], [ 692720.311911582248285, 3767505.8917659628205 ], [ 692737.896491328370757, 3767535.229864841792732 ], [ 692767.922913529793732, 3767541.202491566073149 ], [ 692793.378085141303018, 3767524.193889670539647 ], [ 692803.812859287136234, 3767471.629583776928484 ], [ 692794.733277421677485, 3767446.253852410241961 ] ] ], [ [ [ 692934.058731246041134, 3767706.115457317326218 ], [ 692933.104933459195308, 3767725.530457288492471 ], [ 692944.052073427825235, 3767746.011115655303001 ], [ 692964.532731794635765, 3767756.958255623932928 ], [ 692987.643681969842874, 3767754.682025708258152 ], [ 693009.291525975684635, 3767733.03418170241639 ], [ 693020.921147643122822, 3767696.461585548240691 ], [ 693018.644917727448046, 3767673.350635372567922 ], [ 692996.997073721606284, 3767651.70279136672616 ], [ 692966.382399132475257, 3767651.70279136672616 ], [ 692946.412885853089392, 3767669.802103194408119 ], [ 692934.058731246041134, 3767706.115457317326218 ] ] ], [ [ [ 693025.221372080384754, 3766337.966419233940542 ], [ 692998.221639559022151, 3766323.534761533606797 ], [ 692968.925222579273395, 3766332.421732466202229 ], [ 692954.493564878939651, 3766359.421464987564832 ], [ 692963.380535811302252, 3766388.717881967313588 ], [ 692990.380268332664855, 3766403.149539667647332 ], [ 693019.676685312413611, 3766394.2625687350519 ], [ 693034.108343012747355, 3766367.262836213689297 ], [ 693025.221372080384754, 3766337.966419233940542 ] ] ], [ [ [ 693337.304935912135988, 3766442.136691586580127 ], [ 693310.305203390773386, 3766427.705033886246383 ], [ 693281.00878641102463, 3766436.592004818841815 ], [ 693266.577128710690886, 3766463.591737340204418 ], [ 693275.464099643053487, 3766492.888154319953173 ], [ 693302.46383216441609, 3766507.319812020286918 ], [ 693331.760249144164845, 3766498.432841087691486 ], [ 693346.19190684449859, 3766471.433108566328883 ], [ 693337.304935912135988, 3766442.136691586580127 ] ] ], [ [ [ 693668.848665705998428, 3766532.76327739469707 ], [ 693641.848933184635825, 3766518.331619694363326 ], [ 693612.55251620488707, 3766527.218590626958758 ], [ 693598.120858504553325, 3766554.21832314832136 ], [ 693607.007829436915927, 3766583.514740128070116 ], [ 693634.007561958278529, 3766597.94639782840386 ], [ 693663.303978938027285, 3766589.059426895808429 ], [ 693677.735636638361029, 3766562.059694374445826 ], [ 693668.848665705998428, 3766532.76327739469707 ] ] ], [ [ [ 694008.266981361201033, 3766647.590233708266169 ], [ 693981.26724883983843, 3766633.158576007932425 ], [ 693951.970831860089675, 3766642.045546940527856 ], [ 693937.53917415975593, 3766669.045279461890459 ], [ 693946.426145092118531, 3766698.341696441639215 ], [ 693973.425877613481134, 3766712.773354141972959 ], [ 694002.72229459322989, 3766703.886383209377527 ], [ 694017.153952293563634, 3766676.886650688014925 ], [ 694008.266981361201033, 3766647.590233708266169 ] ] ], [ [ [ 693241.879339600214735, 3766795.189471874851733 ], [ 693214.879607078852132, 3766780.757814174517989 ], [ 693185.583190099103376, 3766789.644785107113421 ], [ 693171.151532398769632, 3766816.644517628476024 ], [ 693180.038503331132233, 3766845.940934608224779 ], [ 693207.038235852494836, 3766860.372592308558524 ], [ 693236.334652832243592, 3766851.485621375963092 ], [ 693250.766310532577336, 3766824.485888854600489 ], [ 693241.879339600214735, 3766795.189471874851733 ] ] ], [ [ [ 693539.552042811294086, 3766858.637254307977855 ], [ 693512.552310289931484, 3766844.205596607644111 ], [ 693480.347353429300711, 3766855.728714426979423 ], [ 693461.198721026419662, 3766893.520893223118037 ], [ 693472.721838845871389, 3766925.725850083865225 ], [ 693501.006110093323514, 3766937.44157883618027 ], [ 693529.290381340775639, 3766925.725850083865225 ], [ 693547.863035892834887, 3766891.816598555538803 ], [ 693539.552042811294086, 3766858.637254307977855 ] ] ], [ [ [ 693846.163165037985891, 3766939.695051204878837 ], [ 693813.958208177355118, 3766928.171933385543525 ], [ 693786.958475655992515, 3766942.60359108587727 ], [ 693769.844163347734138, 3766980.967295280657709 ], [ 693784.468431981164031, 3767011.887713415082544 ], [ 693813.764848960912786, 3767020.774684347677976 ], [ 693840.764581482275389, 3767006.343026647344232 ], [ 693857.686282857437618, 3766971.900008065626025 ], [ 693846.163165037985891, 3766939.695051204878837 ] ] ], [ [ [ 694050.824699191492982, 3768278.109564015176147 ], [ 694001.154811838525347, 3768275.287272615358233 ], [ 693979.699766085133888, 3768284.174243547953665 ], [ 693965.268108384800144, 3768311.173976069316268 ], [ 693974.155079317162745, 3768340.470393049065024 ], [ 693989.768160157138482, 3768352.049842983018607 ], [ 694016.419022165355273, 3768355.976777755189687 ], [ 694161.397275564377196, 3768351.949183511082083 ], [ 694182.852321317768656, 3768343.062212578486651 ], [ 694195.754203380434774, 3768323.753181534353644 ], [ 694192.753440525149927, 3768293.285924971103668 ], [ 694169.087977041373961, 3768273.864181014709175 ], [ 694050.824699191492982, 3768278.109564015176147 ] ] ], [ [ [ 693853.18793688446749, 3768297.569152073469013 ], [ 693826.188204363104887, 3768283.137494373135269 ], [ 693734.669978320365772, 3768291.727863540872931 ], [ 693711.004514836589806, 3768311.149607497267425 ], [ 693708.003751981304958, 3768341.616864060517401 ], [ 693717.997094163089059, 3768358.289748217910528 ], [ 693738.47775252989959, 3768369.236888186540455 ], [ 693833.878905840101652, 3768361.222496869508177 ], [ 693860.545132179162465, 3768334.556270530447364 ], [ 693853.18793688446749, 3768297.569152073469013 ] ] ], [ [ [ 693954.013363491278142, 3768562.382864099461585 ], [ 693930.089289569761604, 3768591.534432519227266 ], [ 693938.400282651302405, 3768624.713776766788214 ], [ 693954.013363491278142, 3768636.293226700741798 ], [ 693980.487490159459412, 3768640.67907561454922 ], [ 694009.783907139208168, 3768631.792104681953788 ], [ 694024.215564839541912, 3768604.792372160591185 ], [ 694015.328593907179311, 3768575.495955180842429 ], [ 693992.211788653279655, 3768561.64027533121407 ], [ 693954.013363491278142, 3768562.382864099461585 ] ] ], [ [ [ 693927.935110196471214, 3769724.263350310269743 ], [ 693902.559378829901107, 3769733.342932175844908 ], [ 693888.703698980389163, 3769756.459737429395318 ], [ 693890.979928896063939, 3769779.570687605068088 ], [ 693909.079240723396651, 3769799.540200883988291 ], [ 694032.910268562263809, 3769838.092242722399533 ], [ 694056.471945471130311, 3769837.970981386955827 ], [ 694092.499983391491696, 3769855.484635290689766 ], [ 694115.610933566698804, 3769853.208405375014991 ], [ 694135.580446846084669, 3769835.109093547333032 ], [ 694138.581209701369517, 3769804.641836984083056 ], [ 694119.159465745207854, 3769780.976373500656337 ], [ 694076.23584861040581, 3769775.509179378394037 ], [ 694056.133042742614634, 3769761.537015863694251 ], [ 693927.935110196471214, 3769724.263350310269743 ] ] ], [ [ [ 693705.370002365089022, 3769977.297568658832461 ], [ 693678.370269843726419, 3769962.865910958498716 ], [ 693649.073852863977663, 3769971.752881891094148 ], [ 693634.642195163643919, 3769998.752614412456751 ], [ 693643.52916609600652, 3770028.049031392205507 ], [ 693670.528898617369123, 3770042.480689092539251 ], [ 693699.825315597117878, 3770033.593718159943819 ], [ 693714.256973297451623, 3770006.593985638581216 ], [ 693705.370002365089022, 3769977.297568658832461 ] ] ], [ [ [ 693808.575638574664481, 3770005.977830607444048 ], [ 693776.370681714033708, 3770017.50094842677936 ], [ 693765.423541745403782, 3770053.58883255533874 ], [ 693782.432143640704453, 3770079.04400416649878 ], [ 693825.904918875196017, 3770092.773938870057464 ], [ 693851.360090486705303, 3770075.765336974523962 ], [ 693857.332717210636474, 3770045.738914772868156 ], [ 693843.47703736112453, 3770022.622109519317746 ], [ 693808.575638574664481, 3770005.977830607444048 ] ] ], [ [ [ 693483.769403625745326, 3770226.938317304477096 ], [ 693455.485132378293201, 3770215.222588552162051 ], [ 693427.200861130841076, 3770226.938317304477096 ], [ 693415.485132378293201, 3770255.222588552162051 ], [ 693427.200861130841076, 3770283.506859799847007 ], [ 693455.485132378293201, 3770295.222588552162051 ], [ 693483.769403625745326, 3770283.506859799847007 ], [ 693495.485132378293201, 3770255.222588552162051 ], [ 693483.769403625745326, 3770226.938317304477096 ] ] ], [ [ [ 693609.531395225203596, 3770272.399569434579462 ], [ 693591.229271517600864, 3770278.948174009565264 ], [ 693576.496899537974969, 3770296.899621206801385 ], [ 693580.193296346231364, 3770334.429767822381109 ], [ 693629.675256257294677, 3770362.85255043162033 ], [ 693663.50945266825147, 3770357.833721494302154 ], [ 693680.518054563552141, 3770332.378549883142114 ], [ 693674.54542783962097, 3770302.352127681486309 ], [ 693643.029858944471925, 3770280.286240578163415 ], [ 693609.531395225203596, 3770272.399569434579462 ] ] ], [ [ [ 693333.687568226945587, 3770520.063490291126072 ], [ 693308.343774016713724, 3770543.033766425680369 ], [ 693312.040170824970119, 3770580.563913041260093 ], [ 693352.260437864111736, 3770601.87888316437602 ], [ 693382.286860065534711, 3770595.906256440095603 ], [ 693399.295461960835382, 3770570.451084828935564 ], [ 693393.322835236904211, 3770540.424662627279758 ], [ 693371.675437834928744, 3770524.369858518708497 ], [ 693333.687568226945587, 3770520.063490291126072 ] ] ], [ [ [ 694143.386995279346593, 3767018.348459678236395 ], [ 694116.38726275798399, 3767003.916801977902651 ], [ 694084.182305897353217, 3767015.439919797237962 ], [ 694032.665195472771302, 3767071.9756172709167 ], [ 694030.388965557096526, 3767095.08656744658947 ], [ 694041.336105525726452, 3767115.5672258134 ], [ 694061.816763892536983, 3767126.514365782029927 ], [ 694081.23176386335399, 3767125.560567995067686 ], [ 694132.135077734943479, 3767084.82274899771437 ], [ 694151.697988360887393, 3767051.527803925797343 ], [ 694143.386995279346593, 3767018.348459678236395 ] ] ], [ [ [ 694447.650989915244281, 3767266.103326142765582 ], [ 694416.730571780703031, 3767251.479057509452105 ], [ 694378.633438657852821, 3767268.975543912034482 ], [ 694364.201780957519077, 3767295.975276433397084 ], [ 694373.088751889881678, 3767325.27169341314584 ], [ 694404.009170024422929, 3767339.895962046459317 ], [ 694442.106303147273138, 3767322.39947564387694 ], [ 694456.537960847606882, 3767295.399743122514337 ], [ 694447.650989915244281, 3767266.103326142765582 ] ] ], [ [ [ 694182.75626056722831, 3768584.369940015953034 ], [ 694155.756528045865707, 3768569.93828231561929 ], [ 694126.460111066116951, 3768578.825253248214722 ], [ 694112.028453365783207, 3768605.824985769577324 ], [ 694120.915424298145808, 3768635.12140274932608 ], [ 694147.915156819508411, 3768649.553060449659824 ], [ 694177.211573799257167, 3768640.666089517064393 ], [ 694191.643231499590911, 3768613.66635699570179 ], [ 694182.75626056722831, 3768584.369940015953034 ] ] ], [ [ [ 694216.637500927434303, 3768889.554005307611078 ], [ 694189.6377684060717, 3768875.122347607277334 ], [ 694160.341351426322944, 3768884.009318539872766 ], [ 694145.9096937259892, 3768911.009051061235368 ], [ 694154.796664658351801, 3768940.305468040984124 ], [ 694181.796397179714404, 3768954.737125741317868 ], [ 694211.09281415946316, 3768945.850154808722436 ], [ 694225.524471859796904, 3768918.850422287359834 ], [ 694216.637500927434303, 3768889.554005307611078 ] ] ], [ [ [ 694295.51723414089065, 3768888.265129189006984 ], [ 694276.289211233146489, 3768891.117336955387145 ], [ 694258.337764035561122, 3768905.849708935245872 ], [ 694251.596548527712002, 3768928.072518256027251 ], [ 694258.337764035561122, 3768950.295327576808631 ], [ 694287.675862914533354, 3768967.879907323047519 ], [ 694344.421512838453054, 3768962.638238503597677 ], [ 694361.430114733753726, 3768937.183066892437637 ], [ 694355.457488009822555, 3768907.156644690781832 ], [ 694333.810090607847087, 3768891.101840582210571 ], [ 694295.51723414089065, 3768888.265129189006984 ] ] ], [ [ [ 694397.650918813771568, 3768903.053737245500088 ], [ 694373.726844892255031, 3768932.205305665265769 ], [ 694382.037837973795831, 3768965.384649912826717 ], [ 694409.037570495158434, 3768979.816307613160461 ], [ 694435.993491809815168, 3768980.161902386229485 ], [ 694453.565610295743681, 3768971.850909304339439 ], [ 694467.997267996077426, 3768944.851176782976836 ], [ 694459.110297063714825, 3768915.55475980322808 ], [ 694435.993491809815168, 3768901.699079953599721 ], [ 694397.650918813771568, 3768903.053737245500088 ] ] ], [ [ [ 694150.224787122337148, 3769163.532528180629015 ], [ 694111.411939735524356, 3769166.667956859339029 ], [ 694091.442426456138492, 3769184.767268687020987 ], [ 694088.441663600853644, 3769215.234525250270963 ], [ 694107.863407557015307, 3769238.899988733697683 ], [ 694160.69194463652093, 3769248.882422284688801 ], [ 694192.04810959729366, 3769227.930902690626681 ], [ 694196.578648090246134, 3769205.154347604606301 ], [ 694190.030043515493162, 3769186.852223896887153 ], [ 694150.224787122337148, 3769163.532528180629015 ] ] ], [ [ [ 694456.491862420458347, 3769238.361047278624028 ], [ 694429.492129899095744, 3769223.929389578290284 ], [ 694400.195712919346988, 3769232.816360510885715 ], [ 694385.764055219013244, 3769259.816093032248318 ], [ 694394.651026151375845, 3769289.112510011997074 ], [ 694421.650758672738448, 3769303.544167712330818 ], [ 694450.947175652487203, 3769294.657196779735386 ], [ 694465.378833352820948, 3769267.657464258372784 ], [ 694456.491862420458347, 3769238.361047278624028 ] ] ], [ [ [ 694148.91563726158347, 3769475.182592572644353 ], [ 694124.552051627309993, 3769486.705710391979665 ], [ 694113.604911658680066, 3769507.186368758790195 ], [ 694115.881141574354842, 3769530.297318934462965 ], [ 694130.613513553980738, 3769548.248766131699085 ], [ 694171.11857878707815, 3769560.084260464180261 ], [ 694200.178947307169437, 3769542.874156756792217 ], [ 694211.88271951477509, 3769570.91504694102332 ], [ 694236.246305149048567, 3769582.438164760358632 ], [ 694255.474328056792729, 3769579.585956993978471 ], [ 694273.425775254378095, 3769564.853585014119744 ], [ 694279.398401978309266, 3769534.827162812463939 ], [ 694262.389800083008595, 3769509.371991201303899 ], [ 694232.36337788158562, 3769503.399364477023482 ], [ 694207.185936628957279, 3769520.033490333706141 ], [ 694192.573624540469609, 3769489.356453262735158 ], [ 694148.91563726158347, 3769475.182592572644353 ] ] ], [ [ [ 694611.554194261785597, 3769585.62156561948359 ], [ 694589.331384941004217, 3769592.362781127449125 ], [ 694574.599012961378321, 3769610.314228324685246 ], [ 694571.746805194881745, 3769629.542251232545823 ], [ 694580.633776127244346, 3769650.997296986170113 ], [ 694647.352436559041962, 3769678.656523137819022 ], [ 694680.531780806253664, 3769670.345530055928975 ], [ 694694.963438506587408, 3769643.345797534566373 ], [ 694686.076467574224807, 3769614.049380554817617 ], [ 694670.46338673424907, 3769602.469930620864034 ], [ 694611.554194261785597, 3769585.62156561948359 ] ] ], [ [ [ 694578.329322474543005, 3769936.86925681727007 ], [ 694549.177754054777324, 3769960.793330738786608 ], [ 694550.856084781233221, 3769994.9565375065431 ], [ 694574.521548265009187, 3770014.378281462937593 ], [ 694600.771818754961714, 3770019.992047237232327 ], [ 694619.627688228036277, 3770015.268897810950875 ], [ 694639.04943218419794, 3769991.603434327524155 ], [ 694636.048669328913093, 3769961.13617776427418 ], [ 694616.079156049527228, 3769943.036865936592221 ], [ 694578.329322474543005, 3769936.86925681727007 ] ] ], [ [ [ 694479.127696791896597, 3770257.72155751241371 ], [ 694449.976128372130916, 3770281.645631433930248 ], [ 694451.654459098586813, 3770315.80883820168674 ], [ 694475.319922582362778, 3770335.230582158081234 ], [ 694501.793552157003433, 3770340.810582099016756 ], [ 694520.649421630077995, 3770336.087432672735304 ], [ 694540.071165586239658, 3770312.421969189308584 ], [ 694537.070402730954811, 3770281.954712626058608 ], [ 694517.100889451568946, 3770263.85540079837665 ], [ 694479.127696791896597, 3770257.72155751241371 ] ] ], [ [ [ 694361.344261676771566, 3770551.100945307407528 ], [ 694333.059990429319441, 3770539.385216555092484 ], [ 694304.775719181867316, 3770551.100945307407528 ], [ 694293.059990429319441, 3770579.385216555092484 ], [ 694304.775719181867316, 3770607.669487802777439 ], [ 694333.059990429319441, 3770619.385216555092484 ], [ 694361.344261676771566, 3770607.669487802777439 ], [ 694373.059990429319441, 3770579.385216555092484 ], [ 694361.344261676771566, 3770551.100945307407528 ] ] ], [ [ [ 695108.743252418586053, 3767422.051810693927109 ], [ 695081.74351989722345, 3767407.620152993593365 ], [ 695052.447102917474695, 3767416.507123926188797 ], [ 695038.01544521714095, 3767443.506856447551399 ], [ 695046.902416149503551, 3767472.803273427300155 ], [ 695073.902148670866154, 3767487.234931127633899 ], [ 695103.19856565061491, 3767478.347960195038468 ], [ 695117.630223350948654, 3767451.348227673675865 ], [ 695108.743252418586053, 3767422.051810693927109 ] ] ], [ [ [ 694718.490532945841551, 3767545.618624668568373 ], [ 694691.490800424478948, 3767531.186966968234628 ], [ 694650.206232040422037, 3767540.359786365646869 ], [ 694633.197630145121366, 3767565.814957976806909 ], [ 694639.170256869052537, 3767595.841380178462714 ], [ 694668.508355748024769, 3767613.425959924701601 ], [ 694709.79292413208168, 3767604.253140527289361 ], [ 694727.377503878204152, 3767574.915041648317128 ], [ 694718.490532945841551, 3767545.618624668568373 ] ] ], [ [ [ 694926.365075433976017, 3767892.524070321582258 ], [ 694899.365342912613414, 3767878.092412621248513 ], [ 694861.488684177165851, 3767884.729785478208214 ], [ 694842.066940221004188, 3767908.395248961634934 ], [ 694845.067703076289035, 3767938.862505524884909 ], [ 694872.540940769598819, 3767959.238047268241644 ], [ 694914.300526772509329, 3767953.176652261987329 ], [ 694934.676068515516818, 3767925.703414569143206 ], [ 694926.365075433976017, 3767892.524070321582258 ] ] ], [ [ [ 695086.889435038086958, 3768251.607014742214233 ], [ 695059.889702516724356, 3768237.175357041880488 ], [ 695010.259891709545627, 3768241.671626141294837 ], [ 694988.612047703703865, 3768263.319470147136599 ], [ 694988.612047703703865, 3768293.934144736733288 ], [ 695017.763616123469546, 3768317.858218658249825 ], [ 695071.276354198111221, 3768313.937927409540862 ], [ 695095.200428119627759, 3768284.786358989775181 ], [ 695086.889435038086958, 3768251.607014742214233 ] ] ], [ [ [ 695080.951496702618897, 3768606.221858780365437 ], [ 695058.728687381837517, 3768612.963074288330972 ], [ 695043.996315402211621, 3768630.914521485567093 ], [ 695041.720085486536846, 3768654.025471661239862 ], [ 695052.667225455166772, 3768674.506130028050393 ], [ 695069.340109612443484, 3768684.499472209718078 ], [ 695111.26854540372733, 3768689.698541225865483 ], [ 695138.110342014348134, 3768688.010291958693415 ], [ 695154.783226171624847, 3768678.016949777025729 ], [ 695166.498954924172722, 3768649.732678529340774 ], [ 695154.783226171624847, 3768621.448407281655818 ], [ 695134.302567804814316, 3768610.501267313025892 ], [ 695080.951496702618897, 3768606.221858780365437 ] ] ], [ [ [ 695492.366719592479058, 3768641.714108887128532 ], [ 695465.366987071116455, 3768627.282451186794788 ], [ 695436.070570091367699, 3768636.169422119390219 ], [ 695421.638912391033955, 3768663.169154640752822 ], [ 695430.525883323396556, 3768692.465571620501578 ], [ 695457.525615844759159, 3768706.897229320835322 ], [ 695486.822032824507914, 3768698.01025838823989 ], [ 695501.253690524841659, 3768671.010525866877288 ], [ 695492.366719592479058, 3768641.714108887128532 ] ] ], [ [ [ 695030.211726626497693, 3768968.351183960214257 ], [ 695005.848140992224216, 3768979.874301779549569 ], [ 694994.90100102359429, 3769000.354960146360099 ], [ 694997.177230939269066, 3769023.465910322032869 ], [ 695015.276542766601779, 3769043.435423600953072 ], [ 695139.660123433102854, 3769064.872224040329456 ], [ 695161.882932753884234, 3769058.131008532363921 ], [ 695174.936974007054232, 3769043.728093513287604 ], [ 695177.937736862339079, 3769013.260836950037628 ], [ 695158.515992906177416, 3768989.595373466610909 ], [ 695117.762686774134636, 3768976.548115237616003 ], [ 695030.211726626497693, 3768968.351183960214257 ] ] ], [ [ [ 694717.405106111429632, 3769280.376767839305103 ], [ 694696.924447744619101, 3769291.323907807935029 ], [ 694685.401329925167374, 3769315.687493442557752 ], [ 694691.949934499920346, 3769341.830988376401365 ], [ 694709.901381697505713, 3769356.563360356260091 ], [ 694859.696080259629525, 3769386.822626102715731 ], [ 694881.918889580410905, 3769380.081410594750196 ], [ 694896.651261560036801, 3769362.129963397514075 ], [ 694896.651261560036801, 3769331.515288807917386 ], [ 694875.003417554195039, 3769309.867444802075624 ], [ 694763.447473106440157, 3769283.649359782692045 ], [ 694717.405106111429632, 3769280.376767839305103 ] ] ], [ [ [ 695222.047982534044422, 3770149.234501253347844 ], [ 695193.763711286592297, 3770137.518772501032799 ], [ 695165.479440039140172, 3770149.234501253347844 ], [ 695153.763711286592297, 3770177.518772501032799 ], [ 695165.479440039140172, 3770205.803043748717755 ], [ 695193.763711286592297, 3770217.518772501032799 ], [ 695222.047982534044422, 3770205.803043748717755 ], [ 695233.763711286592297, 3770177.518772501032799 ], [ 695222.047982534044422, 3770149.234501253347844 ] ] ], [ [ [ 695076.813703163876198, 3770473.73985046800226 ], [ 695049.813970642513596, 3770459.308192767668515 ], [ 695020.51755366276484, 3770468.195163700263947 ], [ 695006.085895962431096, 3770495.19489622162655 ], [ 695014.972866894793697, 3770524.491313201375306 ], [ 695041.972599416156299, 3770538.92297090170905 ], [ 695071.269016395905055, 3770530.035999969113618 ], [ 695085.700674096238799, 3770503.036267447751015 ], [ 695076.813703163876198, 3770473.73985046800226 ] ] ], [ [ [ 695090.698609348968603, 3770571.323012370616198 ], [ 695071.389578304602765, 3770558.421130307950079 ], [ 695048.166804124251939, 3770558.421130307950079 ], [ 695018.872772506671026, 3770576.952726741321385 ], [ 695007.9256325380411, 3770597.433385108131915 ], [ 695013.898259261972271, 3770627.45980730978772 ], [ 695037.502031704410911, 3770644.004657855257392 ], [ 695042.213540260330774, 3770678.697757192887366 ], [ 695067.66871187184006, 3770695.706359088420868 ], [ 695097.695134073263034, 3770689.733732364140451 ], [ 695114.703735968563706, 3770664.278560752980411 ], [ 695110.749175326433033, 3770637.619078399147838 ], [ 695092.122334837447852, 3770620.15480350703001 ], [ 695099.778191214427352, 3770596.698743737302721 ], [ 695090.698609348968603, 3770571.323012370616198 ] ] ], [ [ [ 694873.842072339146398, 3770747.338423756882548 ], [ 694845.557801091694273, 3770735.622695004567504 ], [ 694817.273529844242148, 3770747.338423756882548 ], [ 694805.557801091694273, 3770775.622695004567504 ], [ 694817.273529844242148, 3770803.90696625225246 ], [ 694845.557801091694273, 3770815.622695004567504 ], [ 694873.842072339146398, 3770803.90696625225246 ], [ 694885.557801091694273, 3770775.622695004567504 ], [ 694873.842072339146398, 3770747.338423756882548 ] ] ] ] } },
{ "type": "Feature", "properties": { "depth_bin": "230-235" }, "geometry": { "type": "MultiPolygon", "coordinates": [ [ [ [ 689766.017274157493375, 3765778.896732206456363 ], [ 689745.536615790682845, 3765767.949592237826437 ], [ 689726.121615819865838, 3765768.903390024788678 ], [ 689709.448731662589125, 3765778.896732206456363 ], [ 689698.501591693959199, 3765799.377390573266894 ], [ 689697.561602332978509, 3765952.092096194624901 ], [ 689708.508742301608436, 3765972.572754561435431 ], [ 689728.989400668418966, 3765983.519894530065358 ], [ 689759.015822869841941, 3765977.547267805784941 ], [ 689776.024424765142612, 3765952.092096194624901 ], [ 689779.074990435387008, 3765818.445752311497927 ], [ 689766.017274157493375, 3765778.896732206456363 ] ] ], [ [ [ 690421.141369252465665, 3765877.427854925394058 ], [ 690388.936412391834892, 3765865.904737106058747 ], [ 690359.59831351286266, 3765883.489316852297634 ], [ 690352.322291830321774, 3765924.914845436345786 ], [ 690369.906871576444246, 3765954.252944315318018 ], [ 690399.93329377786722, 3765960.225571039598435 ], [ 690425.388465389376506, 3765943.216969144064933 ], [ 690432.664487071917392, 3765901.791440560016781 ], [ 690421.141369252465665, 3765877.427854925394058 ] ] ], [ [ [ 690090.310829209513031, 3765944.375562054570764 ], [ 690054.222945081419311, 3765933.428422085940838 ], [ 690025.07137666165363, 3765957.352496007457376 ], [ 690024.371452792664059, 3766014.68806079775095 ], [ 690047.341728927334771, 3766040.031855008099228 ], [ 690077.956403516465798, 3766040.031855008099228 ], [ 690099.60424752230756, 3766018.384011002257466 ], [ 690101.833947028964758, 3765968.739147689193487 ], [ 690090.310829209513031, 3765944.375562054570764 ] ] ], [ [ [ 690414.527787102153525, 3765984.057528242468834 ], [ 690386.2435158547014, 3765972.34179949015379 ], [ 690357.959244607249275, 3765984.057528242468834 ], [ 690346.2435158547014, 3766012.34179949015379 ], [ 690357.959244607249275, 3766040.626070737838745 ], [ 690386.2435158547014, 3766052.34179949015379 ], [ 690414.527787102153525, 3766040.626070737838745 ], [ 690426.2435158547014, 3766012.34179949015379 ], [ 690414.527787102153525, 3765984.057528242468834 ] ] ], [ [ [ 690739.646153234527446, 3765987.005571930669248 ], [ 690710.349736254778691, 3765978.118600998073816 ], [ 690683.350003733416088, 3765992.550258698407561 ], [ 690674.463032801053487, 3766021.846675678156316 ], [ 690688.894690501387231, 3766048.846408199518919 ], [ 690718.191107481135987, 3766057.733379132114351 ], [ 690745.190840002498589, 3766043.301721431780607 ], [ 690754.077810934861191, 3766014.005304452031851 ], [ 690739.646153234527446, 3765987.005571930669248 ] ] ], [ [ [ 690408.792052093544044, 3766072.741961216554046 ], [ 690379.495635113795288, 3766063.854990283958614 ], [ 690352.495902592432685, 3766078.286647984292358 ], [ 690343.608931660070084, 3766107.583064964041114 ], [ 690358.040589360403828, 3766134.582797485403717 ], [ 690387.337006340152584, 3766143.469768417999148 ], [ 690414.336738861515187, 3766129.038110717665404 ], [ 690423.223709793877788, 3766099.741693737916648 ], [ 690408.792052093544044, 3766072.741961216554046 ] ] ], [ [ [ 691073.179670711630024, 3766096.967312802560627 ], [ 691044.895399464177899, 3766085.251584050245583 ], [ 691016.611128216725774, 3766096.967312802560627 ], [ 691004.895399464177899, 3766125.251584050245583 ], [ 691016.611128216725774, 3766153.535855297930539 ], [ 691044.895399464177899, 3766165.251584050245583 ], [ 691073.179670711630024, 3766153.535855297930539 ], [ 691084.895399464177899, 3766125.251584050245583 ], [ 691073.179670711630024, 3766096.967312802560627 ] ] ], [ [ [ 691377.909330229857005, 3766197.690823420882225 ], [ 691349.62505898240488, 3766185.975094668567181 ], [ 691321.340787734952755, 3766197.690823420882225 ], [ 691309.62505898240488, 3766225.975094668567181 ], [ 691321.340787734952755, 3766254.259365916252136 ], [ 691349.62505898240488, 3766265.975094668567181 ], [ 691377.909330229857005, 3766254.259365916252136 ], [ 691389.62505898240488, 3766225.975094668567181 ], [ 691377.909330229857005, 3766197.690823420882225 ] ] ], [ [ [ 691336.507324856240302, 3766729.61865132022649 ], [ 691300.419440728146583, 3766718.671511351596564 ], [ 691279.938782361336052, 3766729.61865132022649 ], [ 691269.945440179551952, 3766746.291535477619618 ], [ 691269.324656044831499, 3766842.104615309741348 ], [ 691280.271796013461426, 3766862.585273676551878 ], [ 691296.944680170738138, 3766872.578615858219564 ], [ 691327.411936733988114, 3766869.577853002585471 ], [ 691346.833680690149777, 3766845.912389519158751 ], [ 691353.349516841233708, 3766769.620072525925934 ], [ 691336.507324856240302, 3766729.61865132022649 ] ] ], [ [ [ 691011.995792752481066, 3766734.183931506238878 ], [ 690991.515134385670535, 3766723.236791537608951 ], [ 690972.100134414853528, 3766724.190589324571192 ], [ 690955.427250257576816, 3766734.183931506238878 ], [ 690944.480110288946889, 3766754.664589873049408 ], [ 690938.496240235632285, 3766838.46546924719587 ], [ 690949.170569102279842, 3766865.600732783786952 ], [ 690935.770559976692311, 3766880.211012965533882 ], [ 690931.240021483739838, 3766902.987568051554263 ], [ 690942.763139303191565, 3766927.351153686176986 ], [ 690963.243797670002095, 3766938.298293654806912 ], [ 690993.27021987142507, 3766932.325666930526495 ], [ 691010.278821766725741, 3766906.870495319366455 ], [ 691000.373081683996134, 3766871.931618901900947 ], [ 691017.727651451714337, 3766846.269082128070295 ], [ 691023.711521505028941, 3766762.468202753923833 ], [ 691011.995792752481066, 3766734.183931506238878 ] ] ], [ [ [ 691648.801193041726947, 3766738.045001785736531 ], [ 691620.516921794274822, 3766726.329273033421487 ], [ 691592.232650546822697, 3766738.045001785736531 ], [ 691580.516921794274822, 3766766.329273033421487 ], [ 691592.232650546822697, 3766794.613544281106442 ], [ 691620.516921794274822, 3766806.329273033421487 ], [ 691648.801193041726947, 3766794.613544281106442 ], [ 691660.516921794274822, 3766766.329273033421487 ], [ 691648.801193041726947, 3766738.045001785736531 ] ] ], [ [ [ 690691.373705214005895, 3766811.031734768301249 ], [ 690655.285821085912175, 3766800.084594799671322 ], [ 690634.805162719101645, 3766811.031734768301249 ], [ 690624.811820537317544, 3766827.704618925694376 ], [ 690616.80943991872482, 3766923.026251476723701 ], [ 690627.756579887354746, 3766943.506909843534231 ], [ 690644.429464044631459, 3766953.500252025201917 ], [ 690674.896720607881434, 3766950.499489169567823 ], [ 690694.318464564043097, 3766926.834025686141104 ], [ 690703.08943396655377, 3766839.316006015986204 ], [ 690691.373705214005895, 3766811.031734768301249 ] ] ], [ [ [ 690073.35583316301927, 3766858.639561589341611 ], [ 690045.071561915567145, 3766846.923832837026566 ], [ 690016.78729066811502, 3766858.639561589341611 ], [ 690005.071561915567145, 3766886.923832837026566 ], [ 690016.78729066811502, 3766915.208104084711522 ], [ 690045.071561915567145, 3766926.923832837026566 ], [ 690073.35583316301927, 3766915.208104084711522 ], [ 690085.071561915567145, 3766886.923832837026566 ], [ 690073.35583316301927, 3766858.639561589341611 ] ] ], [ [ [ 689783.441517140599899, 3766936.991118538659066 ], [ 689755.157245893147774, 3766925.275389786344022 ], [ 689726.872974645695649, 3766936.991118538659066 ], [ 689715.157245893147774, 3766965.275389786344022 ], [ 689726.872974645695649, 3766993.559661034028977 ], [ 689755.157245893147774, 3767005.275389786344022 ], [ 689783.441517140599899, 3766993.559661034028977 ], [ 689795.157245893147774, 3766965.275389786344022 ], [ 689783.441517140599899, 3766936.991118538659066 ] ] ], [ [ [ 690985.406201357371174, 3766991.895007889252156 ], [ 690949.318317229277454, 3766980.94786792062223 ], [ 690920.166748809511773, 3767004.871941842138767 ], [ 690921.709996563848108, 3767062.70830775052309 ], [ 690944.68027269851882, 3767088.052101960871369 ], [ 690975.294947287649848, 3767088.052101960871369 ], [ 690996.942791293491609, 3767066.404257955029607 ], [ 690996.3533413260011, 3767012.375666256062686 ], [ 690985.406201357371174, 3766991.895007889252156 ] ] ], [ [ [ 691614.129349009832367, 3767086.865167723502964 ], [ 691585.845077762380242, 3767075.149438971187919 ], [ 691557.560806514928117, 3767086.865167723502964 ], [ 691545.845077762380242, 3767115.149438971187919 ], [ 691557.560806514928117, 3767143.433710218872875 ], [ 691585.845077762380242, 3767155.149438971187919 ], [ 691614.129349009832367, 3767143.433710218872875 ], [ 691625.845077762380242, 3767115.149438971187919 ], [ 691614.129349009832367, 3767086.865167723502964 ] ] ], [ [ [ 691878.583589587477036, 3767157.632999960333109 ], [ 691882.040794685599394, 3767187.379414284136146 ], [ 691871.501886565354653, 3767214.365264052059501 ], [ 691876.225035991403274, 3767233.221133525017649 ], [ 691899.89049947517924, 3767252.642877481412143 ], [ 691930.357756038429216, 3767249.642114625778049 ], [ 691950.733297781436704, 3767222.168876932933927 ], [ 691946.979483729926869, 3767195.933837583754212 ], [ 691956.749803066253662, 3767176.751600696705282 ], [ 691963.194750160793774, 3767112.161628107540309 ], [ 691964.620088401017711, 3767054.75996319623664 ], [ 691944.244546658010222, 3767027.286725503392518 ], [ 691913.777290094760247, 3767024.285962647758424 ], [ 691890.111826610984281, 3767043.707706604152918 ], [ 691878.583589587477036, 3767157.632999960333109 ] ] ], [ [ [ 692678.626836327835917, 3766277.293731376063079 ], [ 692646.421879467205144, 3766265.770613556727767 ], [ 692617.083780588232912, 3766283.355193302966654 ], [ 692609.586922516813502, 3766324.826999155804515 ], [ 692627.171502262935974, 3766354.165098034776747 ], [ 692657.197924464358948, 3766360.137724759057164 ], [ 692682.653096075868234, 3766343.129122863523662 ], [ 692690.149954147287644, 3766301.657317010685802 ], [ 692678.626836327835917, 3766277.293731376063079 ] ] ], [ [ [ 692291.150963740772568, 3766667.256266517098993 ], [ 692261.854546761023812, 3766658.369295584503561 ], [ 692234.854814239661209, 3766672.800953284837306 ], [ 692225.967843307298608, 3766702.097370264586061 ], [ 692240.399501007632352, 3766729.097102785948664 ], [ 692269.695917987381108, 3766737.984073718544096 ], [ 692296.695650508743711, 3766723.552416018210351 ], [ 692305.582621441106312, 3766694.255999038461596 ], [ 692291.150963740772568, 3766667.256266517098993 ] ] ], [ [ [ 692615.391343045048416, 3766681.857460030820221 ], [ 692586.09492606529966, 3766672.970489098224789 ], [ 692559.095193543937057, 3766687.402146798558533 ], [ 692550.208222611574456, 3766716.698563778307289 ], [ 692564.6398803119082, 3766743.698296299669892 ], [ 692593.936297291656956, 3766752.585267232265323 ], [ 692620.936029813019559, 3766738.153609531931579 ], [ 692629.82300074538216, 3766708.857192552182823 ], [ 692615.391343045048416, 3766681.857460030820221 ] ] ], [ [ [ 691981.20293884514831, 3766730.76705840183422 ], [ 691952.918667597696185, 3766719.051329649519175 ], [ 691924.63439635024406, 3766730.76705840183422 ], [ 691912.918667597696185, 3766759.051329649519175 ], [ 691924.63439635024406, 3766787.335600897204131 ], [ 691952.918667597696185, 3766799.051329649519175 ], [ 691981.20293884514831, 3766787.335600897204131 ], [ 691992.918667597696185, 3766759.051329649519175 ], [ 691981.20293884514831, 3766730.76705840183422 ] ] ], [ [ [ 692935.4623273529578, 3766738.465461653657258 ], [ 692907.178056105505675, 3766726.749732901342213 ], [ 692878.89378485805355, 3766738.465461653657258 ], [ 692867.178056105505675, 3766766.749732901342213 ], [ 692878.89378485805355, 3766795.034004149027169 ], [ 692907.178056105505675, 3766806.749732901342213 ], [ 692935.4623273529578, 3766795.034004149027169 ], [ 692947.178056105505675, 3766766.749732901342213 ], [ 692935.4623273529578, 3766738.465461653657258 ] ] ], [ [ [ 692238.005388261983171, 3767121.457433139439672 ], [ 692208.708971282234415, 3767112.57046220684424 ], [ 692181.709238760871813, 3767127.002119907177985 ], [ 692172.822267828509212, 3767156.29853688692674 ], [ 692187.253925528842956, 3767183.298269408289343 ], [ 692216.550342508591712, 3767192.185240340884775 ], [ 692243.550075029954314, 3767177.753582640551031 ], [ 692252.437045962316915, 3767148.457165660802275 ], [ 692238.005388261983171, 3767121.457433139439672 ] ] ], [ [ [ 692537.01157756941393, 3767169.741705235093832 ], [ 692500.923693441320211, 3767158.794565266463906 ], [ 692480.44303507450968, 3767169.741705235093832 ], [ 692470.449692892725579, 3767186.41458939248696 ], [ 692475.741546545177698, 3767220.616917016915977 ], [ 692463.053929345682263, 3767250.914592243265361 ], [ 692460.510826713056304, 3767293.19609929760918 ], [ 692469.397797645418905, 3767314.65114505123347 ], [ 692488.706828689784743, 3767327.553027113899589 ], [ 692519.174085253034718, 3767324.552264258265495 ], [ 692538.595829209196381, 3767300.886800774838775 ], [ 692548.038090008078143, 3767244.137158172670752 ], [ 692541.02384978486225, 3767221.546217638533562 ], [ 692548.727306321961805, 3767198.025976482778788 ], [ 692537.01157756941393, 3767169.741705235093832 ] ] ], [ [ [ 692228.338260165881366, 3767230.017026766203344 ], [ 692207.857601799070835, 3767219.069886797573417 ], [ 692188.442601828253828, 3767220.023684584535658 ], [ 692171.769717670977116, 3767230.017026766203344 ], [ 692160.822577702347189, 3767250.497685133013874 ], [ 692128.510754127055407, 3767500.126701875124127 ], [ 692137.590335992514156, 3767525.50243324181065 ], [ 692160.707141246413812, 3767539.358113091439009 ], [ 692193.886485493625514, 3767531.047120009548962 ], [ 692213.220242255600169, 3767493.244507930241525 ], [ 692221.061770212487318, 3767379.108929250389338 ], [ 692239.861377985333093, 3767262.221983626950532 ], [ 692228.338260165881366, 3767230.017026766203344 ] ] ], [ [ [ 692799.426202358561568, 3767413.674888357985765 ], [ 692778.945543991751038, 3767402.727748389355838 ], [ 692755.834593816543929, 3767405.003978305030614 ], [ 692740.221512976568192, 3767416.583428238984197 ], [ 692726.054157030652277, 3767444.550637505017221 ], [ 692733.052623342489824, 3767481.054065921343863 ], [ 692714.247334251878783, 3767504.350040577817708 ], [ 692699.924613609327935, 3767591.11147862765938 ], [ 692709.004195474786684, 3767616.487209994345903 ], [ 692728.313226519152522, 3767629.389092057012022 ], [ 692747.728226489969529, 3767630.342889843974262 ], [ 692768.20888485678006, 3767619.395749875344336 ], [ 692788.134074113913812, 3767573.690411791205406 ], [ 692792.332336748018861, 3767512.040742055047303 ], [ 692783.804094798513688, 3767491.069386342074722 ], [ 692797.590554952039383, 3767478.384833916090429 ], [ 692810.949320178013295, 3767445.879845218732953 ], [ 692799.426202358561568, 3767413.674888357985765 ] ] ], [ [ [ 692463.752884018584155, 3767667.304086432326585 ], [ 692427.664999890490435, 3767656.356946463696659 ], [ 692398.513431470724754, 3767680.281020385213196 ], [ 692390.218487230013125, 3767748.772702927235514 ], [ 692414.142561151529662, 3767777.924271347001195 ], [ 692444.75723574066069, 3767777.924271347001195 ], [ 692466.405079746502452, 3767756.276427341159433 ], [ 692475.46861277113203, 3767695.588357680011541 ], [ 692463.752884018584155, 3767667.304086432326585 ] ] ], [ [ [ 692888.940620258799754, 3767867.627103071659803 ], [ 692890.263052387628704, 3767894.545827456749976 ], [ 692911.910896393470466, 3767916.193671462591738 ], [ 692942.525570982601494, 3767916.193671462591738 ], [ 692962.495084261987358, 3767898.094359634909779 ], [ 693008.718625859124586, 3767740.550049725454301 ], [ 693002.042668762267567, 3767709.575296296272427 ], [ 693017.710602388251573, 3767695.92294580116868 ], [ 693028.004229648271576, 3767666.873156387358904 ], [ 693025.7279997325968, 3767643.762206211686134 ], [ 693007.628687905264087, 3767623.792692932765931 ], [ 692977.161431342014112, 3767620.791930077131838 ], [ 692953.495967858238146, 3767640.213674033526331 ], [ 692944.451817896100692, 3767673.7001364803873 ], [ 692951.89636377687566, 3767696.871277028694749 ], [ 692932.532033342635259, 3767717.439099549781531 ], [ 692888.940620258799754, 3767867.627103071659803 ] ] ], [ [ [ 693023.155152265680954, 3766304.049502494744956 ], [ 692994.870881018228829, 3766292.333773742429912 ], [ 692966.586609770776704, 3766304.049502494744956 ], [ 692954.870881018228829, 3766332.333773742429912 ], [ 692966.586609770776704, 3766360.618044990114868 ], [ 692994.870881018228829, 3766372.333773742429912 ], [ 693023.155152265680954, 3766360.618044990114868 ], [ 693034.870881018228829, 3766332.333773742429912 ], [ 693023.155152265680954, 3766304.049502494744956 ] ] ], [ [ [ 693235.061472793458961, 3766807.070757963694632 ], [ 693202.856515932828188, 3766795.54764014435932 ], [ 693175.856783411465585, 3766809.979297844693065 ], [ 693162.984543905127794, 3766850.075658546760678 ], [ 693177.608812538557686, 3766880.996076681185514 ], [ 693206.905229518306442, 3766889.883047613780946 ], [ 693233.904962039669044, 3766875.451389913447201 ], [ 693246.777201546006836, 3766835.355029211379588 ], [ 693235.061472793458961, 3766807.070757963694632 ] ] ], [ [ [ 693524.240227036294527, 3766883.457936460152268 ], [ 693488.152342908200808, 3766872.510796491522342 ], [ 693460.679105214891024, 3766892.886338234879076 ], [ 693441.349223935161717, 3766955.18887744564563 ], [ 693448.090439443010837, 3766977.41168676642701 ], [ 693462.493354462087154, 3766990.465728019364178 ], [ 693492.96061102533713, 3766993.466490874998271 ], [ 693516.626074509113096, 3766974.044746918603778 ], [ 693535.763344855746254, 3766915.662893320899457 ], [ 693524.240227036294527, 3766883.457936460152268 ] ] ], [ [ [ 693761.746850424446166, 3766985.337845711968839 ], [ 693758.05045361618977, 3767022.867992327548563 ], [ 693787.202022035955451, 3767046.792066249065101 ], [ 693820.381366283167154, 3767038.481073167175055 ], [ 693841.272226935951039, 3767001.770911101251841 ], [ 693835.299600212019868, 3766971.744488899596035 ], [ 693809.844428600510582, 3766954.735887004062533 ], [ 693779.818006399087608, 3766960.70851372834295 ], [ 693761.746850424446166, 3766985.337845711968839 ] ] ], [ [ [ 693188.170714121428318, 3767766.597828306723386 ], [ 693155.965757260797545, 3767755.074710487388074 ], [ 693126.627658381825313, 3767772.659290233626962 ], [ 693109.125464482116513, 3767823.435616299975663 ], [ 693126.902655161335133, 3767856.694400792010128 ], [ 693156.929077362758107, 3767862.667027516290545 ], [ 693182.384248974267393, 3767845.658425620757043 ], [ 693199.693831940880045, 3767798.802785167470574 ], [ 693188.170714121428318, 3767766.597828306723386 ] ] ], [ [ [ 693415.477700336603448, 3767857.550670895725489 ], [ 693383.272743475972675, 3767846.027553076390177 ], [ 693358.909157841699198, 3767857.550670895725489 ], [ 693347.58936850936152, 3767880.543527211993933 ], [ 693324.096415233565494, 3767869.809504565782845 ], [ 693301.319860147312284, 3767874.340043059084564 ], [ 693281.898116191150621, 3767898.005506542511284 ], [ 693284.898879046435468, 3767928.47276310576126 ], [ 693301.319860147312284, 3767944.89374420652166 ], [ 693324.096415233565494, 3767949.42428269982338 ], [ 693348.460000867838971, 3767937.901164880488068 ], [ 693359.779790200176649, 3767914.908308564219624 ], [ 693383.272743475972675, 3767925.642331210430712 ], [ 693406.049298562225886, 3767921.111792717128992 ], [ 693427.000818156055175, 3767889.755627756472677 ], [ 693415.477700336603448, 3767857.550670895725489 ] ] ], [ [ [ 693489.446677060681395, 3767917.19304914213717 ], [ 693456.267332813469693, 3767908.882056060247123 ], [ 693431.481031203060411, 3767924.988791160751134 ], [ 693391.467565477127209, 3767932.339499500580132 ], [ 693373.516118279541843, 3767947.071871480438858 ], [ 693366.879789553931914, 3767971.429700301494449 ], [ 693339.115971291088499, 3767955.967792242299765 ], [ 693288.791377962101251, 3767961.278424613177776 ], [ 693267.143533956259489, 3767982.926268619019538 ], [ 693267.143533956259489, 3768013.540943208616227 ], [ 693292.487328166491352, 3768036.511219343170524 ], [ 693339.115971291088499, 3768035.5825703763403 ], [ 693366.115703812451102, 3768021.150912676006556 ], [ 693375.09039889567066, 3767993.640161809045821 ], [ 693391.467565477127209, 3768006.249862101860344 ], [ 693410.695588384871371, 3768009.102069868240505 ], [ 693453.517347091110423, 3767986.656042928807437 ], [ 693479.378282988676801, 3767985.068648577202111 ], [ 693494.991363828652538, 3767973.489198643248528 ], [ 693503.87833476101514, 3767952.034152889624238 ], [ 693489.446677060681395, 3767917.19304914213717 ] ] ], [ [ [ 693650.253101577516645, 3768061.860142257064581 ], [ 693618.048144716885872, 3768050.337024437729269 ], [ 693526.9643209973583, 3768058.483147888444364 ], [ 693474.510891536134295, 3768071.220253154169768 ], [ 693450.845428052358329, 3768090.641997110564262 ], [ 693447.844665197073482, 3768121.109253673814237 ], [ 693463.899469305528328, 3768142.756651075556874 ], [ 693486.122278626309708, 3768149.497866583522409 ], [ 693633.580217420239933, 3768128.422026934102178 ], [ 693650.253101577516645, 3768118.428684752434492 ], [ 693661.200241546146572, 3768097.948026385623962 ], [ 693650.253101577516645, 3768061.860142257064581 ] ] ], [ [ [ 693648.130639480659738, 3770289.713944274466485 ], [ 693618.979071060894057, 3770313.638018195983022 ], [ 693620.657401787349954, 3770347.801224963739514 ], [ 693633.711443040519953, 3770362.204139982815832 ], [ 693658.671397177269682, 3770372.305190370418131 ], [ 693689.138653740519658, 3770369.304427514784038 ], [ 693708.560397696681321, 3770345.638964031357318 ], [ 693705.559634841396473, 3770315.171707468107343 ], [ 693685.590121562010609, 3770297.072395640425384 ], [ 693648.130639480659738, 3770289.713944274466485 ] ] ], [ [ [ 693366.587263965280727, 3770528.278236993122846 ], [ 693346.106605598470196, 3770539.225376961752772 ], [ 693335.15946562984027, 3770559.706035328563303 ], [ 693337.435695545515046, 3770582.816985504236072 ], [ 693349.015145479352213, 3770598.430066343862563 ], [ 693437.671956729958765, 3770634.336800401564687 ], [ 693460.782906905165873, 3770632.060570485889912 ], [ 693476.395987745141611, 3770620.481120551936328 ], [ 693485.282958677504212, 3770591.184703572187573 ], [ 693470.851300977170467, 3770564.18497105082497 ], [ 693400.705799497547559, 3770533.793005919549614 ], [ 693366.587263965280727, 3770528.278236993122846 ] ] ], [ [ [ 694089.2965854620561, 3767071.755140925757587 ], [ 694061.012314214603975, 3767060.039412173442543 ], [ 694032.72804296715185, 3767071.755140925757587 ], [ 694011.32163492043037, 3767103.361555189825594 ], [ 694022.268774889060296, 3767139.449439318384975 ], [ 694050.553046136512421, 3767151.16516807070002 ], [ 694078.837317383964546, 3767139.449439318384975 ], [ 694100.243725430686027, 3767107.843025054316968 ], [ 694089.2965854620561, 3767071.755140925757587 ] ] ], [ [ [ 693871.5017805948155, 3767804.613557636737823 ], [ 693843.217509347363375, 3767792.897828884422779 ], [ 693778.773819022113457, 3767804.915972193237394 ], [ 693759.352075065951794, 3767828.581435676664114 ], [ 693762.352837921236642, 3767859.048692239914089 ], [ 693789.826075614546426, 3767879.424233983270824 ], [ 693848.689096497953869, 3767876.519314130302519 ], [ 693881.495122776599601, 3767844.509215974714607 ], [ 693882.448920563445427, 3767825.094216003548354 ], [ 693871.5017805948155, 3767804.613557636737823 ] ] ], [ [ [ 694032.798655702266842, 3768011.402439039666206 ], [ 694000.593698841636069, 3767999.879321220330894 ], [ 693979.320045109489001, 3768008.631762661039829 ], [ 693939.811041436041705, 3768004.491397629957646 ], [ 693842.103961870074272, 3768023.626614486798644 ], [ 693818.438498386298306, 3768043.048358443193138 ], [ 693815.437735531013459, 3768073.515615006443113 ], [ 693831.492539639468305, 3768095.16301240818575 ], [ 693853.715348960249685, 3768101.904227916151285 ], [ 693984.121209637611173, 3768074.042135498020798 ], [ 694016.12577154499013, 3768077.964323716703802 ], [ 694032.798655702266842, 3768067.970981535036117 ], [ 694043.745795670896769, 3768047.490323168225586 ], [ 694032.798655702266842, 3768011.402439039666206 ] ] ], [ [ [ 694187.766648973803967, 3768268.226285843644291 ], [ 694146.629705948522314, 3768278.423086270224303 ], [ 694119.242346434271894, 3768274.032252847217023 ], [ 694101.670227948343381, 3768282.34324592910707 ], [ 694087.238570248009637, 3768309.342978450469673 ], [ 694096.125541180372238, 3768338.639395430218428 ], [ 694127.045959314913489, 3768353.263664063531905 ], [ 694153.056518347584642, 3768343.608707940205932 ], [ 694207.040730199893005, 3768348.961363541893661 ], [ 694243.663243102491833, 3768337.722256015986204 ], [ 694258.094900802825578, 3768310.722523494623601 ], [ 694249.207929870462976, 3768281.426106514874846 ], [ 694226.09112461656332, 3768267.570426665246487 ], [ 694187.766648973803967, 3768268.226285843644291 ] ] ], [ [ [ 693959.453027259907685, 3768279.037422111257911 ], [ 693937.230217939126305, 3768285.778637619223446 ], [ 693922.49784595950041, 3768303.730084816459566 ], [ 693919.645638193003833, 3768322.958107724320143 ], [ 693928.532609125366434, 3768344.413153477944434 ], [ 693955.532341646729037, 3768358.844811178278178 ], [ 693997.699593057506718, 3768357.141285531688482 ], [ 694015.271711543435231, 3768348.830292449798435 ], [ 694029.703369243768975, 3768321.830559928435832 ], [ 694020.816398311406374, 3768292.534142948687077 ], [ 693997.699593057506718, 3768278.678463099058717 ], [ 693959.453027259907685, 3768279.037422111257911 ] ] ], [ [ [ 693818.666113268467598, 3768287.477075853850693 ], [ 693797.714593674638309, 3768318.833240814507008 ], [ 693809.237711494090036, 3768351.038197675254196 ], [ 693825.910595651366748, 3768361.031539856921881 ], [ 693852.827151301084086, 3768363.308302607852966 ], [ 693881.111422548536211, 3768351.592573855537921 ], [ 693892.827151301084086, 3768323.308302607852966 ], [ 693881.111422548536211, 3768295.02403136016801 ], [ 693856.747836914262734, 3768283.500913540832698 ], [ 693818.666113268467598, 3768287.477075853850693 ] ] ], [ [ [ 693982.207243888522498, 3768572.296014588326216 ], [ 693953.922972641070373, 3768560.580285836011171 ], [ 693925.638701393618248, 3768572.296014588326216 ], [ 693913.922972641070373, 3768600.580285836011171 ], [ 693925.638701393618248, 3768628.864557083696127 ], [ 693953.922972641070373, 3768640.580285836011171 ], [ 693982.207243888522498, 3768628.864557083696127 ], [ 693993.922972641070373, 3768600.580285836011171 ], [ 693982.207243888522498, 3768572.296014588326216 ] ] ], [ [ [ 694132.726650790777057, 3768569.938852464780211 ], [ 694108.363065156503581, 3768581.461970284115523 ], [ 694097.415925187873654, 3768601.942628650926054 ], [ 694099.69215510354843, 3768625.053578826598823 ], [ 694117.791466930881143, 3768645.023092105519027 ], [ 694216.753691904130392, 3768650.520922941155732 ], [ 694248.109856864903122, 3768629.569403347093612 ], [ 694251.11061972018797, 3768599.102146783843637 ], [ 694231.688875764026307, 3768575.436683300416917 ], [ 694132.726650790777057, 3768569.938852464780211 ] ] ], [ [ [ 694079.714176482520998, 3768866.764338358305395 ], [ 694061.762729284935631, 3768881.496710338164121 ], [ 694055.214124710182659, 3768907.640205272007734 ], [ 694064.10109564254526, 3768929.095251025632024 ], [ 694083.410126686911099, 3768941.997133088298142 ], [ 694213.331507980474271, 3768952.211502215825021 ], [ 694276.539275997551158, 3768965.728490362875164 ], [ 694298.762085318332538, 3768958.987274854909629 ], [ 694314.816889426787384, 3768937.339877453166991 ], [ 694311.816126571502537, 3768906.872620889917016 ], [ 694288.150663087726571, 3768887.450876933522522 ], [ 694220.624130777199753, 3768872.569765800144523 ], [ 694079.714176482520998, 3768866.764338358305395 ] ] ], [ [ [ 694092.66982742655091, 3769159.325359482783824 ], [ 694063.331728547578678, 3769176.909939229022712 ], [ 694059.635331739322282, 3769214.440085844602436 ], [ 694081.283175745164044, 3769236.087929850444198 ], [ 694126.580803555669263, 3769239.922553813550621 ], [ 694148.228647561511025, 3769218.274709807708859 ], [ 694148.228647561511025, 3769187.660035218112171 ], [ 694130.129335734178312, 3769167.690521939191967 ], [ 694092.66982742655091, 3769159.325359482783824 ] ] ], [ [ [ 694089.051041850936599, 3769463.290914740879089 ], [ 694070.748918143333867, 3769469.839519315864891 ], [ 694056.016546163707972, 3769487.790966513101012 ], [ 694053.740316248033196, 3769510.901916688773781 ], [ 694064.687456216663122, 3769531.382575055584311 ], [ 694133.652869255747646, 3769552.734553671441972 ], [ 694165.857826116378419, 3769541.211435852106661 ], [ 694177.573554868926294, 3769512.927164604421705 ], [ 694165.857826116378419, 3769484.642893356736749 ], [ 694149.184941959101707, 3769474.649551175069064 ], [ 694089.051041850936599, 3769463.290914740879089 ] ] ], [ [ [ 693917.973160467925481, 3769717.760647819377482 ], [ 693891.829665533965454, 3769724.309252394363284 ], [ 693877.097293554339558, 3769742.260699591599405 ], [ 693874.821063638664782, 3769765.371649767272174 ], [ 693885.768203607294708, 3769785.852308134082705 ], [ 693964.557745449943468, 3769814.67607712559402 ], [ 694000.645629578037187, 3769803.728937156964093 ], [ 694012.361358330585063, 3769775.444665909279138 ], [ 694000.645629578037187, 3769747.160394661594182 ], [ 693917.973160467925481, 3769717.760647819377482 ] ] ], [ [ [ 693833.536422946490347, 3770015.77755606174469 ], [ 693811.313613625708967, 3770022.518771569710225 ], [ 693796.581241646083072, 3770040.470218766946346 ], [ 693794.305011730408296, 3770063.581168942619115 ], [ 693808.16069157992024, 3770086.697974196169525 ], [ 693856.845823565265164, 3770109.855138015933335 ], [ 693876.073846473009326, 3770107.002930249553174 ], [ 693892.709173225099221, 3770094.045141262002289 ], [ 693901.727062725927681, 3770120.676649558823556 ], [ 693924.843867979827337, 3770134.532329408451915 ], [ 693947.954818155034445, 3770132.256099492777139 ], [ 693963.567898995010182, 3770120.676649558823556 ], [ 693972.454869927372783, 3770091.3802325790748 ], [ 693958.023212227039039, 3770064.380500057712197 ], [ 693928.726795247290283, 3770055.493529125116765 ], [ 693900.704816813813522, 3770071.303525879047811 ], [ 693886.142240545013919, 3770039.127330814488232 ], [ 693833.536422946490347, 3770015.77755606174469 ] ] ], [ [ [ 694813.07952774327714, 3767049.373659287113696 ], [ 694783.783110763528384, 3767040.486688354518265 ], [ 694756.783378242165782, 3767054.918346054852009 ], [ 694747.89640730980318, 3767084.214763034600765 ], [ 694762.328065010136925, 3767111.214495555963367 ], [ 694791.62448198988568, 3767120.101466488558799 ], [ 694818.624214511248283, 3767105.669808788225055 ], [ 694827.511185443610884, 3767076.373391808476299 ], [ 694813.07952774327714, 3767049.373659287113696 ] ] ], [ [ [ 694419.891669362783432, 3767280.631573788821697 ], [ 694387.686712502152659, 3767269.108455969486386 ], [ 694339.070010759518482, 3767291.747458685655147 ], [ 694324.638353059184738, 3767318.74719120701775 ], [ 694333.525323991547339, 3767348.043608186766505 ], [ 694368.366427739267237, 3767362.47526588710025 ], [ 694416.983129481901415, 3767339.836263170931488 ], [ 694431.414787182235159, 3767312.836530649568886 ], [ 694419.891669362783432, 3767280.631573788821697 ] ] ], [ [ [ 694686.932335800956935, 3767552.284374917391688 ], [ 694654.727378940326162, 3767540.761257098056376 ], [ 694595.791600446566008, 3767557.897495406679809 ], [ 694576.369856490404345, 3767581.562958890106529 ], [ 694579.370619345689192, 3767612.030215453356504 ], [ 694592.424660598859191, 3767626.433130472432822 ], [ 694614.647469919640571, 3767633.174345980398357 ], [ 694677.503934026579373, 3767615.845496738795191 ], [ 694698.455453620408662, 3767584.489331778138876 ], [ 694686.932335800956935, 3767552.284374917391688 ] ] ], [ [ [ 694815.823163558146916, 3767887.176246504299343 ], [ 694791.459577923873439, 3767898.699364323634654 ], [ 694780.512437955243513, 3767919.180022690445185 ], [ 694782.788667870918289, 3767942.290972866117954 ], [ 694797.521039850544184, 3767960.242420063354075 ], [ 694819.743849171325564, 3767966.98363557131961 ], [ 694872.967542167170905, 3767960.803153368178755 ], [ 694898.42271377868019, 3767943.794551472645253 ], [ 694904.395340502611361, 3767913.768129270989448 ], [ 694887.38673860731069, 3767888.312957659829408 ], [ 694865.16392928652931, 3767881.571742151863873 ], [ 694815.823163558146916, 3767887.176246504299343 ] ] ], [ [ [ 694372.146324222791009, 3768581.415353255346417 ], [ 694342.119902021368034, 3768575.442726531066 ], [ 694316.664730409858748, 3768592.451328426599503 ], [ 694310.692103685927577, 3768622.477750628255308 ], [ 694327.700705581228249, 3768647.932922239415348 ], [ 694361.534901992185041, 3768652.951751176733524 ], [ 694387.304520410834812, 3768628.79137610597536 ], [ 694397.819105772068724, 3768647.545179681386799 ], [ 694418.299764138879254, 3768658.492319650016725 ], [ 694441.410714314086363, 3768656.216089734341949 ], [ 694459.362161511671729, 3768641.483717754483223 ], [ 694465.3347882356029, 3768611.457295552827418 ], [ 694448.326186340302229, 3768586.002123941667378 ], [ 694414.491989929345436, 3768580.983295004349202 ], [ 694388.722371510695666, 3768605.143670075107366 ], [ 694372.146324222791009, 3768581.415353255346417 ] ] ], [ [ [ 694428.016940882662311, 3768906.400684918742627 ], [ 694412.403860042686574, 3768917.98013485269621 ], [ 694403.516889110323973, 3768939.4351806063205 ], [ 694417.948546810657717, 3768974.276284353807569 ], [ 694435.52066529658623, 3768982.587277435697615 ], [ 694477.862119023222476, 3768983.546594506595284 ], [ 694504.861851544585079, 3768969.114936806261539 ], [ 694513.74882247694768, 3768939.818519826512784 ], [ 694499.317164776613936, 3768912.818787305150181 ], [ 694477.862119023222476, 3768903.931816372554749 ], [ 694428.016940882662311, 3768906.400684918742627 ] ] ], [ [ [ 694769.081016395706683, 3768938.256769752129912 ], [ 694730.688548436854035, 3768942.026975486427546 ], [ 694710.71903515746817, 3768960.126287314109504 ], [ 694707.718272302183323, 3768990.59354387735948 ], [ 694727.140016258344986, 3769014.2590073607862 ], [ 695049.188181320205331, 3769050.328803811222315 ], [ 695071.410990640986711, 3769043.58758830325678 ], [ 695087.465794749441557, 3769021.940190901514143 ], [ 695084.465031894156709, 3768991.472934338264167 ], [ 695060.799568410380743, 3768972.051190381869674 ], [ 694769.081016395706683, 3768938.256769752129912 ] ] ], [ [ [ 694468.964266313356347, 3769237.587515881285071 ], [ 694440.679995065904222, 3769225.871787128970027 ], [ 694412.395723818452097, 3769237.587515881285071 ], [ 694400.679995065904222, 3769265.871787128970027 ], [ 694412.395723818452097, 3769294.156058376654983 ], [ 694440.679995065904222, 3769305.871787128970027 ], [ 694468.964266313356347, 3769294.156058376654983 ], [ 694480.679995065904222, 3769265.871787128970027 ], [ 694468.964266313356347, 3769237.587515881285071 ] ] ], [ [ [ 694608.499255491653457, 3769262.8838199544698 ], [ 694589.190224447287619, 3769275.785702017135918 ], [ 694580.303253514925018, 3769297.240747770760208 ], [ 694584.833792007877491, 3769320.017302856780589 ], [ 694601.254773108754307, 3769336.438283957540989 ], [ 694710.384174926672131, 3769355.81876156385988 ], [ 694732.606984247453511, 3769349.077546055894345 ], [ 694745.661025500623509, 3769334.674631036818027 ], [ 694748.661788355908357, 3769304.207374473568052 ], [ 694729.240044399746694, 3769280.541910990141332 ], [ 694608.499255491653457, 3769262.8838199544698 ] ] ], [ [ [ 694569.557672160561197, 3769582.971843607723713 ], [ 694544.213877950329334, 3769605.94211974227801 ], [ 694547.910274758585729, 3769643.472266357857734 ], [ 694562.313189777662046, 3769656.526307610794902 ], [ 694588.267678018426523, 3769663.979712286032736 ], [ 694618.294100219849497, 3769658.007085561752319 ], [ 694635.302702115150169, 3769632.551913950592279 ], [ 694629.330075391218998, 3769602.525491748936474 ], [ 694607.68267798924353, 3769586.470687640365213 ], [ 694569.557672160561197, 3769582.971843607723713 ] ] ], [ [ [ 694505.220543028553948, 3769914.953561770729721 ], [ 694484.739884661743417, 3769925.900701739359647 ], [ 694473.792744693113491, 3769946.381360106170177 ], [ 694476.068974608788267, 3769969.492310281842947 ], [ 694487.648424542625435, 3769985.105391121469438 ], [ 694567.496037248405628, 3770011.709633064921945 ], [ 694602.337140996125527, 3769997.277975364588201 ], [ 694611.224111928488128, 3769967.981558384839445 ], [ 694596.792454228154384, 3769940.981825863476843 ], [ 694505.220543028553948, 3769914.953561770729721 ] ] ], [ [ [ 694439.001680674497038, 3770252.505038505420089 ], [ 694418.62613893148955, 3770279.978276198264211 ], [ 694426.93713201303035, 3770313.15762044582516 ], [ 694469.220829298254102, 3770330.125322993379086 ], [ 694498.517246278002858, 3770321.238352060783654 ], [ 694512.948903978336602, 3770294.238619539421052 ], [ 694504.061933045974001, 3770264.942202559672296 ], [ 694480.945127792074345, 3770251.086522710043937 ], [ 694439.001680674497038, 3770252.505038505420089 ] ] ], [ [ [ 694296.929351070197299, 3770529.007914138026536 ], [ 694267.777782650431618, 3770552.931988059543073 ], [ 694269.456113376887515, 3770587.095194827299565 ], [ 694282.510154630057514, 3770601.498109846375883 ], [ 694307.575480155530386, 3770611.653769222553819 ], [ 694338.042736718780361, 3770608.653006366919726 ], [ 694357.464480674942024, 3770584.987542883493006 ], [ 694354.463717819657177, 3770554.520286320243031 ], [ 694334.494204540271312, 3770536.420974492561072 ], [ 694296.929351070197299, 3770529.007914138026536 ] ] ], [ [ [ 695419.394234382431023, 3768235.572963471990079 ], [ 695391.109963134978898, 3768223.857234719675034 ], [ 695362.825691887526773, 3768235.572963471990079 ], [ 695351.109963134978898, 3768263.857234719675034 ], [ 695362.825691887526773, 3768292.14150596735999 ], [ 695391.109963134978898, 3768303.857234719675034 ], [ 695419.394234382431023, 3768292.14150596735999 ], [ 695431.109963134978898, 3768263.857234719675034 ], [ 695419.394234382431023, 3768235.572963471990079 ] ] ], [ [ [ 695038.578549859696068, 3768248.666825338732451 ], [ 695014.214964225422591, 3768237.14370751939714 ], [ 694949.300628015538678, 3768242.516150169074535 ], [ 694927.652784009696916, 3768264.163994174916297 ], [ 694927.652784009696916, 3768294.778668764512986 ], [ 694956.804352429462597, 3768318.702742686029524 ], [ 695025.601615906809457, 3768313.906277887057513 ], [ 695049.525689828325994, 3768284.754709467291832 ], [ 695038.578549859696068, 3768248.666825338732451 ] ] ], [ [ [ 695093.994699501781724, 3768616.439548532478511 ], [ 695069.631113867508247, 3768604.9164307131432 ], [ 695016.201684473198839, 3768611.83453791635111 ], [ 694996.779940517037176, 3768635.50000139977783 ], [ 694999.780703372322023, 3768665.967257963027805 ], [ 695027.253941065631807, 3768686.34279970638454 ], [ 695084.566297727404162, 3768680.000670353882015 ], [ 695105.517817321233451, 3768648.6445053932257 ], [ 695093.994699501781724, 3768616.439548532478511 ] ] ], [ [ [ 695044.058620800613426, 3770469.494706921745092 ], [ 695022.410776794771664, 3770491.142550927586854 ], [ 695021.088344665942714, 3770518.061275312677026 ], [ 695037.143148774397559, 3770539.708672714419663 ], [ 695064.384661460411735, 3770548.067639900837094 ], [ 695036.74182494438719, 3770568.468339253216982 ], [ 695033.967034759931266, 3770599.567147123161703 ], [ 695014.680100825265981, 3770617.343622963875532 ], [ 695010.725540183135308, 3770644.003105317708105 ], [ 695031.101081926142797, 3770671.476343010552227 ], [ 695095.865683058393188, 3770686.972204961348325 ], [ 695156.598429277422838, 3770656.333294979762286 ], [ 695167.545569246052764, 3770620.245410851202905 ], [ 695132.958248196984641, 3770552.503858992364258 ], [ 695105.221044043195434, 3770535.156749546062201 ], [ 695114.607663707225583, 3770509.442254172638059 ], [ 695105.528081841766834, 3770484.066522805951536 ], [ 695082.411276587867178, 3770470.210842956323177 ], [ 695044.058620800613426, 3770469.494706921745092 ] ] ], [ [ [ 694886.130316972848959, 3770747.782030795235187 ], [ 694856.833899993100204, 3770738.895059862639755 ], [ 694829.834167471737601, 3770753.326717562973499 ], [ 694820.947196539375, 3770782.623134542722255 ], [ 694835.378854239708744, 3770809.622867064084858 ], [ 694864.6752712194575, 3770818.50983799668029 ], [ 694891.675003740820102, 3770804.078180296346545 ], [ 694900.561974673182704, 3770774.78176331659779 ], [ 694886.130316972848959, 3770747.782030795235187 ] ] ] ] } },
{ "type": "Feature", "properties": { "depth_bin": "235-240" }, "geometry": { "type": "MultiPolygon", "coordinates": [ [ [ [ 689763.331977576483041, 3765748.420118720736355 ], [ 689731.127020715852268, 3765736.897000901401043 ], [ 689701.788921836880036, 3765754.48158064763993 ], [ 689693.680992683512159, 3765795.891480708029121 ], [ 689711.265572429634631, 3765825.229579587001354 ], [ 689741.291994631057605, 3765831.20220631128177 ], [ 689766.747166242566891, 3765814.193604415748268 ], [ 689774.855095395934768, 3765772.783704355359077 ], [ 689763.331977576483041, 3765748.420118720736355 ] ] ], [ [ [ 690417.006688426365145, 3765905.3556301551871 ], [ 690383.827344179153442, 3765897.044637073297054 ], [ 690356.354106485843658, 3765917.420178816653788 ], [ 690350.928473108680919, 3765959.229477929882705 ], [ 690371.304014851688407, 3765986.702715622726828 ], [ 690401.771271414938383, 3765989.703478478360921 ], [ 690425.436734898714349, 3765970.281734521966428 ], [ 690431.438346126698889, 3765932.355362676549703 ], [ 690417.006688426365145, 3765905.3556301551871 ] ] ], [ [ [ 689762.43543819047045, 3765928.645421996712685 ], [ 689744.863319704541937, 3765920.334428914822638 ], [ 689721.752369529334828, 3765922.610658830497414 ], [ 689697.828295607818291, 3765951.762227250263095 ], [ 689707.104407275328413, 3766020.449088138993829 ], [ 689736.255975695094094, 3766044.373162060510367 ], [ 689766.282397896517068, 3766038.40053533622995 ], [ 689783.29099979181774, 3766012.94536372506991 ], [ 689776.291118039982393, 3765951.762227250263095 ], [ 689762.43543819047045, 3765928.645421996712685 ] ] ], [ [ [ 690091.328638275852427, 3765959.61759380530566 ], [ 690063.044367028400302, 3765947.901865052990615 ], [ 690034.760095780948177, 3765959.61759380530566 ], [ 690023.044367028400302, 3765987.901865052990615 ], [ 690034.760095780948177, 3766016.186136300675571 ], [ 690063.044367028400302, 3766027.901865052990615 ], [ 690091.328638275852427, 3766016.186136300675571 ], [ 690103.044367028400302, 3765987.901865052990615 ], [ 690091.328638275852427, 3765959.61759380530566 ] ] ], [ [ [ 690740.294146507862024, 3765971.846489473711699 ], [ 690710.997729528113268, 3765962.959518541116267 ], [ 690683.997997006750666, 3765977.391176241450012 ], [ 690675.111026074388064, 3766006.687593221198767 ], [ 690689.542683774721809, 3766033.68732574256137 ], [ 690718.839100754470564, 3766042.574296675156802 ], [ 690745.838833275833167, 3766028.142638974823058 ], [ 690754.725804208195768, 3765998.846221995074302 ], [ 690740.294146507862024, 3765971.846489473711699 ] ] ], [ [ [ 691646.141159983701073, 3766750.682814942672849 ], [ 691616.844743003952317, 3766741.795844010077417 ], [ 691592.48115736967884, 3766753.318961829412729 ], [ 691582.487815187894739, 3766769.991845986805856 ], [ 691574.030041147372685, 3766822.978464037179947 ], [ 691559.436331552569754, 3767011.219684822950512 ], [ 691550.048111801501364, 3767050.351453304756433 ], [ 691554.293674539541826, 3767082.777960589155555 ], [ 691541.474557691486552, 3767145.378546030260623 ], [ 691542.7394736133283, 3767202.750149094965309 ], [ 691566.816363671212457, 3767228.489896098151803 ], [ 691545.628623327473179, 3767241.862370342481881 ], [ 691536.549041462014429, 3767267.238101709168404 ], [ 691548.264770214562304, 3767295.52237295685336 ], [ 691572.628355848835781, 3767307.045490776188672 ], [ 691601.924772828584537, 3767298.15851984359324 ], [ 691616.356430528918281, 3767271.158787322230637 ], [ 691609.80782595416531, 3767245.015292388387024 ], [ 691590.749764833366498, 3767229.886967615690082 ], [ 691609.301358290016651, 3767219.423033252358437 ], [ 691619.294700471800752, 3767202.750149094965309 ], [ 691622.017972860252485, 3767124.454379404429346 ], [ 691634.312600102392025, 3767089.217995257582515 ], [ 691629.847251022816636, 3767054.104209453333169 ], [ 691660.765428617130965, 3766781.603233077097684 ], [ 691646.141159983701073, 3766750.682814942672849 ] ] ], [ [ [ 691336.013424011645839, 3766788.206979965325445 ], [ 691310.637692645075731, 3766779.12739809975028 ], [ 691285.261961278505623, 3766788.206979965325445 ], [ 691273.682511344668455, 3766803.820060804951936 ], [ 691264.796853150357492, 3766841.467101998161525 ], [ 691267.664835643372498, 3766929.171546525787562 ], [ 691258.228153390693478, 3766947.985671617556363 ], [ 691256.447484971373342, 3766990.149567103479058 ], [ 691267.970602790825069, 3767014.51315273810178 ], [ 691288.451261157635599, 3767025.460292706731707 ], [ 691318.477683359058574, 3767019.48766598245129 ], [ 691335.486285254359245, 3766994.03249437129125 ], [ 691332.712204202660359, 3766936.893021448981017 ], [ 691342.14888645533938, 3766918.078896357212216 ], [ 691343.351363048306666, 3766842.08520868467167 ], [ 691350.637692645075731, 3766819.12739809975028 ], [ 691336.013424011645839, 3766788.206979965325445 ] ] ], [ [ [ 691003.892360977595672, 3766825.178295047953725 ], [ 690983.411702610785142, 3766814.231155079323798 ], [ 690963.996702639968134, 3766815.184952866286039 ], [ 690947.323818482691422, 3766825.178295047953725 ], [ 690936.376678514061496, 3766845.658953414764255 ], [ 690920.638544437359087, 3767009.108125925529748 ], [ 690932.161662256810814, 3767033.471711560152471 ], [ 690952.642320623621345, 3767044.418851528782398 ], [ 690985.821664870833047, 3767036.107858446892351 ], [ 691006.907984787365422, 3766998.32669496582821 ], [ 691015.608089730143547, 3766853.46256629563868 ], [ 691003.892360977595672, 3766825.178295047953725 ] ] ], [ [ [ 690382.779395117308013, 3766836.93213406438008 ], [ 690354.495123869855888, 3766825.216405312065035 ], [ 690326.210852622403763, 3766836.93213406438008 ], [ 690314.495123869855888, 3766865.216405312065035 ], [ 690326.210852622403763, 3766893.500676559749991 ], [ 690354.495123869855888, 3766905.216405312065035 ], [ 690382.779395117308013, 3766893.500676559749991 ], [ 690394.495123869855888, 3766865.216405312065035 ], [ 690382.779395117308013, 3766836.93213406438008 ] ] ], [ [ [ 690068.765233643003739, 3766873.793494231067598 ], [ 690040.480962395551614, 3766862.077765478752553 ], [ 690012.19669114809949, 3766873.793494231067598 ], [ 690000.480962395551614, 3766902.077765478752553 ], [ 690012.19669114809949, 3766930.362036726437509 ], [ 690040.480962395551614, 3766942.077765478752553 ], [ 690068.765233643003739, 3766930.362036726437509 ], [ 690080.480962395551614, 3766902.077765478752553 ], [ 690068.765233643003739, 3766873.793494231067598 ] ] ], [ [ [ 691309.950966020347551, 3767061.373623367398977 ], [ 691276.771621773135848, 3767053.062630285508931 ], [ 691247.620053353370167, 3767076.986704207025468 ], [ 691242.607280848314986, 3767130.460819205734879 ], [ 691266.531354769831523, 3767159.61238762550056 ], [ 691297.146029358962551, 3767159.61238762550056 ], [ 691318.793873364804313, 3767137.964543619658798 ], [ 691327.363632150925696, 3767103.864944783039391 ], [ 691309.950966020347551, 3767061.373623367398977 ] ] ], [ [ [ 692021.220332107855938, 3766226.900985491927713 ], [ 691991.923915128107183, 3766218.014014559332281 ], [ 691964.92418260674458, 3766232.445672259666026 ], [ 691956.037211674381979, 3766261.742089239414781 ], [ 691970.468869374715723, 3766288.741821760777384 ], [ 691999.765286354464479, 3766297.628792693372816 ], [ 692026.765018875827082, 3766283.197134993039072 ], [ 692035.651989808189683, 3766253.900718013290316 ], [ 692021.220332107855938, 3766226.900985491927713 ] ] ], [ [ [ 692350.68759866815526, 3766229.287917096167803 ], [ 692321.391181688406505, 3766220.400946163572371 ], [ 692294.391449167043902, 3766234.832603863906115 ], [ 692285.504478234681301, 3766264.129020843654871 ], [ 692299.936135935015045, 3766291.128753365017474 ], [ 692329.232552914763801, 3766300.015724297612906 ], [ 692356.232285436126404, 3766285.584066597279161 ], [ 692365.119256368489005, 3766256.287649617530406 ], [ 692350.68759866815526, 3766229.287917096167803 ] ] ], [ [ [ 691958.066265591303818, 3766971.064979538787156 ], [ 691924.886921344092116, 3766962.75398645689711 ], [ 691895.735352924326435, 3766986.678060378413647 ], [ 691889.919914192985743, 3767055.39279402513057 ], [ 691913.843988114502281, 3767084.544362444896251 ], [ 691944.458662703633308, 3767084.544362444896251 ], [ 691966.10650670947507, 3767062.896518439054489 ], [ 691972.497923291637562, 3766998.064712060149759 ], [ 691958.066265591303818, 3766971.064979538787156 ] ] ], [ [ [ 692251.612263739109039, 3767046.281902224756777 ], [ 692230.15721798571758, 3767037.394931292161345 ], [ 692207.380662899464369, 3767041.925469785463065 ], [ 692190.959681798587553, 3767058.346450886223465 ], [ 692182.767346241511405, 3767084.235797860193998 ], [ 692162.490845664520748, 3767247.128769572358578 ], [ 692174.013963483972475, 3767271.492355206981301 ], [ 692194.494621850783005, 3767282.439495175611228 ], [ 692224.52104405220598, 3767276.466868451330811 ], [ 692241.529645947506651, 3767251.011696840170771 ], [ 692266.043921439442784, 3767081.123005972243845 ], [ 692251.612263739109039, 3767046.281902224756777 ] ] ], [ [ [ 691942.200628732680343, 3767153.289318348281085 ], [ 691924.62851024675183, 3767144.978325266391039 ], [ 691901.517560071544722, 3767147.254555182065815 ], [ 691877.593486150028184, 3767176.406123601831496 ], [ 691858.827630598680116, 3767400.679831876885146 ], [ 691870.350748418131843, 3767425.043417511507869 ], [ 691890.831406784942374, 3767435.990557480137795 ], [ 691920.857828986365348, 3767430.017930755857378 ], [ 691937.86643088166602, 3767404.562759144697338 ], [ 691956.824897366110235, 3767184.209736482705921 ], [ 691942.200628732680343, 3767153.289318348281085 ] ] ], [ [ [ 692523.557474355911836, 3767273.408427353017032 ], [ 692505.985355869983323, 3767265.097434271126986 ], [ 692482.874405694776215, 3767267.373664186801761 ], [ 692458.950331773259677, 3767296.525232606567442 ], [ 692395.642630296992138, 3767676.234856427647173 ], [ 692404.529601229354739, 3767705.531273407395929 ], [ 692427.646406483254395, 3767719.386953257024288 ], [ 692460.825750730466098, 3767711.075960175134242 ], [ 692484.474440130405128, 3767674.07806011615321 ], [ 692508.489645092980936, 3767475.428768961690366 ], [ 692537.222386176465079, 3767323.515427148900926 ], [ 692536.459356418577954, 3767292.71745839715004 ], [ 692523.557474355911836, 3767273.408427353017032 ] ] ], [ [ [ 692211.201468093320727, 3767381.322599892038852 ], [ 692182.917196845868602, 3767369.606871139723808 ], [ 692154.632925598416477, 3767381.322599892038852 ], [ 692142.917196845868602, 3767409.606871139723808 ], [ 692154.632925598416477, 3767437.891142387408763 ], [ 692182.917196845868602, 3767449.606871139723808 ], [ 692211.201468093320727, 3767437.891142387408763 ], [ 692222.917196845868602, 3767409.606871139723808 ], [ 692211.201468093320727, 3767381.322599892038852 ] ] ], [ [ [ 692189.114404968684539, 3767483.834155969787389 ], [ 692155.935060721472837, 3767475.523162887897342 ], [ 692126.783492301707156, 3767499.44723680941388 ], [ 692119.670549790840596, 3767568.097803652752191 ], [ 692143.594623712357134, 3767597.249372072517872 ], [ 692174.209298301488161, 3767597.249372072517872 ], [ 692195.857142307329923, 3767575.60152806667611 ], [ 692206.549818337080069, 3767526.737829410471022 ], [ 692189.114404968684539, 3767483.834155969787389 ] ] ], [ [ [ 692682.988129129051231, 3766260.363017571158707 ], [ 692653.691712149302475, 3766251.476046638563275 ], [ 692626.691979627939872, 3766265.90770433889702 ], [ 692617.805008695577271, 3766295.204121318645775 ], [ 692632.236666395911016, 3766322.203853840008378 ], [ 692661.533083375659771, 3766331.09082477260381 ], [ 692688.532815897022374, 3766316.659167072270066 ], [ 692697.419786829384975, 3766287.36275009252131 ], [ 692682.988129129051231, 3766260.363017571158707 ] ] ], [ [ [ 692613.799285532790236, 3766696.970808947924525 ], [ 692580.619941285578534, 3766688.659815866034478 ], [ 692555.164769674069248, 3766705.66841776156798 ], [ 692545.185104658594355, 3766746.700474820565432 ], [ 692562.769684404716827, 3766776.038573699537665 ], [ 692592.796106606139801, 3766782.011200423818082 ], [ 692618.251278217649087, 3766765.00259852828458 ], [ 692628.23094323312398, 3766723.970541469287127 ], [ 692613.799285532790236, 3766696.970808947924525 ] ] ], [ [ [ 692929.745525175938383, 3766750.804260846693069 ], [ 692900.449108196189627, 3766741.917289914097637 ], [ 692873.449375674827024, 3766756.348947614431381 ], [ 692864.562404742464423, 3766785.645364594180137 ], [ 692878.994062442798167, 3766812.64509711554274 ], [ 692908.290479422546923, 3766821.532068048138171 ], [ 692935.290211943909526, 3766807.100410347804427 ], [ 692944.177182876272127, 3766777.803993368055671 ], [ 692929.745525175938383, 3766750.804260846693069 ] ] ], [ [ [ 693225.136040668236092, 3766834.064451421611011 ], [ 693191.95669642102439, 3766825.753458339720964 ], [ 693166.501524809515104, 3766842.762060235254467 ], [ 693155.519945548614487, 3766883.390008745715022 ], [ 693173.104525294736959, 3766912.728107624687254 ], [ 693203.130947496159934, 3766918.700734348967671 ], [ 693228.586119107669219, 3766901.692132453434169 ], [ 693239.567698368569836, 3766861.064183942973614 ], [ 693225.136040668236092, 3766834.064451421611011 ] ] ], [ [ [ 692541.410170258255675, 3767152.787502697203308 ], [ 692512.11375327850692, 3767143.900531764607877 ], [ 692485.114020757144317, 3767158.332189464941621 ], [ 692476.227049824781716, 3767187.628606444690377 ], [ 692490.65870752511546, 3767214.628338966052979 ], [ 692519.955124504864216, 3767223.515309898648411 ], [ 692546.954857026226819, 3767209.083652198314667 ], [ 692555.84182795858942, 3767179.787235218565911 ], [ 692541.410170258255675, 3767152.787502697203308 ] ] ], [ [ [ 692814.773678552242927, 3767336.963025164790452 ], [ 692781.594334305031225, 3767328.652032082900405 ], [ 692752.442765885265544, 3767352.576106004416943 ], [ 692751.597774827037938, 3767380.829188792034984 ], [ 692738.433839589823037, 3767400.332571716047823 ], [ 692734.510454154806212, 3767430.957118614111096 ], [ 692743.397425087168813, 3767452.412164367735386 ], [ 692759.01050592714455, 3767463.991614301688969 ], [ 692789.625180516275577, 3767463.991614301688969 ], [ 692811.273024522117339, 3767442.343770295847207 ], [ 692814.511625377694145, 3767398.998213313519955 ], [ 692829.39794718567282, 3767367.883443299215287 ], [ 692814.773678552242927, 3767336.963025164790452 ] ] ], [ [ [ 693065.92996960983146, 3767440.038322604727 ], [ 693044.47492385644, 3767431.151351672131568 ], [ 693021.698368770186789, 3767435.681890165433288 ], [ 692989.37659934128169, 3767484.335375418420881 ], [ 692969.388846082380041, 3767597.385089193936437 ], [ 692953.921735544689, 3767628.930601486936212 ], [ 692958.257141609443352, 3767663.364214030094445 ], [ 692981.922605093219317, 3767682.785957986488938 ], [ 693012.389861656469293, 3767679.785195130854845 ], [ 693031.811605612630956, 3767656.119731647428125 ], [ 693031.969901510397904, 3767616.677951694931835 ], [ 693050.764922023168765, 3767582.324313777498901 ], [ 693079.785649459343404, 3767478.762353620026261 ], [ 693077.509419543668628, 3767455.651403444353491 ], [ 693065.92996960983146, 3767440.038322604727 ] ] ], [ [ [ 692764.557966534630395, 3767575.576562495902181 ], [ 692731.378622287418693, 3767567.265569414012134 ], [ 692703.905384594108909, 3767587.641111157368869 ], [ 692688.17873447551392, 3767654.849427838344127 ], [ 692709.130254069343209, 3767686.205592799000442 ], [ 692739.597510632593185, 3767689.206355654634535 ], [ 692763.262974116369151, 3767669.784611698240042 ], [ 692779.182235168060288, 3767606.496980630327016 ], [ 692764.557966534630395, 3767575.576562495902181 ] ] ], [ [ [ 693221.51589802512899, 3767663.64936735201627 ], [ 693188.336553777917288, 3767655.338374270126224 ], [ 693159.184985358151607, 3767679.262448191642761 ], [ 693075.261704685632139, 3767900.295015250798315 ], [ 693079.216265327762812, 3767926.954497604630888 ], [ 693099.185778607148677, 3767945.053809432312846 ], [ 693122.296728782355785, 3767947.330039347987622 ], [ 693139.868847268284298, 3767939.019046266097575 ], [ 693163.96723247342743, 3767895.492920657619834 ], [ 693231.960521358414553, 3767717.30823869863525 ], [ 693235.371577874640934, 3767686.76617260556668 ], [ 693221.51589802512899, 3767663.64936735201627 ] ] ], [ [ [ 692951.6567312926054, 3767863.924206195864826 ], [ 692922.360314312856644, 3767855.037235263269395 ], [ 692895.360581791494042, 3767869.468892963603139 ], [ 692886.473610859131441, 3767898.765309943351895 ], [ 692900.905268559465185, 3767925.765042464714497 ], [ 692930.201685539213941, 3767934.652013397309929 ], [ 692957.201418060576543, 3767920.220355696976185 ], [ 692966.088388992939144, 3767890.923938717227429 ], [ 692951.6567312926054, 3767863.924206195864826 ] ] ], [ [ [ 693247.520854349131696, 3767916.130892230663449 ], [ 693229.78338481253013, 3767948.663667317479849 ], [ 693227.254725273000076, 3767970.072875198442489 ], [ 693201.427032246137969, 3767979.130253611598164 ], [ 693187.353762548184022, 3768003.71393047273159 ], [ 693169.680218629422598, 3768012.039968596305698 ], [ 693147.859724594280124, 3768038.945941721554846 ], [ 693147.859724594280124, 3768069.560616311151534 ], [ 693169.507568600121886, 3768091.208460316993296 ], [ 693200.122243189252913, 3768091.208460316993296 ], [ 693231.323354978347197, 3768059.721904871519655 ], [ 693360.134085389436223, 3768025.3133529801853 ], [ 693419.826838183682412, 3767996.073216030374169 ], [ 693443.454875029739924, 3767998.59400972770527 ], [ 693470.024345244979486, 3767985.32976334867999 ], [ 693524.288788639008999, 3767975.560535107273608 ], [ 693545.822975462768227, 3767954.152999022509903 ], [ 693574.983044365420938, 3767959.606353563256562 ], [ 693756.928372332127765, 3767902.281190547160804 ], [ 693809.724360423511826, 3767879.94246430741623 ], [ 693824.245451389113441, 3767851.122275851201266 ], [ 693846.801358614233322, 3767868.692837026901543 ], [ 693873.720082998974249, 3767867.370404898189008 ], [ 693917.37987216480542, 3767843.059333419427276 ], [ 693925.69086524634622, 3767809.879989171866328 ], [ 693908.682263351045549, 3767784.424817560706288 ], [ 693878.655841149622574, 3767778.452190836425871 ], [ 693833.037014337838627, 3767799.494805463124067 ], [ 693818.515923372237012, 3767828.314993919339031 ], [ 693799.655966351507232, 3767812.066864872351289 ], [ 693772.737241966766305, 3767810.744432743638754 ], [ 693565.818153929430991, 3767876.919250638689846 ], [ 693530.337907366454601, 3767904.827297131065279 ], [ 693486.071472221054137, 3767902.075237936805934 ], [ 693433.800375242601149, 3767914.332905422896147 ], [ 693406.482523524784483, 3767932.054186633322388 ], [ 693394.951678911573254, 3767929.012728646397591 ], [ 693459.107918364112265, 3767883.719513371121138 ], [ 693464.126747301197611, 3767849.88531696004793 ], [ 693454.13340511941351, 3767833.212432802654803 ], [ 693429.403302485472523, 3767821.671309157740325 ], [ 693418.383293581195176, 3767800.699408329091966 ], [ 693398.486501565901563, 3767789.898519268259406 ], [ 693384.064178921165876, 3767762.961718579754233 ], [ 693350.884834673954174, 3767754.650725497864187 ], [ 693325.429663062444888, 3767771.659327393397689 ], [ 693247.520854349131696, 3767916.130892230663449 ] ] ], [ [ [ 693201.172909108106978, 3768097.702427063602954 ], [ 693175.829114897875115, 3768120.672703198157251 ], [ 693179.52551170613151, 3768158.202849813736975 ], [ 693201.172909108106978, 3768174.257653922308236 ], [ 693255.941166301141493, 3768181.874916564207524 ], [ 693352.551509019802324, 3768161.347122237086296 ], [ 693482.577526529785246, 3768149.691835663281381 ], [ 693501.886557574151084, 3768136.789953600615263 ], [ 693510.773528506513685, 3768115.334907846990973 ], [ 693501.886557574151084, 3768086.038490867242217 ], [ 693474.886825052788481, 3768071.606833166908473 ], [ 693421.242613252601586, 3768072.998871469404548 ], [ 693259.573981299297884, 3768102.081669673789293 ], [ 693201.172909108106978, 3768097.702427063602954 ] ] ], [ [ [ 693285.617039392702281, 3768303.828210255596787 ], [ 693261.253453758428805, 3768315.351328074932098 ], [ 693249.730335938977078, 3768339.714913709554821 ], [ 693256.278940513730049, 3768365.858408643398434 ], [ 693274.230387711315416, 3768380.59078062325716 ], [ 693373.263634348521009, 3768380.704923646524549 ], [ 693402.41520276828669, 3768356.780849725008011 ], [ 693402.41520276828669, 3768326.166175135411322 ], [ 693380.767358762444928, 3768304.51833112956956 ], [ 693285.617039392702281, 3768303.828210255596787 ] ] ], [ [ [ 693339.153075613430701, 3766422.727468363475055 ], [ 693309.856658633681946, 3766413.840497430879623 ], [ 693282.856926112319343, 3766428.272155131213367 ], [ 693273.969955179956742, 3766457.568572110962123 ], [ 693288.401612880290486, 3766484.568304632324725 ], [ 693317.698029860039242, 3766493.455275564920157 ], [ 693344.697762381401844, 3766479.023617864586413 ], [ 693353.584733313764445, 3766449.727200884837657 ], [ 693339.153075613430701, 3766422.727468363475055 ] ] ], [ [ [ 693505.582282473216765, 3766941.48436516104266 ], [ 693473.377325612585992, 3766929.961247341707349 ], [ 693446.377593091223389, 3766944.392905042041093 ], [ 693423.381243715062737, 3766993.246983007527888 ], [ 693437.812901415396482, 3767028.088086755014956 ], [ 693467.109318395145237, 3767036.975057687610388 ], [ 693494.10905091650784, 3767022.543399987276644 ], [ 693517.105400292668492, 3766973.689322021789849 ], [ 693505.582282473216765, 3766941.48436516104266 ] ] ], [ [ [ 693459.542077363235876, 3770561.06154112983495 ], [ 693437.319268042454496, 3770567.802756637800485 ], [ 693422.5868960628286, 3770585.754203835036606 ], [ 693420.310666147153825, 3770608.865154010709375 ], [ 693431.257806115783751, 3770629.345812377519906 ], [ 693522.316228716867045, 3770668.857311331667006 ], [ 693558.404112844960764, 3770657.91017136303708 ], [ 693570.119841597508639, 3770629.625900115352124 ], [ 693558.404112844960764, 3770601.341628867667168 ], [ 693459.542077363235876, 3770561.06154112983495 ] ] ], [ [ [ 693812.98184450820554, 3766989.937479442451149 ], [ 693779.802500260993838, 3766981.626486360561103 ], [ 693754.347328649484552, 3766998.635088256094605 ], [ 693733.863930200925097, 3767048.092773108743131 ], [ 693751.641120880143717, 3767081.351557600777596 ], [ 693781.667543081566691, 3767087.324184325058013 ], [ 693807.122714693075977, 3767070.315582429524511 ], [ 693827.413502208539285, 3767024.778583189938217 ], [ 693812.98184450820554, 3766989.937479442451149 ] ] ], [ [ [ 693821.410587334190495, 3767618.08044296503067 ], [ 693784.423468877444975, 3767610.723247670102865 ], [ 693705.114715188625269, 3767656.933933017309755 ], [ 693690.683057488291524, 3767683.933665538672358 ], [ 693699.570028420654126, 3767713.230082518421113 ], [ 693718.879059465019964, 3767726.131964581087232 ], [ 693742.101833645370789, 3767726.131964581087232 ], [ 693821.410587334190495, 3767679.921279233880341 ], [ 693836.034855967620388, 3767649.000861099455506 ], [ 693821.410587334190495, 3767618.08044296503067 ] ] ], [ [ [ 693813.260265482822433, 3768023.251675270032138 ], [ 693772.647524531232193, 3768029.849050214048475 ], [ 693752.678011251846328, 3768047.948362041730434 ], [ 693749.677248396561481, 3768078.415618604980409 ], [ 693769.098992352723144, 3768102.081082088407129 ], [ 693846.511896681506187, 3768103.299791839439422 ], [ 693873.985134374815971, 3768082.924250096082687 ], [ 693878.515672867768444, 3768060.147695010062307 ], [ 693866.992555048316717, 3768035.784109375439584 ], [ 693846.511896681506187, 3768024.836969406809658 ], [ 693813.260265482822433, 3768023.251675270032138 ] ] ], [ [ [ 693632.869748347788118, 3768045.929809276945889 ], [ 693614.567624640185386, 3768052.478413851931691 ], [ 693599.83525266055949, 3768070.429861049167812 ], [ 693596.983044894062914, 3768089.657883957028389 ], [ 693605.870015826425515, 3768111.112929710652679 ], [ 693636.790433960966766, 3768125.737198343966156 ], [ 693692.68076038279105, 3768114.882325492799282 ], [ 693707.112418083124794, 3768087.882592971436679 ], [ 693698.225447150762193, 3768058.586175991687924 ], [ 693675.108641896862537, 3768044.730496142059565 ], [ 693632.869748347788118, 3768045.929809276945889 ] ] ], [ [ [ 693906.645604967372492, 3768282.630500828381628 ], [ 693860.27042986266315, 3768283.474164446350187 ], [ 693839.789771495852619, 3768294.421304414980114 ], [ 693828.074042743304744, 3768322.705575662665069 ], [ 693839.789771495852619, 3768350.989846910350025 ], [ 693864.153357130126096, 3768362.512964729685336 ], [ 693917.707280012895353, 3768361.899251170456409 ], [ 693955.715112965437584, 3768354.826298417989165 ], [ 693975.024144009803422, 3768341.924416355323046 ], [ 693983.911114942166023, 3768312.627999375574291 ], [ 693969.479457241832279, 3768285.628266854211688 ], [ 693944.103725875262171, 3768276.548684988636523 ], [ 693906.645604967372492, 3768282.630500828381628 ] ] ], [ [ [ 693756.286752260639332, 3768295.769329173024744 ], [ 693730.911020894069225, 3768286.689747307449579 ], [ 693707.239849129109643, 3768294.505141613539308 ], [ 693685.210901328595355, 3768287.88012222899124 ], [ 693639.62505989940837, 3768295.103041836526245 ], [ 693617.977215893566608, 3768316.750885842368007 ], [ 693617.977215893566608, 3768347.365560431964695 ], [ 693632.709587873192504, 3768365.317007629200816 ], [ 693651.011711580795236, 3768371.865612204186618 ], [ 693708.882073093554936, 3768360.064727922901511 ], [ 693746.218358188634738, 3768363.644928608089685 ], [ 693761.831439028610475, 3768352.065478674136102 ], [ 693770.718409960973077, 3768330.610432920511812 ], [ 693756.286752260639332, 3768295.769329173024744 ] ] ], [ [ [ 693908.227296069380827, 3768563.006790376733989 ], [ 693884.30322214786429, 3768592.15835879649967 ], [ 693892.61421522940509, 3768625.337703044060618 ], [ 693908.227296069380827, 3768636.917152978014201 ], [ 693934.663920740713365, 3768641.924085128586739 ], [ 693963.960337720462121, 3768633.037114195991307 ], [ 693978.391995420795865, 3768606.037381674628705 ], [ 693969.505024488433264, 3768576.740964694879949 ], [ 693946.388219234533608, 3768562.88528484525159 ], [ 693908.227296069380827, 3768563.006790376733989 ] ] ], [ [ [ 693893.395229810848832, 3769413.695040706545115 ], [ 693872.914571444038302, 3769424.642180675175041 ], [ 693861.391453624586575, 3769449.005766309797764 ], [ 693867.940058199339546, 3769475.149261243641376 ], [ 693885.891505396924913, 3769489.881633223500103 ], [ 693970.659145337413065, 3769513.674523196648806 ], [ 694013.276662285090424, 3769508.085433532483876 ], [ 694030.140674075926654, 3769525.443124325945973 ], [ 694074.765178025118075, 3769537.520238264463842 ], [ 694100.908672959078103, 3769530.97163368947804 ], [ 694115.641044938703999, 3769513.020186492241919 ], [ 694115.641044938703999, 3769482.40551190264523 ], [ 694093.993200932862237, 3769460.757667896803468 ], [ 694048.996543549001217, 3769450.166273752227426 ], [ 694025.49017931194976, 3769457.859438464976847 ], [ 694001.38168513821438, 3769437.500984815880656 ], [ 693893.395229810848832, 3769413.695040706545115 ] ] ], [ [ [ 693885.153612478636205, 3769707.892428435850888 ], [ 693854.233194344094954, 3769722.516697069164366 ], [ 693846.875999049399979, 3769759.503815526142716 ], [ 693866.297743005561642, 3769783.169279009569436 ], [ 693911.199800948495977, 3769791.217852510511875 ], [ 693934.865264432271942, 3769771.796108554117382 ], [ 693937.86602728755679, 3769741.328851990867406 ], [ 693921.811223179101944, 3769719.681454589124769 ], [ 693885.153612478636205, 3769707.892428435850888 ] ] ], [ [ [ 693864.440920552005991, 3770034.467868249397725 ], [ 693847.768036394729279, 3770044.46121043106541 ], [ 693836.820896426099353, 3770064.941868797875941 ], [ 693847.768036394729279, 3770101.029752926435322 ], [ 693910.67718520143535, 3770128.790084220003337 ], [ 693946.765069329529069, 3770117.84294425137341 ], [ 693958.480798082076944, 3770089.558673003688455 ], [ 693946.765069329529069, 3770061.274401756003499 ], [ 693887.663694732356817, 3770034.467868249397725 ], [ 693864.440920552005991, 3770034.467868249397725 ] ] ], [ [ [ 693676.848996660904959, 3770299.760093554854393 ], [ 693649.375758967595175, 3770320.135635298211128 ], [ 693647.697428241139278, 3770354.298842065967619 ], [ 693683.059891877463087, 3770383.006613683421165 ], [ 693713.674566466594115, 3770383.006613683421165 ], [ 693735.322410472435877, 3770361.358769677579403 ], [ 693735.322410472435877, 3770330.744095087982714 ], [ 693717.223098645103164, 3770310.774581809062511 ], [ 693676.848996660904959, 3770299.760093554854393 ] ] ], [ [ [ 694011.816551118390635, 3766629.591363321524113 ], [ 693982.520134138641879, 3766620.704392388928682 ], [ 693955.520401617279276, 3766635.136050089262426 ], [ 693946.633430684916675, 3766664.432467069011182 ], [ 693961.065088385250419, 3766691.432199590373784 ], [ 693990.361505364999175, 3766700.319170522969216 ], [ 694017.361237886361778, 3766685.887512822635472 ], [ 694026.248208818724379, 3766656.591095842886716 ], [ 694011.816551118390635, 3766629.591363321524113 ] ] ], [ [ [ 694360.205029970267788, 3766761.911341580562294 ], [ 694330.908612990519032, 3766753.024370647966862 ], [ 694303.908880469156429, 3766767.456028348300606 ], [ 694295.021909536793828, 3766796.752445328049362 ], [ 694309.453567237127572, 3766823.752177849411964 ], [ 694338.749984216876328, 3766832.639148782007396 ], [ 694365.749716738238931, 3766818.207491081673652 ], [ 694374.636687670601532, 3766788.911074101924896 ], [ 694360.205029970267788, 3766761.911341580562294 ] ] ], [ [ [ 694065.106518906191923, 3767090.903554070740938 ], [ 694028.119400449446402, 3767083.546358775813133 ], [ 693987.851952819735743, 3767113.288056028541178 ], [ 693967.362030483898707, 3767150.127430836670101 ], [ 693978.885148303350434, 3767182.332387697417289 ], [ 693999.365806670160964, 3767193.279527666047215 ], [ 694022.476756845368072, 3767191.00329775037244 ], [ 694068.01505878707394, 3767150.108243452850729 ], [ 694079.538176606525667, 3767117.903286592103541 ], [ 694065.106518906191923, 3767090.903554070740938 ] ] ], [ [ [ 694376.009123280993663, 3767298.382590827532113 ], [ 694342.829779033781961, 3767290.071597745642066 ], [ 694284.88700692600105, 3767319.837409920524806 ], [ 694270.455349225667305, 3767346.837142441887408 ], [ 694279.342320158029906, 3767376.133559421636164 ], [ 694294.955400998005643, 3767387.713009355589747 ], [ 694318.066351173212752, 3767389.989239271264523 ], [ 694376.009123280993663, 3767360.223427096381783 ], [ 694390.633391914423555, 3767329.303008961956948 ], [ 694376.009123280993663, 3767298.382590827532113 ] ] ], [ [ [ 694150.08337773673702, 3767987.958812099415809 ], [ 694124.707646370166913, 3767978.879230233840644 ], [ 694083.021096537471749, 3767985.047397670801729 ], [ 694063.712065493105911, 3767997.949279733467847 ], [ 694054.856528126401827, 3768019.19241760019213 ], [ 694027.580228765727952, 3767999.145447614602745 ], [ 693962.261214758153073, 3768002.327328569721431 ], [ 693938.595751274377108, 3768021.749072526115924 ], [ 693935.59498841909226, 3768052.2163290893659 ], [ 693951.649792527547106, 3768073.863726491108537 ], [ 693973.872601848328486, 3768080.604941999074072 ], [ 694035.083953179651871, 3768075.332040131557733 ], [ 694050.697034019627608, 3768063.75259019760415 ], [ 694059.552571386331692, 3768042.509452330879867 ], [ 694086.828870747005567, 3768062.556422316469252 ], [ 694136.319033460342325, 3768057.156843663193285 ], [ 694152.991917617619038, 3768047.1635014815256 ], [ 694163.939057586248964, 3768026.68284311471507 ], [ 694161.662827670574188, 3768003.5718929390423 ], [ 694150.08337773673702, 3767987.958812099415809 ] ] ], [ [ [ 694335.094484143424779, 3768273.842992232646793 ], [ 694309.718752776854672, 3768264.763410367071629 ], [ 694222.070376916206442, 3768270.575150649994612 ], [ 694198.404913432430476, 3768289.996894606389105 ], [ 694195.404150577145629, 3768320.464151169639081 ], [ 694205.397492758929729, 3768337.137035327032208 ], [ 694225.87815112574026, 3768348.084175295662135 ], [ 694321.330139867030084, 3768343.04102379642427 ], [ 694338.003024024306796, 3768333.047681614756584 ], [ 694348.950163992936723, 3768312.567023247946054 ], [ 694346.673934077261947, 3768289.456073072273284 ], [ 694335.094484143424779, 3768273.842992232646793 ] ] ], [ [ [ 694178.44861739303451, 3768571.542293886654079 ], [ 694154.085031758761033, 3768583.065411705989391 ], [ 694142.561913939309306, 3768607.428997340612113 ], [ 694151.448884871671908, 3768636.725414320360869 ], [ 694174.565690125571564, 3768650.581094169989228 ], [ 694204.451888715964742, 3768644.692514243535697 ], [ 694224.033011316438206, 3768652.189689046237618 ], [ 694288.980225284583867, 3768654.91518800938502 ], [ 694311.040774939581752, 3768648.271227202378213 ], [ 694330.688059126376174, 3768655.817470781505108 ], [ 694377.008361381129362, 3768652.826117960270494 ], [ 694460.410685240989551, 3768661.510040206369013 ], [ 694484.774270875263028, 3768649.986922387033701 ], [ 694495.721410843892954, 3768629.506264020223171 ], [ 694489.748784119961783, 3768599.479841818567365 ], [ 694464.293612508452497, 3768582.471239923033863 ], [ 694365.186569027486257, 3768574.6237887381576 ], [ 694312.548195084556937, 3768582.654042521491647 ], [ 694292.900910897762515, 3768575.107798942364752 ], [ 694227.953696929616854, 3768572.38229997921735 ], [ 694205.87111121986527, 3768579.039468689355999 ], [ 694178.44861739303451, 3768571.542293886654079 ] ] ], [ [ [ 694031.045744819217362, 3768860.472658570855856 ], [ 694010.094225225388072, 3768891.828823531512171 ], [ 694024.525882925721817, 3768926.669927278999239 ], [ 694079.669349648873322, 3768943.566333577036858 ], [ 694110.589767783414572, 3768928.942064943723381 ], [ 694119.476738715777174, 3768899.645647963974625 ], [ 694105.045081015443429, 3768872.645915442612022 ], [ 694057.705227172933519, 3768856.518097928259522 ], [ 694031.045744819217362, 3768860.472658570855856 ] ] ], [ [ [ 694059.480662335408852, 3769151.028045113198459 ], [ 694036.369712160201743, 3769153.304275028873235 ], [ 694020.756631320226006, 3769164.883724962826818 ], [ 694011.869660387863405, 3769186.338770716451108 ], [ 694016.400198880815879, 3769209.115325802471489 ], [ 694029.454240133985877, 3769223.518240821547806 ], [ 694054.670552285155281, 3769233.263032568618655 ], [ 694100.661880869767629, 3769230.605942664667964 ], [ 694120.083624825929292, 3769206.940479181241244 ], [ 694117.082861970644444, 3769176.473222617991269 ], [ 694097.113348691258579, 3769158.37391079030931 ], [ 694059.480662335408852, 3769151.028045113198459 ] ] ], [ [ [ 694459.682813119958155, 3769228.625698706135154 ], [ 694433.539318185998127, 3769235.174303281120956 ], [ 694417.484514077543281, 3769256.821700682863593 ], [ 694418.806946206372231, 3769283.740425067953765 ], [ 694436.906258033704944, 3769303.709938346873969 ], [ 694601.379033750272356, 3769337.359540018253028 ], [ 694624.155588836525567, 3769332.829001524951309 ], [ 694640.576569937402382, 3769316.408020424190909 ], [ 694643.57733279268723, 3769285.940763860940933 ], [ 694624.155588836525567, 3769262.275300377514213 ], [ 694459.682813119958155, 3769228.625698706135154 ] ] ], [ [ [ 694380.790807544253767, 3769535.444550837390125 ], [ 694360.310149177443236, 3769546.391690806020051 ], [ 694348.787031357991509, 3769570.755276440642774 ], [ 694355.335635932744481, 3769596.898771374486387 ], [ 694373.287083130329847, 3769611.631143354345113 ], [ 694447.170108813443221, 3769631.800306940451264 ], [ 694466.025978286517784, 3769627.077157514169812 ], [ 694481.587633290910162, 3769612.089875390287489 ], [ 694499.210842513013631, 3769642.214295316487551 ], [ 694547.256357820006087, 3769655.643042778130621 ], [ 694581.914302079705521, 3769653.827387033496052 ], [ 694603.562146085547283, 3769632.17954302765429 ], [ 694603.562146085547283, 3769601.564868438057601 ], [ 694581.914302079705521, 3769579.91702443221584 ], [ 694517.512966220616363, 3769569.148121757432818 ], [ 694487.01612735632807, 3769588.665942374616861 ], [ 694466.025978286517784, 3769556.523456366732717 ], [ 694380.790807544253767, 3769535.444550837390125 ] ] ], [ [ [ 694432.304778637713753, 3769893.12215133337304 ], [ 694411.824120270903222, 3769904.069291302002966 ], [ 694400.876980302273296, 3769924.549949668813497 ], [ 694403.153210217948072, 3769947.660899844486266 ], [ 694414.73266015178524, 3769963.273980684112757 ], [ 694494.357923897914588, 3769990.217056188732386 ], [ 694529.199027645634487, 3769975.785398488398641 ], [ 694538.085998577997088, 3769946.488981508649886 ], [ 694523.654340877663344, 3769919.489248987287283 ], [ 694481.386345150414854, 3769900.862706069368869 ], [ 694432.304778637713753, 3769893.12215133337304 ] ] ], [ [ [ 694384.22921396442689, 3770232.473831536713988 ], [ 694368.616133124451153, 3770244.053281470667571 ], [ 694359.729162192088552, 3770265.508327224291861 ], [ 694374.160819892422296, 3770300.349430971778929 ], [ 694439.683076672838069, 3770322.143554384354502 ], [ 694474.524180420557968, 3770307.711896684020758 ], [ 694483.411151352920569, 3770278.415479704272002 ], [ 694468.979493652586825, 3770251.415747182909399 ], [ 694438.131936677731574, 3770234.876154845580459 ], [ 694384.22921396442689, 3770232.473831536713988 ] ] ], [ [ [ 694255.509504822781309, 3770527.456276894081384 ], [ 694235.133963079773821, 3770554.929514586925507 ], [ 694243.444956161314622, 3770588.108858834486455 ], [ 694285.518184134853072, 3770605.54689703322947 ], [ 694314.814601114601828, 3770596.659926100634038 ], [ 694329.246258814935572, 3770569.660193579271436 ], [ 694320.359287882572971, 3770540.36377659952268 ], [ 694282.168987176497467, 3770523.50171625148505 ], [ 694255.509504822781309, 3770527.456276894081384 ] ] ], [ [ [ 694625.33403773221653, 3767566.493894820101559 ], [ 694596.037620752467774, 3767557.606923887506127 ], [ 694559.83609956363216, 3767570.357208694331348 ], [ 694545.404441863298416, 3767597.356941215693951 ], [ 694554.291412795661017, 3767626.653358195442706 ], [ 694585.211830930202268, 3767641.277626828756183 ], [ 694625.33403773221653, 3767628.33473108895123 ], [ 694639.958306365646422, 3767597.414312954526395 ], [ 694625.33403773221653, 3767566.493894820101559 ] ] ], [ [ [ 695268.51775908714626, 3767842.040567710530013 ], [ 695239.221342107397504, 3767833.153596777934581 ], [ 695212.221609586034901, 3767847.585254478268325 ], [ 695203.3346386536723, 3767876.881671458017081 ], [ 695217.766296354006045, 3767903.881403979379684 ], [ 695247.0627133337548, 3767912.768374911975116 ], [ 695274.062445855117403, 3767898.336717211641371 ], [ 695282.949416787480004, 3767869.040300231892616 ], [ 695268.51775908714626, 3767842.040567710530013 ] ] ], [ [ [ 694830.07118455786258, 3767897.936697694007307 ], [ 694800.774767578113824, 3767889.049726761411875 ], [ 694764.430246120551601, 3767901.32065880484879 ], [ 694749.998588420217857, 3767928.320391326211393 ], [ 694758.885559352580458, 3767957.616808305960149 ], [ 694789.805977487121709, 3767972.241076939273626 ], [ 694830.07118455786258, 3767959.777533962856978 ], [ 694844.695453191292472, 3767928.857115828432143 ], [ 694830.07118455786258, 3767897.936697694007307 ] ] ], [ [ [ 694921.063861746224575, 3768242.783040486741811 ], [ 694869.208538620034233, 3768241.871938031166792 ], [ 694847.753492866642773, 3768250.758908963762224 ], [ 694833.321835166309029, 3768277.758641485124826 ], [ 694842.20880609867163, 3768307.055058464873582 ], [ 694861.517837143037468, 3768319.9569405275397 ], [ 694903.792184172431007, 3768323.582381606567651 ], [ 694957.245197300799191, 3768321.240902056451887 ], [ 694974.817315786727704, 3768312.92990897456184 ], [ 694989.248973487061448, 3768285.930176453199238 ], [ 694980.362002554698847, 3768256.633759473450482 ], [ 694957.245197300799191, 3768242.778079623822123 ], [ 694921.063861746224575, 3768242.783040486741811 ] ] ], [ [ [ 694928.593987751402892, 3768599.747084317728877 ], [ 694894.425641739857383, 3768605.946401185821742 ], [ 694876.32632991252467, 3768625.915914464741945 ], [ 694876.32632991252467, 3768656.530589054338634 ], [ 694894.425641739857383, 3768676.500102333258837 ], [ 695023.874262479715981, 3768685.427313426043838 ], [ 695055.230427440488711, 3768664.475793831981719 ], [ 695058.231190295773558, 3768634.008537268731743 ], [ 695038.809446339611895, 3768610.343073785305023 ], [ 694928.593987751402892, 3768599.747084317728877 ] ] ], [ [ [ 695501.845727300504223, 3768640.857570216525346 ], [ 695472.549310320755467, 3768631.970599283929914 ], [ 695445.549577799392864, 3768646.402256984263659 ], [ 695436.662606867030263, 3768675.698673964012414 ], [ 695451.094264567364007, 3768702.698406485375017 ], [ 695480.390681547112763, 3768711.585377417970449 ], [ 695507.390414068475366, 3768697.153719717636704 ], [ 695516.277385000837967, 3768667.857302737887949 ], [ 695501.845727300504223, 3768640.857570216525346 ] ] ], [ [ [ 694477.458132763043977, 3768907.780058152042329 ], [ 694458.149101718678139, 3768920.681940214708447 ], [ 694449.06951985321939, 3768946.05767158139497 ], [ 694458.149101718678139, 3768971.433402948081493 ], [ 694477.458132763043977, 3768984.335285010747612 ], [ 694731.027262517483905, 3769015.810977912507951 ], [ 694753.250071838265285, 3769009.069762404542416 ], [ 694769.304875946720131, 3768987.422365002799779 ], [ 694766.304113091435283, 3768956.955108439549804 ], [ 694742.638649607659318, 3768937.53336448315531 ], [ 694477.458132763043977, 3768907.780058152042329 ] ] ], [ [ [ 695498.019353191135451, 3769032.835493026301265 ], [ 695468.722936211386696, 3769023.948522093705833 ], [ 695441.723203690024093, 3769038.380179794039577 ], [ 695432.836232757661492, 3769067.676596773788333 ], [ 695447.267890457995236, 3769094.676329295150936 ], [ 695476.564307437743992, 3769103.563300227746367 ], [ 695503.564039959106594, 3769089.131642527412623 ], [ 695512.451010891469195, 3769059.835225547663867 ], [ 695498.019353191135451, 3769032.835493026301265 ] ] ], [ [ [ 695424.016833255183883, 3769419.019891337025911 ], [ 695394.720416275435127, 3769410.132920404430479 ], [ 695367.720683754072525, 3769424.564578104764223 ], [ 695358.833712821709923, 3769453.860995084512979 ], [ 695373.265370522043668, 3769480.860727605875582 ], [ 695402.561787501792423, 3769489.747698538471013 ], [ 695429.561520023155026, 3769475.316040838137269 ], [ 695438.448490955517627, 3769446.019623858388513 ], [ 695424.016833255183883, 3769419.019891337025911 ] ] ], [ [ [ 695234.106057458906434, 3770149.498282318469137 ], [ 695204.809640479157679, 3770140.611311385873705 ], [ 695177.809907957795076, 3770155.042969086207449 ], [ 695168.922937025432475, 3770184.339386065956205 ], [ 695183.354594725766219, 3770211.339118587318808 ], [ 695212.651011705514975, 3770220.22608951991424 ], [ 695239.650744226877578, 3770205.794431819580495 ], [ 695248.537715159240179, 3770176.49801483983174 ], [ 695234.106057458906434, 3770149.498282318469137 ] ] ], [ [ [ 695113.933934686589055, 3770484.484214889351279 ], [ 695096.361816200660542, 3770476.173221807461232 ], [ 695073.250866025453433, 3770478.449451723136008 ], [ 695057.637785185477696, 3770490.028901657089591 ], [ 695048.750814253115095, 3770511.483947410713881 ], [ 695053.281352746067569, 3770534.260502496734262 ], [ 695070.858771784696728, 3770551.228438007645309 ], [ 695075.679864816716872, 3770585.615269251633435 ], [ 695105.017963695689104, 3770603.199848997872323 ], [ 695134.31438067543786, 3770594.312878065276891 ], [ 695148.746038375771604, 3770567.313145543914288 ], [ 695113.933934686589055, 3770484.484214889351279 ] ] ] ] } },
{ "type": "Feature", "properties": { "depth_bin": "240-245" }, "geometry": { "type": "MultiPolygon", "coordinates": [ [ [ [ 689762.339641151833348, 3765717.920478730928153 ], [ 689726.251757023739628, 3765706.973338762298226 ], [ 689698.778519330429845, 3765727.348880505654961 ], [ 689698.424067271524109, 3765773.048835983034223 ], [ 689717.845811227685772, 3765796.714299466460943 ], [ 689748.313067790935747, 3765799.715062322095037 ], [ 689771.978531274711713, 3765780.293318365700543 ], [ 689775.933091916842386, 3765753.63383601186797 ], [ 689762.339641151833348, 3765717.920478730928153 ] ] ], [ [ [ 690416.777896607876755, 3765938.295529467519373 ], [ 690380.690012479783036, 3765927.348389498889446 ], [ 690353.216774786473252, 3765947.723931242246181 ], [ 690346.340744871413335, 3766004.829942731652409 ], [ 690366.716286614420824, 3766032.303180424496531 ], [ 690397.183543177670799, 3766035.303943280130625 ], [ 690420.849006661446765, 3766015.882199323736131 ], [ 690428.301014427328482, 3765962.659115102142096 ], [ 690416.777896607876755, 3765938.295529467519373 ] ] ], [ [ [ 689767.689386129030026, 3765959.073107129428536 ], [ 689738.392969149281271, 3765950.186136196833104 ], [ 689711.393236627918668, 3765964.617793897166848 ], [ 689702.506265695556067, 3765993.914210876915604 ], [ 689716.937923395889811, 3766020.913943398278207 ], [ 689746.234340375638567, 3766029.800914330873638 ], [ 689773.23407289700117, 3766015.369256630539894 ], [ 689782.121043829363771, 3765986.072839650791138 ], [ 689767.689386129030026, 3765959.073107129428536 ] ] ], [ [ [ 691071.034836189239286, 3766063.843511640094221 ], [ 691037.855491942027584, 3766055.532518558204174 ], [ 691012.400320330518298, 3766072.541120453737676 ], [ 691001.209250636631623, 3766113.492671204265207 ], [ 691018.793830382754095, 3766142.830770083237439 ], [ 691048.820252584177069, 3766148.803396807517856 ], [ 691074.275424195686355, 3766131.794794911984354 ], [ 691085.659104822669178, 3766094.763929774519056 ], [ 691071.034836189239286, 3766063.843511640094221 ] ] ], [ [ [ 691701.835057221585885, 3766207.208908468484879 ], [ 691673.55078597413376, 3766195.493179716169834 ], [ 691645.266514726681635, 3766207.208908468484879 ], [ 691633.55078597413376, 3766235.493179716169834 ], [ 691645.266514726681635, 3766263.77745096385479 ], [ 691673.55078597413376, 3766275.493179716169834 ], [ 691701.835057221585885, 3766263.77745096385479 ], [ 691713.55078597413376, 3766235.493179716169834 ], [ 691701.835057221585885, 3766207.208908468484879 ] ] ], [ [ [ 692291.65928532264661, 3766682.741438876837492 ], [ 692262.362868342897855, 3766673.85446794424206 ], [ 692235.363135821535252, 3766688.286125644575804 ], [ 692226.476164889172651, 3766717.58254262432456 ], [ 692240.907822589506395, 3766744.582275145687163 ], [ 692270.204239569255151, 3766753.469246078282595 ], [ 692297.203972090617754, 3766739.03758837794885 ], [ 692306.090943022980355, 3766709.741171398200095 ], [ 692291.65928532264661, 3766682.741438876837492 ] ] ], [ [ [ 692609.04934292845428, 3766727.13530062418431 ], [ 692575.869998681242578, 3766718.824307542294264 ], [ 692550.414827069733292, 3766735.832909437827766 ], [ 692540.422166111762635, 3766776.776190574746579 ], [ 692558.006745857885107, 3766806.114289453718811 ], [ 692588.033168059308082, 3766812.086916177999228 ], [ 692613.488339670817368, 3766795.078314282465726 ], [ 692623.481000628788024, 3766754.135033145546913 ], [ 692609.04934292845428, 3766727.13530062418431 ] ] ], [ [ [ 691978.618723671883345, 3766745.805678360164165 ], [ 691958.138065305072814, 3766734.858538391534239 ], [ 691938.723065334255807, 3766735.81233617849648 ], [ 691922.050181176979095, 3766745.805678360164165 ], [ 691911.103041208349168, 3766766.286336726974696 ], [ 691913.787882209056988, 3766804.727370123844594 ], [ 691934.545190820819698, 3766825.954022256657481 ], [ 691914.075301341246814, 3766836.898464759346098 ], [ 691904.081959159462713, 3766853.571348916739225 ], [ 691892.862995095551014, 3766975.318507356569171 ], [ 691900.674711952335201, 3767009.040105717256665 ], [ 691926.129883563844487, 3767026.048707612790167 ], [ 691956.156305765267462, 3767020.07608088850975 ], [ 691973.164907660568133, 3766994.62090927734971 ], [ 691982.16696165560279, 3766861.262050393968821 ], [ 691975.618357080849819, 3766842.959926686249673 ], [ 691958.557445277343504, 3766828.648746579419822 ], [ 691979.027334756916389, 3766817.704304076731205 ], [ 691989.974474725546315, 3766797.223645709920675 ], [ 691989.565863640513271, 3766766.286336726974696 ], [ 691978.618723671883345, 3766745.805678360164165 ] ] ], [ [ [ 691324.487737723393366, 3766894.334192402195185 ], [ 691306.915619237464853, 3766886.023199320305139 ], [ 691283.804669062257744, 3766888.299429235979915 ], [ 691259.880595140741207, 3766917.450997655745596 ], [ 691258.569471089052968, 3766948.270208831876516 ], [ 691269.520253594848327, 3766968.754168602172285 ], [ 691253.496564695495181, 3766993.478878951631486 ], [ 691247.481049716472626, 3767077.318788561038673 ], [ 691258.430823321919888, 3767104.757958534639329 ], [ 691241.637899527908303, 3767130.053172364365309 ], [ 691236.640717145637609, 3767198.682466496713459 ], [ 691245.720299011096358, 3767224.058197863399982 ], [ 691268.837104264996015, 3767237.913877713028342 ], [ 691291.948054440203123, 3767235.637647797353566 ], [ 691307.56113528017886, 3767224.058197863399982 ], [ 691322.381762886652723, 3767176.43171621998772 ], [ 691320.100721960072406, 3767130.053172364365309 ], [ 691309.919537138543092, 3767110.417615271639079 ], [ 691322.757900290424004, 3767096.17465803399682 ], [ 691330.047240660758689, 3767070.06678831577301 ], [ 691332.535364978481084, 3766997.361806219443679 ], [ 691321.008604621863924, 3766972.994919181335717 ], [ 691334.756063605542295, 3766955.773933245800436 ], [ 691339.112006356823258, 3766925.254610536620021 ], [ 691324.487737723393366, 3766894.334192402195185 ] ] ], [ [ [ 692250.157721766154282, 3767015.39168824441731 ], [ 692216.97837751894258, 3767007.080695162527263 ], [ 692189.505139825632796, 3767027.456236905883998 ], [ 692187.646871412056498, 3767073.406880744267255 ], [ 692207.068615368218161, 3767097.072344227693975 ], [ 692237.535871931468137, 3767100.073107083328068 ], [ 692261.201335415244102, 3767080.651363126933575 ], [ 692264.013401615666226, 3767038.50849349796772 ], [ 692250.157721766154282, 3767015.39168824441731 ] ] ], [ [ [ 692541.230685923714191, 3767137.323077515698969 ], [ 692511.934268943965435, 3767128.436106583103538 ], [ 692484.934536422602832, 3767142.867764283437282 ], [ 692476.047565490240231, 3767172.164181263186038 ], [ 692490.479223190573975, 3767199.16391378454864 ], [ 692519.775640170322731, 3767208.050884717144072 ], [ 692546.775372691685334, 3767193.619227016810328 ], [ 692555.662343624047935, 3767164.322810037061572 ], [ 692541.230685923714191, 3767137.323077515698969 ] ] ], [ [ [ 691608.140676426468417, 3767178.027803760953248 ], [ 691572.052792298374698, 3767167.080663792323321 ], [ 691551.572133931564167, 3767178.027803760953248 ], [ 691541.578791749780066, 3767194.700687918346375 ], [ 691538.363911562948488, 3767268.318797672633082 ], [ 691527.082730133784935, 3767289.102213571313769 ], [ 691527.683427225099877, 3767316.402167788241059 ], [ 691536.570398157462478, 3767337.857213541865349 ], [ 691555.879429201828316, 3767350.759095604531467 ], [ 691575.294429172645323, 3767351.712893391493708 ], [ 691595.775087539455853, 3767340.765753422863781 ], [ 691615.967534665367566, 3767294.393800134304911 ], [ 691619.663794245920144, 3767202.39138939557597 ], [ 691608.140676426468417, 3767178.027803760953248 ] ] ], [ [ [ 691925.575845651212148, 3767353.099124614149332 ], [ 691889.487961523118429, 3767342.151984645519406 ], [ 691860.336393103352748, 3767366.076058567035943 ], [ 691855.003091876278631, 3767434.769827683456242 ], [ 691878.927165797795169, 3767463.921396103221923 ], [ 691909.541840386926197, 3767463.921396103221923 ], [ 691931.189684392767958, 3767442.273552097380161 ], [ 691937.098963470663875, 3767377.462710248772055 ], [ 691925.575845651212148, 3767353.099124614149332 ] ] ], [ [ [ 692182.153795904130675, 3767544.5311404527165 ], [ 692152.857378924381919, 3767535.644169520121068 ], [ 692125.857646403019316, 3767550.075827220454812 ], [ 692116.970675470656715, 3767579.372244200203568 ], [ 692131.40233317099046, 3767606.37197672156617 ], [ 692160.698750150739215, 3767615.258947654161602 ], [ 692187.698482672101818, 3767600.827289953827858 ], [ 692196.585453604464419, 3767571.530872974079102 ], [ 692182.153795904130675, 3767544.5311404527165 ] ] ], [ [ [ 692610.329769508796744, 3768023.588990451302379 ], [ 692604.307379637379199, 3768057.751972657628357 ], [ 692618.739037337712944, 3768084.75170517899096 ], [ 692648.035454317461699, 3768093.638676111586392 ], [ 692675.035186838824302, 3768079.207018411252648 ], [ 692693.049242392298765, 3768032.489881882909685 ], [ 692694.678660539793782, 3767986.904128512833267 ], [ 692765.505143149523064, 3767669.883612172678113 ], [ 692758.956538574770093, 3767643.7401172388345 ], [ 692737.309141172794625, 3767627.685313130263239 ], [ 692706.84188460954465, 3767630.686075985897332 ], [ 692687.420140653382987, 3767654.351539469324052 ], [ 692663.133338556392118, 3767785.838460229337215 ], [ 692616.229479753412306, 3767970.570595918688923 ], [ 692610.329769508796744, 3768023.588990451302379 ] ] ], [ [ [ 693030.962678209180012, 3766290.067737657576799 ], [ 693002.678406961727887, 3766278.352008905261755 ], [ 692974.394135714275762, 3766290.067737657576799 ], [ 692962.678406961727887, 3766318.352008905261755 ], [ 692974.394135714275762, 3766346.636280152946711 ], [ 693002.678406961727887, 3766358.352008905261755 ], [ 693030.962678209180012, 3766346.636280152946711 ], [ 693042.678406961727887, 3766318.352008905261755 ], [ 693030.962678209180012, 3766290.067737657576799 ] ] ], [ [ [ 692926.106272270320915, 3766765.608193676918745 ], [ 692892.926928023109213, 3766757.297200595028698 ], [ 692867.471756411599927, 3766774.305802490562201 ], [ 692858.162561736186035, 3766815.468202213291079 ], [ 692875.747141482308507, 3766844.806301092263311 ], [ 692905.773563683731481, 3766850.778927816543728 ], [ 692931.228735295240767, 3766833.770325921010226 ], [ 692940.537929970654659, 3766792.607926198281348 ], [ 692926.106272270320915, 3766765.608193676918745 ] ] ], [ [ [ 692820.738779101404361, 3767324.691640062257648 ], [ 692788.533822240773588, 3767313.168522242922336 ], [ 692759.195723361801356, 3767330.753101989161223 ], [ 692737.583370141219348, 3767396.619752421509475 ], [ 692755.360560820437968, 3767429.87853691354394 ], [ 692785.386983021860942, 3767435.851163637824357 ], [ 692810.842154633370228, 3767418.842561742290854 ], [ 692832.261896920856088, 3767356.896596923004836 ], [ 692820.738779101404361, 3767324.691640062257648 ] ] ], [ [ [ 693032.960760741028935, 3767571.97681893967092 ], [ 693000.755803880398162, 3767560.453701120335609 ], [ 692973.756071359035559, 3767574.885358820669353 ], [ 692959.22653997503221, 3767614.572546225972474 ], [ 692973.850808608462103, 3767645.492964360397309 ], [ 693003.147225588210858, 3767654.379935292992741 ], [ 693030.146958109573461, 3767639.948277592658997 ], [ 693044.67648949357681, 3767600.261090187355876 ], [ 693032.960760741028935, 3767571.97681893967092 ] ] ], [ [ [ 692875.954672155785374, 3768076.69469252647832 ], [ 692845.9282499543624, 3768082.667319250758737 ], [ 692799.595376164885238, 3768130.12737239850685 ], [ 692800.917808293714188, 3768157.046096783597022 ], [ 692821.562177048646845, 3768178.219332342036068 ], [ 692821.17402496363502, 3768202.52691892767325 ], [ 692834.075907026301138, 3768221.835949971806258 ], [ 692870.659342293278314, 3768231.336717825848609 ], [ 692920.94284220051486, 3768219.106188578531146 ], [ 692995.274516304256395, 3768214.748865348752588 ], [ 693018.391321558156051, 3768200.893185499124229 ], [ 693027.278292490518652, 3768171.596768519375473 ], [ 693012.846634790184908, 3768144.597035998012871 ], [ 692991.391589036793448, 3768135.710065065417439 ], [ 692962.297594276024029, 3768137.307556543964893 ], [ 692947.624824020080268, 3768119.482126603834331 ], [ 692918.729605525848456, 3768113.341701660770923 ], [ 692893.526790641713887, 3768085.005685608368367 ], [ 692875.954672155785374, 3768076.69469252647832 ] ] ], [ [ [ 693216.679503376944922, 3766863.35805534478277 ], [ 693183.50015912973322, 3766855.047062262892723 ], [ 693156.026921436423436, 3766875.422604006249458 ], [ 693150.587077470496297, 3766917.423864963464439 ], [ 693170.962619213503785, 3766944.897102656308562 ], [ 693201.429875776753761, 3766947.897865511942655 ], [ 693225.095339260529727, 3766928.476121555548161 ], [ 693231.111161077278666, 3766890.357787866145372 ], [ 693216.679503376944922, 3766863.35805534478277 ] ] ], [ [ [ 693248.11710239527747, 3767608.56224525347352 ], [ 693214.937758148065768, 3767600.251252171583474 ], [ 693189.482586536556482, 3767617.259854067116976 ], [ 693159.593856890569441, 3767675.618812591768801 ], [ 693162.446064657066017, 3767694.846835499629378 ], [ 693177.178436636691913, 3767712.798282696865499 ], [ 693195.480560344294645, 3767719.346887271851301 ], [ 693218.257115430547856, 3767714.816348778549582 ], [ 693250.729630207293667, 3767676.033827543724328 ], [ 693262.741371028707363, 3767639.482663387898356 ], [ 693248.11710239527747, 3767608.56224525347352 ] ] ], [ [ [ 693145.623849406489171, 3767863.097194987814873 ], [ 693116.327432426740415, 3767854.210224055219442 ], [ 693089.327699905377813, 3767868.641881755553186 ], [ 693062.101899265428074, 3767919.4908362403512 ], [ 693043.263945179758593, 3767986.008461557328701 ], [ 693051.574938261299394, 3768019.187805804889649 ], [ 693083.056413460988551, 3768033.784511472098529 ], [ 693089.612291838508099, 3768059.779944748152047 ], [ 693111.780590200447477, 3768075.965227754786611 ], [ 693084.246046344866045, 3768120.444474431686103 ], [ 693064.756915901671164, 3768131.143249584827572 ], [ 693053.809775933041237, 3768151.623907951638103 ], [ 693059.782402656972408, 3768181.650330153293908 ], [ 693085.237574268481694, 3768198.65893204882741 ], [ 693119.395567635074258, 3768191.968410995788872 ], [ 693177.728491122485138, 3768198.915415310766548 ], [ 693227.178555949823931, 3768174.464983739424497 ], [ 693238.701673769275658, 3768150.101398104801774 ], [ 693234.171135276323184, 3768127.324843018781394 ], [ 693214.20162199693732, 3768109.225531191099435 ], [ 693190.461332455975935, 3768107.106942580081522 ], [ 693213.372327003045939, 3768070.618308993056417 ], [ 693242.438677399186417, 3768057.134465433191508 ], [ 693287.401277047931217, 3768006.545656642876565 ], [ 693307.911097532953136, 3767962.814663714263588 ], [ 693296.963957564323209, 3767926.726779585704207 ], [ 693260.87607343622949, 3767915.779639617074281 ], [ 693194.986732415272854, 3767946.486354367807508 ], [ 693176.170228163711727, 3767968.460286194458604 ], [ 693128.487742327153683, 3767991.479172680526972 ], [ 693133.728483815095387, 3767954.664170843549073 ], [ 693160.055507106822915, 3767897.938298735301942 ], [ 693145.623849406489171, 3767863.097194987814873 ] ] ], [ [ [ 693270.320530712720938, 3768303.856181099079549 ], [ 693142.255461383145303, 3768306.749510866589844 ], [ 693118.589997899369337, 3768326.171254822984338 ], [ 693115.589235044084489, 3768356.638511386234313 ], [ 693138.559511178755201, 3768381.982305596582592 ], [ 693182.648308695061132, 3768386.454164291732013 ], [ 693278.067641159286723, 3768384.65491422591731 ], [ 693305.295373721281067, 3768369.915834058541805 ], [ 693331.039352859603241, 3768382.961981409229338 ], [ 693360.571028363425285, 3768373.861784579232335 ], [ 693399.795353541965596, 3768379.246950641740113 ], [ 693421.250399295357056, 3768370.359979709144682 ], [ 693434.152281358023174, 3768351.050948665011674 ], [ 693431.151518502738327, 3768320.583692101761699 ], [ 693407.486055018962361, 3768301.161948145367205 ], [ 693376.648047919035889, 3768299.461934916675091 ], [ 693354.957743641571142, 3768308.562131746672094 ], [ 693327.156425592140295, 3768303.923181125894189 ], [ 693303.811620297608897, 3768318.086283442564309 ], [ 693270.320530712720938, 3768303.856181099079549 ] ] ], [ [ [ 693486.377750657149591, 3766983.271284471265972 ], [ 693454.172793796518818, 3766971.74816665193066 ], [ 693424.834694917546585, 3766989.332746398169547 ], [ 693414.712738405796699, 3767030.437401705421507 ], [ 693432.297318151919171, 3767059.77550058439374 ], [ 693462.323740353342146, 3767065.748127308674157 ], [ 693487.778911964851432, 3767048.739525413140655 ], [ 693498.093479409697466, 3767011.555555718950927 ], [ 693486.377750657149591, 3766983.271284471265972 ] ] ], [ [ [ 693586.407525025890209, 3767556.597695837728679 ], [ 693548.931251591071486, 3767608.149117059074342 ], [ 693513.356754691223614, 3767629.437261881772429 ], [ 693444.558884536032565, 3767714.750420861877501 ], [ 693435.775946790003218, 3767720.72870554542169 ], [ 693411.703296897001565, 3767690.575519285164773 ], [ 693381.088622307870537, 3767690.575519285164773 ], [ 693363.13717511028517, 3767705.3078912650235 ], [ 693331.894812494749203, 3767762.266546091530472 ], [ 693327.36427400179673, 3767785.043101177550852 ], [ 693333.912878576549701, 3767803.34522488527 ], [ 693360.280119198607281, 3767820.489119437988847 ], [ 693374.750465023447759, 3767848.276366826612502 ], [ 693399.140740279806778, 3767857.307536337990314 ], [ 693420.095345741719939, 3767888.72651558695361 ], [ 693446.754828095436096, 3767892.681076229549944 ], [ 693485.62574110517744, 3767875.967580405063927 ], [ 693638.061820498667657, 3767782.326039330102503 ], [ 693714.450140470638871, 3767746.297140943352133 ], [ 693752.923340147011913, 3767714.913476745132357 ], [ 693757.453878639964387, 3767692.136921659111977 ], [ 693748.566907707601786, 3767670.681875905487686 ], [ 693732.953826867626049, 3767659.102425971534103 ], [ 693709.84287669241894, 3767656.826196055859327 ], [ 693603.938796330359764, 3767710.079629892017692 ], [ 693489.526765279122628, 3767779.851084216497838 ], [ 693592.351566294790246, 3767656.958606739062816 ], [ 693616.124792993068695, 3767645.523060395382345 ], [ 693643.31624787801411, 3767604.114095760509372 ], [ 693701.178813117090613, 3767552.905822358094156 ], [ 693708.536008411785588, 3767515.918703901115805 ], [ 693689.114264455623925, 3767492.253240417689085 ], [ 693658.647007892373949, 3767489.252477562054992 ], [ 693618.068222407950088, 3767518.537671933416277 ], [ 693586.407525025890209, 3767556.597695837728679 ] ], [ [ 693473.98908821400255, 3767788.785025008488446 ], [ 693477.73155695234891, 3767787.450940593611449 ], [ 693478.494391383253969, 3767787.090146777685732 ], [ 693473.928099741926417, 3767790.026473878417164 ], [ 693473.98908821400255, 3767788.785025008488446 ] ] ], [ [ [ 693580.273957086727023, 3767894.597716134041548 ], [ 693551.989685839274898, 3767882.881987381726503 ], [ 693499.981860901927575, 3767896.747657654806972 ], [ 693482.973259006626904, 3767922.202829265967011 ], [ 693488.945885730558075, 3767952.229251467622817 ], [ 693522.204670222708955, 3767970.006442146841437 ], [ 693574.212495160056278, 3767956.140771873760968 ], [ 693591.79707490617875, 3767926.802672994788736 ], [ 693580.273957086727023, 3767894.597716134041548 ] ] ], [ [ [ 693375.180563009344041, 3768093.301973430905491 ], [ 693345.884146029595286, 3768084.415002498310059 ], [ 693318.884413508232683, 3768098.846660198643804 ], [ 693309.997442575870082, 3768128.143077178392559 ], [ 693324.429100276203826, 3768155.142809699755162 ], [ 693353.725517255952582, 3768164.029780632350594 ], [ 693380.725249777315184, 3768149.59812293201685 ], [ 693389.612220709677786, 3768120.301705952268094 ], [ 693375.180563009344041, 3768093.301973430905491 ] ] ], [ [ [ 693593.954923905199394, 3768294.323222967796028 ], [ 693565.670652657747269, 3768306.038951720111072 ], [ 693554.147534838295542, 3768330.402537354733795 ], [ 693560.696139413048513, 3768356.546032288577408 ], [ 693582.343536815023981, 3768372.600836397148669 ], [ 693647.45740165701136, 3768370.772464957553893 ], [ 693671.64540559053421, 3768355.472440888173878 ], [ 693708.284480458823964, 3768367.027726122643799 ], [ 693728.765138825634494, 3768356.080586154013872 ], [ 693738.758481007418595, 3768339.407701996620744 ], [ 693735.757718152133748, 3768308.940445433370769 ], [ 693712.092254668357782, 3768289.518701476976275 ], [ 693688.869480488006957, 3768289.518701476976275 ], [ 693668.489250764017925, 3768303.86492775939405 ], [ 693643.574474389548413, 3768291.733664674218744 ], [ 693593.954923905199394, 3768294.323222967796028 ] ] ], [ [ [ 693286.522638477385044, 3770491.333526481408626 ], [ 693257.226221497636288, 3770482.446555548813194 ], [ 693230.226488976273686, 3770496.878213249146938 ], [ 693221.339518043911085, 3770526.174630228895694 ], [ 693235.771175744244829, 3770553.174362750258297 ], [ 693265.067592723993585, 3770562.061333682853729 ], [ 693292.067325245356187, 3770547.629675982519984 ], [ 693300.954296177718788, 3770518.333259002771229 ], [ 693286.522638477385044, 3770491.333526481408626 ] ] ], [ [ [ 693536.653237593360245, 3770595.683819377794862 ], [ 693507.501669173594564, 3770619.607893299311399 ], [ 693511.198065981850959, 3770657.138039914891124 ], [ 693561.530173003091477, 3770683.591811282560229 ], [ 693595.364369414048269, 3770678.572982345242053 ], [ 693612.372971309348941, 3770653.117810734082013 ], [ 693606.40034458541777, 3770623.091388532426208 ], [ 693574.272371043101884, 3770602.76594076352194 ], [ 693536.653237593360245, 3770595.683819377794862 ] ] ], [ [ [ 693668.968045483110473, 3766514.561214929912239 ], [ 693640.683774235658348, 3766502.845486177597195 ], [ 693612.399502988206223, 3766514.561214929912239 ], [ 693600.683774235658348, 3766542.845486177597195 ], [ 693612.399502988206223, 3766571.129757425282151 ], [ 693640.683774235658348, 3766582.845486177597195 ], [ 693668.968045483110473, 3766571.129757425282151 ], [ 693680.683774235658348, 3766542.845486177597195 ], [ 693668.968045483110473, 3766514.561214929912239 ] ] ], [ [ [ 693791.284087071660906, 3767030.159281758125871 ], [ 693758.104742824449204, 3767021.848288676235825 ], [ 693732.649571212939918, 3767038.856890571769327 ], [ 693710.960805133800022, 3767083.74460060428828 ], [ 693713.813012900296599, 3767102.972623512148857 ], [ 693728.545384879922494, 3767120.924070709384978 ], [ 693758.571807081345469, 3767126.896697433665395 ], [ 693784.026978692854755, 3767109.888095538131893 ], [ 693805.71574477199465, 3767065.00038550561294 ], [ 693791.284087071660906, 3767030.159281758125871 ] ] ], [ [ [ 693936.86825439601671, 3767175.337056290823966 ], [ 693927.981283463654108, 3767196.792102044448256 ], [ 693932.511821956606582, 3767219.568657130468637 ], [ 693948.932803057483397, 3767235.989638231229037 ], [ 693971.709358143736608, 3767240.520176724530756 ], [ 693993.164403897128068, 3767231.633205791935325 ], [ 694029.263674959423952, 3767192.003942550625652 ], [ 694038.150645891786553, 3767162.707525570876896 ], [ 694023.718988191452809, 3767135.707793049514294 ], [ 693994.422571211704053, 3767126.820822116918862 ], [ 693972.967525458312593, 3767135.707793049514294 ], [ 693936.86825439601671, 3767175.337056290823966 ] ] ], [ [ [ 693886.790650553186424, 3767578.984839085955173 ], [ 693849.803532096440904, 3767571.627643791027367 ], [ 693784.759680028888397, 3767611.855440050363541 ], [ 693770.328022328554653, 3767638.855172571726143 ], [ 693779.214993260917254, 3767668.151589551474899 ], [ 693798.524024305283092, 3767681.053471614141017 ], [ 693821.746798485633917, 3767681.053471614141017 ], [ 693886.790650553186424, 3767640.825675354804844 ], [ 693901.414919186616316, 3767609.905257220380008 ], [ 693886.790650553186424, 3767578.984839085955173 ] ] ], [ [ [ 693973.587938652024604, 3767750.257274659350514 ], [ 693902.809010559343733, 3767766.925133610609919 ], [ 693875.619293829309754, 3767782.330174773931503 ], [ 693861.18763612897601, 3767809.329907295294106 ], [ 693870.074607061338611, 3767838.626324275042862 ], [ 693885.687687901314348, 3767850.205774208996445 ], [ 693908.798638076521456, 3767852.482004124671221 ], [ 694029.842594481422566, 3767818.168876537587494 ], [ 694051.489991883398034, 3767802.114072429016232 ], [ 694057.462618607329205, 3767772.087650227360427 ], [ 694040.454016712028533, 3767746.632478616200387 ], [ 694014.310521778068505, 3767740.083874041214585 ], [ 693973.587938652024604, 3767750.257274659350514 ] ] ], [ [ [ 693798.311928122886457, 3768037.794656402431428 ], [ 693769.015511143137701, 3768028.907685469835997 ], [ 693667.055084544001147, 3768045.252460291609168 ], [ 693645.407240538159385, 3768066.90030429745093 ], [ 693645.407240538159385, 3768097.514978887047619 ], [ 693660.139612517785281, 3768115.466426084283739 ], [ 693678.441736225388013, 3768122.015030659269542 ], [ 693788.243534050881863, 3768105.67025583749637 ], [ 693803.8566148908576, 3768094.090805903542787 ], [ 693812.743585823220201, 3768072.635760149918497 ], [ 693798.311928122886457, 3768037.794656402431428 ] ] ], [ [ [ 693926.776636444265023, 3768293.067421867977828 ], [ 693898.492365196812898, 3768281.351693115662783 ], [ 693870.208093949360773, 3768293.067421867977828 ], [ 693858.492365196812898, 3768321.351693115662783 ], [ 693870.208093949360773, 3768349.635964363347739 ], [ 693898.492365196812898, 3768361.351693115662783 ], [ 693926.776636444265023, 3768349.635964363347739 ], [ 693938.492365196812898, 3768321.351693115662783 ], [ 693926.776636444265023, 3768293.067421867977828 ] ] ], [ [ [ 693866.494505843962543, 3768558.379631299059838 ], [ 693840.351010910002515, 3768564.92823587404564 ], [ 693825.618638930376619, 3768582.879683071281761 ], [ 693823.342409014701843, 3768605.99063324695453 ], [ 693834.28954898333177, 3768626.471291613765061 ], [ 693854.7702073501423, 3768637.418431582394987 ], [ 693908.183596976683475, 3768639.64717515790835 ], [ 693936.4678682241356, 3768627.931446405593306 ], [ 693948.183596976683475, 3768599.64717515790835 ], [ 693936.4678682241356, 3768571.362903910223395 ], [ 693915.98720985732507, 3768560.415763941593468 ], [ 693866.494505843962543, 3768558.379631299059838 ] ] ], [ [ [ 693973.806312372442335, 3768850.734939198940992 ], [ 693951.583503051660955, 3768857.476154706906527 ], [ 693936.851131072035059, 3768875.427601904142648 ], [ 693934.574901156360283, 3768898.538552079815418 ], [ 693948.430581005872227, 3768921.655357333365828 ], [ 693966.00269949180074, 3768929.966350415255874 ], [ 694034.480392159428447, 3768936.606948961038142 ], [ 694065.400810293969698, 3768921.982680327724665 ], [ 694074.287781226332299, 3768892.68626334797591 ], [ 694059.856123525998555, 3768865.686530826613307 ], [ 694042.284005040070042, 3768857.37553774472326 ], [ 693973.806312372442335, 3768850.734939198940992 ] ] ], [ [ [ 693969.30278749554418, 3769135.873217054177076 ], [ 693942.643305141828023, 3769139.82777769677341 ], [ 693924.54399331449531, 3769159.797290975693613 ], [ 693922.267763398820534, 3769182.908241151366383 ], [ 693936.123443248332478, 3769206.025046404916793 ], [ 694017.43997961410787, 3769226.806587669998407 ], [ 694048.299780795234255, 3769226.017934960313141 ], [ 694067.608811839600094, 3769213.116052897647023 ], [ 694076.495782771962695, 3769183.819635917898268 ], [ 694062.064125071628951, 3769156.819903396535665 ], [ 693969.30278749554418, 3769135.873217054177076 ] ] ], [ [ [ 693790.348051402950659, 3769680.699399461969733 ], [ 693769.867393036140129, 3769691.64653943059966 ], [ 693758.920253067510203, 3769712.12719779741019 ], [ 693761.196482983184978, 3769735.23814797308296 ], [ 693772.775932917022146, 3769750.851228812709451 ], [ 693866.565458689699881, 3769783.502700795419514 ], [ 693901.40656243741978, 3769769.07104309508577 ], [ 693910.293533369782381, 3769739.774626115337014 ], [ 693895.861875669448636, 3769712.774893593974411 ], [ 693790.348051402950659, 3769680.699399461969733 ] ] ], [ [ [ 693691.243414346128702, 3770316.104492091108114 ], [ 693673.65883460000623, 3770345.442590970080346 ], [ 693688.090492300339974, 3770380.283694717567414 ], [ 693743.212336951401085, 3770396.600445287302136 ], [ 693774.132755085942335, 3770381.976176653988659 ], [ 693783.019726018304937, 3770352.679759674239904 ], [ 693768.588068317971192, 3770325.680027152877301 ], [ 693733.278038789751008, 3770310.442964436952025 ], [ 693691.243414346128702, 3770316.104492091108114 ] ] ], [ [ [ 694372.524422395974398, 3766752.538629669696093 ], [ 694343.228005416225642, 3766743.651658737100661 ], [ 694316.228272894863039, 3766758.083316437434405 ], [ 694307.341301962500438, 3766787.379733417183161 ], [ 694321.772959662834182, 3766814.379465938545763 ], [ 694351.069376642582938, 3766823.266436871141195 ], [ 694378.069109163945541, 3766808.834779170807451 ], [ 694386.956080096308142, 3766779.538362191058695 ], [ 694372.524422395974398, 3766752.538629669696093 ] ] ], [ [ [ 694322.631392119335942, 3767327.74985067686066 ], [ 694285.644273662590422, 3767320.392655381932855 ], [ 694233.277994800591841, 3767352.477003806270659 ], [ 694218.846337100258097, 3767379.476736327633262 ], [ 694227.733308032620698, 3767408.773153307382017 ], [ 694243.346388872596435, 3767420.352603241335601 ], [ 694266.457339047803544, 3767422.628833157010376 ], [ 694322.631392119335942, 3767389.590686945710331 ], [ 694337.255660752765834, 3767358.670268811285496 ], [ 694322.631392119335942, 3767327.74985067686066 ] ] ], [ [ [ 694486.092200839542784, 3767589.54768798686564 ], [ 694464.444803437567316, 3767605.602492095436901 ], [ 694457.896198862814344, 3767631.745987029280514 ], [ 694469.419316682266071, 3767656.109572663903236 ], [ 694489.899975049076602, 3767667.056712632533163 ], [ 694535.801497942302376, 3767661.924464568961412 ], [ 694586.304427930270322, 3767643.573797455988824 ], [ 694610.228501851786859, 3767614.422229036223143 ], [ 694604.255875127855688, 3767584.395806834567338 ], [ 694578.800703516346402, 3767567.387204939033836 ], [ 694486.092200839542784, 3767589.54768798686564 ] ] ], [ [ [ 694226.130525513435714, 3767981.604040022939444 ], [ 694200.754794146865606, 3767972.524458157364279 ], [ 694132.091781050432473, 3767978.156147474888712 ], [ 694106.736739015672356, 3767995.02974026510492 ], [ 694083.351075873128138, 3767984.392959727440029 ], [ 694037.615454721497372, 3767990.849871418438852 ], [ 694001.527645535301417, 3768013.416722453664988 ], [ 693996.508816598216072, 3768047.250918864738196 ], [ 694012.563620706670918, 3768068.898316266480833 ], [ 694034.786430027452298, 3768075.639531774446368 ], [ 694094.737727554515004, 3768061.155530095100403 ], [ 694112.589045175351202, 3768046.558167220558971 ], [ 694139.895393931074068, 3768057.387558691203594 ], [ 694212.366181237041019, 3768050.80207158671692 ], [ 694229.039065394317731, 3768040.808729405049235 ], [ 694239.986205362947658, 3768020.328071038238704 ], [ 694237.709975447272882, 3767997.217120862565935 ], [ 694226.130525513435714, 3767981.604040022939444 ] ] ], [ [ [ 694414.115081288618967, 3768272.904053392354399 ], [ 694389.75149565434549, 3768261.380935573019087 ], [ 694313.286644417676143, 3768266.137411076575518 ], [ 694289.621180933900177, 3768285.559155032970011 ], [ 694286.62041807861533, 3768316.026411596219987 ], [ 694296.613760260399431, 3768332.699295753613114 ], [ 694317.094418627209961, 3768343.646435722243041 ], [ 694397.442197131342255, 3768339.465938069391996 ], [ 694414.115081288618967, 3768329.47259588772431 ], [ 694425.062221257248893, 3768308.99193752091378 ], [ 694414.115081288618967, 3768272.904053392354399 ] ] ], [ [ [ 694405.849440586520359, 3768584.364049304742366 ], [ 694376.553023606771603, 3768575.477078372146934 ], [ 694349.352744343574159, 3768590.179142051376402 ], [ 694327.124718469101936, 3768577.304079132620245 ], [ 694292.587000260245986, 3768577.372787465341389 ], [ 694268.92153677647002, 3768596.794531421735883 ], [ 694265.920773921185173, 3768627.261787984985858 ], [ 694275.914116102969274, 3768643.934672142378986 ], [ 694296.394774469779804, 3768654.881812111008912 ], [ 694327.124718469101936, 3768655.766901565250009 ], [ 694350.442070464836434, 3768641.640815736725926 ], [ 694368.862322129774839, 3768653.562080868519843 ], [ 694392.085096310125664, 3768653.562080868519843 ], [ 694408.757980467402376, 3768643.568738686852157 ], [ 694419.705120436032303, 3768623.088080320041627 ], [ 694417.428890520357527, 3768599.977130144368857 ], [ 694405.849440586520359, 3768584.364049304742366 ] ] ], [ [ [ 694460.138149455538951, 3768583.978252542205155 ], [ 694436.472685971762985, 3768603.399996498599648 ], [ 694433.471923116478138, 3768633.867253061849624 ], [ 694449.526727224932984, 3768655.514650463592261 ], [ 694482.958768273121677, 3768664.311609570868313 ], [ 694898.133673266740516, 3768678.724417635705322 ], [ 694926.417944514192641, 3768667.008688883390278 ], [ 694937.941062333644368, 3768642.645103248767555 ], [ 694935.088854567147791, 3768623.417080340906978 ], [ 694920.356482587521896, 3768605.465633143670857 ], [ 694871.77514841069933, 3768595.160818423144519 ], [ 694812.864179974072613, 3768599.536089510656893 ], [ 694460.138149455538951, 3768583.978252542205155 ] ] ], [ [ [ 693993.010537009802647, 3769441.300412239041179 ], [ 693976.337652852525935, 3769451.293754420708865 ], [ 693965.390512883896008, 3769471.774412787519395 ], [ 693976.337652852525935, 3769507.862296916078776 ], [ 694030.38888267299626, 3769526.059676176868379 ], [ 694062.593839533627033, 3769514.536558357533067 ], [ 694074.309568286174908, 3769486.252287109848112 ], [ 694062.593839533627033, 3769457.968015862163156 ], [ 694042.113181166816503, 3769447.02087589353323 ], [ 693993.010537009802647, 3769441.300412239041179 ] ] ], [ [ [ 694402.091016895952635, 3769542.83181476034224 ], [ 694373.80674564850051, 3769531.116086008027196 ], [ 694345.522474401048385, 3769542.83181476034224 ], [ 694333.80674564850051, 3769571.116086008027196 ], [ 694345.522474401048385, 3769599.400357255712152 ], [ 694373.80674564850051, 3769611.116086008027196 ], [ 694402.091016895952635, 3769599.400357255712152 ], [ 694413.80674564850051, 3769571.116086008027196 ], [ 694402.091016895952635, 3769542.83181476034224 ] ] ], [ [ [ 694443.524235286051407, 3769558.508675621822476 ], [ 694422.572715692222118, 3769589.864840582478791 ], [ 694425.424923458718695, 3769609.092863490339369 ], [ 694440.15729543834459, 3769627.044310687575489 ], [ 694507.231542832450941, 3769642.815897657070309 ], [ 694540.490327324601822, 3769625.038706977851689 ], [ 694546.462954048532993, 3769595.012284776195884 ], [ 694529.454352153232321, 3769569.557113165035844 ], [ 694481.591813522041775, 3769555.660540224984288 ], [ 694443.524235286051407, 3769558.508675621822476 ] ] ], [ [ [ 694363.077116913511418, 3769878.75217096041888 ], [ 694342.125597319682129, 3769910.108335921075195 ], [ 694356.557255020015873, 3769944.949439668562263 ], [ 694422.12436821765732, 3769965.845055227633566 ], [ 694456.965471965377219, 3769951.413397527299821 ], [ 694465.85244289773982, 3769922.116980547551066 ], [ 694451.420785197406076, 3769895.117248026188463 ], [ 694405.155997077119537, 3769876.352234388701618 ], [ 694363.077116913511418, 3769878.75217096041888 ] ] ], [ [ [ 694411.033543454832397, 3770232.36515496019274 ], [ 694381.737126475083642, 3770223.478184027597308 ], [ 694354.737393953721039, 3770237.909841727931052 ], [ 694345.850423021358438, 3770267.206258707679808 ], [ 694360.282080721692182, 3770294.205991229042411 ], [ 694389.578497701440938, 3770303.092962161637843 ], [ 694416.578230222803541, 3770288.661304461304098 ], [ 694425.465201155166142, 3770259.364887481555343 ], [ 694411.033543454832397, 3770232.36515496019274 ] ] ], [ [ [ 694188.079858315759338, 3770481.661592795047909 ], [ 694158.741759436787106, 3770499.246172541286796 ], [ 694155.045362628530711, 3770536.776319156866521 ], [ 694190.316442384151742, 3770565.713541275355965 ], [ 694220.931116973282769, 3770565.713541275355965 ], [ 694242.578960979124531, 3770544.065697269514203 ], [ 694242.578960979124531, 3770513.451022679917514 ], [ 694224.479649151791818, 3770493.481509400997311 ], [ 694188.079858315759338, 3770481.661592795047909 ] ] ], [ [ [ 694732.336321188719012, 3767896.765928704291582 ], [ 694707.065920213470235, 3767906.738987441640347 ], [ 694692.33354823384434, 3767924.690434638876468 ], [ 694690.057318318169564, 3767947.801384814549237 ], [ 694701.00445828679949, 3767968.282043181359768 ], [ 694729.288729534251615, 3767979.997771933674812 ], [ 694782.693165185628459, 3767975.188087350223213 ], [ 694803.173823552438989, 3767964.240947381593287 ], [ 694814.889552304986864, 3767935.956676133908331 ], [ 694803.173823552438989, 3767907.672404886223376 ], [ 694782.693165185628459, 3767896.725264917593449 ], [ 694732.336321188719012, 3767896.765928704291582 ] ] ], [ [ [ 694636.81577141105663, 3767928.28314177505672 ], [ 694608.531500163604505, 3767916.567413022741675 ], [ 694580.24722891615238, 3767928.28314177505672 ], [ 694568.531500163604505, 3767956.567413022741675 ], [ 694580.24722891615238, 3767984.851684270426631 ], [ 694608.531500163604505, 3767996.567413022741675 ], [ 694636.81577141105663, 3767984.851684270426631 ], [ 694648.531500163604505, 3767956.567413022741675 ], [ 694636.81577141105663, 3767928.28314177505672 ] ] ], [ [ [ 694913.794461725279689, 3768249.227186650037766 ], [ 694888.418730358709581, 3768240.147604784462601 ], [ 694770.322053254698403, 3768250.197124789934605 ], [ 694746.656589770922437, 3768269.618868746329099 ], [ 694743.65582691563759, 3768300.086125309579074 ], [ 694756.557708978303708, 3768319.395156353712082 ], [ 694778.012754731695168, 3768328.282127286307514 ], [ 694900.030117448884994, 3768318.425218213815242 ], [ 694916.703001606161706, 3768308.431876032147557 ], [ 694927.650141574791633, 3768287.951217665337026 ], [ 694925.373911659116857, 3768264.840267489664257 ], [ 694913.794461725279689, 3768249.227186650037766 ] ] ], [ [ [ 694574.564080034731887, 3768925.123569718096405 ], [ 694545.267663054983132, 3768916.236598785500973 ], [ 694518.267930533620529, 3768930.668256485834718 ], [ 694509.380959601257928, 3768959.964673465583473 ], [ 694523.812617301591672, 3768986.964405986946076 ], [ 694553.109034281340428, 3768995.851376919541508 ], [ 694580.10876680270303, 3768981.419719219207764 ], [ 694588.995737735065632, 3768952.123302239459008 ], [ 694574.564080034731887, 3768925.123569718096405 ] ] ], [ [ [ 695437.090781942708418, 3769422.586919979192317 ], [ 695407.794364962959662, 3769413.699949046596885 ], [ 695380.794632441597059, 3769428.131606746930629 ], [ 695371.907661509234458, 3769457.428023726679385 ], [ 695386.339319209568202, 3769484.427756248041987 ], [ 695415.635736189316958, 3769493.314727180637419 ], [ 695442.635468710679561, 3769478.883069480303675 ], [ 695451.522439643042162, 3769449.586652500554919 ], [ 695437.090781942708418, 3769422.586919979192317 ] ] ], [ [ [ 695346.602276309626177, 3769772.1824078890495 ], [ 695317.305859329877421, 3769763.295436956454068 ], [ 695290.306126808514819, 3769777.727094656787813 ], [ 695281.419155876152217, 3769807.023511636536568 ], [ 695295.850813576485962, 3769834.023244157899171 ], [ 695325.147230556234717, 3769842.910215090494603 ], [ 695352.14696307759732, 3769828.478557390160859 ], [ 695361.033934009959921, 3769799.182140410412103 ], [ 695346.602276309626177, 3769772.1824078890495 ] ] ], [ [ [ 694900.87172568810638, 3770751.712776904460043 ], [ 694871.575308708357625, 3770742.825805971864611 ], [ 694844.575576186995022, 3770757.257463672198355 ], [ 694835.688605254632421, 3770786.553880651947111 ], [ 694850.120262954966165, 3770813.553613173309714 ], [ 694879.416679934714921, 3770822.440584105905145 ], [ 694906.416412456077524, 3770808.008926405571401 ], [ 694915.303383388440125, 3770778.712509425822645 ], [ 694900.87172568810638, 3770751.712776904460043 ] ] ] ] } },
{ "type": "Feature", "properties": { "depth_bin": "245-250" }, "geometry": { "type": "MultiPolygon", "coordinates": [ [ [ [ 689768.22101977118291, 3765687.389503841288388 ], [ 689736.016062910552137, 3765675.866386021953076 ], [ 689709.016330389189534, 3765690.29804372228682 ], [ 689694.487152418936603, 3765730.91507645463571 ], [ 689709.111421052366495, 3765761.835494589060545 ], [ 689738.407838032115251, 3765770.722465521655977 ], [ 689765.407570553477854, 3765756.290807821322232 ], [ 689779.936748523730785, 3765715.673775088973343 ], [ 689768.22101977118291, 3765687.389503841288388 ] ] ], [ [ [ 690096.112497867667116, 3765807.339530248660594 ], [ 690067.828226620214991, 3765795.62380149634555 ], [ 690039.543955372762866, 3765807.339530248660594 ], [ 690027.828226620214991, 3765835.62380149634555 ], [ 690039.543955372762866, 3765863.908072744030505 ], [ 690067.828226620214991, 3765875.62380149634555 ], [ 690096.112497867667116, 3765863.908072744030505 ], [ 690107.828226620214991, 3765835.62380149634555 ], [ 690096.112497867667116, 3765807.339530248660594 ] ] ], [ [ [ 690424.259166499366984, 3765816.616164579987526 ], [ 690395.974895251914859, 3765804.900435827672482 ], [ 690367.690624004462734, 3765816.616164579987526 ], [ 690355.974895251914859, 3765844.900435827672482 ], [ 690367.690624004462734, 3765873.184707075357437 ], [ 690395.974895251914859, 3765884.900435827672482 ], [ 690424.259166499366984, 3765873.184707075357437 ], [ 690435.974895251914859, 3765844.900435827672482 ], [ 690424.259166499366984, 3765816.616164579987526 ] ] ], [ [ [ 690746.920789444469847, 3765959.339503797702491 ], [ 690718.636518197017722, 3765947.623775045387447 ], [ 690690.352246949565597, 3765959.339503797702491 ], [ 690678.636518197017722, 3765987.623775045387447 ], [ 690690.352246949565597, 3766015.908046293072402 ], [ 690718.636518197017722, 3766027.623775045387447 ], [ 690746.920789444469847, 3766015.908046293072402 ], [ 690758.636518197017722, 3765987.623775045387447 ], [ 690746.920789444469847, 3765959.339503797702491 ] ] ], [ [ [ 691377.672492490382865, 3766182.435502346605062 ], [ 691349.38822124293074, 3766170.719773594290018 ], [ 691321.103949995478615, 3766182.435502346605062 ], [ 691309.38822124293074, 3766210.719773594290018 ], [ 691321.103949995478615, 3766239.004044841974974 ], [ 691349.38822124293074, 3766250.719773594290018 ], [ 691377.672492490382865, 3766239.004044841974974 ], [ 691389.38822124293074, 3766210.719773594290018 ], [ 691377.672492490382865, 3766182.435502346605062 ] ] ], [ [ [ 692685.906351213227026, 3766247.643300298135728 ], [ 692657.622079965774901, 3766235.927571545820683 ], [ 692629.337808718322776, 3766247.643300298135728 ], [ 692617.622079965774901, 3766275.927571545820683 ], [ 692629.337808718322776, 3766304.211842793505639 ], [ 692657.622079965774901, 3766315.927571545820683 ], [ 692685.906351213227026, 3766304.211842793505639 ], [ 692697.622079965774901, 3766275.927571545820683 ], [ 692685.906351213227026, 3766247.643300298135728 ] ] ], [ [ [ 692294.00188014190644, 3766700.54505061917007 ], [ 692265.717608894454315, 3766688.829321866855025 ], [ 692237.43333764700219, 3766700.54505061917007 ], [ 692225.717608894454315, 3766728.829321866855025 ], [ 692237.43333764700219, 3766757.113593114539981 ], [ 692265.717608894454315, 3766768.829321866855025 ], [ 692294.00188014190644, 3766757.113593114539981 ], [ 692305.717608894454315, 3766728.829321866855025 ], [ 692294.00188014190644, 3766700.54505061917007 ] ] ], [ [ [ 692605.415034209261648, 3766759.58129775011912 ], [ 692573.210077348630875, 3766748.058179930783808 ], [ 692543.871978469658643, 3766765.642759677022696 ], [ 692538.782128709251992, 3766811.173244047444314 ], [ 692555.790730604552664, 3766836.628415658604354 ], [ 692585.817152805975638, 3766842.601042382884771 ], [ 692611.272324417484924, 3766825.592440487351269 ], [ 692616.938152028713375, 3766783.944883384741843 ], [ 692605.415034209261648, 3766759.58129775011912 ] ] ], [ [ [ 691977.860193224390969, 3766776.324148257728666 ], [ 691941.772309096297249, 3766765.37700828909874 ], [ 691912.620740676531568, 3766789.301082210615277 ], [ 691905.659107791841961, 3766857.888419330585748 ], [ 691929.583181713358499, 3766887.039987750351429 ], [ 691960.197856302489527, 3766887.039987750351429 ], [ 691981.845700308331288, 3766865.392143744509667 ], [ 691989.575921976938844, 3766804.608419505413622 ], [ 691977.860193224390969, 3766776.324148257728666 ] ] ], [ [ [ 692842.000099693308584, 3766878.042841404210776 ], [ 692833.765289627248421, 3766923.034023045096546 ], [ 692854.530462310649455, 3766950.691542448475957 ], [ 692826.074031881173141, 3766968.145339034497738 ], [ 692820.10140515724197, 3766998.171761236153543 ], [ 692837.110007052542642, 3767023.626932847313583 ], [ 692867.136429253965616, 3767029.599559571594 ], [ 692887.617087620776147, 3767018.652419602964073 ], [ 692899.140205440227874, 3766994.288833968341351 ], [ 692894.6096669472754, 3766971.51227888232097 ], [ 692877.79905490600504, 3766954.907016071025282 ], [ 692906.255485335481353, 3766937.453219485003501 ], [ 692928.879834932391532, 3766879.744537338148803 ], [ 692935.185437998734415, 3766822.610414043534547 ], [ 692923.662320179282688, 3766798.246828408911824 ], [ 692895.378048931830563, 3766786.53109965659678 ], [ 692867.093777684378438, 3766798.246828408911824 ], [ 692851.463733179494739, 3766829.378879639320076 ], [ 692850.208806877490133, 3766865.540919872466475 ], [ 692842.000099693308584, 3766878.042841404210776 ] ] ], [ [ [ 689786.493139944039285, 3766952.225199669133872 ], [ 689758.20886869658716, 3766940.509470916818827 ], [ 689729.924597449135035, 3766952.225199669133872 ], [ 689718.20886869658716, 3766980.509470916818827 ], [ 689729.924597449135035, 3767008.793742164503783 ], [ 689758.20886869658716, 3767020.509470916818827 ], [ 689786.493139944039285, 3767008.793742164503783 ], [ 689798.20886869658716, 3766980.509470916818827 ], [ 689786.493139944039285, 3766952.225199669133872 ] ] ], [ [ [ 692261.489172392408364, 3766972.938476908020675 ], [ 692229.284215531777591, 3766961.415359088685364 ], [ 692199.946116652805358, 3766978.999938834924251 ], [ 692185.370765129220672, 3767030.968367998488247 ], [ 692203.147955808439292, 3767064.227152490522712 ], [ 692233.174378009862266, 3767070.199779214803129 ], [ 692258.629549621371552, 3767053.191177319269627 ], [ 692273.204901144956239, 3767001.222748155705631 ], [ 692261.489172392408364, 3766972.938476908020675 ] ] ], [ [ [ 690980.654084600508213, 3767037.473019049502909 ], [ 690952.369813353056088, 3767025.757290297187865 ], [ 690924.085542105603963, 3767037.473019049502909 ], [ 690912.369813353056088, 3767065.757290297187865 ], [ 690924.085542105603963, 3767094.04156154487282 ], [ 690952.369813353056088, 3767105.757290297187865 ], [ 690980.654084600508213, 3767094.04156154487282 ], [ 690992.369813353056088, 3767065.757290297187865 ], [ 690980.654084600508213, 3767037.473019049502909 ] ] ], [ [ [ 692553.863928635139018, 3767113.720739423763007 ], [ 692521.658971774508245, 3767102.197621604427695 ], [ 692494.659239253145643, 3767116.62927930476144 ], [ 692482.721945998608135, 3767153.847041992470622 ], [ 692497.346214632038027, 3767184.767460126895458 ], [ 692526.642631611786783, 3767193.654431059490889 ], [ 692553.642364133149385, 3767179.222773359157145 ], [ 692565.579657387686893, 3767142.005010671447963 ], [ 692553.863928635139018, 3767113.720739423763007 ] ] ], [ [ [ 692834.44437757297419, 3767234.153292398434132 ], [ 692806.160106325522065, 3767222.437563646119088 ], [ 692777.87583507806994, 3767234.153292398434132 ], [ 692766.160106325522065, 3767262.437563646119088 ], [ 692777.87583507806994, 3767290.721834893804044 ], [ 692806.160106325522065, 3767302.437563646119088 ], [ 692834.44437757297419, 3767290.721834893804044 ], [ 692846.160106325522065, 3767262.437563646119088 ], [ 692834.44437757297419, 3767234.153292398434132 ] ] ], [ [ [ 692187.157494713319466, 3767562.833964110352099 ], [ 692158.873223465867341, 3767551.118235358037055 ], [ 692130.588952218415216, 3767562.833964110352099 ], [ 692118.873223465867341, 3767591.118235358037055 ], [ 692130.588952218415216, 3767619.40250660572201 ], [ 692158.873223465867341, 3767631.118235358037055 ], [ 692187.157494713319466, 3767619.40250660572201 ], [ 692198.873223465867341, 3767591.118235358037055 ], [ 692187.157494713319466, 3767562.833964110352099 ] ] ], [ [ [ 692673.690609174082056, 3768041.391084430273622 ], [ 692641.485652313451283, 3768029.867966610938311 ], [ 692612.14755343447905, 3768047.452546357177198 ], [ 692598.364214934874326, 3768099.328901283908635 ], [ 692616.141405614092946, 3768132.5876857759431 ], [ 692646.167827815515921, 3768138.560312500223517 ], [ 692671.622999427025206, 3768121.551710604690015 ], [ 692685.406337926629931, 3768069.675355677958578 ], [ 692673.690609174082056, 3768041.391084430273622 ] ] ], [ [ [ 692841.162731295684353, 3768064.12047154083848 ], [ 692831.776042788405903, 3768105.491509065032005 ], [ 692784.748022266896442, 3768111.324485891032964 ], [ 692750.427307298756205, 3768139.802299557253718 ], [ 692741.540336366393603, 3768161.257345310878009 ], [ 692746.070874859346077, 3768184.033900396898389 ], [ 692766.696733229910024, 3768202.368056253530085 ], [ 692775.772305205930024, 3768227.662164445966482 ], [ 692800.021671241614968, 3768251.434735063463449 ], [ 692818.323794949217699, 3768257.983339638449252 ], [ 692844.467289883177727, 3768251.434735063463449 ], [ 692888.428213070845231, 3768208.042759595438838 ], [ 692888.428213070845231, 3768177.428085005842149 ], [ 692861.593886980670504, 3768154.084450071677566 ], [ 692862.70089804683812, 3768146.955988913308829 ], [ 692878.348547237575985, 3768162.086743669584394 ], [ 692904.565312913386151, 3768166.10697512794286 ], [ 692926.720918989391066, 3768183.009674184489995 ], [ 692962.952328991610557, 3768177.269908518530428 ], [ 692971.90420525346417, 3768200.046132604125887 ], [ 692995.021010507363826, 3768213.901812453754246 ], [ 693067.704498973092996, 3768210.333992078434676 ], [ 693101.016388604184613, 3768200.578395209275186 ], [ 693151.360315947211348, 3768144.883090153802186 ], [ 693150.037883818382397, 3768117.964365768712014 ], [ 693128.47565730358474, 3768096.357015820220113 ], [ 693186.273632679134607, 3768070.059032613411546 ], [ 693197.710984428995289, 3768037.275887876749039 ], [ 693235.561180130927823, 3768007.568752328399569 ], [ 693239.515740773058496, 3767980.909269974566996 ], [ 693222.507138877757825, 3767955.454098363406956 ], [ 693192.48071667633485, 3767949.481471639126539 ], [ 693115.649228622554801, 3768003.03161753108725 ], [ 693098.167646507848985, 3767974.387872282415628 ], [ 693064.333450096892193, 3767969.369043345097452 ], [ 693040.667986613116227, 3767988.790787301491946 ], [ 693019.55087017826736, 3768045.55608098488301 ], [ 692920.07036227278877, 3768076.729041667189449 ], [ 692963.316618409240618, 3767909.836896335240453 ], [ 692948.692349775810726, 3767878.916478200815618 ], [ 692915.513005528599024, 3767870.605485118925571 ], [ 692886.361437108833343, 3767894.529559040442109 ], [ 692841.162731295684353, 3768064.12047154083848 ] ] ], [ [ [ 692637.784383284626529, 3768152.483008469920605 ], [ 692614.67343310941942, 3768150.20677855424583 ], [ 692597.101314623490907, 3768158.517771636135876 ], [ 692585.521864689653739, 3768174.130852475762367 ], [ 692583.245634773978963, 3768197.241802651435137 ], [ 692603.621176516986452, 3768224.715040344279259 ], [ 692656.661891417810693, 3768240.404623792506754 ], [ 692682.117063029319979, 3768223.396021896973252 ], [ 692688.08968975325115, 3768193.369599695317447 ], [ 692674.234009903739206, 3768170.252794441767037 ], [ 692637.784383284626529, 3768152.483008469920605 ] ] ], [ [ [ 693213.223468945827335, 3766895.863726301118731 ], [ 693181.018512085196562, 3766884.34060848178342 ], [ 693154.018779563833959, 3766898.772266182117164 ], [ 693140.52483577048406, 3766938.739577561151236 ], [ 693155.149104403913952, 3766969.659995695576072 ], [ 693184.445521383662708, 3766978.546966628171504 ], [ 693211.445253905025311, 3766964.115308927837759 ], [ 693224.93919769837521, 3766924.147997548803687 ], [ 693213.223468945827335, 3766895.863726301118731 ] ] ], [ [ [ 693477.933035967871547, 3767012.69328939402476 ], [ 693441.845151839777827, 3767001.746149425394833 ], [ 693414.371914146468043, 3767022.121691168751568 ], [ 693388.139243050711229, 3767097.850208637304604 ], [ 693394.880458558560349, 3767120.073017958085984 ], [ 693409.283373577636667, 3767133.127059211023152 ], [ 693439.750630140886642, 3767136.127822066657245 ], [ 693463.416093624662608, 3767116.706078110262752 ], [ 693466.529495576280169, 3767086.688502026256174 ], [ 693489.456153787323274, 3767044.898246254771948 ], [ 693477.933035967871547, 3767012.69328939402476 ] ] ], [ [ [ 693281.483291126322001, 3767525.020799063146114 ], [ 693261.002632759511471, 3767514.073659094516188 ], [ 693241.587632788694464, 3767515.027456881478429 ], [ 693208.905698711052537, 3767547.191926639527082 ], [ 693188.622670457349159, 3767625.353100102860481 ], [ 693195.363885965198278, 3767647.57590942364186 ], [ 693209.766800984274596, 3767660.629950676579028 ], [ 693240.234057547524571, 3767663.630713532213122 ], [ 693263.899521031300537, 3767644.208969575818628 ], [ 693293.006408945773728, 3767557.225755923893303 ], [ 693281.483291126322001, 3767525.020799063146114 ] ] ], [ [ [ 693414.870832339394838, 3767612.067595715168864 ], [ 693353.221722142538056, 3767721.773058543447405 ], [ 693349.267161500407383, 3767748.432540897279978 ], [ 693366.275763395708054, 3767773.887712508440018 ], [ 693402.982794953626581, 3767777.878624593839049 ], [ 693420.545063301338814, 3767807.06631224276498 ], [ 693450.571485502761789, 3767813.038938967045397 ], [ 693471.052143869572319, 3767802.09179899841547 ], [ 693510.788267623633146, 3767747.237269776873291 ], [ 693531.227055252529681, 3767738.501046496909112 ], [ 693544.128937315195799, 3767719.192015452776104 ], [ 693539.110108378110453, 3767685.357819041702896 ], [ 693513.654936766601168, 3767668.349217146169394 ], [ 693486.99545441288501, 3767672.303777788765728 ], [ 693466.880332483910024, 3767698.737361306324601 ], [ 693456.123054415103979, 3767701.621804166585207 ], [ 693639.047983520664275, 3767369.029917357955128 ], [ 693640.370415649493225, 3767342.111192972864956 ], [ 693624.315611541038379, 3767320.463795571122319 ], [ 693594.289189339615405, 3767314.491168846841902 ], [ 693568.834017728106119, 3767331.499770742375404 ], [ 693414.870832339394838, 3767612.067595715168864 ] ] ], [ [ [ 693168.852063023368828, 3768319.945598603691906 ], [ 693140.567791775916703, 3768308.229869851376861 ], [ 693112.283520528464578, 3768319.945598603691906 ], [ 693100.567791775916703, 3768348.229869851376861 ], [ 693112.283520528464578, 3768376.514141099061817 ], [ 693140.567791775916703, 3768388.229869851376861 ], [ 693168.852063023368828, 3768376.514141099061817 ], [ 693180.567791775916703, 3768348.229869851376861 ], [ 693168.852063023368828, 3768319.945598603691906 ] ] ], [ [ [ 693692.749426954193041, 3767108.378933169879019 ], [ 693622.142878108657897, 3767239.293647427111864 ], [ 693628.115504832589068, 3767269.320069628767669 ], [ 693653.570676444098353, 3767286.328671524301171 ], [ 693676.681626619305462, 3767284.052441608626395 ], [ 693694.633073816890828, 3767269.320069628767669 ], [ 693778.657715304056183, 3767119.818708897568285 ], [ 693783.188253797008656, 3767097.042153811547905 ], [ 693768.756596096674912, 3767070.042421290185302 ], [ 693739.460179116926156, 3767061.155450357589871 ], [ 693715.096593482652679, 3767072.678568176925182 ], [ 693692.749426954193041, 3767108.378933169879019 ] ] ], [ [ [ 693691.800237422226928, 3767441.406518088188022 ], [ 693639.680153734283522, 3767506.882711152546108 ], [ 693645.652780458214693, 3767536.909133354201913 ], [ 693671.107952069723979, 3767553.917735249735415 ], [ 693704.287296316935681, 3767545.606742167845368 ], [ 693762.054441263317131, 3767484.578250805381685 ], [ 693794.387859200593084, 3767441.67160622170195 ], [ 693797.388622055877931, 3767411.204349658451974 ], [ 693777.966878099716268, 3767387.538886175025254 ], [ 693747.499621536466293, 3767384.538123319391161 ], [ 693691.800237422226928, 3767441.406518088188022 ] ] ], [ [ [ 693642.0913828429766, 3767550.850508930161595 ], [ 693609.886425982345827, 3767539.327391110826284 ], [ 693582.886693460983224, 3767553.759048811160028 ], [ 693575.227338230586611, 3767589.539877186063677 ], [ 693553.131666721426882, 3767598.458320043981075 ], [ 693529.048274675267749, 3767628.291676599532366 ], [ 693529.048274675267749, 3767651.514450780116022 ], [ 693541.950156737933867, 3767670.823481824249029 ], [ 693575.129500985145569, 3767679.134474906139076 ], [ 693609.42781622253824, 3767654.754469545092434 ], [ 693617.087171452934854, 3767618.973641170188785 ], [ 693639.182842962094583, 3767610.055198312271386 ], [ 693652.084725024760701, 3767590.746167268138379 ], [ 693653.038522811606526, 3767571.331167296972126 ], [ 693642.0913828429766, 3767550.850508930161595 ] ] ], [ [ [ 693743.944393529789522, 3768296.824884416535497 ], [ 693715.660122282337397, 3768285.109155664220452 ], [ 693687.375851034885272, 3768296.824884416535497 ], [ 693675.660122282337397, 3768325.109155664220452 ], [ 693687.375851034885272, 3768353.393426911905408 ], [ 693715.660122282337397, 3768365.109155664220452 ], [ 693743.944393529789522, 3768353.393426911905408 ], [ 693755.660122282337397, 3768325.109155664220452 ], [ 693743.944393529789522, 3768296.824884416535497 ] ] ], [ [ [ 693606.869236659491435, 3768303.875815310981125 ], [ 693582.505651025217958, 3768292.352697491645813 ], [ 693517.643614890170284, 3768296.082968257367611 ], [ 693495.995770884328522, 3768317.730812263209373 ], [ 693495.995770884328522, 3768348.345486852806062 ], [ 693525.147339304094203, 3768372.269560774322599 ], [ 693593.892302706604823, 3768369.115267859306186 ], [ 693617.816376628121361, 3768339.963699439540505 ], [ 693606.869236659491435, 3768303.875815310981125 ] ] ], [ [ [ 693985.825670023681596, 3767183.611605335958302 ], [ 693949.737785895587876, 3767172.664465367328376 ], [ 693917.934018743690103, 3767193.949417009949684 ], [ 693896.374098336789757, 3767229.846117514651269 ], [ 693907.897216156241484, 3767262.051074375398457 ], [ 693936.181487403693609, 3767273.766803127713501 ], [ 693964.465758651145734, 3767262.051074375398457 ], [ 693995.819012205465697, 3767223.507263673935086 ], [ 693996.772809992311522, 3767204.092263702768832 ], [ 693985.825670023681596, 3767183.611605335958302 ] ] ], [ [ [ 694274.371331708971411, 3767363.677332299295813 ], [ 694238.283447580877692, 3767352.730192330665886 ], [ 694169.106038521509618, 3767385.81733332015574 ], [ 694152.097436626208946, 3767411.27250493131578 ], [ 694158.070063350140117, 3767441.298927132971585 ], [ 694176.021510547725484, 3767456.031299112830311 ], [ 694195.249533455469646, 3767458.883506879210472 ], [ 694235.913587291957811, 3767445.804591928608716 ], [ 694268.309869782300666, 3767425.220388039015234 ], [ 694285.894449528423138, 3767395.882289160043001 ], [ 694274.371331708971411, 3767363.677332299295813 ] ] ], [ [ [ 693930.252028130693361, 3767560.424144887365401 ], [ 693894.164144002599642, 3767549.477004918735474 ], [ 693850.912120137712918, 3767574.124621316790581 ], [ 693836.480462437379174, 3767601.124353838153183 ], [ 693845.367433369741775, 3767630.420770817901939 ], [ 693880.208537117461674, 3767644.852428518235683 ], [ 693927.343488249811344, 3767619.628834269475192 ], [ 693941.775145950145088, 3767592.629101748112589 ], [ 693930.252028130693361, 3767560.424144887365401 ] ] ], [ [ [ 694414.899071033927612, 3767616.927752007730305 ], [ 694385.602654054178856, 3767625.814722940325737 ], [ 694371.170996353845112, 3767652.81445546168834 ], [ 694380.057967286207713, 3767682.110872441437095 ], [ 694403.174772540107369, 3767695.966552291065454 ], [ 694474.493722997605801, 3767681.734872510191053 ], [ 694510.511034819530323, 3767657.694393589626998 ], [ 694521.45817478816025, 3767637.213735222816467 ], [ 694515.485548064229079, 3767607.187313021160662 ], [ 694490.030376452719793, 3767590.17871112562716 ], [ 694456.038577048340812, 3767595.387602228205651 ], [ 694414.899071033927612, 3767616.927752007730305 ] ] ], [ [ [ 694085.832431026617996, 3767730.75714861555025 ], [ 694052.653086779406294, 3767722.446155533660203 ], [ 693980.359263795427978, 3767747.694471217691898 ], [ 693963.350661900127307, 3767773.149642828851938 ], [ 693969.323288624058478, 3767803.176065030507743 ], [ 693987.274735821643844, 3767817.90843701036647 ], [ 694006.502758729388006, 3767820.760644776746631 ], [ 694082.679508980829269, 3767794.93635124200955 ], [ 694100.264088726951741, 3767765.598252363037318 ], [ 694085.832431026617996, 3767730.75714861555025 ] ] ], [ [ [ 694319.824205530807376, 3767972.478866444900632 ], [ 694291.539934283355251, 3767960.763137692585588 ], [ 694204.084321865695529, 3767970.879451586864889 ], [ 694180.418858381919563, 3767990.301195543259382 ], [ 694177.418095526634715, 3768020.768452106509358 ], [ 694190.319977589300834, 3768040.077483150642365 ], [ 694211.775023342692293, 3768048.964454083237797 ], [ 694303.151321373530664, 3768039.040751121938229 ], [ 694319.824205530807376, 3768029.047408940270543 ], [ 694330.771345499437302, 3768008.566750573460013 ], [ 694319.824205530807376, 3767972.478866444900632 ] ] ], [ [ [ 694092.367052328772843, 3767996.052713801153004 ], [ 694064.082781081320718, 3767984.33698504883796 ], [ 694035.798509833868593, 3767996.052713801153004 ], [ 694024.082781081320718, 3768024.33698504883796 ], [ 694035.798509833868593, 3768052.621256296522915 ], [ 694064.082781081320718, 3768064.33698504883796 ], [ 694092.367052328772843, 3768052.621256296522915 ], [ 694104.082781081320718, 3768024.33698504883796 ], [ 694092.367052328772843, 3767996.052713801153004 ] ] ], [ [ [ 694382.2210644435836, 3768266.744928063824773 ], [ 694364.121752616250888, 3768286.714441342744976 ], [ 694364.121752616250888, 3768317.329115932341665 ], [ 694382.2210644435836, 3768337.298629211261868 ], [ 694412.47888208727818, 3768343.350605694577098 ], [ 694513.065042614121921, 3768330.773946899455041 ], [ 694538.326447655213997, 3768339.768738583195955 ], [ 694636.580689873546362, 3768330.830167005769908 ], [ 694709.833438848610967, 3768334.896702788770199 ], [ 694738.885885494411923, 3768326.525462692137808 ], [ 694770.709070673794486, 3768331.994836681056768 ], [ 694795.072656308067963, 3768320.471718861721456 ], [ 694806.59577412751969, 3768296.108133227098733 ], [ 694803.743566361023113, 3768276.880110319238156 ], [ 694789.011194381397218, 3768258.928663122002035 ], [ 694740.019812948885374, 3768246.80796125298366 ], [ 694705.593797308509238, 3768253.881422412581742 ], [ 694549.474123078747652, 3768256.618705149739981 ], [ 694517.731283984496258, 3768265.534380832221359 ], [ 694492.469878943404183, 3768256.539589148480445 ], [ 694382.2210644435836, 3768266.744928063824773 ] ] ], [ [ [ 693801.523988498956896, 3768557.962969290558249 ], [ 693785.910907658981159, 3768569.542419224511832 ], [ 693777.023936726618558, 3768590.997464978136122 ], [ 693791.455594426952302, 3768625.83856872562319 ], [ 693847.198156127124093, 3768637.880785872228444 ], [ 693878.118574261665344, 3768623.256517238914967 ], [ 693887.005545194027945, 3768593.960100259166211 ], [ 693872.573887493694201, 3768566.960367737803608 ], [ 693851.118841740302742, 3768558.073396805208176 ], [ 693801.523988498956896, 3768557.962969290558249 ] ] ], [ [ [ 693909.33797263156157, 3768843.595225660130382 ], [ 693891.035848923958838, 3768850.143830235116184 ], [ 693876.303476944332942, 3768868.095277432352304 ], [ 693874.027247028658167, 3768891.206227608025074 ], [ 693884.974386997288093, 3768911.686885974835604 ], [ 693905.455045364098623, 3768922.634025943465531 ], [ 693954.767779352026992, 3768928.416220510844141 ], [ 693986.972736212657765, 3768916.89310269150883 ], [ 693998.68846496520564, 3768888.608831443823874 ], [ 693986.972736212657765, 3768860.324560196138918 ], [ 693951.711407110560685, 3768844.494441536720842 ], [ 693909.33797263156157, 3768843.595225660130382 ] ] ], [ [ [ 693912.263339054305106, 3769128.621114279143512 ], [ 693893.961215346702375, 3769135.169718854129314 ], [ 693879.228843367076479, 3769153.121166051365435 ], [ 693876.376635600579903, 3769172.349188959226012 ], [ 693885.263606532942504, 3769193.804234712850302 ], [ 693927.175430403440259, 3769211.350678771734238 ], [ 693954.220855301478878, 3769211.768756386823952 ], [ 693971.792973787407391, 3769203.457763304933906 ], [ 693986.224631487741135, 3769176.458030783571303 ], [ 693977.337660555378534, 3769147.161613803822547 ], [ 693958.028629511012696, 3769134.259731741156429 ], [ 693912.263339054305106, 3769128.621114279143512 ] ] ], [ [ [ 694386.411934920004569, 3769542.465757588855922 ], [ 694358.127663672552444, 3769530.750028836540878 ], [ 694329.843392425100319, 3769542.465757588855922 ], [ 694318.127663672552444, 3769570.750028836540878 ], [ 694329.843392425100319, 3769599.034300084225833 ], [ 694358.127663672552444, 3769610.750028836540878 ], [ 694386.411934920004569, 3769599.034300084225833 ], [ 694398.127663672552444, 3769570.750028836540878 ], [ 694386.411934920004569, 3769542.465757588855922 ] ] ], [ [ [ 694399.763387747108936, 3770229.484409592114389 ], [ 694371.479116499656811, 3770217.768680839799345 ], [ 694343.194845252204686, 3770229.484409592114389 ], [ 694331.479116499656811, 3770257.768680839799345 ], [ 694343.194845252204686, 3770286.0529520874843 ], [ 694371.479116499656811, 3770297.768680839799345 ], [ 694399.763387747108936, 3770286.0529520874843 ], [ 694411.479116499656811, 3770257.768680839799345 ], [ 694399.763387747108936, 3770229.484409592114389 ] ] ], [ [ [ 693748.677309855469503, 3770325.508991812355816 ], [ 693721.204072162159719, 3770345.884533555712551 ], [ 693719.525741435703821, 3770380.047740323469043 ], [ 693741.173585441545583, 3770401.695584329310805 ], [ 693783.827279496239498, 3770406.238887843675911 ], [ 693805.47512350208126, 3770384.59104383783415 ], [ 693805.47512350208126, 3770353.976369248237461 ], [ 693787.375811674748547, 3770334.006855969317257 ], [ 693748.677309855469503, 3770325.508991812355816 ] ] ], [ [ [ 694288.944681507069618, 3770527.25498232152313 ], [ 694260.660410259617493, 3770515.539253569208086 ], [ 694232.376139012165368, 3770527.25498232152313 ], [ 694220.660410259617493, 3770555.539253569208086 ], [ 694232.376139012165368, 3770583.823524816893041 ], [ 694260.660410259617493, 3770595.539253569208086 ], [ 694288.944681507069618, 3770583.823524816893041 ], [ 694300.660410259617493, 3770555.539253569208086 ], [ 694288.944681507069618, 3770527.25498232152313 ] ] ], [ [ [ 695283.498193893581629, 3767838.680370322894305 ], [ 695254.201776913832873, 3767829.793399390298873 ], [ 695227.20204439247027, 3767844.225057090632617 ], [ 695218.315073460107669, 3767873.521474070381373 ], [ 695232.746731160441414, 3767900.521206591743976 ], [ 695262.043148140190169, 3767909.408177524339408 ], [ 695289.042880661552772, 3767894.976519824005663 ], [ 695297.929851593915373, 3767865.680102844256908 ], [ 695283.498193893581629, 3767838.680370322894305 ] ] ], [ [ [ 694739.522217498510145, 3767911.277725460007787 ], [ 694718.067171745118685, 3767902.390754527412355 ], [ 694683.571794843417592, 3767903.10894611524418 ], [ 694608.293187725474127, 3767918.586487072985619 ], [ 694566.225992312305607, 3767918.874248902779073 ], [ 694517.833958898554556, 3767943.779481966048479 ], [ 694510.476763603859581, 3767980.76660042302683 ], [ 694526.531567712314427, 3768002.413997824769467 ], [ 694548.754377033095807, 3768009.155213332735002 ], [ 694589.547605897299945, 3767995.39411045704037 ], [ 694725.75787322211545, 3767980.475757023785263 ], [ 694742.430757379392162, 3767970.482414842117578 ], [ 694753.377897348022088, 3767950.001756475307047 ], [ 694751.101667432347313, 3767926.890806299634278 ], [ 694739.522217498510145, 3767911.277725460007787 ] ] ], [ [ [ 695434.490404896438122, 3768233.972166779451072 ], [ 695406.206133648985997, 3768222.256438027136028 ], [ 695377.921862401533872, 3768233.972166779451072 ], [ 695366.206133648985997, 3768262.256438027136028 ], [ 695377.921862401533872, 3768290.540709274820983 ], [ 695406.206133648985997, 3768302.256438027136028 ], [ 695434.490404896438122, 3768290.540709274820983 ], [ 695446.206133648985997, 3768262.256438027136028 ], [ 695434.490404896438122, 3768233.972166779451072 ] ] ], [ [ [ 694634.196999761159532, 3768597.076325700618327 ], [ 694604.900582781410776, 3768588.189354768022895 ], [ 694577.900850260048173, 3768602.621012468356639 ], [ 694569.013879327685572, 3768631.917429448105395 ], [ 694583.445537028019316, 3768658.917161969467998 ], [ 694612.741954007768072, 3768667.804132902063429 ], [ 694639.741686529130675, 3768653.372475201729685 ], [ 694648.628657461493276, 3768624.076058221980929 ], [ 694634.196999761159532, 3768597.076325700618327 ] ] ], [ [ [ 694912.256915017962456, 3770755.723769133444875 ], [ 694882.9604980382137, 3770746.836798200849444 ], [ 694855.960765516851097, 3770761.268455901183188 ], [ 694847.073794584488496, 3770790.564872880931944 ], [ 694861.50545228482224, 3770817.564605402294546 ], [ 694890.801869264570996, 3770826.451576334889978 ], [ 694917.801601785933599, 3770812.019918634556234 ], [ 694926.6885727182962, 3770782.723501654807478 ], [ 694912.256915017962456, 3770755.723769133444875 ] ] ] ] } },
{ "type": "Feature", "properties": { "depth_bin": "250-255" }, "geometry": { "type": "MultiPolygon", "coordinates": [ [ [ [ 690099.631399112869985, 3765800.592936825472862 ], [ 690072.631666591507383, 3765786.161279125139117 ], [ 690043.335249611758627, 3765795.048250057734549 ], [ 690028.903591911424883, 3765822.047982579097152 ], [ 690037.790562843787484, 3765851.344399558845907 ], [ 690064.790295365150087, 3765865.776057259179652 ], [ 690094.086712344898842, 3765856.88908632658422 ], [ 690108.518370045232587, 3765829.889353805221617 ], [ 690099.631399112869985, 3765800.592936825472862 ] ] ], [ [ [ 690745.334128903923556, 3765950.135211141780019 ], [ 690717.049857656471431, 3765938.419482389464974 ], [ 690688.765586409019306, 3765950.135211141780019 ], [ 690677.049857656471431, 3765978.419482389464974 ], [ 690688.765586409019306, 3766006.70375363714993 ], [ 690717.049857656471431, 3766018.419482389464974 ], [ 690745.334128903923556, 3766006.70375363714993 ], [ 690757.049857656471431, 3765978.419482389464974 ], [ 690745.334128903923556, 3765950.135211141780019 ] ] ], [ [ [ 691075.692724670865573, 3766051.297315385658294 ], [ 691047.408453423413448, 3766039.58158663334325 ], [ 691019.124182175961323, 3766051.297315385658294 ], [ 691007.408453423413448, 3766079.58158663334325 ], [ 691019.124182175961323, 3766107.865857881028205 ], [ 691047.408453423413448, 3766119.58158663334325 ], [ 691075.692724670865573, 3766107.865857881028205 ], [ 691087.408453423413448, 3766079.58158663334325 ], [ 691075.692724670865573, 3766051.297315385658294 ] ] ], [ [ [ 692026.75441865704488, 3766217.165572545025498 ], [ 691999.754686135682277, 3766202.733914844691753 ], [ 691970.458269155933522, 3766211.620885777287185 ], [ 691956.026611455599777, 3766238.620618298649788 ], [ 691964.913582387962379, 3766267.917035278398544 ], [ 691991.913314909324981, 3766282.348692978732288 ], [ 692021.209731889073737, 3766273.461722046136856 ], [ 692035.641389589407481, 3766246.461989524774253 ], [ 692026.75441865704488, 3766217.165572545025498 ] ] ], [ [ [ 692356.745016497676261, 3766216.982446905225515 ], [ 692328.460745250224136, 3766205.266718152910471 ], [ 692300.176474002772011, 3766216.982446905225515 ], [ 692288.460745250224136, 3766245.266718152910471 ], [ 692300.176474002772011, 3766273.550989400595427 ], [ 692328.460745250224136, 3766285.266718152910471 ], [ 692356.745016497676261, 3766273.550989400595427 ], [ 692368.460745250224136, 3766245.266718152910471 ], [ 692356.745016497676261, 3766216.982446905225515 ] ] ], [ [ [ 692290.050859149661846, 3766715.493266112171113 ], [ 692269.570200782851316, 3766704.546126143541187 ], [ 692250.155200812034309, 3766705.499923930503428 ], [ 692233.482316654757597, 3766715.493266112171113 ], [ 692222.53517668612767, 3766735.973924478981644 ], [ 692213.886371257714927, 3766838.80693843215704 ], [ 692220.434975832467899, 3766857.109062139876187 ], [ 692236.318860635743476, 3766870.863549935165793 ], [ 692209.542149791610427, 3766888.068183657713234 ], [ 692193.823819897603244, 3766939.784246525727212 ], [ 692199.676585075911134, 3767001.684168148320168 ], [ 692228.828153495676816, 3767025.608242069836706 ], [ 692258.85457569709979, 3767019.635615345556289 ], [ 692275.863177592400461, 3766994.180443734396249 ], [ 692273.680697829462588, 3766936.870929901022464 ], [ 692282.60832335066516, 3766906.370307365432382 ], [ 692276.059718775912188, 3766888.068183657713234 ], [ 692260.17583397263661, 3766874.313695862423629 ], [ 692281.978031572070904, 3766863.170524066779763 ], [ 692292.925171540700831, 3766842.689865699969232 ], [ 692301.766587902209722, 3766743.777537359856069 ], [ 692290.050859149661846, 3766715.493266112171113 ] ] ], [ [ [ 692601.915934959775768, 3766789.836400175001472 ], [ 692565.828050831682049, 3766778.889260206371546 ], [ 692538.354813138372265, 3766799.26480194972828 ], [ 692527.123673926456831, 3766867.270230351947248 ], [ 692548.07519352028612, 3766898.626395312603563 ], [ 692578.542450083536096, 3766901.627158168237656 ], [ 692602.207913567312062, 3766882.205414211843163 ], [ 692613.631663712323643, 3766818.120671422686428 ], [ 692601.915934959775768, 3766789.836400175001472 ] ] ], [ [ [ 692760.823802694445476, 3767276.453117932192981 ], [ 692758.5475727787707, 3767299.564068107865751 ], [ 692772.403252628282644, 3767322.680873361416161 ], [ 692797.778983994852751, 3767331.760455226991326 ], [ 692823.154715361422859, 3767322.680873361416161 ], [ 692834.734165295260027, 3767307.06779252178967 ], [ 692848.635429574293084, 3767255.399548402521759 ], [ 692851.625022543012165, 3767228.513162753079087 ], [ 692842.738051610649563, 3767207.058116999454796 ], [ 692815.738319089286961, 3767192.626459299121052 ], [ 692786.441902109538205, 3767201.513430231716484 ], [ 692773.540020046872087, 3767220.822461275849491 ], [ 692760.823802694445476, 3767276.453117932192981 ] ] ], [ [ [ 692658.697921774117276, 3768084.897504387423396 ], [ 692622.610037646023557, 3768073.95036441879347 ], [ 692595.136799952713773, 3768094.325906162150204 ], [ 692593.14565181650687, 3768130.218463561031967 ], [ 692578.195345563115552, 3768172.961262083146721 ], [ 692589.911074315663427, 3768201.245533330831677 ], [ 692627.058850987348706, 3768211.927184037864208 ], [ 692650.939261948922649, 3768231.803396252449602 ], [ 692681.575670375488698, 3768233.100930059328675 ], [ 692707.93171522859484, 3768251.612548155710101 ], [ 692750.914015187998302, 3768244.854015342891216 ], [ 692792.389587557176128, 3768267.283514283597469 ], [ 692835.854162312229164, 3768251.432264236267656 ], [ 692846.80130228085909, 3768230.951605869457126 ], [ 692844.525072365184315, 3768207.840655693784356 ], [ 692807.01603032706771, 3768166.671252446714789 ], [ 692795.574947815970518, 3768142.860703938640654 ], [ 692778.902063658693805, 3768132.867361756972969 ], [ 692746.740211662137881, 3768129.077612420544028 ], [ 692670.765583455446176, 3768153.997865629848093 ], [ 692669.645061742747203, 3768105.378162754233927 ], [ 692658.697921774117276, 3768084.897504387423396 ] ] ], [ [ [ 693345.770133643876761, 3766410.591955618467182 ], [ 693317.485862396424636, 3766398.876226866152138 ], [ 693289.201591148972511, 3766410.591955618467182 ], [ 693277.485862396424636, 3766438.876226866152138 ], [ 693289.201591148972511, 3766467.160498113837093 ], [ 693317.485862396424636, 3766478.876226866152138 ], [ 693345.770133643876761, 3766467.160498113837093 ], [ 693357.485862396424636, 3766438.876226866152138 ], [ 693345.770133643876761, 3766410.591955618467182 ] ] ], [ [ [ 692903.48180574644357, 3766903.00608768267557 ], [ 692867.39392161834985, 3766892.058947714045644 ], [ 692838.242353198584169, 3766915.983021635562181 ], [ 692826.826231902115978, 3766956.806678598746657 ], [ 692829.809108621673658, 3766984.407217116560787 ], [ 692853.733182543190196, 3767013.558785536326468 ], [ 692884.347857132321224, 3767013.558785536326468 ], [ 692905.995701138162985, 3766991.910941530484706 ], [ 692915.197534498991445, 3766931.290358930360526 ], [ 692903.48180574644357, 3766903.00608768267557 ] ] ], [ [ [ 693204.383815700537525, 3766924.997880607843399 ], [ 693168.295931572443806, 3766914.050740639213473 ], [ 693140.822693879134022, 3766934.426282382570207 ], [ 693133.099530272069387, 3766979.991678564809263 ], [ 693117.66182284639217, 3767011.515384024009109 ], [ 693124.403038354241289, 3767033.738193344790488 ], [ 693138.805953373317607, 3767046.792234597727656 ], [ 693169.273209936567582, 3767049.79299745336175 ], [ 693192.938673420343548, 3767030.371253496967256 ], [ 693195.69410761015024, 3766999.218349246308208 ], [ 693215.906933519989252, 3766957.202837468590587 ], [ 693204.383815700537525, 3766924.997880607843399 ] ] ], [ [ [ 693164.45135713997297, 3767072.069593563210219 ], [ 693128.36347301187925, 3767061.122453594580293 ], [ 693099.211904592113569, 3767085.04652751609683 ], [ 693095.931466498062946, 3767130.148050849791616 ], [ 693077.292666362249292, 3767158.112195732537657 ], [ 693070.322864486137405, 3767188.072672676295042 ], [ 693077.064079993986525, 3767210.295481997076422 ], [ 693095.015527191571891, 3767225.027853976935148 ], [ 693125.630201780702919, 3767225.027853976935148 ], [ 693147.278045786544681, 3767203.380009971093386 ], [ 693175.974474959424697, 3767104.274550423957407 ], [ 693164.45135713997297, 3767072.069593563210219 ] ] ], [ [ [ 693339.17849399568513, 3767213.838415437843651 ], [ 693303.591159942676313, 3767298.181054457090795 ], [ 693295.279191370587796, 3767342.095422877464443 ], [ 693266.428721740609035, 3767377.453163712285459 ], [ 693260.725477512110956, 3767423.3367750053294 ], [ 693219.126627415884286, 3767531.121370487380773 ], [ 693225.099254139815457, 3767561.147792689036578 ], [ 693250.554425751324743, 3767578.15639458457008 ], [ 693273.665375926531851, 3767575.880164668895304 ], [ 693293.634889205917716, 3767557.780852841213346 ], [ 693335.552476978162304, 3767451.113481388892978 ], [ 693342.055310677969828, 3767407.854962115176022 ], [ 693369.954875751165673, 3767370.571166381705552 ], [ 693381.394341843901202, 3767315.613007288426161 ], [ 693405.44859164825175, 3767269.930825579445809 ], [ 693473.920578379998915, 3767079.75587069010362 ], [ 693472.598146251169965, 3767052.837146305013448 ], [ 693457.865774271544069, 3767034.885699107777327 ], [ 693427.839352070121095, 3767028.91307238349691 ], [ 693402.384180458611809, 3767045.921674279030412 ], [ 693339.17849399568513, 3767213.838415437843651 ] ] ], [ [ [ 692921.644057353259996, 3767983.962035785894841 ], [ 692893.359786105807871, 3767972.246307033579797 ], [ 692865.075514858355746, 3767983.962035785894841 ], [ 692853.359786105807871, 3768012.246307033579797 ], [ 692865.075514858355746, 3768040.530578281264752 ], [ 692893.359786105807871, 3768052.246307033579797 ], [ 692921.644057353259996, 3768040.530578281264752 ], [ 692933.359786105807871, 3768012.246307033579797 ], [ 692921.644057353259996, 3767983.962035785894841 ] ] ], [ [ [ 693697.100683929747902, 3767205.516876545734704 ], [ 693664.895727069117129, 3767193.993758726399392 ], [ 693635.557628190144897, 3767211.578338472638279 ], [ 693571.390429612249136, 3767328.855173905845731 ], [ 693572.712861741078086, 3767355.773898290935904 ], [ 693587.445233720703982, 3767373.725345488172024 ], [ 693624.975380336050875, 3767377.421742296777666 ], [ 693651.811087369569577, 3767350.217573235277086 ], [ 693707.094026111532003, 3767245.412534883711487 ], [ 693708.047823898377828, 3767225.997534912545234 ], [ 693697.100683929747902, 3767205.516876545734704 ] ] ], [ [ [ 693787.212425896432251, 3767337.410757375881076 ], [ 693732.202558992197737, 3767405.621277377940714 ], [ 693738.175185716128908, 3767435.647699579596519 ], [ 693763.630357327638194, 3767452.656301475130022 ], [ 693786.741307502845302, 3767450.380071559455246 ], [ 693809.751871306914836, 3767435.64747915090993 ], [ 693855.276571333524771, 3767380.77505967952311 ], [ 693891.048971944139339, 3767354.658542103599757 ], [ 693922.034819011227228, 3767304.950856954790652 ], [ 693961.815073261852376, 3767264.260480183642358 ], [ 693966.34561175480485, 3767241.483925097621977 ], [ 693959.797007180051878, 3767223.18180138990283 ], [ 693934.341835568542592, 3767206.173199494369328 ], [ 693904.315413367119618, 3767212.145826218649745 ], [ 693862.501827366184443, 3767251.653080068528652 ], [ 693834.111686555785127, 3767298.943484298884869 ], [ 693787.212425896432251, 3767337.410757375881076 ] ] ], [ [ [ 693476.775178418960422, 3768296.046356169506907 ], [ 693388.925630557001568, 3768307.704039978329092 ], [ 693371.917028661700897, 3768333.159211589489132 ], [ 693377.889655385632068, 3768363.185633791144937 ], [ 693411.148439877782948, 3768380.962824470363557 ], [ 693437.528189876116812, 3768370.973253160249442 ], [ 693521.610809713019989, 3768374.920713243540376 ], [ 693545.974395347293466, 3768363.397595424205065 ], [ 693557.690124099841341, 3768335.113324176520109 ], [ 693545.974395347293466, 3768306.829052928835154 ], [ 693525.493736980482936, 3768295.881912960205227 ], [ 693476.775178418960422, 3768296.046356169506907 ] ] ], [ [ [ 693649.419348286697641, 3768549.323739152867347 ], [ 693631.467901089112274, 3768564.056111132726073 ], [ 693624.919296514359303, 3768590.199606066569686 ], [ 693633.806267446721904, 3768611.654651820193976 ], [ 693653.115298491087742, 3768624.556533882860094 ], [ 693805.518175801727921, 3768635.529865701682866 ], [ 693826.97322155511938, 3768626.642894769087434 ], [ 693839.875103617785498, 3768607.333863724954426 ], [ 693836.874340762500651, 3768576.866607161704451 ], [ 693813.208877278724685, 3768557.444863205309957 ], [ 693649.419348286697641, 3768549.323739152867347 ] ] ], [ [ [ 693637.970123568200506, 3769953.046261142473668 ], [ 693608.818555148434825, 3769976.970335063990206 ], [ 693610.496885874890722, 3770011.133541831746697 ], [ 693634.162349358666688, 3770030.555285788141191 ], [ 693679.819819065276533, 3770030.295472345780581 ], [ 693699.241563021438196, 3770006.630008862353861 ], [ 693696.240800166153349, 3769976.162752299103886 ], [ 693676.271286886767484, 3769958.063440471421927 ], [ 693637.970123568200506, 3769953.046261142473668 ] ] ], [ [ [ 694017.795096763409674, 3766622.769294177182019 ], [ 693989.510825515957549, 3766611.053565424866974 ], [ 693961.226554268505424, 3766622.769294177182019 ], [ 693949.510825515957549, 3766651.053565424866974 ], [ 693961.226554268505424, 3766679.33783667255193 ], [ 693989.510825515957549, 3766691.053565424866974 ], [ 694017.795096763409674, 3766679.33783667255193 ], [ 694029.510825515957549, 3766651.053565424866974 ], [ 694017.795096763409674, 3766622.769294177182019 ] ] ], [ [ [ 694208.851809079875238, 3767401.14525080518797 ], [ 694174.010705332155339, 3767386.713593104854226 ], [ 694115.188235132023692, 3767414.496577725745738 ], [ 694088.152929022093304, 3767441.537585605401546 ], [ 694091.849325830349699, 3767479.06773222098127 ], [ 694109.800773027935065, 3767493.800104200839996 ], [ 694129.028795935679227, 3767496.652311967220157 ], [ 694188.33569582097698, 3767469.705201032105833 ], [ 694216.209004374570213, 3767438.132369262166321 ], [ 694208.851809079875238, 3767401.14525080518797 ] ] ], [ [ [ 693981.99883210810367, 3767527.995665908325464 ], [ 693961.51817374129314, 3767517.048525939695537 ], [ 693942.103173770476133, 3767518.002323726657778 ], [ 693863.883479036856443, 3767566.061827453318983 ], [ 693849.451821336522698, 3767593.061559974681586 ], [ 693858.3387922688853, 3767622.357976954430342 ], [ 693877.647823313251138, 3767635.25985901709646 ], [ 693900.870597493601963, 3767635.25985901709646 ], [ 693979.090292227221653, 3767587.200355290435255 ], [ 693993.521949927555397, 3767560.200622769072652 ], [ 693981.99883210810367, 3767527.995665908325464 ] ] ], [ [ [ 694224.288945671520196, 3767671.177737334277481 ], [ 694092.7472823910648, 3767710.596592889167368 ], [ 694054.418305301340297, 3767729.166791641153395 ], [ 694037.409703406039625, 3767754.621963252313435 ], [ 694043.382330129970796, 3767784.64838545396924 ], [ 694061.333777327556163, 3767799.380757433827966 ], [ 694084.444727502763271, 3767801.656987349502742 ], [ 694177.889218424563296, 3767765.974725709296763 ], [ 694223.012623479356989, 3767758.560319557320327 ], [ 694240.845368099980988, 3767745.290243973024189 ], [ 694277.210900269099511, 3767741.147254046984017 ], [ 694305.205323200090788, 3767728.047478356864303 ], [ 694336.731727743754163, 3767727.27196347899735 ], [ 694366.712887001805939, 3767709.282106867991388 ], [ 694448.128297010436654, 3767686.918959217146039 ], [ 694462.86066899006255, 3767668.967512019909918 ], [ 694465.712876756559126, 3767649.739489112049341 ], [ 694451.281219056225382, 3767622.739756590686738 ], [ 694421.984802076476626, 3767613.852785658091307 ], [ 694224.288945671520196, 3767671.177737334277481 ] ] ], [ [ [ 693822.481454745284282, 3768832.175094598438591 ], [ 693800.258645424502902, 3768838.916310106404126 ], [ 693784.203841316048056, 3768860.563707508146763 ], [ 693785.526273444877006, 3768887.482431893236935 ], [ 693800.258645424502902, 3768905.433879090473056 ], [ 693882.889454628224485, 3768920.415553813800216 ], [ 693913.642207578988746, 3768915.818734148982912 ], [ 693931.593654776574112, 3768901.086362169124186 ], [ 693937.566281500505283, 3768871.059939967468381 ], [ 693920.557679605204612, 3768845.604768356308341 ], [ 693822.481454745284282, 3768832.175094598438591 ] ] ], [ [ [ 693929.497847449732944, 3769137.625575625803322 ], [ 693901.213576202280819, 3769125.909846873488277 ], [ 693872.929304954828694, 3769137.625575625803322 ], [ 693861.213576202280819, 3769165.909846873488277 ], [ 693872.929304954828694, 3769194.194118121173233 ], [ 693901.213576202280819, 3769205.909846873488277 ], [ 693929.497847449732944, 3769194.194118121173233 ], [ 693941.213576202280819, 3769165.909846873488277 ], [ 693929.497847449732944, 3769137.625575625803322 ] ] ], [ [ [ 694240.932807087898254, 3770503.970254791434854 ], [ 694218.709997767116874, 3770497.229039283469319 ], [ 694196.487188446335495, 3770503.970254791434854 ], [ 694181.754816466709599, 3770521.921701988670975 ], [ 694178.902608700213023, 3770541.149724896531552 ], [ 694196.487188446335495, 3770570.487823775503784 ], [ 694249.806762552703731, 3770591.387559753376991 ], [ 694276.806495074066333, 3770576.955902053043246 ], [ 694285.693466006428935, 3770547.659485073294491 ], [ 694274.170348186977208, 3770523.295899438671768 ], [ 694240.932807087898254, 3770503.970254791434854 ] ] ], [ [ [ 694827.232927403878421, 3767041.044726185500622 ], [ 694798.948656156426296, 3767029.328997433185577 ], [ 694770.664384908974171, 3767041.044726185500622 ], [ 694758.948656156426296, 3767069.328997433185577 ], [ 694770.664384908974171, 3767097.613268680870533 ], [ 694798.948656156426296, 3767109.328997433185577 ], [ 694827.232927403878421, 3767097.613268680870533 ], [ 694838.948656156426296, 3767069.328997433185577 ], [ 694827.232927403878421, 3767041.044726185500622 ] ] ], [ [ [ 694481.742529235081747, 3767931.767549318261445 ], [ 694451.339416036382318, 3767942.86495177121833 ], [ 694377.52683180232998, 3767944.021268991753459 ], [ 694290.892617862438783, 3767959.280653479043394 ], [ 694269.244773856597021, 3767980.928497484885156 ], [ 694269.244773856597021, 3768011.543172074481845 ], [ 694283.977145836222917, 3768029.494619271717966 ], [ 694310.120640770182945, 3768036.043223846703768 ], [ 694379.978035113308579, 3768023.756467022467405 ], [ 694465.930214893771335, 3768021.478546892292798 ], [ 694508.001034729997627, 3768005.606631358619779 ], [ 694544.70661534240935, 3768006.186168930027634 ], [ 694566.354012744384818, 3767990.131364821456373 ], [ 694572.326639468315989, 3767960.104942619800568 ], [ 694555.318037573015317, 3767934.649771008640528 ], [ 694517.466128387721255, 3767926.092439813073725 ], [ 694481.742529235081747, 3767931.767549318261445 ] ] ], [ [ [ 694496.017270458163694, 3768258.11734027788043 ], [ 694470.673476247931831, 3768281.087616412434727 ], [ 694474.369873056188226, 3768318.617763028014451 ], [ 694488.772788075264543, 3768331.671804280951619 ], [ 694515.31486976519227, 3768339.158709501381963 ], [ 694545.341291966615245, 3768333.186082777101547 ], [ 694562.349893861915916, 3768307.730911165941507 ], [ 694556.377267137984745, 3768277.704488964285702 ], [ 694534.729869736009277, 3768261.64968485571444 ], [ 694496.017270458163694, 3768258.11734027788043 ] ] ], [ [ [ 695522.072253750520758, 3768639.991037655621767 ], [ 695495.072521229158156, 3768625.559379955288023 ], [ 695465.7761042494094, 3768634.446350887883455 ], [ 695451.344446549075656, 3768661.446083409246057 ], [ 695460.231417481438257, 3768690.742500388994813 ], [ 695487.23115000280086, 3768705.174158089328557 ], [ 695516.527566982549615, 3768696.287187156733125 ], [ 695530.959224682883359, 3768669.287454635370523 ], [ 695522.072253750520758, 3768639.991037655621767 ] ] ], [ [ [ 695516.537120047258213, 3769033.494022269267589 ], [ 695488.252848799806088, 3769021.778293516952544 ], [ 695459.968577552353963, 3769033.494022269267589 ], [ 695448.252848799806088, 3769061.778293516952544 ], [ 695459.968577552353963, 3769090.0625647646375 ], [ 695488.252848799806088, 3769101.778293516952544 ], [ 695516.537120047258213, 3769090.0625647646375 ], [ 695528.252848799806088, 3769061.778293516952544 ], [ 695516.537120047258213, 3769033.494022269267589 ] ] ], [ [ [ 695251.111623542383313, 3770153.300851457286626 ], [ 695222.827352294931188, 3770141.585122704971582 ], [ 695194.543081047479063, 3770153.300851457286626 ], [ 695182.827352294931188, 3770181.585122704971582 ], [ 695194.543081047479063, 3770209.869393952656537 ], [ 695222.827352294931188, 3770221.585122704971582 ], [ 695251.111623542383313, 3770209.869393952656537 ], [ 695262.827352294931188, 3770181.585122704971582 ], [ 695251.111623542383313, 3770153.300851457286626 ] ] ], [ [ [ 694330.552400511689484, 3770196.10049614822492 ], [ 694297.293616019538604, 3770213.87768682744354 ], [ 694290.745011444785632, 3770232.179810535162687 ], [ 694295.275549937738106, 3770254.956365621183068 ], [ 694342.621241869870573, 3770287.219904097728431 ], [ 694376.78444863751065, 3770285.541573370806873 ], [ 694396.206192593672313, 3770261.876109887380153 ], [ 694393.205429738387465, 3770231.408853324130177 ], [ 694376.78444863751065, 3770214.987872223369777 ], [ 694330.552400511689484, 3770196.10049614822492 ] ] ] ] } },
{ "type": "Feature", "properties": { "depth_bin": "255-260" }, "geometry": { "type": "MultiPolygon", "coordinates": [ [ [ [ 691385.79285166610498, 3766163.367746901232749 ], [ 691360.337680054595694, 3766146.359145005699247 ], [ 691330.311257853172719, 3766152.331771729979664 ], [ 691313.302655957872048, 3766177.786943341139704 ], [ 691319.275282681803219, 3766207.813365542795509 ], [ 691344.730454293312505, 3766224.821967438329011 ], [ 691374.756876494735479, 3766218.849340714048594 ], [ 691391.765478390036151, 3766193.394169102888554 ], [ 691385.79285166610498, 3766163.367746901232749 ] ] ], [ [ [ 691710.306792406365275, 3766198.301272324286401 ], [ 691684.85162079485599, 3766181.292670428752899 ], [ 691654.825198593433015, 3766187.265297153033316 ], [ 691637.816596698132344, 3766212.720468764193356 ], [ 691643.789223422063515, 3766242.746890965849161 ], [ 691669.2443950335728, 3766259.755492861382663 ], [ 691699.270817234995775, 3766253.782866137102246 ], [ 691716.279419130296446, 3766228.327694525942206 ], [ 691710.306792406365275, 3766198.301272324286401 ] ] ], [ [ [ 692694.87460222444497, 3766238.870459891855717 ], [ 692669.419430612935685, 3766221.861857996322215 ], [ 692639.39300841151271, 3766227.834484720602632 ], [ 692622.384406516212039, 3766253.289656331762671 ], [ 692628.35703324014321, 3766283.316078533418477 ], [ 692653.812204851652496, 3766300.324680428951979 ], [ 692683.83862705307547, 3766294.352053704671562 ], [ 692700.847228948376141, 3766268.896882093511522 ], [ 692694.87460222444497, 3766238.870459891855717 ] ] ], [ [ [ 693033.29576499783434, 3766280.124898134730756 ], [ 693007.840593386325054, 3766263.116296239197254 ], [ 692977.814171184902079, 3766269.088922963477671 ], [ 692960.805569289601408, 3766294.544094574637711 ], [ 692966.778196013532579, 3766324.570516776293516 ], [ 692992.233367625041865, 3766341.579118671827018 ], [ 693022.259789826464839, 3766335.606491947546601 ], [ 693039.268391721765511, 3766310.151320336386561 ], [ 693033.29576499783434, 3766280.124898134730756 ] ] ], [ [ [ 692292.920029191183858, 3766751.922217721119523 ], [ 692274.968581993598491, 3766737.189845741260797 ], [ 692251.857631818391383, 3766734.913615825586021 ], [ 692231.376973451580852, 3766745.860755794215947 ], [ 692221.383631269796751, 3766762.533639951609075 ], [ 692215.196055896929465, 3766804.381002552807331 ], [ 692219.749952542013489, 3766822.879017087165266 ], [ 692209.488813553820364, 3766845.850223648361862 ], [ 692210.160237155738287, 3766899.780230360571295 ], [ 692219.047208088100888, 3766921.235276114195585 ], [ 692238.356239132466726, 3766934.137158176861703 ], [ 692268.823495695716701, 3766931.13639532122761 ], [ 692288.245239651878364, 3766907.47093183780089 ], [ 692292.53727956302464, 3766880.9119568397291 ], [ 692284.742305975640193, 3766831.272894727066159 ], [ 692299.661244699032977, 3766774.145027041900903 ], [ 692292.920029191183858, 3766751.922217721119523 ] ] ], [ [ [ 690381.495160773396492, 3766858.043069771956652 ], [ 690356.039989161887206, 3766841.03446787642315 ], [ 690326.013566960464232, 3766847.007094600703567 ], [ 690309.00496506516356, 3766872.462266211863607 ], [ 690314.977591789094731, 3766902.488688413519412 ], [ 690340.432763400604017, 3766919.497290309052914 ], [ 690370.459185602026992, 3766913.524663584772497 ], [ 690387.467787497327663, 3766888.069491973612458 ], [ 690381.495160773396492, 3766858.043069771956652 ] ] ], [ [ [ 693199.465220076497644, 3766960.013582142535597 ], [ 693181.513772878912278, 3766945.281210162676871 ], [ 693162.285749971168116, 3766942.42900239629671 ], [ 693143.983626263565384, 3766948.977606971282512 ], [ 693129.251254283939488, 3766966.929054168518633 ], [ 693101.157227838994004, 3767077.987169764470309 ], [ 693102.690373207209632, 3767099.021337755490094 ], [ 693084.245380323496647, 3767140.536227059084922 ], [ 693090.793984898249619, 3767166.679721992928535 ], [ 693108.745432095834985, 3767181.412093972787261 ], [ 693139.360106684966013, 3767181.412093972787261 ], [ 693161.007950690807775, 3767159.764249966945499 ], [ 693165.929524677223526, 3767116.561513687949628 ], [ 693183.609380648937076, 3767082.882198462728411 ], [ 693203.450362969655544, 3767005.231437943410128 ], [ 693199.465220076497644, 3766960.013582142535597 ] ] ], [ [ [ 689787.758899011649191, 3766973.655618185643107 ], [ 689762.303727400139906, 3766956.647016290109605 ], [ 689732.277305198716931, 3766962.619643014390022 ], [ 689715.26870330341626, 3766988.074814625550061 ], [ 689721.241330027347431, 3767018.101236827205867 ], [ 689746.696501638856716, 3767035.109838722739369 ], [ 689776.722923840279691, 3767029.137211998458952 ], [ 689793.731525735580362, 3767003.682040387298912 ], [ 689787.758899011649191, 3766973.655618185643107 ] ] ], [ [ [ 692831.620768254157156, 3767285.19558816915378 ], [ 692802.282669375184923, 3767267.611008422914892 ], [ 692767.441565627465025, 3767282.042666123248637 ], [ 692749.959842305746861, 3767336.960228422656655 ], [ 692764.584110939176753, 3767367.880646557081491 ], [ 692793.880527918925509, 3767376.767617489676923 ], [ 692820.880260440288112, 3767362.335959789343178 ], [ 692836.496852695243433, 3767326.608815839979798 ], [ 692831.620768254157156, 3767285.19558816915378 ] ] ], [ [ [ 693348.683862001518719, 3766402.262056145817041 ], [ 693321.684129480156116, 3766387.830398445483297 ], [ 693292.38771250040736, 3766396.717369378078729 ], [ 693277.956054800073616, 3766423.717101899441332 ], [ 693286.843025732436217, 3766453.013518879190087 ], [ 693313.84275825379882, 3766467.445176579523832 ], [ 693343.139175233547576, 3766458.5582056469284 ], [ 693357.57083293388132, 3766431.558473125565797 ], [ 693348.683862001518719, 3766402.262056145817041 ] ] ], [ [ [ 693675.490987645811401, 3766502.644787857308984 ], [ 693648.491255124448799, 3766488.21313015697524 ], [ 693619.194838144700043, 3766497.100101089570671 ], [ 693604.763180444366299, 3766524.099833610933274 ], [ 693613.6501513767289, 3766553.39625059068203 ], [ 693640.649883898091502, 3766567.827908291015774 ], [ 693669.946300877840258, 3766558.940937358420342 ], [ 693684.377958578174002, 3766531.941204837057739 ], [ 693675.490987645811401, 3766502.644787857308984 ] ] ], [ [ [ 693474.789670043857768, 3768314.314628468360752 ], [ 693449.334498432348482, 3768297.30602657282725 ], [ 693407.444846348720603, 3768303.211507097352296 ], [ 693388.02310239255894, 3768326.876970580779016 ], [ 693391.023865247843787, 3768357.344227144028991 ], [ 693418.497102941153571, 3768377.719768887385726 ], [ 693460.386755024781451, 3768371.81428836286068 ], [ 693480.762296767788939, 3768344.341050670016557 ], [ 693474.789670043857768, 3768314.314628468360752 ] ] ], [ [ [ 693478.040776973823085, 3768540.762387632392347 ], [ 693453.677191339549609, 3768552.285505451727659 ], [ 693442.154073520097882, 3768576.649091086350381 ], [ 693448.702678094850853, 3768602.792586020193994 ], [ 693470.350075496826321, 3768618.847390128765255 ], [ 693653.170799146406353, 3768630.235508221201599 ], [ 693674.625844899797812, 3768621.348537288606167 ], [ 693687.52772696246393, 3768602.039506244473159 ], [ 693684.526964107179083, 3768571.572249681223184 ], [ 693660.861500623403117, 3768552.15050572482869 ], [ 693478.040776973823085, 3768540.762387632392347 ] ] ], [ [ [ 693690.469780893879943, 3768812.885774358175695 ], [ 693664.326285959919915, 3768819.434378933161497 ], [ 693648.271481851465069, 3768841.081776334904134 ], [ 693649.593913980294019, 3768868.000500719994307 ], [ 693667.693225807626732, 3768887.97001399891451 ], [ 693807.361419150489382, 3768910.716812734492123 ], [ 693829.584228471270762, 3768903.975597226526588 ], [ 693842.638269724440761, 3768889.572682207450271 ], [ 693845.639032579725608, 3768859.105425644200295 ], [ 693826.217288623563945, 3768835.439962160773575 ], [ 693690.469780893879943, 3768812.885774358175695 ] ] ], [ [ [ 693664.802511921734549, 3769964.405524383764714 ], [ 693639.347340310225263, 3769947.396922488231212 ], [ 693609.320918108802289, 3769953.369549212511629 ], [ 693592.312316213501617, 3769978.824720823671669 ], [ 693598.284942937432788, 3770008.851143025327474 ], [ 693623.740114548942074, 3770025.859744920860976 ], [ 693653.766536750365049, 3770019.887118196580559 ], [ 693670.77513864566572, 3769994.431946585420519 ], [ 693664.802511921734549, 3769964.405524383764714 ] ] ], [ [ [ 694393.346193246776238, 3766752.321847791783512 ], [ 694367.891021635266952, 3766735.31324589625001 ], [ 694337.864599433843978, 3766741.285872620530427 ], [ 694320.855997538543306, 3766766.741044231690466 ], [ 694326.828624262474477, 3766796.767466433346272 ], [ 694352.283795873983763, 3766813.776068328879774 ], [ 694382.310218075406738, 3766807.803441604599357 ], [ 694399.318819970707409, 3766782.348269993439317 ], [ 694393.346193246776238, 3766752.321847791783512 ] ] ], [ [ [ 694841.360922004911117, 3767039.404321894049644 ], [ 694815.905750393401831, 3767022.395719998516142 ], [ 694785.879328191978857, 3767028.368346722796559 ], [ 694768.870726296678185, 3767053.823518333956599 ], [ 694774.843353020609356, 3767083.849940535612404 ], [ 694800.298524632118642, 3767100.858542431145906 ], [ 694830.324946833541617, 3767094.885915706865489 ], [ 694847.333548728842288, 3767069.43074409570545 ], [ 694841.360922004911117, 3767039.404321894049644 ] ] ], [ [ [ 694143.950532076298259, 3767441.171367479488254 ], [ 694124.641501031932421, 3767428.269485416822135 ], [ 694101.418726851581596, 3767428.269485416822135 ], [ 694049.927183652296662, 3767461.768377683125436 ], [ 693981.63267846906092, 3767488.090072686783969 ], [ 693932.81269443128258, 3767531.78244367800653 ], [ 693928.282155938330106, 3767554.55899876402691 ], [ 693934.830760513083078, 3767572.861122471746057 ], [ 693952.782207710668445, 3767587.593494451604784 ], [ 693979.700932095409371, 3767588.915926580317318 ], [ 694005.003730863681994, 3767578.867470856755972 ], [ 694029.962406731792726, 3767553.618783629033715 ], [ 694110.913512774044648, 3767518.528466803953052 ], [ 694149.985295242164284, 3767481.854436140973121 ], [ 694152.83750300866086, 3767462.626413233112544 ], [ 694143.950532076298259, 3767441.171367479488254 ] ] ], [ [ [ 694268.266517075826414, 3767684.554590131156147 ], [ 694242.811345464317128, 3767667.545988235622644 ], [ 694212.784923262894154, 3767673.518614959903061 ], [ 694195.776321367593482, 3767698.973786571063101 ], [ 694201.748948091524653, 3767729.000208772718906 ], [ 694227.204119703033939, 3767746.008810668252409 ], [ 694257.230541904456913, 3767740.036183943971992 ], [ 694274.239143799757585, 3767714.581012332811952 ], [ 694268.266517075826414, 3767684.554590131156147 ] ] ], [ [ [ 695319.047001988277771, 3767841.783776596188545 ], [ 695293.591830376768485, 3767824.775174700655043 ], [ 695254.294398524332792, 3767831.718096330761909 ], [ 695234.872654568171129, 3767855.383559814188629 ], [ 695237.873417423455976, 3767885.850816377438605 ], [ 695265.34665511676576, 3767906.226358120795339 ], [ 695304.644086969201453, 3767899.283436490688473 ], [ 695325.019628712208942, 3767871.81019879784435 ], [ 695319.047001988277771, 3767841.783776596188545 ] ] ], [ [ [ 693871.544596301042475, 3769118.873182571493089 ], [ 693840.624178166501224, 3769133.497451204806566 ], [ 693833.266982871806249, 3769170.484569661784917 ], [ 693852.688726827967912, 3769194.150033145211637 ], [ 693897.62300283589866, 3769202.601962812244892 ], [ 693921.288466319674626, 3769183.180218855850399 ], [ 693924.289229174959473, 3769152.712962292600423 ], [ 693908.234425066504627, 3769131.065564890857786 ], [ 693871.544596301042475, 3769118.873182571493089 ] ] ], [ [ [ 694261.558928949641995, 3770523.443626962136477 ], [ 694234.559196428279392, 3770509.011969261802733 ], [ 694205.262779448530637, 3770517.898940194398165 ], [ 694190.831121748196892, 3770544.898672715760767 ], [ 694199.718092680559494, 3770574.195089695509523 ], [ 694226.717825201922096, 3770588.626747395843267 ], [ 694256.014242181670852, 3770579.739776463247836 ], [ 694270.445899882004596, 3770552.740043941885233 ], [ 694261.558928949641995, 3770523.443626962136477 ] ] ] ] } },
{ "type": "Feature", "properties": { "depth_bin": "260-265" }, "geometry": { "type": "MultiPolygon", "coordinates": [ [ [ [ 691390.658752200193703, 3766187.732235525269061 ], [ 691373.650150304893032, 3766162.277063914109021 ], [ 691343.623728103470057, 3766156.304437189828604 ], [ 691318.168556491960771, 3766173.313039085362107 ], [ 691312.1959297680296, 3766203.339461287017912 ], [ 691329.204531663330272, 3766228.794632898177952 ], [ 691359.230953864753246, 3766234.767259622458369 ], [ 691384.686125476262532, 3766217.758657726924866 ], [ 691390.658752200193703, 3766187.732235525269061 ] ] ], [ [ [ 692037.476991108618677, 3766221.761904798448086 ], [ 692020.468389213318005, 3766196.306733187288046 ], [ 691990.441967011895031, 3766190.334106463007629 ], [ 691964.986795400385745, 3766207.342708358541131 ], [ 691959.014168676454574, 3766237.369130560196936 ], [ 691976.022770571755245, 3766262.824302171356976 ], [ 692006.04919277317822, 3766268.796928895637393 ], [ 692031.504364384687506, 3766251.788327000103891 ], [ 692037.476991108618677, 3766221.761904798448086 ] ] ], [ [ [ 692704.139130267663859, 3766225.834485365543514 ], [ 692680.215056346147321, 3766196.682916945777833 ], [ 692646.051849578507245, 3766198.361247672699392 ], [ 692626.630105622345582, 3766222.026711156126112 ], [ 692628.179343779804185, 3766264.787426339462399 ], [ 692651.844807263580151, 3766284.209170295856893 ], [ 692682.312063826830126, 3766281.2084074402228 ], [ 692700.411375654162839, 3766261.238894161302596 ], [ 692704.139130267663859, 3766225.834485365543514 ] ] ], [ [ [ 693356.166001317906193, 3766403.972847591619939 ], [ 693336.74425736174453, 3766380.307384108193219 ], [ 693306.277000798494555, 3766377.306621252559125 ], [ 693282.611537314718589, 3766396.728365208953619 ], [ 693279.610774459433742, 3766427.195621772203594 ], [ 693299.032518415595405, 3766450.861085255630314 ], [ 693329.49977497884538, 3766453.861848111264408 ], [ 693353.165238462621346, 3766434.440104154869914 ], [ 693356.166001317906193, 3766403.972847591619939 ] ] ] ] } }
]
}
